dataset,mode,seed,final_best,best_so_far_auc,simple_regret,top10_hit,split,selected_source_mode
real_buchwald_hartwig,fixed_scale_ensemble_0p5_1_1p5_2_3_4,500,86.6896,79.5524,13.3104,0,calibration,
real_buchwald_hartwig,gp_ucb,500,86.6896,83.121,13.3104,0,calibration,
real_buchwald_hartwig,llm_evolved_kernel_conservative_patch_1_refined,500,86.6896,79.5524,13.3104,0,calibration,
real_buchwald_hartwig,llm_evolved_kernel_counter_hypothesis_patch_refined,500,88.4464,79.9038,11.5536,0,calibration,
real_buchwald_hartwig,llm_evolved_kernel_exploration_patch_1_refined,500,80.5886,77.8152,19.4114,0,calibration,
real_buchwald_hartwig,llm_evolved_kernel_high_confidence_patch_refined,500,86.6896,83.121,13.3104,0,calibration,
real_buchwald_hartwig,llm_evolved_kernel_multi_scale_ensemble_patch_refined,500,86.6896,79.5524,13.3104,0,calibration,
real_buchwald_hartwig,llm_evolved_kernel_safety_anchor_patch_refined,500,86.6896,83.121,13.3104,0,calibration,
real_buchwald_hartwig,mixed_kernel_gp_ei,500,82.4636,77.9323,17.5364,0,calibration,
real_buchwald_hartwig,target_acquisition_portfolio,500,90.9905,83.8884,9.0095,0,calibration,
real_buchwald_hartwig,fixed_scale_ensemble_0p5_1_1p5_2_3_4,501,98.7313,96.0353,1.2687,1,calibration,
real_buchwald_hartwig,gp_ucb,501,95.129,95.0792,4.871,0,calibration,
real_buchwald_hartwig,llm_evolved_kernel_conservative_patch_1_refined,501,98.7313,96.4205,1.2687,1,calibration,
real_buchwald_hartwig,llm_evolved_kernel_counter_hypothesis_patch_refined,501,98.7313,96.0353,1.2687,1,calibration,
real_buchwald_hartwig,llm_evolved_kernel_exploration_patch_1_refined,501,94.8799,94.8799,5.1201,0,calibration,
real_buchwald_hartwig,llm_evolved_kernel_high_confidence_patch_refined,501,98.7313,97.1907,1.2687,1,calibration,
real_buchwald_hartwig,llm_evolved_kernel_multi_scale_ensemble_patch_refined,501,98.7313,96.0353,1.2687,1,calibration,
real_buchwald_hartwig,llm_evolved_kernel_safety_anchor_patch_refined,501,98.7313,96.0353,1.2687,1,calibration,
real_buchwald_hartwig,mixed_kernel_gp_ei,501,95.129,95.0792,4.871,0,calibration,
real_buchwald_hartwig,target_acquisition_portfolio,501,94.8799,94.8799,5.1201,0,calibration,
real_buchwald_hartwig,fixed_scale_ensemble_0p5_1_1p5_2_3_4,502,87.9592,85.6501,12.0408,0,calibration,
real_buchwald_hartwig,gp_ucb,502,85.1332,85.054,14.8668,0,calibration,
real_buchwald_hartwig,llm_evolved_kernel_conservative_patch_1_refined,502,92.9567,86.7132,7.0433,0,calibration,
real_buchwald_hartwig,llm_evolved_kernel_counter_hypothesis_patch_refined,502,87.9592,85.3574,12.0408,0,calibration,
real_buchwald_hartwig,llm_evolved_kernel_exploration_patch_1_refined,502,87.9592,86.2153,12.0408,0,calibration,
real_buchwald_hartwig,llm_evolved_kernel_high_confidence_patch_refined,502,87.9592,86.4979,12.0408,0,calibration,
real_buchwald_hartwig,llm_evolved_kernel_multi_scale_ensemble_patch_refined,502,96.5912,88.8357,3.4088,0,calibration,
real_buchwald_hartwig,llm_evolved_kernel_safety_anchor_patch_refined,502,92.9567,86.7132,7.0433,0,calibration,
real_buchwald_hartwig,mixed_kernel_gp_ei,502,87.9592,86.4979,12.0408,0,calibration,
real_buchwald_hartwig,target_acquisition_portfolio,502,92.9567,86.7132,7.0433,0,calibration,
real_buchwald_hartwig,fixed_scale_ensemble_0p5_1_1p5_2_3_4,503,98.2872,78.0259,1.7128,1,calibration,
real_buchwald_hartwig,gp_ucb,503,93.1012,77.5146,6.8988,0,calibration,
real_buchwald_hartwig,llm_evolved_kernel_conservative_patch_1_refined,503,93.1012,77.5146,6.8988,0,calibration,
real_buchwald_hartwig,llm_evolved_kernel_counter_hypothesis_patch_refined,503,98.2872,78.0259,1.7128,1,calibration,
real_buchwald_hartwig,llm_evolved_kernel_exploration_patch_1_refined,503,93.1012,81.1202,6.8988,0,calibration,
real_buchwald_hartwig,llm_evolved_kernel_high_confidence_patch_refined,503,93.1012,77.5146,6.8988,0,calibration,
real_buchwald_hartwig,llm_evolved_kernel_multi_scale_ensemble_patch_refined,503,93.1012,77.5146,6.8988,0,calibration,
real_buchwald_hartwig,llm_evolved_kernel_safety_anchor_patch_refined,503,93.1012,77.5146,6.8988,0,calibration,
real_buchwald_hartwig,mixed_kernel_gp_ei,503,98.2872,78.0259,1.7128,1,calibration,
real_buchwald_hartwig,target_acquisition_portfolio,503,98.2872,78.0259,1.7128,1,calibration,
real_buchwald_hartwig,fixed_scale_ensemble_0p5_1_1p5_2_3_4,504,82.1374,67.0883,17.8626,0,calibration,
real_buchwald_hartwig,gp_ucb,504,82.1374,67.0883,17.8626,0,calibration,
real_buchwald_hartwig,llm_evolved_kernel_conservative_patch_1_refined,504,82.1374,67.0883,17.8626,0,calibration,
real_buchwald_hartwig,llm_evolved_kernel_counter_hypothesis_patch_refined,504,93.4211,63.5809,6.5789,0,calibration,
real_buchwald_hartwig,llm_evolved_kernel_exploration_patch_1_refined,504,94.6911,81.4586,5.3089,0,calibration,
real_buchwald_hartwig,llm_evolved_kernel_high_confidence_patch_refined,504,93.4211,67.7597,6.5789,0,calibration,
real_buchwald_hartwig,llm_evolved_kernel_multi_scale_ensemble_patch_refined,504,98.2872,64.852,1.7128,1,calibration,
real_buchwald_hartwig,llm_evolved_kernel_safety_anchor_patch_refined,504,82.1374,67.0883,17.8626,0,calibration,
real_buchwald_hartwig,mixed_kernel_gp_ei,504,88.1675,66.225,11.8325,0,calibration,
real_buchwald_hartwig,target_acquisition_portfolio,504,86.9711,58.843,13.0289,0,calibration,
real_buchwald_hartwig,fixed_scale_ensemble_0p5_1_1p5_2_3_4,505,94.5498,94.5498,5.4502,0,calibration,
real_buchwald_hartwig,gp_ucb,505,94.5498,94.5498,5.4502,0,calibration,
real_buchwald_hartwig,llm_evolved_kernel_conservative_patch_1_refined,505,94.5498,94.5498,5.4502,0,calibration,
real_buchwald_hartwig,llm_evolved_kernel_counter_hypothesis_patch_refined,505,94.5498,94.5498,5.4502,0,calibration,
real_buchwald_hartwig,llm_evolved_kernel_exploration_patch_1_refined,505,94.5498,94.5498,5.4502,0,calibration,
real_buchwald_hartwig,llm_evolved_kernel_high_confidence_patch_refined,505,94.5498,94.5498,5.4502,0,calibration,
real_buchwald_hartwig,llm_evolved_kernel_multi_scale_ensemble_patch_refined,505,94.5498,94.5498,5.4502,0,calibration,
real_buchwald_hartwig,llm_evolved_kernel_safety_anchor_patch_refined,505,94.5498,94.5498,5.4502,0,calibration,
real_buchwald_hartwig,mixed_kernel_gp_ei,505,94.6911,94.5639,5.3089,0,calibration,
real_buchwald_hartwig,target_acquisition_portfolio,505,94.6911,94.5781,5.3089,0,calibration,
real_buchwald_hartwig,fixed_scale_ensemble_0p5_1_1p5_2_3_4,506,50.2867,44.9819,49.7133,0,calibration,
real_buchwald_hartwig,gp_ucb,506,50.2867,45.2594,49.7133,0,calibration,
real_buchwald_hartwig,llm_evolved_kernel_conservative_patch_1_refined,506,50.2867,45.2594,49.7133,0,calibration,
real_buchwald_hartwig,llm_evolved_kernel_counter_hypothesis_patch_refined,506,50.2867,44.9819,49.7133,0,calibration,
real_buchwald_hartwig,llm_evolved_kernel_exploration_patch_1_refined,506,94.5498,84.9084,5.4502,0,calibration,
real_buchwald_hartwig,llm_evolved_kernel_high_confidence_patch_refined,506,50.2867,44.9819,49.7133,0,calibration,
real_buchwald_hartwig,llm_evolved_kernel_multi_scale_ensemble_patch_refined,506,50.2867,44.9819,49.7133,0,calibration,
real_buchwald_hartwig,llm_evolved_kernel_safety_anchor_patch_refined,506,50.2867,44.9819,49.7133,0,calibration,
real_buchwald_hartwig,mixed_kernel_gp_ei,506,50.2867,45.2594,49.7133,0,calibration,
real_buchwald_hartwig,target_acquisition_portfolio,506,50.2867,44.9819,49.7133,0,calibration,
real_buchwald_hartwig,fixed_scale_ensemble_0p5_1_1p5_2_3_4,507,100.0,93.1821,0.0,1,calibration,
real_buchwald_hartwig,gp_ucb,507,100.0,98.059,0.0,1,calibration,
real_buchwald_hartwig,llm_evolved_kernel_conservative_patch_1_refined,507,100.0,98.9079,0.0,1,calibration,
real_buchwald_hartwig,llm_evolved_kernel_counter_hypothesis_patch_refined,507,80.5828,78.0756,19.4172,0,calibration,
real_buchwald_hartwig,llm_evolved_kernel_exploration_patch_1_refined,507,100.0,98.3022,0.0,1,calibration,
real_buchwald_hartwig,llm_evolved_kernel_high_confidence_patch_refined,507,100.0,98.9079,0.0,1,calibration,
real_buchwald_hartwig,llm_evolved_kernel_multi_scale_ensemble_patch_refined,507,100.0,93.1821,0.0,1,calibration,
real_buchwald_hartwig,llm_evolved_kernel_safety_anchor_patch_refined,507,100.0,98.9079,0.0,1,calibration,
real_buchwald_hartwig,mixed_kernel_gp_ei,507,100.0,97.8159,0.0,1,calibration,
real_buchwald_hartwig,target_acquisition_portfolio,507,100.0,97.8159,0.0,1,calibration,
real_buchwald_hartwig,fixed_scale_ensemble_0p5_1_1p5_2_3_4,508,70.5804,58.8264,29.4196,0,calibration,
real_buchwald_hartwig,gp_ucb,508,94.5498,71.662,5.4502,0,calibration,
real_buchwald_hartwig,llm_evolved_kernel_conservative_patch_1_refined,508,92.659,69.3393,7.341,0,calibration,
real_buchwald_hartwig,llm_evolved_kernel_counter_hypothesis_patch_refined,508,98.2872,72.5025,1.7128,1,calibration,
real_buchwald_hartwig,llm_evolved_kernel_exploration_patch_1_refined,508,52.3137,49.6294,47.6863,0,calibration,
real_buchwald_hartwig,llm_evolved_kernel_high_confidence_patch_refined,508,52.3137,48.1901,47.6863,0,calibration,
real_buchwald_hartwig,llm_evolved_kernel_multi_scale_ensemble_patch_refined,508,70.5804,58.8264,29.4196,0,calibration,
real_buchwald_hartwig,llm_evolved_kernel_safety_anchor_patch_refined,508,98.2872,69.4326,1.7128,1,calibration,
real_buchwald_hartwig,mixed_kernel_gp_ei,508,94.501,59.5174,5.499,0,calibration,
real_buchwald_hartwig,target_acquisition_portfolio,508,98.2872,72.5025,1.7128,1,calibration,
real_buchwald_hartwig,fixed_scale_ensemble_0p5_1_1p5_2_3_4,509,85.4018,78.4793,14.5982,0,calibration,
real_buchwald_hartwig,gp_ucb,509,85.4018,78.4793,14.5982,0,calibration,
real_buchwald_hartwig,llm_evolved_kernel_conservative_patch_1_refined,509,85.4018,78.4793,14.5982,0,calibration,
real_buchwald_hartwig,llm_evolved_kernel_counter_hypothesis_patch_refined,509,97.2929,81.4928,2.7071,0,calibration,
real_buchwald_hartwig,llm_evolved_kernel_exploration_patch_1_refined,509,81.2989,77.2461,18.7011,0,calibration,
real_buchwald_hartwig,llm_evolved_kernel_high_confidence_patch_refined,509,97.2929,82.054,2.7071,0,calibration,
real_buchwald_hartwig,llm_evolved_kernel_multi_scale_ensemble_patch_refined,509,85.4018,78.4793,14.5982,0,calibration,
real_buchwald_hartwig,llm_evolved_kernel_safety_anchor_patch_refined,509,85.4018,78.4793,14.5982,0,calibration,
real_buchwald_hartwig,mixed_kernel_gp_ei,509,92.9142,77.3631,7.0858,0,calibration,
real_buchwald_hartwig,target_acquisition_portfolio,509,97.2929,83.6485,2.7071,0,calibration,
real_buchwald_hartwig,fixed_scale_ensemble_0p5_1_1p5_2_3_4,510,89.6142,84.0656,10.3858,0,calibration,
real_buchwald_hartwig,gp_ucb,510,89.6142,83.5667,10.3858,0,calibration,
real_buchwald_hartwig,llm_evolved_kernel_conservative_patch_1_refined,510,89.6142,84.0656,10.3858,0,calibration,
real_buchwald_hartwig,llm_evolved_kernel_counter_hypothesis_patch_refined,510,89.6142,87.7437,10.3858,0,calibration,
real_buchwald_hartwig,llm_evolved_kernel_exploration_patch_1_refined,510,88.5139,82.8178,11.4861,0,calibration,
real_buchwald_hartwig,llm_evolved_kernel_high_confidence_patch_refined,510,89.6142,83.2477,10.3858,0,calibration,
real_buchwald_hartwig,llm_evolved_kernel_multi_scale_ensemble_patch_refined,510,89.6142,84.0656,10.3858,0,calibration,
real_buchwald_hartwig,llm_evolved_kernel_safety_anchor_patch_refined,510,89.6142,83.2477,10.3858,0,calibration,
real_buchwald_hartwig,mixed_kernel_gp_ei,510,89.6142,83.8787,10.3858,0,calibration,
real_buchwald_hartwig,target_acquisition_portfolio,510,89.6142,83.8787,10.3858,0,calibration,
real_buchwald_hartwig,fixed_scale_ensemble_0p5_1_1p5_2_3_4,511,96.1323,85.6547,3.8677,0,calibration,
real_buchwald_hartwig,gp_ucb,511,96.1323,84.5442,3.8677,0,calibration,
real_buchwald_hartwig,llm_evolved_kernel_conservative_patch_1_refined,511,88.5139,83.6181,11.4861,0,calibration,
real_buchwald_hartwig,llm_evolved_kernel_counter_hypothesis_patch_refined,511,84.6498,84.3385,15.3502,0,calibration,
real_buchwald_hartwig,llm_evolved_kernel_exploration_patch_1_refined,511,76.9865,75.2957,23.0135,0,calibration,
real_buchwald_hartwig,llm_evolved_kernel_high_confidence_patch_refined,511,96.1323,84.3448,3.8677,0,calibration,
real_buchwald_hartwig,llm_evolved_kernel_multi_scale_ensemble_patch_refined,511,96.1323,85.6547,3.8677,0,calibration,
real_buchwald_hartwig,llm_evolved_kernel_safety_anchor_patch_refined,511,96.1323,84.3448,3.8677,0,calibration,
real_buchwald_hartwig,mixed_kernel_gp_ei,511,88.5139,82.9204,11.4861,0,calibration,
real_buchwald_hartwig,target_acquisition_portfolio,511,96.1323,83.0349,3.8677,0,calibration,
real_buchwald_hartwig,fixed_scale_ensemble_0p5_1_1p5_2_3_4,512,63.4288,60.8249,36.5712,0,calibration,
real_buchwald_hartwig,gp_ucb,512,63.4288,61.5329,36.5712,0,calibration,
real_buchwald_hartwig,llm_evolved_kernel_conservative_patch_1_refined,512,63.4288,61.5329,36.5712,0,calibration,
real_buchwald_hartwig,llm_evolved_kernel_counter_hypothesis_patch_refined,512,65.1515,61.8328,34.8485,0,calibration,
real_buchwald_hartwig,llm_evolved_kernel_exploration_patch_1_refined,512,87.9408,69.975,12.0592,0,calibration,
real_buchwald_hartwig,llm_evolved_kernel_high_confidence_patch_refined,512,63.4288,60.8249,36.5712,0,calibration,
real_buchwald_hartwig,llm_evolved_kernel_multi_scale_ensemble_patch_refined,512,63.4288,60.8249,36.5712,0,calibration,
real_buchwald_hartwig,llm_evolved_kernel_safety_anchor_patch_refined,512,65.1515,61.8328,34.8485,0,calibration,
real_buchwald_hartwig,mixed_kernel_gp_ei,512,63.4288,61.5329,36.5712,0,calibration,
real_buchwald_hartwig,target_acquisition_portfolio,512,65.1515,61.8328,34.8485,0,calibration,
real_buchwald_hartwig,fixed_scale_ensemble_0p5_1_1p5_2_3_4,513,98.1771,92.2019,1.8229,1,calibration,
real_buchwald_hartwig,gp_ucb,513,100.0,85.4293,0.0,1,calibration,
real_buchwald_hartwig,llm_evolved_kernel_conservative_patch_1_refined,513,100.0,92.5665,0.0,1,calibration,
real_buchwald_hartwig,llm_evolved_kernel_counter_hypothesis_patch_refined,513,100.0,87.5062,0.0,1,calibration,
real_buchwald_hartwig,llm_evolved_kernel_exploration_patch_1_refined,513,80.7866,79.5803,19.2134,0,calibration,
real_buchwald_hartwig,llm_evolved_kernel_high_confidence_patch_refined,513,100.0,90.3494,0.0,1,calibration,
real_buchwald_hartwig,llm_evolved_kernel_multi_scale_ensemble_patch_refined,513,98.1771,92.2019,1.8229,1,calibration,
real_buchwald_hartwig,llm_evolved_kernel_safety_anchor_patch_refined,513,98.1771,92.2019,1.8229,1,calibration,
real_buchwald_hartwig,mixed_kernel_gp_ei,513,100.0,92.5665,0.0,1,calibration,
real_buchwald_hartwig,target_acquisition_portfolio,513,98.1771,92.2019,1.8229,1,calibration,
real_buchwald_hartwig,fixed_scale_ensemble_0p5_1_1p5_2_3_4,514,98.8492,91.1187,1.1508,1,calibration,
real_buchwald_hartwig,gp_ucb,514,98.8492,91.1187,1.1508,1,calibration,
real_buchwald_hartwig,llm_evolved_kernel_conservative_patch_1_refined,514,98.8492,91.1187,1.1508,1,calibration,
real_buchwald_hartwig,llm_evolved_kernel_counter_hypothesis_patch_refined,514,99.6191,91.167,0.3809,1,calibration,
real_buchwald_hartwig,llm_evolved_kernel_exploration_patch_1_refined,514,97.5685,92.2093,2.4315,1,calibration,
real_buchwald_hartwig,llm_evolved_kernel_high_confidence_patch_refined,514,90.2279,90.2279,9.7721,0,calibration,
real_buchwald_hartwig,llm_evolved_kernel_multi_scale_ensemble_patch_refined,514,98.8492,91.1187,1.1508,1,calibration,
real_buchwald_hartwig,llm_evolved_kernel_safety_anchor_patch_refined,514,99.6191,91.167,0.3809,1,calibration,
real_buchwald_hartwig,mixed_kernel_gp_ei,514,99.6191,91.167,0.3809,1,calibration,
real_buchwald_hartwig,target_acquisition_portfolio,514,99.6191,91.167,0.3809,1,calibration,
real_buchwald_hartwig,fixed_scale_ensemble_0p5_1_1p5_2_3_4,515,89.4741,85.9728,10.5259,0,calibration,
real_buchwald_hartwig,gp_ucb,515,95.5552,93.4262,4.4448,0,calibration,
real_buchwald_hartwig,llm_evolved_kernel_conservative_patch_1_refined,515,89.4741,85.9728,10.5259,0,calibration,
real_buchwald_hartwig,llm_evolved_kernel_counter_hypothesis_patch_refined,515,95.5552,94.4907,4.4448,0,calibration,
real_buchwald_hartwig,llm_evolved_kernel_exploration_patch_1_refined,515,92.8977,87.4205,7.1023,0,calibration,
real_buchwald_hartwig,llm_evolved_kernel_high_confidence_patch_refined,515,95.5552,93.4262,4.4448,0,calibration,
real_buchwald_hartwig,llm_evolved_kernel_multi_scale_ensemble_patch_refined,515,86.4154,86.1144,13.5846,0,calibration,
real_buchwald_hartwig,llm_evolved_kernel_safety_anchor_patch_refined,515,95.5552,93.4262,4.4448,0,calibration,
real_buchwald_hartwig,mixed_kernel_gp_ei,515,85.6592,85.1349,14.3408,0,calibration,
real_buchwald_hartwig,target_acquisition_portfolio,515,95.5552,93.4262,4.4448,0,calibration,
real_buchwald_hartwig,fixed_scale_ensemble_0p5_1_1p5_2_3_4,516,89.5988,66.3552,10.4012,0,calibration,
real_buchwald_hartwig,gp_ucb,516,89.5988,66.3552,10.4012,0,calibration,
real_buchwald_hartwig,llm_evolved_kernel_conservative_patch_1_refined,516,89.5988,66.3552,10.4012,0,calibration,
real_buchwald_hartwig,llm_evolved_kernel_counter_hypothesis_patch_refined,516,89.5988,66.3552,10.4012,0,calibration,
real_buchwald_hartwig,llm_evolved_kernel_exploration_patch_1_refined,516,81.4779,62.8597,18.5221,0,calibration,
real_buchwald_hartwig,llm_evolved_kernel_high_confidence_patch_refined,516,98.1771,71.4444,1.8229,1,calibration,
real_buchwald_hartwig,llm_evolved_kernel_multi_scale_ensemble_patch_refined,516,89.5988,66.3552,10.4012,0,calibration,
real_buchwald_hartwig,llm_evolved_kernel_safety_anchor_patch_refined,516,89.5988,66.3552,10.4012,0,calibration,
real_buchwald_hartwig,mixed_kernel_gp_ei,516,89.5988,66.3552,10.4012,0,calibration,
real_buchwald_hartwig,target_acquisition_portfolio,516,89.5988,66.3552,10.4012,0,calibration,
real_buchwald_hartwig,fixed_scale_ensemble_0p5_1_1p5_2_3_4,517,94.501,92.6147,5.499,0,calibration,
real_buchwald_hartwig,gp_ucb,517,93.5878,93.4417,6.4122,0,calibration,
real_buchwald_hartwig,llm_evolved_kernel_conservative_patch_1_refined,517,94.501,92.6147,5.499,0,calibration,
real_buchwald_hartwig,llm_evolved_kernel_counter_hypothesis_patch_refined,517,98.2872,91.9646,1.7128,1,calibration,
real_buchwald_hartwig,llm_evolved_kernel_exploration_patch_1_refined,517,93.5878,93.4417,6.4122,0,calibration,
real_buchwald_hartwig,llm_evolved_kernel_high_confidence_patch_refined,517,93.5878,92.5234,6.4122,0,calibration,
real_buchwald_hartwig,llm_evolved_kernel_multi_scale_ensemble_patch_refined,517,93.5878,93.4417,6.4122,0,calibration,
real_buchwald_hartwig,llm_evolved_kernel_safety_anchor_patch_refined,517,93.5878,93.4417,6.4122,0,calibration,
real_buchwald_hartwig,mixed_kernel_gp_ei,517,93.5878,92.5234,6.4122,0,calibration,
real_buchwald_hartwig,target_acquisition_portfolio,517,93.5878,92.5234,6.4122,0,calibration,
real_buchwald_hartwig,fixed_scale_ensemble_0p5_1_1p5_2_3_4,518,86.4971,69.7542,13.5029,0,calibration,
real_buchwald_hartwig,gp_ucb,518,66.676,63.978,33.324,0,calibration,
real_buchwald_hartwig,llm_evolved_kernel_conservative_patch_1_refined,518,86.4971,69.7542,13.5029,0,calibration,
real_buchwald_hartwig,llm_evolved_kernel_counter_hypothesis_patch_refined,518,86.4971,68.678,13.5029,0,calibration,
real_buchwald_hartwig,llm_evolved_kernel_exploration_patch_1_refined,518,86.4971,74.4956,13.5029,0,calibration,
real_buchwald_hartwig,llm_evolved_kernel_high_confidence_patch_refined,518,86.4971,67.2677,13.5029,0,calibration,
real_buchwald_hartwig,llm_evolved_kernel_multi_scale_ensemble_patch_refined,518,86.4971,68.678,13.5029,0,calibration,
real_buchwald_hartwig,llm_evolved_kernel_safety_anchor_patch_refined,518,86.4971,69.7542,13.5029,0,calibration,
real_buchwald_hartwig,mixed_kernel_gp_ei,518,86.4971,71.3346,13.5029,0,calibration,
real_buchwald_hartwig,target_acquisition_portfolio,518,66.676,64.6524,33.324,0,calibration,
real_buchwald_hartwig,fixed_scale_ensemble_0p5_1_1p5_2_3_4,519,85.6057,85.2496,14.3943,0,calibration,
real_buchwald_hartwig,gp_ucb,519,87.2375,84.2317,12.7625,0,calibration,
real_buchwald_hartwig,llm_evolved_kernel_conservative_patch_1_refined,519,87.2375,84.2317,12.7625,0,calibration,
real_buchwald_hartwig,llm_evolved_kernel_counter_hypothesis_patch_refined,519,85.6057,85.2496,14.3943,0,calibration,
real_buchwald_hartwig,llm_evolved_kernel_exploration_patch_1_refined,519,89.2167,86.3329,10.7833,0,calibration,
real_buchwald_hartwig,llm_evolved_kernel_high_confidence_patch_refined,519,85.6057,85.2496,14.3943,0,calibration,
real_buchwald_hartwig,llm_evolved_kernel_multi_scale_ensemble_patch_refined,519,86.7926,85.3683,13.2074,0,calibration,
real_buchwald_hartwig,llm_evolved_kernel_safety_anchor_patch_refined,519,85.6057,85.2496,14.3943,0,calibration,
real_buchwald_hartwig,mixed_kernel_gp_ei,519,93.3108,88.5047,6.6892,0,calibration,
real_buchwald_hartwig,target_acquisition_portfolio,519,85.6057,85.2496,14.3943,0,calibration,
real_buchwald_hartwig,fixed_scale_ensemble_0p5_1_1p5_2_3_4,520,98.2872,88.4988,1.7128,1,calibration,
real_buchwald_hartwig,gp_ucb,520,98.2872,91.0481,1.7128,1,calibration,
real_buchwald_hartwig,llm_evolved_kernel_conservative_patch_1_refined,520,98.2872,91.0481,1.7128,1,calibration,
real_buchwald_hartwig,llm_evolved_kernel_counter_hypothesis_patch_refined,520,98.2872,86.0358,1.7128,1,calibration,
real_buchwald_hartwig,llm_evolved_kernel_exploration_patch_1_refined,520,98.2872,93.7915,1.7128,1,calibration,
real_buchwald_hartwig,llm_evolved_kernel_high_confidence_patch_refined,520,93.4211,88.0122,6.5789,0,calibration,
real_buchwald_hartwig,llm_evolved_kernel_multi_scale_ensemble_patch_refined,520,98.2872,89.5108,1.7128,1,calibration,
real_buchwald_hartwig,llm_evolved_kernel_safety_anchor_patch_refined,520,93.4211,89.0629,6.5789,0,calibration,
real_buchwald_hartwig,mixed_kernel_gp_ei,520,93.4211,88.0122,6.5789,0,calibration,
real_buchwald_hartwig,target_acquisition_portfolio,520,93.4211,87.8957,6.5789,0,calibration,
real_buchwald_hartwig,fixed_scale_ensemble_0p5_1_1p5_2_3_4,521,83.2944,83.2944,16.7056,0,calibration,
real_buchwald_hartwig,gp_ucb,521,83.2944,83.2944,16.7056,0,calibration,
real_buchwald_hartwig,llm_evolved_kernel_conservative_patch_1_refined,521,83.2944,83.2944,16.7056,0,calibration,
real_buchwald_hartwig,llm_evolved_kernel_counter_hypothesis_patch_refined,521,83.2944,83.2944,16.7056,0,calibration,
real_buchwald_hartwig,llm_evolved_kernel_exploration_patch_1_refined,521,83.2944,83.2944,16.7056,0,calibration,
real_buchwald_hartwig,llm_evolved_kernel_high_confidence_patch_refined,521,83.2944,83.2944,16.7056,0,calibration,
real_buchwald_hartwig,llm_evolved_kernel_multi_scale_ensemble_patch_refined,521,83.2944,83.2944,16.7056,0,calibration,
real_buchwald_hartwig,llm_evolved_kernel_safety_anchor_patch_refined,521,83.2944,83.2944,16.7056,0,calibration,
real_buchwald_hartwig,mixed_kernel_gp_ei,521,83.2944,83.2944,16.7056,0,calibration,
real_buchwald_hartwig,target_acquisition_portfolio,521,83.2944,83.2944,16.7056,0,calibration,
real_buchwald_hartwig,fixed_scale_ensemble_0p5_1_1p5_2_3_4,522,73.6009,67.3471,26.3991,0,calibration,
real_buchwald_hartwig,gp_ucb,522,73.6009,68.1289,26.3991,0,calibration,
real_buchwald_hartwig,llm_evolved_kernel_conservative_patch_1_refined,522,73.6009,67.3471,26.3991,0,calibration,
real_buchwald_hartwig,llm_evolved_kernel_counter_hypothesis_patch_refined,522,87.5291,69.5217,12.4709,0,calibration,
real_buchwald_hartwig,llm_evolved_kernel_exploration_patch_1_refined,522,73.6009,66.5654,26.3991,0,calibration,
real_buchwald_hartwig,llm_evolved_kernel_high_confidence_patch_refined,522,65.7837,65.7837,34.2163,0,calibration,
real_buchwald_hartwig,llm_evolved_kernel_multi_scale_ensemble_patch_refined,522,73.6009,67.3471,26.3991,0,calibration,
real_buchwald_hartwig,llm_evolved_kernel_safety_anchor_patch_refined,522,73.6009,68.1289,26.3991,0,calibration,
real_buchwald_hartwig,mixed_kernel_gp_ei,522,73.6009,68.1289,26.3991,0,calibration,
real_buchwald_hartwig,target_acquisition_portfolio,522,73.6009,68.1289,26.3991,0,calibration,
real_buchwald_hartwig,fixed_scale_ensemble_0p5_1_1p5_2_3_4,523,93.0995,90.5383,6.9005,0,calibration,
real_buchwald_hartwig,gp_ucb,523,93.0326,90.5316,6.9674,0,calibration,
real_buchwald_hartwig,llm_evolved_kernel_conservative_patch_1_refined,523,93.0995,90.5383,6.9005,0,calibration,
real_buchwald_hartwig,llm_evolved_kernel_counter_hypothesis_patch_refined,523,88.4449,84.3429,11.5551,0,calibration,
real_buchwald_hartwig,llm_evolved_kernel_exploration_patch_1_refined,523,88.4449,85.1549,11.5551,0,calibration,
real_buchwald_hartwig,llm_evolved_kernel_high_confidence_patch_refined,523,93.0326,90.5316,6.9674,0,calibration,
real_buchwald_hartwig,llm_evolved_kernel_multi_scale_ensemble_patch_refined,523,93.0995,90.5383,6.9005,0,calibration,
real_buchwald_hartwig,llm_evolved_kernel_safety_anchor_patch_refined,523,96.5912,90.8874,3.4088,0,calibration,
real_buchwald_hartwig,mixed_kernel_gp_ei,523,93.0326,90.5316,6.9674,0,calibration,
real_buchwald_hartwig,target_acquisition_portfolio,523,93.0326,90.5316,6.9674,0,calibration,
real_buchwald_hartwig,fixed_scale_ensemble_0p5_1_1p5_2_3_4,524,94.5498,79.1742,5.4502,0,calibration,
real_buchwald_hartwig,gp_ucb,524,94.5498,82.3449,5.4502,0,calibration,
real_buchwald_hartwig,llm_evolved_kernel_conservative_patch_1_refined,524,94.5498,79.1742,5.4502,0,calibration,
real_buchwald_hartwig,llm_evolved_kernel_counter_hypothesis_patch_refined,524,90.7313,81.5812,9.2687,0,calibration,
real_buchwald_hartwig,llm_evolved_kernel_exploration_patch_1_refined,524,98.2872,58.1648,1.7128,1,calibration,
real_buchwald_hartwig,llm_evolved_kernel_high_confidence_patch_refined,524,94.5498,79.1742,5.4502,0,calibration,
real_buchwald_hartwig,llm_evolved_kernel_multi_scale_ensemble_patch_refined,524,94.5498,79.1742,5.4502,0,calibration,
real_buchwald_hartwig,llm_evolved_kernel_safety_anchor_patch_refined,524,94.5498,82.3449,5.4502,0,calibration,
real_buchwald_hartwig,mixed_kernel_gp_ei,524,64.6404,48.2813,35.3596,0,calibration,
real_buchwald_hartwig,target_acquisition_portfolio,524,93.4211,80.115,6.5789,0,calibration,
real_buchwald_hartwig,fixed_scale_ensemble_0p5_1_1p5_2_3_4,525,87.7641,75.4246,12.2359,0,calibration,
real_buchwald_hartwig,gp_ucb,525,87.7641,75.4246,12.2359,0,calibration,
real_buchwald_hartwig,llm_evolved_kernel_conservative_patch_1_refined,525,86.1219,76.9981,13.8781,0,calibration,
real_buchwald_hartwig,llm_evolved_kernel_counter_hypothesis_patch_refined,525,86.1219,76.4236,13.8781,0,calibration,
real_buchwald_hartwig,llm_evolved_kernel_exploration_patch_1_refined,525,87.7641,78.1812,12.2359,0,calibration,
real_buchwald_hartwig,llm_evolved_kernel_high_confidence_patch_refined,525,87.7641,75.8835,12.2359,0,calibration,
real_buchwald_hartwig,llm_evolved_kernel_multi_scale_ensemble_patch_refined,525,86.5976,77.9194,13.4024,0,calibration,
real_buchwald_hartwig,llm_evolved_kernel_safety_anchor_patch_refined,525,87.7641,75.4246,12.2359,0,calibration,
real_buchwald_hartwig,mixed_kernel_gp_ei,525,83.3036,75.7018,16.6964,0,calibration,
real_buchwald_hartwig,target_acquisition_portfolio,525,87.7641,75.4246,12.2359,0,calibration,
real_buchwald_hartwig,fixed_scale_ensemble_0p5_1_1p5_2_3_4,526,86.0898,82.7812,13.9102,0,calibration,
real_buchwald_hartwig,gp_ucb,526,85.8947,84.2046,14.1053,0,calibration,
real_buchwald_hartwig,llm_evolved_kernel_conservative_patch_1_refined,526,86.0898,82.7812,13.9102,0,calibration,
real_buchwald_hartwig,llm_evolved_kernel_counter_hypothesis_patch_refined,526,99.0345,89.4605,0.9655,1,calibration,
real_buchwald_hartwig,llm_evolved_kernel_exploration_patch_1_refined,526,95.3865,92.7352,4.6135,0,calibration,
real_buchwald_hartwig,llm_evolved_kernel_high_confidence_patch_refined,526,83.0547,82.2166,16.9453,0,calibration,
real_buchwald_hartwig,llm_evolved_kernel_multi_scale_ensemble_patch_refined,526,83.0547,82.1742,16.9453,0,calibration,
real_buchwald_hartwig,llm_evolved_kernel_safety_anchor_patch_refined,526,85.8947,84.2046,14.1053,0,calibration,
real_buchwald_hartwig,mixed_kernel_gp_ei,526,99.6191,91.1519,0.3809,1,calibration,
real_buchwald_hartwig,target_acquisition_portfolio,526,95.7526,83.9386,4.2474,0,calibration,
real_buchwald_hartwig,fixed_scale_ensemble_0p5_1_1p5_2_3_4,527,54.2371,50.7803,45.7629,0,calibration,
real_buchwald_hartwig,gp_ucb,527,100.0,88.7956,0.0,1,calibration,
real_buchwald_hartwig,llm_evolved_kernel_conservative_patch_1_refined,527,54.2371,50.7803,45.7629,0,calibration,
real_buchwald_hartwig,llm_evolved_kernel_counter_hypothesis_patch_refined,527,100.0,88.3567,0.0,1,calibration,
real_buchwald_hartwig,llm_evolved_kernel_exploration_patch_1_refined,527,83.0965,67.4239,16.9035,0,calibration,
real_buchwald_hartwig,llm_evolved_kernel_high_confidence_patch_refined,527,54.2371,51.103,45.7629,0,calibration,
real_buchwald_hartwig,llm_evolved_kernel_multi_scale_ensemble_patch_refined,527,54.2371,51.0805,45.7629,0,calibration,
real_buchwald_hartwig,llm_evolved_kernel_safety_anchor_patch_refined,527,100.0,88.7956,0.0,1,calibration,
real_buchwald_hartwig,mixed_kernel_gp_ei,527,100.0,88.1135,0.0,1,calibration,
real_buchwald_hartwig,target_acquisition_portfolio,527,100.0,88.3567,0.0,1,calibration,
real_buchwald_hartwig,fixed_scale_ensemble_0p5_1_1p5_2_3_4,528,57.0888,55.4417,42.9112,0,calibration,
real_buchwald_hartwig,gp_ucb,528,91.5286,73.9742,8.4714,0,calibration,
real_buchwald_hartwig,llm_evolved_kernel_conservative_patch_1_refined,528,94.2969,75.0809,5.7031,0,calibration,
real_buchwald_hartwig,llm_evolved_kernel_counter_hypothesis_patch_refined,528,94.1485,83.1084,5.8515,0,calibration,
real_buchwald_hartwig,llm_evolved_kernel_exploration_patch_1_refined,528,52.2447,50.7492,47.7553,0,calibration,
real_buchwald_hartwig,llm_evolved_kernel_high_confidence_patch_refined,528,95.7526,75.1949,4.2474,0,calibration,
real_buchwald_hartwig,llm_evolved_kernel_multi_scale_ensemble_patch_refined,528,95.7526,67.925,4.2474,0,calibration,
real_buchwald_hartwig,llm_evolved_kernel_safety_anchor_patch_refined,528,94.2969,75.0809,5.7031,0,calibration,
real_buchwald_hartwig,mixed_kernel_gp_ei,528,95.7526,74.239,4.2474,0,calibration,
real_buchwald_hartwig,target_acquisition_portfolio,528,94.2969,77.6646,5.7031,0,calibration,
real_buchwald_hartwig,fixed_scale_ensemble_0p5_1_1p5_2_3_4,529,98.8492,98.8492,1.1508,1,calibration,
real_buchwald_hartwig,gp_ucb,529,98.8492,97.0656,1.1508,1,calibration,
real_buchwald_hartwig,llm_evolved_kernel_conservative_patch_1_refined,529,98.8492,98.8492,1.1508,1,calibration,
real_buchwald_hartwig,llm_evolved_kernel_counter_hypothesis_patch_refined,529,100.0,99.6548,0.0,1,calibration,
real_buchwald_hartwig,llm_evolved_kernel_exploration_patch_1_refined,529,100.0,100.0,0.0,1,calibration,
real_buchwald_hartwig,llm_evolved_kernel_high_confidence_patch_refined,529,100.0,99.5397,0.0,1,calibration,
real_buchwald_hartwig,llm_evolved_kernel_multi_scale_ensemble_patch_refined,529,98.8492,98.8492,1.1508,1,calibration,
real_buchwald_hartwig,llm_evolved_kernel_safety_anchor_patch_refined,529,97.5685,90.6908,2.4315,1,calibration,
real_buchwald_hartwig,mixed_kernel_gp_ei,529,100.0,99.8849,0.0,1,calibration,
real_buchwald_hartwig,target_acquisition_portfolio,529,98.8492,97.0656,1.1508,1,calibration,
real_buchwald_hartwig,fixed_scale_ensemble_0p5_1_1p5_2_3_4,530,73.3193,52.8062,26.6807,0,calibration,
real_buchwald_hartwig,gp_ucb,530,73.3193,52.8062,26.6807,0,calibration,
real_buchwald_hartwig,llm_evolved_kernel_conservative_patch_1_refined,530,73.3193,52.8062,26.6807,0,calibration,
real_buchwald_hartwig,llm_evolved_kernel_counter_hypothesis_patch_refined,530,68.2603,50.7848,31.7397,0,calibration,
real_buchwald_hartwig,llm_evolved_kernel_exploration_patch_1_refined,530,53.1045,49.737,46.8955,0,calibration,
real_buchwald_hartwig,llm_evolved_kernel_high_confidence_patch_refined,530,50.8377,48.4088,49.1623,0,calibration,
real_buchwald_hartwig,llm_evolved_kernel_multi_scale_ensemble_patch_refined,530,73.3193,52.8062,26.6807,0,calibration,
real_buchwald_hartwig,llm_evolved_kernel_safety_anchor_patch_refined,530,73.3193,52.8062,26.6807,0,calibration,
real_buchwald_hartwig,mixed_kernel_gp_ei,530,68.2603,50.7848,31.7397,0,calibration,
real_buchwald_hartwig,target_acquisition_portfolio,530,73.3193,52.8062,26.6807,0,calibration,
real_buchwald_hartwig,fixed_scale_ensemble_0p5_1_1p5_2_3_4,531,93.5641,83.367,6.4359,0,calibration,
real_buchwald_hartwig,gp_ucb,531,93.5641,82.5381,6.4359,0,calibration,
real_buchwald_hartwig,llm_evolved_kernel_conservative_patch_1_refined,531,93.5641,83.367,6.4359,0,calibration,
real_buchwald_hartwig,llm_evolved_kernel_counter_hypothesis_patch_refined,531,53.1045,51.7954,46.8955,0,calibration,
real_buchwald_hartwig,llm_evolved_kernel_exploration_patch_1_refined,531,56.6208,55.3545,43.3792,0,calibration,
real_buchwald_hartwig,llm_evolved_kernel_high_confidence_patch_refined,531,56.6208,52.902,43.3792,0,calibration,
real_buchwald_hartwig,llm_evolved_kernel_multi_scale_ensemble_patch_refined,531,89.4195,73.359,10.5805,0,calibration,
real_buchwald_hartwig,llm_evolved_kernel_safety_anchor_patch_refined,531,93.5641,82.5381,6.4359,0,calibration,
real_buchwald_hartwig,mixed_kernel_gp_ei,531,88.5139,56.0913,11.4861,0,calibration,
real_buchwald_hartwig,target_acquisition_portfolio,531,88.5139,56.0913,11.4861,0,calibration,
real_buchwald_hartwig,fixed_scale_ensemble_0p5_1_1p5_2_3_4,532,65.5909,63.899,34.4091,0,calibration,
real_buchwald_hartwig,gp_ucb,532,65.1515,63.855,34.8485,0,calibration,
real_buchwald_hartwig,llm_evolved_kernel_conservative_patch_1_refined,532,65.5909,63.899,34.4091,0,calibration,
real_buchwald_hartwig,llm_evolved_kernel_counter_hypothesis_patch_refined,532,65.1515,63.855,34.8485,0,calibration,
real_buchwald_hartwig,llm_evolved_kernel_exploration_patch_1_refined,532,85.1447,69.0727,14.8553,0,calibration,
real_buchwald_hartwig,llm_evolved_kernel_high_confidence_patch_refined,532,65.1515,63.9991,34.8485,0,calibration,
real_buchwald_hartwig,llm_evolved_kernel_multi_scale_ensemble_patch_refined,532,65.5909,64.043,34.4091,0,calibration,
real_buchwald_hartwig,llm_evolved_kernel_safety_anchor_patch_refined,532,65.1515,63.855,34.8485,0,calibration,
real_buchwald_hartwig,mixed_kernel_gp_ei,532,65.1515,63.855,34.8485,0,calibration,
real_buchwald_hartwig,target_acquisition_portfolio,532,65.1515,63.855,34.8485,0,calibration,
real_buchwald_hartwig,fixed_scale_ensemble_0p5_1_1p5_2_3_4,533,97.2929,93.4323,2.7071,0,calibration,
real_buchwald_hartwig,gp_ucb,533,97.2929,93.4323,2.7071,0,calibration,
real_buchwald_hartwig,llm_evolved_kernel_conservative_patch_1_refined,533,97.2929,93.4323,2.7071,0,calibration,
real_buchwald_hartwig,llm_evolved_kernel_counter_hypothesis_patch_refined,533,97.2929,93.4323,2.7071,0,calibration,
real_buchwald_hartwig,llm_evolved_kernel_exploration_patch_1_refined,533,94.6911,87.5043,5.3089,0,calibration,
real_buchwald_hartwig,llm_evolved_kernel_high_confidence_patch_refined,533,97.2929,93.4323,2.7071,0,calibration,
real_buchwald_hartwig,llm_evolved_kernel_multi_scale_ensemble_patch_refined,533,97.2929,93.4323,2.7071,0,calibration,
real_buchwald_hartwig,llm_evolved_kernel_safety_anchor_patch_refined,533,97.2929,93.4323,2.7071,0,calibration,
real_buchwald_hartwig,mixed_kernel_gp_ei,533,93.3108,88.7856,6.6892,0,calibration,
real_buchwald_hartwig,target_acquisition_portfolio,533,97.2929,93.4323,2.7071,0,calibration,
real_buchwald_hartwig,fixed_scale_ensemble_0p5_1_1p5_2_3_4,534,93.1012,77.9088,6.8988,0,calibration,
real_buchwald_hartwig,gp_ucb,534,55.1638,48.0124,44.8362,0,calibration,
real_buchwald_hartwig,llm_evolved_kernel_conservative_patch_1_refined,534,93.1012,77.9088,6.8988,0,calibration,
real_buchwald_hartwig,llm_evolved_kernel_counter_hypothesis_patch_refined,534,50.2713,46.758,49.7287,0,calibration,
real_buchwald_hartwig,llm_evolved_kernel_exploration_patch_1_refined,534,93.1012,77.7848,6.8988,0,calibration,
real_buchwald_hartwig,llm_evolved_kernel_high_confidence_patch_refined,534,92.9567,57.8349,7.0433,0,calibration,
real_buchwald_hartwig,llm_evolved_kernel_multi_scale_ensemble_patch_refined,534,92.9567,67.2024,7.0433,0,calibration,
real_buchwald_hartwig,llm_evolved_kernel_safety_anchor_patch_refined,534,52.673,48.6997,47.327,0,calibration,
real_buchwald_hartwig,mixed_kernel_gp_ei,534,45.1564,43.63,54.8436,0,calibration,
real_buchwald_hartwig,target_acquisition_portfolio,534,52.5881,46.9922,47.4119,0,calibration,
real_buchwald_hartwig,fixed_scale_ensemble_0p5_1_1p5_2_3_4,535,83.385,75.3854,16.615,0,calibration,
real_buchwald_hartwig,gp_ucb,535,98.7313,91.6175,1.2687,1,calibration,
real_buchwald_hartwig,llm_evolved_kernel_conservative_patch_1_refined,535,83.385,77.915,16.615,0,calibration,
real_buchwald_hartwig,llm_evolved_kernel_counter_hypothesis_patch_refined,535,98.7313,88.41,1.2687,1,calibration,
real_buchwald_hartwig,llm_evolved_kernel_exploration_patch_1_refined,535,97.2929,87.9263,2.7071,0,calibration,
real_buchwald_hartwig,llm_evolved_kernel_high_confidence_patch_refined,535,83.385,77.915,16.615,0,calibration,
real_buchwald_hartwig,llm_evolved_kernel_multi_scale_ensemble_patch_refined,535,78.6185,74.7976,21.3815,0,calibration,
real_buchwald_hartwig,llm_evolved_kernel_safety_anchor_patch_refined,535,98.7313,91.6175,1.2687,1,calibration,
real_buchwald_hartwig,mixed_kernel_gp_ei,535,83.385,75.7772,16.615,0,calibration,
real_buchwald_hartwig,target_acquisition_portfolio,535,98.7313,90.6825,1.2687,1,calibration,
real_buchwald_hartwig,fixed_scale_ensemble_0p5_1_1p5_2_3_4,536,88.4449,73.4357,11.5551,0,calibration,
real_buchwald_hartwig,gp_ucb,536,88.4449,73.4357,11.5551,0,calibration,
real_buchwald_hartwig,llm_evolved_kernel_conservative_patch_1_refined,536,88.4449,70.505,11.5551,0,calibration,
real_buchwald_hartwig,llm_evolved_kernel_counter_hypothesis_patch_refined,536,88.4449,73.4357,11.5551,0,calibration,
real_buchwald_hartwig,llm_evolved_kernel_exploration_patch_1_refined,536,88.4449,73.4357,11.5551,0,calibration,
real_buchwald_hartwig,llm_evolved_kernel_high_confidence_patch_refined,536,88.4449,70.505,11.5551,0,calibration,
real_buchwald_hartwig,llm_evolved_kernel_multi_scale_ensemble_patch_refined,536,88.4449,73.4357,11.5551,0,calibration,
real_buchwald_hartwig,llm_evolved_kernel_safety_anchor_patch_refined,536,88.4449,73.4357,11.5551,0,calibration,
real_buchwald_hartwig,mixed_kernel_gp_ei,536,88.4449,73.4357,11.5551,0,calibration,
real_buchwald_hartwig,target_acquisition_portfolio,536,88.4449,73.4357,11.5551,0,calibration,
real_buchwald_hartwig,fixed_scale_ensemble_0p5_1_1p5_2_3_4,537,93.3108,84.587,6.6892,0,calibration,
real_buchwald_hartwig,gp_ucb,537,93.3108,84.587,6.6892,0,calibration,
real_buchwald_hartwig,llm_evolved_kernel_conservative_patch_1_refined,537,93.3108,84.587,6.6892,0,calibration,
real_buchwald_hartwig,llm_evolved_kernel_counter_hypothesis_patch_refined,537,93.3108,86.5894,6.6892,0,calibration,
real_buchwald_hartwig,llm_evolved_kernel_exploration_patch_1_refined,537,93.3108,86.7023,6.6892,0,calibration,
real_buchwald_hartwig,llm_evolved_kernel_high_confidence_patch_refined,537,91.0563,84.9539,8.9437,0,calibration,
real_buchwald_hartwig,llm_evolved_kernel_multi_scale_ensemble_patch_refined,537,93.3108,84.587,6.6892,0,calibration,
real_buchwald_hartwig,llm_evolved_kernel_safety_anchor_patch_refined,537,93.3108,84.587,6.6892,0,calibration,
real_buchwald_hartwig,mixed_kernel_gp_ei,537,93.3108,84.587,6.6892,0,calibration,
real_buchwald_hartwig,target_acquisition_portfolio,537,93.3108,84.587,6.6892,0,calibration,
real_buchwald_hartwig,fixed_scale_ensemble_0p5_1_1p5_2_3_4,538,99.6191,84.3439,0.3809,1,calibration,
real_buchwald_hartwig,gp_ucb,538,95.3865,84.1365,4.6135,0,calibration,
real_buchwald_hartwig,llm_evolved_kernel_conservative_patch_1_refined,538,91.9334,81.5491,8.0666,0,calibration,
real_buchwald_hartwig,llm_evolved_kernel_counter_hypothesis_patch_refined,538,91.9334,75.7475,8.0666,0,calibration,
real_buchwald_hartwig,llm_evolved_kernel_exploration_patch_1_refined,538,91.9334,78.2811,8.0666,0,calibration,
real_buchwald_hartwig,llm_evolved_kernel_high_confidence_patch_refined,538,99.6191,84.3439,0.3809,1,calibration,
real_buchwald_hartwig,llm_evolved_kernel_multi_scale_ensemble_patch_refined,538,91.9334,80.198,8.0666,0,calibration,
real_buchwald_hartwig,llm_evolved_kernel_safety_anchor_patch_refined,538,99.6191,84.3439,0.3809,1,calibration,
real_buchwald_hartwig,mixed_kernel_gp_ei,538,98.8492,82.3862,1.1508,1,calibration,
real_buchwald_hartwig,target_acquisition_portfolio,538,90.2279,73.3106,9.7721,0,calibration,
real_buchwald_hartwig,fixed_scale_ensemble_0p5_1_1p5_2_3_4,539,86.2198,81.3424,13.7802,0,calibration,
real_buchwald_hartwig,gp_ucb,539,95.7526,79.9368,4.2474,0,calibration,
real_buchwald_hartwig,llm_evolved_kernel_conservative_patch_1_refined,539,98.1771,80.3004,1.8229,1,calibration,
real_buchwald_hartwig,llm_evolved_kernel_counter_hypothesis_patch_refined,539,83.3036,81.2706,16.6964,0,calibration,
real_buchwald_hartwig,llm_evolved_kernel_exploration_patch_1_refined,539,100.0,78.2952,0.0,1,calibration,
real_buchwald_hartwig,llm_evolved_kernel_high_confidence_patch_refined,539,99.6191,82.9297,0.3809,1,calibration,
real_buchwald_hartwig,llm_evolved_kernel_multi_scale_ensemble_patch_refined,539,86.2198,81.3424,13.7802,0,calibration,
real_buchwald_hartwig,llm_evolved_kernel_safety_anchor_patch_refined,539,95.6759,82.4101,4.3241,0,calibration,
real_buchwald_hartwig,mixed_kernel_gp_ei,539,86.2198,80.404,13.7802,0,calibration,
real_buchwald_hartwig,target_acquisition_portfolio,539,95.7526,78.8048,4.2474,0,calibration,
real_buchwald_hartwig,fixed_scale_ensemble_0p5_1_1p5_2_3_4,540,96.1323,87.0832,3.8677,0,calibration,
real_buchwald_hartwig,gp_ucb,540,90.3173,83.2895,9.6827,0,calibration,
real_buchwald_hartwig,llm_evolved_kernel_conservative_patch_1_refined,540,96.1323,87.0832,3.8677,0,calibration,
real_buchwald_hartwig,llm_evolved_kernel_counter_hypothesis_patch_refined,540,96.1323,86.146,3.8677,0,calibration,
real_buchwald_hartwig,llm_evolved_kernel_exploration_patch_1_refined,540,80.5818,79.6694,19.4182,0,calibration,
real_buchwald_hartwig,llm_evolved_kernel_high_confidence_patch_refined,540,96.1323,87.0832,3.8677,0,calibration,
real_buchwald_hartwig,llm_evolved_kernel_multi_scale_ensemble_patch_refined,540,96.1323,87.0832,3.8677,0,calibration,
real_buchwald_hartwig,llm_evolved_kernel_safety_anchor_patch_refined,540,96.1323,87.0832,3.8677,0,calibration,
real_buchwald_hartwig,mixed_kernel_gp_ei,540,96.1323,84.4525,3.8677,0,calibration,
real_buchwald_hartwig,target_acquisition_portfolio,540,96.1323,84.4525,3.8677,0,calibration,
real_buchwald_hartwig,fixed_scale_ensemble_0p5_1_1p5_2_3_4,541,89.6142,86.3898,10.3858,0,calibration,
real_buchwald_hartwig,gp_ucb,541,88.5139,69.065,11.4861,0,calibration,
real_buchwald_hartwig,llm_evolved_kernel_conservative_patch_1_refined,541,88.5139,69.065,11.4861,0,calibration,
real_buchwald_hartwig,llm_evolved_kernel_counter_hypothesis_patch_refined,541,89.6142,84.6307,10.3858,0,calibration,
real_buchwald_hartwig,llm_evolved_kernel_exploration_patch_1_refined,541,89.6142,87.2912,10.3858,0,calibration,
real_buchwald_hartwig,llm_evolved_kernel_high_confidence_patch_refined,541,86.4971,64.0456,13.5029,0,calibration,
real_buchwald_hartwig,llm_evolved_kernel_multi_scale_ensemble_patch_refined,541,63.4288,61.5395,36.5712,0,calibration,
real_buchwald_hartwig,llm_evolved_kernel_safety_anchor_patch_refined,541,63.4288,61.5395,36.5712,0,calibration,
real_buchwald_hartwig,mixed_kernel_gp_ei,541,88.5139,69.065,11.4861,0,calibration,
real_buchwald_hartwig,target_acquisition_portfolio,541,63.4288,61.5395,36.5712,0,calibration,
real_buchwald_hartwig,fixed_scale_ensemble_0p5_1_1p5_2_3_4,542,89.3231,72.5404,10.6769,0,calibration,
real_buchwald_hartwig,gp_ucb,542,89.3231,72.5404,10.6769,0,calibration,
real_buchwald_hartwig,llm_evolved_kernel_conservative_patch_1_refined,542,89.3231,72.5404,10.6769,0,calibration,
real_buchwald_hartwig,llm_evolved_kernel_counter_hypothesis_patch_refined,542,89.5592,72.5641,10.4408,0,calibration,
real_buchwald_hartwig,llm_evolved_kernel_exploration_patch_1_refined,542,80.5818,80.5818,19.4182,0,calibration,
real_buchwald_hartwig,llm_evolved_kernel_high_confidence_patch_refined,542,89.3231,72.5404,10.6769,0,calibration,
real_buchwald_hartwig,llm_evolved_kernel_multi_scale_ensemble_patch_refined,542,89.3231,72.5404,10.6769,0,calibration,
real_buchwald_hartwig,llm_evolved_kernel_safety_anchor_patch_refined,542,89.3231,72.5404,10.6769,0,calibration,
real_buchwald_hartwig,mixed_kernel_gp_ei,542,89.3231,72.5404,10.6769,0,calibration,
real_buchwald_hartwig,target_acquisition_portfolio,542,89.3231,72.5404,10.6769,0,calibration,
real_buchwald_hartwig,fixed_scale_ensemble_0p5_1_1p5_2_3_4,543,100.0,85.2241,0.0,1,calibration,
real_buchwald_hartwig,gp_ucb,543,100.0,85.2241,0.0,1,calibration,
real_buchwald_hartwig,llm_evolved_kernel_conservative_patch_1_refined,543,100.0,85.2241,0.0,1,calibration,
real_buchwald_hartwig,llm_evolved_kernel_counter_hypothesis_patch_refined,543,86.2198,83.8461,13.7802,0,calibration,
real_buchwald_hartwig,llm_evolved_kernel_exploration_patch_1_refined,543,97.948,89.5049,2.052,1,calibration,
real_buchwald_hartwig,llm_evolved_kernel_high_confidence_patch_refined,543,86.2198,83.8461,13.7802,0,calibration,
real_buchwald_hartwig,llm_evolved_kernel_multi_scale_ensemble_patch_refined,543,100.0,85.2241,0.0,1,calibration,
real_buchwald_hartwig,llm_evolved_kernel_safety_anchor_patch_refined,543,100.0,85.2241,0.0,1,calibration,
real_buchwald_hartwig,mixed_kernel_gp_ei,543,100.0,85.2241,0.0,1,calibration,
real_buchwald_hartwig,target_acquisition_portfolio,543,100.0,85.2241,0.0,1,calibration,
real_buchwald_hartwig,fixed_scale_ensemble_0p5_1_1p5_2_3_4,544,97.2929,83.7676,2.7071,0,calibration,
real_buchwald_hartwig,gp_ucb,544,93.3108,88.8773,6.6892,0,calibration,
real_buchwald_hartwig,llm_evolved_kernel_conservative_patch_1_refined,544,97.2929,84.1659,2.7071,0,calibration,
real_buchwald_hartwig,llm_evolved_kernel_counter_hypothesis_patch_refined,544,93.3108,83.3694,6.6892,0,calibration,
real_buchwald_hartwig,llm_evolved_kernel_exploration_patch_1_refined,544,95.129,82.6118,4.871,0,calibration,
real_buchwald_hartwig,llm_evolved_kernel_high_confidence_patch_refined,544,93.3108,83.3694,6.6892,0,calibration,
real_buchwald_hartwig,llm_evolved_kernel_multi_scale_ensemble_patch_refined,544,97.2929,86.0629,2.7071,0,calibration,
real_buchwald_hartwig,llm_evolved_kernel_safety_anchor_patch_refined,544,97.2929,84.1659,2.7071,0,calibration,
real_buchwald_hartwig,mixed_kernel_gp_ei,544,93.3108,88.8773,6.6892,0,calibration,
real_buchwald_hartwig,target_acquisition_portfolio,544,97.2929,89.2755,2.7071,0,calibration,
real_buchwald_hartwig,fixed_scale_ensemble_0p5_1_1p5_2_3_4,545,93.0326,88.4782,6.9674,0,calibration,
real_buchwald_hartwig,gp_ucb,545,93.0326,88.4782,6.9674,0,calibration,
real_buchwald_hartwig,llm_evolved_kernel_conservative_patch_1_refined,545,93.0326,88.4782,6.9674,0,calibration,
real_buchwald_hartwig,llm_evolved_kernel_counter_hypothesis_patch_refined,545,88.3083,87.3437,11.6917,0,calibration,
real_buchwald_hartwig,llm_evolved_kernel_exploration_patch_1_refined,545,93.0326,89.6406,6.9674,0,calibration,
real_buchwald_hartwig,llm_evolved_kernel_high_confidence_patch_refined,545,93.0326,91.4516,6.9674,0,calibration,
real_buchwald_hartwig,llm_evolved_kernel_multi_scale_ensemble_patch_refined,545,93.0326,87.3239,6.9674,0,calibration,
real_buchwald_hartwig,llm_evolved_kernel_safety_anchor_patch_refined,545,93.0326,88.4782,6.9674,0,calibration,
real_buchwald_hartwig,mixed_kernel_gp_ei,545,88.3083,87.092,11.6917,0,calibration,
real_buchwald_hartwig,target_acquisition_portfolio,545,88.3083,87.092,11.6917,0,calibration,
real_buchwald_hartwig,fixed_scale_ensemble_0p5_1_1p5_2_3_4,546,60.3054,58.9399,39.6946,0,calibration,
real_buchwald_hartwig,gp_ucb,546,60.9848,59.1437,39.0152,0,calibration,
real_buchwald_hartwig,llm_evolved_kernel_conservative_patch_1_refined,546,60.3054,58.9399,39.6946,0,calibration,
real_buchwald_hartwig,llm_evolved_kernel_counter_hypothesis_patch_refined,546,60.9848,59.1437,39.0152,0,calibration,
real_buchwald_hartwig,llm_evolved_kernel_exploration_patch_1_refined,546,65.0522,59.5554,34.9478,0,calibration,
real_buchwald_hartwig,llm_evolved_kernel_high_confidence_patch_refined,546,60.9848,59.1437,39.0152,0,calibration,
real_buchwald_hartwig,llm_evolved_kernel_multi_scale_ensemble_patch_refined,546,98.8492,71.5866,1.1508,1,calibration,
real_buchwald_hartwig,llm_evolved_kernel_safety_anchor_patch_refined,546,60.3054,58.9399,39.6946,0,calibration,
real_buchwald_hartwig,mixed_kernel_gp_ei,546,88.7252,61.9642,11.2748,0,calibration,
real_buchwald_hartwig,target_acquisition_portfolio,546,68.2481,60.5115,31.7519,0,calibration,
real_buchwald_hartwig,fixed_scale_ensemble_0p5_1_1p5_2_3_4,547,93.3108,92.409,6.6892,0,calibration,
real_buchwald_hartwig,gp_ucb,547,93.3108,92.409,6.6892,0,calibration,
real_buchwald_hartwig,llm_evolved_kernel_conservative_patch_1_refined,547,93.3108,92.409,6.6892,0,calibration,
real_buchwald_hartwig,llm_evolved_kernel_counter_hypothesis_patch_refined,547,93.3108,92.6345,6.6892,0,calibration,
real_buchwald_hartwig,llm_evolved_kernel_exploration_patch_1_refined,547,93.3108,92.6345,6.6892,0,calibration,
real_buchwald_hartwig,llm_evolved_kernel_high_confidence_patch_refined,547,93.3108,92.1835,6.6892,0,calibration,
real_buchwald_hartwig,llm_evolved_kernel_multi_scale_ensemble_patch_refined,547,93.0326,92.6373,6.9674,0,calibration,
real_buchwald_hartwig,llm_evolved_kernel_safety_anchor_patch_refined,547,93.3108,92.409,6.6892,0,calibration,
real_buchwald_hartwig,mixed_kernel_gp_ei,547,93.3108,92.409,6.6892,0,calibration,
real_buchwald_hartwig,target_acquisition_portfolio,547,93.3108,92.409,6.6892,0,calibration,
real_buchwald_hartwig,fixed_scale_ensemble_0p5_1_1p5_2_3_4,548,86.0741,73.8528,13.9259,0,calibration,
real_buchwald_hartwig,gp_ucb,548,86.0741,73.8693,13.9259,0,calibration,
real_buchwald_hartwig,llm_evolved_kernel_conservative_patch_1_refined,548,67.8143,55.7204,32.1857,0,calibration,
real_buchwald_hartwig,llm_evolved_kernel_counter_hypothesis_patch_refined,548,86.0741,70.1037,13.9259,0,calibration,
real_buchwald_hartwig,llm_evolved_kernel_exploration_patch_1_refined,548,66.815,55.1412,33.185,0,calibration,
real_buchwald_hartwig,llm_evolved_kernel_high_confidence_patch_refined,548,87.3638,74.3687,12.6362,0,calibration,
real_buchwald_hartwig,llm_evolved_kernel_multi_scale_ensemble_patch_refined,548,67.8143,55.7204,32.1857,0,calibration,
real_buchwald_hartwig,llm_evolved_kernel_safety_anchor_patch_refined,548,86.0741,77.3913,13.9259,0,calibration,
real_buchwald_hartwig,mixed_kernel_gp_ei,548,86.0741,73.6423,13.9259,0,calibration,
real_buchwald_hartwig,target_acquisition_portfolio,548,86.0741,73.8693,13.9259,0,calibration,
real_buchwald_hartwig,fixed_scale_ensemble_0p5_1_1p5_2_3_4,549,83.7372,64.7813,16.2628,0,calibration,
real_buchwald_hartwig,gp_ucb,549,88.1675,61.4522,11.8325,0,calibration,
real_buchwald_hartwig,llm_evolved_kernel_conservative_patch_1_refined,549,88.1675,61.4522,11.8325,0,calibration,
real_buchwald_hartwig,llm_evolved_kernel_counter_hypothesis_patch_refined,549,93.1012,75.1752,6.8988,0,calibration,
real_buchwald_hartwig,llm_evolved_kernel_exploration_patch_1_refined,549,55.5659,49.9068,44.4341,0,calibration,
real_buchwald_hartwig,llm_evolved_kernel_high_confidence_patch_refined,549,80.6006,60.6888,19.3994,0,calibration,
real_buchwald_hartwig,llm_evolved_kernel_multi_scale_ensemble_patch_refined,549,90.7313,76.4798,9.2687,0,calibration,
real_buchwald_hartwig,llm_evolved_kernel_safety_anchor_patch_refined,549,88.1675,61.4522,11.8325,0,calibration,
real_buchwald_hartwig,mixed_kernel_gp_ei,549,90.7313,70.1254,9.2687,0,calibration,
real_buchwald_hartwig,target_acquisition_portfolio,549,88.1675,65.2565,11.8325,0,calibration,
real_buchwald_hartwig,fixed_scale_ensemble_0p5_1_1p5_2_3_4,550,94.5498,94.5498,5.4502,0,calibration,
real_buchwald_hartwig,gp_ucb,550,94.5498,94.5498,5.4502,0,calibration,
real_buchwald_hartwig,llm_evolved_kernel_conservative_patch_1_refined,550,94.5498,94.5498,5.4502,0,calibration,
real_buchwald_hartwig,llm_evolved_kernel_counter_hypothesis_patch_refined,550,94.5498,94.5498,5.4502,0,calibration,
real_buchwald_hartwig,llm_evolved_kernel_exploration_patch_1_refined,550,94.6911,94.6205,5.3089,0,calibration,
real_buchwald_hartwig,llm_evolved_kernel_high_confidence_patch_refined,550,94.5498,94.5498,5.4502,0,calibration,
real_buchwald_hartwig,llm_evolved_kernel_multi_scale_ensemble_patch_refined,550,94.5498,94.5498,5.4502,0,calibration,
real_buchwald_hartwig,llm_evolved_kernel_safety_anchor_patch_refined,550,94.5498,94.5498,5.4502,0,calibration,
real_buchwald_hartwig,mixed_kernel_gp_ei,550,94.5498,94.5498,5.4502,0,calibration,
real_buchwald_hartwig,target_acquisition_portfolio,550,94.5498,94.5498,5.4502,0,calibration,
real_buchwald_hartwig,fixed_scale_ensemble_0p5_1_1p5_2_3_4,551,94.1517,90.8931,5.8483,0,calibration,
real_buchwald_hartwig,gp_ucb,551,94.1517,90.8931,5.8483,0,calibration,
real_buchwald_hartwig,llm_evolved_kernel_conservative_patch_1_refined,551,94.1517,90.8931,5.8483,0,calibration,
real_buchwald_hartwig,llm_evolved_kernel_counter_hypothesis_patch_refined,551,94.1517,90.577,5.8483,0,calibration,
real_buchwald_hartwig,llm_evolved_kernel_exploration_patch_1_refined,551,99.0345,94.0019,0.9655,1,calibration,
real_buchwald_hartwig,llm_evolved_kernel_high_confidence_patch_refined,551,94.1517,90.2608,5.8483,0,calibration,
real_buchwald_hartwig,llm_evolved_kernel_multi_scale_ensemble_patch_refined,551,94.1517,90.8931,5.8483,0,calibration,
real_buchwald_hartwig,llm_evolved_kernel_safety_anchor_patch_refined,551,94.1517,90.8931,5.8483,0,calibration,
real_buchwald_hartwig,mixed_kernel_gp_ei,551,99.0345,91.3814,0.9655,1,calibration,
real_buchwald_hartwig,target_acquisition_portfolio,551,99.0345,91.3814,0.9655,1,calibration,
real_buchwald_hartwig,fixed_scale_ensemble_0p5_1_1p5_2_3_4,552,46.6709,40.5241,53.3291,0,calibration,
real_buchwald_hartwig,gp_ucb,552,57.8728,44.3067,42.1272,0,calibration,
real_buchwald_hartwig,llm_evolved_kernel_conservative_patch_1_refined,552,48.4321,41.4516,51.5679,0,calibration,
real_buchwald_hartwig,llm_evolved_kernel_counter_hypothesis_patch_refined,552,46.6489,40.5175,53.3511,0,calibration,
real_buchwald_hartwig,llm_evolved_kernel_exploration_patch_1_refined,552,46.6709,41.8615,53.3291,0,calibration,
real_buchwald_hartwig,llm_evolved_kernel_high_confidence_patch_refined,552,48.4321,39.2863,51.5679,0,calibration,
real_buchwald_hartwig,llm_evolved_kernel_multi_scale_ensemble_patch_refined,552,48.4321,41.4516,51.5679,0,calibration,
real_buchwald_hartwig,llm_evolved_kernel_safety_anchor_patch_refined,552,57.8728,44.3067,42.1272,0,calibration,
real_buchwald_hartwig,mixed_kernel_gp_ei,552,93.0326,70.8903,6.9674,0,calibration,
real_buchwald_hartwig,target_acquisition_portfolio,552,57.1322,44.2327,42.8678,0,calibration,
real_buchwald_hartwig,fixed_scale_ensemble_0p5_1_1p5_2_3_4,553,85.8947,82.9438,14.1053,0,calibration,
real_buchwald_hartwig,gp_ucb,553,99.6191,82.7113,0.3809,1,calibration,
real_buchwald_hartwig,llm_evolved_kernel_conservative_patch_1_refined,553,99.6191,88.404,0.3809,1,calibration,
real_buchwald_hartwig,llm_evolved_kernel_counter_hypothesis_patch_refined,553,75.5938,73.5213,24.4062,0,calibration,
real_buchwald_hartwig,llm_evolved_kernel_exploration_patch_1_refined,553,88.5139,78.6625,11.4861,0,calibration,
real_buchwald_hartwig,llm_evolved_kernel_high_confidence_patch_refined,553,100.0,81.3246,0.0,1,calibration,
real_buchwald_hartwig,llm_evolved_kernel_multi_scale_ensemble_patch_refined,553,99.6191,88.404,0.3809,1,calibration,
real_buchwald_hartwig,llm_evolved_kernel_safety_anchor_patch_refined,553,99.6191,82.7113,0.3809,1,calibration,
real_buchwald_hartwig,mixed_kernel_gp_ei,553,86.5976,81.2389,13.4024,0,calibration,
real_buchwald_hartwig,target_acquisition_portfolio,553,99.6191,82.7113,0.3809,1,calibration,
real_buchwald_hartwig,fixed_scale_ensemble_0p5_1_1p5_2_3_4,554,98.7313,97.961,1.2687,1,calibration,
real_buchwald_hartwig,gp_ucb,554,98.7313,97.5147,1.2687,1,calibration,
real_buchwald_hartwig,llm_evolved_kernel_conservative_patch_1_refined,554,98.7313,97.5147,1.2687,1,calibration,
real_buchwald_hartwig,llm_evolved_kernel_counter_hypothesis_patch_refined,554,98.7313,98.3462,1.2687,1,calibration,
real_buchwald_hartwig,llm_evolved_kernel_exploration_patch_1_refined,554,97.2929,95.4652,2.7071,0,calibration,
real_buchwald_hartwig,llm_evolved_kernel_high_confidence_patch_refined,554,98.7313,97.5147,1.2687,1,calibration,
real_buchwald_hartwig,llm_evolved_kernel_multi_scale_ensemble_patch_refined,554,98.7313,98.1305,1.2687,1,calibration,
real_buchwald_hartwig,llm_evolved_kernel_safety_anchor_patch_refined,554,98.7313,97.5147,1.2687,1,calibration,
real_buchwald_hartwig,mixed_kernel_gp_ei,554,98.7313,97.5147,1.2687,1,calibration,
real_buchwald_hartwig,target_acquisition_portfolio,554,98.7313,97.5147,1.2687,1,calibration,
real_buchwald_hartwig,fixed_scale_ensemble_0p5_1_1p5_2_3_4,555,98.2872,90.2036,1.7128,1,calibration,
real_buchwald_hartwig,gp_ucb,555,40.5259,40.5259,59.4741,0,calibration,
real_buchwald_hartwig,llm_evolved_kernel_conservative_patch_1_refined,555,93.4211,64.9424,6.5789,0,calibration,
real_buchwald_hartwig,llm_evolved_kernel_counter_hypothesis_patch_refined,555,52.5506,46.3583,47.4494,0,calibration,
real_buchwald_hartwig,llm_evolved_kernel_exploration_patch_1_refined,555,92.2093,85.832,7.7907,0,calibration,
real_buchwald_hartwig,llm_evolved_kernel_high_confidence_patch_refined,555,98.2872,75.8682,1.7128,1,calibration,
real_buchwald_hartwig,llm_evolved_kernel_multi_scale_ensemble_patch_refined,555,98.2872,90.7958,1.7128,1,calibration,
real_buchwald_hartwig,llm_evolved_kernel_safety_anchor_patch_refined,555,93.4211,64.9424,6.5789,0,calibration,
real_buchwald_hartwig,mixed_kernel_gp_ei,555,93.4211,59.6529,6.5789,0,calibration,
real_buchwald_hartwig,target_acquisition_portfolio,555,52.5506,46.3583,47.4494,0,calibration,
real_buchwald_hartwig,fixed_scale_ensemble_0p5_1_1p5_2_3_4,556,95.3865,86.2482,4.6135,0,calibration,
real_buchwald_hartwig,gp_ucb,556,95.3865,86.2482,4.6135,0,calibration,
real_buchwald_hartwig,llm_evolved_kernel_conservative_patch_1_refined,556,95.3865,86.2482,4.6135,0,calibration,
real_buchwald_hartwig,llm_evolved_kernel_counter_hypothesis_patch_refined,556,95.3865,85.4476,4.6135,0,calibration,
real_buchwald_hartwig,llm_evolved_kernel_exploration_patch_1_refined,556,83.3036,80.3247,16.6964,0,calibration,
real_buchwald_hartwig,llm_evolved_kernel_high_confidence_patch_refined,556,91.9334,85.9029,8.0666,0,calibration,
real_buchwald_hartwig,llm_evolved_kernel_multi_scale_ensemble_patch_refined,556,91.9334,85.9029,8.0666,0,calibration,
real_buchwald_hartwig,llm_evolved_kernel_safety_anchor_patch_refined,556,95.3865,86.2482,4.6135,0,calibration,
real_buchwald_hartwig,mixed_kernel_gp_ei,556,95.3865,85.4476,4.6135,0,calibration,
real_buchwald_hartwig,target_acquisition_portfolio,556,83.3036,79.9244,16.6964,0,calibration,
real_buchwald_hartwig,fixed_scale_ensemble_0p5_1_1p5_2_3_4,557,85.1332,85.1332,14.8668,0,calibration,
real_buchwald_hartwig,gp_ucb,557,93.7486,88.5794,6.2514,0,calibration,
real_buchwald_hartwig,llm_evolved_kernel_conservative_patch_1_refined,557,93.3108,85.951,6.6892,0,calibration,
real_buchwald_hartwig,llm_evolved_kernel_counter_hypothesis_patch_refined,557,98.7313,88.3356,1.2687,1,calibration,
real_buchwald_hartwig,llm_evolved_kernel_exploration_patch_1_refined,557,85.6592,85.1319,14.3408,0,calibration,
real_buchwald_hartwig,llm_evolved_kernel_high_confidence_patch_refined,557,85.1332,85.1332,14.8668,0,calibration,
real_buchwald_hartwig,llm_evolved_kernel_multi_scale_ensemble_patch_refined,557,85.1332,85.1332,14.8668,0,calibration,
real_buchwald_hartwig,llm_evolved_kernel_safety_anchor_patch_refined,557,98.7313,87.8491,1.2687,1,calibration,
real_buchwald_hartwig,mixed_kernel_gp_ei,557,93.3108,88.1788,6.6892,0,calibration,
real_buchwald_hartwig,target_acquisition_portfolio,557,98.7313,87.8491,1.2687,1,calibration,
real_buchwald_hartwig,fixed_scale_ensemble_0p5_1_1p5_2_3_4,558,88.1675,85.4788,11.8325,0,calibration,
real_buchwald_hartwig,gp_ucb,558,98.2872,86.0358,1.7128,1,calibration,
real_buchwald_hartwig,llm_evolved_kernel_conservative_patch_1_refined,558,88.1675,85.4788,11.8325,0,calibration,
real_buchwald_hartwig,llm_evolved_kernel_counter_hypothesis_patch_refined,558,98.2872,86.0358,1.7128,1,calibration,
real_buchwald_hartwig,llm_evolved_kernel_exploration_patch_1_refined,558,88.1675,81.3788,11.8325,0,calibration,
real_buchwald_hartwig,llm_evolved_kernel_high_confidence_patch_refined,558,88.1675,84.8757,11.8325,0,calibration,
real_buchwald_hartwig,llm_evolved_kernel_multi_scale_ensemble_patch_refined,558,90.7313,80.3413,9.2687,0,calibration,
real_buchwald_hartwig,llm_evolved_kernel_safety_anchor_patch_refined,558,88.1675,84.8757,11.8325,0,calibration,
real_buchwald_hartwig,mixed_kernel_gp_ei,558,98.2872,86.0358,1.7128,1,calibration,
real_buchwald_hartwig,target_acquisition_portfolio,558,98.2872,86.0358,1.7128,1,calibration,
real_buchwald_hartwig,fixed_scale_ensemble_0p5_1_1p5_2_3_4,559,89.6142,89.6142,10.3858,0,calibration,
real_buchwald_hartwig,gp_ucb,559,89.6142,89.6142,10.3858,0,calibration,
real_buchwald_hartwig,llm_evolved_kernel_conservative_patch_1_refined,559,89.6142,89.6142,10.3858,0,calibration,
real_buchwald_hartwig,llm_evolved_kernel_counter_hypothesis_patch_refined,559,89.6142,89.6142,10.3858,0,calibration,
real_buchwald_hartwig,llm_evolved_kernel_exploration_patch_1_refined,559,89.6142,89.6142,10.3858,0,calibration,
real_buchwald_hartwig,llm_evolved_kernel_high_confidence_patch_refined,559,89.6142,89.6142,10.3858,0,calibration,
real_buchwald_hartwig,llm_evolved_kernel_multi_scale_ensemble_patch_refined,559,89.6142,89.6142,10.3858,0,calibration,
real_buchwald_hartwig,llm_evolved_kernel_safety_anchor_patch_refined,559,89.6142,89.6142,10.3858,0,calibration,
real_buchwald_hartwig,mixed_kernel_gp_ei,559,89.6142,89.6142,10.3858,0,calibration,
real_buchwald_hartwig,target_acquisition_portfolio,559,89.6142,89.6142,10.3858,0,calibration,
real_buchwald_hartwig,fixed_scale_ensemble_0p5_1_1p5_2_3_4,560,100.0,91.5933,0.0,1,calibration,
real_buchwald_hartwig,gp_ucb,560,81.2283,76.982,18.7717,0,calibration,
real_buchwald_hartwig,llm_evolved_kernel_conservative_patch_1_refined,560,98.1771,93.8752,1.8229,1,calibration,
real_buchwald_hartwig,llm_evolved_kernel_counter_hypothesis_patch_refined,560,100.0,89.6098,0.0,1,calibration,
real_buchwald_hartwig,llm_evolved_kernel_exploration_patch_1_refined,560,80.7866,74.3218,19.2134,0,calibration,
real_buchwald_hartwig,llm_evolved_kernel_high_confidence_patch_refined,560,98.1771,93.8752,1.8229,1,calibration,
real_buchwald_hartwig,llm_evolved_kernel_multi_scale_ensemble_patch_refined,560,100.0,91.7756,0.0,1,calibration,
real_buchwald_hartwig,llm_evolved_kernel_safety_anchor_patch_refined,560,98.1771,93.8752,1.8229,1,calibration,
real_buchwald_hartwig,mixed_kernel_gp_ei,560,98.1771,93.8752,1.8229,1,calibration,
real_buchwald_hartwig,target_acquisition_portfolio,560,81.2283,76.8332,18.7717,0,calibration,
real_buchwald_hartwig,fixed_scale_ensemble_0p5_1_1p5_2_3_4,561,100.0,90.2632,0.0,1,calibration,
real_buchwald_hartwig,gp_ucb,561,100.0,93.2582,0.0,1,calibration,
real_buchwald_hartwig,llm_evolved_kernel_conservative_patch_1_refined,561,100.0,90.2632,0.0,1,calibration,
real_buchwald_hartwig,llm_evolved_kernel_counter_hypothesis_patch_refined,561,100.0,92.9961,0.0,1,calibration,
real_buchwald_hartwig,llm_evolved_kernel_exploration_patch_1_refined,561,100.0,91.3907,0.0,1,calibration,
real_buchwald_hartwig,llm_evolved_kernel_high_confidence_patch_refined,561,100.0,92.9961,0.0,1,calibration,
real_buchwald_hartwig,llm_evolved_kernel_multi_scale_ensemble_patch_refined,561,100.0,90.2632,0.0,1,calibration,
real_buchwald_hartwig,llm_evolved_kernel_safety_anchor_patch_refined,561,100.0,95.7522,0.0,1,calibration,
real_buchwald_hartwig,mixed_kernel_gp_ei,561,100.0,95.3385,0.0,1,calibration,
real_buchwald_hartwig,target_acquisition_portfolio,561,100.0,95.3385,0.0,1,calibration,
real_buchwald_hartwig,fixed_scale_ensemble_0p5_1_1p5_2_3_4,562,87.902,86.2932,12.098,0,calibration,
real_buchwald_hartwig,gp_ucb,562,97.2929,93.0316,2.7071,0,calibration,
real_buchwald_hartwig,llm_evolved_kernel_conservative_patch_1_refined,562,87.902,86.2932,12.098,0,calibration,
real_buchwald_hartwig,llm_evolved_kernel_counter_hypothesis_patch_refined,562,88.4449,86.838,11.5551,0,calibration,
real_buchwald_hartwig,llm_evolved_kernel_exploration_patch_1_refined,562,87.902,87.4206,12.098,0,calibration,
real_buchwald_hartwig,llm_evolved_kernel_high_confidence_patch_refined,562,87.902,86.1284,12.098,0,calibration,
real_buchwald_hartwig,llm_evolved_kernel_multi_scale_ensemble_patch_refined,562,87.902,86.2932,12.098,0,calibration,
real_buchwald_hartwig,llm_evolved_kernel_safety_anchor_patch_refined,562,87.902,86.2932,12.098,0,calibration,
real_buchwald_hartwig,mixed_kernel_gp_ei,562,88.4449,86.838,11.5551,0,calibration,
real_buchwald_hartwig,target_acquisition_portfolio,562,97.2929,91.6111,2.7071,0,calibration,
real_buchwald_hartwig,fixed_scale_ensemble_0p5_1_1p5_2_3_4,563,84.7017,75.6646,15.2983,0,calibration,
real_buchwald_hartwig,gp_ucb,563,82.3494,72.4461,17.6506,0,calibration,
real_buchwald_hartwig,llm_evolved_kernel_conservative_patch_1_refined,563,82.3494,72.4461,17.6506,0,calibration,
real_buchwald_hartwig,llm_evolved_kernel_counter_hypothesis_patch_refined,563,95.6759,77.2948,4.3241,0,calibration,
real_buchwald_hartwig,llm_evolved_kernel_exploration_patch_1_refined,563,71.8321,70.3427,28.1679,0,calibration,
real_buchwald_hartwig,llm_evolved_kernel_high_confidence_patch_refined,563,86.2002,77.372,13.7998,0,calibration,
real_buchwald_hartwig,llm_evolved_kernel_multi_scale_ensemble_patch_refined,563,72.5829,71.0153,27.4171,0,calibration,
real_buchwald_hartwig,llm_evolved_kernel_safety_anchor_patch_refined,563,82.3494,72.4461,17.6506,0,calibration,
real_buchwald_hartwig,mixed_kernel_gp_ei,563,75.9722,70.5705,24.0278,0,calibration,
real_buchwald_hartwig,target_acquisition_portfolio,563,69.9703,69.9703,30.0297,0,calibration,
real_buchwald_hartwig,fixed_scale_ensemble_0p5_1_1p5_2_3_4,564,98.8492,79.678,1.1508,1,calibration,
real_buchwald_hartwig,gp_ucb,564,98.8492,81.4212,1.1508,1,calibration,
real_buchwald_hartwig,llm_evolved_kernel_conservative_patch_1_refined,564,98.8492,79.678,1.1508,1,calibration,
real_buchwald_hartwig,llm_evolved_kernel_counter_hypothesis_patch_refined,564,98.8492,73.7393,1.1508,1,calibration,
real_buchwald_hartwig,llm_evolved_kernel_exploration_patch_1_refined,564,100.0,82.5244,0.0,1,calibration,
real_buchwald_hartwig,llm_evolved_kernel_high_confidence_patch_refined,564,100.0,80.8192,0.0,1,calibration,
real_buchwald_hartwig,llm_evolved_kernel_multi_scale_ensemble_patch_refined,564,98.8492,75.0746,1.1508,1,calibration,
real_buchwald_hartwig,llm_evolved_kernel_safety_anchor_patch_refined,564,98.8492,78.8293,1.1508,1,calibration,
real_buchwald_hartwig,mixed_kernel_gp_ei,564,100.0,80.8192,0.0,1,calibration,
real_buchwald_hartwig,target_acquisition_portfolio,564,98.8492,80.589,1.1508,1,calibration,
real_buchwald_hartwig,fixed_scale_ensemble_0p5_1_1p5_2_3_4,565,98.8492,95.4118,1.1508,1,calibration,
real_buchwald_hartwig,gp_ucb,565,95.7526,95.7526,4.2474,0,calibration,
real_buchwald_hartwig,llm_evolved_kernel_conservative_patch_1_refined,565,98.8492,96.0623,1.1508,1,calibration,
real_buchwald_hartwig,llm_evolved_kernel_counter_hypothesis_patch_refined,565,98.8492,96.3719,1.1508,1,calibration,
real_buchwald_hartwig,llm_evolved_kernel_exploration_patch_1_refined,565,95.7526,95.7526,4.2474,0,calibration,
real_buchwald_hartwig,llm_evolved_kernel_high_confidence_patch_refined,565,95.7526,95.7526,4.2474,0,calibration,
real_buchwald_hartwig,llm_evolved_kernel_multi_scale_ensemble_patch_refined,565,98.8492,95.4118,1.1508,1,calibration,
real_buchwald_hartwig,llm_evolved_kernel_safety_anchor_patch_refined,565,95.7526,95.7526,4.2474,0,calibration,
real_buchwald_hartwig,mixed_kernel_gp_ei,565,98.8492,96.6816,1.1508,1,calibration,
real_buchwald_hartwig,target_acquisition_portfolio,565,98.8492,96.6816,1.1508,1,calibration,
real_buchwald_hartwig,fixed_scale_ensemble_0p5_1_1p5_2_3_4,566,93.1012,87.8153,6.8988,0,calibration,
real_buchwald_hartwig,gp_ucb,566,93.1012,87.8153,6.8988,0,calibration,
real_buchwald_hartwig,llm_evolved_kernel_conservative_patch_1_refined,566,93.1012,86.876,6.8988,0,calibration,
real_buchwald_hartwig,llm_evolved_kernel_counter_hypothesis_patch_refined,566,93.1012,87.8153,6.8988,0,calibration,
real_buchwald_hartwig,llm_evolved_kernel_exploration_patch_1_refined,566,93.1012,86.8461,6.8988,0,calibration,
real_buchwald_hartwig,llm_evolved_kernel_high_confidence_patch_refined,566,93.1012,87.8153,6.8988,0,calibration,
real_buchwald_hartwig,llm_evolved_kernel_multi_scale_ensemble_patch_refined,566,93.1012,88.285,6.8988,0,calibration,
real_buchwald_hartwig,llm_evolved_kernel_safety_anchor_patch_refined,566,93.1012,86.876,6.8988,0,calibration,
real_buchwald_hartwig,mixed_kernel_gp_ei,566,93.1012,87.8153,6.8988,0,calibration,
real_buchwald_hartwig,target_acquisition_portfolio,566,93.1012,87.8153,6.8988,0,calibration,
real_buchwald_hartwig,fixed_scale_ensemble_0p5_1_1p5_2_3_4,567,94.5498,84.3946,5.4502,0,calibration,
real_buchwald_hartwig,gp_ucb,567,92.127,86.5721,7.873,0,calibration,
real_buchwald_hartwig,llm_evolved_kernel_conservative_patch_1_refined,567,94.5498,84.3946,5.4502,0,calibration,
real_buchwald_hartwig,llm_evolved_kernel_counter_hypothesis_patch_refined,567,92.127,88.1108,7.873,0,calibration,
real_buchwald_hartwig,llm_evolved_kernel_exploration_patch_1_refined,567,91.6984,91.6984,8.3016,0,calibration,
real_buchwald_hartwig,llm_evolved_kernel_high_confidence_patch_refined,567,94.5498,84.3946,5.4502,0,calibration,
real_buchwald_hartwig,llm_evolved_kernel_multi_scale_ensemble_patch_refined,567,94.5498,84.3946,5.4502,0,calibration,
real_buchwald_hartwig,llm_evolved_kernel_safety_anchor_patch_refined,567,94.5498,84.3946,5.4502,0,calibration,
real_buchwald_hartwig,mixed_kernel_gp_ei,567,86.7926,82.838,13.2074,0,calibration,
real_buchwald_hartwig,target_acquisition_portfolio,567,86.7926,82.838,13.2074,0,calibration,
real_buchwald_hartwig,fixed_scale_ensemble_0p5_1_1p5_2_3_4,568,93.5878,92.042,6.4122,0,calibration,
real_buchwald_hartwig,gp_ucb,568,92.2093,91.7121,7.7907,0,calibration,
real_buchwald_hartwig,llm_evolved_kernel_conservative_patch_1_refined,568,93.5878,92.6771,6.4122,0,calibration,
real_buchwald_hartwig,llm_evolved_kernel_counter_hypothesis_patch_refined,568,92.2093,91.7121,7.7907,0,calibration,
real_buchwald_hartwig,llm_evolved_kernel_exploration_patch_1_refined,568,87.2375,87.2375,12.7625,0,calibration,
real_buchwald_hartwig,llm_evolved_kernel_high_confidence_patch_refined,568,92.2093,91.2149,7.7907,0,calibration,
real_buchwald_hartwig,llm_evolved_kernel_multi_scale_ensemble_patch_refined,568,92.2093,91.7121,7.7907,0,calibration,
real_buchwald_hartwig,llm_evolved_kernel_safety_anchor_patch_refined,568,92.2093,91.7121,7.7907,0,calibration,
real_buchwald_hartwig,mixed_kernel_gp_ei,568,93.5878,92.1799,6.4122,0,calibration,
real_buchwald_hartwig,target_acquisition_portfolio,568,92.2093,91.7121,7.7907,0,calibration,
real_buchwald_hartwig,fixed_scale_ensemble_0p5_1_1p5_2_3_4,569,89.6142,83.3524,10.3858,0,calibration,
real_buchwald_hartwig,gp_ucb,569,84.7017,83.4027,15.2983,0,calibration,
real_buchwald_hartwig,llm_evolved_kernel_conservative_patch_1_refined,569,83.4423,83.1112,16.5577,0,calibration,
real_buchwald_hartwig,llm_evolved_kernel_counter_hypothesis_patch_refined,569,98.8492,86.3746,1.1508,1,calibration,
real_buchwald_hartwig,llm_evolved_kernel_exploration_patch_1_refined,569,100.0,91.0492,0.0,1,calibration,
real_buchwald_hartwig,llm_evolved_kernel_high_confidence_patch_refined,569,84.5889,83.7483,15.4111,0,calibration,
real_buchwald_hartwig,llm_evolved_kernel_multi_scale_ensemble_patch_refined,569,89.6142,83.3524,10.3858,0,calibration,
real_buchwald_hartwig,llm_evolved_kernel_safety_anchor_patch_refined,569,89.3231,84.1348,10.6769,0,calibration,
real_buchwald_hartwig,mixed_kernel_gp_ei,569,89.6142,83.5629,10.3858,0,calibration,
real_buchwald_hartwig,target_acquisition_portfolio,569,89.3231,84.1348,10.6769,0,calibration,
real_buchwald_hartwig,fixed_scale_ensemble_0p5_1_1p5_2_3_4,570,88.4464,65.1745,11.5536,0,calibration,
real_buchwald_hartwig,gp_ucb,570,49.1575,47.3765,50.8425,0,calibration,
real_buchwald_hartwig,llm_evolved_kernel_conservative_patch_1_refined,570,88.4464,65.1745,11.5536,0,calibration,
real_buchwald_hartwig,llm_evolved_kernel_counter_hypothesis_patch_refined,570,100.0,75.4382,0.0,1,calibration,
real_buchwald_hartwig,llm_evolved_kernel_exploration_patch_1_refined,570,89.4807,58.3317,10.5193,0,calibration,
real_buchwald_hartwig,llm_evolved_kernel_high_confidence_patch_refined,570,88.4464,65.1745,11.5536,0,calibration,
real_buchwald_hartwig,llm_evolved_kernel_multi_scale_ensemble_patch_refined,570,88.4464,65.1745,11.5536,0,calibration,
real_buchwald_hartwig,llm_evolved_kernel_safety_anchor_patch_refined,570,49.1575,47.3765,50.8425,0,calibration,
real_buchwald_hartwig,mixed_kernel_gp_ei,570,85.9947,51.0602,14.0053,0,calibration,
real_buchwald_hartwig,target_acquisition_portfolio,570,49.1575,47.3765,50.8425,0,calibration,
real_buchwald_hartwig,fixed_scale_ensemble_0p5_1_1p5_2_3_4,571,62.1847,60.5634,37.8153,0,calibration,
real_buchwald_hartwig,gp_ucb,571,88.1675,73.1244,11.8325,0,calibration,
real_buchwald_hartwig,llm_evolved_kernel_conservative_patch_1_refined,571,62.1847,60.5634,37.8153,0,calibration,
real_buchwald_hartwig,llm_evolved_kernel_counter_hypothesis_patch_refined,571,88.1675,73.1244,11.8325,0,calibration,
real_buchwald_hartwig,llm_evolved_kernel_exploration_patch_1_refined,571,68.1076,61.5189,31.8924,0,calibration,
real_buchwald_hartwig,llm_evolved_kernel_high_confidence_patch_refined,571,88.1675,73.1244,11.8325,0,calibration,
real_buchwald_hartwig,llm_evolved_kernel_multi_scale_ensemble_patch_refined,571,90.7313,67.7199,9.2687,0,calibration,
real_buchwald_hartwig,llm_evolved_kernel_safety_anchor_patch_refined,571,88.1675,73.1244,11.8325,0,calibration,
real_buchwald_hartwig,mixed_kernel_gp_ei,571,98.2872,79.7961,1.7128,1,calibration,
real_buchwald_hartwig,target_acquisition_portfolio,571,88.1675,73.1244,11.8325,0,calibration,
real_buchwald_hartwig,fixed_scale_ensemble_0p5_1_1p5_2_3_4,572,93.0326,86.3803,6.9674,0,calibration,
real_buchwald_hartwig,gp_ucb,572,92.9142,82.7002,7.0858,0,calibration,
real_buchwald_hartwig,llm_evolved_kernel_conservative_patch_1_refined,572,93.0326,86.3803,6.9674,0,calibration,
real_buchwald_hartwig,llm_evolved_kernel_counter_hypothesis_patch_refined,572,92.1372,81.9126,7.8628,0,calibration,
real_buchwald_hartwig,llm_evolved_kernel_exploration_patch_1_refined,572,77.6347,77.5973,22.3653,0,calibration,
real_buchwald_hartwig,llm_evolved_kernel_high_confidence_patch_refined,572,92.8977,86.4294,7.1023,0,calibration,
real_buchwald_hartwig,llm_evolved_kernel_multi_scale_ensemble_patch_refined,572,93.0326,86.3803,6.9674,0,calibration,
real_buchwald_hartwig,llm_evolved_kernel_safety_anchor_patch_refined,572,92.1372,82.0039,7.8628,0,calibration,
real_buchwald_hartwig,mixed_kernel_gp_ei,572,92.1372,81.6858,7.8628,0,calibration,
real_buchwald_hartwig,target_acquisition_portfolio,572,92.1372,81.6858,7.8628,0,calibration,
real_buchwald_hartwig,fixed_scale_ensemble_0p5_1_1p5_2_3_4,573,98.8492,97.2223,1.1508,1,calibration,
real_buchwald_hartwig,gp_ucb,573,98.8492,96.9535,1.1508,1,calibration,
real_buchwald_hartwig,llm_evolved_kernel_conservative_patch_1_refined,573,98.8492,97.2223,1.1508,1,calibration,
real_buchwald_hartwig,llm_evolved_kernel_counter_hypothesis_patch_refined,573,98.1771,91.7231,1.8229,1,calibration,
real_buchwald_hartwig,llm_evolved_kernel_exploration_patch_1_refined,573,97.948,90.4159,2.052,1,calibration,
real_buchwald_hartwig,llm_evolved_kernel_high_confidence_patch_refined,573,98.1771,91.176,1.8229,1,calibration,
real_buchwald_hartwig,llm_evolved_kernel_multi_scale_ensemble_patch_refined,573,98.8492,97.2223,1.1508,1,calibration,
real_buchwald_hartwig,llm_evolved_kernel_safety_anchor_patch_refined,573,98.8492,97.0879,1.1508,1,calibration,
real_buchwald_hartwig,mixed_kernel_gp_ei,573,98.8492,91.8575,1.1508,1,calibration,
real_buchwald_hartwig,target_acquisition_portfolio,573,98.8492,91.8575,1.1508,1,calibration,
real_buchwald_hartwig,fixed_scale_ensemble_0p5_1_1p5_2_3_4,574,84.7017,72.1681,15.2983,0,calibration,
real_buchwald_hartwig,gp_ucb,574,85.6453,73.5506,14.3547,0,calibration,
real_buchwald_hartwig,llm_evolved_kernel_conservative_patch_1_refined,574,85.6453,73.5506,14.3547,0,calibration,
real_buchwald_hartwig,llm_evolved_kernel_counter_hypothesis_patch_refined,574,85.6453,80.3079,14.3547,0,calibration,
real_buchwald_hartwig,llm_evolved_kernel_exploration_patch_1_refined,574,84.7017,70.5898,15.2983,0,calibration,
real_buchwald_hartwig,llm_evolved_kernel_high_confidence_patch_refined,574,85.6453,75.2233,14.3547,0,calibration,
real_buchwald_hartwig,llm_evolved_kernel_multi_scale_ensemble_patch_refined,574,84.7017,70.5898,15.2983,0,calibration,
real_buchwald_hartwig,llm_evolved_kernel_safety_anchor_patch_refined,574,85.6453,73.5506,14.3547,0,calibration,
real_buchwald_hartwig,mixed_kernel_gp_ei,574,94.1517,81.1585,5.8483,0,calibration,
real_buchwald_hartwig,target_acquisition_portfolio,574,94.1517,81.1585,5.8483,0,calibration,
real_buchwald_hartwig,fixed_scale_ensemble_0p5_1_1p5_2_3_4,575,93.3108,92.409,6.6892,0,calibration,
real_buchwald_hartwig,gp_ucb,575,93.3108,92.409,6.6892,0,calibration,
real_buchwald_hartwig,llm_evolved_kernel_conservative_patch_1_refined,575,93.3108,92.409,6.6892,0,calibration,
real_buchwald_hartwig,llm_evolved_kernel_counter_hypothesis_patch_refined,575,93.3108,92.1835,6.6892,0,calibration,
real_buchwald_hartwig,llm_evolved_kernel_exploration_patch_1_refined,575,93.3108,92.6345,6.6892,0,calibration,
real_buchwald_hartwig,llm_evolved_kernel_high_confidence_patch_refined,575,93.3108,92.409,6.6892,0,calibration,
real_buchwald_hartwig,llm_evolved_kernel_multi_scale_ensemble_patch_refined,575,93.3108,92.409,6.6892,0,calibration,
real_buchwald_hartwig,llm_evolved_kernel_safety_anchor_patch_refined,575,93.3108,92.409,6.6892,0,calibration,
real_buchwald_hartwig,mixed_kernel_gp_ei,575,93.3108,92.1835,6.6892,0,calibration,
real_buchwald_hartwig,target_acquisition_portfolio,575,93.3108,92.409,6.6892,0,calibration,
real_buchwald_hartwig,fixed_scale_ensemble_0p5_1_1p5_2_3_4,576,93.1012,71.0012,6.8988,0,calibration,
real_buchwald_hartwig,gp_ucb,576,93.1012,71.0012,6.8988,0,calibration,
real_buchwald_hartwig,llm_evolved_kernel_conservative_patch_1_refined,576,93.1012,71.0012,6.8988,0,calibration,
real_buchwald_hartwig,llm_evolved_kernel_counter_hypothesis_patch_refined,576,93.1012,71.0012,6.8988,0,calibration,
real_buchwald_hartwig,llm_evolved_kernel_exploration_patch_1_refined,576,93.1012,77.4198,6.8988,0,calibration,
real_buchwald_hartwig,llm_evolved_kernel_high_confidence_patch_refined,576,92.9567,66.0095,7.0433,0,calibration,
real_buchwald_hartwig,llm_evolved_kernel_multi_scale_ensemble_patch_refined,576,88.3519,69.5764,11.6481,0,calibration,
real_buchwald_hartwig,llm_evolved_kernel_safety_anchor_patch_refined,576,93.1012,71.0012,6.8988,0,calibration,
real_buchwald_hartwig,mixed_kernel_gp_ei,576,88.3519,69.5764,11.6481,0,calibration,
real_buchwald_hartwig,target_acquisition_portfolio,576,88.3519,69.5764,11.6481,0,calibration,
real_buchwald_hartwig,fixed_scale_ensemble_0p5_1_1p5_2_3_4,577,98.7313,85.1325,1.2687,1,calibration,
real_buchwald_hartwig,gp_ucb,577,95.129,85.3224,4.871,0,calibration,
real_buchwald_hartwig,llm_evolved_kernel_conservative_patch_1_refined,577,89.5866,84.2139,10.4134,0,calibration,
real_buchwald_hartwig,llm_evolved_kernel_counter_hypothesis_patch_refined,577,95.129,85.3224,4.871,0,calibration,
real_buchwald_hartwig,llm_evolved_kernel_exploration_patch_1_refined,577,89.5866,81.7099,10.4134,0,calibration,
real_buchwald_hartwig,llm_evolved_kernel_high_confidence_patch_refined,577,89.5866,82.8631,10.4134,0,calibration,
real_buchwald_hartwig,llm_evolved_kernel_multi_scale_ensemble_patch_refined,577,98.7313,85.1325,1.2687,1,calibration,
real_buchwald_hartwig,llm_evolved_kernel_safety_anchor_patch_refined,577,89.5866,84.2139,10.4134,0,calibration,
real_buchwald_hartwig,mixed_kernel_gp_ei,577,95.129,86.0037,4.871,0,calibration,
real_buchwald_hartwig,target_acquisition_portfolio,577,95.129,85.3224,4.871,0,calibration,
real_buchwald_hartwig,fixed_scale_ensemble_0p5_1_1p5_2_3_4,578,86.4971,84.8698,13.5029,0,calibration,
real_buchwald_hartwig,gp_ucb,578,96.1323,89.4335,3.8677,0,calibration,
real_buchwald_hartwig,llm_evolved_kernel_conservative_patch_1_refined,578,96.1323,89.4335,3.8677,0,calibration,
real_buchwald_hartwig,llm_evolved_kernel_counter_hypothesis_patch_refined,578,84.6498,81.418,15.3502,0,calibration,
real_buchwald_hartwig,llm_evolved_kernel_exploration_patch_1_refined,578,89.5592,83.5067,10.4408,0,calibration,
real_buchwald_hartwig,llm_evolved_kernel_high_confidence_patch_refined,578,96.1323,87.0434,3.8677,0,calibration,
real_buchwald_hartwig,llm_evolved_kernel_multi_scale_ensemble_patch_refined,578,90.3173,86.0159,9.6827,0,calibration,
real_buchwald_hartwig,llm_evolved_kernel_safety_anchor_patch_refined,578,96.1323,90.0908,3.8677,0,calibration,
real_buchwald_hartwig,mixed_kernel_gp_ei,578,79.7823,79.7823,20.2177,0,calibration,
real_buchwald_hartwig,target_acquisition_portfolio,578,84.6498,82.3915,15.3502,0,calibration,
real_buchwald_hartwig,fixed_scale_ensemble_0p5_1_1p5_2_3_4,579,83.9394,83.8509,16.0606,0,calibration,
real_buchwald_hartwig,gp_ucb,579,83.9394,83.7625,16.0606,0,calibration,
real_buchwald_hartwig,llm_evolved_kernel_conservative_patch_1_refined,579,85.6836,84.4601,14.3164,0,calibration,
real_buchwald_hartwig,llm_evolved_kernel_counter_hypothesis_patch_refined,579,83.9394,83.5855,16.0606,0,calibration,
real_buchwald_hartwig,llm_evolved_kernel_exploration_patch_1_refined,579,95.7526,88.1339,4.2474,0,calibration,
real_buchwald_hartwig,llm_evolved_kernel_high_confidence_patch_refined,579,85.6836,84.2857,14.3164,0,calibration,
real_buchwald_hartwig,llm_evolved_kernel_multi_scale_ensemble_patch_refined,579,98.8492,86.5232,1.1508,1,calibration,
real_buchwald_hartwig,llm_evolved_kernel_safety_anchor_patch_refined,579,83.9394,83.7625,16.0606,0,calibration,
real_buchwald_hartwig,mixed_kernel_gp_ei,579,95.7526,86.2136,4.2474,0,calibration,
real_buchwald_hartwig,target_acquisition_portfolio,579,83.9394,83.7625,16.0606,0,calibration,
real_buchwald_hartwig,fixed_scale_ensemble_0p5_1_1p5_2_3_4,580,83.1495,83.1495,16.8505,0,calibration,
real_buchwald_hartwig,gp_ucb,580,95.7526,92.5879,4.2474,0,calibration,
real_buchwald_hartwig,llm_evolved_kernel_conservative_patch_1_refined,580,83.1495,83.1495,16.8505,0,calibration,
real_buchwald_hartwig,llm_evolved_kernel_counter_hypothesis_patch_refined,580,95.7526,92.5879,4.2474,0,calibration,
real_buchwald_hartwig,llm_evolved_kernel_exploration_patch_1_refined,580,95.7526,84.4098,4.2474,0,calibration,
real_buchwald_hartwig,llm_evolved_kernel_high_confidence_patch_refined,580,95.7526,92.7335,4.2474,0,calibration,
real_buchwald_hartwig,llm_evolved_kernel_multi_scale_ensemble_patch_refined,580,83.1495,83.1495,16.8505,0,calibration,
real_buchwald_hartwig,llm_evolved_kernel_safety_anchor_patch_refined,580,83.1495,83.1495,16.8505,0,calibration,
real_buchwald_hartwig,mixed_kernel_gp_ei,580,95.7526,91.3894,4.2474,0,calibration,
real_buchwald_hartwig,target_acquisition_portfolio,580,95.7526,89.5096,4.2474,0,calibration,
real_buchwald_hartwig,fixed_scale_ensemble_0p5_1_1p5_2_3_4,581,99.6191,83.8951,0.3809,1,calibration,
real_buchwald_hartwig,gp_ucb,581,100.0,78.1183,0.0,1,calibration,
real_buchwald_hartwig,llm_evolved_kernel_conservative_patch_1_refined,581,99.6191,83.8951,0.3809,1,calibration,
real_buchwald_hartwig,llm_evolved_kernel_counter_hypothesis_patch_refined,581,100.0,91.2411,0.0,1,calibration,
real_buchwald_hartwig,llm_evolved_kernel_exploration_patch_1_refined,581,98.1771,93.1199,1.8229,1,calibration,
real_buchwald_hartwig,llm_evolved_kernel_high_confidence_patch_refined,581,91.3906,78.958,8.6094,0,calibration,
real_buchwald_hartwig,llm_evolved_kernel_multi_scale_ensemble_patch_refined,581,99.6191,83.8951,0.3809,1,calibration,
real_buchwald_hartwig,llm_evolved_kernel_safety_anchor_patch_refined,581,99.6191,83.8951,0.3809,1,calibration,
real_buchwald_hartwig,mixed_kernel_gp_ei,581,100.0,92.4983,0.0,1,calibration,
real_buchwald_hartwig,target_acquisition_portfolio,581,100.0,91.2411,0.0,1,calibration,
real_buchwald_hartwig,fixed_scale_ensemble_0p5_1_1p5_2_3_4,582,96.1323,90.8988,3.8677,0,calibration,
real_buchwald_hartwig,gp_ucb,582,90.3173,90.3173,9.6827,0,calibration,
real_buchwald_hartwig,llm_evolved_kernel_conservative_patch_1_refined,582,90.3173,90.3173,9.6827,0,calibration,
real_buchwald_hartwig,llm_evolved_kernel_counter_hypothesis_patch_refined,582,90.3173,90.3173,9.6827,0,calibration,
real_buchwald_hartwig,llm_evolved_kernel_exploration_patch_1_refined,582,96.1323,91.7093,3.8677,0,calibration,
real_buchwald_hartwig,llm_evolved_kernel_high_confidence_patch_refined,582,96.1323,94.9693,3.8677,0,calibration,
real_buchwald_hartwig,llm_evolved_kernel_multi_scale_ensemble_patch_refined,582,90.3173,90.3173,9.6827,0,calibration,
real_buchwald_hartwig,llm_evolved_kernel_safety_anchor_patch_refined,582,90.3173,90.3173,9.6827,0,calibration,
real_buchwald_hartwig,mixed_kernel_gp_ei,582,96.1323,94.9693,3.8677,0,calibration,
real_buchwald_hartwig,target_acquisition_portfolio,582,90.3173,90.3173,9.6827,0,calibration,
real_buchwald_hartwig,fixed_scale_ensemble_0p5_1_1p5_2_3_4,583,100.0,99.1511,0.0,1,calibration,
real_buchwald_hartwig,gp_ucb,583,100.0,99.1511,0.0,1,calibration,
real_buchwald_hartwig,llm_evolved_kernel_conservative_patch_1_refined,583,100.0,99.1511,0.0,1,calibration,
real_buchwald_hartwig,llm_evolved_kernel_counter_hypothesis_patch_refined,583,100.0,99.1511,0.0,1,calibration,
real_buchwald_hartwig,llm_evolved_kernel_exploration_patch_1_refined,583,100.0,97.3654,0.0,1,calibration,
real_buchwald_hartwig,llm_evolved_kernel_high_confidence_patch_refined,583,100.0,99.1511,0.0,1,calibration,
real_buchwald_hartwig,llm_evolved_kernel_multi_scale_ensemble_patch_refined,583,100.0,99.1511,0.0,1,calibration,
real_buchwald_hartwig,llm_evolved_kernel_safety_anchor_patch_refined,583,100.0,99.1511,0.0,1,calibration,
real_buchwald_hartwig,mixed_kernel_gp_ei,583,100.0,98.3022,0.0,1,calibration,
real_buchwald_hartwig,target_acquisition_portfolio,583,100.0,98.3022,0.0,1,calibration,
real_buchwald_hartwig,fixed_scale_ensemble_0p5_1_1p5_2_3_4,584,98.1771,88.0876,1.8229,1,calibration,
real_buchwald_hartwig,gp_ucb,584,95.7526,87.8452,4.2474,0,calibration,
real_buchwald_hartwig,llm_evolved_kernel_conservative_patch_1_refined,584,98.1771,88.0876,1.8229,1,calibration,
real_buchwald_hartwig,llm_evolved_kernel_counter_hypothesis_patch_refined,584,95.7526,83.5844,4.2474,0,calibration,
real_buchwald_hartwig,llm_evolved_kernel_exploration_patch_1_refined,584,95.7526,87.8145,4.2474,0,calibration,
real_buchwald_hartwig,llm_evolved_kernel_high_confidence_patch_refined,584,95.7526,91.3554,4.2474,0,calibration,
real_buchwald_hartwig,llm_evolved_kernel_multi_scale_ensemble_patch_refined,584,98.8492,92.2854,1.1508,1,calibration,
real_buchwald_hartwig,llm_evolved_kernel_safety_anchor_patch_refined,584,95.7526,87.8452,4.2474,0,calibration,
real_buchwald_hartwig,mixed_kernel_gp_ei,584,95.7526,83.5844,4.2474,0,calibration,
real_buchwald_hartwig,target_acquisition_portfolio,584,95.7526,87.8452,4.2474,0,calibration,
real_buchwald_hartwig,fixed_scale_ensemble_0p5_1_1p5_2_3_4,585,100.0,86.3914,0.0,1,calibration,
real_buchwald_hartwig,gp_ucb,585,98.8492,87.5927,1.1508,1,calibration,
real_buchwald_hartwig,llm_evolved_kernel_conservative_patch_1_refined,585,98.8492,87.5927,1.1508,1,calibration,
real_buchwald_hartwig,llm_evolved_kernel_counter_hypothesis_patch_refined,585,90.3714,87.0846,9.6286,0,calibration,
real_buchwald_hartwig,llm_evolved_kernel_exploration_patch_1_refined,585,100.0,85.5425,0.0,1,calibration,
real_buchwald_hartwig,llm_evolved_kernel_high_confidence_patch_refined,585,90.3714,85.7254,9.6286,0,calibration,
real_buchwald_hartwig,llm_evolved_kernel_multi_scale_ensemble_patch_refined,585,100.0,86.3914,0.0,1,calibration,
real_buchwald_hartwig,llm_evolved_kernel_safety_anchor_patch_refined,585,98.8492,87.5783,1.1508,1,calibration,
real_buchwald_hartwig,mixed_kernel_gp_ei,585,98.8492,87.4787,1.1508,1,calibration,
real_buchwald_hartwig,target_acquisition_portfolio,585,98.8492,87.5783,1.1508,1,calibration,
real_buchwald_hartwig,fixed_scale_ensemble_0p5_1_1p5_2_3_4,586,93.5878,89.0047,6.4122,0,calibration,
real_buchwald_hartwig,gp_ucb,586,93.5878,89.6398,6.4122,0,calibration,
real_buchwald_hartwig,llm_evolved_kernel_conservative_patch_1_refined,586,93.5878,89.0047,6.4122,0,calibration,
real_buchwald_hartwig,llm_evolved_kernel_counter_hypothesis_patch_refined,586,93.5878,89.6398,6.4122,0,calibration,
real_buchwald_hartwig,llm_evolved_kernel_exploration_patch_1_refined,586,92.2093,89.1587,7.7907,0,calibration,
real_buchwald_hartwig,llm_evolved_kernel_high_confidence_patch_refined,586,92.127,88.6615,7.873,0,calibration,
real_buchwald_hartwig,llm_evolved_kernel_multi_scale_ensemble_patch_refined,586,93.5878,89.0047,6.4122,0,calibration,
real_buchwald_hartwig,llm_evolved_kernel_safety_anchor_patch_refined,586,93.5878,89.0047,6.4122,0,calibration,
real_buchwald_hartwig,mixed_kernel_gp_ei,586,92.127,88.6615,7.873,0,calibration,
real_buchwald_hartwig,target_acquisition_portfolio,586,93.5878,89.6398,6.4122,0,calibration,
real_buchwald_hartwig,fixed_scale_ensemble_0p5_1_1p5_2_3_4,587,94.5498,93.3384,5.4502,0,calibration,
real_buchwald_hartwig,gp_ucb,587,98.2872,93.9434,1.7128,1,calibration,
real_buchwald_hartwig,llm_evolved_kernel_conservative_patch_1_refined,587,92.3912,92.2591,7.6088,0,calibration,
real_buchwald_hartwig,llm_evolved_kernel_counter_hypothesis_patch_refined,587,93.5878,92.7113,6.4122,0,calibration,
real_buchwald_hartwig,llm_evolved_kernel_exploration_patch_1_refined,587,94.6911,94.6341,5.3089,0,calibration,
real_buchwald_hartwig,llm_evolved_kernel_high_confidence_patch_refined,587,94.5498,93.2458,5.4502,0,calibration,
real_buchwald_hartwig,llm_evolved_kernel_multi_scale_ensemble_patch_refined,587,94.5498,93.3384,5.4502,0,calibration,
real_buchwald_hartwig,llm_evolved_kernel_safety_anchor_patch_refined,587,92.659,92.3662,7.341,0,calibration,
real_buchwald_hartwig,mixed_kernel_gp_ei,587,93.5878,92.5817,6.4122,0,calibration,
real_buchwald_hartwig,target_acquisition_portfolio,587,93.5878,92.8574,6.4122,0,calibration,
real_buchwald_hartwig,fixed_scale_ensemble_0p5_1_1p5_2_3_4,588,91.0563,83.4365,8.9437,0,calibration,
real_buchwald_hartwig,gp_ucb,588,94.5498,86.9455,5.4502,0,calibration,
real_buchwald_hartwig,llm_evolved_kernel_conservative_patch_1_refined,588,91.0563,84.0288,8.9437,0,calibration,
real_buchwald_hartwig,llm_evolved_kernel_counter_hypothesis_patch_refined,588,94.501,85.7731,5.499,0,calibration,
real_buchwald_hartwig,llm_evolved_kernel_exploration_patch_1_refined,588,91.0563,84.6051,8.9437,0,calibration,
real_buchwald_hartwig,llm_evolved_kernel_high_confidence_patch_refined,588,94.501,85.4227,5.499,0,calibration,
real_buchwald_hartwig,llm_evolved_kernel_multi_scale_ensemble_patch_refined,588,91.0563,83.4365,8.9437,0,calibration,
real_buchwald_hartwig,llm_evolved_kernel_safety_anchor_patch_refined,588,94.5498,86.9455,5.4502,0,calibration,
real_buchwald_hartwig,mixed_kernel_gp_ei,588,88.1675,84.2416,11.8325,0,calibration,
real_buchwald_hartwig,target_acquisition_portfolio,588,92.3912,86.1346,7.6088,0,calibration,
real_buchwald_hartwig,fixed_scale_ensemble_0p5_1_1p5_2_3_4,589,93.1012,91.6117,6.8988,0,calibration,
real_buchwald_hartwig,gp_ucb,589,93.4211,89.796,6.5789,0,calibration,
real_buchwald_hartwig,llm_evolved_kernel_conservative_patch_1_refined,589,93.0289,91.142,6.9711,0,calibration,
real_buchwald_hartwig,llm_evolved_kernel_counter_hypothesis_patch_refined,589,93.4211,91.2204,6.5789,0,calibration,
real_buchwald_hartwig,llm_evolved_kernel_exploration_patch_1_refined,589,94.5498,94.2601,5.4502,0,calibration,
real_buchwald_hartwig,llm_evolved_kernel_high_confidence_patch_refined,589,94.5498,92.5315,5.4502,0,calibration,
real_buchwald_hartwig,llm_evolved_kernel_multi_scale_ensemble_patch_refined,589,93.4211,91.7613,6.5789,0,calibration,
real_buchwald_hartwig,llm_evolved_kernel_safety_anchor_patch_refined,589,93.0289,91.6045,6.9711,0,calibration,
real_buchwald_hartwig,mixed_kernel_gp_ei,589,94.5498,90.9477,5.4502,0,calibration,
real_buchwald_hartwig,target_acquisition_portfolio,589,94.5498,90.8029,5.4502,0,calibration,
real_buchwald_hartwig,fixed_scale_ensemble_0p5_1_1p5_2_3_4,590,91.5286,82.5479,8.4714,0,calibration,
real_buchwald_hartwig,gp_ucb,590,94.3462,85.1714,5.6538,0,calibration,
real_buchwald_hartwig,llm_evolved_kernel_conservative_patch_1_refined,590,91.5286,82.5479,8.4714,0,calibration,
real_buchwald_hartwig,llm_evolved_kernel_counter_hypothesis_patch_refined,590,91.5286,82.5479,8.4714,0,calibration,
real_buchwald_hartwig,llm_evolved_kernel_exploration_patch_1_refined,590,91.5286,82.5479,8.4714,0,calibration,
real_buchwald_hartwig,llm_evolved_kernel_high_confidence_patch_refined,590,94.3462,83.9567,5.6538,0,calibration,
real_buchwald_hartwig,llm_evolved_kernel_multi_scale_ensemble_patch_refined,590,91.5286,82.5479,8.4714,0,calibration,
real_buchwald_hartwig,llm_evolved_kernel_safety_anchor_patch_refined,590,94.3462,85.1714,5.6538,0,calibration,
real_buchwald_hartwig,mixed_kernel_gp_ei,590,91.5286,88.2799,8.4714,0,calibration,
real_buchwald_hartwig,target_acquisition_portfolio,590,91.5286,88.2799,8.4714,0,calibration,
real_buchwald_hartwig,fixed_scale_ensemble_0p5_1_1p5_2_3_4,591,96.1323,90.2378,3.8677,0,calibration,
real_buchwald_hartwig,gp_ucb,591,90.3173,86.5357,9.6827,0,calibration,
real_buchwald_hartwig,llm_evolved_kernel_conservative_patch_1_refined,591,96.1323,90.2378,3.8677,0,calibration,
real_buchwald_hartwig,llm_evolved_kernel_counter_hypothesis_patch_refined,591,96.1323,88.8808,3.8677,0,calibration,
real_buchwald_hartwig,llm_evolved_kernel_exploration_patch_1_refined,591,95.3865,90.6643,4.6135,0,calibration,
real_buchwald_hartwig,llm_evolved_kernel_high_confidence_patch_refined,591,96.1323,90.8193,3.8677,0,calibration,
real_buchwald_hartwig,llm_evolved_kernel_multi_scale_ensemble_patch_refined,591,96.1323,90.2378,3.8677,0,calibration,
real_buchwald_hartwig,llm_evolved_kernel_safety_anchor_patch_refined,591,96.1323,91.4008,3.8677,0,calibration,
real_buchwald_hartwig,mixed_kernel_gp_ei,591,96.1323,87.8955,3.8677,0,calibration,
real_buchwald_hartwig,target_acquisition_portfolio,591,96.1323,91.1607,3.8677,0,calibration,
real_buchwald_hartwig,fixed_scale_ensemble_0p5_1_1p5_2_3_4,592,95.7526,86.2131,4.2474,0,calibration,
real_buchwald_hartwig,gp_ucb,592,94.1517,81.4603,5.8483,0,calibration,
real_buchwald_hartwig,llm_evolved_kernel_conservative_patch_1_refined,592,95.7526,86.2131,4.2474,0,calibration,
real_buchwald_hartwig,llm_evolved_kernel_counter_hypothesis_patch_refined,592,94.2969,79.6577,5.7031,0,calibration,
real_buchwald_hartwig,llm_evolved_kernel_exploration_patch_1_refined,592,94.1517,81.4665,5.8483,0,calibration,
real_buchwald_hartwig,llm_evolved_kernel_high_confidence_patch_refined,592,95.7526,86.2131,4.2474,0,calibration,
real_buchwald_hartwig,llm_evolved_kernel_multi_scale_ensemble_patch_refined,592,95.7526,86.2131,4.2474,0,calibration,
real_buchwald_hartwig,llm_evolved_kernel_safety_anchor_patch_refined,592,96.1323,81.2439,3.8677,0,calibration,
real_buchwald_hartwig,mixed_kernel_gp_ei,592,85.8947,74.699,14.1053,0,calibration,
real_buchwald_hartwig,target_acquisition_portfolio,592,94.1517,81.4603,5.8483,0,calibration,
real_buchwald_hartwig,fixed_scale_ensemble_0p5_1_1p5_2_3_4,593,94.501,92.3873,5.499,0,calibration,
real_buchwald_hartwig,gp_ucb,593,93.1012,91.8636,6.8988,0,calibration,
real_buchwald_hartwig,llm_evolved_kernel_conservative_patch_1_refined,593,93.1012,91.5474,6.8988,0,calibration,
real_buchwald_hartwig,llm_evolved_kernel_counter_hypothesis_patch_refined,593,94.501,93.4441,5.499,0,calibration,
real_buchwald_hartwig,llm_evolved_kernel_exploration_patch_1_refined,593,93.1012,93.1012,6.8988,0,calibration,
real_buchwald_hartwig,llm_evolved_kernel_high_confidence_patch_refined,593,94.501,92.5176,5.499,0,calibration,
real_buchwald_hartwig,llm_evolved_kernel_multi_scale_ensemble_patch_refined,593,94.501,92.3873,5.499,0,calibration,
real_buchwald_hartwig,llm_evolved_kernel_safety_anchor_patch_refined,593,94.5498,92.9352,5.4502,0,calibration,
real_buchwald_hartwig,mixed_kernel_gp_ei,593,94.5498,92.3704,5.4502,0,calibration,
real_buchwald_hartwig,target_acquisition_portfolio,593,92.9567,91.8347,7.0433,0,calibration,
real_buchwald_hartwig,fixed_scale_ensemble_0p5_1_1p5_2_3_4,594,95.3865,92.0398,4.6135,0,calibration,
real_buchwald_hartwig,gp_ucb,594,90.6444,85.8822,9.3556,0,calibration,
real_buchwald_hartwig,llm_evolved_kernel_conservative_patch_1_refined,594,95.3865,92.0398,4.6135,0,calibration,
real_buchwald_hartwig,llm_evolved_kernel_counter_hypothesis_patch_refined,594,90.6444,85.8822,9.3556,0,calibration,
real_buchwald_hartwig,llm_evolved_kernel_exploration_patch_1_refined,594,98.8492,94.6876,1.1508,1,calibration,
real_buchwald_hartwig,llm_evolved_kernel_high_confidence_patch_refined,594,98.8492,93.8812,1.1508,1,calibration,
real_buchwald_hartwig,llm_evolved_kernel_multi_scale_ensemble_patch_refined,594,95.3865,92.0398,4.6135,0,calibration,
real_buchwald_hartwig,llm_evolved_kernel_safety_anchor_patch_refined,594,94.1485,90.4524,5.8515,0,calibration,
real_buchwald_hartwig,mixed_kernel_gp_ei,594,90.6444,85.8822,9.3556,0,calibration,
real_buchwald_hartwig,target_acquisition_portfolio,594,90.6444,85.8822,9.3556,0,calibration,
real_buchwald_hartwig,fixed_scale_ensemble_0p5_1_1p5_2_3_4,595,94.5498,85.3089,5.4502,0,calibration,
real_buchwald_hartwig,gp_ucb,595,98.2872,86.3073,1.7128,1,calibration,
real_buchwald_hartwig,llm_evolved_kernel_conservative_patch_1_refined,595,94.5498,85.3089,5.4502,0,calibration,
real_buchwald_hartwig,llm_evolved_kernel_counter_hypothesis_patch_refined,595,94.5498,85.5247,5.4502,0,calibration,
real_buchwald_hartwig,llm_evolved_kernel_exploration_patch_1_refined,595,83.3382,72.2941,16.6618,0,calibration,
real_buchwald_hartwig,llm_evolved_kernel_high_confidence_patch_refined,595,92.659,84.2563,7.341,0,calibration,
real_buchwald_hartwig,llm_evolved_kernel_multi_scale_ensemble_patch_refined,595,98.2872,86.3073,1.7128,1,calibration,
real_buchwald_hartwig,llm_evolved_kernel_safety_anchor_patch_refined,595,93.4211,84.6415,6.5789,0,calibration,
real_buchwald_hartwig,mixed_kernel_gp_ei,595,98.2872,86.3073,1.7128,1,calibration,
real_buchwald_hartwig,target_acquisition_portfolio,595,98.2872,86.3073,1.7128,1,calibration,
real_buchwald_hartwig,fixed_scale_ensemble_0p5_1_1p5_2_3_4,596,93.3108,92.902,6.6892,0,calibration,
real_buchwald_hartwig,gp_ucb,596,93.3108,93.1064,6.6892,0,calibration,
real_buchwald_hartwig,llm_evolved_kernel_conservative_patch_1_refined,596,93.3108,92.902,6.6892,0,calibration,
real_buchwald_hartwig,llm_evolved_kernel_counter_hypothesis_patch_refined,596,93.3108,93.1064,6.6892,0,calibration,
real_buchwald_hartwig,llm_evolved_kernel_exploration_patch_1_refined,596,97.2929,94.0016,2.7071,0,calibration,
real_buchwald_hartwig,llm_evolved_kernel_high_confidence_patch_refined,596,93.3108,93.1064,6.6892,0,calibration,
real_buchwald_hartwig,llm_evolved_kernel_multi_scale_ensemble_patch_refined,596,93.3108,92.902,6.6892,0,calibration,
real_buchwald_hartwig,llm_evolved_kernel_safety_anchor_patch_refined,596,93.3108,93.1064,6.6892,0,calibration,
real_buchwald_hartwig,mixed_kernel_gp_ei,596,93.3108,93.0245,6.6892,0,calibration,
real_buchwald_hartwig,target_acquisition_portfolio,596,93.3108,93.1064,6.6892,0,calibration,
real_buchwald_hartwig,fixed_scale_ensemble_0p5_1_1p5_2_3_4,597,86.9711,86.1002,13.0289,0,calibration,
real_buchwald_hartwig,gp_ucb,597,86.0034,86.0034,13.9966,0,calibration,
real_buchwald_hartwig,llm_evolved_kernel_conservative_patch_1_refined,597,86.9711,86.1002,13.0289,0,calibration,
real_buchwald_hartwig,llm_evolved_kernel_counter_hypothesis_patch_refined,597,90.7313,87.0568,9.2687,0,calibration,
real_buchwald_hartwig,llm_evolved_kernel_exploration_patch_1_refined,597,86.0034,86.0034,13.9966,0,calibration,
real_buchwald_hartwig,llm_evolved_kernel_high_confidence_patch_refined,597,86.9711,86.1002,13.0289,0,calibration,
real_buchwald_hartwig,llm_evolved_kernel_multi_scale_ensemble_patch_refined,597,86.9711,86.1002,13.0289,0,calibration,
real_buchwald_hartwig,llm_evolved_kernel_safety_anchor_patch_refined,597,86.9711,86.1002,13.0289,0,calibration,
real_buchwald_hartwig,mixed_kernel_gp_ei,597,86.0034,86.0034,13.9966,0,calibration,
real_buchwald_hartwig,target_acquisition_portfolio,597,86.0034,86.0034,13.9966,0,calibration,
real_buchwald_hartwig,fixed_scale_ensemble_0p5_1_1p5_2_3_4,598,92.8977,92.8977,7.1023,0,calibration,
real_buchwald_hartwig,gp_ucb,598,95.129,95.129,4.871,0,calibration,
real_buchwald_hartwig,llm_evolved_kernel_conservative_patch_1_refined,598,92.8977,92.8977,7.1023,0,calibration,
real_buchwald_hartwig,llm_evolved_kernel_counter_hypothesis_patch_refined,598,95.129,95.129,4.871,0,calibration,
real_buchwald_hartwig,llm_evolved_kernel_exploration_patch_1_refined,598,93.3108,93.0216,6.6892,0,calibration,
real_buchwald_hartwig,llm_evolved_kernel_high_confidence_patch_refined,598,92.8977,92.8977,7.1023,0,calibration,
real_buchwald_hartwig,llm_evolved_kernel_multi_scale_ensemble_patch_refined,598,92.8977,92.8977,7.1023,0,calibration,
real_buchwald_hartwig,llm_evolved_kernel_safety_anchor_patch_refined,598,92.8977,92.8977,7.1023,0,calibration,
real_buchwald_hartwig,mixed_kernel_gp_ei,598,95.129,95.129,4.871,0,calibration,
real_buchwald_hartwig,target_acquisition_portfolio,598,95.129,95.129,4.871,0,calibration,
real_buchwald_hartwig,fixed_scale_ensemble_0p5_1_1p5_2_3_4,599,85.5341,85.5341,14.4659,0,calibration,
real_buchwald_hartwig,gp_ucb,599,97.948,88.257,2.052,1,calibration,
real_buchwald_hartwig,llm_evolved_kernel_conservative_patch_1_refined,599,89.6142,87.1661,10.3858,0,calibration,
real_buchwald_hartwig,llm_evolved_kernel_counter_hypothesis_patch_refined,599,97.948,89.2916,2.052,1,calibration,
real_buchwald_hartwig,llm_evolved_kernel_exploration_patch_1_refined,599,100.0,90.3137,0.0,1,calibration,
real_buchwald_hartwig,llm_evolved_kernel_high_confidence_patch_refined,599,97.948,88.8417,2.052,1,calibration,
real_buchwald_hartwig,llm_evolved_kernel_multi_scale_ensemble_patch_refined,599,88.2464,85.8165,11.7536,0,calibration,
real_buchwald_hartwig,llm_evolved_kernel_safety_anchor_patch_refined,599,89.6142,87.1661,10.3858,0,calibration,
real_buchwald_hartwig,mixed_kernel_gp_ei,599,86.1219,85.7692,13.8781,0,calibration,
real_buchwald_hartwig,target_acquisition_portfolio,599,89.6142,87.1661,10.3858,0,calibration,
real_buchwald_hartwig,fixed_scale_ensemble_0p5_1_1p5_2_3_4,700,93.4211,91.063,6.5789,0,heldout,
real_buchwald_hartwig,gp_ucb,700,93.4211,91.063,6.5789,0,heldout,
real_buchwald_hartwig,llm_calibrated_selector,700,93.4211,91.063,6.5789,0,heldout,mixed_kernel_gp_ei
real_buchwald_hartwig,llm_evolved_kernel_conservative_patch_1_refined,700,93.4211,91.063,6.5789,0,heldout,
real_buchwald_hartwig,llm_evolved_kernel_counter_hypothesis_patch_refined,700,93.4211,91.063,6.5789,0,heldout,
real_buchwald_hartwig,llm_evolved_kernel_exploration_patch_1_refined,700,93.4211,89.2722,6.5789,0,heldout,
real_buchwald_hartwig,llm_evolved_kernel_high_confidence_patch_refined,700,93.4211,91.063,6.5789,0,heldout,
real_buchwald_hartwig,llm_evolved_kernel_multi_scale_ensemble_patch_refined,700,93.4211,88.3079,6.5789,0,heldout,
real_buchwald_hartwig,llm_evolved_kernel_safety_anchor_patch_refined,700,93.4211,91.063,6.5789,0,heldout,
real_buchwald_hartwig,mixed_kernel_gp_ei,700,93.4211,91.063,6.5789,0,heldout,
real_buchwald_hartwig,target_acquisition_portfolio,700,93.4211,91.063,6.5789,0,heldout,
real_buchwald_hartwig,fixed_scale_ensemble_0p5_1_1p5_2_3_4,701,83.2944,81.739,16.7056,0,heldout,
real_buchwald_hartwig,gp_ucb,701,82.7105,78.9987,17.2895,0,heldout,
real_buchwald_hartwig,llm_calibrated_selector,701,100.0,88.0148,0.0,1,heldout,mixed_kernel_gp_ei
real_buchwald_hartwig,llm_evolved_kernel_conservative_patch_1_refined,701,82.7105,78.9987,17.2895,0,heldout,
real_buchwald_hartwig,llm_evolved_kernel_counter_hypothesis_patch_refined,701,83.2944,81.7559,16.7056,0,heldout,
real_buchwald_hartwig,llm_evolved_kernel_exploration_patch_1_refined,701,95.7526,85.0406,4.2474,0,heldout,
real_buchwald_hartwig,llm_evolved_kernel_high_confidence_patch_refined,701,100.0,89.841,0.0,1,heldout,
real_buchwald_hartwig,llm_evolved_kernel_multi_scale_ensemble_patch_refined,701,83.2944,81.739,16.7056,0,heldout,
real_buchwald_hartwig,llm_evolved_kernel_safety_anchor_patch_refined,701,82.7105,78.9987,17.2895,0,heldout,
real_buchwald_hartwig,mixed_kernel_gp_ei,701,100.0,88.0148,0.0,1,heldout,
real_buchwald_hartwig,target_acquisition_portfolio,701,82.7105,78.9987,17.2895,0,heldout,
real_buchwald_hartwig,fixed_scale_ensemble_0p5_1_1p5_2_3_4,702,89.6142,89.1122,10.3858,0,heldout,
real_buchwald_hartwig,gp_ucb,702,98.8492,94.8891,1.1508,1,heldout,
real_buchwald_hartwig,llm_calibrated_selector,702,96.1323,95.3132,3.8677,0,heldout,mixed_kernel_gp_ei
real_buchwald_hartwig,llm_evolved_kernel_conservative_patch_1_refined,702,98.8492,95.6849,1.1508,1,heldout,
real_buchwald_hartwig,llm_evolved_kernel_counter_hypothesis_patch_refined,702,96.1323,89.9313,3.8677,0,heldout,
real_buchwald_hartwig,llm_evolved_kernel_exploration_patch_1_refined,702,98.8492,94.9574,1.1508,1,heldout,
real_buchwald_hartwig,llm_evolved_kernel_high_confidence_patch_refined,702,95.7526,93.4091,4.2474,0,heldout,
real_buchwald_hartwig,llm_evolved_kernel_multi_scale_ensemble_patch_refined,702,95.7526,93.8269,4.2474,0,heldout,
real_buchwald_hartwig,llm_evolved_kernel_safety_anchor_patch_refined,702,95.7526,93.8269,4.2474,0,heldout,
real_buchwald_hartwig,mixed_kernel_gp_ei,702,96.1323,95.3132,3.8677,0,heldout,
real_buchwald_hartwig,target_acquisition_portfolio,702,95.7526,93.3408,4.2474,0,heldout,
real_buchwald_hartwig,fixed_scale_ensemble_0p5_1_1p5_2_3_4,703,84.93,83.365,15.07,0,heldout,
real_buchwald_hartwig,gp_ucb,703,82.3217,82.3217,17.6783,0,heldout,
real_buchwald_hartwig,llm_calibrated_selector,703,82.3217,82.3217,17.6783,0,heldout,mixed_kernel_gp_ei
real_buchwald_hartwig,llm_evolved_kernel_conservative_patch_1_refined,703,83.1749,82.9189,16.8251,0,heldout,
real_buchwald_hartwig,llm_evolved_kernel_counter_hypothesis_patch_refined,703,86.1944,83.2405,13.8056,0,heldout,
real_buchwald_hartwig,llm_evolved_kernel_exploration_patch_1_refined,703,91.3906,85.213,8.6094,0,heldout,
real_buchwald_hartwig,llm_evolved_kernel_high_confidence_patch_refined,703,84.6498,83.7186,15.3502,0,heldout,
real_buchwald_hartwig,llm_evolved_kernel_multi_scale_ensemble_patch_refined,703,91.3906,86.2052,8.6094,0,heldout,
real_buchwald_hartwig,llm_evolved_kernel_safety_anchor_patch_refined,703,83.1749,82.7483,16.8251,0,heldout,
real_buchwald_hartwig,mixed_kernel_gp_ei,703,82.3217,82.3217,17.6783,0,heldout,
real_buchwald_hartwig,target_acquisition_portfolio,703,82.3217,82.3217,17.6783,0,heldout,
real_buchwald_hartwig,fixed_scale_ensemble_0p5_1_1p5_2_3_4,704,94.1485,94.1485,5.8515,0,heldout,
real_buchwald_hartwig,gp_ucb,704,95.6759,94.1545,4.3241,0,heldout,
real_buchwald_hartwig,llm_calibrated_selector,704,95.6759,93.7259,4.3241,0,heldout,mixed_kernel_gp_ei
real_buchwald_hartwig,llm_evolved_kernel_conservative_patch_1_refined,704,94.1485,94.1485,5.8515,0,heldout,
real_buchwald_hartwig,llm_evolved_kernel_counter_hypothesis_patch_refined,704,95.6759,94.2151,4.3241,0,heldout,
real_buchwald_hartwig,llm_evolved_kernel_exploration_patch_1_refined,704,95.6759,95.6759,4.3241,0,heldout,
real_buchwald_hartwig,llm_evolved_kernel_high_confidence_patch_refined,704,95.6759,94.5461,4.3241,0,heldout,
real_buchwald_hartwig,llm_evolved_kernel_multi_scale_ensemble_patch_refined,704,95.0702,94.6106,4.9298,0,heldout,
real_buchwald_hartwig,llm_evolved_kernel_safety_anchor_patch_refined,704,94.1485,94.1485,5.8515,0,heldout,
real_buchwald_hartwig,mixed_kernel_gp_ei,704,95.6759,93.7259,4.3241,0,heldout,
real_buchwald_hartwig,target_acquisition_portfolio,704,95.6759,94.2151,4.3241,0,heldout,
real_buchwald_hartwig,fixed_scale_ensemble_0p5_1_1p5_2_3_4,705,92.659,92.659,7.341,0,heldout,
real_buchwald_hartwig,gp_ucb,705,92.659,92.659,7.341,0,heldout,
real_buchwald_hartwig,llm_calibrated_selector,705,94.5498,94.5498,5.4502,0,heldout,mixed_kernel_gp_ei
real_buchwald_hartwig,llm_evolved_kernel_conservative_patch_1_refined,705,92.659,92.659,7.341,0,heldout,
real_buchwald_hartwig,llm_evolved_kernel_counter_hypothesis_patch_refined,705,92.659,92.659,7.341,0,heldout,
real_buchwald_hartwig,llm_evolved_kernel_exploration_patch_1_refined,705,92.659,92.659,7.341,0,heldout,
real_buchwald_hartwig,llm_evolved_kernel_high_confidence_patch_refined,705,92.659,92.659,7.341,0,heldout,
real_buchwald_hartwig,llm_evolved_kernel_multi_scale_ensemble_patch_refined,705,92.659,92.659,7.341,0,heldout,
real_buchwald_hartwig,llm_evolved_kernel_safety_anchor_patch_refined,705,92.659,92.659,7.341,0,heldout,
real_buchwald_hartwig,mixed_kernel_gp_ei,705,94.5498,94.5498,5.4502,0,heldout,
real_buchwald_hartwig,target_acquisition_portfolio,705,92.659,92.659,7.341,0,heldout,
real_buchwald_hartwig,fixed_scale_ensemble_0p5_1_1p5_2_3_4,706,91.9334,76.6774,8.0666,0,heldout,
real_buchwald_hartwig,gp_ucb,706,94.2969,72.8591,5.7031,0,heldout,
real_buchwald_hartwig,llm_calibrated_selector,706,95.7526,74.7213,4.2474,0,heldout,mixed_kernel_gp_ei
real_buchwald_hartwig,llm_evolved_kernel_conservative_patch_1_refined,706,91.9334,76.6774,8.0666,0,heldout,
real_buchwald_hartwig,llm_evolved_kernel_counter_hypothesis_patch_refined,706,95.7526,74.7213,4.2474,0,heldout,
real_buchwald_hartwig,llm_evolved_kernel_exploration_patch_1_refined,706,94.1485,80.467,5.8515,0,heldout,
real_buchwald_hartwig,llm_evolved_kernel_high_confidence_patch_refined,706,99.6191,85.4916,0.3809,1,heldout,
real_buchwald_hartwig,llm_evolved_kernel_multi_scale_ensemble_patch_refined,706,91.9334,74.8695,8.0666,0,heldout,
real_buchwald_hartwig,llm_evolved_kernel_safety_anchor_patch_refined,706,91.9334,75.2698,8.0666,0,heldout,
real_buchwald_hartwig,mixed_kernel_gp_ei,706,95.7526,74.7213,4.2474,0,heldout,
real_buchwald_hartwig,target_acquisition_portfolio,706,95.7526,76.0637,4.2474,0,heldout,
real_buchwald_hartwig,fixed_scale_ensemble_0p5_1_1p5_2_3_4,707,73.0818,69.7251,26.9182,0,heldout,
real_buchwald_hartwig,gp_ucb,707,82.3289,79.3015,17.6711,0,heldout,
real_buchwald_hartwig,llm_calibrated_selector,707,83.9394,79.76,16.0606,0,heldout,mixed_kernel_gp_ei
real_buchwald_hartwig,llm_evolved_kernel_conservative_patch_1_refined,707,82.3289,79.3015,17.6711,0,heldout,
real_buchwald_hartwig,llm_evolved_kernel_counter_hypothesis_patch_refined,707,83.9394,77.7934,16.0606,0,heldout,
real_buchwald_hartwig,llm_evolved_kernel_exploration_patch_1_refined,707,83.2944,78.3147,16.7056,0,heldout,
real_buchwald_hartwig,llm_evolved_kernel_high_confidence_patch_refined,707,71.8275,68.209,28.1725,0,heldout,
real_buchwald_hartwig,llm_evolved_kernel_multi_scale_ensemble_patch_refined,707,82.3289,79.3015,17.6711,0,heldout,
real_buchwald_hartwig,llm_evolved_kernel_safety_anchor_patch_refined,707,82.3289,79.3015,17.6711,0,heldout,
real_buchwald_hartwig,mixed_kernel_gp_ei,707,83.9394,79.76,16.0606,0,heldout,
real_buchwald_hartwig,target_acquisition_portfolio,707,82.3289,79.3015,17.6711,0,heldout,
real_buchwald_hartwig,fixed_scale_ensemble_0p5_1_1p5_2_3_4,708,88.5139,68.0391,11.4861,0,heldout,
real_buchwald_hartwig,gp_ucb,708,86.7607,78.5493,13.2393,0,heldout,
real_buchwald_hartwig,llm_calibrated_selector,708,86.7607,78.5493,13.2393,0,heldout,mixed_kernel_gp_ei
real_buchwald_hartwig,llm_evolved_kernel_conservative_patch_1_refined,708,88.5139,68.0391,11.4861,0,heldout,
real_buchwald_hartwig,llm_evolved_kernel_counter_hypothesis_patch_refined,708,87.9408,72.2188,12.0592,0,heldout,
real_buchwald_hartwig,llm_evolved_kernel_exploration_patch_1_refined,708,88.5139,74.5516,11.4861,0,heldout,
real_buchwald_hartwig,llm_evolved_kernel_high_confidence_patch_refined,708,88.5139,73.7556,11.4861,0,heldout,
real_buchwald_hartwig,llm_evolved_kernel_multi_scale_ensemble_patch_refined,708,88.5139,68.0391,11.4861,0,heldout,
real_buchwald_hartwig,llm_evolved_kernel_safety_anchor_patch_refined,708,86.7607,78.5493,13.2393,0,heldout,
real_buchwald_hartwig,mixed_kernel_gp_ei,708,86.7607,78.5493,13.2393,0,heldout,
real_buchwald_hartwig,target_acquisition_portfolio,708,86.7607,78.5493,13.2393,0,heldout,
real_buchwald_hartwig,fixed_scale_ensemble_0p5_1_1p5_2_3_4,709,96.5912,87.3331,3.4088,0,heldout,
real_buchwald_hartwig,gp_ucb,709,93.7486,89.5953,6.2514,0,heldout,
real_buchwald_hartwig,llm_calibrated_selector,709,93.0326,86.9601,6.9674,0,heldout,mixed_kernel_gp_ei
real_buchwald_hartwig,llm_evolved_kernel_conservative_patch_1_refined,709,93.7486,89.5953,6.2514,0,heldout,
real_buchwald_hartwig,llm_evolved_kernel_counter_hypothesis_patch_refined,709,93.7486,90.426,6.2514,0,heldout,
real_buchwald_hartwig,llm_evolved_kernel_exploration_patch_1_refined,709,86.4129,85.5391,13.5871,0,heldout,
real_buchwald_hartwig,llm_evolved_kernel_high_confidence_patch_refined,709,93.7486,88.7646,6.2514,0,heldout,
real_buchwald_hartwig,llm_evolved_kernel_multi_scale_ensemble_patch_refined,709,89.5866,87.0998,10.4134,0,heldout,
real_buchwald_hartwig,llm_evolved_kernel_safety_anchor_patch_refined,709,93.7486,89.5953,6.2514,0,heldout,
real_buchwald_hartwig,mixed_kernel_gp_ei,709,93.0326,86.9601,6.9674,0,heldout,
real_buchwald_hartwig,target_acquisition_portfolio,709,93.7486,90.426,6.2514,0,heldout,
real_buchwald_hartwig,fixed_scale_ensemble_0p5_1_1p5_2_3_4,710,95.7526,87.9356,4.2474,0,heldout,
real_buchwald_hartwig,gp_ucb,710,95.7526,89.3235,4.2474,0,heldout,
real_buchwald_hartwig,llm_calibrated_selector,710,95.7526,89.4691,4.2474,0,heldout,mixed_kernel_gp_ei
real_buchwald_hartwig,llm_evolved_kernel_conservative_patch_1_refined,710,95.7526,87.9356,4.2474,0,heldout,
real_buchwald_hartwig,llm_evolved_kernel_counter_hypothesis_patch_refined,710,94.2969,83.0411,5.7031,0,heldout,
real_buchwald_hartwig,llm_evolved_kernel_exploration_patch_1_refined,710,95.6759,89.724,4.3241,0,heldout,
real_buchwald_hartwig,llm_evolved_kernel_high_confidence_patch_refined,710,95.7526,88.3723,4.2474,0,heldout,
real_buchwald_hartwig,llm_evolved_kernel_multi_scale_ensemble_patch_refined,710,95.7526,87.9356,4.2474,0,heldout,
real_buchwald_hartwig,llm_evolved_kernel_safety_anchor_patch_refined,710,95.7526,87.9356,4.2474,0,heldout,
real_buchwald_hartwig,mixed_kernel_gp_ei,710,95.7526,89.4691,4.2474,0,heldout,
real_buchwald_hartwig,target_acquisition_portfolio,710,95.7526,89.3235,4.2474,0,heldout,
real_buchwald_hartwig,fixed_scale_ensemble_0p5_1_1p5_2_3_4,711,98.7313,90.227,1.2687,1,heldout,
real_buchwald_hartwig,gp_ucb,711,94.3462,90.723,5.6538,0,heldout,
real_buchwald_hartwig,llm_calibrated_selector,711,94.3462,90.723,5.6538,0,heldout,mixed_kernel_gp_ei
real_buchwald_hartwig,llm_evolved_kernel_conservative_patch_1_refined,711,94.3462,90.723,5.6538,0,heldout,
real_buchwald_hartwig,llm_evolved_kernel_counter_hypothesis_patch_refined,711,98.7313,93.8501,1.2687,1,heldout,
real_buchwald_hartwig,llm_evolved_kernel_exploration_patch_1_refined,711,98.7313,92.4771,1.2687,1,heldout,
real_buchwald_hartwig,llm_evolved_kernel_high_confidence_patch_refined,711,98.7313,92.4771,1.2687,1,heldout,
real_buchwald_hartwig,llm_evolved_kernel_multi_scale_ensemble_patch_refined,711,98.7313,79.8405,1.2687,1,heldout,
real_buchwald_hartwig,llm_evolved_kernel_safety_anchor_patch_refined,711,94.3462,90.723,5.6538,0,heldout,
real_buchwald_hartwig,mixed_kernel_gp_ei,711,94.3462,90.723,5.6538,0,heldout,
real_buchwald_hartwig,target_acquisition_portfolio,711,94.3462,90.723,5.6538,0,heldout,
real_buchwald_hartwig,fixed_scale_ensemble_0p5_1_1p5_2_3_4,712,94.1517,94.1517,5.8483,0,heldout,
real_buchwald_hartwig,gp_ucb,712,95.7526,94.7844,4.2474,0,heldout,
real_buchwald_hartwig,llm_calibrated_selector,712,94.1517,94.1517,5.8483,0,heldout,mixed_kernel_gp_ei
real_buchwald_hartwig,llm_evolved_kernel_conservative_patch_1_refined,712,95.7526,94.632,4.2474,0,heldout,
real_buchwald_hartwig,llm_evolved_kernel_counter_hypothesis_patch_refined,712,95.7526,94.7844,4.2474,0,heldout,
real_buchwald_hartwig,llm_evolved_kernel_exploration_patch_1_refined,712,95.0702,94.4273,4.9298,0,heldout,
real_buchwald_hartwig,llm_evolved_kernel_high_confidence_patch_refined,712,95.6759,94.4565,4.3241,0,heldout,
real_buchwald_hartwig,llm_evolved_kernel_multi_scale_ensemble_patch_refined,712,94.1517,94.1517,5.8483,0,heldout,
real_buchwald_hartwig,llm_evolved_kernel_safety_anchor_patch_refined,712,94.1517,94.1517,5.8483,0,heldout,
real_buchwald_hartwig,mixed_kernel_gp_ei,712,94.1517,94.1517,5.8483,0,heldout,
real_buchwald_hartwig,target_acquisition_portfolio,712,94.1517,94.1517,5.8483,0,heldout,
real_buchwald_hartwig,fixed_scale_ensemble_0p5_1_1p5_2_3_4,713,96.1323,84.6078,3.8677,0,heldout,
real_buchwald_hartwig,gp_ucb,713,96.1323,84.6078,3.8677,0,heldout,
real_buchwald_hartwig,llm_calibrated_selector,713,96.1323,77.5357,3.8677,0,heldout,mixed_kernel_gp_ei
real_buchwald_hartwig,llm_evolved_kernel_conservative_patch_1_refined,713,96.1323,84.6078,3.8677,0,heldout,
real_buchwald_hartwig,llm_evolved_kernel_counter_hypothesis_patch_refined,713,86.7607,69.7417,13.2393,0,heldout,
real_buchwald_hartwig,llm_evolved_kernel_exploration_patch_1_refined,713,96.1323,85.0148,3.8677,0,heldout,
real_buchwald_hartwig,llm_evolved_kernel_high_confidence_patch_refined,713,96.1323,68.2658,3.8677,0,heldout,
real_buchwald_hartwig,llm_evolved_kernel_multi_scale_ensemble_patch_refined,713,96.1323,84.6078,3.8677,0,heldout,
real_buchwald_hartwig,llm_evolved_kernel_safety_anchor_patch_refined,713,96.1323,84.6078,3.8677,0,heldout,
real_buchwald_hartwig,mixed_kernel_gp_ei,713,96.1323,77.5357,3.8677,0,heldout,
real_buchwald_hartwig,target_acquisition_portfolio,713,96.1323,81.2415,3.8677,0,heldout,
real_buchwald_hartwig,fixed_scale_ensemble_0p5_1_1p5_2_3_4,714,80.6006,73.9014,19.3994,0,heldout,
real_buchwald_hartwig,gp_ucb,714,80.6006,73.9014,19.3994,0,heldout,
real_buchwald_hartwig,llm_calibrated_selector,714,80.6006,73.9014,19.3994,0,heldout,mixed_kernel_gp_ei
real_buchwald_hartwig,llm_evolved_kernel_conservative_patch_1_refined,714,80.6006,73.9014,19.3994,0,heldout,
real_buchwald_hartwig,llm_evolved_kernel_counter_hypothesis_patch_refined,714,87.902,74.6315,12.098,0,heldout,
real_buchwald_hartwig,llm_evolved_kernel_exploration_patch_1_refined,714,78.005,73.709,21.995,0,heldout,
real_buchwald_hartwig,llm_evolved_kernel_high_confidence_patch_refined,714,91.5286,80.6724,8.4714,0,heldout,
real_buchwald_hartwig,llm_evolved_kernel_multi_scale_ensemble_patch_refined,714,80.6006,74.9798,19.3994,0,heldout,
real_buchwald_hartwig,llm_evolved_kernel_safety_anchor_patch_refined,714,80.6006,73.9014,19.3994,0,heldout,
real_buchwald_hartwig,mixed_kernel_gp_ei,714,80.6006,73.9014,19.3994,0,heldout,
real_buchwald_hartwig,target_acquisition_portfolio,714,80.6006,73.9014,19.3994,0,heldout,
real_buchwald_hartwig,fixed_scale_ensemble_0p5_1_1p5_2_3_4,715,98.8492,74.4936,1.1508,1,heldout,
real_buchwald_hartwig,gp_ucb,715,98.8492,74.4936,1.1508,1,heldout,
real_buchwald_hartwig,llm_calibrated_selector,715,98.8492,76.6947,1.1508,1,heldout,mixed_kernel_gp_ei
real_buchwald_hartwig,llm_evolved_kernel_conservative_patch_1_refined,715,98.8492,74.4936,1.1508,1,heldout,
real_buchwald_hartwig,llm_evolved_kernel_counter_hypothesis_patch_refined,715,98.8492,69.6294,1.1508,1,heldout,
real_buchwald_hartwig,llm_evolved_kernel_exploration_patch_1_refined,715,92.3538,84.4858,7.6462,0,heldout,
real_buchwald_hartwig,llm_evolved_kernel_high_confidence_patch_refined,715,93.8745,67.0328,6.1255,0,heldout,
real_buchwald_hartwig,llm_evolved_kernel_multi_scale_ensemble_patch_refined,715,98.8492,74.4936,1.1508,1,heldout,
real_buchwald_hartwig,llm_evolved_kernel_safety_anchor_patch_refined,715,98.8492,74.4936,1.1508,1,heldout,
real_buchwald_hartwig,mixed_kernel_gp_ei,715,98.8492,76.6947,1.1508,1,heldout,
real_buchwald_hartwig,target_acquisition_portfolio,715,98.8492,74.4936,1.1508,1,heldout,
real_buchwald_hartwig,fixed_scale_ensemble_0p5_1_1p5_2_3_4,716,89.5592,86.6927,10.4408,0,heldout,
real_buchwald_hartwig,gp_ucb,716,86.1982,86.0204,13.8018,0,heldout,
real_buchwald_hartwig,llm_calibrated_selector,716,93.1012,91.1971,6.8988,0,heldout,mixed_kernel_gp_ei
real_buchwald_hartwig,llm_evolved_kernel_conservative_patch_1_refined,716,86.1982,86.0204,13.8018,0,heldout,
real_buchwald_hartwig,llm_evolved_kernel_counter_hypothesis_patch_refined,716,86.1982,86.0204,13.8018,0,heldout,
real_buchwald_hartwig,llm_evolved_kernel_exploration_patch_1_refined,716,93.1012,87.8318,6.8988,0,heldout,
real_buchwald_hartwig,llm_evolved_kernel_high_confidence_patch_refined,716,88.3519,86.4512,11.6481,0,heldout,
real_buchwald_hartwig,llm_evolved_kernel_multi_scale_ensemble_patch_refined,716,89.5592,86.6927,10.4408,0,heldout,
real_buchwald_hartwig,llm_evolved_kernel_safety_anchor_patch_refined,716,86.1982,86.0204,13.8018,0,heldout,
real_buchwald_hartwig,mixed_kernel_gp_ei,716,93.1012,91.1971,6.8988,0,heldout,
real_buchwald_hartwig,target_acquisition_portfolio,716,86.1982,85.5562,13.8018,0,heldout,
real_buchwald_hartwig,fixed_scale_ensemble_0p5_1_1p5_2_3_4,717,89.4195,71.8869,10.5805,0,heldout,
real_buchwald_hartwig,gp_ucb,717,80.7369,71.0187,19.2631,0,heldout,
real_buchwald_hartwig,llm_calibrated_selector,717,72.5874,64.89,27.4126,0,heldout,mixed_kernel_gp_ei
real_buchwald_hartwig,llm_evolved_kernel_conservative_patch_1_refined,717,89.4195,71.8869,10.5805,0,heldout,
real_buchwald_hartwig,llm_evolved_kernel_counter_hypothesis_patch_refined,717,80.7369,71.0187,19.2631,0,heldout,
real_buchwald_hartwig,llm_evolved_kernel_exploration_patch_1_refined,717,93.7486,82.5196,6.2514,0,heldout,
real_buchwald_hartwig,llm_evolved_kernel_high_confidence_patch_refined,717,80.7369,71.0187,19.2631,0,heldout,
real_buchwald_hartwig,llm_evolved_kernel_multi_scale_ensemble_patch_refined,717,89.4195,71.8869,10.5805,0,heldout,
real_buchwald_hartwig,llm_evolved_kernel_safety_anchor_patch_refined,717,80.7369,71.0187,19.2631,0,heldout,
real_buchwald_hartwig,mixed_kernel_gp_ei,717,72.5874,64.89,27.4126,0,heldout,
real_buchwald_hartwig,target_acquisition_portfolio,717,80.7369,71.0187,19.2631,0,heldout,
real_buchwald_hartwig,fixed_scale_ensemble_0p5_1_1p5_2_3_4,718,92.9142,89.6954,7.0858,0,heldout,
real_buchwald_hartwig,gp_ucb,718,92.9142,89.6954,7.0858,0,heldout,
real_buchwald_hartwig,llm_calibrated_selector,718,92.9142,89.6954,7.0858,0,heldout,mixed_kernel_gp_ei
real_buchwald_hartwig,llm_evolved_kernel_conservative_patch_1_refined,718,92.9142,89.6954,7.0858,0,heldout,
real_buchwald_hartwig,llm_evolved_kernel_counter_hypothesis_patch_refined,718,92.9142,89.6954,7.0858,0,heldout,
real_buchwald_hartwig,llm_evolved_kernel_exploration_patch_1_refined,718,99.6191,95.3214,0.3809,1,heldout,
real_buchwald_hartwig,llm_evolved_kernel_high_confidence_patch_refined,718,92.9142,89.6954,7.0858,0,heldout,
real_buchwald_hartwig,llm_evolved_kernel_multi_scale_ensemble_patch_refined,718,92.9142,89.6954,7.0858,0,heldout,
real_buchwald_hartwig,llm_evolved_kernel_safety_anchor_patch_refined,718,92.9142,89.6954,7.0858,0,heldout,
real_buchwald_hartwig,mixed_kernel_gp_ei,718,92.9142,89.6954,7.0858,0,heldout,
real_buchwald_hartwig,target_acquisition_portfolio,718,92.9142,89.6954,7.0858,0,heldout,
real_buchwald_hartwig,fixed_scale_ensemble_0p5_1_1p5_2_3_4,719,98.8492,95.7373,1.1508,1,heldout,
real_buchwald_hartwig,gp_ucb,719,98.8492,95.1672,1.1508,1,heldout,
real_buchwald_hartwig,llm_calibrated_selector,719,98.8492,95.6365,1.1508,1,heldout,mixed_kernel_gp_ei
real_buchwald_hartwig,llm_evolved_kernel_conservative_patch_1_refined,719,98.8492,95.7373,1.1508,1,heldout,
real_buchwald_hartwig,llm_evolved_kernel_counter_hypothesis_patch_refined,719,100.0,95.7426,0.0,1,heldout,
real_buchwald_hartwig,llm_evolved_kernel_exploration_patch_1_refined,719,98.8492,96.2492,1.1508,1,heldout,
real_buchwald_hartwig,llm_evolved_kernel_high_confidence_patch_refined,719,100.0,95.3407,0.0,1,heldout,
real_buchwald_hartwig,llm_evolved_kernel_multi_scale_ensemble_patch_refined,719,98.8492,95.7373,1.1508,1,heldout,
real_buchwald_hartwig,llm_evolved_kernel_safety_anchor_patch_refined,719,98.8492,95.1672,1.1508,1,heldout,
real_buchwald_hartwig,mixed_kernel_gp_ei,719,98.8492,95.6365,1.1508,1,heldout,
real_buchwald_hartwig,target_acquisition_portfolio,719,98.8492,95.7266,1.1508,1,heldout,
real_buchwald_hartwig,fixed_scale_ensemble_0p5_1_1p5_2_3_4,720,86.7926,78.0078,13.2074,0,heldout,
real_buchwald_hartwig,gp_ucb,720,87.2375,77.7706,12.7625,0,heldout,
real_buchwald_hartwig,llm_calibrated_selector,720,87.2375,77.7706,12.7625,0,heldout,mixed_kernel_gp_ei
real_buchwald_hartwig,llm_evolved_kernel_conservative_patch_1_refined,720,87.2375,77.7706,12.7625,0,heldout,
real_buchwald_hartwig,llm_evolved_kernel_counter_hypothesis_patch_refined,720,68.1076,68.1076,31.8924,0,heldout,
real_buchwald_hartwig,llm_evolved_kernel_exploration_patch_1_refined,720,79.3465,69.2315,20.6535,0,heldout,
real_buchwald_hartwig,llm_evolved_kernel_high_confidence_patch_refined,720,86.7926,78.0078,13.2074,0,heldout,
real_buchwald_hartwig,llm_evolved_kernel_multi_scale_ensemble_patch_refined,720,72.7719,68.574,27.2281,0,heldout,
real_buchwald_hartwig,llm_evolved_kernel_safety_anchor_patch_refined,720,86.7926,78.0078,13.2074,0,heldout,
real_buchwald_hartwig,mixed_kernel_gp_ei,720,87.2375,77.7706,12.7625,0,heldout,
real_buchwald_hartwig,target_acquisition_portfolio,720,86.7926,78.0078,13.2074,0,heldout,
real_buchwald_hartwig,fixed_scale_ensemble_0p5_1_1p5_2_3_4,721,76.4737,66.7284,23.5263,0,heldout,
real_buchwald_hartwig,gp_ucb,721,84.3397,72.4859,15.6603,0,heldout,
real_buchwald_hartwig,llm_calibrated_selector,721,96.5912,76.8775,3.4088,0,heldout,mixed_kernel_gp_ei
real_buchwald_hartwig,llm_evolved_kernel_conservative_patch_1_refined,721,89.3229,68.7677,10.6771,0,heldout,
real_buchwald_hartwig,llm_evolved_kernel_counter_hypothesis_patch_refined,721,92.5725,77.998,7.4275,0,heldout,
real_buchwald_hartwig,llm_evolved_kernel_exploration_patch_1_refined,721,88.8276,66.5844,11.1724,0,heldout,
real_buchwald_hartwig,llm_evolved_kernel_high_confidence_patch_refined,721,96.5912,75.2964,3.4088,0,heldout,
real_buchwald_hartwig,llm_evolved_kernel_multi_scale_ensemble_patch_refined,721,76.4737,66.7284,23.5263,0,heldout,
real_buchwald_hartwig,llm_evolved_kernel_safety_anchor_patch_refined,721,89.3229,68.7677,10.6771,0,heldout,
real_buchwald_hartwig,mixed_kernel_gp_ei,721,96.5912,76.8775,3.4088,0,heldout,
real_buchwald_hartwig,target_acquisition_portfolio,721,96.5912,75.2964,3.4088,0,heldout,
real_buchwald_hartwig,fixed_scale_ensemble_0p5_1_1p5_2_3_4,722,100.0,85.1504,0.0,1,heldout,
real_buchwald_hartwig,gp_ucb,722,100.0,85.1504,0.0,1,heldout,
real_buchwald_hartwig,llm_calibrated_selector,722,100.0,82.4777,0.0,1,heldout,mixed_kernel_gp_ei
real_buchwald_hartwig,llm_evolved_kernel_conservative_patch_1_refined,722,100.0,85.1504,0.0,1,heldout,
real_buchwald_hartwig,llm_evolved_kernel_counter_hypothesis_patch_refined,722,100.0,85.1504,0.0,1,heldout,
real_buchwald_hartwig,llm_evolved_kernel_exploration_patch_1_refined,722,88.4449,86.3044,11.5551,0,heldout,
real_buchwald_hartwig,llm_evolved_kernel_high_confidence_patch_refined,722,100.0,87.8231,0.0,1,heldout,
real_buchwald_hartwig,llm_evolved_kernel_multi_scale_ensemble_patch_refined,722,100.0,77.1323,0.0,1,heldout,
real_buchwald_hartwig,llm_evolved_kernel_safety_anchor_patch_refined,722,85.1402,78.0198,14.8598,0,heldout,
real_buchwald_hartwig,mixed_kernel_gp_ei,722,100.0,82.4777,0.0,1,heldout,
real_buchwald_hartwig,target_acquisition_portfolio,722,100.0,82.4777,0.0,1,heldout,
real_buchwald_hartwig,fixed_scale_ensemble_0p5_1_1p5_2_3_4,723,92.659,90.1475,7.341,0,heldout,
real_buchwald_hartwig,gp_ucb,723,92.659,90.0301,7.341,0,heldout,
real_buchwald_hartwig,llm_calibrated_selector,723,92.659,90.0301,7.341,0,heldout,mixed_kernel_gp_ei
real_buchwald_hartwig,llm_evolved_kernel_conservative_patch_1_refined,723,92.659,90.1475,7.341,0,heldout,
real_buchwald_hartwig,llm_evolved_kernel_counter_hypothesis_patch_refined,723,93.1012,91.7907,6.8988,0,heldout,
real_buchwald_hartwig,llm_evolved_kernel_exploration_patch_1_refined,723,94.5498,92.6133,5.4502,0,heldout,
real_buchwald_hartwig,llm_evolved_kernel_high_confidence_patch_refined,723,98.2872,92.164,1.7128,1,heldout,
real_buchwald_hartwig,llm_evolved_kernel_multi_scale_ensemble_patch_refined,723,94.5498,93.6323,5.4502,0,heldout,
real_buchwald_hartwig,llm_evolved_kernel_safety_anchor_patch_refined,723,92.659,90.0301,7.341,0,heldout,
real_buchwald_hartwig,mixed_kernel_gp_ei,723,92.659,90.0301,7.341,0,heldout,
real_buchwald_hartwig,target_acquisition_portfolio,723,92.659,90.0301,7.341,0,heldout,
real_buchwald_hartwig,fixed_scale_ensemble_0p5_1_1p5_2_3_4,724,94.6911,93.9188,5.3089,0,heldout,
real_buchwald_hartwig,gp_ucb,724,94.6911,93.9188,5.3089,0,heldout,
real_buchwald_hartwig,llm_calibrated_selector,724,93.5878,93.5878,6.4122,0,heldout,mixed_kernel_gp_ei
real_buchwald_hartwig,llm_evolved_kernel_conservative_patch_1_refined,724,94.6911,93.9188,5.3089,0,heldout,
real_buchwald_hartwig,llm_evolved_kernel_counter_hypothesis_patch_refined,724,94.6911,93.9188,5.3089,0,heldout,
real_buchwald_hartwig,llm_evolved_kernel_exploration_patch_1_refined,724,94.6911,93.9188,5.3089,0,heldout,
real_buchwald_hartwig,llm_evolved_kernel_high_confidence_patch_refined,724,93.5878,93.5878,6.4122,0,heldout,
real_buchwald_hartwig,llm_evolved_kernel_multi_scale_ensemble_patch_refined,724,94.6911,93.9188,5.3089,0,heldout,
real_buchwald_hartwig,llm_evolved_kernel_safety_anchor_patch_refined,724,94.6911,93.9188,5.3089,0,heldout,
real_buchwald_hartwig,mixed_kernel_gp_ei,724,93.5878,93.5878,6.4122,0,heldout,
real_buchwald_hartwig,target_acquisition_portfolio,724,94.6911,93.9188,5.3089,0,heldout,
real_buchwald_hartwig,fixed_scale_ensemble_0p5_1_1p5_2_3_4,725,98.8492,96.3059,1.1508,1,heldout,
real_buchwald_hartwig,gp_ucb,725,100.0,96.536,0.0,1,heldout,
real_buchwald_hartwig,llm_calibrated_selector,725,100.0,97.729,0.0,1,heldout,mixed_kernel_gp_ei
real_buchwald_hartwig,llm_evolved_kernel_conservative_patch_1_refined,725,100.0,96.536,0.0,1,heldout,
real_buchwald_hartwig,llm_evolved_kernel_counter_hypothesis_patch_refined,725,98.8492,95.4581,1.1508,1,heldout,
real_buchwald_hartwig,llm_evolved_kernel_exploration_patch_1_refined,725,98.8492,96.3059,1.1508,1,heldout,
real_buchwald_hartwig,llm_evolved_kernel_high_confidence_patch_refined,725,98.8492,96.3059,1.1508,1,heldout,
real_buchwald_hartwig,llm_evolved_kernel_multi_scale_ensemble_patch_refined,725,98.8492,96.3059,1.1508,1,heldout,
real_buchwald_hartwig,llm_evolved_kernel_safety_anchor_patch_refined,725,100.0,96.536,0.0,1,heldout,
real_buchwald_hartwig,mixed_kernel_gp_ei,725,100.0,97.729,0.0,1,heldout,
real_buchwald_hartwig,target_acquisition_portfolio,725,100.0,97.729,0.0,1,heldout,
real_buchwald_hartwig,fixed_scale_ensemble_0p5_1_1p5_2_3_4,726,95.7526,94.0154,4.2474,0,heldout,
real_buchwald_hartwig,gp_ucb,726,95.7526,94.2201,4.2474,0,heldout,
real_buchwald_hartwig,llm_calibrated_selector,726,95.7526,94.2201,4.2474,0,heldout,mixed_kernel_gp_ei
real_buchwald_hartwig,llm_evolved_kernel_conservative_patch_1_refined,726,95.7526,94.0154,4.2474,0,heldout,
real_buchwald_hartwig,llm_evolved_kernel_counter_hypothesis_patch_refined,726,95.7526,94.2201,4.2474,0,heldout,
real_buchwald_hartwig,llm_evolved_kernel_exploration_patch_1_refined,726,99.0345,97.7217,0.9655,1,heldout,
real_buchwald_hartwig,llm_evolved_kernel_high_confidence_patch_refined,726,95.7526,94.2201,4.2474,0,heldout,
real_buchwald_hartwig,llm_evolved_kernel_multi_scale_ensemble_patch_refined,726,95.7526,94.0154,4.2474,0,heldout,
real_buchwald_hartwig,llm_evolved_kernel_safety_anchor_patch_refined,726,95.7526,94.0154,4.2474,0,heldout,
real_buchwald_hartwig,mixed_kernel_gp_ei,726,95.7526,94.2201,4.2474,0,heldout,
real_buchwald_hartwig,target_acquisition_portfolio,726,95.7526,94.2201,4.2474,0,heldout,
real_buchwald_hartwig,fixed_scale_ensemble_0p5_1_1p5_2_3_4,727,83.3036,83.3036,16.6964,0,heldout,
real_buchwald_hartwig,gp_ucb,727,83.3036,83.3036,16.6964,0,heldout,
real_buchwald_hartwig,llm_calibrated_selector,727,83.3036,83.3036,16.6964,0,heldout,mixed_kernel_gp_ei
real_buchwald_hartwig,llm_evolved_kernel_conservative_patch_1_refined,727,83.3036,83.3036,16.6964,0,heldout,
real_buchwald_hartwig,llm_evolved_kernel_counter_hypothesis_patch_refined,727,83.3036,83.3036,16.6964,0,heldout,
real_buchwald_hartwig,llm_evolved_kernel_exploration_patch_1_refined,727,83.3036,83.3036,16.6964,0,heldout,
real_buchwald_hartwig,llm_evolved_kernel_high_confidence_patch_refined,727,83.3036,83.3036,16.6964,0,heldout,
real_buchwald_hartwig,llm_evolved_kernel_multi_scale_ensemble_patch_refined,727,83.3036,83.3036,16.6964,0,heldout,
real_buchwald_hartwig,llm_evolved_kernel_safety_anchor_patch_refined,727,83.3036,83.3036,16.6964,0,heldout,
real_buchwald_hartwig,mixed_kernel_gp_ei,727,83.3036,83.3036,16.6964,0,heldout,
real_buchwald_hartwig,target_acquisition_portfolio,727,83.3036,83.3036,16.6964,0,heldout,
real_buchwald_hartwig,fixed_scale_ensemble_0p5_1_1p5_2_3_4,728,99.0345,99.0345,0.9655,1,heldout,
real_buchwald_hartwig,gp_ucb,728,99.0345,99.0345,0.9655,1,heldout,
real_buchwald_hartwig,llm_calibrated_selector,728,99.0345,93.604,0.9655,1,heldout,mixed_kernel_gp_ei
real_buchwald_hartwig,llm_evolved_kernel_conservative_patch_1_refined,728,99.0345,99.0345,0.9655,1,heldout,
real_buchwald_hartwig,llm_evolved_kernel_counter_hypothesis_patch_refined,728,99.0345,94.8394,0.9655,1,heldout,
real_buchwald_hartwig,llm_evolved_kernel_exploration_patch_1_refined,728,88.2464,87.4411,11.7536,0,heldout,
real_buchwald_hartwig,llm_evolved_kernel_high_confidence_patch_refined,728,99.0345,99.0345,0.9655,1,heldout,
real_buchwald_hartwig,llm_evolved_kernel_multi_scale_ensemble_patch_refined,728,99.0345,99.0345,0.9655,1,heldout,
real_buchwald_hartwig,llm_evolved_kernel_safety_anchor_patch_refined,728,99.0345,99.0345,0.9655,1,heldout,
real_buchwald_hartwig,mixed_kernel_gp_ei,728,99.0345,93.604,0.9655,1,heldout,
real_buchwald_hartwig,target_acquisition_portfolio,728,99.0345,92.2211,0.9655,1,heldout,
real_buchwald_hartwig,fixed_scale_ensemble_0p5_1_1p5_2_3_4,729,93.3108,90.351,6.6892,0,heldout,
real_buchwald_hartwig,gp_ucb,729,93.3108,90.351,6.6892,0,heldout,
real_buchwald_hartwig,llm_calibrated_selector,729,93.3108,89.222,6.6892,0,heldout,mixed_kernel_gp_ei
real_buchwald_hartwig,llm_evolved_kernel_conservative_patch_1_refined,729,93.3108,90.351,6.6892,0,heldout,
real_buchwald_hartwig,llm_evolved_kernel_counter_hypothesis_patch_refined,729,93.3108,90.2953,6.6892,0,heldout,
real_buchwald_hartwig,llm_evolved_kernel_exploration_patch_1_refined,729,93.3108,89.222,6.6892,0,heldout,
real_buchwald_hartwig,llm_evolved_kernel_high_confidence_patch_refined,729,93.3108,90.2953,6.6892,0,heldout,
real_buchwald_hartwig,llm_evolved_kernel_multi_scale_ensemble_patch_refined,729,93.3108,90.351,6.6892,0,heldout,
real_buchwald_hartwig,llm_evolved_kernel_safety_anchor_patch_refined,729,93.3108,90.351,6.6892,0,heldout,
real_buchwald_hartwig,mixed_kernel_gp_ei,729,93.3108,89.222,6.6892,0,heldout,
real_buchwald_hartwig,target_acquisition_portfolio,729,93.3108,90.351,6.6892,0,heldout,
real_buchwald_hartwig,fixed_scale_ensemble_0p5_1_1p5_2_3_4,730,79.8903,76.5792,20.1097,0,heldout,
real_buchwald_hartwig,gp_ucb,730,89.6142,80.6598,10.3858,0,heldout,
real_buchwald_hartwig,llm_calibrated_selector,730,79.8903,75.8964,20.1097,0,heldout,mixed_kernel_gp_ei
real_buchwald_hartwig,llm_evolved_kernel_conservative_patch_1_refined,730,79.8903,76.5792,20.1097,0,heldout,
real_buchwald_hartwig,llm_evolved_kernel_counter_hypothesis_patch_refined,730,89.5592,80.5443,10.4408,0,heldout,
real_buchwald_hartwig,llm_evolved_kernel_exploration_patch_1_refined,730,79.8903,79.2332,20.1097,0,heldout,
real_buchwald_hartwig,llm_evolved_kernel_high_confidence_patch_refined,730,88.5139,82.1326,11.4861,0,heldout,
real_buchwald_hartwig,llm_evolved_kernel_multi_scale_ensemble_patch_refined,730,79.8903,76.5792,20.1097,0,heldout,
real_buchwald_hartwig,llm_evolved_kernel_safety_anchor_patch_refined,730,89.6142,85.3945,10.3858,0,heldout,
real_buchwald_hartwig,mixed_kernel_gp_ei,730,79.8903,75.8964,20.1097,0,heldout,
real_buchwald_hartwig,target_acquisition_portfolio,730,89.6142,80.6598,10.3858,0,heldout,
real_buchwald_hartwig,fixed_scale_ensemble_0p5_1_1p5_2_3_4,731,89.4195,89.3603,10.5805,0,heldout,
real_buchwald_hartwig,gp_ucb,731,89.4195,89.3603,10.5805,0,heldout,
real_buchwald_hartwig,llm_calibrated_selector,731,89.4195,89.3603,10.5805,0,heldout,mixed_kernel_gp_ei
real_buchwald_hartwig,llm_evolved_kernel_conservative_patch_1_refined,731,89.4195,89.3603,10.5805,0,heldout,
real_buchwald_hartwig,llm_evolved_kernel_counter_hypothesis_patch_refined,731,63.5643,55.019,36.4357,0,heldout,
real_buchwald_hartwig,llm_evolved_kernel_exploration_patch_1_refined,731,93.5641,88.3249,6.4359,0,heldout,
real_buchwald_hartwig,llm_evolved_kernel_high_confidence_patch_refined,731,89.4195,89.3603,10.5805,0,heldout,
real_buchwald_hartwig,llm_evolved_kernel_multi_scale_ensemble_patch_refined,731,93.5641,88.3249,6.4359,0,heldout,
real_buchwald_hartwig,llm_evolved_kernel_safety_anchor_patch_refined,731,89.4195,89.3603,10.5805,0,heldout,
real_buchwald_hartwig,mixed_kernel_gp_ei,731,89.4195,89.3603,10.5805,0,heldout,
real_buchwald_hartwig,target_acquisition_portfolio,731,89.4195,89.3603,10.5805,0,heldout,
real_buchwald_hartwig,fixed_scale_ensemble_0p5_1_1p5_2_3_4,732,93.3108,92.7699,6.6892,0,heldout,
real_buchwald_hartwig,gp_ucb,732,93.3108,91.6882,6.6892,0,heldout,
real_buchwald_hartwig,llm_calibrated_selector,732,93.3108,91.6882,6.6892,0,heldout,mixed_kernel_gp_ei
real_buchwald_hartwig,llm_evolved_kernel_conservative_patch_1_refined,732,93.3108,92.7699,6.6892,0,heldout,
real_buchwald_hartwig,llm_evolved_kernel_counter_hypothesis_patch_refined,732,93.3108,92.229,6.6892,0,heldout,
real_buchwald_hartwig,llm_evolved_kernel_exploration_patch_1_refined,732,93.3108,93.3108,6.6892,0,heldout,
real_buchwald_hartwig,llm_evolved_kernel_high_confidence_patch_refined,732,93.3108,93.3108,6.6892,0,heldout,
real_buchwald_hartwig,llm_evolved_kernel_multi_scale_ensemble_patch_refined,732,93.3108,92.7699,6.6892,0,heldout,
real_buchwald_hartwig,llm_evolved_kernel_safety_anchor_patch_refined,732,93.3108,92.7699,6.6892,0,heldout,
real_buchwald_hartwig,mixed_kernel_gp_ei,732,93.3108,91.6882,6.6892,0,heldout,
real_buchwald_hartwig,target_acquisition_portfolio,732,93.3108,91.6882,6.6892,0,heldout,
real_buchwald_hartwig,fixed_scale_ensemble_0p5_1_1p5_2_3_4,733,94.1517,74.9645,5.8483,0,heldout,
real_buchwald_hartwig,gp_ucb,733,95.7526,75.4295,4.2474,0,heldout,
real_buchwald_hartwig,llm_calibrated_selector,733,68.2481,60.6784,31.7519,0,heldout,mixed_kernel_gp_ei
real_buchwald_hartwig,llm_evolved_kernel_conservative_patch_1_refined,733,95.6759,75.4218,4.3241,0,heldout,
real_buchwald_hartwig,llm_evolved_kernel_counter_hypothesis_patch_refined,733,68.2481,60.6784,31.7519,0,heldout,
real_buchwald_hartwig,llm_evolved_kernel_exploration_patch_1_refined,733,68.2481,59.8137,31.7519,0,heldout,
real_buchwald_hartwig,llm_evolved_kernel_high_confidence_patch_refined,733,95.7526,80.0642,4.2474,0,heldout,
real_buchwald_hartwig,llm_evolved_kernel_multi_scale_ensemble_patch_refined,733,98.1771,79.8418,1.8229,1,heldout,
real_buchwald_hartwig,llm_evolved_kernel_safety_anchor_patch_refined,733,95.7526,75.4295,4.2474,0,heldout,
real_buchwald_hartwig,mixed_kernel_gp_ei,733,68.2481,60.6784,31.7519,0,heldout,
real_buchwald_hartwig,target_acquisition_portfolio,733,95.7526,80.0642,4.2474,0,heldout,
real_buchwald_hartwig,fixed_scale_ensemble_0p5_1_1p5_2_3_4,734,89.6142,88.4748,10.3858,0,heldout,
real_buchwald_hartwig,gp_ucb,734,89.6142,88.4748,10.3858,0,heldout,
real_buchwald_hartwig,llm_calibrated_selector,734,99.6191,93.3493,0.3809,1,heldout,mixed_kernel_gp_ei
real_buchwald_hartwig,llm_evolved_kernel_conservative_patch_1_refined,734,89.6142,88.4748,10.3858,0,heldout,
real_buchwald_hartwig,llm_evolved_kernel_counter_hypothesis_patch_refined,734,89.6142,88.4748,10.3858,0,heldout,
real_buchwald_hartwig,llm_evolved_kernel_exploration_patch_1_refined,734,89.6142,89.0472,10.3858,0,heldout,
real_buchwald_hartwig,llm_evolved_kernel_high_confidence_patch_refined,734,89.6142,88.4748,10.3858,0,heldout,
real_buchwald_hartwig,llm_evolved_kernel_multi_scale_ensemble_patch_refined,734,89.6142,87.3409,10.3858,0,heldout,
real_buchwald_hartwig,llm_evolved_kernel_safety_anchor_patch_refined,734,97.948,86.6332,2.052,1,heldout,
real_buchwald_hartwig,mixed_kernel_gp_ei,734,99.6191,93.3493,0.3809,1,heldout,
real_buchwald_hartwig,target_acquisition_portfolio,734,89.5592,87.9115,10.4408,0,heldout,
real_buchwald_hartwig,fixed_scale_ensemble_0p5_1_1p5_2_3_4,735,94.8799,85.0495,5.1201,0,heldout,
real_buchwald_hartwig,gp_ucb,735,97.2929,87.9263,2.7071,0,heldout,
real_buchwald_hartwig,llm_calibrated_selector,735,97.2929,94.1707,2.7071,0,heldout,mixed_kernel_gp_ei
real_buchwald_hartwig,llm_evolved_kernel_conservative_patch_1_refined,735,97.2929,87.9263,2.7071,0,heldout,
real_buchwald_hartwig,llm_evolved_kernel_counter_hypothesis_patch_refined,735,97.2929,87.9263,2.7071,0,heldout,
real_buchwald_hartwig,llm_evolved_kernel_exploration_patch_1_refined,735,97.2929,91.0485,2.7071,0,heldout,
real_buchwald_hartwig,llm_evolved_kernel_high_confidence_patch_refined,735,93.3108,84.0209,6.6892,0,heldout,
real_buchwald_hartwig,llm_evolved_kernel_multi_scale_ensemble_patch_refined,735,94.8799,85.0495,5.1201,0,heldout,
real_buchwald_hartwig,llm_evolved_kernel_safety_anchor_patch_refined,735,97.2929,87.9263,2.7071,0,heldout,
real_buchwald_hartwig,mixed_kernel_gp_ei,735,97.2929,94.1707,2.7071,0,heldout,
real_buchwald_hartwig,target_acquisition_portfolio,735,97.2929,87.9263,2.7071,0,heldout,
real_buchwald_hartwig,fixed_scale_ensemble_0p5_1_1p5_2_3_4,736,100.0,86.1084,0.0,1,heldout,
real_buchwald_hartwig,gp_ucb,736,91.511,83.0217,8.489,0,heldout,
real_buchwald_hartwig,llm_calibrated_selector,736,95.7526,81.0364,4.2474,0,heldout,mixed_kernel_gp_ei
real_buchwald_hartwig,llm_evolved_kernel_conservative_patch_1_refined,736,91.9334,81.6884,8.0666,0,heldout,
real_buchwald_hartwig,llm_evolved_kernel_counter_hypothesis_patch_refined,736,95.7526,85.6837,4.2474,0,heldout,
real_buchwald_hartwig,llm_evolved_kernel_exploration_patch_1_refined,736,98.8492,90.9238,1.1508,1,heldout,
real_buchwald_hartwig,llm_evolved_kernel_high_confidence_patch_refined,736,100.0,86.4933,0.0,1,heldout,
real_buchwald_hartwig,llm_evolved_kernel_multi_scale_ensemble_patch_refined,736,100.0,86.1084,0.0,1,heldout,
real_buchwald_hartwig,llm_evolved_kernel_safety_anchor_patch_refined,736,99.6191,86.4553,0.3809,1,heldout,
real_buchwald_hartwig,mixed_kernel_gp_ei,736,95.7526,81.0364,4.2474,0,heldout,
real_buchwald_hartwig,target_acquisition_portfolio,736,97.5685,80.8766,2.4315,1,heldout,
real_buchwald_hartwig,fixed_scale_ensemble_0p5_1_1p5_2_3_4,737,83.0547,81.3176,16.9453,0,heldout,
real_buchwald_hartwig,gp_ucb,737,85.8947,83.7399,14.1053,0,heldout,
real_buchwald_hartwig,llm_calibrated_selector,737,83.9394,81.8484,16.0606,0,heldout,mixed_kernel_gp_ei
real_buchwald_hartwig,llm_evolved_kernel_conservative_patch_1_refined,737,85.8947,83.7399,14.1053,0,heldout,
real_buchwald_hartwig,llm_evolved_kernel_counter_hypothesis_patch_refined,737,85.8947,83.0216,14.1053,0,heldout,
real_buchwald_hartwig,llm_evolved_kernel_exploration_patch_1_refined,737,85.8947,85.8947,14.1053,0,heldout,
real_buchwald_hartwig,llm_evolved_kernel_high_confidence_patch_refined,737,83.9394,82.3712,16.0606,0,heldout,
real_buchwald_hartwig,llm_evolved_kernel_multi_scale_ensemble_patch_refined,737,83.0547,81.3176,16.9453,0,heldout,
real_buchwald_hartwig,llm_evolved_kernel_safety_anchor_patch_refined,737,85.8947,83.7399,14.1053,0,heldout,
real_buchwald_hartwig,mixed_kernel_gp_ei,737,83.9394,81.8484,16.0606,0,heldout,
real_buchwald_hartwig,target_acquisition_portfolio,737,85.8947,83.7399,14.1053,0,heldout,
real_buchwald_hartwig,fixed_scale_ensemble_0p5_1_1p5_2_3_4,738,98.8492,93.5227,1.1508,1,heldout,
real_buchwald_hartwig,gp_ucb,738,98.8492,96.8704,1.1508,1,heldout,
real_buchwald_hartwig,llm_calibrated_selector,738,100.0,97.4458,0.0,1,heldout,mixed_kernel_gp_ei
real_buchwald_hartwig,llm_evolved_kernel_conservative_patch_1_refined,738,83.2944,82.8711,16.7056,0,heldout,
real_buchwald_hartwig,llm_evolved_kernel_counter_hypothesis_patch_refined,738,95.7526,94.4828,4.2474,0,heldout,
real_buchwald_hartwig,llm_evolved_kernel_exploration_patch_1_refined,738,83.9394,83.7625,16.0606,0,heldout,
real_buchwald_hartwig,llm_evolved_kernel_high_confidence_patch_refined,738,95.7526,90.2645,4.2474,0,heldout,
real_buchwald_hartwig,llm_evolved_kernel_multi_scale_ensemble_patch_refined,738,98.8492,94.142,1.1508,1,heldout,
real_buchwald_hartwig,llm_evolved_kernel_safety_anchor_patch_refined,738,98.8492,93.5227,1.1508,1,heldout,
real_buchwald_hartwig,mixed_kernel_gp_ei,738,100.0,97.4458,0.0,1,heldout,
real_buchwald_hartwig,target_acquisition_portfolio,738,95.7526,94.4828,4.2474,0,heldout,
real_buchwald_hartwig,fixed_scale_ensemble_0p5_1_1p5_2_3_4,739,59.795,54.8414,40.205,0,heldout,
real_buchwald_hartwig,gp_ucb,739,59.795,54.8414,40.205,0,heldout,
real_buchwald_hartwig,llm_calibrated_selector,739,58.2347,54.0662,41.7653,0,heldout,mixed_kernel_gp_ei
real_buchwald_hartwig,llm_evolved_kernel_conservative_patch_1_refined,739,58.2347,54.0662,41.7653,0,heldout,
real_buchwald_hartwig,llm_evolved_kernel_counter_hypothesis_patch_refined,739,84.3397,72.5584,15.6603,0,heldout,
real_buchwald_hartwig,llm_evolved_kernel_exploration_patch_1_refined,739,85.8123,82.9696,14.1877,0,heldout,
real_buchwald_hartwig,llm_evolved_kernel_high_confidence_patch_refined,739,61.2784,54.3705,38.7216,0,heldout,
real_buchwald_hartwig,llm_evolved_kernel_multi_scale_ensemble_patch_refined,739,58.2347,54.0662,41.7653,0,heldout,
real_buchwald_hartwig,llm_evolved_kernel_safety_anchor_patch_refined,739,59.795,54.8414,40.205,0,heldout,
real_buchwald_hartwig,mixed_kernel_gp_ei,739,58.2347,54.0662,41.7653,0,heldout,
real_buchwald_hartwig,target_acquisition_portfolio,739,59.795,54.8414,40.205,0,heldout,
real_buchwald_hartwig,fixed_scale_ensemble_0p5_1_1p5_2_3_4,740,89.5592,86.6585,10.4408,0,heldout,
real_buchwald_hartwig,gp_ucb,740,89.5592,86.6585,10.4408,0,heldout,
real_buchwald_hartwig,llm_calibrated_selector,740,89.5592,86.6585,10.4408,0,heldout,mixed_kernel_gp_ei
real_buchwald_hartwig,llm_evolved_kernel_conservative_patch_1_refined,740,89.5592,86.6585,10.4408,0,heldout,
real_buchwald_hartwig,llm_evolved_kernel_counter_hypothesis_patch_refined,740,89.5592,86.6585,10.4408,0,heldout,
real_buchwald_hartwig,llm_evolved_kernel_exploration_patch_1_refined,740,89.6142,86.6915,10.3858,0,heldout,
real_buchwald_hartwig,llm_evolved_kernel_high_confidence_patch_refined,740,89.5592,86.6585,10.4408,0,heldout,
real_buchwald_hartwig,llm_evolved_kernel_multi_scale_ensemble_patch_refined,740,89.5592,86.6585,10.4408,0,heldout,
real_buchwald_hartwig,llm_evolved_kernel_safety_anchor_patch_refined,740,89.5592,86.6585,10.4408,0,heldout,
real_buchwald_hartwig,mixed_kernel_gp_ei,740,89.5592,86.6585,10.4408,0,heldout,
real_buchwald_hartwig,target_acquisition_portfolio,740,89.5592,86.6585,10.4408,0,heldout,
real_buchwald_hartwig,fixed_scale_ensemble_0p5_1_1p5_2_3_4,741,93.0326,89.3499,6.9674,0,heldout,
real_buchwald_hartwig,gp_ucb,741,93.0326,87.607,6.9674,0,heldout,
real_buchwald_hartwig,llm_calibrated_selector,741,89.4195,87.6238,10.5805,0,heldout,mixed_kernel_gp_ei
real_buchwald_hartwig,llm_evolved_kernel_conservative_patch_1_refined,741,93.0326,87.607,6.9674,0,heldout,
real_buchwald_hartwig,llm_evolved_kernel_counter_hypothesis_patch_refined,741,81.2989,80.9617,18.7011,0,heldout,
real_buchwald_hartwig,llm_evolved_kernel_exploration_patch_1_refined,741,88.8276,88.8276,11.1724,0,heldout,
real_buchwald_hartwig,llm_evolved_kernel_high_confidence_patch_refined,741,85.4018,81.8385,14.5982,0,heldout,
real_buchwald_hartwig,llm_evolved_kernel_multi_scale_ensemble_patch_refined,741,93.0326,89.3499,6.9674,0,heldout,
real_buchwald_hartwig,llm_evolved_kernel_safety_anchor_patch_refined,741,85.4018,81.8385,14.5982,0,heldout,
real_buchwald_hartwig,mixed_kernel_gp_ei,741,89.4195,87.6238,10.5805,0,heldout,
real_buchwald_hartwig,target_acquisition_portfolio,741,93.0326,87.613,6.9674,0,heldout,
real_buchwald_hartwig,fixed_scale_ensemble_0p5_1_1p5_2_3_4,742,89.6142,83.4217,10.3858,0,heldout,
real_buchwald_hartwig,gp_ucb,742,89.6142,81.0082,10.3858,0,heldout,
real_buchwald_hartwig,llm_calibrated_selector,742,89.6142,83.0966,10.3858,0,heldout,mixed_kernel_gp_ei
real_buchwald_hartwig,llm_evolved_kernel_conservative_patch_1_refined,742,89.6142,83.4217,10.3858,0,heldout,
real_buchwald_hartwig,llm_evolved_kernel_counter_hypothesis_patch_refined,742,89.6142,81.0082,10.3858,0,heldout,
real_buchwald_hartwig,llm_evolved_kernel_exploration_patch_1_refined,742,97.948,80.9926,2.052,1,heldout,
real_buchwald_hartwig,llm_evolved_kernel_high_confidence_patch_refined,742,89.6142,82.5662,10.3858,0,heldout,
real_buchwald_hartwig,llm_evolved_kernel_multi_scale_ensemble_patch_refined,742,89.6142,83.4217,10.3858,0,heldout,
real_buchwald_hartwig,llm_evolved_kernel_safety_anchor_patch_refined,742,89.6142,82.5717,10.3858,0,heldout,
real_buchwald_hartwig,mixed_kernel_gp_ei,742,89.6142,83.0966,10.3858,0,heldout,
real_buchwald_hartwig,target_acquisition_portfolio,742,89.6142,82.5662,10.3858,0,heldout,
real_buchwald_hartwig,fixed_scale_ensemble_0p5_1_1p5_2_3_4,743,93.1012,70.5335,6.8988,0,heldout,
real_buchwald_hartwig,gp_ucb,743,92.9567,70.519,7.0433,0,heldout,
real_buchwald_hartwig,llm_calibrated_selector,743,93.1012,81.1705,6.8988,0,heldout,mixed_kernel_gp_ei
real_buchwald_hartwig,llm_evolved_kernel_conservative_patch_1_refined,743,92.9567,70.519,7.0433,0,heldout,
real_buchwald_hartwig,llm_evolved_kernel_counter_hypothesis_patch_refined,743,93.1012,81.6402,6.8988,0,heldout,
real_buchwald_hartwig,llm_evolved_kernel_exploration_patch_1_refined,743,98.2872,74.301,1.7128,1,heldout,
real_buchwald_hartwig,llm_evolved_kernel_high_confidence_patch_refined,743,93.1012,75.852,6.8988,0,heldout,
real_buchwald_hartwig,llm_evolved_kernel_multi_scale_ensemble_patch_refined,743,98.2872,71.0521,1.7128,1,heldout,
real_buchwald_hartwig,llm_evolved_kernel_safety_anchor_patch_refined,743,98.2872,71.0521,1.7128,1,heldout,
real_buchwald_hartwig,mixed_kernel_gp_ei,743,93.1012,81.1705,6.8988,0,heldout,
real_buchwald_hartwig,target_acquisition_portfolio,743,98.2872,76.8892,1.7128,1,heldout,
real_buchwald_hartwig,fixed_scale_ensemble_0p5_1_1p5_2_3_4,744,100.0,99.5387,0.0,1,heldout,
real_buchwald_hartwig,gp_ucb,744,100.0,99.5387,0.0,1,heldout,
real_buchwald_hartwig,llm_calibrated_selector,744,100.0,99.0773,0.0,1,heldout,mixed_kernel_gp_ei
real_buchwald_hartwig,llm_evolved_kernel_conservative_patch_1_refined,744,100.0,99.5387,0.0,1,heldout,
real_buchwald_hartwig,llm_evolved_kernel_counter_hypothesis_patch_refined,744,100.0,99.5387,0.0,1,heldout,
real_buchwald_hartwig,llm_evolved_kernel_exploration_patch_1_refined,744,100.0,100.0,0.0,1,heldout,
real_buchwald_hartwig,llm_evolved_kernel_high_confidence_patch_refined,744,100.0,99.5387,0.0,1,heldout,
real_buchwald_hartwig,llm_evolved_kernel_multi_scale_ensemble_patch_refined,744,100.0,99.5387,0.0,1,heldout,
real_buchwald_hartwig,llm_evolved_kernel_safety_anchor_patch_refined,744,100.0,99.5387,0.0,1,heldout,
real_buchwald_hartwig,mixed_kernel_gp_ei,744,100.0,99.0773,0.0,1,heldout,
real_buchwald_hartwig,target_acquisition_portfolio,744,100.0,99.5387,0.0,1,heldout,
real_buchwald_hartwig,fixed_scale_ensemble_0p5_1_1p5_2_3_4,745,95.7526,74.4418,4.2474,0,heldout,
real_buchwald_hartwig,gp_ucb,745,95.7526,74.4418,4.2474,0,heldout,
real_buchwald_hartwig,llm_calibrated_selector,745,83.9394,73.2605,16.0606,0,heldout,mixed_kernel_gp_ei
real_buchwald_hartwig,llm_evolved_kernel_conservative_patch_1_refined,745,95.7526,74.4418,4.2474,0,heldout,
real_buchwald_hartwig,llm_evolved_kernel_counter_hypothesis_patch_refined,745,95.7526,74.4418,4.2474,0,heldout,
real_buchwald_hartwig,llm_evolved_kernel_exploration_patch_1_refined,745,67.6962,66.4578,32.3038,0,heldout,
real_buchwald_hartwig,llm_evolved_kernel_high_confidence_patch_refined,745,81.4779,72.699,18.5221,0,heldout,
real_buchwald_hartwig,llm_evolved_kernel_multi_scale_ensemble_patch_refined,745,95.7526,74.4418,4.2474,0,heldout,
real_buchwald_hartwig,llm_evolved_kernel_safety_anchor_patch_refined,745,83.0547,73.172,16.9453,0,heldout,
real_buchwald_hartwig,mixed_kernel_gp_ei,745,83.9394,73.2605,16.0606,0,heldout,
real_buchwald_hartwig,target_acquisition_portfolio,745,83.0547,73.172,16.9453,0,heldout,
real_buchwald_hartwig,fixed_scale_ensemble_0p5_1_1p5_2_3_4,746,81.0209,80.7183,18.9791,0,heldout,
real_buchwald_hartwig,gp_ucb,746,80.5886,80.5886,19.4114,0,heldout,
real_buchwald_hartwig,llm_calibrated_selector,746,81.0209,80.7615,18.9791,0,heldout,mixed_kernel_gp_ei
real_buchwald_hartwig,llm_evolved_kernel_conservative_patch_1_refined,746,81.0209,80.7183,18.9791,0,heldout,
real_buchwald_hartwig,llm_evolved_kernel_counter_hypothesis_patch_refined,746,81.0209,80.6751,18.9791,0,heldout,
real_buchwald_hartwig,llm_evolved_kernel_exploration_patch_1_refined,746,82.3289,79.7232,17.6711,0,heldout,
real_buchwald_hartwig,llm_evolved_kernel_high_confidence_patch_refined,746,81.0209,80.6318,18.9791,0,heldout,
real_buchwald_hartwig,llm_evolved_kernel_multi_scale_ensemble_patch_refined,746,91.9334,81.7231,8.0666,0,heldout,
real_buchwald_hartwig,llm_evolved_kernel_safety_anchor_patch_refined,746,80.5886,80.5886,19.4114,0,heldout,
real_buchwald_hartwig,mixed_kernel_gp_ei,746,81.0209,80.7615,18.9791,0,heldout,
real_buchwald_hartwig,target_acquisition_portfolio,746,80.5886,80.5886,19.4114,0,heldout,
real_buchwald_hartwig,fixed_scale_ensemble_0p5_1_1p5_2_3_4,747,90.9905,87.2271,9.0095,0,heldout,
real_buchwald_hartwig,gp_ucb,747,86.6896,86.621,13.3104,0,heldout,
real_buchwald_hartwig,llm_calibrated_selector,747,88.4464,86.7967,11.5536,0,heldout,mixed_kernel_gp_ei
real_buchwald_hartwig,llm_evolved_kernel_conservative_patch_1_refined,747,90.9905,87.2271,9.0095,0,heldout,
real_buchwald_hartwig,llm_evolved_kernel_counter_hypothesis_patch_refined,747,88.4464,86.8653,11.5536,0,heldout,
real_buchwald_hartwig,llm_evolved_kernel_exploration_patch_1_refined,747,90.9905,87.3912,9.0095,0,heldout,
real_buchwald_hartwig,llm_evolved_kernel_high_confidence_patch_refined,747,88.4464,86.8653,11.5536,0,heldout,
real_buchwald_hartwig,llm_evolved_kernel_multi_scale_ensemble_patch_refined,747,91.511,87.1717,8.489,0,heldout,
real_buchwald_hartwig,llm_evolved_kernel_safety_anchor_patch_refined,747,87.7641,86.9045,12.2359,0,heldout,
real_buchwald_hartwig,mixed_kernel_gp_ei,747,88.4464,86.7967,11.5536,0,heldout,
real_buchwald_hartwig,target_acquisition_portfolio,747,90.9905,87.0511,9.0095,0,heldout,
real_buchwald_hartwig,fixed_scale_ensemble_0p5_1_1p5_2_3_4,748,100.0,94.6766,0.0,1,heldout,
real_buchwald_hartwig,gp_ucb,748,100.0,95.7657,0.0,1,heldout,
real_buchwald_hartwig,llm_calibrated_selector,748,100.0,95.7657,0.0,1,heldout,mixed_kernel_gp_ei
real_buchwald_hartwig,llm_evolved_kernel_conservative_patch_1_refined,748,100.0,94.6766,0.0,1,heldout,
real_buchwald_hartwig,llm_evolved_kernel_counter_hypothesis_patch_refined,748,100.0,94.6766,0.0,1,heldout,
real_buchwald_hartwig,llm_evolved_kernel_exploration_patch_1_refined,748,100.0,94.6766,0.0,1,heldout,
real_buchwald_hartwig,llm_evolved_kernel_high_confidence_patch_refined,748,100.0,95.7657,0.0,1,heldout,
real_buchwald_hartwig,llm_evolved_kernel_multi_scale_ensemble_patch_refined,748,100.0,94.6766,0.0,1,heldout,
real_buchwald_hartwig,llm_evolved_kernel_safety_anchor_patch_refined,748,100.0,95.7657,0.0,1,heldout,
real_buchwald_hartwig,mixed_kernel_gp_ei,748,100.0,95.7657,0.0,1,heldout,
real_buchwald_hartwig,target_acquisition_portfolio,748,100.0,95.7657,0.0,1,heldout,
real_buchwald_hartwig,fixed_scale_ensemble_0p5_1_1p5_2_3_4,749,90.3714,87.9185,9.6286,0,heldout,
real_buchwald_hartwig,gp_ucb,749,90.3714,86.9827,9.6286,0,heldout,
real_buchwald_hartwig,llm_calibrated_selector,749,90.3714,87.9472,9.6286,0,heldout,mixed_kernel_gp_ei
real_buchwald_hartwig,llm_evolved_kernel_conservative_patch_1_refined,749,90.3714,87.9185,9.6286,0,heldout,
real_buchwald_hartwig,llm_evolved_kernel_counter_hypothesis_patch_refined,749,90.3714,87.9328,9.6286,0,heldout,
real_buchwald_hartwig,llm_evolved_kernel_exploration_patch_1_refined,749,90.3714,86.5735,9.6286,0,heldout,
real_buchwald_hartwig,llm_evolved_kernel_high_confidence_patch_refined,749,90.3714,87.9328,9.6286,0,heldout,
real_buchwald_hartwig,llm_evolved_kernel_multi_scale_ensemble_patch_refined,749,90.3714,87.9472,9.6286,0,heldout,
real_buchwald_hartwig,llm_evolved_kernel_safety_anchor_patch_refined,749,90.3714,86.9683,9.6286,0,heldout,
real_buchwald_hartwig,mixed_kernel_gp_ei,749,90.3714,87.9472,9.6286,0,heldout,
real_buchwald_hartwig,target_acquisition_portfolio,749,90.3714,87.9472,9.6286,0,heldout,
real_buchwald_hartwig,fixed_scale_ensemble_0p5_1_1p5_2_3_4,750,91.1391,83.4332,8.8609,0,heldout,
real_buchwald_hartwig,gp_ucb,750,91.1391,83.4332,8.8609,0,heldout,
real_buchwald_hartwig,llm_calibrated_selector,750,98.8492,87.9156,1.1508,1,heldout,mixed_kernel_gp_ei
real_buchwald_hartwig,llm_evolved_kernel_conservative_patch_1_refined,750,91.1391,83.4332,8.8609,0,heldout,
real_buchwald_hartwig,llm_evolved_kernel_counter_hypothesis_patch_refined,750,98.8492,87.9156,1.1508,1,heldout,
real_buchwald_hartwig,llm_evolved_kernel_exploration_patch_1_refined,750,93.0326,75.6655,6.9674,0,heldout,
real_buchwald_hartwig,llm_evolved_kernel_high_confidence_patch_refined,750,98.8492,87.9156,1.1508,1,heldout,
real_buchwald_hartwig,llm_evolved_kernel_multi_scale_ensemble_patch_refined,750,92.3538,87.509,7.6462,0,heldout,
real_buchwald_hartwig,llm_evolved_kernel_safety_anchor_patch_refined,750,92.3538,83.6761,7.6462,0,heldout,
real_buchwald_hartwig,mixed_kernel_gp_ei,750,98.8492,87.9156,1.1508,1,heldout,
real_buchwald_hartwig,target_acquisition_portfolio,750,98.1771,87.9699,1.8229,1,heldout,
real_buchwald_hartwig,fixed_scale_ensemble_0p5_1_1p5_2_3_4,751,93.7486,90.2936,6.2514,0,heldout,
real_buchwald_hartwig,gp_ucb,751,93.7486,88.5661,6.2514,0,heldout,
real_buchwald_hartwig,llm_calibrated_selector,751,93.7486,88.5661,6.2514,0,heldout,mixed_kernel_gp_ei
real_buchwald_hartwig,llm_evolved_kernel_conservative_patch_1_refined,751,93.7486,90.2936,6.2514,0,heldout,
real_buchwald_hartwig,llm_evolved_kernel_counter_hypothesis_patch_refined,751,93.7486,88.5661,6.2514,0,heldout,
real_buchwald_hartwig,llm_evolved_kernel_exploration_patch_1_refined,751,93.7486,88.9928,6.2514,0,heldout,
real_buchwald_hartwig,llm_evolved_kernel_high_confidence_patch_refined,751,93.7486,90.2936,6.2514,0,heldout,
real_buchwald_hartwig,llm_evolved_kernel_multi_scale_ensemble_patch_refined,751,93.7486,90.2936,6.2514,0,heldout,
real_buchwald_hartwig,llm_evolved_kernel_safety_anchor_patch_refined,751,93.7486,90.2936,6.2514,0,heldout,
real_buchwald_hartwig,mixed_kernel_gp_ei,751,93.7486,88.5661,6.2514,0,heldout,
real_buchwald_hartwig,target_acquisition_portfolio,751,93.7486,88.5661,6.2514,0,heldout,
real_buchwald_hartwig,fixed_scale_ensemble_0p5_1_1p5_2_3_4,752,90.2279,78.1022,9.7721,0,heldout,
real_buchwald_hartwig,gp_ucb,752,90.2279,77.1488,9.7721,0,heldout,
real_buchwald_hartwig,llm_calibrated_selector,752,80.1023,78.1943,19.8977,0,heldout,mixed_kernel_gp_ei
real_buchwald_hartwig,llm_evolved_kernel_conservative_patch_1_refined,752,90.2279,78.1022,9.7721,0,heldout,
real_buchwald_hartwig,llm_evolved_kernel_counter_hypothesis_patch_refined,752,86.2198,75.8021,13.7802,0,heldout,
real_buchwald_hartwig,llm_evolved_kernel_exploration_patch_1_refined,752,80.9041,77.1731,19.0959,0,heldout,
real_buchwald_hartwig,llm_evolved_kernel_high_confidence_patch_refined,752,85.1447,75.4356,14.8553,0,heldout,
real_buchwald_hartwig,llm_evolved_kernel_multi_scale_ensemble_patch_refined,752,90.2279,79.0031,9.7721,0,heldout,
real_buchwald_hartwig,llm_evolved_kernel_safety_anchor_patch_refined,752,90.2279,77.1488,9.7721,0,heldout,
real_buchwald_hartwig,mixed_kernel_gp_ei,752,80.1023,78.1943,19.8977,0,heldout,
real_buchwald_hartwig,target_acquisition_portfolio,752,90.2279,77.1488,9.7721,0,heldout,
real_buchwald_hartwig,fixed_scale_ensemble_0p5_1_1p5_2_3_4,753,100.0,91.5615,0.0,1,heldout,
real_buchwald_hartwig,gp_ucb,753,100.0,91.5615,0.0,1,heldout,
real_buchwald_hartwig,llm_calibrated_selector,753,100.0,91.5615,0.0,1,heldout,mixed_kernel_gp_ei
real_buchwald_hartwig,llm_evolved_kernel_conservative_patch_1_refined,753,100.0,91.5615,0.0,1,heldout,
real_buchwald_hartwig,llm_evolved_kernel_counter_hypothesis_patch_refined,753,100.0,91.5615,0.0,1,heldout,
real_buchwald_hartwig,llm_evolved_kernel_exploration_patch_1_refined,753,98.1771,78.2883,1.8229,1,heldout,
real_buchwald_hartwig,llm_evolved_kernel_high_confidence_patch_refined,753,100.0,88.2155,0.0,1,heldout,
real_buchwald_hartwig,llm_evolved_kernel_multi_scale_ensemble_patch_refined,753,86.2198,78.7342,13.7802,0,heldout,
real_buchwald_hartwig,llm_evolved_kernel_safety_anchor_patch_refined,753,100.0,91.5615,0.0,1,heldout,
real_buchwald_hartwig,mixed_kernel_gp_ei,753,100.0,91.5615,0.0,1,heldout,
real_buchwald_hartwig,target_acquisition_portfolio,753,100.0,91.5615,0.0,1,heldout,
real_buchwald_hartwig,fixed_scale_ensemble_0p5_1_1p5_2_3_4,754,91.6984,80.9427,8.3016,0,heldout,
real_buchwald_hartwig,gp_ucb,754,91.6984,81.9157,8.3016,0,heldout,
real_buchwald_hartwig,llm_calibrated_selector,754,93.5878,81.6887,6.4122,0,heldout,mixed_kernel_gp_ei
real_buchwald_hartwig,llm_evolved_kernel_conservative_patch_1_refined,754,91.6984,82.69,8.3016,0,heldout,
real_buchwald_hartwig,llm_evolved_kernel_counter_hypothesis_patch_refined,754,83.385,69.8823,16.615,0,heldout,
real_buchwald_hartwig,llm_evolved_kernel_exploration_patch_1_refined,754,92.2093,81.7335,7.7907,0,heldout,
real_buchwald_hartwig,llm_evolved_kernel_high_confidence_patch_refined,754,92.2093,84.3062,7.7907,0,heldout,
real_buchwald_hartwig,llm_evolved_kernel_multi_scale_ensemble_patch_refined,754,91.6984,80.9427,8.3016,0,heldout,
real_buchwald_hartwig,llm_evolved_kernel_safety_anchor_patch_refined,754,91.6984,81.9157,8.3016,0,heldout,
real_buchwald_hartwig,mixed_kernel_gp_ei,754,93.5878,81.6887,6.4122,0,heldout,
real_buchwald_hartwig,target_acquisition_portfolio,754,91.6984,81.9157,8.3016,0,heldout,
real_buchwald_hartwig,fixed_scale_ensemble_0p5_1_1p5_2_3_4,755,95.7526,86.344,4.2474,0,heldout,
real_buchwald_hartwig,gp_ucb,755,95.6759,84.939,4.3241,0,heldout,
real_buchwald_hartwig,llm_calibrated_selector,755,95.6759,81.9007,4.3241,0,heldout,mixed_kernel_gp_ei
real_buchwald_hartwig,llm_evolved_kernel_conservative_patch_1_refined,755,95.6759,83.4098,4.3241,0,heldout,
real_buchwald_hartwig,llm_evolved_kernel_counter_hypothesis_patch_refined,755,95.6759,84.939,4.3241,0,heldout,
real_buchwald_hartwig,llm_evolved_kernel_exploration_patch_1_refined,755,92.3538,75.9327,7.6462,0,heldout,
real_buchwald_hartwig,llm_evolved_kernel_high_confidence_patch_refined,755,95.6759,84.939,4.3241,0,heldout,
real_buchwald_hartwig,llm_evolved_kernel_multi_scale_ensemble_patch_refined,755,100.0,87.5031,0.0,1,heldout,
real_buchwald_hartwig,llm_evolved_kernel_safety_anchor_patch_refined,755,95.6759,84.939,4.3241,0,heldout,
real_buchwald_hartwig,mixed_kernel_gp_ei,755,95.6759,81.9007,4.3241,0,heldout,
real_buchwald_hartwig,target_acquisition_portfolio,755,95.6759,84.939,4.3241,0,heldout,
real_buchwald_hartwig,fixed_scale_ensemble_0p5_1_1p5_2_3_4,756,98.8492,98.782,1.1508,1,heldout,
real_buchwald_hartwig,gp_ucb,756,100.0,99.4725,0.0,1,heldout,
real_buchwald_hartwig,llm_calibrated_selector,756,100.0,99.4725,0.0,1,heldout,mixed_kernel_gp_ei
real_buchwald_hartwig,llm_evolved_kernel_conservative_patch_1_refined,756,100.0,99.4725,0.0,1,heldout,
real_buchwald_hartwig,llm_evolved_kernel_counter_hypothesis_patch_refined,756,98.8492,98.782,1.1508,1,heldout,
real_buchwald_hartwig,llm_evolved_kernel_exploration_patch_1_refined,756,98.8492,98.8492,1.1508,1,heldout,
real_buchwald_hartwig,llm_evolved_kernel_high_confidence_patch_refined,756,100.0,99.4725,0.0,1,heldout,
real_buchwald_hartwig,llm_evolved_kernel_multi_scale_ensemble_patch_refined,756,98.8492,98.782,1.1508,1,heldout,
real_buchwald_hartwig,llm_evolved_kernel_safety_anchor_patch_refined,756,98.8492,98.782,1.1508,1,heldout,
real_buchwald_hartwig,mixed_kernel_gp_ei,756,100.0,99.4725,0.0,1,heldout,
real_buchwald_hartwig,target_acquisition_portfolio,756,100.0,99.3574,0.0,1,heldout,
real_buchwald_hartwig,fixed_scale_ensemble_0p5_1_1p5_2_3_4,757,83.0965,74.4821,16.9035,0,heldout,
real_buchwald_hartwig,gp_ucb,757,83.0965,74.4821,16.9035,0,heldout,
real_buchwald_hartwig,llm_calibrated_selector,757,83.0965,75.9352,16.9035,0,heldout,mixed_kernel_gp_ei
real_buchwald_hartwig,llm_evolved_kernel_conservative_patch_1_refined,757,83.0965,74.4821,16.9035,0,heldout,
real_buchwald_hartwig,llm_evolved_kernel_counter_hypothesis_patch_refined,757,79.8724,74.379,20.1276,0,heldout,
real_buchwald_hartwig,llm_evolved_kernel_exploration_patch_1_refined,757,80.5828,79.1648,19.4172,0,heldout,
real_buchwald_hartwig,llm_evolved_kernel_high_confidence_patch_refined,757,83.0965,75.9352,16.9035,0,heldout,
real_buchwald_hartwig,llm_evolved_kernel_multi_scale_ensemble_patch_refined,757,83.0965,76.4079,16.9035,0,heldout,
real_buchwald_hartwig,llm_evolved_kernel_safety_anchor_patch_refined,757,83.0965,74.4821,16.9035,0,heldout,
real_buchwald_hartwig,mixed_kernel_gp_ei,757,83.0965,75.9352,16.9035,0,heldout,
real_buchwald_hartwig,target_acquisition_portfolio,757,83.0965,75.9352,16.9035,0,heldout,
real_buchwald_hartwig,fixed_scale_ensemble_0p5_1_1p5_2_3_4,758,100.0,93.3881,0.0,1,heldout,
real_buchwald_hartwig,gp_ucb,758,86.5976,76.0147,13.4024,0,heldout,
real_buchwald_hartwig,llm_calibrated_selector,758,86.5976,77.8646,13.4024,0,heldout,mixed_kernel_gp_ei
real_buchwald_hartwig,llm_evolved_kernel_conservative_patch_1_refined,758,86.5976,77.3201,13.4024,0,heldout,
real_buchwald_hartwig,llm_evolved_kernel_counter_hypothesis_patch_refined,758,80.5828,75.6785,19.4172,0,heldout,
real_buchwald_hartwig,llm_evolved_kernel_exploration_patch_1_refined,758,86.5976,73.3556,13.4024,0,heldout,
real_buchwald_hartwig,llm_evolved_kernel_high_confidence_patch_refined,758,100.0,93.5118,0.0,1,heldout,
real_buchwald_hartwig,llm_evolved_kernel_multi_scale_ensemble_patch_refined,758,100.0,93.3881,0.0,1,heldout,
real_buchwald_hartwig,llm_evolved_kernel_safety_anchor_patch_refined,758,100.0,93.3881,0.0,1,heldout,
real_buchwald_hartwig,mixed_kernel_gp_ei,758,86.5976,77.8646,13.4024,0,heldout,
real_buchwald_hartwig,target_acquisition_portfolio,758,83.0965,76.1304,16.9035,0,heldout,
real_buchwald_hartwig,fixed_scale_ensemble_0p5_1_1p5_2_3_4,759,100.0,89.2402,0.0,1,heldout,
real_buchwald_hartwig,gp_ucb,759,95.7526,88.3263,4.2474,0,heldout,
real_buchwald_hartwig,llm_calibrated_selector,759,100.0,87.2909,0.0,1,heldout,mixed_kernel_gp_ei
real_buchwald_hartwig,llm_evolved_kernel_conservative_patch_1_refined,759,100.0,88.6277,0.0,1,heldout,
real_buchwald_hartwig,llm_evolved_kernel_counter_hypothesis_patch_refined,759,100.0,89.6005,0.0,1,heldout,
real_buchwald_hartwig,llm_evolved_kernel_exploration_patch_1_refined,759,98.1771,85.3757,1.8229,1,heldout,
real_buchwald_hartwig,llm_evolved_kernel_high_confidence_patch_refined,759,100.0,89.2402,0.0,1,heldout,
real_buchwald_hartwig,llm_evolved_kernel_multi_scale_ensemble_patch_refined,759,98.1771,88.013,1.8229,1,heldout,
real_buchwald_hartwig,llm_evolved_kernel_safety_anchor_patch_refined,759,97.5685,88.1414,2.4315,1,heldout,
real_buchwald_hartwig,mixed_kernel_gp_ei,759,100.0,87.2909,0.0,1,heldout,
real_buchwald_hartwig,target_acquisition_portfolio,759,100.0,89.2402,0.0,1,heldout,
real_buchwald_hartwig,fixed_scale_ensemble_0p5_1_1p5_2_3_4,760,81.2746,81.0772,18.7254,0,heldout,
real_buchwald_hartwig,gp_ucb,760,89.4195,82.614,10.5805,0,heldout,
real_buchwald_hartwig,llm_calibrated_selector,760,81.2746,81.0772,18.7254,0,heldout,mixed_kernel_gp_ei
real_buchwald_hartwig,llm_evolved_kernel_conservative_patch_1_refined,760,81.2746,81.0772,18.7254,0,heldout,
real_buchwald_hartwig,llm_evolved_kernel_counter_hypothesis_patch_refined,760,81.2746,81.0772,18.7254,0,heldout,
real_buchwald_hartwig,llm_evolved_kernel_exploration_patch_1_refined,760,81.2746,75.9546,18.7254,0,heldout,
real_buchwald_hartwig,llm_evolved_kernel_high_confidence_patch_refined,760,89.4195,88.3737,10.5805,0,heldout,
real_buchwald_hartwig,llm_evolved_kernel_multi_scale_ensemble_patch_refined,760,81.2746,81.0772,18.7254,0,heldout,
real_buchwald_hartwig,llm_evolved_kernel_safety_anchor_patch_refined,760,97.2929,82.679,2.7071,0,heldout,
real_buchwald_hartwig,mixed_kernel_gp_ei,760,81.2746,81.0772,18.7254,0,heldout,
real_buchwald_hartwig,target_acquisition_portfolio,760,81.2746,81.0772,18.7254,0,heldout,
real_buchwald_hartwig,fixed_scale_ensemble_0p5_1_1p5_2_3_4,761,99.0345,99.0345,0.9655,1,heldout,
real_buchwald_hartwig,gp_ucb,761,99.0345,99.0345,0.9655,1,heldout,
real_buchwald_hartwig,llm_calibrated_selector,761,99.0345,99.0345,0.9655,1,heldout,mixed_kernel_gp_ei
real_buchwald_hartwig,llm_evolved_kernel_conservative_patch_1_refined,761,99.0345,99.0345,0.9655,1,heldout,
real_buchwald_hartwig,llm_evolved_kernel_counter_hypothesis_patch_refined,761,99.0345,99.0345,0.9655,1,heldout,
real_buchwald_hartwig,llm_evolved_kernel_exploration_patch_1_refined,761,99.0345,99.0345,0.9655,1,heldout,
real_buchwald_hartwig,llm_evolved_kernel_high_confidence_patch_refined,761,99.0345,99.0345,0.9655,1,heldout,
real_buchwald_hartwig,llm_evolved_kernel_multi_scale_ensemble_patch_refined,761,99.0345,99.0345,0.9655,1,heldout,
real_buchwald_hartwig,llm_evolved_kernel_safety_anchor_patch_refined,761,99.0345,99.0345,0.9655,1,heldout,
real_buchwald_hartwig,mixed_kernel_gp_ei,761,99.0345,99.0345,0.9655,1,heldout,
real_buchwald_hartwig,target_acquisition_portfolio,761,99.0345,99.0345,0.9655,1,heldout,
real_buchwald_hartwig,fixed_scale_ensemble_0p5_1_1p5_2_3_4,762,93.5641,88.3037,6.4359,0,heldout,
real_buchwald_hartwig,gp_ucb,762,89.9742,87.5285,10.0258,0,heldout,
real_buchwald_hartwig,llm_calibrated_selector,762,89.9742,87.9447,10.0258,0,heldout,mixed_kernel_gp_ei
real_buchwald_hartwig,llm_evolved_kernel_conservative_patch_1_refined,762,89.9742,87.5285,10.0258,0,heldout,
real_buchwald_hartwig,llm_evolved_kernel_counter_hypothesis_patch_refined,762,89.9742,87.1123,10.0258,0,heldout,
real_buchwald_hartwig,llm_evolved_kernel_exploration_patch_1_refined,762,85.8123,81.2216,14.1877,0,heldout,
real_buchwald_hartwig,llm_evolved_kernel_high_confidence_patch_refined,762,89.9742,86.6961,10.0258,0,heldout,
real_buchwald_hartwig,llm_evolved_kernel_multi_scale_ensemble_patch_refined,762,89.9742,88.3609,10.0258,0,heldout,
real_buchwald_hartwig,llm_evolved_kernel_safety_anchor_patch_refined,762,89.9742,87.5285,10.0258,0,heldout,
real_buchwald_hartwig,mixed_kernel_gp_ei,762,89.9742,87.9447,10.0258,0,heldout,
real_buchwald_hartwig,target_acquisition_portfolio,762,89.9742,87.1123,10.0258,0,heldout,
real_buchwald_hartwig,fixed_scale_ensemble_0p5_1_1p5_2_3_4,763,89.4195,84.6883,10.5805,0,heldout,
real_buchwald_hartwig,gp_ucb,763,93.0995,88.4679,6.9005,0,heldout,
real_buchwald_hartwig,llm_calibrated_selector,763,89.4195,84.4765,10.5805,0,heldout,mixed_kernel_gp_ei
real_buchwald_hartwig,llm_evolved_kernel_conservative_patch_1_refined,763,87.5291,84.712,12.4709,0,heldout,
real_buchwald_hartwig,llm_evolved_kernel_counter_hypothesis_patch_refined,763,93.3108,88.4748,6.6892,0,heldout,
real_buchwald_hartwig,llm_evolved_kernel_exploration_patch_1_refined,763,85.4018,85.4018,14.5982,0,heldout,
real_buchwald_hartwig,llm_evolved_kernel_high_confidence_patch_refined,763,93.3108,88.4748,6.6892,0,heldout,
real_buchwald_hartwig,llm_evolved_kernel_multi_scale_ensemble_patch_refined,763,89.4195,84.6883,10.5805,0,heldout,
real_buchwald_hartwig,llm_evolved_kernel_safety_anchor_patch_refined,763,93.0995,88.4123,6.9005,0,heldout,
real_buchwald_hartwig,mixed_kernel_gp_ei,763,89.4195,84.4765,10.5805,0,heldout,
real_buchwald_hartwig,target_acquisition_portfolio,763,89.4195,84.6883,10.5805,0,heldout,
real_buchwald_hartwig,fixed_scale_ensemble_0p5_1_1p5_2_3_4,764,80.2899,79.1387,19.7101,0,heldout,
real_buchwald_hartwig,gp_ucb,764,80.6006,78.8172,19.3994,0,heldout,
real_buchwald_hartwig,llm_calibrated_selector,764,90.7313,83.1376,9.2687,0,heldout,mixed_kernel_gp_ei
real_buchwald_hartwig,llm_evolved_kernel_conservative_patch_1_refined,764,80.2899,79.1387,19.7101,0,heldout,
real_buchwald_hartwig,llm_evolved_kernel_counter_hypothesis_patch_refined,764,94.501,80.3839,5.499,0,heldout,
real_buchwald_hartwig,llm_evolved_kernel_exploration_patch_1_refined,764,95.129,89.5474,4.871,0,heldout,
real_buchwald_hartwig,llm_evolved_kernel_high_confidence_patch_refined,764,83.3382,80.3581,16.6618,0,heldout,
real_buchwald_hartwig,llm_evolved_kernel_multi_scale_ensemble_patch_refined,764,80.2899,79.1387,19.7101,0,heldout,
real_buchwald_hartwig,llm_evolved_kernel_safety_anchor_patch_refined,764,80.6006,78.8172,19.3994,0,heldout,
real_buchwald_hartwig,mixed_kernel_gp_ei,764,90.7313,83.1376,9.2687,0,heldout,
real_buchwald_hartwig,target_acquisition_portfolio,764,90.7313,81.5941,9.2687,0,heldout,
real_buchwald_hartwig,fixed_scale_ensemble_0p5_1_1p5_2_3_4,765,87.3638,77.1658,12.6362,0,heldout,
real_buchwald_hartwig,gp_ucb,765,87.3638,80.9527,12.6362,0,heldout,
real_buchwald_hartwig,llm_calibrated_selector,765,87.3638,80.9527,12.6362,0,heldout,mixed_kernel_gp_ei
real_buchwald_hartwig,llm_evolved_kernel_conservative_patch_1_refined,765,87.3638,78.6169,12.6362,0,heldout,
real_buchwald_hartwig,llm_evolved_kernel_counter_hypothesis_patch_refined,765,78.6185,76.3541,21.3815,0,heldout,
real_buchwald_hartwig,llm_evolved_kernel_exploration_patch_1_refined,765,83.8039,75.2999,16.1961,0,heldout,
real_buchwald_hartwig,llm_evolved_kernel_high_confidence_patch_refined,765,85.8123,80.0293,14.1877,0,heldout,
real_buchwald_hartwig,llm_evolved_kernel_multi_scale_ensemble_patch_refined,765,87.3638,77.1658,12.6362,0,heldout,
real_buchwald_hartwig,llm_evolved_kernel_safety_anchor_patch_refined,765,87.3638,78.6169,12.6362,0,heldout,
real_buchwald_hartwig,mixed_kernel_gp_ei,765,87.3638,80.9527,12.6362,0,heldout,
real_buchwald_hartwig,target_acquisition_portfolio,765,87.3638,80.9527,12.6362,0,heldout,
real_buchwald_hartwig,fixed_scale_ensemble_0p5_1_1p5_2_3_4,766,77.6347,77.6347,22.3653,0,heldout,
real_buchwald_hartwig,gp_ucb,766,77.6347,77.6347,22.3653,0,heldout,
real_buchwald_hartwig,llm_calibrated_selector,766,83.0885,67.5051,16.9115,0,heldout,mixed_kernel_gp_ei
real_buchwald_hartwig,llm_evolved_kernel_conservative_patch_1_refined,766,77.6347,77.6347,22.3653,0,heldout,
real_buchwald_hartwig,llm_evolved_kernel_counter_hypothesis_patch_refined,766,77.6347,77.6347,22.3653,0,heldout,
real_buchwald_hartwig,llm_evolved_kernel_exploration_patch_1_refined,766,93.3108,80.0578,6.6892,0,heldout,
real_buchwald_hartwig,llm_evolved_kernel_high_confidence_patch_refined,766,87.3638,80.0815,12.6362,0,heldout,
real_buchwald_hartwig,llm_evolved_kernel_multi_scale_ensemble_patch_refined,766,77.6347,77.6347,22.3653,0,heldout,
real_buchwald_hartwig,llm_evolved_kernel_safety_anchor_patch_refined,766,77.6347,77.6347,22.3653,0,heldout,
real_buchwald_hartwig,mixed_kernel_gp_ei,766,83.0885,67.5051,16.9115,0,heldout,
real_buchwald_hartwig,target_acquisition_portfolio,766,83.3771,79.9317,16.6229,0,heldout,
real_buchwald_hartwig,fixed_scale_ensemble_0p5_1_1p5_2_3_4,767,95.3865,90.3369,4.6135,0,heldout,
real_buchwald_hartwig,gp_ucb,767,98.8492,87.5103,1.1508,1,heldout,
real_buchwald_hartwig,llm_calibrated_selector,767,98.8492,89.811,1.1508,1,heldout,mixed_kernel_gp_ei
real_buchwald_hartwig,llm_evolved_kernel_conservative_patch_1_refined,767,95.3865,90.2131,4.6135,0,heldout,
real_buchwald_hartwig,llm_evolved_kernel_counter_hypothesis_patch_refined,767,94.2969,89.557,5.7031,0,heldout,
real_buchwald_hartwig,llm_evolved_kernel_exploration_patch_1_refined,767,94.2969,89.0144,5.7031,0,heldout,
real_buchwald_hartwig,llm_evolved_kernel_high_confidence_patch_refined,767,94.2969,88.5846,5.7031,0,heldout,
real_buchwald_hartwig,llm_evolved_kernel_multi_scale_ensemble_patch_refined,767,95.3865,89.9192,4.6135,0,heldout,
real_buchwald_hartwig,llm_evolved_kernel_safety_anchor_patch_refined,767,94.2969,87.4729,5.7031,0,heldout,
real_buchwald_hartwig,mixed_kernel_gp_ei,767,98.8492,89.811,1.1508,1,heldout,
real_buchwald_hartwig,target_acquisition_portfolio,767,94.2969,87.4729,5.7031,0,heldout,
real_buchwald_hartwig,fixed_scale_ensemble_0p5_1_1p5_2_3_4,768,100.0,90.5128,0.0,1,heldout,
real_buchwald_hartwig,gp_ucb,768,97.5685,88.6461,2.4315,1,heldout,
real_buchwald_hartwig,llm_calibrated_selector,768,100.0,88.645,0.0,1,heldout,mixed_kernel_gp_ei
real_buchwald_hartwig,llm_evolved_kernel_conservative_patch_1_refined,768,100.0,90.5128,0.0,1,heldout,
real_buchwald_hartwig,llm_evolved_kernel_counter_hypothesis_patch_refined,768,97.5685,89.1143,2.4315,1,heldout,
real_buchwald_hartwig,llm_evolved_kernel_exploration_patch_1_refined,768,100.0,93.3299,0.0,1,heldout,
real_buchwald_hartwig,llm_evolved_kernel_high_confidence_patch_refined,768,91.3906,88.4965,8.6094,0,heldout,
real_buchwald_hartwig,llm_evolved_kernel_multi_scale_ensemble_patch_refined,768,100.0,90.5128,0.0,1,heldout,
real_buchwald_hartwig,llm_evolved_kernel_safety_anchor_patch_refined,768,97.5685,88.6461,2.4315,1,heldout,
real_buchwald_hartwig,mixed_kernel_gp_ei,768,100.0,88.645,0.0,1,heldout,
real_buchwald_hartwig,target_acquisition_portfolio,768,97.5685,88.6461,2.4315,1,heldout,
real_buchwald_hartwig,fixed_scale_ensemble_0p5_1_1p5_2_3_4,769,93.5878,88.082,6.4122,0,heldout,
real_buchwald_hartwig,gp_ucb,769,93.5878,88.082,6.4122,0,heldout,
real_buchwald_hartwig,llm_calibrated_selector,769,94.501,89.7938,5.499,0,heldout,mixed_kernel_gp_ei
real_buchwald_hartwig,llm_evolved_kernel_conservative_patch_1_refined,769,93.5878,88.082,6.4122,0,heldout,
real_buchwald_hartwig,llm_evolved_kernel_counter_hypothesis_patch_refined,769,94.6911,87.1045,5.3089,0,heldout,
real_buchwald_hartwig,llm_evolved_kernel_exploration_patch_1_refined,769,93.5878,90.3594,6.4122,0,heldout,
real_buchwald_hartwig,llm_evolved_kernel_high_confidence_patch_refined,769,94.6911,86.0758,5.3089,0,heldout,
real_buchwald_hartwig,llm_evolved_kernel_multi_scale_ensemble_patch_refined,769,93.5878,88.6928,6.4122,0,heldout,
real_buchwald_hartwig,llm_evolved_kernel_safety_anchor_patch_refined,769,93.5878,88.6928,6.4122,0,heldout,
real_buchwald_hartwig,mixed_kernel_gp_ei,769,94.501,89.7938,5.499,0,heldout,
real_buchwald_hartwig,target_acquisition_portfolio,769,94.501,89.7938,5.499,0,heldout,
real_buchwald_hartwig,fixed_scale_ensemble_0p5_1_1p5_2_3_4,770,100.0,96.0625,0.0,1,heldout,
real_buchwald_hartwig,gp_ucb,770,100.0,98.4708,0.0,1,heldout,
real_buchwald_hartwig,llm_calibrated_selector,770,100.0,98.1062,0.0,1,heldout,mixed_kernel_gp_ei
real_buchwald_hartwig,llm_evolved_kernel_conservative_patch_1_refined,770,100.0,96.0625,0.0,1,heldout,
real_buchwald_hartwig,llm_evolved_kernel_counter_hypothesis_patch_refined,770,100.0,95.9481,0.0,1,heldout,
real_buchwald_hartwig,llm_evolved_kernel_exploration_patch_1_refined,770,100.0,96.7114,0.0,1,heldout,
real_buchwald_hartwig,llm_evolved_kernel_high_confidence_patch_refined,770,100.0,98.5062,0.0,1,heldout,
real_buchwald_hartwig,llm_evolved_kernel_multi_scale_ensemble_patch_refined,770,100.0,96.0625,0.0,1,heldout,
real_buchwald_hartwig,llm_evolved_kernel_safety_anchor_patch_refined,770,100.0,98.4708,0.0,1,heldout,
real_buchwald_hartwig,mixed_kernel_gp_ei,770,100.0,98.1062,0.0,1,heldout,
real_buchwald_hartwig,target_acquisition_portfolio,770,100.0,98.1062,0.0,1,heldout,
real_buchwald_hartwig,fixed_scale_ensemble_0p5_1_1p5_2_3_4,771,86.4129,77.8297,13.5871,0,heldout,
real_buchwald_hartwig,gp_ucb,771,94.3462,84.3926,5.6538,0,heldout,
real_buchwald_hartwig,llm_calibrated_selector,771,98.7313,83.0195,1.2687,1,heldout,mixed_kernel_gp_ei
real_buchwald_hartwig,llm_evolved_kernel_conservative_patch_1_refined,771,94.3462,84.3926,5.6538,0,heldout,
real_buchwald_hartwig,llm_evolved_kernel_counter_hypothesis_patch_refined,771,86.4129,81.1756,13.5871,0,heldout,
real_buchwald_hartwig,llm_evolved_kernel_exploration_patch_1_refined,771,91.0563,82.1042,8.9437,0,heldout,
real_buchwald_hartwig,llm_evolved_kernel_high_confidence_patch_refined,771,91.0563,79.02,8.9437,0,heldout,
real_buchwald_hartwig,llm_evolved_kernel_multi_scale_ensemble_patch_refined,771,86.4129,77.8297,13.5871,0,heldout,
real_buchwald_hartwig,llm_evolved_kernel_safety_anchor_patch_refined,771,86.4129,78.4683,13.5871,0,heldout,
real_buchwald_hartwig,mixed_kernel_gp_ei,771,98.7313,83.0195,1.2687,1,heldout,
real_buchwald_hartwig,target_acquisition_portfolio,771,86.4129,78.4683,13.5871,0,heldout,
real_buchwald_hartwig,fixed_scale_ensemble_0p5_1_1p5_2_3_4,772,74.5113,70.831,25.4887,0,heldout,
real_buchwald_hartwig,gp_ucb,772,98.2872,81.8016,1.7128,1,heldout,
real_buchwald_hartwig,llm_calibrated_selector,772,94.3462,72.8228,5.6538,0,heldout,mixed_kernel_gp_ei
real_buchwald_hartwig,llm_evolved_kernel_conservative_patch_1_refined,772,94.3462,77.3866,5.6538,0,heldout,
real_buchwald_hartwig,llm_evolved_kernel_counter_hypothesis_patch_refined,772,94.3462,72.8228,5.6538,0,heldout,
real_buchwald_hartwig,llm_evolved_kernel_exploration_patch_1_refined,772,98.2872,83.6481,1.7128,1,heldout,
real_buchwald_hartwig,llm_evolved_kernel_high_confidence_patch_refined,772,70.5804,68.2153,29.4196,0,heldout,
real_buchwald_hartwig,llm_evolved_kernel_multi_scale_ensemble_patch_refined,772,94.6911,78.6902,5.3089,0,heldout,
real_buchwald_hartwig,llm_evolved_kernel_safety_anchor_patch_refined,772,94.3462,77.3866,5.6538,0,heldout,
real_buchwald_hartwig,mixed_kernel_gp_ei,772,94.3462,72.8228,5.6538,0,heldout,
real_buchwald_hartwig,target_acquisition_portfolio,772,78.2963,68.4974,21.7037,0,heldout,
real_buchwald_hartwig,fixed_scale_ensemble_0p5_1_1p5_2_3_4,773,88.8276,85.7444,11.1724,0,heldout,
real_buchwald_hartwig,gp_ucb,773,87.5291,85.6145,12.4709,0,heldout,
real_buchwald_hartwig,llm_calibrated_selector,773,89.4195,86.0163,10.5805,0,heldout,mixed_kernel_gp_ei
real_buchwald_hartwig,llm_evolved_kernel_conservative_patch_1_refined,773,88.8276,85.7444,11.1724,0,heldout,
real_buchwald_hartwig,llm_evolved_kernel_counter_hypothesis_patch_refined,773,85.4018,85.4018,14.5982,0,heldout,
real_buchwald_hartwig,llm_evolved_kernel_exploration_patch_1_refined,773,85.4018,85.4018,14.5982,0,heldout,
real_buchwald_hartwig,llm_evolved_kernel_high_confidence_patch_refined,773,85.4018,85.4018,14.5982,0,heldout,
real_buchwald_hartwig,llm_evolved_kernel_multi_scale_ensemble_patch_refined,773,88.8276,85.7444,11.1724,0,heldout,
real_buchwald_hartwig,llm_evolved_kernel_safety_anchor_patch_refined,773,87.5291,85.6145,12.4709,0,heldout,
real_buchwald_hartwig,mixed_kernel_gp_ei,773,89.4195,86.0163,10.5805,0,heldout,
real_buchwald_hartwig,target_acquisition_portfolio,773,89.4195,86.0163,10.5805,0,heldout,
real_buchwald_hartwig,fixed_scale_ensemble_0p5_1_1p5_2_3_4,774,93.3108,88.2188,6.6892,0,heldout,
real_buchwald_hartwig,gp_ucb,774,93.3108,88.2188,6.6892,0,heldout,
real_buchwald_hartwig,llm_calibrated_selector,774,93.3108,88.2188,6.6892,0,heldout,mixed_kernel_gp_ei
real_buchwald_hartwig,llm_evolved_kernel_conservative_patch_1_refined,774,93.3108,88.2188,6.6892,0,heldout,
real_buchwald_hartwig,llm_evolved_kernel_counter_hypothesis_patch_refined,774,93.3108,88.2188,6.6892,0,heldout,
real_buchwald_hartwig,llm_evolved_kernel_exploration_patch_1_refined,774,93.0995,89.7471,6.9005,0,heldout,
real_buchwald_hartwig,llm_evolved_kernel_high_confidence_patch_refined,774,93.3108,88.2188,6.6892,0,heldout,
real_buchwald_hartwig,llm_evolved_kernel_multi_scale_ensemble_patch_refined,774,93.3108,88.2188,6.6892,0,heldout,
real_buchwald_hartwig,llm_evolved_kernel_safety_anchor_patch_refined,774,93.3108,88.2188,6.6892,0,heldout,
real_buchwald_hartwig,mixed_kernel_gp_ei,774,93.3108,88.2188,6.6892,0,heldout,
real_buchwald_hartwig,target_acquisition_portfolio,774,93.3108,88.2188,6.6892,0,heldout,
real_buchwald_hartwig,fixed_scale_ensemble_0p5_1_1p5_2_3_4,775,88.4449,69.4504,11.5551,0,heldout,
real_buchwald_hartwig,gp_ucb,775,85.1332,70.6215,14.8668,0,heldout,
real_buchwald_hartwig,llm_calibrated_selector,775,93.3108,67.0891,6.6892,0,heldout,mixed_kernel_gp_ei
real_buchwald_hartwig,llm_evolved_kernel_conservative_patch_1_refined,775,88.4449,69.4504,11.5551,0,heldout,
real_buchwald_hartwig,llm_evolved_kernel_counter_hypothesis_patch_refined,775,88.4449,71.9803,11.5551,0,heldout,
real_buchwald_hartwig,llm_evolved_kernel_exploration_patch_1_refined,775,93.3108,89.2505,6.6892,0,heldout,
real_buchwald_hartwig,llm_evolved_kernel_high_confidence_patch_refined,775,85.1332,70.6215,14.8668,0,heldout,
real_buchwald_hartwig,llm_evolved_kernel_multi_scale_ensemble_patch_refined,775,88.4449,69.4504,11.5551,0,heldout,
real_buchwald_hartwig,llm_evolved_kernel_safety_anchor_patch_refined,775,85.1332,70.6215,14.8668,0,heldout,
real_buchwald_hartwig,mixed_kernel_gp_ei,775,93.3108,67.0891,6.6892,0,heldout,
real_buchwald_hartwig,target_acquisition_portfolio,775,93.3108,67.0891,6.6892,0,heldout,
real_buchwald_hartwig,fixed_scale_ensemble_0p5_1_1p5_2_3_4,776,100.0,97.6893,0.0,1,heldout,
real_buchwald_hartwig,gp_ucb,776,100.0,95.3786,0.0,1,heldout,
real_buchwald_hartwig,llm_calibrated_selector,776,100.0,96.5339,0.0,1,heldout,mixed_kernel_gp_ei
real_buchwald_hartwig,llm_evolved_kernel_conservative_patch_1_refined,776,100.0,96.5339,0.0,1,heldout,
real_buchwald_hartwig,llm_evolved_kernel_counter_hypothesis_patch_refined,776,100.0,96.5339,0.0,1,heldout,
real_buchwald_hartwig,llm_evolved_kernel_exploration_patch_1_refined,776,100.0,98.8446,0.0,1,heldout,
real_buchwald_hartwig,llm_evolved_kernel_high_confidence_patch_refined,776,100.0,96.5339,0.0,1,heldout,
real_buchwald_hartwig,llm_evolved_kernel_multi_scale_ensemble_patch_refined,776,100.0,96.5339,0.0,1,heldout,
real_buchwald_hartwig,llm_evolved_kernel_safety_anchor_patch_refined,776,100.0,96.5339,0.0,1,heldout,
real_buchwald_hartwig,mixed_kernel_gp_ei,776,100.0,96.5339,0.0,1,heldout,
real_buchwald_hartwig,target_acquisition_portfolio,776,100.0,96.5339,0.0,1,heldout,
real_buchwald_hartwig,fixed_scale_ensemble_0p5_1_1p5_2_3_4,777,98.7313,94.8816,1.2687,1,heldout,
real_buchwald_hartwig,gp_ucb,777,98.7313,95.4975,1.2687,1,heldout,
real_buchwald_hartwig,llm_calibrated_selector,777,98.7313,94.2657,1.2687,1,heldout,mixed_kernel_gp_ei
real_buchwald_hartwig,llm_evolved_kernel_conservative_patch_1_refined,777,98.7313,94.8816,1.2687,1,heldout,
real_buchwald_hartwig,llm_evolved_kernel_counter_hypothesis_patch_refined,777,98.7313,95.4975,1.2687,1,heldout,
real_buchwald_hartwig,llm_evolved_kernel_exploration_patch_1_refined,777,98.7313,94.2657,1.2687,1,heldout,
real_buchwald_hartwig,llm_evolved_kernel_high_confidence_patch_refined,777,98.7313,95.7282,1.2687,1,heldout,
real_buchwald_hartwig,llm_evolved_kernel_multi_scale_ensemble_patch_refined,777,98.7313,94.8816,1.2687,1,heldout,
real_buchwald_hartwig,llm_evolved_kernel_safety_anchor_patch_refined,777,98.7313,95.4975,1.2687,1,heldout,
real_buchwald_hartwig,mixed_kernel_gp_ei,777,98.7313,94.2657,1.2687,1,heldout,
real_buchwald_hartwig,target_acquisition_portfolio,777,98.7313,95.4975,1.2687,1,heldout,
real_buchwald_hartwig,fixed_scale_ensemble_0p5_1_1p5_2_3_4,778,100.0,100.0,0.0,1,heldout,
real_buchwald_hartwig,gp_ucb,778,100.0,100.0,0.0,1,heldout,
real_buchwald_hartwig,llm_calibrated_selector,778,100.0,100.0,0.0,1,heldout,mixed_kernel_gp_ei
real_buchwald_hartwig,llm_evolved_kernel_conservative_patch_1_refined,778,100.0,100.0,0.0,1,heldout,
real_buchwald_hartwig,llm_evolved_kernel_counter_hypothesis_patch_refined,778,100.0,100.0,0.0,1,heldout,
real_buchwald_hartwig,llm_evolved_kernel_exploration_patch_1_refined,778,100.0,100.0,0.0,1,heldout,
real_buchwald_hartwig,llm_evolved_kernel_high_confidence_patch_refined,778,100.0,100.0,0.0,1,heldout,
real_buchwald_hartwig,llm_evolved_kernel_multi_scale_ensemble_patch_refined,778,100.0,100.0,0.0,1,heldout,
real_buchwald_hartwig,llm_evolved_kernel_safety_anchor_patch_refined,778,100.0,100.0,0.0,1,heldout,
real_buchwald_hartwig,mixed_kernel_gp_ei,778,100.0,100.0,0.0,1,heldout,
real_buchwald_hartwig,target_acquisition_portfolio,778,100.0,100.0,0.0,1,heldout,
real_buchwald_hartwig,fixed_scale_ensemble_0p5_1_1p5_2_3_4,779,93.0289,84.3107,6.9711,0,heldout,
real_buchwald_hartwig,gp_ucb,779,92.659,84.1998,7.341,0,heldout,
real_buchwald_hartwig,llm_calibrated_selector,779,92.659,84.1998,7.341,0,heldout,mixed_kernel_gp_ei
real_buchwald_hartwig,llm_evolved_kernel_conservative_patch_1_refined,779,93.0289,84.3107,6.9711,0,heldout,
real_buchwald_hartwig,llm_evolved_kernel_counter_hypothesis_patch_refined,779,92.659,84.1998,7.341,0,heldout,
real_buchwald_hartwig,llm_evolved_kernel_exploration_patch_1_refined,779,92.659,84.1998,7.341,0,heldout,
real_buchwald_hartwig,llm_evolved_kernel_high_confidence_patch_refined,779,93.0289,86.8512,6.9711,0,heldout,
real_buchwald_hartwig,llm_evolved_kernel_multi_scale_ensemble_patch_refined,779,93.0289,83.6277,6.9711,0,heldout,
real_buchwald_hartwig,llm_evolved_kernel_safety_anchor_patch_refined,779,92.659,83.5537,7.341,0,heldout,
real_buchwald_hartwig,mixed_kernel_gp_ei,779,92.659,84.1998,7.341,0,heldout,
real_buchwald_hartwig,target_acquisition_portfolio,779,92.659,84.1998,7.341,0,heldout,
real_buchwald_hartwig,fixed_scale_ensemble_0p5_1_1p5_2_3_4,780,85.6836,82.0217,14.3164,0,heldout,
real_buchwald_hartwig,gp_ucb,780,85.6836,81.8469,14.3164,0,heldout,
real_buchwald_hartwig,llm_calibrated_selector,780,83.9353,81.4972,16.0647,0,heldout,mixed_kernel_gp_ei
real_buchwald_hartwig,llm_evolved_kernel_conservative_patch_1_refined,780,85.6836,82.1965,14.3164,0,heldout,
real_buchwald_hartwig,llm_evolved_kernel_counter_hypothesis_patch_refined,780,83.9353,81.4972,16.0647,0,heldout,
real_buchwald_hartwig,llm_evolved_kernel_exploration_patch_1_refined,780,85.6836,84.285,14.3164,0,heldout,
real_buchwald_hartwig,llm_evolved_kernel_high_confidence_patch_refined,780,88.4449,82.9236,11.5551,0,heldout,
real_buchwald_hartwig,llm_evolved_kernel_multi_scale_ensemble_patch_refined,780,85.6836,82.0217,14.3164,0,heldout,
real_buchwald_hartwig,llm_evolved_kernel_safety_anchor_patch_refined,780,88.4449,82.6668,11.5551,0,heldout,
real_buchwald_hartwig,mixed_kernel_gp_ei,780,83.9353,81.4972,16.0647,0,heldout,
real_buchwald_hartwig,target_acquisition_portfolio,780,85.6836,81.8469,14.3164,0,heldout,
real_buchwald_hartwig,fixed_scale_ensemble_0p5_1_1p5_2_3_4,781,98.8492,94.5621,1.1508,1,heldout,
real_buchwald_hartwig,gp_ucb,781,100.0,94.6771,0.0,1,heldout,
real_buchwald_hartwig,llm_calibrated_selector,781,100.0,94.6771,0.0,1,heldout,mixed_kernel_gp_ei
real_buchwald_hartwig,llm_evolved_kernel_conservative_patch_1_refined,781,100.0,94.6771,0.0,1,heldout,
real_buchwald_hartwig,llm_evolved_kernel_counter_hypothesis_patch_refined,781,100.0,94.6771,0.0,1,heldout,
real_buchwald_hartwig,llm_evolved_kernel_exploration_patch_1_refined,781,98.1771,96.8863,1.8229,1,heldout,
real_buchwald_hartwig,llm_evolved_kernel_high_confidence_patch_refined,781,100.0,94.2763,0.0,1,heldout,
real_buchwald_hartwig,llm_evolved_kernel_multi_scale_ensemble_patch_refined,781,98.8492,94.5621,1.1508,1,heldout,
real_buchwald_hartwig,llm_evolved_kernel_safety_anchor_patch_refined,781,100.0,94.6771,0.0,1,heldout,
real_buchwald_hartwig,mixed_kernel_gp_ei,781,100.0,94.6771,0.0,1,heldout,
real_buchwald_hartwig,target_acquisition_portfolio,781,100.0,94.6771,0.0,1,heldout,
real_buchwald_hartwig,fixed_scale_ensemble_0p5_1_1p5_2_3_4,782,93.0326,73.218,6.9674,0,heldout,
real_buchwald_hartwig,gp_ucb,782,93.0995,78.6165,6.9005,0,heldout,
real_buchwald_hartwig,llm_calibrated_selector,782,95.129,65.662,4.871,0,heldout,mixed_kernel_gp_ei
real_buchwald_hartwig,llm_evolved_kernel_conservative_patch_1_refined,782,93.0995,78.424,6.9005,0,heldout,
real_buchwald_hartwig,llm_evolved_kernel_counter_hypothesis_patch_refined,782,87.9592,60.9924,12.0408,0,heldout,
real_buchwald_hartwig,llm_evolved_kernel_exploration_patch_1_refined,782,88.4449,76.3603,11.5551,0,heldout,
real_buchwald_hartwig,llm_evolved_kernel_high_confidence_patch_refined,782,93.0326,73.218,6.9674,0,heldout,
real_buchwald_hartwig,llm_evolved_kernel_multi_scale_ensemble_patch_refined,782,93.0326,73.218,6.9674,0,heldout,
real_buchwald_hartwig,llm_evolved_kernel_safety_anchor_patch_refined,782,93.7486,78.1435,6.2514,0,heldout,
real_buchwald_hartwig,mixed_kernel_gp_ei,782,95.129,65.662,4.871,0,heldout,
real_buchwald_hartwig,target_acquisition_portfolio,782,84.178,63.1986,15.822,0,heldout,
real_buchwald_hartwig,fixed_scale_ensemble_0p5_1_1p5_2_3_4,783,88.5139,76.7519,11.4861,0,heldout,
real_buchwald_hartwig,gp_ucb,783,86.4971,73.8331,13.5029,0,heldout,
real_buchwald_hartwig,llm_calibrated_selector,783,70.2933,64.2784,29.7067,0,heldout,mixed_kernel_gp_ei
real_buchwald_hartwig,llm_evolved_kernel_conservative_patch_1_refined,783,75.0367,72.4175,24.9633,0,heldout,
real_buchwald_hartwig,llm_evolved_kernel_counter_hypothesis_patch_refined,783,52.5506,50.4142,47.4494,0,heldout,
real_buchwald_hartwig,llm_evolved_kernel_exploration_patch_1_refined,783,96.1323,79.4236,3.8677,0,heldout,
real_buchwald_hartwig,llm_evolved_kernel_high_confidence_patch_refined,783,86.4971,74.1174,13.5029,0,heldout,
real_buchwald_hartwig,llm_evolved_kernel_multi_scale_ensemble_patch_refined,783,75.0367,72.4175,24.9633,0,heldout,
real_buchwald_hartwig,llm_evolved_kernel_safety_anchor_patch_refined,783,86.4971,73.8331,13.5029,0,heldout,
real_buchwald_hartwig,mixed_kernel_gp_ei,783,70.2933,64.2784,29.7067,0,heldout,
real_buchwald_hartwig,target_acquisition_portfolio,783,75.0367,72.2201,24.9633,0,heldout,
real_buchwald_hartwig,fixed_scale_ensemble_0p5_1_1p5_2_3_4,784,93.5641,89.6257,6.4359,0,heldout,
real_buchwald_hartwig,gp_ucb,784,93.5641,87.284,6.4359,0,heldout,
real_buchwald_hartwig,llm_calibrated_selector,784,89.4195,86.0439,10.5805,0,heldout,mixed_kernel_gp_ei
real_buchwald_hartwig,llm_evolved_kernel_conservative_patch_1_refined,784,93.5641,89.6257,6.4359,0,heldout,
real_buchwald_hartwig,llm_evolved_kernel_counter_hypothesis_patch_refined,784,93.5641,86.8696,6.4359,0,heldout,
real_buchwald_hartwig,llm_evolved_kernel_exploration_patch_1_refined,784,96.5912,92.8425,3.4088,0,heldout,
real_buchwald_hartwig,llm_evolved_kernel_high_confidence_patch_refined,784,93.5641,89.2239,6.4359,0,heldout,
real_buchwald_hartwig,llm_evolved_kernel_multi_scale_ensemble_patch_refined,784,93.5641,89.6257,6.4359,0,heldout,
real_buchwald_hartwig,llm_evolved_kernel_safety_anchor_patch_refined,784,93.5641,87.284,6.4359,0,heldout,
real_buchwald_hartwig,mixed_kernel_gp_ei,784,89.4195,86.0439,10.5805,0,heldout,
real_buchwald_hartwig,target_acquisition_portfolio,784,89.4195,86.2495,10.5805,0,heldout,
real_buchwald_hartwig,fixed_scale_ensemble_0p5_1_1p5_2_3_4,785,88.2464,79.1935,11.7536,0,heldout,
real_buchwald_hartwig,gp_ucb,785,70.2933,70.2017,29.7067,0,heldout,
real_buchwald_hartwig,llm_calibrated_selector,785,85.1447,75.8594,14.8553,0,heldout,mixed_kernel_gp_ei
real_buchwald_hartwig,llm_evolved_kernel_conservative_patch_1_refined,785,70.2933,70.2017,29.7067,0,heldout,
real_buchwald_hartwig,llm_evolved_kernel_counter_hypothesis_patch_refined,785,83.4423,79.9543,16.5577,0,heldout,
real_buchwald_hartwig,llm_evolved_kernel_exploration_patch_1_refined,785,92.904,89.4946,7.096,0,heldout,
real_buchwald_hartwig,llm_evolved_kernel_high_confidence_patch_refined,785,88.2464,79.1935,11.7536,0,heldout,
real_buchwald_hartwig,llm_evolved_kernel_multi_scale_ensemble_patch_refined,785,88.2464,79.1935,11.7536,0,heldout,
real_buchwald_hartwig,llm_evolved_kernel_safety_anchor_patch_refined,785,88.2464,79.1935,11.7536,0,heldout,
real_buchwald_hartwig,mixed_kernel_gp_ei,785,85.1447,75.8594,14.8553,0,heldout,
real_buchwald_hartwig,target_acquisition_portfolio,785,88.2464,79.1935,11.7536,0,heldout,
real_buchwald_hartwig,fixed_scale_ensemble_0p5_1_1p5_2_3_4,786,100.0,91.2834,0.0,1,heldout,
real_buchwald_hartwig,gp_ucb,786,100.0,89.6876,0.0,1,heldout,
real_buchwald_hartwig,llm_calibrated_selector,786,100.0,97.0625,0.0,1,heldout,mixed_kernel_gp_ei
real_buchwald_hartwig,llm_evolved_kernel_conservative_patch_1_refined,786,100.0,91.2834,0.0,1,heldout,
real_buchwald_hartwig,llm_evolved_kernel_counter_hypothesis_patch_refined,786,100.0,91.5313,0.0,1,heldout,
real_buchwald_hartwig,llm_evolved_kernel_exploration_patch_1_refined,786,100.0,95.0365,0.0,1,heldout,
real_buchwald_hartwig,llm_evolved_kernel_high_confidence_patch_refined,786,100.0,92.6968,0.0,1,heldout,
real_buchwald_hartwig,llm_evolved_kernel_multi_scale_ensemble_patch_refined,786,100.0,92.0843,0.0,1,heldout,
real_buchwald_hartwig,llm_evolved_kernel_safety_anchor_patch_refined,786,100.0,91.2834,0.0,1,heldout,
real_buchwald_hartwig,mixed_kernel_gp_ei,786,100.0,97.0625,0.0,1,heldout,
real_buchwald_hartwig,target_acquisition_portfolio,786,100.0,91.7136,0.0,1,heldout,
real_buchwald_hartwig,fixed_scale_ensemble_0p5_1_1p5_2_3_4,787,84.93,81.4205,15.07,0,heldout,
real_buchwald_hartwig,gp_ucb,787,96.1323,87.0811,3.8677,0,heldout,
real_buchwald_hartwig,llm_calibrated_selector,787,84.93,81.4205,15.07,0,heldout,mixed_kernel_gp_ei
real_buchwald_hartwig,llm_evolved_kernel_conservative_patch_1_refined,787,84.93,81.4205,15.07,0,heldout,
real_buchwald_hartwig,llm_evolved_kernel_counter_hypothesis_patch_refined,787,96.1323,86.3596,3.8677,0,heldout,
real_buchwald_hartwig,llm_evolved_kernel_exploration_patch_1_refined,787,79.1971,69.2153,20.8029,0,heldout,
real_buchwald_hartwig,llm_evolved_kernel_high_confidence_patch_refined,787,89.5592,84.1382,10.4408,0,heldout,
real_buchwald_hartwig,llm_evolved_kernel_multi_scale_ensemble_patch_refined,787,84.93,81.4205,15.07,0,heldout,
real_buchwald_hartwig,llm_evolved_kernel_safety_anchor_patch_refined,787,84.93,81.4205,15.07,0,heldout,
real_buchwald_hartwig,mixed_kernel_gp_ei,787,84.93,81.4205,15.07,0,heldout,
real_buchwald_hartwig,target_acquisition_portfolio,787,84.93,81.4205,15.07,0,heldout,
real_buchwald_hartwig,fixed_scale_ensemble_0p5_1_1p5_2_3_4,788,95.7526,94.2458,4.2474,0,heldout,
real_buchwald_hartwig,gp_ucb,788,100.0,95.9448,0.0,1,heldout,
real_buchwald_hartwig,llm_calibrated_selector,788,100.0,95.9448,0.0,1,heldout,mixed_kernel_gp_ei
real_buchwald_hartwig,llm_evolved_kernel_conservative_patch_1_refined,788,95.7526,94.2458,4.2474,0,heldout,
real_buchwald_hartwig,llm_evolved_kernel_counter_hypothesis_patch_refined,788,95.7526,94.2458,4.2474,0,heldout,
real_buchwald_hartwig,llm_evolved_kernel_exploration_patch_1_refined,788,95.7526,88.2188,4.2474,0,heldout,
real_buchwald_hartwig,llm_evolved_kernel_high_confidence_patch_refined,788,95.7526,94.2458,4.2474,0,heldout,
real_buchwald_hartwig,llm_evolved_kernel_multi_scale_ensemble_patch_refined,788,95.7526,94.2458,4.2474,0,heldout,
real_buchwald_hartwig,llm_evolved_kernel_safety_anchor_patch_refined,788,95.7526,94.2458,4.2474,0,heldout,
real_buchwald_hartwig,mixed_kernel_gp_ei,788,100.0,95.9448,0.0,1,heldout,
real_buchwald_hartwig,target_acquisition_portfolio,788,100.0,95.9448,0.0,1,heldout,
real_buchwald_hartwig,fixed_scale_ensemble_0p5_1_1p5_2_3_4,789,93.1012,75.668,6.8988,0,heldout,
real_buchwald_hartwig,gp_ucb,789,94.5498,80.6057,5.4502,0,heldout,
real_buchwald_hartwig,llm_calibrated_selector,789,93.1012,93.1012,6.8988,0,heldout,mixed_kernel_gp_ei
real_buchwald_hartwig,llm_evolved_kernel_conservative_patch_1_refined,789,93.1012,75.668,6.8988,0,heldout,
real_buchwald_hartwig,llm_evolved_kernel_counter_hypothesis_patch_refined,789,93.1012,75.668,6.8988,0,heldout,
real_buchwald_hartwig,llm_evolved_kernel_exploration_patch_1_refined,789,93.1012,84.3846,6.8988,0,heldout,
real_buchwald_hartwig,llm_evolved_kernel_high_confidence_patch_refined,789,93.1012,75.668,6.8988,0,heldout,
real_buchwald_hartwig,llm_evolved_kernel_multi_scale_ensemble_patch_refined,789,93.1012,75.668,6.8988,0,heldout,
real_buchwald_hartwig,llm_evolved_kernel_safety_anchor_patch_refined,789,93.1012,75.668,6.8988,0,heldout,
real_buchwald_hartwig,mixed_kernel_gp_ei,789,93.1012,93.1012,6.8988,0,heldout,
real_buchwald_hartwig,target_acquisition_portfolio,789,94.5498,85.1089,5.4502,0,heldout,
real_buchwald_hartwig,fixed_scale_ensemble_0p5_1_1p5_2_3_4,790,94.3462,94.3462,5.6538,0,heldout,
real_buchwald_hartwig,gp_ucb,790,94.3462,94.3462,5.6538,0,heldout,
real_buchwald_hartwig,llm_calibrated_selector,790,94.3462,94.3462,5.6538,0,heldout,mixed_kernel_gp_ei
real_buchwald_hartwig,llm_evolved_kernel_conservative_patch_1_refined,790,94.3462,94.3462,5.6538,0,heldout,
real_buchwald_hartwig,llm_evolved_kernel_counter_hypothesis_patch_refined,790,94.3462,94.3462,5.6538,0,heldout,
real_buchwald_hartwig,llm_evolved_kernel_exploration_patch_1_refined,790,98.7313,96.1002,1.2687,1,heldout,
real_buchwald_hartwig,llm_evolved_kernel_high_confidence_patch_refined,790,94.3462,94.3462,5.6538,0,heldout,
real_buchwald_hartwig,llm_evolved_kernel_multi_scale_ensemble_patch_refined,790,94.3462,94.3462,5.6538,0,heldout,
real_buchwald_hartwig,llm_evolved_kernel_safety_anchor_patch_refined,790,94.3462,94.3462,5.6538,0,heldout,
real_buchwald_hartwig,mixed_kernel_gp_ei,790,94.3462,94.3462,5.6538,0,heldout,
real_buchwald_hartwig,target_acquisition_portfolio,790,98.7313,94.7847,1.2687,1,heldout,
real_buchwald_hartwig,fixed_scale_ensemble_0p5_1_1p5_2_3_4,791,98.1771,90.2864,1.8229,1,heldout,
real_buchwald_hartwig,gp_ucb,791,94.1517,91.0297,5.8483,0,heldout,
real_buchwald_hartwig,llm_calibrated_selector,791,95.7526,87.3299,4.2474,0,heldout,mixed_kernel_gp_ei
real_buchwald_hartwig,llm_evolved_kernel_conservative_patch_1_refined,791,94.1517,91.0297,5.8483,0,heldout,
real_buchwald_hartwig,llm_evolved_kernel_counter_hypothesis_patch_refined,791,95.7526,91.9691,4.2474,0,heldout,
real_buchwald_hartwig,llm_evolved_kernel_exploration_patch_1_refined,791,95.6759,79.5695,4.3241,0,heldout,
real_buchwald_hartwig,llm_evolved_kernel_high_confidence_patch_refined,791,95.7526,91.5023,4.2474,0,heldout,
real_buchwald_hartwig,llm_evolved_kernel_multi_scale_ensemble_patch_refined,791,98.1771,90.3469,1.8229,1,heldout,
real_buchwald_hartwig,llm_evolved_kernel_safety_anchor_patch_refined,791,94.1517,91.0297,5.8483,0,heldout,
real_buchwald_hartwig,mixed_kernel_gp_ei,791,95.7526,87.3299,4.2474,0,heldout,
real_buchwald_hartwig,target_acquisition_portfolio,791,94.1517,91.0297,5.8483,0,heldout,
real_buchwald_hartwig,fixed_scale_ensemble_0p5_1_1p5_2_3_4,792,95.6759,93.4214,4.3241,0,heldout,
real_buchwald_hartwig,gp_ucb,792,95.6759,93.4214,4.3241,0,heldout,
real_buchwald_hartwig,llm_calibrated_selector,792,97.948,92.0463,2.052,1,heldout,mixed_kernel_gp_ei
real_buchwald_hartwig,llm_evolved_kernel_conservative_patch_1_refined,792,95.6759,93.4214,4.3241,0,heldout,
real_buchwald_hartwig,llm_evolved_kernel_counter_hypothesis_patch_refined,792,99.6191,96.3277,0.3809,1,heldout,
real_buchwald_hartwig,llm_evolved_kernel_exploration_patch_1_refined,792,99.6191,93.8591,0.3809,1,heldout,
real_buchwald_hartwig,llm_evolved_kernel_high_confidence_patch_refined,792,99.6191,97.1506,0.3809,1,heldout,
real_buchwald_hartwig,llm_evolved_kernel_multi_scale_ensemble_patch_refined,792,99.6191,95.1788,0.3809,1,heldout,
real_buchwald_hartwig,llm_evolved_kernel_safety_anchor_patch_refined,792,95.6759,93.4214,4.3241,0,heldout,
real_buchwald_hartwig,mixed_kernel_gp_ei,792,97.948,92.0463,2.052,1,heldout,
real_buchwald_hartwig,target_acquisition_portfolio,792,100.0,97.174,0.0,1,heldout,
real_buchwald_hartwig,fixed_scale_ensemble_0p5_1_1p5_2_3_4,793,98.7313,94.8403,1.2687,1,heldout,
real_buchwald_hartwig,gp_ucb,793,94.3462,91.5299,5.6538,0,heldout,
real_buchwald_hartwig,llm_calibrated_selector,793,93.3108,91.9308,6.6892,0,heldout,mixed_kernel_gp_ei
real_buchwald_hartwig,llm_evolved_kernel_conservative_patch_1_refined,793,98.7313,94.8403,1.2687,1,heldout,
real_buchwald_hartwig,llm_evolved_kernel_counter_hypothesis_patch_refined,793,92.7237,90.5256,7.2763,0,heldout,
real_buchwald_hartwig,llm_evolved_kernel_exploration_patch_1_refined,793,94.3462,93.1224,5.6538,0,heldout,
real_buchwald_hartwig,llm_evolved_kernel_high_confidence_patch_refined,793,98.7313,94.8403,1.2687,1,heldout,
real_buchwald_hartwig,llm_evolved_kernel_multi_scale_ensemble_patch_refined,793,98.7313,94.8403,1.2687,1,heldout,
real_buchwald_hartwig,llm_evolved_kernel_safety_anchor_patch_refined,793,93.0289,91.7812,6.9711,0,heldout,
real_buchwald_hartwig,mixed_kernel_gp_ei,793,93.3108,91.9308,6.6892,0,heldout,
real_buchwald_hartwig,target_acquisition_portfolio,793,93.3108,91.8134,6.6892,0,heldout,
real_buchwald_hartwig,fixed_scale_ensemble_0p5_1_1p5_2_3_4,794,87.902,78.9028,12.098,0,heldout,
real_buchwald_hartwig,gp_ucb,794,94.8799,72.5264,5.1201,0,heldout,
real_buchwald_hartwig,llm_calibrated_selector,794,94.8799,72.5264,5.1201,0,heldout,mixed_kernel_gp_ei
real_buchwald_hartwig,llm_evolved_kernel_conservative_patch_1_refined,794,94.8799,73.8903,5.1201,0,heldout,
real_buchwald_hartwig,llm_evolved_kernel_counter_hypothesis_patch_refined,794,92.8977,74.3213,7.1023,0,heldout,
real_buchwald_hartwig,llm_evolved_kernel_exploration_patch_1_refined,794,93.3108,82.4839,6.6892,0,heldout,
real_buchwald_hartwig,llm_evolved_kernel_high_confidence_patch_refined,794,92.1372,71.4788,7.8628,0,heldout,
real_buchwald_hartwig,llm_evolved_kernel_multi_scale_ensemble_patch_refined,794,88.4449,79.5581,11.5551,0,heldout,
real_buchwald_hartwig,llm_evolved_kernel_safety_anchor_patch_refined,794,94.8799,72.5264,5.1201,0,heldout,
real_buchwald_hartwig,mixed_kernel_gp_ei,794,94.8799,72.5264,5.1201,0,heldout,
real_buchwald_hartwig,target_acquisition_portfolio,794,94.8799,72.5264,5.1201,0,heldout,
real_buchwald_hartwig,fixed_scale_ensemble_0p5_1_1p5_2_3_4,795,94.6911,79.1419,5.3089,0,heldout,
real_buchwald_hartwig,gp_ucb,795,98.2872,74.7361,1.7128,1,heldout,
real_buchwald_hartwig,llm_calibrated_selector,795,94.6911,70.0949,5.3089,0,heldout,mixed_kernel_gp_ei
real_buchwald_hartwig,llm_evolved_kernel_conservative_patch_1_refined,795,98.2872,79.5016,1.7128,1,heldout,
real_buchwald_hartwig,llm_evolved_kernel_counter_hypothesis_patch_refined,795,82.4005,61.3321,17.5995,0,heldout,
real_buchwald_hartwig,llm_evolved_kernel_exploration_patch_1_refined,795,98.2872,79.8118,1.7128,1,heldout,
real_buchwald_hartwig,llm_evolved_kernel_high_confidence_patch_refined,795,98.2872,79.8612,1.7128,1,heldout,
real_buchwald_hartwig,llm_evolved_kernel_multi_scale_ensemble_patch_refined,795,98.2872,75.9273,1.7128,1,heldout,
real_buchwald_hartwig,llm_evolved_kernel_safety_anchor_patch_refined,795,98.2872,75.9273,1.7128,1,heldout,
real_buchwald_hartwig,mixed_kernel_gp_ei,795,94.6911,70.0949,5.3089,0,heldout,
real_buchwald_hartwig,target_acquisition_portfolio,795,94.6911,74.3883,5.3089,0,heldout,
real_buchwald_hartwig,fixed_scale_ensemble_0p5_1_1p5_2_3_4,796,100.0,93.846,0.0,1,heldout,
real_buchwald_hartwig,gp_ucb,796,100.0,93.9989,0.0,1,heldout,
real_buchwald_hartwig,llm_calibrated_selector,796,100.0,93.9989,0.0,1,heldout,mixed_kernel_gp_ei
real_buchwald_hartwig,llm_evolved_kernel_conservative_patch_1_refined,796,100.0,93.846,0.0,1,heldout,
real_buchwald_hartwig,llm_evolved_kernel_counter_hypothesis_patch_refined,796,100.0,93.846,0.0,1,heldout,
real_buchwald_hartwig,llm_evolved_kernel_exploration_patch_1_refined,796,100.0,95.4063,0.0,1,heldout,
real_buchwald_hartwig,llm_evolved_kernel_high_confidence_patch_refined,796,100.0,94.4292,0.0,1,heldout,
real_buchwald_hartwig,llm_evolved_kernel_multi_scale_ensemble_patch_refined,796,100.0,93.846,0.0,1,heldout,
real_buchwald_hartwig,llm_evolved_kernel_safety_anchor_patch_refined,796,100.0,93.9989,0.0,1,heldout,
real_buchwald_hartwig,mixed_kernel_gp_ei,796,100.0,93.9989,0.0,1,heldout,
real_buchwald_hartwig,target_acquisition_portfolio,796,100.0,93.9989,0.0,1,heldout,
real_buchwald_hartwig,fixed_scale_ensemble_0p5_1_1p5_2_3_4,797,85.8947,81.4901,14.1053,0,heldout,
real_buchwald_hartwig,gp_ucb,797,79.0611,75.8533,20.9389,0,heldout,
real_buchwald_hartwig,llm_calibrated_selector,797,97.948,88.3044,2.052,1,heldout,mixed_kernel_gp_ei
real_buchwald_hartwig,llm_evolved_kernel_conservative_patch_1_refined,797,85.8947,81.1717,14.1053,0,heldout,
real_buchwald_hartwig,llm_evolved_kernel_counter_hypothesis_patch_refined,797,89.6142,85.6446,10.3858,0,heldout,
real_buchwald_hartwig,llm_evolved_kernel_exploration_patch_1_refined,797,89.3231,85.2413,10.6769,0,heldout,
real_buchwald_hartwig,llm_evolved_kernel_high_confidence_patch_refined,797,97.948,93.9746,2.052,1,heldout,
real_buchwald_hartwig,llm_evolved_kernel_multi_scale_ensemble_patch_refined,797,85.8947,81.1717,14.1053,0,heldout,
real_buchwald_hartwig,llm_evolved_kernel_safety_anchor_patch_refined,797,85.8947,80.8532,14.1053,0,heldout,
real_buchwald_hartwig,mixed_kernel_gp_ei,797,97.948,88.3044,2.052,1,heldout,
real_buchwald_hartwig,target_acquisition_portfolio,797,79.0611,75.8533,20.9389,0,heldout,
real_buchwald_hartwig,fixed_scale_ensemble_0p5_1_1p5_2_3_4,798,74.2103,70.3978,25.7897,0,heldout,
real_buchwald_hartwig,gp_ucb,798,80.3959,71.6454,19.6041,0,heldout,
real_buchwald_hartwig,llm_calibrated_selector,798,74.2103,70.8509,25.7897,0,heldout,mixed_kernel_gp_ei
real_buchwald_hartwig,llm_evolved_kernel_conservative_patch_1_refined,798,80.3959,71.6454,19.6041,0,heldout,
real_buchwald_hartwig,llm_evolved_kernel_counter_hypothesis_patch_refined,798,83.0965,72.5444,16.9035,0,heldout,
real_buchwald_hartwig,llm_evolved_kernel_exploration_patch_1_refined,798,88.7252,79.0973,11.2748,0,heldout,
real_buchwald_hartwig,llm_evolved_kernel_high_confidence_patch_refined,798,88.5139,68.6411,11.4861,0,heldout,
real_buchwald_hartwig,llm_evolved_kernel_multi_scale_ensemble_patch_refined,798,74.2103,70.8404,25.7897,0,heldout,
real_buchwald_hartwig,llm_evolved_kernel_safety_anchor_patch_refined,798,80.3959,71.6454,19.6041,0,heldout,
real_buchwald_hartwig,mixed_kernel_gp_ei,798,74.2103,70.8509,25.7897,0,heldout,
real_buchwald_hartwig,target_acquisition_portfolio,798,74.2103,70.8404,25.7897,0,heldout,
real_buchwald_hartwig,fixed_scale_ensemble_0p5_1_1p5_2_3_4,799,93.0326,90.8382,6.9674,0,heldout,
real_buchwald_hartwig,gp_ucb,799,93.0326,92.4056,6.9674,0,heldout,
real_buchwald_hartwig,llm_calibrated_selector,799,93.0326,92.4056,6.9674,0,heldout,mixed_kernel_gp_ei
real_buchwald_hartwig,llm_evolved_kernel_conservative_patch_1_refined,799,93.0326,92.4056,6.9674,0,heldout,
real_buchwald_hartwig,llm_evolved_kernel_counter_hypothesis_patch_refined,799,93.0326,91.1517,6.9674,0,heldout,
real_buchwald_hartwig,llm_evolved_kernel_exploration_patch_1_refined,799,93.0326,91.4651,6.9674,0,heldout,
real_buchwald_hartwig,llm_evolved_kernel_high_confidence_patch_refined,799,93.0326,91.1517,6.9674,0,heldout,
real_buchwald_hartwig,llm_evolved_kernel_multi_scale_ensemble_patch_refined,799,93.0326,91.1517,6.9674,0,heldout,
real_buchwald_hartwig,llm_evolved_kernel_safety_anchor_patch_refined,799,93.0326,90.8382,6.9674,0,heldout,
real_buchwald_hartwig,mixed_kernel_gp_ei,799,93.0326,92.4056,6.9674,0,heldout,
real_buchwald_hartwig,target_acquisition_portfolio,799,93.0326,90.8382,6.9674,0,heldout,
