dataset,mode,seed,final_best,best_so_far_auc,simple_regret,top10_hit,split,selected_source_mode
real_buchwald_hartwig,fixed_scale_ensemble_0p5_1_1p5_2_3_4,1800,80.2899,80.2899,19.7101,0,calibration,
real_buchwald_hartwig,gp_ucb,1800,80.2899,80.2899,19.7101,0,calibration,
real_buchwald_hartwig,llm_evolved_kernel_conservative_patch_1_refined,1800,80.2899,80.2899,19.7101,0,calibration,
real_buchwald_hartwig,llm_evolved_kernel_counter_hypothesis_patch_refined,1800,80.2899,80.2899,19.7101,0,calibration,
real_buchwald_hartwig,llm_evolved_kernel_exploration_patch_1_refined,1800,64.0058,57.5848,35.9942,0,calibration,
real_buchwald_hartwig,llm_evolved_kernel_high_confidence_patch_refined,1800,80.2899,80.2899,19.7101,0,calibration,
real_buchwald_hartwig,llm_evolved_kernel_multi_scale_ensemble_patch_refined,1800,80.2899,80.2899,19.7101,0,calibration,
real_buchwald_hartwig,llm_evolved_kernel_safety_anchor_patch_refined,1800,80.2899,80.2899,19.7101,0,calibration,
real_buchwald_hartwig,mixed_kernel_gp_ei,1800,57.8728,55.5405,42.1272,0,calibration,
real_buchwald_hartwig,target_acquisition_portfolio,1800,80.2899,80.2899,19.7101,0,calibration,
real_buchwald_hartwig,fixed_scale_ensemble_0p5_1_1p5_2_3_4,1801,86.4129,86.4129,13.5871,0,calibration,
real_buchwald_hartwig,gp_ucb,1801,86.4129,86.4129,13.5871,0,calibration,
real_buchwald_hartwig,llm_evolved_kernel_conservative_patch_1_refined,1801,86.4129,86.4129,13.5871,0,calibration,
real_buchwald_hartwig,llm_evolved_kernel_counter_hypothesis_patch_refined,1801,86.4129,86.4129,13.5871,0,calibration,
real_buchwald_hartwig,llm_evolved_kernel_exploration_patch_1_refined,1801,86.4129,82.1561,13.5871,0,calibration,
real_buchwald_hartwig,llm_evolved_kernel_high_confidence_patch_refined,1801,86.4129,86.4129,13.5871,0,calibration,
real_buchwald_hartwig,llm_evolved_kernel_multi_scale_ensemble_patch_refined,1801,86.4129,86.4129,13.5871,0,calibration,
real_buchwald_hartwig,llm_evolved_kernel_safety_anchor_patch_refined,1801,86.4129,86.4129,13.5871,0,calibration,
real_buchwald_hartwig,mixed_kernel_gp_ei,1801,86.4129,86.4129,13.5871,0,calibration,
real_buchwald_hartwig,target_acquisition_portfolio,1801,86.4129,86.4129,13.5871,0,calibration,
real_buchwald_hartwig,fixed_scale_ensemble_0p5_1_1p5_2_3_4,1802,65.9902,65.9902,34.0098,0,calibration,
real_buchwald_hartwig,gp_ucb,1802,65.9902,65.9902,34.0098,0,calibration,
real_buchwald_hartwig,llm_evolved_kernel_conservative_patch_1_refined,1802,65.9902,65.9902,34.0098,0,calibration,
real_buchwald_hartwig,llm_evolved_kernel_counter_hypothesis_patch_refined,1802,65.9902,65.9902,34.0098,0,calibration,
real_buchwald_hartwig,llm_evolved_kernel_exploration_patch_1_refined,1802,65.9902,65.9902,34.0098,0,calibration,
real_buchwald_hartwig,llm_evolved_kernel_high_confidence_patch_refined,1802,65.9902,65.9902,34.0098,0,calibration,
real_buchwald_hartwig,llm_evolved_kernel_multi_scale_ensemble_patch_refined,1802,65.9902,65.9902,34.0098,0,calibration,
real_buchwald_hartwig,llm_evolved_kernel_safety_anchor_patch_refined,1802,65.9902,65.9902,34.0098,0,calibration,
real_buchwald_hartwig,mixed_kernel_gp_ei,1802,65.9902,65.9902,34.0098,0,calibration,
real_buchwald_hartwig,target_acquisition_portfolio,1802,65.9902,65.9902,34.0098,0,calibration,
real_buchwald_hartwig,fixed_scale_ensemble_0p5_1_1p5_2_3_4,1803,89.4195,89.4195,10.5805,0,calibration,
real_buchwald_hartwig,gp_ucb,1803,89.4195,88.7894,10.5805,0,calibration,
real_buchwald_hartwig,llm_evolved_kernel_conservative_patch_1_refined,1803,89.4195,89.4195,10.5805,0,calibration,
real_buchwald_hartwig,llm_evolved_kernel_counter_hypothesis_patch_refined,1803,89.4195,88.7894,10.5805,0,calibration,
real_buchwald_hartwig,llm_evolved_kernel_exploration_patch_1_refined,1803,89.4195,88.7894,10.5805,0,calibration,
real_buchwald_hartwig,llm_evolved_kernel_high_confidence_patch_refined,1803,89.4195,88.1592,10.5805,0,calibration,
real_buchwald_hartwig,llm_evolved_kernel_multi_scale_ensemble_patch_refined,1803,89.4195,89.4195,10.5805,0,calibration,
real_buchwald_hartwig,llm_evolved_kernel_safety_anchor_patch_refined,1803,89.4195,88.7894,10.5805,0,calibration,
real_buchwald_hartwig,mixed_kernel_gp_ei,1803,89.4195,88.7894,10.5805,0,calibration,
real_buchwald_hartwig,target_acquisition_portfolio,1803,89.4195,88.7894,10.5805,0,calibration,
real_buchwald_hartwig,fixed_scale_ensemble_0p5_1_1p5_2_3_4,1804,99.6191,99.6191,0.3809,1,calibration,
real_buchwald_hartwig,gp_ucb,1804,99.6191,99.6191,0.3809,1,calibration,
real_buchwald_hartwig,llm_evolved_kernel_conservative_patch_1_refined,1804,99.6191,99.6191,0.3809,1,calibration,
real_buchwald_hartwig,llm_evolved_kernel_counter_hypothesis_patch_refined,1804,99.6191,99.6191,0.3809,1,calibration,
real_buchwald_hartwig,llm_evolved_kernel_exploration_patch_1_refined,1804,99.6191,96.8763,0.3809,1,calibration,
real_buchwald_hartwig,llm_evolved_kernel_high_confidence_patch_refined,1804,99.6191,99.6191,0.3809,1,calibration,
real_buchwald_hartwig,llm_evolved_kernel_multi_scale_ensemble_patch_refined,1804,99.6191,99.6191,0.3809,1,calibration,
real_buchwald_hartwig,llm_evolved_kernel_safety_anchor_patch_refined,1804,99.6191,99.6191,0.3809,1,calibration,
real_buchwald_hartwig,mixed_kernel_gp_ei,1804,99.6191,99.6191,0.3809,1,calibration,
real_buchwald_hartwig,target_acquisition_portfolio,1804,99.6191,99.6191,0.3809,1,calibration,
real_buchwald_hartwig,fixed_scale_ensemble_0p5_1_1p5_2_3_4,1805,77.4708,76.5857,22.5292,0,calibration,
real_buchwald_hartwig,gp_ucb,1805,84.4436,81.2342,15.5564,0,calibration,
real_buchwald_hartwig,llm_evolved_kernel_conservative_patch_1_refined,1805,77.4708,76.5857,22.5292,0,calibration,
real_buchwald_hartwig,llm_evolved_kernel_counter_hypothesis_patch_refined,1805,84.4436,81.2342,15.5564,0,calibration,
real_buchwald_hartwig,llm_evolved_kernel_exploration_patch_1_refined,1805,80.5278,77.6047,19.4722,0,calibration,
real_buchwald_hartwig,llm_evolved_kernel_high_confidence_patch_refined,1805,84.4436,81.2342,15.5564,0,calibration,
real_buchwald_hartwig,llm_evolved_kernel_multi_scale_ensemble_patch_refined,1805,77.4708,76.5857,22.5292,0,calibration,
real_buchwald_hartwig,llm_evolved_kernel_safety_anchor_patch_refined,1805,77.4708,76.5857,22.5292,0,calibration,
real_buchwald_hartwig,mixed_kernel_gp_ei,1805,84.4436,81.2342,15.5564,0,calibration,
real_buchwald_hartwig,target_acquisition_portfolio,1805,84.4436,81.2342,15.5564,0,calibration,
real_buchwald_hartwig,fixed_scale_ensemble_0p5_1_1p5_2_3_4,1806,98.7313,95.3946,1.2687,1,calibration,
real_buchwald_hartwig,gp_ucb,1806,98.7313,95.3946,1.2687,1,calibration,
real_buchwald_hartwig,llm_evolved_kernel_conservative_patch_1_refined,1806,98.7313,95.3946,1.2687,1,calibration,
real_buchwald_hartwig,llm_evolved_kernel_counter_hypothesis_patch_refined,1806,97.2929,95.7194,2.7071,0,calibration,
real_buchwald_hartwig,llm_evolved_kernel_exploration_patch_1_refined,1806,92.7237,92.7237,7.2763,0,calibration,
real_buchwald_hartwig,llm_evolved_kernel_high_confidence_patch_refined,1806,97.2929,94.146,2.7071,0,calibration,
real_buchwald_hartwig,llm_evolved_kernel_multi_scale_ensemble_patch_refined,1806,98.7313,95.3946,1.2687,1,calibration,
real_buchwald_hartwig,llm_evolved_kernel_safety_anchor_patch_refined,1806,98.7313,95.3946,1.2687,1,calibration,
real_buchwald_hartwig,mixed_kernel_gp_ei,1806,97.2929,94.146,2.7071,0,calibration,
real_buchwald_hartwig,target_acquisition_portfolio,1806,97.2929,94.146,2.7071,0,calibration,
real_buchwald_hartwig,fixed_scale_ensemble_0p5_1_1p5_2_3_4,1807,64.529,64.529,35.471,0,calibration,
real_buchwald_hartwig,gp_ucb,1807,74.0097,74.0097,25.9903,0,calibration,
real_buchwald_hartwig,llm_evolved_kernel_conservative_patch_1_refined,1807,64.529,64.529,35.471,0,calibration,
real_buchwald_hartwig,llm_evolved_kernel_counter_hypothesis_patch_refined,1807,64.529,64.529,35.471,0,calibration,
real_buchwald_hartwig,llm_evolved_kernel_exploration_patch_1_refined,1807,68.765,65.941,31.235,0,calibration,
real_buchwald_hartwig,llm_evolved_kernel_high_confidence_patch_refined,1807,71.4138,71.4138,28.5862,0,calibration,
real_buchwald_hartwig,llm_evolved_kernel_multi_scale_ensemble_patch_refined,1807,64.529,64.529,35.471,0,calibration,
real_buchwald_hartwig,llm_evolved_kernel_safety_anchor_patch_refined,1807,74.0097,74.0097,25.9903,0,calibration,
real_buchwald_hartwig,mixed_kernel_gp_ei,1807,68.765,65.941,31.235,0,calibration,
real_buchwald_hartwig,target_acquisition_portfolio,1807,64.529,64.529,35.471,0,calibration,
real_buchwald_hartwig,fixed_scale_ensemble_0p5_1_1p5_2_3_4,1808,80.2899,80.2899,19.7101,0,calibration,
real_buchwald_hartwig,gp_ucb,1808,80.2899,80.2899,19.7101,0,calibration,
real_buchwald_hartwig,llm_evolved_kernel_conservative_patch_1_refined,1808,83.3382,81.306,16.6618,0,calibration,
real_buchwald_hartwig,llm_evolved_kernel_counter_hypothesis_patch_refined,1808,92.9567,84.5122,7.0433,0,calibration,
real_buchwald_hartwig,llm_evolved_kernel_exploration_patch_1_refined,1808,92.9567,88.7344,7.0433,0,calibration,
real_buchwald_hartwig,llm_evolved_kernel_high_confidence_patch_refined,1808,80.2899,80.2899,19.7101,0,calibration,
real_buchwald_hartwig,llm_evolved_kernel_multi_scale_ensemble_patch_refined,1808,80.2899,80.2899,19.7101,0,calibration,
real_buchwald_hartwig,llm_evolved_kernel_safety_anchor_patch_refined,1808,80.2899,80.2899,19.7101,0,calibration,
real_buchwald_hartwig,mixed_kernel_gp_ei,1808,80.2899,80.2899,19.7101,0,calibration,
real_buchwald_hartwig,target_acquisition_portfolio,1808,80.2899,80.2899,19.7101,0,calibration,
real_buchwald_hartwig,fixed_scale_ensemble_0p5_1_1p5_2_3_4,1809,65.4877,55.7606,34.5123,0,calibration,
real_buchwald_hartwig,gp_ucb,1809,65.4877,55.7606,34.5123,0,calibration,
real_buchwald_hartwig,llm_evolved_kernel_conservative_patch_1_refined,1809,65.4877,55.7606,34.5123,0,calibration,
real_buchwald_hartwig,llm_evolved_kernel_counter_hypothesis_patch_refined,1809,65.4877,46.0335,34.5123,0,calibration,
real_buchwald_hartwig,llm_evolved_kernel_exploration_patch_1_refined,1809,93.3108,87.653,6.6892,0,calibration,
real_buchwald_hartwig,llm_evolved_kernel_high_confidence_patch_refined,1809,83.6818,61.8253,16.3182,0,calibration,
real_buchwald_hartwig,llm_evolved_kernel_multi_scale_ensemble_patch_refined,1809,65.4877,55.7606,34.5123,0,calibration,
real_buchwald_hartwig,llm_evolved_kernel_safety_anchor_patch_refined,1809,65.4877,55.7606,34.5123,0,calibration,
real_buchwald_hartwig,mixed_kernel_gp_ei,1809,65.4877,55.7606,34.5123,0,calibration,
real_buchwald_hartwig,target_acquisition_portfolio,1809,65.4877,55.7606,34.5123,0,calibration,
real_buchwald_hartwig,fixed_scale_ensemble_0p5_1_1p5_2_3_4,1810,85.8947,85.8947,14.1053,0,calibration,
real_buchwald_hartwig,gp_ucb,1810,85.8947,85.8947,14.1053,0,calibration,
real_buchwald_hartwig,llm_evolved_kernel_conservative_patch_1_refined,1810,85.8947,85.8947,14.1053,0,calibration,
real_buchwald_hartwig,llm_evolved_kernel_counter_hypothesis_patch_refined,1810,85.8947,85.8947,14.1053,0,calibration,
real_buchwald_hartwig,llm_evolved_kernel_exploration_patch_1_refined,1810,88.1675,86.6523,11.8325,0,calibration,
real_buchwald_hartwig,llm_evolved_kernel_high_confidence_patch_refined,1810,85.8947,85.8947,14.1053,0,calibration,
real_buchwald_hartwig,llm_evolved_kernel_multi_scale_ensemble_patch_refined,1810,85.8947,85.8947,14.1053,0,calibration,
real_buchwald_hartwig,llm_evolved_kernel_safety_anchor_patch_refined,1810,85.8947,85.8947,14.1053,0,calibration,
real_buchwald_hartwig,mixed_kernel_gp_ei,1810,85.8947,85.8947,14.1053,0,calibration,
real_buchwald_hartwig,target_acquisition_portfolio,1810,85.8947,85.8947,14.1053,0,calibration,
real_buchwald_hartwig,fixed_scale_ensemble_0p5_1_1p5_2_3_4,1811,89.5592,86.2457,10.4408,0,calibration,
real_buchwald_hartwig,gp_ucb,1811,84.5889,84.5889,15.4111,0,calibration,
real_buchwald_hartwig,llm_evolved_kernel_conservative_patch_1_refined,1811,84.5889,84.5889,15.4111,0,calibration,
real_buchwald_hartwig,llm_evolved_kernel_counter_hypothesis_patch_refined,1811,89.3231,86.167,10.6769,0,calibration,
real_buchwald_hartwig,llm_evolved_kernel_exploration_patch_1_refined,1811,89.3231,87.745,10.6769,0,calibration,
real_buchwald_hartwig,llm_evolved_kernel_high_confidence_patch_refined,1811,89.3231,86.167,10.6769,0,calibration,
real_buchwald_hartwig,llm_evolved_kernel_multi_scale_ensemble_patch_refined,1811,84.5889,84.5889,15.4111,0,calibration,
real_buchwald_hartwig,llm_evolved_kernel_safety_anchor_patch_refined,1811,84.5889,84.5889,15.4111,0,calibration,
real_buchwald_hartwig,mixed_kernel_gp_ei,1811,84.5889,84.5889,15.4111,0,calibration,
real_buchwald_hartwig,target_acquisition_portfolio,1811,84.5889,84.5889,15.4111,0,calibration,
real_buchwald_hartwig,fixed_scale_ensemble_0p5_1_1p5_2_3_4,1812,84.6498,83.6122,15.3502,0,calibration,
real_buchwald_hartwig,gp_ucb,1812,84.6498,83.6122,15.3502,0,calibration,
real_buchwald_hartwig,llm_evolved_kernel_conservative_patch_1_refined,1812,84.6498,83.6122,15.3502,0,calibration,
real_buchwald_hartwig,llm_evolved_kernel_counter_hypothesis_patch_refined,1812,84.6498,83.6122,15.3502,0,calibration,
real_buchwald_hartwig,llm_evolved_kernel_exploration_patch_1_refined,1812,84.6498,84.6498,15.3502,0,calibration,
real_buchwald_hartwig,llm_evolved_kernel_high_confidence_patch_refined,1812,84.93,83.799,15.07,0,calibration,
real_buchwald_hartwig,llm_evolved_kernel_multi_scale_ensemble_patch_refined,1812,84.6498,83.6122,15.3502,0,calibration,
real_buchwald_hartwig,llm_evolved_kernel_safety_anchor_patch_refined,1812,84.6498,83.6122,15.3502,0,calibration,
real_buchwald_hartwig,mixed_kernel_gp_ei,1812,84.6498,83.6122,15.3502,0,calibration,
real_buchwald_hartwig,target_acquisition_portfolio,1812,84.6498,83.6122,15.3502,0,calibration,
real_buchwald_hartwig,fixed_scale_ensemble_0p5_1_1p5_2_3_4,1813,80.1023,80.1023,19.8977,0,calibration,
real_buchwald_hartwig,gp_ucb,1813,90.9905,83.7317,9.0095,0,calibration,
real_buchwald_hartwig,llm_evolved_kernel_conservative_patch_1_refined,1813,80.1023,80.1023,19.8977,0,calibration,
real_buchwald_hartwig,llm_evolved_kernel_counter_hypothesis_patch_refined,1813,90.9905,83.7317,9.0095,0,calibration,
real_buchwald_hartwig,llm_evolved_kernel_exploration_patch_1_refined,1813,84.6902,81.6316,15.3098,0,calibration,
real_buchwald_hartwig,llm_evolved_kernel_high_confidence_patch_refined,1813,90.9905,87.3611,9.0095,0,calibration,
real_buchwald_hartwig,llm_evolved_kernel_multi_scale_ensemble_patch_refined,1813,80.1023,80.1023,19.8977,0,calibration,
real_buchwald_hartwig,llm_evolved_kernel_safety_anchor_patch_refined,1813,80.1023,80.1023,19.8977,0,calibration,
real_buchwald_hartwig,mixed_kernel_gp_ei,1813,90.9905,83.7317,9.0095,0,calibration,
real_buchwald_hartwig,target_acquisition_portfolio,1813,90.9905,83.7317,9.0095,0,calibration,
real_buchwald_hartwig,fixed_scale_ensemble_0p5_1_1p5_2_3_4,1814,66.8518,66.8518,33.1482,0,calibration,
real_buchwald_hartwig,gp_ucb,1814,66.8518,66.8518,33.1482,0,calibration,
real_buchwald_hartwig,llm_evolved_kernel_conservative_patch_1_refined,1814,66.8518,66.8518,33.1482,0,calibration,
real_buchwald_hartwig,llm_evolved_kernel_counter_hypothesis_patch_refined,1814,66.8518,66.8518,33.1482,0,calibration,
real_buchwald_hartwig,llm_evolved_kernel_exploration_patch_1_refined,1814,66.8518,66.8518,33.1482,0,calibration,
real_buchwald_hartwig,llm_evolved_kernel_high_confidence_patch_refined,1814,66.8518,66.8518,33.1482,0,calibration,
real_buchwald_hartwig,llm_evolved_kernel_multi_scale_ensemble_patch_refined,1814,66.8518,66.8518,33.1482,0,calibration,
real_buchwald_hartwig,llm_evolved_kernel_safety_anchor_patch_refined,1814,66.8518,66.8518,33.1482,0,calibration,
real_buchwald_hartwig,mixed_kernel_gp_ei,1814,66.8518,66.8518,33.1482,0,calibration,
real_buchwald_hartwig,target_acquisition_portfolio,1814,66.8518,66.8518,33.1482,0,calibration,
real_buchwald_hartwig,fixed_scale_ensemble_0p5_1_1p5_2_3_4,1815,66.7636,66.7636,33.2364,0,calibration,
real_buchwald_hartwig,gp_ucb,1815,67.9717,67.569,32.0283,0,calibration,
real_buchwald_hartwig,llm_evolved_kernel_conservative_patch_1_refined,1815,66.7636,66.7636,33.2364,0,calibration,
real_buchwald_hartwig,llm_evolved_kernel_counter_hypothesis_patch_refined,1815,67.9717,67.569,32.0283,0,calibration,
real_buchwald_hartwig,llm_evolved_kernel_exploration_patch_1_refined,1815,66.7636,66.7636,33.2364,0,calibration,
real_buchwald_hartwig,llm_evolved_kernel_high_confidence_patch_refined,1815,66.7636,66.7636,33.2364,0,calibration,
real_buchwald_hartwig,llm_evolved_kernel_multi_scale_ensemble_patch_refined,1815,66.7636,66.7636,33.2364,0,calibration,
real_buchwald_hartwig,llm_evolved_kernel_safety_anchor_patch_refined,1815,67.9717,67.569,32.0283,0,calibration,
real_buchwald_hartwig,mixed_kernel_gp_ei,1815,66.7636,66.7636,33.2364,0,calibration,
real_buchwald_hartwig,target_acquisition_portfolio,1815,67.9717,67.569,32.0283,0,calibration,
real_buchwald_hartwig,fixed_scale_ensemble_0p5_1_1p5_2_3_4,1816,83.0965,83.0965,16.9035,0,calibration,
real_buchwald_hartwig,gp_ucb,1816,97.5685,87.9205,2.4315,1,calibration,
real_buchwald_hartwig,llm_evolved_kernel_conservative_patch_1_refined,1816,97.5685,87.9205,2.4315,1,calibration,
real_buchwald_hartwig,llm_evolved_kernel_counter_hypothesis_patch_refined,1816,97.5685,96.1138,2.4315,1,calibration,
real_buchwald_hartwig,llm_evolved_kernel_exploration_patch_1_refined,1816,83.0965,83.0965,16.9035,0,calibration,
real_buchwald_hartwig,llm_evolved_kernel_high_confidence_patch_refined,1816,83.0965,83.0965,16.9035,0,calibration,
real_buchwald_hartwig,llm_evolved_kernel_multi_scale_ensemble_patch_refined,1816,83.0965,83.0965,16.9035,0,calibration,
real_buchwald_hartwig,llm_evolved_kernel_safety_anchor_patch_refined,1816,83.0965,83.0965,16.9035,0,calibration,
real_buchwald_hartwig,mixed_kernel_gp_ei,1816,83.0965,83.0965,16.9035,0,calibration,
real_buchwald_hartwig,target_acquisition_portfolio,1816,83.0965,83.0965,16.9035,0,calibration,
real_buchwald_hartwig,fixed_scale_ensemble_0p5_1_1p5_2_3_4,1817,80.0277,65.3457,19.9723,0,calibration,
real_buchwald_hartwig,gp_ucb,1817,80.0277,65.3457,19.9723,0,calibration,
real_buchwald_hartwig,llm_evolved_kernel_conservative_patch_1_refined,1817,80.0277,65.3457,19.9723,0,calibration,
real_buchwald_hartwig,llm_evolved_kernel_counter_hypothesis_patch_refined,1817,60.5491,58.8529,39.4509,0,calibration,
real_buchwald_hartwig,llm_evolved_kernel_exploration_patch_1_refined,1817,85.1332,80.5868,14.8668,0,calibration,
real_buchwald_hartwig,llm_evolved_kernel_high_confidence_patch_refined,1817,60.5491,57.1566,39.4509,0,calibration,
real_buchwald_hartwig,llm_evolved_kernel_multi_scale_ensemble_patch_refined,1817,60.5491,57.1566,39.4509,0,calibration,
real_buchwald_hartwig,llm_evolved_kernel_safety_anchor_patch_refined,1817,80.0277,65.3457,19.9723,0,calibration,
real_buchwald_hartwig,mixed_kernel_gp_ei,1817,70.5651,62.1915,29.4349,0,calibration,
real_buchwald_hartwig,target_acquisition_portfolio,1817,80.0277,65.3457,19.9723,0,calibration,
real_buchwald_hartwig,fixed_scale_ensemble_0p5_1_1p5_2_3_4,1818,92.9567,88.3027,7.0433,0,calibration,
real_buchwald_hartwig,gp_ucb,1818,81.9976,81.9976,18.0024,0,calibration,
real_buchwald_hartwig,llm_evolved_kernel_conservative_patch_1_refined,1818,93.1012,88.3508,6.8988,0,calibration,
real_buchwald_hartwig,llm_evolved_kernel_counter_hypothesis_patch_refined,1818,81.9976,81.9976,18.0024,0,calibration,
real_buchwald_hartwig,llm_evolved_kernel_exploration_patch_1_refined,1818,93.1012,85.4631,6.8988,0,calibration,
real_buchwald_hartwig,llm_evolved_kernel_high_confidence_patch_refined,1818,81.9976,81.9976,18.0024,0,calibration,
real_buchwald_hartwig,llm_evolved_kernel_multi_scale_ensemble_patch_refined,1818,88.3519,84.1157,11.6481,0,calibration,
real_buchwald_hartwig,llm_evolved_kernel_safety_anchor_patch_refined,1818,81.9976,81.9976,18.0024,0,calibration,
real_buchwald_hartwig,mixed_kernel_gp_ei,1818,83.0419,83.0419,16.9581,0,calibration,
real_buchwald_hartwig,target_acquisition_portfolio,1818,83.8384,83.8384,16.1616,0,calibration,
real_buchwald_hartwig,fixed_scale_ensemble_0p5_1_1p5_2_3_4,1819,87.3638,87.3638,12.6362,0,calibration,
real_buchwald_hartwig,gp_ucb,1819,87.3638,87.3638,12.6362,0,calibration,
real_buchwald_hartwig,llm_evolved_kernel_conservative_patch_1_refined,1819,87.3638,87.3638,12.6362,0,calibration,
real_buchwald_hartwig,llm_evolved_kernel_counter_hypothesis_patch_refined,1819,49.1454,43.7567,50.8546,0,calibration,
real_buchwald_hartwig,llm_evolved_kernel_exploration_patch_1_refined,1819,93.5641,86.2353,6.4359,0,calibration,
real_buchwald_hartwig,llm_evolved_kernel_high_confidence_patch_refined,1819,87.3638,87.3638,12.6362,0,calibration,
real_buchwald_hartwig,llm_evolved_kernel_multi_scale_ensemble_patch_refined,1819,87.3638,87.3638,12.6362,0,calibration,
real_buchwald_hartwig,llm_evolved_kernel_safety_anchor_patch_refined,1819,87.3638,87.3638,12.6362,0,calibration,
real_buchwald_hartwig,mixed_kernel_gp_ei,1819,87.3638,87.3638,12.6362,0,calibration,
real_buchwald_hartwig,target_acquisition_portfolio,1819,87.3638,87.3638,12.6362,0,calibration,
real_buchwald_hartwig,fixed_scale_ensemble_0p5_1_1p5_2_3_4,1820,41.7133,41.6609,58.2867,0,calibration,
real_buchwald_hartwig,gp_ucb,1820,44.6811,42.6501,55.3189,0,calibration,
real_buchwald_hartwig,llm_evolved_kernel_conservative_patch_1_refined,1820,44.6811,42.6501,55.3189,0,calibration,
real_buchwald_hartwig,llm_evolved_kernel_counter_hypothesis_patch_refined,1820,98.2872,63.3265,1.7128,1,calibration,
real_buchwald_hartwig,llm_evolved_kernel_exploration_patch_1_refined,1820,98.2872,82.2369,1.7128,1,calibration,
real_buchwald_hartwig,llm_evolved_kernel_high_confidence_patch_refined,1820,98.2872,63.3265,1.7128,1,calibration,
real_buchwald_hartwig,llm_evolved_kernel_multi_scale_ensemble_patch_refined,1820,41.7133,41.6609,58.2867,0,calibration,
real_buchwald_hartwig,llm_evolved_kernel_safety_anchor_patch_refined,1820,41.7133,41.6609,58.2867,0,calibration,
real_buchwald_hartwig,mixed_kernel_gp_ei,1820,98.2872,64.0522,1.7128,1,calibration,
real_buchwald_hartwig,target_acquisition_portfolio,1820,98.2872,64.0522,1.7128,1,calibration,
real_buchwald_hartwig,fixed_scale_ensemble_0p5_1_1p5_2_3_4,1821,83.7372,83.7372,16.2628,0,calibration,
real_buchwald_hartwig,gp_ucb,1821,83.7372,83.7372,16.2628,0,calibration,
real_buchwald_hartwig,llm_evolved_kernel_conservative_patch_1_refined,1821,83.7372,83.7372,16.2628,0,calibration,
real_buchwald_hartwig,llm_evolved_kernel_counter_hypothesis_patch_refined,1821,83.7372,83.7372,16.2628,0,calibration,
real_buchwald_hartwig,llm_evolved_kernel_exploration_patch_1_refined,1821,83.7372,83.7372,16.2628,0,calibration,
real_buchwald_hartwig,llm_evolved_kernel_high_confidence_patch_refined,1821,83.7372,83.7372,16.2628,0,calibration,
real_buchwald_hartwig,llm_evolved_kernel_multi_scale_ensemble_patch_refined,1821,83.7372,83.7372,16.2628,0,calibration,
real_buchwald_hartwig,llm_evolved_kernel_safety_anchor_patch_refined,1821,83.7372,83.7372,16.2628,0,calibration,
real_buchwald_hartwig,mixed_kernel_gp_ei,1821,83.7372,83.7372,16.2628,0,calibration,
real_buchwald_hartwig,target_acquisition_portfolio,1821,83.7372,83.7372,16.2628,0,calibration,
real_buchwald_hartwig,fixed_scale_ensemble_0p5_1_1p5_2_3_4,1822,93.0995,86.821,6.9005,0,calibration,
real_buchwald_hartwig,gp_ucb,1822,93.0995,80.7563,6.9005,0,calibration,
real_buchwald_hartwig,llm_evolved_kernel_conservative_patch_1_refined,1822,65.4877,65.4877,34.5123,0,calibration,
real_buchwald_hartwig,llm_evolved_kernel_counter_hypothesis_patch_refined,1822,83.6818,71.5524,16.3182,0,calibration,
real_buchwald_hartwig,llm_evolved_kernel_exploration_patch_1_refined,1822,93.0995,80.7563,6.9005,0,calibration,
real_buchwald_hartwig,llm_evolved_kernel_high_confidence_patch_refined,1822,83.6818,71.5524,16.3182,0,calibration,
real_buchwald_hartwig,llm_evolved_kernel_multi_scale_ensemble_patch_refined,1822,93.0995,86.821,6.9005,0,calibration,
real_buchwald_hartwig,llm_evolved_kernel_safety_anchor_patch_refined,1822,93.0995,80.7563,6.9005,0,calibration,
real_buchwald_hartwig,mixed_kernel_gp_ei,1822,93.0995,80.7563,6.9005,0,calibration,
real_buchwald_hartwig,target_acquisition_portfolio,1822,93.0995,80.7563,6.9005,0,calibration,
real_buchwald_hartwig,fixed_scale_ensemble_0p5_1_1p5_2_3_4,1823,43.3441,30.1154,56.6559,0,calibration,
real_buchwald_hartwig,gp_ucb,1823,27.6971,24.8998,72.3029,0,calibration,
real_buchwald_hartwig,llm_evolved_kernel_conservative_patch_1_refined,1823,43.3441,30.1154,56.6559,0,calibration,
real_buchwald_hartwig,llm_evolved_kernel_counter_hypothesis_patch_refined,1823,27.6971,24.8998,72.3029,0,calibration,
real_buchwald_hartwig,llm_evolved_kernel_exploration_patch_1_refined,1823,34.6849,26.0364,65.3151,0,calibration,
real_buchwald_hartwig,llm_evolved_kernel_high_confidence_patch_refined,1823,38.5633,28.5218,61.4367,0,calibration,
real_buchwald_hartwig,llm_evolved_kernel_multi_scale_ensemble_patch_refined,1823,43.3441,30.1154,56.6559,0,calibration,
real_buchwald_hartwig,llm_evolved_kernel_safety_anchor_patch_refined,1823,43.3441,30.1154,56.6559,0,calibration,
real_buchwald_hartwig,mixed_kernel_gp_ei,1823,23.5011,23.5011,76.4989,0,calibration,
real_buchwald_hartwig,target_acquisition_portfolio,1823,23.5011,23.5011,76.4989,0,calibration,
real_buchwald_hartwig,fixed_scale_ensemble_0p5_1_1p5_2_3_4,1824,77.2842,70.9709,22.7158,0,calibration,
real_buchwald_hartwig,gp_ucb,1824,80.0002,75.0329,19.9998,0,calibration,
real_buchwald_hartwig,llm_evolved_kernel_conservative_patch_1_refined,1824,84.341,73.3232,15.659,0,calibration,
real_buchwald_hartwig,llm_evolved_kernel_counter_hypothesis_patch_refined,1824,80.0002,75.0329,19.9998,0,calibration,
real_buchwald_hartwig,llm_evolved_kernel_exploration_patch_1_refined,1824,67.8143,67.8143,32.1857,0,calibration,
real_buchwald_hartwig,llm_evolved_kernel_high_confidence_patch_refined,1824,67.8143,67.8143,32.1857,0,calibration,
real_buchwald_hartwig,llm_evolved_kernel_multi_scale_ensemble_patch_refined,1824,84.341,73.3232,15.659,0,calibration,
real_buchwald_hartwig,llm_evolved_kernel_safety_anchor_patch_refined,1824,84.341,73.3232,15.659,0,calibration,
real_buchwald_hartwig,mixed_kernel_gp_ei,1824,65.9443,65.9443,34.0557,0,calibration,
real_buchwald_hartwig,target_acquisition_portfolio,1824,80.0002,75.0329,19.9998,0,calibration,
real_buchwald_hartwig,fixed_scale_ensemble_0p5_1_1p5_2_3_4,1825,65.7347,65.7347,34.2653,0,calibration,
real_buchwald_hartwig,gp_ucb,1825,65.7347,65.7347,34.2653,0,calibration,
real_buchwald_hartwig,llm_evolved_kernel_conservative_patch_1_refined,1825,65.7347,65.7347,34.2653,0,calibration,
real_buchwald_hartwig,llm_evolved_kernel_counter_hypothesis_patch_refined,1825,92.256,80.8916,7.744,0,calibration,
real_buchwald_hartwig,llm_evolved_kernel_exploration_patch_1_refined,1825,83.7372,77.7364,16.2628,0,calibration,
real_buchwald_hartwig,llm_evolved_kernel_high_confidence_patch_refined,1825,70.5804,67.3499,29.4196,0,calibration,
real_buchwald_hartwig,llm_evolved_kernel_multi_scale_ensemble_patch_refined,1825,65.7347,65.7347,34.2653,0,calibration,
real_buchwald_hartwig,llm_evolved_kernel_safety_anchor_patch_refined,1825,65.7347,65.7347,34.2653,0,calibration,
real_buchwald_hartwig,mixed_kernel_gp_ei,1825,65.7347,65.7347,34.2653,0,calibration,
real_buchwald_hartwig,target_acquisition_portfolio,1825,65.7347,65.7347,34.2653,0,calibration,
real_buchwald_hartwig,fixed_scale_ensemble_0p5_1_1p5_2_3_4,1826,93.3108,91.5079,6.6892,0,calibration,
real_buchwald_hartwig,gp_ucb,1826,93.3108,91.5079,6.6892,0,calibration,
real_buchwald_hartwig,llm_evolved_kernel_conservative_patch_1_refined,1826,93.3108,91.5079,6.6892,0,calibration,
real_buchwald_hartwig,llm_evolved_kernel_counter_hypothesis_patch_refined,1826,93.3108,89.7049,6.6892,0,calibration,
real_buchwald_hartwig,llm_evolved_kernel_exploration_patch_1_refined,1826,93.3108,93.3108,6.6892,0,calibration,
real_buchwald_hartwig,llm_evolved_kernel_high_confidence_patch_refined,1826,93.3108,91.5079,6.6892,0,calibration,
real_buchwald_hartwig,llm_evolved_kernel_multi_scale_ensemble_patch_refined,1826,93.3108,91.5079,6.6892,0,calibration,
real_buchwald_hartwig,llm_evolved_kernel_safety_anchor_patch_refined,1826,93.3108,91.5079,6.6892,0,calibration,
real_buchwald_hartwig,mixed_kernel_gp_ei,1826,93.3108,91.5079,6.6892,0,calibration,
real_buchwald_hartwig,target_acquisition_portfolio,1826,93.3108,91.5079,6.6892,0,calibration,
real_buchwald_hartwig,fixed_scale_ensemble_0p5_1_1p5_2_3_4,1827,69.9472,58.1931,30.0528,0,calibration,
real_buchwald_hartwig,gp_ucb,1827,99.0345,89.3387,0.9655,1,calibration,
real_buchwald_hartwig,llm_evolved_kernel_conservative_patch_1_refined,1827,99.0345,89.3387,0.9655,1,calibration,
real_buchwald_hartwig,llm_evolved_kernel_counter_hypothesis_patch_refined,1827,99.0345,79.643,0.9655,1,calibration,
real_buchwald_hartwig,llm_evolved_kernel_exploration_patch_1_refined,1827,67.0208,47.1791,32.9792,0,calibration,
real_buchwald_hartwig,llm_evolved_kernel_high_confidence_patch_refined,1827,85.8947,73.7458,14.1053,0,calibration,
real_buchwald_hartwig,llm_evolved_kernel_multi_scale_ensemble_patch_refined,1827,85.8947,73.7458,14.1053,0,calibration,
real_buchwald_hartwig,llm_evolved_kernel_safety_anchor_patch_refined,1827,99.0345,89.3387,0.9655,1,calibration,
real_buchwald_hartwig,mixed_kernel_gp_ei,1827,99.0345,89.3387,0.9655,1,calibration,
real_buchwald_hartwig,target_acquisition_portfolio,1827,99.0345,89.3387,0.9655,1,calibration,
real_buchwald_hartwig,fixed_scale_ensemble_0p5_1_1p5_2_3_4,1828,89.5866,89.4987,10.4134,0,calibration,
real_buchwald_hartwig,gp_ucb,1828,96.5912,94.1684,3.4088,0,calibration,
real_buchwald_hartwig,llm_evolved_kernel_conservative_patch_1_refined,1828,89.5866,89.4987,10.4134,0,calibration,
real_buchwald_hartwig,llm_evolved_kernel_counter_hypothesis_patch_refined,1828,96.5912,94.1684,3.4088,0,calibration,
real_buchwald_hartwig,llm_evolved_kernel_exploration_patch_1_refined,1828,92.5725,90.4061,7.4275,0,calibration,
real_buchwald_hartwig,llm_evolved_kernel_high_confidence_patch_refined,1828,96.5912,91.7457,3.4088,0,calibration,
real_buchwald_hartwig,llm_evolved_kernel_multi_scale_ensemble_patch_refined,1828,89.5866,89.4987,10.4134,0,calibration,
real_buchwald_hartwig,llm_evolved_kernel_safety_anchor_patch_refined,1828,96.5912,94.1684,3.4088,0,calibration,
real_buchwald_hartwig,mixed_kernel_gp_ei,1828,96.5912,94.1684,3.4088,0,calibration,
real_buchwald_hartwig,target_acquisition_portfolio,1828,96.5912,94.1684,3.4088,0,calibration,
real_buchwald_hartwig,fixed_scale_ensemble_0p5_1_1p5_2_3_4,1829,69.2763,69.2763,30.7237,0,calibration,
real_buchwald_hartwig,gp_ucb,1829,69.9703,68.9446,30.0297,0,calibration,
real_buchwald_hartwig,llm_evolved_kernel_conservative_patch_1_refined,1829,69.2763,69.2763,30.7237,0,calibration,
real_buchwald_hartwig,llm_evolved_kernel_counter_hypothesis_patch_refined,1829,69.9703,68.9446,30.0297,0,calibration,
real_buchwald_hartwig,llm_evolved_kernel_exploration_patch_1_refined,1829,73.4449,72.812,26.5551,0,calibration,
real_buchwald_hartwig,llm_evolved_kernel_high_confidence_patch_refined,1829,71.5462,70.7896,28.4538,0,calibration,
real_buchwald_hartwig,llm_evolved_kernel_multi_scale_ensemble_patch_refined,1829,69.2763,69.2763,30.7237,0,calibration,
real_buchwald_hartwig,llm_evolved_kernel_safety_anchor_patch_refined,1829,71.5462,69.4699,28.4538,0,calibration,
real_buchwald_hartwig,mixed_kernel_gp_ei,1829,69.9703,68.9446,30.0297,0,calibration,
real_buchwald_hartwig,target_acquisition_portfolio,1829,69.9703,68.9446,30.0297,0,calibration,
real_buchwald_hartwig,fixed_scale_ensemble_0p5_1_1p5_2_3_4,1830,53.8392,53.8392,46.1608,0,calibration,
real_buchwald_hartwig,gp_ucb,1830,39.8937,39.8937,60.1063,0,calibration,
real_buchwald_hartwig,llm_evolved_kernel_conservative_patch_1_refined,1830,44.6811,42.0436,55.3189,0,calibration,
real_buchwald_hartwig,llm_evolved_kernel_counter_hypothesis_patch_refined,1830,53.8392,53.8392,46.1608,0,calibration,
real_buchwald_hartwig,llm_evolved_kernel_exploration_patch_1_refined,1830,54.2238,54.2238,45.7762,0,calibration,
real_buchwald_hartwig,llm_evolved_kernel_high_confidence_patch_refined,1830,81.6307,54.3601,18.3693,0,calibration,
real_buchwald_hartwig,llm_evolved_kernel_multi_scale_ensemble_patch_refined,1830,39.8937,39.8937,60.1063,0,calibration,
real_buchwald_hartwig,llm_evolved_kernel_safety_anchor_patch_refined,1830,53.8392,53.8392,46.1608,0,calibration,
real_buchwald_hartwig,mixed_kernel_gp_ei,1830,53.8392,53.8392,46.1608,0,calibration,
real_buchwald_hartwig,target_acquisition_portfolio,1830,41.556,40.4478,58.444,0,calibration,
real_buchwald_hartwig,fixed_scale_ensemble_0p5_1_1p5_2_3_4,1831,55.5659,53.4285,44.4341,0,calibration,
real_buchwald_hartwig,gp_ucb,1831,55.5659,53.4285,44.4341,0,calibration,
real_buchwald_hartwig,llm_evolved_kernel_conservative_patch_1_refined,1831,55.5659,53.4285,44.4341,0,calibration,
real_buchwald_hartwig,llm_evolved_kernel_counter_hypothesis_patch_refined,1831,55.5659,53.4285,44.4341,0,calibration,
real_buchwald_hartwig,llm_evolved_kernel_exploration_patch_1_refined,1831,49.5182,49.3967,50.4818,0,calibration,
real_buchwald_hartwig,llm_evolved_kernel_high_confidence_patch_refined,1831,55.5659,53.4285,44.4341,0,calibration,
real_buchwald_hartwig,llm_evolved_kernel_multi_scale_ensemble_patch_refined,1831,55.5659,53.4285,44.4341,0,calibration,
real_buchwald_hartwig,llm_evolved_kernel_safety_anchor_patch_refined,1831,55.5659,53.4285,44.4341,0,calibration,
real_buchwald_hartwig,mixed_kernel_gp_ei,1831,55.5659,53.4285,44.4341,0,calibration,
real_buchwald_hartwig,target_acquisition_portfolio,1831,55.5659,53.4285,44.4341,0,calibration,
real_buchwald_hartwig,fixed_scale_ensemble_0p5_1_1p5_2_3_4,1832,86.5354,76.7845,13.4646,0,calibration,
real_buchwald_hartwig,gp_ucb,1832,86.5354,76.7845,13.4646,0,calibration,
real_buchwald_hartwig,llm_evolved_kernel_conservative_patch_1_refined,1832,95.129,79.649,4.871,0,calibration,
real_buchwald_hartwig,llm_evolved_kernel_counter_hypothesis_patch_refined,1832,73.814,68.3035,26.186,0,calibration,
real_buchwald_hartwig,llm_evolved_kernel_exploration_patch_1_refined,1832,86.5354,76.7845,13.4646,0,calibration,
real_buchwald_hartwig,llm_evolved_kernel_high_confidence_patch_refined,1832,86.5354,72.544,13.4646,0,calibration,
real_buchwald_hartwig,llm_evolved_kernel_multi_scale_ensemble_patch_refined,1832,86.5354,76.7845,13.4646,0,calibration,
real_buchwald_hartwig,llm_evolved_kernel_safety_anchor_patch_refined,1832,86.5354,76.7845,13.4646,0,calibration,
real_buchwald_hartwig,mixed_kernel_gp_ei,1832,73.814,68.3035,26.186,0,calibration,
real_buchwald_hartwig,target_acquisition_portfolio,1832,73.814,68.3035,26.186,0,calibration,
real_buchwald_hartwig,fixed_scale_ensemble_0p5_1_1p5_2_3_4,1833,55.1329,55.1329,44.8671,0,calibration,
real_buchwald_hartwig,gp_ucb,1833,89.6142,89.6142,10.3858,0,calibration,
real_buchwald_hartwig,llm_evolved_kernel_conservative_patch_1_refined,1833,55.1329,55.1329,44.8671,0,calibration,
real_buchwald_hartwig,llm_evolved_kernel_counter_hypothesis_patch_refined,1833,59.0741,56.4466,40.9259,0,calibration,
real_buchwald_hartwig,llm_evolved_kernel_exploration_patch_1_refined,1833,55.1329,55.1329,44.8671,0,calibration,
real_buchwald_hartwig,llm_evolved_kernel_high_confidence_patch_refined,1833,59.0741,56.4466,40.9259,0,calibration,
real_buchwald_hartwig,llm_evolved_kernel_multi_scale_ensemble_patch_refined,1833,55.1329,55.1329,44.8671,0,calibration,
real_buchwald_hartwig,llm_evolved_kernel_safety_anchor_patch_refined,1833,89.6142,78.1204,10.3858,0,calibration,
real_buchwald_hartwig,mixed_kernel_gp_ei,1833,55.1329,55.1329,44.8671,0,calibration,
real_buchwald_hartwig,target_acquisition_portfolio,1833,55.1329,55.1329,44.8671,0,calibration,
real_buchwald_hartwig,fixed_scale_ensemble_0p5_1_1p5_2_3_4,1834,98.1771,96.1191,1.8229,1,calibration,
real_buchwald_hartwig,gp_ucb,1834,92.0032,92.0032,7.9968,0,calibration,
real_buchwald_hartwig,llm_evolved_kernel_conservative_patch_1_refined,1834,98.1771,94.0612,1.8229,1,calibration,
real_buchwald_hartwig,llm_evolved_kernel_counter_hypothesis_patch_refined,1834,100.0,96.7268,0.0,1,calibration,
real_buchwald_hartwig,llm_evolved_kernel_exploration_patch_1_refined,1834,88.7252,88.7252,11.2748,0,calibration,
real_buchwald_hartwig,llm_evolved_kernel_high_confidence_patch_refined,1834,100.0,96.7268,0.0,1,calibration,
real_buchwald_hartwig,llm_evolved_kernel_multi_scale_ensemble_patch_refined,1834,92.0032,92.0032,7.9968,0,calibration,
real_buchwald_hartwig,llm_evolved_kernel_safety_anchor_patch_refined,1834,92.0032,92.0032,7.9968,0,calibration,
real_buchwald_hartwig,mixed_kernel_gp_ei,1834,98.1771,94.2949,1.8229,1,calibration,
real_buchwald_hartwig,target_acquisition_portfolio,1834,98.1771,94.0612,1.8229,1,calibration,
real_buchwald_hartwig,fixed_scale_ensemble_0p5_1_1p5_2_3_4,1835,47.4287,33.0526,52.5713,0,calibration,
real_buchwald_hartwig,gp_ucb,1835,47.4287,39.0634,52.5713,0,calibration,
real_buchwald_hartwig,llm_evolved_kernel_conservative_patch_1_refined,1835,47.4287,33.0526,52.5713,0,calibration,
real_buchwald_hartwig,llm_evolved_kernel_counter_hypothesis_patch_refined,1835,34.8808,28.87,65.1192,0,calibration,
real_buchwald_hartwig,llm_evolved_kernel_exploration_patch_1_refined,1835,48.7082,48.7082,51.2918,0,calibration,
real_buchwald_hartwig,llm_evolved_kernel_high_confidence_patch_refined,1835,49.0968,38.3473,50.9032,0,calibration,
real_buchwald_hartwig,llm_evolved_kernel_multi_scale_ensemble_patch_refined,1835,47.4287,33.0526,52.5713,0,calibration,
real_buchwald_hartwig,llm_evolved_kernel_safety_anchor_patch_refined,1835,47.4287,33.0526,52.5713,0,calibration,
real_buchwald_hartwig,mixed_kernel_gp_ei,1835,47.4287,39.0634,52.5713,0,calibration,
real_buchwald_hartwig,target_acquisition_portfolio,1835,47.4287,39.0634,52.5713,0,calibration,
real_buchwald_hartwig,fixed_scale_ensemble_0p5_1_1p5_2_3_4,1836,56.6208,51.3961,43.3792,0,calibration,
real_buchwald_hartwig,gp_ucb,1836,79.2616,71.9902,20.7384,0,calibration,
real_buchwald_hartwig,llm_evolved_kernel_conservative_patch_1_refined,1836,56.6208,51.3961,43.3792,0,calibration,
real_buchwald_hartwig,llm_evolved_kernel_counter_hypothesis_patch_refined,1836,72.1396,69.3742,27.8604,0,calibration,
real_buchwald_hartwig,llm_evolved_kernel_exploration_patch_1_refined,1836,56.6208,55.085,43.3792,0,calibration,
real_buchwald_hartwig,llm_evolved_kernel_high_confidence_patch_refined,1836,44.463,44.463,55.537,0,calibration,
real_buchwald_hartwig,llm_evolved_kernel_multi_scale_ensemble_patch_refined,1836,56.6208,51.3961,43.3792,0,calibration,
real_buchwald_hartwig,llm_evolved_kernel_safety_anchor_patch_refined,1836,52.0133,46.3343,47.9867,0,calibration,
real_buchwald_hartwig,mixed_kernel_gp_ei,1836,72.5829,69.7639,27.4171,0,calibration,
real_buchwald_hartwig,target_acquisition_portfolio,1836,72.5829,69.7639,27.4171,0,calibration,
real_buchwald_hartwig,fixed_scale_ensemble_0p5_1_1p5_2_3_4,1837,84.5566,84.5566,15.4434,0,calibration,
real_buchwald_hartwig,gp_ucb,1837,84.5566,84.5566,15.4434,0,calibration,
real_buchwald_hartwig,llm_evolved_kernel_conservative_patch_1_refined,1837,84.5566,84.5566,15.4434,0,calibration,
real_buchwald_hartwig,llm_evolved_kernel_counter_hypothesis_patch_refined,1837,84.5566,84.5566,15.4434,0,calibration,
real_buchwald_hartwig,llm_evolved_kernel_exploration_patch_1_refined,1837,84.5566,84.5566,15.4434,0,calibration,
real_buchwald_hartwig,llm_evolved_kernel_high_confidence_patch_refined,1837,84.5566,84.5566,15.4434,0,calibration,
real_buchwald_hartwig,llm_evolved_kernel_multi_scale_ensemble_patch_refined,1837,84.5566,84.5566,15.4434,0,calibration,
real_buchwald_hartwig,llm_evolved_kernel_safety_anchor_patch_refined,1837,84.5566,84.5566,15.4434,0,calibration,
real_buchwald_hartwig,mixed_kernel_gp_ei,1837,84.5566,84.5566,15.4434,0,calibration,
real_buchwald_hartwig,target_acquisition_portfolio,1837,84.5566,84.5566,15.4434,0,calibration,
real_buchwald_hartwig,fixed_scale_ensemble_0p5_1_1p5_2_3_4,1838,92.659,92.659,7.341,0,calibration,
real_buchwald_hartwig,gp_ucb,1838,92.659,92.659,7.341,0,calibration,
real_buchwald_hartwig,llm_evolved_kernel_conservative_patch_1_refined,1838,92.659,92.659,7.341,0,calibration,
real_buchwald_hartwig,llm_evolved_kernel_counter_hypothesis_patch_refined,1838,92.659,92.659,7.341,0,calibration,
real_buchwald_hartwig,llm_evolved_kernel_exploration_patch_1_refined,1838,92.659,92.659,7.341,0,calibration,
real_buchwald_hartwig,llm_evolved_kernel_high_confidence_patch_refined,1838,92.659,92.659,7.341,0,calibration,
real_buchwald_hartwig,llm_evolved_kernel_multi_scale_ensemble_patch_refined,1838,92.659,92.659,7.341,0,calibration,
real_buchwald_hartwig,llm_evolved_kernel_safety_anchor_patch_refined,1838,92.659,92.659,7.341,0,calibration,
real_buchwald_hartwig,mixed_kernel_gp_ei,1838,92.659,92.659,7.341,0,calibration,
real_buchwald_hartwig,target_acquisition_portfolio,1838,92.659,92.659,7.341,0,calibration,
real_buchwald_hartwig,fixed_scale_ensemble_0p5_1_1p5_2_3_4,1839,75.9722,73.5542,24.0278,0,calibration,
real_buchwald_hartwig,gp_ucb,1839,75.9722,73.5542,24.0278,0,calibration,
real_buchwald_hartwig,llm_evolved_kernel_conservative_patch_1_refined,1839,75.9722,73.6757,24.0278,0,calibration,
real_buchwald_hartwig,llm_evolved_kernel_counter_hypothesis_patch_refined,1839,82.7105,75.8003,17.2895,0,calibration,
real_buchwald_hartwig,llm_evolved_kernel_exploration_patch_1_refined,1839,78.1098,75.5973,21.8902,0,calibration,
real_buchwald_hartwig,llm_evolved_kernel_high_confidence_patch_refined,1839,91.1391,83.2697,8.8609,0,calibration,
real_buchwald_hartwig,llm_evolved_kernel_multi_scale_ensemble_patch_refined,1839,78.1098,74.3883,21.8902,0,calibration,
real_buchwald_hartwig,llm_evolved_kernel_safety_anchor_patch_refined,1839,75.9722,73.5542,24.0278,0,calibration,
real_buchwald_hartwig,mixed_kernel_gp_ei,1839,82.7105,75.8003,17.2895,0,calibration,
real_buchwald_hartwig,target_acquisition_portfolio,1839,72.7098,72.4667,27.2902,0,calibration,
real_buchwald_hartwig,fixed_scale_ensemble_0p5_1_1p5_2_3_4,1840,54.2458,54.2458,45.7542,0,calibration,
real_buchwald_hartwig,gp_ucb,1840,54.2458,54.2458,45.7542,0,calibration,
real_buchwald_hartwig,llm_evolved_kernel_conservative_patch_1_refined,1840,54.2458,54.2458,45.7542,0,calibration,
real_buchwald_hartwig,llm_evolved_kernel_counter_hypothesis_patch_refined,1840,54.2458,54.2458,45.7542,0,calibration,
real_buchwald_hartwig,llm_evolved_kernel_exploration_patch_1_refined,1840,54.2458,54.2458,45.7542,0,calibration,
real_buchwald_hartwig,llm_evolved_kernel_high_confidence_patch_refined,1840,54.2458,54.2458,45.7542,0,calibration,
real_buchwald_hartwig,llm_evolved_kernel_multi_scale_ensemble_patch_refined,1840,54.2458,54.2458,45.7542,0,calibration,
real_buchwald_hartwig,llm_evolved_kernel_safety_anchor_patch_refined,1840,54.2458,54.2458,45.7542,0,calibration,
real_buchwald_hartwig,mixed_kernel_gp_ei,1840,54.2458,54.2458,45.7542,0,calibration,
real_buchwald_hartwig,target_acquisition_portfolio,1840,54.2458,54.2458,45.7542,0,calibration,
real_buchwald_hartwig,fixed_scale_ensemble_0p5_1_1p5_2_3_4,1841,88.8276,88.8276,11.1724,0,calibration,
real_buchwald_hartwig,gp_ucb,1841,88.8276,88.8276,11.1724,0,calibration,
real_buchwald_hartwig,llm_evolved_kernel_conservative_patch_1_refined,1841,88.8276,88.8276,11.1724,0,calibration,
real_buchwald_hartwig,llm_evolved_kernel_counter_hypothesis_patch_refined,1841,88.8276,88.8276,11.1724,0,calibration,
real_buchwald_hartwig,llm_evolved_kernel_exploration_patch_1_refined,1841,88.8276,88.8276,11.1724,0,calibration,
real_buchwald_hartwig,llm_evolved_kernel_high_confidence_patch_refined,1841,88.8276,88.8276,11.1724,0,calibration,
real_buchwald_hartwig,llm_evolved_kernel_multi_scale_ensemble_patch_refined,1841,88.8276,88.8276,11.1724,0,calibration,
real_buchwald_hartwig,llm_evolved_kernel_safety_anchor_patch_refined,1841,88.8276,88.8276,11.1724,0,calibration,
real_buchwald_hartwig,mixed_kernel_gp_ei,1841,88.8276,88.8276,11.1724,0,calibration,
real_buchwald_hartwig,target_acquisition_portfolio,1841,88.8276,88.8276,11.1724,0,calibration,
real_buchwald_hartwig,fixed_scale_ensemble_0p5_1_1p5_2_3_4,1842,70.4105,70.4105,29.5895,0,calibration,
real_buchwald_hartwig,gp_ucb,1842,70.4105,70.4105,29.5895,0,calibration,
real_buchwald_hartwig,llm_evolved_kernel_conservative_patch_1_refined,1842,70.4105,70.4105,29.5895,0,calibration,
real_buchwald_hartwig,llm_evolved_kernel_counter_hypothesis_patch_refined,1842,70.4105,70.4105,29.5895,0,calibration,
real_buchwald_hartwig,llm_evolved_kernel_exploration_patch_1_refined,1842,70.4105,70.4105,29.5895,0,calibration,
real_buchwald_hartwig,llm_evolved_kernel_high_confidence_patch_refined,1842,70.4105,70.4105,29.5895,0,calibration,
real_buchwald_hartwig,llm_evolved_kernel_multi_scale_ensemble_patch_refined,1842,70.4105,70.4105,29.5895,0,calibration,
real_buchwald_hartwig,llm_evolved_kernel_safety_anchor_patch_refined,1842,70.4105,70.4105,29.5895,0,calibration,
real_buchwald_hartwig,mixed_kernel_gp_ei,1842,70.4105,70.4105,29.5895,0,calibration,
real_buchwald_hartwig,target_acquisition_portfolio,1842,70.4105,70.4105,29.5895,0,calibration,
real_buchwald_hartwig,fixed_scale_ensemble_0p5_1_1p5_2_3_4,1843,73.0629,73.0629,26.9371,0,calibration,
real_buchwald_hartwig,gp_ucb,1843,73.0629,73.0629,26.9371,0,calibration,
real_buchwald_hartwig,llm_evolved_kernel_conservative_patch_1_refined,1843,73.0629,73.0629,26.9371,0,calibration,
real_buchwald_hartwig,llm_evolved_kernel_counter_hypothesis_patch_refined,1843,74.3952,73.507,25.6048,0,calibration,
real_buchwald_hartwig,llm_evolved_kernel_exploration_patch_1_refined,1843,75.0367,74.8229,24.9633,0,calibration,
real_buchwald_hartwig,llm_evolved_kernel_high_confidence_patch_refined,1843,73.0629,73.0629,26.9371,0,calibration,
real_buchwald_hartwig,llm_evolved_kernel_multi_scale_ensemble_patch_refined,1843,74.3952,73.507,25.6048,0,calibration,
real_buchwald_hartwig,llm_evolved_kernel_safety_anchor_patch_refined,1843,73.0629,73.0629,26.9371,0,calibration,
real_buchwald_hartwig,mixed_kernel_gp_ei,1843,84.6498,79.0849,15.3502,0,calibration,
real_buchwald_hartwig,target_acquisition_portfolio,1843,84.6498,79.0849,15.3502,0,calibration,
real_buchwald_hartwig,fixed_scale_ensemble_0p5_1_1p5_2_3_4,1844,35.0887,35.0887,64.9113,0,calibration,
real_buchwald_hartwig,gp_ucb,1844,46.6325,43.0412,53.3675,0,calibration,
real_buchwald_hartwig,llm_evolved_kernel_conservative_patch_1_refined,1844,35.0887,35.0887,64.9113,0,calibration,
real_buchwald_hartwig,llm_evolved_kernel_counter_hypothesis_patch_refined,1844,41.2456,39.7805,58.7544,0,calibration,
real_buchwald_hartwig,llm_evolved_kernel_exploration_patch_1_refined,1844,43.743,41.0689,56.257,0,calibration,
real_buchwald_hartwig,llm_evolved_kernel_high_confidence_patch_refined,1844,35.0887,35.0887,64.9113,0,calibration,
real_buchwald_hartwig,llm_evolved_kernel_multi_scale_ensemble_patch_refined,1844,35.0887,35.0887,64.9113,0,calibration,
real_buchwald_hartwig,llm_evolved_kernel_safety_anchor_patch_refined,1844,43.3181,39.8841,56.6819,0,calibration,
real_buchwald_hartwig,mixed_kernel_gp_ei,1844,43.3181,41.9364,56.6819,0,calibration,
real_buchwald_hartwig,target_acquisition_portfolio,1844,43.3181,41.9364,56.6819,0,calibration,
real_buchwald_hartwig,fixed_scale_ensemble_0p5_1_1p5_2_3_4,1845,83.3036,63.9259,16.6964,0,calibration,
real_buchwald_hartwig,gp_ucb,1845,83.3036,63.9259,16.6964,0,calibration,
real_buchwald_hartwig,llm_evolved_kernel_conservative_patch_1_refined,1845,83.3036,63.9259,16.6964,0,calibration,
real_buchwald_hartwig,llm_evolved_kernel_counter_hypothesis_patch_refined,1845,95.3865,80.5546,4.6135,0,calibration,
real_buchwald_hartwig,llm_evolved_kernel_exploration_patch_1_refined,1845,63.5328,57.3357,36.4672,0,calibration,
real_buchwald_hartwig,llm_evolved_kernel_high_confidence_patch_refined,1845,83.3036,63.9259,16.6964,0,calibration,
real_buchwald_hartwig,llm_evolved_kernel_multi_scale_ensemble_patch_refined,1845,83.3036,63.9259,16.6964,0,calibration,
real_buchwald_hartwig,llm_evolved_kernel_safety_anchor_patch_refined,1845,83.3036,63.9259,16.6964,0,calibration,
real_buchwald_hartwig,mixed_kernel_gp_ei,1845,83.3036,63.9259,16.6964,0,calibration,
real_buchwald_hartwig,target_acquisition_portfolio,1845,83.3036,63.9259,16.6964,0,calibration,
real_buchwald_hartwig,fixed_scale_ensemble_0p5_1_1p5_2_3_4,1846,46.6499,44.2859,53.3501,0,calibration,
real_buchwald_hartwig,gp_ucb,1846,46.6499,44.2859,53.3501,0,calibration,
real_buchwald_hartwig,llm_evolved_kernel_conservative_patch_1_refined,1846,46.6499,44.2859,53.3501,0,calibration,
real_buchwald_hartwig,llm_evolved_kernel_counter_hypothesis_patch_refined,1846,49.468,43.5273,50.532,0,calibration,
real_buchwald_hartwig,llm_evolved_kernel_exploration_patch_1_refined,1846,48.5612,43.9507,51.4388,0,calibration,
real_buchwald_hartwig,llm_evolved_kernel_high_confidence_patch_refined,1846,48.5612,44.923,51.4388,0,calibration,
real_buchwald_hartwig,llm_evolved_kernel_multi_scale_ensemble_patch_refined,1846,46.6499,44.2859,53.3501,0,calibration,
real_buchwald_hartwig,llm_evolved_kernel_safety_anchor_patch_refined,1846,46.6499,44.2859,53.3501,0,calibration,
real_buchwald_hartwig,mixed_kernel_gp_ei,1846,49.468,43.5273,50.532,0,calibration,
real_buchwald_hartwig,target_acquisition_portfolio,1846,46.6499,44.2859,53.3501,0,calibration,
real_buchwald_hartwig,fixed_scale_ensemble_0p5_1_1p5_2_3_4,1847,83.0965,83.0965,16.9035,0,calibration,
real_buchwald_hartwig,gp_ucb,1847,83.0965,83.0965,16.9035,0,calibration,
real_buchwald_hartwig,llm_evolved_kernel_conservative_patch_1_refined,1847,83.0965,83.0965,16.9035,0,calibration,
real_buchwald_hartwig,llm_evolved_kernel_counter_hypothesis_patch_refined,1847,83.0965,83.0965,16.9035,0,calibration,
real_buchwald_hartwig,llm_evolved_kernel_exploration_patch_1_refined,1847,69.0794,69.0794,30.9206,0,calibration,
real_buchwald_hartwig,llm_evolved_kernel_high_confidence_patch_refined,1847,83.3036,83.1655,16.6964,0,calibration,
real_buchwald_hartwig,llm_evolved_kernel_multi_scale_ensemble_patch_refined,1847,83.0965,83.0965,16.9035,0,calibration,
real_buchwald_hartwig,llm_evolved_kernel_safety_anchor_patch_refined,1847,83.0965,83.0965,16.9035,0,calibration,
real_buchwald_hartwig,mixed_kernel_gp_ei,1847,83.3036,83.1655,16.6964,0,calibration,
real_buchwald_hartwig,target_acquisition_portfolio,1847,83.0965,83.0965,16.9035,0,calibration,
real_buchwald_hartwig,fixed_scale_ensemble_0p5_1_1p5_2_3_4,1848,75.7358,75.7358,24.2642,0,calibration,
real_buchwald_hartwig,gp_ucb,1848,86.4971,82.91,13.5029,0,calibration,
real_buchwald_hartwig,llm_evolved_kernel_conservative_patch_1_refined,1848,75.7358,75.7358,24.2642,0,calibration,
real_buchwald_hartwig,llm_evolved_kernel_counter_hypothesis_patch_refined,1848,75.7358,75.7358,24.2642,0,calibration,
real_buchwald_hartwig,llm_evolved_kernel_exploration_patch_1_refined,1848,88.5139,83.5823,11.4861,0,calibration,
real_buchwald_hartwig,llm_evolved_kernel_high_confidence_patch_refined,1848,86.4971,82.91,13.5029,0,calibration,
real_buchwald_hartwig,llm_evolved_kernel_multi_scale_ensemble_patch_refined,1848,75.7358,75.7358,24.2642,0,calibration,
real_buchwald_hartwig,llm_evolved_kernel_safety_anchor_patch_refined,1848,75.7358,75.7358,24.2642,0,calibration,
real_buchwald_hartwig,mixed_kernel_gp_ei,1848,88.5139,83.5823,11.4861,0,calibration,
real_buchwald_hartwig,target_acquisition_portfolio,1848,88.5139,83.5823,11.4861,0,calibration,
real_buchwald_hartwig,fixed_scale_ensemble_0p5_1_1p5_2_3_4,1849,65.0778,65.0778,34.9222,0,calibration,
real_buchwald_hartwig,gp_ucb,1849,65.0778,65.0778,34.9222,0,calibration,
real_buchwald_hartwig,llm_evolved_kernel_conservative_patch_1_refined,1849,65.0778,65.0778,34.9222,0,calibration,
real_buchwald_hartwig,llm_evolved_kernel_counter_hypothesis_patch_refined,1849,65.0778,65.0778,34.9222,0,calibration,
real_buchwald_hartwig,llm_evolved_kernel_exploration_patch_1_refined,1849,65.0778,65.0778,34.9222,0,calibration,
real_buchwald_hartwig,llm_evolved_kernel_high_confidence_patch_refined,1849,65.0778,65.0778,34.9222,0,calibration,
real_buchwald_hartwig,llm_evolved_kernel_multi_scale_ensemble_patch_refined,1849,65.0778,65.0778,34.9222,0,calibration,
real_buchwald_hartwig,llm_evolved_kernel_safety_anchor_patch_refined,1849,65.0778,65.0778,34.9222,0,calibration,
real_buchwald_hartwig,mixed_kernel_gp_ei,1849,65.0778,65.0778,34.9222,0,calibration,
real_buchwald_hartwig,target_acquisition_portfolio,1849,65.0778,65.0778,34.9222,0,calibration,
real_buchwald_hartwig,fixed_scale_ensemble_0p5_1_1p5_2_3_4,1900,89.5592,69.2358,10.4408,0,heldout,
real_buchwald_hartwig,gp_ucb,1900,59.0741,59.0741,40.9259,0,heldout,
real_buchwald_hartwig,llm_calibrated_selector,1900,59.0741,59.0741,40.9259,0,heldout,gp_ucb
real_buchwald_hartwig,llm_evolved_kernel_conservative_patch_1_refined,1900,89.5592,69.2358,10.4408,0,heldout,
real_buchwald_hartwig,llm_evolved_kernel_counter_hypothesis_patch_refined,1900,59.0741,59.0741,40.9259,0,heldout,
real_buchwald_hartwig,llm_evolved_kernel_exploration_patch_1_refined,1900,89.6142,89.5959,10.3858,0,heldout,
real_buchwald_hartwig,llm_evolved_kernel_high_confidence_patch_refined,1900,59.0741,59.0741,40.9259,0,heldout,
real_buchwald_hartwig,llm_evolved_kernel_multi_scale_ensemble_patch_refined,1900,89.5592,69.2358,10.4408,0,heldout,
real_buchwald_hartwig,llm_evolved_kernel_safety_anchor_patch_refined,1900,89.5592,69.2358,10.4408,0,heldout,
real_buchwald_hartwig,mixed_kernel_gp_ei,1900,59.0741,59.0741,40.9259,0,heldout,
real_buchwald_hartwig,target_acquisition_portfolio,1900,59.0741,59.0741,40.9259,0,heldout,
real_buchwald_hartwig,fixed_scale_ensemble_0p5_1_1p5_2_3_4,1901,91.4851,91.4851,8.5149,0,heldout,
real_buchwald_hartwig,gp_ucb,1901,91.4851,91.4851,8.5149,0,heldout,
real_buchwald_hartwig,llm_calibrated_selector,1901,91.4851,91.4851,8.5149,0,heldout,gp_ucb
real_buchwald_hartwig,llm_evolved_kernel_conservative_patch_1_refined,1901,91.4851,91.4851,8.5149,0,heldout,
real_buchwald_hartwig,llm_evolved_kernel_counter_hypothesis_patch_refined,1901,91.4851,91.4851,8.5149,0,heldout,
real_buchwald_hartwig,llm_evolved_kernel_exploration_patch_1_refined,1901,98.2872,93.7525,1.7128,1,heldout,
real_buchwald_hartwig,llm_evolved_kernel_high_confidence_patch_refined,1901,91.4851,91.4851,8.5149,0,heldout,
real_buchwald_hartwig,llm_evolved_kernel_multi_scale_ensemble_patch_refined,1901,91.4851,91.4851,8.5149,0,heldout,
real_buchwald_hartwig,llm_evolved_kernel_safety_anchor_patch_refined,1901,91.4851,91.4851,8.5149,0,heldout,
real_buchwald_hartwig,mixed_kernel_gp_ei,1901,93.0289,93.0289,6.9711,0,heldout,
real_buchwald_hartwig,target_acquisition_portfolio,1901,91.4851,91.4851,8.5149,0,heldout,
real_buchwald_hartwig,fixed_scale_ensemble_0p5_1_1p5_2_3_4,1902,89.6142,86.5851,10.3858,0,heldout,
real_buchwald_hartwig,gp_ucb,1902,89.6142,86.5851,10.3858,0,heldout,
real_buchwald_hartwig,llm_calibrated_selector,1902,89.6142,86.5851,10.3858,0,heldout,gp_ucb
real_buchwald_hartwig,llm_evolved_kernel_conservative_patch_1_refined,1902,89.6142,86.5851,10.3858,0,heldout,
real_buchwald_hartwig,llm_evolved_kernel_counter_hypothesis_patch_refined,1902,89.6142,86.5851,10.3858,0,heldout,
real_buchwald_hartwig,llm_evolved_kernel_exploration_patch_1_refined,1902,89.6142,86.5851,10.3858,0,heldout,
real_buchwald_hartwig,llm_evolved_kernel_high_confidence_patch_refined,1902,89.6142,86.5851,10.3858,0,heldout,
real_buchwald_hartwig,llm_evolved_kernel_multi_scale_ensemble_patch_refined,1902,89.5592,86.5667,10.4408,0,heldout,
real_buchwald_hartwig,llm_evolved_kernel_safety_anchor_patch_refined,1902,89.6142,86.5851,10.3858,0,heldout,
real_buchwald_hartwig,mixed_kernel_gp_ei,1902,89.6142,86.5851,10.3858,0,heldout,
real_buchwald_hartwig,target_acquisition_portfolio,1902,89.6142,86.5851,10.3858,0,heldout,
real_buchwald_hartwig,fixed_scale_ensemble_0p5_1_1p5_2_3_4,1903,59.0741,59.0741,40.9259,0,heldout,
real_buchwald_hartwig,gp_ucb,1903,59.0741,59.0741,40.9259,0,heldout,
real_buchwald_hartwig,llm_calibrated_selector,1903,59.0741,59.0741,40.9259,0,heldout,gp_ucb
real_buchwald_hartwig,llm_evolved_kernel_conservative_patch_1_refined,1903,59.0741,59.0741,40.9259,0,heldout,
real_buchwald_hartwig,llm_evolved_kernel_counter_hypothesis_patch_refined,1903,59.0741,59.0741,40.9259,0,heldout,
real_buchwald_hartwig,llm_evolved_kernel_exploration_patch_1_refined,1903,59.0741,59.0741,40.9259,0,heldout,
real_buchwald_hartwig,llm_evolved_kernel_high_confidence_patch_refined,1903,59.0741,59.0741,40.9259,0,heldout,
real_buchwald_hartwig,llm_evolved_kernel_multi_scale_ensemble_patch_refined,1903,59.0741,59.0741,40.9259,0,heldout,
real_buchwald_hartwig,llm_evolved_kernel_safety_anchor_patch_refined,1903,59.0741,59.0741,40.9259,0,heldout,
real_buchwald_hartwig,mixed_kernel_gp_ei,1903,59.0741,59.0741,40.9259,0,heldout,
real_buchwald_hartwig,target_acquisition_portfolio,1903,59.0741,59.0741,40.9259,0,heldout,
real_buchwald_hartwig,fixed_scale_ensemble_0p5_1_1p5_2_3_4,1904,75.3018,75.3018,24.6982,0,heldout,
real_buchwald_hartwig,gp_ucb,1904,75.3018,75.3018,24.6982,0,heldout,
real_buchwald_hartwig,llm_calibrated_selector,1904,75.3018,75.3018,24.6982,0,heldout,gp_ucb
real_buchwald_hartwig,llm_evolved_kernel_conservative_patch_1_refined,1904,75.3018,75.3018,24.6982,0,heldout,
real_buchwald_hartwig,llm_evolved_kernel_counter_hypothesis_patch_refined,1904,75.3018,75.3018,24.6982,0,heldout,
real_buchwald_hartwig,llm_evolved_kernel_exploration_patch_1_refined,1904,92.659,92.659,7.341,0,heldout,
real_buchwald_hartwig,llm_evolved_kernel_high_confidence_patch_refined,1904,75.3018,75.3018,24.6982,0,heldout,
real_buchwald_hartwig,llm_evolved_kernel_multi_scale_ensemble_patch_refined,1904,75.3018,75.3018,24.6982,0,heldout,
real_buchwald_hartwig,llm_evolved_kernel_safety_anchor_patch_refined,1904,75.3018,75.3018,24.6982,0,heldout,
real_buchwald_hartwig,mixed_kernel_gp_ei,1904,75.3018,75.3018,24.6982,0,heldout,
real_buchwald_hartwig,target_acquisition_portfolio,1904,75.3018,75.3018,24.6982,0,heldout,
real_buchwald_hartwig,fixed_scale_ensemble_0p5_1_1p5_2_3_4,1905,87.7641,73.4176,12.2359,0,heldout,
real_buchwald_hartwig,gp_ucb,1905,69.0825,67.1904,30.9175,0,heldout,
real_buchwald_hartwig,llm_calibrated_selector,1905,69.0825,67.1904,30.9175,0,heldout,gp_ucb
real_buchwald_hartwig,llm_evolved_kernel_conservative_patch_1_refined,1905,87.7641,73.4176,12.2359,0,heldout,
real_buchwald_hartwig,llm_evolved_kernel_counter_hypothesis_patch_refined,1905,71.5462,68.0116,28.4538,0,heldout,
real_buchwald_hartwig,llm_evolved_kernel_exploration_patch_1_refined,1905,76.6352,72.2255,23.3648,0,heldout,
real_buchwald_hartwig,llm_evolved_kernel_high_confidence_patch_refined,1905,87.7641,73.4176,12.2359,0,heldout,
real_buchwald_hartwig,llm_evolved_kernel_multi_scale_ensemble_patch_refined,1905,87.7641,73.4176,12.2359,0,heldout,
real_buchwald_hartwig,llm_evolved_kernel_safety_anchor_patch_refined,1905,92.904,75.1309,7.096,0,heldout,
real_buchwald_hartwig,mixed_kernel_gp_ei,1905,87.7641,75.3097,12.2359,0,heldout,
real_buchwald_hartwig,target_acquisition_portfolio,1905,69.0825,69.0825,30.9175,0,heldout,
real_buchwald_hartwig,fixed_scale_ensemble_0p5_1_1p5_2_3_4,1906,67.8143,67.8143,32.1857,0,heldout,
real_buchwald_hartwig,gp_ucb,1906,67.8143,67.8143,32.1857,0,heldout,
real_buchwald_hartwig,llm_calibrated_selector,1906,67.8143,67.8143,32.1857,0,heldout,gp_ucb
real_buchwald_hartwig,llm_evolved_kernel_conservative_patch_1_refined,1906,67.8143,67.8143,32.1857,0,heldout,
real_buchwald_hartwig,llm_evolved_kernel_counter_hypothesis_patch_refined,1906,67.8143,67.8143,32.1857,0,heldout,
real_buchwald_hartwig,llm_evolved_kernel_exploration_patch_1_refined,1906,67.8143,67.8143,32.1857,0,heldout,
real_buchwald_hartwig,llm_evolved_kernel_high_confidence_patch_refined,1906,67.8143,67.8143,32.1857,0,heldout,
real_buchwald_hartwig,llm_evolved_kernel_multi_scale_ensemble_patch_refined,1906,67.8143,67.8143,32.1857,0,heldout,
real_buchwald_hartwig,llm_evolved_kernel_safety_anchor_patch_refined,1906,67.8143,67.8143,32.1857,0,heldout,
real_buchwald_hartwig,mixed_kernel_gp_ei,1906,67.8143,67.8143,32.1857,0,heldout,
real_buchwald_hartwig,target_acquisition_portfolio,1906,67.8143,67.8143,32.1857,0,heldout,
real_buchwald_hartwig,fixed_scale_ensemble_0p5_1_1p5_2_3_4,1907,59.4867,59.4867,40.5133,0,heldout,
real_buchwald_hartwig,gp_ucb,1907,59.9305,59.6346,40.0695,0,heldout,
real_buchwald_hartwig,llm_calibrated_selector,1907,59.9305,59.6346,40.0695,0,heldout,gp_ucb
real_buchwald_hartwig,llm_evolved_kernel_conservative_patch_1_refined,1907,59.4867,59.4867,40.5133,0,heldout,
real_buchwald_hartwig,llm_evolved_kernel_counter_hypothesis_patch_refined,1907,62.3524,60.4419,37.6476,0,heldout,
real_buchwald_hartwig,llm_evolved_kernel_exploration_patch_1_refined,1907,64.4511,61.1415,35.5489,0,heldout,
real_buchwald_hartwig,llm_evolved_kernel_high_confidence_patch_refined,1907,59.4867,59.4867,40.5133,0,heldout,
real_buchwald_hartwig,llm_evolved_kernel_multi_scale_ensemble_patch_refined,1907,59.4867,59.4867,40.5133,0,heldout,
real_buchwald_hartwig,llm_evolved_kernel_safety_anchor_patch_refined,1907,59.4867,59.4867,40.5133,0,heldout,
real_buchwald_hartwig,mixed_kernel_gp_ei,1907,82.3289,82.3289,17.6711,0,heldout,
real_buchwald_hartwig,target_acquisition_portfolio,1907,82.3289,82.3289,17.6711,0,heldout,
real_buchwald_hartwig,fixed_scale_ensemble_0p5_1_1p5_2_3_4,1908,66.6525,66.6525,33.3475,0,heldout,
real_buchwald_hartwig,gp_ucb,1908,66.6525,66.6525,33.3475,0,heldout,
real_buchwald_hartwig,llm_calibrated_selector,1908,66.6525,66.6525,33.3475,0,heldout,gp_ucb
real_buchwald_hartwig,llm_evolved_kernel_conservative_patch_1_refined,1908,66.6525,66.6525,33.3475,0,heldout,
real_buchwald_hartwig,llm_evolved_kernel_counter_hypothesis_patch_refined,1908,66.6525,66.6525,33.3475,0,heldout,
real_buchwald_hartwig,llm_evolved_kernel_exploration_patch_1_refined,1908,66.6525,66.6525,33.3475,0,heldout,
real_buchwald_hartwig,llm_evolved_kernel_high_confidence_patch_refined,1908,66.6525,66.6525,33.3475,0,heldout,
real_buchwald_hartwig,llm_evolved_kernel_multi_scale_ensemble_patch_refined,1908,66.6525,66.6525,33.3475,0,heldout,
real_buchwald_hartwig,llm_evolved_kernel_safety_anchor_patch_refined,1908,66.6525,66.6525,33.3475,0,heldout,
real_buchwald_hartwig,mixed_kernel_gp_ei,1908,66.6525,66.6525,33.3475,0,heldout,
real_buchwald_hartwig,target_acquisition_portfolio,1908,66.6525,66.6525,33.3475,0,heldout,
real_buchwald_hartwig,fixed_scale_ensemble_0p5_1_1p5_2_3_4,1909,99.0345,94.3215,0.9655,1,heldout,
real_buchwald_hartwig,gp_ucb,1909,99.0345,94.3215,0.9655,1,heldout,
real_buchwald_hartwig,llm_calibrated_selector,1909,99.0345,94.3215,0.9655,1,heldout,gp_ucb
real_buchwald_hartwig,llm_evolved_kernel_conservative_patch_1_refined,1909,99.0345,94.3215,0.9655,1,heldout,
real_buchwald_hartwig,llm_evolved_kernel_counter_hypothesis_patch_refined,1909,99.0345,94.3215,0.9655,1,heldout,
real_buchwald_hartwig,llm_evolved_kernel_exploration_patch_1_refined,1909,99.0345,94.3215,0.9655,1,heldout,
real_buchwald_hartwig,llm_evolved_kernel_high_confidence_patch_refined,1909,99.0345,94.3215,0.9655,1,heldout,
real_buchwald_hartwig,llm_evolved_kernel_multi_scale_ensemble_patch_refined,1909,99.0345,94.3215,0.9655,1,heldout,
real_buchwald_hartwig,llm_evolved_kernel_safety_anchor_patch_refined,1909,99.0345,94.3215,0.9655,1,heldout,
real_buchwald_hartwig,mixed_kernel_gp_ei,1909,99.0345,94.3215,0.9655,1,heldout,
real_buchwald_hartwig,target_acquisition_portfolio,1909,99.0345,94.3215,0.9655,1,heldout,
real_buchwald_hartwig,fixed_scale_ensemble_0p5_1_1p5_2_3_4,1910,51.389,51.389,48.611,0,heldout,
real_buchwald_hartwig,gp_ucb,1910,51.389,49.4333,48.611,0,heldout,
real_buchwald_hartwig,llm_calibrated_selector,1910,51.389,49.4333,48.611,0,heldout,gp_ucb
real_buchwald_hartwig,llm_evolved_kernel_conservative_patch_1_refined,1910,51.389,51.389,48.611,0,heldout,
real_buchwald_hartwig,llm_evolved_kernel_counter_hypothesis_patch_refined,1910,51.389,51.389,48.611,0,heldout,
real_buchwald_hartwig,llm_evolved_kernel_exploration_patch_1_refined,1910,51.389,48.9397,48.611,0,heldout,
real_buchwald_hartwig,llm_evolved_kernel_high_confidence_patch_refined,1910,51.389,50.1643,48.611,0,heldout,
real_buchwald_hartwig,llm_evolved_kernel_multi_scale_ensemble_patch_refined,1910,51.389,51.389,48.611,0,heldout,
real_buchwald_hartwig,llm_evolved_kernel_safety_anchor_patch_refined,1910,51.389,51.389,48.611,0,heldout,
real_buchwald_hartwig,mixed_kernel_gp_ei,1910,51.389,49.4333,48.611,0,heldout,
real_buchwald_hartwig,target_acquisition_portfolio,1910,51.389,49.4333,48.611,0,heldout,
real_buchwald_hartwig,fixed_scale_ensemble_0p5_1_1p5_2_3_4,1911,80.0002,66.9704,19.9998,0,heldout,
real_buchwald_hartwig,gp_ucb,1911,80.0277,66.9796,19.9723,0,heldout,
real_buchwald_hartwig,llm_calibrated_selector,1911,80.0277,66.9796,19.9723,0,heldout,gp_ucb
real_buchwald_hartwig,llm_evolved_kernel_conservative_patch_1_refined,1911,80.0277,66.9796,19.9723,0,heldout,
real_buchwald_hartwig,llm_evolved_kernel_counter_hypothesis_patch_refined,1911,80.0277,66.9796,19.9723,0,heldout,
real_buchwald_hartwig,llm_evolved_kernel_exploration_patch_1_refined,1911,80.0002,66.9704,19.9998,0,heldout,
real_buchwald_hartwig,llm_evolved_kernel_high_confidence_patch_refined,1911,80.0002,66.9704,19.9998,0,heldout,
real_buchwald_hartwig,llm_evolved_kernel_multi_scale_ensemble_patch_refined,1911,80.0277,66.9796,19.9723,0,heldout,
real_buchwald_hartwig,llm_evolved_kernel_safety_anchor_patch_refined,1911,80.0277,66.9796,19.9723,0,heldout,
real_buchwald_hartwig,mixed_kernel_gp_ei,1911,80.0277,66.9796,19.9723,0,heldout,
real_buchwald_hartwig,target_acquisition_portfolio,1911,80.0277,66.9796,19.9723,0,heldout,
real_buchwald_hartwig,fixed_scale_ensemble_0p5_1_1p5_2_3_4,1912,88.5139,86.4572,11.4861,0,heldout,
real_buchwald_hartwig,gp_ucb,1912,82.3438,82.3438,17.6562,0,heldout,
real_buchwald_hartwig,llm_calibrated_selector,1912,82.3438,82.3438,17.6562,0,heldout,gp_ucb
real_buchwald_hartwig,llm_evolved_kernel_conservative_patch_1_refined,1912,88.5139,86.4572,11.4861,0,heldout,
real_buchwald_hartwig,llm_evolved_kernel_counter_hypothesis_patch_refined,1912,82.3438,82.3438,17.6562,0,heldout,
real_buchwald_hartwig,llm_evolved_kernel_exploration_patch_1_refined,1912,88.5139,86.4572,11.4861,0,heldout,
real_buchwald_hartwig,llm_evolved_kernel_high_confidence_patch_refined,1912,82.3438,82.3438,17.6562,0,heldout,
real_buchwald_hartwig,llm_evolved_kernel_multi_scale_ensemble_patch_refined,1912,88.5139,86.4572,11.4861,0,heldout,
real_buchwald_hartwig,llm_evolved_kernel_safety_anchor_patch_refined,1912,82.3438,82.3438,17.6562,0,heldout,
real_buchwald_hartwig,mixed_kernel_gp_ei,1912,83.6537,83.6537,16.3463,0,heldout,
real_buchwald_hartwig,target_acquisition_portfolio,1912,82.3438,82.3438,17.6562,0,heldout,
real_buchwald_hartwig,fixed_scale_ensemble_0p5_1_1p5_2_3_4,1913,87.3638,84.1208,12.6362,0,heldout,
real_buchwald_hartwig,gp_ucb,1913,87.3638,84.1208,12.6362,0,heldout,
real_buchwald_hartwig,llm_calibrated_selector,1913,87.3638,84.1208,12.6362,0,heldout,gp_ucb
real_buchwald_hartwig,llm_evolved_kernel_conservative_patch_1_refined,1913,87.3638,84.1208,12.6362,0,heldout,
real_buchwald_hartwig,llm_evolved_kernel_counter_hypothesis_patch_refined,1913,87.3638,84.1208,12.6362,0,heldout,
real_buchwald_hartwig,llm_evolved_kernel_exploration_patch_1_refined,1913,87.3638,84.1208,12.6362,0,heldout,
real_buchwald_hartwig,llm_evolved_kernel_high_confidence_patch_refined,1913,87.3638,84.1208,12.6362,0,heldout,
real_buchwald_hartwig,llm_evolved_kernel_multi_scale_ensemble_patch_refined,1913,87.3638,84.1208,12.6362,0,heldout,
real_buchwald_hartwig,llm_evolved_kernel_safety_anchor_patch_refined,1913,87.3638,84.1208,12.6362,0,heldout,
real_buchwald_hartwig,mixed_kernel_gp_ei,1913,87.3638,84.1208,12.6362,0,heldout,
real_buchwald_hartwig,target_acquisition_portfolio,1913,87.3638,84.1208,12.6362,0,heldout,
real_buchwald_hartwig,fixed_scale_ensemble_0p5_1_1p5_2_3_4,1914,89.5866,77.0233,10.4134,0,heldout,
real_buchwald_hartwig,gp_ucb,1914,89.5866,77.0233,10.4134,0,heldout,
real_buchwald_hartwig,llm_calibrated_selector,1914,89.5866,77.0233,10.4134,0,heldout,gp_ucb
real_buchwald_hartwig,llm_evolved_kernel_conservative_patch_1_refined,1914,89.5866,77.0233,10.4134,0,heldout,
real_buchwald_hartwig,llm_evolved_kernel_counter_hypothesis_patch_refined,1914,89.5866,77.0233,10.4134,0,heldout,
real_buchwald_hartwig,llm_evolved_kernel_exploration_patch_1_refined,1914,70.7416,70.7416,29.2584,0,heldout,
real_buchwald_hartwig,llm_evolved_kernel_high_confidence_patch_refined,1914,80.0277,76.9323,19.9723,0,heldout,
real_buchwald_hartwig,llm_evolved_kernel_multi_scale_ensemble_patch_refined,1914,89.5866,77.0233,10.4134,0,heldout,
real_buchwald_hartwig,llm_evolved_kernel_safety_anchor_patch_refined,1914,89.5866,77.0233,10.4134,0,heldout,
real_buchwald_hartwig,mixed_kernel_gp_ei,1914,89.5866,77.0233,10.4134,0,heldout,
real_buchwald_hartwig,target_acquisition_portfolio,1914,89.5866,77.0233,10.4134,0,heldout,
real_buchwald_hartwig,fixed_scale_ensemble_0p5_1_1p5_2_3_4,1915,70.5804,70.5804,29.4196,0,heldout,
real_buchwald_hartwig,gp_ucb,1915,70.5804,70.0833,29.4196,0,heldout,
real_buchwald_hartwig,llm_calibrated_selector,1915,70.5804,70.0833,29.4196,0,heldout,gp_ucb
real_buchwald_hartwig,llm_evolved_kernel_conservative_patch_1_refined,1915,83.7372,74.966,16.2628,0,heldout,
real_buchwald_hartwig,llm_evolved_kernel_counter_hypothesis_patch_refined,1915,70.5804,70.0833,29.4196,0,heldout,
real_buchwald_hartwig,llm_evolved_kernel_exploration_patch_1_refined,1915,80.6006,76.7634,19.3994,0,heldout,
real_buchwald_hartwig,llm_evolved_kernel_high_confidence_patch_refined,1915,83.7372,82.6917,16.2628,0,heldout,
real_buchwald_hartwig,llm_evolved_kernel_multi_scale_ensemble_patch_refined,1915,70.5804,70.5804,29.4196,0,heldout,
real_buchwald_hartwig,llm_evolved_kernel_safety_anchor_patch_refined,1915,70.5804,70.5804,29.4196,0,heldout,
real_buchwald_hartwig,mixed_kernel_gp_ei,1915,70.5804,70.0833,29.4196,0,heldout,
real_buchwald_hartwig,target_acquisition_portfolio,1915,70.5804,70.0833,29.4196,0,heldout,
real_buchwald_hartwig,fixed_scale_ensemble_0p5_1_1p5_2_3_4,1916,66.2675,66.2675,33.7325,0,heldout,
real_buchwald_hartwig,gp_ucb,1916,66.2675,66.2675,33.7325,0,heldout,
real_buchwald_hartwig,llm_calibrated_selector,1916,66.2675,66.2675,33.7325,0,heldout,gp_ucb
real_buchwald_hartwig,llm_evolved_kernel_conservative_patch_1_refined,1916,66.2675,66.2675,33.7325,0,heldout,
real_buchwald_hartwig,llm_evolved_kernel_counter_hypothesis_patch_refined,1916,66.2675,66.2675,33.7325,0,heldout,
real_buchwald_hartwig,llm_evolved_kernel_exploration_patch_1_refined,1916,66.2675,66.2675,33.7325,0,heldout,
real_buchwald_hartwig,llm_evolved_kernel_high_confidence_patch_refined,1916,66.2675,66.2675,33.7325,0,heldout,
real_buchwald_hartwig,llm_evolved_kernel_multi_scale_ensemble_patch_refined,1916,66.2675,66.2675,33.7325,0,heldout,
real_buchwald_hartwig,llm_evolved_kernel_safety_anchor_patch_refined,1916,66.2675,66.2675,33.7325,0,heldout,
real_buchwald_hartwig,mixed_kernel_gp_ei,1916,66.2675,66.2675,33.7325,0,heldout,
real_buchwald_hartwig,target_acquisition_portfolio,1916,66.2675,66.2675,33.7325,0,heldout,
real_buchwald_hartwig,fixed_scale_ensemble_0p5_1_1p5_2_3_4,1917,70.1993,70.1993,29.8007,0,heldout,
real_buchwald_hartwig,gp_ucb,1917,70.1993,70.1993,29.8007,0,heldout,
real_buchwald_hartwig,llm_calibrated_selector,1917,70.1993,70.1993,29.8007,0,heldout,gp_ucb
real_buchwald_hartwig,llm_evolved_kernel_conservative_patch_1_refined,1917,70.1993,70.1993,29.8007,0,heldout,
real_buchwald_hartwig,llm_evolved_kernel_counter_hypothesis_patch_refined,1917,73.3193,71.2393,26.6807,0,heldout,
real_buchwald_hartwig,llm_evolved_kernel_exploration_patch_1_refined,1917,70.1993,70.1993,29.8007,0,heldout,
real_buchwald_hartwig,llm_evolved_kernel_high_confidence_patch_refined,1917,70.1993,70.1993,29.8007,0,heldout,
real_buchwald_hartwig,llm_evolved_kernel_multi_scale_ensemble_patch_refined,1917,70.1993,70.1993,29.8007,0,heldout,
real_buchwald_hartwig,llm_evolved_kernel_safety_anchor_patch_refined,1917,70.1993,70.1993,29.8007,0,heldout,
real_buchwald_hartwig,mixed_kernel_gp_ei,1917,70.1993,70.1993,29.8007,0,heldout,
real_buchwald_hartwig,target_acquisition_portfolio,1917,70.1993,70.1993,29.8007,0,heldout,
real_buchwald_hartwig,fixed_scale_ensemble_0p5_1_1p5_2_3_4,1918,86.4129,85.9104,13.5871,0,heldout,
real_buchwald_hartwig,gp_ucb,1918,85.6592,85.6592,14.3408,0,heldout,
real_buchwald_hartwig,llm_calibrated_selector,1918,85.6592,85.6592,14.3408,0,heldout,gp_ucb
real_buchwald_hartwig,llm_evolved_kernel_conservative_patch_1_refined,1918,86.4129,85.9104,13.5871,0,heldout,
real_buchwald_hartwig,llm_evolved_kernel_counter_hypothesis_patch_refined,1918,85.6592,85.6592,14.3408,0,heldout,
real_buchwald_hartwig,llm_evolved_kernel_exploration_patch_1_refined,1918,85.6592,85.6592,14.3408,0,heldout,
real_buchwald_hartwig,llm_evolved_kernel_high_confidence_patch_refined,1918,85.6592,85.6592,14.3408,0,heldout,
real_buchwald_hartwig,llm_evolved_kernel_multi_scale_ensemble_patch_refined,1918,85.6592,85.6592,14.3408,0,heldout,
real_buchwald_hartwig,llm_evolved_kernel_safety_anchor_patch_refined,1918,86.4129,85.9104,13.5871,0,heldout,
real_buchwald_hartwig,mixed_kernel_gp_ei,1918,85.6592,85.6592,14.3408,0,heldout,
real_buchwald_hartwig,target_acquisition_portfolio,1918,85.6592,85.6592,14.3408,0,heldout,
real_buchwald_hartwig,fixed_scale_ensemble_0p5_1_1p5_2_3_4,1919,100.0,100.0,0.0,1,heldout,
real_buchwald_hartwig,gp_ucb,1919,100.0,100.0,0.0,1,heldout,
real_buchwald_hartwig,llm_calibrated_selector,1919,100.0,100.0,0.0,1,heldout,gp_ucb
real_buchwald_hartwig,llm_evolved_kernel_conservative_patch_1_refined,1919,100.0,100.0,0.0,1,heldout,
real_buchwald_hartwig,llm_evolved_kernel_counter_hypothesis_patch_refined,1919,100.0,100.0,0.0,1,heldout,
real_buchwald_hartwig,llm_evolved_kernel_exploration_patch_1_refined,1919,100.0,100.0,0.0,1,heldout,
real_buchwald_hartwig,llm_evolved_kernel_high_confidence_patch_refined,1919,100.0,100.0,0.0,1,heldout,
real_buchwald_hartwig,llm_evolved_kernel_multi_scale_ensemble_patch_refined,1919,100.0,100.0,0.0,1,heldout,
real_buchwald_hartwig,llm_evolved_kernel_safety_anchor_patch_refined,1919,100.0,100.0,0.0,1,heldout,
real_buchwald_hartwig,mixed_kernel_gp_ei,1919,100.0,100.0,0.0,1,heldout,
real_buchwald_hartwig,target_acquisition_portfolio,1919,100.0,100.0,0.0,1,heldout,
real_buchwald_hartwig,fixed_scale_ensemble_0p5_1_1p5_2_3_4,1920,50.1046,50.1046,49.8954,0,heldout,
real_buchwald_hartwig,gp_ucb,1920,50.1046,50.1046,49.8954,0,heldout,
real_buchwald_hartwig,llm_calibrated_selector,1920,50.1046,50.1046,49.8954,0,heldout,gp_ucb
real_buchwald_hartwig,llm_evolved_kernel_conservative_patch_1_refined,1920,50.1046,50.1046,49.8954,0,heldout,
real_buchwald_hartwig,llm_evolved_kernel_counter_hypothesis_patch_refined,1920,50.1046,50.1046,49.8954,0,heldout,
real_buchwald_hartwig,llm_evolved_kernel_exploration_patch_1_refined,1920,50.1046,50.1046,49.8954,0,heldout,
real_buchwald_hartwig,llm_evolved_kernel_high_confidence_patch_refined,1920,50.1046,50.1046,49.8954,0,heldout,
real_buchwald_hartwig,llm_evolved_kernel_multi_scale_ensemble_patch_refined,1920,50.1046,50.1046,49.8954,0,heldout,
real_buchwald_hartwig,llm_evolved_kernel_safety_anchor_patch_refined,1920,50.1046,50.1046,49.8954,0,heldout,
real_buchwald_hartwig,mixed_kernel_gp_ei,1920,50.8377,50.8377,49.1623,0,heldout,
real_buchwald_hartwig,target_acquisition_portfolio,1920,50.1046,50.1046,49.8954,0,heldout,
real_buchwald_hartwig,fixed_scale_ensemble_0p5_1_1p5_2_3_4,1921,71.8321,71.8321,28.1679,0,heldout,
real_buchwald_hartwig,gp_ucb,1921,71.8321,71.8321,28.1679,0,heldout,
real_buchwald_hartwig,llm_calibrated_selector,1921,71.8321,71.8321,28.1679,0,heldout,gp_ucb
real_buchwald_hartwig,llm_evolved_kernel_conservative_patch_1_refined,1921,71.8321,71.8321,28.1679,0,heldout,
real_buchwald_hartwig,llm_evolved_kernel_counter_hypothesis_patch_refined,1921,71.8321,71.8321,28.1679,0,heldout,
real_buchwald_hartwig,llm_evolved_kernel_exploration_patch_1_refined,1921,69.9703,69.4574,30.0297,0,heldout,
real_buchwald_hartwig,llm_evolved_kernel_high_confidence_patch_refined,1921,71.8321,71.8321,28.1679,0,heldout,
real_buchwald_hartwig,llm_evolved_kernel_multi_scale_ensemble_patch_refined,1921,71.8321,71.8321,28.1679,0,heldout,
real_buchwald_hartwig,llm_evolved_kernel_safety_anchor_patch_refined,1921,71.8321,71.8321,28.1679,0,heldout,
real_buchwald_hartwig,mixed_kernel_gp_ei,1921,71.8321,71.8321,28.1679,0,heldout,
real_buchwald_hartwig,target_acquisition_portfolio,1921,71.8321,71.8321,28.1679,0,heldout,
real_buchwald_hartwig,fixed_scale_ensemble_0p5_1_1p5_2_3_4,1922,87.7532,81.6781,12.2468,0,heldout,
real_buchwald_hartwig,gp_ucb,1922,87.7532,81.6781,12.2468,0,heldout,
real_buchwald_hartwig,llm_calibrated_selector,1922,87.7532,81.6781,12.2468,0,heldout,gp_ucb
real_buchwald_hartwig,llm_evolved_kernel_conservative_patch_1_refined,1922,91.2097,91.2097,8.7903,0,heldout,
real_buchwald_hartwig,llm_evolved_kernel_counter_hypothesis_patch_refined,1922,84.2019,79.3105,15.7981,0,heldout,
real_buchwald_hartwig,llm_evolved_kernel_exploration_patch_1_refined,1922,92.904,91.2156,7.096,0,heldout,
real_buchwald_hartwig,llm_evolved_kernel_high_confidence_patch_refined,1922,91.1391,83.9353,8.8609,0,heldout,
real_buchwald_hartwig,llm_evolved_kernel_multi_scale_ensemble_patch_refined,1922,91.2097,91.2097,8.7903,0,heldout,
real_buchwald_hartwig,llm_evolved_kernel_safety_anchor_patch_refined,1922,87.7532,81.6781,12.2468,0,heldout,
real_buchwald_hartwig,mixed_kernel_gp_ei,1922,91.1391,83.9353,8.8609,0,heldout,
real_buchwald_hartwig,target_acquisition_portfolio,1922,87.7532,81.6781,12.2468,0,heldout,
real_buchwald_hartwig,fixed_scale_ensemble_0p5_1_1p5_2_3_4,1923,92.3538,91.2792,7.6462,0,heldout,
real_buchwald_hartwig,gp_ucb,1923,92.3538,90.2045,7.6462,0,heldout,
real_buchwald_hartwig,llm_calibrated_selector,1923,92.3538,90.2045,7.6462,0,heldout,gp_ucb
real_buchwald_hartwig,llm_evolved_kernel_conservative_patch_1_refined,1923,92.3538,91.2792,7.6462,0,heldout,
real_buchwald_hartwig,llm_evolved_kernel_counter_hypothesis_patch_refined,1923,89.1299,89.1299,10.8701,0,heldout,
real_buchwald_hartwig,llm_evolved_kernel_exploration_patch_1_refined,1923,98.8492,96.6841,1.1508,1,heldout,
real_buchwald_hartwig,llm_evolved_kernel_high_confidence_patch_refined,1923,92.3538,90.2045,7.6462,0,heldout,
real_buchwald_hartwig,llm_evolved_kernel_multi_scale_ensemble_patch_refined,1923,92.3538,91.2792,7.6462,0,heldout,
real_buchwald_hartwig,llm_evolved_kernel_safety_anchor_patch_refined,1923,89.1299,89.1299,10.8701,0,heldout,
real_buchwald_hartwig,mixed_kernel_gp_ei,1923,89.1299,89.1299,10.8701,0,heldout,
real_buchwald_hartwig,target_acquisition_portfolio,1923,89.1299,89.1299,10.8701,0,heldout,
real_buchwald_hartwig,fixed_scale_ensemble_0p5_1_1p5_2_3_4,1924,75.7358,75.7358,24.2642,0,heldout,
real_buchwald_hartwig,gp_ucb,1924,75.7358,75.7358,24.2642,0,heldout,
real_buchwald_hartwig,llm_calibrated_selector,1924,75.7358,75.7358,24.2642,0,heldout,gp_ucb
real_buchwald_hartwig,llm_evolved_kernel_conservative_patch_1_refined,1924,75.7358,75.7358,24.2642,0,heldout,
real_buchwald_hartwig,llm_evolved_kernel_counter_hypothesis_patch_refined,1924,75.7358,75.7358,24.2642,0,heldout,
real_buchwald_hartwig,llm_evolved_kernel_exploration_patch_1_refined,1924,75.7358,75.7358,24.2642,0,heldout,
real_buchwald_hartwig,llm_evolved_kernel_high_confidence_patch_refined,1924,77.5468,77.5468,22.4532,0,heldout,
real_buchwald_hartwig,llm_evolved_kernel_multi_scale_ensemble_patch_refined,1924,75.7358,75.7358,24.2642,0,heldout,
real_buchwald_hartwig,llm_evolved_kernel_safety_anchor_patch_refined,1924,75.7358,75.7358,24.2642,0,heldout,
real_buchwald_hartwig,mixed_kernel_gp_ei,1924,75.7358,75.7358,24.2642,0,heldout,
real_buchwald_hartwig,target_acquisition_portfolio,1924,75.7358,75.7358,24.2642,0,heldout,
real_buchwald_hartwig,fixed_scale_ensemble_0p5_1_1p5_2_3_4,1925,92.1307,79.3382,7.8693,0,heldout,
real_buchwald_hartwig,gp_ucb,1925,92.1307,79.3382,7.8693,0,heldout,
real_buchwald_hartwig,llm_calibrated_selector,1925,92.1307,79.3382,7.8693,0,heldout,gp_ucb
real_buchwald_hartwig,llm_evolved_kernel_conservative_patch_1_refined,1925,92.1307,79.3382,7.8693,0,heldout,
real_buchwald_hartwig,llm_evolved_kernel_counter_hypothesis_patch_refined,1925,72.9419,72.9419,27.0581,0,heldout,
real_buchwald_hartwig,llm_evolved_kernel_exploration_patch_1_refined,1925,92.3912,85.8213,7.6088,0,heldout,
real_buchwald_hartwig,llm_evolved_kernel_high_confidence_patch_refined,1925,72.9419,72.9419,27.0581,0,heldout,
real_buchwald_hartwig,llm_evolved_kernel_multi_scale_ensemble_patch_refined,1925,92.1307,79.3382,7.8693,0,heldout,
real_buchwald_hartwig,llm_evolved_kernel_safety_anchor_patch_refined,1925,92.1307,79.3382,7.8693,0,heldout,
real_buchwald_hartwig,mixed_kernel_gp_ei,1925,72.9419,72.9419,27.0581,0,heldout,
real_buchwald_hartwig,target_acquisition_portfolio,1925,72.9419,72.9419,27.0581,0,heldout,
real_buchwald_hartwig,fixed_scale_ensemble_0p5_1_1p5_2_3_4,1926,92.5725,92.5725,7.4275,0,heldout,
real_buchwald_hartwig,gp_ucb,1926,92.5725,92.5725,7.4275,0,heldout,
real_buchwald_hartwig,llm_calibrated_selector,1926,92.5725,92.5725,7.4275,0,heldout,gp_ucb
real_buchwald_hartwig,llm_evolved_kernel_conservative_patch_1_refined,1926,92.5725,92.5725,7.4275,0,heldout,
real_buchwald_hartwig,llm_evolved_kernel_counter_hypothesis_patch_refined,1926,92.5725,92.5725,7.4275,0,heldout,
real_buchwald_hartwig,llm_evolved_kernel_exploration_patch_1_refined,1926,92.5725,92.5725,7.4275,0,heldout,
real_buchwald_hartwig,llm_evolved_kernel_high_confidence_patch_refined,1926,92.5725,92.5725,7.4275,0,heldout,
real_buchwald_hartwig,llm_evolved_kernel_multi_scale_ensemble_patch_refined,1926,97.2929,94.146,2.7071,0,heldout,
real_buchwald_hartwig,llm_evolved_kernel_safety_anchor_patch_refined,1926,92.5725,92.5725,7.4275,0,heldout,
real_buchwald_hartwig,mixed_kernel_gp_ei,1926,92.5725,92.5725,7.4275,0,heldout,
real_buchwald_hartwig,target_acquisition_portfolio,1926,92.5725,92.5725,7.4275,0,heldout,
real_buchwald_hartwig,fixed_scale_ensemble_0p5_1_1p5_2_3_4,1927,88.5139,87.8416,11.4861,0,heldout,
real_buchwald_hartwig,gp_ucb,1927,88.5139,87.8416,11.4861,0,heldout,
real_buchwald_hartwig,llm_calibrated_selector,1927,88.5139,87.8416,11.4861,0,heldout,gp_ucb
real_buchwald_hartwig,llm_evolved_kernel_conservative_patch_1_refined,1927,88.5139,87.8416,11.4861,0,heldout,
real_buchwald_hartwig,llm_evolved_kernel_counter_hypothesis_patch_refined,1927,88.5139,87.8416,11.4861,0,heldout,
real_buchwald_hartwig,llm_evolved_kernel_exploration_patch_1_refined,1927,88.5139,87.8416,11.4861,0,heldout,
real_buchwald_hartwig,llm_evolved_kernel_high_confidence_patch_refined,1927,88.5139,87.8416,11.4861,0,heldout,
real_buchwald_hartwig,llm_evolved_kernel_multi_scale_ensemble_patch_refined,1927,88.5139,87.8416,11.4861,0,heldout,
real_buchwald_hartwig,llm_evolved_kernel_safety_anchor_patch_refined,1927,88.5139,87.8416,11.4861,0,heldout,
real_buchwald_hartwig,mixed_kernel_gp_ei,1927,88.5139,87.8416,11.4861,0,heldout,
real_buchwald_hartwig,target_acquisition_portfolio,1927,88.5139,87.8416,11.4861,0,heldout,
real_buchwald_hartwig,fixed_scale_ensemble_0p5_1_1p5_2_3_4,1928,46.6325,44.8369,53.3675,0,heldout,
real_buchwald_hartwig,gp_ucb,1928,46.6325,44.8369,53.3675,0,heldout,
real_buchwald_hartwig,llm_calibrated_selector,1928,46.6325,44.8369,53.3675,0,heldout,gp_ucb
real_buchwald_hartwig,llm_evolved_kernel_conservative_patch_1_refined,1928,46.6325,44.8369,53.3675,0,heldout,
real_buchwald_hartwig,llm_evolved_kernel_counter_hypothesis_patch_refined,1928,72.7719,53.2977,27.2281,0,heldout,
real_buchwald_hartwig,llm_evolved_kernel_exploration_patch_1_refined,1928,41.7001,41.7001,58.2999,0,heldout,
real_buchwald_hartwig,llm_evolved_kernel_high_confidence_patch_refined,1928,46.6325,44.8369,53.3675,0,heldout,
real_buchwald_hartwig,llm_evolved_kernel_multi_scale_ensemble_patch_refined,1928,46.6325,44.8369,53.3675,0,heldout,
real_buchwald_hartwig,llm_evolved_kernel_safety_anchor_patch_refined,1928,46.6325,44.8369,53.3675,0,heldout,
real_buchwald_hartwig,mixed_kernel_gp_ei,1928,46.6325,44.8369,53.3675,0,heldout,
real_buchwald_hartwig,target_acquisition_portfolio,1928,46.6325,44.8369,53.3675,0,heldout,
real_buchwald_hartwig,fixed_scale_ensemble_0p5_1_1p5_2_3_4,1929,71.0014,71.0014,28.9986,0,heldout,
real_buchwald_hartwig,gp_ucb,1929,84.93,77.9528,15.07,0,heldout,
real_buchwald_hartwig,llm_calibrated_selector,1929,84.93,77.9528,15.07,0,heldout,gp_ucb
real_buchwald_hartwig,llm_evolved_kernel_conservative_patch_1_refined,1929,71.0014,71.0014,28.9986,0,heldout,
real_buchwald_hartwig,llm_evolved_kernel_counter_hypothesis_patch_refined,1929,84.93,78.337,15.07,0,heldout,
real_buchwald_hartwig,llm_evolved_kernel_exploration_patch_1_refined,1929,84.93,82.5957,15.07,0,heldout,
real_buchwald_hartwig,llm_evolved_kernel_high_confidence_patch_refined,1929,71.0014,71.0014,28.9986,0,heldout,
real_buchwald_hartwig,llm_evolved_kernel_multi_scale_ensemble_patch_refined,1929,71.0014,71.0014,28.9986,0,heldout,
real_buchwald_hartwig,llm_evolved_kernel_safety_anchor_patch_refined,1929,71.0014,71.0014,28.9986,0,heldout,
real_buchwald_hartwig,mixed_kernel_gp_ei,1929,84.93,78.337,15.07,0,heldout,
real_buchwald_hartwig,target_acquisition_portfolio,1929,84.93,78.337,15.07,0,heldout,
real_buchwald_hartwig,fixed_scale_ensemble_0p5_1_1p5_2_3_4,1930,70.5496,70.3203,29.4504,0,heldout,
real_buchwald_hartwig,gp_ucb,1930,76.6352,69.6202,23.3648,0,heldout,
real_buchwald_hartwig,llm_calibrated_selector,1930,76.6352,69.6202,23.3648,0,heldout,gp_ucb
real_buchwald_hartwig,llm_evolved_kernel_conservative_patch_1_refined,1930,70.5496,70.3203,29.4504,0,heldout,
real_buchwald_hartwig,llm_evolved_kernel_counter_hypothesis_patch_refined,1930,61.1376,61.1376,38.8624,0,heldout,
real_buchwald_hartwig,llm_evolved_kernel_exploration_patch_1_refined,1930,76.6352,72.6241,23.3648,0,heldout,
real_buchwald_hartwig,llm_evolved_kernel_high_confidence_patch_refined,1930,70.2056,70.2056,29.7944,0,heldout,
real_buchwald_hartwig,llm_evolved_kernel_multi_scale_ensemble_patch_refined,1930,76.6352,72.3488,23.3648,0,heldout,
real_buchwald_hartwig,llm_evolved_kernel_safety_anchor_patch_refined,1930,76.6352,72.3488,23.3648,0,heldout,
real_buchwald_hartwig,mixed_kernel_gp_ei,1930,66.1127,66.1127,33.8873,0,heldout,
real_buchwald_hartwig,target_acquisition_portfolio,1930,66.1127,66.1127,33.8873,0,heldout,
real_buchwald_hartwig,fixed_scale_ensemble_0p5_1_1p5_2_3_4,1931,91.9334,82.5498,8.0666,0,heldout,
real_buchwald_hartwig,gp_ucb,1931,77.665,69.1928,22.335,0,heldout,
real_buchwald_hartwig,llm_calibrated_selector,1931,77.665,69.1928,22.335,0,heldout,gp_ucb
real_buchwald_hartwig,llm_evolved_kernel_conservative_patch_1_refined,1931,91.9334,82.5498,8.0666,0,heldout,
real_buchwald_hartwig,llm_evolved_kernel_counter_hypothesis_patch_refined,1931,66.433,65.4488,33.567,0,heldout,
real_buchwald_hartwig,llm_evolved_kernel_exploration_patch_1_refined,1931,64.8056,64.8056,35.1944,0,heldout,
real_buchwald_hartwig,llm_evolved_kernel_high_confidence_patch_refined,1931,91.9334,82.5498,8.0666,0,heldout,
real_buchwald_hartwig,llm_evolved_kernel_multi_scale_ensemble_patch_refined,1931,91.9334,82.5498,8.0666,0,heldout,
real_buchwald_hartwig,llm_evolved_kernel_safety_anchor_patch_refined,1931,79.0554,69.5555,20.9446,0,heldout,
real_buchwald_hartwig,mixed_kernel_gp_ei,1931,66.433,65.4488,33.567,0,heldout,
real_buchwald_hartwig,target_acquisition_portfolio,1931,66.433,65.4488,33.567,0,heldout,
real_buchwald_hartwig,fixed_scale_ensemble_0p5_1_1p5_2_3_4,1932,69.3986,59.7278,30.6014,0,heldout,
real_buchwald_hartwig,gp_ucb,1932,45.9821,45.1823,54.0179,0,heldout,
real_buchwald_hartwig,llm_calibrated_selector,1932,45.9821,45.1823,54.0179,0,heldout,gp_ucb
real_buchwald_hartwig,llm_evolved_kernel_conservative_patch_1_refined,1932,48.9381,45.3679,51.0619,0,heldout,
real_buchwald_hartwig,llm_evolved_kernel_counter_hypothesis_patch_refined,1932,45.9821,44.3826,54.0179,0,heldout,
real_buchwald_hartwig,llm_evolved_kernel_exploration_patch_1_refined,1932,49.1547,45.4401,50.8453,0,heldout,
real_buchwald_hartwig,llm_evolved_kernel_high_confidence_patch_refined,1932,54.8924,54.8924,45.1076,0,heldout,
real_buchwald_hartwig,llm_evolved_kernel_multi_scale_ensemble_patch_refined,1932,69.3986,59.7278,30.6014,0,heldout,
real_buchwald_hartwig,llm_evolved_kernel_safety_anchor_patch_refined,1932,45.9821,45.1823,54.0179,0,heldout,
real_buchwald_hartwig,mixed_kernel_gp_ei,1932,65.9443,51.8364,34.0557,0,heldout,
real_buchwald_hartwig,target_acquisition_portfolio,1932,65.9443,51.8364,34.0557,0,heldout,
real_buchwald_hartwig,fixed_scale_ensemble_0p5_1_1p5_2_3_4,1933,92.256,88.7327,7.744,0,heldout,
real_buchwald_hartwig,gp_ucb,1933,98.2872,83.4132,1.7128,1,heldout,
real_buchwald_hartwig,llm_calibrated_selector,1933,98.2872,83.4132,1.7128,1,heldout,gp_ucb
real_buchwald_hartwig,llm_evolved_kernel_conservative_patch_1_refined,1933,92.256,88.7327,7.744,0,heldout,
real_buchwald_hartwig,llm_evolved_kernel_counter_hypothesis_patch_refined,1933,91.4851,79.3449,8.5149,0,heldout,
real_buchwald_hartwig,llm_evolved_kernel_exploration_patch_1_refined,1933,98.2872,87.5078,1.7128,1,heldout,
real_buchwald_hartwig,llm_evolved_kernel_high_confidence_patch_refined,1933,92.256,88.7327,7.744,0,heldout,
real_buchwald_hartwig,llm_evolved_kernel_multi_scale_ensemble_patch_refined,1933,92.256,88.7327,7.744,0,heldout,
real_buchwald_hartwig,llm_evolved_kernel_safety_anchor_patch_refined,1933,92.256,88.7327,7.744,0,heldout,
real_buchwald_hartwig,mixed_kernel_gp_ei,1933,91.4851,79.3449,8.5149,0,heldout,
real_buchwald_hartwig,target_acquisition_portfolio,1933,91.4851,79.3449,8.5149,0,heldout,
real_buchwald_hartwig,fixed_scale_ensemble_0p5_1_1p5_2_3_4,1934,83.385,75.1931,16.615,0,heldout,
real_buchwald_hartwig,gp_ucb,1934,83.385,75.1931,16.615,0,heldout,
real_buchwald_hartwig,llm_calibrated_selector,1934,83.385,75.1931,16.615,0,heldout,gp_ucb
real_buchwald_hartwig,llm_evolved_kernel_conservative_patch_1_refined,1934,83.385,75.1931,16.615,0,heldout,
real_buchwald_hartwig,llm_evolved_kernel_counter_hypothesis_patch_refined,1934,83.385,83.385,16.615,0,heldout,
real_buchwald_hartwig,llm_evolved_kernel_exploration_patch_1_refined,1934,83.385,74.8206,16.615,0,heldout,
real_buchwald_hartwig,llm_evolved_kernel_high_confidence_patch_refined,1934,85.4018,79.9613,14.5982,0,heldout,
real_buchwald_hartwig,llm_evolved_kernel_multi_scale_ensemble_patch_refined,1934,83.385,75.1931,16.615,0,heldout,
real_buchwald_hartwig,llm_evolved_kernel_safety_anchor_patch_refined,1934,83.385,75.1931,16.615,0,heldout,
real_buchwald_hartwig,mixed_kernel_gp_ei,1934,83.385,83.385,16.615,0,heldout,
real_buchwald_hartwig,target_acquisition_portfolio,1934,83.385,83.385,16.615,0,heldout,
real_buchwald_hartwig,fixed_scale_ensemble_0p5_1_1p5_2_3_4,1935,69.7959,69.7959,30.2041,0,heldout,
real_buchwald_hartwig,gp_ucb,1935,69.7959,69.7959,30.2041,0,heldout,
real_buchwald_hartwig,llm_calibrated_selector,1935,69.7959,69.7959,30.2041,0,heldout,gp_ucb
real_buchwald_hartwig,llm_evolved_kernel_conservative_patch_1_refined,1935,69.7959,69.7959,30.2041,0,heldout,
real_buchwald_hartwig,llm_evolved_kernel_counter_hypothesis_patch_refined,1935,69.7959,69.7959,30.2041,0,heldout,
real_buchwald_hartwig,llm_evolved_kernel_exploration_patch_1_refined,1935,91.6984,91.6984,8.3016,0,heldout,
real_buchwald_hartwig,llm_evolved_kernel_high_confidence_patch_refined,1935,69.7959,69.7959,30.2041,0,heldout,
real_buchwald_hartwig,llm_evolved_kernel_multi_scale_ensemble_patch_refined,1935,69.7959,69.7959,30.2041,0,heldout,
real_buchwald_hartwig,llm_evolved_kernel_safety_anchor_patch_refined,1935,69.7959,69.7959,30.2041,0,heldout,
real_buchwald_hartwig,mixed_kernel_gp_ei,1935,91.6984,86.7122,8.3016,0,heldout,
real_buchwald_hartwig,target_acquisition_portfolio,1935,69.7959,69.7959,30.2041,0,heldout,
real_buchwald_hartwig,fixed_scale_ensemble_0p5_1_1p5_2_3_4,1936,88.7252,83.8869,11.2748,0,heldout,
real_buchwald_hartwig,gp_ucb,1936,88.7252,83.8869,11.2748,0,heldout,
real_buchwald_hartwig,llm_calibrated_selector,1936,88.7252,83.8869,11.2748,0,heldout,gp_ucb
real_buchwald_hartwig,llm_evolved_kernel_conservative_patch_1_refined,1936,88.7252,83.8869,11.2748,0,heldout,
real_buchwald_hartwig,llm_evolved_kernel_counter_hypothesis_patch_refined,1936,100.0,87.6452,0.0,1,heldout,
real_buchwald_hartwig,llm_evolved_kernel_exploration_patch_1_refined,1936,74.2103,74.2103,25.7897,0,heldout,
real_buchwald_hartwig,llm_evolved_kernel_high_confidence_patch_refined,1936,100.0,87.6452,0.0,1,heldout,
real_buchwald_hartwig,llm_evolved_kernel_multi_scale_ensemble_patch_refined,1936,88.7252,83.8869,11.2748,0,heldout,
real_buchwald_hartwig,llm_evolved_kernel_safety_anchor_patch_refined,1936,88.7252,83.8869,11.2748,0,heldout,
real_buchwald_hartwig,mixed_kernel_gp_ei,1936,88.7252,83.8869,11.2748,0,heldout,
real_buchwald_hartwig,target_acquisition_portfolio,1936,88.7252,83.8869,11.2748,0,heldout,
real_buchwald_hartwig,fixed_scale_ensemble_0p5_1_1p5_2_3_4,1937,86.8997,86.6245,13.1003,0,heldout,
real_buchwald_hartwig,gp_ucb,1937,80.7369,75.7383,19.2631,0,heldout,
real_buchwald_hartwig,llm_calibrated_selector,1937,80.7369,75.7383,19.2631,0,heldout,gp_ucb
real_buchwald_hartwig,llm_evolved_kernel_conservative_patch_1_refined,1937,86.8997,86.6245,13.1003,0,heldout,
real_buchwald_hartwig,llm_evolved_kernel_counter_hypothesis_patch_refined,1937,84.3397,76.9392,15.6603,0,heldout,
real_buchwald_hartwig,llm_evolved_kernel_exploration_patch_1_refined,1937,86.8997,86.8997,13.1003,0,heldout,
real_buchwald_hartwig,llm_evolved_kernel_high_confidence_patch_refined,1937,86.8997,86.6245,13.1003,0,heldout,
real_buchwald_hartwig,llm_evolved_kernel_multi_scale_ensemble_patch_refined,1937,86.8997,86.6245,13.1003,0,heldout,
real_buchwald_hartwig,llm_evolved_kernel_safety_anchor_patch_refined,1937,80.7369,75.7383,19.2631,0,heldout,
real_buchwald_hartwig,mixed_kernel_gp_ei,1937,80.7369,75.7383,19.2631,0,heldout,
real_buchwald_hartwig,target_acquisition_portfolio,1937,80.7369,75.7383,19.2631,0,heldout,
real_buchwald_hartwig,fixed_scale_ensemble_0p5_1_1p5_2_3_4,1938,61.0565,27.6215,38.9435,0,heldout,
real_buchwald_hartwig,gp_ucb,1938,61.0565,27.6215,38.9435,0,heldout,
real_buchwald_hartwig,llm_calibrated_selector,1938,61.0565,27.6215,38.9435,0,heldout,gp_ucb
real_buchwald_hartwig,llm_evolved_kernel_conservative_patch_1_refined,1938,61.0565,27.6215,38.9435,0,heldout,
real_buchwald_hartwig,llm_evolved_kernel_counter_hypothesis_patch_refined,1938,72.6088,53.0129,27.3912,0,heldout,
real_buchwald_hartwig,llm_evolved_kernel_exploration_patch_1_refined,1938,10.904,10.904,89.096,0,heldout,
real_buchwald_hartwig,llm_evolved_kernel_high_confidence_patch_refined,1938,10.904,10.904,89.096,0,heldout,
real_buchwald_hartwig,llm_evolved_kernel_multi_scale_ensemble_patch_refined,1938,61.0565,27.6215,38.9435,0,heldout,
real_buchwald_hartwig,llm_evolved_kernel_safety_anchor_patch_refined,1938,61.0565,27.6215,38.9435,0,heldout,
real_buchwald_hartwig,mixed_kernel_gp_ei,1938,73.0629,53.1642,26.9371,0,heldout,
real_buchwald_hartwig,target_acquisition_portfolio,1938,73.0629,53.1642,26.9371,0,heldout,
real_buchwald_hartwig,fixed_scale_ensemble_0p5_1_1p5_2_3_4,1939,67.0208,67.0208,32.9792,0,heldout,
real_buchwald_hartwig,gp_ucb,1939,67.0208,67.0208,32.9792,0,heldout,
real_buchwald_hartwig,llm_calibrated_selector,1939,67.0208,67.0208,32.9792,0,heldout,gp_ucb
real_buchwald_hartwig,llm_evolved_kernel_conservative_patch_1_refined,1939,67.0208,67.0208,32.9792,0,heldout,
real_buchwald_hartwig,llm_evolved_kernel_counter_hypothesis_patch_refined,1939,67.0208,67.0208,32.9792,0,heldout,
real_buchwald_hartwig,llm_evolved_kernel_exploration_patch_1_refined,1939,67.0208,67.0208,32.9792,0,heldout,
real_buchwald_hartwig,llm_evolved_kernel_high_confidence_patch_refined,1939,67.0208,67.0208,32.9792,0,heldout,
real_buchwald_hartwig,llm_evolved_kernel_multi_scale_ensemble_patch_refined,1939,67.0208,67.0208,32.9792,0,heldout,
real_buchwald_hartwig,llm_evolved_kernel_safety_anchor_patch_refined,1939,67.0208,67.0208,32.9792,0,heldout,
real_buchwald_hartwig,mixed_kernel_gp_ei,1939,67.0208,67.0208,32.9792,0,heldout,
real_buchwald_hartwig,target_acquisition_portfolio,1939,67.0208,67.0208,32.9792,0,heldout,
real_buchwald_hartwig,fixed_scale_ensemble_0p5_1_1p5_2_3_4,1940,83.3771,83.3771,16.6229,0,heldout,
real_buchwald_hartwig,gp_ucb,1940,83.3771,83.3771,16.6229,0,heldout,
real_buchwald_hartwig,llm_calibrated_selector,1940,83.3771,83.3771,16.6229,0,heldout,gp_ucb
real_buchwald_hartwig,llm_evolved_kernel_conservative_patch_1_refined,1940,83.3771,83.3771,16.6229,0,heldout,
real_buchwald_hartwig,llm_evolved_kernel_counter_hypothesis_patch_refined,1940,83.3771,83.3771,16.6229,0,heldout,
real_buchwald_hartwig,llm_evolved_kernel_exploration_patch_1_refined,1940,83.3771,83.3771,16.6229,0,heldout,
real_buchwald_hartwig,llm_evolved_kernel_high_confidence_patch_refined,1940,83.3771,83.3771,16.6229,0,heldout,
real_buchwald_hartwig,llm_evolved_kernel_multi_scale_ensemble_patch_refined,1940,83.3771,83.3771,16.6229,0,heldout,
real_buchwald_hartwig,llm_evolved_kernel_safety_anchor_patch_refined,1940,83.3771,83.3771,16.6229,0,heldout,
real_buchwald_hartwig,mixed_kernel_gp_ei,1940,83.3771,83.3771,16.6229,0,heldout,
real_buchwald_hartwig,target_acquisition_portfolio,1940,83.3771,83.3771,16.6229,0,heldout,
real_buchwald_hartwig,fixed_scale_ensemble_0p5_1_1p5_2_3_4,1941,83.3382,83.3382,16.6618,0,heldout,
real_buchwald_hartwig,gp_ucb,1941,93.1012,86.5925,6.8988,0,heldout,
real_buchwald_hartwig,llm_calibrated_selector,1941,93.1012,86.5925,6.8988,0,heldout,gp_ucb
real_buchwald_hartwig,llm_evolved_kernel_conservative_patch_1_refined,1941,93.1012,86.5925,6.8988,0,heldout,
real_buchwald_hartwig,llm_evolved_kernel_counter_hypothesis_patch_refined,1941,83.3382,83.3382,16.6618,0,heldout,
real_buchwald_hartwig,llm_evolved_kernel_exploration_patch_1_refined,1941,93.1012,86.6399,6.8988,0,heldout,
real_buchwald_hartwig,llm_evolved_kernel_high_confidence_patch_refined,1941,93.1012,86.5925,6.8988,0,heldout,
real_buchwald_hartwig,llm_evolved_kernel_multi_scale_ensemble_patch_refined,1941,83.3382,83.3382,16.6618,0,heldout,
real_buchwald_hartwig,llm_evolved_kernel_safety_anchor_patch_refined,1941,93.1012,86.5925,6.8988,0,heldout,
real_buchwald_hartwig,mixed_kernel_gp_ei,1941,93.1012,86.5925,6.8988,0,heldout,
real_buchwald_hartwig,target_acquisition_portfolio,1941,93.1012,86.5925,6.8988,0,heldout,
real_buchwald_hartwig,fixed_scale_ensemble_0p5_1_1p5_2_3_4,1942,61.726,43.4912,38.274,0,heldout,
real_buchwald_hartwig,gp_ucb,1942,61.726,44.9636,38.274,0,heldout,
real_buchwald_hartwig,llm_calibrated_selector,1942,61.726,44.9636,38.274,0,heldout,gp_ucb
real_buchwald_hartwig,llm_evolved_kernel_conservative_patch_1_refined,1942,61.726,43.4912,38.274,0,heldout,
real_buchwald_hartwig,llm_evolved_kernel_counter_hypothesis_patch_refined,1942,58.3989,43.8546,41.6011,0,heldout,
real_buchwald_hartwig,llm_evolved_kernel_exploration_patch_1_refined,1942,33.8754,33.8754,66.1246,0,heldout,
real_buchwald_hartwig,llm_evolved_kernel_high_confidence_patch_refined,1942,61.726,43.4912,38.274,0,heldout,
real_buchwald_hartwig,llm_evolved_kernel_multi_scale_ensemble_patch_refined,1942,61.726,43.4912,38.274,0,heldout,
real_buchwald_hartwig,llm_evolved_kernel_safety_anchor_patch_refined,1942,61.726,44.9636,38.274,0,heldout,
real_buchwald_hartwig,mixed_kernel_gp_ei,1942,61.726,44.9636,38.274,0,heldout,
real_buchwald_hartwig,target_acquisition_portfolio,1942,61.726,44.9636,38.274,0,heldout,
real_buchwald_hartwig,fixed_scale_ensemble_0p5_1_1p5_2_3_4,1943,50.8377,50.8377,49.1623,0,heldout,
real_buchwald_hartwig,gp_ucb,1943,66.7132,55.6408,33.2868,0,heldout,
real_buchwald_hartwig,llm_calibrated_selector,1943,66.7132,55.6408,33.2868,0,heldout,gp_ucb
real_buchwald_hartwig,llm_evolved_kernel_conservative_patch_1_refined,1943,50.8377,50.8377,49.1623,0,heldout,
real_buchwald_hartwig,llm_evolved_kernel_counter_hypothesis_patch_refined,1943,90.3173,63.5088,9.6827,0,heldout,
real_buchwald_hartwig,llm_evolved_kernel_exploration_patch_1_refined,1943,50.2101,49.4132,49.7899,0,heldout,
real_buchwald_hartwig,llm_evolved_kernel_high_confidence_patch_refined,1943,50.8377,50.8377,49.1623,0,heldout,
real_buchwald_hartwig,llm_evolved_kernel_multi_scale_ensemble_patch_refined,1943,50.8377,50.8377,49.1623,0,heldout,
real_buchwald_hartwig,llm_evolved_kernel_safety_anchor_patch_refined,1943,66.7132,55.6408,33.2868,0,heldout,
real_buchwald_hartwig,mixed_kernel_gp_ei,1943,50.8377,50.5933,49.1623,0,heldout,
real_buchwald_hartwig,target_acquisition_portfolio,1943,90.3173,63.5088,9.6827,0,heldout,
real_buchwald_hartwig,fixed_scale_ensemble_0p5_1_1p5_2_3_4,1944,88.1675,78.4609,11.8325,0,heldout,
real_buchwald_hartwig,gp_ucb,1944,82.4005,76.6263,17.5995,0,heldout,
real_buchwald_hartwig,llm_calibrated_selector,1944,82.4005,76.6263,17.5995,0,heldout,gp_ucb
real_buchwald_hartwig,llm_evolved_kernel_conservative_patch_1_refined,1944,82.4005,76.6263,17.5995,0,heldout,
real_buchwald_hartwig,llm_evolved_kernel_counter_hypothesis_patch_refined,1944,67.3102,66.5661,32.6898,0,heldout,
real_buchwald_hartwig,llm_evolved_kernel_exploration_patch_1_refined,1944,94.6911,90.0203,5.3089,0,heldout,
real_buchwald_hartwig,llm_evolved_kernel_high_confidence_patch_refined,1944,82.1374,71.5085,17.8626,0,heldout,
real_buchwald_hartwig,llm_evolved_kernel_multi_scale_ensemble_patch_refined,1944,88.1675,78.4609,11.8325,0,heldout,
real_buchwald_hartwig,llm_evolved_kernel_safety_anchor_patch_refined,1944,82.4005,76.6263,17.5995,0,heldout,
real_buchwald_hartwig,mixed_kernel_gp_ei,1944,67.3102,66.5661,32.6898,0,heldout,
real_buchwald_hartwig,target_acquisition_portfolio,1944,67.3102,66.5661,32.6898,0,heldout,
real_buchwald_hartwig,fixed_scale_ensemble_0p5_1_1p5_2_3_4,1945,68.2009,68.2009,31.7991,0,heldout,
real_buchwald_hartwig,gp_ucb,1945,84.7017,73.7012,15.2983,0,heldout,
real_buchwald_hartwig,llm_calibrated_selector,1945,84.7017,73.7012,15.2983,0,heldout,gp_ucb
real_buchwald_hartwig,llm_evolved_kernel_conservative_patch_1_refined,1945,68.2009,68.2009,31.7991,0,heldout,
real_buchwald_hartwig,llm_evolved_kernel_counter_hypothesis_patch_refined,1945,83.4423,73.2814,16.5577,0,heldout,
real_buchwald_hartwig,llm_evolved_kernel_exploration_patch_1_refined,1945,76.31,75.6082,23.69,0,heldout,
real_buchwald_hartwig,llm_evolved_kernel_high_confidence_patch_refined,1945,78.4126,75.6072,21.5874,0,heldout,
real_buchwald_hartwig,llm_evolved_kernel_multi_scale_ensemble_patch_refined,1945,68.2009,68.2009,31.7991,0,heldout,
real_buchwald_hartwig,llm_evolved_kernel_safety_anchor_patch_refined,1945,68.2009,68.2009,31.7991,0,heldout,
real_buchwald_hartwig,mixed_kernel_gp_ei,1945,83.4423,73.2814,16.5577,0,heldout,
real_buchwald_hartwig,target_acquisition_portfolio,1945,84.7017,73.7012,15.2983,0,heldout,
real_buchwald_hartwig,fixed_scale_ensemble_0p5_1_1p5_2_3_4,1946,98.8492,84.3013,1.1508,1,heldout,
real_buchwald_hartwig,gp_ucb,1946,83.2944,81.2054,16.7056,0,heldout,
real_buchwald_hartwig,llm_calibrated_selector,1946,83.2944,81.2054,16.7056,0,heldout,gp_ucb
real_buchwald_hartwig,llm_evolved_kernel_conservative_patch_1_refined,1946,98.8492,84.3013,1.1508,1,heldout,
real_buchwald_hartwig,llm_evolved_kernel_counter_hypothesis_patch_refined,1946,77.0273,77.0273,22.9727,0,heldout,
real_buchwald_hartwig,llm_evolved_kernel_exploration_patch_1_refined,1946,78.1098,76.6847,21.8902,0,heldout,
real_buchwald_hartwig,llm_evolved_kernel_high_confidence_patch_refined,1946,80.7866,78.2804,19.2134,0,heldout,
real_buchwald_hartwig,llm_evolved_kernel_multi_scale_ensemble_patch_refined,1946,80.7866,80.7866,19.2134,0,heldout,
real_buchwald_hartwig,llm_evolved_kernel_safety_anchor_patch_refined,1946,98.8492,84.3013,1.1508,1,heldout,
real_buchwald_hartwig,mixed_kernel_gp_ei,1946,80.7866,79.8943,19.2134,0,heldout,
real_buchwald_hartwig,target_acquisition_portfolio,1946,92.0032,83.3751,7.9968,0,heldout,
real_buchwald_hartwig,fixed_scale_ensemble_0p5_1_1p5_2_3_4,1947,94.1517,85.4905,5.8483,0,heldout,
real_buchwald_hartwig,gp_ucb,1947,81.5102,81.0431,18.4898,0,heldout,
real_buchwald_hartwig,llm_calibrated_selector,1947,81.5102,81.0431,18.4898,0,heldout,gp_ucb
real_buchwald_hartwig,llm_evolved_kernel_conservative_patch_1_refined,1947,94.1517,85.4905,5.8483,0,heldout,
real_buchwald_hartwig,llm_evolved_kernel_counter_hypothesis_patch_refined,1947,94.1517,85.4905,5.8483,0,heldout,
real_buchwald_hartwig,llm_evolved_kernel_exploration_patch_1_refined,1947,81.5102,81.0431,18.4898,0,heldout,
real_buchwald_hartwig,llm_evolved_kernel_high_confidence_patch_refined,1947,94.1517,85.4905,5.8483,0,heldout,
real_buchwald_hartwig,llm_evolved_kernel_multi_scale_ensemble_patch_refined,1947,94.1517,85.4905,5.8483,0,heldout,
real_buchwald_hartwig,llm_evolved_kernel_safety_anchor_patch_refined,1947,81.5102,81.0431,18.4898,0,heldout,
real_buchwald_hartwig,mixed_kernel_gp_ei,1947,81.5102,81.0431,18.4898,0,heldout,
real_buchwald_hartwig,target_acquisition_portfolio,1947,81.5102,81.0431,18.4898,0,heldout,
real_buchwald_hartwig,fixed_scale_ensemble_0p5_1_1p5_2_3_4,1948,85.4018,84.2771,14.5982,0,heldout,
real_buchwald_hartwig,gp_ucb,1948,85.8123,84.5508,14.1877,0,heldout,
real_buchwald_hartwig,llm_calibrated_selector,1948,85.8123,84.5508,14.1877,0,heldout,gp_ucb
real_buchwald_hartwig,llm_evolved_kernel_conservative_patch_1_refined,1948,85.4018,84.2771,14.5982,0,heldout,
real_buchwald_hartwig,llm_evolved_kernel_counter_hypothesis_patch_refined,1948,85.8123,84.5508,14.1877,0,heldout,
real_buchwald_hartwig,llm_evolved_kernel_exploration_patch_1_refined,1948,82.0277,82.0277,17.9723,0,heldout,
real_buchwald_hartwig,llm_evolved_kernel_high_confidence_patch_refined,1948,85.8123,84.5508,14.1877,0,heldout,
real_buchwald_hartwig,llm_evolved_kernel_multi_scale_ensemble_patch_refined,1948,85.4018,84.2771,14.5982,0,heldout,
real_buchwald_hartwig,llm_evolved_kernel_safety_anchor_patch_refined,1948,85.4018,84.2771,14.5982,0,heldout,
real_buchwald_hartwig,mixed_kernel_gp_ei,1948,85.8123,85.8123,14.1877,0,heldout,
real_buchwald_hartwig,target_acquisition_portfolio,1948,85.8123,85.8123,14.1877,0,heldout,
real_buchwald_hartwig,fixed_scale_ensemble_0p5_1_1p5_2_3_4,1949,91.4851,91.4851,8.5149,0,heldout,
real_buchwald_hartwig,gp_ucb,1949,91.4851,91.4851,8.5149,0,heldout,
real_buchwald_hartwig,llm_calibrated_selector,1949,91.4851,91.4851,8.5149,0,heldout,gp_ucb
real_buchwald_hartwig,llm_evolved_kernel_conservative_patch_1_refined,1949,91.4851,91.4851,8.5149,0,heldout,
real_buchwald_hartwig,llm_evolved_kernel_counter_hypothesis_patch_refined,1949,91.4851,91.4851,8.5149,0,heldout,
real_buchwald_hartwig,llm_evolved_kernel_exploration_patch_1_refined,1949,93.0289,91.9997,6.9711,0,heldout,
real_buchwald_hartwig,llm_evolved_kernel_high_confidence_patch_refined,1949,91.4851,91.4851,8.5149,0,heldout,
real_buchwald_hartwig,llm_evolved_kernel_multi_scale_ensemble_patch_refined,1949,91.4851,91.4851,8.5149,0,heldout,
real_buchwald_hartwig,llm_evolved_kernel_safety_anchor_patch_refined,1949,91.4851,91.4851,8.5149,0,heldout,
real_buchwald_hartwig,mixed_kernel_gp_ei,1949,91.4851,91.4851,8.5149,0,heldout,
real_buchwald_hartwig,target_acquisition_portfolio,1949,91.4851,91.4851,8.5149,0,heldout,
real_buchwald_hartwig,fixed_scale_ensemble_0p5_1_1p5_2_3_4,1950,90.9905,88.8904,9.0095,0,heldout,
real_buchwald_hartwig,gp_ucb,1950,90.9905,86.7903,9.0095,0,heldout,
real_buchwald_hartwig,llm_calibrated_selector,1950,90.9905,86.7903,9.0095,0,heldout,gp_ucb
real_buchwald_hartwig,llm_evolved_kernel_conservative_patch_1_refined,1950,90.9905,88.8904,9.0095,0,heldout,
real_buchwald_hartwig,llm_evolved_kernel_counter_hypothesis_patch_refined,1950,90.9905,88.8904,9.0095,0,heldout,
real_buchwald_hartwig,llm_evolved_kernel_exploration_patch_1_refined,1950,86.2002,86.2002,13.7998,0,heldout,
real_buchwald_hartwig,llm_evolved_kernel_high_confidence_patch_refined,1950,90.9905,88.8904,9.0095,0,heldout,
real_buchwald_hartwig,llm_evolved_kernel_multi_scale_ensemble_patch_refined,1950,86.2002,85.6969,13.7998,0,heldout,
real_buchwald_hartwig,llm_evolved_kernel_safety_anchor_patch_refined,1950,90.9905,88.8904,9.0095,0,heldout,
real_buchwald_hartwig,mixed_kernel_gp_ei,1950,90.9905,88.8904,9.0095,0,heldout,
real_buchwald_hartwig,target_acquisition_portfolio,1950,90.9905,86.7903,9.0095,0,heldout,
real_buchwald_hartwig,fixed_scale_ensemble_0p5_1_1p5_2_3_4,1951,70.3543,70.3543,29.6457,0,heldout,
real_buchwald_hartwig,gp_ucb,1951,70.3543,70.3543,29.6457,0,heldout,
real_buchwald_hartwig,llm_calibrated_selector,1951,70.3543,70.3543,29.6457,0,heldout,gp_ucb
real_buchwald_hartwig,llm_evolved_kernel_conservative_patch_1_refined,1951,70.3543,70.3543,29.6457,0,heldout,
real_buchwald_hartwig,llm_evolved_kernel_counter_hypothesis_patch_refined,1951,70.3543,70.3543,29.6457,0,heldout,
real_buchwald_hartwig,llm_evolved_kernel_exploration_patch_1_refined,1951,75.7358,73.942,24.2642,0,heldout,
real_buchwald_hartwig,llm_evolved_kernel_high_confidence_patch_refined,1951,83.6537,74.7874,16.3463,0,heldout,
real_buchwald_hartwig,llm_evolved_kernel_multi_scale_ensemble_patch_refined,1951,70.3543,70.3543,29.6457,0,heldout,
real_buchwald_hartwig,llm_evolved_kernel_safety_anchor_patch_refined,1951,70.3543,70.3543,29.6457,0,heldout,
real_buchwald_hartwig,mixed_kernel_gp_ei,1951,72.6088,71.1058,27.3912,0,heldout,
real_buchwald_hartwig,target_acquisition_portfolio,1951,70.3543,70.3543,29.6457,0,heldout,
real_buchwald_hartwig,fixed_scale_ensemble_0p5_1_1p5_2_3_4,1952,92.8977,92.8977,7.1023,0,heldout,
real_buchwald_hartwig,gp_ucb,1952,92.8977,92.8977,7.1023,0,heldout,
real_buchwald_hartwig,llm_calibrated_selector,1952,92.8977,92.8977,7.1023,0,heldout,gp_ucb
real_buchwald_hartwig,llm_evolved_kernel_conservative_patch_1_refined,1952,92.8977,92.8977,7.1023,0,heldout,
real_buchwald_hartwig,llm_evolved_kernel_counter_hypothesis_patch_refined,1952,92.8977,92.8977,7.1023,0,heldout,
real_buchwald_hartwig,llm_evolved_kernel_exploration_patch_1_refined,1952,95.3865,94.5612,4.6135,0,heldout,
real_buchwald_hartwig,llm_evolved_kernel_high_confidence_patch_refined,1952,95.129,93.6415,4.871,0,heldout,
real_buchwald_hartwig,llm_evolved_kernel_multi_scale_ensemble_patch_refined,1952,92.8977,92.8977,7.1023,0,heldout,
real_buchwald_hartwig,llm_evolved_kernel_safety_anchor_patch_refined,1952,92.8977,92.8977,7.1023,0,heldout,
real_buchwald_hartwig,mixed_kernel_gp_ei,1952,92.8977,92.8977,7.1023,0,heldout,
real_buchwald_hartwig,target_acquisition_portfolio,1952,92.8977,92.8977,7.1023,0,heldout,
real_buchwald_hartwig,fixed_scale_ensemble_0p5_1_1p5_2_3_4,1953,85.8947,85.8947,14.1053,0,heldout,
real_buchwald_hartwig,gp_ucb,1953,85.8947,85.8947,14.1053,0,heldout,
real_buchwald_hartwig,llm_calibrated_selector,1953,85.8947,85.8947,14.1053,0,heldout,gp_ucb
real_buchwald_hartwig,llm_evolved_kernel_conservative_patch_1_refined,1953,85.8947,85.8947,14.1053,0,heldout,
real_buchwald_hartwig,llm_evolved_kernel_counter_hypothesis_patch_refined,1953,85.8947,85.8947,14.1053,0,heldout,
real_buchwald_hartwig,llm_evolved_kernel_exploration_patch_1_refined,1953,85.8947,85.8947,14.1053,0,heldout,
real_buchwald_hartwig,llm_evolved_kernel_high_confidence_patch_refined,1953,85.8947,85.8947,14.1053,0,heldout,
real_buchwald_hartwig,llm_evolved_kernel_multi_scale_ensemble_patch_refined,1953,85.8947,85.8947,14.1053,0,heldout,
real_buchwald_hartwig,llm_evolved_kernel_safety_anchor_patch_refined,1953,85.8947,85.8947,14.1053,0,heldout,
real_buchwald_hartwig,mixed_kernel_gp_ei,1953,85.8947,85.8947,14.1053,0,heldout,
real_buchwald_hartwig,target_acquisition_portfolio,1953,85.8947,85.8947,14.1053,0,heldout,
real_buchwald_hartwig,fixed_scale_ensemble_0p5_1_1p5_2_3_4,1954,87.902,87.3527,12.098,0,heldout,
real_buchwald_hartwig,gp_ucb,1954,88.4449,73.7176,11.5551,0,heldout,
real_buchwald_hartwig,llm_calibrated_selector,1954,88.4449,73.7176,11.5551,0,heldout,gp_ucb
real_buchwald_hartwig,llm_evolved_kernel_conservative_patch_1_refined,1954,87.902,87.3527,12.098,0,heldout,
real_buchwald_hartwig,llm_evolved_kernel_counter_hypothesis_patch_refined,1954,86.2541,72.9874,13.7459,0,heldout,
real_buchwald_hartwig,llm_evolved_kernel_exploration_patch_1_refined,1954,88.4449,88.4449,11.5551,0,heldout,
real_buchwald_hartwig,llm_evolved_kernel_high_confidence_patch_refined,1954,87.902,87.3527,12.098,0,heldout,
real_buchwald_hartwig,llm_evolved_kernel_multi_scale_ensemble_patch_refined,1954,87.902,87.3527,12.098,0,heldout,
real_buchwald_hartwig,llm_evolved_kernel_safety_anchor_patch_refined,1954,88.4449,73.7176,11.5551,0,heldout,
real_buchwald_hartwig,mixed_kernel_gp_ei,1954,86.2541,72.9874,13.7459,0,heldout,
real_buchwald_hartwig,target_acquisition_portfolio,1954,86.2541,72.9874,13.7459,0,heldout,
real_buchwald_hartwig,fixed_scale_ensemble_0p5_1_1p5_2_3_4,1955,80.978,75.3844,19.022,0,heldout,
real_buchwald_hartwig,gp_ucb,1955,83.0547,76.0766,16.9453,0,heldout,
real_buchwald_hartwig,llm_calibrated_selector,1955,83.0547,76.0766,16.9453,0,heldout,gp_ucb
real_buchwald_hartwig,llm_evolved_kernel_conservative_patch_1_refined,1955,80.978,75.3844,19.022,0,heldout,
real_buchwald_hartwig,llm_evolved_kernel_counter_hypothesis_patch_refined,1955,82.6307,75.9353,17.3693,0,heldout,
real_buchwald_hartwig,llm_evolved_kernel_exploration_patch_1_refined,1955,83.0547,82.9134,16.9453,0,heldout,
real_buchwald_hartwig,llm_evolved_kernel_high_confidence_patch_refined,1955,82.6307,75.9353,17.3693,0,heldout,
real_buchwald_hartwig,llm_evolved_kernel_multi_scale_ensemble_patch_refined,1955,80.978,75.3844,19.022,0,heldout,
real_buchwald_hartwig,llm_evolved_kernel_safety_anchor_patch_refined,1955,83.0547,76.0766,16.9453,0,heldout,
real_buchwald_hartwig,mixed_kernel_gp_ei,1955,82.6307,75.9353,17.3693,0,heldout,
real_buchwald_hartwig,target_acquisition_portfolio,1955,83.0547,76.0766,16.9453,0,heldout,
real_buchwald_hartwig,fixed_scale_ensemble_0p5_1_1p5_2_3_4,1956,47.0945,47.0945,52.9055,0,heldout,
real_buchwald_hartwig,gp_ucb,1956,47.1059,47.1021,52.8941,0,heldout,
real_buchwald_hartwig,llm_calibrated_selector,1956,47.1059,47.1021,52.8941,0,heldout,gp_ucb
real_buchwald_hartwig,llm_evolved_kernel_conservative_patch_1_refined,1956,47.0945,47.0945,52.9055,0,heldout,
real_buchwald_hartwig,llm_evolved_kernel_counter_hypothesis_patch_refined,1956,47.1194,47.1194,52.8806,0,heldout,
real_buchwald_hartwig,llm_evolved_kernel_exploration_patch_1_refined,1956,47.0945,47.0945,52.9055,0,heldout,
real_buchwald_hartwig,llm_evolved_kernel_high_confidence_patch_refined,1956,52.4942,48.8944,47.5058,0,heldout,
real_buchwald_hartwig,llm_evolved_kernel_multi_scale_ensemble_patch_refined,1956,47.0945,47.0945,52.9055,0,heldout,
real_buchwald_hartwig,llm_evolved_kernel_safety_anchor_patch_refined,1956,47.1059,47.1021,52.8941,0,heldout,
real_buchwald_hartwig,mixed_kernel_gp_ei,1956,47.1194,47.1194,52.8806,0,heldout,
real_buchwald_hartwig,target_acquisition_portfolio,1956,47.0945,47.0945,52.9055,0,heldout,
real_buchwald_hartwig,fixed_scale_ensemble_0p5_1_1p5_2_3_4,1957,72.3722,70.2678,27.6278,0,heldout,
real_buchwald_hartwig,gp_ucb,1957,72.3722,70.2678,27.6278,0,heldout,
real_buchwald_hartwig,llm_calibrated_selector,1957,72.3722,70.2678,27.6278,0,heldout,gp_ucb
real_buchwald_hartwig,llm_evolved_kernel_conservative_patch_1_refined,1957,72.3722,70.2678,27.6278,0,heldout,
real_buchwald_hartwig,llm_evolved_kernel_counter_hypothesis_patch_refined,1957,72.3722,70.2678,27.6278,0,heldout,
real_buchwald_hartwig,llm_evolved_kernel_exploration_patch_1_refined,1957,72.3722,72.3722,27.6278,0,heldout,
real_buchwald_hartwig,llm_evolved_kernel_high_confidence_patch_refined,1957,69.2156,69.2156,30.7844,0,heldout,
real_buchwald_hartwig,llm_evolved_kernel_multi_scale_ensemble_patch_refined,1957,72.3722,72.3722,27.6278,0,heldout,
real_buchwald_hartwig,llm_evolved_kernel_safety_anchor_patch_refined,1957,72.3722,70.2678,27.6278,0,heldout,
real_buchwald_hartwig,mixed_kernel_gp_ei,1957,72.3722,70.2678,27.6278,0,heldout,
real_buchwald_hartwig,target_acquisition_portfolio,1957,72.3722,70.2678,27.6278,0,heldout,
real_buchwald_hartwig,fixed_scale_ensemble_0p5_1_1p5_2_3_4,1958,85.1402,81.1844,14.8598,0,heldout,
real_buchwald_hartwig,gp_ucb,1958,66.1446,59.6447,33.8554,0,heldout,
real_buchwald_hartwig,llm_calibrated_selector,1958,66.1446,59.6447,33.8554,0,heldout,gp_ucb
real_buchwald_hartwig,llm_evolved_kernel_conservative_patch_1_refined,1958,85.1402,81.1844,14.8598,0,heldout,
real_buchwald_hartwig,llm_evolved_kernel_counter_hypothesis_patch_refined,1958,85.1402,72.3084,14.8598,0,heldout,
real_buchwald_hartwig,llm_evolved_kernel_exploration_patch_1_refined,1958,66.1446,56.6187,33.8554,0,heldout,
real_buchwald_hartwig,llm_evolved_kernel_high_confidence_patch_refined,1958,85.1402,77.2286,14.8598,0,heldout,
real_buchwald_hartwig,llm_evolved_kernel_multi_scale_ensemble_patch_refined,1958,85.1402,77.2286,14.8598,0,heldout,
real_buchwald_hartwig,llm_evolved_kernel_safety_anchor_patch_refined,1958,85.1402,81.1844,14.8598,0,heldout,
real_buchwald_hartwig,mixed_kernel_gp_ei,1958,66.1446,59.6447,33.8554,0,heldout,
real_buchwald_hartwig,target_acquisition_portfolio,1958,66.1446,59.6447,33.8554,0,heldout,
real_buchwald_hartwig,fixed_scale_ensemble_0p5_1_1p5_2_3_4,1959,73.6432,68.0397,26.3568,0,heldout,
real_buchwald_hartwig,gp_ucb,1959,73.2728,66.5002,26.7272,0,heldout,
real_buchwald_hartwig,llm_calibrated_selector,1959,73.2728,66.5002,26.7272,0,heldout,gp_ucb
real_buchwald_hartwig,llm_evolved_kernel_conservative_patch_1_refined,1959,73.2728,66.5002,26.7272,0,heldout,
real_buchwald_hartwig,llm_evolved_kernel_counter_hypothesis_patch_refined,1959,73.6432,62.4363,26.3568,0,heldout,
real_buchwald_hartwig,llm_evolved_kernel_exploration_patch_1_refined,1959,56.8328,56.8328,43.1672,0,heldout,
real_buchwald_hartwig,llm_evolved_kernel_high_confidence_patch_refined,1959,73.6432,68.0397,26.3568,0,heldout,
real_buchwald_hartwig,llm_evolved_kernel_multi_scale_ensemble_patch_refined,1959,85.1402,70.456,14.8598,0,heldout,
real_buchwald_hartwig,llm_evolved_kernel_safety_anchor_patch_refined,1959,73.2728,66.5002,26.7272,0,heldout,
real_buchwald_hartwig,mixed_kernel_gp_ei,1959,73.6432,62.4363,26.3568,0,heldout,
real_buchwald_hartwig,target_acquisition_portfolio,1959,73.6432,68.0397,26.3568,0,heldout,
real_buchwald_hartwig,fixed_scale_ensemble_0p5_1_1p5_2_3_4,1960,40.5938,40.5938,59.4062,0,heldout,
real_buchwald_hartwig,gp_ucb,1960,40.5938,40.5938,59.4062,0,heldout,
real_buchwald_hartwig,llm_calibrated_selector,1960,40.5938,40.5938,59.4062,0,heldout,gp_ucb
real_buchwald_hartwig,llm_evolved_kernel_conservative_patch_1_refined,1960,40.5938,40.5938,59.4062,0,heldout,
real_buchwald_hartwig,llm_evolved_kernel_counter_hypothesis_patch_refined,1960,43.8643,42.7741,56.1357,0,heldout,
real_buchwald_hartwig,llm_evolved_kernel_exploration_patch_1_refined,1960,52.7885,47.862,47.2115,0,heldout,
real_buchwald_hartwig,llm_evolved_kernel_high_confidence_patch_refined,1960,50.2038,47.0005,49.7962,0,heldout,
real_buchwald_hartwig,llm_evolved_kernel_multi_scale_ensemble_patch_refined,1960,43.8643,43.8643,56.1357,0,heldout,
real_buchwald_hartwig,llm_evolved_kernel_safety_anchor_patch_refined,1960,40.5938,40.5938,59.4062,0,heldout,
real_buchwald_hartwig,mixed_kernel_gp_ei,1960,49.9855,43.7244,50.0145,0,heldout,
real_buchwald_hartwig,target_acquisition_portfolio,1960,40.5938,40.5938,59.4062,0,heldout,
real_buchwald_hartwig,fixed_scale_ensemble_0p5_1_1p5_2_3_4,1961,63.287,63.287,36.713,0,heldout,
real_buchwald_hartwig,gp_ucb,1961,63.4288,63.3815,36.5712,0,heldout,
real_buchwald_hartwig,llm_calibrated_selector,1961,63.4288,63.3815,36.5712,0,heldout,gp_ucb
real_buchwald_hartwig,llm_evolved_kernel_conservative_patch_1_refined,1961,63.287,63.287,36.713,0,heldout,
real_buchwald_hartwig,llm_evolved_kernel_counter_hypothesis_patch_refined,1961,63.4288,63.3815,36.5712,0,heldout,
real_buchwald_hartwig,llm_evolved_kernel_exploration_patch_1_refined,1961,86.4971,75.2206,13.5029,0,heldout,
real_buchwald_hartwig,llm_evolved_kernel_high_confidence_patch_refined,1961,63.4288,63.3815,36.5712,0,heldout,
real_buchwald_hartwig,llm_evolved_kernel_multi_scale_ensemble_patch_refined,1961,63.287,63.287,36.713,0,heldout,
real_buchwald_hartwig,llm_evolved_kernel_safety_anchor_patch_refined,1961,63.4288,63.3815,36.5712,0,heldout,
real_buchwald_hartwig,mixed_kernel_gp_ei,1961,63.4288,63.3815,36.5712,0,heldout,
real_buchwald_hartwig,target_acquisition_portfolio,1961,63.4288,63.3815,36.5712,0,heldout,
real_buchwald_hartwig,fixed_scale_ensemble_0p5_1_1p5_2_3_4,1962,92.9567,84.5122,7.0433,0,heldout,
real_buchwald_hartwig,gp_ucb,1962,92.9567,84.5122,7.0433,0,heldout,
real_buchwald_hartwig,llm_calibrated_selector,1962,92.9567,84.5122,7.0433,0,heldout,gp_ucb
real_buchwald_hartwig,llm_evolved_kernel_conservative_patch_1_refined,1962,92.9567,84.5122,7.0433,0,heldout,
real_buchwald_hartwig,llm_evolved_kernel_counter_hypothesis_patch_refined,1962,92.9567,84.5122,7.0433,0,heldout,
real_buchwald_hartwig,llm_evolved_kernel_exploration_patch_1_refined,1962,92.9567,86.5917,7.0433,0,heldout,
real_buchwald_hartwig,llm_evolved_kernel_high_confidence_patch_refined,1962,92.9567,84.5122,7.0433,0,heldout,
real_buchwald_hartwig,llm_evolved_kernel_multi_scale_ensemble_patch_refined,1962,92.9567,84.5122,7.0433,0,heldout,
real_buchwald_hartwig,llm_evolved_kernel_safety_anchor_patch_refined,1962,92.9567,84.5122,7.0433,0,heldout,
real_buchwald_hartwig,mixed_kernel_gp_ei,1962,92.9567,84.5122,7.0433,0,heldout,
real_buchwald_hartwig,target_acquisition_portfolio,1962,92.9567,84.5122,7.0433,0,heldout,
real_buchwald_hartwig,fixed_scale_ensemble_0p5_1_1p5_2_3_4,1963,91.2669,91.2669,8.7331,0,heldout,
real_buchwald_hartwig,gp_ucb,1963,91.2669,91.2669,8.7331,0,heldout,
real_buchwald_hartwig,llm_calibrated_selector,1963,91.2669,91.2669,8.7331,0,heldout,gp_ucb
real_buchwald_hartwig,llm_evolved_kernel_conservative_patch_1_refined,1963,91.2669,91.2669,8.7331,0,heldout,
real_buchwald_hartwig,llm_evolved_kernel_counter_hypothesis_patch_refined,1963,93.3108,92.6295,6.6892,0,heldout,
real_buchwald_hartwig,llm_evolved_kernel_exploration_patch_1_refined,1963,93.0995,92.4886,6.9005,0,heldout,
real_buchwald_hartwig,llm_evolved_kernel_high_confidence_patch_refined,1963,93.3108,92.6295,6.6892,0,heldout,
real_buchwald_hartwig,llm_evolved_kernel_multi_scale_ensemble_patch_refined,1963,91.2669,91.2669,8.7331,0,heldout,
real_buchwald_hartwig,llm_evolved_kernel_safety_anchor_patch_refined,1963,91.2669,91.2669,8.7331,0,heldout,
real_buchwald_hartwig,mixed_kernel_gp_ei,1963,93.3108,92.6295,6.6892,0,heldout,
real_buchwald_hartwig,target_acquisition_portfolio,1963,93.3108,92.6295,6.6892,0,heldout,
real_buchwald_hartwig,fixed_scale_ensemble_0p5_1_1p5_2_3_4,1964,84.6825,84.2954,15.3175,0,heldout,
real_buchwald_hartwig,gp_ucb,1964,84.1019,84.1019,15.8981,0,heldout,
real_buchwald_hartwig,llm_calibrated_selector,1964,84.1019,84.1019,15.8981,0,heldout,gp_ucb
real_buchwald_hartwig,llm_evolved_kernel_conservative_patch_1_refined,1964,84.6825,84.2954,15.3175,0,heldout,
real_buchwald_hartwig,llm_evolved_kernel_counter_hypothesis_patch_refined,1964,84.1019,84.1019,15.8981,0,heldout,
real_buchwald_hartwig,llm_evolved_kernel_exploration_patch_1_refined,1964,83.8253,83.8253,16.1747,0,heldout,
real_buchwald_hartwig,llm_evolved_kernel_high_confidence_patch_refined,1964,84.1019,84.0097,15.8981,0,heldout,
real_buchwald_hartwig,llm_evolved_kernel_multi_scale_ensemble_patch_refined,1964,84.6825,84.2954,15.3175,0,heldout,
real_buchwald_hartwig,llm_evolved_kernel_safety_anchor_patch_refined,1964,84.1019,84.1019,15.8981,0,heldout,
real_buchwald_hartwig,mixed_kernel_gp_ei,1964,83.8253,83.8253,16.1747,0,heldout,
real_buchwald_hartwig,target_acquisition_portfolio,1964,83.8253,83.8253,16.1747,0,heldout,
real_buchwald_hartwig,fixed_scale_ensemble_0p5_1_1p5_2_3_4,1965,69.395,60.555,30.605,0,heldout,
real_buchwald_hartwig,gp_ucb,1965,56.135,56.135,43.865,0,heldout,
real_buchwald_hartwig,llm_calibrated_selector,1965,56.135,56.135,43.865,0,heldout,gp_ucb
real_buchwald_hartwig,llm_evolved_kernel_conservative_patch_1_refined,1965,56.135,56.135,43.865,0,heldout,
real_buchwald_hartwig,llm_evolved_kernel_counter_hypothesis_patch_refined,1965,69.395,60.555,30.605,0,heldout,
real_buchwald_hartwig,llm_evolved_kernel_exploration_patch_1_refined,1965,56.135,56.135,43.865,0,heldout,
real_buchwald_hartwig,llm_evolved_kernel_high_confidence_patch_refined,1965,56.135,56.135,43.865,0,heldout,
real_buchwald_hartwig,llm_evolved_kernel_multi_scale_ensemble_patch_refined,1965,69.395,60.555,30.605,0,heldout,
real_buchwald_hartwig,llm_evolved_kernel_safety_anchor_patch_refined,1965,56.135,56.135,43.865,0,heldout,
real_buchwald_hartwig,mixed_kernel_gp_ei,1965,56.135,56.135,43.865,0,heldout,
real_buchwald_hartwig,target_acquisition_portfolio,1965,69.395,60.555,30.605,0,heldout,
real_buchwald_hartwig,fixed_scale_ensemble_0p5_1_1p5_2_3_4,1966,84.8146,84.8146,15.1854,0,heldout,
real_buchwald_hartwig,gp_ucb,1966,91.3906,87.4665,8.6094,0,heldout,
real_buchwald_hartwig,llm_calibrated_selector,1966,91.3906,87.4665,8.6094,0,heldout,gp_ucb
real_buchwald_hartwig,llm_evolved_kernel_conservative_patch_1_refined,1966,90.9905,88.9319,9.0095,0,heldout,
real_buchwald_hartwig,llm_evolved_kernel_counter_hypothesis_patch_refined,1966,86.1944,85.7345,13.8056,0,heldout,
real_buchwald_hartwig,llm_evolved_kernel_exploration_patch_1_refined,1966,91.3906,91.3906,8.6094,0,heldout,
real_buchwald_hartwig,llm_evolved_kernel_high_confidence_patch_refined,1966,90.9905,90.9905,9.0095,0,heldout,
real_buchwald_hartwig,llm_evolved_kernel_multi_scale_ensemble_patch_refined,1966,84.8146,84.8146,15.1854,0,heldout,
real_buchwald_hartwig,llm_evolved_kernel_safety_anchor_patch_refined,1966,91.3906,87.4665,8.6094,0,heldout,
real_buchwald_hartwig,mixed_kernel_gp_ei,1966,86.1944,85.7345,13.8056,0,heldout,
real_buchwald_hartwig,target_acquisition_portfolio,1966,86.1944,85.7345,13.8056,0,heldout,
real_buchwald_hartwig,fixed_scale_ensemble_0p5_1_1p5_2_3_4,1967,61.8234,61.8234,38.1766,0,heldout,
real_buchwald_hartwig,gp_ucb,1967,61.8234,61.8234,38.1766,0,heldout,
real_buchwald_hartwig,llm_calibrated_selector,1967,61.8234,61.8234,38.1766,0,heldout,gp_ucb
real_buchwald_hartwig,llm_evolved_kernel_conservative_patch_1_refined,1967,61.8234,61.8234,38.1766,0,heldout,
real_buchwald_hartwig,llm_evolved_kernel_counter_hypothesis_patch_refined,1967,61.8234,61.8234,38.1766,0,heldout,
real_buchwald_hartwig,llm_evolved_kernel_exploration_patch_1_refined,1967,84.6498,77.041,15.3502,0,heldout,
real_buchwald_hartwig,llm_evolved_kernel_high_confidence_patch_refined,1967,70.2491,67.4405,29.7509,0,heldout,
real_buchwald_hartwig,llm_evolved_kernel_multi_scale_ensemble_patch_refined,1967,84.6498,84.6498,15.3502,0,heldout,
real_buchwald_hartwig,llm_evolved_kernel_safety_anchor_patch_refined,1967,61.8234,61.8234,38.1766,0,heldout,
real_buchwald_hartwig,mixed_kernel_gp_ei,1967,61.8234,61.8234,38.1766,0,heldout,
real_buchwald_hartwig,target_acquisition_portfolio,1967,61.8234,61.8234,38.1766,0,heldout,
real_buchwald_hartwig,fixed_scale_ensemble_0p5_1_1p5_2_3_4,1968,75.8998,75.8998,24.1002,0,heldout,
real_buchwald_hartwig,gp_ucb,1968,75.8998,75.8998,24.1002,0,heldout,
real_buchwald_hartwig,llm_calibrated_selector,1968,75.8998,75.8998,24.1002,0,heldout,gp_ucb
real_buchwald_hartwig,llm_evolved_kernel_conservative_patch_1_refined,1968,75.8998,75.8998,24.1002,0,heldout,
real_buchwald_hartwig,llm_evolved_kernel_counter_hypothesis_patch_refined,1968,75.8998,75.8998,24.1002,0,heldout,
real_buchwald_hartwig,llm_evolved_kernel_exploration_patch_1_refined,1968,77.6669,77.0779,22.3331,0,heldout,
real_buchwald_hartwig,llm_evolved_kernel_high_confidence_patch_refined,1968,75.8998,75.8998,24.1002,0,heldout,
real_buchwald_hartwig,llm_evolved_kernel_multi_scale_ensemble_patch_refined,1968,75.8998,75.8998,24.1002,0,heldout,
real_buchwald_hartwig,llm_evolved_kernel_safety_anchor_patch_refined,1968,75.8998,75.8998,24.1002,0,heldout,
real_buchwald_hartwig,mixed_kernel_gp_ei,1968,75.8998,75.8998,24.1002,0,heldout,
real_buchwald_hartwig,target_acquisition_portfolio,1968,75.8998,75.8998,24.1002,0,heldout,
real_buchwald_hartwig,fixed_scale_ensemble_0p5_1_1p5_2_3_4,1969,76.1607,76.1607,23.8393,0,heldout,
real_buchwald_hartwig,gp_ucb,1969,76.1607,76.1607,23.8393,0,heldout,
real_buchwald_hartwig,llm_calibrated_selector,1969,76.1607,76.1607,23.8393,0,heldout,gp_ucb
real_buchwald_hartwig,llm_evolved_kernel_conservative_patch_1_refined,1969,76.1607,76.1607,23.8393,0,heldout,
real_buchwald_hartwig,llm_evolved_kernel_counter_hypothesis_patch_refined,1969,76.1607,76.1607,23.8393,0,heldout,
real_buchwald_hartwig,llm_evolved_kernel_exploration_patch_1_refined,1969,76.1607,76.1607,23.8393,0,heldout,
real_buchwald_hartwig,llm_evolved_kernel_high_confidence_patch_refined,1969,76.1607,76.1607,23.8393,0,heldout,
real_buchwald_hartwig,llm_evolved_kernel_multi_scale_ensemble_patch_refined,1969,76.1607,76.1607,23.8393,0,heldout,
real_buchwald_hartwig,llm_evolved_kernel_safety_anchor_patch_refined,1969,76.1607,76.1607,23.8393,0,heldout,
real_buchwald_hartwig,mixed_kernel_gp_ei,1969,76.1607,76.1607,23.8393,0,heldout,
real_buchwald_hartwig,target_acquisition_portfolio,1969,76.1607,76.1607,23.8393,0,heldout,
real_buchwald_hartwig,fixed_scale_ensemble_0p5_1_1p5_2_3_4,1970,86.7926,73.9194,13.2074,0,heldout,
real_buchwald_hartwig,gp_ucb,1970,83.9556,72.9738,16.0444,0,heldout,
real_buchwald_hartwig,llm_calibrated_selector,1970,83.9556,72.9738,16.0444,0,heldout,gp_ucb
real_buchwald_hartwig,llm_evolved_kernel_conservative_patch_1_refined,1970,86.7926,73.9194,13.2074,0,heldout,
real_buchwald_hartwig,llm_evolved_kernel_counter_hypothesis_patch_refined,1970,86.7926,73.9194,13.2074,0,heldout,
real_buchwald_hartwig,llm_evolved_kernel_exploration_patch_1_refined,1970,79.3465,76.6392,20.6535,0,heldout,
real_buchwald_hartwig,llm_evolved_kernel_high_confidence_patch_refined,1970,79.3465,68.5474,20.6535,0,heldout,
real_buchwald_hartwig,llm_evolved_kernel_multi_scale_ensemble_patch_refined,1970,86.7926,73.9194,13.2074,0,heldout,
real_buchwald_hartwig,llm_evolved_kernel_safety_anchor_patch_refined,1970,83.9556,72.9738,16.0444,0,heldout,
real_buchwald_hartwig,mixed_kernel_gp_ei,1970,86.7926,84.9013,13.2074,0,heldout,
real_buchwald_hartwig,target_acquisition_portfolio,1970,83.9556,72.9738,16.0444,0,heldout,
real_buchwald_hartwig,fixed_scale_ensemble_0p5_1_1p5_2_3_4,1971,93.7486,93.7486,6.2514,0,heldout,
real_buchwald_hartwig,gp_ucb,1971,93.7486,93.7486,6.2514,0,heldout,
real_buchwald_hartwig,llm_calibrated_selector,1971,93.7486,93.7486,6.2514,0,heldout,gp_ucb
real_buchwald_hartwig,llm_evolved_kernel_conservative_patch_1_refined,1971,93.7486,93.7486,6.2514,0,heldout,
real_buchwald_hartwig,llm_evolved_kernel_counter_hypothesis_patch_refined,1971,93.7486,93.7486,6.2514,0,heldout,
real_buchwald_hartwig,llm_evolved_kernel_exploration_patch_1_refined,1971,93.7486,93.7486,6.2514,0,heldout,
real_buchwald_hartwig,llm_evolved_kernel_high_confidence_patch_refined,1971,93.7486,93.7486,6.2514,0,heldout,
real_buchwald_hartwig,llm_evolved_kernel_multi_scale_ensemble_patch_refined,1971,93.7486,93.7486,6.2514,0,heldout,
real_buchwald_hartwig,llm_evolved_kernel_safety_anchor_patch_refined,1971,93.7486,93.7486,6.2514,0,heldout,
real_buchwald_hartwig,mixed_kernel_gp_ei,1971,93.7486,93.7486,6.2514,0,heldout,
real_buchwald_hartwig,target_acquisition_portfolio,1971,93.7486,93.7486,6.2514,0,heldout,
real_buchwald_hartwig,fixed_scale_ensemble_0p5_1_1p5_2_3_4,1972,26.2989,26.0551,73.7011,0,heldout,
real_buchwald_hartwig,gp_ucb,1972,26.2989,26.0551,73.7011,0,heldout,
real_buchwald_hartwig,llm_calibrated_selector,1972,26.2989,26.0551,73.7011,0,heldout,gp_ucb
real_buchwald_hartwig,llm_evolved_kernel_conservative_patch_1_refined,1972,26.2989,26.0551,73.7011,0,heldout,
real_buchwald_hartwig,llm_evolved_kernel_counter_hypothesis_patch_refined,1972,26.2989,26.0551,73.7011,0,heldout,
real_buchwald_hartwig,llm_evolved_kernel_exploration_patch_1_refined,1972,26.2989,26.0551,73.7011,0,heldout,
real_buchwald_hartwig,llm_evolved_kernel_high_confidence_patch_refined,1972,26.2989,26.0551,73.7011,0,heldout,
real_buchwald_hartwig,llm_evolved_kernel_multi_scale_ensemble_patch_refined,1972,26.2989,26.0551,73.7011,0,heldout,
real_buchwald_hartwig,llm_evolved_kernel_safety_anchor_patch_refined,1972,26.2989,26.0551,73.7011,0,heldout,
real_buchwald_hartwig,mixed_kernel_gp_ei,1972,26.2989,26.0551,73.7011,0,heldout,
real_buchwald_hartwig,target_acquisition_portfolio,1972,26.2989,26.0551,73.7011,0,heldout,
real_buchwald_hartwig,fixed_scale_ensemble_0p5_1_1p5_2_3_4,1973,93.7486,93.7486,6.2514,0,heldout,
real_buchwald_hartwig,gp_ucb,1973,93.7486,93.7486,6.2514,0,heldout,
real_buchwald_hartwig,llm_calibrated_selector,1973,93.7486,93.7486,6.2514,0,heldout,gp_ucb
real_buchwald_hartwig,llm_evolved_kernel_conservative_patch_1_refined,1973,93.7486,93.7486,6.2514,0,heldout,
real_buchwald_hartwig,llm_evolved_kernel_counter_hypothesis_patch_refined,1973,93.7486,93.7486,6.2514,0,heldout,
real_buchwald_hartwig,llm_evolved_kernel_exploration_patch_1_refined,1973,93.7486,93.7486,6.2514,0,heldout,
real_buchwald_hartwig,llm_evolved_kernel_high_confidence_patch_refined,1973,93.7486,93.7486,6.2514,0,heldout,
real_buchwald_hartwig,llm_evolved_kernel_multi_scale_ensemble_patch_refined,1973,93.7486,93.7486,6.2514,0,heldout,
real_buchwald_hartwig,llm_evolved_kernel_safety_anchor_patch_refined,1973,93.7486,93.7486,6.2514,0,heldout,
real_buchwald_hartwig,mixed_kernel_gp_ei,1973,93.7486,93.7486,6.2514,0,heldout,
real_buchwald_hartwig,target_acquisition_portfolio,1973,93.7486,93.7486,6.2514,0,heldout,
real_buchwald_hartwig,fixed_scale_ensemble_0p5_1_1p5_2_3_4,1974,83.0885,83.0885,16.9115,0,heldout,
real_buchwald_hartwig,gp_ucb,1974,83.0885,83.0885,16.9115,0,heldout,
real_buchwald_hartwig,llm_calibrated_selector,1974,83.0885,83.0885,16.9115,0,heldout,gp_ucb
real_buchwald_hartwig,llm_evolved_kernel_conservative_patch_1_refined,1974,83.0885,83.0885,16.9115,0,heldout,
real_buchwald_hartwig,llm_evolved_kernel_counter_hypothesis_patch_refined,1974,83.0885,83.0885,16.9115,0,heldout,
real_buchwald_hartwig,llm_evolved_kernel_exploration_patch_1_refined,1974,97.2929,92.5581,2.7071,0,heldout,
real_buchwald_hartwig,llm_evolved_kernel_high_confidence_patch_refined,1974,83.0885,83.0885,16.9115,0,heldout,
real_buchwald_hartwig,llm_evolved_kernel_multi_scale_ensemble_patch_refined,1974,83.0885,83.0885,16.9115,0,heldout,
real_buchwald_hartwig,llm_evolved_kernel_safety_anchor_patch_refined,1974,83.0885,83.0885,16.9115,0,heldout,
real_buchwald_hartwig,mixed_kernel_gp_ei,1974,83.0885,83.0885,16.9115,0,heldout,
real_buchwald_hartwig,target_acquisition_portfolio,1974,83.0885,83.0885,16.9115,0,heldout,
real_buchwald_hartwig,fixed_scale_ensemble_0p5_1_1p5_2_3_4,1975,43.9469,43.9469,56.0531,0,heldout,
real_buchwald_hartwig,gp_ucb,1975,58.1531,48.6823,41.8469,0,heldout,
real_buchwald_hartwig,llm_calibrated_selector,1975,58.1531,48.6823,41.8469,0,heldout,gp_ucb
real_buchwald_hartwig,llm_evolved_kernel_conservative_patch_1_refined,1975,43.9469,43.9469,56.0531,0,heldout,
real_buchwald_hartwig,llm_evolved_kernel_counter_hypothesis_patch_refined,1975,58.1531,48.6823,41.8469,0,heldout,
real_buchwald_hartwig,llm_evolved_kernel_exploration_patch_1_refined,1975,46.5918,44.8285,53.4082,0,heldout,
real_buchwald_hartwig,llm_evolved_kernel_high_confidence_patch_refined,1975,43.9469,43.9469,56.0531,0,heldout,
real_buchwald_hartwig,llm_evolved_kernel_multi_scale_ensemble_patch_refined,1975,43.9469,43.9469,56.0531,0,heldout,
real_buchwald_hartwig,llm_evolved_kernel_safety_anchor_patch_refined,1975,58.1531,48.6823,41.8469,0,heldout,
real_buchwald_hartwig,mixed_kernel_gp_ei,1975,58.1531,48.6823,41.8469,0,heldout,
real_buchwald_hartwig,target_acquisition_portfolio,1975,58.1531,48.6823,41.8469,0,heldout,
real_buchwald_hartwig,fixed_scale_ensemble_0p5_1_1p5_2_3_4,1976,89.4807,89.4807,10.5193,0,heldout,
real_buchwald_hartwig,gp_ucb,1976,89.4807,89.4807,10.5193,0,heldout,
real_buchwald_hartwig,llm_calibrated_selector,1976,89.4807,89.4807,10.5193,0,heldout,gp_ucb
real_buchwald_hartwig,llm_evolved_kernel_conservative_patch_1_refined,1976,89.4807,89.4807,10.5193,0,heldout,
real_buchwald_hartwig,llm_evolved_kernel_counter_hypothesis_patch_refined,1976,89.4807,89.4807,10.5193,0,heldout,
real_buchwald_hartwig,llm_evolved_kernel_exploration_patch_1_refined,1976,89.4807,89.4807,10.5193,0,heldout,
real_buchwald_hartwig,llm_evolved_kernel_high_confidence_patch_refined,1976,89.4807,89.4807,10.5193,0,heldout,
real_buchwald_hartwig,llm_evolved_kernel_multi_scale_ensemble_patch_refined,1976,89.4807,89.4807,10.5193,0,heldout,
real_buchwald_hartwig,llm_evolved_kernel_safety_anchor_patch_refined,1976,89.4807,89.4807,10.5193,0,heldout,
real_buchwald_hartwig,mixed_kernel_gp_ei,1976,89.4807,89.4807,10.5193,0,heldout,
real_buchwald_hartwig,target_acquisition_portfolio,1976,89.4807,89.4807,10.5193,0,heldout,
real_buchwald_hartwig,fixed_scale_ensemble_0p5_1_1p5_2_3_4,1977,79.2616,79.2616,20.7384,0,heldout,
real_buchwald_hartwig,gp_ucb,1977,79.2616,79.2616,20.7384,0,heldout,
real_buchwald_hartwig,llm_calibrated_selector,1977,79.2616,79.2616,20.7384,0,heldout,gp_ucb
real_buchwald_hartwig,llm_evolved_kernel_conservative_patch_1_refined,1977,79.2616,79.2616,20.7384,0,heldout,
real_buchwald_hartwig,llm_evolved_kernel_counter_hypothesis_patch_refined,1977,81.1512,79.8915,18.8488,0,heldout,
real_buchwald_hartwig,llm_evolved_kernel_exploration_patch_1_refined,1977,79.2616,79.2616,20.7384,0,heldout,
real_buchwald_hartwig,llm_evolved_kernel_high_confidence_patch_refined,1977,79.2616,79.2616,20.7384,0,heldout,
real_buchwald_hartwig,llm_evolved_kernel_multi_scale_ensemble_patch_refined,1977,79.2616,79.2616,20.7384,0,heldout,
real_buchwald_hartwig,llm_evolved_kernel_safety_anchor_patch_refined,1977,79.2616,79.2616,20.7384,0,heldout,
real_buchwald_hartwig,mixed_kernel_gp_ei,1977,79.2616,79.2616,20.7384,0,heldout,
real_buchwald_hartwig,target_acquisition_portfolio,1977,79.2616,79.2616,20.7384,0,heldout,
real_buchwald_hartwig,fixed_scale_ensemble_0p5_1_1p5_2_3_4,1978,89.4671,89.4671,10.5329,0,heldout,
real_buchwald_hartwig,gp_ucb,1978,89.4671,89.4671,10.5329,0,heldout,
real_buchwald_hartwig,llm_calibrated_selector,1978,89.4671,89.4671,10.5329,0,heldout,gp_ucb
real_buchwald_hartwig,llm_evolved_kernel_conservative_patch_1_refined,1978,91.3733,90.7379,8.6267,0,heldout,
real_buchwald_hartwig,llm_evolved_kernel_counter_hypothesis_patch_refined,1978,92.904,91.7584,7.096,0,heldout,
real_buchwald_hartwig,llm_evolved_kernel_exploration_patch_1_refined,1978,85.6453,83.0731,14.3547,0,heldout,
real_buchwald_hartwig,llm_evolved_kernel_high_confidence_patch_refined,1978,91.3733,90.7379,8.6267,0,heldout,
real_buchwald_hartwig,llm_evolved_kernel_multi_scale_ensemble_patch_refined,1978,89.4671,89.4671,10.5329,0,heldout,
real_buchwald_hartwig,llm_evolved_kernel_safety_anchor_patch_refined,1978,89.4671,89.4671,10.5329,0,heldout,
real_buchwald_hartwig,mixed_kernel_gp_ei,1978,92.904,91.7584,7.096,0,heldout,
real_buchwald_hartwig,target_acquisition_portfolio,1978,92.904,91.7584,7.096,0,heldout,
real_buchwald_hartwig,fixed_scale_ensemble_0p5_1_1p5_2_3_4,1979,79.4583,79.4583,20.5417,0,heldout,
real_buchwald_hartwig,gp_ucb,1979,79.4583,79.4583,20.5417,0,heldout,
real_buchwald_hartwig,llm_calibrated_selector,1979,79.4583,79.4583,20.5417,0,heldout,gp_ucb
real_buchwald_hartwig,llm_evolved_kernel_conservative_patch_1_refined,1979,79.4583,79.4583,20.5417,0,heldout,
real_buchwald_hartwig,llm_evolved_kernel_counter_hypothesis_patch_refined,1979,79.4583,79.4583,20.5417,0,heldout,
real_buchwald_hartwig,llm_evolved_kernel_exploration_patch_1_refined,1979,79.4583,79.4583,20.5417,0,heldout,
real_buchwald_hartwig,llm_evolved_kernel_high_confidence_patch_refined,1979,79.4583,79.4583,20.5417,0,heldout,
real_buchwald_hartwig,llm_evolved_kernel_multi_scale_ensemble_patch_refined,1979,79.4583,79.4583,20.5417,0,heldout,
real_buchwald_hartwig,llm_evolved_kernel_safety_anchor_patch_refined,1979,79.4583,79.4583,20.5417,0,heldout,
real_buchwald_hartwig,mixed_kernel_gp_ei,1979,79.4583,79.4583,20.5417,0,heldout,
real_buchwald_hartwig,target_acquisition_portfolio,1979,79.4583,79.4583,20.5417,0,heldout,
real_buchwald_hartwig,fixed_scale_ensemble_0p5_1_1p5_2_3_4,1980,26.3122,26.3122,73.6878,0,heldout,
real_buchwald_hartwig,gp_ucb,1980,28.8838,28.0266,71.1162,0,heldout,
real_buchwald_hartwig,llm_calibrated_selector,1980,28.8838,28.0266,71.1162,0,heldout,gp_ucb
real_buchwald_hartwig,llm_evolved_kernel_conservative_patch_1_refined,1980,26.3122,26.3122,73.6878,0,heldout,
real_buchwald_hartwig,llm_evolved_kernel_counter_hypothesis_patch_refined,1980,28.8838,28.0266,71.1162,0,heldout,
real_buchwald_hartwig,llm_evolved_kernel_exploration_patch_1_refined,1980,26.3122,26.3122,73.6878,0,heldout,
real_buchwald_hartwig,llm_evolved_kernel_high_confidence_patch_refined,1980,28.8838,28.0266,71.1162,0,heldout,
real_buchwald_hartwig,llm_evolved_kernel_multi_scale_ensemble_patch_refined,1980,26.3122,26.3122,73.6878,0,heldout,
real_buchwald_hartwig,llm_evolved_kernel_safety_anchor_patch_refined,1980,28.8838,28.0266,71.1162,0,heldout,
real_buchwald_hartwig,mixed_kernel_gp_ei,1980,28.8838,28.0266,71.1162,0,heldout,
real_buchwald_hartwig,target_acquisition_portfolio,1980,28.8838,28.0266,71.1162,0,heldout,
real_buchwald_hartwig,fixed_scale_ensemble_0p5_1_1p5_2_3_4,1981,85.2207,85.2207,14.7793,0,heldout,
real_buchwald_hartwig,gp_ucb,1981,85.2207,85.2207,14.7793,0,heldout,
real_buchwald_hartwig,llm_calibrated_selector,1981,85.2207,85.2207,14.7793,0,heldout,gp_ucb
real_buchwald_hartwig,llm_evolved_kernel_conservative_patch_1_refined,1981,85.2207,85.2207,14.7793,0,heldout,
real_buchwald_hartwig,llm_evolved_kernel_counter_hypothesis_patch_refined,1981,85.2207,85.2207,14.7793,0,heldout,
real_buchwald_hartwig,llm_evolved_kernel_exploration_patch_1_refined,1981,94.501,94.501,5.499,0,heldout,
real_buchwald_hartwig,llm_evolved_kernel_high_confidence_patch_refined,1981,85.2207,85.2207,14.7793,0,heldout,
real_buchwald_hartwig,llm_evolved_kernel_multi_scale_ensemble_patch_refined,1981,85.2207,85.2207,14.7793,0,heldout,
real_buchwald_hartwig,llm_evolved_kernel_safety_anchor_patch_refined,1981,85.2207,85.2207,14.7793,0,heldout,
real_buchwald_hartwig,mixed_kernel_gp_ei,1981,85.2207,85.2207,14.7793,0,heldout,
real_buchwald_hartwig,target_acquisition_portfolio,1981,85.2207,85.2207,14.7793,0,heldout,
real_buchwald_hartwig,fixed_scale_ensemble_0p5_1_1p5_2_3_4,1982,85.2207,78.4372,14.7793,0,heldout,
real_buchwald_hartwig,gp_ucb,1982,85.2207,78.4372,14.7793,0,heldout,
real_buchwald_hartwig,llm_calibrated_selector,1982,85.2207,78.4372,14.7793,0,heldout,gp_ucb
real_buchwald_hartwig,llm_evolved_kernel_conservative_patch_1_refined,1982,85.2207,78.4372,14.7793,0,heldout,
real_buchwald_hartwig,llm_evolved_kernel_counter_hypothesis_patch_refined,1982,85.2207,78.4372,14.7793,0,heldout,
real_buchwald_hartwig,llm_evolved_kernel_exploration_patch_1_refined,1982,85.2207,71.6537,14.7793,0,heldout,
real_buchwald_hartwig,llm_evolved_kernel_high_confidence_patch_refined,1982,68.6732,67.4055,31.3268,0,heldout,
real_buchwald_hartwig,llm_evolved_kernel_multi_scale_ensemble_patch_refined,1982,85.2207,78.4372,14.7793,0,heldout,
real_buchwald_hartwig,llm_evolved_kernel_safety_anchor_patch_refined,1982,85.2207,78.4372,14.7793,0,heldout,
real_buchwald_hartwig,mixed_kernel_gp_ei,1982,85.2207,71.6537,14.7793,0,heldout,
real_buchwald_hartwig,target_acquisition_portfolio,1982,85.2207,78.4372,14.7793,0,heldout,
real_buchwald_hartwig,fixed_scale_ensemble_0p5_1_1p5_2_3_4,1983,88.5139,88.5139,11.4861,0,heldout,
real_buchwald_hartwig,gp_ucb,1983,88.5139,88.5139,11.4861,0,heldout,
real_buchwald_hartwig,llm_calibrated_selector,1983,88.5139,88.5139,11.4861,0,heldout,gp_ucb
real_buchwald_hartwig,llm_evolved_kernel_conservative_patch_1_refined,1983,88.5139,88.5139,11.4861,0,heldout,
real_buchwald_hartwig,llm_evolved_kernel_counter_hypothesis_patch_refined,1983,88.5139,86.2216,11.4861,0,heldout,
real_buchwald_hartwig,llm_evolved_kernel_exploration_patch_1_refined,1983,88.5139,87.8416,11.4861,0,heldout,
real_buchwald_hartwig,llm_evolved_kernel_high_confidence_patch_refined,1983,88.5139,88.5139,11.4861,0,heldout,
real_buchwald_hartwig,llm_evolved_kernel_multi_scale_ensemble_patch_refined,1983,88.5139,88.5139,11.4861,0,heldout,
real_buchwald_hartwig,llm_evolved_kernel_safety_anchor_patch_refined,1983,88.5139,88.5139,11.4861,0,heldout,
real_buchwald_hartwig,mixed_kernel_gp_ei,1983,88.5139,86.8938,11.4861,0,heldout,
real_buchwald_hartwig,target_acquisition_portfolio,1983,88.5139,86.2216,11.4861,0,heldout,
real_buchwald_hartwig,fixed_scale_ensemble_0p5_1_1p5_2_3_4,1984,80.5278,80.5278,19.4722,0,heldout,
real_buchwald_hartwig,gp_ucb,1984,80.5278,80.5278,19.4722,0,heldout,
real_buchwald_hartwig,llm_calibrated_selector,1984,80.5278,80.5278,19.4722,0,heldout,gp_ucb
real_buchwald_hartwig,llm_evolved_kernel_conservative_patch_1_refined,1984,80.5278,80.5278,19.4722,0,heldout,
real_buchwald_hartwig,llm_evolved_kernel_counter_hypothesis_patch_refined,1984,80.5278,80.5278,19.4722,0,heldout,
real_buchwald_hartwig,llm_evolved_kernel_exploration_patch_1_refined,1984,80.7967,74.257,19.2033,0,heldout,
real_buchwald_hartwig,llm_evolved_kernel_high_confidence_patch_refined,1984,80.5278,80.5278,19.4722,0,heldout,
real_buchwald_hartwig,llm_evolved_kernel_multi_scale_ensemble_patch_refined,1984,80.5278,80.5278,19.4722,0,heldout,
real_buchwald_hartwig,llm_evolved_kernel_safety_anchor_patch_refined,1984,80.5278,80.5278,19.4722,0,heldout,
real_buchwald_hartwig,mixed_kernel_gp_ei,1984,80.5278,80.5278,19.4722,0,heldout,
real_buchwald_hartwig,target_acquisition_portfolio,1984,80.5278,80.5278,19.4722,0,heldout,
real_buchwald_hartwig,fixed_scale_ensemble_0p5_1_1p5_2_3_4,1985,83.0965,79.6042,16.9035,0,heldout,
real_buchwald_hartwig,gp_ucb,1985,83.0965,81.3503,16.9035,0,heldout,
real_buchwald_hartwig,llm_calibrated_selector,1985,83.0965,81.3503,16.9035,0,heldout,gp_ucb
real_buchwald_hartwig,llm_evolved_kernel_conservative_patch_1_refined,1985,83.0965,81.3503,16.9035,0,heldout,
real_buchwald_hartwig,llm_evolved_kernel_counter_hypothesis_patch_refined,1985,80.5886,79.6784,19.4114,0,heldout,
real_buchwald_hartwig,llm_evolved_kernel_exploration_patch_1_refined,1985,77.858,77.858,22.142,0,heldout,
real_buchwald_hartwig,llm_evolved_kernel_high_confidence_patch_refined,1985,83.0965,81.3503,16.9035,0,heldout,
real_buchwald_hartwig,llm_evolved_kernel_multi_scale_ensemble_patch_refined,1985,83.0965,79.6042,16.9035,0,heldout,
real_buchwald_hartwig,llm_evolved_kernel_safety_anchor_patch_refined,1985,83.0965,81.3503,16.9035,0,heldout,
real_buchwald_hartwig,mixed_kernel_gp_ei,1985,83.0965,81.3503,16.9035,0,heldout,
real_buchwald_hartwig,target_acquisition_portfolio,1985,83.0965,81.3503,16.9035,0,heldout,
real_buchwald_hartwig,fixed_scale_ensemble_0p5_1_1p5_2_3_4,1986,77.858,77.858,22.142,0,heldout,
real_buchwald_hartwig,gp_ucb,1986,77.858,77.858,22.142,0,heldout,
real_buchwald_hartwig,llm_calibrated_selector,1986,77.858,77.858,22.142,0,heldout,gp_ucb
real_buchwald_hartwig,llm_evolved_kernel_conservative_patch_1_refined,1986,77.858,77.858,22.142,0,heldout,
real_buchwald_hartwig,llm_evolved_kernel_counter_hypothesis_patch_refined,1986,80.1359,78.6173,19.8641,0,heldout,
real_buchwald_hartwig,llm_evolved_kernel_exploration_patch_1_refined,1986,84.4027,80.0396,15.5973,0,heldout,
real_buchwald_hartwig,llm_evolved_kernel_high_confidence_patch_refined,1986,80.1359,78.6173,19.8641,0,heldout,
real_buchwald_hartwig,llm_evolved_kernel_multi_scale_ensemble_patch_refined,1986,77.858,77.858,22.142,0,heldout,
real_buchwald_hartwig,llm_evolved_kernel_safety_anchor_patch_refined,1986,77.858,77.858,22.142,0,heldout,
real_buchwald_hartwig,mixed_kernel_gp_ei,1986,77.858,77.858,22.142,0,heldout,
real_buchwald_hartwig,target_acquisition_portfolio,1986,77.858,77.858,22.142,0,heldout,
real_buchwald_hartwig,fixed_scale_ensemble_0p5_1_1p5_2_3_4,1987,88.4449,69.0985,11.5551,0,heldout,
real_buchwald_hartwig,gp_ucb,1987,88.4449,69.0985,11.5551,0,heldout,
real_buchwald_hartwig,llm_calibrated_selector,1987,88.4449,69.0985,11.5551,0,heldout,gp_ucb
real_buchwald_hartwig,llm_evolved_kernel_conservative_patch_1_refined,1987,88.4449,69.0985,11.5551,0,heldout,
real_buchwald_hartwig,llm_evolved_kernel_counter_hypothesis_patch_refined,1987,88.4449,70.1675,11.5551,0,heldout,
real_buchwald_hartwig,llm_evolved_kernel_exploration_patch_1_refined,1987,88.4449,69.0985,11.5551,0,heldout,
real_buchwald_hartwig,llm_evolved_kernel_high_confidence_patch_refined,1987,88.4449,69.0985,11.5551,0,heldout,
real_buchwald_hartwig,llm_evolved_kernel_multi_scale_ensemble_patch_refined,1987,88.4449,80.0123,11.5551,0,heldout,
real_buchwald_hartwig,llm_evolved_kernel_safety_anchor_patch_refined,1987,88.4449,69.0985,11.5551,0,heldout,
real_buchwald_hartwig,mixed_kernel_gp_ei,1987,88.4449,81.0813,11.5551,0,heldout,
real_buchwald_hartwig,target_acquisition_portfolio,1987,88.4449,69.0985,11.5551,0,heldout,
real_buchwald_hartwig,fixed_scale_ensemble_0p5_1_1p5_2_3_4,1988,89.6142,89.6142,10.3858,0,heldout,
real_buchwald_hartwig,gp_ucb,1988,89.6142,89.6142,10.3858,0,heldout,
real_buchwald_hartwig,llm_calibrated_selector,1988,89.6142,89.6142,10.3858,0,heldout,gp_ucb
real_buchwald_hartwig,llm_evolved_kernel_conservative_patch_1_refined,1988,89.6142,89.6142,10.3858,0,heldout,
real_buchwald_hartwig,llm_evolved_kernel_counter_hypothesis_patch_refined,1988,89.6142,89.6142,10.3858,0,heldout,
real_buchwald_hartwig,llm_evolved_kernel_exploration_patch_1_refined,1988,89.6142,89.6142,10.3858,0,heldout,
real_buchwald_hartwig,llm_evolved_kernel_high_confidence_patch_refined,1988,89.6142,89.6142,10.3858,0,heldout,
real_buchwald_hartwig,llm_evolved_kernel_multi_scale_ensemble_patch_refined,1988,89.6142,89.6142,10.3858,0,heldout,
real_buchwald_hartwig,llm_evolved_kernel_safety_anchor_patch_refined,1988,89.6142,89.6142,10.3858,0,heldout,
real_buchwald_hartwig,mixed_kernel_gp_ei,1988,89.6142,89.6142,10.3858,0,heldout,
real_buchwald_hartwig,target_acquisition_portfolio,1988,89.6142,89.6142,10.3858,0,heldout,
real_buchwald_hartwig,fixed_scale_ensemble_0p5_1_1p5_2_3_4,1989,52.5881,52.5881,47.4119,0,heldout,
real_buchwald_hartwig,gp_ucb,1989,52.5881,52.5881,47.4119,0,heldout,
real_buchwald_hartwig,llm_calibrated_selector,1989,52.5881,52.5881,47.4119,0,heldout,gp_ucb
real_buchwald_hartwig,llm_evolved_kernel_conservative_patch_1_refined,1989,52.5881,52.5881,47.4119,0,heldout,
real_buchwald_hartwig,llm_evolved_kernel_counter_hypothesis_patch_refined,1989,52.5881,52.5881,47.4119,0,heldout,
real_buchwald_hartwig,llm_evolved_kernel_exploration_patch_1_refined,1989,55.1638,53.4467,44.8362,0,heldout,
real_buchwald_hartwig,llm_evolved_kernel_high_confidence_patch_refined,1989,52.5881,52.5881,47.4119,0,heldout,
real_buchwald_hartwig,llm_evolved_kernel_multi_scale_ensemble_patch_refined,1989,52.5881,52.5881,47.4119,0,heldout,
real_buchwald_hartwig,llm_evolved_kernel_safety_anchor_patch_refined,1989,52.5881,52.5881,47.4119,0,heldout,
real_buchwald_hartwig,mixed_kernel_gp_ei,1989,52.5881,52.5881,47.4119,0,heldout,
real_buchwald_hartwig,target_acquisition_portfolio,1989,52.5881,52.5881,47.4119,0,heldout,
real_buchwald_hartwig,fixed_scale_ensemble_0p5_1_1p5_2_3_4,1990,81.4779,81.4779,18.5221,0,heldout,
real_buchwald_hartwig,gp_ucb,1990,81.4779,81.4779,18.5221,0,heldout,
real_buchwald_hartwig,llm_calibrated_selector,1990,81.4779,81.4779,18.5221,0,heldout,gp_ucb
real_buchwald_hartwig,llm_evolved_kernel_conservative_patch_1_refined,1990,81.4779,81.4779,18.5221,0,heldout,
real_buchwald_hartwig,llm_evolved_kernel_counter_hypothesis_patch_refined,1990,81.4779,81.4779,18.5221,0,heldout,
real_buchwald_hartwig,llm_evolved_kernel_exploration_patch_1_refined,1990,81.4779,81.4779,18.5221,0,heldout,
real_buchwald_hartwig,llm_evolved_kernel_high_confidence_patch_refined,1990,81.4779,81.4779,18.5221,0,heldout,
real_buchwald_hartwig,llm_evolved_kernel_multi_scale_ensemble_patch_refined,1990,81.4779,81.4779,18.5221,0,heldout,
real_buchwald_hartwig,llm_evolved_kernel_safety_anchor_patch_refined,1990,81.4779,81.4779,18.5221,0,heldout,
real_buchwald_hartwig,mixed_kernel_gp_ei,1990,81.4779,81.4779,18.5221,0,heldout,
real_buchwald_hartwig,target_acquisition_portfolio,1990,81.4779,81.4779,18.5221,0,heldout,
real_buchwald_hartwig,fixed_scale_ensemble_0p5_1_1p5_2_3_4,1991,60.5532,60.5532,39.4468,0,heldout,
real_buchwald_hartwig,gp_ucb,1991,60.5532,60.5532,39.4468,0,heldout,
real_buchwald_hartwig,llm_calibrated_selector,1991,60.5532,60.5532,39.4468,0,heldout,gp_ucb
real_buchwald_hartwig,llm_evolved_kernel_conservative_patch_1_refined,1991,68.9183,64.6777,31.0817,0,heldout,
real_buchwald_hartwig,llm_evolved_kernel_counter_hypothesis_patch_refined,1991,64.5617,61.8894,35.4383,0,heldout,
real_buchwald_hartwig,llm_evolved_kernel_exploration_patch_1_refined,1991,64.5617,63.2255,35.4383,0,heldout,
real_buchwald_hartwig,llm_evolved_kernel_high_confidence_patch_refined,1991,62.8686,62.0968,37.1314,0,heldout,
real_buchwald_hartwig,llm_evolved_kernel_multi_scale_ensemble_patch_refined,1991,68.9183,64.6777,31.0817,0,heldout,
real_buchwald_hartwig,llm_evolved_kernel_safety_anchor_patch_refined,1991,60.5532,60.5532,39.4468,0,heldout,
real_buchwald_hartwig,mixed_kernel_gp_ei,1991,62.1637,61.09,37.8363,0,heldout,
real_buchwald_hartwig,target_acquisition_portfolio,1991,62.1637,61.09,37.8363,0,heldout,
real_buchwald_hartwig,fixed_scale_ensemble_0p5_1_1p5_2_3_4,1992,16.7481,16.7481,83.2519,0,heldout,
real_buchwald_hartwig,gp_ucb,1992,16.7481,16.7481,83.2519,0,heldout,
real_buchwald_hartwig,llm_calibrated_selector,1992,16.7481,16.7481,83.2519,0,heldout,gp_ucb
real_buchwald_hartwig,llm_evolved_kernel_conservative_patch_1_refined,1992,16.7481,16.7481,83.2519,0,heldout,
real_buchwald_hartwig,llm_evolved_kernel_counter_hypothesis_patch_refined,1992,29.0148,20.837,70.9852,0,heldout,
real_buchwald_hartwig,llm_evolved_kernel_exploration_patch_1_refined,1992,16.7481,16.7481,83.2519,0,heldout,
real_buchwald_hartwig,llm_evolved_kernel_high_confidence_patch_refined,1992,29.0148,20.837,70.9852,0,heldout,
real_buchwald_hartwig,llm_evolved_kernel_multi_scale_ensemble_patch_refined,1992,16.7481,16.7481,83.2519,0,heldout,
real_buchwald_hartwig,llm_evolved_kernel_safety_anchor_patch_refined,1992,16.7481,16.7481,83.2519,0,heldout,
real_buchwald_hartwig,mixed_kernel_gp_ei,1992,16.7481,16.7481,83.2519,0,heldout,
real_buchwald_hartwig,target_acquisition_portfolio,1992,16.7481,16.7481,83.2519,0,heldout,
real_buchwald_hartwig,fixed_scale_ensemble_0p5_1_1p5_2_3_4,1993,81.2283,80.236,18.7717,0,heldout,
real_buchwald_hartwig,gp_ucb,1993,81.2283,80.236,18.7717,0,heldout,
real_buchwald_hartwig,llm_calibrated_selector,1993,81.2283,80.236,18.7717,0,heldout,gp_ucb
real_buchwald_hartwig,llm_evolved_kernel_conservative_patch_1_refined,1993,81.2283,80.236,18.7717,0,heldout,
real_buchwald_hartwig,llm_evolved_kernel_counter_hypothesis_patch_refined,1993,98.1771,85.8856,1.8229,1,heldout,
real_buchwald_hartwig,llm_evolved_kernel_exploration_patch_1_refined,1993,81.2283,80.236,18.7717,0,heldout,
real_buchwald_hartwig,llm_evolved_kernel_high_confidence_patch_refined,1993,98.1771,85.8856,1.8229,1,heldout,
real_buchwald_hartwig,llm_evolved_kernel_multi_scale_ensemble_patch_refined,1993,81.2283,80.236,18.7717,0,heldout,
real_buchwald_hartwig,llm_evolved_kernel_safety_anchor_patch_refined,1993,81.2283,80.236,18.7717,0,heldout,
real_buchwald_hartwig,mixed_kernel_gp_ei,1993,98.1771,85.8856,1.8229,1,heldout,
real_buchwald_hartwig,target_acquisition_portfolio,1993,81.2283,80.236,18.7717,0,heldout,
real_buchwald_hartwig,fixed_scale_ensemble_0p5_1_1p5_2_3_4,1994,71.5462,70.7896,28.4538,0,heldout,
real_buchwald_hartwig,gp_ucb,1994,73.4449,72.0089,26.5551,0,heldout,
real_buchwald_hartwig,llm_calibrated_selector,1994,73.4449,72.0089,26.5551,0,heldout,gp_ucb
real_buchwald_hartwig,llm_evolved_kernel_conservative_patch_1_refined,1994,71.5462,70.7896,28.4538,0,heldout,
real_buchwald_hartwig,llm_evolved_kernel_counter_hypothesis_patch_refined,1994,71.5462,70.7896,28.4538,0,heldout,
real_buchwald_hartwig,llm_evolved_kernel_exploration_patch_1_refined,1994,81.4779,74.8568,18.5221,0,heldout,
real_buchwald_hartwig,llm_evolved_kernel_high_confidence_patch_refined,1994,71.5462,70.7896,28.4538,0,heldout,
real_buchwald_hartwig,llm_evolved_kernel_multi_scale_ensemble_patch_refined,1994,71.5462,70.7896,28.4538,0,heldout,
real_buchwald_hartwig,llm_evolved_kernel_safety_anchor_patch_refined,1994,71.5462,70.7896,28.4538,0,heldout,
real_buchwald_hartwig,mixed_kernel_gp_ei,1994,73.4449,72.0089,26.5551,0,heldout,
real_buchwald_hartwig,target_acquisition_portfolio,1994,73.4449,72.0089,26.5551,0,heldout,
real_buchwald_hartwig,fixed_scale_ensemble_0p5_1_1p5_2_3_4,1995,93.0995,83.4555,6.9005,0,heldout,
real_buchwald_hartwig,gp_ucb,1995,93.0995,83.4555,6.9005,0,heldout,
real_buchwald_hartwig,llm_calibrated_selector,1995,93.0995,83.4555,6.9005,0,heldout,gp_ucb
real_buchwald_hartwig,llm_evolved_kernel_conservative_patch_1_refined,1995,93.0995,88.2775,6.9005,0,heldout,
real_buchwald_hartwig,llm_evolved_kernel_counter_hypothesis_patch_refined,1995,94.3462,94.3462,5.6538,0,heldout,
real_buchwald_hartwig,llm_evolved_kernel_exploration_patch_1_refined,1995,89.4807,81.0147,10.5193,0,heldout,
real_buchwald_hartwig,llm_evolved_kernel_high_confidence_patch_refined,1995,93.3108,87.1417,6.6892,0,heldout,
real_buchwald_hartwig,llm_evolved_kernel_multi_scale_ensemble_patch_refined,1995,93.0995,88.2775,6.9005,0,heldout,
real_buchwald_hartwig,llm_evolved_kernel_safety_anchor_patch_refined,1995,93.0995,83.4555,6.9005,0,heldout,
real_buchwald_hartwig,mixed_kernel_gp_ei,1995,94.3462,94.3462,5.6538,0,heldout,
real_buchwald_hartwig,target_acquisition_portfolio,1995,93.3108,90.7574,6.6892,0,heldout,
real_buchwald_hartwig,fixed_scale_ensemble_0p5_1_1p5_2_3_4,1996,54.7699,54.1354,45.2301,0,heldout,
real_buchwald_hartwig,gp_ucb,1996,54.7699,54.7699,45.2301,0,heldout,
real_buchwald_hartwig,llm_calibrated_selector,1996,54.7699,54.7699,45.2301,0,heldout,gp_ucb
real_buchwald_hartwig,llm_evolved_kernel_conservative_patch_1_refined,1996,54.7699,54.1354,45.2301,0,heldout,
real_buchwald_hartwig,llm_evolved_kernel_counter_hypothesis_patch_refined,1996,55.1804,55.0436,44.8196,0,heldout,
real_buchwald_hartwig,llm_evolved_kernel_exploration_patch_1_refined,1996,68.5576,58.0969,31.4424,0,heldout,
real_buchwald_hartwig,llm_evolved_kernel_high_confidence_patch_refined,1996,54.7699,54.1354,45.2301,0,heldout,
real_buchwald_hartwig,llm_evolved_kernel_multi_scale_ensemble_patch_refined,1996,54.7699,53.501,45.2301,0,heldout,
real_buchwald_hartwig,llm_evolved_kernel_safety_anchor_patch_refined,1996,54.7699,54.7699,45.2301,0,heldout,
real_buchwald_hartwig,mixed_kernel_gp_ei,1996,54.7699,54.7699,45.2301,0,heldout,
real_buchwald_hartwig,target_acquisition_portfolio,1996,55.1804,55.0436,44.8196,0,heldout,
real_buchwald_hartwig,fixed_scale_ensemble_0p5_1_1p5_2_3_4,1997,58.9438,58.9438,41.0562,0,heldout,
real_buchwald_hartwig,gp_ucb,1997,58.9438,58.9438,41.0562,0,heldout,
real_buchwald_hartwig,llm_calibrated_selector,1997,58.9438,58.9438,41.0562,0,heldout,gp_ucb
real_buchwald_hartwig,llm_evolved_kernel_conservative_patch_1_refined,1997,68.5749,62.1542,31.4251,0,heldout,
real_buchwald_hartwig,llm_evolved_kernel_counter_hypothesis_patch_refined,1997,90.7313,69.5396,9.2687,0,heldout,
real_buchwald_hartwig,llm_evolved_kernel_exploration_patch_1_refined,1997,68.5749,62.1542,31.4251,0,heldout,
real_buchwald_hartwig,llm_evolved_kernel_high_confidence_patch_refined,1997,68.5749,62.1542,31.4251,0,heldout,
real_buchwald_hartwig,llm_evolved_kernel_multi_scale_ensemble_patch_refined,1997,58.9438,58.9438,41.0562,0,heldout,
real_buchwald_hartwig,llm_evolved_kernel_safety_anchor_patch_refined,1997,58.9438,58.9438,41.0562,0,heldout,
real_buchwald_hartwig,mixed_kernel_gp_ei,1997,68.5749,62.1542,31.4251,0,heldout,
real_buchwald_hartwig,target_acquisition_portfolio,1997,58.9438,58.9438,41.0562,0,heldout,
real_buchwald_hartwig,fixed_scale_ensemble_0p5_1_1p5_2_3_4,1998,73.7399,73.7399,26.2601,0,heldout,
real_buchwald_hartwig,gp_ucb,1998,73.7399,73.7399,26.2601,0,heldout,
real_buchwald_hartwig,llm_calibrated_selector,1998,73.7399,73.7399,26.2601,0,heldout,gp_ucb
real_buchwald_hartwig,llm_evolved_kernel_conservative_patch_1_refined,1998,73.7399,73.7399,26.2601,0,heldout,
real_buchwald_hartwig,llm_evolved_kernel_counter_hypothesis_patch_refined,1998,73.7399,73.7399,26.2601,0,heldout,
real_buchwald_hartwig,llm_evolved_kernel_exploration_patch_1_refined,1998,73.7399,73.7399,26.2601,0,heldout,
real_buchwald_hartwig,llm_evolved_kernel_high_confidence_patch_refined,1998,73.7399,73.7399,26.2601,0,heldout,
real_buchwald_hartwig,llm_evolved_kernel_multi_scale_ensemble_patch_refined,1998,73.7399,73.7399,26.2601,0,heldout,
real_buchwald_hartwig,llm_evolved_kernel_safety_anchor_patch_refined,1998,73.7399,73.7399,26.2601,0,heldout,
real_buchwald_hartwig,mixed_kernel_gp_ei,1998,73.7399,73.7399,26.2601,0,heldout,
real_buchwald_hartwig,target_acquisition_portfolio,1998,73.7399,73.7399,26.2601,0,heldout,
real_buchwald_hartwig,fixed_scale_ensemble_0p5_1_1p5_2_3_4,1999,86.2198,83.6259,13.7802,0,heldout,
real_buchwald_hartwig,gp_ucb,1999,82.3289,82.3289,17.6711,0,heldout,
real_buchwald_hartwig,llm_calibrated_selector,1999,82.3289,82.3289,17.6711,0,heldout,gp_ucb
real_buchwald_hartwig,llm_evolved_kernel_conservative_patch_1_refined,1999,82.3289,82.3289,17.6711,0,heldout,
real_buchwald_hartwig,llm_evolved_kernel_counter_hypothesis_patch_refined,1999,82.3289,82.3289,17.6711,0,heldout,
real_buchwald_hartwig,llm_evolved_kernel_exploration_patch_1_refined,1999,86.2198,83.6259,13.7802,0,heldout,
real_buchwald_hartwig,llm_evolved_kernel_high_confidence_patch_refined,1999,82.3289,82.3289,17.6711,0,heldout,
real_buchwald_hartwig,llm_evolved_kernel_multi_scale_ensemble_patch_refined,1999,86.2198,83.6259,13.7802,0,heldout,
real_buchwald_hartwig,llm_evolved_kernel_safety_anchor_patch_refined,1999,82.3289,82.3289,17.6711,0,heldout,
real_buchwald_hartwig,mixed_kernel_gp_ei,1999,82.3289,82.3289,17.6711,0,heldout,
real_buchwald_hartwig,target_acquisition_portfolio,1999,82.3289,82.3289,17.6711,0,heldout,
real_buchwald_hartwig,fixed_scale_ensemble_0p5_1_1p5_2_3_4,2000,49.0165,49.0165,50.9835,0,heldout,
real_buchwald_hartwig,gp_ucb,2000,49.0165,49.0165,50.9835,0,heldout,
real_buchwald_hartwig,llm_calibrated_selector,2000,49.0165,49.0165,50.9835,0,heldout,gp_ucb
real_buchwald_hartwig,llm_evolved_kernel_conservative_patch_1_refined,2000,49.0165,49.0165,50.9835,0,heldout,
real_buchwald_hartwig,llm_evolved_kernel_counter_hypothesis_patch_refined,2000,70.6783,68.6805,29.3217,0,heldout,
real_buchwald_hartwig,llm_evolved_kernel_exploration_patch_1_refined,2000,49.0165,49.0165,50.9835,0,heldout,
real_buchwald_hartwig,llm_evolved_kernel_high_confidence_patch_refined,2000,49.0165,49.0165,50.9835,0,heldout,
real_buchwald_hartwig,llm_evolved_kernel_multi_scale_ensemble_patch_refined,2000,49.0165,49.0165,50.9835,0,heldout,
real_buchwald_hartwig,llm_evolved_kernel_safety_anchor_patch_refined,2000,49.0165,49.0165,50.9835,0,heldout,
real_buchwald_hartwig,mixed_kernel_gp_ei,2000,49.0165,49.0165,50.9835,0,heldout,
real_buchwald_hartwig,target_acquisition_portfolio,2000,49.0165,49.0165,50.9835,0,heldout,
real_buchwald_hartwig,fixed_scale_ensemble_0p5_1_1p5_2_3_4,2001,89.9742,79.3214,10.0258,0,heldout,
real_buchwald_hartwig,gp_ucb,2001,89.9742,79.3214,10.0258,0,heldout,
real_buchwald_hartwig,llm_calibrated_selector,2001,89.9742,79.3214,10.0258,0,heldout,gp_ucb
real_buchwald_hartwig,llm_evolved_kernel_conservative_patch_1_refined,2001,89.9742,79.3214,10.0258,0,heldout,
real_buchwald_hartwig,llm_evolved_kernel_counter_hypothesis_patch_refined,2001,74.3191,67.5637,25.6809,0,heldout,
real_buchwald_hartwig,llm_evolved_kernel_exploration_patch_1_refined,2001,53.2774,53.2774,46.7226,0,heldout,
real_buchwald_hartwig,llm_evolved_kernel_high_confidence_patch_refined,2001,79.5117,74.4031,20.4883,0,heldout,
real_buchwald_hartwig,llm_evolved_kernel_multi_scale_ensemble_patch_refined,2001,89.9742,79.3214,10.0258,0,heldout,
real_buchwald_hartwig,llm_evolved_kernel_safety_anchor_patch_refined,2001,89.9742,79.3214,10.0258,0,heldout,
real_buchwald_hartwig,mixed_kernel_gp_ei,2001,74.3191,67.5637,25.6809,0,heldout,
real_buchwald_hartwig,target_acquisition_portfolio,2001,89.9742,79.3214,10.0258,0,heldout,
real_buchwald_hartwig,fixed_scale_ensemble_0p5_1_1p5_2_3_4,2002,92.9567,92.9567,7.0433,0,heldout,
real_buchwald_hartwig,gp_ucb,2002,92.9567,92.9567,7.0433,0,heldout,
real_buchwald_hartwig,llm_calibrated_selector,2002,92.9567,92.9567,7.0433,0,heldout,gp_ucb
real_buchwald_hartwig,llm_evolved_kernel_conservative_patch_1_refined,2002,92.9567,92.9567,7.0433,0,heldout,
real_buchwald_hartwig,llm_evolved_kernel_counter_hypothesis_patch_refined,2002,92.9567,92.9567,7.0433,0,heldout,
real_buchwald_hartwig,llm_evolved_kernel_exploration_patch_1_refined,2002,92.9567,92.9567,7.0433,0,heldout,
real_buchwald_hartwig,llm_evolved_kernel_high_confidence_patch_refined,2002,92.9567,92.9567,7.0433,0,heldout,
real_buchwald_hartwig,llm_evolved_kernel_multi_scale_ensemble_patch_refined,2002,92.9567,92.9567,7.0433,0,heldout,
real_buchwald_hartwig,llm_evolved_kernel_safety_anchor_patch_refined,2002,92.9567,92.9567,7.0433,0,heldout,
real_buchwald_hartwig,mixed_kernel_gp_ei,2002,92.9567,92.9567,7.0433,0,heldout,
real_buchwald_hartwig,target_acquisition_portfolio,2002,92.9567,92.9567,7.0433,0,heldout,
real_buchwald_hartwig,fixed_scale_ensemble_0p5_1_1p5_2_3_4,2003,93.0289,87.2781,6.9711,0,heldout,
real_buchwald_hartwig,gp_ucb,2003,84.4027,84.4027,15.5973,0,heldout,
real_buchwald_hartwig,llm_calibrated_selector,2003,84.4027,84.4027,15.5973,0,heldout,gp_ucb
real_buchwald_hartwig,llm_evolved_kernel_conservative_patch_1_refined,2003,84.4027,84.4027,15.5973,0,heldout,
real_buchwald_hartwig,llm_evolved_kernel_counter_hypothesis_patch_refined,2003,93.0289,87.2781,6.9711,0,heldout,
real_buchwald_hartwig,llm_evolved_kernel_exploration_patch_1_refined,2003,84.4027,84.4027,15.5973,0,heldout,
real_buchwald_hartwig,llm_evolved_kernel_high_confidence_patch_refined,2003,84.4027,84.4027,15.5973,0,heldout,
real_buchwald_hartwig,llm_evolved_kernel_multi_scale_ensemble_patch_refined,2003,93.0289,87.2781,6.9711,0,heldout,
real_buchwald_hartwig,llm_evolved_kernel_safety_anchor_patch_refined,2003,84.4027,84.4027,15.5973,0,heldout,
real_buchwald_hartwig,mixed_kernel_gp_ei,2003,84.4027,84.4027,15.5973,0,heldout,
real_buchwald_hartwig,target_acquisition_portfolio,2003,84.4027,84.4027,15.5973,0,heldout,
real_buchwald_hartwig,fixed_scale_ensemble_0p5_1_1p5_2_3_4,2004,65.5909,65.5909,34.4091,0,heldout,
real_buchwald_hartwig,gp_ucb,2004,65.5909,65.5909,34.4091,0,heldout,
real_buchwald_hartwig,llm_calibrated_selector,2004,65.5909,65.5909,34.4091,0,heldout,gp_ucb
real_buchwald_hartwig,llm_evolved_kernel_conservative_patch_1_refined,2004,65.5909,65.5909,34.4091,0,heldout,
real_buchwald_hartwig,llm_evolved_kernel_counter_hypothesis_patch_refined,2004,65.5909,65.5909,34.4091,0,heldout,
real_buchwald_hartwig,llm_evolved_kernel_exploration_patch_1_refined,2004,65.5909,65.5909,34.4091,0,heldout,
real_buchwald_hartwig,llm_evolved_kernel_high_confidence_patch_refined,2004,65.5909,65.5909,34.4091,0,heldout,
real_buchwald_hartwig,llm_evolved_kernel_multi_scale_ensemble_patch_refined,2004,65.5909,65.5909,34.4091,0,heldout,
real_buchwald_hartwig,llm_evolved_kernel_safety_anchor_patch_refined,2004,65.5909,65.5909,34.4091,0,heldout,
real_buchwald_hartwig,mixed_kernel_gp_ei,2004,65.5909,65.5909,34.4091,0,heldout,
real_buchwald_hartwig,target_acquisition_portfolio,2004,65.5909,65.5909,34.4091,0,heldout,
real_buchwald_hartwig,fixed_scale_ensemble_0p5_1_1p5_2_3_4,2005,84.3107,71.5379,15.6893,0,heldout,
real_buchwald_hartwig,gp_ucb,2005,84.3107,71.5379,15.6893,0,heldout,
real_buchwald_hartwig,llm_calibrated_selector,2005,84.3107,71.5379,15.6893,0,heldout,gp_ucb
real_buchwald_hartwig,llm_evolved_kernel_conservative_patch_1_refined,2005,84.3107,71.5379,15.6893,0,heldout,
real_buchwald_hartwig,llm_evolved_kernel_counter_hypothesis_patch_refined,2005,65.5909,65.4444,34.4091,0,heldout,
real_buchwald_hartwig,llm_evolved_kernel_exploration_patch_1_refined,2005,69.5278,69.5278,30.4722,0,heldout,
real_buchwald_hartwig,llm_evolved_kernel_high_confidence_patch_refined,2005,84.3107,77.9243,15.6893,0,heldout,
real_buchwald_hartwig,llm_evolved_kernel_multi_scale_ensemble_patch_refined,2005,84.3107,77.9243,15.6893,0,heldout,
real_buchwald_hartwig,llm_evolved_kernel_safety_anchor_patch_refined,2005,84.3107,77.9243,15.6893,0,heldout,
real_buchwald_hartwig,mixed_kernel_gp_ei,2005,84.3107,71.5379,15.6893,0,heldout,
real_buchwald_hartwig,target_acquisition_portfolio,2005,84.3107,71.5379,15.6893,0,heldout,
real_buchwald_hartwig,fixed_scale_ensemble_0p5_1_1p5_2_3_4,2006,84.178,84.178,15.822,0,heldout,
real_buchwald_hartwig,gp_ucb,2006,84.178,84.178,15.822,0,heldout,
real_buchwald_hartwig,llm_calibrated_selector,2006,84.178,84.178,15.822,0,heldout,gp_ucb
real_buchwald_hartwig,llm_evolved_kernel_conservative_patch_1_refined,2006,84.178,84.178,15.822,0,heldout,
real_buchwald_hartwig,llm_evolved_kernel_counter_hypothesis_patch_refined,2006,93.3108,87.2223,6.6892,0,heldout,
real_buchwald_hartwig,llm_evolved_kernel_exploration_patch_1_refined,2006,84.178,84.178,15.822,0,heldout,
real_buchwald_hartwig,llm_evolved_kernel_high_confidence_patch_refined,2006,93.3108,87.2223,6.6892,0,heldout,
real_buchwald_hartwig,llm_evolved_kernel_multi_scale_ensemble_patch_refined,2006,84.178,84.178,15.822,0,heldout,
real_buchwald_hartwig,llm_evolved_kernel_safety_anchor_patch_refined,2006,84.178,84.178,15.822,0,heldout,
real_buchwald_hartwig,mixed_kernel_gp_ei,2006,93.3108,87.2223,6.6892,0,heldout,
real_buchwald_hartwig,target_acquisition_portfolio,2006,84.178,84.178,15.822,0,heldout,
real_buchwald_hartwig,fixed_scale_ensemble_0p5_1_1p5_2_3_4,2007,83.3644,83.3644,16.6356,0,heldout,
real_buchwald_hartwig,gp_ucb,2007,83.3644,83.3644,16.6356,0,heldout,
real_buchwald_hartwig,llm_calibrated_selector,2007,83.3644,83.3644,16.6356,0,heldout,gp_ucb
real_buchwald_hartwig,llm_evolved_kernel_conservative_patch_1_refined,2007,83.3644,83.3644,16.6356,0,heldout,
real_buchwald_hartwig,llm_evolved_kernel_counter_hypothesis_patch_refined,2007,83.3644,83.3644,16.6356,0,heldout,
real_buchwald_hartwig,llm_evolved_kernel_exploration_patch_1_refined,2007,83.3644,83.3644,16.6356,0,heldout,
real_buchwald_hartwig,llm_evolved_kernel_high_confidence_patch_refined,2007,83.3644,83.3644,16.6356,0,heldout,
real_buchwald_hartwig,llm_evolved_kernel_multi_scale_ensemble_patch_refined,2007,83.3644,83.3644,16.6356,0,heldout,
real_buchwald_hartwig,llm_evolved_kernel_safety_anchor_patch_refined,2007,83.3644,83.3644,16.6356,0,heldout,
real_buchwald_hartwig,mixed_kernel_gp_ei,2007,83.3644,83.3644,16.6356,0,heldout,
real_buchwald_hartwig,target_acquisition_portfolio,2007,83.3644,83.3644,16.6356,0,heldout,
real_buchwald_hartwig,fixed_scale_ensemble_0p5_1_1p5_2_3_4,2008,47.0551,44.8935,52.9449,0,heldout,
real_buchwald_hartwig,gp_ucb,2008,47.0551,44.8935,52.9449,0,heldout,
real_buchwald_hartwig,llm_calibrated_selector,2008,47.0551,44.8935,52.9449,0,heldout,gp_ucb
real_buchwald_hartwig,llm_evolved_kernel_conservative_patch_1_refined,2008,47.0551,44.8935,52.9449,0,heldout,
real_buchwald_hartwig,llm_evolved_kernel_counter_hypothesis_patch_refined,2008,47.0551,44.8935,52.9449,0,heldout,
real_buchwald_hartwig,llm_evolved_kernel_exploration_patch_1_refined,2008,85.6057,70.5939,14.3943,0,heldout,
real_buchwald_hartwig,llm_evolved_kernel_high_confidence_patch_refined,2008,47.0551,44.8935,52.9449,0,heldout,
real_buchwald_hartwig,llm_evolved_kernel_multi_scale_ensemble_patch_refined,2008,47.0551,44.8935,52.9449,0,heldout,
real_buchwald_hartwig,llm_evolved_kernel_safety_anchor_patch_refined,2008,47.0551,44.8935,52.9449,0,heldout,
real_buchwald_hartwig,mixed_kernel_gp_ei,2008,64.0058,64.0058,35.9942,0,heldout,
real_buchwald_hartwig,target_acquisition_portfolio,2008,47.6794,47.4713,52.3206,0,heldout,
real_buchwald_hartwig,fixed_scale_ensemble_0p5_1_1p5_2_3_4,2009,88.1675,88.1675,11.8325,0,heldout,
real_buchwald_hartwig,gp_ucb,2009,88.1675,88.1675,11.8325,0,heldout,
real_buchwald_hartwig,llm_calibrated_selector,2009,88.1675,88.1675,11.8325,0,heldout,gp_ucb
real_buchwald_hartwig,llm_evolved_kernel_conservative_patch_1_refined,2009,88.1675,88.1675,11.8325,0,heldout,
real_buchwald_hartwig,llm_evolved_kernel_counter_hypothesis_patch_refined,2009,88.1675,88.1675,11.8325,0,heldout,
real_buchwald_hartwig,llm_evolved_kernel_exploration_patch_1_refined,2009,88.1675,88.1675,11.8325,0,heldout,
real_buchwald_hartwig,llm_evolved_kernel_high_confidence_patch_refined,2009,88.1675,88.1675,11.8325,0,heldout,
real_buchwald_hartwig,llm_evolved_kernel_multi_scale_ensemble_patch_refined,2009,88.1675,88.1675,11.8325,0,heldout,
real_buchwald_hartwig,llm_evolved_kernel_safety_anchor_patch_refined,2009,88.1675,88.1675,11.8325,0,heldout,
real_buchwald_hartwig,mixed_kernel_gp_ei,2009,88.1675,88.1675,11.8325,0,heldout,
real_buchwald_hartwig,target_acquisition_portfolio,2009,88.1675,88.1675,11.8325,0,heldout,
real_buchwald_hartwig,fixed_scale_ensemble_0p5_1_1p5_2_3_4,2010,46.6489,46.6489,53.3511,0,heldout,
real_buchwald_hartwig,gp_ucb,2010,46.6489,46.6489,53.3511,0,heldout,
real_buchwald_hartwig,llm_calibrated_selector,2010,46.6489,46.6489,53.3511,0,heldout,gp_ucb
real_buchwald_hartwig,llm_evolved_kernel_conservative_patch_1_refined,2010,46.6489,46.6489,53.3511,0,heldout,
real_buchwald_hartwig,llm_evolved_kernel_counter_hypothesis_patch_refined,2010,46.6489,46.6489,53.3511,0,heldout,
real_buchwald_hartwig,llm_evolved_kernel_exploration_patch_1_refined,2010,46.6489,46.6489,53.3511,0,heldout,
real_buchwald_hartwig,llm_evolved_kernel_high_confidence_patch_refined,2010,46.6489,46.6489,53.3511,0,heldout,
real_buchwald_hartwig,llm_evolved_kernel_multi_scale_ensemble_patch_refined,2010,46.6489,46.6489,53.3511,0,heldout,
real_buchwald_hartwig,llm_evolved_kernel_safety_anchor_patch_refined,2010,46.6489,46.6489,53.3511,0,heldout,
real_buchwald_hartwig,mixed_kernel_gp_ei,2010,46.6489,46.6489,53.3511,0,heldout,
real_buchwald_hartwig,target_acquisition_portfolio,2010,46.6489,46.6489,53.3511,0,heldout,
real_buchwald_hartwig,fixed_scale_ensemble_0p5_1_1p5_2_3_4,2011,84.2019,76.4589,15.7981,0,heldout,
real_buchwald_hartwig,gp_ucb,2011,72.5874,72.5874,27.4126,0,heldout,
real_buchwald_hartwig,llm_calibrated_selector,2011,72.5874,72.5874,27.4126,0,heldout,gp_ucb
real_buchwald_hartwig,llm_evolved_kernel_conservative_patch_1_refined,2011,86.4129,86.4129,13.5871,0,heldout,
real_buchwald_hartwig,llm_evolved_kernel_counter_hypothesis_patch_refined,2011,72.5874,72.5874,27.4126,0,heldout,
real_buchwald_hartwig,llm_evolved_kernel_exploration_patch_1_refined,2011,86.4129,82.1378,13.5871,0,heldout,
real_buchwald_hartwig,llm_evolved_kernel_high_confidence_patch_refined,2011,86.4129,86.4129,13.5871,0,heldout,
real_buchwald_hartwig,llm_evolved_kernel_multi_scale_ensemble_patch_refined,2011,86.4129,86.4129,13.5871,0,heldout,
real_buchwald_hartwig,llm_evolved_kernel_safety_anchor_patch_refined,2011,86.4129,86.4129,13.5871,0,heldout,
real_buchwald_hartwig,mixed_kernel_gp_ei,2011,72.5874,72.5874,27.4126,0,heldout,
real_buchwald_hartwig,target_acquisition_portfolio,2011,72.5874,72.5874,27.4126,0,heldout,
real_buchwald_hartwig,fixed_scale_ensemble_0p5_1_1p5_2_3_4,2012,61.3753,56.1714,38.6247,0,heldout,
real_buchwald_hartwig,gp_ucb,2012,61.3753,56.1714,38.6247,0,heldout,
real_buchwald_hartwig,llm_calibrated_selector,2012,61.3753,56.1714,38.6247,0,heldout,gp_ucb
real_buchwald_hartwig,llm_evolved_kernel_conservative_patch_1_refined,2012,61.3753,56.1714,38.6247,0,heldout,
real_buchwald_hartwig,llm_evolved_kernel_counter_hypothesis_patch_refined,2012,61.3753,56.1714,38.6247,0,heldout,
real_buchwald_hartwig,llm_evolved_kernel_exploration_patch_1_refined,2012,53.5695,53.5695,46.4305,0,heldout,
real_buchwald_hartwig,llm_evolved_kernel_high_confidence_patch_refined,2012,53.5695,53.5695,46.4305,0,heldout,
real_buchwald_hartwig,llm_evolved_kernel_multi_scale_ensemble_patch_refined,2012,61.3753,56.1714,38.6247,0,heldout,
real_buchwald_hartwig,llm_evolved_kernel_safety_anchor_patch_refined,2012,61.3753,56.1714,38.6247,0,heldout,
real_buchwald_hartwig,mixed_kernel_gp_ei,2012,61.3753,56.1714,38.6247,0,heldout,
real_buchwald_hartwig,target_acquisition_portfolio,2012,61.3753,56.1714,38.6247,0,heldout,
real_buchwald_hartwig,fixed_scale_ensemble_0p5_1_1p5_2_3_4,2013,94.1517,94.1496,5.8483,0,heldout,
real_buchwald_hartwig,gp_ucb,2013,94.1517,94.1496,5.8483,0,heldout,
real_buchwald_hartwig,llm_calibrated_selector,2013,94.1517,94.1496,5.8483,0,heldout,gp_ucb
real_buchwald_hartwig,llm_evolved_kernel_conservative_patch_1_refined,2013,94.1517,94.1496,5.8483,0,heldout,
real_buchwald_hartwig,llm_evolved_kernel_counter_hypothesis_patch_refined,2013,95.0702,95.0702,4.9298,0,heldout,
real_buchwald_hartwig,llm_evolved_kernel_exploration_patch_1_refined,2013,94.1485,94.1485,5.8515,0,heldout,
real_buchwald_hartwig,llm_evolved_kernel_high_confidence_patch_refined,2013,95.0702,94.4557,4.9298,0,heldout,
real_buchwald_hartwig,llm_evolved_kernel_multi_scale_ensemble_patch_refined,2013,94.1517,94.1496,5.8483,0,heldout,
real_buchwald_hartwig,llm_evolved_kernel_safety_anchor_patch_refined,2013,94.1517,94.1496,5.8483,0,heldout,
real_buchwald_hartwig,mixed_kernel_gp_ei,2013,95.6759,94.6576,4.3241,0,heldout,
real_buchwald_hartwig,target_acquisition_portfolio,2013,94.1517,94.1496,5.8483,0,heldout,
real_buchwald_hartwig,fixed_scale_ensemble_0p5_1_1p5_2_3_4,2014,70.1457,70.1457,29.8543,0,heldout,
real_buchwald_hartwig,gp_ucb,2014,93.5878,85.7738,6.4122,0,heldout,
real_buchwald_hartwig,llm_calibrated_selector,2014,93.5878,85.7738,6.4122,0,heldout,gp_ucb
real_buchwald_hartwig,llm_evolved_kernel_conservative_patch_1_refined,2014,70.1457,70.1457,29.8543,0,heldout,
real_buchwald_hartwig,llm_evolved_kernel_counter_hypothesis_patch_refined,2014,93.5878,77.9597,6.4122,0,heldout,
real_buchwald_hartwig,llm_evolved_kernel_exploration_patch_1_refined,2014,93.5878,85.7738,6.4122,0,heldout,
real_buchwald_hartwig,llm_evolved_kernel_high_confidence_patch_refined,2014,70.1457,70.1457,29.8543,0,heldout,
real_buchwald_hartwig,llm_evolved_kernel_multi_scale_ensemble_patch_refined,2014,93.5878,85.7738,6.4122,0,heldout,
real_buchwald_hartwig,llm_evolved_kernel_safety_anchor_patch_refined,2014,70.1457,70.1457,29.8543,0,heldout,
real_buchwald_hartwig,mixed_kernel_gp_ei,2014,93.5878,77.9597,6.4122,0,heldout,
real_buchwald_hartwig,target_acquisition_portfolio,2014,70.1457,70.1457,29.8543,0,heldout,
real_buchwald_hartwig,fixed_scale_ensemble_0p5_1_1p5_2_3_4,2015,96.1323,89.7729,3.8677,0,heldout,
real_buchwald_hartwig,gp_ucb,2015,96.1323,89.7729,3.8677,0,heldout,
real_buchwald_hartwig,llm_calibrated_selector,2015,96.1323,89.7729,3.8677,0,heldout,gp_ucb
real_buchwald_hartwig,llm_evolved_kernel_conservative_patch_1_refined,2015,96.1323,89.7729,3.8677,0,heldout,
real_buchwald_hartwig,llm_evolved_kernel_counter_hypothesis_patch_refined,2015,86.7607,86.649,13.2393,0,heldout,
real_buchwald_hartwig,llm_evolved_kernel_exploration_patch_1_refined,2015,86.7607,86.7607,13.2393,0,heldout,
real_buchwald_hartwig,llm_evolved_kernel_high_confidence_patch_refined,2015,86.7607,86.649,13.2393,0,heldout,
real_buchwald_hartwig,llm_evolved_kernel_multi_scale_ensemble_patch_refined,2015,96.1323,89.7729,3.8677,0,heldout,
real_buchwald_hartwig,llm_evolved_kernel_safety_anchor_patch_refined,2015,96.1323,89.7729,3.8677,0,heldout,
real_buchwald_hartwig,mixed_kernel_gp_ei,2015,92.1197,88.3237,7.8803,0,heldout,
real_buchwald_hartwig,target_acquisition_portfolio,2015,86.7607,86.649,13.2393,0,heldout,
real_buchwald_hartwig,fixed_scale_ensemble_0p5_1_1p5_2_3_4,2016,97.5685,97.5685,2.4315,1,heldout,
real_buchwald_hartwig,gp_ucb,2016,91.511,91.511,8.489,0,heldout,
real_buchwald_hartwig,llm_calibrated_selector,2016,91.511,91.511,8.489,0,heldout,gp_ucb
real_buchwald_hartwig,llm_evolved_kernel_conservative_patch_1_refined,2016,97.5685,97.5685,2.4315,1,heldout,
real_buchwald_hartwig,llm_evolved_kernel_counter_hypothesis_patch_refined,2016,91.511,91.511,8.489,0,heldout,
real_buchwald_hartwig,llm_evolved_kernel_exploration_patch_1_refined,2016,100.0,100.0,0.0,1,heldout,
real_buchwald_hartwig,llm_evolved_kernel_high_confidence_patch_refined,2016,100.0,98.379,0.0,1,heldout,
real_buchwald_hartwig,llm_evolved_kernel_multi_scale_ensemble_patch_refined,2016,97.5685,97.5685,2.4315,1,heldout,
real_buchwald_hartwig,llm_evolved_kernel_safety_anchor_patch_refined,2016,91.511,91.511,8.489,0,heldout,
real_buchwald_hartwig,mixed_kernel_gp_ei,2016,91.511,91.511,8.489,0,heldout,
real_buchwald_hartwig,target_acquisition_portfolio,2016,91.511,91.511,8.489,0,heldout,
real_buchwald_hartwig,fixed_scale_ensemble_0p5_1_1p5_2_3_4,2017,40.5259,40.5259,59.4741,0,heldout,
real_buchwald_hartwig,gp_ucb,2017,40.5259,40.5259,59.4741,0,heldout,
real_buchwald_hartwig,llm_calibrated_selector,2017,40.5259,40.5259,59.4741,0,heldout,gp_ucb
real_buchwald_hartwig,llm_evolved_kernel_conservative_patch_1_refined,2017,40.5259,40.5259,59.4741,0,heldout,
real_buchwald_hartwig,llm_evolved_kernel_counter_hypothesis_patch_refined,2017,40.5259,40.5259,59.4741,0,heldout,
real_buchwald_hartwig,llm_evolved_kernel_exploration_patch_1_refined,2017,40.5259,40.5259,59.4741,0,heldout,
real_buchwald_hartwig,llm_evolved_kernel_high_confidence_patch_refined,2017,75.8998,52.3172,24.1002,0,heldout,
real_buchwald_hartwig,llm_evolved_kernel_multi_scale_ensemble_patch_refined,2017,40.5259,40.5259,59.4741,0,heldout,
real_buchwald_hartwig,llm_evolved_kernel_safety_anchor_patch_refined,2017,40.5259,40.5259,59.4741,0,heldout,
real_buchwald_hartwig,mixed_kernel_gp_ei,2017,40.5259,40.5259,59.4741,0,heldout,
real_buchwald_hartwig,target_acquisition_portfolio,2017,40.5259,40.5259,59.4741,0,heldout,
real_buchwald_hartwig,fixed_scale_ensemble_0p5_1_1p5_2_3_4,2018,78.6335,65.1593,21.3665,0,heldout,
real_buchwald_hartwig,gp_ucb,2018,94.8799,88.8324,5.1201,0,heldout,
real_buchwald_hartwig,llm_calibrated_selector,2018,94.8799,88.8324,5.1201,0,heldout,gp_ucb
real_buchwald_hartwig,llm_evolved_kernel_conservative_patch_1_refined,2018,78.6335,65.1593,21.3665,0,heldout,
real_buchwald_hartwig,llm_evolved_kernel_counter_hypothesis_patch_refined,2018,94.8799,65.346,5.1201,0,heldout,
real_buchwald_hartwig,llm_evolved_kernel_exploration_patch_1_refined,2018,48.4633,48.4633,51.5367,0,heldout,
real_buchwald_hartwig,llm_evolved_kernel_high_confidence_patch_refined,2018,94.8799,65.346,5.1201,0,heldout,
real_buchwald_hartwig,llm_evolved_kernel_multi_scale_ensemble_patch_refined,2018,78.6335,65.1593,21.3665,0,heldout,
real_buchwald_hartwig,llm_evolved_kernel_safety_anchor_patch_refined,2018,98.7313,66.6298,1.2687,1,heldout,
real_buchwald_hartwig,mixed_kernel_gp_ei,2018,98.7313,90.1162,1.2687,1,heldout,
real_buchwald_hartwig,target_acquisition_portfolio,2018,94.8799,88.8324,5.1201,0,heldout,
real_buchwald_hartwig,fixed_scale_ensemble_0p5_1_1p5_2_3_4,2019,91.2097,86.8641,8.7903,0,heldout,
real_buchwald_hartwig,gp_ucb,2019,91.2097,91.2097,8.7903,0,heldout,
real_buchwald_hartwig,llm_calibrated_selector,2019,91.2097,91.2097,8.7903,0,heldout,gp_ucb
real_buchwald_hartwig,llm_evolved_kernel_conservative_patch_1_refined,2019,91.2097,82.5184,8.7903,0,heldout,
real_buchwald_hartwig,llm_evolved_kernel_counter_hypothesis_patch_refined,2019,91.2097,86.8641,8.7903,0,heldout,
real_buchwald_hartwig,llm_evolved_kernel_exploration_patch_1_refined,2019,78.1728,78.1728,21.8272,0,heldout,
real_buchwald_hartwig,llm_evolved_kernel_high_confidence_patch_refined,2019,91.2097,86.8641,8.7903,0,heldout,
real_buchwald_hartwig,llm_evolved_kernel_multi_scale_ensemble_patch_refined,2019,91.2097,86.8641,8.7903,0,heldout,
real_buchwald_hartwig,llm_evolved_kernel_safety_anchor_patch_refined,2019,91.2097,86.8641,8.7903,0,heldout,
real_buchwald_hartwig,mixed_kernel_gp_ei,2019,91.2097,91.2097,8.7903,0,heldout,
real_buchwald_hartwig,target_acquisition_portfolio,2019,91.2097,91.2097,8.7903,0,heldout,
real_buchwald_hartwig,fixed_scale_ensemble_0p5_1_1p5_2_3_4,2020,94.3462,94.3462,5.6538,0,heldout,
real_buchwald_hartwig,gp_ucb,2020,94.3462,94.3462,5.6538,0,heldout,
real_buchwald_hartwig,llm_calibrated_selector,2020,94.3462,94.3462,5.6538,0,heldout,gp_ucb
real_buchwald_hartwig,llm_evolved_kernel_conservative_patch_1_refined,2020,94.3462,94.3462,5.6538,0,heldout,
real_buchwald_hartwig,llm_evolved_kernel_counter_hypothesis_patch_refined,2020,94.3462,94.3462,5.6538,0,heldout,
real_buchwald_hartwig,llm_evolved_kernel_exploration_patch_1_refined,2020,94.3462,94.3462,5.6538,0,heldout,
real_buchwald_hartwig,llm_evolved_kernel_high_confidence_patch_refined,2020,94.3462,94.3462,5.6538,0,heldout,
real_buchwald_hartwig,llm_evolved_kernel_multi_scale_ensemble_patch_refined,2020,94.3462,94.3462,5.6538,0,heldout,
real_buchwald_hartwig,llm_evolved_kernel_safety_anchor_patch_refined,2020,94.3462,94.3462,5.6538,0,heldout,
real_buchwald_hartwig,mixed_kernel_gp_ei,2020,94.3462,94.3462,5.6538,0,heldout,
real_buchwald_hartwig,target_acquisition_portfolio,2020,94.3462,94.3462,5.6538,0,heldout,
real_buchwald_hartwig,fixed_scale_ensemble_0p5_1_1p5_2_3_4,2021,69.2763,69.2763,30.7237,0,heldout,
real_buchwald_hartwig,gp_ucb,2021,69.2763,69.2763,30.7237,0,heldout,
real_buchwald_hartwig,llm_calibrated_selector,2021,69.2763,69.2763,30.7237,0,heldout,gp_ucb
real_buchwald_hartwig,llm_evolved_kernel_conservative_patch_1_refined,2021,79.1819,73.9677,20.8181,0,heldout,
real_buchwald_hartwig,llm_evolved_kernel_counter_hypothesis_patch_refined,2021,81.787,73.4465,18.213,0,heldout,
real_buchwald_hartwig,llm_evolved_kernel_exploration_patch_1_refined,2021,79.1819,75.88,20.8181,0,heldout,
real_buchwald_hartwig,llm_evolved_kernel_high_confidence_patch_refined,2021,79.1819,73.9677,20.8181,0,heldout,
real_buchwald_hartwig,llm_evolved_kernel_multi_scale_ensemble_patch_refined,2021,79.1819,73.9677,20.8181,0,heldout,
real_buchwald_hartwig,llm_evolved_kernel_safety_anchor_patch_refined,2021,69.2763,69.2763,30.7237,0,heldout,
real_buchwald_hartwig,mixed_kernel_gp_ei,2021,72.3722,72.0969,27.6278,0,heldout,
real_buchwald_hartwig,target_acquisition_portfolio,2021,69.2763,69.2763,30.7237,0,heldout,
real_buchwald_hartwig,fixed_scale_ensemble_0p5_1_1p5_2_3_4,2022,94.1517,84.3959,5.8483,0,heldout,
real_buchwald_hartwig,gp_ucb,2022,69.517,67.9727,30.483,0,heldout,
real_buchwald_hartwig,llm_calibrated_selector,2022,69.517,67.9727,30.483,0,heldout,gp_ucb
real_buchwald_hartwig,llm_evolved_kernel_conservative_patch_1_refined,2022,94.1517,84.3959,5.8483,0,heldout,
real_buchwald_hartwig,llm_evolved_kernel_counter_hypothesis_patch_refined,2022,69.517,69.517,30.483,0,heldout,
real_buchwald_hartwig,llm_evolved_kernel_exploration_patch_1_refined,2022,100.0,90.6631,0.0,1,heldout,
real_buchwald_hartwig,llm_evolved_kernel_high_confidence_patch_refined,2022,69.517,67.9727,30.483,0,heldout,
real_buchwald_hartwig,llm_evolved_kernel_multi_scale_ensemble_patch_refined,2022,94.1517,84.3959,5.8483,0,heldout,
real_buchwald_hartwig,llm_evolved_kernel_safety_anchor_patch_refined,2022,69.517,67.9727,30.483,0,heldout,
real_buchwald_hartwig,mixed_kernel_gp_ei,2022,69.517,69.517,30.483,0,heldout,
real_buchwald_hartwig,target_acquisition_portfolio,2022,69.517,69.517,30.483,0,heldout,
real_buchwald_hartwig,fixed_scale_ensemble_0p5_1_1p5_2_3_4,2023,90.2279,73.7444,9.7721,0,heldout,
real_buchwald_hartwig,gp_ucb,2023,63.3723,63.3723,36.6277,0,heldout,
real_buchwald_hartwig,llm_calibrated_selector,2023,63.3723,63.3723,36.6277,0,heldout,gp_ucb
real_buchwald_hartwig,llm_evolved_kernel_conservative_patch_1_refined,2023,65.1515,63.9654,34.8485,0,heldout,
real_buchwald_hartwig,llm_evolved_kernel_counter_hypothesis_patch_refined,2023,65.5026,65.5026,34.4974,0,heldout,
real_buchwald_hartwig,llm_evolved_kernel_exploration_patch_1_refined,2023,65.5026,65.5026,34.4974,0,heldout,
real_buchwald_hartwig,llm_evolved_kernel_high_confidence_patch_refined,2023,65.5026,65.5026,34.4974,0,heldout,
real_buchwald_hartwig,llm_evolved_kernel_multi_scale_ensemble_patch_refined,2023,90.2279,73.7444,9.7721,0,heldout,
real_buchwald_hartwig,llm_evolved_kernel_safety_anchor_patch_refined,2023,91.9334,74.3129,8.0666,0,heldout,
real_buchwald_hartwig,mixed_kernel_gp_ei,2023,63.3723,63.3723,36.6277,0,heldout,
real_buchwald_hartwig,target_acquisition_portfolio,2023,91.9334,74.3129,8.0666,0,heldout,
real_buchwald_hartwig,fixed_scale_ensemble_0p5_1_1p5_2_3_4,2024,98.7313,98.7313,1.2687,1,heldout,
real_buchwald_hartwig,gp_ucb,2024,98.7313,98.7313,1.2687,1,heldout,
real_buchwald_hartwig,llm_calibrated_selector,2024,98.7313,98.7313,1.2687,1,heldout,gp_ucb
real_buchwald_hartwig,llm_evolved_kernel_conservative_patch_1_refined,2024,98.7313,98.7313,1.2687,1,heldout,
real_buchwald_hartwig,llm_evolved_kernel_counter_hypothesis_patch_refined,2024,98.7313,98.7313,1.2687,1,heldout,
real_buchwald_hartwig,llm_evolved_kernel_exploration_patch_1_refined,2024,98.7313,98.7313,1.2687,1,heldout,
real_buchwald_hartwig,llm_evolved_kernel_high_confidence_patch_refined,2024,98.7313,98.7313,1.2687,1,heldout,
real_buchwald_hartwig,llm_evolved_kernel_multi_scale_ensemble_patch_refined,2024,98.7313,98.7313,1.2687,1,heldout,
real_buchwald_hartwig,llm_evolved_kernel_safety_anchor_patch_refined,2024,98.7313,98.7313,1.2687,1,heldout,
real_buchwald_hartwig,mixed_kernel_gp_ei,2024,98.7313,98.7313,1.2687,1,heldout,
real_buchwald_hartwig,target_acquisition_portfolio,2024,98.7313,98.7313,1.2687,1,heldout,
real_buchwald_hartwig,fixed_scale_ensemble_0p5_1_1p5_2_3_4,2025,44.3387,41.8884,55.6613,0,heldout,
real_buchwald_hartwig,gp_ucb,2025,44.3387,44.3387,55.6613,0,heldout,
real_buchwald_hartwig,llm_calibrated_selector,2025,44.3387,44.3387,55.6613,0,heldout,gp_ucb
real_buchwald_hartwig,llm_evolved_kernel_conservative_patch_1_refined,2025,44.3387,44.3387,55.6613,0,heldout,
real_buchwald_hartwig,llm_evolved_kernel_counter_hypothesis_patch_refined,2025,44.3387,44.3387,55.6613,0,heldout,
real_buchwald_hartwig,llm_evolved_kernel_exploration_patch_1_refined,2025,45.9726,45.9726,54.0274,0,heldout,
real_buchwald_hartwig,llm_evolved_kernel_high_confidence_patch_refined,2025,44.3387,41.8884,55.6613,0,heldout,
real_buchwald_hartwig,llm_evolved_kernel_multi_scale_ensemble_patch_refined,2025,44.3387,41.8884,55.6613,0,heldout,
real_buchwald_hartwig,llm_evolved_kernel_safety_anchor_patch_refined,2025,44.3387,44.3387,55.6613,0,heldout,
real_buchwald_hartwig,mixed_kernel_gp_ei,2025,44.3387,44.3387,55.6613,0,heldout,
real_buchwald_hartwig,target_acquisition_portfolio,2025,44.3387,44.3387,55.6613,0,heldout,
real_buchwald_hartwig,fixed_scale_ensemble_0p5_1_1p5_2_3_4,2026,90.3173,76.8046,9.6827,0,heldout,
real_buchwald_hartwig,gp_ucb,2026,83.033,83.033,16.967,0,heldout,
real_buchwald_hartwig,llm_calibrated_selector,2026,83.033,83.033,16.967,0,heldout,gp_ucb
real_buchwald_hartwig,llm_evolved_kernel_conservative_patch_1_refined,2026,90.3173,76.8046,9.6827,0,heldout,
real_buchwald_hartwig,llm_evolved_kernel_counter_hypothesis_patch_refined,2026,96.1323,91.7659,3.8677,0,heldout,
real_buchwald_hartwig,llm_evolved_kernel_exploration_patch_1_refined,2026,83.033,74.3765,16.967,0,heldout,
real_buchwald_hartwig,llm_evolved_kernel_high_confidence_patch_refined,2026,76.2251,72.1072,23.7749,0,heldout,
real_buchwald_hartwig,llm_evolved_kernel_multi_scale_ensemble_patch_refined,2026,76.2251,72.1072,23.7749,0,heldout,
real_buchwald_hartwig,llm_evolved_kernel_safety_anchor_patch_refined,2026,83.033,83.033,16.967,0,heldout,
real_buchwald_hartwig,mixed_kernel_gp_ei,2026,96.1323,91.7659,3.8677,0,heldout,
real_buchwald_hartwig,target_acquisition_portfolio,2026,96.1323,91.7659,3.8677,0,heldout,
real_buchwald_hartwig,fixed_scale_ensemble_0p5_1_1p5_2_3_4,2027,100.0,93.0659,0.0,1,heldout,
real_buchwald_hartwig,gp_ucb,2027,100.0,93.0659,0.0,1,heldout,
real_buchwald_hartwig,llm_calibrated_selector,2027,100.0,93.0659,0.0,1,heldout,gp_ucb
real_buchwald_hartwig,llm_evolved_kernel_conservative_patch_1_refined,2027,100.0,93.0659,0.0,1,heldout,
real_buchwald_hartwig,llm_evolved_kernel_counter_hypothesis_patch_refined,2027,100.0,96.5329,0.0,1,heldout,
real_buchwald_hartwig,llm_evolved_kernel_exploration_patch_1_refined,2027,100.0,96.5329,0.0,1,heldout,
real_buchwald_hartwig,llm_evolved_kernel_high_confidence_patch_refined,2027,100.0,93.0659,0.0,1,heldout,
real_buchwald_hartwig,llm_evolved_kernel_multi_scale_ensemble_patch_refined,2027,100.0,93.0659,0.0,1,heldout,
real_buchwald_hartwig,llm_evolved_kernel_safety_anchor_patch_refined,2027,100.0,93.0659,0.0,1,heldout,
real_buchwald_hartwig,mixed_kernel_gp_ei,2027,100.0,93.0659,0.0,1,heldout,
real_buchwald_hartwig,target_acquisition_portfolio,2027,100.0,93.0659,0.0,1,heldout,
real_buchwald_hartwig,fixed_scale_ensemble_0p5_1_1p5_2_3_4,2028,78.1098,76.4608,21.8902,0,heldout,
real_buchwald_hartwig,gp_ucb,2028,78.1098,76.4608,21.8902,0,heldout,
real_buchwald_hartwig,llm_calibrated_selector,2028,78.1098,76.4608,21.8902,0,heldout,gp_ucb
real_buchwald_hartwig,llm_evolved_kernel_conservative_patch_1_refined,2028,78.1098,76.4608,21.8902,0,heldout,
real_buchwald_hartwig,llm_evolved_kernel_counter_hypothesis_patch_refined,2028,78.1098,74.8117,21.8902,0,heldout,
real_buchwald_hartwig,llm_evolved_kernel_exploration_patch_1_refined,2028,82.7105,79.6434,17.2895,0,heldout,
real_buchwald_hartwig,llm_evolved_kernel_high_confidence_patch_refined,2028,78.1098,74.8117,21.8902,0,heldout,
real_buchwald_hartwig,llm_evolved_kernel_multi_scale_ensemble_patch_refined,2028,78.1098,76.4608,21.8902,0,heldout,
real_buchwald_hartwig,llm_evolved_kernel_safety_anchor_patch_refined,2028,78.1098,76.4608,21.8902,0,heldout,
real_buchwald_hartwig,mixed_kernel_gp_ei,2028,78.1098,74.8117,21.8902,0,heldout,
real_buchwald_hartwig,target_acquisition_portfolio,2028,78.1098,76.4608,21.8902,0,heldout,
real_buchwald_hartwig,fixed_scale_ensemble_0p5_1_1p5_2_3_4,2029,91.6984,91.6984,8.3016,0,heldout,
real_buchwald_hartwig,gp_ucb,2029,91.6984,91.6984,8.3016,0,heldout,
real_buchwald_hartwig,llm_calibrated_selector,2029,91.6984,91.6984,8.3016,0,heldout,gp_ucb
real_buchwald_hartwig,llm_evolved_kernel_conservative_patch_1_refined,2029,91.6984,91.6984,8.3016,0,heldout,
real_buchwald_hartwig,llm_evolved_kernel_counter_hypothesis_patch_refined,2029,91.6984,91.6984,8.3016,0,heldout,
real_buchwald_hartwig,llm_evolved_kernel_exploration_patch_1_refined,2029,92.2093,92.2093,7.7907,0,heldout,
real_buchwald_hartwig,llm_evolved_kernel_high_confidence_patch_refined,2029,92.127,91.8413,7.873,0,heldout,
real_buchwald_hartwig,llm_evolved_kernel_multi_scale_ensemble_patch_refined,2029,91.6984,91.6984,8.3016,0,heldout,
real_buchwald_hartwig,llm_evolved_kernel_safety_anchor_patch_refined,2029,91.6984,91.6984,8.3016,0,heldout,
real_buchwald_hartwig,mixed_kernel_gp_ei,2029,92.127,91.8413,7.873,0,heldout,
real_buchwald_hartwig,target_acquisition_portfolio,2029,91.6984,91.6984,8.3016,0,heldout,
real_buchwald_hartwig,fixed_scale_ensemble_0p5_1_1p5_2_3_4,2030,92.5725,90.4061,7.4275,0,heldout,
real_buchwald_hartwig,gp_ucb,2030,89.3229,89.3229,10.6771,0,heldout,
real_buchwald_hartwig,llm_calibrated_selector,2030,89.3229,89.3229,10.6771,0,heldout,gp_ucb
real_buchwald_hartwig,llm_evolved_kernel_conservative_patch_1_refined,2030,89.3229,89.3229,10.6771,0,heldout,
real_buchwald_hartwig,llm_evolved_kernel_counter_hypothesis_patch_refined,2030,89.3229,89.3229,10.6771,0,heldout,
real_buchwald_hartwig,llm_evolved_kernel_exploration_patch_1_refined,2030,93.7486,92.2734,6.2514,0,heldout,
real_buchwald_hartwig,llm_evolved_kernel_high_confidence_patch_refined,2030,89.3229,89.3229,10.6771,0,heldout,
real_buchwald_hartwig,llm_evolved_kernel_multi_scale_ensemble_patch_refined,2030,92.5725,90.4061,7.4275,0,heldout,
real_buchwald_hartwig,llm_evolved_kernel_safety_anchor_patch_refined,2030,92.5725,90.4061,7.4275,0,heldout,
real_buchwald_hartwig,mixed_kernel_gp_ei,2030,89.3229,89.3229,10.6771,0,heldout,
real_buchwald_hartwig,target_acquisition_portfolio,2030,89.3229,89.3229,10.6771,0,heldout,
real_buchwald_hartwig,fixed_scale_ensemble_0p5_1_1p5_2_3_4,2031,75.9855,58.0062,24.0145,0,heldout,
real_buchwald_hartwig,gp_ucb,2031,75.9855,58.0062,24.0145,0,heldout,
real_buchwald_hartwig,llm_calibrated_selector,2031,75.9855,58.0062,24.0145,0,heldout,gp_ucb
real_buchwald_hartwig,llm_evolved_kernel_conservative_patch_1_refined,2031,75.9855,58.0062,24.0145,0,heldout,
real_buchwald_hartwig,llm_evolved_kernel_counter_hypothesis_patch_refined,2031,50.4376,49.9639,49.5624,0,heldout,
real_buchwald_hartwig,llm_evolved_kernel_exploration_patch_1_refined,2031,49.0165,49.0165,50.9835,0,heldout,
real_buchwald_hartwig,llm_evolved_kernel_high_confidence_patch_refined,2031,50.4376,49.9639,49.5624,0,heldout,
real_buchwald_hartwig,llm_evolved_kernel_multi_scale_ensemble_patch_refined,2031,75.9855,58.0062,24.0145,0,heldout,
real_buchwald_hartwig,llm_evolved_kernel_safety_anchor_patch_refined,2031,75.9855,58.0062,24.0145,0,heldout,
real_buchwald_hartwig,mixed_kernel_gp_ei,2031,75.9855,58.0062,24.0145,0,heldout,
real_buchwald_hartwig,target_acquisition_portfolio,2031,75.9855,58.0062,24.0145,0,heldout,
real_buchwald_hartwig,fixed_scale_ensemble_0p5_1_1p5_2_3_4,2032,86.7621,85.9761,13.2379,0,heldout,
real_buchwald_hartwig,gp_ucb,2032,86.7621,85.9761,13.2379,0,heldout,
real_buchwald_hartwig,llm_calibrated_selector,2032,86.7621,85.9761,13.2379,0,heldout,gp_ucb
real_buchwald_hartwig,llm_evolved_kernel_conservative_patch_1_refined,2032,86.7621,85.9761,13.2379,0,heldout,
real_buchwald_hartwig,llm_evolved_kernel_counter_hypothesis_patch_refined,2032,86.7621,85.9761,13.2379,0,heldout,
real_buchwald_hartwig,llm_evolved_kernel_exploration_patch_1_refined,2032,86.7621,86.7621,13.2379,0,heldout,
real_buchwald_hartwig,llm_evolved_kernel_high_confidence_patch_refined,2032,86.7621,85.9761,13.2379,0,heldout,
real_buchwald_hartwig,llm_evolved_kernel_multi_scale_ensemble_patch_refined,2032,86.7621,85.9761,13.2379,0,heldout,
real_buchwald_hartwig,llm_evolved_kernel_safety_anchor_patch_refined,2032,86.7621,85.9761,13.2379,0,heldout,
real_buchwald_hartwig,mixed_kernel_gp_ei,2032,86.7621,85.9761,13.2379,0,heldout,
real_buchwald_hartwig,target_acquisition_portfolio,2032,86.7621,85.9761,13.2379,0,heldout,
real_buchwald_hartwig,fixed_scale_ensemble_0p5_1_1p5_2_3_4,2033,63.4613,59.2992,36.5387,0,heldout,
real_buchwald_hartwig,gp_ucb,2033,63.4613,59.2992,36.5387,0,heldout,
real_buchwald_hartwig,llm_calibrated_selector,2033,63.4613,59.2992,36.5387,0,heldout,gp_ucb
real_buchwald_hartwig,llm_evolved_kernel_conservative_patch_1_refined,2033,63.4613,59.2992,36.5387,0,heldout,
real_buchwald_hartwig,llm_evolved_kernel_counter_hypothesis_patch_refined,2033,63.4613,59.2992,36.5387,0,heldout,
real_buchwald_hartwig,llm_evolved_kernel_exploration_patch_1_refined,2033,64.2723,55.4075,35.7277,0,heldout,
real_buchwald_hartwig,llm_evolved_kernel_high_confidence_patch_refined,2033,63.4613,59.2992,36.5387,0,heldout,
real_buchwald_hartwig,llm_evolved_kernel_multi_scale_ensemble_patch_refined,2033,63.4613,59.2992,36.5387,0,heldout,
real_buchwald_hartwig,llm_evolved_kernel_safety_anchor_patch_refined,2033,63.4613,59.2992,36.5387,0,heldout,
real_buchwald_hartwig,mixed_kernel_gp_ei,2033,63.4613,59.2992,36.5387,0,heldout,
real_buchwald_hartwig,target_acquisition_portfolio,2033,63.4613,59.2992,36.5387,0,heldout,
real_buchwald_hartwig,fixed_scale_ensemble_0p5_1_1p5_2_3_4,2034,71.3241,58.1271,28.6759,0,heldout,
real_buchwald_hartwig,gp_ucb,2034,75.9855,54.0051,24.0145,0,heldout,
real_buchwald_hartwig,llm_calibrated_selector,2034,75.9855,54.0051,24.0145,0,heldout,gp_ucb
real_buchwald_hartwig,llm_evolved_kernel_conservative_patch_1_refined,2034,76.7373,47.4672,23.2627,0,heldout,
real_buchwald_hartwig,llm_evolved_kernel_counter_hypothesis_patch_refined,2034,70.2733,52.101,29.7267,0,heldout,
real_buchwald_hartwig,llm_evolved_kernel_exploration_patch_1_refined,2034,45.0487,40.2321,54.9513,0,heldout,
real_buchwald_hartwig,llm_evolved_kernel_high_confidence_patch_refined,2034,76.7373,47.4672,23.2627,0,heldout,
real_buchwald_hartwig,llm_evolved_kernel_multi_scale_ensemble_patch_refined,2034,34.9663,33.5436,65.0337,0,heldout,
real_buchwald_hartwig,llm_evolved_kernel_safety_anchor_patch_refined,2034,70.2733,33.9288,29.7267,0,heldout,
real_buchwald_hartwig,mixed_kernel_gp_ei,2034,76.7373,59.9315,23.2627,0,heldout,
real_buchwald_hartwig,target_acquisition_portfolio,2034,70.2733,33.9288,29.7267,0,heldout,
real_buchwald_hartwig,fixed_scale_ensemble_0p5_1_1p5_2_3_4,2035,51.9558,51.9558,48.0442,0,heldout,
real_buchwald_hartwig,gp_ucb,2035,49.31,49.31,50.69,0,heldout,
real_buchwald_hartwig,llm_calibrated_selector,2035,49.31,49.31,50.69,0,heldout,gp_ucb
real_buchwald_hartwig,llm_evolved_kernel_conservative_patch_1_refined,2035,49.31,49.31,50.69,0,heldout,
real_buchwald_hartwig,llm_evolved_kernel_counter_hypothesis_patch_refined,2035,49.31,49.31,50.69,0,heldout,
real_buchwald_hartwig,llm_evolved_kernel_exploration_patch_1_refined,2035,33.0334,29.1094,66.9666,0,heldout,
real_buchwald_hartwig,llm_evolved_kernel_high_confidence_patch_refined,2035,51.9558,51.9558,48.0442,0,heldout,
real_buchwald_hartwig,llm_evolved_kernel_multi_scale_ensemble_patch_refined,2035,51.9558,51.9558,48.0442,0,heldout,
real_buchwald_hartwig,llm_evolved_kernel_safety_anchor_patch_refined,2035,49.31,49.31,50.69,0,heldout,
real_buchwald_hartwig,mixed_kernel_gp_ei,2035,49.31,49.31,50.69,0,heldout,
real_buchwald_hartwig,target_acquisition_portfolio,2035,49.31,49.31,50.69,0,heldout,
real_buchwald_hartwig,fixed_scale_ensemble_0p5_1_1p5_2_3_4,2036,47.4611,47.4611,52.5389,0,heldout,
real_buchwald_hartwig,gp_ucb,2036,47.4611,47.4611,52.5389,0,heldout,
real_buchwald_hartwig,llm_calibrated_selector,2036,47.4611,47.4611,52.5389,0,heldout,gp_ucb
real_buchwald_hartwig,llm_evolved_kernel_conservative_patch_1_refined,2036,69.395,64.6612,30.605,0,heldout,
real_buchwald_hartwig,llm_evolved_kernel_counter_hypothesis_patch_refined,2036,47.4611,47.4611,52.5389,0,heldout,
real_buchwald_hartwig,llm_evolved_kernel_exploration_patch_1_refined,2036,47.4611,47.4611,52.5389,0,heldout,
real_buchwald_hartwig,llm_evolved_kernel_high_confidence_patch_refined,2036,55.1935,55.1935,44.8065,0,heldout,
real_buchwald_hartwig,llm_evolved_kernel_multi_scale_ensemble_patch_refined,2036,47.4611,47.4611,52.5389,0,heldout,
real_buchwald_hartwig,llm_evolved_kernel_safety_anchor_patch_refined,2036,47.4611,47.4611,52.5389,0,heldout,
real_buchwald_hartwig,mixed_kernel_gp_ei,2036,47.4611,47.4611,52.5389,0,heldout,
real_buchwald_hartwig,target_acquisition_portfolio,2036,47.4611,47.4611,52.5389,0,heldout,
real_buchwald_hartwig,fixed_scale_ensemble_0p5_1_1p5_2_3_4,2037,78.2845,62.9661,21.7155,0,heldout,
real_buchwald_hartwig,gp_ucb,2037,78.2845,62.9661,21.7155,0,heldout,
real_buchwald_hartwig,llm_calibrated_selector,2037,78.2845,62.9661,21.7155,0,heldout,gp_ucb
real_buchwald_hartwig,llm_evolved_kernel_conservative_patch_1_refined,2037,78.2845,62.9661,21.7155,0,heldout,
real_buchwald_hartwig,llm_evolved_kernel_counter_hypothesis_patch_refined,2037,32.3292,32.3292,67.6708,0,heldout,
real_buchwald_hartwig,llm_evolved_kernel_exploration_patch_1_refined,2037,64.1547,62.1607,35.8453,0,heldout,
real_buchwald_hartwig,llm_evolved_kernel_high_confidence_patch_refined,2037,64.1547,51.5522,35.8453,0,heldout,
real_buchwald_hartwig,llm_evolved_kernel_multi_scale_ensemble_patch_refined,2037,78.2845,62.9661,21.7155,0,heldout,
real_buchwald_hartwig,llm_evolved_kernel_safety_anchor_patch_refined,2037,78.2845,62.9661,21.7155,0,heldout,
real_buchwald_hartwig,mixed_kernel_gp_ei,2037,64.1547,51.5522,35.8453,0,heldout,
real_buchwald_hartwig,target_acquisition_portfolio,2037,64.1547,51.5522,35.8453,0,heldout,
real_buchwald_hartwig,fixed_scale_ensemble_0p5_1_1p5_2_3_4,2038,61.6986,61.6986,38.3014,0,heldout,
real_buchwald_hartwig,gp_ucb,2038,61.6986,61.6986,38.3014,0,heldout,
real_buchwald_hartwig,llm_calibrated_selector,2038,61.6986,61.6986,38.3014,0,heldout,gp_ucb
real_buchwald_hartwig,llm_evolved_kernel_conservative_patch_1_refined,2038,61.6986,61.6986,38.3014,0,heldout,
real_buchwald_hartwig,llm_evolved_kernel_counter_hypothesis_patch_refined,2038,75.0247,66.1406,24.9753,0,heldout,
real_buchwald_hartwig,llm_evolved_kernel_exploration_patch_1_refined,2038,61.6986,61.6986,38.3014,0,heldout,
real_buchwald_hartwig,llm_evolved_kernel_high_confidence_patch_refined,2038,61.6986,61.6986,38.3014,0,heldout,
real_buchwald_hartwig,llm_evolved_kernel_multi_scale_ensemble_patch_refined,2038,73.392,65.5964,26.608,0,heldout,
real_buchwald_hartwig,llm_evolved_kernel_safety_anchor_patch_refined,2038,61.6986,61.6986,38.3014,0,heldout,
real_buchwald_hartwig,mixed_kernel_gp_ei,2038,78.4697,67.289,21.5303,0,heldout,
real_buchwald_hartwig,target_acquisition_portfolio,2038,61.6986,61.6986,38.3014,0,heldout,
real_buchwald_hartwig,fixed_scale_ensemble_0p5_1_1p5_2_3_4,2039,94.501,91.4076,5.499,0,heldout,
real_buchwald_hartwig,gp_ucb,2039,94.501,88.3141,5.499,0,heldout,
real_buchwald_hartwig,llm_calibrated_selector,2039,94.501,88.3141,5.499,0,heldout,gp_ucb
real_buchwald_hartwig,llm_evolved_kernel_conservative_patch_1_refined,2039,94.501,91.4076,5.499,0,heldout,
real_buchwald_hartwig,llm_evolved_kernel_counter_hypothesis_patch_refined,2039,85.2207,77.1585,14.7793,0,heldout,
real_buchwald_hartwig,llm_evolved_kernel_exploration_patch_1_refined,2039,85.2207,77.1585,14.7793,0,heldout,
real_buchwald_hartwig,llm_evolved_kernel_high_confidence_patch_refined,2039,94.501,88.3141,5.499,0,heldout,
real_buchwald_hartwig,llm_evolved_kernel_multi_scale_ensemble_patch_refined,2039,94.501,91.4076,5.499,0,heldout,
real_buchwald_hartwig,llm_evolved_kernel_safety_anchor_patch_refined,2039,94.501,91.4076,5.499,0,heldout,
real_buchwald_hartwig,mixed_kernel_gp_ei,2039,94.501,88.3141,5.499,0,heldout,
real_buchwald_hartwig,target_acquisition_portfolio,2039,94.501,88.3141,5.499,0,heldout,
real_buchwald_hartwig,fixed_scale_ensemble_0p5_1_1p5_2_3_4,2040,74.5113,57.4143,25.4887,0,heldout,
real_buchwald_hartwig,gp_ucb,2040,84.4027,72.5571,15.5973,0,heldout,
real_buchwald_hartwig,llm_calibrated_selector,2040,84.4027,72.5571,15.5973,0,heldout,gp_ucb
real_buchwald_hartwig,llm_evolved_kernel_conservative_patch_1_refined,2040,92.659,78.0613,7.341,0,heldout,
real_buchwald_hartwig,llm_evolved_kernel_counter_hypothesis_patch_refined,2040,84.4027,60.7114,15.5973,0,heldout,
real_buchwald_hartwig,llm_evolved_kernel_exploration_patch_1_refined,2040,92.659,78.0613,7.341,0,heldout,
real_buchwald_hartwig,llm_evolved_kernel_high_confidence_patch_refined,2040,92.659,78.0613,7.341,0,heldout,
real_buchwald_hartwig,llm_evolved_kernel_multi_scale_ensemble_patch_refined,2040,92.659,63.4635,7.341,0,heldout,
real_buchwald_hartwig,llm_evolved_kernel_safety_anchor_patch_refined,2040,84.4027,72.5571,15.5973,0,heldout,
real_buchwald_hartwig,mixed_kernel_gp_ei,2040,92.3912,65.4736,7.6088,0,heldout,
real_buchwald_hartwig,target_acquisition_portfolio,2040,84.4027,60.7114,15.5973,0,heldout,
real_buchwald_hartwig,fixed_scale_ensemble_0p5_1_1p5_2_3_4,2041,49.691,49.691,50.309,0,heldout,
real_buchwald_hartwig,gp_ucb,2041,82.7701,82.7701,17.2299,0,heldout,
real_buchwald_hartwig,llm_calibrated_selector,2041,82.7701,82.7701,17.2299,0,heldout,gp_ucb
real_buchwald_hartwig,llm_evolved_kernel_conservative_patch_1_refined,2041,49.691,49.691,50.309,0,heldout,
real_buchwald_hartwig,llm_evolved_kernel_counter_hypothesis_patch_refined,2041,97.2929,87.611,2.7071,0,heldout,
real_buchwald_hartwig,llm_evolved_kernel_exploration_patch_1_refined,2041,49.691,49.691,50.309,0,heldout,
real_buchwald_hartwig,llm_evolved_kernel_high_confidence_patch_refined,2041,49.691,49.691,50.309,0,heldout,
real_buchwald_hartwig,llm_evolved_kernel_multi_scale_ensemble_patch_refined,2041,49.691,49.691,50.309,0,heldout,
real_buchwald_hartwig,llm_evolved_kernel_safety_anchor_patch_refined,2041,49.691,49.691,50.309,0,heldout,
real_buchwald_hartwig,mixed_kernel_gp_ei,2041,97.2929,87.611,2.7071,0,heldout,
real_buchwald_hartwig,target_acquisition_portfolio,2041,82.7701,82.7701,17.2299,0,heldout,
real_buchwald_hartwig,fixed_scale_ensemble_0p5_1_1p5_2_3_4,2042,97.5685,95.903,2.4315,1,heldout,
real_buchwald_hartwig,gp_ucb,2042,97.5685,95.903,2.4315,1,heldout,
real_buchwald_hartwig,llm_calibrated_selector,2042,97.5685,95.903,2.4315,1,heldout,gp_ucb
real_buchwald_hartwig,llm_evolved_kernel_conservative_patch_1_refined,2042,97.5685,95.903,2.4315,1,heldout,
real_buchwald_hartwig,llm_evolved_kernel_counter_hypothesis_patch_refined,2042,95.0702,95.0702,4.9298,0,heldout,
real_buchwald_hartwig,llm_evolved_kernel_exploration_patch_1_refined,2042,97.5685,96.7357,2.4315,1,heldout,
real_buchwald_hartwig,llm_evolved_kernel_high_confidence_patch_refined,2042,95.0702,95.0702,4.9298,0,heldout,
real_buchwald_hartwig,llm_evolved_kernel_multi_scale_ensemble_patch_refined,2042,97.5685,95.903,2.4315,1,heldout,
real_buchwald_hartwig,llm_evolved_kernel_safety_anchor_patch_refined,2042,95.0702,95.0702,4.9298,0,heldout,
real_buchwald_hartwig,mixed_kernel_gp_ei,2042,95.0702,95.0702,4.9298,0,heldout,
real_buchwald_hartwig,target_acquisition_portfolio,2042,95.0702,95.0702,4.9298,0,heldout,
real_buchwald_hartwig,fixed_scale_ensemble_0p5_1_1p5_2_3_4,2043,49.3022,49.3022,50.6978,0,heldout,
real_buchwald_hartwig,gp_ucb,2043,49.3022,49.3022,50.6978,0,heldout,
real_buchwald_hartwig,llm_calibrated_selector,2043,49.3022,49.3022,50.6978,0,heldout,gp_ucb
real_buchwald_hartwig,llm_evolved_kernel_conservative_patch_1_refined,2043,49.3022,49.3022,50.6978,0,heldout,
real_buchwald_hartwig,llm_evolved_kernel_counter_hypothesis_patch_refined,2043,54.2458,50.9501,45.7542,0,heldout,
real_buchwald_hartwig,llm_evolved_kernel_exploration_patch_1_refined,2043,47.0551,47.0551,52.9449,0,heldout,
real_buchwald_hartwig,llm_evolved_kernel_high_confidence_patch_refined,2043,49.3022,49.3022,50.6978,0,heldout,
real_buchwald_hartwig,llm_evolved_kernel_multi_scale_ensemble_patch_refined,2043,49.3022,49.3022,50.6978,0,heldout,
real_buchwald_hartwig,llm_evolved_kernel_safety_anchor_patch_refined,2043,49.3022,49.3022,50.6978,0,heldout,
real_buchwald_hartwig,mixed_kernel_gp_ei,2043,49.3022,49.3022,50.6978,0,heldout,
real_buchwald_hartwig,target_acquisition_portfolio,2043,49.3022,49.3022,50.6978,0,heldout,
real_buchwald_hartwig,fixed_scale_ensemble_0p5_1_1p5_2_3_4,2044,45.1564,42.8228,54.8436,0,heldout,
real_buchwald_hartwig,gp_ucb,2044,45.1564,42.8228,54.8436,0,heldout,
real_buchwald_hartwig,llm_calibrated_selector,2044,45.1564,42.8228,54.8436,0,heldout,gp_ucb
real_buchwald_hartwig,llm_evolved_kernel_conservative_patch_1_refined,2044,45.1564,42.8228,54.8436,0,heldout,
real_buchwald_hartwig,llm_evolved_kernel_counter_hypothesis_patch_refined,2044,45.1564,36.2932,54.8436,0,heldout,
real_buchwald_hartwig,llm_evolved_kernel_exploration_patch_1_refined,2044,46.6599,39.7336,53.3401,0,heldout,
real_buchwald_hartwig,llm_evolved_kernel_high_confidence_patch_refined,2044,45.1564,40.8908,54.8436,0,heldout,
real_buchwald_hartwig,llm_evolved_kernel_multi_scale_ensemble_patch_refined,2044,46.6599,43.324,53.3401,0,heldout,
real_buchwald_hartwig,llm_evolved_kernel_safety_anchor_patch_refined,2044,40.4859,33.6165,59.5141,0,heldout,
real_buchwald_hartwig,mixed_kernel_gp_ei,2044,45.1564,42.8228,54.8436,0,heldout,
real_buchwald_hartwig,target_acquisition_portfolio,2044,45.1564,42.8228,54.8436,0,heldout,
real_buchwald_hartwig,fixed_scale_ensemble_0p5_1_1p5_2_3_4,2045,89.0766,89.0766,10.9234,0,heldout,
real_buchwald_hartwig,gp_ucb,2045,89.0766,89.0766,10.9234,0,heldout,
real_buchwald_hartwig,llm_calibrated_selector,2045,89.0766,89.0766,10.9234,0,heldout,gp_ucb
real_buchwald_hartwig,llm_evolved_kernel_conservative_patch_1_refined,2045,89.0766,89.0766,10.9234,0,heldout,
real_buchwald_hartwig,llm_evolved_kernel_counter_hypothesis_patch_refined,2045,89.0766,89.0766,10.9234,0,heldout,
real_buchwald_hartwig,llm_evolved_kernel_exploration_patch_1_refined,2045,89.0766,89.0766,10.9234,0,heldout,
real_buchwald_hartwig,llm_evolved_kernel_high_confidence_patch_refined,2045,89.0766,89.0766,10.9234,0,heldout,
real_buchwald_hartwig,llm_evolved_kernel_multi_scale_ensemble_patch_refined,2045,89.0766,89.0766,10.9234,0,heldout,
real_buchwald_hartwig,llm_evolved_kernel_safety_anchor_patch_refined,2045,89.0766,89.0766,10.9234,0,heldout,
real_buchwald_hartwig,mixed_kernel_gp_ei,2045,89.0766,89.0766,10.9234,0,heldout,
real_buchwald_hartwig,target_acquisition_portfolio,2045,89.0766,89.0766,10.9234,0,heldout,
real_buchwald_hartwig,fixed_scale_ensemble_0p5_1_1p5_2_3_4,2046,92.127,92.127,7.873,0,heldout,
real_buchwald_hartwig,gp_ucb,2046,92.127,92.127,7.873,0,heldout,
real_buchwald_hartwig,llm_calibrated_selector,2046,92.127,92.127,7.873,0,heldout,gp_ucb
real_buchwald_hartwig,llm_evolved_kernel_conservative_patch_1_refined,2046,92.127,92.127,7.873,0,heldout,
real_buchwald_hartwig,llm_evolved_kernel_counter_hypothesis_patch_refined,2046,92.127,92.127,7.873,0,heldout,
real_buchwald_hartwig,llm_evolved_kernel_exploration_patch_1_refined,2046,92.127,92.127,7.873,0,heldout,
real_buchwald_hartwig,llm_evolved_kernel_high_confidence_patch_refined,2046,92.127,92.127,7.873,0,heldout,
real_buchwald_hartwig,llm_evolved_kernel_multi_scale_ensemble_patch_refined,2046,92.127,92.127,7.873,0,heldout,
real_buchwald_hartwig,llm_evolved_kernel_safety_anchor_patch_refined,2046,92.127,92.127,7.873,0,heldout,
real_buchwald_hartwig,mixed_kernel_gp_ei,2046,92.127,92.127,7.873,0,heldout,
real_buchwald_hartwig,target_acquisition_portfolio,2046,92.127,92.127,7.873,0,heldout,
real_buchwald_hartwig,fixed_scale_ensemble_0p5_1_1p5_2_3_4,2047,54.2458,54.2458,45.7542,0,heldout,
real_buchwald_hartwig,gp_ucb,2047,54.2458,54.2458,45.7542,0,heldout,
real_buchwald_hartwig,llm_calibrated_selector,2047,54.2458,54.2458,45.7542,0,heldout,gp_ucb
real_buchwald_hartwig,llm_evolved_kernel_conservative_patch_1_refined,2047,54.2458,54.2458,45.7542,0,heldout,
real_buchwald_hartwig,llm_evolved_kernel_counter_hypothesis_patch_refined,2047,54.2458,54.2458,45.7542,0,heldout,
real_buchwald_hartwig,llm_evolved_kernel_exploration_patch_1_refined,2047,54.2458,54.2458,45.7542,0,heldout,
real_buchwald_hartwig,llm_evolved_kernel_high_confidence_patch_refined,2047,54.2458,54.2458,45.7542,0,heldout,
real_buchwald_hartwig,llm_evolved_kernel_multi_scale_ensemble_patch_refined,2047,93.1012,89.9699,6.8988,0,heldout,
real_buchwald_hartwig,llm_evolved_kernel_safety_anchor_patch_refined,2047,54.2458,54.2458,45.7542,0,heldout,
real_buchwald_hartwig,mixed_kernel_gp_ei,2047,88.4043,88.4043,11.5957,0,heldout,
real_buchwald_hartwig,target_acquisition_portfolio,2047,88.4043,88.4043,11.5957,0,heldout,
real_buchwald_hartwig,fixed_scale_ensemble_0p5_1_1p5_2_3_4,2048,74.0097,61.7507,25.9903,0,heldout,
real_buchwald_hartwig,gp_ucb,2048,74.0097,61.7507,25.9903,0,heldout,
real_buchwald_hartwig,llm_calibrated_selector,2048,74.0097,61.7507,25.9903,0,heldout,gp_ucb
real_buchwald_hartwig,llm_evolved_kernel_conservative_patch_1_refined,2048,70.7416,57.0884,29.2584,0,heldout,
real_buchwald_hartwig,llm_evolved_kernel_counter_hypothesis_patch_refined,2048,78.005,67.6603,21.995,0,heldout,
real_buchwald_hartwig,llm_evolved_kernel_exploration_patch_1_refined,2048,74.0097,61.7507,25.9903,0,heldout,
real_buchwald_hartwig,llm_evolved_kernel_high_confidence_patch_refined,2048,70.7416,65.012,29.2584,0,heldout,
real_buchwald_hartwig,llm_evolved_kernel_multi_scale_ensemble_patch_refined,2048,74.0097,61.7507,25.9903,0,heldout,
real_buchwald_hartwig,llm_evolved_kernel_safety_anchor_patch_refined,2048,74.0097,61.7507,25.9903,0,heldout,
real_buchwald_hartwig,mixed_kernel_gp_ei,2048,74.0097,61.7507,25.9903,0,heldout,
real_buchwald_hartwig,target_acquisition_portfolio,2048,74.0097,61.7507,25.9903,0,heldout,
real_buchwald_hartwig,fixed_scale_ensemble_0p5_1_1p5_2_3_4,2049,95.6759,95.6759,4.3241,0,heldout,
real_buchwald_hartwig,gp_ucb,2049,95.6759,95.6759,4.3241,0,heldout,
real_buchwald_hartwig,llm_calibrated_selector,2049,95.6759,95.6759,4.3241,0,heldout,gp_ucb
real_buchwald_hartwig,llm_evolved_kernel_conservative_patch_1_refined,2049,95.6759,95.6759,4.3241,0,heldout,
real_buchwald_hartwig,llm_evolved_kernel_counter_hypothesis_patch_refined,2049,95.6759,95.6759,4.3241,0,heldout,
real_buchwald_hartwig,llm_evolved_kernel_exploration_patch_1_refined,2049,95.6759,95.6759,4.3241,0,heldout,
real_buchwald_hartwig,llm_evolved_kernel_high_confidence_patch_refined,2049,95.6759,95.6759,4.3241,0,heldout,
real_buchwald_hartwig,llm_evolved_kernel_multi_scale_ensemble_patch_refined,2049,95.6759,95.6759,4.3241,0,heldout,
real_buchwald_hartwig,llm_evolved_kernel_safety_anchor_patch_refined,2049,95.6759,95.6759,4.3241,0,heldout,
real_buchwald_hartwig,mixed_kernel_gp_ei,2049,95.6759,95.6759,4.3241,0,heldout,
real_buchwald_hartwig,target_acquisition_portfolio,2049,95.6759,95.6759,4.3241,0,heldout,
real_buchwald_hartwig,fixed_scale_ensemble_0p5_1_1p5_2_3_4,2050,73.3193,69.6972,26.6807,0,heldout,
real_buchwald_hartwig,gp_ucb,2050,59.0741,57.4072,40.9259,0,heldout,
real_buchwald_hartwig,llm_calibrated_selector,2050,59.0741,57.4072,40.9259,0,heldout,gp_ucb
real_buchwald_hartwig,llm_evolved_kernel_conservative_patch_1_refined,2050,73.3193,69.6972,26.6807,0,heldout,
real_buchwald_hartwig,llm_evolved_kernel_counter_hypothesis_patch_refined,2050,75.7358,72.3482,24.2642,0,heldout,
real_buchwald_hartwig,llm_evolved_kernel_exploration_patch_1_refined,2050,59.0741,57.4072,40.9259,0,heldout,
real_buchwald_hartwig,llm_evolved_kernel_high_confidence_patch_refined,2050,59.0741,57.4072,40.9259,0,heldout,
real_buchwald_hartwig,llm_evolved_kernel_multi_scale_ensemble_patch_refined,2050,73.3193,69.6972,26.6807,0,heldout,
real_buchwald_hartwig,llm_evolved_kernel_safety_anchor_patch_refined,2050,59.0741,57.4072,40.9259,0,heldout,
real_buchwald_hartwig,mixed_kernel_gp_ei,2050,32.9564,32.9564,67.0436,0,heldout,
real_buchwald_hartwig,target_acquisition_portfolio,2050,59.0741,57.4072,40.9259,0,heldout,
real_buchwald_hartwig,fixed_scale_ensemble_0p5_1_1p5_2_3_4,2051,77.5468,77.5468,22.4532,0,heldout,
real_buchwald_hartwig,gp_ucb,2051,89.6142,85.5917,10.3858,0,heldout,
real_buchwald_hartwig,llm_calibrated_selector,2051,89.6142,85.5917,10.3858,0,heldout,gp_ucb
real_buchwald_hartwig,llm_evolved_kernel_conservative_patch_1_refined,2051,89.6142,85.5917,10.3858,0,heldout,
real_buchwald_hartwig,llm_evolved_kernel_counter_hypothesis_patch_refined,2051,77.5468,77.5468,22.4532,0,heldout,
real_buchwald_hartwig,llm_evolved_kernel_exploration_patch_1_refined,2051,77.5468,77.5468,22.4532,0,heldout,
real_buchwald_hartwig,llm_evolved_kernel_high_confidence_patch_refined,2051,89.6142,85.5917,10.3858,0,heldout,
real_buchwald_hartwig,llm_evolved_kernel_multi_scale_ensemble_patch_refined,2051,77.5468,77.5468,22.4532,0,heldout,
real_buchwald_hartwig,llm_evolved_kernel_safety_anchor_patch_refined,2051,89.6142,85.5917,10.3858,0,heldout,
real_buchwald_hartwig,mixed_kernel_gp_ei,2051,89.6142,85.5917,10.3858,0,heldout,
real_buchwald_hartwig,target_acquisition_portfolio,2051,89.6142,85.5917,10.3858,0,heldout,
real_buchwald_hartwig,fixed_scale_ensemble_0p5_1_1p5_2_3_4,2052,85.8947,85.8947,14.1053,0,heldout,
real_buchwald_hartwig,gp_ucb,2052,85.8947,85.8947,14.1053,0,heldout,
real_buchwald_hartwig,llm_calibrated_selector,2052,85.8947,85.8947,14.1053,0,heldout,gp_ucb
real_buchwald_hartwig,llm_evolved_kernel_conservative_patch_1_refined,2052,85.8947,85.8947,14.1053,0,heldout,
real_buchwald_hartwig,llm_evolved_kernel_counter_hypothesis_patch_refined,2052,85.8947,85.8947,14.1053,0,heldout,
real_buchwald_hartwig,llm_evolved_kernel_exploration_patch_1_refined,2052,85.8947,85.8947,14.1053,0,heldout,
real_buchwald_hartwig,llm_evolved_kernel_high_confidence_patch_refined,2052,85.8947,85.8947,14.1053,0,heldout,
real_buchwald_hartwig,llm_evolved_kernel_multi_scale_ensemble_patch_refined,2052,85.8947,85.8947,14.1053,0,heldout,
real_buchwald_hartwig,llm_evolved_kernel_safety_anchor_patch_refined,2052,85.8947,85.8947,14.1053,0,heldout,
real_buchwald_hartwig,mixed_kernel_gp_ei,2052,85.8947,85.8947,14.1053,0,heldout,
real_buchwald_hartwig,target_acquisition_portfolio,2052,85.8947,85.8947,14.1053,0,heldout,
real_buchwald_hartwig,fixed_scale_ensemble_0p5_1_1p5_2_3_4,2053,73.814,73.814,26.186,0,heldout,
real_buchwald_hartwig,gp_ucb,2053,86.5354,78.0545,13.4646,0,heldout,
real_buchwald_hartwig,llm_calibrated_selector,2053,86.5354,78.0545,13.4646,0,heldout,gp_ucb
real_buchwald_hartwig,llm_evolved_kernel_conservative_patch_1_refined,2053,73.814,73.814,26.186,0,heldout,
real_buchwald_hartwig,llm_evolved_kernel_counter_hypothesis_patch_refined,2053,86.5354,78.0545,13.4646,0,heldout,
real_buchwald_hartwig,llm_evolved_kernel_exploration_patch_1_refined,2053,86.4154,86.1983,13.5846,0,heldout,
real_buchwald_hartwig,llm_evolved_kernel_high_confidence_patch_refined,2053,86.5354,78.0545,13.4646,0,heldout,
real_buchwald_hartwig,llm_evolved_kernel_multi_scale_ensemble_patch_refined,2053,76.7373,74.7884,23.2627,0,heldout,
real_buchwald_hartwig,llm_evolved_kernel_safety_anchor_patch_refined,2053,73.814,73.814,26.186,0,heldout,
real_buchwald_hartwig,mixed_kernel_gp_ei,2053,76.7373,74.7884,23.2627,0,heldout,
real_buchwald_hartwig,target_acquisition_portfolio,2053,86.5354,78.0545,13.4646,0,heldout,
real_buchwald_hartwig,fixed_scale_ensemble_0p5_1_1p5_2_3_4,2054,89.5988,75.4943,10.4012,0,heldout,
real_buchwald_hartwig,gp_ucb,2054,65.0666,58.2983,34.9334,0,heldout,
real_buchwald_hartwig,llm_calibrated_selector,2054,65.0666,58.2983,34.9334,0,heldout,gp_ucb
real_buchwald_hartwig,llm_evolved_kernel_conservative_patch_1_refined,2054,89.5988,75.4943,10.4012,0,heldout,
real_buchwald_hartwig,llm_evolved_kernel_counter_hypothesis_patch_refined,2054,65.0666,58.2983,34.9334,0,heldout,
real_buchwald_hartwig,llm_evolved_kernel_exploration_patch_1_refined,2054,65.0666,58.2983,34.9334,0,heldout,
real_buchwald_hartwig,llm_evolved_kernel_high_confidence_patch_refined,2054,65.0666,58.2983,34.9334,0,heldout,
real_buchwald_hartwig,llm_evolved_kernel_multi_scale_ensemble_patch_refined,2054,89.5988,70.985,10.4012,0,heldout,
real_buchwald_hartwig,llm_evolved_kernel_safety_anchor_patch_refined,2054,74.2103,64.7441,25.7897,0,heldout,
real_buchwald_hartwig,mixed_kernel_gp_ei,2054,89.5988,75.4943,10.4012,0,heldout,
real_buchwald_hartwig,target_acquisition_portfolio,2054,65.0666,58.2983,34.9334,0,heldout,
real_buchwald_hartwig,fixed_scale_ensemble_0p5_1_1p5_2_3_4,2055,94.8799,91.955,5.1201,0,heldout,
real_buchwald_hartwig,gp_ucb,2055,86.1051,86.1051,13.8949,0,heldout,
real_buchwald_hartwig,llm_calibrated_selector,2055,86.1051,86.1051,13.8949,0,heldout,gp_ucb
real_buchwald_hartwig,llm_evolved_kernel_conservative_patch_1_refined,2055,94.8799,91.955,5.1201,0,heldout,
real_buchwald_hartwig,llm_evolved_kernel_counter_hypothesis_patch_refined,2055,86.1051,86.1051,13.8949,0,heldout,
real_buchwald_hartwig,llm_evolved_kernel_exploration_patch_1_refined,2055,94.8799,91.955,5.1201,0,heldout,
real_buchwald_hartwig,llm_evolved_kernel_high_confidence_patch_refined,2055,86.1051,86.1051,13.8949,0,heldout,
real_buchwald_hartwig,llm_evolved_kernel_multi_scale_ensemble_patch_refined,2055,94.8799,91.955,5.1201,0,heldout,
real_buchwald_hartwig,llm_evolved_kernel_safety_anchor_patch_refined,2055,94.8799,91.955,5.1201,0,heldout,
real_buchwald_hartwig,mixed_kernel_gp_ei,2055,86.1051,86.1051,13.8949,0,heldout,
real_buchwald_hartwig,target_acquisition_portfolio,2055,86.1051,86.1051,13.8949,0,heldout,
real_buchwald_hartwig,fixed_scale_ensemble_0p5_1_1p5_2_3_4,2056,98.7313,92.5123,1.2687,1,heldout,
real_buchwald_hartwig,gp_ucb,2056,92.7237,88.5073,7.2763,0,heldout,
real_buchwald_hartwig,llm_calibrated_selector,2056,92.7237,88.5073,7.2763,0,heldout,gp_ucb
real_buchwald_hartwig,llm_evolved_kernel_conservative_patch_1_refined,2056,98.7313,92.5123,1.2687,1,heldout,
real_buchwald_hartwig,llm_evolved_kernel_counter_hypothesis_patch_refined,2056,94.3462,89.0481,5.6538,0,heldout,
real_buchwald_hartwig,llm_evolved_kernel_exploration_patch_1_refined,2056,94.3462,93.8054,5.6538,0,heldout,
real_buchwald_hartwig,llm_evolved_kernel_high_confidence_patch_refined,2056,92.7237,88.5073,7.2763,0,heldout,
real_buchwald_hartwig,llm_evolved_kernel_multi_scale_ensemble_patch_refined,2056,98.7313,92.5123,1.2687,1,heldout,
real_buchwald_hartwig,llm_evolved_kernel_safety_anchor_patch_refined,2056,92.7237,88.5073,7.2763,0,heldout,
real_buchwald_hartwig,mixed_kernel_gp_ei,2056,94.8799,88.8324,5.1201,0,heldout,
real_buchwald_hartwig,target_acquisition_portfolio,2056,94.3462,89.0481,5.6538,0,heldout,
real_buchwald_hartwig,fixed_scale_ensemble_0p5_1_1p5_2_3_4,2057,73.6009,73.6009,26.3991,0,heldout,
real_buchwald_hartwig,gp_ucb,2057,73.6009,73.6009,26.3991,0,heldout,
real_buchwald_hartwig,llm_calibrated_selector,2057,73.6009,73.6009,26.3991,0,heldout,gp_ucb
real_buchwald_hartwig,llm_evolved_kernel_conservative_patch_1_refined,2057,73.6009,73.6009,26.3991,0,heldout,
real_buchwald_hartwig,llm_evolved_kernel_counter_hypothesis_patch_refined,2057,73.6009,73.6009,26.3991,0,heldout,
real_buchwald_hartwig,llm_evolved_kernel_exploration_patch_1_refined,2057,73.6009,73.6009,26.3991,0,heldout,
real_buchwald_hartwig,llm_evolved_kernel_high_confidence_patch_refined,2057,73.6009,73.6009,26.3991,0,heldout,
real_buchwald_hartwig,llm_evolved_kernel_multi_scale_ensemble_patch_refined,2057,73.6009,73.6009,26.3991,0,heldout,
real_buchwald_hartwig,llm_evolved_kernel_safety_anchor_patch_refined,2057,73.6009,73.6009,26.3991,0,heldout,
real_buchwald_hartwig,mixed_kernel_gp_ei,2057,73.6009,73.6009,26.3991,0,heldout,
real_buchwald_hartwig,target_acquisition_portfolio,2057,73.6009,73.6009,26.3991,0,heldout,
real_buchwald_hartwig,fixed_scale_ensemble_0p5_1_1p5_2_3_4,2058,86.4971,86.4971,13.5029,0,heldout,
real_buchwald_hartwig,gp_ucb,2058,86.4971,86.4971,13.5029,0,heldout,
real_buchwald_hartwig,llm_calibrated_selector,2058,86.4971,86.4971,13.5029,0,heldout,gp_ucb
real_buchwald_hartwig,llm_evolved_kernel_conservative_patch_1_refined,2058,86.4971,86.4971,13.5029,0,heldout,
real_buchwald_hartwig,llm_evolved_kernel_counter_hypothesis_patch_refined,2058,86.4971,86.4971,13.5029,0,heldout,
real_buchwald_hartwig,llm_evolved_kernel_exploration_patch_1_refined,2058,86.4971,86.4971,13.5029,0,heldout,
real_buchwald_hartwig,llm_evolved_kernel_high_confidence_patch_refined,2058,88.5139,87.1694,11.4861,0,heldout,
real_buchwald_hartwig,llm_evolved_kernel_multi_scale_ensemble_patch_refined,2058,86.4971,86.4971,13.5029,0,heldout,
real_buchwald_hartwig,llm_evolved_kernel_safety_anchor_patch_refined,2058,86.4971,86.4971,13.5029,0,heldout,
real_buchwald_hartwig,mixed_kernel_gp_ei,2058,86.4971,86.4971,13.5029,0,heldout,
real_buchwald_hartwig,target_acquisition_portfolio,2058,86.4971,86.4971,13.5029,0,heldout,
real_buchwald_hartwig,fixed_scale_ensemble_0p5_1_1p5_2_3_4,2059,76.4737,76.4737,23.5263,0,heldout,
real_buchwald_hartwig,gp_ucb,2059,76.4737,76.4737,23.5263,0,heldout,
real_buchwald_hartwig,llm_calibrated_selector,2059,76.4737,76.4737,23.5263,0,heldout,gp_ucb
real_buchwald_hartwig,llm_evolved_kernel_conservative_patch_1_refined,2059,76.4737,76.4737,23.5263,0,heldout,
real_buchwald_hartwig,llm_evolved_kernel_counter_hypothesis_patch_refined,2059,76.4737,76.4737,23.5263,0,heldout,
real_buchwald_hartwig,llm_evolved_kernel_exploration_patch_1_refined,2059,89.5866,81.004,10.4134,0,heldout,
real_buchwald_hartwig,llm_evolved_kernel_high_confidence_patch_refined,2059,76.4737,76.4737,23.5263,0,heldout,
real_buchwald_hartwig,llm_evolved_kernel_multi_scale_ensemble_patch_refined,2059,76.4737,76.4737,23.5263,0,heldout,
real_buchwald_hartwig,llm_evolved_kernel_safety_anchor_patch_refined,2059,76.4737,76.4737,23.5263,0,heldout,
real_buchwald_hartwig,mixed_kernel_gp_ei,2059,76.4737,76.4737,23.5263,0,heldout,
real_buchwald_hartwig,target_acquisition_portfolio,2059,76.4737,76.4737,23.5263,0,heldout,
real_buchwald_hartwig,fixed_scale_ensemble_0p5_1_1p5_2_3_4,2060,75.5548,75.5548,24.4452,0,heldout,
real_buchwald_hartwig,gp_ucb,2060,75.5548,75.5548,24.4452,0,heldout,
real_buchwald_hartwig,llm_calibrated_selector,2060,75.5548,75.5548,24.4452,0,heldout,gp_ucb
real_buchwald_hartwig,llm_evolved_kernel_conservative_patch_1_refined,2060,75.5548,75.5548,24.4452,0,heldout,
real_buchwald_hartwig,llm_evolved_kernel_counter_hypothesis_patch_refined,2060,75.5548,75.5548,24.4452,0,heldout,
real_buchwald_hartwig,llm_evolved_kernel_exploration_patch_1_refined,2060,75.5548,75.5548,24.4452,0,heldout,
real_buchwald_hartwig,llm_evolved_kernel_high_confidence_patch_refined,2060,86.7607,79.2901,13.2393,0,heldout,
real_buchwald_hartwig,llm_evolved_kernel_multi_scale_ensemble_patch_refined,2060,75.5548,75.5548,24.4452,0,heldout,
real_buchwald_hartwig,llm_evolved_kernel_safety_anchor_patch_refined,2060,75.5548,75.5548,24.4452,0,heldout,
real_buchwald_hartwig,mixed_kernel_gp_ei,2060,75.5548,75.5548,24.4452,0,heldout,
real_buchwald_hartwig,target_acquisition_portfolio,2060,75.5548,75.5548,24.4452,0,heldout,
real_buchwald_hartwig,fixed_scale_ensemble_0p5_1_1p5_2_3_4,2061,80.711,79.3167,19.289,0,heldout,
real_buchwald_hartwig,gp_ucb,2061,80.711,79.3167,19.289,0,heldout,
real_buchwald_hartwig,llm_calibrated_selector,2061,80.711,79.3167,19.289,0,heldout,gp_ucb
real_buchwald_hartwig,llm_evolved_kernel_conservative_patch_1_refined,2061,80.711,79.3167,19.289,0,heldout,
real_buchwald_hartwig,llm_evolved_kernel_counter_hypothesis_patch_refined,2061,78.6196,78.6196,21.3804,0,heldout,
real_buchwald_hartwig,llm_evolved_kernel_exploration_patch_1_refined,2061,82.6307,80.0589,17.3693,0,heldout,
real_buchwald_hartwig,llm_evolved_kernel_high_confidence_patch_refined,2061,78.6196,78.6196,21.3804,0,heldout,
real_buchwald_hartwig,llm_evolved_kernel_multi_scale_ensemble_patch_refined,2061,80.711,79.3167,19.289,0,heldout,
real_buchwald_hartwig,llm_evolved_kernel_safety_anchor_patch_refined,2061,80.711,79.3167,19.289,0,heldout,
real_buchwald_hartwig,mixed_kernel_gp_ei,2061,78.6196,78.5696,21.3804,0,heldout,
real_buchwald_hartwig,target_acquisition_portfolio,2061,78.6196,78.5696,21.3804,0,heldout,
real_buchwald_hartwig,fixed_scale_ensemble_0p5_1_1p5_2_3_4,2062,79.3465,76.6392,20.6535,0,heldout,
real_buchwald_hartwig,gp_ucb,2062,79.3465,79.3465,20.6535,0,heldout,
real_buchwald_hartwig,llm_calibrated_selector,2062,79.3465,79.3465,20.6535,0,heldout,gp_ucb
real_buchwald_hartwig,llm_evolved_kernel_conservative_patch_1_refined,2062,79.3465,77.9929,20.6535,0,heldout,
real_buchwald_hartwig,llm_evolved_kernel_counter_hypothesis_patch_refined,2062,79.3465,76.6392,20.6535,0,heldout,
real_buchwald_hartwig,llm_evolved_kernel_exploration_patch_1_refined,2062,83.3133,79.3151,16.6867,0,heldout,
real_buchwald_hartwig,llm_evolved_kernel_high_confidence_patch_refined,2062,79.3465,79.3465,20.6535,0,heldout,
real_buchwald_hartwig,llm_evolved_kernel_multi_scale_ensemble_patch_refined,2062,79.3465,77.9929,20.6535,0,heldout,
real_buchwald_hartwig,llm_evolved_kernel_safety_anchor_patch_refined,2062,79.3465,79.3465,20.6535,0,heldout,
real_buchwald_hartwig,mixed_kernel_gp_ei,2062,79.3465,79.3465,20.6535,0,heldout,
real_buchwald_hartwig,target_acquisition_portfolio,2062,79.3465,79.3465,20.6535,0,heldout,
real_buchwald_hartwig,fixed_scale_ensemble_0p5_1_1p5_2_3_4,2063,75.9855,69.7978,24.0145,0,heldout,
real_buchwald_hartwig,gp_ucb,2063,73.2673,68.8918,26.7327,0,heldout,
real_buchwald_hartwig,llm_calibrated_selector,2063,73.2673,68.8918,26.7327,0,heldout,gp_ucb
real_buchwald_hartwig,llm_evolved_kernel_conservative_patch_1_refined,2063,75.9855,69.7978,24.0145,0,heldout,
real_buchwald_hartwig,llm_evolved_kernel_counter_hypothesis_patch_refined,2063,64.6849,64.1682,35.3151,0,heldout,
real_buchwald_hartwig,llm_evolved_kernel_exploration_patch_1_refined,2063,70.2733,67.8938,29.7267,0,heldout,
real_buchwald_hartwig,llm_evolved_kernel_high_confidence_patch_refined,2063,75.9855,69.7978,24.0145,0,heldout,
real_buchwald_hartwig,llm_evolved_kernel_multi_scale_ensemble_patch_refined,2063,75.9855,69.7978,24.0145,0,heldout,
real_buchwald_hartwig,llm_evolved_kernel_safety_anchor_patch_refined,2063,73.2673,68.8918,26.7327,0,heldout,
real_buchwald_hartwig,mixed_kernel_gp_ei,2063,73.2673,68.8918,26.7327,0,heldout,
real_buchwald_hartwig,target_acquisition_portfolio,2063,73.2673,68.8918,26.7327,0,heldout,
real_buchwald_hartwig,fixed_scale_ensemble_0p5_1_1p5_2_3_4,2064,83.8253,83.8253,16.1747,0,heldout,
real_buchwald_hartwig,gp_ucb,2064,83.8253,83.8253,16.1747,0,heldout,
real_buchwald_hartwig,llm_calibrated_selector,2064,83.8253,83.8253,16.1747,0,heldout,gp_ucb
real_buchwald_hartwig,llm_evolved_kernel_conservative_patch_1_refined,2064,83.8253,83.8253,16.1747,0,heldout,
real_buchwald_hartwig,llm_evolved_kernel_counter_hypothesis_patch_refined,2064,90.6444,88.1237,9.3556,0,heldout,
real_buchwald_hartwig,llm_evolved_kernel_exploration_patch_1_refined,2064,83.8253,83.8253,16.1747,0,heldout,
real_buchwald_hartwig,llm_evolved_kernel_high_confidence_patch_refined,2064,90.6444,88.1237,9.3556,0,heldout,
real_buchwald_hartwig,llm_evolved_kernel_multi_scale_ensemble_patch_refined,2064,83.8253,83.8253,16.1747,0,heldout,
real_buchwald_hartwig,llm_evolved_kernel_safety_anchor_patch_refined,2064,83.8253,83.8253,16.1747,0,heldout,
real_buchwald_hartwig,mixed_kernel_gp_ei,2064,90.6444,88.1237,9.3556,0,heldout,
real_buchwald_hartwig,target_acquisition_portfolio,2064,83.8253,83.8253,16.1747,0,heldout,
real_buchwald_hartwig,fixed_scale_ensemble_0p5_1_1p5_2_3_4,2065,93.0289,87.6177,6.9711,0,heldout,
real_buchwald_hartwig,gp_ucb,2065,76.7953,76.7953,23.2047,0,heldout,
real_buchwald_hartwig,llm_calibrated_selector,2065,76.7953,76.7953,23.2047,0,heldout,gp_ucb
real_buchwald_hartwig,llm_evolved_kernel_conservative_patch_1_refined,2065,93.0289,87.6177,6.9711,0,heldout,
real_buchwald_hartwig,llm_evolved_kernel_counter_hypothesis_patch_refined,2065,76.7953,76.7953,23.2047,0,heldout,
real_buchwald_hartwig,llm_evolved_kernel_exploration_patch_1_refined,2065,94.6911,79.9841,5.3089,0,heldout,
real_buchwald_hartwig,llm_evolved_kernel_high_confidence_patch_refined,2065,76.7953,76.7953,23.2047,0,heldout,
real_buchwald_hartwig,llm_evolved_kernel_multi_scale_ensemble_patch_refined,2065,93.0289,87.6177,6.9711,0,heldout,
real_buchwald_hartwig,llm_evolved_kernel_safety_anchor_patch_refined,2065,76.7953,76.7953,23.2047,0,heldout,
real_buchwald_hartwig,mixed_kernel_gp_ei,2065,76.7953,76.7953,23.2047,0,heldout,
real_buchwald_hartwig,target_acquisition_portfolio,2065,76.7953,76.7953,23.2047,0,heldout,
real_buchwald_hartwig,fixed_scale_ensemble_0p5_1_1p5_2_3_4,2066,94.8799,94.8799,5.1201,0,heldout,
real_buchwald_hartwig,gp_ucb,2066,98.7313,98.7313,1.2687,1,heldout,
real_buchwald_hartwig,llm_calibrated_selector,2066,98.7313,98.7313,1.2687,1,heldout,gp_ucb
real_buchwald_hartwig,llm_evolved_kernel_conservative_patch_1_refined,2066,94.8799,94.8799,5.1201,0,heldout,
real_buchwald_hartwig,llm_evolved_kernel_counter_hypothesis_patch_refined,2066,98.7313,98.7313,1.2687,1,heldout,
real_buchwald_hartwig,llm_evolved_kernel_exploration_patch_1_refined,2066,94.8799,94.8799,5.1201,0,heldout,
real_buchwald_hartwig,llm_evolved_kernel_high_confidence_patch_refined,2066,94.8799,94.8799,5.1201,0,heldout,
real_buchwald_hartwig,llm_evolved_kernel_multi_scale_ensemble_patch_refined,2066,94.8799,94.8799,5.1201,0,heldout,
real_buchwald_hartwig,llm_evolved_kernel_safety_anchor_patch_refined,2066,98.7313,98.7313,1.2687,1,heldout,
real_buchwald_hartwig,mixed_kernel_gp_ei,2066,98.7313,98.7313,1.2687,1,heldout,
real_buchwald_hartwig,target_acquisition_portfolio,2066,98.7313,98.7313,1.2687,1,heldout,
real_buchwald_hartwig,fixed_scale_ensemble_0p5_1_1p5_2_3_4,2067,75.5548,75.5548,24.4452,0,heldout,
real_buchwald_hartwig,gp_ucb,2067,75.5548,75.5548,24.4452,0,heldout,
real_buchwald_hartwig,llm_calibrated_selector,2067,75.5548,75.5548,24.4452,0,heldout,gp_ucb
real_buchwald_hartwig,llm_evolved_kernel_conservative_patch_1_refined,2067,75.5548,75.5548,24.4452,0,heldout,
real_buchwald_hartwig,llm_evolved_kernel_counter_hypothesis_patch_refined,2067,75.5548,75.5548,24.4452,0,heldout,
real_buchwald_hartwig,llm_evolved_kernel_exploration_patch_1_refined,2067,75.5548,75.5548,24.4452,0,heldout,
real_buchwald_hartwig,llm_evolved_kernel_high_confidence_patch_refined,2067,75.5548,75.5548,24.4452,0,heldout,
real_buchwald_hartwig,llm_evolved_kernel_multi_scale_ensemble_patch_refined,2067,75.5548,75.5548,24.4452,0,heldout,
real_buchwald_hartwig,llm_evolved_kernel_safety_anchor_patch_refined,2067,75.5548,75.5548,24.4452,0,heldout,
real_buchwald_hartwig,mixed_kernel_gp_ei,2067,75.5548,75.5548,24.4452,0,heldout,
real_buchwald_hartwig,target_acquisition_portfolio,2067,75.5548,75.5548,24.4452,0,heldout,
real_buchwald_hartwig,fixed_scale_ensemble_0p5_1_1p5_2_3_4,2068,77.3329,71.4827,22.6671,0,heldout,
real_buchwald_hartwig,gp_ucb,2068,77.3329,71.4827,22.6671,0,heldout,
real_buchwald_hartwig,llm_calibrated_selector,2068,77.3329,71.4827,22.6671,0,heldout,gp_ucb
real_buchwald_hartwig,llm_evolved_kernel_conservative_patch_1_refined,2068,77.3329,71.4827,22.6671,0,heldout,
real_buchwald_hartwig,llm_evolved_kernel_counter_hypothesis_patch_refined,2068,77.3329,71.4827,22.6671,0,heldout,
real_buchwald_hartwig,llm_evolved_kernel_exploration_patch_1_refined,2068,77.3329,71.4827,22.6671,0,heldout,
real_buchwald_hartwig,llm_evolved_kernel_high_confidence_patch_refined,2068,68.5576,68.5576,31.4424,0,heldout,
real_buchwald_hartwig,llm_evolved_kernel_multi_scale_ensemble_patch_refined,2068,77.3329,71.4827,22.6671,0,heldout,
real_buchwald_hartwig,llm_evolved_kernel_safety_anchor_patch_refined,2068,77.3329,71.4827,22.6671,0,heldout,
real_buchwald_hartwig,mixed_kernel_gp_ei,2068,68.5576,68.5576,31.4424,0,heldout,
real_buchwald_hartwig,target_acquisition_portfolio,2068,68.5576,68.5576,31.4424,0,heldout,
real_buchwald_hartwig,fixed_scale_ensemble_0p5_1_1p5_2_3_4,2069,41.7001,37.5641,58.2999,0,heldout,
real_buchwald_hartwig,gp_ucb,2069,36.2942,29.6307,63.7058,0,heldout,
real_buchwald_hartwig,llm_calibrated_selector,2069,36.2942,29.6307,63.7058,0,heldout,gp_ucb
real_buchwald_hartwig,llm_evolved_kernel_conservative_patch_1_refined,2069,41.7001,37.5641,58.2999,0,heldout,
real_buchwald_hartwig,llm_evolved_kernel_counter_hypothesis_patch_refined,2069,36.2942,29.6307,63.7058,0,heldout,
real_buchwald_hartwig,llm_evolved_kernel_exploration_patch_1_refined,2069,38.9169,37.8515,61.0831,0,heldout,
real_buchwald_hartwig,llm_evolved_kernel_high_confidence_patch_refined,2069,43.743,39.8538,56.257,0,heldout,
real_buchwald_hartwig,llm_evolved_kernel_multi_scale_ensemble_patch_refined,2069,38.9169,36.6364,61.0831,0,heldout,
real_buchwald_hartwig,llm_evolved_kernel_safety_anchor_patch_refined,2069,36.2942,29.6307,63.7058,0,heldout,
real_buchwald_hartwig,mixed_kernel_gp_ei,2069,36.2942,29.6307,63.7058,0,heldout,
real_buchwald_hartwig,target_acquisition_portfolio,2069,36.2942,29.6307,63.7058,0,heldout,
real_buchwald_hartwig,fixed_scale_ensemble_0p5_1_1p5_2_3_4,2070,82.2078,69.2199,17.7922,0,heldout,
real_buchwald_hartwig,gp_ucb,2070,92.127,79.0203,7.873,0,heldout,
real_buchwald_hartwig,llm_calibrated_selector,2070,92.127,79.0203,7.873,0,heldout,gp_ucb
real_buchwald_hartwig,llm_evolved_kernel_conservative_patch_1_refined,2070,82.2078,69.2199,17.7922,0,heldout,
real_buchwald_hartwig,llm_evolved_kernel_counter_hypothesis_patch_refined,2070,82.2078,75.7139,17.7922,0,heldout,
real_buchwald_hartwig,llm_evolved_kernel_exploration_patch_1_refined,2070,92.3912,82.5028,7.6088,0,heldout,
real_buchwald_hartwig,llm_evolved_kernel_high_confidence_patch_refined,2070,82.2078,69.2199,17.7922,0,heldout,
real_buchwald_hartwig,llm_evolved_kernel_multi_scale_ensemble_patch_refined,2070,82.2078,69.2199,17.7922,0,heldout,
real_buchwald_hartwig,llm_evolved_kernel_safety_anchor_patch_refined,2070,82.2078,69.2199,17.7922,0,heldout,
real_buchwald_hartwig,mixed_kernel_gp_ei,2070,92.127,79.0203,7.873,0,heldout,
real_buchwald_hartwig,target_acquisition_portfolio,2070,92.127,79.0203,7.873,0,heldout,
real_buchwald_hartwig,fixed_scale_ensemble_0p5_1_1p5_2_3_4,2071,95.6759,85.8717,4.3241,0,heldout,
real_buchwald_hartwig,gp_ucb,2071,80.711,80.711,19.289,0,heldout,
real_buchwald_hartwig,llm_calibrated_selector,2071,80.711,80.711,19.289,0,heldout,gp_ucb
real_buchwald_hartwig,llm_evolved_kernel_conservative_patch_1_refined,2071,95.6759,85.8717,4.3241,0,heldout,
real_buchwald_hartwig,llm_evolved_kernel_counter_hypothesis_patch_refined,2071,80.711,80.711,19.289,0,heldout,
real_buchwald_hartwig,llm_evolved_kernel_exploration_patch_1_refined,2071,80.711,80.711,19.289,0,heldout,
real_buchwald_hartwig,llm_evolved_kernel_high_confidence_patch_refined,2071,95.6759,85.6993,4.3241,0,heldout,
real_buchwald_hartwig,llm_evolved_kernel_multi_scale_ensemble_patch_refined,2071,95.6759,85.8717,4.3241,0,heldout,
real_buchwald_hartwig,llm_evolved_kernel_safety_anchor_patch_refined,2071,95.6759,85.8717,4.3241,0,heldout,
real_buchwald_hartwig,mixed_kernel_gp_ei,2071,80.711,80.711,19.289,0,heldout,
real_buchwald_hartwig,target_acquisition_portfolio,2071,80.711,80.711,19.289,0,heldout,
real_buchwald_hartwig,fixed_scale_ensemble_0p5_1_1p5_2_3_4,2072,75.9855,75.9855,24.0145,0,heldout,
real_buchwald_hartwig,gp_ucb,2072,80.4915,77.4875,19.5085,0,heldout,
real_buchwald_hartwig,llm_calibrated_selector,2072,80.4915,77.4875,19.5085,0,heldout,gp_ucb
real_buchwald_hartwig,llm_evolved_kernel_conservative_patch_1_refined,2072,80.4915,77.4875,19.5085,0,heldout,
real_buchwald_hartwig,llm_evolved_kernel_counter_hypothesis_patch_refined,2072,80.4915,77.4875,19.5085,0,heldout,
real_buchwald_hartwig,llm_evolved_kernel_exploration_patch_1_refined,2072,89.8895,85.2548,10.1105,0,heldout,
real_buchwald_hartwig,llm_evolved_kernel_high_confidence_patch_refined,2072,75.9855,75.9855,24.0145,0,heldout,
real_buchwald_hartwig,llm_evolved_kernel_multi_scale_ensemble_patch_refined,2072,75.9855,75.9855,24.0145,0,heldout,
real_buchwald_hartwig,llm_evolved_kernel_safety_anchor_patch_refined,2072,80.4915,77.4875,19.5085,0,heldout,
real_buchwald_hartwig,mixed_kernel_gp_ei,2072,75.9855,75.9855,24.0145,0,heldout,
real_buchwald_hartwig,target_acquisition_portfolio,2072,80.4915,77.4875,19.5085,0,heldout,
real_buchwald_hartwig,fixed_scale_ensemble_0p5_1_1p5_2_3_4,2073,80.978,80.978,19.022,0,heldout,
real_buchwald_hartwig,gp_ucb,2073,80.978,80.978,19.022,0,heldout,
real_buchwald_hartwig,llm_calibrated_selector,2073,80.978,80.978,19.022,0,heldout,gp_ucb
real_buchwald_hartwig,llm_evolved_kernel_conservative_patch_1_refined,2073,80.978,80.978,19.022,0,heldout,
real_buchwald_hartwig,llm_evolved_kernel_counter_hypothesis_patch_refined,2073,82.6307,81.5289,17.3693,0,heldout,
real_buchwald_hartwig,llm_evolved_kernel_exploration_patch_1_refined,2073,80.978,80.978,19.022,0,heldout,
real_buchwald_hartwig,llm_evolved_kernel_high_confidence_patch_refined,2073,80.978,80.978,19.022,0,heldout,
real_buchwald_hartwig,llm_evolved_kernel_multi_scale_ensemble_patch_refined,2073,80.978,80.978,19.022,0,heldout,
real_buchwald_hartwig,llm_evolved_kernel_safety_anchor_patch_refined,2073,80.978,80.978,19.022,0,heldout,
real_buchwald_hartwig,mixed_kernel_gp_ei,2073,80.978,80.978,19.022,0,heldout,
real_buchwald_hartwig,target_acquisition_portfolio,2073,80.978,80.978,19.022,0,heldout,
real_buchwald_hartwig,fixed_scale_ensemble_0p5_1_1p5_2_3_4,2074,82.3494,81.3351,17.6506,0,heldout,
real_buchwald_hartwig,gp_ucb,2074,82.3494,81.3351,17.6506,0,heldout,
real_buchwald_hartwig,llm_calibrated_selector,2074,82.3494,81.3351,17.6506,0,heldout,gp_ucb
real_buchwald_hartwig,llm_evolved_kernel_conservative_patch_1_refined,2074,82.3494,81.3351,17.6506,0,heldout,
real_buchwald_hartwig,llm_evolved_kernel_counter_hypothesis_patch_refined,2074,82.3494,81.3351,17.6506,0,heldout,
real_buchwald_hartwig,llm_evolved_kernel_exploration_patch_1_refined,2074,82.3494,82.3494,17.6506,0,heldout,
real_buchwald_hartwig,llm_evolved_kernel_high_confidence_patch_refined,2074,82.3494,81.3351,17.6506,0,heldout,
real_buchwald_hartwig,llm_evolved_kernel_multi_scale_ensemble_patch_refined,2074,82.3494,81.3351,17.6506,0,heldout,
real_buchwald_hartwig,llm_evolved_kernel_safety_anchor_patch_refined,2074,82.3494,81.3351,17.6506,0,heldout,
real_buchwald_hartwig,mixed_kernel_gp_ei,2074,82.3494,81.3351,17.6506,0,heldout,
real_buchwald_hartwig,target_acquisition_portfolio,2074,82.3494,81.3351,17.6506,0,heldout,
real_buchwald_hartwig,fixed_scale_ensemble_0p5_1_1p5_2_3_4,2075,84.4027,75.9164,15.5973,0,heldout,
real_buchwald_hartwig,gp_ucb,2075,75.3018,75.3018,24.6982,0,heldout,
real_buchwald_hartwig,llm_calibrated_selector,2075,75.3018,75.3018,24.6982,0,heldout,gp_ucb
real_buchwald_hartwig,llm_evolved_kernel_conservative_patch_1_refined,2075,88.4043,76.8322,11.5957,0,heldout,
real_buchwald_hartwig,llm_evolved_kernel_counter_hypothesis_patch_refined,2075,68.5749,60.0607,31.4251,0,heldout,
real_buchwald_hartwig,llm_evolved_kernel_exploration_patch_1_refined,2075,84.5566,84.5566,15.4434,0,heldout,
real_buchwald_hartwig,llm_evolved_kernel_high_confidence_patch_refined,2075,73.2464,68.392,26.7536,0,heldout,
real_buchwald_hartwig,llm_evolved_kernel_multi_scale_ensemble_patch_refined,2075,75.3018,75.3018,24.6982,0,heldout,
real_buchwald_hartwig,llm_evolved_kernel_safety_anchor_patch_refined,2075,75.3018,75.3018,24.6982,0,heldout,
real_buchwald_hartwig,mixed_kernel_gp_ei,2075,90.7313,69.5396,9.2687,0,heldout,
real_buchwald_hartwig,target_acquisition_portfolio,2075,90.7313,69.5396,9.2687,0,heldout,
real_buchwald_hartwig,fixed_scale_ensemble_0p5_1_1p5_2_3_4,2076,93.5641,93.5641,6.4359,0,heldout,
real_buchwald_hartwig,gp_ucb,2076,82.5709,82.5709,17.4291,0,heldout,
real_buchwald_hartwig,llm_calibrated_selector,2076,82.5709,82.5709,17.4291,0,heldout,gp_ucb
real_buchwald_hartwig,llm_evolved_kernel_conservative_patch_1_refined,2076,93.5641,93.5641,6.4359,0,heldout,
real_buchwald_hartwig,llm_evolved_kernel_counter_hypothesis_patch_refined,2076,82.5709,82.5709,17.4291,0,heldout,
real_buchwald_hartwig,llm_evolved_kernel_exploration_patch_1_refined,2076,65.9902,65.9902,34.0098,0,heldout,
real_buchwald_hartwig,llm_evolved_kernel_high_confidence_patch_refined,2076,93.5641,93.5641,6.4359,0,heldout,
real_buchwald_hartwig,llm_evolved_kernel_multi_scale_ensemble_patch_refined,2076,93.5641,93.5641,6.4359,0,heldout,
real_buchwald_hartwig,llm_evolved_kernel_safety_anchor_patch_refined,2076,93.5641,93.5641,6.4359,0,heldout,
real_buchwald_hartwig,mixed_kernel_gp_ei,2076,82.5709,82.5709,17.4291,0,heldout,
real_buchwald_hartwig,target_acquisition_portfolio,2076,82.5709,82.5709,17.4291,0,heldout,
real_buchwald_hartwig,fixed_scale_ensemble_0p5_1_1p5_2_3_4,2077,82.8406,82.8406,17.1594,0,heldout,
real_buchwald_hartwig,gp_ucb,2077,82.8406,82.8406,17.1594,0,heldout,
real_buchwald_hartwig,llm_calibrated_selector,2077,82.8406,82.8406,17.1594,0,heldout,gp_ucb
real_buchwald_hartwig,llm_evolved_kernel_conservative_patch_1_refined,2077,82.8406,82.8406,17.1594,0,heldout,
real_buchwald_hartwig,llm_evolved_kernel_counter_hypothesis_patch_refined,2077,83.0547,82.9833,16.9453,0,heldout,
real_buchwald_hartwig,llm_evolved_kernel_exploration_patch_1_refined,2077,83.0547,82.912,16.9453,0,heldout,
real_buchwald_hartwig,llm_evolved_kernel_high_confidence_patch_refined,2077,83.0547,82.9833,16.9453,0,heldout,
real_buchwald_hartwig,llm_evolved_kernel_multi_scale_ensemble_patch_refined,2077,83.1495,82.9436,16.8505,0,heldout,
real_buchwald_hartwig,llm_evolved_kernel_safety_anchor_patch_refined,2077,82.8406,82.8406,17.1594,0,heldout,
real_buchwald_hartwig,mixed_kernel_gp_ei,2077,83.0547,82.9833,16.9453,0,heldout,
real_buchwald_hartwig,target_acquisition_portfolio,2077,82.8406,82.8406,17.1594,0,heldout,
real_buchwald_hartwig,fixed_scale_ensemble_0p5_1_1p5_2_3_4,2078,77.7868,72.1923,22.2132,0,heldout,
real_buchwald_hartwig,gp_ucb,2078,77.7868,72.1923,22.2132,0,heldout,
real_buchwald_hartwig,llm_calibrated_selector,2078,77.7868,72.1923,22.2132,0,heldout,gp_ucb
real_buchwald_hartwig,llm_evolved_kernel_conservative_patch_1_refined,2078,77.7868,72.1923,22.2132,0,heldout,
real_buchwald_hartwig,llm_evolved_kernel_counter_hypothesis_patch_refined,2078,69.395,69.395,30.605,0,heldout,
real_buchwald_hartwig,llm_evolved_kernel_exploration_patch_1_refined,2078,77.7868,74.9895,22.2132,0,heldout,
real_buchwald_hartwig,llm_evolved_kernel_high_confidence_patch_refined,2078,77.7868,72.1923,22.2132,0,heldout,
real_buchwald_hartwig,llm_evolved_kernel_multi_scale_ensemble_patch_refined,2078,77.7868,72.1923,22.2132,0,heldout,
real_buchwald_hartwig,llm_evolved_kernel_safety_anchor_patch_refined,2078,77.7868,72.1923,22.2132,0,heldout,
real_buchwald_hartwig,mixed_kernel_gp_ei,2078,73.0818,70.6239,26.9182,0,heldout,
real_buchwald_hartwig,target_acquisition_portfolio,2078,72.9803,70.5901,27.0197,0,heldout,
real_buchwald_hartwig,fixed_scale_ensemble_0p5_1_1p5_2_3_4,2079,92.2093,92.2093,7.7907,0,heldout,
real_buchwald_hartwig,gp_ucb,2079,92.2093,89.1535,7.7907,0,heldout,
real_buchwald_hartwig,llm_calibrated_selector,2079,92.2093,89.1535,7.7907,0,heldout,gp_ucb
real_buchwald_hartwig,llm_evolved_kernel_conservative_patch_1_refined,2079,92.2093,92.2093,7.7907,0,heldout,
real_buchwald_hartwig,llm_evolved_kernel_counter_hypothesis_patch_refined,2079,92.2093,89.1535,7.7907,0,heldout,
real_buchwald_hartwig,llm_evolved_kernel_exploration_patch_1_refined,2079,92.2093,88.8948,7.7907,0,heldout,
real_buchwald_hartwig,llm_evolved_kernel_high_confidence_patch_refined,2079,86.7926,85.5424,13.2074,0,heldout,
real_buchwald_hartwig,llm_evolved_kernel_multi_scale_ensemble_patch_refined,2079,92.2093,92.2093,7.7907,0,heldout,
real_buchwald_hartwig,llm_evolved_kernel_safety_anchor_patch_refined,2079,92.2093,92.2093,7.7907,0,heldout,
real_buchwald_hartwig,mixed_kernel_gp_ei,2079,92.2093,89.1535,7.7907,0,heldout,
real_buchwald_hartwig,target_acquisition_portfolio,2079,92.2093,89.1535,7.7907,0,heldout,
real_buchwald_hartwig,fixed_scale_ensemble_0p5_1_1p5_2_3_4,2080,52.673,47.2647,47.327,0,heldout,
real_buchwald_hartwig,gp_ucb,2080,52.673,45.5167,47.327,0,heldout,
real_buchwald_hartwig,llm_calibrated_selector,2080,52.673,45.5167,47.327,0,heldout,gp_ucb
real_buchwald_hartwig,llm_evolved_kernel_conservative_patch_1_refined,2080,52.673,47.2647,47.327,0,heldout,
real_buchwald_hartwig,llm_evolved_kernel_counter_hypothesis_patch_refined,2080,63.2247,57.0033,36.7753,0,heldout,
real_buchwald_hartwig,llm_evolved_kernel_exploration_patch_1_refined,2080,52.673,47.1857,47.327,0,heldout,
real_buchwald_hartwig,llm_evolved_kernel_high_confidence_patch_refined,2080,52.673,47.2647,47.327,0,heldout,
real_buchwald_hartwig,llm_evolved_kernel_multi_scale_ensemble_patch_refined,2080,52.673,47.2647,47.327,0,heldout,
real_buchwald_hartwig,llm_evolved_kernel_safety_anchor_patch_refined,2080,44.442,42.773,55.558,0,heldout,
real_buchwald_hartwig,mixed_kernel_gp_ei,2080,52.673,45.9625,47.327,0,heldout,
real_buchwald_hartwig,target_acquisition_portfolio,2080,52.673,45.5167,47.327,0,heldout,
real_buchwald_hartwig,fixed_scale_ensemble_0p5_1_1p5_2_3_4,2081,88.1675,88.1675,11.8325,0,heldout,
real_buchwald_hartwig,gp_ucb,2081,88.1675,88.1675,11.8325,0,heldout,
real_buchwald_hartwig,llm_calibrated_selector,2081,88.1675,88.1675,11.8325,0,heldout,gp_ucb
real_buchwald_hartwig,llm_evolved_kernel_conservative_patch_1_refined,2081,88.1675,88.1675,11.8325,0,heldout,
real_buchwald_hartwig,llm_evolved_kernel_counter_hypothesis_patch_refined,2081,88.1675,88.1675,11.8325,0,heldout,
real_buchwald_hartwig,llm_evolved_kernel_exploration_patch_1_refined,2081,54.2238,54.2238,45.7762,0,heldout,
real_buchwald_hartwig,llm_evolved_kernel_high_confidence_patch_refined,2081,88.1675,88.1675,11.8325,0,heldout,
real_buchwald_hartwig,llm_evolved_kernel_multi_scale_ensemble_patch_refined,2081,93.4211,78.6041,6.5789,0,heldout,
real_buchwald_hartwig,llm_evolved_kernel_safety_anchor_patch_refined,2081,88.1675,88.1675,11.8325,0,heldout,
real_buchwald_hartwig,mixed_kernel_gp_ei,2081,88.1675,88.1675,11.8325,0,heldout,
real_buchwald_hartwig,target_acquisition_portfolio,2081,88.1675,88.1675,11.8325,0,heldout,
real_buchwald_hartwig,fixed_scale_ensemble_0p5_1_1p5_2_3_4,2082,89.8895,89.8895,10.1105,0,heldout,
real_buchwald_hartwig,gp_ucb,2082,89.8895,89.8895,10.1105,0,heldout,
real_buchwald_hartwig,llm_calibrated_selector,2082,89.8895,89.8895,10.1105,0,heldout,gp_ucb
real_buchwald_hartwig,llm_evolved_kernel_conservative_patch_1_refined,2082,89.8895,89.8895,10.1105,0,heldout,
real_buchwald_hartwig,llm_evolved_kernel_counter_hypothesis_patch_refined,2082,89.8895,89.8895,10.1105,0,heldout,
real_buchwald_hartwig,llm_evolved_kernel_exploration_patch_1_refined,2082,89.8895,89.8895,10.1105,0,heldout,
real_buchwald_hartwig,llm_evolved_kernel_high_confidence_patch_refined,2082,89.8895,89.8895,10.1105,0,heldout,
real_buchwald_hartwig,llm_evolved_kernel_multi_scale_ensemble_patch_refined,2082,89.8895,89.8895,10.1105,0,heldout,
real_buchwald_hartwig,llm_evolved_kernel_safety_anchor_patch_refined,2082,89.8895,89.8895,10.1105,0,heldout,
real_buchwald_hartwig,mixed_kernel_gp_ei,2082,89.8895,89.8895,10.1105,0,heldout,
real_buchwald_hartwig,target_acquisition_portfolio,2082,89.8895,89.8895,10.1105,0,heldout,
real_buchwald_hartwig,fixed_scale_ensemble_0p5_1_1p5_2_3_4,2083,57.333,57.333,42.667,0,heldout,
real_buchwald_hartwig,gp_ucb,2083,57.333,57.333,42.667,0,heldout,
real_buchwald_hartwig,llm_calibrated_selector,2083,57.333,57.333,42.667,0,heldout,gp_ucb
real_buchwald_hartwig,llm_evolved_kernel_conservative_patch_1_refined,2083,57.333,57.333,42.667,0,heldout,
real_buchwald_hartwig,llm_evolved_kernel_counter_hypothesis_patch_refined,2083,58.4606,57.7089,41.5394,0,heldout,
real_buchwald_hartwig,llm_evolved_kernel_exploration_patch_1_refined,2083,57.333,57.333,42.667,0,heldout,
real_buchwald_hartwig,llm_evolved_kernel_high_confidence_patch_refined,2083,61.0565,58.5742,38.9435,0,heldout,
real_buchwald_hartwig,llm_evolved_kernel_multi_scale_ensemble_patch_refined,2083,57.333,57.333,42.667,0,heldout,
real_buchwald_hartwig,llm_evolved_kernel_safety_anchor_patch_refined,2083,57.333,57.333,42.667,0,heldout,
real_buchwald_hartwig,mixed_kernel_gp_ei,2083,77.858,64.1747,22.142,0,heldout,
real_buchwald_hartwig,target_acquisition_portfolio,2083,77.858,64.1747,22.142,0,heldout,
real_buchwald_hartwig,fixed_scale_ensemble_0p5_1_1p5_2_3_4,2084,92.1372,92.1372,7.8628,0,heldout,
real_buchwald_hartwig,gp_ucb,2084,92.1372,92.1372,7.8628,0,heldout,
real_buchwald_hartwig,llm_calibrated_selector,2084,92.1372,92.1372,7.8628,0,heldout,gp_ucb
real_buchwald_hartwig,llm_evolved_kernel_conservative_patch_1_refined,2084,92.1372,92.1372,7.8628,0,heldout,
real_buchwald_hartwig,llm_evolved_kernel_counter_hypothesis_patch_refined,2084,92.1372,92.1372,7.8628,0,heldout,
real_buchwald_hartwig,llm_evolved_kernel_exploration_patch_1_refined,2084,92.1372,92.1372,7.8628,0,heldout,
real_buchwald_hartwig,llm_evolved_kernel_high_confidence_patch_refined,2084,93.3108,92.7874,6.6892,0,heldout,
real_buchwald_hartwig,llm_evolved_kernel_multi_scale_ensemble_patch_refined,2084,92.1372,92.1372,7.8628,0,heldout,
real_buchwald_hartwig,llm_evolved_kernel_safety_anchor_patch_refined,2084,92.1372,92.1372,7.8628,0,heldout,
real_buchwald_hartwig,mixed_kernel_gp_ei,2084,92.1372,92.1372,7.8628,0,heldout,
real_buchwald_hartwig,target_acquisition_portfolio,2084,92.1372,92.1372,7.8628,0,heldout,
real_buchwald_hartwig,fixed_scale_ensemble_0p5_1_1p5_2_3_4,2085,78.0029,57.811,21.9971,0,heldout,
real_buchwald_hartwig,gp_ucb,2085,78.0029,57.811,21.9971,0,heldout,
real_buchwald_hartwig,llm_calibrated_selector,2085,78.0029,57.811,21.9971,0,heldout,gp_ucb
real_buchwald_hartwig,llm_evolved_kernel_conservative_patch_1_refined,2085,78.0029,57.811,21.9971,0,heldout,
real_buchwald_hartwig,llm_evolved_kernel_counter_hypothesis_patch_refined,2085,86.1051,78.424,13.8949,0,heldout,
real_buchwald_hartwig,llm_evolved_kernel_exploration_patch_1_refined,2085,47.715,43.263,52.285,0,heldout,
real_buchwald_hartwig,llm_evolved_kernel_high_confidence_patch_refined,2085,51.389,48.9397,48.611,0,heldout,
real_buchwald_hartwig,llm_evolved_kernel_multi_scale_ensemble_patch_refined,2085,78.0029,57.811,21.9971,0,heldout,
real_buchwald_hartwig,llm_evolved_kernel_safety_anchor_patch_refined,2085,78.0029,57.811,21.9971,0,heldout,
real_buchwald_hartwig,mixed_kernel_gp_ei,2085,86.1051,78.424,13.8949,0,heldout,
real_buchwald_hartwig,target_acquisition_portfolio,2085,86.1051,78.424,13.8949,0,heldout,
real_buchwald_hartwig,fixed_scale_ensemble_0p5_1_1p5_2_3_4,2086,98.8492,96.8675,1.1508,1,heldout,
real_buchwald_hartwig,gp_ucb,2086,98.8492,96.8675,1.1508,1,heldout,
real_buchwald_hartwig,llm_calibrated_selector,2086,98.8492,96.8675,1.1508,1,heldout,gp_ucb
real_buchwald_hartwig,llm_evolved_kernel_conservative_patch_1_refined,2086,98.8492,96.8675,1.1508,1,heldout,
real_buchwald_hartwig,llm_evolved_kernel_counter_hypothesis_patch_refined,2086,98.8492,94.8857,1.1508,1,heldout,
real_buchwald_hartwig,llm_evolved_kernel_exploration_patch_1_refined,2086,98.8492,96.8675,1.1508,1,heldout,
real_buchwald_hartwig,llm_evolved_kernel_high_confidence_patch_refined,2086,98.8492,96.8675,1.1508,1,heldout,
real_buchwald_hartwig,llm_evolved_kernel_multi_scale_ensemble_patch_refined,2086,98.8492,96.8675,1.1508,1,heldout,
real_buchwald_hartwig,llm_evolved_kernel_safety_anchor_patch_refined,2086,98.8492,96.8675,1.1508,1,heldout,
real_buchwald_hartwig,mixed_kernel_gp_ei,2086,98.8492,96.8675,1.1508,1,heldout,
real_buchwald_hartwig,target_acquisition_portfolio,2086,98.8492,96.8675,1.1508,1,heldout,
real_buchwald_hartwig,fixed_scale_ensemble_0p5_1_1p5_2_3_4,2087,80.5828,76.6707,19.4172,0,heldout,
real_buchwald_hartwig,gp_ucb,2087,80.5828,76.6707,19.4172,0,heldout,
real_buchwald_hartwig,llm_calibrated_selector,2087,80.5828,76.6707,19.4172,0,heldout,gp_ucb
real_buchwald_hartwig,llm_evolved_kernel_conservative_patch_1_refined,2087,80.5828,76.6707,19.4172,0,heldout,
real_buchwald_hartwig,llm_evolved_kernel_counter_hypothesis_patch_refined,2087,73.6432,72.0443,26.3568,0,heldout,
real_buchwald_hartwig,llm_evolved_kernel_exploration_patch_1_refined,2087,73.6432,73.6432,26.3568,0,heldout,
real_buchwald_hartwig,llm_evolved_kernel_high_confidence_patch_refined,2087,73.6432,72.0443,26.3568,0,heldout,
real_buchwald_hartwig,llm_evolved_kernel_multi_scale_ensemble_patch_refined,2087,68.8466,68.8466,31.1534,0,heldout,
real_buchwald_hartwig,llm_evolved_kernel_safety_anchor_patch_refined,2087,80.5828,76.6707,19.4172,0,heldout,
real_buchwald_hartwig,mixed_kernel_gp_ei,2087,80.5828,75.3549,19.4172,0,heldout,
real_buchwald_hartwig,target_acquisition_portfolio,2087,73.6432,72.0443,26.3568,0,heldout,
real_buchwald_hartwig,fixed_scale_ensemble_0p5_1_1p5_2_3_4,2088,54.2371,54.2371,45.7629,0,heldout,
real_buchwald_hartwig,gp_ucb,2088,54.2371,54.2371,45.7629,0,heldout,
real_buchwald_hartwig,llm_calibrated_selector,2088,54.2371,54.2371,45.7629,0,heldout,gp_ucb
real_buchwald_hartwig,llm_evolved_kernel_conservative_patch_1_refined,2088,54.2371,54.2371,45.7629,0,heldout,
real_buchwald_hartwig,llm_evolved_kernel_counter_hypothesis_patch_refined,2088,54.2371,54.2371,45.7629,0,heldout,
real_buchwald_hartwig,llm_evolved_kernel_exploration_patch_1_refined,2088,49.3209,49.3209,50.6791,0,heldout,
real_buchwald_hartwig,llm_evolved_kernel_high_confidence_patch_refined,2088,54.2371,54.2371,45.7629,0,heldout,
real_buchwald_hartwig,llm_evolved_kernel_multi_scale_ensemble_patch_refined,2088,54.2371,54.2371,45.7629,0,heldout,
real_buchwald_hartwig,llm_evolved_kernel_safety_anchor_patch_refined,2088,54.2371,54.2371,45.7629,0,heldout,
real_buchwald_hartwig,mixed_kernel_gp_ei,2088,54.2371,54.2371,45.7629,0,heldout,
real_buchwald_hartwig,target_acquisition_portfolio,2088,54.2371,54.2371,45.7629,0,heldout,
real_buchwald_hartwig,fixed_scale_ensemble_0p5_1_1p5_2_3_4,2089,43.5682,43.5682,56.4318,0,heldout,
real_buchwald_hartwig,gp_ucb,2089,45.5224,44.871,54.4776,0,heldout,
real_buchwald_hartwig,llm_calibrated_selector,2089,45.5224,44.871,54.4776,0,heldout,gp_ucb
real_buchwald_hartwig,llm_evolved_kernel_conservative_patch_1_refined,2089,45.5224,45.5224,54.4776,0,heldout,
real_buchwald_hartwig,llm_evolved_kernel_counter_hypothesis_patch_refined,2089,45.5224,45.5224,54.4776,0,heldout,
real_buchwald_hartwig,llm_evolved_kernel_exploration_patch_1_refined,2089,43.5682,43.5682,56.4318,0,heldout,
real_buchwald_hartwig,llm_evolved_kernel_high_confidence_patch_refined,2089,45.5224,44.2196,54.4776,0,heldout,
real_buchwald_hartwig,llm_evolved_kernel_multi_scale_ensemble_patch_refined,2089,51.1168,46.0844,48.8832,0,heldout,
real_buchwald_hartwig,llm_evolved_kernel_safety_anchor_patch_refined,2089,45.5224,45.5224,54.4776,0,heldout,
real_buchwald_hartwig,mixed_kernel_gp_ei,2089,45.5224,45.5224,54.4776,0,heldout,
real_buchwald_hartwig,target_acquisition_portfolio,2089,45.5224,45.5224,54.4776,0,heldout,
real_buchwald_hartwig,fixed_scale_ensemble_0p5_1_1p5_2_3_4,2090,99.6191,88.5961,0.3809,1,heldout,
real_buchwald_hartwig,gp_ucb,2090,84.6825,83.036,15.3175,0,heldout,
real_buchwald_hartwig,llm_calibrated_selector,2090,84.6825,83.036,15.3175,0,heldout,gp_ucb
real_buchwald_hartwig,llm_evolved_kernel_conservative_patch_1_refined,2090,86.215,84.128,13.785,0,heldout,
real_buchwald_hartwig,llm_evolved_kernel_counter_hypothesis_patch_refined,2090,84.6825,83.9029,15.3175,0,heldout,
real_buchwald_hartwig,llm_evolved_kernel_exploration_patch_1_refined,2090,84.6825,83.8593,15.3175,0,heldout,
real_buchwald_hartwig,llm_evolved_kernel_high_confidence_patch_refined,2090,84.6825,83.0797,15.3175,0,heldout,
real_buchwald_hartwig,llm_evolved_kernel_multi_scale_ensemble_patch_refined,2090,99.6191,93.8607,0.3809,1,heldout,
real_buchwald_hartwig,llm_evolved_kernel_safety_anchor_patch_refined,2090,99.6191,88.5961,0.3809,1,heldout,
real_buchwald_hartwig,mixed_kernel_gp_ei,2090,82.3438,82.2565,17.6562,0,heldout,
real_buchwald_hartwig,target_acquisition_portfolio,2090,84.6825,83.036,15.3175,0,heldout,
real_buchwald_hartwig,fixed_scale_ensemble_0p5_1_1p5_2_3_4,2091,77.6669,73.6709,22.3331,0,heldout,
real_buchwald_hartwig,gp_ucb,2091,77.6669,73.6709,22.3331,0,heldout,
real_buchwald_hartwig,llm_calibrated_selector,2091,77.6669,73.6709,22.3331,0,heldout,gp_ucb
real_buchwald_hartwig,llm_evolved_kernel_conservative_patch_1_refined,2091,77.6669,73.6709,22.3331,0,heldout,
real_buchwald_hartwig,llm_evolved_kernel_counter_hypothesis_patch_refined,2091,77.6669,69.675,22.3331,0,heldout,
real_buchwald_hartwig,llm_evolved_kernel_exploration_patch_1_refined,2091,77.6669,77.3764,22.3331,0,heldout,
real_buchwald_hartwig,llm_evolved_kernel_high_confidence_patch_refined,2091,74.5923,68.6501,25.4077,0,heldout,
real_buchwald_hartwig,llm_evolved_kernel_multi_scale_ensemble_patch_refined,2091,77.6669,73.6709,22.3331,0,heldout,
real_buchwald_hartwig,llm_evolved_kernel_safety_anchor_patch_refined,2091,77.6669,73.6709,22.3331,0,heldout,
real_buchwald_hartwig,mixed_kernel_gp_ei,2091,77.6669,69.675,22.3331,0,heldout,
real_buchwald_hartwig,target_acquisition_portfolio,2091,65.679,65.679,34.321,0,heldout,
real_buchwald_hartwig,fixed_scale_ensemble_0p5_1_1p5_2_3_4,2092,78.224,77.322,21.776,0,heldout,
real_buchwald_hartwig,gp_ucb,2092,76.1142,76.1142,23.8858,0,heldout,
real_buchwald_hartwig,llm_calibrated_selector,2092,76.1142,76.1142,23.8858,0,heldout,gp_ucb
real_buchwald_hartwig,llm_evolved_kernel_conservative_patch_1_refined,2092,78.224,77.322,21.776,0,heldout,
real_buchwald_hartwig,llm_evolved_kernel_counter_hypothesis_patch_refined,2092,76.1142,76.1142,23.8858,0,heldout,
real_buchwald_hartwig,llm_evolved_kernel_exploration_patch_1_refined,2092,76.1142,61.8367,23.8858,0,heldout,
real_buchwald_hartwig,llm_evolved_kernel_high_confidence_patch_refined,2092,91.6524,86.473,8.3476,0,heldout,
real_buchwald_hartwig,llm_evolved_kernel_multi_scale_ensemble_patch_refined,2092,78.224,77.322,21.776,0,heldout,
real_buchwald_hartwig,llm_evolved_kernel_safety_anchor_patch_refined,2092,76.1142,76.1142,23.8858,0,heldout,
real_buchwald_hartwig,mixed_kernel_gp_ei,2092,91.6524,81.2936,8.3476,0,heldout,
real_buchwald_hartwig,target_acquisition_portfolio,2092,91.6524,81.2936,8.3476,0,heldout,
real_buchwald_hartwig,fixed_scale_ensemble_0p5_1_1p5_2_3_4,2093,25.0737,25.0737,74.9263,0,heldout,
real_buchwald_hartwig,gp_ucb,2093,25.0737,25.0737,74.9263,0,heldout,
real_buchwald_hartwig,llm_calibrated_selector,2093,25.0737,25.0737,74.9263,0,heldout,gp_ucb
real_buchwald_hartwig,llm_evolved_kernel_conservative_patch_1_refined,2093,25.0737,25.0737,74.9263,0,heldout,
real_buchwald_hartwig,llm_evolved_kernel_counter_hypothesis_patch_refined,2093,25.0737,25.0737,74.9263,0,heldout,
real_buchwald_hartwig,llm_evolved_kernel_exploration_patch_1_refined,2093,34.2969,34.2969,65.7031,0,heldout,
real_buchwald_hartwig,llm_evolved_kernel_high_confidence_patch_refined,2093,58.6108,36.2527,41.3892,0,heldout,
real_buchwald_hartwig,llm_evolved_kernel_multi_scale_ensemble_patch_refined,2093,25.0737,25.0737,74.9263,0,heldout,
real_buchwald_hartwig,llm_evolved_kernel_safety_anchor_patch_refined,2093,25.0737,25.0737,74.9263,0,heldout,
real_buchwald_hartwig,mixed_kernel_gp_ei,2093,25.0737,25.0737,74.9263,0,heldout,
real_buchwald_hartwig,target_acquisition_portfolio,2093,25.0737,25.0737,74.9263,0,heldout,
real_buchwald_hartwig,fixed_scale_ensemble_0p5_1_1p5_2_3_4,2094,72.5874,72.5874,27.4126,0,heldout,
real_buchwald_hartwig,gp_ucb,2094,72.5874,72.5874,27.4126,0,heldout,
real_buchwald_hartwig,llm_calibrated_selector,2094,72.5874,72.5874,27.4126,0,heldout,gp_ucb
real_buchwald_hartwig,llm_evolved_kernel_conservative_patch_1_refined,2094,72.5874,72.5874,27.4126,0,heldout,
real_buchwald_hartwig,llm_evolved_kernel_counter_hypothesis_patch_refined,2094,72.5874,72.5874,27.4126,0,heldout,
real_buchwald_hartwig,llm_evolved_kernel_exploration_patch_1_refined,2094,82.3494,75.8414,17.6506,0,heldout,
real_buchwald_hartwig,llm_evolved_kernel_high_confidence_patch_refined,2094,82.3494,75.8414,17.6506,0,heldout,
real_buchwald_hartwig,llm_evolved_kernel_multi_scale_ensemble_patch_refined,2094,72.5874,72.5874,27.4126,0,heldout,
real_buchwald_hartwig,llm_evolved_kernel_safety_anchor_patch_refined,2094,72.5874,72.5874,27.4126,0,heldout,
real_buchwald_hartwig,mixed_kernel_gp_ei,2094,72.5874,72.5874,27.4126,0,heldout,
real_buchwald_hartwig,target_acquisition_portfolio,2094,72.5874,72.5874,27.4126,0,heldout,
real_buchwald_hartwig,fixed_scale_ensemble_0p5_1_1p5_2_3_4,2095,63.1891,61.3211,36.8109,0,heldout,
real_buchwald_hartwig,gp_ucb,2095,63.1891,61.3211,36.8109,0,heldout,
real_buchwald_hartwig,llm_calibrated_selector,2095,63.1891,61.3211,36.8109,0,heldout,gp_ucb
real_buchwald_hartwig,llm_evolved_kernel_conservative_patch_1_refined,2095,63.1891,61.3211,36.8109,0,heldout,
real_buchwald_hartwig,llm_evolved_kernel_counter_hypothesis_patch_refined,2095,63.1891,61.3211,36.8109,0,heldout,
real_buchwald_hartwig,llm_evolved_kernel_exploration_patch_1_refined,2095,63.1891,61.3211,36.8109,0,heldout,
real_buchwald_hartwig,llm_evolved_kernel_high_confidence_patch_refined,2095,63.1891,61.3211,36.8109,0,heldout,
real_buchwald_hartwig,llm_evolved_kernel_multi_scale_ensemble_patch_refined,2095,63.1891,61.3211,36.8109,0,heldout,
real_buchwald_hartwig,llm_evolved_kernel_safety_anchor_patch_refined,2095,63.1891,61.3211,36.8109,0,heldout,
real_buchwald_hartwig,mixed_kernel_gp_ei,2095,63.1891,61.3211,36.8109,0,heldout,
real_buchwald_hartwig,target_acquisition_portfolio,2095,63.1891,61.3211,36.8109,0,heldout,
real_buchwald_hartwig,fixed_scale_ensemble_0p5_1_1p5_2_3_4,2096,93.3108,93.3108,6.6892,0,heldout,
real_buchwald_hartwig,gp_ucb,2096,93.3108,93.3108,6.6892,0,heldout,
real_buchwald_hartwig,llm_calibrated_selector,2096,93.3108,93.3108,6.6892,0,heldout,gp_ucb
real_buchwald_hartwig,llm_evolved_kernel_conservative_patch_1_refined,2096,93.3108,93.3108,6.6892,0,heldout,
real_buchwald_hartwig,llm_evolved_kernel_counter_hypothesis_patch_refined,2096,93.3108,93.3108,6.6892,0,heldout,
real_buchwald_hartwig,llm_evolved_kernel_exploration_patch_1_refined,2096,93.3108,93.3108,6.6892,0,heldout,
real_buchwald_hartwig,llm_evolved_kernel_high_confidence_patch_refined,2096,93.3108,93.3108,6.6892,0,heldout,
real_buchwald_hartwig,llm_evolved_kernel_multi_scale_ensemble_patch_refined,2096,93.3108,93.3108,6.6892,0,heldout,
real_buchwald_hartwig,llm_evolved_kernel_safety_anchor_patch_refined,2096,93.3108,93.3108,6.6892,0,heldout,
real_buchwald_hartwig,mixed_kernel_gp_ei,2096,84.8561,84.8561,15.1439,0,heldout,
real_buchwald_hartwig,target_acquisition_portfolio,2096,93.3108,93.3108,6.6892,0,heldout,
real_buchwald_hartwig,fixed_scale_ensemble_0p5_1_1p5_2_3_4,2097,86.6896,86.6896,13.3104,0,heldout,
real_buchwald_hartwig,gp_ucb,2097,86.6896,86.6896,13.3104,0,heldout,
real_buchwald_hartwig,llm_calibrated_selector,2097,86.6896,86.6896,13.3104,0,heldout,gp_ucb
real_buchwald_hartwig,llm_evolved_kernel_conservative_patch_1_refined,2097,86.6896,86.6896,13.3104,0,heldout,
real_buchwald_hartwig,llm_evolved_kernel_counter_hypothesis_patch_refined,2097,86.6896,86.6896,13.3104,0,heldout,
real_buchwald_hartwig,llm_evolved_kernel_exploration_patch_1_refined,2097,86.6896,86.6896,13.3104,0,heldout,
real_buchwald_hartwig,llm_evolved_kernel_high_confidence_patch_refined,2097,86.6896,86.6896,13.3104,0,heldout,
real_buchwald_hartwig,llm_evolved_kernel_multi_scale_ensemble_patch_refined,2097,86.6896,86.6896,13.3104,0,heldout,
real_buchwald_hartwig,llm_evolved_kernel_safety_anchor_patch_refined,2097,86.6896,86.6896,13.3104,0,heldout,
real_buchwald_hartwig,mixed_kernel_gp_ei,2097,86.6896,86.6896,13.3104,0,heldout,
real_buchwald_hartwig,target_acquisition_portfolio,2097,86.6896,86.6896,13.3104,0,heldout,
real_buchwald_hartwig,fixed_scale_ensemble_0p5_1_1p5_2_3_4,2098,60.3054,60.3054,39.6946,0,heldout,
real_buchwald_hartwig,gp_ucb,2098,60.3054,60.3054,39.6946,0,heldout,
real_buchwald_hartwig,llm_calibrated_selector,2098,60.3054,60.3054,39.6946,0,heldout,gp_ucb
real_buchwald_hartwig,llm_evolved_kernel_conservative_patch_1_refined,2098,60.3054,60.3054,39.6946,0,heldout,
real_buchwald_hartwig,llm_evolved_kernel_counter_hypothesis_patch_refined,2098,60.3054,60.3054,39.6946,0,heldout,
real_buchwald_hartwig,llm_evolved_kernel_exploration_patch_1_refined,2098,60.3054,60.3054,39.6946,0,heldout,
real_buchwald_hartwig,llm_evolved_kernel_high_confidence_patch_refined,2098,60.3054,60.3054,39.6946,0,heldout,
real_buchwald_hartwig,llm_evolved_kernel_multi_scale_ensemble_patch_refined,2098,60.3054,60.3054,39.6946,0,heldout,
real_buchwald_hartwig,llm_evolved_kernel_safety_anchor_patch_refined,2098,60.3054,60.3054,39.6946,0,heldout,
real_buchwald_hartwig,mixed_kernel_gp_ei,2098,60.3054,60.3054,39.6946,0,heldout,
real_buchwald_hartwig,target_acquisition_portfolio,2098,60.3054,60.3054,39.6946,0,heldout,
real_buchwald_hartwig,fixed_scale_ensemble_0p5_1_1p5_2_3_4,2099,52.5636,51.4827,47.4364,0,heldout,
real_buchwald_hartwig,gp_ucb,2099,52.5636,51.4827,47.4364,0,heldout,
real_buchwald_hartwig,llm_calibrated_selector,2099,52.5636,51.4827,47.4364,0,heldout,gp_ucb
real_buchwald_hartwig,llm_evolved_kernel_conservative_patch_1_refined,2099,52.5636,51.4827,47.4364,0,heldout,
real_buchwald_hartwig,llm_evolved_kernel_counter_hypothesis_patch_refined,2099,52.5636,51.4827,47.4364,0,heldout,
real_buchwald_hartwig,llm_evolved_kernel_exploration_patch_1_refined,2099,52.5636,51.4827,47.4364,0,heldout,
real_buchwald_hartwig,llm_evolved_kernel_high_confidence_patch_refined,2099,52.5636,51.4827,47.4364,0,heldout,
real_buchwald_hartwig,llm_evolved_kernel_multi_scale_ensemble_patch_refined,2099,52.5636,51.4827,47.4364,0,heldout,
real_buchwald_hartwig,llm_evolved_kernel_safety_anchor_patch_refined,2099,52.5636,51.4827,47.4364,0,heldout,
real_buchwald_hartwig,mixed_kernel_gp_ei,2099,52.5636,51.4827,47.4364,0,heldout,
real_buchwald_hartwig,target_acquisition_portfolio,2099,52.5636,51.4827,47.4364,0,heldout,
