dataset,mode,seed,final_best,best_so_far_auc,simple_regret,top10_hit,split,selected_source_mode
real_moleculenet_lipophilicity,fixed_scale_ensemble_0p5_1_1p5_2_3_4,9000,90.0,85.275,3.75,0,calibration,
real_moleculenet_lipophilicity,gp_ucb,9000,85.875,84.975,7.875,0,calibration,
real_moleculenet_lipophilicity,llm_evolved_kernel_exploration_patch_high_beta,9000,90.0,87.775,3.75,0,calibration,
real_moleculenet_lipophilicity,mixed_kernel_gp_ei,9000,90.0,87.2875,3.75,0,calibration,
real_moleculenet_lipophilicity,target_acquisition_portfolio,9000,90.0,85.275,3.75,0,calibration,
real_moleculenet_lipophilicity,fixed_scale_ensemble_0p5_1_1p5_2_3_4,9001,80.625,80.625,13.125,0,calibration,
real_moleculenet_lipophilicity,gp_ucb,9001,80.625,80.625,13.125,0,calibration,
real_moleculenet_lipophilicity,llm_evolved_kernel_exploration_patch_high_beta,9001,80.625,80.625,13.125,0,calibration,
real_moleculenet_lipophilicity,mixed_kernel_gp_ei,9001,80.625,80.625,13.125,0,calibration,
real_moleculenet_lipophilicity,target_acquisition_portfolio,9001,81.25,80.875,12.5,0,calibration,
real_moleculenet_lipophilicity,fixed_scale_ensemble_0p5_1_1p5_2_3_4,9002,88.625,86.825,5.125,0,calibration,
real_moleculenet_lipophilicity,gp_ucb,9002,88.625,86.825,5.125,0,calibration,
real_moleculenet_lipophilicity,llm_evolved_kernel_exploration_patch_high_beta,9002,88.625,88.425,5.125,0,calibration,
real_moleculenet_lipophilicity,mixed_kernel_gp_ei,9002,88.625,86.825,5.125,0,calibration,
real_moleculenet_lipophilicity,target_acquisition_portfolio,9002,88.625,87.025,5.125,0,calibration,
real_moleculenet_lipophilicity,fixed_scale_ensemble_0p5_1_1p5_2_3_4,9003,85.0,85.0,8.75,0,calibration,
real_moleculenet_lipophilicity,gp_ucb,9003,85.0,85.0,8.75,0,calibration,
real_moleculenet_lipophilicity,llm_evolved_kernel_exploration_patch_high_beta,9003,89.25,88.825,4.5,0,calibration,
real_moleculenet_lipophilicity,mixed_kernel_gp_ei,9003,86.125,85.45,7.625,0,calibration,
real_moleculenet_lipophilicity,target_acquisition_portfolio,9003,86.125,85.225,7.625,0,calibration,
real_moleculenet_lipophilicity,fixed_scale_ensemble_0p5_1_1p5_2_3_4,9004,87.125,84.5875,6.625,0,calibration,
real_moleculenet_lipophilicity,gp_ucb,9004,87.125,84.5875,6.625,0,calibration,
real_moleculenet_lipophilicity,llm_evolved_kernel_exploration_patch_high_beta,9004,83.5,83.5,10.25,0,calibration,
real_moleculenet_lipophilicity,mixed_kernel_gp_ei,9004,86.0,85.5,7.75,0,calibration,
real_moleculenet_lipophilicity,target_acquisition_portfolio,9004,83.5,83.5,10.25,0,calibration,
real_moleculenet_lipophilicity,fixed_scale_ensemble_0p5_1_1p5_2_3_4,9005,82.5,82.125,11.25,0,calibration,
real_moleculenet_lipophilicity,gp_ucb,9005,82.5,82.125,11.25,0,calibration,
real_moleculenet_lipophilicity,llm_evolved_kernel_exploration_patch_high_beta,9005,93.75,87.5,0.0,1,calibration,
real_moleculenet_lipophilicity,mixed_kernel_gp_ei,9005,82.5,82.125,11.25,0,calibration,
real_moleculenet_lipophilicity,target_acquisition_portfolio,9005,82.5,82.125,11.25,0,calibration,
real_moleculenet_lipophilicity,fixed_scale_ensemble_0p5_1_1p5_2_3_4,9006,90.625,90.625,3.125,0,calibration,
real_moleculenet_lipophilicity,gp_ucb,9006,90.625,90.625,3.125,0,calibration,
real_moleculenet_lipophilicity,llm_evolved_kernel_exploration_patch_high_beta,9006,90.625,90.625,3.125,0,calibration,
real_moleculenet_lipophilicity,mixed_kernel_gp_ei,9006,90.625,90.625,3.125,0,calibration,
real_moleculenet_lipophilicity,target_acquisition_portfolio,9006,90.625,90.625,3.125,0,calibration,
real_moleculenet_lipophilicity,fixed_scale_ensemble_0p5_1_1p5_2_3_4,9007,91.25,83.5875,2.5,0,calibration,
real_moleculenet_lipophilicity,gp_ucb,9007,91.25,83.5875,2.5,0,calibration,
real_moleculenet_lipophilicity,llm_evolved_kernel_exploration_patch_high_beta,9007,89.625,84.0375,4.125,0,calibration,
real_moleculenet_lipophilicity,mixed_kernel_gp_ei,9007,88.25,84.175,5.5,0,calibration,
real_moleculenet_lipophilicity,target_acquisition_portfolio,9007,91.25,83.5875,2.5,0,calibration,
real_moleculenet_lipophilicity,fixed_scale_ensemble_0p5_1_1p5_2_3_4,9008,82.5,82.5,11.25,0,calibration,
real_moleculenet_lipophilicity,gp_ucb,9008,83.375,82.7625,10.375,0,calibration,
real_moleculenet_lipophilicity,llm_evolved_kernel_exploration_patch_high_beta,9008,82.5,82.5,11.25,0,calibration,
real_moleculenet_lipophilicity,mixed_kernel_gp_ei,9008,83.375,82.7625,10.375,0,calibration,
real_moleculenet_lipophilicity,target_acquisition_portfolio,9008,83.375,82.7625,10.375,0,calibration,
real_moleculenet_lipophilicity,fixed_scale_ensemble_0p5_1_1p5_2_3_4,9009,83.75,83.75,10.0,0,calibration,
real_moleculenet_lipophilicity,gp_ucb,9009,83.75,83.75,10.0,0,calibration,
real_moleculenet_lipophilicity,llm_evolved_kernel_exploration_patch_high_beta,9009,83.75,83.75,10.0,0,calibration,
real_moleculenet_lipophilicity,mixed_kernel_gp_ei,9009,83.75,83.75,10.0,0,calibration,
real_moleculenet_lipophilicity,target_acquisition_portfolio,9009,83.75,83.75,10.0,0,calibration,
real_moleculenet_lipophilicity,fixed_scale_ensemble_0p5_1_1p5_2_3_4,9010,83.75,83.75,10.0,0,calibration,
real_moleculenet_lipophilicity,gp_ucb,9010,90.625,88.5625,3.125,0,calibration,
real_moleculenet_lipophilicity,llm_evolved_kernel_exploration_patch_high_beta,9010,85.0,83.875,8.75,0,calibration,
real_moleculenet_lipophilicity,mixed_kernel_gp_ei,9010,92.25,89.85,1.5,0,calibration,
real_moleculenet_lipophilicity,target_acquisition_portfolio,9010,91.25,84.625,2.5,0,calibration,
real_moleculenet_lipophilicity,fixed_scale_ensemble_0p5_1_1p5_2_3_4,9011,88.625,87.725,5.125,0,calibration,
real_moleculenet_lipophilicity,gp_ucb,9011,91.375,88.05,2.375,0,calibration,
real_moleculenet_lipophilicity,llm_evolved_kernel_exploration_patch_high_beta,9011,88.625,87.6125,5.125,0,calibration,
real_moleculenet_lipophilicity,mixed_kernel_gp_ei,9011,91.375,89.6,2.375,0,calibration,
real_moleculenet_lipophilicity,target_acquisition_portfolio,9011,91.375,88.4375,2.375,0,calibration,
real_moleculenet_lipophilicity,fixed_scale_ensemble_0p5_1_1p5_2_3_4,9012,84.875,83.975,8.875,0,calibration,
real_moleculenet_lipophilicity,gp_ucb,9012,84.875,83.975,8.875,0,calibration,
real_moleculenet_lipophilicity,llm_evolved_kernel_exploration_patch_high_beta,9012,85.0,81.7625,8.75,0,calibration,
real_moleculenet_lipophilicity,mixed_kernel_gp_ei,9012,84.875,83.975,8.875,0,calibration,
real_moleculenet_lipophilicity,target_acquisition_portfolio,9012,84.875,83.975,8.875,0,calibration,
real_moleculenet_lipophilicity,fixed_scale_ensemble_0p5_1_1p5_2_3_4,9013,91.375,88.075,2.375,0,calibration,
real_moleculenet_lipophilicity,gp_ucb,9013,91.375,88.075,2.375,0,calibration,
real_moleculenet_lipophilicity,llm_evolved_kernel_exploration_patch_high_beta,9013,83.125,83.125,10.625,0,calibration,
real_moleculenet_lipophilicity,mixed_kernel_gp_ei,9013,83.125,83.125,10.625,0,calibration,
real_moleculenet_lipophilicity,target_acquisition_portfolio,9013,86.75,84.575,7.0,0,calibration,
real_moleculenet_lipophilicity,fixed_scale_ensemble_0p5_1_1p5_2_3_4,9014,93.5,91.125,0.25,1,calibration,
real_moleculenet_lipophilicity,gp_ucb,9014,93.75,91.175,0.0,1,calibration,
real_moleculenet_lipophilicity,llm_evolved_kernel_exploration_patch_high_beta,9014,88.75,88.75,5.0,0,calibration,
real_moleculenet_lipophilicity,mixed_kernel_gp_ei,9014,93.75,91.15,0.0,1,calibration,
real_moleculenet_lipophilicity,target_acquisition_portfolio,9014,93.75,90.725,0.0,1,calibration,
real_moleculenet_lipophilicity,fixed_scale_ensemble_0p5_1_1p5_2_3_4,9015,75.5,75.2375,18.25,0,calibration,
real_moleculenet_lipophilicity,gp_ucb,9015,75.5,75.2375,18.25,0,calibration,
real_moleculenet_lipophilicity,llm_evolved_kernel_exploration_patch_high_beta,9015,87.5,83.5,6.25,0,calibration,
real_moleculenet_lipophilicity,mixed_kernel_gp_ei,9015,78.625,75.75,15.125,0,calibration,
real_moleculenet_lipophilicity,target_acquisition_portfolio,9015,82.5,78.2125,11.25,0,calibration,
real_moleculenet_lipophilicity,fixed_scale_ensemble_0p5_1_1p5_2_3_4,9016,87.375,84.3375,6.375,0,calibration,
real_moleculenet_lipophilicity,gp_ucb,9016,84.0,84.0,9.75,0,calibration,
real_moleculenet_lipophilicity,llm_evolved_kernel_exploration_patch_high_beta,9016,84.0,84.0,9.75,0,calibration,
real_moleculenet_lipophilicity,mixed_kernel_gp_ei,9016,84.0,84.0,9.75,0,calibration,
real_moleculenet_lipophilicity,target_acquisition_portfolio,9016,84.0,84.0,9.75,0,calibration,
real_moleculenet_lipophilicity,fixed_scale_ensemble_0p5_1_1p5_2_3_4,9017,85.75,83.0625,8.0,0,calibration,
real_moleculenet_lipophilicity,gp_ucb,9017,88.75,86.2,5.0,0,calibration,
real_moleculenet_lipophilicity,llm_evolved_kernel_exploration_patch_high_beta,9017,88.75,86.2,5.0,0,calibration,
real_moleculenet_lipophilicity,mixed_kernel_gp_ei,9017,88.75,86.2,5.0,0,calibration,
real_moleculenet_lipophilicity,target_acquisition_portfolio,9017,88.75,86.2,5.0,0,calibration,
real_moleculenet_lipophilicity,fixed_scale_ensemble_0p5_1_1p5_2_3_4,9018,90.0,85.9125,3.75,0,calibration,
real_moleculenet_lipophilicity,gp_ucb,9018,88.625,84.0125,5.125,0,calibration,
real_moleculenet_lipophilicity,llm_evolved_kernel_exploration_patch_high_beta,9018,88.75,84.1,5.0,0,calibration,
real_moleculenet_lipophilicity,mixed_kernel_gp_ei,9018,90.0,83.65,3.75,0,calibration,
real_moleculenet_lipophilicity,target_acquisition_portfolio,9018,91.25,83.15,2.5,0,calibration,
real_moleculenet_lipophilicity,fixed_scale_ensemble_0p5_1_1p5_2_3_4,9019,87.5,87.5,6.25,0,calibration,
real_moleculenet_lipophilicity,gp_ucb,9019,87.5,87.5,6.25,0,calibration,
real_moleculenet_lipophilicity,llm_evolved_kernel_exploration_patch_high_beta,9019,91.25,90.875,2.5,0,calibration,
real_moleculenet_lipophilicity,mixed_kernel_gp_ei,9019,87.5,87.5,6.25,0,calibration,
real_moleculenet_lipophilicity,target_acquisition_portfolio,9019,87.5,87.5,6.25,0,calibration,
real_moleculenet_lipophilicity,fixed_scale_ensemble_0p5_1_1p5_2_3_4,9020,82.875,82.35,10.875,0,calibration,
real_moleculenet_lipophilicity,gp_ucb,9020,87.25,82.7875,6.5,0,calibration,
real_moleculenet_lipophilicity,llm_evolved_kernel_exploration_patch_high_beta,9020,82.0,82.0,11.75,0,calibration,
real_moleculenet_lipophilicity,mixed_kernel_gp_ei,9020,93.75,87.6875,0.0,1,calibration,
real_moleculenet_lipophilicity,target_acquisition_portfolio,9020,87.25,83.05,6.5,0,calibration,
real_moleculenet_lipophilicity,fixed_scale_ensemble_0p5_1_1p5_2_3_4,9021,87.5,85.7125,6.25,0,calibration,
real_moleculenet_lipophilicity,gp_ucb,9021,91.875,87.25,1.875,0,calibration,
real_moleculenet_lipophilicity,llm_evolved_kernel_exploration_patch_high_beta,9021,88.625,83.775,5.125,0,calibration,
real_moleculenet_lipophilicity,mixed_kernel_gp_ei,9021,90.0,86.0875,3.75,0,calibration,
real_moleculenet_lipophilicity,target_acquisition_portfolio,9021,90.0,84.875,3.75,0,calibration,
real_moleculenet_lipophilicity,fixed_scale_ensemble_0p5_1_1p5_2_3_4,9022,91.25,91.25,2.5,0,calibration,
real_moleculenet_lipophilicity,gp_ucb,9022,91.25,91.25,2.5,0,calibration,
real_moleculenet_lipophilicity,llm_evolved_kernel_exploration_patch_high_beta,9022,93.75,93.5,0.0,1,calibration,
real_moleculenet_lipophilicity,mixed_kernel_gp_ei,9022,91.25,91.25,2.5,0,calibration,
real_moleculenet_lipophilicity,target_acquisition_portfolio,9022,91.25,91.25,2.5,0,calibration,
real_moleculenet_lipophilicity,fixed_scale_ensemble_0p5_1_1p5_2_3_4,9023,91.25,86.5,2.5,0,calibration,
real_moleculenet_lipophilicity,gp_ucb,9023,91.25,86.5,2.5,0,calibration,
real_moleculenet_lipophilicity,llm_evolved_kernel_exploration_patch_high_beta,9023,93.75,82.5625,0.0,1,calibration,
real_moleculenet_lipophilicity,mixed_kernel_gp_ei,9023,93.75,82.5625,0.0,1,calibration,
real_moleculenet_lipophilicity,target_acquisition_portfolio,9023,93.75,82.7625,0.0,1,calibration,
real_moleculenet_lipophilicity,fixed_scale_ensemble_0p5_1_1p5_2_3_4,9024,79.5,77.1,14.25,0,calibration,
real_moleculenet_lipophilicity,gp_ucb,9024,71.75,71.625,22.0,0,calibration,
real_moleculenet_lipophilicity,llm_evolved_kernel_exploration_patch_high_beta,9024,82.875,81.7375,10.875,0,calibration,
real_moleculenet_lipophilicity,mixed_kernel_gp_ei,9024,85.0,79.85,8.75,0,calibration,
real_moleculenet_lipophilicity,target_acquisition_portfolio,9024,85.0,79.85,8.75,0,calibration,
real_moleculenet_lipophilicity,fixed_scale_ensemble_0p5_1_1p5_2_3_4,9025,85.0,83.0125,8.75,0,calibration,
real_moleculenet_lipophilicity,gp_ucb,9025,86.25,83.975,7.5,0,calibration,
real_moleculenet_lipophilicity,llm_evolved_kernel_exploration_patch_high_beta,9025,93.75,93.1,0.0,1,calibration,
real_moleculenet_lipophilicity,mixed_kernel_gp_ei,9025,93.5,82.5875,0.25,1,calibration,
real_moleculenet_lipophilicity,target_acquisition_portfolio,9025,88.625,82.9,5.125,0,calibration,
real_moleculenet_lipophilicity,fixed_scale_ensemble_0p5_1_1p5_2_3_4,9026,83.75,83.75,10.0,0,calibration,
real_moleculenet_lipophilicity,gp_ucb,9026,86.75,84.05,7.0,0,calibration,
real_moleculenet_lipophilicity,llm_evolved_kernel_exploration_patch_high_beta,9026,83.75,83.75,10.0,0,calibration,
real_moleculenet_lipophilicity,mixed_kernel_gp_ei,9026,86.75,84.95,7.0,0,calibration,
real_moleculenet_lipophilicity,target_acquisition_portfolio,9026,83.75,83.75,10.0,0,calibration,
real_moleculenet_lipophilicity,fixed_scale_ensemble_0p5_1_1p5_2_3_4,9027,91.25,90.275,2.5,0,calibration,
real_moleculenet_lipophilicity,gp_ucb,9027,93.75,90.7,0.0,1,calibration,
real_moleculenet_lipophilicity,llm_evolved_kernel_exploration_patch_high_beta,9027,93.75,91.4625,0.0,1,calibration,
real_moleculenet_lipophilicity,mixed_kernel_gp_ei,9027,93.5,90.65,0.25,1,calibration,
real_moleculenet_lipophilicity,target_acquisition_portfolio,9027,93.5,90.65,0.25,1,calibration,
real_moleculenet_lipophilicity,fixed_scale_ensemble_0p5_1_1p5_2_3_4,9028,93.5,88.275,0.25,1,calibration,
real_moleculenet_lipophilicity,gp_ucb,9028,87.5,84.5375,6.25,0,calibration,
real_moleculenet_lipophilicity,llm_evolved_kernel_exploration_patch_high_beta,9028,88.25,85.775,5.5,0,calibration,
real_moleculenet_lipophilicity,mixed_kernel_gp_ei,9028,85.875,85.6125,7.875,0,calibration,
real_moleculenet_lipophilicity,target_acquisition_portfolio,9028,93.75,89.45,0.0,1,calibration,
real_moleculenet_lipophilicity,fixed_scale_ensemble_0p5_1_1p5_2_3_4,9029,91.25,91.25,2.5,0,calibration,
real_moleculenet_lipophilicity,gp_ucb,9029,91.25,91.25,2.5,0,calibration,
real_moleculenet_lipophilicity,llm_evolved_kernel_exploration_patch_high_beta,9029,91.875,86.85,1.875,0,calibration,
real_moleculenet_lipophilicity,mixed_kernel_gp_ei,9029,80.25,79.7,13.5,0,calibration,
real_moleculenet_lipophilicity,target_acquisition_portfolio,9029,93.5,92.0375,0.25,1,calibration,
real_moleculenet_lipophilicity,fixed_scale_ensemble_0p5_1_1p5_2_3_4,9030,87.125,86.875,6.625,0,calibration,
real_moleculenet_lipophilicity,gp_ucb,9030,87.125,87.0,6.625,0,calibration,
real_moleculenet_lipophilicity,llm_evolved_kernel_exploration_patch_high_beta,9030,87.125,87.125,6.625,0,calibration,
real_moleculenet_lipophilicity,mixed_kernel_gp_ei,9030,89.625,87.75,4.125,0,calibration,
real_moleculenet_lipophilicity,target_acquisition_portfolio,9030,87.125,87.0,6.625,0,calibration,
real_moleculenet_lipophilicity,fixed_scale_ensemble_0p5_1_1p5_2_3_4,9031,93.75,80.7,0.0,1,calibration,
real_moleculenet_lipophilicity,gp_ucb,9031,88.75,85.425,5.0,0,calibration,
real_moleculenet_lipophilicity,llm_evolved_kernel_exploration_patch_high_beta,9031,87.5,84.8125,6.25,0,calibration,
real_moleculenet_lipophilicity,mixed_kernel_gp_ei,9031,78.75,78.75,15.0,0,calibration,
real_moleculenet_lipophilicity,target_acquisition_portfolio,9031,83.5,82.075,10.25,0,calibration,
real_moleculenet_lipophilicity,fixed_scale_ensemble_0p5_1_1p5_2_3_4,9032,80.0,79.25,13.75,0,calibration,
real_moleculenet_lipophilicity,gp_ucb,9032,84.375,82.5,9.375,0,calibration,
real_moleculenet_lipophilicity,llm_evolved_kernel_exploration_patch_high_beta,9032,87.625,82.6375,6.125,0,calibration,
real_moleculenet_lipophilicity,mixed_kernel_gp_ei,9032,84.375,82.5,9.375,0,calibration,
real_moleculenet_lipophilicity,target_acquisition_portfolio,9032,90.0,82.875,3.75,0,calibration,
real_moleculenet_lipophilicity,fixed_scale_ensemble_0p5_1_1p5_2_3_4,9033,90.0,90.0,3.75,0,calibration,
real_moleculenet_lipophilicity,gp_ucb,9033,90.0,90.0,3.75,0,calibration,
real_moleculenet_lipophilicity,llm_evolved_kernel_exploration_patch_high_beta,9033,90.0,90.0,3.75,0,calibration,
real_moleculenet_lipophilicity,mixed_kernel_gp_ei,9033,90.0,90.0,3.75,0,calibration,
real_moleculenet_lipophilicity,target_acquisition_portfolio,9033,91.25,90.875,2.5,0,calibration,
real_moleculenet_lipophilicity,fixed_scale_ensemble_0p5_1_1p5_2_3_4,9034,91.25,87.725,2.5,0,calibration,
real_moleculenet_lipophilicity,gp_ucb,9034,86.25,86.25,7.5,0,calibration,
real_moleculenet_lipophilicity,llm_evolved_kernel_exploration_patch_high_beta,9034,86.25,86.25,7.5,0,calibration,
real_moleculenet_lipophilicity,mixed_kernel_gp_ei,9034,86.25,86.25,7.5,0,calibration,
real_moleculenet_lipophilicity,target_acquisition_portfolio,9034,93.5,87.7,0.25,1,calibration,
real_moleculenet_lipophilicity,fixed_scale_ensemble_0p5_1_1p5_2_3_4,9035,91.0,86.0,2.75,0,calibration,
real_moleculenet_lipophilicity,gp_ucb,9035,85.25,84.025,8.5,0,calibration,
real_moleculenet_lipophilicity,llm_evolved_kernel_exploration_patch_high_beta,9035,90.0,80.525,3.75,0,calibration,
real_moleculenet_lipophilicity,mixed_kernel_gp_ei,9035,80.0,80.0,13.75,0,calibration,
real_moleculenet_lipophilicity,target_acquisition_portfolio,9035,80.0,80.0,13.75,0,calibration,
real_moleculenet_lipophilicity,fixed_scale_ensemble_0p5_1_1p5_2_3_4,9036,90.0,86.65,3.75,0,calibration,
real_moleculenet_lipophilicity,gp_ucb,9036,82.5,82.3,11.25,0,calibration,
real_moleculenet_lipophilicity,llm_evolved_kernel_exploration_patch_high_beta,9036,87.625,85.9375,6.125,0,calibration,
real_moleculenet_lipophilicity,mixed_kernel_gp_ei,9036,82.25,82.025,11.5,0,calibration,
real_moleculenet_lipophilicity,target_acquisition_portfolio,9036,93.75,85.3,0.0,1,calibration,
real_moleculenet_lipophilicity,fixed_scale_ensemble_0p5_1_1p5_2_3_4,9037,93.5,90.6,0.25,1,calibration,
real_moleculenet_lipophilicity,gp_ucb,9037,86.25,86.25,7.5,0,calibration,
real_moleculenet_lipophilicity,llm_evolved_kernel_exploration_patch_high_beta,9037,90.625,89.3125,3.125,0,calibration,
real_moleculenet_lipophilicity,mixed_kernel_gp_ei,9037,86.25,86.25,7.5,0,calibration,
real_moleculenet_lipophilicity,target_acquisition_portfolio,9037,86.25,86.25,7.5,0,calibration,
real_moleculenet_lipophilicity,fixed_scale_ensemble_0p5_1_1p5_2_3_4,9038,91.25,84.075,2.5,0,calibration,
real_moleculenet_lipophilicity,gp_ucb,9038,91.25,84.075,2.5,0,calibration,
real_moleculenet_lipophilicity,llm_evolved_kernel_exploration_patch_high_beta,9038,88.75,85.325,5.0,0,calibration,
real_moleculenet_lipophilicity,mixed_kernel_gp_ei,9038,91.25,84.075,2.5,0,calibration,
real_moleculenet_lipophilicity,target_acquisition_portfolio,9038,91.25,84.075,2.5,0,calibration,
real_moleculenet_lipophilicity,fixed_scale_ensemble_0p5_1_1p5_2_3_4,9039,87.5,82.8125,6.25,0,calibration,
real_moleculenet_lipophilicity,gp_ucb,9039,91.25,91.25,2.5,0,calibration,
real_moleculenet_lipophilicity,llm_evolved_kernel_exploration_patch_high_beta,9039,83.75,83.75,10.0,0,calibration,
real_moleculenet_lipophilicity,mixed_kernel_gp_ei,9039,83.75,82.8875,10.0,0,calibration,
real_moleculenet_lipophilicity,target_acquisition_portfolio,9039,84.0,81.8625,9.75,0,calibration,
real_moleculenet_lipophilicity,fixed_scale_ensemble_0p5_1_1p5_2_3_4,9040,91.25,86.225,2.5,0,calibration,
real_moleculenet_lipophilicity,gp_ucb,9040,82.625,81.7125,11.125,0,calibration,
real_moleculenet_lipophilicity,llm_evolved_kernel_exploration_patch_high_beta,9040,93.75,90.1,0.0,1,calibration,
real_moleculenet_lipophilicity,mixed_kernel_gp_ei,9040,88.625,85.075,5.125,0,calibration,
real_moleculenet_lipophilicity,target_acquisition_portfolio,9040,90.0,88.975,3.75,0,calibration,
real_moleculenet_lipophilicity,fixed_scale_ensemble_0p5_1_1p5_2_3_4,9041,86.75,86.75,7.0,0,calibration,
real_moleculenet_lipophilicity,gp_ucb,9041,86.75,86.75,7.0,0,calibration,
real_moleculenet_lipophilicity,llm_evolved_kernel_exploration_patch_high_beta,9041,86.75,86.75,7.0,0,calibration,
real_moleculenet_lipophilicity,mixed_kernel_gp_ei,9041,86.75,86.75,7.0,0,calibration,
real_moleculenet_lipophilicity,target_acquisition_portfolio,9041,86.75,86.75,7.0,0,calibration,
real_moleculenet_lipophilicity,fixed_scale_ensemble_0p5_1_1p5_2_3_4,9042,93.5,92.95,0.25,1,calibration,
real_moleculenet_lipophilicity,gp_ucb,9042,88.0,88.0,5.75,0,calibration,
real_moleculenet_lipophilicity,llm_evolved_kernel_exploration_patch_high_beta,9042,93.75,93.625,0.0,1,calibration,
real_moleculenet_lipophilicity,mixed_kernel_gp_ei,9042,93.5,92.95,0.25,1,calibration,
real_moleculenet_lipophilicity,target_acquisition_portfolio,9042,93.5,92.95,0.25,1,calibration,
real_moleculenet_lipophilicity,fixed_scale_ensemble_0p5_1_1p5_2_3_4,9043,89.125,89.125,4.625,0,calibration,
real_moleculenet_lipophilicity,gp_ucb,9043,89.125,89.125,4.625,0,calibration,
real_moleculenet_lipophilicity,llm_evolved_kernel_exploration_patch_high_beta,9043,91.875,89.95,1.875,0,calibration,
real_moleculenet_lipophilicity,mixed_kernel_gp_ei,9043,89.125,89.125,4.625,0,calibration,
real_moleculenet_lipophilicity,target_acquisition_portfolio,9043,89.125,89.125,4.625,0,calibration,
real_moleculenet_lipophilicity,fixed_scale_ensemble_0p5_1_1p5_2_3_4,9044,87.375,78.0875,6.375,0,calibration,
real_moleculenet_lipophilicity,gp_ucb,9044,89.625,82.7125,4.125,0,calibration,
real_moleculenet_lipophilicity,llm_evolved_kernel_exploration_patch_high_beta,9044,87.375,81.7375,6.375,0,calibration,
real_moleculenet_lipophilicity,mixed_kernel_gp_ei,9044,85.875,78.375,7.875,0,calibration,
real_moleculenet_lipophilicity,target_acquisition_portfolio,9044,89.625,82.575,4.125,0,calibration,
real_moleculenet_lipophilicity,fixed_scale_ensemble_0p5_1_1p5_2_3_4,9045,87.5,87.5,6.25,0,calibration,
real_moleculenet_lipophilicity,gp_ucb,9045,87.5,87.5,6.25,0,calibration,
real_moleculenet_lipophilicity,llm_evolved_kernel_exploration_patch_high_beta,9045,87.5,87.5,6.25,0,calibration,
real_moleculenet_lipophilicity,mixed_kernel_gp_ei,9045,87.5,87.5,6.25,0,calibration,
real_moleculenet_lipophilicity,target_acquisition_portfolio,9045,87.5,87.5,6.25,0,calibration,
real_moleculenet_lipophilicity,fixed_scale_ensemble_0p5_1_1p5_2_3_4,9046,85.0,84.25,8.75,0,calibration,
real_moleculenet_lipophilicity,gp_ucb,9046,88.75,86.5,5.0,0,calibration,
real_moleculenet_lipophilicity,llm_evolved_kernel_exploration_patch_high_beta,9046,90.125,83.025,3.625,0,calibration,
real_moleculenet_lipophilicity,mixed_kernel_gp_ei,9046,88.625,84.5625,5.125,0,calibration,
real_moleculenet_lipophilicity,target_acquisition_portfolio,9046,88.75,86.25,5.0,0,calibration,
real_moleculenet_lipophilicity,fixed_scale_ensemble_0p5_1_1p5_2_3_4,9047,90.75,90.75,3.0,0,calibration,
real_moleculenet_lipophilicity,gp_ucb,9047,90.75,90.75,3.0,0,calibration,
real_moleculenet_lipophilicity,llm_evolved_kernel_exploration_patch_high_beta,9047,90.75,90.75,3.0,0,calibration,
real_moleculenet_lipophilicity,mixed_kernel_gp_ei,9047,90.75,90.75,3.0,0,calibration,
real_moleculenet_lipophilicity,target_acquisition_portfolio,9047,90.75,90.75,3.0,0,calibration,
real_moleculenet_lipophilicity,fixed_scale_ensemble_0p5_1_1p5_2_3_4,9048,91.25,88.175,2.5,0,calibration,
real_moleculenet_lipophilicity,gp_ucb,9048,91.0,88.15,2.75,0,calibration,
real_moleculenet_lipophilicity,llm_evolved_kernel_exploration_patch_high_beta,9048,91.0,88.15,2.75,0,calibration,
real_moleculenet_lipophilicity,mixed_kernel_gp_ei,9048,91.25,84.425,2.5,0,calibration,
real_moleculenet_lipophilicity,target_acquisition_portfolio,9048,81.5,81.5,12.25,0,calibration,
real_moleculenet_lipophilicity,fixed_scale_ensemble_0p5_1_1p5_2_3_4,9049,93.75,81.3,0.0,1,calibration,
real_moleculenet_lipophilicity,gp_ucb,9049,86.625,84.65,7.125,0,calibration,
real_moleculenet_lipophilicity,llm_evolved_kernel_exploration_patch_high_beta,9049,88.25,86.1,5.5,0,calibration,
real_moleculenet_lipophilicity,mixed_kernel_gp_ei,9049,79.0,78.1,14.75,0,calibration,
real_moleculenet_lipophilicity,target_acquisition_portfolio,9049,86.625,85.6375,7.125,0,calibration,
real_moleculenet_lipophilicity,fixed_scale_ensemble_0p5_1_1p5_2_3_4,9100,85.0,85.0,8.75,0,heldout,
real_moleculenet_lipophilicity,gp_ucb,9100,85.0,85.0,8.75,0,heldout,
real_moleculenet_lipophilicity,llm_calibrated_selector,9100,92.125,92.05,1.625,0,heldout,llm_evolved_kernel_exploration_patch_high_beta
real_moleculenet_lipophilicity,llm_evolved_kernel_exploration_patch_high_beta,9100,92.125,92.05,1.625,0,heldout,
real_moleculenet_lipophilicity,mixed_kernel_gp_ei,9100,85.0,85.0,8.75,0,heldout,
real_moleculenet_lipophilicity,target_acquisition_portfolio,9100,85.0,85.0,8.75,0,heldout,
real_moleculenet_lipophilicity,fixed_scale_ensemble_0p5_1_1p5_2_3_4,9101,81.25,79.175,12.5,0,heldout,
real_moleculenet_lipophilicity,gp_ucb,9101,81.25,79.75,12.5,0,heldout,
real_moleculenet_lipophilicity,llm_calibrated_selector,9101,85.0,80.95,8.75,0,heldout,llm_evolved_kernel_exploration_patch_high_beta
real_moleculenet_lipophilicity,llm_evolved_kernel_exploration_patch_high_beta,9101,85.0,80.95,8.75,0,heldout,
real_moleculenet_lipophilicity,mixed_kernel_gp_ei,9101,83.5,82.65,10.25,0,heldout,
real_moleculenet_lipophilicity,target_acquisition_portfolio,9101,93.75,85.8,0.0,1,heldout,
real_moleculenet_lipophilicity,fixed_scale_ensemble_0p5_1_1p5_2_3_4,9102,87.0,86.325,6.75,0,heldout,
real_moleculenet_lipophilicity,gp_ucb,9102,88.625,86.4875,5.125,0,heldout,
real_moleculenet_lipophilicity,llm_calibrated_selector,9102,90.0,87.575,3.75,0,heldout,llm_evolved_kernel_exploration_patch_high_beta
real_moleculenet_lipophilicity,llm_evolved_kernel_exploration_patch_high_beta,9102,90.0,87.575,3.75,0,heldout,
real_moleculenet_lipophilicity,mixed_kernel_gp_ei,9102,88.25,87.325,5.5,0,heldout,
real_moleculenet_lipophilicity,target_acquisition_portfolio,9102,88.25,87.325,5.5,0,heldout,
real_moleculenet_lipophilicity,fixed_scale_ensemble_0p5_1_1p5_2_3_4,9103,82.5,80.225,11.25,0,heldout,
real_moleculenet_lipophilicity,gp_ucb,9103,82.5,80.225,11.25,0,heldout,
real_moleculenet_lipophilicity,llm_calibrated_selector,9103,81.5,81.5,12.25,0,heldout,llm_evolved_kernel_exploration_patch_high_beta
real_moleculenet_lipophilicity,llm_evolved_kernel_exploration_patch_high_beta,9103,81.5,81.5,12.25,0,heldout,
real_moleculenet_lipophilicity,mixed_kernel_gp_ei,9103,82.5,79.7625,11.25,0,heldout,
real_moleculenet_lipophilicity,target_acquisition_portfolio,9103,85.0,80.6625,8.75,0,heldout,
real_moleculenet_lipophilicity,fixed_scale_ensemble_0p5_1_1p5_2_3_4,9104,85.0,84.825,8.75,0,heldout,
real_moleculenet_lipophilicity,gp_ucb,9104,85.0,84.825,8.75,0,heldout,
real_moleculenet_lipophilicity,llm_calibrated_selector,9104,82.625,82.425,11.125,0,heldout,llm_evolved_kernel_exploration_patch_high_beta
real_moleculenet_lipophilicity,llm_evolved_kernel_exploration_patch_high_beta,9104,82.625,82.425,11.125,0,heldout,
real_moleculenet_lipophilicity,mixed_kernel_gp_ei,9104,85.0,84.825,8.75,0,heldout,
real_moleculenet_lipophilicity,target_acquisition_portfolio,9104,85.0,84.825,8.75,0,heldout,
real_moleculenet_lipophilicity,fixed_scale_ensemble_0p5_1_1p5_2_3_4,9105,85.0,85.0,8.75,0,heldout,
real_moleculenet_lipophilicity,gp_ucb,9105,85.0,85.0,8.75,0,heldout,
real_moleculenet_lipophilicity,llm_calibrated_selector,9105,88.75,85.75,5.0,0,heldout,llm_evolved_kernel_exploration_patch_high_beta
real_moleculenet_lipophilicity,llm_evolved_kernel_exploration_patch_high_beta,9105,88.75,85.75,5.0,0,heldout,
real_moleculenet_lipophilicity,mixed_kernel_gp_ei,9105,85.0,85.0,8.75,0,heldout,
real_moleculenet_lipophilicity,target_acquisition_portfolio,9105,88.75,86.125,5.0,0,heldout,
real_moleculenet_lipophilicity,fixed_scale_ensemble_0p5_1_1p5_2_3_4,9106,86.25,86.25,7.5,0,heldout,
real_moleculenet_lipophilicity,gp_ucb,9106,86.25,86.25,7.5,0,heldout,
real_moleculenet_lipophilicity,llm_calibrated_selector,9106,88.75,88.5,5.0,0,heldout,llm_evolved_kernel_exploration_patch_high_beta
real_moleculenet_lipophilicity,llm_evolved_kernel_exploration_patch_high_beta,9106,88.75,88.5,5.0,0,heldout,
real_moleculenet_lipophilicity,mixed_kernel_gp_ei,9106,86.25,86.25,7.5,0,heldout,
real_moleculenet_lipophilicity,target_acquisition_portfolio,9106,86.25,86.25,7.5,0,heldout,
real_moleculenet_lipophilicity,fixed_scale_ensemble_0p5_1_1p5_2_3_4,9107,84.25,84.25,9.5,0,heldout,
real_moleculenet_lipophilicity,gp_ucb,9107,86.875,86.0875,6.875,0,heldout,
real_moleculenet_lipophilicity,llm_calibrated_selector,9107,90.75,90.75,3.0,0,heldout,llm_evolved_kernel_exploration_patch_high_beta
real_moleculenet_lipophilicity,llm_evolved_kernel_exploration_patch_high_beta,9107,90.75,90.75,3.0,0,heldout,
real_moleculenet_lipophilicity,mixed_kernel_gp_ei,9107,91.25,90.35,2.5,0,heldout,
real_moleculenet_lipophilicity,target_acquisition_portfolio,9107,91.25,90.35,2.5,0,heldout,
real_moleculenet_lipophilicity,fixed_scale_ensemble_0p5_1_1p5_2_3_4,9108,85.0,84.375,8.75,0,heldout,
real_moleculenet_lipophilicity,gp_ucb,9108,90.625,89.825,3.125,0,heldout,
real_moleculenet_lipophilicity,llm_calibrated_selector,9108,89.625,85.0125,4.125,0,heldout,llm_evolved_kernel_exploration_patch_high_beta
real_moleculenet_lipophilicity,llm_evolved_kernel_exploration_patch_high_beta,9108,89.625,85.0125,4.125,0,heldout,
real_moleculenet_lipophilicity,mixed_kernel_gp_ei,9108,93.75,86.5,0.0,1,heldout,
real_moleculenet_lipophilicity,target_acquisition_portfolio,9108,93.75,86.5,0.0,1,heldout,
real_moleculenet_lipophilicity,fixed_scale_ensemble_0p5_1_1p5_2_3_4,9109,90.0,88.875,3.75,0,heldout,
real_moleculenet_lipophilicity,gp_ucb,9109,86.25,86.25,7.5,0,heldout,
real_moleculenet_lipophilicity,llm_calibrated_selector,9109,87.25,86.95,6.5,0,heldout,llm_evolved_kernel_exploration_patch_high_beta
real_moleculenet_lipophilicity,llm_evolved_kernel_exploration_patch_high_beta,9109,87.25,86.95,6.5,0,heldout,
real_moleculenet_lipophilicity,mixed_kernel_gp_ei,9109,86.25,86.25,7.5,0,heldout,
real_moleculenet_lipophilicity,target_acquisition_portfolio,9109,86.25,86.25,7.5,0,heldout,
real_moleculenet_lipophilicity,fixed_scale_ensemble_0p5_1_1p5_2_3_4,9110,87.0,87.0,6.75,0,heldout,
real_moleculenet_lipophilicity,gp_ucb,9110,90.0,88.5,3.75,0,heldout,
real_moleculenet_lipophilicity,llm_calibrated_selector,9110,90.0,87.7,3.75,0,heldout,llm_evolved_kernel_exploration_patch_high_beta
real_moleculenet_lipophilicity,llm_evolved_kernel_exploration_patch_high_beta,9110,90.0,87.7,3.75,0,heldout,
real_moleculenet_lipophilicity,mixed_kernel_gp_ei,9110,90.0,88.5,3.75,0,heldout,
real_moleculenet_lipophilicity,target_acquisition_portfolio,9110,90.0,88.5,3.75,0,heldout,
real_moleculenet_lipophilicity,fixed_scale_ensemble_0p5_1_1p5_2_3_4,9111,88.75,88.75,5.0,0,heldout,
real_moleculenet_lipophilicity,gp_ucb,9111,88.75,88.75,5.0,0,heldout,
real_moleculenet_lipophilicity,llm_calibrated_selector,9111,88.75,88.75,5.0,0,heldout,llm_evolved_kernel_exploration_patch_high_beta
real_moleculenet_lipophilicity,llm_evolved_kernel_exploration_patch_high_beta,9111,88.75,88.75,5.0,0,heldout,
real_moleculenet_lipophilicity,mixed_kernel_gp_ei,9111,88.75,88.75,5.0,0,heldout,
real_moleculenet_lipophilicity,target_acquisition_portfolio,9111,88.75,88.75,5.0,0,heldout,
real_moleculenet_lipophilicity,fixed_scale_ensemble_0p5_1_1p5_2_3_4,9112,76.375,75.125,17.375,0,heldout,
real_moleculenet_lipophilicity,gp_ucb,9112,84.75,77.7375,9.0,0,heldout,
real_moleculenet_lipophilicity,llm_calibrated_selector,9112,90.0,85.35,3.75,0,heldout,llm_evolved_kernel_exploration_patch_high_beta
real_moleculenet_lipophilicity,llm_evolved_kernel_exploration_patch_high_beta,9112,90.0,85.35,3.75,0,heldout,
real_moleculenet_lipophilicity,mixed_kernel_gp_ei,9112,90.0,82.175,3.75,0,heldout,
real_moleculenet_lipophilicity,target_acquisition_portfolio,9112,78.75,75.7125,15.0,0,heldout,
real_moleculenet_lipophilicity,fixed_scale_ensemble_0p5_1_1p5_2_3_4,9113,91.25,87.125,2.5,0,heldout,
real_moleculenet_lipophilicity,gp_ucb,9113,88.75,82.0,5.0,0,heldout,
real_moleculenet_lipophilicity,llm_calibrated_selector,9113,79.0,78.55,14.75,0,heldout,llm_evolved_kernel_exploration_patch_high_beta
real_moleculenet_lipophilicity,llm_evolved_kernel_exploration_patch_high_beta,9113,79.0,78.55,14.75,0,heldout,
real_moleculenet_lipophilicity,mixed_kernel_gp_ei,9113,91.25,91.25,2.5,0,heldout,
real_moleculenet_lipophilicity,target_acquisition_portfolio,9113,91.25,87.125,2.5,0,heldout,
real_moleculenet_lipophilicity,fixed_scale_ensemble_0p5_1_1p5_2_3_4,9114,88.125,80.575,5.625,0,heldout,
real_moleculenet_lipophilicity,gp_ucb,9114,88.125,82.4625,5.625,0,heldout,
real_moleculenet_lipophilicity,llm_calibrated_selector,9114,89.875,89.875,3.875,0,heldout,llm_evolved_kernel_exploration_patch_high_beta
real_moleculenet_lipophilicity,llm_evolved_kernel_exploration_patch_high_beta,9114,89.875,89.875,3.875,0,heldout,
real_moleculenet_lipophilicity,mixed_kernel_gp_ei,9114,88.125,76.45,5.625,0,heldout,
real_moleculenet_lipophilicity,target_acquisition_portfolio,9114,88.125,82.4625,5.625,0,heldout,
real_moleculenet_lipophilicity,fixed_scale_ensemble_0p5_1_1p5_2_3_4,9115,85.25,82.95,8.5,0,heldout,
real_moleculenet_lipophilicity,gp_ucb,9115,88.625,86.5,5.125,0,heldout,
real_moleculenet_lipophilicity,llm_calibrated_selector,9115,88.75,86.775,5.0,0,heldout,llm_evolved_kernel_exploration_patch_high_beta
real_moleculenet_lipophilicity,llm_evolved_kernel_exploration_patch_high_beta,9115,88.75,86.775,5.0,0,heldout,
real_moleculenet_lipophilicity,mixed_kernel_gp_ei,9115,93.75,85.775,0.0,1,heldout,
real_moleculenet_lipophilicity,target_acquisition_portfolio,9115,93.75,85.775,0.0,1,heldout,
real_moleculenet_lipophilicity,fixed_scale_ensemble_0p5_1_1p5_2_3_4,9116,80.75,77.5,13.0,0,heldout,
real_moleculenet_lipophilicity,gp_ucb,9116,93.75,87.975,0.0,1,heldout,
real_moleculenet_lipophilicity,llm_calibrated_selector,9116,88.625,80.475,5.125,0,heldout,llm_evolved_kernel_exploration_patch_high_beta
real_moleculenet_lipophilicity,llm_evolved_kernel_exploration_patch_high_beta,9116,88.625,80.475,5.125,0,heldout,
real_moleculenet_lipophilicity,mixed_kernel_gp_ei,9116,82.5,78.25,11.25,0,heldout,
real_moleculenet_lipophilicity,target_acquisition_portfolio,9116,77.5,76.7125,16.25,0,heldout,
real_moleculenet_lipophilicity,fixed_scale_ensemble_0p5_1_1p5_2_3_4,9117,88.625,83.975,5.125,0,heldout,
real_moleculenet_lipophilicity,gp_ucb,9117,91.875,87.675,1.875,0,heldout,
real_moleculenet_lipophilicity,llm_calibrated_selector,9117,91.875,88.9875,1.875,0,heldout,llm_evolved_kernel_exploration_patch_high_beta
real_moleculenet_lipophilicity,llm_evolved_kernel_exploration_patch_high_beta,9117,91.875,88.9875,1.875,0,heldout,
real_moleculenet_lipophilicity,mixed_kernel_gp_ei,9117,88.625,85.775,5.125,0,heldout,
real_moleculenet_lipophilicity,target_acquisition_portfolio,9117,88.625,85.725,5.125,0,heldout,
real_moleculenet_lipophilicity,fixed_scale_ensemble_0p5_1_1p5_2_3_4,9118,90.0,87.45,3.75,0,heldout,
real_moleculenet_lipophilicity,gp_ucb,9118,90.0,86.6,3.75,0,heldout,
real_moleculenet_lipophilicity,llm_calibrated_selector,9118,81.5,81.5,12.25,0,heldout,llm_evolved_kernel_exploration_patch_high_beta
real_moleculenet_lipophilicity,llm_evolved_kernel_exploration_patch_high_beta,9118,81.5,81.5,12.25,0,heldout,
real_moleculenet_lipophilicity,mixed_kernel_gp_ei,9118,81.5,81.5,12.25,0,heldout,
real_moleculenet_lipophilicity,target_acquisition_portfolio,9118,90.0,86.6,3.75,0,heldout,
real_moleculenet_lipophilicity,fixed_scale_ensemble_0p5_1_1p5_2_3_4,9119,87.5,87.4,6.25,0,heldout,
real_moleculenet_lipophilicity,gp_ucb,9119,91.25,88.6625,2.5,0,heldout,
real_moleculenet_lipophilicity,llm_calibrated_selector,9119,91.875,91.875,1.875,0,heldout,llm_evolved_kernel_exploration_patch_high_beta
real_moleculenet_lipophilicity,llm_evolved_kernel_exploration_patch_high_beta,9119,91.875,91.875,1.875,0,heldout,
real_moleculenet_lipophilicity,mixed_kernel_gp_ei,9119,87.5,81.875,6.25,0,heldout,
real_moleculenet_lipophilicity,target_acquisition_portfolio,9119,87.5,87.4,6.25,0,heldout,
real_moleculenet_lipophilicity,fixed_scale_ensemble_0p5_1_1p5_2_3_4,9120,91.0,91.0,2.75,0,heldout,
real_moleculenet_lipophilicity,gp_ucb,9120,91.0,91.0,2.75,0,heldout,
real_moleculenet_lipophilicity,llm_calibrated_selector,9120,91.0,91.0,2.75,0,heldout,llm_evolved_kernel_exploration_patch_high_beta
real_moleculenet_lipophilicity,llm_evolved_kernel_exploration_patch_high_beta,9120,91.0,91.0,2.75,0,heldout,
real_moleculenet_lipophilicity,mixed_kernel_gp_ei,9120,91.0,91.0,2.75,0,heldout,
real_moleculenet_lipophilicity,target_acquisition_portfolio,9120,91.0,91.0,2.75,0,heldout,
real_moleculenet_lipophilicity,fixed_scale_ensemble_0p5_1_1p5_2_3_4,9121,81.25,81.25,12.5,0,heldout,
real_moleculenet_lipophilicity,gp_ucb,9121,81.25,81.25,12.5,0,heldout,
real_moleculenet_lipophilicity,llm_calibrated_selector,9121,76.75,73.0625,17.0,0,heldout,llm_evolved_kernel_exploration_patch_high_beta
real_moleculenet_lipophilicity,llm_evolved_kernel_exploration_patch_high_beta,9121,76.75,73.0625,17.0,0,heldout,
real_moleculenet_lipophilicity,mixed_kernel_gp_ei,9121,81.25,81.25,12.5,0,heldout,
real_moleculenet_lipophilicity,target_acquisition_portfolio,9121,81.25,81.25,12.5,0,heldout,
real_moleculenet_lipophilicity,fixed_scale_ensemble_0p5_1_1p5_2_3_4,9122,89.875,88.5375,3.875,0,heldout,
real_moleculenet_lipophilicity,gp_ucb,9122,89.875,88.5375,3.875,0,heldout,
real_moleculenet_lipophilicity,llm_calibrated_selector,9122,89.875,89.275,3.875,0,heldout,llm_evolved_kernel_exploration_patch_high_beta
real_moleculenet_lipophilicity,llm_evolved_kernel_exploration_patch_high_beta,9122,89.875,89.275,3.875,0,heldout,
real_moleculenet_lipophilicity,mixed_kernel_gp_ei,9122,89.875,88.5375,3.875,0,heldout,
real_moleculenet_lipophilicity,target_acquisition_portfolio,9122,89.875,88.5375,3.875,0,heldout,
real_moleculenet_lipophilicity,fixed_scale_ensemble_0p5_1_1p5_2_3_4,9123,85.0,82.725,8.75,0,heldout,
real_moleculenet_lipophilicity,gp_ucb,9123,85.875,82.9,7.875,0,heldout,
real_moleculenet_lipophilicity,llm_calibrated_selector,9123,82.875,80.775,10.875,0,heldout,llm_evolved_kernel_exploration_patch_high_beta
real_moleculenet_lipophilicity,llm_evolved_kernel_exploration_patch_high_beta,9123,82.875,80.775,10.875,0,heldout,
real_moleculenet_lipophilicity,mixed_kernel_gp_ei,9123,85.0,82.35,8.75,0,heldout,
real_moleculenet_lipophilicity,target_acquisition_portfolio,9123,92.5,83.475,1.25,0,heldout,
real_moleculenet_lipophilicity,fixed_scale_ensemble_0p5_1_1p5_2_3_4,9124,93.625,93.625,0.125,1,heldout,
real_moleculenet_lipophilicity,gp_ucb,9124,93.625,93.625,0.125,1,heldout,
real_moleculenet_lipophilicity,llm_calibrated_selector,9124,93.625,93.625,0.125,1,heldout,llm_evolved_kernel_exploration_patch_high_beta
real_moleculenet_lipophilicity,llm_evolved_kernel_exploration_patch_high_beta,9124,93.625,93.625,0.125,1,heldout,
real_moleculenet_lipophilicity,mixed_kernel_gp_ei,9124,93.625,93.625,0.125,1,heldout,
real_moleculenet_lipophilicity,target_acquisition_portfolio,9124,93.75,93.6375,0.0,1,heldout,
real_moleculenet_lipophilicity,fixed_scale_ensemble_0p5_1_1p5_2_3_4,9125,83.75,83.75,10.0,0,heldout,
real_moleculenet_lipophilicity,gp_ucb,9125,91.0,86.0875,2.75,0,heldout,
real_moleculenet_lipophilicity,llm_calibrated_selector,9125,91.25,89.225,2.5,0,heldout,llm_evolved_kernel_exploration_patch_high_beta
real_moleculenet_lipophilicity,llm_evolved_kernel_exploration_patch_high_beta,9125,91.25,89.225,2.5,0,heldout,
real_moleculenet_lipophilicity,mixed_kernel_gp_ei,9125,88.625,85.4375,5.125,0,heldout,
real_moleculenet_lipophilicity,target_acquisition_portfolio,9125,83.75,83.75,10.0,0,heldout,
real_moleculenet_lipophilicity,fixed_scale_ensemble_0p5_1_1p5_2_3_4,9126,91.25,89.85,2.5,0,heldout,
real_moleculenet_lipophilicity,gp_ucb,9126,91.25,89.15,2.5,0,heldout,
real_moleculenet_lipophilicity,llm_calibrated_selector,9126,90.75,85.55,3.0,0,heldout,llm_evolved_kernel_exploration_patch_high_beta
real_moleculenet_lipophilicity,llm_evolved_kernel_exploration_patch_high_beta,9126,90.75,85.55,3.0,0,heldout,
real_moleculenet_lipophilicity,mixed_kernel_gp_ei,9126,91.25,89.15,2.5,0,heldout,
real_moleculenet_lipophilicity,target_acquisition_portfolio,9126,91.25,89.15,2.5,0,heldout,
real_moleculenet_lipophilicity,fixed_scale_ensemble_0p5_1_1p5_2_3_4,9127,88.75,88.75,5.0,0,heldout,
real_moleculenet_lipophilicity,gp_ucb,9127,88.75,88.75,5.0,0,heldout,
real_moleculenet_lipophilicity,llm_calibrated_selector,9127,85.25,83.975,8.5,0,heldout,llm_evolved_kernel_exploration_patch_high_beta
real_moleculenet_lipophilicity,llm_evolved_kernel_exploration_patch_high_beta,9127,85.25,83.975,8.5,0,heldout,
real_moleculenet_lipophilicity,mixed_kernel_gp_ei,9127,88.75,88.75,5.0,0,heldout,
real_moleculenet_lipophilicity,target_acquisition_portfolio,9127,88.75,88.75,5.0,0,heldout,
real_moleculenet_lipophilicity,fixed_scale_ensemble_0p5_1_1p5_2_3_4,9128,84.875,84.2,8.875,0,heldout,
real_moleculenet_lipophilicity,gp_ucb,9128,91.25,84.5,2.5,0,heldout,
real_moleculenet_lipophilicity,llm_calibrated_selector,9128,92.375,89.7875,1.375,0,heldout,llm_evolved_kernel_exploration_patch_high_beta
real_moleculenet_lipophilicity,llm_evolved_kernel_exploration_patch_high_beta,9128,92.375,89.7875,1.375,0,heldout,
real_moleculenet_lipophilicity,mixed_kernel_gp_ei,9128,84.875,84.5375,8.875,0,heldout,
real_moleculenet_lipophilicity,target_acquisition_portfolio,9128,92.375,86.3375,1.375,0,heldout,
real_moleculenet_lipophilicity,fixed_scale_ensemble_0p5_1_1p5_2_3_4,9129,91.25,88.0625,2.5,0,heldout,
real_moleculenet_lipophilicity,gp_ucb,9129,91.25,88.0625,2.5,0,heldout,
real_moleculenet_lipophilicity,llm_calibrated_selector,9129,77.75,77.75,16.0,0,heldout,llm_evolved_kernel_exploration_patch_high_beta
real_moleculenet_lipophilicity,llm_evolved_kernel_exploration_patch_high_beta,9129,77.75,77.75,16.0,0,heldout,
real_moleculenet_lipophilicity,mixed_kernel_gp_ei,9129,91.25,88.0625,2.5,0,heldout,
real_moleculenet_lipophilicity,target_acquisition_portfolio,9129,91.25,88.0625,2.5,0,heldout,
real_moleculenet_lipophilicity,fixed_scale_ensemble_0p5_1_1p5_2_3_4,9130,89.125,89.125,4.625,0,heldout,
real_moleculenet_lipophilicity,gp_ucb,9130,89.125,89.125,4.625,0,heldout,
real_moleculenet_lipophilicity,llm_calibrated_selector,9130,89.125,89.125,4.625,0,heldout,llm_evolved_kernel_exploration_patch_high_beta
real_moleculenet_lipophilicity,llm_evolved_kernel_exploration_patch_high_beta,9130,89.125,89.125,4.625,0,heldout,
real_moleculenet_lipophilicity,mixed_kernel_gp_ei,9130,89.125,89.125,4.625,0,heldout,
real_moleculenet_lipophilicity,target_acquisition_portfolio,9130,89.125,89.125,4.625,0,heldout,
real_moleculenet_lipophilicity,fixed_scale_ensemble_0p5_1_1p5_2_3_4,9131,77.5,77.0625,16.25,0,heldout,
real_moleculenet_lipophilicity,gp_ucb,9131,87.125,86.075,6.625,0,heldout,
real_moleculenet_lipophilicity,llm_calibrated_selector,9131,87.125,87.125,6.625,0,heldout,llm_evolved_kernel_exploration_patch_high_beta
real_moleculenet_lipophilicity,llm_evolved_kernel_exploration_patch_high_beta,9131,87.125,87.125,6.625,0,heldout,
real_moleculenet_lipophilicity,mixed_kernel_gp_ei,9131,91.25,88.1875,2.5,0,heldout,
real_moleculenet_lipophilicity,target_acquisition_portfolio,9131,90.0,84.9875,3.75,0,heldout,
real_moleculenet_lipophilicity,fixed_scale_ensemble_0p5_1_1p5_2_3_4,9132,83.25,83.25,10.5,0,heldout,
real_moleculenet_lipophilicity,gp_ucb,9132,83.25,83.25,10.5,0,heldout,
real_moleculenet_lipophilicity,llm_calibrated_selector,9132,83.25,83.25,10.5,0,heldout,llm_evolved_kernel_exploration_patch_high_beta
real_moleculenet_lipophilicity,llm_evolved_kernel_exploration_patch_high_beta,9132,83.25,83.25,10.5,0,heldout,
real_moleculenet_lipophilicity,mixed_kernel_gp_ei,9132,83.25,83.25,10.5,0,heldout,
real_moleculenet_lipophilicity,target_acquisition_portfolio,9132,83.25,83.25,10.5,0,heldout,
real_moleculenet_lipophilicity,fixed_scale_ensemble_0p5_1_1p5_2_3_4,9133,82.0,79.75,11.75,0,heldout,
real_moleculenet_lipophilicity,gp_ucb,9133,82.0,79.75,11.75,0,heldout,
real_moleculenet_lipophilicity,llm_calibrated_selector,9133,91.375,87.5,2.375,0,heldout,llm_evolved_kernel_exploration_patch_high_beta
real_moleculenet_lipophilicity,llm_evolved_kernel_exploration_patch_high_beta,9133,91.375,87.5,2.375,0,heldout,
real_moleculenet_lipophilicity,mixed_kernel_gp_ei,9133,82.0,79.925,11.75,0,heldout,
real_moleculenet_lipophilicity,target_acquisition_portfolio,9133,82.0,79.75,11.75,0,heldout,
real_moleculenet_lipophilicity,fixed_scale_ensemble_0p5_1_1p5_2_3_4,9134,90.0,87.075,3.75,0,heldout,
real_moleculenet_lipophilicity,gp_ucb,9134,88.75,86.2875,5.0,0,heldout,
real_moleculenet_lipophilicity,llm_calibrated_selector,9134,88.25,86.6875,5.5,0,heldout,llm_evolved_kernel_exploration_patch_high_beta
real_moleculenet_lipophilicity,llm_evolved_kernel_exploration_patch_high_beta,9134,88.25,86.6875,5.5,0,heldout,
real_moleculenet_lipophilicity,mixed_kernel_gp_ei,9134,86.25,84.7375,7.5,0,heldout,
real_moleculenet_lipophilicity,target_acquisition_portfolio,9134,88.625,84.8375,5.125,0,heldout,
real_moleculenet_lipophilicity,fixed_scale_ensemble_0p5_1_1p5_2_3_4,9135,93.75,92.175,0.0,1,heldout,
real_moleculenet_lipophilicity,gp_ucb,9135,93.75,92.175,0.0,1,heldout,
real_moleculenet_lipophilicity,llm_calibrated_selector,9135,91.125,91.125,2.625,0,heldout,llm_evolved_kernel_exploration_patch_high_beta
real_moleculenet_lipophilicity,llm_evolved_kernel_exploration_patch_high_beta,9135,91.125,91.125,2.625,0,heldout,
real_moleculenet_lipophilicity,mixed_kernel_gp_ei,9135,93.75,92.175,0.0,1,heldout,
real_moleculenet_lipophilicity,target_acquisition_portfolio,9135,93.75,92.175,0.0,1,heldout,
real_moleculenet_lipophilicity,fixed_scale_ensemble_0p5_1_1p5_2_3_4,9136,85.0,85.0,8.75,0,heldout,
real_moleculenet_lipophilicity,gp_ucb,9136,93.75,87.625,0.0,1,heldout,
real_moleculenet_lipophilicity,llm_calibrated_selector,9136,85.0,85.0,8.75,0,heldout,llm_evolved_kernel_exploration_patch_high_beta
real_moleculenet_lipophilicity,llm_evolved_kernel_exploration_patch_high_beta,9136,85.0,85.0,8.75,0,heldout,
real_moleculenet_lipophilicity,mixed_kernel_gp_ei,9136,85.0,85.0,8.75,0,heldout,
real_moleculenet_lipophilicity,target_acquisition_portfolio,9136,85.0,85.0,8.75,0,heldout,
real_moleculenet_lipophilicity,fixed_scale_ensemble_0p5_1_1p5_2_3_4,9137,89.625,87.4125,4.125,0,heldout,
real_moleculenet_lipophilicity,gp_ucb,9137,89.625,87.4125,4.125,0,heldout,
real_moleculenet_lipophilicity,llm_calibrated_selector,9137,90.0,89.7875,3.75,0,heldout,llm_evolved_kernel_exploration_patch_high_beta
real_moleculenet_lipophilicity,llm_evolved_kernel_exploration_patch_high_beta,9137,90.0,89.7875,3.75,0,heldout,
real_moleculenet_lipophilicity,mixed_kernel_gp_ei,9137,89.625,85.7625,4.125,0,heldout,
real_moleculenet_lipophilicity,target_acquisition_portfolio,9137,89.625,85.7625,4.125,0,heldout,
real_moleculenet_lipophilicity,fixed_scale_ensemble_0p5_1_1p5_2_3_4,9138,91.875,85.8,1.875,0,heldout,
real_moleculenet_lipophilicity,gp_ucb,9138,87.5,87.5,6.25,0,heldout,
real_moleculenet_lipophilicity,llm_calibrated_selector,9138,93.75,92.8125,0.0,1,heldout,llm_evolved_kernel_exploration_patch_high_beta
real_moleculenet_lipophilicity,llm_evolved_kernel_exploration_patch_high_beta,9138,93.75,92.8125,0.0,1,heldout,
real_moleculenet_lipophilicity,mixed_kernel_gp_ei,9138,87.5,87.5,6.25,0,heldout,
real_moleculenet_lipophilicity,target_acquisition_portfolio,9138,91.875,85.8,1.875,0,heldout,
real_moleculenet_lipophilicity,fixed_scale_ensemble_0p5_1_1p5_2_3_4,9139,87.5,85.25,6.25,0,heldout,
real_moleculenet_lipophilicity,gp_ucb,9139,87.5,85.25,6.25,0,heldout,
real_moleculenet_lipophilicity,llm_calibrated_selector,9139,82.5,80.875,11.25,0,heldout,llm_evolved_kernel_exploration_patch_high_beta
real_moleculenet_lipophilicity,llm_evolved_kernel_exploration_patch_high_beta,9139,82.5,80.875,11.25,0,heldout,
real_moleculenet_lipophilicity,mixed_kernel_gp_ei,9139,82.5,80.8,11.25,0,heldout,
real_moleculenet_lipophilicity,target_acquisition_portfolio,9139,87.125,84.95,6.625,0,heldout,
real_moleculenet_lipophilicity,fixed_scale_ensemble_0p5_1_1p5_2_3_4,9140,93.75,87.4375,0.0,1,heldout,
real_moleculenet_lipophilicity,gp_ucb,9140,88.625,86.75,5.125,0,heldout,
real_moleculenet_lipophilicity,llm_calibrated_selector,9140,93.75,86.1875,0.0,1,heldout,llm_evolved_kernel_exploration_patch_high_beta
real_moleculenet_lipophilicity,llm_evolved_kernel_exploration_patch_high_beta,9140,93.75,86.1875,0.0,1,heldout,
real_moleculenet_lipophilicity,mixed_kernel_gp_ei,9140,88.625,86.6125,5.125,0,heldout,
real_moleculenet_lipophilicity,target_acquisition_portfolio,9140,93.75,86.3625,0.0,1,heldout,
real_moleculenet_lipophilicity,fixed_scale_ensemble_0p5_1_1p5_2_3_4,9141,83.5,83.35,10.25,0,heldout,
real_moleculenet_lipophilicity,gp_ucb,9141,88.125,84.7375,5.625,0,heldout,
real_moleculenet_lipophilicity,llm_calibrated_selector,9141,88.75,83.575,5.0,0,heldout,llm_evolved_kernel_exploration_patch_high_beta
real_moleculenet_lipophilicity,llm_evolved_kernel_exploration_patch_high_beta,9141,88.75,83.575,5.0,0,heldout,
real_moleculenet_lipophilicity,mixed_kernel_gp_ei,9141,88.125,84.5375,5.625,0,heldout,
real_moleculenet_lipophilicity,target_acquisition_portfolio,9141,88.125,84.7375,5.625,0,heldout,
real_moleculenet_lipophilicity,fixed_scale_ensemble_0p5_1_1p5_2_3_4,9142,84.25,82.4125,9.5,0,heldout,
real_moleculenet_lipophilicity,gp_ucb,9142,84.25,82.4125,9.5,0,heldout,
real_moleculenet_lipophilicity,llm_calibrated_selector,9142,91.25,91.25,2.5,0,heldout,llm_evolved_kernel_exploration_patch_high_beta
real_moleculenet_lipophilicity,llm_evolved_kernel_exploration_patch_high_beta,9142,91.25,91.25,2.5,0,heldout,
real_moleculenet_lipophilicity,mixed_kernel_gp_ei,9142,82.0,81.0625,11.75,0,heldout,
real_moleculenet_lipophilicity,target_acquisition_portfolio,9142,82.0,81.0625,11.75,0,heldout,
real_moleculenet_lipophilicity,fixed_scale_ensemble_0p5_1_1p5_2_3_4,9143,87.5,86.5,6.25,0,heldout,
real_moleculenet_lipophilicity,gp_ucb,9143,93.75,88.375,0.0,1,heldout,
real_moleculenet_lipophilicity,llm_calibrated_selector,9143,91.25,86.775,2.5,0,heldout,llm_evolved_kernel_exploration_patch_high_beta
real_moleculenet_lipophilicity,llm_evolved_kernel_exploration_patch_high_beta,9143,91.25,86.775,2.5,0,heldout,
real_moleculenet_lipophilicity,mixed_kernel_gp_ei,9143,86.75,85.175,7.0,0,heldout,
real_moleculenet_lipophilicity,target_acquisition_portfolio,9143,85.0,85.0,8.75,0,heldout,
real_moleculenet_lipophilicity,fixed_scale_ensemble_0p5_1_1p5_2_3_4,9144,80.0,75.1625,13.75,0,heldout,
real_moleculenet_lipophilicity,gp_ucb,9144,83.75,79.1875,10.0,0,heldout,
real_moleculenet_lipophilicity,llm_calibrated_selector,9144,91.25,86.825,2.5,0,heldout,llm_evolved_kernel_exploration_patch_high_beta
real_moleculenet_lipophilicity,llm_evolved_kernel_exploration_patch_high_beta,9144,91.25,86.825,2.5,0,heldout,
real_moleculenet_lipophilicity,mixed_kernel_gp_ei,9144,80.375,80.375,13.375,0,heldout,
real_moleculenet_lipophilicity,target_acquisition_portfolio,9144,80.375,80.375,13.375,0,heldout,
real_moleculenet_lipophilicity,fixed_scale_ensemble_0p5_1_1p5_2_3_4,9145,88.625,88.625,5.125,0,heldout,
real_moleculenet_lipophilicity,gp_ucb,9145,90.0,89.175,3.75,0,heldout,
real_moleculenet_lipophilicity,llm_calibrated_selector,9145,88.625,88.625,5.125,0,heldout,llm_evolved_kernel_exploration_patch_high_beta
real_moleculenet_lipophilicity,llm_evolved_kernel_exploration_patch_high_beta,9145,88.625,88.625,5.125,0,heldout,
real_moleculenet_lipophilicity,mixed_kernel_gp_ei,9145,90.0,89.0375,3.75,0,heldout,
real_moleculenet_lipophilicity,target_acquisition_portfolio,9145,90.0,89.175,3.75,0,heldout,
real_moleculenet_lipophilicity,fixed_scale_ensemble_0p5_1_1p5_2_3_4,9146,86.625,82.5375,7.125,0,heldout,
real_moleculenet_lipophilicity,gp_ucb,9146,86.625,82.5375,7.125,0,heldout,
real_moleculenet_lipophilicity,llm_calibrated_selector,9146,90.0,88.9875,3.75,0,heldout,llm_evolved_kernel_exploration_patch_high_beta
real_moleculenet_lipophilicity,llm_evolved_kernel_exploration_patch_high_beta,9146,90.0,88.9875,3.75,0,heldout,
real_moleculenet_lipophilicity,mixed_kernel_gp_ei,9146,93.5,80.2125,0.25,1,heldout,
real_moleculenet_lipophilicity,target_acquisition_portfolio,9146,84.625,78.7,9.125,0,heldout,
real_moleculenet_lipophilicity,fixed_scale_ensemble_0p5_1_1p5_2_3_4,9147,87.5,87.5,6.25,0,heldout,
real_moleculenet_lipophilicity,gp_ucb,9147,87.5,87.5,6.25,0,heldout,
real_moleculenet_lipophilicity,llm_calibrated_selector,9147,84.75,79.975,9.0,0,heldout,llm_evolved_kernel_exploration_patch_high_beta
real_moleculenet_lipophilicity,llm_evolved_kernel_exploration_patch_high_beta,9147,84.75,79.975,9.0,0,heldout,
real_moleculenet_lipophilicity,mixed_kernel_gp_ei,9147,85.25,81.55,8.5,0,heldout,
real_moleculenet_lipophilicity,target_acquisition_portfolio,9147,87.5,87.5,6.25,0,heldout,
real_moleculenet_lipophilicity,fixed_scale_ensemble_0p5_1_1p5_2_3_4,9148,88.25,88.25,5.5,0,heldout,
real_moleculenet_lipophilicity,gp_ucb,9148,88.25,88.25,5.5,0,heldout,
real_moleculenet_lipophilicity,llm_calibrated_selector,9148,88.25,88.25,5.5,0,heldout,llm_evolved_kernel_exploration_patch_high_beta
real_moleculenet_lipophilicity,llm_evolved_kernel_exploration_patch_high_beta,9148,88.25,88.25,5.5,0,heldout,
real_moleculenet_lipophilicity,mixed_kernel_gp_ei,9148,88.25,88.25,5.5,0,heldout,
real_moleculenet_lipophilicity,target_acquisition_portfolio,9148,88.25,88.25,5.5,0,heldout,
real_moleculenet_lipophilicity,fixed_scale_ensemble_0p5_1_1p5_2_3_4,9149,80.125,80.125,13.625,0,heldout,
real_moleculenet_lipophilicity,gp_ucb,9149,84.25,80.95,9.5,0,heldout,
real_moleculenet_lipophilicity,llm_calibrated_selector,9149,80.125,80.125,13.625,0,heldout,llm_evolved_kernel_exploration_patch_high_beta
real_moleculenet_lipophilicity,llm_evolved_kernel_exploration_patch_high_beta,9149,80.125,80.125,13.625,0,heldout,
real_moleculenet_lipophilicity,mixed_kernel_gp_ei,9149,89.875,88.0875,3.875,0,heldout,
real_moleculenet_lipophilicity,target_acquisition_portfolio,9149,84.25,80.95,9.5,0,heldout,
real_moleculenet_lipophilicity,fixed_scale_ensemble_0p5_1_1p5_2_3_4,9150,88.75,87.375,5.0,0,heldout,
real_moleculenet_lipophilicity,gp_ucb,9150,86.0,86.0,7.75,0,heldout,
real_moleculenet_lipophilicity,llm_calibrated_selector,9150,93.75,92.2,0.0,1,heldout,llm_evolved_kernel_exploration_patch_high_beta
real_moleculenet_lipophilicity,llm_evolved_kernel_exploration_patch_high_beta,9150,93.75,92.2,0.0,1,heldout,
real_moleculenet_lipophilicity,mixed_kernel_gp_ei,9150,86.0,86.0,7.75,0,heldout,
real_moleculenet_lipophilicity,target_acquisition_portfolio,9150,86.0,86.0,7.75,0,heldout,
real_moleculenet_lipophilicity,fixed_scale_ensemble_0p5_1_1p5_2_3_4,9151,93.75,91.1125,0.0,1,heldout,
real_moleculenet_lipophilicity,gp_ucb,9151,93.5,92.8875,0.25,1,heldout,
real_moleculenet_lipophilicity,llm_calibrated_selector,9151,93.75,91.2,0.0,1,heldout,llm_evolved_kernel_exploration_patch_high_beta
real_moleculenet_lipophilicity,llm_evolved_kernel_exploration_patch_high_beta,9151,93.75,91.2,0.0,1,heldout,
real_moleculenet_lipophilicity,mixed_kernel_gp_ei,9151,93.75,91.1125,0.0,1,heldout,
real_moleculenet_lipophilicity,target_acquisition_portfolio,9151,93.75,91.1125,0.0,1,heldout,
real_moleculenet_lipophilicity,fixed_scale_ensemble_0p5_1_1p5_2_3_4,9152,86.875,83.575,6.875,0,heldout,
real_moleculenet_lipophilicity,gp_ucb,9152,82.875,82.875,10.875,0,heldout,
real_moleculenet_lipophilicity,llm_calibrated_selector,9152,83.75,77.0875,10.0,0,heldout,llm_evolved_kernel_exploration_patch_high_beta
real_moleculenet_lipophilicity,llm_evolved_kernel_exploration_patch_high_beta,9152,83.75,77.0875,10.0,0,heldout,
real_moleculenet_lipophilicity,mixed_kernel_gp_ei,9152,84.75,84.025,9.0,0,heldout,
real_moleculenet_lipophilicity,target_acquisition_portfolio,9152,84.75,84.025,9.0,0,heldout,
real_moleculenet_lipophilicity,fixed_scale_ensemble_0p5_1_1p5_2_3_4,9153,93.5,89.2,0.25,1,heldout,
real_moleculenet_lipophilicity,gp_ucb,9153,88.625,88.425,5.125,0,heldout,
real_moleculenet_lipophilicity,llm_calibrated_selector,9153,88.625,88.325,5.125,0,heldout,llm_evolved_kernel_exploration_patch_high_beta
real_moleculenet_lipophilicity,llm_evolved_kernel_exploration_patch_high_beta,9153,88.625,88.325,5.125,0,heldout,
real_moleculenet_lipophilicity,mixed_kernel_gp_ei,9153,91.25,88.95,2.5,0,heldout,
real_moleculenet_lipophilicity,target_acquisition_portfolio,9153,88.625,88.375,5.125,0,heldout,
real_moleculenet_lipophilicity,fixed_scale_ensemble_0p5_1_1p5_2_3_4,9154,83.75,83.0,10.0,0,heldout,
real_moleculenet_lipophilicity,gp_ucb,9154,90.0,85.1625,3.75,0,heldout,
real_moleculenet_lipophilicity,llm_calibrated_selector,9154,80.0,78.0125,13.75,0,heldout,llm_evolved_kernel_exploration_patch_high_beta
real_moleculenet_lipophilicity,llm_evolved_kernel_exploration_patch_high_beta,9154,80.0,78.0125,13.75,0,heldout,
real_moleculenet_lipophilicity,mixed_kernel_gp_ei,9154,83.875,82.325,9.875,0,heldout,
real_moleculenet_lipophilicity,target_acquisition_portfolio,9154,83.875,82.7125,9.875,0,heldout,
real_moleculenet_lipophilicity,fixed_scale_ensemble_0p5_1_1p5_2_3_4,9155,93.25,93.25,0.5,0,heldout,
real_moleculenet_lipophilicity,gp_ucb,9155,93.25,93.25,0.5,0,heldout,
real_moleculenet_lipophilicity,llm_calibrated_selector,9155,93.25,93.25,0.5,0,heldout,llm_evolved_kernel_exploration_patch_high_beta
real_moleculenet_lipophilicity,llm_evolved_kernel_exploration_patch_high_beta,9155,93.25,93.25,0.5,0,heldout,
real_moleculenet_lipophilicity,mixed_kernel_gp_ei,9155,93.25,93.25,0.5,0,heldout,
real_moleculenet_lipophilicity,target_acquisition_portfolio,9155,93.25,93.25,0.5,0,heldout,
real_moleculenet_lipophilicity,fixed_scale_ensemble_0p5_1_1p5_2_3_4,9156,90.0,90.0,3.75,0,heldout,
real_moleculenet_lipophilicity,gp_ucb,9156,90.0,90.0,3.75,0,heldout,
real_moleculenet_lipophilicity,llm_calibrated_selector,9156,90.0,88.525,3.75,0,heldout,llm_evolved_kernel_exploration_patch_high_beta
real_moleculenet_lipophilicity,llm_evolved_kernel_exploration_patch_high_beta,9156,90.0,88.525,3.75,0,heldout,
real_moleculenet_lipophilicity,mixed_kernel_gp_ei,9156,90.0,90.0,3.75,0,heldout,
real_moleculenet_lipophilicity,target_acquisition_portfolio,9156,90.0,90.0,3.75,0,heldout,
real_moleculenet_lipophilicity,fixed_scale_ensemble_0p5_1_1p5_2_3_4,9157,93.5,87.0,0.25,1,heldout,
real_moleculenet_lipophilicity,gp_ucb,9157,93.75,90.9,0.0,1,heldout,
real_moleculenet_lipophilicity,llm_calibrated_selector,9157,93.75,88.1,0.0,1,heldout,llm_evolved_kernel_exploration_patch_high_beta
real_moleculenet_lipophilicity,llm_evolved_kernel_exploration_patch_high_beta,9157,93.75,88.1,0.0,1,heldout,
real_moleculenet_lipophilicity,mixed_kernel_gp_ei,9157,87.5,86.25,6.25,0,heldout,
real_moleculenet_lipophilicity,target_acquisition_portfolio,9157,93.75,89.8,0.0,1,heldout,
real_moleculenet_lipophilicity,fixed_scale_ensemble_0p5_1_1p5_2_3_4,9158,92.25,84.15,1.5,0,heldout,
real_moleculenet_lipophilicity,gp_ucb,9158,92.25,81.45,1.5,0,heldout,
real_moleculenet_lipophilicity,llm_calibrated_selector,9158,92.25,82.8,1.5,0,heldout,llm_evolved_kernel_exploration_patch_high_beta
real_moleculenet_lipophilicity,llm_evolved_kernel_exploration_patch_high_beta,9158,92.25,82.8,1.5,0,heldout,
real_moleculenet_lipophilicity,mixed_kernel_gp_ei,9158,82.5,79.875,11.25,0,heldout,
real_moleculenet_lipophilicity,target_acquisition_portfolio,9158,86.75,80.325,7.0,0,heldout,
real_moleculenet_lipophilicity,fixed_scale_ensemble_0p5_1_1p5_2_3_4,9159,81.25,80.15,12.5,0,heldout,
real_moleculenet_lipophilicity,gp_ucb,9159,81.25,80.15,12.5,0,heldout,
real_moleculenet_lipophilicity,llm_calibrated_selector,9159,80.625,80.425,13.125,0,heldout,llm_evolved_kernel_exploration_patch_high_beta
real_moleculenet_lipophilicity,llm_evolved_kernel_exploration_patch_high_beta,9159,80.625,80.425,13.125,0,heldout,
real_moleculenet_lipophilicity,mixed_kernel_gp_ei,9159,80.125,79.475,13.625,0,heldout,
real_moleculenet_lipophilicity,target_acquisition_portfolio,9159,80.125,79.475,13.625,0,heldout,
real_moleculenet_lipophilicity,fixed_scale_ensemble_0p5_1_1p5_2_3_4,9160,87.0,87.0,6.75,0,heldout,
real_moleculenet_lipophilicity,gp_ucb,9160,87.5,87.1,6.25,0,heldout,
real_moleculenet_lipophilicity,llm_calibrated_selector,9160,90.0,87.0,3.75,0,heldout,llm_evolved_kernel_exploration_patch_high_beta
real_moleculenet_lipophilicity,llm_evolved_kernel_exploration_patch_high_beta,9160,90.0,87.0,3.75,0,heldout,
real_moleculenet_lipophilicity,mixed_kernel_gp_ei,9160,87.5,87.25,6.25,0,heldout,
real_moleculenet_lipophilicity,target_acquisition_portfolio,9160,87.0,87.0,6.75,0,heldout,
real_moleculenet_lipophilicity,fixed_scale_ensemble_0p5_1_1p5_2_3_4,9161,85.625,85.625,8.125,0,heldout,
real_moleculenet_lipophilicity,gp_ucb,9161,85.625,85.625,8.125,0,heldout,
real_moleculenet_lipophilicity,llm_calibrated_selector,9161,91.875,91.25,1.875,0,heldout,llm_evolved_kernel_exploration_patch_high_beta
real_moleculenet_lipophilicity,llm_evolved_kernel_exploration_patch_high_beta,9161,91.875,91.25,1.875,0,heldout,
real_moleculenet_lipophilicity,mixed_kernel_gp_ei,9161,85.625,85.625,8.125,0,heldout,
real_moleculenet_lipophilicity,target_acquisition_portfolio,9161,91.875,90.0,1.875,0,heldout,
real_moleculenet_lipophilicity,fixed_scale_ensemble_0p5_1_1p5_2_3_4,9162,86.75,85.1,7.0,0,heldout,
real_moleculenet_lipophilicity,gp_ucb,9162,84.0,84.0,9.75,0,heldout,
real_moleculenet_lipophilicity,llm_calibrated_selector,9162,86.75,86.2,7.0,0,heldout,llm_evolved_kernel_exploration_patch_high_beta
real_moleculenet_lipophilicity,llm_evolved_kernel_exploration_patch_high_beta,9162,86.75,86.2,7.0,0,heldout,
real_moleculenet_lipophilicity,mixed_kernel_gp_ei,9162,84.0,84.0,9.75,0,heldout,
real_moleculenet_lipophilicity,target_acquisition_portfolio,9162,84.0,84.0,9.75,0,heldout,
real_moleculenet_lipophilicity,fixed_scale_ensemble_0p5_1_1p5_2_3_4,9163,87.5,81.4375,6.25,0,heldout,
real_moleculenet_lipophilicity,gp_ucb,9163,86.875,81.9375,6.875,0,heldout,
real_moleculenet_lipophilicity,llm_calibrated_selector,9163,93.75,91.225,0.0,1,heldout,llm_evolved_kernel_exploration_patch_high_beta
real_moleculenet_lipophilicity,llm_evolved_kernel_exploration_patch_high_beta,9163,93.75,91.225,0.0,1,heldout,
real_moleculenet_lipophilicity,mixed_kernel_gp_ei,9163,91.25,89.375,2.5,0,heldout,
real_moleculenet_lipophilicity,target_acquisition_portfolio,9163,74.125,68.75,19.625,0,heldout,
real_moleculenet_lipophilicity,fixed_scale_ensemble_0p5_1_1p5_2_3_4,9164,93.75,85.1875,0.0,1,heldout,
real_moleculenet_lipophilicity,gp_ucb,9164,93.75,85.3125,0.0,1,heldout,
real_moleculenet_lipophilicity,llm_calibrated_selector,9164,81.25,80.125,12.5,0,heldout,llm_evolved_kernel_exploration_patch_high_beta
real_moleculenet_lipophilicity,llm_evolved_kernel_exploration_patch_high_beta,9164,81.25,80.125,12.5,0,heldout,
real_moleculenet_lipophilicity,mixed_kernel_gp_ei,9164,90.0,85.75,3.75,0,heldout,
real_moleculenet_lipophilicity,target_acquisition_portfolio,9164,87.5,84.25,6.25,0,heldout,
real_moleculenet_lipophilicity,fixed_scale_ensemble_0p5_1_1p5_2_3_4,9165,87.125,83.325,6.625,0,heldout,
real_moleculenet_lipophilicity,gp_ucb,9165,78.125,77.775,15.625,0,heldout,
real_moleculenet_lipophilicity,llm_calibrated_selector,9165,88.25,83.4375,5.5,0,heldout,llm_evolved_kernel_exploration_patch_high_beta
real_moleculenet_lipophilicity,llm_evolved_kernel_exploration_patch_high_beta,9165,88.25,83.4375,5.5,0,heldout,
real_moleculenet_lipophilicity,mixed_kernel_gp_ei,9165,87.375,84.15,6.375,0,heldout,
real_moleculenet_lipophilicity,target_acquisition_portfolio,9165,88.25,83.7375,5.5,0,heldout,
real_moleculenet_lipophilicity,fixed_scale_ensemble_0p5_1_1p5_2_3_4,9166,87.5,87.25,6.25,0,heldout,
real_moleculenet_lipophilicity,gp_ucb,9166,87.5,87.25,6.25,0,heldout,
real_moleculenet_lipophilicity,llm_calibrated_selector,9166,88.25,87.85,5.5,0,heldout,llm_evolved_kernel_exploration_patch_high_beta
real_moleculenet_lipophilicity,llm_evolved_kernel_exploration_patch_high_beta,9166,88.25,87.85,5.5,0,heldout,
real_moleculenet_lipophilicity,mixed_kernel_gp_ei,9166,88.625,86.725,5.125,0,heldout,
real_moleculenet_lipophilicity,target_acquisition_portfolio,9166,88.625,86.725,5.125,0,heldout,
real_moleculenet_lipophilicity,fixed_scale_ensemble_0p5_1_1p5_2_3_4,9167,91.25,90.2,2.5,0,heldout,
real_moleculenet_lipophilicity,gp_ucb,9167,91.25,90.025,2.5,0,heldout,
real_moleculenet_lipophilicity,llm_calibrated_selector,9167,91.25,90.725,2.5,0,heldout,llm_evolved_kernel_exploration_patch_high_beta
real_moleculenet_lipophilicity,llm_evolved_kernel_exploration_patch_high_beta,9167,91.25,90.725,2.5,0,heldout,
real_moleculenet_lipophilicity,mixed_kernel_gp_ei,9167,91.25,90.025,2.5,0,heldout,
real_moleculenet_lipophilicity,target_acquisition_portfolio,9167,91.25,90.025,2.5,0,heldout,
real_moleculenet_lipophilicity,fixed_scale_ensemble_0p5_1_1p5_2_3_4,9168,88.625,86.7875,5.125,0,heldout,
real_moleculenet_lipophilicity,gp_ucb,9168,93.75,85.425,0.0,1,heldout,
real_moleculenet_lipophilicity,llm_calibrated_selector,9168,93.75,90.125,0.0,1,heldout,llm_evolved_kernel_exploration_patch_high_beta
real_moleculenet_lipophilicity,llm_evolved_kernel_exploration_patch_high_beta,9168,93.75,90.125,0.0,1,heldout,
real_moleculenet_lipophilicity,mixed_kernel_gp_ei,9168,87.375,84.9375,6.375,0,heldout,
real_moleculenet_lipophilicity,target_acquisition_portfolio,9168,88.625,85.5375,5.125,0,heldout,
real_moleculenet_lipophilicity,fixed_scale_ensemble_0p5_1_1p5_2_3_4,9169,90.0,85.5,3.75,0,heldout,
real_moleculenet_lipophilicity,gp_ucb,9169,90.0,85.5,3.75,0,heldout,
real_moleculenet_lipophilicity,llm_calibrated_selector,9169,90.0,84.1375,3.75,0,heldout,llm_evolved_kernel_exploration_patch_high_beta
real_moleculenet_lipophilicity,llm_evolved_kernel_exploration_patch_high_beta,9169,90.0,84.1375,3.75,0,heldout,
real_moleculenet_lipophilicity,mixed_kernel_gp_ei,9169,83.375,82.575,10.375,0,heldout,
real_moleculenet_lipophilicity,target_acquisition_portfolio,9169,90.0,87.725,3.75,0,heldout,
real_moleculenet_lipophilicity,fixed_scale_ensemble_0p5_1_1p5_2_3_4,9170,90.0,90.0,3.75,0,heldout,
real_moleculenet_lipophilicity,gp_ucb,9170,80.0,80.0,13.75,0,heldout,
real_moleculenet_lipophilicity,llm_calibrated_selector,9170,90.0,87.0,3.75,0,heldout,llm_evolved_kernel_exploration_patch_high_beta
real_moleculenet_lipophilicity,llm_evolved_kernel_exploration_patch_high_beta,9170,90.0,87.0,3.75,0,heldout,
real_moleculenet_lipophilicity,mixed_kernel_gp_ei,9170,86.125,81.225,7.625,0,heldout,
real_moleculenet_lipophilicity,target_acquisition_portfolio,9170,80.0,80.0,13.75,0,heldout,
real_moleculenet_lipophilicity,fixed_scale_ensemble_0p5_1_1p5_2_3_4,9171,87.375,82.175,6.375,0,heldout,
real_moleculenet_lipophilicity,gp_ucb,9171,85.25,83.95,8.5,0,heldout,
real_moleculenet_lipophilicity,llm_calibrated_selector,9171,88.75,84.05,5.0,0,heldout,llm_evolved_kernel_exploration_patch_high_beta
real_moleculenet_lipophilicity,llm_evolved_kernel_exploration_patch_high_beta,9171,88.75,84.05,5.0,0,heldout,
real_moleculenet_lipophilicity,mixed_kernel_gp_ei,9171,82.0,82.0,11.75,0,heldout,
real_moleculenet_lipophilicity,target_acquisition_portfolio,9171,87.125,83.75,6.625,0,heldout,
real_moleculenet_lipophilicity,fixed_scale_ensemble_0p5_1_1p5_2_3_4,9172,83.75,83.75,10.0,0,heldout,
real_moleculenet_lipophilicity,gp_ucb,9172,92.5,89.875,1.25,0,heldout,
real_moleculenet_lipophilicity,llm_calibrated_selector,9172,87.5,85.625,6.25,0,heldout,llm_evolved_kernel_exploration_patch_high_beta
real_moleculenet_lipophilicity,llm_evolved_kernel_exploration_patch_high_beta,9172,87.5,85.625,6.25,0,heldout,
real_moleculenet_lipophilicity,mixed_kernel_gp_ei,9172,92.5,89.875,1.25,0,heldout,
real_moleculenet_lipophilicity,target_acquisition_portfolio,9172,92.5,89.875,1.25,0,heldout,
real_moleculenet_lipophilicity,fixed_scale_ensemble_0p5_1_1p5_2_3_4,9173,91.25,87.75,2.5,0,heldout,
real_moleculenet_lipophilicity,gp_ucb,9173,91.25,87.75,2.5,0,heldout,
real_moleculenet_lipophilicity,llm_calibrated_selector,9173,82.5,82.5,11.25,0,heldout,llm_evolved_kernel_exploration_patch_high_beta
real_moleculenet_lipophilicity,llm_evolved_kernel_exploration_patch_high_beta,9173,82.5,82.5,11.25,0,heldout,
real_moleculenet_lipophilicity,mixed_kernel_gp_ei,9173,91.25,87.75,2.5,0,heldout,
real_moleculenet_lipophilicity,target_acquisition_portfolio,9173,91.25,87.75,2.5,0,heldout,
real_moleculenet_lipophilicity,fixed_scale_ensemble_0p5_1_1p5_2_3_4,9174,86.125,82.45,7.625,0,heldout,
real_moleculenet_lipophilicity,gp_ucb,9174,80.875,80.875,12.875,0,heldout,
real_moleculenet_lipophilicity,llm_calibrated_selector,9174,86.25,84.425,7.5,0,heldout,llm_evolved_kernel_exploration_patch_high_beta
real_moleculenet_lipophilicity,llm_evolved_kernel_exploration_patch_high_beta,9174,86.25,84.425,7.5,0,heldout,
real_moleculenet_lipophilicity,mixed_kernel_gp_ei,9174,86.125,81.925,7.625,0,heldout,
real_moleculenet_lipophilicity,target_acquisition_portfolio,9174,80.875,80.875,12.875,0,heldout,
real_moleculenet_lipophilicity,fixed_scale_ensemble_0p5_1_1p5_2_3_4,9175,88.75,86.0375,5.0,0,heldout,
real_moleculenet_lipophilicity,gp_ucb,9175,86.125,85.25,7.625,0,heldout,
real_moleculenet_lipophilicity,llm_calibrated_selector,9175,90.0,85.925,3.75,0,heldout,llm_evolved_kernel_exploration_patch_high_beta
real_moleculenet_lipophilicity,llm_evolved_kernel_exploration_patch_high_beta,9175,90.0,85.925,3.75,0,heldout,
real_moleculenet_lipophilicity,mixed_kernel_gp_ei,9175,84.875,84.875,8.875,0,heldout,
real_moleculenet_lipophilicity,target_acquisition_portfolio,9175,87.25,85.1125,6.5,0,heldout,
real_moleculenet_lipophilicity,fixed_scale_ensemble_0p5_1_1p5_2_3_4,9176,93.5,92.95,0.25,1,heldout,
real_moleculenet_lipophilicity,gp_ucb,9176,93.5,92.95,0.25,1,heldout,
real_moleculenet_lipophilicity,llm_calibrated_selector,9176,93.75,93.575,0.0,1,heldout,llm_evolved_kernel_exploration_patch_high_beta
real_moleculenet_lipophilicity,llm_evolved_kernel_exploration_patch_high_beta,9176,93.75,93.575,0.0,1,heldout,
real_moleculenet_lipophilicity,mixed_kernel_gp_ei,9176,93.75,93.15,0.0,1,heldout,
real_moleculenet_lipophilicity,target_acquisition_portfolio,9176,93.5,92.95,0.25,1,heldout,
real_moleculenet_lipophilicity,fixed_scale_ensemble_0p5_1_1p5_2_3_4,9177,76.875,74.625,16.875,0,heldout,
real_moleculenet_lipophilicity,gp_ucb,9177,75.0,74.25,18.75,0,heldout,
real_moleculenet_lipophilicity,llm_calibrated_selector,9177,83.75,77.3875,10.0,0,heldout,llm_evolved_kernel_exploration_patch_high_beta
real_moleculenet_lipophilicity,llm_evolved_kernel_exploration_patch_high_beta,9177,83.75,77.3875,10.0,0,heldout,
real_moleculenet_lipophilicity,mixed_kernel_gp_ei,9177,86.625,77.4,7.125,0,heldout,
real_moleculenet_lipophilicity,target_acquisition_portfolio,9177,86.625,80.6625,7.125,0,heldout,
real_moleculenet_lipophilicity,fixed_scale_ensemble_0p5_1_1p5_2_3_4,9178,91.25,89.375,2.5,0,heldout,
real_moleculenet_lipophilicity,gp_ucb,9178,91.25,90.25,2.5,0,heldout,
real_moleculenet_lipophilicity,llm_calibrated_selector,9178,93.75,88.75,0.0,1,heldout,llm_evolved_kernel_exploration_patch_high_beta
real_moleculenet_lipophilicity,llm_evolved_kernel_exploration_patch_high_beta,9178,93.75,88.75,0.0,1,heldout,
real_moleculenet_lipophilicity,mixed_kernel_gp_ei,9178,87.5,80.5,6.25,0,heldout,
real_moleculenet_lipophilicity,target_acquisition_portfolio,9178,78.75,78.75,15.0,0,heldout,
real_moleculenet_lipophilicity,fixed_scale_ensemble_0p5_1_1p5_2_3_4,9179,91.875,90.125,1.875,0,heldout,
real_moleculenet_lipophilicity,gp_ucb,9179,91.875,90.125,1.875,0,heldout,
real_moleculenet_lipophilicity,llm_calibrated_selector,9179,91.875,89.6875,1.875,0,heldout,llm_evolved_kernel_exploration_patch_high_beta
real_moleculenet_lipophilicity,llm_evolved_kernel_exploration_patch_high_beta,9179,91.875,89.6875,1.875,0,heldout,
real_moleculenet_lipophilicity,mixed_kernel_gp_ei,9179,87.5,87.5,6.25,0,heldout,
real_moleculenet_lipophilicity,target_acquisition_portfolio,9179,87.5,87.5,6.25,0,heldout,
real_moleculenet_lipophilicity,fixed_scale_ensemble_0p5_1_1p5_2_3_4,9180,83.75,83.75,10.0,0,heldout,
real_moleculenet_lipophilicity,gp_ucb,9180,83.75,83.75,10.0,0,heldout,
real_moleculenet_lipophilicity,llm_calibrated_selector,9180,83.75,83.75,10.0,0,heldout,llm_evolved_kernel_exploration_patch_high_beta
real_moleculenet_lipophilicity,llm_evolved_kernel_exploration_patch_high_beta,9180,83.75,83.75,10.0,0,heldout,
real_moleculenet_lipophilicity,mixed_kernel_gp_ei,9180,83.75,83.75,10.0,0,heldout,
real_moleculenet_lipophilicity,target_acquisition_portfolio,9180,83.75,83.75,10.0,0,heldout,
real_moleculenet_lipophilicity,fixed_scale_ensemble_0p5_1_1p5_2_3_4,9181,82.0,80.7625,11.75,0,heldout,
real_moleculenet_lipophilicity,gp_ucb,9181,82.0,80.7625,11.75,0,heldout,
real_moleculenet_lipophilicity,llm_calibrated_selector,9181,88.625,86.3375,5.125,0,heldout,llm_evolved_kernel_exploration_patch_high_beta
real_moleculenet_lipophilicity,llm_evolved_kernel_exploration_patch_high_beta,9181,88.625,86.3375,5.125,0,heldout,
real_moleculenet_lipophilicity,mixed_kernel_gp_ei,9181,88.75,88.6,5.0,0,heldout,
real_moleculenet_lipophilicity,target_acquisition_portfolio,9181,88.75,88.6,5.0,0,heldout,
real_moleculenet_lipophilicity,fixed_scale_ensemble_0p5_1_1p5_2_3_4,9182,87.125,83.1125,6.625,0,heldout,
real_moleculenet_lipophilicity,gp_ucb,9182,87.125,83.6,6.625,0,heldout,
real_moleculenet_lipophilicity,llm_calibrated_selector,9182,87.125,86.0375,6.625,0,heldout,llm_evolved_kernel_exploration_patch_high_beta
real_moleculenet_lipophilicity,llm_evolved_kernel_exploration_patch_high_beta,9182,87.125,86.0375,6.625,0,heldout,
real_moleculenet_lipophilicity,mixed_kernel_gp_ei,9182,82.625,81.6875,11.125,0,heldout,
real_moleculenet_lipophilicity,target_acquisition_portfolio,9182,82.625,81.725,11.125,0,heldout,
real_moleculenet_lipophilicity,fixed_scale_ensemble_0p5_1_1p5_2_3_4,9183,83.75,83.75,10.0,0,heldout,
real_moleculenet_lipophilicity,gp_ucb,9183,91.875,89.75,1.875,0,heldout,
real_moleculenet_lipophilicity,llm_calibrated_selector,9183,88.625,88.625,5.125,0,heldout,llm_evolved_kernel_exploration_patch_high_beta
real_moleculenet_lipophilicity,llm_evolved_kernel_exploration_patch_high_beta,9183,88.625,88.625,5.125,0,heldout,
real_moleculenet_lipophilicity,mixed_kernel_gp_ei,9183,91.875,89.75,1.875,0,heldout,
real_moleculenet_lipophilicity,target_acquisition_portfolio,9183,88.625,87.1625,5.125,0,heldout,
real_moleculenet_lipophilicity,fixed_scale_ensemble_0p5_1_1p5_2_3_4,9184,89.125,89.125,4.625,0,heldout,
real_moleculenet_lipophilicity,gp_ucb,9184,91.625,89.625,2.125,0,heldout,
real_moleculenet_lipophilicity,llm_calibrated_selector,9184,92.25,91.0,1.5,0,heldout,llm_evolved_kernel_exploration_patch_high_beta
real_moleculenet_lipophilicity,llm_evolved_kernel_exploration_patch_high_beta,9184,92.25,91.0,1.5,0,heldout,
real_moleculenet_lipophilicity,mixed_kernel_gp_ei,9184,89.125,89.125,4.625,0,heldout,
real_moleculenet_lipophilicity,target_acquisition_portfolio,9184,89.125,89.125,4.625,0,heldout,
real_moleculenet_lipophilicity,fixed_scale_ensemble_0p5_1_1p5_2_3_4,9185,84.25,80.175,9.5,0,heldout,
real_moleculenet_lipophilicity,gp_ucb,9185,86.25,79.25,7.5,0,heldout,
real_moleculenet_lipophilicity,llm_calibrated_selector,9185,84.625,74.925,9.125,0,heldout,llm_evolved_kernel_exploration_patch_high_beta
real_moleculenet_lipophilicity,llm_evolved_kernel_exploration_patch_high_beta,9185,84.625,74.925,9.125,0,heldout,
real_moleculenet_lipophilicity,mixed_kernel_gp_ei,9185,85.0,81.6125,8.75,0,heldout,
real_moleculenet_lipophilicity,target_acquisition_portfolio,9185,91.0,81.125,2.75,0,heldout,
real_moleculenet_lipophilicity,fixed_scale_ensemble_0p5_1_1p5_2_3_4,9186,80.625,78.0875,13.125,0,heldout,
real_moleculenet_lipophilicity,gp_ucb,9186,80.625,78.0875,13.125,0,heldout,
real_moleculenet_lipophilicity,llm_calibrated_selector,9186,82.5,78.9875,11.25,0,heldout,llm_evolved_kernel_exploration_patch_high_beta
real_moleculenet_lipophilicity,llm_evolved_kernel_exploration_patch_high_beta,9186,82.5,78.9875,11.25,0,heldout,
real_moleculenet_lipophilicity,mixed_kernel_gp_ei,9186,82.625,77.125,11.125,0,heldout,
real_moleculenet_lipophilicity,target_acquisition_portfolio,9186,85.0,77.3625,8.75,0,heldout,
real_moleculenet_lipophilicity,fixed_scale_ensemble_0p5_1_1p5_2_3_4,9187,87.625,87.625,6.125,0,heldout,
real_moleculenet_lipophilicity,gp_ucb,9187,87.625,87.625,6.125,0,heldout,
real_moleculenet_lipophilicity,llm_calibrated_selector,9187,91.25,89.8,2.5,0,heldout,llm_evolved_kernel_exploration_patch_high_beta
real_moleculenet_lipophilicity,llm_evolved_kernel_exploration_patch_high_beta,9187,91.25,89.8,2.5,0,heldout,
real_moleculenet_lipophilicity,mixed_kernel_gp_ei,9187,87.625,87.625,6.125,0,heldout,
real_moleculenet_lipophilicity,target_acquisition_portfolio,9187,87.625,87.625,6.125,0,heldout,
real_moleculenet_lipophilicity,fixed_scale_ensemble_0p5_1_1p5_2_3_4,9188,91.375,91.375,2.375,0,heldout,
real_moleculenet_lipophilicity,gp_ucb,9188,91.375,91.375,2.375,0,heldout,
real_moleculenet_lipophilicity,llm_calibrated_selector,9188,91.375,91.375,2.375,0,heldout,llm_evolved_kernel_exploration_patch_high_beta
real_moleculenet_lipophilicity,llm_evolved_kernel_exploration_patch_high_beta,9188,91.375,91.375,2.375,0,heldout,
real_moleculenet_lipophilicity,mixed_kernel_gp_ei,9188,91.375,91.375,2.375,0,heldout,
real_moleculenet_lipophilicity,target_acquisition_portfolio,9188,91.375,91.375,2.375,0,heldout,
real_moleculenet_lipophilicity,fixed_scale_ensemble_0p5_1_1p5_2_3_4,9189,87.5,85.1625,6.25,0,heldout,
real_moleculenet_lipophilicity,gp_ucb,9189,93.75,90.075,0.0,1,heldout,
real_moleculenet_lipophilicity,llm_calibrated_selector,9189,88.625,85.8125,5.125,0,heldout,llm_evolved_kernel_exploration_patch_high_beta
real_moleculenet_lipophilicity,llm_evolved_kernel_exploration_patch_high_beta,9189,88.625,85.8125,5.125,0,heldout,
real_moleculenet_lipophilicity,mixed_kernel_gp_ei,9189,87.5,85.275,6.25,0,heldout,
real_moleculenet_lipophilicity,target_acquisition_portfolio,9189,93.5,89.975,0.25,1,heldout,
real_moleculenet_lipophilicity,fixed_scale_ensemble_0p5_1_1p5_2_3_4,9190,81.375,80.1,12.375,0,heldout,
real_moleculenet_lipophilicity,gp_ucb,9190,86.75,78.45,7.0,0,heldout,
real_moleculenet_lipophilicity,llm_calibrated_selector,9190,78.75,78.45,15.0,0,heldout,llm_evolved_kernel_exploration_patch_high_beta
real_moleculenet_lipophilicity,llm_evolved_kernel_exploration_patch_high_beta,9190,78.75,78.45,15.0,0,heldout,
real_moleculenet_lipophilicity,mixed_kernel_gp_ei,9190,86.75,79.25,7.0,0,heldout,
real_moleculenet_lipophilicity,target_acquisition_portfolio,9190,86.75,79.25,7.0,0,heldout,
real_moleculenet_lipophilicity,fixed_scale_ensemble_0p5_1_1p5_2_3_4,9191,90.0,88.125,3.75,0,heldout,
real_moleculenet_lipophilicity,gp_ucb,9191,83.75,83.75,10.0,0,heldout,
real_moleculenet_lipophilicity,llm_calibrated_selector,9191,87.0,85.0875,6.75,0,heldout,llm_evolved_kernel_exploration_patch_high_beta
real_moleculenet_lipophilicity,llm_evolved_kernel_exploration_patch_high_beta,9191,87.0,85.0875,6.75,0,heldout,
real_moleculenet_lipophilicity,mixed_kernel_gp_ei,9191,89.625,87.3375,4.125,0,heldout,
real_moleculenet_lipophilicity,target_acquisition_portfolio,9191,87.25,84.8,6.5,0,heldout,
real_moleculenet_lipophilicity,fixed_scale_ensemble_0p5_1_1p5_2_3_4,9192,88.25,85.2,5.5,0,heldout,
real_moleculenet_lipophilicity,gp_ucb,9192,90.0,86.25,3.75,0,heldout,
real_moleculenet_lipophilicity,llm_calibrated_selector,9192,93.75,93.75,0.0,1,heldout,llm_evolved_kernel_exploration_patch_high_beta
real_moleculenet_lipophilicity,llm_evolved_kernel_exploration_patch_high_beta,9192,93.75,93.75,0.0,1,heldout,
real_moleculenet_lipophilicity,mixed_kernel_gp_ei,9192,83.75,83.75,10.0,0,heldout,
real_moleculenet_lipophilicity,target_acquisition_portfolio,9192,90.0,86.25,3.75,0,heldout,
real_moleculenet_lipophilicity,fixed_scale_ensemble_0p5_1_1p5_2_3_4,9193,93.75,92.275,0.0,1,heldout,
real_moleculenet_lipophilicity,gp_ucb,9193,93.75,91.15,0.0,1,heldout,
real_moleculenet_lipophilicity,llm_calibrated_selector,9193,93.75,91.7625,0.0,1,heldout,llm_evolved_kernel_exploration_patch_high_beta
real_moleculenet_lipophilicity,llm_evolved_kernel_exploration_patch_high_beta,9193,93.75,91.7625,0.0,1,heldout,
real_moleculenet_lipophilicity,mixed_kernel_gp_ei,9193,93.75,88.75,0.0,1,heldout,
real_moleculenet_lipophilicity,target_acquisition_portfolio,9193,93.75,92.275,0.0,1,heldout,
real_moleculenet_lipophilicity,fixed_scale_ensemble_0p5_1_1p5_2_3_4,9194,88.75,86.1375,5.0,0,heldout,
real_moleculenet_lipophilicity,gp_ucb,9194,88.625,85.225,5.125,0,heldout,
real_moleculenet_lipophilicity,llm_calibrated_selector,9194,86.25,83.2625,7.5,0,heldout,llm_evolved_kernel_exploration_patch_high_beta
real_moleculenet_lipophilicity,llm_evolved_kernel_exploration_patch_high_beta,9194,86.25,83.2625,7.5,0,heldout,
real_moleculenet_lipophilicity,mixed_kernel_gp_ei,9194,83.125,81.825,10.625,0,heldout,
real_moleculenet_lipophilicity,target_acquisition_portfolio,9194,90.0,83.225,3.75,0,heldout,
real_moleculenet_lipophilicity,fixed_scale_ensemble_0p5_1_1p5_2_3_4,9195,88.25,86.15,5.5,0,heldout,
real_moleculenet_lipophilicity,gp_ucb,9195,88.25,86.15,5.5,0,heldout,
real_moleculenet_lipophilicity,llm_calibrated_selector,9195,93.5,85.0625,0.25,1,heldout,llm_evolved_kernel_exploration_patch_high_beta
real_moleculenet_lipophilicity,llm_evolved_kernel_exploration_patch_high_beta,9195,93.5,85.0625,0.25,1,heldout,
real_moleculenet_lipophilicity,mixed_kernel_gp_ei,9195,90.625,85.0,3.125,0,heldout,
real_moleculenet_lipophilicity,target_acquisition_portfolio,9195,82.75,81.4,11.0,0,heldout,
real_moleculenet_lipophilicity,fixed_scale_ensemble_0p5_1_1p5_2_3_4,9196,87.5,83.95,6.25,0,heldout,
real_moleculenet_lipophilicity,gp_ucb,9196,87.5,85.875,6.25,0,heldout,
real_moleculenet_lipophilicity,llm_calibrated_selector,9196,88.75,85.0,5.0,0,heldout,llm_evolved_kernel_exploration_patch_high_beta
real_moleculenet_lipophilicity,llm_evolved_kernel_exploration_patch_high_beta,9196,88.75,85.0,5.0,0,heldout,
real_moleculenet_lipophilicity,mixed_kernel_gp_ei,9196,87.0,86.3,6.75,0,heldout,
real_moleculenet_lipophilicity,target_acquisition_portfolio,9196,87.0,85.6,6.75,0,heldout,
real_moleculenet_lipophilicity,fixed_scale_ensemble_0p5_1_1p5_2_3_4,9197,88.625,82.725,5.125,0,heldout,
real_moleculenet_lipophilicity,gp_ucb,9197,88.625,82.725,5.125,0,heldout,
real_moleculenet_lipophilicity,llm_calibrated_selector,9197,88.625,85.125,5.125,0,heldout,llm_evolved_kernel_exploration_patch_high_beta
real_moleculenet_lipophilicity,llm_evolved_kernel_exploration_patch_high_beta,9197,88.625,85.125,5.125,0,heldout,
real_moleculenet_lipophilicity,mixed_kernel_gp_ei,9197,88.625,83.3375,5.125,0,heldout,
real_moleculenet_lipophilicity,target_acquisition_portfolio,9197,88.625,83.3375,5.125,0,heldout,
real_moleculenet_lipophilicity,fixed_scale_ensemble_0p5_1_1p5_2_3_4,9198,91.0,88.0,2.75,0,heldout,
real_moleculenet_lipophilicity,gp_ucb,9198,91.0,88.0,2.75,0,heldout,
real_moleculenet_lipophilicity,llm_calibrated_selector,9198,89.625,81.6625,4.125,0,heldout,llm_evolved_kernel_exploration_patch_high_beta
real_moleculenet_lipophilicity,llm_evolved_kernel_exploration_patch_high_beta,9198,89.625,81.6625,4.125,0,heldout,
real_moleculenet_lipophilicity,mixed_kernel_gp_ei,9198,77.5,77.0125,16.25,0,heldout,
real_moleculenet_lipophilicity,target_acquisition_portfolio,9198,91.0,88.0,2.75,0,heldout,
real_moleculenet_lipophilicity,fixed_scale_ensemble_0p5_1_1p5_2_3_4,9199,86.25,84.45,7.5,0,heldout,
real_moleculenet_lipophilicity,gp_ucb,9199,84.0,84.0,9.75,0,heldout,
real_moleculenet_lipophilicity,llm_calibrated_selector,9199,87.625,82.15,6.125,0,heldout,llm_evolved_kernel_exploration_patch_high_beta
real_moleculenet_lipophilicity,llm_evolved_kernel_exploration_patch_high_beta,9199,87.625,82.15,6.125,0,heldout,
real_moleculenet_lipophilicity,mixed_kernel_gp_ei,9199,90.0,87.4,3.75,0,heldout,
real_moleculenet_lipophilicity,target_acquisition_portfolio,9199,84.0,84.0,9.75,0,heldout,
real_moleculenet_lipophilicity,fixed_scale_ensemble_0p5_1_1p5_2_3_4,9200,81.375,81.35,12.375,0,heldout,
real_moleculenet_lipophilicity,gp_ucb,9200,83.75,81.5,10.0,0,heldout,
real_moleculenet_lipophilicity,llm_calibrated_selector,9200,83.5,81.475,10.25,0,heldout,llm_evolved_kernel_exploration_patch_high_beta
real_moleculenet_lipophilicity,llm_evolved_kernel_exploration_patch_high_beta,9200,83.5,81.475,10.25,0,heldout,
real_moleculenet_lipophilicity,mixed_kernel_gp_ei,9200,86.875,84.0625,6.875,0,heldout,
real_moleculenet_lipophilicity,target_acquisition_portfolio,9200,81.25,81.25,12.5,0,heldout,
real_moleculenet_lipophilicity,fixed_scale_ensemble_0p5_1_1p5_2_3_4,9201,85.0,83.875,8.75,0,heldout,
real_moleculenet_lipophilicity,gp_ucb,9201,85.0,83.875,8.75,0,heldout,
real_moleculenet_lipophilicity,llm_calibrated_selector,9201,77.75,76.1,16.0,0,heldout,llm_evolved_kernel_exploration_patch_high_beta
real_moleculenet_lipophilicity,llm_evolved_kernel_exploration_patch_high_beta,9201,77.75,76.1,16.0,0,heldout,
real_moleculenet_lipophilicity,mixed_kernel_gp_ei,9201,88.125,83.8125,5.625,0,heldout,
real_moleculenet_lipophilicity,target_acquisition_portfolio,9201,86.125,81.7625,7.625,0,heldout,
real_moleculenet_lipophilicity,fixed_scale_ensemble_0p5_1_1p5_2_3_4,9202,82.5,79.7,11.25,0,heldout,
real_moleculenet_lipophilicity,gp_ucb,9202,82.5,79.7,11.25,0,heldout,
real_moleculenet_lipophilicity,llm_calibrated_selector,9202,87.375,79.75,6.375,0,heldout,llm_evolved_kernel_exploration_patch_high_beta
real_moleculenet_lipophilicity,llm_evolved_kernel_exploration_patch_high_beta,9202,87.375,79.75,6.375,0,heldout,
real_moleculenet_lipophilicity,mixed_kernel_gp_ei,9202,82.5,80.4,11.25,0,heldout,
real_moleculenet_lipophilicity,target_acquisition_portfolio,9202,82.5,80.4,11.25,0,heldout,
real_moleculenet_lipophilicity,fixed_scale_ensemble_0p5_1_1p5_2_3_4,9203,87.375,86.3125,6.375,0,heldout,
real_moleculenet_lipophilicity,gp_ucb,9203,87.375,86.3125,6.375,0,heldout,
real_moleculenet_lipophilicity,llm_calibrated_selector,9203,87.375,82.4,6.375,0,heldout,llm_evolved_kernel_exploration_patch_high_beta
real_moleculenet_lipophilicity,llm_evolved_kernel_exploration_patch_high_beta,9203,87.375,82.4,6.375,0,heldout,
real_moleculenet_lipophilicity,mixed_kernel_gp_ei,9203,93.5,84.425,0.25,1,heldout,
real_moleculenet_lipophilicity,target_acquisition_portfolio,9203,87.125,84.4375,6.625,0,heldout,
real_moleculenet_lipophilicity,fixed_scale_ensemble_0p5_1_1p5_2_3_4,9204,91.25,91.25,2.5,0,heldout,
real_moleculenet_lipophilicity,gp_ucb,9204,91.25,91.25,2.5,0,heldout,
real_moleculenet_lipophilicity,llm_calibrated_selector,9204,91.25,91.25,2.5,0,heldout,llm_evolved_kernel_exploration_patch_high_beta
real_moleculenet_lipophilicity,llm_evolved_kernel_exploration_patch_high_beta,9204,91.25,91.25,2.5,0,heldout,
real_moleculenet_lipophilicity,mixed_kernel_gp_ei,9204,91.25,91.25,2.5,0,heldout,
real_moleculenet_lipophilicity,target_acquisition_portfolio,9204,91.25,91.25,2.5,0,heldout,
real_moleculenet_lipophilicity,fixed_scale_ensemble_0p5_1_1p5_2_3_4,9205,84.75,84.75,9.0,0,heldout,
real_moleculenet_lipophilicity,gp_ucb,9205,91.25,89.475,2.5,0,heldout,
real_moleculenet_lipophilicity,llm_calibrated_selector,9205,91.875,90.5375,1.875,0,heldout,llm_evolved_kernel_exploration_patch_high_beta
real_moleculenet_lipophilicity,llm_evolved_kernel_exploration_patch_high_beta,9205,91.875,90.5375,1.875,0,heldout,
real_moleculenet_lipophilicity,mixed_kernel_gp_ei,9205,84.75,84.75,9.0,0,heldout,
real_moleculenet_lipophilicity,target_acquisition_portfolio,9205,84.75,84.75,9.0,0,heldout,
real_moleculenet_lipophilicity,fixed_scale_ensemble_0p5_1_1p5_2_3_4,9206,86.25,85.0,7.5,0,heldout,
real_moleculenet_lipophilicity,gp_ucb,9206,86.25,85.0,7.5,0,heldout,
real_moleculenet_lipophilicity,llm_calibrated_selector,9206,86.875,86.5625,6.875,0,heldout,llm_evolved_kernel_exploration_patch_high_beta
real_moleculenet_lipophilicity,llm_evolved_kernel_exploration_patch_high_beta,9206,86.875,86.5625,6.875,0,heldout,
real_moleculenet_lipophilicity,mixed_kernel_gp_ei,9206,83.75,83.75,10.0,0,heldout,
real_moleculenet_lipophilicity,target_acquisition_portfolio,9206,83.75,83.75,10.0,0,heldout,
real_moleculenet_lipophilicity,fixed_scale_ensemble_0p5_1_1p5_2_3_4,9207,93.75,93.75,0.0,1,heldout,
real_moleculenet_lipophilicity,gp_ucb,9207,93.75,93.75,0.0,1,heldout,
real_moleculenet_lipophilicity,llm_calibrated_selector,9207,93.75,93.75,0.0,1,heldout,llm_evolved_kernel_exploration_patch_high_beta
real_moleculenet_lipophilicity,llm_evolved_kernel_exploration_patch_high_beta,9207,93.75,93.75,0.0,1,heldout,
real_moleculenet_lipophilicity,mixed_kernel_gp_ei,9207,93.75,93.75,0.0,1,heldout,
real_moleculenet_lipophilicity,target_acquisition_portfolio,9207,93.75,93.75,0.0,1,heldout,
real_moleculenet_lipophilicity,fixed_scale_ensemble_0p5_1_1p5_2_3_4,9208,82.625,82.625,11.125,0,heldout,
real_moleculenet_lipophilicity,gp_ucb,9208,82.625,82.625,11.125,0,heldout,
real_moleculenet_lipophilicity,llm_calibrated_selector,9208,93.5,88.925,0.25,1,heldout,llm_evolved_kernel_exploration_patch_high_beta
real_moleculenet_lipophilicity,llm_evolved_kernel_exploration_patch_high_beta,9208,93.5,88.925,0.25,1,heldout,
real_moleculenet_lipophilicity,mixed_kernel_gp_ei,9208,82.625,82.625,11.125,0,heldout,
real_moleculenet_lipophilicity,target_acquisition_portfolio,9208,85.0,82.8625,8.75,0,heldout,
real_moleculenet_lipophilicity,fixed_scale_ensemble_0p5_1_1p5_2_3_4,9209,85.0,84.875,8.75,0,heldout,
real_moleculenet_lipophilicity,gp_ucb,9209,90.125,85.5125,3.625,0,heldout,
real_moleculenet_lipophilicity,llm_calibrated_selector,9209,92.125,89.2,1.625,0,heldout,llm_evolved_kernel_exploration_patch_high_beta
real_moleculenet_lipophilicity,llm_evolved_kernel_exploration_patch_high_beta,9209,92.125,89.2,1.625,0,heldout,
real_moleculenet_lipophilicity,mixed_kernel_gp_ei,9209,91.0,91.0,2.75,0,heldout,
real_moleculenet_lipophilicity,target_acquisition_portfolio,9209,92.875,88.525,0.875,0,heldout,
real_moleculenet_lipophilicity,fixed_scale_ensemble_0p5_1_1p5_2_3_4,9210,87.25,87.25,6.5,0,heldout,
real_moleculenet_lipophilicity,gp_ucb,9210,91.375,90.9625,2.375,0,heldout,
real_moleculenet_lipophilicity,llm_calibrated_selector,9210,87.25,87.25,6.5,0,heldout,llm_evolved_kernel_exploration_patch_high_beta
real_moleculenet_lipophilicity,llm_evolved_kernel_exploration_patch_high_beta,9210,87.25,87.25,6.5,0,heldout,
real_moleculenet_lipophilicity,mixed_kernel_gp_ei,9210,92.125,91.1875,1.625,0,heldout,
real_moleculenet_lipophilicity,target_acquisition_portfolio,9210,91.375,90.9625,2.375,0,heldout,
real_moleculenet_lipophilicity,fixed_scale_ensemble_0p5_1_1p5_2_3_4,9211,87.125,86.8625,6.625,0,heldout,
real_moleculenet_lipophilicity,gp_ucb,9211,87.125,86.9125,6.625,0,heldout,
real_moleculenet_lipophilicity,llm_calibrated_selector,9211,87.125,85.625,6.625,0,heldout,llm_evolved_kernel_exploration_patch_high_beta
real_moleculenet_lipophilicity,llm_evolved_kernel_exploration_patch_high_beta,9211,87.125,85.625,6.625,0,heldout,
real_moleculenet_lipophilicity,mixed_kernel_gp_ei,9211,82.25,81.5625,11.5,0,heldout,
real_moleculenet_lipophilicity,target_acquisition_portfolio,9211,87.125,86.8625,6.625,0,heldout,
real_moleculenet_lipophilicity,fixed_scale_ensemble_0p5_1_1p5_2_3_4,9212,82.5,81.9125,11.25,0,heldout,
real_moleculenet_lipophilicity,gp_ucb,9212,82.5,82.125,11.25,0,heldout,
real_moleculenet_lipophilicity,llm_calibrated_selector,9212,91.875,89.675,1.875,0,heldout,llm_evolved_kernel_exploration_patch_high_beta
real_moleculenet_lipophilicity,llm_evolved_kernel_exploration_patch_high_beta,9212,91.875,89.675,1.875,0,heldout,
real_moleculenet_lipophilicity,mixed_kernel_gp_ei,9212,87.5,87.5,6.25,0,heldout,
real_moleculenet_lipophilicity,target_acquisition_portfolio,9212,87.5,87.5,6.25,0,heldout,
real_moleculenet_lipophilicity,fixed_scale_ensemble_0p5_1_1p5_2_3_4,9213,91.25,91.25,2.5,0,heldout,
real_moleculenet_lipophilicity,gp_ucb,9213,91.25,91.25,2.5,0,heldout,
real_moleculenet_lipophilicity,llm_calibrated_selector,9213,91.875,91.3125,1.875,0,heldout,llm_evolved_kernel_exploration_patch_high_beta
real_moleculenet_lipophilicity,llm_evolved_kernel_exploration_patch_high_beta,9213,91.875,91.3125,1.875,0,heldout,
real_moleculenet_lipophilicity,mixed_kernel_gp_ei,9213,91.25,91.25,2.5,0,heldout,
real_moleculenet_lipophilicity,target_acquisition_portfolio,9213,91.25,91.25,2.5,0,heldout,
real_moleculenet_lipophilicity,fixed_scale_ensemble_0p5_1_1p5_2_3_4,9214,87.5,86.8875,6.25,0,heldout,
real_moleculenet_lipophilicity,gp_ucb,9214,87.5,86.8875,6.25,0,heldout,
real_moleculenet_lipophilicity,llm_calibrated_selector,9214,88.75,86.475,5.0,0,heldout,llm_evolved_kernel_exploration_patch_high_beta
real_moleculenet_lipophilicity,llm_evolved_kernel_exploration_patch_high_beta,9214,88.75,86.475,5.0,0,heldout,
real_moleculenet_lipophilicity,mixed_kernel_gp_ei,9214,88.75,88.75,5.0,0,heldout,
real_moleculenet_lipophilicity,target_acquisition_portfolio,9214,87.5,86.8875,6.25,0,heldout,
real_moleculenet_lipophilicity,fixed_scale_ensemble_0p5_1_1p5_2_3_4,9215,87.5,85.8875,6.25,0,heldout,
real_moleculenet_lipophilicity,gp_ucb,9215,88.75,86.2625,5.0,0,heldout,
real_moleculenet_lipophilicity,llm_calibrated_selector,9215,88.75,86.5125,5.0,0,heldout,llm_evolved_kernel_exploration_patch_high_beta
real_moleculenet_lipophilicity,llm_evolved_kernel_exploration_patch_high_beta,9215,88.75,86.5125,5.0,0,heldout,
real_moleculenet_lipophilicity,mixed_kernel_gp_ei,9215,87.375,85.3,6.375,0,heldout,
real_moleculenet_lipophilicity,target_acquisition_portfolio,9215,87.5,85.8875,6.25,0,heldout,
real_moleculenet_lipophilicity,fixed_scale_ensemble_0p5_1_1p5_2_3_4,9216,80.75,79.3625,13.0,0,heldout,
real_moleculenet_lipophilicity,gp_ucb,9216,79.25,79.2125,14.5,0,heldout,
real_moleculenet_lipophilicity,llm_calibrated_selector,9216,79.25,79.2125,14.5,0,heldout,llm_evolved_kernel_exploration_patch_high_beta
real_moleculenet_lipophilicity,llm_evolved_kernel_exploration_patch_high_beta,9216,79.25,79.2125,14.5,0,heldout,
real_moleculenet_lipophilicity,mixed_kernel_gp_ei,9216,79.25,79.2125,14.5,0,heldout,
real_moleculenet_lipophilicity,target_acquisition_portfolio,9216,80.25,79.4125,13.5,0,heldout,
real_moleculenet_lipophilicity,fixed_scale_ensemble_0p5_1_1p5_2_3_4,9217,84.125,83.225,9.625,0,heldout,
real_moleculenet_lipophilicity,gp_ucb,9217,78.75,76.3375,15.0,0,heldout,
real_moleculenet_lipophilicity,llm_calibrated_selector,9217,91.25,89.575,2.5,0,heldout,llm_evolved_kernel_exploration_patch_high_beta
real_moleculenet_lipophilicity,llm_evolved_kernel_exploration_patch_high_beta,9217,91.25,89.575,2.5,0,heldout,
real_moleculenet_lipophilicity,mixed_kernel_gp_ei,9217,78.75,76.5875,15.0,0,heldout,
real_moleculenet_lipophilicity,target_acquisition_portfolio,9217,78.75,76.5875,15.0,0,heldout,
real_moleculenet_lipophilicity,fixed_scale_ensemble_0p5_1_1p5_2_3_4,9218,87.0,86.675,6.75,0,heldout,
real_moleculenet_lipophilicity,gp_ucb,9218,87.0,86.675,6.75,0,heldout,
real_moleculenet_lipophilicity,llm_calibrated_selector,9218,83.75,83.0,10.0,0,heldout,llm_evolved_kernel_exploration_patch_high_beta
real_moleculenet_lipophilicity,llm_evolved_kernel_exploration_patch_high_beta,9218,83.75,83.0,10.0,0,heldout,
real_moleculenet_lipophilicity,mixed_kernel_gp_ei,9218,87.0,86.3,6.75,0,heldout,
real_moleculenet_lipophilicity,target_acquisition_portfolio,9218,87.0,86.3,6.75,0,heldout,
real_moleculenet_lipophilicity,fixed_scale_ensemble_0p5_1_1p5_2_3_4,9219,93.75,88.3125,0.0,1,heldout,
real_moleculenet_lipophilicity,gp_ucb,9219,92.5,91.65,1.25,0,heldout,
real_moleculenet_lipophilicity,llm_calibrated_selector,9219,88.75,87.025,5.0,0,heldout,llm_evolved_kernel_exploration_patch_high_beta
real_moleculenet_lipophilicity,llm_evolved_kernel_exploration_patch_high_beta,9219,88.75,87.025,5.0,0,heldout,
real_moleculenet_lipophilicity,mixed_kernel_gp_ei,9219,86.25,85.95,7.5,0,heldout,
real_moleculenet_lipophilicity,target_acquisition_portfolio,9219,92.5,92.5,1.25,0,heldout,
real_moleculenet_lipophilicity,fixed_scale_ensemble_0p5_1_1p5_2_3_4,9220,90.0,84.3875,3.75,0,heldout,
real_moleculenet_lipophilicity,gp_ucb,9220,90.0,84.3875,3.75,0,heldout,
real_moleculenet_lipophilicity,llm_calibrated_selector,9220,87.5,84.7375,6.25,0,heldout,llm_evolved_kernel_exploration_patch_high_beta
real_moleculenet_lipophilicity,llm_evolved_kernel_exploration_patch_high_beta,9220,87.5,84.7375,6.25,0,heldout,
real_moleculenet_lipophilicity,mixed_kernel_gp_ei,9220,93.5,85.6125,0.25,1,heldout,
real_moleculenet_lipophilicity,target_acquisition_portfolio,9220,90.0,84.3875,3.75,0,heldout,
real_moleculenet_lipophilicity,fixed_scale_ensemble_0p5_1_1p5_2_3_4,9221,83.75,83.0,10.0,0,heldout,
real_moleculenet_lipophilicity,gp_ucb,9221,83.75,83.0,10.0,0,heldout,
real_moleculenet_lipophilicity,llm_calibrated_selector,9221,92.5,90.375,1.25,0,heldout,llm_evolved_kernel_exploration_patch_high_beta
real_moleculenet_lipophilicity,llm_evolved_kernel_exploration_patch_high_beta,9221,92.5,90.375,1.25,0,heldout,
real_moleculenet_lipophilicity,mixed_kernel_gp_ei,9221,83.75,83.0,10.0,0,heldout,
real_moleculenet_lipophilicity,target_acquisition_portfolio,9221,88.625,84.95,5.125,0,heldout,
real_moleculenet_lipophilicity,fixed_scale_ensemble_0p5_1_1p5_2_3_4,9222,92.75,92.75,1.0,0,heldout,
real_moleculenet_lipophilicity,gp_ucb,9222,92.75,92.75,1.0,0,heldout,
real_moleculenet_lipophilicity,llm_calibrated_selector,9222,92.75,92.75,1.0,0,heldout,llm_evolved_kernel_exploration_patch_high_beta
real_moleculenet_lipophilicity,llm_evolved_kernel_exploration_patch_high_beta,9222,92.75,92.75,1.0,0,heldout,
real_moleculenet_lipophilicity,mixed_kernel_gp_ei,9222,92.75,92.75,1.0,0,heldout,
real_moleculenet_lipophilicity,target_acquisition_portfolio,9222,92.75,92.75,1.0,0,heldout,
real_moleculenet_lipophilicity,fixed_scale_ensemble_0p5_1_1p5_2_3_4,9223,87.5,86.6875,6.25,0,heldout,
real_moleculenet_lipophilicity,gp_ucb,9223,82.75,78.1375,11.0,0,heldout,
real_moleculenet_lipophilicity,llm_calibrated_selector,9223,93.75,89.3125,0.0,1,heldout,llm_evolved_kernel_exploration_patch_high_beta
real_moleculenet_lipophilicity,llm_evolved_kernel_exploration_patch_high_beta,9223,93.75,89.3125,0.0,1,heldout,
real_moleculenet_lipophilicity,mixed_kernel_gp_ei,9223,87.5,86.6875,6.25,0,heldout,
real_moleculenet_lipophilicity,target_acquisition_portfolio,9223,89.125,86.85,4.625,0,heldout,
real_moleculenet_lipophilicity,fixed_scale_ensemble_0p5_1_1p5_2_3_4,9224,91.375,90.6625,2.375,0,heldout,
real_moleculenet_lipophilicity,gp_ucb,9224,84.25,84.25,9.5,0,heldout,
real_moleculenet_lipophilicity,llm_calibrated_selector,9224,92.875,91.15,0.875,0,heldout,llm_evolved_kernel_exploration_patch_high_beta
real_moleculenet_lipophilicity,llm_evolved_kernel_exploration_patch_high_beta,9224,92.875,91.15,0.875,0,heldout,
real_moleculenet_lipophilicity,mixed_kernel_gp_ei,9224,84.25,84.25,9.5,0,heldout,
real_moleculenet_lipophilicity,target_acquisition_portfolio,9224,84.25,84.25,9.5,0,heldout,
real_moleculenet_lipophilicity,fixed_scale_ensemble_0p5_1_1p5_2_3_4,9225,87.5,84.6,6.25,0,heldout,
real_moleculenet_lipophilicity,gp_ucb,9225,87.5,83.2,6.25,0,heldout,
real_moleculenet_lipophilicity,llm_calibrated_selector,9225,85.5,82.4625,8.25,0,heldout,llm_evolved_kernel_exploration_patch_high_beta
real_moleculenet_lipophilicity,llm_evolved_kernel_exploration_patch_high_beta,9225,85.5,82.4625,8.25,0,heldout,
real_moleculenet_lipophilicity,mixed_kernel_gp_ei,9225,83.25,82.35,10.5,0,heldout,
real_moleculenet_lipophilicity,target_acquisition_portfolio,9225,82.125,82.125,11.625,0,heldout,
real_moleculenet_lipophilicity,fixed_scale_ensemble_0p5_1_1p5_2_3_4,9226,91.25,89.75,2.5,0,heldout,
real_moleculenet_lipophilicity,gp_ucb,9226,91.25,89.75,2.5,0,heldout,
real_moleculenet_lipophilicity,llm_calibrated_selector,9226,88.75,88.75,5.0,0,heldout,llm_evolved_kernel_exploration_patch_high_beta
real_moleculenet_lipophilicity,llm_evolved_kernel_exploration_patch_high_beta,9226,88.75,88.75,5.0,0,heldout,
real_moleculenet_lipophilicity,mixed_kernel_gp_ei,9226,88.75,88.75,5.0,0,heldout,
real_moleculenet_lipophilicity,target_acquisition_portfolio,9226,91.25,89.25,2.5,0,heldout,
real_moleculenet_lipophilicity,fixed_scale_ensemble_0p5_1_1p5_2_3_4,9227,86.25,86.25,7.5,0,heldout,
real_moleculenet_lipophilicity,gp_ucb,9227,86.25,86.25,7.5,0,heldout,
real_moleculenet_lipophilicity,llm_calibrated_selector,9227,86.25,86.25,7.5,0,heldout,llm_evolved_kernel_exploration_patch_high_beta
real_moleculenet_lipophilicity,llm_evolved_kernel_exploration_patch_high_beta,9227,86.25,86.25,7.5,0,heldout,
real_moleculenet_lipophilicity,mixed_kernel_gp_ei,9227,86.25,86.25,7.5,0,heldout,
real_moleculenet_lipophilicity,target_acquisition_portfolio,9227,87.0,86.4,6.75,0,heldout,
real_moleculenet_lipophilicity,fixed_scale_ensemble_0p5_1_1p5_2_3_4,9228,92.5,83.6375,1.25,0,heldout,
real_moleculenet_lipophilicity,gp_ucb,9228,90.0,83.1375,3.75,0,heldout,
real_moleculenet_lipophilicity,llm_calibrated_selector,9228,88.625,82.125,5.125,0,heldout,llm_evolved_kernel_exploration_patch_high_beta
real_moleculenet_lipophilicity,llm_evolved_kernel_exploration_patch_high_beta,9228,88.625,82.125,5.125,0,heldout,
real_moleculenet_lipophilicity,mixed_kernel_gp_ei,9228,83.75,81.5,10.0,0,heldout,
real_moleculenet_lipophilicity,target_acquisition_portfolio,9228,90.0,83.1375,3.75,0,heldout,
real_moleculenet_lipophilicity,fixed_scale_ensemble_0p5_1_1p5_2_3_4,9229,91.25,90.225,2.5,0,heldout,
real_moleculenet_lipophilicity,gp_ucb,9229,90.0,83.05,3.75,0,heldout,
real_moleculenet_lipophilicity,llm_calibrated_selector,9229,91.25,91.25,2.5,0,heldout,llm_evolved_kernel_exploration_patch_high_beta
real_moleculenet_lipophilicity,llm_evolved_kernel_exploration_patch_high_beta,9229,91.25,91.25,2.5,0,heldout,
real_moleculenet_lipophilicity,mixed_kernel_gp_ei,9229,82.25,74.625,11.5,0,heldout,
real_moleculenet_lipophilicity,target_acquisition_portfolio,9229,90.0,83.05,3.75,0,heldout,
real_moleculenet_lipophilicity,fixed_scale_ensemble_0p5_1_1p5_2_3_4,9230,85.0,78.25,8.75,0,heldout,
real_moleculenet_lipophilicity,gp_ucb,9230,82.5,78.0,11.25,0,heldout,
real_moleculenet_lipophilicity,llm_calibrated_selector,9230,86.5,81.425,7.25,0,heldout,llm_evolved_kernel_exploration_patch_high_beta
real_moleculenet_lipophilicity,llm_evolved_kernel_exploration_patch_high_beta,9230,86.5,81.425,7.25,0,heldout,
real_moleculenet_lipophilicity,mixed_kernel_gp_ei,9230,87.25,80.6875,6.5,0,heldout,
real_moleculenet_lipophilicity,target_acquisition_portfolio,9230,88.625,83.175,5.125,0,heldout,
real_moleculenet_lipophilicity,fixed_scale_ensemble_0p5_1_1p5_2_3_4,9231,87.25,84.1375,6.5,0,heldout,
real_moleculenet_lipophilicity,gp_ucb,9231,90.0,83.3125,3.75,0,heldout,
real_moleculenet_lipophilicity,llm_calibrated_selector,9231,93.75,92.125,0.0,1,heldout,llm_evolved_kernel_exploration_patch_high_beta
real_moleculenet_lipophilicity,llm_evolved_kernel_exploration_patch_high_beta,9231,93.75,92.125,0.0,1,heldout,
real_moleculenet_lipophilicity,mixed_kernel_gp_ei,9231,85.0,80.8375,8.75,0,heldout,
real_moleculenet_lipophilicity,target_acquisition_portfolio,9231,90.0,83.3125,3.75,0,heldout,
real_moleculenet_lipophilicity,fixed_scale_ensemble_0p5_1_1p5_2_3_4,9232,91.875,90.625,1.875,0,heldout,
real_moleculenet_lipophilicity,gp_ucb,9232,91.875,90.625,1.875,0,heldout,
real_moleculenet_lipophilicity,llm_calibrated_selector,9232,91.875,90.3125,1.875,0,heldout,llm_evolved_kernel_exploration_patch_high_beta
real_moleculenet_lipophilicity,llm_evolved_kernel_exploration_patch_high_beta,9232,91.875,90.3125,1.875,0,heldout,
real_moleculenet_lipophilicity,mixed_kernel_gp_ei,9232,91.875,90.625,1.875,0,heldout,
real_moleculenet_lipophilicity,target_acquisition_portfolio,9232,91.875,90.625,1.875,0,heldout,
real_moleculenet_lipophilicity,fixed_scale_ensemble_0p5_1_1p5_2_3_4,9233,92.125,91.3875,1.625,0,heldout,
real_moleculenet_lipophilicity,gp_ucb,9233,92.125,91.125,1.625,0,heldout,
real_moleculenet_lipophilicity,llm_calibrated_selector,9233,92.125,91.275,1.625,0,heldout,llm_evolved_kernel_exploration_patch_high_beta
real_moleculenet_lipophilicity,llm_evolved_kernel_exploration_patch_high_beta,9233,92.125,91.275,1.625,0,heldout,
real_moleculenet_lipophilicity,mixed_kernel_gp_ei,9233,92.125,91.125,1.625,0,heldout,
real_moleculenet_lipophilicity,target_acquisition_portfolio,9233,92.125,91.125,1.625,0,heldout,
real_moleculenet_lipophilicity,fixed_scale_ensemble_0p5_1_1p5_2_3_4,9234,88.75,88.65,5.0,0,heldout,
real_moleculenet_lipophilicity,gp_ucb,9234,88.75,88.65,5.0,0,heldout,
real_moleculenet_lipophilicity,llm_calibrated_selector,9234,87.75,87.75,6.0,0,heldout,llm_evolved_kernel_exploration_patch_high_beta
real_moleculenet_lipophilicity,llm_evolved_kernel_exploration_patch_high_beta,9234,87.75,87.75,6.0,0,heldout,
real_moleculenet_lipophilicity,mixed_kernel_gp_ei,9234,90.0,88.425,3.75,0,heldout,
real_moleculenet_lipophilicity,target_acquisition_portfolio,9234,88.75,88.65,5.0,0,heldout,
real_moleculenet_lipophilicity,fixed_scale_ensemble_0p5_1_1p5_2_3_4,9235,91.25,78.825,2.5,0,heldout,
real_moleculenet_lipophilicity,gp_ucb,9235,90.0,86.175,3.75,0,heldout,
real_moleculenet_lipophilicity,llm_calibrated_selector,9235,89.625,83.325,4.125,0,heldout,llm_evolved_kernel_exploration_patch_high_beta
real_moleculenet_lipophilicity,llm_evolved_kernel_exploration_patch_high_beta,9235,89.625,83.325,4.125,0,heldout,
real_moleculenet_lipophilicity,mixed_kernel_gp_ei,9235,90.0,85.325,3.75,0,heldout,
real_moleculenet_lipophilicity,target_acquisition_portfolio,9235,90.0,85.325,3.75,0,heldout,
real_moleculenet_lipophilicity,fixed_scale_ensemble_0p5_1_1p5_2_3_4,9236,91.25,90.25,2.5,0,heldout,
real_moleculenet_lipophilicity,gp_ucb,9236,88.75,88.75,5.0,0,heldout,
real_moleculenet_lipophilicity,llm_calibrated_selector,9236,91.875,91.5625,1.875,0,heldout,llm_evolved_kernel_exploration_patch_high_beta
real_moleculenet_lipophilicity,llm_evolved_kernel_exploration_patch_high_beta,9236,91.875,91.5625,1.875,0,heldout,
real_moleculenet_lipophilicity,mixed_kernel_gp_ei,9236,91.25,90.0,2.5,0,heldout,
real_moleculenet_lipophilicity,target_acquisition_portfolio,9236,91.25,90.0,2.5,0,heldout,
real_moleculenet_lipophilicity,fixed_scale_ensemble_0p5_1_1p5_2_3_4,9237,87.5,85.975,6.25,0,heldout,
real_moleculenet_lipophilicity,gp_ucb,9237,82.0,80.8,11.75,0,heldout,
real_moleculenet_lipophilicity,llm_calibrated_selector,9237,91.25,85.3,2.5,0,heldout,llm_evolved_kernel_exploration_patch_high_beta
real_moleculenet_lipophilicity,llm_evolved_kernel_exploration_patch_high_beta,9237,91.25,85.3,2.5,0,heldout,
real_moleculenet_lipophilicity,mixed_kernel_gp_ei,9237,84.75,83.4,9.0,0,heldout,
real_moleculenet_lipophilicity,target_acquisition_portfolio,9237,91.0,82.85,2.75,0,heldout,
real_moleculenet_lipophilicity,fixed_scale_ensemble_0p5_1_1p5_2_3_4,9238,84.75,84.75,9.0,0,heldout,
real_moleculenet_lipophilicity,gp_ucb,9238,84.75,84.75,9.0,0,heldout,
real_moleculenet_lipophilicity,llm_calibrated_selector,9238,84.75,84.75,9.0,0,heldout,llm_evolved_kernel_exploration_patch_high_beta
real_moleculenet_lipophilicity,llm_evolved_kernel_exploration_patch_high_beta,9238,84.75,84.75,9.0,0,heldout,
real_moleculenet_lipophilicity,mixed_kernel_gp_ei,9238,84.75,84.75,9.0,0,heldout,
real_moleculenet_lipophilicity,target_acquisition_portfolio,9238,84.75,84.75,9.0,0,heldout,
real_moleculenet_lipophilicity,fixed_scale_ensemble_0p5_1_1p5_2_3_4,9239,83.75,83.75,10.0,0,heldout,
real_moleculenet_lipophilicity,gp_ucb,9239,83.75,83.75,10.0,0,heldout,
real_moleculenet_lipophilicity,llm_calibrated_selector,9239,93.75,87.325,0.0,1,heldout,llm_evolved_kernel_exploration_patch_high_beta
real_moleculenet_lipophilicity,llm_evolved_kernel_exploration_patch_high_beta,9239,93.75,87.325,0.0,1,heldout,
real_moleculenet_lipophilicity,mixed_kernel_gp_ei,9239,88.75,87.75,5.0,0,heldout,
real_moleculenet_lipophilicity,target_acquisition_portfolio,9239,83.75,83.75,10.0,0,heldout,
real_moleculenet_lipophilicity,fixed_scale_ensemble_0p5_1_1p5_2_3_4,9240,92.125,87.2875,1.625,0,heldout,
real_moleculenet_lipophilicity,gp_ucb,9240,87.5,86.9,6.25,0,heldout,
real_moleculenet_lipophilicity,llm_calibrated_selector,9240,92.125,87.825,1.625,0,heldout,llm_evolved_kernel_exploration_patch_high_beta
real_moleculenet_lipophilicity,llm_evolved_kernel_exploration_patch_high_beta,9240,92.125,87.825,1.625,0,heldout,
real_moleculenet_lipophilicity,mixed_kernel_gp_ei,9240,87.5,86.9,6.25,0,heldout,
real_moleculenet_lipophilicity,target_acquisition_portfolio,9240,87.5,86.9,6.25,0,heldout,
real_moleculenet_lipophilicity,fixed_scale_ensemble_0p5_1_1p5_2_3_4,9241,85.0,82.5625,8.75,0,heldout,
real_moleculenet_lipophilicity,gp_ucb,9241,87.125,82.9875,6.625,0,heldout,
real_moleculenet_lipophilicity,llm_calibrated_selector,9241,87.125,87.125,6.625,0,heldout,llm_evolved_kernel_exploration_patch_high_beta
real_moleculenet_lipophilicity,llm_evolved_kernel_exploration_patch_high_beta,9241,87.125,87.125,6.625,0,heldout,
real_moleculenet_lipophilicity,mixed_kernel_gp_ei,9241,85.0,82.5625,8.75,0,heldout,
real_moleculenet_lipophilicity,target_acquisition_portfolio,9241,85.0,82.5625,8.75,0,heldout,
real_moleculenet_lipophilicity,fixed_scale_ensemble_0p5_1_1p5_2_3_4,9242,88.625,88.425,5.125,0,heldout,
real_moleculenet_lipophilicity,gp_ucb,9242,87.5,86.7125,6.25,0,heldout,
real_moleculenet_lipophilicity,llm_calibrated_selector,9242,93.75,92.325,0.0,1,heldout,llm_evolved_kernel_exploration_patch_high_beta
real_moleculenet_lipophilicity,llm_evolved_kernel_exploration_patch_high_beta,9242,93.75,92.325,0.0,1,heldout,
real_moleculenet_lipophilicity,mixed_kernel_gp_ei,9242,88.625,88.425,5.125,0,heldout,
real_moleculenet_lipophilicity,target_acquisition_portfolio,9242,93.5,87.4625,0.25,1,heldout,
real_moleculenet_lipophilicity,fixed_scale_ensemble_0p5_1_1p5_2_3_4,9243,86.75,84.65,7.0,0,heldout,
real_moleculenet_lipophilicity,gp_ucb,9243,86.75,84.65,7.0,0,heldout,
real_moleculenet_lipophilicity,llm_calibrated_selector,9243,91.25,87.725,2.5,0,heldout,llm_evolved_kernel_exploration_patch_high_beta
real_moleculenet_lipophilicity,llm_evolved_kernel_exploration_patch_high_beta,9243,91.25,87.725,2.5,0,heldout,
real_moleculenet_lipophilicity,mixed_kernel_gp_ei,9243,87.5,87.5,6.25,0,heldout,
real_moleculenet_lipophilicity,target_acquisition_portfolio,9243,87.5,87.5,6.25,0,heldout,
real_moleculenet_lipophilicity,fixed_scale_ensemble_0p5_1_1p5_2_3_4,9244,87.5,86.25,6.25,0,heldout,
real_moleculenet_lipophilicity,gp_ucb,9244,87.5,86.5,6.25,0,heldout,
real_moleculenet_lipophilicity,llm_calibrated_selector,9244,88.625,87.5875,5.125,0,heldout,llm_evolved_kernel_exploration_patch_high_beta
real_moleculenet_lipophilicity,llm_evolved_kernel_exploration_patch_high_beta,9244,88.625,87.5875,5.125,0,heldout,
real_moleculenet_lipophilicity,mixed_kernel_gp_ei,9244,92.25,92.25,1.5,0,heldout,
real_moleculenet_lipophilicity,target_acquisition_portfolio,9244,92.25,92.25,1.5,0,heldout,
real_moleculenet_lipophilicity,fixed_scale_ensemble_0p5_1_1p5_2_3_4,9245,92.625,92.625,1.125,0,heldout,
real_moleculenet_lipophilicity,gp_ucb,9245,92.625,92.625,1.125,0,heldout,
real_moleculenet_lipophilicity,llm_calibrated_selector,9245,92.625,92.625,1.125,0,heldout,llm_evolved_kernel_exploration_patch_high_beta
real_moleculenet_lipophilicity,llm_evolved_kernel_exploration_patch_high_beta,9245,92.625,92.625,1.125,0,heldout,
real_moleculenet_lipophilicity,mixed_kernel_gp_ei,9245,92.625,92.625,1.125,0,heldout,
real_moleculenet_lipophilicity,target_acquisition_portfolio,9245,92.625,92.625,1.125,0,heldout,
real_moleculenet_lipophilicity,fixed_scale_ensemble_0p5_1_1p5_2_3_4,9246,93.5,90.475,0.25,1,heldout,
real_moleculenet_lipophilicity,gp_ucb,9246,91.25,90.25,2.5,0,heldout,
real_moleculenet_lipophilicity,llm_calibrated_selector,9246,88.75,88.5,5.0,0,heldout,llm_evolved_kernel_exploration_patch_high_beta
real_moleculenet_lipophilicity,llm_evolved_kernel_exploration_patch_high_beta,9246,88.75,88.5,5.0,0,heldout,
real_moleculenet_lipophilicity,mixed_kernel_gp_ei,9246,91.25,90.25,2.5,0,heldout,
real_moleculenet_lipophilicity,target_acquisition_portfolio,9246,93.75,91.225,0.0,1,heldout,
real_moleculenet_lipophilicity,fixed_scale_ensemble_0p5_1_1p5_2_3_4,9247,91.25,90.275,2.5,0,heldout,
real_moleculenet_lipophilicity,gp_ucb,9247,91.25,90.7625,2.5,0,heldout,
real_moleculenet_lipophilicity,llm_calibrated_selector,9247,88.75,87.325,5.0,0,heldout,llm_evolved_kernel_exploration_patch_high_beta
real_moleculenet_lipophilicity,llm_evolved_kernel_exploration_patch_high_beta,9247,88.75,87.325,5.0,0,heldout,
real_moleculenet_lipophilicity,mixed_kernel_gp_ei,9247,91.25,90.7625,2.5,0,heldout,
real_moleculenet_lipophilicity,target_acquisition_portfolio,9247,91.25,90.7625,2.5,0,heldout,
real_moleculenet_lipophilicity,fixed_scale_ensemble_0p5_1_1p5_2_3_4,9248,87.375,86.9625,6.375,0,heldout,
real_moleculenet_lipophilicity,gp_ucb,9248,87.375,86.9625,6.375,0,heldout,
real_moleculenet_lipophilicity,llm_calibrated_selector,9248,86.875,84.7,6.875,0,heldout,llm_evolved_kernel_exploration_patch_high_beta
real_moleculenet_lipophilicity,llm_evolved_kernel_exploration_patch_high_beta,9248,86.875,84.7,6.875,0,heldout,
real_moleculenet_lipophilicity,mixed_kernel_gp_ei,9248,88.75,84.9,5.0,0,heldout,
real_moleculenet_lipophilicity,target_acquisition_portfolio,9248,87.375,86.9625,6.375,0,heldout,
real_moleculenet_lipophilicity,fixed_scale_ensemble_0p5_1_1p5_2_3_4,9249,90.0,90.0,3.75,0,heldout,
real_moleculenet_lipophilicity,gp_ucb,9249,90.0,90.0,3.75,0,heldout,
real_moleculenet_lipophilicity,llm_calibrated_selector,9249,90.0,90.0,3.75,0,heldout,llm_evolved_kernel_exploration_patch_high_beta
real_moleculenet_lipophilicity,llm_evolved_kernel_exploration_patch_high_beta,9249,90.0,90.0,3.75,0,heldout,
real_moleculenet_lipophilicity,mixed_kernel_gp_ei,9249,90.0,90.0,3.75,0,heldout,
real_moleculenet_lipophilicity,target_acquisition_portfolio,9249,90.0,90.0,3.75,0,heldout,
real_moleculenet_lipophilicity,fixed_scale_ensemble_0p5_1_1p5_2_3_4,9250,85.5,81.525,8.25,0,heldout,
real_moleculenet_lipophilicity,gp_ucb,9250,85.0,79.1,8.75,0,heldout,
real_moleculenet_lipophilicity,llm_calibrated_selector,9250,92.5,78.725,1.25,0,heldout,llm_evolved_kernel_exploration_patch_high_beta
real_moleculenet_lipophilicity,llm_evolved_kernel_exploration_patch_high_beta,9250,92.5,78.725,1.25,0,heldout,
real_moleculenet_lipophilicity,mixed_kernel_gp_ei,9250,90.0,86.275,3.75,0,heldout,
real_moleculenet_lipophilicity,target_acquisition_portfolio,9250,90.0,86.275,3.75,0,heldout,
real_moleculenet_lipophilicity,fixed_scale_ensemble_0p5_1_1p5_2_3_4,9251,83.75,78.6125,10.0,0,heldout,
real_moleculenet_lipophilicity,gp_ucb,9251,87.5,83.35,6.25,0,heldout,
real_moleculenet_lipophilicity,llm_calibrated_selector,9251,91.875,87.725,1.875,0,heldout,llm_evolved_kernel_exploration_patch_high_beta
real_moleculenet_lipophilicity,llm_evolved_kernel_exploration_patch_high_beta,9251,91.875,87.725,1.875,0,heldout,
real_moleculenet_lipophilicity,mixed_kernel_gp_ei,9251,85.25,81.0375,8.5,0,heldout,
real_moleculenet_lipophilicity,target_acquisition_portfolio,9251,87.5,78.4625,6.25,0,heldout,
real_moleculenet_lipophilicity,fixed_scale_ensemble_0p5_1_1p5_2_3_4,9252,92.125,92.125,1.625,0,heldout,
real_moleculenet_lipophilicity,gp_ucb,9252,92.125,92.125,1.625,0,heldout,
real_moleculenet_lipophilicity,llm_calibrated_selector,9252,92.125,91.5625,1.625,0,heldout,llm_evolved_kernel_exploration_patch_high_beta
real_moleculenet_lipophilicity,llm_evolved_kernel_exploration_patch_high_beta,9252,92.125,91.5625,1.625,0,heldout,
real_moleculenet_lipophilicity,mixed_kernel_gp_ei,9252,92.125,92.125,1.625,0,heldout,
real_moleculenet_lipophilicity,target_acquisition_portfolio,9252,92.125,92.125,1.625,0,heldout,
real_moleculenet_lipophilicity,fixed_scale_ensemble_0p5_1_1p5_2_3_4,9253,93.5,92.7125,0.25,1,heldout,
real_moleculenet_lipophilicity,gp_ucb,9253,93.5,92.7125,0.25,1,heldout,
real_moleculenet_lipophilicity,llm_calibrated_selector,9253,85.625,85.625,8.125,0,heldout,llm_evolved_kernel_exploration_patch_high_beta
real_moleculenet_lipophilicity,llm_evolved_kernel_exploration_patch_high_beta,9253,85.625,85.625,8.125,0,heldout,
real_moleculenet_lipophilicity,mixed_kernel_gp_ei,9253,91.0,91.0,2.75,0,heldout,
real_moleculenet_lipophilicity,target_acquisition_portfolio,9253,91.0,91.0,2.75,0,heldout,
real_moleculenet_lipophilicity,fixed_scale_ensemble_0p5_1_1p5_2_3_4,9254,91.25,91.25,2.5,0,heldout,
real_moleculenet_lipophilicity,gp_ucb,9254,91.25,91.25,2.5,0,heldout,
real_moleculenet_lipophilicity,llm_calibrated_selector,9254,91.25,91.25,2.5,0,heldout,llm_evolved_kernel_exploration_patch_high_beta
real_moleculenet_lipophilicity,llm_evolved_kernel_exploration_patch_high_beta,9254,91.25,91.25,2.5,0,heldout,
real_moleculenet_lipophilicity,mixed_kernel_gp_ei,9254,91.25,91.25,2.5,0,heldout,
real_moleculenet_lipophilicity,target_acquisition_portfolio,9254,91.25,91.25,2.5,0,heldout,
real_moleculenet_lipophilicity,fixed_scale_ensemble_0p5_1_1p5_2_3_4,9255,93.75,89.25,0.0,1,heldout,
real_moleculenet_lipophilicity,gp_ucb,9255,93.75,90.7,0.0,1,heldout,
real_moleculenet_lipophilicity,llm_calibrated_selector,9255,87.5,84.5,6.25,0,heldout,llm_evolved_kernel_exploration_patch_high_beta
real_moleculenet_lipophilicity,llm_evolved_kernel_exploration_patch_high_beta,9255,87.5,84.5,6.25,0,heldout,
real_moleculenet_lipophilicity,mixed_kernel_gp_ei,9255,93.75,89.575,0.0,1,heldout,
real_moleculenet_lipophilicity,target_acquisition_portfolio,9255,93.75,89.9,0.0,1,heldout,
real_moleculenet_lipophilicity,fixed_scale_ensemble_0p5_1_1p5_2_3_4,9256,90.0,84.075,3.75,0,heldout,
real_moleculenet_lipophilicity,gp_ucb,9256,83.75,81.9375,10.0,0,heldout,
real_moleculenet_lipophilicity,llm_calibrated_selector,9256,80.125,80.125,13.625,0,heldout,llm_evolved_kernel_exploration_patch_high_beta
real_moleculenet_lipophilicity,llm_evolved_kernel_exploration_patch_high_beta,9256,80.125,80.125,13.625,0,heldout,
real_moleculenet_lipophilicity,mixed_kernel_gp_ei,9256,90.0,84.4375,3.75,0,heldout,
real_moleculenet_lipophilicity,target_acquisition_portfolio,9256,90.0,84.4375,3.75,0,heldout,
real_moleculenet_lipophilicity,fixed_scale_ensemble_0p5_1_1p5_2_3_4,9257,82.875,79.725,10.875,0,heldout,
real_moleculenet_lipophilicity,gp_ucb,9257,82.5,82.5,11.25,0,heldout,
real_moleculenet_lipophilicity,llm_calibrated_selector,9257,84.0,83.275,9.75,0,heldout,llm_evolved_kernel_exploration_patch_high_beta
real_moleculenet_lipophilicity,llm_evolved_kernel_exploration_patch_high_beta,9257,84.0,83.275,9.75,0,heldout,
real_moleculenet_lipophilicity,mixed_kernel_gp_ei,9257,77.0,76.8,16.75,0,heldout,
real_moleculenet_lipophilicity,target_acquisition_portfolio,9257,88.625,86.6375,5.125,0,heldout,
real_moleculenet_lipophilicity,fixed_scale_ensemble_0p5_1_1p5_2_3_4,9258,90.0,85.7625,3.75,0,heldout,
real_moleculenet_lipophilicity,gp_ucb,9258,92.25,86.3875,1.5,0,heldout,
real_moleculenet_lipophilicity,llm_calibrated_selector,9258,80.625,80.025,13.125,0,heldout,llm_evolved_kernel_exploration_patch_high_beta
real_moleculenet_lipophilicity,llm_evolved_kernel_exploration_patch_high_beta,9258,80.625,80.025,13.125,0,heldout,
real_moleculenet_lipophilicity,mixed_kernel_gp_ei,9258,80.75,77.75,13.0,0,heldout,
real_moleculenet_lipophilicity,target_acquisition_portfolio,9258,80.75,77.75,13.0,0,heldout,
real_moleculenet_lipophilicity,fixed_scale_ensemble_0p5_1_1p5_2_3_4,9259,87.5,83.15,6.25,0,heldout,
real_moleculenet_lipophilicity,gp_ucb,9259,87.5,83.4,6.25,0,heldout,
real_moleculenet_lipophilicity,llm_calibrated_selector,9259,88.25,83.75,5.5,0,heldout,llm_evolved_kernel_exploration_patch_high_beta
real_moleculenet_lipophilicity,llm_evolved_kernel_exploration_patch_high_beta,9259,88.25,83.75,5.5,0,heldout,
real_moleculenet_lipophilicity,mixed_kernel_gp_ei,9259,82.5,82.2,11.25,0,heldout,
real_moleculenet_lipophilicity,target_acquisition_portfolio,9259,82.75,82.6,11.0,0,heldout,
real_moleculenet_lipophilicity,fixed_scale_ensemble_0p5_1_1p5_2_3_4,9260,84.625,84.45,9.125,0,heldout,
real_moleculenet_lipophilicity,gp_ucb,9260,83.75,83.75,10.0,0,heldout,
real_moleculenet_lipophilicity,llm_calibrated_selector,9260,83.75,83.75,10.0,0,heldout,llm_evolved_kernel_exploration_patch_high_beta
real_moleculenet_lipophilicity,llm_evolved_kernel_exploration_patch_high_beta,9260,83.75,83.75,10.0,0,heldout,
real_moleculenet_lipophilicity,mixed_kernel_gp_ei,9260,83.75,83.75,10.0,0,heldout,
real_moleculenet_lipophilicity,target_acquisition_portfolio,9260,84.625,84.45,9.125,0,heldout,
real_moleculenet_lipophilicity,fixed_scale_ensemble_0p5_1_1p5_2_3_4,9261,88.625,88.625,5.125,0,heldout,
real_moleculenet_lipophilicity,gp_ucb,9261,88.625,88.625,5.125,0,heldout,
real_moleculenet_lipophilicity,llm_calibrated_selector,9261,88.625,88.4375,5.125,0,heldout,llm_evolved_kernel_exploration_patch_high_beta
real_moleculenet_lipophilicity,llm_evolved_kernel_exploration_patch_high_beta,9261,88.625,88.4375,5.125,0,heldout,
real_moleculenet_lipophilicity,mixed_kernel_gp_ei,9261,87.5,87.05,6.25,0,heldout,
real_moleculenet_lipophilicity,target_acquisition_portfolio,9261,88.625,87.2375,5.125,0,heldout,
real_moleculenet_lipophilicity,fixed_scale_ensemble_0p5_1_1p5_2_3_4,9262,82.0,82.0,11.75,0,heldout,
real_moleculenet_lipophilicity,gp_ucb,9262,83.75,82.175,10.0,0,heldout,
real_moleculenet_lipophilicity,llm_calibrated_selector,9262,83.75,83.225,10.0,0,heldout,llm_evolved_kernel_exploration_patch_high_beta
real_moleculenet_lipophilicity,llm_evolved_kernel_exploration_patch_high_beta,9262,83.75,83.225,10.0,0,heldout,
real_moleculenet_lipophilicity,mixed_kernel_gp_ei,9262,82.0,82.0,11.75,0,heldout,
real_moleculenet_lipophilicity,target_acquisition_portfolio,9262,82.0,82.0,11.75,0,heldout,
real_moleculenet_lipophilicity,fixed_scale_ensemble_0p5_1_1p5_2_3_4,9263,85.5,82.825,8.25,0,heldout,
real_moleculenet_lipophilicity,gp_ucb,9263,82.875,78.025,10.875,0,heldout,
real_moleculenet_lipophilicity,llm_calibrated_selector,9263,90.0,90.0,3.75,0,heldout,llm_evolved_kernel_exploration_patch_high_beta
real_moleculenet_lipophilicity,llm_evolved_kernel_exploration_patch_high_beta,9263,90.0,90.0,3.75,0,heldout,
real_moleculenet_lipophilicity,mixed_kernel_gp_ei,9263,90.0,89.7125,3.75,0,heldout,
real_moleculenet_lipophilicity,target_acquisition_portfolio,9263,85.0,82.6875,8.75,0,heldout,
real_moleculenet_lipophilicity,fixed_scale_ensemble_0p5_1_1p5_2_3_4,9264,84.5,84.5,9.25,0,heldout,
real_moleculenet_lipophilicity,gp_ucb,9264,84.5,84.5,9.25,0,heldout,
real_moleculenet_lipophilicity,llm_calibrated_selector,9264,84.5,84.5,9.25,0,heldout,llm_evolved_kernel_exploration_patch_high_beta
real_moleculenet_lipophilicity,llm_evolved_kernel_exploration_patch_high_beta,9264,84.5,84.5,9.25,0,heldout,
real_moleculenet_lipophilicity,mixed_kernel_gp_ei,9264,84.5,84.5,9.25,0,heldout,
real_moleculenet_lipophilicity,target_acquisition_portfolio,9264,84.5,84.5,9.25,0,heldout,
real_moleculenet_lipophilicity,fixed_scale_ensemble_0p5_1_1p5_2_3_4,9265,86.625,86.625,7.125,0,heldout,
real_moleculenet_lipophilicity,gp_ucb,9265,86.625,86.625,7.125,0,heldout,
real_moleculenet_lipophilicity,llm_calibrated_selector,9265,86.625,86.625,7.125,0,heldout,llm_evolved_kernel_exploration_patch_high_beta
real_moleculenet_lipophilicity,llm_evolved_kernel_exploration_patch_high_beta,9265,86.625,86.625,7.125,0,heldout,
real_moleculenet_lipophilicity,mixed_kernel_gp_ei,9265,88.625,86.825,5.125,0,heldout,
real_moleculenet_lipophilicity,target_acquisition_portfolio,9265,86.625,86.625,7.125,0,heldout,
real_moleculenet_lipophilicity,fixed_scale_ensemble_0p5_1_1p5_2_3_4,9266,88.625,84.2,5.125,0,heldout,
real_moleculenet_lipophilicity,gp_ucb,9266,87.25,83.075,6.5,0,heldout,
real_moleculenet_lipophilicity,llm_calibrated_selector,9266,85.0,83.25,8.75,0,heldout,llm_evolved_kernel_exploration_patch_high_beta
real_moleculenet_lipophilicity,llm_evolved_kernel_exploration_patch_high_beta,9266,85.0,83.25,8.75,0,heldout,
real_moleculenet_lipophilicity,mixed_kernel_gp_ei,9266,88.625,84.8125,5.125,0,heldout,
real_moleculenet_lipophilicity,target_acquisition_portfolio,9266,88.625,84.2,5.125,0,heldout,
real_moleculenet_lipophilicity,fixed_scale_ensemble_0p5_1_1p5_2_3_4,9267,83.75,82.6,10.0,0,heldout,
real_moleculenet_lipophilicity,gp_ucb,9267,89.875,84.75,3.875,0,heldout,
real_moleculenet_lipophilicity,llm_calibrated_selector,9267,91.25,86.3,2.5,0,heldout,llm_evolved_kernel_exploration_patch_high_beta
real_moleculenet_lipophilicity,llm_evolved_kernel_exploration_patch_high_beta,9267,91.25,86.3,2.5,0,heldout,
real_moleculenet_lipophilicity,mixed_kernel_gp_ei,9267,83.75,83.3,10.0,0,heldout,
real_moleculenet_lipophilicity,target_acquisition_portfolio,9267,83.75,82.6,10.0,0,heldout,
real_moleculenet_lipophilicity,fixed_scale_ensemble_0p5_1_1p5_2_3_4,9268,83.75,80.75,10.0,0,heldout,
real_moleculenet_lipophilicity,gp_ucb,9268,93.75,84.6875,0.0,1,heldout,
real_moleculenet_lipophilicity,llm_calibrated_selector,9268,87.5,85.5125,6.25,0,heldout,llm_evolved_kernel_exploration_patch_high_beta
real_moleculenet_lipophilicity,llm_evolved_kernel_exploration_patch_high_beta,9268,87.5,85.5125,6.25,0,heldout,
real_moleculenet_lipophilicity,mixed_kernel_gp_ei,9268,93.75,84.6875,0.0,1,heldout,
real_moleculenet_lipophilicity,target_acquisition_portfolio,9268,80.0,80.0,13.75,0,heldout,
real_moleculenet_lipophilicity,fixed_scale_ensemble_0p5_1_1p5_2_3_4,9269,84.25,83.8375,9.5,0,heldout,
real_moleculenet_lipophilicity,gp_ucb,9269,84.25,83.8375,9.5,0,heldout,
real_moleculenet_lipophilicity,llm_calibrated_selector,9269,93.5,89.1125,0.25,1,heldout,llm_evolved_kernel_exploration_patch_high_beta
real_moleculenet_lipophilicity,llm_evolved_kernel_exploration_patch_high_beta,9269,93.5,89.1125,0.25,1,heldout,
real_moleculenet_lipophilicity,mixed_kernel_gp_ei,9269,84.25,83.8375,9.5,0,heldout,
real_moleculenet_lipophilicity,target_acquisition_portfolio,9269,84.25,83.8375,9.5,0,heldout,
real_moleculenet_lipophilicity,fixed_scale_ensemble_0p5_1_1p5_2_3_4,9270,91.375,90.225,2.375,0,heldout,
real_moleculenet_lipophilicity,gp_ucb,9270,91.375,90.225,2.375,0,heldout,
real_moleculenet_lipophilicity,llm_calibrated_selector,9270,85.625,85.625,8.125,0,heldout,llm_evolved_kernel_exploration_patch_high_beta
real_moleculenet_lipophilicity,llm_evolved_kernel_exploration_patch_high_beta,9270,85.625,85.625,8.125,0,heldout,
real_moleculenet_lipophilicity,mixed_kernel_gp_ei,9270,91.375,89.65,2.375,0,heldout,
real_moleculenet_lipophilicity,target_acquisition_portfolio,9270,91.375,90.225,2.375,0,heldout,
real_moleculenet_lipophilicity,fixed_scale_ensemble_0p5_1_1p5_2_3_4,9271,86.25,79.85,7.5,0,heldout,
real_moleculenet_lipophilicity,gp_ucb,9271,93.5,81.275,0.25,1,heldout,
real_moleculenet_lipophilicity,llm_calibrated_selector,9271,87.625,83.725,6.125,0,heldout,llm_evolved_kernel_exploration_patch_high_beta
real_moleculenet_lipophilicity,llm_evolved_kernel_exploration_patch_high_beta,9271,87.625,83.725,6.125,0,heldout,
real_moleculenet_lipophilicity,mixed_kernel_gp_ei,9271,82.625,79.8875,11.125,0,heldout,
real_moleculenet_lipophilicity,target_acquisition_portfolio,9271,93.5,81.275,0.25,1,heldout,
real_moleculenet_lipophilicity,fixed_scale_ensemble_0p5_1_1p5_2_3_4,9272,86.125,81.225,7.625,0,heldout,
real_moleculenet_lipophilicity,gp_ucb,9272,83.75,80.8625,10.0,0,heldout,
real_moleculenet_lipophilicity,llm_calibrated_selector,9272,85.375,80.975,8.375,0,heldout,llm_evolved_kernel_exploration_patch_high_beta
real_moleculenet_lipophilicity,llm_evolved_kernel_exploration_patch_high_beta,9272,85.375,80.975,8.375,0,heldout,
real_moleculenet_lipophilicity,mixed_kernel_gp_ei,9272,83.75,80.8625,10.0,0,heldout,
real_moleculenet_lipophilicity,target_acquisition_portfolio,9272,83.75,80.8625,10.0,0,heldout,
real_moleculenet_lipophilicity,fixed_scale_ensemble_0p5_1_1p5_2_3_4,9273,87.375,87.375,6.375,0,heldout,
real_moleculenet_lipophilicity,gp_ucb,9273,87.375,87.375,6.375,0,heldout,
real_moleculenet_lipophilicity,llm_calibrated_selector,9273,87.375,87.375,6.375,0,heldout,llm_evolved_kernel_exploration_patch_high_beta
real_moleculenet_lipophilicity,llm_evolved_kernel_exploration_patch_high_beta,9273,87.375,87.375,6.375,0,heldout,
real_moleculenet_lipophilicity,mixed_kernel_gp_ei,9273,87.375,87.375,6.375,0,heldout,
real_moleculenet_lipophilicity,target_acquisition_portfolio,9273,87.375,87.375,6.375,0,heldout,
real_moleculenet_lipophilicity,fixed_scale_ensemble_0p5_1_1p5_2_3_4,9274,93.75,86.1375,0.0,1,heldout,
real_moleculenet_lipophilicity,gp_ucb,9274,93.75,86.1375,0.0,1,heldout,
real_moleculenet_lipophilicity,llm_calibrated_selector,9274,93.75,89.825,0.0,1,heldout,llm_evolved_kernel_exploration_patch_high_beta
real_moleculenet_lipophilicity,llm_evolved_kernel_exploration_patch_high_beta,9274,93.75,89.825,0.0,1,heldout,
real_moleculenet_lipophilicity,mixed_kernel_gp_ei,9274,93.75,86.1375,0.0,1,heldout,
real_moleculenet_lipophilicity,target_acquisition_portfolio,9274,93.75,86.1375,0.0,1,heldout,
real_moleculenet_lipophilicity,fixed_scale_ensemble_0p5_1_1p5_2_3_4,9275,93.75,93.0125,0.0,1,heldout,
real_moleculenet_lipophilicity,gp_ucb,9275,82.5,79.75,11.25,0,heldout,
real_moleculenet_lipophilicity,llm_calibrated_selector,9275,88.75,81.675,5.0,0,heldout,llm_evolved_kernel_exploration_patch_high_beta
real_moleculenet_lipophilicity,llm_evolved_kernel_exploration_patch_high_beta,9275,88.75,81.675,5.0,0,heldout,
real_moleculenet_lipophilicity,mixed_kernel_gp_ei,9275,93.75,93.0125,0.0,1,heldout,
real_moleculenet_lipophilicity,target_acquisition_portfolio,9275,93.75,93.0125,0.0,1,heldout,
real_moleculenet_lipophilicity,fixed_scale_ensemble_0p5_1_1p5_2_3_4,9276,88.75,82.5375,5.0,0,heldout,
real_moleculenet_lipophilicity,gp_ucb,9276,85.0,83.975,8.75,0,heldout,
real_moleculenet_lipophilicity,llm_calibrated_selector,9276,85.0,83.975,8.75,0,heldout,llm_evolved_kernel_exploration_patch_high_beta
real_moleculenet_lipophilicity,llm_evolved_kernel_exploration_patch_high_beta,9276,85.0,83.975,8.75,0,heldout,
real_moleculenet_lipophilicity,mixed_kernel_gp_ei,9276,88.75,83.425,5.0,0,heldout,
real_moleculenet_lipophilicity,target_acquisition_portfolio,9276,91.0,85.4375,2.75,0,heldout,
real_moleculenet_lipophilicity,fixed_scale_ensemble_0p5_1_1p5_2_3_4,9277,91.875,89.5,1.875,0,heldout,
real_moleculenet_lipophilicity,gp_ucb,9277,91.875,89.5,1.875,0,heldout,
real_moleculenet_lipophilicity,llm_calibrated_selector,9277,93.5,85.4,0.25,1,heldout,llm_evolved_kernel_exploration_patch_high_beta
real_moleculenet_lipophilicity,llm_evolved_kernel_exploration_patch_high_beta,9277,93.5,85.4,0.25,1,heldout,
real_moleculenet_lipophilicity,mixed_kernel_gp_ei,9277,91.875,89.5,1.875,0,heldout,
real_moleculenet_lipophilicity,target_acquisition_portfolio,9277,91.875,89.5,1.875,0,heldout,
real_moleculenet_lipophilicity,fixed_scale_ensemble_0p5_1_1p5_2_3_4,9278,91.875,88.125,1.875,0,heldout,
real_moleculenet_lipophilicity,gp_ucb,9278,87.5,86.1875,6.25,0,heldout,
real_moleculenet_lipophilicity,llm_calibrated_selector,9278,85.625,85.625,8.125,0,heldout,llm_evolved_kernel_exploration_patch_high_beta
real_moleculenet_lipophilicity,llm_evolved_kernel_exploration_patch_high_beta,9278,85.625,85.625,8.125,0,heldout,
real_moleculenet_lipophilicity,mixed_kernel_gp_ei,9278,91.25,89.5625,2.5,0,heldout,
real_moleculenet_lipophilicity,target_acquisition_portfolio,9278,85.625,85.625,8.125,0,heldout,
real_moleculenet_lipophilicity,fixed_scale_ensemble_0p5_1_1p5_2_3_4,9279,91.625,91.625,2.125,0,heldout,
real_moleculenet_lipophilicity,gp_ucb,9279,91.625,91.625,2.125,0,heldout,
real_moleculenet_lipophilicity,llm_calibrated_selector,9279,91.625,91.625,2.125,0,heldout,llm_evolved_kernel_exploration_patch_high_beta
real_moleculenet_lipophilicity,llm_evolved_kernel_exploration_patch_high_beta,9279,91.625,91.625,2.125,0,heldout,
real_moleculenet_lipophilicity,mixed_kernel_gp_ei,9279,91.625,91.625,2.125,0,heldout,
real_moleculenet_lipophilicity,target_acquisition_portfolio,9279,91.625,91.625,2.125,0,heldout,
real_moleculenet_lipophilicity,fixed_scale_ensemble_0p5_1_1p5_2_3_4,9280,88.0,83.6,5.75,0,heldout,
real_moleculenet_lipophilicity,gp_ucb,9280,85.0,81.9,8.75,0,heldout,
real_moleculenet_lipophilicity,llm_calibrated_selector,9280,85.75,83.7375,8.0,0,heldout,llm_evolved_kernel_exploration_patch_high_beta
real_moleculenet_lipophilicity,llm_evolved_kernel_exploration_patch_high_beta,9280,85.75,83.7375,8.0,0,heldout,
real_moleculenet_lipophilicity,mixed_kernel_gp_ei,9280,83.5,81.5,10.25,0,heldout,
real_moleculenet_lipophilicity,target_acquisition_portfolio,9280,85.0,81.9,8.75,0,heldout,
real_moleculenet_lipophilicity,fixed_scale_ensemble_0p5_1_1p5_2_3_4,9281,92.375,92.275,1.375,0,heldout,
real_moleculenet_lipophilicity,gp_ucb,9281,92.375,92.275,1.375,0,heldout,
real_moleculenet_lipophilicity,llm_calibrated_selector,9281,92.125,92.125,1.625,0,heldout,llm_evolved_kernel_exploration_patch_high_beta
real_moleculenet_lipophilicity,llm_evolved_kernel_exploration_patch_high_beta,9281,92.125,92.125,1.625,0,heldout,
real_moleculenet_lipophilicity,mixed_kernel_gp_ei,9281,92.375,92.275,1.375,0,heldout,
real_moleculenet_lipophilicity,target_acquisition_portfolio,9281,92.375,92.275,1.375,0,heldout,
real_moleculenet_lipophilicity,fixed_scale_ensemble_0p5_1_1p5_2_3_4,9282,87.25,82.425,6.5,0,heldout,
real_moleculenet_lipophilicity,gp_ucb,9282,77.5,77.2,16.25,0,heldout,
real_moleculenet_lipophilicity,llm_calibrated_selector,9282,93.625,86.575,0.125,1,heldout,llm_evolved_kernel_exploration_patch_high_beta
real_moleculenet_lipophilicity,llm_evolved_kernel_exploration_patch_high_beta,9282,93.625,86.575,0.125,1,heldout,
real_moleculenet_lipophilicity,mixed_kernel_gp_ei,9282,76.5,76.4,17.25,0,heldout,
real_moleculenet_lipophilicity,target_acquisition_portfolio,9282,91.25,82.525,2.5,0,heldout,
real_moleculenet_lipophilicity,fixed_scale_ensemble_0p5_1_1p5_2_3_4,9283,85.625,83.525,8.125,0,heldout,
real_moleculenet_lipophilicity,gp_ucb,9283,83.75,83.4125,10.0,0,heldout,
real_moleculenet_lipophilicity,llm_calibrated_selector,9283,90.0,88.525,3.75,0,heldout,llm_evolved_kernel_exploration_patch_high_beta
real_moleculenet_lipophilicity,llm_evolved_kernel_exploration_patch_high_beta,9283,90.0,88.525,3.75,0,heldout,
real_moleculenet_lipophilicity,mixed_kernel_gp_ei,9283,90.0,87.05,3.75,0,heldout,
real_moleculenet_lipophilicity,target_acquisition_portfolio,9283,89.875,87.4,3.875,0,heldout,
real_moleculenet_lipophilicity,fixed_scale_ensemble_0p5_1_1p5_2_3_4,9284,90.0,88.375,3.75,0,heldout,
real_moleculenet_lipophilicity,gp_ucb,9284,90.0,88.375,3.75,0,heldout,
real_moleculenet_lipophilicity,llm_calibrated_selector,9284,90.0,90.0,3.75,0,heldout,llm_evolved_kernel_exploration_patch_high_beta
real_moleculenet_lipophilicity,llm_evolved_kernel_exploration_patch_high_beta,9284,90.0,90.0,3.75,0,heldout,
real_moleculenet_lipophilicity,mixed_kernel_gp_ei,9284,90.0,88.375,3.75,0,heldout,
real_moleculenet_lipophilicity,target_acquisition_portfolio,9284,90.0,88.375,3.75,0,heldout,
real_moleculenet_lipophilicity,fixed_scale_ensemble_0p5_1_1p5_2_3_4,9285,91.375,91.375,2.375,0,heldout,
real_moleculenet_lipophilicity,gp_ucb,9285,91.375,91.375,2.375,0,heldout,
real_moleculenet_lipophilicity,llm_calibrated_selector,9285,91.375,91.375,2.375,0,heldout,llm_evolved_kernel_exploration_patch_high_beta
real_moleculenet_lipophilicity,llm_evolved_kernel_exploration_patch_high_beta,9285,91.375,91.375,2.375,0,heldout,
real_moleculenet_lipophilicity,mixed_kernel_gp_ei,9285,91.375,91.375,2.375,0,heldout,
real_moleculenet_lipophilicity,target_acquisition_portfolio,9285,91.375,91.375,2.375,0,heldout,
real_moleculenet_lipophilicity,fixed_scale_ensemble_0p5_1_1p5_2_3_4,9286,92.625,92.625,1.125,0,heldout,
real_moleculenet_lipophilicity,gp_ucb,9286,92.625,92.625,1.125,0,heldout,
real_moleculenet_lipophilicity,llm_calibrated_selector,9286,92.625,92.625,1.125,0,heldout,llm_evolved_kernel_exploration_patch_high_beta
real_moleculenet_lipophilicity,llm_evolved_kernel_exploration_patch_high_beta,9286,92.625,92.625,1.125,0,heldout,
real_moleculenet_lipophilicity,mixed_kernel_gp_ei,9286,92.625,92.625,1.125,0,heldout,
real_moleculenet_lipophilicity,target_acquisition_portfolio,9286,92.625,92.625,1.125,0,heldout,
real_moleculenet_lipophilicity,fixed_scale_ensemble_0p5_1_1p5_2_3_4,9287,93.5,87.475,0.25,1,heldout,
real_moleculenet_lipophilicity,gp_ucb,9287,88.0,84.5875,5.75,0,heldout,
real_moleculenet_lipophilicity,llm_calibrated_selector,9287,86.25,84.375,7.5,0,heldout,llm_evolved_kernel_exploration_patch_high_beta
real_moleculenet_lipophilicity,llm_evolved_kernel_exploration_patch_high_beta,9287,86.25,84.375,7.5,0,heldout,
real_moleculenet_lipophilicity,mixed_kernel_gp_ei,9287,83.25,81.0875,10.5,0,heldout,
real_moleculenet_lipophilicity,target_acquisition_portfolio,9287,93.5,86.8125,0.25,1,heldout,
real_moleculenet_lipophilicity,fixed_scale_ensemble_0p5_1_1p5_2_3_4,9288,91.25,90.8,2.5,0,heldout,
real_moleculenet_lipophilicity,gp_ucb,9288,91.25,90.8,2.5,0,heldout,
real_moleculenet_lipophilicity,llm_calibrated_selector,9288,91.25,90.8,2.5,0,heldout,llm_evolved_kernel_exploration_patch_high_beta
real_moleculenet_lipophilicity,llm_evolved_kernel_exploration_patch_high_beta,9288,91.25,90.8,2.5,0,heldout,
real_moleculenet_lipophilicity,mixed_kernel_gp_ei,9288,91.25,90.8,2.5,0,heldout,
real_moleculenet_lipophilicity,target_acquisition_portfolio,9288,91.25,90.8,2.5,0,heldout,
real_moleculenet_lipophilicity,fixed_scale_ensemble_0p5_1_1p5_2_3_4,9289,86.625,86.625,7.125,0,heldout,
real_moleculenet_lipophilicity,gp_ucb,9289,86.625,86.625,7.125,0,heldout,
real_moleculenet_lipophilicity,llm_calibrated_selector,9289,90.0,87.975,3.75,0,heldout,llm_evolved_kernel_exploration_patch_high_beta
real_moleculenet_lipophilicity,llm_evolved_kernel_exploration_patch_high_beta,9289,90.0,87.975,3.75,0,heldout,
real_moleculenet_lipophilicity,mixed_kernel_gp_ei,9289,86.625,86.625,7.125,0,heldout,
real_moleculenet_lipophilicity,target_acquisition_portfolio,9289,86.625,86.625,7.125,0,heldout,
real_moleculenet_lipophilicity,fixed_scale_ensemble_0p5_1_1p5_2_3_4,9290,93.75,93.675,0.0,1,heldout,
real_moleculenet_lipophilicity,gp_ucb,9290,93.75,93.675,0.0,1,heldout,
real_moleculenet_lipophilicity,llm_calibrated_selector,9290,93.75,93.675,0.0,1,heldout,llm_evolved_kernel_exploration_patch_high_beta
real_moleculenet_lipophilicity,llm_evolved_kernel_exploration_patch_high_beta,9290,93.75,93.675,0.0,1,heldout,
real_moleculenet_lipophilicity,mixed_kernel_gp_ei,9290,93.75,93.675,0.0,1,heldout,
real_moleculenet_lipophilicity,target_acquisition_portfolio,9290,93.75,93.675,0.0,1,heldout,
real_moleculenet_lipophilicity,fixed_scale_ensemble_0p5_1_1p5_2_3_4,9291,87.125,82.4,6.625,0,heldout,
real_moleculenet_lipophilicity,gp_ucb,9291,87.125,82.4,6.625,0,heldout,
real_moleculenet_lipophilicity,llm_calibrated_selector,9291,87.125,83.4875,6.625,0,heldout,llm_evolved_kernel_exploration_patch_high_beta
real_moleculenet_lipophilicity,llm_evolved_kernel_exploration_patch_high_beta,9291,87.125,83.4875,6.625,0,heldout,
real_moleculenet_lipophilicity,mixed_kernel_gp_ei,9291,87.125,83.375,6.625,0,heldout,
real_moleculenet_lipophilicity,target_acquisition_portfolio,9291,87.125,82.4,6.625,0,heldout,
real_moleculenet_lipophilicity,fixed_scale_ensemble_0p5_1_1p5_2_3_4,9292,92.625,92.625,1.125,0,heldout,
real_moleculenet_lipophilicity,gp_ucb,9292,92.625,92.625,1.125,0,heldout,
real_moleculenet_lipophilicity,llm_calibrated_selector,9292,92.625,92.625,1.125,0,heldout,llm_evolved_kernel_exploration_patch_high_beta
real_moleculenet_lipophilicity,llm_evolved_kernel_exploration_patch_high_beta,9292,92.625,92.625,1.125,0,heldout,
real_moleculenet_lipophilicity,mixed_kernel_gp_ei,9292,92.625,92.625,1.125,0,heldout,
real_moleculenet_lipophilicity,target_acquisition_portfolio,9292,92.625,92.625,1.125,0,heldout,
real_moleculenet_lipophilicity,fixed_scale_ensemble_0p5_1_1p5_2_3_4,9293,89.625,81.35,4.125,0,heldout,
real_moleculenet_lipophilicity,gp_ucb,9293,89.625,82.8625,4.125,0,heldout,
real_moleculenet_lipophilicity,llm_calibrated_selector,9293,90.0,87.05,3.75,0,heldout,llm_evolved_kernel_exploration_patch_high_beta
real_moleculenet_lipophilicity,llm_evolved_kernel_exploration_patch_high_beta,9293,90.0,87.05,3.75,0,heldout,
real_moleculenet_lipophilicity,mixed_kernel_gp_ei,9293,89.625,82.8625,4.125,0,heldout,
real_moleculenet_lipophilicity,target_acquisition_portfolio,9293,89.625,82.8625,4.125,0,heldout,
real_moleculenet_lipophilicity,fixed_scale_ensemble_0p5_1_1p5_2_3_4,9294,87.375,86.55,6.375,0,heldout,
real_moleculenet_lipophilicity,gp_ucb,9294,87.375,86.55,6.375,0,heldout,
real_moleculenet_lipophilicity,llm_calibrated_selector,9294,87.5,86.6625,6.25,0,heldout,llm_evolved_kernel_exploration_patch_high_beta
real_moleculenet_lipophilicity,llm_evolved_kernel_exploration_patch_high_beta,9294,87.5,86.6625,6.25,0,heldout,
real_moleculenet_lipophilicity,mixed_kernel_gp_ei,9294,87.375,86.55,6.375,0,heldout,
real_moleculenet_lipophilicity,target_acquisition_portfolio,9294,87.375,86.55,6.375,0,heldout,
real_moleculenet_lipophilicity,fixed_scale_ensemble_0p5_1_1p5_2_3_4,9295,85.0,78.175,8.75,0,heldout,
real_moleculenet_lipophilicity,gp_ucb,9295,93.75,92.4875,0.0,1,heldout,
real_moleculenet_lipophilicity,llm_calibrated_selector,9295,87.125,82.5,6.625,0,heldout,llm_evolved_kernel_exploration_patch_high_beta
real_moleculenet_lipophilicity,llm_evolved_kernel_exploration_patch_high_beta,9295,87.125,82.5,6.625,0,heldout,
real_moleculenet_lipophilicity,mixed_kernel_gp_ei,9295,93.75,92.4875,0.0,1,heldout,
real_moleculenet_lipophilicity,target_acquisition_portfolio,9295,93.75,92.4875,0.0,1,heldout,
real_moleculenet_lipophilicity,fixed_scale_ensemble_0p5_1_1p5_2_3_4,9296,82.5,81.375,11.25,0,heldout,
real_moleculenet_lipophilicity,gp_ucb,9296,78.75,78.75,15.0,0,heldout,
real_moleculenet_lipophilicity,llm_calibrated_selector,9296,93.75,89.2,0.0,1,heldout,llm_evolved_kernel_exploration_patch_high_beta
real_moleculenet_lipophilicity,llm_evolved_kernel_exploration_patch_high_beta,9296,93.75,89.2,0.0,1,heldout,
real_moleculenet_lipophilicity,mixed_kernel_gp_ei,9296,93.5,93.5,0.25,1,heldout,
real_moleculenet_lipophilicity,target_acquisition_portfolio,9296,86.125,81.7375,7.625,0,heldout,
real_moleculenet_lipophilicity,fixed_scale_ensemble_0p5_1_1p5_2_3_4,9297,84.0,82.725,9.75,0,heldout,
real_moleculenet_lipophilicity,gp_ucb,9297,86.875,80.4,6.875,0,heldout,
real_moleculenet_lipophilicity,llm_calibrated_selector,9297,89.0,89.0,4.75,0,heldout,llm_evolved_kernel_exploration_patch_high_beta
real_moleculenet_lipophilicity,llm_evolved_kernel_exploration_patch_high_beta,9297,89.0,89.0,4.75,0,heldout,
real_moleculenet_lipophilicity,mixed_kernel_gp_ei,9297,89.875,86.5875,3.875,0,heldout,
real_moleculenet_lipophilicity,target_acquisition_portfolio,9297,82.75,79.9125,11.0,0,heldout,
real_moleculenet_lipophilicity,fixed_scale_ensemble_0p5_1_1p5_2_3_4,9298,78.5,78.5,15.25,0,heldout,
real_moleculenet_lipophilicity,gp_ucb,9298,89.625,87.425,4.125,0,heldout,
real_moleculenet_lipophilicity,llm_calibrated_selector,9298,89.625,88.6625,4.125,0,heldout,llm_evolved_kernel_exploration_patch_high_beta
real_moleculenet_lipophilicity,llm_evolved_kernel_exploration_patch_high_beta,9298,89.625,88.6625,4.125,0,heldout,
real_moleculenet_lipophilicity,mixed_kernel_gp_ei,9298,78.75,78.725,15.0,0,heldout,
real_moleculenet_lipophilicity,target_acquisition_portfolio,9298,88.75,84.65,5.0,0,heldout,
real_moleculenet_lipophilicity,fixed_scale_ensemble_0p5_1_1p5_2_3_4,9299,83.75,80.75,10.0,0,heldout,
real_moleculenet_lipophilicity,gp_ucb,9299,83.75,80.7875,10.0,0,heldout,
real_moleculenet_lipophilicity,llm_calibrated_selector,9299,83.75,80.3625,10.0,0,heldout,llm_evolved_kernel_exploration_patch_high_beta
real_moleculenet_lipophilicity,llm_evolved_kernel_exploration_patch_high_beta,9299,83.75,80.3625,10.0,0,heldout,
real_moleculenet_lipophilicity,mixed_kernel_gp_ei,9299,87.375,78.675,6.375,0,heldout,
real_moleculenet_lipophilicity,target_acquisition_portfolio,9299,90.0,87.25,3.75,0,heldout,
real_moleculenet_lipophilicity,fixed_scale_ensemble_0p5_1_1p5_2_3_4,9300,92.125,90.15,1.625,0,heldout,
real_moleculenet_lipophilicity,gp_ucb,9300,92.125,90.15,1.625,0,heldout,
real_moleculenet_lipophilicity,llm_calibrated_selector,9300,93.5,88.5625,0.25,1,heldout,llm_evolved_kernel_exploration_patch_high_beta
real_moleculenet_lipophilicity,llm_evolved_kernel_exploration_patch_high_beta,9300,93.5,88.5625,0.25,1,heldout,
real_moleculenet_lipophilicity,mixed_kernel_gp_ei,9300,92.125,90.15,1.625,0,heldout,
real_moleculenet_lipophilicity,target_acquisition_portfolio,9300,92.125,90.15,1.625,0,heldout,
real_moleculenet_lipophilicity,fixed_scale_ensemble_0p5_1_1p5_2_3_4,9301,87.375,87.375,6.375,0,heldout,
real_moleculenet_lipophilicity,gp_ucb,9301,87.375,87.375,6.375,0,heldout,
real_moleculenet_lipophilicity,llm_calibrated_selector,9301,87.375,87.375,6.375,0,heldout,llm_evolved_kernel_exploration_patch_high_beta
real_moleculenet_lipophilicity,llm_evolved_kernel_exploration_patch_high_beta,9301,87.375,87.375,6.375,0,heldout,
real_moleculenet_lipophilicity,mixed_kernel_gp_ei,9301,93.5,93.5,0.25,1,heldout,
real_moleculenet_lipophilicity,target_acquisition_portfolio,9301,87.375,87.375,6.375,0,heldout,
real_moleculenet_lipophilicity,fixed_scale_ensemble_0p5_1_1p5_2_3_4,9302,93.75,89.0,0.0,1,heldout,
real_moleculenet_lipophilicity,gp_ucb,9302,84.625,81.775,9.125,0,heldout,
real_moleculenet_lipophilicity,llm_calibrated_selector,9302,93.75,92.125,0.0,1,heldout,llm_evolved_kernel_exploration_patch_high_beta
real_moleculenet_lipophilicity,llm_evolved_kernel_exploration_patch_high_beta,9302,93.75,92.125,0.0,1,heldout,
real_moleculenet_lipophilicity,mixed_kernel_gp_ei,9302,84.625,83.2,9.125,0,heldout,
real_moleculenet_lipophilicity,target_acquisition_portfolio,9302,84.625,81.775,9.125,0,heldout,
real_moleculenet_lipophilicity,fixed_scale_ensemble_0p5_1_1p5_2_3_4,9303,88.75,88.75,5.0,0,heldout,
real_moleculenet_lipophilicity,gp_ucb,9303,88.75,88.75,5.0,0,heldout,
real_moleculenet_lipophilicity,llm_calibrated_selector,9303,91.25,88.6875,2.5,0,heldout,llm_evolved_kernel_exploration_patch_high_beta
real_moleculenet_lipophilicity,llm_evolved_kernel_exploration_patch_high_beta,9303,91.25,88.6875,2.5,0,heldout,
real_moleculenet_lipophilicity,mixed_kernel_gp_ei,9303,89.625,88.8375,4.125,0,heldout,
real_moleculenet_lipophilicity,target_acquisition_portfolio,9303,88.75,88.75,5.0,0,heldout,
real_moleculenet_lipophilicity,fixed_scale_ensemble_0p5_1_1p5_2_3_4,9304,81.5,81.1,12.25,0,heldout,
real_moleculenet_lipophilicity,gp_ucb,9304,81.5,81.2,12.25,0,heldout,
real_moleculenet_lipophilicity,llm_calibrated_selector,9304,81.5,81.2,12.25,0,heldout,llm_evolved_kernel_exploration_patch_high_beta
real_moleculenet_lipophilicity,llm_evolved_kernel_exploration_patch_high_beta,9304,81.5,81.2,12.25,0,heldout,
real_moleculenet_lipophilicity,mixed_kernel_gp_ei,9304,81.5,81.2,12.25,0,heldout,
real_moleculenet_lipophilicity,target_acquisition_portfolio,9304,81.5,81.2,12.25,0,heldout,
real_moleculenet_lipophilicity,fixed_scale_ensemble_0p5_1_1p5_2_3_4,9305,90.375,90.375,3.375,0,heldout,
real_moleculenet_lipophilicity,gp_ucb,9305,90.375,90.375,3.375,0,heldout,
real_moleculenet_lipophilicity,llm_calibrated_selector,9305,90.375,90.375,3.375,0,heldout,llm_evolved_kernel_exploration_patch_high_beta
real_moleculenet_lipophilicity,llm_evolved_kernel_exploration_patch_high_beta,9305,90.375,90.375,3.375,0,heldout,
real_moleculenet_lipophilicity,mixed_kernel_gp_ei,9305,90.375,90.375,3.375,0,heldout,
real_moleculenet_lipophilicity,target_acquisition_portfolio,9305,90.375,90.375,3.375,0,heldout,
real_moleculenet_lipophilicity,fixed_scale_ensemble_0p5_1_1p5_2_3_4,9306,81.25,81.25,12.5,0,heldout,
real_moleculenet_lipophilicity,gp_ucb,9306,93.5,86.1,0.25,1,heldout,
real_moleculenet_lipophilicity,llm_calibrated_selector,9306,88.75,85.0,5.0,0,heldout,llm_evolved_kernel_exploration_patch_high_beta
real_moleculenet_lipophilicity,llm_evolved_kernel_exploration_patch_high_beta,9306,88.75,85.0,5.0,0,heldout,
real_moleculenet_lipophilicity,mixed_kernel_gp_ei,9306,86.25,84.0,7.5,0,heldout,
real_moleculenet_lipophilicity,target_acquisition_portfolio,9306,89.25,86.4,4.5,0,heldout,
real_moleculenet_lipophilicity,fixed_scale_ensemble_0p5_1_1p5_2_3_4,9307,87.25,86.75,6.5,0,heldout,
real_moleculenet_lipophilicity,gp_ucb,9307,86.25,86.25,7.5,0,heldout,
real_moleculenet_lipophilicity,llm_calibrated_selector,9307,87.25,86.75,6.5,0,heldout,llm_evolved_kernel_exploration_patch_high_beta
real_moleculenet_lipophilicity,llm_evolved_kernel_exploration_patch_high_beta,9307,87.25,86.75,6.5,0,heldout,
real_moleculenet_lipophilicity,mixed_kernel_gp_ei,9307,88.75,87.0,5.0,0,heldout,
real_moleculenet_lipophilicity,target_acquisition_portfolio,9307,88.75,87.0,5.0,0,heldout,
real_moleculenet_lipophilicity,fixed_scale_ensemble_0p5_1_1p5_2_3_4,9308,84.625,84.4125,9.125,0,heldout,
real_moleculenet_lipophilicity,gp_ucb,9308,84.5,83.5,9.25,0,heldout,
real_moleculenet_lipophilicity,llm_calibrated_selector,9308,83.375,82.675,10.375,0,heldout,llm_evolved_kernel_exploration_patch_high_beta
real_moleculenet_lipophilicity,llm_evolved_kernel_exploration_patch_high_beta,9308,83.375,82.675,10.375,0,heldout,
real_moleculenet_lipophilicity,mixed_kernel_gp_ei,9308,86.125,82.8625,7.625,0,heldout,
real_moleculenet_lipophilicity,target_acquisition_portfolio,9308,82.5,82.5,11.25,0,heldout,
real_moleculenet_lipophilicity,fixed_scale_ensemble_0p5_1_1p5_2_3_4,9309,88.625,85.5375,5.125,0,heldout,
real_moleculenet_lipophilicity,gp_ucb,9309,88.625,85.5375,5.125,0,heldout,
real_moleculenet_lipophilicity,llm_calibrated_selector,9309,88.625,87.8125,5.125,0,heldout,llm_evolved_kernel_exploration_patch_high_beta
real_moleculenet_lipophilicity,llm_evolved_kernel_exploration_patch_high_beta,9309,88.625,87.8125,5.125,0,heldout,
real_moleculenet_lipophilicity,mixed_kernel_gp_ei,9309,87.5,86.9625,6.25,0,heldout,
real_moleculenet_lipophilicity,target_acquisition_portfolio,9309,86.25,85.5125,7.5,0,heldout,
real_moleculenet_lipophilicity,fixed_scale_ensemble_0p5_1_1p5_2_3_4,9310,93.75,86.7,0.0,1,heldout,
real_moleculenet_lipophilicity,gp_ucb,9310,91.25,88.2,2.5,0,heldout,
real_moleculenet_lipophilicity,llm_calibrated_selector,9310,88.25,85.1625,5.5,0,heldout,llm_evolved_kernel_exploration_patch_high_beta
real_moleculenet_lipophilicity,llm_evolved_kernel_exploration_patch_high_beta,9310,88.25,85.1625,5.5,0,heldout,
real_moleculenet_lipophilicity,mixed_kernel_gp_ei,9310,90.0,85.6875,3.75,0,heldout,
real_moleculenet_lipophilicity,target_acquisition_portfolio,9310,88.625,86.225,5.125,0,heldout,
real_moleculenet_lipophilicity,fixed_scale_ensemble_0p5_1_1p5_2_3_4,9311,91.25,86.575,2.5,0,heldout,
real_moleculenet_lipophilicity,gp_ucb,9311,91.25,86.575,2.5,0,heldout,
real_moleculenet_lipophilicity,llm_calibrated_selector,9311,88.625,84.9375,5.125,0,heldout,llm_evolved_kernel_exploration_patch_high_beta
real_moleculenet_lipophilicity,llm_evolved_kernel_exploration_patch_high_beta,9311,88.625,84.9375,5.125,0,heldout,
real_moleculenet_lipophilicity,mixed_kernel_gp_ei,9311,78.875,78.525,14.875,0,heldout,
real_moleculenet_lipophilicity,target_acquisition_portfolio,9311,91.25,86.575,2.5,0,heldout,
real_moleculenet_lipophilicity,fixed_scale_ensemble_0p5_1_1p5_2_3_4,9312,91.25,86.175,2.5,0,heldout,
real_moleculenet_lipophilicity,gp_ucb,9312,85.875,84.1875,7.875,0,heldout,
real_moleculenet_lipophilicity,llm_calibrated_selector,9312,92.5,91.65,1.25,0,heldout,llm_evolved_kernel_exploration_patch_high_beta
real_moleculenet_lipophilicity,llm_evolved_kernel_exploration_patch_high_beta,9312,92.5,91.65,1.25,0,heldout,
real_moleculenet_lipophilicity,mixed_kernel_gp_ei,9312,93.75,85.95,0.0,1,heldout,
real_moleculenet_lipophilicity,target_acquisition_portfolio,9312,93.75,85.95,0.0,1,heldout,
real_moleculenet_lipophilicity,fixed_scale_ensemble_0p5_1_1p5_2_3_4,9313,92.25,86.625,1.5,0,heldout,
real_moleculenet_lipophilicity,gp_ucb,9313,92.25,86.625,1.5,0,heldout,
real_moleculenet_lipophilicity,llm_calibrated_selector,9313,82.5,79.2625,11.25,0,heldout,llm_evolved_kernel_exploration_patch_high_beta
real_moleculenet_lipophilicity,llm_evolved_kernel_exploration_patch_high_beta,9313,82.5,79.2625,11.25,0,heldout,
real_moleculenet_lipophilicity,mixed_kernel_gp_ei,9313,92.25,86.625,1.5,0,heldout,
real_moleculenet_lipophilicity,target_acquisition_portfolio,9313,92.25,86.625,1.5,0,heldout,
real_moleculenet_lipophilicity,fixed_scale_ensemble_0p5_1_1p5_2_3_4,9314,83.125,83.125,10.625,0,heldout,
real_moleculenet_lipophilicity,gp_ucb,9314,83.125,83.125,10.625,0,heldout,
real_moleculenet_lipophilicity,llm_calibrated_selector,9314,83.125,83.125,10.625,0,heldout,llm_evolved_kernel_exploration_patch_high_beta
real_moleculenet_lipophilicity,llm_evolved_kernel_exploration_patch_high_beta,9314,83.125,83.125,10.625,0,heldout,
real_moleculenet_lipophilicity,mixed_kernel_gp_ei,9314,83.125,83.125,10.625,0,heldout,
real_moleculenet_lipophilicity,target_acquisition_portfolio,9314,83.125,83.125,10.625,0,heldout,
real_moleculenet_lipophilicity,fixed_scale_ensemble_0p5_1_1p5_2_3_4,9315,82.5,79.85,11.25,0,heldout,
real_moleculenet_lipophilicity,gp_ucb,9315,88.625,81.7375,5.125,0,heldout,
real_moleculenet_lipophilicity,llm_calibrated_selector,9315,87.5,83.025,6.25,0,heldout,llm_evolved_kernel_exploration_patch_high_beta
real_moleculenet_lipophilicity,llm_evolved_kernel_exploration_patch_high_beta,9315,87.5,83.025,6.25,0,heldout,
real_moleculenet_lipophilicity,mixed_kernel_gp_ei,9315,82.5,79.325,11.25,0,heldout,
real_moleculenet_lipophilicity,target_acquisition_portfolio,9315,88.625,81.7375,5.125,0,heldout,
real_moleculenet_lipophilicity,fixed_scale_ensemble_0p5_1_1p5_2_3_4,9316,84.75,83.1375,9.0,0,heldout,
real_moleculenet_lipophilicity,gp_ucb,9316,84.75,83.0125,9.0,0,heldout,
real_moleculenet_lipophilicity,llm_calibrated_selector,9316,85.0,81.65,8.75,0,heldout,llm_evolved_kernel_exploration_patch_high_beta
real_moleculenet_lipophilicity,llm_evolved_kernel_exploration_patch_high_beta,9316,85.0,81.65,8.75,0,heldout,
real_moleculenet_lipophilicity,mixed_kernel_gp_ei,9316,82.5,79.35,11.25,0,heldout,
real_moleculenet_lipophilicity,target_acquisition_portfolio,9316,85.25,81.825,8.5,0,heldout,
real_moleculenet_lipophilicity,fixed_scale_ensemble_0p5_1_1p5_2_3_4,9317,87.125,84.675,6.625,0,heldout,
real_moleculenet_lipophilicity,gp_ucb,9317,85.875,83.275,7.875,0,heldout,
real_moleculenet_lipophilicity,llm_calibrated_selector,9317,87.125,81.7625,6.625,0,heldout,llm_evolved_kernel_exploration_patch_high_beta
real_moleculenet_lipophilicity,llm_evolved_kernel_exploration_patch_high_beta,9317,87.125,81.7625,6.625,0,heldout,
real_moleculenet_lipophilicity,mixed_kernel_gp_ei,9317,89.625,83.5,4.125,0,heldout,
real_moleculenet_lipophilicity,target_acquisition_portfolio,9317,87.125,83.8125,6.625,0,heldout,
real_moleculenet_lipophilicity,fixed_scale_ensemble_0p5_1_1p5_2_3_4,9318,93.75,89.35,0.0,1,heldout,
real_moleculenet_lipophilicity,gp_ucb,9318,90.0,88.225,3.75,0,heldout,
real_moleculenet_lipophilicity,llm_calibrated_selector,9318,93.75,86.175,0.0,1,heldout,llm_evolved_kernel_exploration_patch_high_beta
real_moleculenet_lipophilicity,llm_evolved_kernel_exploration_patch_high_beta,9318,93.75,86.175,0.0,1,heldout,
real_moleculenet_lipophilicity,mixed_kernel_gp_ei,9318,90.0,88.225,3.75,0,heldout,
real_moleculenet_lipophilicity,target_acquisition_portfolio,9318,90.0,88.225,3.75,0,heldout,
real_moleculenet_lipophilicity,fixed_scale_ensemble_0p5_1_1p5_2_3_4,9319,81.5,81.5,12.25,0,heldout,
real_moleculenet_lipophilicity,gp_ucb,9319,81.5,81.5,12.25,0,heldout,
real_moleculenet_lipophilicity,llm_calibrated_selector,9319,84.625,84.625,9.125,0,heldout,llm_evolved_kernel_exploration_patch_high_beta
real_moleculenet_lipophilicity,llm_evolved_kernel_exploration_patch_high_beta,9319,84.625,84.625,9.125,0,heldout,
real_moleculenet_lipophilicity,mixed_kernel_gp_ei,9319,89.875,84.0125,3.875,0,heldout,
real_moleculenet_lipophilicity,target_acquisition_portfolio,9319,91.125,89.2,2.625,0,heldout,
real_moleculenet_lipophilicity,fixed_scale_ensemble_0p5_1_1p5_2_3_4,9320,93.75,92.9625,0.0,1,heldout,
real_moleculenet_lipophilicity,gp_ucb,9320,93.75,92.4375,0.0,1,heldout,
real_moleculenet_lipophilicity,llm_calibrated_selector,9320,93.75,92.7,0.0,1,heldout,llm_evolved_kernel_exploration_patch_high_beta
real_moleculenet_lipophilicity,llm_evolved_kernel_exploration_patch_high_beta,9320,93.75,92.7,0.0,1,heldout,
real_moleculenet_lipophilicity,mixed_kernel_gp_ei,9320,91.125,91.125,2.625,0,heldout,
real_moleculenet_lipophilicity,target_acquisition_portfolio,9320,93.75,92.4375,0.0,1,heldout,
real_moleculenet_lipophilicity,fixed_scale_ensemble_0p5_1_1p5_2_3_4,9321,80.375,76.4875,13.375,0,heldout,
real_moleculenet_lipophilicity,gp_ucb,9321,93.75,80.275,0.0,1,heldout,
real_moleculenet_lipophilicity,llm_calibrated_selector,9321,88.75,85.3,5.0,0,heldout,llm_evolved_kernel_exploration_patch_high_beta
real_moleculenet_lipophilicity,llm_evolved_kernel_exploration_patch_high_beta,9321,88.75,85.3,5.0,0,heldout,
real_moleculenet_lipophilicity,mixed_kernel_gp_ei,9321,77.0,74.3,16.75,0,heldout,
real_moleculenet_lipophilicity,target_acquisition_portfolio,9321,78.75,74.425,15.0,0,heldout,
real_moleculenet_lipophilicity,fixed_scale_ensemble_0p5_1_1p5_2_3_4,9322,91.875,91.4375,1.875,0,heldout,
real_moleculenet_lipophilicity,gp_ucb,9322,91.875,91.4375,1.875,0,heldout,
real_moleculenet_lipophilicity,llm_calibrated_selector,9322,93.75,93.7,0.0,1,heldout,llm_evolved_kernel_exploration_patch_high_beta
real_moleculenet_lipophilicity,llm_evolved_kernel_exploration_patch_high_beta,9322,93.75,93.7,0.0,1,heldout,
real_moleculenet_lipophilicity,mixed_kernel_gp_ei,9322,91.875,91.4375,1.875,0,heldout,
real_moleculenet_lipophilicity,target_acquisition_portfolio,9322,91.875,91.4375,1.875,0,heldout,
real_moleculenet_lipophilicity,fixed_scale_ensemble_0p5_1_1p5_2_3_4,9323,81.25,81.25,12.5,0,heldout,
real_moleculenet_lipophilicity,gp_ucb,9323,81.25,81.25,12.5,0,heldout,
real_moleculenet_lipophilicity,llm_calibrated_selector,9323,93.5,87.075,0.25,1,heldout,llm_evolved_kernel_exploration_patch_high_beta
real_moleculenet_lipophilicity,llm_evolved_kernel_exploration_patch_high_beta,9323,93.5,87.075,0.25,1,heldout,
real_moleculenet_lipophilicity,mixed_kernel_gp_ei,9323,81.75,81.35,12.0,0,heldout,
real_moleculenet_lipophilicity,target_acquisition_portfolio,9323,81.25,81.25,12.5,0,heldout,
real_moleculenet_lipophilicity,fixed_scale_ensemble_0p5_1_1p5_2_3_4,9324,91.25,91.25,2.5,0,heldout,
real_moleculenet_lipophilicity,gp_ucb,9324,91.25,91.25,2.5,0,heldout,
real_moleculenet_lipophilicity,llm_calibrated_selector,9324,91.25,91.25,2.5,0,heldout,llm_evolved_kernel_exploration_patch_high_beta
real_moleculenet_lipophilicity,llm_evolved_kernel_exploration_patch_high_beta,9324,91.25,91.25,2.5,0,heldout,
real_moleculenet_lipophilicity,mixed_kernel_gp_ei,9324,91.25,91.25,2.5,0,heldout,
real_moleculenet_lipophilicity,target_acquisition_portfolio,9324,91.25,91.25,2.5,0,heldout,
real_moleculenet_lipophilicity,fixed_scale_ensemble_0p5_1_1p5_2_3_4,9325,91.25,91.25,2.5,0,heldout,
real_moleculenet_lipophilicity,gp_ucb,9325,91.25,91.25,2.5,0,heldout,
real_moleculenet_lipophilicity,llm_calibrated_selector,9325,91.25,91.25,2.5,0,heldout,llm_evolved_kernel_exploration_patch_high_beta
real_moleculenet_lipophilicity,llm_evolved_kernel_exploration_patch_high_beta,9325,91.25,91.25,2.5,0,heldout,
real_moleculenet_lipophilicity,mixed_kernel_gp_ei,9325,91.25,91.25,2.5,0,heldout,
real_moleculenet_lipophilicity,target_acquisition_portfolio,9325,91.25,91.25,2.5,0,heldout,
real_moleculenet_lipophilicity,fixed_scale_ensemble_0p5_1_1p5_2_3_4,9326,87.125,82.5625,6.625,0,heldout,
real_moleculenet_lipophilicity,gp_ucb,9326,92.125,84.875,1.625,0,heldout,
real_moleculenet_lipophilicity,llm_calibrated_selector,9326,92.125,86.35,1.625,0,heldout,llm_evolved_kernel_exploration_patch_high_beta
real_moleculenet_lipophilicity,llm_evolved_kernel_exploration_patch_high_beta,9326,92.125,86.35,1.625,0,heldout,
real_moleculenet_lipophilicity,mixed_kernel_gp_ei,9326,79.625,79.5625,14.125,0,heldout,
real_moleculenet_lipophilicity,target_acquisition_portfolio,9326,79.625,79.5625,14.125,0,heldout,
real_moleculenet_lipophilicity,fixed_scale_ensemble_0p5_1_1p5_2_3_4,9327,91.0,91.0,2.75,0,heldout,
real_moleculenet_lipophilicity,gp_ucb,9327,91.0,91.0,2.75,0,heldout,
real_moleculenet_lipophilicity,llm_calibrated_selector,9327,91.0,91.0,2.75,0,heldout,llm_evolved_kernel_exploration_patch_high_beta
real_moleculenet_lipophilicity,llm_evolved_kernel_exploration_patch_high_beta,9327,91.0,91.0,2.75,0,heldout,
real_moleculenet_lipophilicity,mixed_kernel_gp_ei,9327,91.0,91.0,2.75,0,heldout,
real_moleculenet_lipophilicity,target_acquisition_portfolio,9327,91.0,91.0,2.75,0,heldout,
real_moleculenet_lipophilicity,fixed_scale_ensemble_0p5_1_1p5_2_3_4,9328,86.125,82.825,7.625,0,heldout,
real_moleculenet_lipophilicity,gp_ucb,9328,91.875,89.6875,1.875,0,heldout,
real_moleculenet_lipophilicity,llm_calibrated_selector,9328,93.75,91.8,0.0,1,heldout,llm_evolved_kernel_exploration_patch_high_beta
real_moleculenet_lipophilicity,llm_evolved_kernel_exploration_patch_high_beta,9328,93.75,91.8,0.0,1,heldout,
real_moleculenet_lipophilicity,mixed_kernel_gp_ei,9328,91.875,88.7625,1.875,0,heldout,
real_moleculenet_lipophilicity,target_acquisition_portfolio,9328,88.625,82.9,5.125,0,heldout,
real_moleculenet_lipophilicity,fixed_scale_ensemble_0p5_1_1p5_2_3_4,9329,92.25,92.25,1.5,0,heldout,
real_moleculenet_lipophilicity,gp_ucb,9329,92.25,92.25,1.5,0,heldout,
real_moleculenet_lipophilicity,llm_calibrated_selector,9329,93.75,93.15,0.0,1,heldout,llm_evolved_kernel_exploration_patch_high_beta
real_moleculenet_lipophilicity,llm_evolved_kernel_exploration_patch_high_beta,9329,93.75,93.15,0.0,1,heldout,
real_moleculenet_lipophilicity,mixed_kernel_gp_ei,9329,92.25,92.25,1.5,0,heldout,
real_moleculenet_lipophilicity,target_acquisition_portfolio,9329,92.25,92.25,1.5,0,heldout,
real_moleculenet_lipophilicity,fixed_scale_ensemble_0p5_1_1p5_2_3_4,9330,86.25,86.25,7.5,0,heldout,
real_moleculenet_lipophilicity,gp_ucb,9330,86.25,86.25,7.5,0,heldout,
real_moleculenet_lipophilicity,llm_calibrated_selector,9330,93.75,91.5,0.0,1,heldout,llm_evolved_kernel_exploration_patch_high_beta
real_moleculenet_lipophilicity,llm_evolved_kernel_exploration_patch_high_beta,9330,93.75,91.5,0.0,1,heldout,
real_moleculenet_lipophilicity,mixed_kernel_gp_ei,9330,86.25,86.25,7.5,0,heldout,
real_moleculenet_lipophilicity,target_acquisition_portfolio,9330,86.25,86.25,7.5,0,heldout,
real_moleculenet_lipophilicity,fixed_scale_ensemble_0p5_1_1p5_2_3_4,9331,77.5,74.875,16.25,0,heldout,
real_moleculenet_lipophilicity,gp_ucb,9331,82.5,75.0,11.25,0,heldout,
real_moleculenet_lipophilicity,llm_calibrated_selector,9331,86.625,85.275,7.125,0,heldout,llm_evolved_kernel_exploration_patch_high_beta
real_moleculenet_lipophilicity,llm_evolved_kernel_exploration_patch_high_beta,9331,86.625,85.275,7.125,0,heldout,
real_moleculenet_lipophilicity,mixed_kernel_gp_ei,9331,93.75,82.2375,0.0,1,heldout,
real_moleculenet_lipophilicity,target_acquisition_portfolio,9331,77.5,74.0875,16.25,0,heldout,
real_moleculenet_lipophilicity,fixed_scale_ensemble_0p5_1_1p5_2_3_4,9332,87.25,87.25,6.5,0,heldout,
real_moleculenet_lipophilicity,gp_ucb,9332,89.875,87.5125,3.875,0,heldout,
real_moleculenet_lipophilicity,llm_calibrated_selector,9332,86.875,84.775,6.875,0,heldout,llm_evolved_kernel_exploration_patch_high_beta
real_moleculenet_lipophilicity,llm_evolved_kernel_exploration_patch_high_beta,9332,86.875,84.775,6.875,0,heldout,
real_moleculenet_lipophilicity,mixed_kernel_gp_ei,9332,89.875,87.625,3.875,0,heldout,
real_moleculenet_lipophilicity,target_acquisition_portfolio,9332,89.875,86.5,3.875,0,heldout,
real_moleculenet_lipophilicity,fixed_scale_ensemble_0p5_1_1p5_2_3_4,9333,90.0,85.4625,3.75,0,heldout,
real_moleculenet_lipophilicity,gp_ucb,9333,90.0,85.4625,3.75,0,heldout,
real_moleculenet_lipophilicity,llm_calibrated_selector,9333,88.625,88.625,5.125,0,heldout,llm_evolved_kernel_exploration_patch_high_beta
real_moleculenet_lipophilicity,llm_evolved_kernel_exploration_patch_high_beta,9333,88.625,88.625,5.125,0,heldout,
real_moleculenet_lipophilicity,mixed_kernel_gp_ei,9333,90.0,85.4625,3.75,0,heldout,
real_moleculenet_lipophilicity,target_acquisition_portfolio,9333,90.0,85.4625,3.75,0,heldout,
real_moleculenet_lipophilicity,fixed_scale_ensemble_0p5_1_1p5_2_3_4,9334,90.0,90.0,3.75,0,heldout,
real_moleculenet_lipophilicity,gp_ucb,9334,90.0,90.0,3.75,0,heldout,
real_moleculenet_lipophilicity,llm_calibrated_selector,9334,90.0,90.0,3.75,0,heldout,llm_evolved_kernel_exploration_patch_high_beta
real_moleculenet_lipophilicity,llm_evolved_kernel_exploration_patch_high_beta,9334,90.0,90.0,3.75,0,heldout,
real_moleculenet_lipophilicity,mixed_kernel_gp_ei,9334,90.0,90.0,3.75,0,heldout,
real_moleculenet_lipophilicity,target_acquisition_portfolio,9334,90.0,90.0,3.75,0,heldout,
real_moleculenet_lipophilicity,fixed_scale_ensemble_0p5_1_1p5_2_3_4,9335,91.25,91.25,2.5,0,heldout,
real_moleculenet_lipophilicity,gp_ucb,9335,91.25,91.25,2.5,0,heldout,
real_moleculenet_lipophilicity,llm_calibrated_selector,9335,91.25,91.25,2.5,0,heldout,llm_evolved_kernel_exploration_patch_high_beta
real_moleculenet_lipophilicity,llm_evolved_kernel_exploration_patch_high_beta,9335,91.25,91.25,2.5,0,heldout,
real_moleculenet_lipophilicity,mixed_kernel_gp_ei,9335,91.25,91.25,2.5,0,heldout,
real_moleculenet_lipophilicity,target_acquisition_portfolio,9335,91.25,91.25,2.5,0,heldout,
real_moleculenet_lipophilicity,fixed_scale_ensemble_0p5_1_1p5_2_3_4,9336,86.5,84.95,7.25,0,heldout,
real_moleculenet_lipophilicity,gp_ucb,9336,91.25,88.5625,2.5,0,heldout,
real_moleculenet_lipophilicity,llm_calibrated_selector,9336,78.75,78.75,15.0,0,heldout,llm_evolved_kernel_exploration_patch_high_beta
real_moleculenet_lipophilicity,llm_evolved_kernel_exploration_patch_high_beta,9336,78.75,78.75,15.0,0,heldout,
real_moleculenet_lipophilicity,mixed_kernel_gp_ei,9336,91.25,88.5625,2.5,0,heldout,
real_moleculenet_lipophilicity,target_acquisition_portfolio,9336,89.375,87.25,4.375,0,heldout,
real_moleculenet_lipophilicity,fixed_scale_ensemble_0p5_1_1p5_2_3_4,9337,88.625,86.8625,5.125,0,heldout,
real_moleculenet_lipophilicity,gp_ucb,9337,87.5,86.75,6.25,0,heldout,
real_moleculenet_lipophilicity,llm_calibrated_selector,9337,88.625,86.8625,5.125,0,heldout,llm_evolved_kernel_exploration_patch_high_beta
real_moleculenet_lipophilicity,llm_evolved_kernel_exploration_patch_high_beta,9337,88.625,86.8625,5.125,0,heldout,
real_moleculenet_lipophilicity,mixed_kernel_gp_ei,9337,87.5,86.75,6.25,0,heldout,
real_moleculenet_lipophilicity,target_acquisition_portfolio,9337,87.5,86.75,6.25,0,heldout,
real_moleculenet_lipophilicity,fixed_scale_ensemble_0p5_1_1p5_2_3_4,9338,86.25,86.25,7.5,0,heldout,
real_moleculenet_lipophilicity,gp_ucb,9338,86.75,76.1875,7.0,0,heldout,
real_moleculenet_lipophilicity,llm_calibrated_selector,9338,88.75,85.1,5.0,0,heldout,llm_evolved_kernel_exploration_patch_high_beta
real_moleculenet_lipophilicity,llm_evolved_kernel_exploration_patch_high_beta,9338,88.75,85.1,5.0,0,heldout,
real_moleculenet_lipophilicity,mixed_kernel_gp_ei,9338,88.0,84.1,5.75,0,heldout,
real_moleculenet_lipophilicity,target_acquisition_portfolio,9338,86.25,86.25,7.5,0,heldout,
real_moleculenet_lipophilicity,fixed_scale_ensemble_0p5_1_1p5_2_3_4,9339,87.5,83.0125,6.25,0,heldout,
real_moleculenet_lipophilicity,gp_ucb,9339,87.5,83.65,6.25,0,heldout,
real_moleculenet_lipophilicity,llm_calibrated_selector,9339,86.125,82.7125,7.625,0,heldout,llm_evolved_kernel_exploration_patch_high_beta
real_moleculenet_lipophilicity,llm_evolved_kernel_exploration_patch_high_beta,9339,86.125,82.7125,7.625,0,heldout,
real_moleculenet_lipophilicity,mixed_kernel_gp_ei,9339,80.0,79.875,13.75,0,heldout,
real_moleculenet_lipophilicity,target_acquisition_portfolio,9339,93.5,86.125,0.25,1,heldout,
real_moleculenet_lipophilicity,fixed_scale_ensemble_0p5_1_1p5_2_3_4,9340,91.375,88.825,2.375,0,heldout,
real_moleculenet_lipophilicity,gp_ucb,9340,87.125,87.125,6.625,0,heldout,
real_moleculenet_lipophilicity,llm_calibrated_selector,9340,87.125,87.125,6.625,0,heldout,llm_evolved_kernel_exploration_patch_high_beta
real_moleculenet_lipophilicity,llm_evolved_kernel_exploration_patch_high_beta,9340,87.125,87.125,6.625,0,heldout,
real_moleculenet_lipophilicity,mixed_kernel_gp_ei,9340,87.125,87.125,6.625,0,heldout,
real_moleculenet_lipophilicity,target_acquisition_portfolio,9340,87.125,87.125,6.625,0,heldout,
real_moleculenet_lipophilicity,fixed_scale_ensemble_0p5_1_1p5_2_3_4,9341,91.25,89.6,2.5,0,heldout,
real_moleculenet_lipophilicity,gp_ucb,9341,91.25,89.6,2.5,0,heldout,
real_moleculenet_lipophilicity,llm_calibrated_selector,9341,91.25,87.725,2.5,0,heldout,llm_evolved_kernel_exploration_patch_high_beta
real_moleculenet_lipophilicity,llm_evolved_kernel_exploration_patch_high_beta,9341,91.25,87.725,2.5,0,heldout,
real_moleculenet_lipophilicity,mixed_kernel_gp_ei,9341,82.5,81.5,11.25,0,heldout,
real_moleculenet_lipophilicity,target_acquisition_portfolio,9341,91.25,89.6,2.5,0,heldout,
real_moleculenet_lipophilicity,fixed_scale_ensemble_0p5_1_1p5_2_3_4,9342,88.25,87.2875,5.5,0,heldout,
real_moleculenet_lipophilicity,gp_ucb,9342,88.75,88.125,5.0,0,heldout,
real_moleculenet_lipophilicity,llm_calibrated_selector,9342,88.625,87.775,5.125,0,heldout,llm_evolved_kernel_exploration_patch_high_beta
real_moleculenet_lipophilicity,llm_evolved_kernel_exploration_patch_high_beta,9342,88.625,87.775,5.125,0,heldout,
real_moleculenet_lipophilicity,mixed_kernel_gp_ei,9342,90.0,88.625,3.75,0,heldout,
real_moleculenet_lipophilicity,target_acquisition_portfolio,9342,90.0,88.2375,3.75,0,heldout,
real_moleculenet_lipophilicity,fixed_scale_ensemble_0p5_1_1p5_2_3_4,9343,87.125,82.775,6.625,0,heldout,
real_moleculenet_lipophilicity,gp_ucb,9343,87.125,82.775,6.625,0,heldout,
real_moleculenet_lipophilicity,llm_calibrated_selector,9343,80.0,78.0625,13.75,0,heldout,llm_evolved_kernel_exploration_patch_high_beta
real_moleculenet_lipophilicity,llm_evolved_kernel_exploration_patch_high_beta,9343,80.0,78.0625,13.75,0,heldout,
real_moleculenet_lipophilicity,mixed_kernel_gp_ei,9343,87.125,82.775,6.625,0,heldout,
real_moleculenet_lipophilicity,target_acquisition_portfolio,9343,87.125,82.775,6.625,0,heldout,
real_moleculenet_lipophilicity,fixed_scale_ensemble_0p5_1_1p5_2_3_4,9344,89.125,89.125,4.625,0,heldout,
real_moleculenet_lipophilicity,gp_ucb,9344,89.125,89.125,4.625,0,heldout,
real_moleculenet_lipophilicity,llm_calibrated_selector,9344,89.125,89.125,4.625,0,heldout,llm_evolved_kernel_exploration_patch_high_beta
real_moleculenet_lipophilicity,llm_evolved_kernel_exploration_patch_high_beta,9344,89.125,89.125,4.625,0,heldout,
real_moleculenet_lipophilicity,mixed_kernel_gp_ei,9344,89.125,89.125,4.625,0,heldout,
real_moleculenet_lipophilicity,target_acquisition_portfolio,9344,93.75,90.5125,0.0,1,heldout,
real_moleculenet_lipophilicity,fixed_scale_ensemble_0p5_1_1p5_2_3_4,9345,81.375,79.475,12.375,0,heldout,
real_moleculenet_lipophilicity,gp_ucb,9345,78.875,78.8625,14.875,0,heldout,
real_moleculenet_lipophilicity,llm_calibrated_selector,9345,87.5,84.875,6.25,0,heldout,llm_evolved_kernel_exploration_patch_high_beta
real_moleculenet_lipophilicity,llm_evolved_kernel_exploration_patch_high_beta,9345,87.5,84.875,6.25,0,heldout,
real_moleculenet_lipophilicity,mixed_kernel_gp_ei,9345,86.125,83.9375,7.625,0,heldout,
real_moleculenet_lipophilicity,target_acquisition_portfolio,9345,85.0,82.7125,8.75,0,heldout,
real_moleculenet_lipophilicity,fixed_scale_ensemble_0p5_1_1p5_2_3_4,9346,87.5,87.3875,6.25,0,heldout,
real_moleculenet_lipophilicity,gp_ucb,9346,87.5,87.4,6.25,0,heldout,
real_moleculenet_lipophilicity,llm_calibrated_selector,9346,91.875,90.75,1.875,0,heldout,llm_evolved_kernel_exploration_patch_high_beta
real_moleculenet_lipophilicity,llm_evolved_kernel_exploration_patch_high_beta,9346,91.875,90.75,1.875,0,heldout,
real_moleculenet_lipophilicity,mixed_kernel_gp_ei,9346,87.375,87.375,6.375,0,heldout,
real_moleculenet_lipophilicity,target_acquisition_portfolio,9346,87.375,87.375,6.375,0,heldout,
real_moleculenet_lipophilicity,fixed_scale_ensemble_0p5_1_1p5_2_3_4,9347,86.125,81.5,7.625,0,heldout,
real_moleculenet_lipophilicity,gp_ucb,9347,86.125,81.5,7.625,0,heldout,
real_moleculenet_lipophilicity,llm_calibrated_selector,9347,89.25,82.85,4.5,0,heldout,llm_evolved_kernel_exploration_patch_high_beta
real_moleculenet_lipophilicity,llm_evolved_kernel_exploration_patch_high_beta,9347,89.25,82.85,4.5,0,heldout,
real_moleculenet_lipophilicity,mixed_kernel_gp_ei,9347,85.0,81.4625,8.75,0,heldout,
real_moleculenet_lipophilicity,target_acquisition_portfolio,9347,86.25,82.9875,7.5,0,heldout,
real_moleculenet_lipophilicity,fixed_scale_ensemble_0p5_1_1p5_2_3_4,9348,88.75,87.4375,5.0,0,heldout,
real_moleculenet_lipophilicity,gp_ucb,9348,88.75,87.5625,5.0,0,heldout,
real_moleculenet_lipophilicity,llm_calibrated_selector,9348,88.75,86.725,5.0,0,heldout,llm_evolved_kernel_exploration_patch_high_beta
real_moleculenet_lipophilicity,llm_evolved_kernel_exploration_patch_high_beta,9348,88.75,86.725,5.0,0,heldout,
real_moleculenet_lipophilicity,mixed_kernel_gp_ei,9348,88.75,87.5625,5.0,0,heldout,
real_moleculenet_lipophilicity,target_acquisition_portfolio,9348,88.75,87.4375,5.0,0,heldout,
real_moleculenet_lipophilicity,fixed_scale_ensemble_0p5_1_1p5_2_3_4,9349,87.5,80.5,6.25,0,heldout,
real_moleculenet_lipophilicity,gp_ucb,9349,86.25,78.25,7.5,0,heldout,
real_moleculenet_lipophilicity,llm_calibrated_selector,9349,79.625,74.1,14.125,0,heldout,llm_evolved_kernel_exploration_patch_high_beta
real_moleculenet_lipophilicity,llm_evolved_kernel_exploration_patch_high_beta,9349,79.625,74.1,14.125,0,heldout,
real_moleculenet_lipophilicity,mixed_kernel_gp_ei,9349,81.25,78.8375,12.5,0,heldout,
real_moleculenet_lipophilicity,target_acquisition_portfolio,9349,87.5,77.0,6.25,0,heldout,
real_moleculenet_lipophilicity,fixed_scale_ensemble_0p5_1_1p5_2_3_4,9350,88.125,88.125,5.625,0,heldout,
real_moleculenet_lipophilicity,gp_ucb,9350,88.75,88.5625,5.0,0,heldout,
real_moleculenet_lipophilicity,llm_calibrated_selector,9350,88.125,88.125,5.625,0,heldout,llm_evolved_kernel_exploration_patch_high_beta
real_moleculenet_lipophilicity,llm_evolved_kernel_exploration_patch_high_beta,9350,88.125,88.125,5.625,0,heldout,
real_moleculenet_lipophilicity,mixed_kernel_gp_ei,9350,93.75,88.6875,0.0,1,heldout,
real_moleculenet_lipophilicity,target_acquisition_portfolio,9350,88.125,88.125,5.625,0,heldout,
real_moleculenet_lipophilicity,fixed_scale_ensemble_0p5_1_1p5_2_3_4,9351,91.375,91.15,2.375,0,heldout,
real_moleculenet_lipophilicity,gp_ucb,9351,91.375,91.15,2.375,0,heldout,
real_moleculenet_lipophilicity,llm_calibrated_selector,9351,91.125,91.125,2.625,0,heldout,llm_evolved_kernel_exploration_patch_high_beta
real_moleculenet_lipophilicity,llm_evolved_kernel_exploration_patch_high_beta,9351,91.125,91.125,2.625,0,heldout,
real_moleculenet_lipophilicity,mixed_kernel_gp_ei,9351,91.125,91.125,2.625,0,heldout,
real_moleculenet_lipophilicity,target_acquisition_portfolio,9351,91.125,91.125,2.625,0,heldout,
real_moleculenet_lipophilicity,fixed_scale_ensemble_0p5_1_1p5_2_3_4,9352,82.5,80.15,11.25,0,heldout,
real_moleculenet_lipophilicity,gp_ucb,9352,82.5,80.1,11.25,0,heldout,
real_moleculenet_lipophilicity,llm_calibrated_selector,9352,78.625,78.0,15.125,0,heldout,llm_evolved_kernel_exploration_patch_high_beta
real_moleculenet_lipophilicity,llm_evolved_kernel_exploration_patch_high_beta,9352,78.625,78.0,15.125,0,heldout,
real_moleculenet_lipophilicity,mixed_kernel_gp_ei,9352,83.5,78.7,10.25,0,heldout,
real_moleculenet_lipophilicity,target_acquisition_portfolio,9352,90.0,84.825,3.75,0,heldout,
real_moleculenet_lipophilicity,fixed_scale_ensemble_0p5_1_1p5_2_3_4,9353,85.0,84.25,8.75,0,heldout,
real_moleculenet_lipophilicity,gp_ucb,9353,85.0,84.25,8.75,0,heldout,
real_moleculenet_lipophilicity,llm_calibrated_selector,9353,93.75,87.5125,0.0,1,heldout,llm_evolved_kernel_exploration_patch_high_beta
real_moleculenet_lipophilicity,llm_evolved_kernel_exploration_patch_high_beta,9353,93.75,87.5125,0.0,1,heldout,
real_moleculenet_lipophilicity,mixed_kernel_gp_ei,9353,93.75,86.75,0.0,1,heldout,
real_moleculenet_lipophilicity,target_acquisition_portfolio,9353,88.75,85.75,5.0,0,heldout,
real_moleculenet_lipophilicity,fixed_scale_ensemble_0p5_1_1p5_2_3_4,9354,93.75,88.125,0.0,1,heldout,
real_moleculenet_lipophilicity,gp_ucb,9354,93.75,88.125,0.0,1,heldout,
real_moleculenet_lipophilicity,llm_calibrated_selector,9354,93.75,88.125,0.0,1,heldout,llm_evolved_kernel_exploration_patch_high_beta
real_moleculenet_lipophilicity,llm_evolved_kernel_exploration_patch_high_beta,9354,93.75,88.125,0.0,1,heldout,
real_moleculenet_lipophilicity,mixed_kernel_gp_ei,9354,87.5,87.5,6.25,0,heldout,
real_moleculenet_lipophilicity,target_acquisition_portfolio,9354,87.5,87.5,6.25,0,heldout,
real_moleculenet_lipophilicity,fixed_scale_ensemble_0p5_1_1p5_2_3_4,9355,88.625,87.1375,5.125,0,heldout,
real_moleculenet_lipophilicity,gp_ucb,9355,88.625,87.1375,5.125,0,heldout,
real_moleculenet_lipophilicity,llm_calibrated_selector,9355,88.625,88.125,5.125,0,heldout,llm_evolved_kernel_exploration_patch_high_beta
real_moleculenet_lipophilicity,llm_evolved_kernel_exploration_patch_high_beta,9355,88.625,88.125,5.125,0,heldout,
real_moleculenet_lipophilicity,mixed_kernel_gp_ei,9355,88.625,87.1375,5.125,0,heldout,
real_moleculenet_lipophilicity,target_acquisition_portfolio,9355,88.625,87.1375,5.125,0,heldout,
real_moleculenet_lipophilicity,fixed_scale_ensemble_0p5_1_1p5_2_3_4,9356,83.75,83.75,10.0,0,heldout,
real_moleculenet_lipophilicity,gp_ucb,9356,83.75,83.75,10.0,0,heldout,
real_moleculenet_lipophilicity,llm_calibrated_selector,9356,87.375,86.2875,6.375,0,heldout,llm_evolved_kernel_exploration_patch_high_beta
real_moleculenet_lipophilicity,llm_evolved_kernel_exploration_patch_high_beta,9356,87.375,86.2875,6.375,0,heldout,
real_moleculenet_lipophilicity,mixed_kernel_gp_ei,9356,85.0,84.875,8.75,0,heldout,
real_moleculenet_lipophilicity,target_acquisition_portfolio,9356,83.75,83.75,10.0,0,heldout,
real_moleculenet_lipophilicity,fixed_scale_ensemble_0p5_1_1p5_2_3_4,9357,83.5,83.1,10.25,0,heldout,
real_moleculenet_lipophilicity,gp_ucb,9357,83.5,83.1,10.25,0,heldout,
real_moleculenet_lipophilicity,llm_calibrated_selector,9357,93.75,93.75,0.0,1,heldout,llm_evolved_kernel_exploration_patch_high_beta
real_moleculenet_lipophilicity,llm_evolved_kernel_exploration_patch_high_beta,9357,93.75,93.75,0.0,1,heldout,
real_moleculenet_lipophilicity,mixed_kernel_gp_ei,9357,83.5,83.1,10.25,0,heldout,
real_moleculenet_lipophilicity,target_acquisition_portfolio,9357,83.5,83.1,10.25,0,heldout,
real_moleculenet_lipophilicity,fixed_scale_ensemble_0p5_1_1p5_2_3_4,9358,90.0,84.6625,3.75,0,heldout,
real_moleculenet_lipophilicity,gp_ucb,9358,90.0,84.6625,3.75,0,heldout,
real_moleculenet_lipophilicity,llm_calibrated_selector,9358,82.875,81.95,10.875,0,heldout,llm_evolved_kernel_exploration_patch_high_beta
real_moleculenet_lipophilicity,llm_evolved_kernel_exploration_patch_high_beta,9358,82.875,81.95,10.875,0,heldout,
real_moleculenet_lipophilicity,mixed_kernel_gp_ei,9358,90.0,84.6625,3.75,0,heldout,
real_moleculenet_lipophilicity,target_acquisition_portfolio,9358,90.0,84.6625,3.75,0,heldout,
real_moleculenet_lipophilicity,fixed_scale_ensemble_0p5_1_1p5_2_3_4,9359,82.5,82.5,11.25,0,heldout,
real_moleculenet_lipophilicity,gp_ucb,9359,91.25,88.625,2.5,0,heldout,
real_moleculenet_lipophilicity,llm_calibrated_selector,9359,87.375,83.9625,6.375,0,heldout,llm_evolved_kernel_exploration_patch_high_beta
real_moleculenet_lipophilicity,llm_evolved_kernel_exploration_patch_high_beta,9359,87.375,83.9625,6.375,0,heldout,
real_moleculenet_lipophilicity,mixed_kernel_gp_ei,9359,87.375,84.4875,6.375,0,heldout,
real_moleculenet_lipophilicity,target_acquisition_portfolio,9359,91.25,88.625,2.5,0,heldout,
real_moleculenet_lipophilicity,fixed_scale_ensemble_0p5_1_1p5_2_3_4,9360,87.5,82.5,6.25,0,heldout,
real_moleculenet_lipophilicity,gp_ucb,9360,87.5,81.875,6.25,0,heldout,
real_moleculenet_lipophilicity,llm_calibrated_selector,9360,81.25,81.25,12.5,0,heldout,llm_evolved_kernel_exploration_patch_high_beta
real_moleculenet_lipophilicity,llm_evolved_kernel_exploration_patch_high_beta,9360,81.25,81.25,12.5,0,heldout,
real_moleculenet_lipophilicity,mixed_kernel_gp_ei,9360,87.5,83.75,6.25,0,heldout,
real_moleculenet_lipophilicity,target_acquisition_portfolio,9360,86.25,83.25,7.5,0,heldout,
real_moleculenet_lipophilicity,fixed_scale_ensemble_0p5_1_1p5_2_3_4,9361,87.375,82.0375,6.375,0,heldout,
real_moleculenet_lipophilicity,gp_ucb,9361,88.25,83.2375,5.5,0,heldout,
real_moleculenet_lipophilicity,llm_calibrated_selector,9361,89.625,83.4375,4.125,0,heldout,llm_evolved_kernel_exploration_patch_high_beta
real_moleculenet_lipophilicity,llm_evolved_kernel_exploration_patch_high_beta,9361,89.625,83.4375,4.125,0,heldout,
real_moleculenet_lipophilicity,mixed_kernel_gp_ei,9361,82.25,81.525,11.5,0,heldout,
real_moleculenet_lipophilicity,target_acquisition_portfolio,9361,87.375,82.0375,6.375,0,heldout,
real_moleculenet_lipophilicity,fixed_scale_ensemble_0p5_1_1p5_2_3_4,9362,88.75,85.8375,5.0,0,heldout,
real_moleculenet_lipophilicity,gp_ucb,9362,88.75,85.8375,5.0,0,heldout,
real_moleculenet_lipophilicity,llm_calibrated_selector,9362,91.875,81.55,1.875,0,heldout,llm_evolved_kernel_exploration_patch_high_beta
real_moleculenet_lipophilicity,llm_evolved_kernel_exploration_patch_high_beta,9362,91.875,81.55,1.875,0,heldout,
real_moleculenet_lipophilicity,mixed_kernel_gp_ei,9362,88.75,85.4625,5.0,0,heldout,
real_moleculenet_lipophilicity,target_acquisition_portfolio,9362,88.75,85.8375,5.0,0,heldout,
real_moleculenet_lipophilicity,fixed_scale_ensemble_0p5_1_1p5_2_3_4,9363,89.875,86.5375,3.875,0,heldout,
real_moleculenet_lipophilicity,gp_ucb,9363,89.875,86.5375,3.875,0,heldout,
real_moleculenet_lipophilicity,llm_calibrated_selector,9363,86.25,84.475,7.5,0,heldout,llm_evolved_kernel_exploration_patch_high_beta
real_moleculenet_lipophilicity,llm_evolved_kernel_exploration_patch_high_beta,9363,86.25,84.475,7.5,0,heldout,
real_moleculenet_lipophilicity,mixed_kernel_gp_ei,9363,91.375,90.2125,2.375,0,heldout,
real_moleculenet_lipophilicity,target_acquisition_portfolio,9363,89.875,86.5375,3.875,0,heldout,
real_moleculenet_lipophilicity,fixed_scale_ensemble_0p5_1_1p5_2_3_4,9364,89.125,89.125,4.625,0,heldout,
real_moleculenet_lipophilicity,gp_ucb,9364,89.125,89.125,4.625,0,heldout,
real_moleculenet_lipophilicity,llm_calibrated_selector,9364,91.875,91.8125,1.875,0,heldout,llm_evolved_kernel_exploration_patch_high_beta
real_moleculenet_lipophilicity,llm_evolved_kernel_exploration_patch_high_beta,9364,91.875,91.8125,1.875,0,heldout,
real_moleculenet_lipophilicity,mixed_kernel_gp_ei,9364,89.125,89.125,4.625,0,heldout,
real_moleculenet_lipophilicity,target_acquisition_portfolio,9364,89.125,89.125,4.625,0,heldout,
real_moleculenet_lipophilicity,fixed_scale_ensemble_0p5_1_1p5_2_3_4,9365,93.75,86.15,0.0,1,heldout,
real_moleculenet_lipophilicity,gp_ucb,9365,85.0,82.525,8.75,0,heldout,
real_moleculenet_lipophilicity,llm_calibrated_selector,9365,87.25,82.775,6.5,0,heldout,llm_evolved_kernel_exploration_patch_high_beta
real_moleculenet_lipophilicity,llm_evolved_kernel_exploration_patch_high_beta,9365,87.25,82.775,6.5,0,heldout,
real_moleculenet_lipophilicity,mixed_kernel_gp_ei,9365,80.375,80.375,13.375,0,heldout,
real_moleculenet_lipophilicity,target_acquisition_portfolio,9365,80.375,80.375,13.375,0,heldout,
real_moleculenet_lipophilicity,fixed_scale_ensemble_0p5_1_1p5_2_3_4,9366,87.5,83.4,6.25,0,heldout,
real_moleculenet_lipophilicity,gp_ucb,9366,87.5,83.4,6.25,0,heldout,
real_moleculenet_lipophilicity,llm_calibrated_selector,9366,79.875,78.525,13.875,0,heldout,llm_evolved_kernel_exploration_patch_high_beta
real_moleculenet_lipophilicity,llm_evolved_kernel_exploration_patch_high_beta,9366,79.875,78.525,13.875,0,heldout,
real_moleculenet_lipophilicity,mixed_kernel_gp_ei,9366,87.5,83.65,6.25,0,heldout,
real_moleculenet_lipophilicity,target_acquisition_portfolio,9366,87.5,83.65,6.25,0,heldout,
real_moleculenet_lipophilicity,fixed_scale_ensemble_0p5_1_1p5_2_3_4,9367,80.875,79.5125,12.875,0,heldout,
real_moleculenet_lipophilicity,gp_ucb,9367,85.375,83.3875,8.375,0,heldout,
real_moleculenet_lipophilicity,llm_calibrated_selector,9367,85.375,83.3875,8.375,0,heldout,llm_evolved_kernel_exploration_patch_high_beta
real_moleculenet_lipophilicity,llm_evolved_kernel_exploration_patch_high_beta,9367,85.375,83.3875,8.375,0,heldout,
real_moleculenet_lipophilicity,mixed_kernel_gp_ei,9367,85.0,83.75,8.75,0,heldout,
real_moleculenet_lipophilicity,target_acquisition_portfolio,9367,93.5,83.175,0.25,1,heldout,
real_moleculenet_lipophilicity,fixed_scale_ensemble_0p5_1_1p5_2_3_4,9368,88.625,87.9,5.125,0,heldout,
real_moleculenet_lipophilicity,gp_ucb,9368,88.75,87.375,5.0,0,heldout,
real_moleculenet_lipophilicity,llm_calibrated_selector,9368,93.75,90.75,0.0,1,heldout,llm_evolved_kernel_exploration_patch_high_beta
real_moleculenet_lipophilicity,llm_evolved_kernel_exploration_patch_high_beta,9368,93.75,90.75,0.0,1,heldout,
real_moleculenet_lipophilicity,mixed_kernel_gp_ei,9368,90.0,90.0,3.75,0,heldout,
real_moleculenet_lipophilicity,target_acquisition_portfolio,9368,93.75,90.375,0.0,1,heldout,
real_moleculenet_lipophilicity,fixed_scale_ensemble_0p5_1_1p5_2_3_4,9369,92.125,89.675,1.625,0,heldout,
real_moleculenet_lipophilicity,gp_ucb,9369,92.125,87.3125,1.625,0,heldout,
real_moleculenet_lipophilicity,llm_calibrated_selector,9369,92.125,91.725,1.625,0,heldout,llm_evolved_kernel_exploration_patch_high_beta
real_moleculenet_lipophilicity,llm_evolved_kernel_exploration_patch_high_beta,9369,92.125,91.725,1.625,0,heldout,
real_moleculenet_lipophilicity,mixed_kernel_gp_ei,9369,85.0,81.9,8.75,0,heldout,
real_moleculenet_lipophilicity,target_acquisition_portfolio,9369,85.0,81.9,8.75,0,heldout,
real_moleculenet_lipophilicity,fixed_scale_ensemble_0p5_1_1p5_2_3_4,9370,86.5,84.4375,7.25,0,heldout,
real_moleculenet_lipophilicity,gp_ucb,9370,86.5,85.125,7.25,0,heldout,
real_moleculenet_lipophilicity,llm_calibrated_selector,9370,88.75,85.4875,5.0,0,heldout,llm_evolved_kernel_exploration_patch_high_beta
real_moleculenet_lipophilicity,llm_evolved_kernel_exploration_patch_high_beta,9370,88.75,85.4875,5.0,0,heldout,
real_moleculenet_lipophilicity,mixed_kernel_gp_ei,9370,86.5,85.125,7.25,0,heldout,
real_moleculenet_lipophilicity,target_acquisition_portfolio,9370,86.5,84.4375,7.25,0,heldout,
real_moleculenet_lipophilicity,fixed_scale_ensemble_0p5_1_1p5_2_3_4,9371,87.5,86.75,6.25,0,heldout,
real_moleculenet_lipophilicity,gp_ucb,9371,87.5,86.75,6.25,0,heldout,
real_moleculenet_lipophilicity,llm_calibrated_selector,9371,87.5,87.125,6.25,0,heldout,llm_evolved_kernel_exploration_patch_high_beta
real_moleculenet_lipophilicity,llm_evolved_kernel_exploration_patch_high_beta,9371,87.5,87.125,6.25,0,heldout,
real_moleculenet_lipophilicity,mixed_kernel_gp_ei,9371,87.5,86.75,6.25,0,heldout,
real_moleculenet_lipophilicity,target_acquisition_portfolio,9371,87.5,86.75,6.25,0,heldout,
real_moleculenet_lipophilicity,fixed_scale_ensemble_0p5_1_1p5_2_3_4,9372,89.875,88.0875,3.875,0,heldout,
real_moleculenet_lipophilicity,gp_ucb,9372,89.875,88.0875,3.875,0,heldout,
real_moleculenet_lipophilicity,llm_calibrated_selector,9372,87.5,87.25,6.25,0,heldout,llm_evolved_kernel_exploration_patch_high_beta
real_moleculenet_lipophilicity,llm_evolved_kernel_exploration_patch_high_beta,9372,87.5,87.25,6.25,0,heldout,
real_moleculenet_lipophilicity,mixed_kernel_gp_ei,9372,89.875,88.0875,3.875,0,heldout,
real_moleculenet_lipophilicity,target_acquisition_portfolio,9372,89.875,88.0875,3.875,0,heldout,
real_moleculenet_lipophilicity,fixed_scale_ensemble_0p5_1_1p5_2_3_4,9373,76.875,76.05,16.875,0,heldout,
real_moleculenet_lipophilicity,gp_ucb,9373,76.875,76.05,16.875,0,heldout,
real_moleculenet_lipophilicity,llm_calibrated_selector,9373,77.5,76.825,16.25,0,heldout,llm_evolved_kernel_exploration_patch_high_beta
real_moleculenet_lipophilicity,llm_evolved_kernel_exploration_patch_high_beta,9373,77.5,76.825,16.25,0,heldout,
real_moleculenet_lipophilicity,mixed_kernel_gp_ei,9373,86.25,82.6125,7.5,0,heldout,
real_moleculenet_lipophilicity,target_acquisition_portfolio,9373,83.125,77.925,10.625,0,heldout,
real_moleculenet_lipophilicity,fixed_scale_ensemble_0p5_1_1p5_2_3_4,9374,88.75,82.475,5.0,0,heldout,
real_moleculenet_lipophilicity,gp_ucb,9374,90.0,84.0,3.75,0,heldout,
real_moleculenet_lipophilicity,llm_calibrated_selector,9374,88.75,83.825,5.0,0,heldout,llm_evolved_kernel_exploration_patch_high_beta
real_moleculenet_lipophilicity,llm_evolved_kernel_exploration_patch_high_beta,9374,88.75,83.825,5.0,0,heldout,
real_moleculenet_lipophilicity,mixed_kernel_gp_ei,9374,90.0,87.0,3.75,0,heldout,
real_moleculenet_lipophilicity,target_acquisition_portfolio,9374,90.0,84.0,3.75,0,heldout,
real_moleculenet_lipophilicity,fixed_scale_ensemble_0p5_1_1p5_2_3_4,9375,91.25,87.8625,2.5,0,heldout,
real_moleculenet_lipophilicity,gp_ucb,9375,87.5,87.0,6.25,0,heldout,
real_moleculenet_lipophilicity,llm_calibrated_selector,9375,88.75,87.625,5.0,0,heldout,llm_evolved_kernel_exploration_patch_high_beta
real_moleculenet_lipophilicity,llm_evolved_kernel_exploration_patch_high_beta,9375,88.75,87.625,5.0,0,heldout,
real_moleculenet_lipophilicity,mixed_kernel_gp_ei,9375,87.5,86.5,6.25,0,heldout,
real_moleculenet_lipophilicity,target_acquisition_portfolio,9375,91.25,86.375,2.5,0,heldout,
real_moleculenet_lipophilicity,fixed_scale_ensemble_0p5_1_1p5_2_3_4,9376,90.0,85.475,3.75,0,heldout,
real_moleculenet_lipophilicity,gp_ucb,9376,90.0,85.475,3.75,0,heldout,
real_moleculenet_lipophilicity,llm_calibrated_selector,9376,82.0,81.925,11.75,0,heldout,llm_evolved_kernel_exploration_patch_high_beta
real_moleculenet_lipophilicity,llm_evolved_kernel_exploration_patch_high_beta,9376,82.0,81.925,11.75,0,heldout,
real_moleculenet_lipophilicity,mixed_kernel_gp_ei,9376,90.0,85.475,3.75,0,heldout,
real_moleculenet_lipophilicity,target_acquisition_portfolio,9376,90.0,84.8625,3.75,0,heldout,
real_moleculenet_lipophilicity,fixed_scale_ensemble_0p5_1_1p5_2_3_4,9377,89.625,88.8,4.125,0,heldout,
real_moleculenet_lipophilicity,gp_ucb,9377,88.25,88.25,5.5,0,heldout,
real_moleculenet_lipophilicity,llm_calibrated_selector,9377,88.25,88.25,5.5,0,heldout,llm_evolved_kernel_exploration_patch_high_beta
real_moleculenet_lipophilicity,llm_evolved_kernel_exploration_patch_high_beta,9377,88.25,88.25,5.5,0,heldout,
real_moleculenet_lipophilicity,mixed_kernel_gp_ei,9377,89.625,88.8,4.125,0,heldout,
real_moleculenet_lipophilicity,target_acquisition_portfolio,9377,89.625,88.8,4.125,0,heldout,
real_moleculenet_lipophilicity,fixed_scale_ensemble_0p5_1_1p5_2_3_4,9378,93.75,89.4,0.0,1,heldout,
real_moleculenet_lipophilicity,gp_ucb,9378,93.75,86.05,0.0,1,heldout,
real_moleculenet_lipophilicity,llm_calibrated_selector,9378,86.875,84.8125,6.875,0,heldout,llm_evolved_kernel_exploration_patch_high_beta
real_moleculenet_lipophilicity,llm_evolved_kernel_exploration_patch_high_beta,9378,86.875,84.8125,6.875,0,heldout,
real_moleculenet_lipophilicity,mixed_kernel_gp_ei,9378,93.75,87.15,0.0,1,heldout,
real_moleculenet_lipophilicity,target_acquisition_portfolio,9378,93.75,87.15,0.0,1,heldout,
real_moleculenet_lipophilicity,fixed_scale_ensemble_0p5_1_1p5_2_3_4,9379,88.75,88.75,5.0,0,heldout,
real_moleculenet_lipophilicity,gp_ucb,9379,88.75,88.75,5.0,0,heldout,
real_moleculenet_lipophilicity,llm_calibrated_selector,9379,88.75,88.75,5.0,0,heldout,llm_evolved_kernel_exploration_patch_high_beta
real_moleculenet_lipophilicity,llm_evolved_kernel_exploration_patch_high_beta,9379,88.75,88.75,5.0,0,heldout,
real_moleculenet_lipophilicity,mixed_kernel_gp_ei,9379,91.625,90.1875,2.125,0,heldout,
real_moleculenet_lipophilicity,target_acquisition_portfolio,9379,88.75,88.75,5.0,0,heldout,
real_moleculenet_lipophilicity,fixed_scale_ensemble_0p5_1_1p5_2_3_4,9380,87.5,87.4875,6.25,0,heldout,
real_moleculenet_lipophilicity,gp_ucb,9380,87.5,87.4875,6.25,0,heldout,
real_moleculenet_lipophilicity,llm_calibrated_selector,9380,87.5,87.425,6.25,0,heldout,llm_evolved_kernel_exploration_patch_high_beta
real_moleculenet_lipophilicity,llm_evolved_kernel_exploration_patch_high_beta,9380,87.5,87.425,6.25,0,heldout,
real_moleculenet_lipophilicity,mixed_kernel_gp_ei,9380,87.5,87.4875,6.25,0,heldout,
real_moleculenet_lipophilicity,target_acquisition_portfolio,9380,87.5,87.4875,6.25,0,heldout,
real_moleculenet_lipophilicity,fixed_scale_ensemble_0p5_1_1p5_2_3_4,9381,91.25,91.25,2.5,0,heldout,
real_moleculenet_lipophilicity,gp_ucb,9381,91.25,91.25,2.5,0,heldout,
real_moleculenet_lipophilicity,llm_calibrated_selector,9381,91.25,91.25,2.5,0,heldout,llm_evolved_kernel_exploration_patch_high_beta
real_moleculenet_lipophilicity,llm_evolved_kernel_exploration_patch_high_beta,9381,91.25,91.25,2.5,0,heldout,
real_moleculenet_lipophilicity,mixed_kernel_gp_ei,9381,91.25,91.25,2.5,0,heldout,
real_moleculenet_lipophilicity,target_acquisition_portfolio,9381,91.25,91.25,2.5,0,heldout,
real_moleculenet_lipophilicity,fixed_scale_ensemble_0p5_1_1p5_2_3_4,9382,83.125,83.125,10.625,0,heldout,
real_moleculenet_lipophilicity,gp_ucb,9382,83.125,83.125,10.625,0,heldout,
real_moleculenet_lipophilicity,llm_calibrated_selector,9382,83.125,83.125,10.625,0,heldout,llm_evolved_kernel_exploration_patch_high_beta
real_moleculenet_lipophilicity,llm_evolved_kernel_exploration_patch_high_beta,9382,83.125,83.125,10.625,0,heldout,
real_moleculenet_lipophilicity,mixed_kernel_gp_ei,9382,83.125,83.125,10.625,0,heldout,
real_moleculenet_lipophilicity,target_acquisition_portfolio,9382,83.125,83.125,10.625,0,heldout,
real_moleculenet_lipophilicity,fixed_scale_ensemble_0p5_1_1p5_2_3_4,9383,91.875,89.4375,1.875,0,heldout,
real_moleculenet_lipophilicity,gp_ucb,9383,91.875,89.4375,1.875,0,heldout,
real_moleculenet_lipophilicity,llm_calibrated_selector,9383,91.875,90.25,1.875,0,heldout,llm_evolved_kernel_exploration_patch_high_beta
real_moleculenet_lipophilicity,llm_evolved_kernel_exploration_patch_high_beta,9383,91.875,90.25,1.875,0,heldout,
real_moleculenet_lipophilicity,mixed_kernel_gp_ei,9383,91.875,89.4375,1.875,0,heldout,
real_moleculenet_lipophilicity,target_acquisition_portfolio,9383,91.875,89.4375,1.875,0,heldout,
real_moleculenet_lipophilicity,fixed_scale_ensemble_0p5_1_1p5_2_3_4,9384,82.125,82.125,11.625,0,heldout,
real_moleculenet_lipophilicity,gp_ucb,9384,82.125,82.125,11.625,0,heldout,
real_moleculenet_lipophilicity,llm_calibrated_selector,9384,82.125,82.125,11.625,0,heldout,llm_evolved_kernel_exploration_patch_high_beta
real_moleculenet_lipophilicity,llm_evolved_kernel_exploration_patch_high_beta,9384,82.125,82.125,11.625,0,heldout,
real_moleculenet_lipophilicity,mixed_kernel_gp_ei,9384,90.0,86.85,3.75,0,heldout,
real_moleculenet_lipophilicity,target_acquisition_portfolio,9384,82.125,82.125,11.625,0,heldout,
real_moleculenet_lipophilicity,fixed_scale_ensemble_0p5_1_1p5_2_3_4,9385,88.25,88.1625,5.5,0,heldout,
real_moleculenet_lipophilicity,gp_ucb,9385,89.625,88.3,4.125,0,heldout,
real_moleculenet_lipophilicity,llm_calibrated_selector,9385,88.25,87.6375,5.5,0,heldout,llm_evolved_kernel_exploration_patch_high_beta
real_moleculenet_lipophilicity,llm_evolved_kernel_exploration_patch_high_beta,9385,88.25,87.6375,5.5,0,heldout,
real_moleculenet_lipophilicity,mixed_kernel_gp_ei,9385,91.25,90.175,2.5,0,heldout,
real_moleculenet_lipophilicity,target_acquisition_portfolio,9385,91.25,90.5625,2.5,0,heldout,
real_moleculenet_lipophilicity,fixed_scale_ensemble_0p5_1_1p5_2_3_4,9386,84.0,78.675,9.75,0,heldout,
real_moleculenet_lipophilicity,gp_ucb,9386,84.0,82.225,9.75,0,heldout,
real_moleculenet_lipophilicity,llm_calibrated_selector,9386,87.5,83.8,6.25,0,heldout,llm_evolved_kernel_exploration_patch_high_beta
real_moleculenet_lipophilicity,llm_evolved_kernel_exploration_patch_high_beta,9386,87.5,83.8,6.25,0,heldout,
real_moleculenet_lipophilicity,mixed_kernel_gp_ei,9386,87.375,77.2375,6.375,0,heldout,
real_moleculenet_lipophilicity,target_acquisition_portfolio,9386,87.375,77.2375,6.375,0,heldout,
real_moleculenet_lipophilicity,fixed_scale_ensemble_0p5_1_1p5_2_3_4,9387,88.625,87.2375,5.125,0,heldout,
real_moleculenet_lipophilicity,gp_ucb,9387,88.625,87.2375,5.125,0,heldout,
real_moleculenet_lipophilicity,llm_calibrated_selector,9387,84.0,81.9,9.75,0,heldout,llm_evolved_kernel_exploration_patch_high_beta
real_moleculenet_lipophilicity,llm_evolved_kernel_exploration_patch_high_beta,9387,84.0,81.9,9.75,0,heldout,
real_moleculenet_lipophilicity,mixed_kernel_gp_ei,9387,88.625,87.2875,5.125,0,heldout,
real_moleculenet_lipophilicity,target_acquisition_portfolio,9387,88.625,87.2875,5.125,0,heldout,
real_moleculenet_lipophilicity,fixed_scale_ensemble_0p5_1_1p5_2_3_4,9388,83.25,82.1,10.5,0,heldout,
real_moleculenet_lipophilicity,gp_ucb,9388,85.0,82.975,8.75,0,heldout,
real_moleculenet_lipophilicity,llm_calibrated_selector,9388,84.0,80.8,9.75,0,heldout,llm_evolved_kernel_exploration_patch_high_beta
real_moleculenet_lipophilicity,llm_evolved_kernel_exploration_patch_high_beta,9388,84.0,80.8,9.75,0,heldout,
real_moleculenet_lipophilicity,mixed_kernel_gp_ei,9388,90.0,84.5625,3.75,0,heldout,
real_moleculenet_lipophilicity,target_acquisition_portfolio,9388,87.5,83.225,6.25,0,heldout,
real_moleculenet_lipophilicity,fixed_scale_ensemble_0p5_1_1p5_2_3_4,9389,82.0,82.0,11.75,0,heldout,
real_moleculenet_lipophilicity,gp_ucb,9389,88.75,84.725,5.0,0,heldout,
real_moleculenet_lipophilicity,llm_calibrated_selector,9389,90.0,84.575,3.75,0,heldout,llm_evolved_kernel_exploration_patch_high_beta
real_moleculenet_lipophilicity,llm_evolved_kernel_exploration_patch_high_beta,9389,90.0,84.575,3.75,0,heldout,
real_moleculenet_lipophilicity,mixed_kernel_gp_ei,9389,83.75,82.875,10.0,0,heldout,
real_moleculenet_lipophilicity,target_acquisition_portfolio,9389,83.75,82.875,10.0,0,heldout,
real_moleculenet_lipophilicity,fixed_scale_ensemble_0p5_1_1p5_2_3_4,9390,87.5,85.8,6.25,0,heldout,
real_moleculenet_lipophilicity,gp_ucb,9390,87.5,87.5,6.25,0,heldout,
real_moleculenet_lipophilicity,llm_calibrated_selector,9390,91.375,87.8875,2.375,0,heldout,llm_evolved_kernel_exploration_patch_high_beta
real_moleculenet_lipophilicity,llm_evolved_kernel_exploration_patch_high_beta,9390,91.375,87.8875,2.375,0,heldout,
real_moleculenet_lipophilicity,mixed_kernel_gp_ei,9390,87.5,87.5,6.25,0,heldout,
real_moleculenet_lipophilicity,target_acquisition_portfolio,9390,87.5,87.5,6.25,0,heldout,
real_moleculenet_lipophilicity,fixed_scale_ensemble_0p5_1_1p5_2_3_4,9391,82.625,82.625,11.125,0,heldout,
real_moleculenet_lipophilicity,gp_ucb,9391,86.5,83.9,7.25,0,heldout,
real_moleculenet_lipophilicity,llm_calibrated_selector,9391,89.625,88.1,4.125,0,heldout,llm_evolved_kernel_exploration_patch_high_beta
real_moleculenet_lipophilicity,llm_evolved_kernel_exploration_patch_high_beta,9391,89.625,88.1,4.125,0,heldout,
real_moleculenet_lipophilicity,mixed_kernel_gp_ei,9391,88.25,84.225,5.5,0,heldout,
real_moleculenet_lipophilicity,target_acquisition_portfolio,9391,82.625,82.625,11.125,0,heldout,
real_moleculenet_lipophilicity,fixed_scale_ensemble_0p5_1_1p5_2_3_4,9392,90.0,85.8,3.75,0,heldout,
real_moleculenet_lipophilicity,gp_ucb,9392,90.0,81.85,3.75,0,heldout,
real_moleculenet_lipophilicity,llm_calibrated_selector,9392,91.25,82.4,2.5,0,heldout,llm_evolved_kernel_exploration_patch_high_beta
real_moleculenet_lipophilicity,llm_evolved_kernel_exploration_patch_high_beta,9392,91.25,82.4,2.5,0,heldout,
real_moleculenet_lipophilicity,mixed_kernel_gp_ei,9392,90.0,85.8,3.75,0,heldout,
real_moleculenet_lipophilicity,target_acquisition_portfolio,9392,90.0,81.85,3.75,0,heldout,
real_moleculenet_lipophilicity,fixed_scale_ensemble_0p5_1_1p5_2_3_4,9393,91.25,90.25,2.5,0,heldout,
real_moleculenet_lipophilicity,gp_ucb,9393,91.875,88.4375,1.875,0,heldout,
real_moleculenet_lipophilicity,llm_calibrated_selector,9393,91.875,89.375,1.875,0,heldout,llm_evolved_kernel_exploration_patch_high_beta
real_moleculenet_lipophilicity,llm_evolved_kernel_exploration_patch_high_beta,9393,91.875,89.375,1.875,0,heldout,
real_moleculenet_lipophilicity,mixed_kernel_gp_ei,9393,91.25,90.75,2.5,0,heldout,
real_moleculenet_lipophilicity,target_acquisition_portfolio,9393,91.25,90.75,2.5,0,heldout,
real_moleculenet_lipophilicity,fixed_scale_ensemble_0p5_1_1p5_2_3_4,9394,85.0,83.5,8.75,0,heldout,
real_moleculenet_lipophilicity,gp_ucb,9394,85.0,82.5,8.75,0,heldout,
real_moleculenet_lipophilicity,llm_calibrated_selector,9394,91.0,89.9,2.75,0,heldout,llm_evolved_kernel_exploration_patch_high_beta
real_moleculenet_lipophilicity,llm_evolved_kernel_exploration_patch_high_beta,9394,91.0,89.9,2.75,0,heldout,
real_moleculenet_lipophilicity,mixed_kernel_gp_ei,9394,87.5,85.25,6.25,0,heldout,
real_moleculenet_lipophilicity,target_acquisition_portfolio,9394,86.25,80.625,7.5,0,heldout,
real_moleculenet_lipophilicity,fixed_scale_ensemble_0p5_1_1p5_2_3_4,9395,87.5,87.3875,6.25,0,heldout,
real_moleculenet_lipophilicity,gp_ucb,9395,91.875,91.875,1.875,0,heldout,
real_moleculenet_lipophilicity,llm_calibrated_selector,9395,91.875,88.3625,1.875,0,heldout,llm_evolved_kernel_exploration_patch_high_beta
real_moleculenet_lipophilicity,llm_evolved_kernel_exploration_patch_high_beta,9395,91.875,88.3625,1.875,0,heldout,
real_moleculenet_lipophilicity,mixed_kernel_gp_ei,9395,91.25,90.275,2.5,0,heldout,
real_moleculenet_lipophilicity,target_acquisition_portfolio,9395,91.25,91.25,2.5,0,heldout,
real_moleculenet_lipophilicity,fixed_scale_ensemble_0p5_1_1p5_2_3_4,9396,93.75,92.2,0.0,1,heldout,
real_moleculenet_lipophilicity,gp_ucb,9396,93.75,92.2,0.0,1,heldout,
real_moleculenet_lipophilicity,llm_calibrated_selector,9396,93.75,90.2,0.0,1,heldout,llm_evolved_kernel_exploration_patch_high_beta
real_moleculenet_lipophilicity,llm_evolved_kernel_exploration_patch_high_beta,9396,93.75,90.2,0.0,1,heldout,
real_moleculenet_lipophilicity,mixed_kernel_gp_ei,9396,87.5,87.15,6.25,0,heldout,
real_moleculenet_lipophilicity,target_acquisition_portfolio,9396,88.625,87.3,5.125,0,heldout,
real_moleculenet_lipophilicity,fixed_scale_ensemble_0p5_1_1p5_2_3_4,9397,82.875,79.2625,10.875,0,heldout,
real_moleculenet_lipophilicity,gp_ucb,9397,82.875,79.0,10.875,0,heldout,
real_moleculenet_lipophilicity,llm_calibrated_selector,9397,93.5,86.8375,0.25,1,heldout,llm_evolved_kernel_exploration_patch_high_beta
real_moleculenet_lipophilicity,llm_evolved_kernel_exploration_patch_high_beta,9397,93.5,86.8375,0.25,1,heldout,
real_moleculenet_lipophilicity,mixed_kernel_gp_ei,9397,85.0,80.125,8.75,0,heldout,
real_moleculenet_lipophilicity,target_acquisition_portfolio,9397,80.25,77.25,13.5,0,heldout,
real_moleculenet_lipophilicity,fixed_scale_ensemble_0p5_1_1p5_2_3_4,9398,87.0,85.125,6.75,0,heldout,
real_moleculenet_lipophilicity,gp_ucb,9398,93.5,86.425,0.25,1,heldout,
real_moleculenet_lipophilicity,llm_calibrated_selector,9398,88.75,88.75,5.0,0,heldout,llm_evolved_kernel_exploration_patch_high_beta
real_moleculenet_lipophilicity,llm_evolved_kernel_exploration_patch_high_beta,9398,88.75,88.75,5.0,0,heldout,
real_moleculenet_lipophilicity,mixed_kernel_gp_ei,9398,88.75,87.7875,5.0,0,heldout,
real_moleculenet_lipophilicity,target_acquisition_portfolio,9398,88.75,86.1625,5.0,0,heldout,
real_moleculenet_lipophilicity,fixed_scale_ensemble_0p5_1_1p5_2_3_4,9399,90.0,86.725,3.75,0,heldout,
real_moleculenet_lipophilicity,gp_ucb,9399,90.0,86.725,3.75,0,heldout,
real_moleculenet_lipophilicity,llm_calibrated_selector,9399,89.875,89.875,3.875,0,heldout,llm_evolved_kernel_exploration_patch_high_beta
real_moleculenet_lipophilicity,llm_evolved_kernel_exploration_patch_high_beta,9399,89.875,89.875,3.875,0,heldout,
real_moleculenet_lipophilicity,mixed_kernel_gp_ei,9399,90.0,82.9,3.75,0,heldout,
real_moleculenet_lipophilicity,target_acquisition_portfolio,9399,81.125,81.125,12.625,0,heldout,
