dataset,mode,seed,final_best,best_so_far_auc,simple_regret,top10_hit,split,selected_source_mode
real_moleculenet_lipophilicity,fixed_scale_ensemble_0p5_1_1p5_2_3_4,7000,83.125,83.125,10.625,0,calibration,
real_moleculenet_lipophilicity,gp_ucb,7000,83.125,83.125,10.625,0,calibration,
real_moleculenet_lipophilicity,llm_evolved_kernel_explore_then_settle,7000,87.125,83.425,6.625,0,calibration,
real_moleculenet_lipophilicity,mixed_kernel_gp_ei,7000,83.125,83.125,10.625,0,calibration,
real_moleculenet_lipophilicity,target_acquisition_portfolio,7000,83.125,83.125,10.625,0,calibration,
real_moleculenet_lipophilicity,fixed_scale_ensemble_0p5_1_1p5_2_3_4,7001,90.0,83.925,3.75,0,calibration,
real_moleculenet_lipophilicity,gp_ucb,7001,90.0,85.0375,3.75,0,calibration,
real_moleculenet_lipophilicity,llm_evolved_kernel_explore_then_settle,7001,88.75,83.3375,5.0,0,calibration,
real_moleculenet_lipophilicity,mixed_kernel_gp_ei,7001,86.75,82.2875,7.0,0,calibration,
real_moleculenet_lipophilicity,target_acquisition_portfolio,7001,80.75,74.4125,13.0,0,calibration,
real_moleculenet_lipophilicity,fixed_scale_ensemble_0p5_1_1p5_2_3_4,7002,85.0,85.0,8.75,0,calibration,
real_moleculenet_lipophilicity,gp_ucb,7002,85.0,85.0,8.75,0,calibration,
real_moleculenet_lipophilicity,llm_evolved_kernel_explore_then_settle,7002,89.75,86.475,4.0,0,calibration,
real_moleculenet_lipophilicity,mixed_kernel_gp_ei,7002,87.5,85.75,6.25,0,calibration,
real_moleculenet_lipophilicity,target_acquisition_portfolio,7002,85.875,85.0875,7.875,0,calibration,
real_moleculenet_lipophilicity,fixed_scale_ensemble_0p5_1_1p5_2_3_4,7003,93.25,93.25,0.5,0,calibration,
real_moleculenet_lipophilicity,gp_ucb,7003,93.25,93.25,0.5,0,calibration,
real_moleculenet_lipophilicity,llm_evolved_kernel_explore_then_settle,7003,93.25,93.25,0.5,0,calibration,
real_moleculenet_lipophilicity,mixed_kernel_gp_ei,7003,93.25,93.25,0.5,0,calibration,
real_moleculenet_lipophilicity,target_acquisition_portfolio,7003,93.25,93.25,0.5,0,calibration,
real_moleculenet_lipophilicity,fixed_scale_ensemble_0p5_1_1p5_2_3_4,7004,87.25,87.25,6.5,0,calibration,
real_moleculenet_lipophilicity,gp_ucb,7004,87.25,87.25,6.5,0,calibration,
real_moleculenet_lipophilicity,llm_evolved_kernel_explore_then_settle,7004,93.75,85.8,0.0,1,calibration,
real_moleculenet_lipophilicity,mixed_kernel_gp_ei,7004,81.75,81.75,12.0,0,calibration,
real_moleculenet_lipophilicity,target_acquisition_portfolio,7004,87.25,87.25,6.5,0,calibration,
real_moleculenet_lipophilicity,fixed_scale_ensemble_0p5_1_1p5_2_3_4,7005,83.875,83.875,9.875,0,calibration,
real_moleculenet_lipophilicity,gp_ucb,7005,87.5,86.4125,6.25,0,calibration,
real_moleculenet_lipophilicity,llm_evolved_kernel_explore_then_settle,7005,93.75,93.75,0.0,1,calibration,
real_moleculenet_lipophilicity,mixed_kernel_gp_ei,7005,85.25,85.25,8.5,0,calibration,
real_moleculenet_lipophilicity,target_acquisition_portfolio,7005,85.25,85.25,8.5,0,calibration,
real_moleculenet_lipophilicity,fixed_scale_ensemble_0p5_1_1p5_2_3_4,7006,88.625,86.6125,5.125,0,calibration,
real_moleculenet_lipophilicity,gp_ucb,7006,87.5,86.5,6.25,0,calibration,
real_moleculenet_lipophilicity,llm_evolved_kernel_explore_then_settle,7006,87.5,87.0,6.25,0,calibration,
real_moleculenet_lipophilicity,mixed_kernel_gp_ei,7006,90.375,87.575,3.375,0,calibration,
real_moleculenet_lipophilicity,target_acquisition_portfolio,7006,87.5,87.0,6.25,0,calibration,
real_moleculenet_lipophilicity,fixed_scale_ensemble_0p5_1_1p5_2_3_4,7007,88.125,86.9375,5.625,0,calibration,
real_moleculenet_lipophilicity,gp_ucb,7007,87.5,86.0,6.25,0,calibration,
real_moleculenet_lipophilicity,llm_evolved_kernel_explore_then_settle,7007,83.125,81.875,10.625,0,calibration,
real_moleculenet_lipophilicity,mixed_kernel_gp_ei,7007,87.5,86.0,6.25,0,calibration,
real_moleculenet_lipophilicity,target_acquisition_portfolio,7007,87.5,86.75,6.25,0,calibration,
real_moleculenet_lipophilicity,fixed_scale_ensemble_0p5_1_1p5_2_3_4,7008,87.5,86.9125,6.25,0,calibration,
real_moleculenet_lipophilicity,gp_ucb,7008,91.25,83.6875,2.5,0,calibration,
real_moleculenet_lipophilicity,llm_evolved_kernel_explore_then_settle,7008,86.25,82.0875,7.5,0,calibration,
real_moleculenet_lipophilicity,mixed_kernel_gp_ei,7008,91.375,90.4,2.375,0,calibration,
real_moleculenet_lipophilicity,target_acquisition_portfolio,7008,87.5,86.9125,6.25,0,calibration,
real_moleculenet_lipophilicity,fixed_scale_ensemble_0p5_1_1p5_2_3_4,7009,90.0,85.225,3.75,0,calibration,
real_moleculenet_lipophilicity,gp_ucb,7009,85.875,84.3125,7.875,0,calibration,
real_moleculenet_lipophilicity,llm_evolved_kernel_explore_then_settle,7009,86.125,77.6125,7.625,0,calibration,
real_moleculenet_lipophilicity,mixed_kernel_gp_ei,7009,90.0,84.35,3.75,0,calibration,
real_moleculenet_lipophilicity,target_acquisition_portfolio,7009,85.875,84.3125,7.875,0,calibration,
real_moleculenet_lipophilicity,fixed_scale_ensemble_0p5_1_1p5_2_3_4,7010,88.625,88.2625,5.125,0,calibration,
real_moleculenet_lipophilicity,gp_ucb,7010,88.625,88.2625,5.125,0,calibration,
real_moleculenet_lipophilicity,llm_evolved_kernel_explore_then_settle,7010,87.0,86.6,6.75,0,calibration,
real_moleculenet_lipophilicity,mixed_kernel_gp_ei,7010,88.625,88.2625,5.125,0,calibration,
real_moleculenet_lipophilicity,target_acquisition_portfolio,7010,88.625,88.2625,5.125,0,calibration,
real_moleculenet_lipophilicity,fixed_scale_ensemble_0p5_1_1p5_2_3_4,7011,88.875,85.3375,4.875,0,calibration,
real_moleculenet_lipophilicity,gp_ucb,7011,84.375,84.375,9.375,0,calibration,
real_moleculenet_lipophilicity,llm_evolved_kernel_explore_then_settle,7011,84.375,84.375,9.375,0,calibration,
real_moleculenet_lipophilicity,mixed_kernel_gp_ei,7011,88.875,84.8875,4.875,0,calibration,
real_moleculenet_lipophilicity,target_acquisition_portfolio,7011,88.875,84.8875,4.875,0,calibration,
real_moleculenet_lipophilicity,fixed_scale_ensemble_0p5_1_1p5_2_3_4,7012,88.625,85.8,5.125,0,calibration,
real_moleculenet_lipophilicity,gp_ucb,7012,88.625,85.8,5.125,0,calibration,
real_moleculenet_lipophilicity,llm_evolved_kernel_explore_then_settle,7012,91.875,88.7625,1.875,0,calibration,
real_moleculenet_lipophilicity,mixed_kernel_gp_ei,7012,88.625,85.8,5.125,0,calibration,
real_moleculenet_lipophilicity,target_acquisition_portfolio,7012,93.75,90.075,0.0,1,calibration,
real_moleculenet_lipophilicity,fixed_scale_ensemble_0p5_1_1p5_2_3_4,7013,85.0,74.675,8.75,0,calibration,
real_moleculenet_lipophilicity,gp_ucb,7013,82.5,76.425,11.25,0,calibration,
real_moleculenet_lipophilicity,llm_evolved_kernel_explore_then_settle,7013,80.75,77.85,13.0,0,calibration,
real_moleculenet_lipophilicity,mixed_kernel_gp_ei,7013,93.75,79.475,0.0,1,calibration,
real_moleculenet_lipophilicity,target_acquisition_portfolio,7013,82.5,74.9875,11.25,0,calibration,
real_moleculenet_lipophilicity,fixed_scale_ensemble_0p5_1_1p5_2_3_4,7014,84.875,84.875,8.875,0,calibration,
real_moleculenet_lipophilicity,gp_ucb,7014,84.875,84.875,8.875,0,calibration,
real_moleculenet_lipophilicity,llm_evolved_kernel_explore_then_settle,7014,84.875,84.875,8.875,0,calibration,
real_moleculenet_lipophilicity,mixed_kernel_gp_ei,7014,84.875,84.875,8.875,0,calibration,
real_moleculenet_lipophilicity,target_acquisition_portfolio,7014,84.875,84.875,8.875,0,calibration,
real_moleculenet_lipophilicity,fixed_scale_ensemble_0p5_1_1p5_2_3_4,7015,80.0,80.0,13.75,0,calibration,
real_moleculenet_lipophilicity,gp_ucb,7015,80.0,80.0,13.75,0,calibration,
real_moleculenet_lipophilicity,llm_evolved_kernel_explore_then_settle,7015,90.0,88.95,3.75,0,calibration,
real_moleculenet_lipophilicity,mixed_kernel_gp_ei,7015,82.875,80.575,10.875,0,calibration,
real_moleculenet_lipophilicity,target_acquisition_portfolio,7015,80.0,80.0,13.75,0,calibration,
real_moleculenet_lipophilicity,fixed_scale_ensemble_0p5_1_1p5_2_3_4,7016,93.5,93.5,0.25,1,calibration,
real_moleculenet_lipophilicity,gp_ucb,7016,93.5,93.5,0.25,1,calibration,
real_moleculenet_lipophilicity,llm_evolved_kernel_explore_then_settle,7016,93.5,93.5,0.25,1,calibration,
real_moleculenet_lipophilicity,mixed_kernel_gp_ei,7016,93.5,93.5,0.25,1,calibration,
real_moleculenet_lipophilicity,target_acquisition_portfolio,7016,93.5,93.5,0.25,1,calibration,
real_moleculenet_lipophilicity,fixed_scale_ensemble_0p5_1_1p5_2_3_4,7017,86.25,86.25,7.5,0,calibration,
real_moleculenet_lipophilicity,gp_ucb,7017,86.25,86.25,7.5,0,calibration,
real_moleculenet_lipophilicity,llm_evolved_kernel_explore_then_settle,7017,93.75,91.5,0.0,1,calibration,
real_moleculenet_lipophilicity,mixed_kernel_gp_ei,7017,86.25,86.25,7.5,0,calibration,
real_moleculenet_lipophilicity,target_acquisition_portfolio,7017,91.25,88.75,2.5,0,calibration,
real_moleculenet_lipophilicity,fixed_scale_ensemble_0p5_1_1p5_2_3_4,7018,83.75,83.75,10.0,0,calibration,
real_moleculenet_lipophilicity,gp_ucb,7018,83.75,83.75,10.0,0,calibration,
real_moleculenet_lipophilicity,llm_evolved_kernel_explore_then_settle,7018,83.75,83.75,10.0,0,calibration,
real_moleculenet_lipophilicity,mixed_kernel_gp_ei,7018,88.75,85.0,5.0,0,calibration,
real_moleculenet_lipophilicity,target_acquisition_portfolio,7018,83.75,83.75,10.0,0,calibration,
real_moleculenet_lipophilicity,fixed_scale_ensemble_0p5_1_1p5_2_3_4,7019,88.125,88.125,5.625,0,calibration,
real_moleculenet_lipophilicity,gp_ucb,7019,88.125,88.125,5.625,0,calibration,
real_moleculenet_lipophilicity,llm_evolved_kernel_explore_then_settle,7019,88.125,88.125,5.625,0,calibration,
real_moleculenet_lipophilicity,mixed_kernel_gp_ei,7019,88.125,88.125,5.625,0,calibration,
real_moleculenet_lipophilicity,target_acquisition_portfolio,7019,88.125,88.125,5.625,0,calibration,
real_moleculenet_lipophilicity,fixed_scale_ensemble_0p5_1_1p5_2_3_4,7020,86.25,86.25,7.5,0,calibration,
real_moleculenet_lipophilicity,gp_ucb,7020,86.25,86.25,7.5,0,calibration,
real_moleculenet_lipophilicity,llm_evolved_kernel_explore_then_settle,7020,87.125,86.775,6.625,0,calibration,
real_moleculenet_lipophilicity,mixed_kernel_gp_ei,7020,87.125,86.425,6.625,0,calibration,
real_moleculenet_lipophilicity,target_acquisition_portfolio,7020,87.125,86.425,6.625,0,calibration,
real_moleculenet_lipophilicity,fixed_scale_ensemble_0p5_1_1p5_2_3_4,7021,91.0,91.0,2.75,0,calibration,
real_moleculenet_lipophilicity,gp_ucb,7021,91.0,91.0,2.75,0,calibration,
real_moleculenet_lipophilicity,llm_evolved_kernel_explore_then_settle,7021,91.0,91.0,2.75,0,calibration,
real_moleculenet_lipophilicity,mixed_kernel_gp_ei,7021,92.875,91.1875,0.875,0,calibration,
real_moleculenet_lipophilicity,target_acquisition_portfolio,7021,91.0,91.0,2.75,0,calibration,
real_moleculenet_lipophilicity,fixed_scale_ensemble_0p5_1_1p5_2_3_4,7022,93.75,89.1875,0.0,1,calibration,
real_moleculenet_lipophilicity,gp_ucb,7022,93.75,89.1875,0.0,1,calibration,
real_moleculenet_lipophilicity,llm_evolved_kernel_explore_then_settle,7022,91.25,91.25,2.5,0,calibration,
real_moleculenet_lipophilicity,mixed_kernel_gp_ei,7022,91.875,87.875,1.875,0,calibration,
real_moleculenet_lipophilicity,target_acquisition_portfolio,7022,90.0,88.0625,3.75,0,calibration,
real_moleculenet_lipophilicity,fixed_scale_ensemble_0p5_1_1p5_2_3_4,7023,88.625,85.3125,5.125,0,calibration,
real_moleculenet_lipophilicity,gp_ucb,7023,88.625,85.3125,5.125,0,calibration,
real_moleculenet_lipophilicity,llm_evolved_kernel_explore_then_settle,7023,93.75,86.8,0.0,1,calibration,
real_moleculenet_lipophilicity,mixed_kernel_gp_ei,7023,88.625,85.3375,5.125,0,calibration,
real_moleculenet_lipophilicity,target_acquisition_portfolio,7023,88.625,85.3375,5.125,0,calibration,
real_moleculenet_lipophilicity,fixed_scale_ensemble_0p5_1_1p5_2_3_4,7024,85.375,79.525,8.375,0,calibration,
real_moleculenet_lipophilicity,gp_ucb,7024,91.375,82.575,2.375,0,calibration,
real_moleculenet_lipophilicity,llm_evolved_kernel_explore_then_settle,7024,89.875,87.375,3.875,0,calibration,
real_moleculenet_lipophilicity,mixed_kernel_gp_ei,7024,91.375,82.575,2.375,0,calibration,
real_moleculenet_lipophilicity,target_acquisition_portfolio,7024,84.0,80.925,9.75,0,calibration,
real_moleculenet_lipophilicity,fixed_scale_ensemble_0p5_1_1p5_2_3_4,7025,85.625,79.9375,8.125,0,calibration,
real_moleculenet_lipophilicity,gp_ucb,7025,88.75,82.0,5.0,0,calibration,
real_moleculenet_lipophilicity,llm_evolved_kernel_explore_then_settle,7025,87.5,84.0,6.25,0,calibration,
real_moleculenet_lipophilicity,mixed_kernel_gp_ei,7025,86.25,82.875,7.5,0,calibration,
real_moleculenet_lipophilicity,target_acquisition_portfolio,7025,85.625,79.9375,8.125,0,calibration,
real_moleculenet_lipophilicity,fixed_scale_ensemble_0p5_1_1p5_2_3_4,7026,91.25,87.5,2.5,0,calibration,
real_moleculenet_lipophilicity,gp_ucb,7026,93.75,85.75,0.0,1,calibration,
real_moleculenet_lipophilicity,llm_evolved_kernel_explore_then_settle,7026,83.75,83.75,10.0,0,calibration,
real_moleculenet_lipophilicity,mixed_kernel_gp_ei,7026,93.75,85.75,0.0,1,calibration,
real_moleculenet_lipophilicity,target_acquisition_portfolio,7026,93.75,88.5,0.0,1,calibration,
real_moleculenet_lipophilicity,fixed_scale_ensemble_0p5_1_1p5_2_3_4,7027,88.125,82.175,5.625,0,calibration,
real_moleculenet_lipophilicity,gp_ucb,7027,86.5,82.0375,7.25,0,calibration,
real_moleculenet_lipophilicity,llm_evolved_kernel_explore_then_settle,7027,82.5,80.6,11.25,0,calibration,
real_moleculenet_lipophilicity,mixed_kernel_gp_ei,7027,80.125,79.775,13.625,0,calibration,
real_moleculenet_lipophilicity,target_acquisition_portfolio,7027,80.125,79.775,13.625,0,calibration,
real_moleculenet_lipophilicity,fixed_scale_ensemble_0p5_1_1p5_2_3_4,7028,84.625,83.925,9.125,0,calibration,
real_moleculenet_lipophilicity,gp_ucb,7028,83.75,83.75,10.0,0,calibration,
real_moleculenet_lipophilicity,llm_evolved_kernel_explore_then_settle,7028,81.75,81.75,12.0,0,calibration,
real_moleculenet_lipophilicity,mixed_kernel_gp_ei,7028,84.625,83.925,9.125,0,calibration,
real_moleculenet_lipophilicity,target_acquisition_portfolio,7028,83.75,83.75,10.0,0,calibration,
real_moleculenet_lipophilicity,fixed_scale_ensemble_0p5_1_1p5_2_3_4,7029,82.5,80.9625,11.25,0,calibration,
real_moleculenet_lipophilicity,gp_ucb,7029,88.75,88.4625,5.0,0,calibration,
real_moleculenet_lipophilicity,llm_evolved_kernel_explore_then_settle,7029,86.125,86.125,7.625,0,calibration,
real_moleculenet_lipophilicity,mixed_kernel_gp_ei,7029,88.75,88.4625,5.0,0,calibration,
real_moleculenet_lipophilicity,target_acquisition_portfolio,7029,88.75,88.4625,5.0,0,calibration,
real_moleculenet_lipophilicity,fixed_scale_ensemble_0p5_1_1p5_2_3_4,7030,93.75,92.9375,0.0,1,calibration,
real_moleculenet_lipophilicity,gp_ucb,7030,93.75,92.9375,0.0,1,calibration,
real_moleculenet_lipophilicity,llm_evolved_kernel_explore_then_settle,7030,93.75,91.7,0.0,1,calibration,
real_moleculenet_lipophilicity,mixed_kernel_gp_ei,7030,93.75,92.9375,0.0,1,calibration,
real_moleculenet_lipophilicity,target_acquisition_portfolio,7030,93.75,92.9375,0.0,1,calibration,
real_moleculenet_lipophilicity,fixed_scale_ensemble_0p5_1_1p5_2_3_4,7031,87.5,87.5,6.25,0,calibration,
real_moleculenet_lipophilicity,gp_ucb,7031,87.5,87.5,6.25,0,calibration,
real_moleculenet_lipophilicity,llm_evolved_kernel_explore_then_settle,7031,87.5,87.5,6.25,0,calibration,
real_moleculenet_lipophilicity,mixed_kernel_gp_ei,7031,87.5,87.5,6.25,0,calibration,
real_moleculenet_lipophilicity,target_acquisition_portfolio,7031,87.5,87.5,6.25,0,calibration,
real_moleculenet_lipophilicity,fixed_scale_ensemble_0p5_1_1p5_2_3_4,7032,93.75,91.85,0.0,1,calibration,
real_moleculenet_lipophilicity,gp_ucb,7032,81.25,81.25,12.5,0,calibration,
real_moleculenet_lipophilicity,llm_evolved_kernel_explore_then_settle,7032,80.125,78.55,13.625,0,calibration,
real_moleculenet_lipophilicity,mixed_kernel_gp_ei,7032,81.25,81.25,12.5,0,calibration,
real_moleculenet_lipophilicity,target_acquisition_portfolio,7032,81.25,81.25,12.5,0,calibration,
real_moleculenet_lipophilicity,fixed_scale_ensemble_0p5_1_1p5_2_3_4,7033,91.25,80.675,2.5,0,calibration,
real_moleculenet_lipophilicity,gp_ucb,7033,85.0,78.7875,8.75,0,calibration,
real_moleculenet_lipophilicity,llm_evolved_kernel_explore_then_settle,7033,88.75,79.3625,5.0,0,calibration,
real_moleculenet_lipophilicity,mixed_kernel_gp_ei,7033,85.0,78.7875,8.75,0,calibration,
real_moleculenet_lipophilicity,target_acquisition_portfolio,7033,85.0,78.7875,8.75,0,calibration,
real_moleculenet_lipophilicity,fixed_scale_ensemble_0p5_1_1p5_2_3_4,7034,91.25,88.475,2.5,0,calibration,
real_moleculenet_lipophilicity,gp_ucb,7034,91.25,88.475,2.5,0,calibration,
real_moleculenet_lipophilicity,llm_evolved_kernel_explore_then_settle,7034,84.75,84.25,9.0,0,calibration,
real_moleculenet_lipophilicity,mixed_kernel_gp_ei,7034,91.25,88.475,2.5,0,calibration,
real_moleculenet_lipophilicity,target_acquisition_portfolio,7034,91.25,88.475,2.5,0,calibration,
real_moleculenet_lipophilicity,fixed_scale_ensemble_0p5_1_1p5_2_3_4,7035,90.0,90.0,3.75,0,calibration,
real_moleculenet_lipophilicity,gp_ucb,7035,90.0,90.0,3.75,0,calibration,
real_moleculenet_lipophilicity,llm_evolved_kernel_explore_then_settle,7035,85.0,84.75,8.75,0,calibration,
real_moleculenet_lipophilicity,mixed_kernel_gp_ei,7035,90.0,90.0,3.75,0,calibration,
real_moleculenet_lipophilicity,target_acquisition_portfolio,7035,90.0,90.0,3.75,0,calibration,
real_moleculenet_lipophilicity,fixed_scale_ensemble_0p5_1_1p5_2_3_4,7036,93.75,88.1625,0.0,1,calibration,
real_moleculenet_lipophilicity,gp_ucb,7036,93.75,81.8,0.0,1,calibration,
real_moleculenet_lipophilicity,llm_evolved_kernel_explore_then_settle,7036,90.0,88.7625,3.75,0,calibration,
real_moleculenet_lipophilicity,mixed_kernel_gp_ei,7036,84.875,79.075,8.875,0,calibration,
real_moleculenet_lipophilicity,target_acquisition_portfolio,7036,82.5,81.1375,11.25,0,calibration,
real_moleculenet_lipophilicity,fixed_scale_ensemble_0p5_1_1p5_2_3_4,7037,90.0,78.3125,3.75,0,calibration,
real_moleculenet_lipophilicity,gp_ucb,7037,90.0,77.6875,3.75,0,calibration,
real_moleculenet_lipophilicity,llm_evolved_kernel_explore_then_settle,7037,83.75,78.55,10.0,0,calibration,
real_moleculenet_lipophilicity,mixed_kernel_gp_ei,7037,93.75,82.325,0.0,1,calibration,
real_moleculenet_lipophilicity,target_acquisition_portfolio,7037,83.5,77.6375,10.25,0,calibration,
real_moleculenet_lipophilicity,fixed_scale_ensemble_0p5_1_1p5_2_3_4,7038,89.625,88.3375,4.125,0,calibration,
real_moleculenet_lipophilicity,gp_ucb,7038,89.625,87.975,4.125,0,calibration,
real_moleculenet_lipophilicity,llm_evolved_kernel_explore_then_settle,7038,88.25,88.25,5.5,0,calibration,
real_moleculenet_lipophilicity,mixed_kernel_gp_ei,7038,89.625,87.975,4.125,0,calibration,
real_moleculenet_lipophilicity,target_acquisition_portfolio,7038,89.625,88.3375,4.125,0,calibration,
real_moleculenet_lipophilicity,fixed_scale_ensemble_0p5_1_1p5_2_3_4,7039,86.125,83.0625,7.625,0,calibration,
real_moleculenet_lipophilicity,gp_ucb,7039,86.375,83.1875,7.375,0,calibration,
real_moleculenet_lipophilicity,llm_evolved_kernel_explore_then_settle,7039,90.0,90.0,3.75,0,calibration,
real_moleculenet_lipophilicity,mixed_kernel_gp_ei,7039,80.0,80.0,13.75,0,calibration,
real_moleculenet_lipophilicity,target_acquisition_portfolio,7039,80.0,80.0,13.75,0,calibration,
real_moleculenet_lipophilicity,fixed_scale_ensemble_0p5_1_1p5_2_3_4,7040,91.25,88.25,2.5,0,calibration,
real_moleculenet_lipophilicity,gp_ucb,7040,90.0,88.25,3.75,0,calibration,
real_moleculenet_lipophilicity,llm_evolved_kernel_explore_then_settle,7040,82.5,82.125,11.25,0,calibration,
real_moleculenet_lipophilicity,mixed_kernel_gp_ei,7040,91.25,87.25,2.5,0,calibration,
real_moleculenet_lipophilicity,target_acquisition_portfolio,7040,91.25,88.25,2.5,0,calibration,
real_moleculenet_lipophilicity,fixed_scale_ensemble_0p5_1_1p5_2_3_4,7041,90.0,88.525,3.75,0,calibration,
real_moleculenet_lipophilicity,gp_ucb,7041,91.25,89.025,2.5,0,calibration,
real_moleculenet_lipophilicity,llm_evolved_kernel_explore_then_settle,7041,90.0,88.0625,3.75,0,calibration,
real_moleculenet_lipophilicity,mixed_kernel_gp_ei,7041,91.25,88.65,2.5,0,calibration,
real_moleculenet_lipophilicity,target_acquisition_portfolio,7041,91.25,88.775,2.5,0,calibration,
real_moleculenet_lipophilicity,fixed_scale_ensemble_0p5_1_1p5_2_3_4,7042,93.75,89.025,0.0,1,calibration,
real_moleculenet_lipophilicity,gp_ucb,7042,93.75,88.35,0.0,1,calibration,
real_moleculenet_lipophilicity,llm_evolved_kernel_explore_then_settle,7042,90.0,88.05,3.75,0,calibration,
real_moleculenet_lipophilicity,mixed_kernel_gp_ei,7042,93.75,89.025,0.0,1,calibration,
real_moleculenet_lipophilicity,target_acquisition_portfolio,7042,93.75,88.35,0.0,1,calibration,
real_moleculenet_lipophilicity,fixed_scale_ensemble_0p5_1_1p5_2_3_4,7043,88.625,86.9625,5.125,0,calibration,
real_moleculenet_lipophilicity,gp_ucb,7043,89.125,84.85,4.625,0,calibration,
real_moleculenet_lipophilicity,llm_evolved_kernel_explore_then_settle,7043,87.5,83.85,6.25,0,calibration,
real_moleculenet_lipophilicity,mixed_kernel_gp_ei,7043,85.25,85.25,8.5,0,calibration,
real_moleculenet_lipophilicity,target_acquisition_portfolio,7043,88.625,86.7625,5.125,0,calibration,
real_moleculenet_lipophilicity,fixed_scale_ensemble_0p5_1_1p5_2_3_4,7044,85.0,83.6125,8.75,0,calibration,
real_moleculenet_lipophilicity,gp_ucb,7044,91.25,82.4,2.5,0,calibration,
real_moleculenet_lipophilicity,llm_evolved_kernel_explore_then_settle,7044,82.875,81.75,10.875,0,calibration,
real_moleculenet_lipophilicity,mixed_kernel_gp_ei,7044,91.25,82.4,2.5,0,calibration,
real_moleculenet_lipophilicity,target_acquisition_portfolio,7044,86.25,86.25,7.5,0,calibration,
real_moleculenet_lipophilicity,fixed_scale_ensemble_0p5_1_1p5_2_3_4,7045,91.0,89.8,2.75,0,calibration,
real_moleculenet_lipophilicity,gp_ucb,7045,91.0,89.8,2.75,0,calibration,
real_moleculenet_lipophilicity,llm_evolved_kernel_explore_then_settle,7045,93.5,93.5,0.25,1,calibration,
real_moleculenet_lipophilicity,mixed_kernel_gp_ei,7045,91.0,89.8,2.75,0,calibration,
real_moleculenet_lipophilicity,target_acquisition_portfolio,7045,91.0,89.8,2.75,0,calibration,
real_moleculenet_lipophilicity,fixed_scale_ensemble_0p5_1_1p5_2_3_4,7046,87.0,82.9375,6.75,0,calibration,
real_moleculenet_lipophilicity,gp_ucb,7046,78.875,78.875,14.875,0,calibration,
real_moleculenet_lipophilicity,llm_evolved_kernel_explore_then_settle,7046,78.875,78.875,14.875,0,calibration,
real_moleculenet_lipophilicity,mixed_kernel_gp_ei,7046,87.0,81.3125,6.75,0,calibration,
real_moleculenet_lipophilicity,target_acquisition_portfolio,7046,78.875,78.875,14.875,0,calibration,
real_moleculenet_lipophilicity,fixed_scale_ensemble_0p5_1_1p5_2_3_4,7047,80.625,78.0875,13.125,0,calibration,
real_moleculenet_lipophilicity,gp_ucb,7047,80.625,78.0875,13.125,0,calibration,
real_moleculenet_lipophilicity,llm_evolved_kernel_explore_then_settle,7047,93.75,84.0625,0.0,1,calibration,
real_moleculenet_lipophilicity,mixed_kernel_gp_ei,7047,80.625,77.725,13.125,0,calibration,
real_moleculenet_lipophilicity,target_acquisition_portfolio,7047,80.625,77.725,13.125,0,calibration,
real_moleculenet_lipophilicity,fixed_scale_ensemble_0p5_1_1p5_2_3_4,7048,93.75,92.7125,0.0,1,calibration,
real_moleculenet_lipophilicity,gp_ucb,7048,93.75,92.4375,0.0,1,calibration,
real_moleculenet_lipophilicity,llm_evolved_kernel_explore_then_settle,7048,92.125,91.45,1.625,0,calibration,
real_moleculenet_lipophilicity,mixed_kernel_gp_ei,7048,92.375,92.0875,1.375,0,calibration,
real_moleculenet_lipophilicity,target_acquisition_portfolio,7048,93.75,92.7125,0.0,1,calibration,
real_moleculenet_lipophilicity,fixed_scale_ensemble_0p5_1_1p5_2_3_4,7049,86.75,81.15,7.0,0,calibration,
real_moleculenet_lipophilicity,gp_ucb,7049,79.75,79.75,14.0,0,calibration,
real_moleculenet_lipophilicity,llm_evolved_kernel_explore_then_settle,7049,87.5,83.65,6.25,0,calibration,
real_moleculenet_lipophilicity,mixed_kernel_gp_ei,7049,87.5,83.9,6.25,0,calibration,
real_moleculenet_lipophilicity,target_acquisition_portfolio,7049,86.25,83.0,7.5,0,calibration,
real_moleculenet_lipophilicity,fixed_scale_ensemble_0p5_1_1p5_2_3_4,7100,82.375,82.375,11.375,0,heldout,
real_moleculenet_lipophilicity,gp_ucb,7100,82.5,82.3875,11.25,0,heldout,
real_moleculenet_lipophilicity,llm_calibrated_selector,7100,82.375,82.375,11.375,0,heldout,llm_evolved_kernel_explore_then_settle
real_moleculenet_lipophilicity,llm_evolved_kernel_explore_then_settle,7100,82.375,82.375,11.375,0,heldout,
real_moleculenet_lipophilicity,mixed_kernel_gp_ei,7100,93.75,88.0625,0.0,1,heldout,
real_moleculenet_lipophilicity,target_acquisition_portfolio,7100,82.5,82.425,11.25,0,heldout,
real_moleculenet_lipophilicity,fixed_scale_ensemble_0p5_1_1p5_2_3_4,7101,85.875,84.525,7.875,0,heldout,
real_moleculenet_lipophilicity,gp_ucb,7101,85.875,84.525,7.875,0,heldout,
real_moleculenet_lipophilicity,llm_calibrated_selector,7101,93.75,90.75,0.0,1,heldout,llm_evolved_kernel_explore_then_settle
real_moleculenet_lipophilicity,llm_evolved_kernel_explore_then_settle,7101,93.75,90.75,0.0,1,heldout,
real_moleculenet_lipophilicity,mixed_kernel_gp_ei,7101,93.75,85.35,0.0,1,heldout,
real_moleculenet_lipophilicity,target_acquisition_portfolio,7101,85.875,84.525,7.875,0,heldout,
real_moleculenet_lipophilicity,fixed_scale_ensemble_0p5_1_1p5_2_3_4,7102,88.625,83.925,5.125,0,heldout,
real_moleculenet_lipophilicity,gp_ucb,7102,88.75,86.6375,5.0,0,heldout,
real_moleculenet_lipophilicity,llm_calibrated_selector,7102,88.625,87.5125,5.125,0,heldout,llm_evolved_kernel_explore_then_settle
real_moleculenet_lipophilicity,llm_evolved_kernel_explore_then_settle,7102,88.625,87.5125,5.125,0,heldout,
real_moleculenet_lipophilicity,mixed_kernel_gp_ei,7102,87.5,85.0,6.25,0,heldout,
real_moleculenet_lipophilicity,target_acquisition_portfolio,7102,93.75,85.1875,0.0,1,heldout,
real_moleculenet_lipophilicity,fixed_scale_ensemble_0p5_1_1p5_2_3_4,7103,91.875,91.875,1.875,0,heldout,
real_moleculenet_lipophilicity,gp_ucb,7103,91.875,91.875,1.875,0,heldout,
real_moleculenet_lipophilicity,llm_calibrated_selector,7103,91.875,91.875,1.875,0,heldout,llm_evolved_kernel_explore_then_settle
real_moleculenet_lipophilicity,llm_evolved_kernel_explore_then_settle,7103,91.875,91.875,1.875,0,heldout,
real_moleculenet_lipophilicity,mixed_kernel_gp_ei,7103,91.875,91.875,1.875,0,heldout,
real_moleculenet_lipophilicity,target_acquisition_portfolio,7103,91.875,91.875,1.875,0,heldout,
real_moleculenet_lipophilicity,fixed_scale_ensemble_0p5_1_1p5_2_3_4,7104,87.375,84.4625,6.375,0,heldout,
real_moleculenet_lipophilicity,gp_ucb,7104,87.125,85.475,6.625,0,heldout,
real_moleculenet_lipophilicity,llm_calibrated_selector,7104,82.25,81.9,11.5,0,heldout,llm_evolved_kernel_explore_then_settle
real_moleculenet_lipophilicity,llm_evolved_kernel_explore_then_settle,7104,82.25,81.9,11.5,0,heldout,
real_moleculenet_lipophilicity,mixed_kernel_gp_ei,7104,82.5,82.5,11.25,0,heldout,
real_moleculenet_lipophilicity,target_acquisition_portfolio,7104,87.375,85.5,6.375,0,heldout,
real_moleculenet_lipophilicity,fixed_scale_ensemble_0p5_1_1p5_2_3_4,7105,84.625,84.5625,9.125,0,heldout,
real_moleculenet_lipophilicity,gp_ucb,7105,84.625,84.5625,9.125,0,heldout,
real_moleculenet_lipophilicity,llm_calibrated_selector,7105,85.0,84.55,8.75,0,heldout,llm_evolved_kernel_explore_then_settle
real_moleculenet_lipophilicity,llm_evolved_kernel_explore_then_settle,7105,85.0,84.55,8.75,0,heldout,
real_moleculenet_lipophilicity,mixed_kernel_gp_ei,7105,85.0,84.95,8.75,0,heldout,
real_moleculenet_lipophilicity,target_acquisition_portfolio,7105,84.625,84.5625,9.125,0,heldout,
real_moleculenet_lipophilicity,fixed_scale_ensemble_0p5_1_1p5_2_3_4,7106,93.75,93.75,0.0,1,heldout,
real_moleculenet_lipophilicity,gp_ucb,7106,93.75,93.75,0.0,1,heldout,
real_moleculenet_lipophilicity,llm_calibrated_selector,7106,93.75,93.75,0.0,1,heldout,llm_evolved_kernel_explore_then_settle
real_moleculenet_lipophilicity,llm_evolved_kernel_explore_then_settle,7106,93.75,93.75,0.0,1,heldout,
real_moleculenet_lipophilicity,mixed_kernel_gp_ei,7106,93.75,93.75,0.0,1,heldout,
real_moleculenet_lipophilicity,target_acquisition_portfolio,7106,93.75,93.75,0.0,1,heldout,
real_moleculenet_lipophilicity,fixed_scale_ensemble_0p5_1_1p5_2_3_4,7107,91.875,90.35,1.875,0,heldout,
real_moleculenet_lipophilicity,gp_ucb,7107,91.875,90.35,1.875,0,heldout,
real_moleculenet_lipophilicity,llm_calibrated_selector,7107,93.75,91.8,0.0,1,heldout,llm_evolved_kernel_explore_then_settle
real_moleculenet_lipophilicity,llm_evolved_kernel_explore_then_settle,7107,93.75,91.8,0.0,1,heldout,
real_moleculenet_lipophilicity,mixed_kernel_gp_ei,7107,91.875,90.35,1.875,0,heldout,
real_moleculenet_lipophilicity,target_acquisition_portfolio,7107,91.875,90.35,1.875,0,heldout,
real_moleculenet_lipophilicity,fixed_scale_ensemble_0p5_1_1p5_2_3_4,7108,93.75,87.5625,0.0,1,heldout,
real_moleculenet_lipophilicity,gp_ucb,7108,93.75,87.5625,0.0,1,heldout,
real_moleculenet_lipophilicity,llm_calibrated_selector,7108,93.75,88.2375,0.0,1,heldout,llm_evolved_kernel_explore_then_settle
real_moleculenet_lipophilicity,llm_evolved_kernel_explore_then_settle,7108,93.75,88.2375,0.0,1,heldout,
real_moleculenet_lipophilicity,mixed_kernel_gp_ei,7108,93.75,87.5625,0.0,1,heldout,
real_moleculenet_lipophilicity,target_acquisition_portfolio,7108,93.75,87.5625,0.0,1,heldout,
real_moleculenet_lipophilicity,fixed_scale_ensemble_0p5_1_1p5_2_3_4,7109,86.25,85.75,7.5,0,heldout,
real_moleculenet_lipophilicity,gp_ucb,7109,91.0,87.175,2.75,0,heldout,
real_moleculenet_lipophilicity,llm_calibrated_selector,7109,91.0,89.8,2.75,0,heldout,llm_evolved_kernel_explore_then_settle
real_moleculenet_lipophilicity,llm_evolved_kernel_explore_then_settle,7109,91.0,89.8,2.75,0,heldout,
real_moleculenet_lipophilicity,mixed_kernel_gp_ei,7109,91.0,89.8,2.75,0,heldout,
real_moleculenet_lipophilicity,target_acquisition_portfolio,7109,91.0,89.8,2.75,0,heldout,
real_moleculenet_lipophilicity,fixed_scale_ensemble_0p5_1_1p5_2_3_4,7110,90.0,88.2625,3.75,0,heldout,
real_moleculenet_lipophilicity,gp_ucb,7110,86.25,85.5125,7.5,0,heldout,
real_moleculenet_lipophilicity,llm_calibrated_selector,7110,90.0,82.2125,3.75,0,heldout,llm_evolved_kernel_explore_then_settle
real_moleculenet_lipophilicity,llm_evolved_kernel_explore_then_settle,7110,90.0,82.2125,3.75,0,heldout,
real_moleculenet_lipophilicity,mixed_kernel_gp_ei,7110,90.0,87.3875,3.75,0,heldout,
real_moleculenet_lipophilicity,target_acquisition_portfolio,7110,86.25,85.5125,7.5,0,heldout,
real_moleculenet_lipophilicity,fixed_scale_ensemble_0p5_1_1p5_2_3_4,7111,93.625,89.175,0.125,1,heldout,
real_moleculenet_lipophilicity,gp_ucb,7111,93.625,89.175,0.125,1,heldout,
real_moleculenet_lipophilicity,llm_calibrated_selector,7111,82.5,82.5,11.25,0,heldout,llm_evolved_kernel_explore_then_settle
real_moleculenet_lipophilicity,llm_evolved_kernel_explore_then_settle,7111,82.5,82.5,11.25,0,heldout,
real_moleculenet_lipophilicity,mixed_kernel_gp_ei,7111,87.5,87.0,6.25,0,heldout,
real_moleculenet_lipophilicity,target_acquisition_portfolio,7111,82.5,82.5,11.25,0,heldout,
real_moleculenet_lipophilicity,fixed_scale_ensemble_0p5_1_1p5_2_3_4,7112,92.125,87.9375,1.625,0,heldout,
real_moleculenet_lipophilicity,gp_ucb,7112,83.75,82.75,10.0,0,heldout,
real_moleculenet_lipophilicity,llm_calibrated_selector,7112,82.5,82.5,11.25,0,heldout,llm_evolved_kernel_explore_then_settle
real_moleculenet_lipophilicity,llm_evolved_kernel_explore_then_settle,7112,82.5,82.5,11.25,0,heldout,
real_moleculenet_lipophilicity,mixed_kernel_gp_ei,7112,88.75,83.25,5.0,0,heldout,
real_moleculenet_lipophilicity,target_acquisition_portfolio,7112,83.75,82.75,10.0,0,heldout,
real_moleculenet_lipophilicity,fixed_scale_ensemble_0p5_1_1p5_2_3_4,7113,86.25,85.8,7.5,0,heldout,
real_moleculenet_lipophilicity,gp_ucb,7113,86.25,85.8,7.5,0,heldout,
real_moleculenet_lipophilicity,llm_calibrated_selector,7113,85.0,85.0,8.75,0,heldout,llm_evolved_kernel_explore_then_settle
real_moleculenet_lipophilicity,llm_evolved_kernel_explore_then_settle,7113,85.0,85.0,8.75,0,heldout,
real_moleculenet_lipophilicity,mixed_kernel_gp_ei,7113,85.0,85.0,8.75,0,heldout,
real_moleculenet_lipophilicity,target_acquisition_portfolio,7113,86.75,85.175,7.0,0,heldout,
real_moleculenet_lipophilicity,fixed_scale_ensemble_0p5_1_1p5_2_3_4,7114,87.125,83.5625,6.625,0,heldout,
real_moleculenet_lipophilicity,gp_ucb,7114,82.875,81.475,10.875,0,heldout,
real_moleculenet_lipophilicity,llm_calibrated_selector,7114,82.5,82.175,11.25,0,heldout,llm_evolved_kernel_explore_then_settle
real_moleculenet_lipophilicity,llm_evolved_kernel_explore_then_settle,7114,82.5,82.175,11.25,0,heldout,
real_moleculenet_lipophilicity,mixed_kernel_gp_ei,7114,82.875,81.475,10.875,0,heldout,
real_moleculenet_lipophilicity,target_acquisition_portfolio,7114,81.25,80.95,12.5,0,heldout,
real_moleculenet_lipophilicity,fixed_scale_ensemble_0p5_1_1p5_2_3_4,7115,90.0,84.05,3.75,0,heldout,
real_moleculenet_lipophilicity,gp_ucb,7115,90.0,81.8875,3.75,0,heldout,
real_moleculenet_lipophilicity,llm_calibrated_selector,7115,89.625,84.325,4.125,0,heldout,llm_evolved_kernel_explore_then_settle
real_moleculenet_lipophilicity,llm_evolved_kernel_explore_then_settle,7115,89.625,84.325,4.125,0,heldout,
real_moleculenet_lipophilicity,mixed_kernel_gp_ei,7115,82.5,75.8625,11.25,0,heldout,
real_moleculenet_lipophilicity,target_acquisition_portfolio,7115,82.5,75.8625,11.25,0,heldout,
real_moleculenet_lipophilicity,fixed_scale_ensemble_0p5_1_1p5_2_3_4,7116,87.625,87.4875,6.125,0,heldout,
real_moleculenet_lipophilicity,gp_ucb,7116,86.25,86.25,7.5,0,heldout,
real_moleculenet_lipophilicity,llm_calibrated_selector,7116,86.25,86.25,7.5,0,heldout,llm_evolved_kernel_explore_then_settle
real_moleculenet_lipophilicity,llm_evolved_kernel_explore_then_settle,7116,86.25,86.25,7.5,0,heldout,
real_moleculenet_lipophilicity,mixed_kernel_gp_ei,7116,86.25,86.25,7.5,0,heldout,
real_moleculenet_lipophilicity,target_acquisition_portfolio,7116,86.25,86.25,7.5,0,heldout,
real_moleculenet_lipophilicity,fixed_scale_ensemble_0p5_1_1p5_2_3_4,7117,80.0,80.0,13.75,0,heldout,
real_moleculenet_lipophilicity,gp_ucb,7117,80.0,80.0,13.75,0,heldout,
real_moleculenet_lipophilicity,llm_calibrated_selector,7117,83.5,81.75,10.25,0,heldout,llm_evolved_kernel_explore_then_settle
real_moleculenet_lipophilicity,llm_evolved_kernel_explore_then_settle,7117,83.5,81.75,10.25,0,heldout,
real_moleculenet_lipophilicity,mixed_kernel_gp_ei,7117,86.25,80.625,7.5,0,heldout,
real_moleculenet_lipophilicity,target_acquisition_portfolio,7117,86.25,80.625,7.5,0,heldout,
real_moleculenet_lipophilicity,fixed_scale_ensemble_0p5_1_1p5_2_3_4,7118,91.375,89.4375,2.375,0,heldout,
real_moleculenet_lipophilicity,gp_ucb,7118,89.625,88.1125,4.125,0,heldout,
real_moleculenet_lipophilicity,llm_calibrated_selector,7118,87.125,87.0,6.625,0,heldout,llm_evolved_kernel_explore_then_settle
real_moleculenet_lipophilicity,llm_evolved_kernel_explore_then_settle,7118,87.125,87.0,6.625,0,heldout,
real_moleculenet_lipophilicity,mixed_kernel_gp_ei,7118,87.125,87.075,6.625,0,heldout,
real_moleculenet_lipophilicity,target_acquisition_portfolio,7118,91.375,87.775,2.375,0,heldout,
real_moleculenet_lipophilicity,fixed_scale_ensemble_0p5_1_1p5_2_3_4,7119,85.875,83.8625,7.875,0,heldout,
real_moleculenet_lipophilicity,gp_ucb,7119,87.5,84.1875,6.25,0,heldout,
real_moleculenet_lipophilicity,llm_calibrated_selector,7119,93.75,81.9375,0.0,1,heldout,llm_evolved_kernel_explore_then_settle
real_moleculenet_lipophilicity,llm_evolved_kernel_explore_then_settle,7119,93.75,81.9375,0.0,1,heldout,
real_moleculenet_lipophilicity,mixed_kernel_gp_ei,7119,93.75,84.325,0.0,1,heldout,
real_moleculenet_lipophilicity,target_acquisition_portfolio,7119,87.5,79.625,6.25,0,heldout,
real_moleculenet_lipophilicity,fixed_scale_ensemble_0p5_1_1p5_2_3_4,7120,87.0,87.0,6.75,0,heldout,
real_moleculenet_lipophilicity,gp_ucb,7120,87.5,87.1,6.25,0,heldout,
real_moleculenet_lipophilicity,llm_calibrated_selector,7120,93.75,87.15,0.0,1,heldout,llm_evolved_kernel_explore_then_settle
real_moleculenet_lipophilicity,llm_evolved_kernel_explore_then_settle,7120,93.75,87.15,0.0,1,heldout,
real_moleculenet_lipophilicity,mixed_kernel_gp_ei,7120,93.75,88.35,0.0,1,heldout,
real_moleculenet_lipophilicity,target_acquisition_portfolio,7120,93.75,88.35,0.0,1,heldout,
real_moleculenet_lipophilicity,fixed_scale_ensemble_0p5_1_1p5_2_3_4,7121,86.125,79.6375,7.625,0,heldout,
real_moleculenet_lipophilicity,gp_ucb,7121,82.5,80.475,11.25,0,heldout,
real_moleculenet_lipophilicity,llm_calibrated_selector,7121,82.5,81.875,11.25,0,heldout,llm_evolved_kernel_explore_then_settle
real_moleculenet_lipophilicity,llm_evolved_kernel_explore_then_settle,7121,82.5,81.875,11.25,0,heldout,
real_moleculenet_lipophilicity,mixed_kernel_gp_ei,7121,82.5,80.1375,11.25,0,heldout,
real_moleculenet_lipophilicity,target_acquisition_portfolio,7121,82.5,80.475,11.25,0,heldout,
real_moleculenet_lipophilicity,fixed_scale_ensemble_0p5_1_1p5_2_3_4,7122,82.5,82.5,11.25,0,heldout,
real_moleculenet_lipophilicity,gp_ucb,7122,87.5,83.975,6.25,0,heldout,
real_moleculenet_lipophilicity,llm_calibrated_selector,7122,88.625,86.7875,5.125,0,heldout,llm_evolved_kernel_explore_then_settle
real_moleculenet_lipophilicity,llm_evolved_kernel_explore_then_settle,7122,88.625,86.7875,5.125,0,heldout,
real_moleculenet_lipophilicity,mixed_kernel_gp_ei,7122,82.5,82.5,11.25,0,heldout,
real_moleculenet_lipophilicity,target_acquisition_portfolio,7122,93.5,86.9,0.25,1,heldout,
real_moleculenet_lipophilicity,fixed_scale_ensemble_0p5_1_1p5_2_3_4,7123,88.625,88.0625,5.125,0,heldout,
real_moleculenet_lipophilicity,gp_ucb,7123,88.625,88.175,5.125,0,heldout,
real_moleculenet_lipophilicity,llm_calibrated_selector,7123,87.5,87.5,6.25,0,heldout,llm_evolved_kernel_explore_then_settle
real_moleculenet_lipophilicity,llm_evolved_kernel_explore_then_settle,7123,87.5,87.5,6.25,0,heldout,
real_moleculenet_lipophilicity,mixed_kernel_gp_ei,7123,88.625,88.175,5.125,0,heldout,
real_moleculenet_lipophilicity,target_acquisition_portfolio,7123,88.625,88.175,5.125,0,heldout,
real_moleculenet_lipophilicity,fixed_scale_ensemble_0p5_1_1p5_2_3_4,7124,86.25,84.5,7.5,0,heldout,
real_moleculenet_lipophilicity,gp_ucb,7124,84.75,84.55,9.0,0,heldout,
real_moleculenet_lipophilicity,llm_calibrated_selector,7124,84.75,84.05,9.0,0,heldout,llm_evolved_kernel_explore_then_settle
real_moleculenet_lipophilicity,llm_evolved_kernel_explore_then_settle,7124,84.75,84.05,9.0,0,heldout,
real_moleculenet_lipophilicity,mixed_kernel_gp_ei,7124,91.25,91.25,2.5,0,heldout,
real_moleculenet_lipophilicity,target_acquisition_portfolio,7124,90.125,85.775,3.625,0,heldout,
real_moleculenet_lipophilicity,fixed_scale_ensemble_0p5_1_1p5_2_3_4,7125,88.25,86.35,5.5,0,heldout,
real_moleculenet_lipophilicity,gp_ucb,7125,83.25,83.25,10.5,0,heldout,
real_moleculenet_lipophilicity,llm_calibrated_selector,7125,89.625,87.2625,4.125,0,heldout,llm_evolved_kernel_explore_then_settle
real_moleculenet_lipophilicity,llm_evolved_kernel_explore_then_settle,7125,89.625,87.2625,4.125,0,heldout,
real_moleculenet_lipophilicity,mixed_kernel_gp_ei,7125,88.25,86.35,5.5,0,heldout,
real_moleculenet_lipophilicity,target_acquisition_portfolio,7125,88.25,86.35,5.5,0,heldout,
real_moleculenet_lipophilicity,fixed_scale_ensemble_0p5_1_1p5_2_3_4,7126,88.75,81.4625,5.0,0,heldout,
real_moleculenet_lipophilicity,gp_ucb,7126,88.125,80.875,5.625,0,heldout,
real_moleculenet_lipophilicity,llm_calibrated_selector,7126,90.0,82.3375,3.75,0,heldout,llm_evolved_kernel_explore_then_settle
real_moleculenet_lipophilicity,llm_evolved_kernel_explore_then_settle,7126,90.0,82.3375,3.75,0,heldout,
real_moleculenet_lipophilicity,mixed_kernel_gp_ei,7126,88.625,83.9375,5.125,0,heldout,
real_moleculenet_lipophilicity,target_acquisition_portfolio,7126,86.25,84.625,7.5,0,heldout,
real_moleculenet_lipophilicity,fixed_scale_ensemble_0p5_1_1p5_2_3_4,7127,93.75,83.65,0.0,1,heldout,
real_moleculenet_lipophilicity,gp_ucb,7127,93.75,85.875,0.0,1,heldout,
real_moleculenet_lipophilicity,llm_calibrated_selector,7127,87.375,82.775,6.375,0,heldout,llm_evolved_kernel_explore_then_settle
real_moleculenet_lipophilicity,llm_evolved_kernel_explore_then_settle,7127,87.375,82.775,6.375,0,heldout,
real_moleculenet_lipophilicity,mixed_kernel_gp_ei,7127,93.75,85.875,0.0,1,heldout,
real_moleculenet_lipophilicity,target_acquisition_portfolio,7127,87.25,84.9,6.5,0,heldout,
real_moleculenet_lipophilicity,fixed_scale_ensemble_0p5_1_1p5_2_3_4,7128,86.75,79.5,7.0,0,heldout,
real_moleculenet_lipophilicity,gp_ucb,7128,87.5,81.2125,6.25,0,heldout,
real_moleculenet_lipophilicity,llm_calibrated_selector,7128,90.0,90.0,3.75,0,heldout,llm_evolved_kernel_explore_then_settle
real_moleculenet_lipophilicity,llm_evolved_kernel_explore_then_settle,7128,90.0,90.0,3.75,0,heldout,
real_moleculenet_lipophilicity,mixed_kernel_gp_ei,7128,90.625,85.5625,3.125,0,heldout,
real_moleculenet_lipophilicity,target_acquisition_portfolio,7128,81.25,77.9,12.5,0,heldout,
real_moleculenet_lipophilicity,fixed_scale_ensemble_0p5_1_1p5_2_3_4,7129,86.25,82.0,7.5,0,heldout,
real_moleculenet_lipophilicity,gp_ucb,7129,87.0,82.35,6.75,0,heldout,
real_moleculenet_lipophilicity,llm_calibrated_selector,7129,87.5,82.6,6.25,0,heldout,llm_evolved_kernel_explore_then_settle
real_moleculenet_lipophilicity,llm_evolved_kernel_explore_then_settle,7129,87.5,82.6,6.25,0,heldout,
real_moleculenet_lipophilicity,mixed_kernel_gp_ei,7129,86.25,80.75,7.5,0,heldout,
real_moleculenet_lipophilicity,target_acquisition_portfolio,7129,86.25,82.0,7.5,0,heldout,
real_moleculenet_lipophilicity,fixed_scale_ensemble_0p5_1_1p5_2_3_4,7130,87.5,84.2125,6.25,0,heldout,
real_moleculenet_lipophilicity,gp_ucb,7130,78.875,78.875,14.875,0,heldout,
real_moleculenet_lipophilicity,llm_calibrated_selector,7130,85.0,84.2125,8.75,0,heldout,llm_evolved_kernel_explore_then_settle
real_moleculenet_lipophilicity,llm_evolved_kernel_explore_then_settle,7130,85.0,84.2125,8.75,0,heldout,
real_moleculenet_lipophilicity,mixed_kernel_gp_ei,7130,88.75,83.8125,5.0,0,heldout,
real_moleculenet_lipophilicity,target_acquisition_portfolio,7130,88.75,83.8125,5.0,0,heldout,
real_moleculenet_lipophilicity,fixed_scale_ensemble_0p5_1_1p5_2_3_4,7131,87.375,86.525,6.375,0,heldout,
real_moleculenet_lipophilicity,gp_ucb,7131,87.375,86.9125,6.375,0,heldout,
real_moleculenet_lipophilicity,llm_calibrated_selector,7131,90.0,86.1125,3.75,0,heldout,llm_evolved_kernel_explore_then_settle
real_moleculenet_lipophilicity,llm_evolved_kernel_explore_then_settle,7131,90.0,86.1125,3.75,0,heldout,
real_moleculenet_lipophilicity,mixed_kernel_gp_ei,7131,88.625,87.3625,5.125,0,heldout,
real_moleculenet_lipophilicity,target_acquisition_portfolio,7131,88.625,87.3625,5.125,0,heldout,
real_moleculenet_lipophilicity,fixed_scale_ensemble_0p5_1_1p5_2_3_4,7132,88.625,86.175,5.125,0,heldout,
real_moleculenet_lipophilicity,gp_ucb,7132,88.625,86.2,5.125,0,heldout,
real_moleculenet_lipophilicity,llm_calibrated_selector,7132,91.875,89.3875,1.875,0,heldout,llm_evolved_kernel_explore_then_settle
real_moleculenet_lipophilicity,llm_evolved_kernel_explore_then_settle,7132,91.875,89.3875,1.875,0,heldout,
real_moleculenet_lipophilicity,mixed_kernel_gp_ei,7132,88.625,86.7875,5.125,0,heldout,
real_moleculenet_lipophilicity,target_acquisition_portfolio,7132,88.625,86.7875,5.125,0,heldout,
real_moleculenet_lipophilicity,fixed_scale_ensemble_0p5_1_1p5_2_3_4,7133,93.5,90.375,0.25,1,heldout,
real_moleculenet_lipophilicity,gp_ucb,7133,93.5,90.375,0.25,1,heldout,
real_moleculenet_lipophilicity,llm_calibrated_selector,7133,93.5,86.1875,0.25,1,heldout,llm_evolved_kernel_explore_then_settle
real_moleculenet_lipophilicity,llm_evolved_kernel_explore_then_settle,7133,93.5,86.1875,0.25,1,heldout,
real_moleculenet_lipophilicity,mixed_kernel_gp_ei,7133,93.5,87.8625,0.25,1,heldout,
real_moleculenet_lipophilicity,target_acquisition_portfolio,7133,93.5,87.8625,0.25,1,heldout,
real_moleculenet_lipophilicity,fixed_scale_ensemble_0p5_1_1p5_2_3_4,7134,88.625,77.325,5.125,0,heldout,
real_moleculenet_lipophilicity,gp_ucb,7134,91.25,80.8,2.5,0,heldout,
real_moleculenet_lipophilicity,llm_calibrated_selector,7134,82.375,71.65,11.375,0,heldout,llm_evolved_kernel_explore_then_settle
real_moleculenet_lipophilicity,llm_evolved_kernel_explore_then_settle,7134,82.375,71.65,11.375,0,heldout,
real_moleculenet_lipophilicity,mixed_kernel_gp_ei,7134,91.25,80.8,2.5,0,heldout,
real_moleculenet_lipophilicity,target_acquisition_portfolio,7134,88.125,78.2875,5.625,0,heldout,
real_moleculenet_lipophilicity,fixed_scale_ensemble_0p5_1_1p5_2_3_4,7135,86.25,84.8,7.5,0,heldout,
real_moleculenet_lipophilicity,gp_ucb,7135,87.5,84.5625,6.25,0,heldout,
real_moleculenet_lipophilicity,llm_calibrated_selector,7135,87.0,84.8,6.75,0,heldout,llm_evolved_kernel_explore_then_settle
real_moleculenet_lipophilicity,llm_evolved_kernel_explore_then_settle,7135,87.0,84.8,6.75,0,heldout,
real_moleculenet_lipophilicity,mixed_kernel_gp_ei,7135,87.5,83.9625,6.25,0,heldout,
real_moleculenet_lipophilicity,target_acquisition_portfolio,7135,87.5,84.575,6.25,0,heldout,
real_moleculenet_lipophilicity,fixed_scale_ensemble_0p5_1_1p5_2_3_4,7136,91.375,87.375,2.375,0,heldout,
real_moleculenet_lipophilicity,gp_ucb,7136,87.5,84.6625,6.25,0,heldout,
real_moleculenet_lipophilicity,llm_calibrated_selector,7136,87.5,83.7875,6.25,0,heldout,llm_evolved_kernel_explore_then_settle
real_moleculenet_lipophilicity,llm_evolved_kernel_explore_then_settle,7136,87.5,83.7875,6.25,0,heldout,
real_moleculenet_lipophilicity,mixed_kernel_gp_ei,7136,89.875,84.475,3.875,0,heldout,
real_moleculenet_lipophilicity,target_acquisition_portfolio,7136,91.375,87.375,2.375,0,heldout,
real_moleculenet_lipophilicity,fixed_scale_ensemble_0p5_1_1p5_2_3_4,7137,91.25,86.325,2.5,0,heldout,
real_moleculenet_lipophilicity,gp_ucb,7137,91.25,86.325,2.5,0,heldout,
real_moleculenet_lipophilicity,llm_calibrated_selector,7137,82.5,81.8,11.25,0,heldout,llm_evolved_kernel_explore_then_settle
real_moleculenet_lipophilicity,llm_evolved_kernel_explore_then_settle,7137,82.5,81.8,11.25,0,heldout,
real_moleculenet_lipophilicity,mixed_kernel_gp_ei,7137,90.0,84.9125,3.75,0,heldout,
real_moleculenet_lipophilicity,target_acquisition_portfolio,7137,87.125,84.625,6.625,0,heldout,
real_moleculenet_lipophilicity,fixed_scale_ensemble_0p5_1_1p5_2_3_4,7138,91.875,90.225,1.875,0,heldout,
real_moleculenet_lipophilicity,gp_ucb,7138,91.875,88.475,1.875,0,heldout,
real_moleculenet_lipophilicity,llm_calibrated_selector,7138,88.625,88.625,5.125,0,heldout,llm_evolved_kernel_explore_then_settle
real_moleculenet_lipophilicity,llm_evolved_kernel_explore_then_settle,7138,88.625,88.625,5.125,0,heldout,
real_moleculenet_lipophilicity,mixed_kernel_gp_ei,7138,85.0,85.0,8.75,0,heldout,
real_moleculenet_lipophilicity,target_acquisition_portfolio,7138,91.25,90.4,2.5,0,heldout,
real_moleculenet_lipophilicity,fixed_scale_ensemble_0p5_1_1p5_2_3_4,7139,88.625,83.725,5.125,0,heldout,
real_moleculenet_lipophilicity,gp_ucb,7139,88.625,83.725,5.125,0,heldout,
real_moleculenet_lipophilicity,llm_calibrated_selector,7139,86.125,83.5875,7.625,0,heldout,llm_evolved_kernel_explore_then_settle
real_moleculenet_lipophilicity,llm_evolved_kernel_explore_then_settle,7139,86.125,83.5875,7.625,0,heldout,
real_moleculenet_lipophilicity,mixed_kernel_gp_ei,7139,88.625,85.5625,5.125,0,heldout,
real_moleculenet_lipophilicity,target_acquisition_portfolio,7139,88.625,85.5625,5.125,0,heldout,
real_moleculenet_lipophilicity,fixed_scale_ensemble_0p5_1_1p5_2_3_4,7140,91.0,83.0625,2.75,0,heldout,
real_moleculenet_lipophilicity,gp_ucb,7140,92.375,83.2875,1.375,0,heldout,
real_moleculenet_lipophilicity,llm_calibrated_selector,7140,80.0,78.35,13.75,0,heldout,llm_evolved_kernel_explore_then_settle
real_moleculenet_lipophilicity,llm_evolved_kernel_explore_then_settle,7140,80.0,78.35,13.75,0,heldout,
real_moleculenet_lipophilicity,mixed_kernel_gp_ei,7140,85.0,82.1,8.75,0,heldout,
real_moleculenet_lipophilicity,target_acquisition_portfolio,7140,92.375,83.2875,1.375,0,heldout,
real_moleculenet_lipophilicity,fixed_scale_ensemble_0p5_1_1p5_2_3_4,7141,88.125,86.225,5.625,0,heldout,
real_moleculenet_lipophilicity,gp_ucb,7141,85.75,85.75,8.0,0,heldout,
real_moleculenet_lipophilicity,llm_calibrated_selector,7141,88.125,86.7,5.625,0,heldout,llm_evolved_kernel_explore_then_settle
real_moleculenet_lipophilicity,llm_evolved_kernel_explore_then_settle,7141,88.125,86.7,5.625,0,heldout,
real_moleculenet_lipophilicity,mixed_kernel_gp_ei,7141,88.125,87.65,5.625,0,heldout,
real_moleculenet_lipophilicity,target_acquisition_portfolio,7141,91.25,86.3,2.5,0,heldout,
real_moleculenet_lipophilicity,fixed_scale_ensemble_0p5_1_1p5_2_3_4,7142,86.125,84.25,7.625,0,heldout,
real_moleculenet_lipophilicity,gp_ucb,7142,86.375,82.4125,7.375,0,heldout,
real_moleculenet_lipophilicity,llm_calibrated_selector,7142,86.75,84.275,7.0,0,heldout,llm_evolved_kernel_explore_then_settle
real_moleculenet_lipophilicity,llm_evolved_kernel_explore_then_settle,7142,86.75,84.275,7.0,0,heldout,
real_moleculenet_lipophilicity,mixed_kernel_gp_ei,7142,85.25,81.0,8.5,0,heldout,
real_moleculenet_lipophilicity,target_acquisition_portfolio,7142,78.75,77.7875,15.0,0,heldout,
real_moleculenet_lipophilicity,fixed_scale_ensemble_0p5_1_1p5_2_3_4,7143,88.125,88.125,5.625,0,heldout,
real_moleculenet_lipophilicity,gp_ucb,7143,88.125,88.125,5.625,0,heldout,
real_moleculenet_lipophilicity,llm_calibrated_selector,7143,88.125,88.125,5.625,0,heldout,llm_evolved_kernel_explore_then_settle
real_moleculenet_lipophilicity,llm_evolved_kernel_explore_then_settle,7143,88.125,88.125,5.625,0,heldout,
real_moleculenet_lipophilicity,mixed_kernel_gp_ei,7143,88.125,88.125,5.625,0,heldout,
real_moleculenet_lipophilicity,target_acquisition_portfolio,7143,91.125,90.825,2.625,0,heldout,
real_moleculenet_lipophilicity,fixed_scale_ensemble_0p5_1_1p5_2_3_4,7144,91.25,90.275,2.5,0,heldout,
real_moleculenet_lipophilicity,gp_ucb,7144,91.25,90.275,2.5,0,heldout,
real_moleculenet_lipophilicity,llm_calibrated_selector,7144,86.375,86.375,7.375,0,heldout,llm_evolved_kernel_explore_then_settle
real_moleculenet_lipophilicity,llm_evolved_kernel_explore_then_settle,7144,86.375,86.375,7.375,0,heldout,
real_moleculenet_lipophilicity,mixed_kernel_gp_ei,7144,91.25,90.7625,2.5,0,heldout,
real_moleculenet_lipophilicity,target_acquisition_portfolio,7144,91.25,90.275,2.5,0,heldout,
real_moleculenet_lipophilicity,fixed_scale_ensemble_0p5_1_1p5_2_3_4,7145,91.25,91.25,2.5,0,heldout,
real_moleculenet_lipophilicity,gp_ucb,7145,91.25,91.25,2.5,0,heldout,
real_moleculenet_lipophilicity,llm_calibrated_selector,7145,91.25,91.25,2.5,0,heldout,llm_evolved_kernel_explore_then_settle
real_moleculenet_lipophilicity,llm_evolved_kernel_explore_then_settle,7145,91.25,91.25,2.5,0,heldout,
real_moleculenet_lipophilicity,mixed_kernel_gp_ei,7145,91.25,91.25,2.5,0,heldout,
real_moleculenet_lipophilicity,target_acquisition_portfolio,7145,91.25,91.25,2.5,0,heldout,
real_moleculenet_lipophilicity,fixed_scale_ensemble_0p5_1_1p5_2_3_4,7146,93.75,89.85,0.0,1,heldout,
real_moleculenet_lipophilicity,gp_ucb,7146,93.75,89.3625,0.0,1,heldout,
real_moleculenet_lipophilicity,llm_calibrated_selector,7146,93.75,91.8,0.0,1,heldout,llm_evolved_kernel_explore_then_settle
real_moleculenet_lipophilicity,llm_evolved_kernel_explore_then_settle,7146,93.75,91.8,0.0,1,heldout,
real_moleculenet_lipophilicity,mixed_kernel_gp_ei,7146,88.875,88.875,4.875,0,heldout,
real_moleculenet_lipophilicity,target_acquisition_portfolio,7146,88.875,88.875,4.875,0,heldout,
real_moleculenet_lipophilicity,fixed_scale_ensemble_0p5_1_1p5_2_3_4,7147,93.5,92.3,0.25,1,heldout,
real_moleculenet_lipophilicity,gp_ucb,7147,92.0,92.0,1.75,0,heldout,
real_moleculenet_lipophilicity,llm_calibrated_selector,7147,92.0,92.0,1.75,0,heldout,llm_evolved_kernel_explore_then_settle
real_moleculenet_lipophilicity,llm_evolved_kernel_explore_then_settle,7147,92.0,92.0,1.75,0,heldout,
real_moleculenet_lipophilicity,mixed_kernel_gp_ei,7147,92.0,92.0,1.75,0,heldout,
real_moleculenet_lipophilicity,target_acquisition_portfolio,7147,92.0,92.0,1.75,0,heldout,
real_moleculenet_lipophilicity,fixed_scale_ensemble_0p5_1_1p5_2_3_4,7148,82.5,80.625,11.25,0,heldout,
real_moleculenet_lipophilicity,gp_ucb,7148,84.75,84.75,9.0,0,heldout,
real_moleculenet_lipophilicity,llm_calibrated_selector,7148,88.75,84.55,5.0,0,heldout,llm_evolved_kernel_explore_then_settle
real_moleculenet_lipophilicity,llm_evolved_kernel_explore_then_settle,7148,88.75,84.55,5.0,0,heldout,
real_moleculenet_lipophilicity,mixed_kernel_gp_ei,7148,86.75,81.125,7.0,0,heldout,
real_moleculenet_lipophilicity,target_acquisition_portfolio,7148,84.75,84.75,9.0,0,heldout,
real_moleculenet_lipophilicity,fixed_scale_ensemble_0p5_1_1p5_2_3_4,7149,89.875,82.85,3.875,0,heldout,
real_moleculenet_lipophilicity,gp_ucb,7149,89.875,82.175,3.875,0,heldout,
real_moleculenet_lipophilicity,llm_calibrated_selector,7149,91.25,83.3,2.5,0,heldout,llm_evolved_kernel_explore_then_settle
real_moleculenet_lipophilicity,llm_evolved_kernel_explore_then_settle,7149,91.25,83.3,2.5,0,heldout,
real_moleculenet_lipophilicity,mixed_kernel_gp_ei,7149,89.25,78.6,4.5,0,heldout,
real_moleculenet_lipophilicity,target_acquisition_portfolio,7149,90.0,76.6125,3.75,0,heldout,
real_moleculenet_lipophilicity,fixed_scale_ensemble_0p5_1_1p5_2_3_4,7150,86.625,84.425,7.125,0,heldout,
real_moleculenet_lipophilicity,gp_ucb,7150,86.625,84.425,7.125,0,heldout,
real_moleculenet_lipophilicity,llm_calibrated_selector,7150,81.125,81.125,12.625,0,heldout,llm_evolved_kernel_explore_then_settle
real_moleculenet_lipophilicity,llm_evolved_kernel_explore_then_settle,7150,81.125,81.125,12.625,0,heldout,
real_moleculenet_lipophilicity,mixed_kernel_gp_ei,7150,81.125,81.125,12.625,0,heldout,
real_moleculenet_lipophilicity,target_acquisition_portfolio,7150,81.125,81.125,12.625,0,heldout,
real_moleculenet_lipophilicity,fixed_scale_ensemble_0p5_1_1p5_2_3_4,7151,93.75,91.2,0.0,1,heldout,
real_moleculenet_lipophilicity,gp_ucb,7151,93.75,91.2,0.0,1,heldout,
real_moleculenet_lipophilicity,llm_calibrated_selector,7151,88.625,87.875,5.125,0,heldout,llm_evolved_kernel_explore_then_settle
real_moleculenet_lipophilicity,llm_evolved_kernel_explore_then_settle,7151,88.625,87.875,5.125,0,heldout,
real_moleculenet_lipophilicity,mixed_kernel_gp_ei,7151,93.75,91.2,0.0,1,heldout,
real_moleculenet_lipophilicity,target_acquisition_portfolio,7151,93.75,91.2,0.0,1,heldout,
real_moleculenet_lipophilicity,fixed_scale_ensemble_0p5_1_1p5_2_3_4,7152,81.125,81.125,12.625,0,heldout,
real_moleculenet_lipophilicity,gp_ucb,7152,81.125,81.125,12.625,0,heldout,
real_moleculenet_lipophilicity,llm_calibrated_selector,7152,90.75,85.05,3.0,0,heldout,llm_evolved_kernel_explore_then_settle
real_moleculenet_lipophilicity,llm_evolved_kernel_explore_then_settle,7152,90.75,85.05,3.0,0,heldout,
real_moleculenet_lipophilicity,mixed_kernel_gp_ei,7152,81.125,81.125,12.625,0,heldout,
real_moleculenet_lipophilicity,target_acquisition_portfolio,7152,81.125,81.125,12.625,0,heldout,
real_moleculenet_lipophilicity,fixed_scale_ensemble_0p5_1_1p5_2_3_4,7153,87.5,82.775,6.25,0,heldout,
real_moleculenet_lipophilicity,gp_ucb,7153,83.75,81.4375,10.0,0,heldout,
real_moleculenet_lipophilicity,llm_calibrated_selector,7153,90.0,87.35,3.75,0,heldout,llm_evolved_kernel_explore_then_settle
real_moleculenet_lipophilicity,llm_evolved_kernel_explore_then_settle,7153,90.0,87.35,3.75,0,heldout,
real_moleculenet_lipophilicity,mixed_kernel_gp_ei,7153,81.375,80.9875,12.375,0,heldout,
real_moleculenet_lipophilicity,target_acquisition_portfolio,7153,87.5,82.05,6.25,0,heldout,
real_moleculenet_lipophilicity,fixed_scale_ensemble_0p5_1_1p5_2_3_4,7154,83.125,83.125,10.625,0,heldout,
real_moleculenet_lipophilicity,gp_ucb,7154,84.0,83.5625,9.75,0,heldout,
real_moleculenet_lipophilicity,llm_calibrated_selector,7154,93.75,90.3375,0.0,1,heldout,llm_evolved_kernel_explore_then_settle
real_moleculenet_lipophilicity,llm_evolved_kernel_explore_then_settle,7154,93.75,90.3375,0.0,1,heldout,
real_moleculenet_lipophilicity,mixed_kernel_gp_ei,7154,84.625,83.4,9.125,0,heldout,
real_moleculenet_lipophilicity,target_acquisition_portfolio,7154,83.75,83.3125,10.0,0,heldout,
real_moleculenet_lipophilicity,fixed_scale_ensemble_0p5_1_1p5_2_3_4,7155,86.625,86.625,7.125,0,heldout,
real_moleculenet_lipophilicity,gp_ucb,7155,86.625,86.625,7.125,0,heldout,
real_moleculenet_lipophilicity,llm_calibrated_selector,7155,87.5,86.8,6.25,0,heldout,llm_evolved_kernel_explore_then_settle
real_moleculenet_lipophilicity,llm_evolved_kernel_explore_then_settle,7155,87.5,86.8,6.25,0,heldout,
real_moleculenet_lipophilicity,mixed_kernel_gp_ei,7155,86.625,86.625,7.125,0,heldout,
real_moleculenet_lipophilicity,target_acquisition_portfolio,7155,86.625,86.625,7.125,0,heldout,
real_moleculenet_lipophilicity,fixed_scale_ensemble_0p5_1_1p5_2_3_4,7156,86.25,82.75,7.5,0,heldout,
real_moleculenet_lipophilicity,gp_ucb,7156,86.25,82.75,7.5,0,heldout,
real_moleculenet_lipophilicity,llm_calibrated_selector,7156,86.25,78.95,7.5,0,heldout,llm_evolved_kernel_explore_then_settle
real_moleculenet_lipophilicity,llm_evolved_kernel_explore_then_settle,7156,86.25,78.95,7.5,0,heldout,
real_moleculenet_lipophilicity,mixed_kernel_gp_ei,7156,86.25,82.75,7.5,0,heldout,
real_moleculenet_lipophilicity,target_acquisition_portfolio,7156,86.25,82.75,7.5,0,heldout,
real_moleculenet_lipophilicity,fixed_scale_ensemble_0p5_1_1p5_2_3_4,7157,87.0,82.5,6.75,0,heldout,
real_moleculenet_lipophilicity,gp_ucb,7157,90.0,83.325,3.75,0,heldout,
real_moleculenet_lipophilicity,llm_calibrated_selector,7157,86.5,85.5875,7.25,0,heldout,llm_evolved_kernel_explore_then_settle
real_moleculenet_lipophilicity,llm_evolved_kernel_explore_then_settle,7157,86.5,85.5875,7.25,0,heldout,
real_moleculenet_lipophilicity,mixed_kernel_gp_ei,7157,90.0,86.4125,3.75,0,heldout,
real_moleculenet_lipophilicity,target_acquisition_portfolio,7157,90.0,83.025,3.75,0,heldout,
real_moleculenet_lipophilicity,fixed_scale_ensemble_0p5_1_1p5_2_3_4,7158,93.625,93.625,0.125,1,heldout,
real_moleculenet_lipophilicity,gp_ucb,7158,93.625,93.625,0.125,1,heldout,
real_moleculenet_lipophilicity,llm_calibrated_selector,7158,93.625,93.625,0.125,1,heldout,llm_evolved_kernel_explore_then_settle
real_moleculenet_lipophilicity,llm_evolved_kernel_explore_then_settle,7158,93.625,93.625,0.125,1,heldout,
real_moleculenet_lipophilicity,mixed_kernel_gp_ei,7158,93.625,93.625,0.125,1,heldout,
real_moleculenet_lipophilicity,target_acquisition_portfolio,7158,93.625,93.625,0.125,1,heldout,
real_moleculenet_lipophilicity,fixed_scale_ensemble_0p5_1_1p5_2_3_4,7159,93.75,87.6,0.0,1,heldout,
real_moleculenet_lipophilicity,gp_ucb,7159,85.875,85.875,7.875,0,heldout,
real_moleculenet_lipophilicity,llm_calibrated_selector,7159,87.375,86.325,6.375,0,heldout,llm_evolved_kernel_explore_then_settle
real_moleculenet_lipophilicity,llm_evolved_kernel_explore_then_settle,7159,87.375,86.325,6.375,0,heldout,
real_moleculenet_lipophilicity,mixed_kernel_gp_ei,7159,86.25,86.1,7.5,0,heldout,
real_moleculenet_lipophilicity,target_acquisition_portfolio,7159,85.875,85.875,7.875,0,heldout,
real_moleculenet_lipophilicity,fixed_scale_ensemble_0p5_1_1p5_2_3_4,7160,90.625,90.625,3.125,0,heldout,
real_moleculenet_lipophilicity,gp_ucb,7160,90.625,90.625,3.125,0,heldout,
real_moleculenet_lipophilicity,llm_calibrated_selector,7160,90.625,90.625,3.125,0,heldout,llm_evolved_kernel_explore_then_settle
real_moleculenet_lipophilicity,llm_evolved_kernel_explore_then_settle,7160,90.625,90.625,3.125,0,heldout,
real_moleculenet_lipophilicity,mixed_kernel_gp_ei,7160,90.625,90.625,3.125,0,heldout,
real_moleculenet_lipophilicity,target_acquisition_portfolio,7160,90.625,90.625,3.125,0,heldout,
real_moleculenet_lipophilicity,fixed_scale_ensemble_0p5_1_1p5_2_3_4,7161,90.0,84.7375,3.75,0,heldout,
real_moleculenet_lipophilicity,gp_ucb,7161,88.25,81.975,5.5,0,heldout,
real_moleculenet_lipophilicity,llm_calibrated_selector,7161,90.0,88.5,3.75,0,heldout,llm_evolved_kernel_explore_then_settle
real_moleculenet_lipophilicity,llm_evolved_kernel_explore_then_settle,7161,90.0,88.5,3.75,0,heldout,
real_moleculenet_lipophilicity,mixed_kernel_gp_ei,7161,88.75,87.3375,5.0,0,heldout,
real_moleculenet_lipophilicity,target_acquisition_portfolio,7161,88.25,81.975,5.5,0,heldout,
real_moleculenet_lipophilicity,fixed_scale_ensemble_0p5_1_1p5_2_3_4,7162,81.625,81.4375,12.125,0,heldout,
real_moleculenet_lipophilicity,gp_ucb,7162,82.5,81.5,11.25,0,heldout,
real_moleculenet_lipophilicity,llm_calibrated_selector,7162,82.5,81.75,11.25,0,heldout,llm_evolved_kernel_explore_then_settle
real_moleculenet_lipophilicity,llm_evolved_kernel_explore_then_settle,7162,82.5,81.75,11.25,0,heldout,
real_moleculenet_lipophilicity,mixed_kernel_gp_ei,7162,91.375,87.325,2.375,0,heldout,
real_moleculenet_lipophilicity,target_acquisition_portfolio,7162,81.25,81.25,12.5,0,heldout,
real_moleculenet_lipophilicity,fixed_scale_ensemble_0p5_1_1p5_2_3_4,7163,91.875,90.0625,1.875,0,heldout,
real_moleculenet_lipophilicity,gp_ucb,7163,91.875,91.0,1.875,0,heldout,
real_moleculenet_lipophilicity,llm_calibrated_selector,7163,91.875,91.875,1.875,0,heldout,llm_evolved_kernel_explore_then_settle
real_moleculenet_lipophilicity,llm_evolved_kernel_explore_then_settle,7163,91.875,91.875,1.875,0,heldout,
real_moleculenet_lipophilicity,mixed_kernel_gp_ei,7163,93.5,91.7,0.25,1,heldout,
real_moleculenet_lipophilicity,target_acquisition_portfolio,7163,91.875,90.0625,1.875,0,heldout,
real_moleculenet_lipophilicity,fixed_scale_ensemble_0p5_1_1p5_2_3_4,7164,91.25,88.95,2.5,0,heldout,
real_moleculenet_lipophilicity,gp_ucb,7164,91.25,88.95,2.5,0,heldout,
real_moleculenet_lipophilicity,llm_calibrated_selector,7164,86.75,83.7375,7.0,0,heldout,llm_evolved_kernel_explore_then_settle
real_moleculenet_lipophilicity,llm_evolved_kernel_explore_then_settle,7164,86.75,83.7375,7.0,0,heldout,
real_moleculenet_lipophilicity,mixed_kernel_gp_ei,7164,85.75,81.6,8.0,0,heldout,
real_moleculenet_lipophilicity,target_acquisition_portfolio,7164,85.75,81.6,8.0,0,heldout,
real_moleculenet_lipophilicity,fixed_scale_ensemble_0p5_1_1p5_2_3_4,7165,83.875,83.875,9.875,0,heldout,
real_moleculenet_lipophilicity,gp_ucb,7165,83.875,83.875,9.875,0,heldout,
real_moleculenet_lipophilicity,llm_calibrated_selector,7165,83.875,83.875,9.875,0,heldout,llm_evolved_kernel_explore_then_settle
real_moleculenet_lipophilicity,llm_evolved_kernel_explore_then_settle,7165,83.875,83.875,9.875,0,heldout,
real_moleculenet_lipophilicity,mixed_kernel_gp_ei,7165,83.875,83.875,9.875,0,heldout,
real_moleculenet_lipophilicity,target_acquisition_portfolio,7165,83.875,83.875,9.875,0,heldout,
real_moleculenet_lipophilicity,fixed_scale_ensemble_0p5_1_1p5_2_3_4,7166,90.0,89.25,3.75,0,heldout,
real_moleculenet_lipophilicity,gp_ucb,7166,90.0,89.5,3.75,0,heldout,
real_moleculenet_lipophilicity,llm_calibrated_selector,7166,88.75,88.375,5.0,0,heldout,llm_evolved_kernel_explore_then_settle
real_moleculenet_lipophilicity,llm_evolved_kernel_explore_then_settle,7166,88.75,88.375,5.0,0,heldout,
real_moleculenet_lipophilicity,mixed_kernel_gp_ei,7166,90.0,89.25,3.75,0,heldout,
real_moleculenet_lipophilicity,target_acquisition_portfolio,7166,90.0,89.5,3.75,0,heldout,
real_moleculenet_lipophilicity,fixed_scale_ensemble_0p5_1_1p5_2_3_4,7167,88.625,88.625,5.125,0,heldout,
real_moleculenet_lipophilicity,gp_ucb,7167,88.625,88.625,5.125,0,heldout,
real_moleculenet_lipophilicity,llm_calibrated_selector,7167,88.625,88.625,5.125,0,heldout,llm_evolved_kernel_explore_then_settle
real_moleculenet_lipophilicity,llm_evolved_kernel_explore_then_settle,7167,88.625,88.625,5.125,0,heldout,
real_moleculenet_lipophilicity,mixed_kernel_gp_ei,7167,88.625,88.625,5.125,0,heldout,
real_moleculenet_lipophilicity,target_acquisition_portfolio,7167,88.625,88.625,5.125,0,heldout,
real_moleculenet_lipophilicity,fixed_scale_ensemble_0p5_1_1p5_2_3_4,7168,83.25,74.9625,10.5,0,heldout,
real_moleculenet_lipophilicity,gp_ucb,7168,87.5,84.55,6.25,0,heldout,
real_moleculenet_lipophilicity,llm_calibrated_selector,7168,87.5,80.7125,6.25,0,heldout,llm_evolved_kernel_explore_then_settle
real_moleculenet_lipophilicity,llm_evolved_kernel_explore_then_settle,7168,87.5,80.7125,6.25,0,heldout,
real_moleculenet_lipophilicity,mixed_kernel_gp_ei,7168,90.125,87.95,3.625,0,heldout,
real_moleculenet_lipophilicity,target_acquisition_portfolio,7168,87.5,85.0,6.25,0,heldout,
real_moleculenet_lipophilicity,fixed_scale_ensemble_0p5_1_1p5_2_3_4,7169,71.875,71.25,21.875,0,heldout,
real_moleculenet_lipophilicity,gp_ucb,7169,82.5,79.5875,11.25,0,heldout,
real_moleculenet_lipophilicity,llm_calibrated_selector,7169,82.5,80.8125,11.25,0,heldout,llm_evolved_kernel_explore_then_settle
real_moleculenet_lipophilicity,llm_evolved_kernel_explore_then_settle,7169,82.5,80.8125,11.25,0,heldout,
real_moleculenet_lipophilicity,mixed_kernel_gp_ei,7169,82.5,79.5875,11.25,0,heldout,
real_moleculenet_lipophilicity,target_acquisition_portfolio,7169,82.5,79.5875,11.25,0,heldout,
real_moleculenet_lipophilicity,fixed_scale_ensemble_0p5_1_1p5_2_3_4,7170,88.625,84.0875,5.125,0,heldout,
real_moleculenet_lipophilicity,gp_ucb,7170,88.625,84.0875,5.125,0,heldout,
real_moleculenet_lipophilicity,llm_calibrated_selector,7170,88.625,84.7,5.125,0,heldout,llm_evolved_kernel_explore_then_settle
real_moleculenet_lipophilicity,llm_evolved_kernel_explore_then_settle,7170,88.625,84.7,5.125,0,heldout,
real_moleculenet_lipophilicity,mixed_kernel_gp_ei,7170,88.625,84.7,5.125,0,heldout,
real_moleculenet_lipophilicity,target_acquisition_portfolio,7170,88.625,85.3125,5.125,0,heldout,
real_moleculenet_lipophilicity,fixed_scale_ensemble_0p5_1_1p5_2_3_4,7171,89.625,85.475,4.125,0,heldout,
real_moleculenet_lipophilicity,gp_ucb,7171,89.625,85.475,4.125,0,heldout,
real_moleculenet_lipophilicity,llm_calibrated_selector,7171,91.25,85.6375,2.5,0,heldout,llm_evolved_kernel_explore_then_settle
real_moleculenet_lipophilicity,llm_evolved_kernel_explore_then_settle,7171,91.25,85.6375,2.5,0,heldout,
real_moleculenet_lipophilicity,mixed_kernel_gp_ei,7171,88.25,84.3125,5.5,0,heldout,
real_moleculenet_lipophilicity,target_acquisition_portfolio,7171,84.25,82.9375,9.5,0,heldout,
real_moleculenet_lipophilicity,fixed_scale_ensemble_0p5_1_1p5_2_3_4,7172,89.0,89.0,4.75,0,heldout,
real_moleculenet_lipophilicity,gp_ucb,7172,89.0,89.0,4.75,0,heldout,
real_moleculenet_lipophilicity,llm_calibrated_selector,7172,89.0,89.0,4.75,0,heldout,llm_evolved_kernel_explore_then_settle
real_moleculenet_lipophilicity,llm_evolved_kernel_explore_then_settle,7172,89.0,89.0,4.75,0,heldout,
real_moleculenet_lipophilicity,mixed_kernel_gp_ei,7172,89.0,89.0,4.75,0,heldout,
real_moleculenet_lipophilicity,target_acquisition_portfolio,7172,89.0,89.0,4.75,0,heldout,
real_moleculenet_lipophilicity,fixed_scale_ensemble_0p5_1_1p5_2_3_4,7173,87.5,87.5,6.25,0,heldout,
real_moleculenet_lipophilicity,gp_ucb,7173,87.5,87.5,6.25,0,heldout,
real_moleculenet_lipophilicity,llm_calibrated_selector,7173,91.25,90.5,2.5,0,heldout,llm_evolved_kernel_explore_then_settle
real_moleculenet_lipophilicity,llm_evolved_kernel_explore_then_settle,7173,91.25,90.5,2.5,0,heldout,
real_moleculenet_lipophilicity,mixed_kernel_gp_ei,7173,91.25,90.5,2.5,0,heldout,
real_moleculenet_lipophilicity,target_acquisition_portfolio,7173,91.25,90.125,2.5,0,heldout,
real_moleculenet_lipophilicity,fixed_scale_ensemble_0p5_1_1p5_2_3_4,7174,90.75,88.0,3.0,0,heldout,
real_moleculenet_lipophilicity,gp_ucb,7174,90.75,88.0,3.0,0,heldout,
real_moleculenet_lipophilicity,llm_calibrated_selector,7174,90.75,85.5,3.0,0,heldout,llm_evolved_kernel_explore_then_settle
real_moleculenet_lipophilicity,llm_evolved_kernel_explore_then_settle,7174,90.75,85.5,3.0,0,heldout,
real_moleculenet_lipophilicity,mixed_kernel_gp_ei,7174,90.75,88.0,3.0,0,heldout,
real_moleculenet_lipophilicity,target_acquisition_portfolio,7174,90.75,88.0,3.0,0,heldout,
real_moleculenet_lipophilicity,fixed_scale_ensemble_0p5_1_1p5_2_3_4,7175,90.0,90.0,3.75,0,heldout,
real_moleculenet_lipophilicity,gp_ucb,7175,90.0,90.0,3.75,0,heldout,
real_moleculenet_lipophilicity,llm_calibrated_selector,7175,90.0,89.925,3.75,0,heldout,llm_evolved_kernel_explore_then_settle
real_moleculenet_lipophilicity,llm_evolved_kernel_explore_then_settle,7175,90.0,89.925,3.75,0,heldout,
real_moleculenet_lipophilicity,mixed_kernel_gp_ei,7175,93.75,88.25,0.0,1,heldout,
real_moleculenet_lipophilicity,target_acquisition_portfolio,7175,90.0,90.0,3.75,0,heldout,
real_moleculenet_lipophilicity,fixed_scale_ensemble_0p5_1_1p5_2_3_4,7176,88.75,87.7,5.0,0,heldout,
real_moleculenet_lipophilicity,gp_ucb,7176,83.75,80.75,10.0,0,heldout,
real_moleculenet_lipophilicity,llm_calibrated_selector,7176,87.5,85.65,6.25,0,heldout,llm_evolved_kernel_explore_then_settle
real_moleculenet_lipophilicity,llm_evolved_kernel_explore_then_settle,7176,87.5,85.65,6.25,0,heldout,
real_moleculenet_lipophilicity,mixed_kernel_gp_ei,7176,87.0,85.6,6.75,0,heldout,
real_moleculenet_lipophilicity,target_acquisition_portfolio,7176,92.125,85.5875,1.625,0,heldout,
real_moleculenet_lipophilicity,fixed_scale_ensemble_0p5_1_1p5_2_3_4,7177,87.5,87.5,6.25,0,heldout,
real_moleculenet_lipophilicity,gp_ucb,7177,87.5,87.5,6.25,0,heldout,
real_moleculenet_lipophilicity,llm_calibrated_selector,7177,88.125,87.8125,5.625,0,heldout,llm_evolved_kernel_explore_then_settle
real_moleculenet_lipophilicity,llm_evolved_kernel_explore_then_settle,7177,88.125,87.8125,5.625,0,heldout,
real_moleculenet_lipophilicity,mixed_kernel_gp_ei,7177,87.5,87.5,6.25,0,heldout,
real_moleculenet_lipophilicity,target_acquisition_portfolio,7177,87.5,87.5,6.25,0,heldout,
real_moleculenet_lipophilicity,fixed_scale_ensemble_0p5_1_1p5_2_3_4,7178,88.75,88.75,5.0,0,heldout,
real_moleculenet_lipophilicity,gp_ucb,7178,88.75,88.75,5.0,0,heldout,
real_moleculenet_lipophilicity,llm_calibrated_selector,7178,88.75,88.75,5.0,0,heldout,llm_evolved_kernel_explore_then_settle
real_moleculenet_lipophilicity,llm_evolved_kernel_explore_then_settle,7178,88.75,88.75,5.0,0,heldout,
real_moleculenet_lipophilicity,mixed_kernel_gp_ei,7178,88.75,88.75,5.0,0,heldout,
real_moleculenet_lipophilicity,target_acquisition_portfolio,7178,90.0,88.875,3.75,0,heldout,
real_moleculenet_lipophilicity,fixed_scale_ensemble_0p5_1_1p5_2_3_4,7179,92.25,92.25,1.5,0,heldout,
real_moleculenet_lipophilicity,gp_ucb,7179,92.25,92.25,1.5,0,heldout,
real_moleculenet_lipophilicity,llm_calibrated_selector,7179,93.75,92.4,0.0,1,heldout,llm_evolved_kernel_explore_then_settle
real_moleculenet_lipophilicity,llm_evolved_kernel_explore_then_settle,7179,93.75,92.4,0.0,1,heldout,
real_moleculenet_lipophilicity,mixed_kernel_gp_ei,7179,93.75,92.55,0.0,1,heldout,
real_moleculenet_lipophilicity,target_acquisition_portfolio,7179,92.25,92.25,1.5,0,heldout,
real_moleculenet_lipophilicity,fixed_scale_ensemble_0p5_1_1p5_2_3_4,7180,79.5,79.5,14.25,0,heldout,
real_moleculenet_lipophilicity,gp_ucb,7180,79.5,79.5,14.25,0,heldout,
real_moleculenet_lipophilicity,llm_calibrated_selector,7180,80.0,77.925,13.75,0,heldout,llm_evolved_kernel_explore_then_settle
real_moleculenet_lipophilicity,llm_evolved_kernel_explore_then_settle,7180,80.0,77.925,13.75,0,heldout,
real_moleculenet_lipophilicity,mixed_kernel_gp_ei,7180,85.375,84.375,8.375,0,heldout,
real_moleculenet_lipophilicity,target_acquisition_portfolio,7180,85.375,84.375,8.375,0,heldout,
real_moleculenet_lipophilicity,fixed_scale_ensemble_0p5_1_1p5_2_3_4,7181,88.75,88.75,5.0,0,heldout,
real_moleculenet_lipophilicity,gp_ucb,7181,88.75,88.75,5.0,0,heldout,
real_moleculenet_lipophilicity,llm_calibrated_selector,7181,84.75,75.4625,9.0,0,heldout,llm_evolved_kernel_explore_then_settle
real_moleculenet_lipophilicity,llm_evolved_kernel_explore_then_settle,7181,84.75,75.4625,9.0,0,heldout,
real_moleculenet_lipophilicity,mixed_kernel_gp_ei,7181,83.75,82.1875,10.0,0,heldout,
real_moleculenet_lipophilicity,target_acquisition_portfolio,7181,88.75,88.75,5.0,0,heldout,
real_moleculenet_lipophilicity,fixed_scale_ensemble_0p5_1_1p5_2_3_4,7182,85.0,84.75,8.75,0,heldout,
real_moleculenet_lipophilicity,gp_ucb,7182,93.75,86.5,0.0,1,heldout,
real_moleculenet_lipophilicity,llm_calibrated_selector,7182,85.0,84.375,8.75,0,heldout,llm_evolved_kernel_explore_then_settle
real_moleculenet_lipophilicity,llm_evolved_kernel_explore_then_settle,7182,85.0,84.375,8.75,0,heldout,
real_moleculenet_lipophilicity,mixed_kernel_gp_ei,7182,90.0,85.0,3.75,0,heldout,
real_moleculenet_lipophilicity,target_acquisition_portfolio,7182,88.25,86.125,5.5,0,heldout,
real_moleculenet_lipophilicity,fixed_scale_ensemble_0p5_1_1p5_2_3_4,7183,88.75,86.6,5.0,0,heldout,
real_moleculenet_lipophilicity,gp_ucb,7183,91.875,88.95,1.875,0,heldout,
real_moleculenet_lipophilicity,llm_calibrated_selector,7183,88.625,86.0375,5.125,0,heldout,llm_evolved_kernel_explore_then_settle
real_moleculenet_lipophilicity,llm_evolved_kernel_explore_then_settle,7183,88.625,86.0375,5.125,0,heldout,
real_moleculenet_lipophilicity,mixed_kernel_gp_ei,7183,85.875,84.1875,7.875,0,heldout,
real_moleculenet_lipophilicity,target_acquisition_portfolio,7183,91.875,88.95,1.875,0,heldout,
real_moleculenet_lipophilicity,fixed_scale_ensemble_0p5_1_1p5_2_3_4,7184,93.75,82.75,0.0,1,heldout,
real_moleculenet_lipophilicity,gp_ucb,7184,93.75,81.375,0.0,1,heldout,
real_moleculenet_lipophilicity,llm_calibrated_selector,7184,90.0,84.1125,3.75,0,heldout,llm_evolved_kernel_explore_then_settle
real_moleculenet_lipophilicity,llm_evolved_kernel_explore_then_settle,7184,90.0,84.1125,3.75,0,heldout,
real_moleculenet_lipophilicity,mixed_kernel_gp_ei,7184,93.75,82.75,0.0,1,heldout,
real_moleculenet_lipophilicity,target_acquisition_portfolio,7184,93.75,81.375,0.0,1,heldout,
real_moleculenet_lipophilicity,fixed_scale_ensemble_0p5_1_1p5_2_3_4,7185,87.5,87.4875,6.25,0,heldout,
real_moleculenet_lipophilicity,gp_ucb,7185,88.75,88.75,5.0,0,heldout,
real_moleculenet_lipophilicity,llm_calibrated_selector,7185,93.75,88.125,0.0,1,heldout,llm_evolved_kernel_explore_then_settle
real_moleculenet_lipophilicity,llm_evolved_kernel_explore_then_settle,7185,93.75,88.125,0.0,1,heldout,
real_moleculenet_lipophilicity,mixed_kernel_gp_ei,7185,93.75,84.8625,0.0,1,heldout,
real_moleculenet_lipophilicity,target_acquisition_portfolio,7185,88.75,85.75,5.0,0,heldout,
real_moleculenet_lipophilicity,fixed_scale_ensemble_0p5_1_1p5_2_3_4,7186,89.125,86.05,4.625,0,heldout,
real_moleculenet_lipophilicity,gp_ucb,7186,91.875,84.1125,1.875,0,heldout,
real_moleculenet_lipophilicity,llm_calibrated_selector,7186,89.125,85.15,4.625,0,heldout,llm_evolved_kernel_explore_then_settle
real_moleculenet_lipophilicity,llm_evolved_kernel_explore_then_settle,7186,89.125,85.15,4.625,0,heldout,
real_moleculenet_lipophilicity,mixed_kernel_gp_ei,7186,91.25,86.0,2.5,0,heldout,
real_moleculenet_lipophilicity,target_acquisition_portfolio,7186,89.125,86.05,4.625,0,heldout,
real_moleculenet_lipophilicity,fixed_scale_ensemble_0p5_1_1p5_2_3_4,7187,85.0,83.875,8.75,0,heldout,
real_moleculenet_lipophilicity,gp_ucb,7187,85.0,84.5375,8.75,0,heldout,
real_moleculenet_lipophilicity,llm_calibrated_selector,7187,87.75,86.925,6.0,0,heldout,llm_evolved_kernel_explore_then_settle
real_moleculenet_lipophilicity,llm_evolved_kernel_explore_then_settle,7187,87.75,86.925,6.0,0,heldout,
real_moleculenet_lipophilicity,mixed_kernel_gp_ei,7187,80.375,80.375,13.375,0,heldout,
real_moleculenet_lipophilicity,target_acquisition_portfolio,7187,90.0,86.5375,3.75,0,heldout,
real_moleculenet_lipophilicity,fixed_scale_ensemble_0p5_1_1p5_2_3_4,7188,87.0,85.2,6.75,0,heldout,
real_moleculenet_lipophilicity,gp_ucb,7188,87.0,84.75,6.75,0,heldout,
real_moleculenet_lipophilicity,llm_calibrated_selector,7188,87.0,84.3,6.75,0,heldout,llm_evolved_kernel_explore_then_settle
real_moleculenet_lipophilicity,llm_evolved_kernel_explore_then_settle,7188,87.0,84.3,6.75,0,heldout,
real_moleculenet_lipophilicity,mixed_kernel_gp_ei,7188,87.0,84.75,6.75,0,heldout,
real_moleculenet_lipophilicity,target_acquisition_portfolio,7188,87.0,84.75,6.75,0,heldout,
real_moleculenet_lipophilicity,fixed_scale_ensemble_0p5_1_1p5_2_3_4,7189,88.75,88.75,5.0,0,heldout,
real_moleculenet_lipophilicity,gp_ucb,7189,88.75,88.75,5.0,0,heldout,
real_moleculenet_lipophilicity,llm_calibrated_selector,7189,88.75,88.75,5.0,0,heldout,llm_evolved_kernel_explore_then_settle
real_moleculenet_lipophilicity,llm_evolved_kernel_explore_then_settle,7189,88.75,88.75,5.0,0,heldout,
real_moleculenet_lipophilicity,mixed_kernel_gp_ei,7189,91.875,91.25,1.875,0,heldout,
real_moleculenet_lipophilicity,target_acquisition_portfolio,7189,88.75,88.75,5.0,0,heldout,
real_moleculenet_lipophilicity,fixed_scale_ensemble_0p5_1_1p5_2_3_4,7190,85.875,82.4375,7.875,0,heldout,
real_moleculenet_lipophilicity,gp_ucb,7190,85.875,82.4375,7.875,0,heldout,
real_moleculenet_lipophilicity,llm_calibrated_selector,7190,86.25,83.4375,7.5,0,heldout,llm_evolved_kernel_explore_then_settle
real_moleculenet_lipophilicity,llm_evolved_kernel_explore_then_settle,7190,86.25,83.4375,7.5,0,heldout,
real_moleculenet_lipophilicity,mixed_kernel_gp_ei,7190,82.25,82.075,11.5,0,heldout,
real_moleculenet_lipophilicity,target_acquisition_portfolio,7190,82.25,82.075,11.5,0,heldout,
real_moleculenet_lipophilicity,fixed_scale_ensemble_0p5_1_1p5_2_3_4,7191,85.0,82.9875,8.75,0,heldout,
real_moleculenet_lipophilicity,gp_ucb,7191,86.25,83.7375,7.5,0,heldout,
real_moleculenet_lipophilicity,llm_calibrated_selector,7191,93.75,90.5375,0.0,1,heldout,llm_evolved_kernel_explore_then_settle
real_moleculenet_lipophilicity,llm_evolved_kernel_explore_then_settle,7191,93.75,90.5375,0.0,1,heldout,
real_moleculenet_lipophilicity,mixed_kernel_gp_ei,7191,81.625,81.625,12.125,0,heldout,
real_moleculenet_lipophilicity,target_acquisition_portfolio,7191,81.625,81.625,12.125,0,heldout,
real_moleculenet_lipophilicity,fixed_scale_ensemble_0p5_1_1p5_2_3_4,7192,86.75,83.45,7.0,0,heldout,
real_moleculenet_lipophilicity,gp_ucb,7192,86.75,83.45,7.0,0,heldout,
real_moleculenet_lipophilicity,llm_calibrated_selector,7192,90.0,88.8625,3.75,0,heldout,llm_evolved_kernel_explore_then_settle
real_moleculenet_lipophilicity,llm_evolved_kernel_explore_then_settle,7192,90.0,88.8625,3.75,0,heldout,
real_moleculenet_lipophilicity,mixed_kernel_gp_ei,7192,83.25,81.85,10.5,0,heldout,
real_moleculenet_lipophilicity,target_acquisition_portfolio,7192,90.0,85.55,3.75,0,heldout,
real_moleculenet_lipophilicity,fixed_scale_ensemble_0p5_1_1p5_2_3_4,7193,90.125,90.125,3.625,0,heldout,
real_moleculenet_lipophilicity,gp_ucb,7193,90.125,90.125,3.625,0,heldout,
real_moleculenet_lipophilicity,llm_calibrated_selector,7193,90.125,90.125,3.625,0,heldout,llm_evolved_kernel_explore_then_settle
real_moleculenet_lipophilicity,llm_evolved_kernel_explore_then_settle,7193,90.125,90.125,3.625,0,heldout,
real_moleculenet_lipophilicity,mixed_kernel_gp_ei,7193,90.125,90.125,3.625,0,heldout,
real_moleculenet_lipophilicity,target_acquisition_portfolio,7193,90.125,90.125,3.625,0,heldout,
real_moleculenet_lipophilicity,fixed_scale_ensemble_0p5_1_1p5_2_3_4,7194,88.25,81.6125,5.5,0,heldout,
real_moleculenet_lipophilicity,gp_ucb,7194,86.0,83.1,7.75,0,heldout,
real_moleculenet_lipophilicity,llm_calibrated_selector,7194,85.5,82.2,8.25,0,heldout,llm_evolved_kernel_explore_then_settle
real_moleculenet_lipophilicity,llm_evolved_kernel_explore_then_settle,7194,85.5,82.2,8.25,0,heldout,
real_moleculenet_lipophilicity,mixed_kernel_gp_ei,7194,88.75,85.9375,5.0,0,heldout,
real_moleculenet_lipophilicity,target_acquisition_portfolio,7194,91.625,87.7625,2.125,0,heldout,
real_moleculenet_lipophilicity,fixed_scale_ensemble_0p5_1_1p5_2_3_4,7195,87.5,81.0375,6.25,0,heldout,
real_moleculenet_lipophilicity,gp_ucb,7195,87.5,80.7375,6.25,0,heldout,
real_moleculenet_lipophilicity,llm_calibrated_selector,7195,91.25,82.875,2.5,0,heldout,llm_evolved_kernel_explore_then_settle
real_moleculenet_lipophilicity,llm_evolved_kernel_explore_then_settle,7195,91.25,82.875,2.5,0,heldout,
real_moleculenet_lipophilicity,mixed_kernel_gp_ei,7195,87.5,80.7375,6.25,0,heldout,
real_moleculenet_lipophilicity,target_acquisition_portfolio,7195,87.5,80.7375,6.25,0,heldout,
real_moleculenet_lipophilicity,fixed_scale_ensemble_0p5_1_1p5_2_3_4,7196,91.375,91.375,2.375,0,heldout,
real_moleculenet_lipophilicity,gp_ucb,7196,91.375,91.375,2.375,0,heldout,
real_moleculenet_lipophilicity,llm_calibrated_selector,7196,93.75,93.75,0.0,1,heldout,llm_evolved_kernel_explore_then_settle
real_moleculenet_lipophilicity,llm_evolved_kernel_explore_then_settle,7196,93.75,93.75,0.0,1,heldout,
real_moleculenet_lipophilicity,mixed_kernel_gp_ei,7196,91.375,91.375,2.375,0,heldout,
real_moleculenet_lipophilicity,target_acquisition_portfolio,7196,91.375,91.375,2.375,0,heldout,
real_moleculenet_lipophilicity,fixed_scale_ensemble_0p5_1_1p5_2_3_4,7197,84.0,76.5375,9.75,0,heldout,
real_moleculenet_lipophilicity,gp_ucb,7197,84.25,77.8,9.5,0,heldout,
real_moleculenet_lipophilicity,llm_calibrated_selector,7197,88.25,83.9375,5.5,0,heldout,llm_evolved_kernel_explore_then_settle
real_moleculenet_lipophilicity,llm_evolved_kernel_explore_then_settle,7197,88.25,83.9375,5.5,0,heldout,
real_moleculenet_lipophilicity,mixed_kernel_gp_ei,7197,82.25,82.25,11.5,0,heldout,
real_moleculenet_lipophilicity,target_acquisition_portfolio,7197,90.75,84.8,3.0,0,heldout,
real_moleculenet_lipophilicity,fixed_scale_ensemble_0p5_1_1p5_2_3_4,7198,93.75,92.3,0.0,1,heldout,
real_moleculenet_lipophilicity,gp_ucb,7198,93.75,92.3,0.0,1,heldout,
real_moleculenet_lipophilicity,llm_calibrated_selector,7198,87.25,83.8,6.5,0,heldout,llm_evolved_kernel_explore_then_settle
real_moleculenet_lipophilicity,llm_evolved_kernel_explore_then_settle,7198,87.25,83.8,6.5,0,heldout,
real_moleculenet_lipophilicity,mixed_kernel_gp_ei,7198,93.75,92.3,0.0,1,heldout,
real_moleculenet_lipophilicity,target_acquisition_portfolio,7198,93.75,92.3,0.0,1,heldout,
real_moleculenet_lipophilicity,fixed_scale_ensemble_0p5_1_1p5_2_3_4,7199,93.75,89.3,0.0,1,heldout,
real_moleculenet_lipophilicity,gp_ucb,7199,93.75,89.3,0.0,1,heldout,
real_moleculenet_lipophilicity,llm_calibrated_selector,7199,93.75,90.6,0.0,1,heldout,llm_evolved_kernel_explore_then_settle
real_moleculenet_lipophilicity,llm_evolved_kernel_explore_then_settle,7199,93.75,90.6,0.0,1,heldout,
real_moleculenet_lipophilicity,mixed_kernel_gp_ei,7199,88.625,85.05,5.125,0,heldout,
real_moleculenet_lipophilicity,target_acquisition_portfolio,7199,93.75,90.6,0.0,1,heldout,
real_moleculenet_lipophilicity,fixed_scale_ensemble_0p5_1_1p5_2_3_4,7200,89.0,89.0,4.75,0,heldout,
real_moleculenet_lipophilicity,gp_ucb,7200,89.0,89.0,4.75,0,heldout,
real_moleculenet_lipophilicity,llm_calibrated_selector,7200,89.0,89.0,4.75,0,heldout,llm_evolved_kernel_explore_then_settle
real_moleculenet_lipophilicity,llm_evolved_kernel_explore_then_settle,7200,89.0,89.0,4.75,0,heldout,
real_moleculenet_lipophilicity,mixed_kernel_gp_ei,7200,89.0,89.0,4.75,0,heldout,
real_moleculenet_lipophilicity,target_acquisition_portfolio,7200,89.0,89.0,4.75,0,heldout,
real_moleculenet_lipophilicity,fixed_scale_ensemble_0p5_1_1p5_2_3_4,7201,92.75,92.75,1.0,0,heldout,
real_moleculenet_lipophilicity,gp_ucb,7201,92.75,92.75,1.0,0,heldout,
real_moleculenet_lipophilicity,llm_calibrated_selector,7201,92.75,92.75,1.0,0,heldout,llm_evolved_kernel_explore_then_settle
real_moleculenet_lipophilicity,llm_evolved_kernel_explore_then_settle,7201,92.75,92.75,1.0,0,heldout,
real_moleculenet_lipophilicity,mixed_kernel_gp_ei,7201,92.75,92.75,1.0,0,heldout,
real_moleculenet_lipophilicity,target_acquisition_portfolio,7201,92.75,92.75,1.0,0,heldout,
real_moleculenet_lipophilicity,fixed_scale_ensemble_0p5_1_1p5_2_3_4,7202,70.875,69.75,22.875,0,heldout,
real_moleculenet_lipophilicity,gp_ucb,7202,84.0,72.5,9.75,0,heldout,
real_moleculenet_lipophilicity,llm_calibrated_selector,7202,93.75,86.9875,0.0,1,heldout,llm_evolved_kernel_explore_then_settle
real_moleculenet_lipophilicity,llm_evolved_kernel_explore_then_settle,7202,93.75,86.9875,0.0,1,heldout,
real_moleculenet_lipophilicity,mixed_kernel_gp_ei,7202,86.25,83.5875,7.5,0,heldout,
real_moleculenet_lipophilicity,target_acquisition_portfolio,7202,86.25,83.5875,7.5,0,heldout,
real_moleculenet_lipophilicity,fixed_scale_ensemble_0p5_1_1p5_2_3_4,7203,82.5,82.275,11.25,0,heldout,
real_moleculenet_lipophilicity,gp_ucb,7203,86.75,83.425,7.0,0,heldout,
real_moleculenet_lipophilicity,llm_calibrated_selector,7203,88.625,87.325,5.125,0,heldout,llm_evolved_kernel_explore_then_settle
real_moleculenet_lipophilicity,llm_evolved_kernel_explore_then_settle,7203,88.625,87.325,5.125,0,heldout,
real_moleculenet_lipophilicity,mixed_kernel_gp_ei,7203,82.125,82.125,11.625,0,heldout,
real_moleculenet_lipophilicity,target_acquisition_portfolio,7203,82.125,82.125,11.625,0,heldout,
real_moleculenet_lipophilicity,fixed_scale_ensemble_0p5_1_1p5_2_3_4,7204,83.5,83.5,10.25,0,heldout,
real_moleculenet_lipophilicity,gp_ucb,7204,83.5,83.5,10.25,0,heldout,
real_moleculenet_lipophilicity,llm_calibrated_selector,7204,87.0,86.65,6.75,0,heldout,llm_evolved_kernel_explore_then_settle
real_moleculenet_lipophilicity,llm_evolved_kernel_explore_then_settle,7204,87.0,86.65,6.75,0,heldout,
real_moleculenet_lipophilicity,mixed_kernel_gp_ei,7204,83.5,83.5,10.25,0,heldout,
real_moleculenet_lipophilicity,target_acquisition_portfolio,7204,83.5,83.5,10.25,0,heldout,
real_moleculenet_lipophilicity,fixed_scale_ensemble_0p5_1_1p5_2_3_4,7205,86.25,86.25,7.5,0,heldout,
real_moleculenet_lipophilicity,gp_ucb,7205,86.25,86.25,7.5,0,heldout,
real_moleculenet_lipophilicity,llm_calibrated_selector,7205,88.625,86.4875,5.125,0,heldout,llm_evolved_kernel_explore_then_settle
real_moleculenet_lipophilicity,llm_evolved_kernel_explore_then_settle,7205,88.625,86.4875,5.125,0,heldout,
real_moleculenet_lipophilicity,mixed_kernel_gp_ei,7205,86.25,86.25,7.5,0,heldout,
real_moleculenet_lipophilicity,target_acquisition_portfolio,7205,86.625,86.325,7.125,0,heldout,
real_moleculenet_lipophilicity,fixed_scale_ensemble_0p5_1_1p5_2_3_4,7206,90.0,82.175,3.75,0,heldout,
real_moleculenet_lipophilicity,gp_ucb,7206,88.25,83.1,5.5,0,heldout,
real_moleculenet_lipophilicity,llm_calibrated_selector,7206,78.625,78.625,15.125,0,heldout,llm_evolved_kernel_explore_then_settle
real_moleculenet_lipophilicity,llm_evolved_kernel_explore_then_settle,7206,78.625,78.625,15.125,0,heldout,
real_moleculenet_lipophilicity,mixed_kernel_gp_ei,7206,88.25,81.2875,5.5,0,heldout,
real_moleculenet_lipophilicity,target_acquisition_portfolio,7206,88.25,82.5625,5.5,0,heldout,
real_moleculenet_lipophilicity,fixed_scale_ensemble_0p5_1_1p5_2_3_4,7207,82.5,82.125,11.25,0,heldout,
real_moleculenet_lipophilicity,gp_ucb,7207,82.5,82.125,11.25,0,heldout,
real_moleculenet_lipophilicity,llm_calibrated_selector,7207,93.75,88.1,0.0,1,heldout,llm_evolved_kernel_explore_then_settle
real_moleculenet_lipophilicity,llm_evolved_kernel_explore_then_settle,7207,93.75,88.1,0.0,1,heldout,
real_moleculenet_lipophilicity,mixed_kernel_gp_ei,7207,88.25,86.325,5.5,0,heldout,
real_moleculenet_lipophilicity,target_acquisition_portfolio,7207,87.5,84.375,6.25,0,heldout,
real_moleculenet_lipophilicity,fixed_scale_ensemble_0p5_1_1p5_2_3_4,7208,90.0,85.6,3.75,0,heldout,
real_moleculenet_lipophilicity,gp_ucb,7208,90.0,85.6,3.75,0,heldout,
real_moleculenet_lipophilicity,llm_calibrated_selector,7208,87.25,83.9,6.5,0,heldout,llm_evolved_kernel_explore_then_settle
real_moleculenet_lipophilicity,llm_evolved_kernel_explore_then_settle,7208,87.25,83.9,6.5,0,heldout,
real_moleculenet_lipophilicity,mixed_kernel_gp_ei,7208,90.0,85.6,3.75,0,heldout,
real_moleculenet_lipophilicity,target_acquisition_portfolio,7208,90.0,85.6,3.75,0,heldout,
real_moleculenet_lipophilicity,fixed_scale_ensemble_0p5_1_1p5_2_3_4,7209,91.125,86.7375,2.625,0,heldout,
real_moleculenet_lipophilicity,gp_ucb,7209,86.625,86.4,7.125,0,heldout,
real_moleculenet_lipophilicity,llm_calibrated_selector,7209,86.625,86.475,7.125,0,heldout,llm_evolved_kernel_explore_then_settle
real_moleculenet_lipophilicity,llm_evolved_kernel_explore_then_settle,7209,86.625,86.475,7.125,0,heldout,
real_moleculenet_lipophilicity,mixed_kernel_gp_ei,7209,86.625,86.4,7.125,0,heldout,
real_moleculenet_lipophilicity,target_acquisition_portfolio,7209,86.25,86.25,7.5,0,heldout,
real_moleculenet_lipophilicity,fixed_scale_ensemble_0p5_1_1p5_2_3_4,7210,93.75,87.3125,0.0,1,heldout,
real_moleculenet_lipophilicity,gp_ucb,7210,87.375,84.0875,6.375,0,heldout,
real_moleculenet_lipophilicity,llm_calibrated_selector,7210,89.625,85.85,4.125,0,heldout,llm_evolved_kernel_explore_then_settle
real_moleculenet_lipophilicity,llm_evolved_kernel_explore_then_settle,7210,89.625,85.85,4.125,0,heldout,
real_moleculenet_lipophilicity,mixed_kernel_gp_ei,7210,88.25,83.975,5.5,0,heldout,
real_moleculenet_lipophilicity,target_acquisition_portfolio,7210,93.75,87.3125,0.0,1,heldout,
real_moleculenet_lipophilicity,fixed_scale_ensemble_0p5_1_1p5_2_3_4,7211,89.0,89.0,4.75,0,heldout,
real_moleculenet_lipophilicity,gp_ucb,7211,89.0,89.0,4.75,0,heldout,
real_moleculenet_lipophilicity,llm_calibrated_selector,7211,89.0,89.0,4.75,0,heldout,llm_evolved_kernel_explore_then_settle
real_moleculenet_lipophilicity,llm_evolved_kernel_explore_then_settle,7211,89.0,89.0,4.75,0,heldout,
real_moleculenet_lipophilicity,mixed_kernel_gp_ei,7211,89.0,89.0,4.75,0,heldout,
real_moleculenet_lipophilicity,target_acquisition_portfolio,7211,89.0,89.0,4.75,0,heldout,
real_moleculenet_lipophilicity,fixed_scale_ensemble_0p5_1_1p5_2_3_4,7212,82.625,82.625,11.125,0,heldout,
real_moleculenet_lipophilicity,gp_ucb,7212,91.0,86.8125,2.75,0,heldout,
real_moleculenet_lipophilicity,llm_calibrated_selector,7212,86.25,86.25,7.5,0,heldout,llm_evolved_kernel_explore_then_settle
real_moleculenet_lipophilicity,llm_evolved_kernel_explore_then_settle,7212,86.25,86.25,7.5,0,heldout,
real_moleculenet_lipophilicity,mixed_kernel_gp_ei,7212,93.75,84.4625,0.0,1,heldout,
real_moleculenet_lipophilicity,target_acquisition_portfolio,7212,90.0,87.05,3.75,0,heldout,
real_moleculenet_lipophilicity,fixed_scale_ensemble_0p5_1_1p5_2_3_4,7213,93.75,93.75,0.0,1,heldout,
real_moleculenet_lipophilicity,gp_ucb,7213,93.75,93.75,0.0,1,heldout,
real_moleculenet_lipophilicity,llm_calibrated_selector,7213,93.75,93.75,0.0,1,heldout,llm_evolved_kernel_explore_then_settle
real_moleculenet_lipophilicity,llm_evolved_kernel_explore_then_settle,7213,93.75,93.75,0.0,1,heldout,
real_moleculenet_lipophilicity,mixed_kernel_gp_ei,7213,93.75,93.75,0.0,1,heldout,
real_moleculenet_lipophilicity,target_acquisition_portfolio,7213,93.75,93.75,0.0,1,heldout,
real_moleculenet_lipophilicity,fixed_scale_ensemble_0p5_1_1p5_2_3_4,7214,85.75,82.85,8.0,0,heldout,
real_moleculenet_lipophilicity,gp_ucb,7214,79.625,79.625,14.125,0,heldout,
real_moleculenet_lipophilicity,llm_calibrated_selector,7214,93.75,93.125,0.0,1,heldout,llm_evolved_kernel_explore_then_settle
real_moleculenet_lipophilicity,llm_evolved_kernel_explore_then_settle,7214,93.75,93.125,0.0,1,heldout,
real_moleculenet_lipophilicity,mixed_kernel_gp_ei,7214,87.5,81.2,6.25,0,heldout,
real_moleculenet_lipophilicity,target_acquisition_portfolio,7214,79.625,79.625,14.125,0,heldout,
real_moleculenet_lipophilicity,fixed_scale_ensemble_0p5_1_1p5_2_3_4,7215,88.75,84.75,5.0,0,heldout,
real_moleculenet_lipophilicity,gp_ucb,7215,89.875,85.675,3.875,0,heldout,
real_moleculenet_lipophilicity,llm_calibrated_selector,7215,83.75,83.75,10.0,0,heldout,llm_evolved_kernel_explore_then_settle
real_moleculenet_lipophilicity,llm_evolved_kernel_explore_then_settle,7215,83.75,83.75,10.0,0,heldout,
real_moleculenet_lipophilicity,mixed_kernel_gp_ei,7215,85.625,85.25,8.125,0,heldout,
real_moleculenet_lipophilicity,target_acquisition_portfolio,7215,92.375,89.25,1.375,0,heldout,
real_moleculenet_lipophilicity,fixed_scale_ensemble_0p5_1_1p5_2_3_4,7216,89.875,85.075,3.875,0,heldout,
real_moleculenet_lipophilicity,gp_ucb,7216,89.875,87.325,3.875,0,heldout,
real_moleculenet_lipophilicity,llm_calibrated_selector,7216,89.875,86.6,3.875,0,heldout,llm_evolved_kernel_explore_then_settle
real_moleculenet_lipophilicity,llm_evolved_kernel_explore_then_settle,7216,89.875,86.6,3.875,0,heldout,
real_moleculenet_lipophilicity,mixed_kernel_gp_ei,7216,89.875,85.075,3.875,0,heldout,
real_moleculenet_lipophilicity,target_acquisition_portfolio,7216,89.875,85.075,3.875,0,heldout,
real_moleculenet_lipophilicity,fixed_scale_ensemble_0p5_1_1p5_2_3_4,7217,84.375,84.375,9.375,0,heldout,
real_moleculenet_lipophilicity,gp_ucb,7217,93.75,86.325,0.0,1,heldout,
real_moleculenet_lipophilicity,llm_calibrated_selector,7217,84.375,84.375,9.375,0,heldout,llm_evolved_kernel_explore_then_settle
real_moleculenet_lipophilicity,llm_evolved_kernel_explore_then_settle,7217,84.375,84.375,9.375,0,heldout,
real_moleculenet_lipophilicity,mixed_kernel_gp_ei,7217,84.375,84.375,9.375,0,heldout,
real_moleculenet_lipophilicity,target_acquisition_portfolio,7217,84.375,84.375,9.375,0,heldout,
real_moleculenet_lipophilicity,fixed_scale_ensemble_0p5_1_1p5_2_3_4,7218,93.75,89.5,0.0,1,heldout,
real_moleculenet_lipophilicity,gp_ucb,7218,93.75,90.125,0.0,1,heldout,
real_moleculenet_lipophilicity,llm_calibrated_selector,7218,93.75,90.75,0.0,1,heldout,llm_evolved_kernel_explore_then_settle
real_moleculenet_lipophilicity,llm_evolved_kernel_explore_then_settle,7218,93.75,90.75,0.0,1,heldout,
real_moleculenet_lipophilicity,mixed_kernel_gp_ei,7218,93.75,90.125,0.0,1,heldout,
real_moleculenet_lipophilicity,target_acquisition_portfolio,7218,93.75,89.5,0.0,1,heldout,
real_moleculenet_lipophilicity,fixed_scale_ensemble_0p5_1_1p5_2_3_4,7219,92.125,84.85,1.625,0,heldout,
real_moleculenet_lipophilicity,gp_ucb,7219,82.5,79.625,11.25,0,heldout,
real_moleculenet_lipophilicity,llm_calibrated_selector,7219,92.125,88.1125,1.625,0,heldout,llm_evolved_kernel_explore_then_settle
real_moleculenet_lipophilicity,llm_evolved_kernel_explore_then_settle,7219,92.125,88.1125,1.625,0,heldout,
real_moleculenet_lipophilicity,mixed_kernel_gp_ei,7219,92.125,88.1125,1.625,0,heldout,
real_moleculenet_lipophilicity,target_acquisition_portfolio,7219,82.5,79.5,11.25,0,heldout,
real_moleculenet_lipophilicity,fixed_scale_ensemble_0p5_1_1p5_2_3_4,7220,88.75,88.75,5.0,0,heldout,
real_moleculenet_lipophilicity,gp_ucb,7220,91.25,89.0,2.5,0,heldout,
real_moleculenet_lipophilicity,llm_calibrated_selector,7220,91.875,85.575,1.875,0,heldout,llm_evolved_kernel_explore_then_settle
real_moleculenet_lipophilicity,llm_evolved_kernel_explore_then_settle,7220,91.875,85.575,1.875,0,heldout,
real_moleculenet_lipophilicity,mixed_kernel_gp_ei,7220,91.875,91.25,1.875,0,heldout,
real_moleculenet_lipophilicity,target_acquisition_portfolio,7220,91.875,91.25,1.875,0,heldout,
real_moleculenet_lipophilicity,fixed_scale_ensemble_0p5_1_1p5_2_3_4,7221,88.625,77.3625,5.125,0,heldout,
real_moleculenet_lipophilicity,gp_ucb,7221,81.25,77.625,12.5,0,heldout,
real_moleculenet_lipophilicity,llm_calibrated_selector,7221,83.75,82.05,10.0,0,heldout,llm_evolved_kernel_explore_then_settle
real_moleculenet_lipophilicity,llm_evolved_kernel_explore_then_settle,7221,83.75,82.05,10.0,0,heldout,
real_moleculenet_lipophilicity,mixed_kernel_gp_ei,7221,81.375,79.85,12.375,0,heldout,
real_moleculenet_lipophilicity,target_acquisition_portfolio,7221,81.25,77.2,12.5,0,heldout,
real_moleculenet_lipophilicity,fixed_scale_ensemble_0p5_1_1p5_2_3_4,7222,87.5,87.5,6.25,0,heldout,
real_moleculenet_lipophilicity,gp_ucb,7222,87.5,87.5,6.25,0,heldout,
real_moleculenet_lipophilicity,llm_calibrated_selector,7222,87.0,84.525,6.75,0,heldout,llm_evolved_kernel_explore_then_settle
real_moleculenet_lipophilicity,llm_evolved_kernel_explore_then_settle,7222,87.0,84.525,6.75,0,heldout,
real_moleculenet_lipophilicity,mixed_kernel_gp_ei,7222,87.5,86.975,6.25,0,heldout,
real_moleculenet_lipophilicity,target_acquisition_portfolio,7222,91.375,91.375,2.375,0,heldout,
real_moleculenet_lipophilicity,fixed_scale_ensemble_0p5_1_1p5_2_3_4,7223,87.5,87.5,6.25,0,heldout,
real_moleculenet_lipophilicity,gp_ucb,7223,87.5,87.5,6.25,0,heldout,
real_moleculenet_lipophilicity,llm_calibrated_selector,7223,85.0,85.0,8.75,0,heldout,llm_evolved_kernel_explore_then_settle
real_moleculenet_lipophilicity,llm_evolved_kernel_explore_then_settle,7223,85.0,85.0,8.75,0,heldout,
real_moleculenet_lipophilicity,mixed_kernel_gp_ei,7223,88.625,87.6125,5.125,0,heldout,
real_moleculenet_lipophilicity,target_acquisition_portfolio,7223,87.5,87.5,6.25,0,heldout,
real_moleculenet_lipophilicity,fixed_scale_ensemble_0p5_1_1p5_2_3_4,7224,87.375,85.2375,6.375,0,heldout,
real_moleculenet_lipophilicity,gp_ucb,7224,91.25,88.8125,2.5,0,heldout,
real_moleculenet_lipophilicity,llm_calibrated_selector,7224,93.75,92.4375,0.0,1,heldout,llm_evolved_kernel_explore_then_settle
real_moleculenet_lipophilicity,llm_evolved_kernel_explore_then_settle,7224,93.75,92.4375,0.0,1,heldout,
real_moleculenet_lipophilicity,mixed_kernel_gp_ei,7224,87.375,80.5625,6.375,0,heldout,
real_moleculenet_lipophilicity,target_acquisition_portfolio,7224,87.25,82.375,6.5,0,heldout,
real_moleculenet_lipophilicity,fixed_scale_ensemble_0p5_1_1p5_2_3_4,7225,87.125,86.7625,6.625,0,heldout,
real_moleculenet_lipophilicity,gp_ucb,7225,86.875,84.4125,6.875,0,heldout,
real_moleculenet_lipophilicity,llm_calibrated_selector,7225,83.5,83.5,10.25,0,heldout,llm_evolved_kernel_explore_then_settle
real_moleculenet_lipophilicity,llm_evolved_kernel_explore_then_settle,7225,83.5,83.5,10.25,0,heldout,
real_moleculenet_lipophilicity,mixed_kernel_gp_ei,7225,83.5,83.5,10.25,0,heldout,
real_moleculenet_lipophilicity,target_acquisition_portfolio,7225,83.5,83.5,10.25,0,heldout,
real_moleculenet_lipophilicity,fixed_scale_ensemble_0p5_1_1p5_2_3_4,7226,80.0,74.8,13.75,0,heldout,
real_moleculenet_lipophilicity,gp_ucb,7226,86.125,80.6125,7.625,0,heldout,
real_moleculenet_lipophilicity,llm_calibrated_selector,7226,82.25,80.3,11.5,0,heldout,llm_evolved_kernel_explore_then_settle
real_moleculenet_lipophilicity,llm_evolved_kernel_explore_then_settle,7226,82.25,80.3,11.5,0,heldout,
real_moleculenet_lipophilicity,mixed_kernel_gp_ei,7226,87.25,81.3,6.5,0,heldout,
real_moleculenet_lipophilicity,target_acquisition_portfolio,7226,86.125,80.6125,7.625,0,heldout,
real_moleculenet_lipophilicity,fixed_scale_ensemble_0p5_1_1p5_2_3_4,7227,88.125,88.125,5.625,0,heldout,
real_moleculenet_lipophilicity,gp_ucb,7227,88.125,88.125,5.625,0,heldout,
real_moleculenet_lipophilicity,llm_calibrated_selector,7227,93.75,93.75,0.0,1,heldout,llm_evolved_kernel_explore_then_settle
real_moleculenet_lipophilicity,llm_evolved_kernel_explore_then_settle,7227,93.75,93.75,0.0,1,heldout,
real_moleculenet_lipophilicity,mixed_kernel_gp_ei,7227,88.125,88.125,5.625,0,heldout,
real_moleculenet_lipophilicity,target_acquisition_portfolio,7227,88.125,88.125,5.625,0,heldout,
real_moleculenet_lipophilicity,fixed_scale_ensemble_0p5_1_1p5_2_3_4,7228,82.5,78.85,11.25,0,heldout,
real_moleculenet_lipophilicity,gp_ucb,7228,82.5,78.85,11.25,0,heldout,
real_moleculenet_lipophilicity,llm_calibrated_selector,7228,82.5,77.9625,11.25,0,heldout,llm_evolved_kernel_explore_then_settle
real_moleculenet_lipophilicity,llm_evolved_kernel_explore_then_settle,7228,82.5,77.9625,11.25,0,heldout,
real_moleculenet_lipophilicity,mixed_kernel_gp_ei,7228,82.5,78.85,11.25,0,heldout,
real_moleculenet_lipophilicity,target_acquisition_portfolio,7228,82.5,78.85,11.25,0,heldout,
real_moleculenet_lipophilicity,fixed_scale_ensemble_0p5_1_1p5_2_3_4,7229,92.875,92.875,0.875,0,heldout,
real_moleculenet_lipophilicity,gp_ucb,7229,92.875,92.875,0.875,0,heldout,
real_moleculenet_lipophilicity,llm_calibrated_selector,7229,92.875,92.875,0.875,0,heldout,llm_evolved_kernel_explore_then_settle
real_moleculenet_lipophilicity,llm_evolved_kernel_explore_then_settle,7229,92.875,92.875,0.875,0,heldout,
real_moleculenet_lipophilicity,mixed_kernel_gp_ei,7229,92.875,92.875,0.875,0,heldout,
real_moleculenet_lipophilicity,target_acquisition_portfolio,7229,92.875,92.875,0.875,0,heldout,
real_moleculenet_lipophilicity,fixed_scale_ensemble_0p5_1_1p5_2_3_4,7230,88.75,87.5625,5.0,0,heldout,
real_moleculenet_lipophilicity,gp_ucb,7230,88.75,87.325,5.0,0,heldout,
real_moleculenet_lipophilicity,llm_calibrated_selector,7230,91.875,88.725,1.875,0,heldout,llm_evolved_kernel_explore_then_settle
real_moleculenet_lipophilicity,llm_evolved_kernel_explore_then_settle,7230,91.875,88.725,1.875,0,heldout,
real_moleculenet_lipophilicity,mixed_kernel_gp_ei,7230,88.625,87.275,5.125,0,heldout,
real_moleculenet_lipophilicity,target_acquisition_portfolio,7230,88.625,87.275,5.125,0,heldout,
real_moleculenet_lipophilicity,fixed_scale_ensemble_0p5_1_1p5_2_3_4,7231,84.75,84.2125,9.0,0,heldout,
real_moleculenet_lipophilicity,gp_ucb,7231,85.0,83.05,8.75,0,heldout,
real_moleculenet_lipophilicity,llm_calibrated_selector,7231,90.0,81.2125,3.75,0,heldout,llm_evolved_kernel_explore_then_settle
real_moleculenet_lipophilicity,llm_evolved_kernel_explore_then_settle,7231,90.0,81.2125,3.75,0,heldout,
real_moleculenet_lipophilicity,mixed_kernel_gp_ei,7231,82.875,81.85,10.875,0,heldout,
real_moleculenet_lipophilicity,target_acquisition_portfolio,7231,85.0,82.5625,8.75,0,heldout,
real_moleculenet_lipophilicity,fixed_scale_ensemble_0p5_1_1p5_2_3_4,7232,93.75,93.2875,0.0,1,heldout,
real_moleculenet_lipophilicity,gp_ucb,7232,93.75,93.2875,0.0,1,heldout,
real_moleculenet_lipophilicity,llm_calibrated_selector,7232,89.125,89.125,4.625,0,heldout,llm_evolved_kernel_explore_then_settle
real_moleculenet_lipophilicity,llm_evolved_kernel_explore_then_settle,7232,89.125,89.125,4.625,0,heldout,
real_moleculenet_lipophilicity,mixed_kernel_gp_ei,7232,93.75,93.2875,0.0,1,heldout,
real_moleculenet_lipophilicity,target_acquisition_portfolio,7232,93.75,93.2875,0.0,1,heldout,
real_moleculenet_lipophilicity,fixed_scale_ensemble_0p5_1_1p5_2_3_4,7233,93.75,88.0375,0.0,1,heldout,
real_moleculenet_lipophilicity,gp_ucb,7233,93.75,88.0375,0.0,1,heldout,
real_moleculenet_lipophilicity,llm_calibrated_selector,7233,86.25,85.5625,7.5,0,heldout,llm_evolved_kernel_explore_then_settle
real_moleculenet_lipophilicity,llm_evolved_kernel_explore_then_settle,7233,86.25,85.5625,7.5,0,heldout,
real_moleculenet_lipophilicity,mixed_kernel_gp_ei,7233,88.625,85.675,5.125,0,heldout,
real_moleculenet_lipophilicity,target_acquisition_portfolio,7233,93.75,88.0375,0.0,1,heldout,
real_moleculenet_lipophilicity,fixed_scale_ensemble_0p5_1_1p5_2_3_4,7234,88.625,87.5875,5.125,0,heldout,
real_moleculenet_lipophilicity,gp_ucb,7234,87.375,87.375,6.375,0,heldout,
real_moleculenet_lipophilicity,llm_calibrated_selector,7234,87.5,87.5,6.25,0,heldout,llm_evolved_kernel_explore_then_settle
real_moleculenet_lipophilicity,llm_evolved_kernel_explore_then_settle,7234,87.5,87.5,6.25,0,heldout,
real_moleculenet_lipophilicity,mixed_kernel_gp_ei,7234,88.25,88.1,5.5,0,heldout,
real_moleculenet_lipophilicity,target_acquisition_portfolio,7234,90.0,88.1625,3.75,0,heldout,
real_moleculenet_lipophilicity,fixed_scale_ensemble_0p5_1_1p5_2_3_4,7235,90.0,85.45,3.75,0,heldout,
real_moleculenet_lipophilicity,gp_ucb,7235,93.75,86.9625,0.0,1,heldout,
real_moleculenet_lipophilicity,llm_calibrated_selector,7235,86.25,85.875,7.5,0,heldout,llm_evolved_kernel_explore_then_settle
real_moleculenet_lipophilicity,llm_evolved_kernel_explore_then_settle,7235,86.25,85.875,7.5,0,heldout,
real_moleculenet_lipophilicity,mixed_kernel_gp_ei,7235,78.625,78.625,15.125,0,heldout,
real_moleculenet_lipophilicity,target_acquisition_portfolio,7235,90.0,85.45,3.75,0,heldout,
real_moleculenet_lipophilicity,fixed_scale_ensemble_0p5_1_1p5_2_3_4,7236,90.0,89.7,3.75,0,heldout,
real_moleculenet_lipophilicity,gp_ucb,7236,90.0,89.7,3.75,0,heldout,
real_moleculenet_lipophilicity,llm_calibrated_selector,7236,90.0,90.0,3.75,0,heldout,llm_evolved_kernel_explore_then_settle
real_moleculenet_lipophilicity,llm_evolved_kernel_explore_then_settle,7236,90.0,90.0,3.75,0,heldout,
real_moleculenet_lipophilicity,mixed_kernel_gp_ei,7236,88.75,88.4,5.0,0,heldout,
real_moleculenet_lipophilicity,target_acquisition_portfolio,7236,87.375,87.3,6.375,0,heldout,
real_moleculenet_lipophilicity,fixed_scale_ensemble_0p5_1_1p5_2_3_4,7237,87.5,87.5,6.25,0,heldout,
real_moleculenet_lipophilicity,gp_ucb,7237,87.5,87.5,6.25,0,heldout,
real_moleculenet_lipophilicity,llm_calibrated_selector,7237,86.0,86.0,7.75,0,heldout,llm_evolved_kernel_explore_then_settle
real_moleculenet_lipophilicity,llm_evolved_kernel_explore_then_settle,7237,86.0,86.0,7.75,0,heldout,
real_moleculenet_lipophilicity,mixed_kernel_gp_ei,7237,91.25,89.375,2.5,0,heldout,
real_moleculenet_lipophilicity,target_acquisition_portfolio,7237,87.5,87.5,6.25,0,heldout,
real_moleculenet_lipophilicity,fixed_scale_ensemble_0p5_1_1p5_2_3_4,7238,84.75,83.125,9.0,0,heldout,
real_moleculenet_lipophilicity,gp_ucb,7238,91.875,87.725,1.875,0,heldout,
real_moleculenet_lipophilicity,llm_calibrated_selector,7238,91.875,89.35,1.875,0,heldout,llm_evolved_kernel_explore_then_settle
real_moleculenet_lipophilicity,llm_evolved_kernel_explore_then_settle,7238,91.875,89.35,1.875,0,heldout,
real_moleculenet_lipophilicity,mixed_kernel_gp_ei,7238,84.75,82.8,9.0,0,heldout,
real_moleculenet_lipophilicity,target_acquisition_portfolio,7238,84.75,83.125,9.0,0,heldout,
real_moleculenet_lipophilicity,fixed_scale_ensemble_0p5_1_1p5_2_3_4,7239,85.875,78.725,7.875,0,heldout,
real_moleculenet_lipophilicity,gp_ucb,7239,85.875,78.2,7.875,0,heldout,
real_moleculenet_lipophilicity,llm_calibrated_selector,7239,91.25,87.2625,2.5,0,heldout,llm_evolved_kernel_explore_then_settle
real_moleculenet_lipophilicity,llm_evolved_kernel_explore_then_settle,7239,91.25,87.2625,2.5,0,heldout,
real_moleculenet_lipophilicity,mixed_kernel_gp_ei,7239,90.0,83.075,3.75,0,heldout,
real_moleculenet_lipophilicity,target_acquisition_portfolio,7239,79.0,75.3125,14.75,0,heldout,
real_moleculenet_lipophilicity,fixed_scale_ensemble_0p5_1_1p5_2_3_4,7240,91.875,85.9375,1.875,0,heldout,
real_moleculenet_lipophilicity,gp_ucb,7240,93.5,85.4875,0.25,1,heldout,
real_moleculenet_lipophilicity,llm_calibrated_selector,7240,84.0,79.5125,9.75,0,heldout,llm_evolved_kernel_explore_then_settle
real_moleculenet_lipophilicity,llm_evolved_kernel_explore_then_settle,7240,84.0,79.5125,9.75,0,heldout,
real_moleculenet_lipophilicity,mixed_kernel_gp_ei,7240,76.25,73.375,17.5,0,heldout,
real_moleculenet_lipophilicity,target_acquisition_portfolio,7240,86.5,86.5,7.25,0,heldout,
real_moleculenet_lipophilicity,fixed_scale_ensemble_0p5_1_1p5_2_3_4,7241,90.0,90.0,3.75,0,heldout,
real_moleculenet_lipophilicity,gp_ucb,7241,90.0,90.0,3.75,0,heldout,
real_moleculenet_lipophilicity,llm_calibrated_selector,7241,90.0,90.0,3.75,0,heldout,llm_evolved_kernel_explore_then_settle
real_moleculenet_lipophilicity,llm_evolved_kernel_explore_then_settle,7241,90.0,90.0,3.75,0,heldout,
real_moleculenet_lipophilicity,mixed_kernel_gp_ei,7241,90.0,90.0,3.75,0,heldout,
real_moleculenet_lipophilicity,target_acquisition_portfolio,7241,90.0,90.0,3.75,0,heldout,
real_moleculenet_lipophilicity,fixed_scale_ensemble_0p5_1_1p5_2_3_4,7242,91.25,89.15,2.5,0,heldout,
real_moleculenet_lipophilicity,gp_ucb,7242,91.25,89.15,2.5,0,heldout,
real_moleculenet_lipophilicity,llm_calibrated_selector,7242,91.25,89.75,2.5,0,heldout,llm_evolved_kernel_explore_then_settle
real_moleculenet_lipophilicity,llm_evolved_kernel_explore_then_settle,7242,91.25,89.75,2.5,0,heldout,
real_moleculenet_lipophilicity,mixed_kernel_gp_ei,7242,83.75,83.5375,10.0,0,heldout,
real_moleculenet_lipophilicity,target_acquisition_portfolio,7242,91.25,86.5375,2.5,0,heldout,
real_moleculenet_lipophilicity,fixed_scale_ensemble_0p5_1_1p5_2_3_4,7243,89.875,89.875,3.875,0,heldout,
real_moleculenet_lipophilicity,gp_ucb,7243,89.875,89.875,3.875,0,heldout,
real_moleculenet_lipophilicity,llm_calibrated_selector,7243,89.875,89.275,3.875,0,heldout,llm_evolved_kernel_explore_then_settle
real_moleculenet_lipophilicity,llm_evolved_kernel_explore_then_settle,7243,89.875,89.275,3.875,0,heldout,
real_moleculenet_lipophilicity,mixed_kernel_gp_ei,7243,89.875,89.875,3.875,0,heldout,
real_moleculenet_lipophilicity,target_acquisition_portfolio,7243,89.875,89.875,3.875,0,heldout,
real_moleculenet_lipophilicity,fixed_scale_ensemble_0p5_1_1p5_2_3_4,7244,91.25,91.25,2.5,0,heldout,
real_moleculenet_lipophilicity,gp_ucb,7244,91.25,91.25,2.5,0,heldout,
real_moleculenet_lipophilicity,llm_calibrated_selector,7244,91.25,91.25,2.5,0,heldout,llm_evolved_kernel_explore_then_settle
real_moleculenet_lipophilicity,llm_evolved_kernel_explore_then_settle,7244,91.25,91.25,2.5,0,heldout,
real_moleculenet_lipophilicity,mixed_kernel_gp_ei,7244,91.25,91.25,2.5,0,heldout,
real_moleculenet_lipophilicity,target_acquisition_portfolio,7244,91.25,91.25,2.5,0,heldout,
real_moleculenet_lipophilicity,fixed_scale_ensemble_0p5_1_1p5_2_3_4,7245,87.5,86.375,6.25,0,heldout,
real_moleculenet_lipophilicity,gp_ucb,7245,88.625,87.4125,5.125,0,heldout,
real_moleculenet_lipophilicity,llm_calibrated_selector,7245,88.75,87.0375,5.0,0,heldout,llm_evolved_kernel_explore_then_settle
real_moleculenet_lipophilicity,llm_evolved_kernel_explore_then_settle,7245,88.75,87.0375,5.0,0,heldout,
real_moleculenet_lipophilicity,mixed_kernel_gp_ei,7245,87.5,85.75,6.25,0,heldout,
real_moleculenet_lipophilicity,target_acquisition_portfolio,7245,88.125,87.3125,5.625,0,heldout,
real_moleculenet_lipophilicity,fixed_scale_ensemble_0p5_1_1p5_2_3_4,7246,87.125,83.4875,6.625,0,heldout,
real_moleculenet_lipophilicity,gp_ucb,7246,87.125,82.825,6.625,0,heldout,
real_moleculenet_lipophilicity,llm_calibrated_selector,7246,80.5,80.5,13.25,0,heldout,llm_evolved_kernel_explore_then_settle
real_moleculenet_lipophilicity,llm_evolved_kernel_explore_then_settle,7246,80.5,80.5,13.25,0,heldout,
real_moleculenet_lipophilicity,mixed_kernel_gp_ei,7246,80.5,80.5,13.25,0,heldout,
real_moleculenet_lipophilicity,target_acquisition_portfolio,7246,87.125,84.9625,6.625,0,heldout,
real_moleculenet_lipophilicity,fixed_scale_ensemble_0p5_1_1p5_2_3_4,7247,83.75,80.5625,10.0,0,heldout,
real_moleculenet_lipophilicity,gp_ucb,7247,88.25,83.25,5.5,0,heldout,
real_moleculenet_lipophilicity,llm_calibrated_selector,7247,85.875,80.2125,7.875,0,heldout,llm_evolved_kernel_explore_then_settle
real_moleculenet_lipophilicity,llm_evolved_kernel_explore_then_settle,7247,85.875,80.2125,7.875,0,heldout,
real_moleculenet_lipophilicity,mixed_kernel_gp_ei,7247,93.75,84.7375,0.0,1,heldout,
real_moleculenet_lipophilicity,target_acquisition_portfolio,7247,88.25,83.25,5.5,0,heldout,
real_moleculenet_lipophilicity,fixed_scale_ensemble_0p5_1_1p5_2_3_4,7248,92.25,87.3375,1.5,0,heldout,
real_moleculenet_lipophilicity,gp_ucb,7248,92.25,87.3375,1.5,0,heldout,
real_moleculenet_lipophilicity,llm_calibrated_selector,7248,93.75,91.625,0.0,1,heldout,llm_evolved_kernel_explore_then_settle
real_moleculenet_lipophilicity,llm_evolved_kernel_explore_then_settle,7248,93.75,91.625,0.0,1,heldout,
real_moleculenet_lipophilicity,mixed_kernel_gp_ei,7248,92.25,87.3375,1.5,0,heldout,
real_moleculenet_lipophilicity,target_acquisition_portfolio,7248,92.25,87.3375,1.5,0,heldout,
real_moleculenet_lipophilicity,fixed_scale_ensemble_0p5_1_1p5_2_3_4,7249,93.5,93.5,0.25,1,heldout,
real_moleculenet_lipophilicity,gp_ucb,7249,93.5,93.5,0.25,1,heldout,
real_moleculenet_lipophilicity,llm_calibrated_selector,7249,93.5,93.5,0.25,1,heldout,llm_evolved_kernel_explore_then_settle
real_moleculenet_lipophilicity,llm_evolved_kernel_explore_then_settle,7249,93.5,93.5,0.25,1,heldout,
real_moleculenet_lipophilicity,mixed_kernel_gp_ei,7249,90.0,89.375,3.75,0,heldout,
real_moleculenet_lipophilicity,target_acquisition_portfolio,7249,93.5,93.5,0.25,1,heldout,
real_moleculenet_lipophilicity,fixed_scale_ensemble_0p5_1_1p5_2_3_4,7250,92.875,91.5625,0.875,0,heldout,
real_moleculenet_lipophilicity,gp_ucb,7250,91.0,91.0,2.75,0,heldout,
real_moleculenet_lipophilicity,llm_calibrated_selector,7250,92.375,87.2625,1.375,0,heldout,llm_evolved_kernel_explore_then_settle
real_moleculenet_lipophilicity,llm_evolved_kernel_explore_then_settle,7250,92.375,87.2625,1.375,0,heldout,
real_moleculenet_lipophilicity,mixed_kernel_gp_ei,7250,92.875,91.375,0.875,0,heldout,
real_moleculenet_lipophilicity,target_acquisition_portfolio,7250,91.0,91.0,2.75,0,heldout,
real_moleculenet_lipophilicity,fixed_scale_ensemble_0p5_1_1p5_2_3_4,7251,76.875,76.875,16.875,0,heldout,
real_moleculenet_lipophilicity,gp_ucb,7251,80.0,77.1875,13.75,0,heldout,
real_moleculenet_lipophilicity,llm_calibrated_selector,7251,83.75,80.7625,10.0,0,heldout,llm_evolved_kernel_explore_then_settle
real_moleculenet_lipophilicity,llm_evolved_kernel_explore_then_settle,7251,83.75,80.7625,10.0,0,heldout,
real_moleculenet_lipophilicity,mixed_kernel_gp_ei,7251,80.0,77.5,13.75,0,heldout,
real_moleculenet_lipophilicity,target_acquisition_portfolio,7251,76.875,76.875,16.875,0,heldout,
real_moleculenet_lipophilicity,fixed_scale_ensemble_0p5_1_1p5_2_3_4,7252,91.25,88.3375,2.5,0,heldout,
real_moleculenet_lipophilicity,gp_ucb,7252,91.25,88.075,2.5,0,heldout,
real_moleculenet_lipophilicity,llm_calibrated_selector,7252,88.75,85.6875,5.0,0,heldout,llm_evolved_kernel_explore_then_settle
real_moleculenet_lipophilicity,llm_evolved_kernel_explore_then_settle,7252,88.75,85.6875,5.0,0,heldout,
real_moleculenet_lipophilicity,mixed_kernel_gp_ei,7252,80.625,80.625,13.125,0,heldout,
real_moleculenet_lipophilicity,target_acquisition_portfolio,7252,80.625,80.625,13.125,0,heldout,
real_moleculenet_lipophilicity,fixed_scale_ensemble_0p5_1_1p5_2_3_4,7253,87.375,83.575,6.375,0,heldout,
real_moleculenet_lipophilicity,gp_ucb,7253,87.375,83.575,6.375,0,heldout,
real_moleculenet_lipophilicity,llm_calibrated_selector,7253,87.5,82.175,6.25,0,heldout,llm_evolved_kernel_explore_then_settle
real_moleculenet_lipophilicity,llm_evolved_kernel_explore_then_settle,7253,87.5,82.175,6.25,0,heldout,
real_moleculenet_lipophilicity,mixed_kernel_gp_ei,7253,90.0,86.3625,3.75,0,heldout,
real_moleculenet_lipophilicity,target_acquisition_portfolio,7253,90.0,80.7125,3.75,0,heldout,
real_moleculenet_lipophilicity,fixed_scale_ensemble_0p5_1_1p5_2_3_4,7254,93.75,85.6875,0.0,1,heldout,
real_moleculenet_lipophilicity,gp_ucb,7254,87.25,81.9125,6.5,0,heldout,
real_moleculenet_lipophilicity,llm_calibrated_selector,7254,93.75,88.9375,0.0,1,heldout,llm_evolved_kernel_explore_then_settle
real_moleculenet_lipophilicity,llm_evolved_kernel_explore_then_settle,7254,93.75,88.9375,0.0,1,heldout,
real_moleculenet_lipophilicity,mixed_kernel_gp_ei,7254,93.5,82.55,0.25,1,heldout,
real_moleculenet_lipophilicity,target_acquisition_portfolio,7254,93.5,82.55,0.25,1,heldout,
real_moleculenet_lipophilicity,fixed_scale_ensemble_0p5_1_1p5_2_3_4,7255,92.125,86.5,1.625,0,heldout,
real_moleculenet_lipophilicity,gp_ucb,7255,92.125,86.5,1.625,0,heldout,
real_moleculenet_lipophilicity,llm_calibrated_selector,7255,89.125,85.975,4.625,0,heldout,llm_evolved_kernel_explore_then_settle
real_moleculenet_lipophilicity,llm_evolved_kernel_explore_then_settle,7255,89.125,85.975,4.625,0,heldout,
real_moleculenet_lipophilicity,mixed_kernel_gp_ei,7255,83.75,81.4625,10.0,0,heldout,
real_moleculenet_lipophilicity,target_acquisition_portfolio,7255,83.75,80.75,10.0,0,heldout,
real_moleculenet_lipophilicity,fixed_scale_ensemble_0p5_1_1p5_2_3_4,7256,84.75,84.1375,9.0,0,heldout,
real_moleculenet_lipophilicity,gp_ucb,7256,90.125,86.3,3.625,0,heldout,
real_moleculenet_lipophilicity,llm_calibrated_selector,7256,91.875,85.375,1.875,0,heldout,llm_evolved_kernel_explore_then_settle
real_moleculenet_lipophilicity,llm_evolved_kernel_explore_then_settle,7256,91.875,85.375,1.875,0,heldout,
real_moleculenet_lipophilicity,mixed_kernel_gp_ei,7256,88.75,84.25,5.0,0,heldout,
real_moleculenet_lipophilicity,target_acquisition_portfolio,7256,83.75,83.75,10.0,0,heldout,
real_moleculenet_lipophilicity,fixed_scale_ensemble_0p5_1_1p5_2_3_4,7257,85.5,85.5,8.25,0,heldout,
real_moleculenet_lipophilicity,gp_ucb,7257,89.625,87.15,4.125,0,heldout,
real_moleculenet_lipophilicity,llm_calibrated_selector,7257,85.5,85.5,8.25,0,heldout,llm_evolved_kernel_explore_then_settle
real_moleculenet_lipophilicity,llm_evolved_kernel_explore_then_settle,7257,85.5,85.5,8.25,0,heldout,
real_moleculenet_lipophilicity,mixed_kernel_gp_ei,7257,85.5,85.5,8.25,0,heldout,
real_moleculenet_lipophilicity,target_acquisition_portfolio,7257,85.5,85.5,8.25,0,heldout,
real_moleculenet_lipophilicity,fixed_scale_ensemble_0p5_1_1p5_2_3_4,7258,92.125,85.95,1.625,0,heldout,
real_moleculenet_lipophilicity,gp_ucb,7258,85.0,83.0,8.75,0,heldout,
real_moleculenet_lipophilicity,llm_calibrated_selector,7258,87.0,86.8,6.75,0,heldout,llm_evolved_kernel_explore_then_settle
real_moleculenet_lipophilicity,llm_evolved_kernel_explore_then_settle,7258,87.0,86.8,6.75,0,heldout,
real_moleculenet_lipophilicity,mixed_kernel_gp_ei,7258,82.5,82.5,11.25,0,heldout,
real_moleculenet_lipophilicity,target_acquisition_portfolio,7258,85.0,82.75,8.75,0,heldout,
real_moleculenet_lipophilicity,fixed_scale_ensemble_0p5_1_1p5_2_3_4,7259,91.25,89.15,2.5,0,heldout,
real_moleculenet_lipophilicity,gp_ucb,7259,88.25,88.25,5.5,0,heldout,
real_moleculenet_lipophilicity,llm_calibrated_selector,7259,88.625,88.55,5.125,0,heldout,llm_evolved_kernel_explore_then_settle
real_moleculenet_lipophilicity,llm_evolved_kernel_explore_then_settle,7259,88.625,88.55,5.125,0,heldout,
real_moleculenet_lipophilicity,mixed_kernel_gp_ei,7259,88.25,88.25,5.5,0,heldout,
real_moleculenet_lipophilicity,target_acquisition_portfolio,7259,88.25,88.25,5.5,0,heldout,
real_moleculenet_lipophilicity,fixed_scale_ensemble_0p5_1_1p5_2_3_4,7260,92.125,92.125,1.625,0,heldout,
real_moleculenet_lipophilicity,gp_ucb,7260,92.125,92.125,1.625,0,heldout,
real_moleculenet_lipophilicity,llm_calibrated_selector,7260,92.375,92.275,1.375,0,heldout,llm_evolved_kernel_explore_then_settle
real_moleculenet_lipophilicity,llm_evolved_kernel_explore_then_settle,7260,92.375,92.275,1.375,0,heldout,
real_moleculenet_lipophilicity,mixed_kernel_gp_ei,7260,92.125,92.125,1.625,0,heldout,
real_moleculenet_lipophilicity,target_acquisition_portfolio,7260,92.125,92.125,1.625,0,heldout,
real_moleculenet_lipophilicity,fixed_scale_ensemble_0p5_1_1p5_2_3_4,7261,78.5,78.5,15.25,0,heldout,
real_moleculenet_lipophilicity,gp_ucb,7261,79.625,78.8375,14.125,0,heldout,
real_moleculenet_lipophilicity,llm_calibrated_selector,7261,91.25,88.7,2.5,0,heldout,llm_evolved_kernel_explore_then_settle
real_moleculenet_lipophilicity,llm_evolved_kernel_explore_then_settle,7261,91.25,88.7,2.5,0,heldout,
real_moleculenet_lipophilicity,mixed_kernel_gp_ei,7261,78.5,78.5,15.25,0,heldout,
real_moleculenet_lipophilicity,target_acquisition_portfolio,7261,78.5,78.5,15.25,0,heldout,
real_moleculenet_lipophilicity,fixed_scale_ensemble_0p5_1_1p5_2_3_4,7262,90.0,90.0,3.75,0,heldout,
real_moleculenet_lipophilicity,gp_ucb,7262,90.0,90.0,3.75,0,heldout,
real_moleculenet_lipophilicity,llm_calibrated_selector,7262,90.0,90.0,3.75,0,heldout,llm_evolved_kernel_explore_then_settle
real_moleculenet_lipophilicity,llm_evolved_kernel_explore_then_settle,7262,90.0,90.0,3.75,0,heldout,
real_moleculenet_lipophilicity,mixed_kernel_gp_ei,7262,93.75,90.75,0.0,1,heldout,
real_moleculenet_lipophilicity,target_acquisition_portfolio,7262,90.0,90.0,3.75,0,heldout,
real_moleculenet_lipophilicity,fixed_scale_ensemble_0p5_1_1p5_2_3_4,7263,93.5,89.625,0.25,1,heldout,
real_moleculenet_lipophilicity,gp_ucb,7263,87.375,86.55,6.375,0,heldout,
real_moleculenet_lipophilicity,llm_calibrated_selector,7263,93.75,92.7,0.0,1,heldout,llm_evolved_kernel_explore_then_settle
real_moleculenet_lipophilicity,llm_evolved_kernel_explore_then_settle,7263,93.75,92.7,0.0,1,heldout,
real_moleculenet_lipophilicity,mixed_kernel_gp_ei,7263,87.375,86.45,6.375,0,heldout,
real_moleculenet_lipophilicity,target_acquisition_portfolio,7263,93.75,91.1,0.0,1,heldout,
real_moleculenet_lipophilicity,fixed_scale_ensemble_0p5_1_1p5_2_3_4,7264,90.875,90.875,2.875,0,heldout,
real_moleculenet_lipophilicity,gp_ucb,7264,91.875,91.175,1.875,0,heldout,
real_moleculenet_lipophilicity,llm_calibrated_selector,7264,90.875,90.875,2.875,0,heldout,llm_evolved_kernel_explore_then_settle
real_moleculenet_lipophilicity,llm_evolved_kernel_explore_then_settle,7264,90.875,90.875,2.875,0,heldout,
real_moleculenet_lipophilicity,mixed_kernel_gp_ei,7264,91.875,91.175,1.875,0,heldout,
real_moleculenet_lipophilicity,target_acquisition_portfolio,7264,90.875,90.875,2.875,0,heldout,
real_moleculenet_lipophilicity,fixed_scale_ensemble_0p5_1_1p5_2_3_4,7265,91.25,87.4,2.5,0,heldout,
real_moleculenet_lipophilicity,gp_ucb,7265,90.0,85.6125,3.75,0,heldout,
real_moleculenet_lipophilicity,llm_calibrated_selector,7265,85.0,84.0,8.75,0,heldout,llm_evolved_kernel_explore_then_settle
real_moleculenet_lipophilicity,llm_evolved_kernel_explore_then_settle,7265,85.0,84.0,8.75,0,heldout,
real_moleculenet_lipophilicity,mixed_kernel_gp_ei,7265,86.25,83.1875,7.5,0,heldout,
real_moleculenet_lipophilicity,target_acquisition_portfolio,7265,92.375,89.825,1.375,0,heldout,
real_moleculenet_lipophilicity,fixed_scale_ensemble_0p5_1_1p5_2_3_4,7266,86.75,84.7,7.0,0,heldout,
real_moleculenet_lipophilicity,gp_ucb,7266,86.75,84.7,7.0,0,heldout,
real_moleculenet_lipophilicity,llm_calibrated_selector,7266,88.75,81.0375,5.0,0,heldout,llm_evolved_kernel_explore_then_settle
real_moleculenet_lipophilicity,llm_evolved_kernel_explore_then_settle,7266,88.75,81.0375,5.0,0,heldout,
real_moleculenet_lipophilicity,mixed_kernel_gp_ei,7266,86.75,83.675,7.0,0,heldout,
real_moleculenet_lipophilicity,target_acquisition_portfolio,7266,86.75,84.7,7.0,0,heldout,
real_moleculenet_lipophilicity,fixed_scale_ensemble_0p5_1_1p5_2_3_4,7267,88.625,88.625,5.125,0,heldout,
real_moleculenet_lipophilicity,gp_ucb,7267,91.875,90.9,1.875,0,heldout,
real_moleculenet_lipophilicity,llm_calibrated_selector,7267,88.625,88.625,5.125,0,heldout,llm_evolved_kernel_explore_then_settle
real_moleculenet_lipophilicity,llm_evolved_kernel_explore_then_settle,7267,88.625,88.625,5.125,0,heldout,
real_moleculenet_lipophilicity,mixed_kernel_gp_ei,7267,91.875,90.9,1.875,0,heldout,
real_moleculenet_lipophilicity,target_acquisition_portfolio,7267,91.875,90.9,1.875,0,heldout,
real_moleculenet_lipophilicity,fixed_scale_ensemble_0p5_1_1p5_2_3_4,7268,85.0,81.775,8.75,0,heldout,
real_moleculenet_lipophilicity,gp_ucb,7268,85.0,81.775,8.75,0,heldout,
real_moleculenet_lipophilicity,llm_calibrated_selector,7268,87.5,85.625,6.25,0,heldout,llm_evolved_kernel_explore_then_settle
real_moleculenet_lipophilicity,llm_evolved_kernel_explore_then_settle,7268,87.5,85.625,6.25,0,heldout,
real_moleculenet_lipophilicity,mixed_kernel_gp_ei,7268,88.125,87.275,5.625,0,heldout,
real_moleculenet_lipophilicity,target_acquisition_portfolio,7268,85.0,82.3125,8.75,0,heldout,
real_moleculenet_lipophilicity,fixed_scale_ensemble_0p5_1_1p5_2_3_4,7269,93.5,81.425,0.25,1,heldout,
real_moleculenet_lipophilicity,gp_ucb,7269,93.75,81.025,0.0,1,heldout,
real_moleculenet_lipophilicity,llm_calibrated_selector,7269,77.125,77.125,16.625,0,heldout,llm_evolved_kernel_explore_then_settle
real_moleculenet_lipophilicity,llm_evolved_kernel_explore_then_settle,7269,77.125,77.125,16.625,0,heldout,
real_moleculenet_lipophilicity,mixed_kernel_gp_ei,7269,93.75,82.1,0.0,1,heldout,
real_moleculenet_lipophilicity,target_acquisition_portfolio,7269,78.75,77.9375,15.0,0,heldout,
real_moleculenet_lipophilicity,fixed_scale_ensemble_0p5_1_1p5_2_3_4,7270,91.0,90.4,2.75,0,heldout,
real_moleculenet_lipophilicity,gp_ucb,7270,91.0,90.4,2.75,0,heldout,
real_moleculenet_lipophilicity,llm_calibrated_selector,7270,87.25,85.225,6.5,0,heldout,llm_evolved_kernel_explore_then_settle
real_moleculenet_lipophilicity,llm_evolved_kernel_explore_then_settle,7270,87.25,85.225,6.5,0,heldout,
real_moleculenet_lipophilicity,mixed_kernel_gp_ei,7270,91.0,91.0,2.75,0,heldout,
real_moleculenet_lipophilicity,target_acquisition_portfolio,7270,91.0,90.4,2.75,0,heldout,
real_moleculenet_lipophilicity,fixed_scale_ensemble_0p5_1_1p5_2_3_4,7271,88.75,86.3,5.0,0,heldout,
real_moleculenet_lipophilicity,gp_ucb,7271,88.625,85.7,5.125,0,heldout,
real_moleculenet_lipophilicity,llm_calibrated_selector,7271,88.625,82.225,5.125,0,heldout,llm_evolved_kernel_explore_then_settle
real_moleculenet_lipophilicity,llm_evolved_kernel_explore_then_settle,7271,88.625,82.225,5.125,0,heldout,
real_moleculenet_lipophilicity,mixed_kernel_gp_ei,7271,80.5,78.5,13.25,0,heldout,
real_moleculenet_lipophilicity,target_acquisition_portfolio,7271,80.5,78.5,13.25,0,heldout,
real_moleculenet_lipophilicity,fixed_scale_ensemble_0p5_1_1p5_2_3_4,7272,83.75,79.6125,10.0,0,heldout,
real_moleculenet_lipophilicity,gp_ucb,7272,83.75,79.6125,10.0,0,heldout,
real_moleculenet_lipophilicity,llm_calibrated_selector,7272,78.0,76.8,15.75,0,heldout,llm_evolved_kernel_explore_then_settle
real_moleculenet_lipophilicity,llm_evolved_kernel_explore_then_settle,7272,78.0,76.8,15.75,0,heldout,
real_moleculenet_lipophilicity,mixed_kernel_gp_ei,7272,87.25,81.975,6.5,0,heldout,
real_moleculenet_lipophilicity,target_acquisition_portfolio,7272,91.25,82.775,2.5,0,heldout,
real_moleculenet_lipophilicity,fixed_scale_ensemble_0p5_1_1p5_2_3_4,7273,87.5,82.875,6.25,0,heldout,
real_moleculenet_lipophilicity,gp_ucb,7273,92.25,86.0,1.5,0,heldout,
real_moleculenet_lipophilicity,llm_calibrated_selector,7273,84.0,81.025,9.75,0,heldout,llm_evolved_kernel_explore_then_settle
real_moleculenet_lipophilicity,llm_evolved_kernel_explore_then_settle,7273,84.0,81.025,9.75,0,heldout,
real_moleculenet_lipophilicity,mixed_kernel_gp_ei,7273,81.5,80.45,12.25,0,heldout,
real_moleculenet_lipophilicity,target_acquisition_portfolio,7273,92.25,85.125,1.5,0,heldout,
real_moleculenet_lipophilicity,fixed_scale_ensemble_0p5_1_1p5_2_3_4,7274,93.5,84.0625,0.25,1,heldout,
real_moleculenet_lipophilicity,gp_ucb,7274,88.625,81.6125,5.125,0,heldout,
real_moleculenet_lipophilicity,llm_calibrated_selector,7274,88.625,81.6125,5.125,0,heldout,llm_evolved_kernel_explore_then_settle
real_moleculenet_lipophilicity,llm_evolved_kernel_explore_then_settle,7274,88.625,81.6125,5.125,0,heldout,
real_moleculenet_lipophilicity,mixed_kernel_gp_ei,7274,88.625,81.6125,5.125,0,heldout,
real_moleculenet_lipophilicity,target_acquisition_portfolio,7274,88.625,81.6125,5.125,0,heldout,
real_moleculenet_lipophilicity,fixed_scale_ensemble_0p5_1_1p5_2_3_4,7275,91.25,91.25,2.5,0,heldout,
real_moleculenet_lipophilicity,gp_ucb,7275,91.25,91.25,2.5,0,heldout,
real_moleculenet_lipophilicity,llm_calibrated_selector,7275,81.625,80.2625,12.125,0,heldout,llm_evolved_kernel_explore_then_settle
real_moleculenet_lipophilicity,llm_evolved_kernel_explore_then_settle,7275,81.625,80.2625,12.125,0,heldout,
real_moleculenet_lipophilicity,mixed_kernel_gp_ei,7275,91.25,91.25,2.5,0,heldout,
real_moleculenet_lipophilicity,target_acquisition_portfolio,7275,91.25,91.25,2.5,0,heldout,
real_moleculenet_lipophilicity,fixed_scale_ensemble_0p5_1_1p5_2_3_4,7276,93.75,91.25,0.0,1,heldout,
real_moleculenet_lipophilicity,gp_ucb,7276,93.75,91.25,0.0,1,heldout,
real_moleculenet_lipophilicity,llm_calibrated_selector,7276,93.75,90.7,0.0,1,heldout,llm_evolved_kernel_explore_then_settle
real_moleculenet_lipophilicity,llm_evolved_kernel_explore_then_settle,7276,93.75,90.7,0.0,1,heldout,
real_moleculenet_lipophilicity,mixed_kernel_gp_ei,7276,93.75,91.25,0.0,1,heldout,
real_moleculenet_lipophilicity,target_acquisition_portfolio,7276,93.75,91.25,0.0,1,heldout,
real_moleculenet_lipophilicity,fixed_scale_ensemble_0p5_1_1p5_2_3_4,7277,88.75,87.8625,5.0,0,heldout,
real_moleculenet_lipophilicity,gp_ucb,7277,88.75,87.7375,5.0,0,heldout,
real_moleculenet_lipophilicity,llm_calibrated_selector,7277,88.75,88.0875,5.0,0,heldout,llm_evolved_kernel_explore_then_settle
real_moleculenet_lipophilicity,llm_evolved_kernel_explore_then_settle,7277,88.75,88.0875,5.0,0,heldout,
real_moleculenet_lipophilicity,mixed_kernel_gp_ei,7277,90.0,86.125,3.75,0,heldout,
real_moleculenet_lipophilicity,target_acquisition_portfolio,7277,92.125,84.1375,1.625,0,heldout,
real_moleculenet_lipophilicity,fixed_scale_ensemble_0p5_1_1p5_2_3_4,7278,85.0,85.0,8.75,0,heldout,
real_moleculenet_lipophilicity,gp_ucb,7278,85.0,85.0,8.75,0,heldout,
real_moleculenet_lipophilicity,llm_calibrated_selector,7278,88.625,85.725,5.125,0,heldout,llm_evolved_kernel_explore_then_settle
real_moleculenet_lipophilicity,llm_evolved_kernel_explore_then_settle,7278,88.625,85.725,5.125,0,heldout,
real_moleculenet_lipophilicity,mixed_kernel_gp_ei,7278,85.0,85.0,8.75,0,heldout,
real_moleculenet_lipophilicity,target_acquisition_portfolio,7278,85.0,85.0,8.75,0,heldout,
real_moleculenet_lipophilicity,fixed_scale_ensemble_0p5_1_1p5_2_3_4,7279,88.75,79.425,5.0,0,heldout,
real_moleculenet_lipophilicity,gp_ucb,7279,82.875,78.9125,10.875,0,heldout,
real_moleculenet_lipophilicity,llm_calibrated_selector,7279,87.5,85.35,6.25,0,heldout,llm_evolved_kernel_explore_then_settle
real_moleculenet_lipophilicity,llm_evolved_kernel_explore_then_settle,7279,87.5,85.35,6.25,0,heldout,
real_moleculenet_lipophilicity,mixed_kernel_gp_ei,7279,93.75,80.0625,0.0,1,heldout,
real_moleculenet_lipophilicity,target_acquisition_portfolio,7279,88.625,83.625,5.125,0,heldout,
real_moleculenet_lipophilicity,fixed_scale_ensemble_0p5_1_1p5_2_3_4,7280,81.375,80.9625,12.375,0,heldout,
real_moleculenet_lipophilicity,gp_ucb,7280,86.25,83.625,7.5,0,heldout,
real_moleculenet_lipophilicity,llm_calibrated_selector,7280,90.0,88.25,3.75,0,heldout,llm_evolved_kernel_explore_then_settle
real_moleculenet_lipophilicity,llm_evolved_kernel_explore_then_settle,7280,90.0,88.25,3.75,0,heldout,
real_moleculenet_lipophilicity,mixed_kernel_gp_ei,7280,85.5,83.25,8.25,0,heldout,
real_moleculenet_lipophilicity,target_acquisition_portfolio,7280,86.25,83.625,7.5,0,heldout,
real_moleculenet_lipophilicity,fixed_scale_ensemble_0p5_1_1p5_2_3_4,7281,93.75,88.5,0.0,1,heldout,
real_moleculenet_lipophilicity,gp_ucb,7281,88.625,87.8875,5.125,0,heldout,
real_moleculenet_lipophilicity,llm_calibrated_selector,7281,88.625,87.8875,5.125,0,heldout,llm_evolved_kernel_explore_then_settle
real_moleculenet_lipophilicity,llm_evolved_kernel_explore_then_settle,7281,88.625,87.8875,5.125,0,heldout,
real_moleculenet_lipophilicity,mixed_kernel_gp_ei,7281,91.875,90.775,1.875,0,heldout,
real_moleculenet_lipophilicity,target_acquisition_portfolio,7281,91.25,89.75,2.5,0,heldout,
real_moleculenet_lipophilicity,fixed_scale_ensemble_0p5_1_1p5_2_3_4,7282,90.0,82.775,3.75,0,heldout,
real_moleculenet_lipophilicity,gp_ucb,7282,85.0,81.1,8.75,0,heldout,
real_moleculenet_lipophilicity,llm_calibrated_selector,7282,88.25,86.6,5.5,0,heldout,llm_evolved_kernel_explore_then_settle
real_moleculenet_lipophilicity,llm_evolved_kernel_explore_then_settle,7282,88.25,86.6,5.5,0,heldout,
real_moleculenet_lipophilicity,mixed_kernel_gp_ei,7282,91.375,81.7375,2.375,0,heldout,
real_moleculenet_lipophilicity,target_acquisition_portfolio,7282,91.375,81.7375,2.375,0,heldout,
real_moleculenet_lipophilicity,fixed_scale_ensemble_0p5_1_1p5_2_3_4,7283,91.0,84.7625,2.75,0,heldout,
real_moleculenet_lipophilicity,gp_ucb,7283,91.0,87.8125,2.75,0,heldout,
real_moleculenet_lipophilicity,llm_calibrated_selector,7283,91.25,85.725,2.5,0,heldout,llm_evolved_kernel_explore_then_settle
real_moleculenet_lipophilicity,llm_evolved_kernel_explore_then_settle,7283,91.25,85.725,2.5,0,heldout,
real_moleculenet_lipophilicity,mixed_kernel_gp_ei,7283,85.0,83.0125,8.75,0,heldout,
real_moleculenet_lipophilicity,target_acquisition_portfolio,7283,91.0,87.8125,2.75,0,heldout,
real_moleculenet_lipophilicity,fixed_scale_ensemble_0p5_1_1p5_2_3_4,7284,86.25,86.25,7.5,0,heldout,
real_moleculenet_lipophilicity,gp_ucb,7284,86.25,86.25,7.5,0,heldout,
real_moleculenet_lipophilicity,llm_calibrated_selector,7284,82.625,78.6875,11.125,0,heldout,llm_evolved_kernel_explore_then_settle
real_moleculenet_lipophilicity,llm_evolved_kernel_explore_then_settle,7284,82.625,78.6875,11.125,0,heldout,
real_moleculenet_lipophilicity,mixed_kernel_gp_ei,7284,86.25,86.25,7.5,0,heldout,
real_moleculenet_lipophilicity,target_acquisition_portfolio,7284,86.25,86.25,7.5,0,heldout,
real_moleculenet_lipophilicity,fixed_scale_ensemble_0p5_1_1p5_2_3_4,7285,87.5,84.7,6.25,0,heldout,
real_moleculenet_lipophilicity,gp_ucb,7285,91.25,84.8,2.5,0,heldout,
real_moleculenet_lipophilicity,llm_calibrated_selector,7285,87.5,84.7,6.25,0,heldout,llm_evolved_kernel_explore_then_settle
real_moleculenet_lipophilicity,llm_evolved_kernel_explore_then_settle,7285,87.5,84.7,6.25,0,heldout,
real_moleculenet_lipophilicity,mixed_kernel_gp_ei,7285,91.25,86.125,2.5,0,heldout,
real_moleculenet_lipophilicity,target_acquisition_portfolio,7285,91.25,82.625,2.5,0,heldout,
real_moleculenet_lipophilicity,fixed_scale_ensemble_0p5_1_1p5_2_3_4,7286,91.875,88.8125,1.875,0,heldout,
real_moleculenet_lipophilicity,gp_ucb,7286,87.5,87.5,6.25,0,heldout,
real_moleculenet_lipophilicity,llm_calibrated_selector,7286,87.5,87.5,6.25,0,heldout,llm_evolved_kernel_explore_then_settle
real_moleculenet_lipophilicity,llm_evolved_kernel_explore_then_settle,7286,87.5,87.5,6.25,0,heldout,
real_moleculenet_lipophilicity,mixed_kernel_gp_ei,7286,93.5,88.1,0.25,1,heldout,
real_moleculenet_lipophilicity,target_acquisition_portfolio,7286,87.5,87.5,6.25,0,heldout,
real_moleculenet_lipophilicity,fixed_scale_ensemble_0p5_1_1p5_2_3_4,7287,90.0,90.0,3.75,0,heldout,
real_moleculenet_lipophilicity,gp_ucb,7287,90.0,90.0,3.75,0,heldout,
real_moleculenet_lipophilicity,llm_calibrated_selector,7287,90.0,90.0,3.75,0,heldout,llm_evolved_kernel_explore_then_settle
real_moleculenet_lipophilicity,llm_evolved_kernel_explore_then_settle,7287,90.0,90.0,3.75,0,heldout,
real_moleculenet_lipophilicity,mixed_kernel_gp_ei,7287,90.0,90.0,3.75,0,heldout,
real_moleculenet_lipophilicity,target_acquisition_portfolio,7287,90.0,90.0,3.75,0,heldout,
real_moleculenet_lipophilicity,fixed_scale_ensemble_0p5_1_1p5_2_3_4,7288,87.5,87.5,6.25,0,heldout,
real_moleculenet_lipophilicity,gp_ucb,7288,87.5,87.5,6.25,0,heldout,
real_moleculenet_lipophilicity,llm_calibrated_selector,7288,87.5,87.5,6.25,0,heldout,llm_evolved_kernel_explore_then_settle
real_moleculenet_lipophilicity,llm_evolved_kernel_explore_then_settle,7288,87.5,87.5,6.25,0,heldout,
real_moleculenet_lipophilicity,mixed_kernel_gp_ei,7288,92.125,89.35,1.625,0,heldout,
real_moleculenet_lipophilicity,target_acquisition_portfolio,7288,87.5,87.5,6.25,0,heldout,
real_moleculenet_lipophilicity,fixed_scale_ensemble_0p5_1_1p5_2_3_4,7289,91.0,82.525,2.75,0,heldout,
real_moleculenet_lipophilicity,gp_ucb,7289,86.25,82.05,7.5,0,heldout,
real_moleculenet_lipophilicity,llm_calibrated_selector,7289,87.5,83.475,6.25,0,heldout,llm_evolved_kernel_explore_then_settle
real_moleculenet_lipophilicity,llm_evolved_kernel_explore_then_settle,7289,87.5,83.475,6.25,0,heldout,
real_moleculenet_lipophilicity,mixed_kernel_gp_ei,7289,86.25,82.05,7.5,0,heldout,
real_moleculenet_lipophilicity,target_acquisition_portfolio,7289,86.25,82.05,7.5,0,heldout,
real_moleculenet_lipophilicity,fixed_scale_ensemble_0p5_1_1p5_2_3_4,7290,93.75,90.7875,0.0,1,heldout,
real_moleculenet_lipophilicity,gp_ucb,7290,93.75,90.7875,0.0,1,heldout,
real_moleculenet_lipophilicity,llm_calibrated_selector,7290,93.75,91.725,0.0,1,heldout,llm_evolved_kernel_explore_then_settle
real_moleculenet_lipophilicity,llm_evolved_kernel_explore_then_settle,7290,93.75,91.725,0.0,1,heldout,
real_moleculenet_lipophilicity,mixed_kernel_gp_ei,7290,93.75,90.7875,0.0,1,heldout,
real_moleculenet_lipophilicity,target_acquisition_portfolio,7290,93.75,90.7875,0.0,1,heldout,
real_moleculenet_lipophilicity,fixed_scale_ensemble_0p5_1_1p5_2_3_4,7291,80.75,76.55,13.0,0,heldout,
real_moleculenet_lipophilicity,gp_ucb,7291,93.75,82.175,0.0,1,heldout,
real_moleculenet_lipophilicity,llm_calibrated_selector,7291,93.75,87.6,0.0,1,heldout,llm_evolved_kernel_explore_then_settle
real_moleculenet_lipophilicity,llm_evolved_kernel_explore_then_settle,7291,93.75,87.6,0.0,1,heldout,
real_moleculenet_lipophilicity,mixed_kernel_gp_ei,7291,93.75,82.175,0.0,1,heldout,
real_moleculenet_lipophilicity,target_acquisition_portfolio,7291,93.75,82.175,0.0,1,heldout,
real_moleculenet_lipophilicity,fixed_scale_ensemble_0p5_1_1p5_2_3_4,7292,78.625,77.4625,15.125,0,heldout,
real_moleculenet_lipophilicity,gp_ucb,7292,78.625,77.4625,15.125,0,heldout,
real_moleculenet_lipophilicity,llm_calibrated_selector,7292,82.5,77.65,11.25,0,heldout,llm_evolved_kernel_explore_then_settle
real_moleculenet_lipophilicity,llm_evolved_kernel_explore_then_settle,7292,82.5,77.65,11.25,0,heldout,
real_moleculenet_lipophilicity,mixed_kernel_gp_ei,7292,79.25,79.25,14.5,0,heldout,
real_moleculenet_lipophilicity,target_acquisition_portfolio,7292,79.25,79.25,14.5,0,heldout,
real_moleculenet_lipophilicity,fixed_scale_ensemble_0p5_1_1p5_2_3_4,7293,92.25,91.65,1.5,0,heldout,
real_moleculenet_lipophilicity,gp_ucb,7293,92.25,91.65,1.5,0,heldout,
real_moleculenet_lipophilicity,llm_calibrated_selector,7293,86.25,86.25,7.5,0,heldout,llm_evolved_kernel_explore_then_settle
real_moleculenet_lipophilicity,llm_evolved_kernel_explore_then_settle,7293,86.25,86.25,7.5,0,heldout,
real_moleculenet_lipophilicity,mixed_kernel_gp_ei,7293,92.25,91.05,1.5,0,heldout,
real_moleculenet_lipophilicity,target_acquisition_portfolio,7293,92.25,91.65,1.5,0,heldout,
real_moleculenet_lipophilicity,fixed_scale_ensemble_0p5_1_1p5_2_3_4,7294,87.5,87.5,6.25,0,heldout,
real_moleculenet_lipophilicity,gp_ucb,7294,87.5,87.5,6.25,0,heldout,
real_moleculenet_lipophilicity,llm_calibrated_selector,7294,90.0,90.0,3.75,0,heldout,llm_evolved_kernel_explore_then_settle
real_moleculenet_lipophilicity,llm_evolved_kernel_explore_then_settle,7294,90.0,90.0,3.75,0,heldout,
real_moleculenet_lipophilicity,mixed_kernel_gp_ei,7294,87.5,87.5,6.25,0,heldout,
real_moleculenet_lipophilicity,target_acquisition_portfolio,7294,87.5,87.5,6.25,0,heldout,
real_moleculenet_lipophilicity,fixed_scale_ensemble_0p5_1_1p5_2_3_4,7295,93.75,86.25,0.0,1,heldout,
real_moleculenet_lipophilicity,gp_ucb,7295,85.0,82.0,8.75,0,heldout,
real_moleculenet_lipophilicity,llm_calibrated_selector,7295,90.0,88.8625,3.75,0,heldout,llm_evolved_kernel_explore_then_settle
real_moleculenet_lipophilicity,llm_evolved_kernel_explore_then_settle,7295,90.0,88.8625,3.75,0,heldout,
real_moleculenet_lipophilicity,mixed_kernel_gp_ei,7295,82.5,81.575,11.25,0,heldout,
real_moleculenet_lipophilicity,target_acquisition_portfolio,7295,86.25,83.25,7.5,0,heldout,
real_moleculenet_lipophilicity,fixed_scale_ensemble_0p5_1_1p5_2_3_4,7296,82.5,82.5,11.25,0,heldout,
real_moleculenet_lipophilicity,gp_ucb,7296,90.0,87.875,3.75,0,heldout,
real_moleculenet_lipophilicity,llm_calibrated_selector,7296,93.75,91.8375,0.0,1,heldout,llm_evolved_kernel_explore_then_settle
real_moleculenet_lipophilicity,llm_evolved_kernel_explore_then_settle,7296,93.75,91.8375,0.0,1,heldout,
real_moleculenet_lipophilicity,mixed_kernel_gp_ei,7296,90.0,87.875,3.75,0,heldout,
real_moleculenet_lipophilicity,target_acquisition_portfolio,7296,88.625,84.0875,5.125,0,heldout,
real_moleculenet_lipophilicity,fixed_scale_ensemble_0p5_1_1p5_2_3_4,7297,88.75,88.7,5.0,0,heldout,
real_moleculenet_lipophilicity,gp_ucb,7297,88.75,88.7,5.0,0,heldout,
real_moleculenet_lipophilicity,llm_calibrated_selector,7297,86.25,85.5,7.5,0,heldout,llm_evolved_kernel_explore_then_settle
real_moleculenet_lipophilicity,llm_evolved_kernel_explore_then_settle,7297,86.25,85.5,7.5,0,heldout,
real_moleculenet_lipophilicity,mixed_kernel_gp_ei,7297,88.75,88.7,5.0,0,heldout,
real_moleculenet_lipophilicity,target_acquisition_portfolio,7297,88.75,88.7,5.0,0,heldout,
real_moleculenet_lipophilicity,fixed_scale_ensemble_0p5_1_1p5_2_3_4,7298,91.25,89.375,2.5,0,heldout,
real_moleculenet_lipophilicity,gp_ucb,7298,89.625,87.175,4.125,0,heldout,
real_moleculenet_lipophilicity,llm_calibrated_selector,7298,83.125,79.3625,10.625,0,heldout,llm_evolved_kernel_explore_then_settle
real_moleculenet_lipophilicity,llm_evolved_kernel_explore_then_settle,7298,83.125,79.3625,10.625,0,heldout,
real_moleculenet_lipophilicity,mixed_kernel_gp_ei,7298,88.25,86.3,5.5,0,heldout,
real_moleculenet_lipophilicity,target_acquisition_portfolio,7298,89.625,87.175,4.125,0,heldout,
real_moleculenet_lipophilicity,fixed_scale_ensemble_0p5_1_1p5_2_3_4,7299,91.375,88.9375,2.375,0,heldout,
real_moleculenet_lipophilicity,gp_ucb,7299,91.375,88.9375,2.375,0,heldout,
real_moleculenet_lipophilicity,llm_calibrated_selector,7299,93.75,91.575,0.0,1,heldout,llm_evolved_kernel_explore_then_settle
real_moleculenet_lipophilicity,llm_evolved_kernel_explore_then_settle,7299,93.75,91.575,0.0,1,heldout,
real_moleculenet_lipophilicity,mixed_kernel_gp_ei,7299,86.5,86.5,7.25,0,heldout,
real_moleculenet_lipophilicity,target_acquisition_portfolio,7299,93.75,88.675,0.0,1,heldout,
