dataset,mode,seed,final_best,best_so_far_auc,simple_regret,top10_hit,split,selected_source_mode
real_moleculenet_lipophilicity,fixed_scale_ensemble_0p5_1_1p5_2_3_4,1800,85.625,85.625,8.125,0,calibration,
real_moleculenet_lipophilicity,gp_ucb,1800,85.625,85.625,8.125,0,calibration,
real_moleculenet_lipophilicity,llm_evolved_kernel_conservative_patch_low_beta,1800,85.625,85.625,8.125,0,calibration,
real_moleculenet_lipophilicity,llm_evolved_kernel_counter_hypothesis_patch,1800,91.375,87.5417,2.375,0,calibration,
real_moleculenet_lipophilicity,llm_evolved_kernel_exploration_patch_high_beta,1800,85.625,85.625,8.125,0,calibration,
real_moleculenet_lipophilicity,llm_evolved_kernel_high_confidence_roles_patch,1800,91.375,87.5417,2.375,0,calibration,
real_moleculenet_lipophilicity,llm_evolved_kernel_multi_scale_ensemble_patch,1800,85.625,85.625,8.125,0,calibration,
real_moleculenet_lipophilicity,llm_evolved_kernel_safety_anchor_patch,1800,85.625,85.625,8.125,0,calibration,
real_moleculenet_lipophilicity,mixed_kernel_gp_ei,1800,85.625,85.625,8.125,0,calibration,
real_moleculenet_lipophilicity,target_acquisition_portfolio,1800,85.625,85.625,8.125,0,calibration,
real_moleculenet_lipophilicity,fixed_scale_ensemble_0p5_1_1p5_2_3_4,1801,82.5,78.3333,11.25,0,calibration,
real_moleculenet_lipophilicity,gp_ucb,1801,76.25,76.25,17.5,0,calibration,
real_moleculenet_lipophilicity,llm_evolved_kernel_conservative_patch_low_beta,1801,92.5,81.6667,1.25,0,calibration,
real_moleculenet_lipophilicity,llm_evolved_kernel_counter_hypothesis_patch,1801,87.25,84.9167,6.5,0,calibration,
real_moleculenet_lipophilicity,llm_evolved_kernel_exploration_patch_high_beta,1801,83.75,82.75,10.0,0,calibration,
real_moleculenet_lipophilicity,llm_evolved_kernel_high_confidence_roles_patch,1801,76.25,76.25,17.5,0,calibration,
real_moleculenet_lipophilicity,llm_evolved_kernel_multi_scale_ensemble_patch,1801,85.0,84.1667,8.75,0,calibration,
real_moleculenet_lipophilicity,llm_evolved_kernel_safety_anchor_patch,1801,76.25,76.25,17.5,0,calibration,
real_moleculenet_lipophilicity,mixed_kernel_gp_ei,1801,76.25,76.25,17.5,0,calibration,
real_moleculenet_lipophilicity,target_acquisition_portfolio,1801,82.5,80.4167,11.25,0,calibration,
real_moleculenet_lipophilicity,fixed_scale_ensemble_0p5_1_1p5_2_3_4,1802,91.875,83.125,1.875,0,calibration,
real_moleculenet_lipophilicity,gp_ucb,1802,87.5,84.5,6.25,0,calibration,
real_moleculenet_lipophilicity,llm_evolved_kernel_conservative_patch_low_beta,1802,91.875,83.125,1.875,0,calibration,
real_moleculenet_lipophilicity,llm_evolved_kernel_counter_hypothesis_patch,1802,91.875,83.125,1.875,0,calibration,
real_moleculenet_lipophilicity,llm_evolved_kernel_exploration_patch_high_beta,1802,78.75,77.0,15.0,0,calibration,
real_moleculenet_lipophilicity,llm_evolved_kernel_high_confidence_roles_patch,1802,91.875,83.125,1.875,0,calibration,
real_moleculenet_lipophilicity,llm_evolved_kernel_multi_scale_ensemble_patch,1802,91.875,83.125,1.875,0,calibration,
real_moleculenet_lipophilicity,llm_evolved_kernel_safety_anchor_patch,1802,91.875,83.125,1.875,0,calibration,
real_moleculenet_lipophilicity,mixed_kernel_gp_ei,1802,91.875,83.125,1.875,0,calibration,
real_moleculenet_lipophilicity,target_acquisition_portfolio,1802,91.875,83.125,1.875,0,calibration,
real_moleculenet_lipophilicity,fixed_scale_ensemble_0p5_1_1p5_2_3_4,1803,85.375,85.375,8.375,0,calibration,
real_moleculenet_lipophilicity,gp_ucb,1803,85.375,85.375,8.375,0,calibration,
real_moleculenet_lipophilicity,llm_evolved_kernel_conservative_patch_low_beta,1803,85.375,85.375,8.375,0,calibration,
real_moleculenet_lipophilicity,llm_evolved_kernel_counter_hypothesis_patch,1803,85.375,85.375,8.375,0,calibration,
real_moleculenet_lipophilicity,llm_evolved_kernel_exploration_patch_high_beta,1803,85.375,85.375,8.375,0,calibration,
real_moleculenet_lipophilicity,llm_evolved_kernel_high_confidence_roles_patch,1803,88.75,87.625,5.0,0,calibration,
real_moleculenet_lipophilicity,llm_evolved_kernel_multi_scale_ensemble_patch,1803,85.375,85.375,8.375,0,calibration,
real_moleculenet_lipophilicity,llm_evolved_kernel_safety_anchor_patch,1803,85.375,85.375,8.375,0,calibration,
real_moleculenet_lipophilicity,mixed_kernel_gp_ei,1803,85.375,85.375,8.375,0,calibration,
real_moleculenet_lipophilicity,target_acquisition_portfolio,1803,85.375,85.375,8.375,0,calibration,
real_moleculenet_lipophilicity,fixed_scale_ensemble_0p5_1_1p5_2_3_4,1804,85.0,85.0,8.75,0,calibration,
real_moleculenet_lipophilicity,gp_ucb,1804,85.0,85.0,8.75,0,calibration,
real_moleculenet_lipophilicity,llm_evolved_kernel_conservative_patch_low_beta,1804,85.0,85.0,8.75,0,calibration,
real_moleculenet_lipophilicity,llm_evolved_kernel_counter_hypothesis_patch,1804,85.0,85.0,8.75,0,calibration,
real_moleculenet_lipophilicity,llm_evolved_kernel_exploration_patch_high_beta,1804,85.0,85.0,8.75,0,calibration,
real_moleculenet_lipophilicity,llm_evolved_kernel_high_confidence_roles_patch,1804,85.0,85.0,8.75,0,calibration,
real_moleculenet_lipophilicity,llm_evolved_kernel_multi_scale_ensemble_patch,1804,85.0,85.0,8.75,0,calibration,
real_moleculenet_lipophilicity,llm_evolved_kernel_safety_anchor_patch,1804,85.0,85.0,8.75,0,calibration,
real_moleculenet_lipophilicity,mixed_kernel_gp_ei,1804,85.0,85.0,8.75,0,calibration,
real_moleculenet_lipophilicity,target_acquisition_portfolio,1804,85.0,85.0,8.75,0,calibration,
real_moleculenet_lipophilicity,fixed_scale_ensemble_0p5_1_1p5_2_3_4,1805,87.5,85.8333,6.25,0,calibration,
real_moleculenet_lipophilicity,gp_ucb,1805,87.5,87.5,6.25,0,calibration,
real_moleculenet_lipophilicity,llm_evolved_kernel_conservative_patch_low_beta,1805,87.5,87.5,6.25,0,calibration,
real_moleculenet_lipophilicity,llm_evolved_kernel_counter_hypothesis_patch,1805,85.0,85.0,8.75,0,calibration,
real_moleculenet_lipophilicity,llm_evolved_kernel_exploration_patch_high_beta,1805,87.5,84.1667,6.25,0,calibration,
real_moleculenet_lipophilicity,llm_evolved_kernel_high_confidence_roles_patch,1805,85.0,85.0,8.75,0,calibration,
real_moleculenet_lipophilicity,llm_evolved_kernel_multi_scale_ensemble_patch,1805,87.5,85.8333,6.25,0,calibration,
real_moleculenet_lipophilicity,llm_evolved_kernel_safety_anchor_patch,1805,85.0,85.0,8.75,0,calibration,
real_moleculenet_lipophilicity,mixed_kernel_gp_ei,1805,87.5,87.5,6.25,0,calibration,
real_moleculenet_lipophilicity,target_acquisition_portfolio,1805,87.5,87.5,6.25,0,calibration,
real_moleculenet_lipophilicity,fixed_scale_ensemble_0p5_1_1p5_2_3_4,1806,91.0,87.25,2.75,0,calibration,
real_moleculenet_lipophilicity,gp_ucb,1806,91.0,87.25,2.75,0,calibration,
real_moleculenet_lipophilicity,llm_evolved_kernel_conservative_patch_low_beta,1806,85.375,85.375,8.375,0,calibration,
real_moleculenet_lipophilicity,llm_evolved_kernel_counter_hypothesis_patch,1806,91.0,87.25,2.75,0,calibration,
real_moleculenet_lipophilicity,llm_evolved_kernel_exploration_patch_high_beta,1806,91.0,87.25,2.75,0,calibration,
real_moleculenet_lipophilicity,llm_evolved_kernel_high_confidence_roles_patch,1806,91.0,87.25,2.75,0,calibration,
real_moleculenet_lipophilicity,llm_evolved_kernel_multi_scale_ensemble_patch,1806,91.0,87.25,2.75,0,calibration,
real_moleculenet_lipophilicity,llm_evolved_kernel_safety_anchor_patch,1806,91.0,87.25,2.75,0,calibration,
real_moleculenet_lipophilicity,mixed_kernel_gp_ei,1806,91.0,87.25,2.75,0,calibration,
real_moleculenet_lipophilicity,target_acquisition_portfolio,1806,91.0,87.25,2.75,0,calibration,
real_moleculenet_lipophilicity,fixed_scale_ensemble_0p5_1_1p5_2_3_4,1807,66.75,66.6667,27.0,0,calibration,
real_moleculenet_lipophilicity,gp_ucb,1807,66.625,66.625,27.125,0,calibration,
real_moleculenet_lipophilicity,llm_evolved_kernel_conservative_patch_low_beta,1807,66.625,66.625,27.125,0,calibration,
real_moleculenet_lipophilicity,llm_evolved_kernel_counter_hypothesis_patch,1807,66.75,66.6667,27.0,0,calibration,
real_moleculenet_lipophilicity,llm_evolved_kernel_exploration_patch_high_beta,1807,70.0,68.875,23.75,0,calibration,
real_moleculenet_lipophilicity,llm_evolved_kernel_high_confidence_roles_patch,1807,66.625,66.625,27.125,0,calibration,
real_moleculenet_lipophilicity,llm_evolved_kernel_multi_scale_ensemble_patch,1807,66.75,66.6667,27.0,0,calibration,
real_moleculenet_lipophilicity,llm_evolved_kernel_safety_anchor_patch,1807,66.625,66.625,27.125,0,calibration,
real_moleculenet_lipophilicity,mixed_kernel_gp_ei,1807,66.625,66.625,27.125,0,calibration,
real_moleculenet_lipophilicity,target_acquisition_portfolio,1807,66.625,66.625,27.125,0,calibration,
real_moleculenet_lipophilicity,fixed_scale_ensemble_0p5_1_1p5_2_3_4,1808,92.125,92.125,1.625,0,calibration,
real_moleculenet_lipophilicity,gp_ucb,1808,92.125,92.125,1.625,0,calibration,
real_moleculenet_lipophilicity,llm_evolved_kernel_conservative_patch_low_beta,1808,92.125,92.125,1.625,0,calibration,
real_moleculenet_lipophilicity,llm_evolved_kernel_counter_hypothesis_patch,1808,92.125,92.125,1.625,0,calibration,
real_moleculenet_lipophilicity,llm_evolved_kernel_exploration_patch_high_beta,1808,92.125,92.125,1.625,0,calibration,
real_moleculenet_lipophilicity,llm_evolved_kernel_high_confidence_roles_patch,1808,92.125,92.125,1.625,0,calibration,
real_moleculenet_lipophilicity,llm_evolved_kernel_multi_scale_ensemble_patch,1808,92.125,92.125,1.625,0,calibration,
real_moleculenet_lipophilicity,llm_evolved_kernel_safety_anchor_patch,1808,92.125,92.125,1.625,0,calibration,
real_moleculenet_lipophilicity,mixed_kernel_gp_ei,1808,92.125,92.125,1.625,0,calibration,
real_moleculenet_lipophilicity,target_acquisition_portfolio,1808,92.125,92.125,1.625,0,calibration,
real_moleculenet_lipophilicity,fixed_scale_ensemble_0p5_1_1p5_2_3_4,1809,92.5,92.5,1.25,0,calibration,
real_moleculenet_lipophilicity,gp_ucb,1809,92.5,92.5,1.25,0,calibration,
real_moleculenet_lipophilicity,llm_evolved_kernel_conservative_patch_low_beta,1809,92.5,92.5,1.25,0,calibration,
real_moleculenet_lipophilicity,llm_evolved_kernel_counter_hypothesis_patch,1809,92.5,92.5,1.25,0,calibration,
real_moleculenet_lipophilicity,llm_evolved_kernel_exploration_patch_high_beta,1809,92.5,92.5,1.25,0,calibration,
real_moleculenet_lipophilicity,llm_evolved_kernel_high_confidence_roles_patch,1809,92.5,92.5,1.25,0,calibration,
real_moleculenet_lipophilicity,llm_evolved_kernel_multi_scale_ensemble_patch,1809,92.5,92.5,1.25,0,calibration,
real_moleculenet_lipophilicity,llm_evolved_kernel_safety_anchor_patch,1809,92.5,92.5,1.25,0,calibration,
real_moleculenet_lipophilicity,mixed_kernel_gp_ei,1809,92.5,92.5,1.25,0,calibration,
real_moleculenet_lipophilicity,target_acquisition_portfolio,1809,92.5,92.5,1.25,0,calibration,
real_moleculenet_lipophilicity,fixed_scale_ensemble_0p5_1_1p5_2_3_4,1810,80.0,78.3333,13.75,0,calibration,
real_moleculenet_lipophilicity,gp_ucb,1810,81.25,81.25,12.5,0,calibration,
real_moleculenet_lipophilicity,llm_evolved_kernel_conservative_patch_low_beta,1810,81.25,81.25,12.5,0,calibration,
real_moleculenet_lipophilicity,llm_evolved_kernel_counter_hypothesis_patch,1810,83.75,83.75,10.0,0,calibration,
real_moleculenet_lipophilicity,llm_evolved_kernel_exploration_patch_high_beta,1810,82.625,82.625,11.125,0,calibration,
real_moleculenet_lipophilicity,llm_evolved_kernel_high_confidence_roles_patch,1810,80.0,78.3333,13.75,0,calibration,
real_moleculenet_lipophilicity,llm_evolved_kernel_multi_scale_ensemble_patch,1810,80.0,78.3333,13.75,0,calibration,
real_moleculenet_lipophilicity,llm_evolved_kernel_safety_anchor_patch,1810,80.0,78.3333,13.75,0,calibration,
real_moleculenet_lipophilicity,mixed_kernel_gp_ei,1810,88.75,88.75,5.0,0,calibration,
real_moleculenet_lipophilicity,target_acquisition_portfolio,1810,88.75,88.75,5.0,0,calibration,
real_moleculenet_lipophilicity,fixed_scale_ensemble_0p5_1_1p5_2_3_4,1811,75.25,75.0833,18.5,0,calibration,
real_moleculenet_lipophilicity,gp_ucb,1811,74.75,74.75,19.0,0,calibration,
real_moleculenet_lipophilicity,llm_evolved_kernel_conservative_patch_low_beta,1811,74.75,74.75,19.0,0,calibration,
real_moleculenet_lipophilicity,llm_evolved_kernel_counter_hypothesis_patch,1811,75.25,75.0833,18.5,0,calibration,
real_moleculenet_lipophilicity,llm_evolved_kernel_exploration_patch_high_beta,1811,86.625,78.7083,7.125,0,calibration,
real_moleculenet_lipophilicity,llm_evolved_kernel_high_confidence_roles_patch,1811,75.25,75.0833,18.5,0,calibration,
real_moleculenet_lipophilicity,llm_evolved_kernel_multi_scale_ensemble_patch,1811,74.75,74.75,19.0,0,calibration,
real_moleculenet_lipophilicity,llm_evolved_kernel_safety_anchor_patch,1811,74.75,74.75,19.0,0,calibration,
real_moleculenet_lipophilicity,mixed_kernel_gp_ei,1811,74.75,74.75,19.0,0,calibration,
real_moleculenet_lipophilicity,target_acquisition_portfolio,1811,74.75,74.75,19.0,0,calibration,
real_moleculenet_lipophilicity,fixed_scale_ensemble_0p5_1_1p5_2_3_4,1812,89.375,89.375,4.375,0,calibration,
real_moleculenet_lipophilicity,gp_ucb,1812,89.375,89.375,4.375,0,calibration,
real_moleculenet_lipophilicity,llm_evolved_kernel_conservative_patch_low_beta,1812,79.25,79.0833,14.5,0,calibration,
real_moleculenet_lipophilicity,llm_evolved_kernel_counter_hypothesis_patch,1812,89.375,89.375,4.375,0,calibration,
real_moleculenet_lipophilicity,llm_evolved_kernel_exploration_patch_high_beta,1812,88.625,85.3333,5.125,0,calibration,
real_moleculenet_lipophilicity,llm_evolved_kernel_high_confidence_roles_patch,1812,78.75,78.75,15.0,0,calibration,
real_moleculenet_lipophilicity,llm_evolved_kernel_multi_scale_ensemble_patch,1812,89.375,89.375,4.375,0,calibration,
real_moleculenet_lipophilicity,llm_evolved_kernel_safety_anchor_patch,1812,89.375,89.375,4.375,0,calibration,
real_moleculenet_lipophilicity,mixed_kernel_gp_ei,1812,79.25,79.0833,14.5,0,calibration,
real_moleculenet_lipophilicity,target_acquisition_portfolio,1812,89.375,89.375,4.375,0,calibration,
real_moleculenet_lipophilicity,fixed_scale_ensemble_0p5_1_1p5_2_3_4,1813,85.875,82.0,7.875,0,calibration,
real_moleculenet_lipophilicity,gp_ucb,1813,74.25,74.25,19.5,0,calibration,
real_moleculenet_lipophilicity,llm_evolved_kernel_conservative_patch_low_beta,1813,85.875,85.875,7.875,0,calibration,
real_moleculenet_lipophilicity,llm_evolved_kernel_counter_hypothesis_patch,1813,85.875,85.875,7.875,0,calibration,
real_moleculenet_lipophilicity,llm_evolved_kernel_exploration_patch_high_beta,1813,88.25,85.4167,5.5,0,calibration,
real_moleculenet_lipophilicity,llm_evolved_kernel_high_confidence_roles_patch,1813,85.875,82.0,7.875,0,calibration,
real_moleculenet_lipophilicity,llm_evolved_kernel_multi_scale_ensemble_patch,1813,85.875,82.0,7.875,0,calibration,
real_moleculenet_lipophilicity,llm_evolved_kernel_safety_anchor_patch,1813,85.875,78.125,7.875,0,calibration,
real_moleculenet_lipophilicity,mixed_kernel_gp_ei,1813,88.25,86.6667,5.5,0,calibration,
real_moleculenet_lipophilicity,target_acquisition_portfolio,1813,85.875,78.125,7.875,0,calibration,
real_moleculenet_lipophilicity,fixed_scale_ensemble_0p5_1_1p5_2_3_4,1814,92.5,92.5,1.25,0,calibration,
real_moleculenet_lipophilicity,gp_ucb,1814,92.5,92.5,1.25,0,calibration,
real_moleculenet_lipophilicity,llm_evolved_kernel_conservative_patch_low_beta,1814,92.5,92.5,1.25,0,calibration,
real_moleculenet_lipophilicity,llm_evolved_kernel_counter_hypothesis_patch,1814,92.5,92.5,1.25,0,calibration,
real_moleculenet_lipophilicity,llm_evolved_kernel_exploration_patch_high_beta,1814,92.5,92.5,1.25,0,calibration,
real_moleculenet_lipophilicity,llm_evolved_kernel_high_confidence_roles_patch,1814,92.5,92.5,1.25,0,calibration,
real_moleculenet_lipophilicity,llm_evolved_kernel_multi_scale_ensemble_patch,1814,92.5,92.5,1.25,0,calibration,
real_moleculenet_lipophilicity,llm_evolved_kernel_safety_anchor_patch,1814,92.5,92.5,1.25,0,calibration,
real_moleculenet_lipophilicity,mixed_kernel_gp_ei,1814,92.5,92.5,1.25,0,calibration,
real_moleculenet_lipophilicity,target_acquisition_portfolio,1814,92.5,92.5,1.25,0,calibration,
real_moleculenet_lipophilicity,fixed_scale_ensemble_0p5_1_1p5_2_3_4,1815,81.25,80.8333,12.5,0,calibration,
real_moleculenet_lipophilicity,gp_ucb,1815,81.25,81.0417,12.5,0,calibration,
real_moleculenet_lipophilicity,llm_evolved_kernel_conservative_patch_low_beta,1815,81.25,81.0417,12.5,0,calibration,
real_moleculenet_lipophilicity,llm_evolved_kernel_counter_hypothesis_patch,1815,80.625,80.625,13.125,0,calibration,
real_moleculenet_lipophilicity,llm_evolved_kernel_exploration_patch_high_beta,1815,80.625,80.625,13.125,0,calibration,
real_moleculenet_lipophilicity,llm_evolved_kernel_high_confidence_roles_patch,1815,80.625,80.625,13.125,0,calibration,
real_moleculenet_lipophilicity,llm_evolved_kernel_multi_scale_ensemble_patch,1815,81.25,81.0417,12.5,0,calibration,
real_moleculenet_lipophilicity,llm_evolved_kernel_safety_anchor_patch,1815,81.25,81.0417,12.5,0,calibration,
real_moleculenet_lipophilicity,mixed_kernel_gp_ei,1815,81.25,81.0417,12.5,0,calibration,
real_moleculenet_lipophilicity,target_acquisition_portfolio,1815,81.25,81.0417,12.5,0,calibration,
real_moleculenet_lipophilicity,fixed_scale_ensemble_0p5_1_1p5_2_3_4,1816,84.625,84.625,9.125,0,calibration,
real_moleculenet_lipophilicity,gp_ucb,1816,84.625,84.625,9.125,0,calibration,
real_moleculenet_lipophilicity,llm_evolved_kernel_conservative_patch_low_beta,1816,84.625,84.625,9.125,0,calibration,
real_moleculenet_lipophilicity,llm_evolved_kernel_counter_hypothesis_patch,1816,84.625,84.625,9.125,0,calibration,
real_moleculenet_lipophilicity,llm_evolved_kernel_exploration_patch_high_beta,1816,84.625,84.625,9.125,0,calibration,
real_moleculenet_lipophilicity,llm_evolved_kernel_high_confidence_roles_patch,1816,87.375,85.5417,6.375,0,calibration,
real_moleculenet_lipophilicity,llm_evolved_kernel_multi_scale_ensemble_patch,1816,87.375,85.5417,6.375,0,calibration,
real_moleculenet_lipophilicity,llm_evolved_kernel_safety_anchor_patch,1816,87.375,85.5417,6.375,0,calibration,
real_moleculenet_lipophilicity,mixed_kernel_gp_ei,1816,84.625,84.625,9.125,0,calibration,
real_moleculenet_lipophilicity,target_acquisition_portfolio,1816,84.625,84.625,9.125,0,calibration,
real_moleculenet_lipophilicity,fixed_scale_ensemble_0p5_1_1p5_2_3_4,1817,78.625,76.0417,15.125,0,calibration,
real_moleculenet_lipophilicity,gp_ucb,1817,78.625,76.0417,15.125,0,calibration,
real_moleculenet_lipophilicity,llm_evolved_kernel_conservative_patch_low_beta,1817,78.625,76.0417,15.125,0,calibration,
real_moleculenet_lipophilicity,llm_evolved_kernel_counter_hypothesis_patch,1817,78.625,76.0417,15.125,0,calibration,
real_moleculenet_lipophilicity,llm_evolved_kernel_exploration_patch_high_beta,1817,82.0,82.0,11.75,0,calibration,
real_moleculenet_lipophilicity,llm_evolved_kernel_high_confidence_roles_patch,1817,78.625,76.0417,15.125,0,calibration,
real_moleculenet_lipophilicity,llm_evolved_kernel_multi_scale_ensemble_patch,1817,78.625,76.0417,15.125,0,calibration,
real_moleculenet_lipophilicity,llm_evolved_kernel_safety_anchor_patch,1817,78.625,76.0417,15.125,0,calibration,
real_moleculenet_lipophilicity,mixed_kernel_gp_ei,1817,78.625,76.0417,15.125,0,calibration,
real_moleculenet_lipophilicity,target_acquisition_portfolio,1817,78.625,76.0417,15.125,0,calibration,
real_moleculenet_lipophilicity,fixed_scale_ensemble_0p5_1_1p5_2_3_4,1818,80.75,80.75,13.0,0,calibration,
real_moleculenet_lipophilicity,gp_ucb,1818,82.0,81.1667,11.75,0,calibration,
real_moleculenet_lipophilicity,llm_evolved_kernel_conservative_patch_low_beta,1818,80.75,80.75,13.0,0,calibration,
real_moleculenet_lipophilicity,llm_evolved_kernel_counter_hypothesis_patch,1818,80.75,80.75,13.0,0,calibration,
real_moleculenet_lipophilicity,llm_evolved_kernel_exploration_patch_high_beta,1818,82.0,81.5833,11.75,0,calibration,
real_moleculenet_lipophilicity,llm_evolved_kernel_high_confidence_roles_patch,1818,80.75,80.75,13.0,0,calibration,
real_moleculenet_lipophilicity,llm_evolved_kernel_multi_scale_ensemble_patch,1818,80.75,80.75,13.0,0,calibration,
real_moleculenet_lipophilicity,llm_evolved_kernel_safety_anchor_patch,1818,82.0,81.1667,11.75,0,calibration,
real_moleculenet_lipophilicity,mixed_kernel_gp_ei,1818,80.75,80.75,13.0,0,calibration,
real_moleculenet_lipophilicity,target_acquisition_portfolio,1818,82.0,81.1667,11.75,0,calibration,
real_moleculenet_lipophilicity,fixed_scale_ensemble_0p5_1_1p5_2_3_4,1819,80.875,80.875,12.875,0,calibration,
real_moleculenet_lipophilicity,gp_ucb,1819,82.0,82.0,11.75,0,calibration,
real_moleculenet_lipophilicity,llm_evolved_kernel_conservative_patch_low_beta,1819,77.625,74.875,16.125,0,calibration,
real_moleculenet_lipophilicity,llm_evolved_kernel_counter_hypothesis_patch,1819,78.375,78.375,15.375,0,calibration,
real_moleculenet_lipophilicity,llm_evolved_kernel_exploration_patch_high_beta,1819,79.625,73.3333,14.125,0,calibration,
real_moleculenet_lipophilicity,llm_evolved_kernel_high_confidence_roles_patch,1819,80.875,80.875,12.875,0,calibration,
real_moleculenet_lipophilicity,llm_evolved_kernel_multi_scale_ensemble_patch,1819,80.875,80.875,12.875,0,calibration,
real_moleculenet_lipophilicity,llm_evolved_kernel_safety_anchor_patch,1819,80.875,80.875,12.875,0,calibration,
real_moleculenet_lipophilicity,mixed_kernel_gp_ei,1819,74.625,74.625,19.125,0,calibration,
real_moleculenet_lipophilicity,target_acquisition_portfolio,1819,82.0,79.5833,11.75,0,calibration,
real_moleculenet_lipophilicity,fixed_scale_ensemble_0p5_1_1p5_2_3_4,1820,85.0,85.0,8.75,0,calibration,
real_moleculenet_lipophilicity,gp_ucb,1820,85.0,85.0,8.75,0,calibration,
real_moleculenet_lipophilicity,llm_evolved_kernel_conservative_patch_low_beta,1820,85.0,85.0,8.75,0,calibration,
real_moleculenet_lipophilicity,llm_evolved_kernel_counter_hypothesis_patch,1820,85.0,85.0,8.75,0,calibration,
real_moleculenet_lipophilicity,llm_evolved_kernel_exploration_patch_high_beta,1820,85.0,85.0,8.75,0,calibration,
real_moleculenet_lipophilicity,llm_evolved_kernel_high_confidence_roles_patch,1820,85.0,85.0,8.75,0,calibration,
real_moleculenet_lipophilicity,llm_evolved_kernel_multi_scale_ensemble_patch,1820,85.0,85.0,8.75,0,calibration,
real_moleculenet_lipophilicity,llm_evolved_kernel_safety_anchor_patch,1820,85.0,85.0,8.75,0,calibration,
real_moleculenet_lipophilicity,mixed_kernel_gp_ei,1820,85.0,85.0,8.75,0,calibration,
real_moleculenet_lipophilicity,target_acquisition_portfolio,1820,85.0,85.0,8.75,0,calibration,
real_moleculenet_lipophilicity,fixed_scale_ensemble_0p5_1_1p5_2_3_4,1821,85.75,85.75,8.0,0,calibration,
real_moleculenet_lipophilicity,gp_ucb,1821,85.75,85.75,8.0,0,calibration,
real_moleculenet_lipophilicity,llm_evolved_kernel_conservative_patch_low_beta,1821,85.75,85.75,8.0,0,calibration,
real_moleculenet_lipophilicity,llm_evolved_kernel_counter_hypothesis_patch,1821,85.75,85.75,8.0,0,calibration,
real_moleculenet_lipophilicity,llm_evolved_kernel_exploration_patch_high_beta,1821,92.125,92.125,1.625,0,calibration,
real_moleculenet_lipophilicity,llm_evolved_kernel_high_confidence_roles_patch,1821,85.75,85.75,8.0,0,calibration,
real_moleculenet_lipophilicity,llm_evolved_kernel_multi_scale_ensemble_patch,1821,85.75,85.75,8.0,0,calibration,
real_moleculenet_lipophilicity,llm_evolved_kernel_safety_anchor_patch,1821,85.75,85.75,8.0,0,calibration,
real_moleculenet_lipophilicity,mixed_kernel_gp_ei,1821,85.75,85.75,8.0,0,calibration,
real_moleculenet_lipophilicity,target_acquisition_portfolio,1821,85.75,85.75,8.0,0,calibration,
real_moleculenet_lipophilicity,fixed_scale_ensemble_0p5_1_1p5_2_3_4,1822,90.0,82.5833,3.75,0,calibration,
real_moleculenet_lipophilicity,gp_ucb,1822,90.0,82.5833,3.75,0,calibration,
real_moleculenet_lipophilicity,llm_evolved_kernel_conservative_patch_low_beta,1822,78.875,78.875,14.875,0,calibration,
real_moleculenet_lipophilicity,llm_evolved_kernel_counter_hypothesis_patch,1822,90.0,82.5833,3.75,0,calibration,
real_moleculenet_lipophilicity,llm_evolved_kernel_exploration_patch_high_beta,1822,78.875,78.875,14.875,0,calibration,
real_moleculenet_lipophilicity,llm_evolved_kernel_high_confidence_roles_patch,1822,90.0,82.5833,3.75,0,calibration,
real_moleculenet_lipophilicity,llm_evolved_kernel_multi_scale_ensemble_patch,1822,90.0,82.5833,3.75,0,calibration,
real_moleculenet_lipophilicity,llm_evolved_kernel_safety_anchor_patch,1822,90.0,82.5833,3.75,0,calibration,
real_moleculenet_lipophilicity,mixed_kernel_gp_ei,1822,78.875,78.875,14.875,0,calibration,
real_moleculenet_lipophilicity,target_acquisition_portfolio,1822,78.875,78.875,14.875,0,calibration,
real_moleculenet_lipophilicity,fixed_scale_ensemble_0p5_1_1p5_2_3_4,1823,88.25,88.25,5.5,0,calibration,
real_moleculenet_lipophilicity,gp_ucb,1823,88.75,88.4167,5.0,0,calibration,
real_moleculenet_lipophilicity,llm_evolved_kernel_conservative_patch_low_beta,1823,90.0,88.8333,3.75,0,calibration,
real_moleculenet_lipophilicity,llm_evolved_kernel_counter_hypothesis_patch,1823,88.25,88.25,5.5,0,calibration,
real_moleculenet_lipophilicity,llm_evolved_kernel_exploration_patch_high_beta,1823,88.25,88.25,5.5,0,calibration,
real_moleculenet_lipophilicity,llm_evolved_kernel_high_confidence_roles_patch,1823,88.25,88.25,5.5,0,calibration,
real_moleculenet_lipophilicity,llm_evolved_kernel_multi_scale_ensemble_patch,1823,88.25,88.25,5.5,0,calibration,
real_moleculenet_lipophilicity,llm_evolved_kernel_safety_anchor_patch,1823,88.25,88.25,5.5,0,calibration,
real_moleculenet_lipophilicity,mixed_kernel_gp_ei,1823,88.75,88.4167,5.0,0,calibration,
real_moleculenet_lipophilicity,target_acquisition_portfolio,1823,88.25,88.25,5.5,0,calibration,
real_moleculenet_lipophilicity,fixed_scale_ensemble_0p5_1_1p5_2_3_4,1824,73.75,73.75,20.0,0,calibration,
real_moleculenet_lipophilicity,gp_ucb,1824,73.75,73.75,20.0,0,calibration,
real_moleculenet_lipophilicity,llm_evolved_kernel_conservative_patch_low_beta,1824,73.75,73.75,20.0,0,calibration,
real_moleculenet_lipophilicity,llm_evolved_kernel_counter_hypothesis_patch,1824,73.75,73.75,20.0,0,calibration,
real_moleculenet_lipophilicity,llm_evolved_kernel_exploration_patch_high_beta,1824,73.75,73.75,20.0,0,calibration,
real_moleculenet_lipophilicity,llm_evolved_kernel_high_confidence_roles_patch,1824,73.75,73.75,20.0,0,calibration,
real_moleculenet_lipophilicity,llm_evolved_kernel_multi_scale_ensemble_patch,1824,73.75,73.75,20.0,0,calibration,
real_moleculenet_lipophilicity,llm_evolved_kernel_safety_anchor_patch,1824,73.75,73.75,20.0,0,calibration,
real_moleculenet_lipophilicity,mixed_kernel_gp_ei,1824,73.75,73.75,20.0,0,calibration,
real_moleculenet_lipophilicity,target_acquisition_portfolio,1824,90.0,79.1667,3.75,0,calibration,
real_moleculenet_lipophilicity,fixed_scale_ensemble_0p5_1_1p5_2_3_4,1825,83.25,83.25,10.5,0,calibration,
real_moleculenet_lipophilicity,gp_ucb,1825,83.25,83.25,10.5,0,calibration,
real_moleculenet_lipophilicity,llm_evolved_kernel_conservative_patch_low_beta,1825,83.25,83.25,10.5,0,calibration,
real_moleculenet_lipophilicity,llm_evolved_kernel_counter_hypothesis_patch,1825,83.25,83.25,10.5,0,calibration,
real_moleculenet_lipophilicity,llm_evolved_kernel_exploration_patch_high_beta,1825,83.25,83.25,10.5,0,calibration,
real_moleculenet_lipophilicity,llm_evolved_kernel_high_confidence_roles_patch,1825,83.25,83.25,10.5,0,calibration,
real_moleculenet_lipophilicity,llm_evolved_kernel_multi_scale_ensemble_patch,1825,83.25,83.25,10.5,0,calibration,
real_moleculenet_lipophilicity,llm_evolved_kernel_safety_anchor_patch,1825,83.25,83.25,10.5,0,calibration,
real_moleculenet_lipophilicity,mixed_kernel_gp_ei,1825,83.25,83.25,10.5,0,calibration,
real_moleculenet_lipophilicity,target_acquisition_portfolio,1825,83.25,83.25,10.5,0,calibration,
real_moleculenet_lipophilicity,fixed_scale_ensemble_0p5_1_1p5_2_3_4,1826,86.25,83.9167,7.5,0,calibration,
real_moleculenet_lipophilicity,gp_ucb,1826,91.25,88.75,2.5,0,calibration,
real_moleculenet_lipophilicity,llm_evolved_kernel_conservative_patch_low_beta,1826,83.75,83.4167,10.0,0,calibration,
real_moleculenet_lipophilicity,llm_evolved_kernel_counter_hypothesis_patch,1826,86.25,83.9167,7.5,0,calibration,
real_moleculenet_lipophilicity,llm_evolved_kernel_exploration_patch_high_beta,1826,86.25,84.6667,7.5,0,calibration,
real_moleculenet_lipophilicity,llm_evolved_kernel_high_confidence_roles_patch,1826,83.75,83.75,10.0,0,calibration,
real_moleculenet_lipophilicity,llm_evolved_kernel_multi_scale_ensemble_patch,1826,91.25,88.75,2.5,0,calibration,
real_moleculenet_lipophilicity,llm_evolved_kernel_safety_anchor_patch,1826,91.25,88.75,2.5,0,calibration,
real_moleculenet_lipophilicity,mixed_kernel_gp_ei,1826,91.25,86.25,2.5,0,calibration,
real_moleculenet_lipophilicity,target_acquisition_portfolio,1826,91.25,88.75,2.5,0,calibration,
real_moleculenet_lipophilicity,fixed_scale_ensemble_0p5_1_1p5_2_3_4,1827,80.75,80.75,13.0,0,calibration,
real_moleculenet_lipophilicity,gp_ucb,1827,80.75,80.75,13.0,0,calibration,
real_moleculenet_lipophilicity,llm_evolved_kernel_conservative_patch_low_beta,1827,80.75,80.75,13.0,0,calibration,
real_moleculenet_lipophilicity,llm_evolved_kernel_counter_hypothesis_patch,1827,80.75,80.75,13.0,0,calibration,
real_moleculenet_lipophilicity,llm_evolved_kernel_exploration_patch_high_beta,1827,80.75,80.75,13.0,0,calibration,
real_moleculenet_lipophilicity,llm_evolved_kernel_high_confidence_roles_patch,1827,80.75,80.75,13.0,0,calibration,
real_moleculenet_lipophilicity,llm_evolved_kernel_multi_scale_ensemble_patch,1827,80.75,80.75,13.0,0,calibration,
real_moleculenet_lipophilicity,llm_evolved_kernel_safety_anchor_patch,1827,80.75,80.75,13.0,0,calibration,
real_moleculenet_lipophilicity,mixed_kernel_gp_ei,1827,80.75,80.75,13.0,0,calibration,
real_moleculenet_lipophilicity,target_acquisition_portfolio,1827,80.75,80.75,13.0,0,calibration,
real_moleculenet_lipophilicity,fixed_scale_ensemble_0p5_1_1p5_2_3_4,1828,76.25,76.25,17.5,0,calibration,
real_moleculenet_lipophilicity,gp_ucb,1828,76.25,76.25,17.5,0,calibration,
real_moleculenet_lipophilicity,llm_evolved_kernel_conservative_patch_low_beta,1828,76.25,76.25,17.5,0,calibration,
real_moleculenet_lipophilicity,llm_evolved_kernel_counter_hypothesis_patch,1828,76.25,76.25,17.5,0,calibration,
real_moleculenet_lipophilicity,llm_evolved_kernel_exploration_patch_high_beta,1828,90.5,85.75,3.25,0,calibration,
real_moleculenet_lipophilicity,llm_evolved_kernel_high_confidence_roles_patch,1828,76.25,76.25,17.5,0,calibration,
real_moleculenet_lipophilicity,llm_evolved_kernel_multi_scale_ensemble_patch,1828,76.25,76.25,17.5,0,calibration,
real_moleculenet_lipophilicity,llm_evolved_kernel_safety_anchor_patch,1828,76.25,76.25,17.5,0,calibration,
real_moleculenet_lipophilicity,mixed_kernel_gp_ei,1828,77.5,76.6667,16.25,0,calibration,
real_moleculenet_lipophilicity,target_acquisition_portfolio,1828,76.25,76.25,17.5,0,calibration,
real_moleculenet_lipophilicity,fixed_scale_ensemble_0p5_1_1p5_2_3_4,1829,80.375,77.375,13.375,0,calibration,
real_moleculenet_lipophilicity,gp_ucb,1829,80.375,77.375,13.375,0,calibration,
real_moleculenet_lipophilicity,llm_evolved_kernel_conservative_patch_low_beta,1829,80.375,77.375,13.375,0,calibration,
real_moleculenet_lipophilicity,llm_evolved_kernel_counter_hypothesis_patch,1829,75.875,75.875,17.875,0,calibration,
real_moleculenet_lipophilicity,llm_evolved_kernel_exploration_patch_high_beta,1829,76.25,76.0,17.5,0,calibration,
real_moleculenet_lipophilicity,llm_evolved_kernel_high_confidence_roles_patch,1829,75.875,75.875,17.875,0,calibration,
real_moleculenet_lipophilicity,llm_evolved_kernel_multi_scale_ensemble_patch,1829,75.875,75.875,17.875,0,calibration,
real_moleculenet_lipophilicity,llm_evolved_kernel_safety_anchor_patch,1829,80.375,77.375,13.375,0,calibration,
real_moleculenet_lipophilicity,mixed_kernel_gp_ei,1829,80.375,77.375,13.375,0,calibration,
real_moleculenet_lipophilicity,target_acquisition_portfolio,1829,80.375,77.375,13.375,0,calibration,
real_moleculenet_lipophilicity,fixed_scale_ensemble_0p5_1_1p5_2_3_4,1830,81.5,81.5,12.25,0,calibration,
real_moleculenet_lipophilicity,gp_ucb,1830,82.5,82.1667,11.25,0,calibration,
real_moleculenet_lipophilicity,llm_evolved_kernel_conservative_patch_low_beta,1830,82.875,82.4167,10.875,0,calibration,
real_moleculenet_lipophilicity,llm_evolved_kernel_counter_hypothesis_patch,1830,81.5,81.5,12.25,0,calibration,
real_moleculenet_lipophilicity,llm_evolved_kernel_exploration_patch_high_beta,1830,81.5,81.5,12.25,0,calibration,
real_moleculenet_lipophilicity,llm_evolved_kernel_high_confidence_roles_patch,1830,81.5,81.5,12.25,0,calibration,
real_moleculenet_lipophilicity,llm_evolved_kernel_multi_scale_ensemble_patch,1830,81.5,81.5,12.25,0,calibration,
real_moleculenet_lipophilicity,llm_evolved_kernel_safety_anchor_patch,1830,81.5,81.5,12.25,0,calibration,
real_moleculenet_lipophilicity,mixed_kernel_gp_ei,1830,83.625,82.6667,10.125,0,calibration,
real_moleculenet_lipophilicity,target_acquisition_portfolio,1830,82.875,82.4167,10.875,0,calibration,
real_moleculenet_lipophilicity,fixed_scale_ensemble_0p5_1_1p5_2_3_4,1831,92.5,92.5,1.25,0,calibration,
real_moleculenet_lipophilicity,gp_ucb,1831,79.875,79.875,13.875,0,calibration,
real_moleculenet_lipophilicity,llm_evolved_kernel_conservative_patch_low_beta,1831,79.875,79.875,13.875,0,calibration,
real_moleculenet_lipophilicity,llm_evolved_kernel_counter_hypothesis_patch,1831,82.625,81.2917,11.125,0,calibration,
real_moleculenet_lipophilicity,llm_evolved_kernel_exploration_patch_high_beta,1831,79.875,79.875,13.875,0,calibration,
real_moleculenet_lipophilicity,llm_evolved_kernel_high_confidence_roles_patch,1831,92.5,92.5,1.25,0,calibration,
real_moleculenet_lipophilicity,llm_evolved_kernel_multi_scale_ensemble_patch,1831,79.875,79.875,13.875,0,calibration,
real_moleculenet_lipophilicity,llm_evolved_kernel_safety_anchor_patch,1831,79.875,79.875,13.875,0,calibration,
real_moleculenet_lipophilicity,mixed_kernel_gp_ei,1831,79.875,79.875,13.875,0,calibration,
real_moleculenet_lipophilicity,target_acquisition_portfolio,1831,79.875,79.875,13.875,0,calibration,
real_moleculenet_lipophilicity,fixed_scale_ensemble_0p5_1_1p5_2_3_4,1832,87.5,85.0,6.25,0,calibration,
real_moleculenet_lipophilicity,gp_ucb,1832,87.5,85.0,6.25,0,calibration,
real_moleculenet_lipophilicity,llm_evolved_kernel_conservative_patch_low_beta,1832,87.5,86.25,6.25,0,calibration,
real_moleculenet_lipophilicity,llm_evolved_kernel_counter_hypothesis_patch,1832,87.5,85.0,6.25,0,calibration,
real_moleculenet_lipophilicity,llm_evolved_kernel_exploration_patch_high_beta,1832,86.25,86.25,7.5,0,calibration,
real_moleculenet_lipophilicity,llm_evolved_kernel_high_confidence_roles_patch,1832,87.5,85.0,6.25,0,calibration,
real_moleculenet_lipophilicity,llm_evolved_kernel_multi_scale_ensemble_patch,1832,87.5,85.0,6.25,0,calibration,
real_moleculenet_lipophilicity,llm_evolved_kernel_safety_anchor_patch,1832,87.5,85.0,6.25,0,calibration,
real_moleculenet_lipophilicity,mixed_kernel_gp_ei,1832,87.5,85.0,6.25,0,calibration,
real_moleculenet_lipophilicity,target_acquisition_portfolio,1832,87.5,85.0,6.25,0,calibration,
real_moleculenet_lipophilicity,fixed_scale_ensemble_0p5_1_1p5_2_3_4,1833,78.875,78.875,14.875,0,calibration,
real_moleculenet_lipophilicity,gp_ucb,1833,83.0,80.25,10.75,0,calibration,
real_moleculenet_lipophilicity,llm_evolved_kernel_conservative_patch_low_beta,1833,78.875,78.875,14.875,0,calibration,
real_moleculenet_lipophilicity,llm_evolved_kernel_counter_hypothesis_patch,1833,86.5,81.4167,7.25,0,calibration,
real_moleculenet_lipophilicity,llm_evolved_kernel_exploration_patch_high_beta,1833,82.5,81.2917,11.25,0,calibration,
real_moleculenet_lipophilicity,llm_evolved_kernel_high_confidence_roles_patch,1833,78.875,78.875,14.875,0,calibration,
real_moleculenet_lipophilicity,llm_evolved_kernel_multi_scale_ensemble_patch,1833,83.0,80.25,10.75,0,calibration,
real_moleculenet_lipophilicity,llm_evolved_kernel_safety_anchor_patch,1833,83.0,80.25,10.75,0,calibration,
real_moleculenet_lipophilicity,mixed_kernel_gp_ei,1833,78.875,78.875,14.875,0,calibration,
real_moleculenet_lipophilicity,target_acquisition_portfolio,1833,83.0,80.25,10.75,0,calibration,
real_moleculenet_lipophilicity,fixed_scale_ensemble_0p5_1_1p5_2_3_4,1834,79.375,79.375,14.375,0,calibration,
real_moleculenet_lipophilicity,gp_ucb,1834,86.875,81.875,6.875,0,calibration,
real_moleculenet_lipophilicity,llm_evolved_kernel_conservative_patch_low_beta,1834,79.375,79.375,14.375,0,calibration,
real_moleculenet_lipophilicity,llm_evolved_kernel_counter_hypothesis_patch,1834,79.375,79.375,14.375,0,calibration,
real_moleculenet_lipophilicity,llm_evolved_kernel_exploration_patch_high_beta,1834,79.375,79.375,14.375,0,calibration,
real_moleculenet_lipophilicity,llm_evolved_kernel_high_confidence_roles_patch,1834,79.375,79.375,14.375,0,calibration,
real_moleculenet_lipophilicity,llm_evolved_kernel_multi_scale_ensemble_patch,1834,79.375,79.375,14.375,0,calibration,
real_moleculenet_lipophilicity,llm_evolved_kernel_safety_anchor_patch,1834,79.375,79.375,14.375,0,calibration,
real_moleculenet_lipophilicity,mixed_kernel_gp_ei,1834,86.875,81.875,6.875,0,calibration,
real_moleculenet_lipophilicity,target_acquisition_portfolio,1834,79.375,79.375,14.375,0,calibration,
real_moleculenet_lipophilicity,fixed_scale_ensemble_0p5_1_1p5_2_3_4,1835,76.875,76.875,16.875,0,calibration,
real_moleculenet_lipophilicity,gp_ucb,1835,82.875,80.875,10.875,0,calibration,
real_moleculenet_lipophilicity,llm_evolved_kernel_conservative_patch_low_beta,1835,80.0,77.9167,13.75,0,calibration,
real_moleculenet_lipophilicity,llm_evolved_kernel_counter_hypothesis_patch,1835,76.875,76.875,16.875,0,calibration,
real_moleculenet_lipophilicity,llm_evolved_kernel_exploration_patch_high_beta,1835,82.875,80.875,10.875,0,calibration,
real_moleculenet_lipophilicity,llm_evolved_kernel_high_confidence_roles_patch,1835,76.875,76.875,16.875,0,calibration,
real_moleculenet_lipophilicity,llm_evolved_kernel_multi_scale_ensemble_patch,1835,76.875,76.875,16.875,0,calibration,
real_moleculenet_lipophilicity,llm_evolved_kernel_safety_anchor_patch,1835,82.875,78.875,10.875,0,calibration,
real_moleculenet_lipophilicity,mixed_kernel_gp_ei,1835,82.875,80.875,10.875,0,calibration,
real_moleculenet_lipophilicity,target_acquisition_portfolio,1835,82.875,80.875,10.875,0,calibration,
real_moleculenet_lipophilicity,fixed_scale_ensemble_0p5_1_1p5_2_3_4,1836,84.375,84.375,9.375,0,calibration,
real_moleculenet_lipophilicity,gp_ucb,1836,84.375,84.375,9.375,0,calibration,
real_moleculenet_lipophilicity,llm_evolved_kernel_conservative_patch_low_beta,1836,84.375,84.375,9.375,0,calibration,
real_moleculenet_lipophilicity,llm_evolved_kernel_counter_hypothesis_patch,1836,84.375,84.375,9.375,0,calibration,
real_moleculenet_lipophilicity,llm_evolved_kernel_exploration_patch_high_beta,1836,87.125,86.2083,6.625,0,calibration,
real_moleculenet_lipophilicity,llm_evolved_kernel_high_confidence_roles_patch,1836,84.375,84.375,9.375,0,calibration,
real_moleculenet_lipophilicity,llm_evolved_kernel_multi_scale_ensemble_patch,1836,84.375,84.375,9.375,0,calibration,
real_moleculenet_lipophilicity,llm_evolved_kernel_safety_anchor_patch,1836,84.375,84.375,9.375,0,calibration,
real_moleculenet_lipophilicity,mixed_kernel_gp_ei,1836,86.875,86.875,6.875,0,calibration,
real_moleculenet_lipophilicity,target_acquisition_portfolio,1836,84.375,84.375,9.375,0,calibration,
real_moleculenet_lipophilicity,fixed_scale_ensemble_0p5_1_1p5_2_3_4,1837,82.875,81.7083,10.875,0,calibration,
real_moleculenet_lipophilicity,gp_ucb,1837,82.875,81.7083,10.875,0,calibration,
real_moleculenet_lipophilicity,llm_evolved_kernel_conservative_patch_low_beta,1837,79.375,79.375,14.375,0,calibration,
real_moleculenet_lipophilicity,llm_evolved_kernel_counter_hypothesis_patch,1837,82.875,80.5417,10.875,0,calibration,
real_moleculenet_lipophilicity,llm_evolved_kernel_exploration_patch_high_beta,1837,82.875,82.875,10.875,0,calibration,
real_moleculenet_lipophilicity,llm_evolved_kernel_high_confidence_roles_patch,1837,82.875,82.875,10.875,0,calibration,
real_moleculenet_lipophilicity,llm_evolved_kernel_multi_scale_ensemble_patch,1837,82.875,81.7083,10.875,0,calibration,
real_moleculenet_lipophilicity,llm_evolved_kernel_safety_anchor_patch,1837,82.875,81.7083,10.875,0,calibration,
real_moleculenet_lipophilicity,mixed_kernel_gp_ei,1837,82.875,81.7083,10.875,0,calibration,
real_moleculenet_lipophilicity,target_acquisition_portfolio,1837,82.875,81.7083,10.875,0,calibration,
real_moleculenet_lipophilicity,fixed_scale_ensemble_0p5_1_1p5_2_3_4,1838,90.625,90.625,3.125,0,calibration,
real_moleculenet_lipophilicity,gp_ucb,1838,90.625,90.625,3.125,0,calibration,
real_moleculenet_lipophilicity,llm_evolved_kernel_conservative_patch_low_beta,1838,90.625,90.625,3.125,0,calibration,
real_moleculenet_lipophilicity,llm_evolved_kernel_counter_hypothesis_patch,1838,90.625,90.625,3.125,0,calibration,
real_moleculenet_lipophilicity,llm_evolved_kernel_exploration_patch_high_beta,1838,90.625,90.625,3.125,0,calibration,
real_moleculenet_lipophilicity,llm_evolved_kernel_high_confidence_roles_patch,1838,90.625,90.625,3.125,0,calibration,
real_moleculenet_lipophilicity,llm_evolved_kernel_multi_scale_ensemble_patch,1838,90.625,90.625,3.125,0,calibration,
real_moleculenet_lipophilicity,llm_evolved_kernel_safety_anchor_patch,1838,90.625,90.625,3.125,0,calibration,
real_moleculenet_lipophilicity,mixed_kernel_gp_ei,1838,90.625,90.625,3.125,0,calibration,
real_moleculenet_lipophilicity,target_acquisition_portfolio,1838,90.625,90.625,3.125,0,calibration,
real_moleculenet_lipophilicity,fixed_scale_ensemble_0p5_1_1p5_2_3_4,1839,78.75,78.75,15.0,0,calibration,
real_moleculenet_lipophilicity,gp_ucb,1839,86.25,81.25,7.5,0,calibration,
real_moleculenet_lipophilicity,llm_evolved_kernel_conservative_patch_low_beta,1839,78.75,78.75,15.0,0,calibration,
real_moleculenet_lipophilicity,llm_evolved_kernel_counter_hypothesis_patch,1839,78.75,78.75,15.0,0,calibration,
real_moleculenet_lipophilicity,llm_evolved_kernel_exploration_patch_high_beta,1839,78.75,78.75,15.0,0,calibration,
real_moleculenet_lipophilicity,llm_evolved_kernel_high_confidence_roles_patch,1839,78.75,78.75,15.0,0,calibration,
real_moleculenet_lipophilicity,llm_evolved_kernel_multi_scale_ensemble_patch,1839,78.75,78.75,15.0,0,calibration,
real_moleculenet_lipophilicity,llm_evolved_kernel_safety_anchor_patch,1839,86.25,81.25,7.5,0,calibration,
real_moleculenet_lipophilicity,mixed_kernel_gp_ei,1839,86.25,81.25,7.5,0,calibration,
real_moleculenet_lipophilicity,target_acquisition_portfolio,1839,86.25,81.25,7.5,0,calibration,
real_moleculenet_lipophilicity,fixed_scale_ensemble_0p5_1_1p5_2_3_4,1840,91.25,91.25,2.5,0,calibration,
real_moleculenet_lipophilicity,gp_ucb,1840,91.25,91.25,2.5,0,calibration,
real_moleculenet_lipophilicity,llm_evolved_kernel_conservative_patch_low_beta,1840,83.0,74.9167,10.75,0,calibration,
real_moleculenet_lipophilicity,llm_evolved_kernel_counter_hypothesis_patch,1840,91.25,91.25,2.5,0,calibration,
real_moleculenet_lipophilicity,llm_evolved_kernel_exploration_patch_high_beta,1840,80.75,73.4167,13.0,0,calibration,
real_moleculenet_lipophilicity,llm_evolved_kernel_high_confidence_roles_patch,1840,91.25,91.25,2.5,0,calibration,
real_moleculenet_lipophilicity,llm_evolved_kernel_multi_scale_ensemble_patch,1840,91.25,91.25,2.5,0,calibration,
real_moleculenet_lipophilicity,llm_evolved_kernel_safety_anchor_patch,1840,91.25,91.25,2.5,0,calibration,
real_moleculenet_lipophilicity,mixed_kernel_gp_ei,1840,83.0,74.9167,10.75,0,calibration,
real_moleculenet_lipophilicity,target_acquisition_portfolio,1840,91.25,91.25,2.5,0,calibration,
real_moleculenet_lipophilicity,fixed_scale_ensemble_0p5_1_1p5_2_3_4,1841,82.0,82.0,11.75,0,calibration,
real_moleculenet_lipophilicity,gp_ucb,1841,82.0,82.0,11.75,0,calibration,
real_moleculenet_lipophilicity,llm_evolved_kernel_conservative_patch_low_beta,1841,82.0,82.0,11.75,0,calibration,
real_moleculenet_lipophilicity,llm_evolved_kernel_counter_hypothesis_patch,1841,82.0,82.0,11.75,0,calibration,
real_moleculenet_lipophilicity,llm_evolved_kernel_exploration_patch_high_beta,1841,82.0,82.0,11.75,0,calibration,
real_moleculenet_lipophilicity,llm_evolved_kernel_high_confidence_roles_patch,1841,82.0,82.0,11.75,0,calibration,
real_moleculenet_lipophilicity,llm_evolved_kernel_multi_scale_ensemble_patch,1841,82.0,82.0,11.75,0,calibration,
real_moleculenet_lipophilicity,llm_evolved_kernel_safety_anchor_patch,1841,82.0,82.0,11.75,0,calibration,
real_moleculenet_lipophilicity,mixed_kernel_gp_ei,1841,82.0,82.0,11.75,0,calibration,
real_moleculenet_lipophilicity,target_acquisition_portfolio,1841,82.0,82.0,11.75,0,calibration,
real_moleculenet_lipophilicity,fixed_scale_ensemble_0p5_1_1p5_2_3_4,1842,82.0,82.0,11.75,0,calibration,
real_moleculenet_lipophilicity,gp_ucb,1842,83.75,82.5833,10.0,0,calibration,
real_moleculenet_lipophilicity,llm_evolved_kernel_conservative_patch_low_beta,1842,88.75,84.25,5.0,0,calibration,
real_moleculenet_lipophilicity,llm_evolved_kernel_counter_hypothesis_patch,1842,82.0,82.0,11.75,0,calibration,
real_moleculenet_lipophilicity,llm_evolved_kernel_exploration_patch_high_beta,1842,82.0,82.0,11.75,0,calibration,
real_moleculenet_lipophilicity,llm_evolved_kernel_high_confidence_roles_patch,1842,82.0,82.0,11.75,0,calibration,
real_moleculenet_lipophilicity,llm_evolved_kernel_multi_scale_ensemble_patch,1842,82.0,82.0,11.75,0,calibration,
real_moleculenet_lipophilicity,llm_evolved_kernel_safety_anchor_patch,1842,82.0,82.0,11.75,0,calibration,
real_moleculenet_lipophilicity,mixed_kernel_gp_ei,1842,88.75,84.25,5.0,0,calibration,
real_moleculenet_lipophilicity,target_acquisition_portfolio,1842,88.75,86.5,5.0,0,calibration,
real_moleculenet_lipophilicity,fixed_scale_ensemble_0p5_1_1p5_2_3_4,1843,81.25,79.1667,12.5,0,calibration,
real_moleculenet_lipophilicity,gp_ucb,1843,74.5,72.3333,19.25,0,calibration,
real_moleculenet_lipophilicity,llm_evolved_kernel_conservative_patch_low_beta,1843,87.5,81.875,6.25,0,calibration,
real_moleculenet_lipophilicity,llm_evolved_kernel_counter_hypothesis_patch,1843,86.25,78.75,7.5,0,calibration,
real_moleculenet_lipophilicity,llm_evolved_kernel_exploration_patch_high_beta,1843,91.875,86.0833,1.875,0,calibration,
real_moleculenet_lipophilicity,llm_evolved_kernel_high_confidence_roles_patch,1843,86.25,78.75,7.5,0,calibration,
real_moleculenet_lipophilicity,llm_evolved_kernel_multi_scale_ensemble_patch,1843,81.25,79.1667,12.5,0,calibration,
real_moleculenet_lipophilicity,llm_evolved_kernel_safety_anchor_patch,1843,86.25,78.75,7.5,0,calibration,
real_moleculenet_lipophilicity,mixed_kernel_gp_ei,1843,70.625,70.625,23.125,0,calibration,
real_moleculenet_lipophilicity,target_acquisition_portfolio,1843,70.625,70.625,23.125,0,calibration,
real_moleculenet_lipophilicity,fixed_scale_ensemble_0p5_1_1p5_2_3_4,1844,82.375,82.375,11.375,0,calibration,
real_moleculenet_lipophilicity,gp_ucb,1844,82.375,82.375,11.375,0,calibration,
real_moleculenet_lipophilicity,llm_evolved_kernel_conservative_patch_low_beta,1844,82.375,82.375,11.375,0,calibration,
real_moleculenet_lipophilicity,llm_evolved_kernel_counter_hypothesis_patch,1844,82.375,82.375,11.375,0,calibration,
real_moleculenet_lipophilicity,llm_evolved_kernel_exploration_patch_high_beta,1844,82.375,82.375,11.375,0,calibration,
real_moleculenet_lipophilicity,llm_evolved_kernel_high_confidence_roles_patch,1844,82.375,82.375,11.375,0,calibration,
real_moleculenet_lipophilicity,llm_evolved_kernel_multi_scale_ensemble_patch,1844,82.375,82.375,11.375,0,calibration,
real_moleculenet_lipophilicity,llm_evolved_kernel_safety_anchor_patch,1844,82.375,82.375,11.375,0,calibration,
real_moleculenet_lipophilicity,mixed_kernel_gp_ei,1844,82.375,82.375,11.375,0,calibration,
real_moleculenet_lipophilicity,target_acquisition_portfolio,1844,82.375,82.375,11.375,0,calibration,
real_moleculenet_lipophilicity,fixed_scale_ensemble_0p5_1_1p5_2_3_4,1845,75.875,74.9167,17.875,0,calibration,
real_moleculenet_lipophilicity,gp_ucb,1845,73.375,73.25,20.375,0,calibration,
real_moleculenet_lipophilicity,llm_evolved_kernel_conservative_patch_low_beta,1845,75.875,74.9167,17.875,0,calibration,
real_moleculenet_lipophilicity,llm_evolved_kernel_counter_hypothesis_patch,1845,75.875,74.9167,17.875,0,calibration,
real_moleculenet_lipophilicity,llm_evolved_kernel_exploration_patch_high_beta,1845,75.875,74.9167,17.875,0,calibration,
real_moleculenet_lipophilicity,llm_evolved_kernel_high_confidence_roles_patch,1845,75.875,74.9167,17.875,0,calibration,
real_moleculenet_lipophilicity,llm_evolved_kernel_multi_scale_ensemble_patch,1845,75.875,74.9167,17.875,0,calibration,
real_moleculenet_lipophilicity,llm_evolved_kernel_safety_anchor_patch,1845,75.875,74.9167,17.875,0,calibration,
real_moleculenet_lipophilicity,mixed_kernel_gp_ei,1845,75.875,74.9167,17.875,0,calibration,
real_moleculenet_lipophilicity,target_acquisition_portfolio,1845,73.375,73.25,20.375,0,calibration,
real_moleculenet_lipophilicity,fixed_scale_ensemble_0p5_1_1p5_2_3_4,1846,77.75,77.75,16.0,0,calibration,
real_moleculenet_lipophilicity,gp_ucb,1846,77.75,77.75,16.0,0,calibration,
real_moleculenet_lipophilicity,llm_evolved_kernel_conservative_patch_low_beta,1846,77.75,77.75,16.0,0,calibration,
real_moleculenet_lipophilicity,llm_evolved_kernel_counter_hypothesis_patch,1846,77.75,77.75,16.0,0,calibration,
real_moleculenet_lipophilicity,llm_evolved_kernel_exploration_patch_high_beta,1846,77.75,77.75,16.0,0,calibration,
real_moleculenet_lipophilicity,llm_evolved_kernel_high_confidence_roles_patch,1846,77.75,77.75,16.0,0,calibration,
real_moleculenet_lipophilicity,llm_evolved_kernel_multi_scale_ensemble_patch,1846,77.75,77.75,16.0,0,calibration,
real_moleculenet_lipophilicity,llm_evolved_kernel_safety_anchor_patch,1846,77.75,77.75,16.0,0,calibration,
real_moleculenet_lipophilicity,mixed_kernel_gp_ei,1846,77.75,77.75,16.0,0,calibration,
real_moleculenet_lipophilicity,target_acquisition_portfolio,1846,77.75,77.75,16.0,0,calibration,
real_moleculenet_lipophilicity,fixed_scale_ensemble_0p5_1_1p5_2_3_4,1847,75.0,75.0,18.75,0,calibration,
real_moleculenet_lipophilicity,gp_ucb,1847,75.0,75.0,18.75,0,calibration,
real_moleculenet_lipophilicity,llm_evolved_kernel_conservative_patch_low_beta,1847,75.0,75.0,18.75,0,calibration,
real_moleculenet_lipophilicity,llm_evolved_kernel_counter_hypothesis_patch,1847,75.0,75.0,18.75,0,calibration,
real_moleculenet_lipophilicity,llm_evolved_kernel_exploration_patch_high_beta,1847,75.0,75.0,18.75,0,calibration,
real_moleculenet_lipophilicity,llm_evolved_kernel_high_confidence_roles_patch,1847,75.0,75.0,18.75,0,calibration,
real_moleculenet_lipophilicity,llm_evolved_kernel_multi_scale_ensemble_patch,1847,75.0,75.0,18.75,0,calibration,
real_moleculenet_lipophilicity,llm_evolved_kernel_safety_anchor_patch,1847,75.0,75.0,18.75,0,calibration,
real_moleculenet_lipophilicity,mixed_kernel_gp_ei,1847,75.0,75.0,18.75,0,calibration,
real_moleculenet_lipophilicity,target_acquisition_portfolio,1847,75.0,75.0,18.75,0,calibration,
real_moleculenet_lipophilicity,fixed_scale_ensemble_0p5_1_1p5_2_3_4,1848,82.5,82.5,11.25,0,calibration,
real_moleculenet_lipophilicity,gp_ucb,1848,82.5,82.5,11.25,0,calibration,
real_moleculenet_lipophilicity,llm_evolved_kernel_conservative_patch_low_beta,1848,82.5,82.5,11.25,0,calibration,
real_moleculenet_lipophilicity,llm_evolved_kernel_counter_hypothesis_patch,1848,82.5,82.5,11.25,0,calibration,
real_moleculenet_lipophilicity,llm_evolved_kernel_exploration_patch_high_beta,1848,82.5,82.5,11.25,0,calibration,
real_moleculenet_lipophilicity,llm_evolved_kernel_high_confidence_roles_patch,1848,82.5,82.5,11.25,0,calibration,
real_moleculenet_lipophilicity,llm_evolved_kernel_multi_scale_ensemble_patch,1848,82.5,82.5,11.25,0,calibration,
real_moleculenet_lipophilicity,llm_evolved_kernel_safety_anchor_patch,1848,82.5,82.5,11.25,0,calibration,
real_moleculenet_lipophilicity,mixed_kernel_gp_ei,1848,82.5,82.5,11.25,0,calibration,
real_moleculenet_lipophilicity,target_acquisition_portfolio,1848,82.5,82.5,11.25,0,calibration,
real_moleculenet_lipophilicity,fixed_scale_ensemble_0p5_1_1p5_2_3_4,1849,87.0,87.0,6.75,0,calibration,
real_moleculenet_lipophilicity,gp_ucb,1849,74.375,74.1667,19.375,0,calibration,
real_moleculenet_lipophilicity,llm_evolved_kernel_conservative_patch_low_beta,1849,87.0,87.0,6.75,0,calibration,
real_moleculenet_lipophilicity,llm_evolved_kernel_counter_hypothesis_patch,1849,87.0,87.0,6.75,0,calibration,
real_moleculenet_lipophilicity,llm_evolved_kernel_exploration_patch_high_beta,1849,80.375,78.1667,13.375,0,calibration,
real_moleculenet_lipophilicity,llm_evolved_kernel_high_confidence_roles_patch,1849,87.0,87.0,6.75,0,calibration,
real_moleculenet_lipophilicity,llm_evolved_kernel_multi_scale_ensemble_patch,1849,87.0,87.0,6.75,0,calibration,
real_moleculenet_lipophilicity,llm_evolved_kernel_safety_anchor_patch,1849,87.0,87.0,6.75,0,calibration,
real_moleculenet_lipophilicity,mixed_kernel_gp_ei,1849,74.375,74.1667,19.375,0,calibration,
real_moleculenet_lipophilicity,target_acquisition_portfolio,1849,73.75,73.75,20.0,0,calibration,
real_moleculenet_lipophilicity,fixed_scale_ensemble_0p5_1_1p5_2_3_4,1900,89.125,89.125,4.625,0,heldout,
real_moleculenet_lipophilicity,gp_ucb,1900,89.125,89.125,4.625,0,heldout,
real_moleculenet_lipophilicity,llm_calibrated_selector,1900,89.125,89.125,4.625,0,heldout,target_acquisition_portfolio
real_moleculenet_lipophilicity,llm_evolved_kernel_conservative_patch_low_beta,1900,89.125,89.125,4.625,0,heldout,
real_moleculenet_lipophilicity,llm_evolved_kernel_counter_hypothesis_patch,1900,89.125,89.125,4.625,0,heldout,
real_moleculenet_lipophilicity,llm_evolved_kernel_exploration_patch_high_beta,1900,89.125,89.125,4.625,0,heldout,
real_moleculenet_lipophilicity,llm_evolved_kernel_high_confidence_roles_patch,1900,89.125,89.125,4.625,0,heldout,
real_moleculenet_lipophilicity,llm_evolved_kernel_multi_scale_ensemble_patch,1900,89.125,89.125,4.625,0,heldout,
real_moleculenet_lipophilicity,llm_evolved_kernel_safety_anchor_patch,1900,89.125,89.125,4.625,0,heldout,
real_moleculenet_lipophilicity,mixed_kernel_gp_ei,1900,89.125,89.125,4.625,0,heldout,
real_moleculenet_lipophilicity,target_acquisition_portfolio,1900,89.125,89.125,4.625,0,heldout,
real_moleculenet_lipophilicity,fixed_scale_ensemble_0p5_1_1p5_2_3_4,1901,88.75,88.75,5.0,0,heldout,
real_moleculenet_lipophilicity,gp_ucb,1901,88.75,88.75,5.0,0,heldout,
real_moleculenet_lipophilicity,llm_calibrated_selector,1901,88.75,88.75,5.0,0,heldout,target_acquisition_portfolio
real_moleculenet_lipophilicity,llm_evolved_kernel_conservative_patch_low_beta,1901,88.75,88.75,5.0,0,heldout,
real_moleculenet_lipophilicity,llm_evolved_kernel_counter_hypothesis_patch,1901,88.75,88.75,5.0,0,heldout,
real_moleculenet_lipophilicity,llm_evolved_kernel_exploration_patch_high_beta,1901,88.75,88.75,5.0,0,heldout,
real_moleculenet_lipophilicity,llm_evolved_kernel_high_confidence_roles_patch,1901,88.75,88.75,5.0,0,heldout,
real_moleculenet_lipophilicity,llm_evolved_kernel_multi_scale_ensemble_patch,1901,88.75,88.75,5.0,0,heldout,
real_moleculenet_lipophilicity,llm_evolved_kernel_safety_anchor_patch,1901,88.75,88.75,5.0,0,heldout,
real_moleculenet_lipophilicity,mixed_kernel_gp_ei,1901,88.75,88.75,5.0,0,heldout,
real_moleculenet_lipophilicity,target_acquisition_portfolio,1901,88.75,88.75,5.0,0,heldout,
real_moleculenet_lipophilicity,fixed_scale_ensemble_0p5_1_1p5_2_3_4,1902,85.0,82.9167,8.75,0,heldout,
real_moleculenet_lipophilicity,gp_ucb,1902,78.75,78.75,15.0,0,heldout,
real_moleculenet_lipophilicity,llm_calibrated_selector,1902,78.75,78.75,15.0,0,heldout,target_acquisition_portfolio
real_moleculenet_lipophilicity,llm_evolved_kernel_conservative_patch_low_beta,1902,78.75,78.75,15.0,0,heldout,
real_moleculenet_lipophilicity,llm_evolved_kernel_counter_hypothesis_patch,1902,85.0,82.9167,8.75,0,heldout,
real_moleculenet_lipophilicity,llm_evolved_kernel_exploration_patch_high_beta,1902,88.25,85.0833,5.5,0,heldout,
real_moleculenet_lipophilicity,llm_evolved_kernel_high_confidence_roles_patch,1902,79.75,79.0833,14.0,0,heldout,
real_moleculenet_lipophilicity,llm_evolved_kernel_multi_scale_ensemble_patch,1902,90.5,86.5833,3.25,0,heldout,
real_moleculenet_lipophilicity,llm_evolved_kernel_safety_anchor_patch,1902,78.75,78.75,15.0,0,heldout,
real_moleculenet_lipophilicity,mixed_kernel_gp_ei,1902,90.5,86.5833,3.25,0,heldout,
real_moleculenet_lipophilicity,target_acquisition_portfolio,1902,78.75,78.75,15.0,0,heldout,
real_moleculenet_lipophilicity,fixed_scale_ensemble_0p5_1_1p5_2_3_4,1903,90.0,90.0,3.75,0,heldout,
real_moleculenet_lipophilicity,gp_ucb,1903,90.0,90.0,3.75,0,heldout,
real_moleculenet_lipophilicity,llm_calibrated_selector,1903,90.0,90.0,3.75,0,heldout,target_acquisition_portfolio
real_moleculenet_lipophilicity,llm_evolved_kernel_conservative_patch_low_beta,1903,90.0,90.0,3.75,0,heldout,
real_moleculenet_lipophilicity,llm_evolved_kernel_counter_hypothesis_patch,1903,90.0,90.0,3.75,0,heldout,
real_moleculenet_lipophilicity,llm_evolved_kernel_exploration_patch_high_beta,1903,79.5,76.5,14.25,0,heldout,
real_moleculenet_lipophilicity,llm_evolved_kernel_high_confidence_roles_patch,1903,90.0,90.0,3.75,0,heldout,
real_moleculenet_lipophilicity,llm_evolved_kernel_multi_scale_ensemble_patch,1903,90.0,90.0,3.75,0,heldout,
real_moleculenet_lipophilicity,llm_evolved_kernel_safety_anchor_patch,1903,92.5,90.8333,1.25,0,heldout,
real_moleculenet_lipophilicity,mixed_kernel_gp_ei,1903,77.125,77.125,16.625,0,heldout,
real_moleculenet_lipophilicity,target_acquisition_portfolio,1903,90.0,90.0,3.75,0,heldout,
real_moleculenet_lipophilicity,fixed_scale_ensemble_0p5_1_1p5_2_3_4,1904,79.875,78.2917,13.875,0,heldout,
real_moleculenet_lipophilicity,gp_ucb,1904,88.625,81.6667,5.125,0,heldout,
real_moleculenet_lipophilicity,llm_calibrated_selector,1904,88.625,81.6667,5.125,0,heldout,target_acquisition_portfolio
real_moleculenet_lipophilicity,llm_evolved_kernel_conservative_patch_low_beta,1904,81.25,78.125,12.5,0,heldout,
real_moleculenet_lipophilicity,llm_evolved_kernel_counter_hypothesis_patch,1904,85.625,80.6667,8.125,0,heldout,
real_moleculenet_lipophilicity,llm_evolved_kernel_exploration_patch_high_beta,1904,80.0,76.75,13.75,0,heldout,
real_moleculenet_lipophilicity,llm_evolved_kernel_high_confidence_roles_patch,1904,79.875,78.2917,13.875,0,heldout,
real_moleculenet_lipophilicity,llm_evolved_kernel_multi_scale_ensemble_patch,1904,79.875,78.2917,13.875,0,heldout,
real_moleculenet_lipophilicity,llm_evolved_kernel_safety_anchor_patch,1904,83.75,79.5833,10.0,0,heldout,
real_moleculenet_lipophilicity,mixed_kernel_gp_ei,1904,81.25,78.125,12.5,0,heldout,
real_moleculenet_lipophilicity,target_acquisition_portfolio,1904,88.625,81.6667,5.125,0,heldout,
real_moleculenet_lipophilicity,fixed_scale_ensemble_0p5_1_1p5_2_3_4,1905,72.25,72.25,21.5,0,heldout,
real_moleculenet_lipophilicity,gp_ucb,1905,76.25,76.25,17.5,0,heldout,
real_moleculenet_lipophilicity,llm_calibrated_selector,1905,76.25,76.25,17.5,0,heldout,target_acquisition_portfolio
real_moleculenet_lipophilicity,llm_evolved_kernel_conservative_patch_low_beta,1905,72.25,72.25,21.5,0,heldout,
real_moleculenet_lipophilicity,llm_evolved_kernel_counter_hypothesis_patch,1905,72.75,72.75,21.0,0,heldout,
real_moleculenet_lipophilicity,llm_evolved_kernel_exploration_patch_high_beta,1905,72.25,72.25,21.5,0,heldout,
real_moleculenet_lipophilicity,llm_evolved_kernel_high_confidence_roles_patch,1905,72.75,72.75,21.0,0,heldout,
real_moleculenet_lipophilicity,llm_evolved_kernel_multi_scale_ensemble_patch,1905,72.75,72.75,21.0,0,heldout,
real_moleculenet_lipophilicity,llm_evolved_kernel_safety_anchor_patch,1905,72.25,72.25,21.5,0,heldout,
real_moleculenet_lipophilicity,mixed_kernel_gp_ei,1905,73.75,73.75,20.0,0,heldout,
real_moleculenet_lipophilicity,target_acquisition_portfolio,1905,76.25,76.25,17.5,0,heldout,
real_moleculenet_lipophilicity,fixed_scale_ensemble_0p5_1_1p5_2_3_4,1906,93.625,93.625,0.125,1,heldout,
real_moleculenet_lipophilicity,gp_ucb,1906,93.625,93.625,0.125,1,heldout,
real_moleculenet_lipophilicity,llm_calibrated_selector,1906,93.625,93.625,0.125,1,heldout,target_acquisition_portfolio
real_moleculenet_lipophilicity,llm_evolved_kernel_conservative_patch_low_beta,1906,93.625,93.625,0.125,1,heldout,
real_moleculenet_lipophilicity,llm_evolved_kernel_counter_hypothesis_patch,1906,93.625,93.625,0.125,1,heldout,
real_moleculenet_lipophilicity,llm_evolved_kernel_exploration_patch_high_beta,1906,93.625,93.625,0.125,1,heldout,
real_moleculenet_lipophilicity,llm_evolved_kernel_high_confidence_roles_patch,1906,93.625,93.625,0.125,1,heldout,
real_moleculenet_lipophilicity,llm_evolved_kernel_multi_scale_ensemble_patch,1906,93.625,93.625,0.125,1,heldout,
real_moleculenet_lipophilicity,llm_evolved_kernel_safety_anchor_patch,1906,93.625,93.625,0.125,1,heldout,
real_moleculenet_lipophilicity,mixed_kernel_gp_ei,1906,93.625,93.625,0.125,1,heldout,
real_moleculenet_lipophilicity,target_acquisition_portfolio,1906,93.625,93.625,0.125,1,heldout,
real_moleculenet_lipophilicity,fixed_scale_ensemble_0p5_1_1p5_2_3_4,1907,90.0,89.1667,3.75,0,heldout,
real_moleculenet_lipophilicity,gp_ucb,1907,88.75,88.75,5.0,0,heldout,
real_moleculenet_lipophilicity,llm_calibrated_selector,1907,88.75,88.75,5.0,0,heldout,target_acquisition_portfolio
real_moleculenet_lipophilicity,llm_evolved_kernel_conservative_patch_low_beta,1907,88.75,88.75,5.0,0,heldout,
real_moleculenet_lipophilicity,llm_evolved_kernel_counter_hypothesis_patch,1907,88.75,88.75,5.0,0,heldout,
real_moleculenet_lipophilicity,llm_evolved_kernel_exploration_patch_high_beta,1907,85.0,84.2917,8.75,0,heldout,
real_moleculenet_lipophilicity,llm_evolved_kernel_high_confidence_roles_patch,1907,90.0,89.1667,3.75,0,heldout,
real_moleculenet_lipophilicity,llm_evolved_kernel_multi_scale_ensemble_patch,1907,90.0,89.1667,3.75,0,heldout,
real_moleculenet_lipophilicity,llm_evolved_kernel_safety_anchor_patch,1907,88.75,88.75,5.0,0,heldout,
real_moleculenet_lipophilicity,mixed_kernel_gp_ei,1907,88.75,88.75,5.0,0,heldout,
real_moleculenet_lipophilicity,target_acquisition_portfolio,1907,88.75,88.75,5.0,0,heldout,
real_moleculenet_lipophilicity,fixed_scale_ensemble_0p5_1_1p5_2_3_4,1908,75.625,75.625,18.125,0,heldout,
real_moleculenet_lipophilicity,gp_ucb,1908,89.125,89.125,4.625,0,heldout,
real_moleculenet_lipophilicity,llm_calibrated_selector,1908,85.75,84.1667,8.0,0,heldout,target_acquisition_portfolio
real_moleculenet_lipophilicity,llm_evolved_kernel_conservative_patch_low_beta,1908,79.625,78.2917,14.125,0,heldout,
real_moleculenet_lipophilicity,llm_evolved_kernel_counter_hypothesis_patch,1908,75.625,75.625,18.125,0,heldout,
real_moleculenet_lipophilicity,llm_evolved_kernel_exploration_patch_high_beta,1908,75.625,75.625,18.125,0,heldout,
real_moleculenet_lipophilicity,llm_evolved_kernel_high_confidence_roles_patch,1908,75.625,75.625,18.125,0,heldout,
real_moleculenet_lipophilicity,llm_evolved_kernel_multi_scale_ensemble_patch,1908,75.625,75.625,18.125,0,heldout,
real_moleculenet_lipophilicity,llm_evolved_kernel_safety_anchor_patch,1908,75.625,75.625,18.125,0,heldout,
real_moleculenet_lipophilicity,mixed_kernel_gp_ei,1908,79.625,78.2917,14.125,0,heldout,
real_moleculenet_lipophilicity,target_acquisition_portfolio,1908,85.75,84.1667,8.0,0,heldout,
real_moleculenet_lipophilicity,fixed_scale_ensemble_0p5_1_1p5_2_3_4,1909,87.125,87.125,6.625,0,heldout,
real_moleculenet_lipophilicity,gp_ucb,1909,87.125,87.125,6.625,0,heldout,
real_moleculenet_lipophilicity,llm_calibrated_selector,1909,87.125,87.125,6.625,0,heldout,target_acquisition_portfolio
real_moleculenet_lipophilicity,llm_evolved_kernel_conservative_patch_low_beta,1909,86.25,86.25,7.5,0,heldout,
real_moleculenet_lipophilicity,llm_evolved_kernel_counter_hypothesis_patch,1909,87.125,87.125,6.625,0,heldout,
real_moleculenet_lipophilicity,llm_evolved_kernel_exploration_patch_high_beta,1909,86.25,86.25,7.5,0,heldout,
real_moleculenet_lipophilicity,llm_evolved_kernel_high_confidence_roles_patch,1909,87.125,87.125,6.625,0,heldout,
real_moleculenet_lipophilicity,llm_evolved_kernel_multi_scale_ensemble_patch,1909,87.125,87.125,6.625,0,heldout,
real_moleculenet_lipophilicity,llm_evolved_kernel_safety_anchor_patch,1909,87.125,87.125,6.625,0,heldout,
real_moleculenet_lipophilicity,mixed_kernel_gp_ei,1909,86.25,86.25,7.5,0,heldout,
real_moleculenet_lipophilicity,target_acquisition_portfolio,1909,87.125,87.125,6.625,0,heldout,
real_moleculenet_lipophilicity,fixed_scale_ensemble_0p5_1_1p5_2_3_4,1910,83.75,83.75,10.0,0,heldout,
real_moleculenet_lipophilicity,gp_ucb,1910,83.75,83.75,10.0,0,heldout,
real_moleculenet_lipophilicity,llm_calibrated_selector,1910,83.75,83.75,10.0,0,heldout,target_acquisition_portfolio
real_moleculenet_lipophilicity,llm_evolved_kernel_conservative_patch_low_beta,1910,83.75,83.75,10.0,0,heldout,
real_moleculenet_lipophilicity,llm_evolved_kernel_counter_hypothesis_patch,1910,83.75,83.75,10.0,0,heldout,
real_moleculenet_lipophilicity,llm_evolved_kernel_exploration_patch_high_beta,1910,87.25,84.9167,6.5,0,heldout,
real_moleculenet_lipophilicity,llm_evolved_kernel_high_confidence_roles_patch,1910,83.75,83.75,10.0,0,heldout,
real_moleculenet_lipophilicity,llm_evolved_kernel_multi_scale_ensemble_patch,1910,83.75,83.75,10.0,0,heldout,
real_moleculenet_lipophilicity,llm_evolved_kernel_safety_anchor_patch,1910,83.75,83.75,10.0,0,heldout,
real_moleculenet_lipophilicity,mixed_kernel_gp_ei,1910,83.75,83.75,10.0,0,heldout,
real_moleculenet_lipophilicity,target_acquisition_portfolio,1910,83.75,83.75,10.0,0,heldout,
real_moleculenet_lipophilicity,fixed_scale_ensemble_0p5_1_1p5_2_3_4,1911,90.0,90.0,3.75,0,heldout,
real_moleculenet_lipophilicity,gp_ucb,1911,90.0,90.0,3.75,0,heldout,
real_moleculenet_lipophilicity,llm_calibrated_selector,1911,90.0,90.0,3.75,0,heldout,target_acquisition_portfolio
real_moleculenet_lipophilicity,llm_evolved_kernel_conservative_patch_low_beta,1911,90.0,90.0,3.75,0,heldout,
real_moleculenet_lipophilicity,llm_evolved_kernel_counter_hypothesis_patch,1911,90.0,90.0,3.75,0,heldout,
real_moleculenet_lipophilicity,llm_evolved_kernel_exploration_patch_high_beta,1911,90.0,90.0,3.75,0,heldout,
real_moleculenet_lipophilicity,llm_evolved_kernel_high_confidence_roles_patch,1911,90.0,90.0,3.75,0,heldout,
real_moleculenet_lipophilicity,llm_evolved_kernel_multi_scale_ensemble_patch,1911,90.0,90.0,3.75,0,heldout,
real_moleculenet_lipophilicity,llm_evolved_kernel_safety_anchor_patch,1911,90.0,90.0,3.75,0,heldout,
real_moleculenet_lipophilicity,mixed_kernel_gp_ei,1911,90.0,90.0,3.75,0,heldout,
real_moleculenet_lipophilicity,target_acquisition_portfolio,1911,90.0,90.0,3.75,0,heldout,
real_moleculenet_lipophilicity,fixed_scale_ensemble_0p5_1_1p5_2_3_4,1912,78.625,78.625,15.125,0,heldout,
real_moleculenet_lipophilicity,gp_ucb,1912,78.625,78.625,15.125,0,heldout,
real_moleculenet_lipophilicity,llm_calibrated_selector,1912,78.625,78.625,15.125,0,heldout,target_acquisition_portfolio
real_moleculenet_lipophilicity,llm_evolved_kernel_conservative_patch_low_beta,1912,78.625,78.625,15.125,0,heldout,
real_moleculenet_lipophilicity,llm_evolved_kernel_counter_hypothesis_patch,1912,78.625,78.625,15.125,0,heldout,
real_moleculenet_lipophilicity,llm_evolved_kernel_exploration_patch_high_beta,1912,88.25,81.8333,5.5,0,heldout,
real_moleculenet_lipophilicity,llm_evolved_kernel_high_confidence_roles_patch,1912,89.625,82.2917,4.125,0,heldout,
real_moleculenet_lipophilicity,llm_evolved_kernel_multi_scale_ensemble_patch,1912,78.625,78.625,15.125,0,heldout,
real_moleculenet_lipophilicity,llm_evolved_kernel_safety_anchor_patch,1912,78.625,78.625,15.125,0,heldout,
real_moleculenet_lipophilicity,mixed_kernel_gp_ei,1912,78.625,78.625,15.125,0,heldout,
real_moleculenet_lipophilicity,target_acquisition_portfolio,1912,78.625,78.625,15.125,0,heldout,
real_moleculenet_lipophilicity,fixed_scale_ensemble_0p5_1_1p5_2_3_4,1913,85.0,78.25,8.75,0,heldout,
real_moleculenet_lipophilicity,gp_ucb,1913,80.0,78.2917,13.75,0,heldout,
real_moleculenet_lipophilicity,llm_calibrated_selector,1913,80.0,78.2917,13.75,0,heldout,target_acquisition_portfolio
real_moleculenet_lipophilicity,llm_evolved_kernel_conservative_patch_low_beta,1913,87.875,87.875,5.875,0,heldout,
real_moleculenet_lipophilicity,llm_evolved_kernel_counter_hypothesis_patch,1913,83.75,80.7917,10.0,0,heldout,
real_moleculenet_lipophilicity,llm_evolved_kernel_exploration_patch_high_beta,1913,92.125,92.125,1.625,0,heldout,
real_moleculenet_lipophilicity,llm_evolved_kernel_high_confidence_roles_patch,1913,83.75,80.7917,10.0,0,heldout,
real_moleculenet_lipophilicity,llm_evolved_kernel_multi_scale_ensemble_patch,1913,85.0,78.25,8.75,0,heldout,
real_moleculenet_lipophilicity,llm_evolved_kernel_safety_anchor_patch,1913,85.0,78.25,8.75,0,heldout,
real_moleculenet_lipophilicity,mixed_kernel_gp_ei,1913,74.875,74.875,18.875,0,heldout,
real_moleculenet_lipophilicity,target_acquisition_portfolio,1913,80.0,78.2917,13.75,0,heldout,
real_moleculenet_lipophilicity,fixed_scale_ensemble_0p5_1_1p5_2_3_4,1914,81.25,81.25,12.5,0,heldout,
real_moleculenet_lipophilicity,gp_ucb,1914,81.25,81.25,12.5,0,heldout,
real_moleculenet_lipophilicity,llm_calibrated_selector,1914,81.25,81.25,12.5,0,heldout,target_acquisition_portfolio
real_moleculenet_lipophilicity,llm_evolved_kernel_conservative_patch_low_beta,1914,78.625,76.2917,15.125,0,heldout,
real_moleculenet_lipophilicity,llm_evolved_kernel_counter_hypothesis_patch,1914,81.25,81.25,12.5,0,heldout,
real_moleculenet_lipophilicity,llm_evolved_kernel_exploration_patch_high_beta,1914,75.125,75.125,18.625,0,heldout,
real_moleculenet_lipophilicity,llm_evolved_kernel_high_confidence_roles_patch,1914,81.25,81.25,12.5,0,heldout,
real_moleculenet_lipophilicity,llm_evolved_kernel_multi_scale_ensemble_patch,1914,81.25,81.25,12.5,0,heldout,
real_moleculenet_lipophilicity,llm_evolved_kernel_safety_anchor_patch,1914,81.25,81.25,12.5,0,heldout,
real_moleculenet_lipophilicity,mixed_kernel_gp_ei,1914,78.625,76.2917,15.125,0,heldout,
real_moleculenet_lipophilicity,target_acquisition_portfolio,1914,81.25,81.25,12.5,0,heldout,
real_moleculenet_lipophilicity,fixed_scale_ensemble_0p5_1_1p5_2_3_4,1915,91.375,91.375,2.375,0,heldout,
real_moleculenet_lipophilicity,gp_ucb,1915,91.375,91.375,2.375,0,heldout,
real_moleculenet_lipophilicity,llm_calibrated_selector,1915,91.375,91.375,2.375,0,heldout,target_acquisition_portfolio
real_moleculenet_lipophilicity,llm_evolved_kernel_conservative_patch_low_beta,1915,91.375,91.375,2.375,0,heldout,
real_moleculenet_lipophilicity,llm_evolved_kernel_counter_hypothesis_patch,1915,91.375,91.375,2.375,0,heldout,
real_moleculenet_lipophilicity,llm_evolved_kernel_exploration_patch_high_beta,1915,91.375,91.375,2.375,0,heldout,
real_moleculenet_lipophilicity,llm_evolved_kernel_high_confidence_roles_patch,1915,91.375,91.375,2.375,0,heldout,
real_moleculenet_lipophilicity,llm_evolved_kernel_multi_scale_ensemble_patch,1915,91.375,91.375,2.375,0,heldout,
real_moleculenet_lipophilicity,llm_evolved_kernel_safety_anchor_patch,1915,91.375,91.375,2.375,0,heldout,
real_moleculenet_lipophilicity,mixed_kernel_gp_ei,1915,91.375,91.375,2.375,0,heldout,
real_moleculenet_lipophilicity,target_acquisition_portfolio,1915,91.375,91.375,2.375,0,heldout,
real_moleculenet_lipophilicity,fixed_scale_ensemble_0p5_1_1p5_2_3_4,1916,83.75,83.6667,10.0,0,heldout,
real_moleculenet_lipophilicity,gp_ucb,1916,83.75,83.6667,10.0,0,heldout,
real_moleculenet_lipophilicity,llm_calibrated_selector,1916,83.625,83.625,10.125,0,heldout,target_acquisition_portfolio
real_moleculenet_lipophilicity,llm_evolved_kernel_conservative_patch_low_beta,1916,83.625,83.625,10.125,0,heldout,
real_moleculenet_lipophilicity,llm_evolved_kernel_counter_hypothesis_patch,1916,83.75,83.6667,10.0,0,heldout,
real_moleculenet_lipophilicity,llm_evolved_kernel_exploration_patch_high_beta,1916,83.625,83.625,10.125,0,heldout,
real_moleculenet_lipophilicity,llm_evolved_kernel_high_confidence_roles_patch,1916,83.625,83.625,10.125,0,heldout,
real_moleculenet_lipophilicity,llm_evolved_kernel_multi_scale_ensemble_patch,1916,83.625,83.625,10.125,0,heldout,
real_moleculenet_lipophilicity,llm_evolved_kernel_safety_anchor_patch,1916,83.625,83.625,10.125,0,heldout,
real_moleculenet_lipophilicity,mixed_kernel_gp_ei,1916,83.625,83.625,10.125,0,heldout,
real_moleculenet_lipophilicity,target_acquisition_portfolio,1916,83.625,83.625,10.125,0,heldout,
real_moleculenet_lipophilicity,fixed_scale_ensemble_0p5_1_1p5_2_3_4,1917,82.5,77.9167,11.25,0,heldout,
real_moleculenet_lipophilicity,gp_ucb,1917,88.75,88.75,5.0,0,heldout,
real_moleculenet_lipophilicity,llm_calibrated_selector,1917,82.5,82.5,11.25,0,heldout,target_acquisition_portfolio
real_moleculenet_lipophilicity,llm_evolved_kernel_conservative_patch_low_beta,1917,82.5,77.0833,11.25,0,heldout,
real_moleculenet_lipophilicity,llm_evolved_kernel_counter_hypothesis_patch,1917,82.5,77.9167,11.25,0,heldout,
real_moleculenet_lipophilicity,llm_evolved_kernel_exploration_patch_high_beta,1917,78.75,75.375,15.0,0,heldout,
real_moleculenet_lipophilicity,llm_evolved_kernel_high_confidence_roles_patch,1917,88.75,88.75,5.0,0,heldout,
real_moleculenet_lipophilicity,llm_evolved_kernel_multi_scale_ensemble_patch,1917,82.5,77.9167,11.25,0,heldout,
real_moleculenet_lipophilicity,llm_evolved_kernel_safety_anchor_patch,1917,88.75,88.75,5.0,0,heldout,
real_moleculenet_lipophilicity,mixed_kernel_gp_ei,1917,85.75,79.25,8.0,0,heldout,
real_moleculenet_lipophilicity,target_acquisition_portfolio,1917,82.5,82.5,11.25,0,heldout,
real_moleculenet_lipophilicity,fixed_scale_ensemble_0p5_1_1p5_2_3_4,1918,76.5,76.5,17.25,0,heldout,
real_moleculenet_lipophilicity,gp_ucb,1918,76.5,76.5,17.25,0,heldout,
real_moleculenet_lipophilicity,llm_calibrated_selector,1918,76.5,76.5,17.25,0,heldout,target_acquisition_portfolio
real_moleculenet_lipophilicity,llm_evolved_kernel_conservative_patch_low_beta,1918,76.5,76.5,17.25,0,heldout,
real_moleculenet_lipophilicity,llm_evolved_kernel_counter_hypothesis_patch,1918,76.5,76.5,17.25,0,heldout,
real_moleculenet_lipophilicity,llm_evolved_kernel_exploration_patch_high_beta,1918,79.5,77.5,14.25,0,heldout,
real_moleculenet_lipophilicity,llm_evolved_kernel_high_confidence_roles_patch,1918,76.5,76.5,17.25,0,heldout,
real_moleculenet_lipophilicity,llm_evolved_kernel_multi_scale_ensemble_patch,1918,76.5,76.5,17.25,0,heldout,
real_moleculenet_lipophilicity,llm_evolved_kernel_safety_anchor_patch,1918,76.5,76.5,17.25,0,heldout,
real_moleculenet_lipophilicity,mixed_kernel_gp_ei,1918,76.5,76.5,17.25,0,heldout,
real_moleculenet_lipophilicity,target_acquisition_portfolio,1918,76.5,76.5,17.25,0,heldout,
real_moleculenet_lipophilicity,fixed_scale_ensemble_0p5_1_1p5_2_3_4,1919,85.0,85.0,8.75,0,heldout,
real_moleculenet_lipophilicity,gp_ucb,1919,85.0,85.0,8.75,0,heldout,
real_moleculenet_lipophilicity,llm_calibrated_selector,1919,85.0,85.0,8.75,0,heldout,target_acquisition_portfolio
real_moleculenet_lipophilicity,llm_evolved_kernel_conservative_patch_low_beta,1919,85.0,85.0,8.75,0,heldout,
real_moleculenet_lipophilicity,llm_evolved_kernel_counter_hypothesis_patch,1919,85.0,85.0,8.75,0,heldout,
real_moleculenet_lipophilicity,llm_evolved_kernel_exploration_patch_high_beta,1919,85.0,85.0,8.75,0,heldout,
real_moleculenet_lipophilicity,llm_evolved_kernel_high_confidence_roles_patch,1919,85.0,85.0,8.75,0,heldout,
real_moleculenet_lipophilicity,llm_evolved_kernel_multi_scale_ensemble_patch,1919,85.0,85.0,8.75,0,heldout,
real_moleculenet_lipophilicity,llm_evolved_kernel_safety_anchor_patch,1919,85.0,85.0,8.75,0,heldout,
real_moleculenet_lipophilicity,mixed_kernel_gp_ei,1919,85.0,85.0,8.75,0,heldout,
real_moleculenet_lipophilicity,target_acquisition_portfolio,1919,85.0,85.0,8.75,0,heldout,
real_moleculenet_lipophilicity,fixed_scale_ensemble_0p5_1_1p5_2_3_4,1920,90.0,82.75,3.75,0,heldout,
real_moleculenet_lipophilicity,gp_ucb,1920,80.625,80.125,13.125,0,heldout,
real_moleculenet_lipophilicity,llm_calibrated_selector,1920,81.25,80.5417,12.5,0,heldout,target_acquisition_portfolio
real_moleculenet_lipophilicity,llm_evolved_kernel_conservative_patch_low_beta,1920,82.625,81.0,11.125,0,heldout,
real_moleculenet_lipophilicity,llm_evolved_kernel_counter_hypothesis_patch,1920,90.0,82.75,3.75,0,heldout,
real_moleculenet_lipophilicity,llm_evolved_kernel_exploration_patch_high_beta,1920,87.375,82.375,6.375,0,heldout,
real_moleculenet_lipophilicity,llm_evolved_kernel_high_confidence_roles_patch,1920,80.625,80.125,13.125,0,heldout,
real_moleculenet_lipophilicity,llm_evolved_kernel_multi_scale_ensemble_patch,1920,80.625,80.125,13.125,0,heldout,
real_moleculenet_lipophilicity,llm_evolved_kernel_safety_anchor_patch,1920,80.625,80.125,13.125,0,heldout,
real_moleculenet_lipophilicity,mixed_kernel_gp_ei,1920,81.25,80.5417,12.5,0,heldout,
real_moleculenet_lipophilicity,target_acquisition_portfolio,1920,81.25,80.5417,12.5,0,heldout,
real_moleculenet_lipophilicity,fixed_scale_ensemble_0p5_1_1p5_2_3_4,1921,92.5,92.5,1.25,0,heldout,
real_moleculenet_lipophilicity,gp_ucb,1921,92.5,92.5,1.25,0,heldout,
real_moleculenet_lipophilicity,llm_calibrated_selector,1921,92.5,92.5,1.25,0,heldout,target_acquisition_portfolio
real_moleculenet_lipophilicity,llm_evolved_kernel_conservative_patch_low_beta,1921,92.5,92.5,1.25,0,heldout,
real_moleculenet_lipophilicity,llm_evolved_kernel_counter_hypothesis_patch,1921,92.5,92.5,1.25,0,heldout,
real_moleculenet_lipophilicity,llm_evolved_kernel_exploration_patch_high_beta,1921,92.5,92.5,1.25,0,heldout,
real_moleculenet_lipophilicity,llm_evolved_kernel_high_confidence_roles_patch,1921,92.5,92.5,1.25,0,heldout,
real_moleculenet_lipophilicity,llm_evolved_kernel_multi_scale_ensemble_patch,1921,92.5,92.5,1.25,0,heldout,
real_moleculenet_lipophilicity,llm_evolved_kernel_safety_anchor_patch,1921,92.5,92.5,1.25,0,heldout,
real_moleculenet_lipophilicity,mixed_kernel_gp_ei,1921,92.5,92.5,1.25,0,heldout,
real_moleculenet_lipophilicity,target_acquisition_portfolio,1921,92.5,92.5,1.25,0,heldout,
real_moleculenet_lipophilicity,fixed_scale_ensemble_0p5_1_1p5_2_3_4,1922,79.625,79.625,14.125,0,heldout,
real_moleculenet_lipophilicity,gp_ucb,1922,82.875,81.7917,10.875,0,heldout,
real_moleculenet_lipophilicity,llm_calibrated_selector,1922,82.875,81.7917,10.875,0,heldout,target_acquisition_portfolio
real_moleculenet_lipophilicity,llm_evolved_kernel_conservative_patch_low_beta,1922,82.875,81.7917,10.875,0,heldout,
real_moleculenet_lipophilicity,llm_evolved_kernel_counter_hypothesis_patch,1922,79.625,79.625,14.125,0,heldout,
real_moleculenet_lipophilicity,llm_evolved_kernel_exploration_patch_high_beta,1922,79.625,79.625,14.125,0,heldout,
real_moleculenet_lipophilicity,llm_evolved_kernel_high_confidence_roles_patch,1922,79.625,79.625,14.125,0,heldout,
real_moleculenet_lipophilicity,llm_evolved_kernel_multi_scale_ensemble_patch,1922,79.625,79.625,14.125,0,heldout,
real_moleculenet_lipophilicity,llm_evolved_kernel_safety_anchor_patch,1922,79.625,79.625,14.125,0,heldout,
real_moleculenet_lipophilicity,mixed_kernel_gp_ei,1922,82.875,81.7917,10.875,0,heldout,
real_moleculenet_lipophilicity,target_acquisition_portfolio,1922,82.875,81.7917,10.875,0,heldout,
real_moleculenet_lipophilicity,fixed_scale_ensemble_0p5_1_1p5_2_3_4,1923,88.75,88.75,5.0,0,heldout,
real_moleculenet_lipophilicity,gp_ucb,1923,88.75,88.75,5.0,0,heldout,
real_moleculenet_lipophilicity,llm_calibrated_selector,1923,88.75,88.75,5.0,0,heldout,target_acquisition_portfolio
real_moleculenet_lipophilicity,llm_evolved_kernel_conservative_patch_low_beta,1923,88.75,88.75,5.0,0,heldout,
real_moleculenet_lipophilicity,llm_evolved_kernel_counter_hypothesis_patch,1923,88.75,88.75,5.0,0,heldout,
real_moleculenet_lipophilicity,llm_evolved_kernel_exploration_patch_high_beta,1923,88.75,82.0833,5.0,0,heldout,
real_moleculenet_lipophilicity,llm_evolved_kernel_high_confidence_roles_patch,1923,88.75,88.75,5.0,0,heldout,
real_moleculenet_lipophilicity,llm_evolved_kernel_multi_scale_ensemble_patch,1923,88.75,88.75,5.0,0,heldout,
real_moleculenet_lipophilicity,llm_evolved_kernel_safety_anchor_patch,1923,88.75,88.75,5.0,0,heldout,
real_moleculenet_lipophilicity,mixed_kernel_gp_ei,1923,88.75,88.75,5.0,0,heldout,
real_moleculenet_lipophilicity,target_acquisition_portfolio,1923,88.75,88.75,5.0,0,heldout,
real_moleculenet_lipophilicity,fixed_scale_ensemble_0p5_1_1p5_2_3_4,1924,85.875,85.875,7.875,0,heldout,
real_moleculenet_lipophilicity,gp_ucb,1924,85.875,85.875,7.875,0,heldout,
real_moleculenet_lipophilicity,llm_calibrated_selector,1924,85.875,85.875,7.875,0,heldout,target_acquisition_portfolio
real_moleculenet_lipophilicity,llm_evolved_kernel_conservative_patch_low_beta,1924,85.875,85.875,7.875,0,heldout,
real_moleculenet_lipophilicity,llm_evolved_kernel_counter_hypothesis_patch,1924,85.875,85.875,7.875,0,heldout,
real_moleculenet_lipophilicity,llm_evolved_kernel_exploration_patch_high_beta,1924,85.875,85.875,7.875,0,heldout,
real_moleculenet_lipophilicity,llm_evolved_kernel_high_confidence_roles_patch,1924,85.875,85.875,7.875,0,heldout,
real_moleculenet_lipophilicity,llm_evolved_kernel_multi_scale_ensemble_patch,1924,85.875,85.875,7.875,0,heldout,
real_moleculenet_lipophilicity,llm_evolved_kernel_safety_anchor_patch,1924,85.875,85.875,7.875,0,heldout,
real_moleculenet_lipophilicity,mixed_kernel_gp_ei,1924,85.875,85.875,7.875,0,heldout,
real_moleculenet_lipophilicity,target_acquisition_portfolio,1924,85.875,85.875,7.875,0,heldout,
real_moleculenet_lipophilicity,fixed_scale_ensemble_0p5_1_1p5_2_3_4,1925,85.625,85.625,8.125,0,heldout,
real_moleculenet_lipophilicity,gp_ucb,1925,85.625,85.625,8.125,0,heldout,
real_moleculenet_lipophilicity,llm_calibrated_selector,1925,85.625,85.625,8.125,0,heldout,target_acquisition_portfolio
real_moleculenet_lipophilicity,llm_evolved_kernel_conservative_patch_low_beta,1925,85.625,85.625,8.125,0,heldout,
real_moleculenet_lipophilicity,llm_evolved_kernel_counter_hypothesis_patch,1925,85.625,85.625,8.125,0,heldout,
real_moleculenet_lipophilicity,llm_evolved_kernel_exploration_patch_high_beta,1925,85.625,85.625,8.125,0,heldout,
real_moleculenet_lipophilicity,llm_evolved_kernel_high_confidence_roles_patch,1925,85.625,85.625,8.125,0,heldout,
real_moleculenet_lipophilicity,llm_evolved_kernel_multi_scale_ensemble_patch,1925,85.625,85.625,8.125,0,heldout,
real_moleculenet_lipophilicity,llm_evolved_kernel_safety_anchor_patch,1925,85.625,85.625,8.125,0,heldout,
real_moleculenet_lipophilicity,mixed_kernel_gp_ei,1925,85.625,85.625,8.125,0,heldout,
real_moleculenet_lipophilicity,target_acquisition_portfolio,1925,85.625,85.625,8.125,0,heldout,
real_moleculenet_lipophilicity,fixed_scale_ensemble_0p5_1_1p5_2_3_4,1926,86.0,86.0,7.75,0,heldout,
real_moleculenet_lipophilicity,gp_ucb,1926,91.875,87.9583,1.875,0,heldout,
real_moleculenet_lipophilicity,llm_calibrated_selector,1926,86.0,86.0,7.75,0,heldout,target_acquisition_portfolio
real_moleculenet_lipophilicity,llm_evolved_kernel_conservative_patch_low_beta,1926,89.25,89.25,4.5,0,heldout,
real_moleculenet_lipophilicity,llm_evolved_kernel_counter_hypothesis_patch,1926,86.0,86.0,7.75,0,heldout,
real_moleculenet_lipophilicity,llm_evolved_kernel_exploration_patch_high_beta,1926,91.25,89.5,2.5,0,heldout,
real_moleculenet_lipophilicity,llm_evolved_kernel_high_confidence_roles_patch,1926,86.0,86.0,7.75,0,heldout,
real_moleculenet_lipophilicity,llm_evolved_kernel_multi_scale_ensemble_patch,1926,86.0,86.0,7.75,0,heldout,
real_moleculenet_lipophilicity,llm_evolved_kernel_safety_anchor_patch,1926,91.875,87.9583,1.875,0,heldout,
real_moleculenet_lipophilicity,mixed_kernel_gp_ei,1926,86.0,86.0,7.75,0,heldout,
real_moleculenet_lipophilicity,target_acquisition_portfolio,1926,86.0,86.0,7.75,0,heldout,
real_moleculenet_lipophilicity,fixed_scale_ensemble_0p5_1_1p5_2_3_4,1927,87.5,79.5833,6.25,0,heldout,
real_moleculenet_lipophilicity,gp_ucb,1927,76.25,75.8333,17.5,0,heldout,
real_moleculenet_lipophilicity,llm_calibrated_selector,1927,87.5,79.5833,6.25,0,heldout,target_acquisition_portfolio
real_moleculenet_lipophilicity,llm_evolved_kernel_conservative_patch_low_beta,1927,75.625,75.625,18.125,0,heldout,
real_moleculenet_lipophilicity,llm_evolved_kernel_counter_hypothesis_patch,1927,92.25,86.7083,1.5,0,heldout,
real_moleculenet_lipophilicity,llm_evolved_kernel_exploration_patch_high_beta,1927,78.875,78.7917,14.875,0,heldout,
real_moleculenet_lipophilicity,llm_evolved_kernel_high_confidence_roles_patch,1927,79.25,77.9167,14.5,0,heldout,
real_moleculenet_lipophilicity,llm_evolved_kernel_multi_scale_ensemble_patch,1927,87.5,79.5833,6.25,0,heldout,
real_moleculenet_lipophilicity,llm_evolved_kernel_safety_anchor_patch,1927,87.5,79.5833,6.25,0,heldout,
real_moleculenet_lipophilicity,mixed_kernel_gp_ei,1927,76.25,75.8333,17.5,0,heldout,
real_moleculenet_lipophilicity,target_acquisition_portfolio,1927,87.5,79.5833,6.25,0,heldout,
real_moleculenet_lipophilicity,fixed_scale_ensemble_0p5_1_1p5_2_3_4,1928,87.125,87.125,6.625,0,heldout,
real_moleculenet_lipophilicity,gp_ucb,1928,87.125,87.125,6.625,0,heldout,
real_moleculenet_lipophilicity,llm_calibrated_selector,1928,87.125,87.125,6.625,0,heldout,target_acquisition_portfolio
real_moleculenet_lipophilicity,llm_evolved_kernel_conservative_patch_low_beta,1928,87.125,87.125,6.625,0,heldout,
real_moleculenet_lipophilicity,llm_evolved_kernel_counter_hypothesis_patch,1928,81.25,81.25,12.5,0,heldout,
real_moleculenet_lipophilicity,llm_evolved_kernel_exploration_patch_high_beta,1928,81.25,81.25,12.5,0,heldout,
real_moleculenet_lipophilicity,llm_evolved_kernel_high_confidence_roles_patch,1928,87.125,87.125,6.625,0,heldout,
real_moleculenet_lipophilicity,llm_evolved_kernel_multi_scale_ensemble_patch,1928,87.125,87.125,6.625,0,heldout,
real_moleculenet_lipophilicity,llm_evolved_kernel_safety_anchor_patch,1928,87.125,87.125,6.625,0,heldout,
real_moleculenet_lipophilicity,mixed_kernel_gp_ei,1928,81.25,81.25,12.5,0,heldout,
real_moleculenet_lipophilicity,target_acquisition_portfolio,1928,87.125,87.125,6.625,0,heldout,
real_moleculenet_lipophilicity,fixed_scale_ensemble_0p5_1_1p5_2_3_4,1929,93.5,87.625,0.25,1,heldout,
real_moleculenet_lipophilicity,gp_ucb,1929,93.5,87.625,0.25,1,heldout,
real_moleculenet_lipophilicity,llm_calibrated_selector,1929,82.25,82.25,11.5,0,heldout,target_acquisition_portfolio
real_moleculenet_lipophilicity,llm_evolved_kernel_conservative_patch_low_beta,1929,82.25,82.25,11.5,0,heldout,
real_moleculenet_lipophilicity,llm_evolved_kernel_counter_hypothesis_patch,1929,82.25,82.25,11.5,0,heldout,
real_moleculenet_lipophilicity,llm_evolved_kernel_exploration_patch_high_beta,1929,93.5,90.875,0.25,1,heldout,
real_moleculenet_lipophilicity,llm_evolved_kernel_high_confidence_roles_patch,1929,93.5,87.625,0.25,1,heldout,
real_moleculenet_lipophilicity,llm_evolved_kernel_multi_scale_ensemble_patch,1929,93.5,87.625,0.25,1,heldout,
real_moleculenet_lipophilicity,llm_evolved_kernel_safety_anchor_patch,1929,93.5,87.625,0.25,1,heldout,
real_moleculenet_lipophilicity,mixed_kernel_gp_ei,1929,82.25,82.25,11.5,0,heldout,
real_moleculenet_lipophilicity,target_acquisition_portfolio,1929,82.25,82.25,11.5,0,heldout,
real_moleculenet_lipophilicity,fixed_scale_ensemble_0p5_1_1p5_2_3_4,1930,84.0,79.5,9.75,0,heldout,
real_moleculenet_lipophilicity,gp_ucb,1930,84.0,79.5,9.75,0,heldout,
real_moleculenet_lipophilicity,llm_calibrated_selector,1930,84.0,79.5,9.75,0,heldout,target_acquisition_portfolio
real_moleculenet_lipophilicity,llm_evolved_kernel_conservative_patch_low_beta,1930,80.375,78.2917,13.375,0,heldout,
real_moleculenet_lipophilicity,llm_evolved_kernel_counter_hypothesis_patch,1930,84.0,79.5,9.75,0,heldout,
real_moleculenet_lipophilicity,llm_evolved_kernel_exploration_patch_high_beta,1930,89.625,85.5,4.125,0,heldout,
real_moleculenet_lipophilicity,llm_evolved_kernel_high_confidence_roles_patch,1930,84.0,79.5,9.75,0,heldout,
real_moleculenet_lipophilicity,llm_evolved_kernel_multi_scale_ensemble_patch,1930,84.0,79.5,9.75,0,heldout,
real_moleculenet_lipophilicity,llm_evolved_kernel_safety_anchor_patch,1930,84.0,79.5,9.75,0,heldout,
real_moleculenet_lipophilicity,mixed_kernel_gp_ei,1930,77.25,77.25,16.5,0,heldout,
real_moleculenet_lipophilicity,target_acquisition_portfolio,1930,84.0,79.5,9.75,0,heldout,
real_moleculenet_lipophilicity,fixed_scale_ensemble_0p5_1_1p5_2_3_4,1931,87.125,86.5417,6.625,0,heldout,
real_moleculenet_lipophilicity,gp_ucb,1931,84.5,84.5,9.25,0,heldout,
real_moleculenet_lipophilicity,llm_calibrated_selector,1931,84.5,84.5,9.25,0,heldout,target_acquisition_portfolio
real_moleculenet_lipophilicity,llm_evolved_kernel_conservative_patch_low_beta,1931,86.25,86.25,7.5,0,heldout,
real_moleculenet_lipophilicity,llm_evolved_kernel_counter_hypothesis_patch,1931,87.125,86.5417,6.625,0,heldout,
real_moleculenet_lipophilicity,llm_evolved_kernel_exploration_patch_high_beta,1931,87.125,86.25,6.625,0,heldout,
real_moleculenet_lipophilicity,llm_evolved_kernel_high_confidence_roles_patch,1931,87.125,86.5417,6.625,0,heldout,
real_moleculenet_lipophilicity,llm_evolved_kernel_multi_scale_ensemble_patch,1931,87.125,86.5417,6.625,0,heldout,
real_moleculenet_lipophilicity,llm_evolved_kernel_safety_anchor_patch,1931,84.5,84.5,9.25,0,heldout,
real_moleculenet_lipophilicity,mixed_kernel_gp_ei,1931,86.25,85.6667,7.5,0,heldout,
real_moleculenet_lipophilicity,target_acquisition_portfolio,1931,84.5,84.5,9.25,0,heldout,
real_moleculenet_lipophilicity,fixed_scale_ensemble_0p5_1_1p5_2_3_4,1932,74.75,74.75,19.0,0,heldout,
real_moleculenet_lipophilicity,gp_ucb,1932,74.75,74.75,19.0,0,heldout,
real_moleculenet_lipophilicity,llm_calibrated_selector,1932,74.75,74.75,19.0,0,heldout,target_acquisition_portfolio
real_moleculenet_lipophilicity,llm_evolved_kernel_conservative_patch_low_beta,1932,74.75,74.75,19.0,0,heldout,
real_moleculenet_lipophilicity,llm_evolved_kernel_counter_hypothesis_patch,1932,74.75,74.75,19.0,0,heldout,
real_moleculenet_lipophilicity,llm_evolved_kernel_exploration_patch_high_beta,1932,75.0,75.0,18.75,0,heldout,
real_moleculenet_lipophilicity,llm_evolved_kernel_high_confidence_roles_patch,1932,74.75,74.75,19.0,0,heldout,
real_moleculenet_lipophilicity,llm_evolved_kernel_multi_scale_ensemble_patch,1932,74.75,74.75,19.0,0,heldout,
real_moleculenet_lipophilicity,llm_evolved_kernel_safety_anchor_patch,1932,74.75,74.75,19.0,0,heldout,
real_moleculenet_lipophilicity,mixed_kernel_gp_ei,1932,74.75,74.75,19.0,0,heldout,
real_moleculenet_lipophilicity,target_acquisition_portfolio,1932,74.75,74.75,19.0,0,heldout,
real_moleculenet_lipophilicity,fixed_scale_ensemble_0p5_1_1p5_2_3_4,1933,85.0,85.0,8.75,0,heldout,
real_moleculenet_lipophilicity,gp_ucb,1933,85.0,85.0,8.75,0,heldout,
real_moleculenet_lipophilicity,llm_calibrated_selector,1933,85.0,85.0,8.75,0,heldout,target_acquisition_portfolio
real_moleculenet_lipophilicity,llm_evolved_kernel_conservative_patch_low_beta,1933,85.0,85.0,8.75,0,heldout,
real_moleculenet_lipophilicity,llm_evolved_kernel_counter_hypothesis_patch,1933,85.0,85.0,8.75,0,heldout,
real_moleculenet_lipophilicity,llm_evolved_kernel_exploration_patch_high_beta,1933,87.125,86.4167,6.625,0,heldout,
real_moleculenet_lipophilicity,llm_evolved_kernel_high_confidence_roles_patch,1933,85.0,85.0,8.75,0,heldout,
real_moleculenet_lipophilicity,llm_evolved_kernel_multi_scale_ensemble_patch,1933,85.0,85.0,8.75,0,heldout,
real_moleculenet_lipophilicity,llm_evolved_kernel_safety_anchor_patch,1933,85.0,85.0,8.75,0,heldout,
real_moleculenet_lipophilicity,mixed_kernel_gp_ei,1933,85.0,85.0,8.75,0,heldout,
real_moleculenet_lipophilicity,target_acquisition_portfolio,1933,85.0,85.0,8.75,0,heldout,
real_moleculenet_lipophilicity,fixed_scale_ensemble_0p5_1_1p5_2_3_4,1934,90.0,88.4167,3.75,0,heldout,
real_moleculenet_lipophilicity,gp_ucb,1934,87.5,87.5,6.25,0,heldout,
real_moleculenet_lipophilicity,llm_calibrated_selector,1934,87.5,87.5,6.25,0,heldout,target_acquisition_portfolio
real_moleculenet_lipophilicity,llm_evolved_kernel_conservative_patch_low_beta,1934,84.0,83.7083,9.75,0,heldout,
real_moleculenet_lipophilicity,llm_evolved_kernel_counter_hypothesis_patch,1934,90.0,88.4167,3.75,0,heldout,
real_moleculenet_lipophilicity,llm_evolved_kernel_exploration_patch_high_beta,1934,87.375,85.9583,6.375,0,heldout,
real_moleculenet_lipophilicity,llm_evolved_kernel_high_confidence_roles_patch,1934,87.375,84.5417,6.375,0,heldout,
real_moleculenet_lipophilicity,llm_evolved_kernel_multi_scale_ensemble_patch,1934,83.125,83.125,10.625,0,heldout,
real_moleculenet_lipophilicity,llm_evolved_kernel_safety_anchor_patch,1934,87.625,87.625,6.125,0,heldout,
real_moleculenet_lipophilicity,mixed_kernel_gp_ei,1934,87.5,87.5,6.25,0,heldout,
real_moleculenet_lipophilicity,target_acquisition_portfolio,1934,87.5,87.5,6.25,0,heldout,
real_moleculenet_lipophilicity,fixed_scale_ensemble_0p5_1_1p5_2_3_4,1935,83.75,83.0417,10.0,0,heldout,
real_moleculenet_lipophilicity,gp_ucb,1935,83.75,83.0417,10.0,0,heldout,
real_moleculenet_lipophilicity,llm_calibrated_selector,1935,83.75,83.0417,10.0,0,heldout,target_acquisition_portfolio
real_moleculenet_lipophilicity,llm_evolved_kernel_conservative_patch_low_beta,1935,81.625,78.1667,12.125,0,heldout,
real_moleculenet_lipophilicity,llm_evolved_kernel_counter_hypothesis_patch,1935,81.625,78.1667,12.125,0,heldout,
real_moleculenet_lipophilicity,llm_evolved_kernel_exploration_patch_high_beta,1935,83.75,83.75,10.0,0,heldout,
real_moleculenet_lipophilicity,llm_evolved_kernel_high_confidence_roles_patch,1935,80.0,75.7083,13.75,0,heldout,
real_moleculenet_lipophilicity,llm_evolved_kernel_multi_scale_ensemble_patch,1935,83.75,83.0417,10.0,0,heldout,
real_moleculenet_lipophilicity,llm_evolved_kernel_safety_anchor_patch,1935,83.75,83.0417,10.0,0,heldout,
real_moleculenet_lipophilicity,mixed_kernel_gp_ei,1935,81.625,78.1667,12.125,0,heldout,
real_moleculenet_lipophilicity,target_acquisition_portfolio,1935,83.75,83.0417,10.0,0,heldout,
real_moleculenet_lipophilicity,fixed_scale_ensemble_0p5_1_1p5_2_3_4,1936,78.375,78.375,15.375,0,heldout,
real_moleculenet_lipophilicity,gp_ucb,1936,78.375,78.375,15.375,0,heldout,
real_moleculenet_lipophilicity,llm_calibrated_selector,1936,78.375,78.375,15.375,0,heldout,target_acquisition_portfolio
real_moleculenet_lipophilicity,llm_evolved_kernel_conservative_patch_low_beta,1936,78.375,78.375,15.375,0,heldout,
real_moleculenet_lipophilicity,llm_evolved_kernel_counter_hypothesis_patch,1936,79.0,79.0,14.75,0,heldout,
real_moleculenet_lipophilicity,llm_evolved_kernel_exploration_patch_high_beta,1936,78.375,78.375,15.375,0,heldout,
real_moleculenet_lipophilicity,llm_evolved_kernel_high_confidence_roles_patch,1936,78.375,78.375,15.375,0,heldout,
real_moleculenet_lipophilicity,llm_evolved_kernel_multi_scale_ensemble_patch,1936,78.375,78.375,15.375,0,heldout,
real_moleculenet_lipophilicity,llm_evolved_kernel_safety_anchor_patch,1936,78.375,78.375,15.375,0,heldout,
real_moleculenet_lipophilicity,mixed_kernel_gp_ei,1936,78.375,78.375,15.375,0,heldout,
real_moleculenet_lipophilicity,target_acquisition_portfolio,1936,78.375,78.375,15.375,0,heldout,
real_moleculenet_lipophilicity,fixed_scale_ensemble_0p5_1_1p5_2_3_4,1937,86.0,86.0,7.75,0,heldout,
real_moleculenet_lipophilicity,gp_ucb,1937,86.0,86.0,7.75,0,heldout,
real_moleculenet_lipophilicity,llm_calibrated_selector,1937,86.0,86.0,7.75,0,heldout,target_acquisition_portfolio
real_moleculenet_lipophilicity,llm_evolved_kernel_conservative_patch_low_beta,1937,86.0,86.0,7.75,0,heldout,
real_moleculenet_lipophilicity,llm_evolved_kernel_counter_hypothesis_patch,1937,86.0,86.0,7.75,0,heldout,
real_moleculenet_lipophilicity,llm_evolved_kernel_exploration_patch_high_beta,1937,88.75,88.75,5.0,0,heldout,
real_moleculenet_lipophilicity,llm_evolved_kernel_high_confidence_roles_patch,1937,86.0,86.0,7.75,0,heldout,
real_moleculenet_lipophilicity,llm_evolved_kernel_multi_scale_ensemble_patch,1937,86.0,86.0,7.75,0,heldout,
real_moleculenet_lipophilicity,llm_evolved_kernel_safety_anchor_patch,1937,86.0,86.0,7.75,0,heldout,
real_moleculenet_lipophilicity,mixed_kernel_gp_ei,1937,86.0,86.0,7.75,0,heldout,
real_moleculenet_lipophilicity,target_acquisition_portfolio,1937,86.0,86.0,7.75,0,heldout,
real_moleculenet_lipophilicity,fixed_scale_ensemble_0p5_1_1p5_2_3_4,1938,81.5,81.5,12.25,0,heldout,
real_moleculenet_lipophilicity,gp_ucb,1938,81.5,81.5,12.25,0,heldout,
real_moleculenet_lipophilicity,llm_calibrated_selector,1938,81.5,81.5,12.25,0,heldout,target_acquisition_portfolio
real_moleculenet_lipophilicity,llm_evolved_kernel_conservative_patch_low_beta,1938,81.5,81.5,12.25,0,heldout,
real_moleculenet_lipophilicity,llm_evolved_kernel_counter_hypothesis_patch,1938,81.5,81.5,12.25,0,heldout,
real_moleculenet_lipophilicity,llm_evolved_kernel_exploration_patch_high_beta,1938,87.375,83.4583,6.375,0,heldout,
real_moleculenet_lipophilicity,llm_evolved_kernel_high_confidence_roles_patch,1938,81.5,81.5,12.25,0,heldout,
real_moleculenet_lipophilicity,llm_evolved_kernel_multi_scale_ensemble_patch,1938,81.5,81.5,12.25,0,heldout,
real_moleculenet_lipophilicity,llm_evolved_kernel_safety_anchor_patch,1938,81.5,81.5,12.25,0,heldout,
real_moleculenet_lipophilicity,mixed_kernel_gp_ei,1938,81.5,81.5,12.25,0,heldout,
real_moleculenet_lipophilicity,target_acquisition_portfolio,1938,81.5,81.5,12.25,0,heldout,
real_moleculenet_lipophilicity,fixed_scale_ensemble_0p5_1_1p5_2_3_4,1939,80.25,78.5,13.5,0,heldout,
real_moleculenet_lipophilicity,gp_ucb,1939,80.25,78.5,13.5,0,heldout,
real_moleculenet_lipophilicity,llm_calibrated_selector,1939,80.25,78.5,13.5,0,heldout,target_acquisition_portfolio
real_moleculenet_lipophilicity,llm_evolved_kernel_conservative_patch_low_beta,1939,80.25,78.5,13.5,0,heldout,
real_moleculenet_lipophilicity,llm_evolved_kernel_counter_hypothesis_patch,1939,80.25,78.5,13.5,0,heldout,
real_moleculenet_lipophilicity,llm_evolved_kernel_exploration_patch_high_beta,1939,88.75,88.75,5.0,0,heldout,
real_moleculenet_lipophilicity,llm_evolved_kernel_high_confidence_roles_patch,1939,80.25,78.5,13.5,0,heldout,
real_moleculenet_lipophilicity,llm_evolved_kernel_multi_scale_ensemble_patch,1939,80.25,78.5,13.5,0,heldout,
real_moleculenet_lipophilicity,llm_evolved_kernel_safety_anchor_patch,1939,80.25,78.5,13.5,0,heldout,
real_moleculenet_lipophilicity,mixed_kernel_gp_ei,1939,80.25,78.5,13.5,0,heldout,
real_moleculenet_lipophilicity,target_acquisition_portfolio,1939,80.25,78.5,13.5,0,heldout,
real_moleculenet_lipophilicity,fixed_scale_ensemble_0p5_1_1p5_2_3_4,1940,82.625,82.1667,11.125,0,heldout,
real_moleculenet_lipophilicity,gp_ucb,1940,82.625,82.1667,11.125,0,heldout,
real_moleculenet_lipophilicity,llm_calibrated_selector,1940,85.0,83.4167,8.75,0,heldout,target_acquisition_portfolio
real_moleculenet_lipophilicity,llm_evolved_kernel_conservative_patch_low_beta,1940,82.625,82.1667,11.125,0,heldout,
real_moleculenet_lipophilicity,llm_evolved_kernel_counter_hypothesis_patch,1940,82.625,82.1667,11.125,0,heldout,
real_moleculenet_lipophilicity,llm_evolved_kernel_exploration_patch_high_beta,1940,82.625,81.7083,11.125,0,heldout,
real_moleculenet_lipophilicity,llm_evolved_kernel_high_confidence_roles_patch,1940,82.625,82.1667,11.125,0,heldout,
real_moleculenet_lipophilicity,llm_evolved_kernel_multi_scale_ensemble_patch,1940,82.625,82.1667,11.125,0,heldout,
real_moleculenet_lipophilicity,llm_evolved_kernel_safety_anchor_patch,1940,82.625,82.1667,11.125,0,heldout,
real_moleculenet_lipophilicity,mixed_kernel_gp_ei,1940,85.0,82.9583,8.75,0,heldout,
real_moleculenet_lipophilicity,target_acquisition_portfolio,1940,85.0,83.4167,8.75,0,heldout,
real_moleculenet_lipophilicity,fixed_scale_ensemble_0p5_1_1p5_2_3_4,1941,93.75,88.3333,0.0,1,heldout,
real_moleculenet_lipophilicity,gp_ucb,1941,91.25,91.25,2.5,0,heldout,
real_moleculenet_lipophilicity,llm_calibrated_selector,1941,91.25,91.25,2.5,0,heldout,target_acquisition_portfolio
real_moleculenet_lipophilicity,llm_evolved_kernel_conservative_patch_low_beta,1941,85.625,85.625,8.125,0,heldout,
real_moleculenet_lipophilicity,llm_evolved_kernel_counter_hypothesis_patch,1941,88.75,86.6667,5.0,0,heldout,
real_moleculenet_lipophilicity,llm_evolved_kernel_exploration_patch_high_beta,1941,93.75,84.625,0.0,1,heldout,
real_moleculenet_lipophilicity,llm_evolved_kernel_high_confidence_roles_patch,1941,93.75,88.3333,0.0,1,heldout,
real_moleculenet_lipophilicity,llm_evolved_kernel_multi_scale_ensemble_patch,1941,93.75,88.3333,0.0,1,heldout,
real_moleculenet_lipophilicity,llm_evolved_kernel_safety_anchor_patch,1941,93.75,88.3333,0.0,1,heldout,
real_moleculenet_lipophilicity,mixed_kernel_gp_ei,1941,91.25,88.875,2.5,0,heldout,
real_moleculenet_lipophilicity,target_acquisition_portfolio,1941,91.25,91.25,2.5,0,heldout,
real_moleculenet_lipophilicity,fixed_scale_ensemble_0p5_1_1p5_2_3_4,1942,81.75,81.75,12.0,0,heldout,
real_moleculenet_lipophilicity,gp_ucb,1942,81.75,81.75,12.0,0,heldout,
real_moleculenet_lipophilicity,llm_calibrated_selector,1942,81.75,81.75,12.0,0,heldout,target_acquisition_portfolio
real_moleculenet_lipophilicity,llm_evolved_kernel_conservative_patch_low_beta,1942,81.75,81.75,12.0,0,heldout,
real_moleculenet_lipophilicity,llm_evolved_kernel_counter_hypothesis_patch,1942,81.75,81.75,12.0,0,heldout,
real_moleculenet_lipophilicity,llm_evolved_kernel_exploration_patch_high_beta,1942,81.75,81.75,12.0,0,heldout,
real_moleculenet_lipophilicity,llm_evolved_kernel_high_confidence_roles_patch,1942,81.75,81.75,12.0,0,heldout,
real_moleculenet_lipophilicity,llm_evolved_kernel_multi_scale_ensemble_patch,1942,81.75,81.75,12.0,0,heldout,
real_moleculenet_lipophilicity,llm_evolved_kernel_safety_anchor_patch,1942,81.75,81.75,12.0,0,heldout,
real_moleculenet_lipophilicity,mixed_kernel_gp_ei,1942,81.75,81.75,12.0,0,heldout,
real_moleculenet_lipophilicity,target_acquisition_portfolio,1942,81.75,81.75,12.0,0,heldout,
real_moleculenet_lipophilicity,fixed_scale_ensemble_0p5_1_1p5_2_3_4,1943,81.25,81.25,12.5,0,heldout,
real_moleculenet_lipophilicity,gp_ucb,1943,81.25,81.25,12.5,0,heldout,
real_moleculenet_lipophilicity,llm_calibrated_selector,1943,81.25,81.25,12.5,0,heldout,target_acquisition_portfolio
real_moleculenet_lipophilicity,llm_evolved_kernel_conservative_patch_low_beta,1943,81.25,81.25,12.5,0,heldout,
real_moleculenet_lipophilicity,llm_evolved_kernel_counter_hypothesis_patch,1943,81.25,81.25,12.5,0,heldout,
real_moleculenet_lipophilicity,llm_evolved_kernel_exploration_patch_high_beta,1943,83.75,82.0833,10.0,0,heldout,
real_moleculenet_lipophilicity,llm_evolved_kernel_high_confidence_roles_patch,1943,81.25,81.25,12.5,0,heldout,
real_moleculenet_lipophilicity,llm_evolved_kernel_multi_scale_ensemble_patch,1943,81.25,81.25,12.5,0,heldout,
real_moleculenet_lipophilicity,llm_evolved_kernel_safety_anchor_patch,1943,81.25,81.25,12.5,0,heldout,
real_moleculenet_lipophilicity,mixed_kernel_gp_ei,1943,81.25,81.25,12.5,0,heldout,
real_moleculenet_lipophilicity,target_acquisition_portfolio,1943,81.25,81.25,12.5,0,heldout,
real_moleculenet_lipophilicity,fixed_scale_ensemble_0p5_1_1p5_2_3_4,1944,80.125,80.125,13.625,0,heldout,
real_moleculenet_lipophilicity,gp_ucb,1944,80.125,80.125,13.625,0,heldout,
real_moleculenet_lipophilicity,llm_calibrated_selector,1944,80.125,80.125,13.625,0,heldout,target_acquisition_portfolio
real_moleculenet_lipophilicity,llm_evolved_kernel_conservative_patch_low_beta,1944,78.625,78.625,15.125,0,heldout,
real_moleculenet_lipophilicity,llm_evolved_kernel_counter_hypothesis_patch,1944,78.625,78.625,15.125,0,heldout,
real_moleculenet_lipophilicity,llm_evolved_kernel_exploration_patch_high_beta,1944,80.375,79.7917,13.375,0,heldout,
real_moleculenet_lipophilicity,llm_evolved_kernel_high_confidence_roles_patch,1944,80.125,80.125,13.625,0,heldout,
real_moleculenet_lipophilicity,llm_evolved_kernel_multi_scale_ensemble_patch,1944,80.125,80.125,13.625,0,heldout,
real_moleculenet_lipophilicity,llm_evolved_kernel_safety_anchor_patch,1944,80.125,80.125,13.625,0,heldout,
real_moleculenet_lipophilicity,mixed_kernel_gp_ei,1944,78.625,78.625,15.125,0,heldout,
real_moleculenet_lipophilicity,target_acquisition_portfolio,1944,80.125,80.125,13.625,0,heldout,
real_moleculenet_lipophilicity,fixed_scale_ensemble_0p5_1_1p5_2_3_4,1945,83.875,83.875,9.875,0,heldout,
real_moleculenet_lipophilicity,gp_ucb,1945,83.875,83.875,9.875,0,heldout,
real_moleculenet_lipophilicity,llm_calibrated_selector,1945,73.125,73.125,20.625,0,heldout,target_acquisition_portfolio
real_moleculenet_lipophilicity,llm_evolved_kernel_conservative_patch_low_beta,1945,86.875,77.7083,6.875,0,heldout,
real_moleculenet_lipophilicity,llm_evolved_kernel_counter_hypothesis_patch,1945,83.875,83.875,9.875,0,heldout,
real_moleculenet_lipophilicity,llm_evolved_kernel_exploration_patch_high_beta,1945,83.75,83.75,10.0,0,heldout,
real_moleculenet_lipophilicity,llm_evolved_kernel_high_confidence_roles_patch,1945,83.875,83.875,9.875,0,heldout,
real_moleculenet_lipophilicity,llm_evolved_kernel_multi_scale_ensemble_patch,1945,83.875,83.875,9.875,0,heldout,
real_moleculenet_lipophilicity,llm_evolved_kernel_safety_anchor_patch,1945,83.875,83.875,9.875,0,heldout,
real_moleculenet_lipophilicity,mixed_kernel_gp_ei,1945,85.0,77.0833,8.75,0,heldout,
real_moleculenet_lipophilicity,target_acquisition_portfolio,1945,73.125,73.125,20.625,0,heldout,
real_moleculenet_lipophilicity,fixed_scale_ensemble_0p5_1_1p5_2_3_4,1946,87.125,87.125,6.625,0,heldout,
real_moleculenet_lipophilicity,gp_ucb,1946,87.125,87.125,6.625,0,heldout,
real_moleculenet_lipophilicity,llm_calibrated_selector,1946,87.125,87.125,6.625,0,heldout,target_acquisition_portfolio
real_moleculenet_lipophilicity,llm_evolved_kernel_conservative_patch_low_beta,1946,87.125,87.125,6.625,0,heldout,
real_moleculenet_lipophilicity,llm_evolved_kernel_counter_hypothesis_patch,1946,87.125,87.125,6.625,0,heldout,
real_moleculenet_lipophilicity,llm_evolved_kernel_exploration_patch_high_beta,1946,86.25,86.25,7.5,0,heldout,
real_moleculenet_lipophilicity,llm_evolved_kernel_high_confidence_roles_patch,1946,87.125,87.125,6.625,0,heldout,
real_moleculenet_lipophilicity,llm_evolved_kernel_multi_scale_ensemble_patch,1946,87.125,87.125,6.625,0,heldout,
real_moleculenet_lipophilicity,llm_evolved_kernel_safety_anchor_patch,1946,87.125,87.125,6.625,0,heldout,
real_moleculenet_lipophilicity,mixed_kernel_gp_ei,1946,87.125,87.125,6.625,0,heldout,
real_moleculenet_lipophilicity,target_acquisition_portfolio,1946,87.125,87.125,6.625,0,heldout,
real_moleculenet_lipophilicity,fixed_scale_ensemble_0p5_1_1p5_2_3_4,1947,92.375,92.2083,1.375,0,heldout,
real_moleculenet_lipophilicity,gp_ucb,1947,92.125,92.125,1.625,0,heldout,
real_moleculenet_lipophilicity,llm_calibrated_selector,1947,92.125,92.125,1.625,0,heldout,target_acquisition_portfolio
real_moleculenet_lipophilicity,llm_evolved_kernel_conservative_patch_low_beta,1947,92.125,92.125,1.625,0,heldout,
real_moleculenet_lipophilicity,llm_evolved_kernel_counter_hypothesis_patch,1947,92.125,92.125,1.625,0,heldout,
real_moleculenet_lipophilicity,llm_evolved_kernel_exploration_patch_high_beta,1947,92.375,92.2083,1.375,0,heldout,
real_moleculenet_lipophilicity,llm_evolved_kernel_high_confidence_roles_patch,1947,92.125,92.125,1.625,0,heldout,
real_moleculenet_lipophilicity,llm_evolved_kernel_multi_scale_ensemble_patch,1947,92.125,92.125,1.625,0,heldout,
real_moleculenet_lipophilicity,llm_evolved_kernel_safety_anchor_patch,1947,92.375,92.2083,1.375,0,heldout,
real_moleculenet_lipophilicity,mixed_kernel_gp_ei,1947,92.125,92.125,1.625,0,heldout,
real_moleculenet_lipophilicity,target_acquisition_portfolio,1947,92.125,92.125,1.625,0,heldout,
real_moleculenet_lipophilicity,fixed_scale_ensemble_0p5_1_1p5_2_3_4,1948,87.5,87.4583,6.25,0,heldout,
real_moleculenet_lipophilicity,gp_ucb,1948,87.5,87.4583,6.25,0,heldout,
real_moleculenet_lipophilicity,llm_calibrated_selector,1948,87.5,87.4583,6.25,0,heldout,target_acquisition_portfolio
real_moleculenet_lipophilicity,llm_evolved_kernel_conservative_patch_low_beta,1948,87.5,87.4583,6.25,0,heldout,
real_moleculenet_lipophilicity,llm_evolved_kernel_counter_hypothesis_patch,1948,87.5,87.4583,6.25,0,heldout,
real_moleculenet_lipophilicity,llm_evolved_kernel_exploration_patch_high_beta,1948,87.5,87.4583,6.25,0,heldout,
real_moleculenet_lipophilicity,llm_evolved_kernel_high_confidence_roles_patch,1948,87.5,87.4583,6.25,0,heldout,
real_moleculenet_lipophilicity,llm_evolved_kernel_multi_scale_ensemble_patch,1948,87.5,87.4583,6.25,0,heldout,
real_moleculenet_lipophilicity,llm_evolved_kernel_safety_anchor_patch,1948,87.5,87.4583,6.25,0,heldout,
real_moleculenet_lipophilicity,mixed_kernel_gp_ei,1948,87.5,87.4583,6.25,0,heldout,
real_moleculenet_lipophilicity,target_acquisition_portfolio,1948,87.5,87.4583,6.25,0,heldout,
real_moleculenet_lipophilicity,fixed_scale_ensemble_0p5_1_1p5_2_3_4,1949,93.5,91.5417,0.25,1,heldout,
real_moleculenet_lipophilicity,gp_ucb,1949,93.5,91.5417,0.25,1,heldout,
real_moleculenet_lipophilicity,llm_calibrated_selector,1949,93.5,91.5417,0.25,1,heldout,target_acquisition_portfolio
real_moleculenet_lipophilicity,llm_evolved_kernel_conservative_patch_low_beta,1949,92.5,92.5,1.25,0,heldout,
real_moleculenet_lipophilicity,llm_evolved_kernel_counter_hypothesis_patch,1949,92.5,92.5,1.25,0,heldout,
real_moleculenet_lipophilicity,llm_evolved_kernel_exploration_patch_high_beta,1949,93.5,91.5417,0.25,1,heldout,
real_moleculenet_lipophilicity,llm_evolved_kernel_high_confidence_roles_patch,1949,93.5,91.5417,0.25,1,heldout,
real_moleculenet_lipophilicity,llm_evolved_kernel_multi_scale_ensemble_patch,1949,93.5,91.5417,0.25,1,heldout,
real_moleculenet_lipophilicity,llm_evolved_kernel_safety_anchor_patch,1949,93.5,91.5417,0.25,1,heldout,
real_moleculenet_lipophilicity,mixed_kernel_gp_ei,1949,92.5,92.5,1.25,0,heldout,
real_moleculenet_lipophilicity,target_acquisition_portfolio,1949,93.5,91.5417,0.25,1,heldout,
real_moleculenet_lipophilicity,fixed_scale_ensemble_0p5_1_1p5_2_3_4,1950,93.75,89.1667,0.0,1,heldout,
real_moleculenet_lipophilicity,gp_ucb,1950,86.25,86.25,7.5,0,heldout,
real_moleculenet_lipophilicity,llm_calibrated_selector,1950,87.5,87.0833,6.25,0,heldout,target_acquisition_portfolio
real_moleculenet_lipophilicity,llm_evolved_kernel_conservative_patch_low_beta,1950,87.5,87.0833,6.25,0,heldout,
real_moleculenet_lipophilicity,llm_evolved_kernel_counter_hypothesis_patch,1950,93.75,89.1667,0.0,1,heldout,
real_moleculenet_lipophilicity,llm_evolved_kernel_exploration_patch_high_beta,1950,93.75,89.1667,0.0,1,heldout,
real_moleculenet_lipophilicity,llm_evolved_kernel_high_confidence_roles_patch,1950,93.75,89.1667,0.0,1,heldout,
real_moleculenet_lipophilicity,llm_evolved_kernel_multi_scale_ensemble_patch,1950,93.75,89.1667,0.0,1,heldout,
real_moleculenet_lipophilicity,llm_evolved_kernel_safety_anchor_patch,1950,93.75,89.1667,0.0,1,heldout,
real_moleculenet_lipophilicity,mixed_kernel_gp_ei,1950,87.5,87.0833,6.25,0,heldout,
real_moleculenet_lipophilicity,target_acquisition_portfolio,1950,87.5,87.0833,6.25,0,heldout,
real_moleculenet_lipophilicity,fixed_scale_ensemble_0p5_1_1p5_2_3_4,1951,71.25,71.25,22.5,0,heldout,
real_moleculenet_lipophilicity,gp_ucb,1951,71.25,71.25,22.5,0,heldout,
real_moleculenet_lipophilicity,llm_calibrated_selector,1951,71.25,71.25,22.5,0,heldout,target_acquisition_portfolio
real_moleculenet_lipophilicity,llm_evolved_kernel_conservative_patch_low_beta,1951,71.25,71.25,22.5,0,heldout,
real_moleculenet_lipophilicity,llm_evolved_kernel_counter_hypothesis_patch,1951,71.25,71.25,22.5,0,heldout,
real_moleculenet_lipophilicity,llm_evolved_kernel_exploration_patch_high_beta,1951,71.25,71.25,22.5,0,heldout,
real_moleculenet_lipophilicity,llm_evolved_kernel_high_confidence_roles_patch,1951,71.25,71.25,22.5,0,heldout,
real_moleculenet_lipophilicity,llm_evolved_kernel_multi_scale_ensemble_patch,1951,71.25,71.25,22.5,0,heldout,
real_moleculenet_lipophilicity,llm_evolved_kernel_safety_anchor_patch,1951,71.25,71.25,22.5,0,heldout,
real_moleculenet_lipophilicity,mixed_kernel_gp_ei,1951,71.25,71.25,22.5,0,heldout,
real_moleculenet_lipophilicity,target_acquisition_portfolio,1951,71.25,71.25,22.5,0,heldout,
real_moleculenet_lipophilicity,fixed_scale_ensemble_0p5_1_1p5_2_3_4,1952,82.5,80.3333,11.25,0,heldout,
real_moleculenet_lipophilicity,gp_ucb,1952,66.25,64.4167,27.5,0,heldout,
real_moleculenet_lipophilicity,llm_calibrated_selector,1952,92.875,83.0833,0.875,0,heldout,target_acquisition_portfolio
real_moleculenet_lipophilicity,llm_evolved_kernel_conservative_patch_low_beta,1952,76.0,72.2917,17.75,0,heldout,
real_moleculenet_lipophilicity,llm_evolved_kernel_counter_hypothesis_patch,1952,58.75,58.75,35.0,0,heldout,
real_moleculenet_lipophilicity,llm_evolved_kernel_exploration_patch_high_beta,1952,82.5,70.75,11.25,0,heldout,
real_moleculenet_lipophilicity,llm_evolved_kernel_high_confidence_roles_patch,1952,76.0,76.0,17.75,0,heldout,
real_moleculenet_lipophilicity,llm_evolved_kernel_multi_scale_ensemble_patch,1952,76.0,76.0,17.75,0,heldout,
real_moleculenet_lipophilicity,llm_evolved_kernel_safety_anchor_patch,1952,76.0,76.0,17.75,0,heldout,
real_moleculenet_lipophilicity,mixed_kernel_gp_ei,1952,58.75,58.75,35.0,0,heldout,
real_moleculenet_lipophilicity,target_acquisition_portfolio,1952,92.875,83.0833,0.875,0,heldout,
real_moleculenet_lipophilicity,fixed_scale_ensemble_0p5_1_1p5_2_3_4,1953,77.5,71.6667,16.25,0,heldout,
real_moleculenet_lipophilicity,gp_ucb,1953,77.625,71.7083,16.125,0,heldout,
real_moleculenet_lipophilicity,llm_calibrated_selector,1953,77.625,71.7083,16.125,0,heldout,target_acquisition_portfolio
real_moleculenet_lipophilicity,llm_evolved_kernel_conservative_patch_low_beta,1953,77.5,71.6667,16.25,0,heldout,
real_moleculenet_lipophilicity,llm_evolved_kernel_counter_hypothesis_patch,1953,77.5,71.6667,16.25,0,heldout,
real_moleculenet_lipophilicity,llm_evolved_kernel_exploration_patch_high_beta,1953,78.75,75.0,15.0,0,heldout,
real_moleculenet_lipophilicity,llm_evolved_kernel_high_confidence_roles_patch,1953,77.5,71.6667,16.25,0,heldout,
real_moleculenet_lipophilicity,llm_evolved_kernel_multi_scale_ensemble_patch,1953,77.5,71.6667,16.25,0,heldout,
real_moleculenet_lipophilicity,llm_evolved_kernel_safety_anchor_patch,1953,77.5,71.6667,16.25,0,heldout,
real_moleculenet_lipophilicity,mixed_kernel_gp_ei,1953,77.625,71.7083,16.125,0,heldout,
real_moleculenet_lipophilicity,target_acquisition_portfolio,1953,77.625,71.7083,16.125,0,heldout,
real_moleculenet_lipophilicity,fixed_scale_ensemble_0p5_1_1p5_2_3_4,1954,81.125,80.2083,12.625,0,heldout,
real_moleculenet_lipophilicity,gp_ucb,1954,80.0,79.9167,13.75,0,heldout,
real_moleculenet_lipophilicity,llm_calibrated_selector,1954,80.0,79.9167,13.75,0,heldout,target_acquisition_portfolio
real_moleculenet_lipophilicity,llm_evolved_kernel_conservative_patch_low_beta,1954,80.0,79.9167,13.75,0,heldout,
real_moleculenet_lipophilicity,llm_evolved_kernel_counter_hypothesis_patch,1954,83.75,83.75,10.0,0,heldout,
real_moleculenet_lipophilicity,llm_evolved_kernel_exploration_patch_high_beta,1954,83.75,83.75,10.0,0,heldout,
real_moleculenet_lipophilicity,llm_evolved_kernel_high_confidence_roles_patch,1954,83.75,83.75,10.0,0,heldout,
real_moleculenet_lipophilicity,llm_evolved_kernel_multi_scale_ensemble_patch,1954,83.75,83.75,10.0,0,heldout,
real_moleculenet_lipophilicity,llm_evolved_kernel_safety_anchor_patch,1954,81.125,80.2083,12.625,0,heldout,
real_moleculenet_lipophilicity,mixed_kernel_gp_ei,1954,80.0,79.9167,13.75,0,heldout,
real_moleculenet_lipophilicity,target_acquisition_portfolio,1954,80.0,79.9167,13.75,0,heldout,
real_moleculenet_lipophilicity,fixed_scale_ensemble_0p5_1_1p5_2_3_4,1955,91.875,88.9583,1.875,0,heldout,
real_moleculenet_lipophilicity,gp_ucb,1955,91.875,90.4167,1.875,0,heldout,
real_moleculenet_lipophilicity,llm_calibrated_selector,1955,91.875,88.9583,1.875,0,heldout,target_acquisition_portfolio
real_moleculenet_lipophilicity,llm_evolved_kernel_conservative_patch_low_beta,1955,91.875,88.9583,1.875,0,heldout,
real_moleculenet_lipophilicity,llm_evolved_kernel_counter_hypothesis_patch,1955,91.875,88.9583,1.875,0,heldout,
real_moleculenet_lipophilicity,llm_evolved_kernel_exploration_patch_high_beta,1955,87.5,87.5,6.25,0,heldout,
real_moleculenet_lipophilicity,llm_evolved_kernel_high_confidence_roles_patch,1955,87.5,87.5,6.25,0,heldout,
real_moleculenet_lipophilicity,llm_evolved_kernel_multi_scale_ensemble_patch,1955,87.5,87.5,6.25,0,heldout,
real_moleculenet_lipophilicity,llm_evolved_kernel_safety_anchor_patch,1955,91.875,88.9583,1.875,0,heldout,
real_moleculenet_lipophilicity,mixed_kernel_gp_ei,1955,91.875,88.9583,1.875,0,heldout,
real_moleculenet_lipophilicity,target_acquisition_portfolio,1955,91.875,88.9583,1.875,0,heldout,
real_moleculenet_lipophilicity,fixed_scale_ensemble_0p5_1_1p5_2_3_4,1956,83.75,83.75,10.0,0,heldout,
real_moleculenet_lipophilicity,gp_ucb,1956,88.75,85.4167,5.0,0,heldout,
real_moleculenet_lipophilicity,llm_calibrated_selector,1956,90.0,85.8333,3.75,0,heldout,target_acquisition_portfolio
real_moleculenet_lipophilicity,llm_evolved_kernel_conservative_patch_low_beta,1956,84.75,84.4167,9.0,0,heldout,
real_moleculenet_lipophilicity,llm_evolved_kernel_counter_hypothesis_patch,1956,83.75,83.75,10.0,0,heldout,
real_moleculenet_lipophilicity,llm_evolved_kernel_exploration_patch_high_beta,1956,83.75,83.75,10.0,0,heldout,
real_moleculenet_lipophilicity,llm_evolved_kernel_high_confidence_roles_patch,1956,83.75,83.75,10.0,0,heldout,
real_moleculenet_lipophilicity,llm_evolved_kernel_multi_scale_ensemble_patch,1956,83.75,83.75,10.0,0,heldout,
real_moleculenet_lipophilicity,llm_evolved_kernel_safety_anchor_patch,1956,83.75,83.75,10.0,0,heldout,
real_moleculenet_lipophilicity,mixed_kernel_gp_ei,1956,88.75,85.4167,5.0,0,heldout,
real_moleculenet_lipophilicity,target_acquisition_portfolio,1956,90.0,85.8333,3.75,0,heldout,
real_moleculenet_lipophilicity,fixed_scale_ensemble_0p5_1_1p5_2_3_4,1957,78.125,78.125,15.625,0,heldout,
real_moleculenet_lipophilicity,gp_ucb,1957,78.125,78.125,15.625,0,heldout,
real_moleculenet_lipophilicity,llm_calibrated_selector,1957,78.125,78.125,15.625,0,heldout,target_acquisition_portfolio
real_moleculenet_lipophilicity,llm_evolved_kernel_conservative_patch_low_beta,1957,79.0,78.4167,14.75,0,heldout,
real_moleculenet_lipophilicity,llm_evolved_kernel_counter_hypothesis_patch,1957,78.125,78.125,15.625,0,heldout,
real_moleculenet_lipophilicity,llm_evolved_kernel_exploration_patch_high_beta,1957,89.625,89.1667,4.125,0,heldout,
real_moleculenet_lipophilicity,llm_evolved_kernel_high_confidence_roles_patch,1957,78.125,78.125,15.625,0,heldout,
real_moleculenet_lipophilicity,llm_evolved_kernel_multi_scale_ensemble_patch,1957,78.125,78.125,15.625,0,heldout,
real_moleculenet_lipophilicity,llm_evolved_kernel_safety_anchor_patch,1957,78.125,78.125,15.625,0,heldout,
real_moleculenet_lipophilicity,mixed_kernel_gp_ei,1957,79.0,78.4167,14.75,0,heldout,
real_moleculenet_lipophilicity,target_acquisition_portfolio,1957,78.125,78.125,15.625,0,heldout,
real_moleculenet_lipophilicity,fixed_scale_ensemble_0p5_1_1p5_2_3_4,1958,82.875,81.3333,10.875,0,heldout,
real_moleculenet_lipophilicity,gp_ucb,1958,82.875,81.3333,10.875,0,heldout,
real_moleculenet_lipophilicity,llm_calibrated_selector,1958,82.875,81.3333,10.875,0,heldout,target_acquisition_portfolio
real_moleculenet_lipophilicity,llm_evolved_kernel_conservative_patch_low_beta,1958,91.0,86.75,2.75,0,heldout,
real_moleculenet_lipophilicity,llm_evolved_kernel_counter_hypothesis_patch,1958,78.75,78.4167,15.0,0,heldout,
real_moleculenet_lipophilicity,llm_evolved_kernel_exploration_patch_high_beta,1958,82.875,81.3333,10.875,0,heldout,
real_moleculenet_lipophilicity,llm_evolved_kernel_high_confidence_roles_patch,1958,82.875,81.3333,10.875,0,heldout,
real_moleculenet_lipophilicity,llm_evolved_kernel_multi_scale_ensemble_patch,1958,82.875,81.3333,10.875,0,heldout,
real_moleculenet_lipophilicity,llm_evolved_kernel_safety_anchor_patch,1958,82.875,81.3333,10.875,0,heldout,
real_moleculenet_lipophilicity,mixed_kernel_gp_ei,1958,78.25,78.25,15.5,0,heldout,
real_moleculenet_lipophilicity,target_acquisition_portfolio,1958,82.875,81.3333,10.875,0,heldout,
real_moleculenet_lipophilicity,fixed_scale_ensemble_0p5_1_1p5_2_3_4,1959,88.75,88.75,5.0,0,heldout,
real_moleculenet_lipophilicity,gp_ucb,1959,88.75,88.75,5.0,0,heldout,
real_moleculenet_lipophilicity,llm_calibrated_selector,1959,88.75,88.75,5.0,0,heldout,target_acquisition_portfolio
real_moleculenet_lipophilicity,llm_evolved_kernel_conservative_patch_low_beta,1959,88.75,88.75,5.0,0,heldout,
real_moleculenet_lipophilicity,llm_evolved_kernel_counter_hypothesis_patch,1959,88.75,88.75,5.0,0,heldout,
real_moleculenet_lipophilicity,llm_evolved_kernel_exploration_patch_high_beta,1959,88.75,88.75,5.0,0,heldout,
real_moleculenet_lipophilicity,llm_evolved_kernel_high_confidence_roles_patch,1959,88.75,88.75,5.0,0,heldout,
real_moleculenet_lipophilicity,llm_evolved_kernel_multi_scale_ensemble_patch,1959,88.75,88.75,5.0,0,heldout,
real_moleculenet_lipophilicity,llm_evolved_kernel_safety_anchor_patch,1959,88.75,88.75,5.0,0,heldout,
real_moleculenet_lipophilicity,mixed_kernel_gp_ei,1959,88.75,88.75,5.0,0,heldout,
real_moleculenet_lipophilicity,target_acquisition_portfolio,1959,88.75,88.75,5.0,0,heldout,
real_moleculenet_lipophilicity,fixed_scale_ensemble_0p5_1_1p5_2_3_4,1960,86.25,81.1667,7.5,0,heldout,
real_moleculenet_lipophilicity,gp_ucb,1960,86.25,81.1667,7.5,0,heldout,
real_moleculenet_lipophilicity,llm_calibrated_selector,1960,89.125,85.625,4.625,0,heldout,target_acquisition_portfolio
real_moleculenet_lipophilicity,llm_evolved_kernel_conservative_patch_low_beta,1960,78.625,78.625,15.125,0,heldout,
real_moleculenet_lipophilicity,llm_evolved_kernel_counter_hypothesis_patch,1960,86.25,81.1667,7.5,0,heldout,
real_moleculenet_lipophilicity,llm_evolved_kernel_exploration_patch_high_beta,1960,78.625,78.625,15.125,0,heldout,
real_moleculenet_lipophilicity,llm_evolved_kernel_high_confidence_roles_patch,1960,86.25,81.1667,7.5,0,heldout,
real_moleculenet_lipophilicity,llm_evolved_kernel_multi_scale_ensemble_patch,1960,86.25,81.1667,7.5,0,heldout,
real_moleculenet_lipophilicity,llm_evolved_kernel_safety_anchor_patch,1960,86.25,81.1667,7.5,0,heldout,
real_moleculenet_lipophilicity,mixed_kernel_gp_ei,1960,81.25,79.5,12.5,0,heldout,
real_moleculenet_lipophilicity,target_acquisition_portfolio,1960,89.125,85.625,4.625,0,heldout,
real_moleculenet_lipophilicity,fixed_scale_ensemble_0p5_1_1p5_2_3_4,1961,78.75,78.75,15.0,0,heldout,
real_moleculenet_lipophilicity,gp_ucb,1961,90.125,86.3333,3.625,0,heldout,
real_moleculenet_lipophilicity,llm_calibrated_selector,1961,78.75,78.75,15.0,0,heldout,target_acquisition_portfolio
real_moleculenet_lipophilicity,llm_evolved_kernel_conservative_patch_low_beta,1961,78.75,78.75,15.0,0,heldout,
real_moleculenet_lipophilicity,llm_evolved_kernel_counter_hypothesis_patch,1961,78.75,78.75,15.0,0,heldout,
real_moleculenet_lipophilicity,llm_evolved_kernel_exploration_patch_high_beta,1961,78.75,78.75,15.0,0,heldout,
real_moleculenet_lipophilicity,llm_evolved_kernel_high_confidence_roles_patch,1961,82.5,80.0,11.25,0,heldout,
real_moleculenet_lipophilicity,llm_evolved_kernel_multi_scale_ensemble_patch,1961,78.75,78.75,15.0,0,heldout,
real_moleculenet_lipophilicity,llm_evolved_kernel_safety_anchor_patch,1961,78.75,78.75,15.0,0,heldout,
real_moleculenet_lipophilicity,mixed_kernel_gp_ei,1961,78.75,78.75,15.0,0,heldout,
real_moleculenet_lipophilicity,target_acquisition_portfolio,1961,78.75,78.75,15.0,0,heldout,
real_moleculenet_lipophilicity,fixed_scale_ensemble_0p5_1_1p5_2_3_4,1962,79.0,79.0,14.75,0,heldout,
real_moleculenet_lipophilicity,gp_ucb,1962,79.0,79.0,14.75,0,heldout,
real_moleculenet_lipophilicity,llm_calibrated_selector,1962,79.0,79.0,14.75,0,heldout,target_acquisition_portfolio
real_moleculenet_lipophilicity,llm_evolved_kernel_conservative_patch_low_beta,1962,79.0,79.0,14.75,0,heldout,
real_moleculenet_lipophilicity,llm_evolved_kernel_counter_hypothesis_patch,1962,79.0,79.0,14.75,0,heldout,
real_moleculenet_lipophilicity,llm_evolved_kernel_exploration_patch_high_beta,1962,79.0,79.0,14.75,0,heldout,
real_moleculenet_lipophilicity,llm_evolved_kernel_high_confidence_roles_patch,1962,79.0,79.0,14.75,0,heldout,
real_moleculenet_lipophilicity,llm_evolved_kernel_multi_scale_ensemble_patch,1962,79.0,79.0,14.75,0,heldout,
real_moleculenet_lipophilicity,llm_evolved_kernel_safety_anchor_patch,1962,79.0,79.0,14.75,0,heldout,
real_moleculenet_lipophilicity,mixed_kernel_gp_ei,1962,79.0,79.0,14.75,0,heldout,
real_moleculenet_lipophilicity,target_acquisition_portfolio,1962,79.0,79.0,14.75,0,heldout,
real_moleculenet_lipophilicity,fixed_scale_ensemble_0p5_1_1p5_2_3_4,1963,87.5,85.6667,6.25,0,heldout,
real_moleculenet_lipophilicity,gp_ucb,1963,82.0,82.0,11.75,0,heldout,
real_moleculenet_lipophilicity,llm_calibrated_selector,1963,85.25,84.1667,8.5,0,heldout,target_acquisition_portfolio
real_moleculenet_lipophilicity,llm_evolved_kernel_conservative_patch_low_beta,1963,82.0,82.0,11.75,0,heldout,
real_moleculenet_lipophilicity,llm_evolved_kernel_counter_hypothesis_patch,1963,87.5,83.8333,6.25,0,heldout,
real_moleculenet_lipophilicity,llm_evolved_kernel_exploration_patch_high_beta,1963,85.75,83.25,8.0,0,heldout,
real_moleculenet_lipophilicity,llm_evolved_kernel_high_confidence_roles_patch,1963,85.75,84.5,8.0,0,heldout,
real_moleculenet_lipophilicity,llm_evolved_kernel_multi_scale_ensemble_patch,1963,87.5,85.6667,6.25,0,heldout,
real_moleculenet_lipophilicity,llm_evolved_kernel_safety_anchor_patch,1963,82.0,82.0,11.75,0,heldout,
real_moleculenet_lipophilicity,mixed_kernel_gp_ei,1963,91.75,88.5,2.0,0,heldout,
real_moleculenet_lipophilicity,target_acquisition_portfolio,1963,85.25,84.1667,8.5,0,heldout,
real_moleculenet_lipophilicity,fixed_scale_ensemble_0p5_1_1p5_2_3_4,1964,90.0,90.0,3.75,0,heldout,
real_moleculenet_lipophilicity,gp_ucb,1964,93.75,88.75,0.0,1,heldout,
real_moleculenet_lipophilicity,llm_calibrated_selector,1964,93.75,88.75,0.0,1,heldout,target_acquisition_portfolio
real_moleculenet_lipophilicity,llm_evolved_kernel_conservative_patch_low_beta,1964,86.25,84.0,7.5,0,heldout,
real_moleculenet_lipophilicity,llm_evolved_kernel_counter_hypothesis_patch,1964,86.25,84.0,7.5,0,heldout,
real_moleculenet_lipophilicity,llm_evolved_kernel_exploration_patch_high_beta,1964,86.25,86.25,7.5,0,heldout,
real_moleculenet_lipophilicity,llm_evolved_kernel_high_confidence_roles_patch,1964,90.0,90.0,3.75,0,heldout,
real_moleculenet_lipophilicity,llm_evolved_kernel_multi_scale_ensemble_patch,1964,90.0,90.0,3.75,0,heldout,
real_moleculenet_lipophilicity,llm_evolved_kernel_safety_anchor_patch,1964,90.0,90.0,3.75,0,heldout,
real_moleculenet_lipophilicity,mixed_kernel_gp_ei,1964,93.75,88.75,0.0,1,heldout,
real_moleculenet_lipophilicity,target_acquisition_portfolio,1964,93.75,88.75,0.0,1,heldout,
real_moleculenet_lipophilicity,fixed_scale_ensemble_0p5_1_1p5_2_3_4,1965,89.25,89.25,4.5,0,heldout,
real_moleculenet_lipophilicity,gp_ucb,1965,89.25,89.25,4.5,0,heldout,
real_moleculenet_lipophilicity,llm_calibrated_selector,1965,89.25,89.25,4.5,0,heldout,target_acquisition_portfolio
real_moleculenet_lipophilicity,llm_evolved_kernel_conservative_patch_low_beta,1965,89.25,89.25,4.5,0,heldout,
real_moleculenet_lipophilicity,llm_evolved_kernel_counter_hypothesis_patch,1965,89.25,89.25,4.5,0,heldout,
real_moleculenet_lipophilicity,llm_evolved_kernel_exploration_patch_high_beta,1965,89.25,89.25,4.5,0,heldout,
real_moleculenet_lipophilicity,llm_evolved_kernel_high_confidence_roles_patch,1965,89.25,89.25,4.5,0,heldout,
real_moleculenet_lipophilicity,llm_evolved_kernel_multi_scale_ensemble_patch,1965,89.25,89.25,4.5,0,heldout,
real_moleculenet_lipophilicity,llm_evolved_kernel_safety_anchor_patch,1965,89.25,89.25,4.5,0,heldout,
real_moleculenet_lipophilicity,mixed_kernel_gp_ei,1965,89.25,89.25,4.5,0,heldout,
real_moleculenet_lipophilicity,target_acquisition_portfolio,1965,89.25,89.25,4.5,0,heldout,
real_moleculenet_lipophilicity,fixed_scale_ensemble_0p5_1_1p5_2_3_4,1966,77.5,76.9167,16.25,0,heldout,
real_moleculenet_lipophilicity,gp_ucb,1966,75.75,75.75,18.0,0,heldout,
real_moleculenet_lipophilicity,llm_calibrated_selector,1966,75.75,75.75,18.0,0,heldout,target_acquisition_portfolio
real_moleculenet_lipophilicity,llm_evolved_kernel_conservative_patch_low_beta,1966,75.75,75.75,18.0,0,heldout,
real_moleculenet_lipophilicity,llm_evolved_kernel_counter_hypothesis_patch,1966,77.5,76.3333,16.25,0,heldout,
real_moleculenet_lipophilicity,llm_evolved_kernel_exploration_patch_high_beta,1966,77.5,77.5,16.25,0,heldout,
real_moleculenet_lipophilicity,llm_evolved_kernel_high_confidence_roles_patch,1966,75.75,75.75,18.0,0,heldout,
real_moleculenet_lipophilicity,llm_evolved_kernel_multi_scale_ensemble_patch,1966,77.5,76.9167,16.25,0,heldout,
real_moleculenet_lipophilicity,llm_evolved_kernel_safety_anchor_patch,1966,75.75,75.75,18.0,0,heldout,
real_moleculenet_lipophilicity,mixed_kernel_gp_ei,1966,75.75,75.75,18.0,0,heldout,
real_moleculenet_lipophilicity,target_acquisition_portfolio,1966,75.75,75.75,18.0,0,heldout,
real_moleculenet_lipophilicity,fixed_scale_ensemble_0p5_1_1p5_2_3_4,1967,78.625,76.2083,15.125,0,heldout,
real_moleculenet_lipophilicity,gp_ucb,1967,84.375,80.0,9.375,0,heldout,
real_moleculenet_lipophilicity,llm_calibrated_selector,1967,84.375,80.0,9.375,0,heldout,target_acquisition_portfolio
real_moleculenet_lipophilicity,llm_evolved_kernel_conservative_patch_low_beta,1967,88.75,88.75,5.0,0,heldout,
real_moleculenet_lipophilicity,llm_evolved_kernel_counter_hypothesis_patch,1967,88.75,88.75,5.0,0,heldout,
real_moleculenet_lipophilicity,llm_evolved_kernel_exploration_patch_high_beta,1967,77.375,75.1667,16.375,0,heldout,
real_moleculenet_lipophilicity,llm_evolved_kernel_high_confidence_roles_patch,1967,84.375,80.0,9.375,0,heldout,
real_moleculenet_lipophilicity,llm_evolved_kernel_multi_scale_ensemble_patch,1967,78.625,76.2083,15.125,0,heldout,
real_moleculenet_lipophilicity,llm_evolved_kernel_safety_anchor_patch,1967,84.375,80.0,9.375,0,heldout,
real_moleculenet_lipophilicity,mixed_kernel_gp_ei,1967,84.375,80.0,9.375,0,heldout,
real_moleculenet_lipophilicity,target_acquisition_portfolio,1967,84.375,80.0,9.375,0,heldout,
real_moleculenet_lipophilicity,fixed_scale_ensemble_0p5_1_1p5_2_3_4,1968,89.75,89.75,4.0,0,heldout,
real_moleculenet_lipophilicity,gp_ucb,1968,89.75,89.75,4.0,0,heldout,
real_moleculenet_lipophilicity,llm_calibrated_selector,1968,89.75,89.75,4.0,0,heldout,target_acquisition_portfolio
real_moleculenet_lipophilicity,llm_evolved_kernel_conservative_patch_low_beta,1968,91.875,91.1667,1.875,0,heldout,
real_moleculenet_lipophilicity,llm_evolved_kernel_counter_hypothesis_patch,1968,89.75,89.75,4.0,0,heldout,
real_moleculenet_lipophilicity,llm_evolved_kernel_exploration_patch_high_beta,1968,89.75,89.75,4.0,0,heldout,
real_moleculenet_lipophilicity,llm_evolved_kernel_high_confidence_roles_patch,1968,89.75,89.75,4.0,0,heldout,
real_moleculenet_lipophilicity,llm_evolved_kernel_multi_scale_ensemble_patch,1968,89.75,89.75,4.0,0,heldout,
real_moleculenet_lipophilicity,llm_evolved_kernel_safety_anchor_patch,1968,89.75,89.75,4.0,0,heldout,
real_moleculenet_lipophilicity,mixed_kernel_gp_ei,1968,91.875,91.1667,1.875,0,heldout,
real_moleculenet_lipophilicity,target_acquisition_portfolio,1968,89.75,89.75,4.0,0,heldout,
real_moleculenet_lipophilicity,fixed_scale_ensemble_0p5_1_1p5_2_3_4,1969,85.0,82.25,8.75,0,heldout,
real_moleculenet_lipophilicity,gp_ucb,1969,85.0,83.625,8.75,0,heldout,
real_moleculenet_lipophilicity,llm_calibrated_selector,1969,85.0,83.625,8.75,0,heldout,target_acquisition_portfolio
real_moleculenet_lipophilicity,llm_evolved_kernel_conservative_patch_low_beta,1969,88.75,88.75,5.0,0,heldout,
real_moleculenet_lipophilicity,llm_evolved_kernel_counter_hypothesis_patch,1969,85.0,82.25,8.75,0,heldout,
real_moleculenet_lipophilicity,llm_evolved_kernel_exploration_patch_high_beta,1969,85.0,85.0,8.75,0,heldout,
real_moleculenet_lipophilicity,llm_evolved_kernel_high_confidence_roles_patch,1969,85.0,83.625,8.75,0,heldout,
real_moleculenet_lipophilicity,llm_evolved_kernel_multi_scale_ensemble_patch,1969,85.0,83.625,8.75,0,heldout,
real_moleculenet_lipophilicity,llm_evolved_kernel_safety_anchor_patch,1969,85.0,83.625,8.75,0,heldout,
real_moleculenet_lipophilicity,mixed_kernel_gp_ei,1969,85.0,82.25,8.75,0,heldout,
real_moleculenet_lipophilicity,target_acquisition_portfolio,1969,85.0,83.625,8.75,0,heldout,
real_moleculenet_lipophilicity,fixed_scale_ensemble_0p5_1_1p5_2_3_4,1970,87.125,87.125,6.625,0,heldout,
real_moleculenet_lipophilicity,gp_ucb,1970,87.125,87.125,6.625,0,heldout,
real_moleculenet_lipophilicity,llm_calibrated_selector,1970,87.125,87.125,6.625,0,heldout,target_acquisition_portfolio
real_moleculenet_lipophilicity,llm_evolved_kernel_conservative_patch_low_beta,1970,87.5,87.25,6.25,0,heldout,
real_moleculenet_lipophilicity,llm_evolved_kernel_counter_hypothesis_patch,1970,87.125,87.125,6.625,0,heldout,
real_moleculenet_lipophilicity,llm_evolved_kernel_exploration_patch_high_beta,1970,87.125,87.125,6.625,0,heldout,
real_moleculenet_lipophilicity,llm_evolved_kernel_high_confidence_roles_patch,1970,87.125,87.125,6.625,0,heldout,
real_moleculenet_lipophilicity,llm_evolved_kernel_multi_scale_ensemble_patch,1970,87.125,87.125,6.625,0,heldout,
real_moleculenet_lipophilicity,llm_evolved_kernel_safety_anchor_patch,1970,87.125,87.125,6.625,0,heldout,
real_moleculenet_lipophilicity,mixed_kernel_gp_ei,1970,87.125,87.125,6.625,0,heldout,
real_moleculenet_lipophilicity,target_acquisition_portfolio,1970,87.125,87.125,6.625,0,heldout,
real_moleculenet_lipophilicity,fixed_scale_ensemble_0p5_1_1p5_2_3_4,1971,82.25,82.25,11.5,0,heldout,
real_moleculenet_lipophilicity,gp_ucb,1971,82.25,82.25,11.5,0,heldout,
real_moleculenet_lipophilicity,llm_calibrated_selector,1971,82.25,82.25,11.5,0,heldout,target_acquisition_portfolio
real_moleculenet_lipophilicity,llm_evolved_kernel_conservative_patch_low_beta,1971,82.25,82.25,11.5,0,heldout,
real_moleculenet_lipophilicity,llm_evolved_kernel_counter_hypothesis_patch,1971,82.25,82.25,11.5,0,heldout,
real_moleculenet_lipophilicity,llm_evolved_kernel_exploration_patch_high_beta,1971,82.25,82.25,11.5,0,heldout,
real_moleculenet_lipophilicity,llm_evolved_kernel_high_confidence_roles_patch,1971,84.75,83.9167,9.0,0,heldout,
real_moleculenet_lipophilicity,llm_evolved_kernel_multi_scale_ensemble_patch,1971,82.25,82.25,11.5,0,heldout,
real_moleculenet_lipophilicity,llm_evolved_kernel_safety_anchor_patch,1971,82.25,82.25,11.5,0,heldout,
real_moleculenet_lipophilicity,mixed_kernel_gp_ei,1971,82.25,82.25,11.5,0,heldout,
real_moleculenet_lipophilicity,target_acquisition_portfolio,1971,82.25,82.25,11.5,0,heldout,
real_moleculenet_lipophilicity,fixed_scale_ensemble_0p5_1_1p5_2_3_4,1972,93.75,93.75,0.0,1,heldout,
real_moleculenet_lipophilicity,gp_ucb,1972,93.75,93.75,0.0,1,heldout,
real_moleculenet_lipophilicity,llm_calibrated_selector,1972,93.75,93.75,0.0,1,heldout,target_acquisition_portfolio
real_moleculenet_lipophilicity,llm_evolved_kernel_conservative_patch_low_beta,1972,93.75,93.75,0.0,1,heldout,
real_moleculenet_lipophilicity,llm_evolved_kernel_counter_hypothesis_patch,1972,93.75,93.75,0.0,1,heldout,
real_moleculenet_lipophilicity,llm_evolved_kernel_exploration_patch_high_beta,1972,93.75,93.75,0.0,1,heldout,
real_moleculenet_lipophilicity,llm_evolved_kernel_high_confidence_roles_patch,1972,93.75,93.75,0.0,1,heldout,
real_moleculenet_lipophilicity,llm_evolved_kernel_multi_scale_ensemble_patch,1972,93.75,93.75,0.0,1,heldout,
real_moleculenet_lipophilicity,llm_evolved_kernel_safety_anchor_patch,1972,93.75,93.75,0.0,1,heldout,
real_moleculenet_lipophilicity,mixed_kernel_gp_ei,1972,93.75,93.75,0.0,1,heldout,
real_moleculenet_lipophilicity,target_acquisition_portfolio,1972,93.75,93.75,0.0,1,heldout,
real_moleculenet_lipophilicity,fixed_scale_ensemble_0p5_1_1p5_2_3_4,1973,82.5,82.5,11.25,0,heldout,
real_moleculenet_lipophilicity,gp_ucb,1973,83.0,82.8333,10.75,0,heldout,
real_moleculenet_lipophilicity,llm_calibrated_selector,1973,82.5,82.5,11.25,0,heldout,target_acquisition_portfolio
real_moleculenet_lipophilicity,llm_evolved_kernel_conservative_patch_low_beta,1973,82.5,82.5,11.25,0,heldout,
real_moleculenet_lipophilicity,llm_evolved_kernel_counter_hypothesis_patch,1973,82.5,82.5,11.25,0,heldout,
real_moleculenet_lipophilicity,llm_evolved_kernel_exploration_patch_high_beta,1973,83.0,82.8333,10.75,0,heldout,
real_moleculenet_lipophilicity,llm_evolved_kernel_high_confidence_roles_patch,1973,82.5,82.5,11.25,0,heldout,
real_moleculenet_lipophilicity,llm_evolved_kernel_multi_scale_ensemble_patch,1973,82.5,82.5,11.25,0,heldout,
real_moleculenet_lipophilicity,llm_evolved_kernel_safety_anchor_patch,1973,83.0,82.8333,10.75,0,heldout,
real_moleculenet_lipophilicity,mixed_kernel_gp_ei,1973,82.5,82.5,11.25,0,heldout,
real_moleculenet_lipophilicity,target_acquisition_portfolio,1973,82.5,82.5,11.25,0,heldout,
real_moleculenet_lipophilicity,fixed_scale_ensemble_0p5_1_1p5_2_3_4,1974,73.75,73.75,20.0,0,heldout,
real_moleculenet_lipophilicity,gp_ucb,1974,73.75,73.75,20.0,0,heldout,
real_moleculenet_lipophilicity,llm_calibrated_selector,1974,73.75,73.75,20.0,0,heldout,target_acquisition_portfolio
real_moleculenet_lipophilicity,llm_evolved_kernel_conservative_patch_low_beta,1974,73.75,73.75,20.0,0,heldout,
real_moleculenet_lipophilicity,llm_evolved_kernel_counter_hypothesis_patch,1974,73.75,73.75,20.0,0,heldout,
real_moleculenet_lipophilicity,llm_evolved_kernel_exploration_patch_high_beta,1974,73.75,73.75,20.0,0,heldout,
real_moleculenet_lipophilicity,llm_evolved_kernel_high_confidence_roles_patch,1974,73.75,73.75,20.0,0,heldout,
real_moleculenet_lipophilicity,llm_evolved_kernel_multi_scale_ensemble_patch,1974,73.75,73.75,20.0,0,heldout,
real_moleculenet_lipophilicity,llm_evolved_kernel_safety_anchor_patch,1974,73.75,73.75,20.0,0,heldout,
real_moleculenet_lipophilicity,mixed_kernel_gp_ei,1974,73.75,73.75,20.0,0,heldout,
real_moleculenet_lipophilicity,target_acquisition_portfolio,1974,73.75,73.75,20.0,0,heldout,
real_moleculenet_lipophilicity,fixed_scale_ensemble_0p5_1_1p5_2_3_4,1975,80.0,80.0,13.75,0,heldout,
real_moleculenet_lipophilicity,gp_ucb,1975,80.0,80.0,13.75,0,heldout,
real_moleculenet_lipophilicity,llm_calibrated_selector,1975,80.0,80.0,13.75,0,heldout,target_acquisition_portfolio
real_moleculenet_lipophilicity,llm_evolved_kernel_conservative_patch_low_beta,1975,80.0,80.0,13.75,0,heldout,
real_moleculenet_lipophilicity,llm_evolved_kernel_counter_hypothesis_patch,1975,80.0,80.0,13.75,0,heldout,
real_moleculenet_lipophilicity,llm_evolved_kernel_exploration_patch_high_beta,1975,80.0,80.0,13.75,0,heldout,
real_moleculenet_lipophilicity,llm_evolved_kernel_high_confidence_roles_patch,1975,80.0,80.0,13.75,0,heldout,
real_moleculenet_lipophilicity,llm_evolved_kernel_multi_scale_ensemble_patch,1975,80.0,80.0,13.75,0,heldout,
real_moleculenet_lipophilicity,llm_evolved_kernel_safety_anchor_patch,1975,80.0,80.0,13.75,0,heldout,
real_moleculenet_lipophilicity,mixed_kernel_gp_ei,1975,80.0,80.0,13.75,0,heldout,
real_moleculenet_lipophilicity,target_acquisition_portfolio,1975,80.0,80.0,13.75,0,heldout,
real_moleculenet_lipophilicity,fixed_scale_ensemble_0p5_1_1p5_2_3_4,1976,81.125,80.875,12.625,0,heldout,
real_moleculenet_lipophilicity,gp_ucb,1976,80.375,80.375,13.375,0,heldout,
real_moleculenet_lipophilicity,llm_calibrated_selector,1976,80.375,80.375,13.375,0,heldout,target_acquisition_portfolio
real_moleculenet_lipophilicity,llm_evolved_kernel_conservative_patch_low_beta,1976,80.375,76.4583,13.375,0,heldout,
real_moleculenet_lipophilicity,llm_evolved_kernel_counter_hypothesis_patch,1976,80.375,76.4583,13.375,0,heldout,
real_moleculenet_lipophilicity,llm_evolved_kernel_exploration_patch_high_beta,1976,80.375,76.4583,13.375,0,heldout,
real_moleculenet_lipophilicity,llm_evolved_kernel_high_confidence_roles_patch,1976,74.5,74.5,19.25,0,heldout,
real_moleculenet_lipophilicity,llm_evolved_kernel_multi_scale_ensemble_patch,1976,74.5,74.5,19.25,0,heldout,
real_moleculenet_lipophilicity,llm_evolved_kernel_safety_anchor_patch,1976,81.125,80.875,12.625,0,heldout,
real_moleculenet_lipophilicity,mixed_kernel_gp_ei,1976,80.375,80.375,13.375,0,heldout,
real_moleculenet_lipophilicity,target_acquisition_portfolio,1976,80.375,80.375,13.375,0,heldout,
real_moleculenet_lipophilicity,fixed_scale_ensemble_0p5_1_1p5_2_3_4,1977,82.5,82.5,11.25,0,heldout,
real_moleculenet_lipophilicity,gp_ucb,1977,82.5,82.5,11.25,0,heldout,
real_moleculenet_lipophilicity,llm_calibrated_selector,1977,82.5,82.5,11.25,0,heldout,target_acquisition_portfolio
real_moleculenet_lipophilicity,llm_evolved_kernel_conservative_patch_low_beta,1977,83.0,80.75,10.75,0,heldout,
real_moleculenet_lipophilicity,llm_evolved_kernel_counter_hypothesis_patch,1977,91.25,83.5,2.5,0,heldout,
real_moleculenet_lipophilicity,llm_evolved_kernel_exploration_patch_high_beta,1977,82.5,82.5,11.25,0,heldout,
real_moleculenet_lipophilicity,llm_evolved_kernel_high_confidence_roles_patch,1977,82.5,82.5,11.25,0,heldout,
real_moleculenet_lipophilicity,llm_evolved_kernel_multi_scale_ensemble_patch,1977,82.5,82.5,11.25,0,heldout,
real_moleculenet_lipophilicity,llm_evolved_kernel_safety_anchor_patch,1977,82.5,82.5,11.25,0,heldout,
real_moleculenet_lipophilicity,mixed_kernel_gp_ei,1977,82.5,82.5,11.25,0,heldout,
real_moleculenet_lipophilicity,target_acquisition_portfolio,1977,82.5,82.5,11.25,0,heldout,
real_moleculenet_lipophilicity,fixed_scale_ensemble_0p5_1_1p5_2_3_4,1978,85.375,85.375,8.375,0,heldout,
real_moleculenet_lipophilicity,gp_ucb,1978,85.375,85.375,8.375,0,heldout,
real_moleculenet_lipophilicity,llm_calibrated_selector,1978,85.375,85.375,8.375,0,heldout,target_acquisition_portfolio
real_moleculenet_lipophilicity,llm_evolved_kernel_conservative_patch_low_beta,1978,85.375,85.375,8.375,0,heldout,
real_moleculenet_lipophilicity,llm_evolved_kernel_counter_hypothesis_patch,1978,85.375,85.375,8.375,0,heldout,
real_moleculenet_lipophilicity,llm_evolved_kernel_exploration_patch_high_beta,1978,85.375,85.375,8.375,0,heldout,
real_moleculenet_lipophilicity,llm_evolved_kernel_high_confidence_roles_patch,1978,85.375,85.375,8.375,0,heldout,
real_moleculenet_lipophilicity,llm_evolved_kernel_multi_scale_ensemble_patch,1978,85.375,85.375,8.375,0,heldout,
real_moleculenet_lipophilicity,llm_evolved_kernel_safety_anchor_patch,1978,85.375,85.375,8.375,0,heldout,
real_moleculenet_lipophilicity,mixed_kernel_gp_ei,1978,85.375,85.375,8.375,0,heldout,
real_moleculenet_lipophilicity,target_acquisition_portfolio,1978,85.375,85.375,8.375,0,heldout,
real_moleculenet_lipophilicity,fixed_scale_ensemble_0p5_1_1p5_2_3_4,1979,79.5,79.5,14.25,0,heldout,
real_moleculenet_lipophilicity,gp_ucb,1979,87.25,84.6667,6.5,0,heldout,
real_moleculenet_lipophilicity,llm_calibrated_selector,1979,87.25,82.0833,6.5,0,heldout,target_acquisition_portfolio
real_moleculenet_lipophilicity,llm_evolved_kernel_conservative_patch_low_beta,1979,79.5,79.5,14.25,0,heldout,
real_moleculenet_lipophilicity,llm_evolved_kernel_counter_hypothesis_patch,1979,79.5,79.5,14.25,0,heldout,
real_moleculenet_lipophilicity,llm_evolved_kernel_exploration_patch_high_beta,1979,87.25,87.25,6.5,0,heldout,
real_moleculenet_lipophilicity,llm_evolved_kernel_high_confidence_roles_patch,1979,79.5,79.5,14.25,0,heldout,
real_moleculenet_lipophilicity,llm_evolved_kernel_multi_scale_ensemble_patch,1979,79.5,79.5,14.25,0,heldout,
real_moleculenet_lipophilicity,llm_evolved_kernel_safety_anchor_patch,1979,87.25,82.0833,6.5,0,heldout,
real_moleculenet_lipophilicity,mixed_kernel_gp_ei,1979,87.25,84.6667,6.5,0,heldout,
real_moleculenet_lipophilicity,target_acquisition_portfolio,1979,87.25,82.0833,6.5,0,heldout,
real_moleculenet_lipophilicity,fixed_scale_ensemble_0p5_1_1p5_2_3_4,1980,84.0,84.0,9.75,0,heldout,
real_moleculenet_lipophilicity,gp_ucb,1980,84.0,84.0,9.75,0,heldout,
real_moleculenet_lipophilicity,llm_calibrated_selector,1980,84.0,84.0,9.75,0,heldout,target_acquisition_portfolio
real_moleculenet_lipophilicity,llm_evolved_kernel_conservative_patch_low_beta,1980,84.0,84.0,9.75,0,heldout,
real_moleculenet_lipophilicity,llm_evolved_kernel_counter_hypothesis_patch,1980,84.0,84.0,9.75,0,heldout,
real_moleculenet_lipophilicity,llm_evolved_kernel_exploration_patch_high_beta,1980,84.0,82.9583,9.75,0,heldout,
real_moleculenet_lipophilicity,llm_evolved_kernel_high_confidence_roles_patch,1980,84.0,84.0,9.75,0,heldout,
real_moleculenet_lipophilicity,llm_evolved_kernel_multi_scale_ensemble_patch,1980,84.0,84.0,9.75,0,heldout,
real_moleculenet_lipophilicity,llm_evolved_kernel_safety_anchor_patch,1980,84.0,84.0,9.75,0,heldout,
real_moleculenet_lipophilicity,mixed_kernel_gp_ei,1980,80.875,80.875,12.875,0,heldout,
real_moleculenet_lipophilicity,target_acquisition_portfolio,1980,84.0,84.0,9.75,0,heldout,
real_moleculenet_lipophilicity,fixed_scale_ensemble_0p5_1_1p5_2_3_4,1981,88.625,87.8333,5.125,0,heldout,
real_moleculenet_lipophilicity,gp_ucb,1981,88.625,87.8333,5.125,0,heldout,
real_moleculenet_lipophilicity,llm_calibrated_selector,1981,88.625,87.8333,5.125,0,heldout,target_acquisition_portfolio
real_moleculenet_lipophilicity,llm_evolved_kernel_conservative_patch_low_beta,1981,88.625,87.8333,5.125,0,heldout,
real_moleculenet_lipophilicity,llm_evolved_kernel_counter_hypothesis_patch,1981,88.625,87.8333,5.125,0,heldout,
real_moleculenet_lipophilicity,llm_evolved_kernel_exploration_patch_high_beta,1981,88.75,88.75,5.0,0,heldout,
real_moleculenet_lipophilicity,llm_evolved_kernel_high_confidence_roles_patch,1981,88.625,87.8333,5.125,0,heldout,
real_moleculenet_lipophilicity,llm_evolved_kernel_multi_scale_ensemble_patch,1981,88.625,87.8333,5.125,0,heldout,
real_moleculenet_lipophilicity,llm_evolved_kernel_safety_anchor_patch,1981,88.625,87.8333,5.125,0,heldout,
real_moleculenet_lipophilicity,mixed_kernel_gp_ei,1981,88.625,87.8333,5.125,0,heldout,
real_moleculenet_lipophilicity,target_acquisition_portfolio,1981,88.625,87.8333,5.125,0,heldout,
real_moleculenet_lipophilicity,fixed_scale_ensemble_0p5_1_1p5_2_3_4,1982,87.25,87.25,6.5,0,heldout,
real_moleculenet_lipophilicity,gp_ucb,1982,87.25,87.25,6.5,0,heldout,
real_moleculenet_lipophilicity,llm_calibrated_selector,1982,87.25,87.25,6.5,0,heldout,target_acquisition_portfolio
real_moleculenet_lipophilicity,llm_evolved_kernel_conservative_patch_low_beta,1982,79.375,79.375,14.375,0,heldout,
real_moleculenet_lipophilicity,llm_evolved_kernel_counter_hypothesis_patch,1982,87.25,87.25,6.5,0,heldout,
real_moleculenet_lipophilicity,llm_evolved_kernel_exploration_patch_high_beta,1982,80.0,79.5833,13.75,0,heldout,
real_moleculenet_lipophilicity,llm_evolved_kernel_high_confidence_roles_patch,1982,87.25,87.25,6.5,0,heldout,
real_moleculenet_lipophilicity,llm_evolved_kernel_multi_scale_ensemble_patch,1982,87.25,87.25,6.5,0,heldout,
real_moleculenet_lipophilicity,llm_evolved_kernel_safety_anchor_patch,1982,87.25,87.25,6.5,0,heldout,
real_moleculenet_lipophilicity,mixed_kernel_gp_ei,1982,87.25,87.25,6.5,0,heldout,
real_moleculenet_lipophilicity,target_acquisition_portfolio,1982,87.25,87.25,6.5,0,heldout,
real_moleculenet_lipophilicity,fixed_scale_ensemble_0p5_1_1p5_2_3_4,1983,91.0,85.0,2.75,0,heldout,
real_moleculenet_lipophilicity,gp_ucb,1983,91.0,88.0,2.75,0,heldout,
real_moleculenet_lipophilicity,llm_calibrated_selector,1983,91.0,88.0,2.75,0,heldout,target_acquisition_portfolio
real_moleculenet_lipophilicity,llm_evolved_kernel_conservative_patch_low_beta,1983,82.0,82.0,11.75,0,heldout,
real_moleculenet_lipophilicity,llm_evolved_kernel_counter_hypothesis_patch,1983,91.0,85.0,2.75,0,heldout,
real_moleculenet_lipophilicity,llm_evolved_kernel_exploration_patch_high_beta,1983,82.0,82.0,11.75,0,heldout,
real_moleculenet_lipophilicity,llm_evolved_kernel_high_confidence_roles_patch,1983,91.0,88.0,2.75,0,heldout,
real_moleculenet_lipophilicity,llm_evolved_kernel_multi_scale_ensemble_patch,1983,91.0,85.0,2.75,0,heldout,
real_moleculenet_lipophilicity,llm_evolved_kernel_safety_anchor_patch,1983,91.0,88.0,2.75,0,heldout,
real_moleculenet_lipophilicity,mixed_kernel_gp_ei,1983,82.0,82.0,11.75,0,heldout,
real_moleculenet_lipophilicity,target_acquisition_portfolio,1983,91.0,88.0,2.75,0,heldout,
real_moleculenet_lipophilicity,fixed_scale_ensemble_0p5_1_1p5_2_3_4,1984,74.125,74.125,19.625,0,heldout,
real_moleculenet_lipophilicity,gp_ucb,1984,74.125,74.125,19.625,0,heldout,
real_moleculenet_lipophilicity,llm_calibrated_selector,1984,74.125,74.125,19.625,0,heldout,target_acquisition_portfolio
real_moleculenet_lipophilicity,llm_evolved_kernel_conservative_patch_low_beta,1984,74.125,74.125,19.625,0,heldout,
real_moleculenet_lipophilicity,llm_evolved_kernel_counter_hypothesis_patch,1984,74.125,74.125,19.625,0,heldout,
real_moleculenet_lipophilicity,llm_evolved_kernel_exploration_patch_high_beta,1984,93.75,89.5417,0.0,1,heldout,
real_moleculenet_lipophilicity,llm_evolved_kernel_high_confidence_roles_patch,1984,74.125,74.125,19.625,0,heldout,
real_moleculenet_lipophilicity,llm_evolved_kernel_multi_scale_ensemble_patch,1984,74.125,74.125,19.625,0,heldout,
real_moleculenet_lipophilicity,llm_evolved_kernel_safety_anchor_patch,1984,74.125,74.125,19.625,0,heldout,
real_moleculenet_lipophilicity,mixed_kernel_gp_ei,1984,74.125,74.125,19.625,0,heldout,
real_moleculenet_lipophilicity,target_acquisition_portfolio,1984,74.125,74.125,19.625,0,heldout,
real_moleculenet_lipophilicity,fixed_scale_ensemble_0p5_1_1p5_2_3_4,1985,90.875,90.875,2.875,0,heldout,
real_moleculenet_lipophilicity,gp_ucb,1985,90.875,90.875,2.875,0,heldout,
real_moleculenet_lipophilicity,llm_calibrated_selector,1985,90.875,90.875,2.875,0,heldout,target_acquisition_portfolio
real_moleculenet_lipophilicity,llm_evolved_kernel_conservative_patch_low_beta,1985,90.875,90.875,2.875,0,heldout,
real_moleculenet_lipophilicity,llm_evolved_kernel_counter_hypothesis_patch,1985,90.875,90.875,2.875,0,heldout,
real_moleculenet_lipophilicity,llm_evolved_kernel_exploration_patch_high_beta,1985,90.875,90.875,2.875,0,heldout,
real_moleculenet_lipophilicity,llm_evolved_kernel_high_confidence_roles_patch,1985,90.875,90.875,2.875,0,heldout,
real_moleculenet_lipophilicity,llm_evolved_kernel_multi_scale_ensemble_patch,1985,90.875,90.875,2.875,0,heldout,
real_moleculenet_lipophilicity,llm_evolved_kernel_safety_anchor_patch,1985,90.875,90.875,2.875,0,heldout,
real_moleculenet_lipophilicity,mixed_kernel_gp_ei,1985,90.875,90.875,2.875,0,heldout,
real_moleculenet_lipophilicity,target_acquisition_portfolio,1985,90.875,90.875,2.875,0,heldout,
real_moleculenet_lipophilicity,fixed_scale_ensemble_0p5_1_1p5_2_3_4,1986,93.75,93.5833,0.0,1,heldout,
real_moleculenet_lipophilicity,gp_ucb,1986,93.75,93.5833,0.0,1,heldout,
real_moleculenet_lipophilicity,llm_calibrated_selector,1986,93.75,93.5833,0.0,1,heldout,target_acquisition_portfolio
real_moleculenet_lipophilicity,llm_evolved_kernel_conservative_patch_low_beta,1986,93.5,93.5,0.25,1,heldout,
real_moleculenet_lipophilicity,llm_evolved_kernel_counter_hypothesis_patch,1986,93.75,93.5833,0.0,1,heldout,
real_moleculenet_lipophilicity,llm_evolved_kernel_exploration_patch_high_beta,1986,93.75,93.5833,0.0,1,heldout,
real_moleculenet_lipophilicity,llm_evolved_kernel_high_confidence_roles_patch,1986,93.75,93.5833,0.0,1,heldout,
real_moleculenet_lipophilicity,llm_evolved_kernel_multi_scale_ensemble_patch,1986,93.75,93.5833,0.0,1,heldout,
real_moleculenet_lipophilicity,llm_evolved_kernel_safety_anchor_patch,1986,93.75,93.5833,0.0,1,heldout,
real_moleculenet_lipophilicity,mixed_kernel_gp_ei,1986,93.75,93.5833,0.0,1,heldout,
real_moleculenet_lipophilicity,target_acquisition_portfolio,1986,93.75,93.5833,0.0,1,heldout,
real_moleculenet_lipophilicity,fixed_scale_ensemble_0p5_1_1p5_2_3_4,1987,91.375,91.375,2.375,0,heldout,
real_moleculenet_lipophilicity,gp_ucb,1987,91.375,91.375,2.375,0,heldout,
real_moleculenet_lipophilicity,llm_calibrated_selector,1987,91.375,82.9583,2.375,0,heldout,target_acquisition_portfolio
real_moleculenet_lipophilicity,llm_evolved_kernel_conservative_patch_low_beta,1987,78.75,78.75,15.0,0,heldout,
real_moleculenet_lipophilicity,llm_evolved_kernel_counter_hypothesis_patch,1987,91.375,91.375,2.375,0,heldout,
real_moleculenet_lipophilicity,llm_evolved_kernel_exploration_patch_high_beta,1987,90.75,86.75,3.0,0,heldout,
real_moleculenet_lipophilicity,llm_evolved_kernel_high_confidence_roles_patch,1987,91.375,91.375,2.375,0,heldout,
real_moleculenet_lipophilicity,llm_evolved_kernel_multi_scale_ensemble_patch,1987,91.375,91.375,2.375,0,heldout,
real_moleculenet_lipophilicity,llm_evolved_kernel_safety_anchor_patch,1987,91.375,91.375,2.375,0,heldout,
real_moleculenet_lipophilicity,mixed_kernel_gp_ei,1987,91.375,82.9583,2.375,0,heldout,
real_moleculenet_lipophilicity,target_acquisition_portfolio,1987,91.375,82.9583,2.375,0,heldout,
real_moleculenet_lipophilicity,fixed_scale_ensemble_0p5_1_1p5_2_3_4,1988,88.125,83.75,5.625,0,heldout,
real_moleculenet_lipophilicity,gp_ucb,1988,88.125,83.75,5.625,0,heldout,
real_moleculenet_lipophilicity,llm_calibrated_selector,1988,86.125,81.3333,7.625,0,heldout,target_acquisition_portfolio
real_moleculenet_lipophilicity,llm_evolved_kernel_conservative_patch_low_beta,1988,88.125,83.75,5.625,0,heldout,
real_moleculenet_lipophilicity,llm_evolved_kernel_counter_hypothesis_patch,1988,86.125,81.7917,7.625,0,heldout,
real_moleculenet_lipophilicity,llm_evolved_kernel_exploration_patch_high_beta,1988,88.125,83.75,5.625,0,heldout,
real_moleculenet_lipophilicity,llm_evolved_kernel_high_confidence_roles_patch,1988,88.125,83.75,5.625,0,heldout,
real_moleculenet_lipophilicity,llm_evolved_kernel_multi_scale_ensemble_patch,1988,88.125,83.75,5.625,0,heldout,
real_moleculenet_lipophilicity,llm_evolved_kernel_safety_anchor_patch,1988,88.125,83.75,5.625,0,heldout,
real_moleculenet_lipophilicity,mixed_kernel_gp_ei,1988,86.125,81.3333,7.625,0,heldout,
real_moleculenet_lipophilicity,target_acquisition_portfolio,1988,86.125,81.3333,7.625,0,heldout,
real_moleculenet_lipophilicity,fixed_scale_ensemble_0p5_1_1p5_2_3_4,1989,83.625,83.625,10.125,0,heldout,
real_moleculenet_lipophilicity,gp_ucb,1989,83.625,83.625,10.125,0,heldout,
real_moleculenet_lipophilicity,llm_calibrated_selector,1989,83.625,83.625,10.125,0,heldout,target_acquisition_portfolio
real_moleculenet_lipophilicity,llm_evolved_kernel_conservative_patch_low_beta,1989,83.625,83.625,10.125,0,heldout,
real_moleculenet_lipophilicity,llm_evolved_kernel_counter_hypothesis_patch,1989,83.625,83.625,10.125,0,heldout,
real_moleculenet_lipophilicity,llm_evolved_kernel_exploration_patch_high_beta,1989,83.625,83.625,10.125,0,heldout,
real_moleculenet_lipophilicity,llm_evolved_kernel_high_confidence_roles_patch,1989,83.625,83.625,10.125,0,heldout,
real_moleculenet_lipophilicity,llm_evolved_kernel_multi_scale_ensemble_patch,1989,83.625,83.625,10.125,0,heldout,
real_moleculenet_lipophilicity,llm_evolved_kernel_safety_anchor_patch,1989,83.625,83.625,10.125,0,heldout,
real_moleculenet_lipophilicity,mixed_kernel_gp_ei,1989,83.625,83.625,10.125,0,heldout,
real_moleculenet_lipophilicity,target_acquisition_portfolio,1989,83.625,83.625,10.125,0,heldout,
real_moleculenet_lipophilicity,fixed_scale_ensemble_0p5_1_1p5_2_3_4,1990,75.75,75.75,18.0,0,heldout,
real_moleculenet_lipophilicity,gp_ucb,1990,75.75,75.75,18.0,0,heldout,
real_moleculenet_lipophilicity,llm_calibrated_selector,1990,77.875,76.4583,15.875,0,heldout,target_acquisition_portfolio
real_moleculenet_lipophilicity,llm_evolved_kernel_conservative_patch_low_beta,1990,86.375,82.8333,7.375,0,heldout,
real_moleculenet_lipophilicity,llm_evolved_kernel_counter_hypothesis_patch,1990,75.75,75.75,18.0,0,heldout,
real_moleculenet_lipophilicity,llm_evolved_kernel_exploration_patch_high_beta,1990,93.5,88.5833,0.25,1,heldout,
real_moleculenet_lipophilicity,llm_evolved_kernel_high_confidence_roles_patch,1990,75.75,75.75,18.0,0,heldout,
real_moleculenet_lipophilicity,llm_evolved_kernel_multi_scale_ensemble_patch,1990,75.75,75.75,18.0,0,heldout,
real_moleculenet_lipophilicity,llm_evolved_kernel_safety_anchor_patch,1990,75.75,75.75,18.0,0,heldout,
real_moleculenet_lipophilicity,mixed_kernel_gp_ei,1990,81.375,81.375,12.375,0,heldout,
real_moleculenet_lipophilicity,target_acquisition_portfolio,1990,77.875,76.4583,15.875,0,heldout,
real_moleculenet_lipophilicity,fixed_scale_ensemble_0p5_1_1p5_2_3_4,1991,82.25,82.25,11.5,0,heldout,
real_moleculenet_lipophilicity,gp_ucb,1991,85.625,85.625,8.125,0,heldout,
real_moleculenet_lipophilicity,llm_calibrated_selector,1991,85.625,85.625,8.125,0,heldout,target_acquisition_portfolio
real_moleculenet_lipophilicity,llm_evolved_kernel_conservative_patch_low_beta,1991,82.25,82.25,11.5,0,heldout,
real_moleculenet_lipophilicity,llm_evolved_kernel_counter_hypothesis_patch,1991,82.25,82.25,11.5,0,heldout,
real_moleculenet_lipophilicity,llm_evolved_kernel_exploration_patch_high_beta,1991,82.25,82.25,11.5,0,heldout,
real_moleculenet_lipophilicity,llm_evolved_kernel_high_confidence_roles_patch,1991,82.25,82.25,11.5,0,heldout,
real_moleculenet_lipophilicity,llm_evolved_kernel_multi_scale_ensemble_patch,1991,82.25,82.25,11.5,0,heldout,
real_moleculenet_lipophilicity,llm_evolved_kernel_safety_anchor_patch,1991,82.25,82.25,11.5,0,heldout,
real_moleculenet_lipophilicity,mixed_kernel_gp_ei,1991,85.625,85.625,8.125,0,heldout,
real_moleculenet_lipophilicity,target_acquisition_portfolio,1991,85.625,85.625,8.125,0,heldout,
real_moleculenet_lipophilicity,fixed_scale_ensemble_0p5_1_1p5_2_3_4,1992,79.25,79.25,14.5,0,heldout,
real_moleculenet_lipophilicity,gp_ucb,1992,79.25,79.25,14.5,0,heldout,
real_moleculenet_lipophilicity,llm_calibrated_selector,1992,79.25,79.25,14.5,0,heldout,target_acquisition_portfolio
real_moleculenet_lipophilicity,llm_evolved_kernel_conservative_patch_low_beta,1992,79.25,79.25,14.5,0,heldout,
real_moleculenet_lipophilicity,llm_evolved_kernel_counter_hypothesis_patch,1992,79.25,79.25,14.5,0,heldout,
real_moleculenet_lipophilicity,llm_evolved_kernel_exploration_patch_high_beta,1992,89.875,89.875,3.875,0,heldout,
real_moleculenet_lipophilicity,llm_evolved_kernel_high_confidence_roles_patch,1992,79.25,79.25,14.5,0,heldout,
real_moleculenet_lipophilicity,llm_evolved_kernel_multi_scale_ensemble_patch,1992,79.25,79.25,14.5,0,heldout,
real_moleculenet_lipophilicity,llm_evolved_kernel_safety_anchor_patch,1992,79.25,79.25,14.5,0,heldout,
real_moleculenet_lipophilicity,mixed_kernel_gp_ei,1992,79.25,79.25,14.5,0,heldout,
real_moleculenet_lipophilicity,target_acquisition_portfolio,1992,79.25,79.25,14.5,0,heldout,
real_moleculenet_lipophilicity,fixed_scale_ensemble_0p5_1_1p5_2_3_4,1993,85.0,85.0,8.75,0,heldout,
real_moleculenet_lipophilicity,gp_ucb,1993,85.0,85.0,8.75,0,heldout,
real_moleculenet_lipophilicity,llm_calibrated_selector,1993,85.0,85.0,8.75,0,heldout,target_acquisition_portfolio
real_moleculenet_lipophilicity,llm_evolved_kernel_conservative_patch_low_beta,1993,85.0,85.0,8.75,0,heldout,
real_moleculenet_lipophilicity,llm_evolved_kernel_counter_hypothesis_patch,1993,85.0,85.0,8.75,0,heldout,
real_moleculenet_lipophilicity,llm_evolved_kernel_exploration_patch_high_beta,1993,85.0,85.0,8.75,0,heldout,
real_moleculenet_lipophilicity,llm_evolved_kernel_high_confidence_roles_patch,1993,85.0,85.0,8.75,0,heldout,
real_moleculenet_lipophilicity,llm_evolved_kernel_multi_scale_ensemble_patch,1993,85.0,85.0,8.75,0,heldout,
real_moleculenet_lipophilicity,llm_evolved_kernel_safety_anchor_patch,1993,85.0,85.0,8.75,0,heldout,
real_moleculenet_lipophilicity,mixed_kernel_gp_ei,1993,85.0,85.0,8.75,0,heldout,
real_moleculenet_lipophilicity,target_acquisition_portfolio,1993,85.0,85.0,8.75,0,heldout,
real_moleculenet_lipophilicity,fixed_scale_ensemble_0p5_1_1p5_2_3_4,1994,84.25,84.25,9.5,0,heldout,
real_moleculenet_lipophilicity,gp_ucb,1994,84.25,84.25,9.5,0,heldout,
real_moleculenet_lipophilicity,llm_calibrated_selector,1994,84.25,84.25,9.5,0,heldout,target_acquisition_portfolio
real_moleculenet_lipophilicity,llm_evolved_kernel_conservative_patch_low_beta,1994,84.25,84.25,9.5,0,heldout,
real_moleculenet_lipophilicity,llm_evolved_kernel_counter_hypothesis_patch,1994,84.25,84.25,9.5,0,heldout,
real_moleculenet_lipophilicity,llm_evolved_kernel_exploration_patch_high_beta,1994,86.75,85.0833,7.0,0,heldout,
real_moleculenet_lipophilicity,llm_evolved_kernel_high_confidence_roles_patch,1994,84.25,84.25,9.5,0,heldout,
real_moleculenet_lipophilicity,llm_evolved_kernel_multi_scale_ensemble_patch,1994,84.25,84.25,9.5,0,heldout,
real_moleculenet_lipophilicity,llm_evolved_kernel_safety_anchor_patch,1994,84.25,84.25,9.5,0,heldout,
real_moleculenet_lipophilicity,mixed_kernel_gp_ei,1994,84.25,84.25,9.5,0,heldout,
real_moleculenet_lipophilicity,target_acquisition_portfolio,1994,84.25,84.25,9.5,0,heldout,
real_moleculenet_lipophilicity,fixed_scale_ensemble_0p5_1_1p5_2_3_4,1995,85.125,85.125,8.625,0,heldout,
real_moleculenet_lipophilicity,gp_ucb,1995,85.75,85.5417,8.0,0,heldout,
real_moleculenet_lipophilicity,llm_calibrated_selector,1995,88.75,87.5417,5.0,0,heldout,target_acquisition_portfolio
real_moleculenet_lipophilicity,llm_evolved_kernel_conservative_patch_low_beta,1995,85.125,85.125,8.625,0,heldout,
real_moleculenet_lipophilicity,llm_evolved_kernel_counter_hypothesis_patch,1995,85.125,85.125,8.625,0,heldout,
real_moleculenet_lipophilicity,llm_evolved_kernel_exploration_patch_high_beta,1995,85.125,85.125,8.625,0,heldout,
real_moleculenet_lipophilicity,llm_evolved_kernel_high_confidence_roles_patch,1995,85.125,85.125,8.625,0,heldout,
real_moleculenet_lipophilicity,llm_evolved_kernel_multi_scale_ensemble_patch,1995,85.125,85.125,8.625,0,heldout,
real_moleculenet_lipophilicity,llm_evolved_kernel_safety_anchor_patch,1995,85.125,85.125,8.625,0,heldout,
real_moleculenet_lipophilicity,mixed_kernel_gp_ei,1995,88.75,87.5417,5.0,0,heldout,
real_moleculenet_lipophilicity,target_acquisition_portfolio,1995,88.75,87.5417,5.0,0,heldout,
real_moleculenet_lipophilicity,fixed_scale_ensemble_0p5_1_1p5_2_3_4,1996,80.5,80.5,13.25,0,heldout,
real_moleculenet_lipophilicity,gp_ucb,1996,80.5,80.5,13.25,0,heldout,
real_moleculenet_lipophilicity,llm_calibrated_selector,1996,80.5,80.5,13.25,0,heldout,target_acquisition_portfolio
real_moleculenet_lipophilicity,llm_evolved_kernel_conservative_patch_low_beta,1996,80.5,80.5,13.25,0,heldout,
real_moleculenet_lipophilicity,llm_evolved_kernel_counter_hypothesis_patch,1996,80.5,80.5,13.25,0,heldout,
real_moleculenet_lipophilicity,llm_evolved_kernel_exploration_patch_high_beta,1996,80.5,80.5,13.25,0,heldout,
real_moleculenet_lipophilicity,llm_evolved_kernel_high_confidence_roles_patch,1996,80.5,80.5,13.25,0,heldout,
real_moleculenet_lipophilicity,llm_evolved_kernel_multi_scale_ensemble_patch,1996,80.5,80.5,13.25,0,heldout,
real_moleculenet_lipophilicity,llm_evolved_kernel_safety_anchor_patch,1996,80.5,80.5,13.25,0,heldout,
real_moleculenet_lipophilicity,mixed_kernel_gp_ei,1996,80.5,80.5,13.25,0,heldout,
real_moleculenet_lipophilicity,target_acquisition_portfolio,1996,80.5,80.5,13.25,0,heldout,
real_moleculenet_lipophilicity,fixed_scale_ensemble_0p5_1_1p5_2_3_4,1997,82.125,73.8333,11.625,0,heldout,
real_moleculenet_lipophilicity,gp_ucb,1997,56.875,56.875,36.875,0,heldout,
real_moleculenet_lipophilicity,llm_calibrated_selector,1997,56.875,56.875,36.875,0,heldout,target_acquisition_portfolio
real_moleculenet_lipophilicity,llm_evolved_kernel_conservative_patch_low_beta,1997,79.625,64.4583,14.125,0,heldout,
real_moleculenet_lipophilicity,llm_evolved_kernel_counter_hypothesis_patch,1997,82.125,73.8333,11.625,0,heldout,
real_moleculenet_lipophilicity,llm_evolved_kernel_exploration_patch_high_beta,1997,86.75,84.0833,7.0,0,heldout,
real_moleculenet_lipophilicity,llm_evolved_kernel_high_confidence_roles_patch,1997,82.5,70.7917,11.25,0,heldout,
real_moleculenet_lipophilicity,llm_evolved_kernel_multi_scale_ensemble_patch,1997,82.125,73.8333,11.625,0,heldout,
real_moleculenet_lipophilicity,llm_evolved_kernel_safety_anchor_patch,1997,82.125,65.2917,11.625,0,heldout,
real_moleculenet_lipophilicity,mixed_kernel_gp_ei,1997,56.875,56.875,36.875,0,heldout,
real_moleculenet_lipophilicity,target_acquisition_portfolio,1997,56.875,56.875,36.875,0,heldout,
real_moleculenet_lipophilicity,fixed_scale_ensemble_0p5_1_1p5_2_3_4,1998,81.625,81.625,12.125,0,heldout,
real_moleculenet_lipophilicity,gp_ucb,1998,81.625,81.625,12.125,0,heldout,
real_moleculenet_lipophilicity,llm_calibrated_selector,1998,87.375,84.9583,6.375,0,heldout,target_acquisition_portfolio
real_moleculenet_lipophilicity,llm_evolved_kernel_conservative_patch_low_beta,1998,81.625,81.625,12.125,0,heldout,
real_moleculenet_lipophilicity,llm_evolved_kernel_counter_hypothesis_patch,1998,81.625,81.625,12.125,0,heldout,
real_moleculenet_lipophilicity,llm_evolved_kernel_exploration_patch_high_beta,1998,81.625,81.625,12.125,0,heldout,
real_moleculenet_lipophilicity,llm_evolved_kernel_high_confidence_roles_patch,1998,81.625,81.625,12.125,0,heldout,
real_moleculenet_lipophilicity,llm_evolved_kernel_multi_scale_ensemble_patch,1998,87.375,83.5417,6.375,0,heldout,
real_moleculenet_lipophilicity,llm_evolved_kernel_safety_anchor_patch,1998,81.625,81.625,12.125,0,heldout,
real_moleculenet_lipophilicity,mixed_kernel_gp_ei,1998,86.625,83.2917,7.125,0,heldout,
real_moleculenet_lipophilicity,target_acquisition_portfolio,1998,87.375,84.9583,6.375,0,heldout,
real_moleculenet_lipophilicity,fixed_scale_ensemble_0p5_1_1p5_2_3_4,1999,81.125,81.125,12.625,0,heldout,
real_moleculenet_lipophilicity,gp_ucb,1999,81.125,81.125,12.625,0,heldout,
real_moleculenet_lipophilicity,llm_calibrated_selector,1999,83.25,82.5417,10.5,0,heldout,target_acquisition_portfolio
real_moleculenet_lipophilicity,llm_evolved_kernel_conservative_patch_low_beta,1999,81.125,81.125,12.625,0,heldout,
real_moleculenet_lipophilicity,llm_evolved_kernel_counter_hypothesis_patch,1999,81.125,81.125,12.625,0,heldout,
real_moleculenet_lipophilicity,llm_evolved_kernel_exploration_patch_high_beta,1999,81.125,81.125,12.625,0,heldout,
real_moleculenet_lipophilicity,llm_evolved_kernel_high_confidence_roles_patch,1999,81.125,81.125,12.625,0,heldout,
real_moleculenet_lipophilicity,llm_evolved_kernel_multi_scale_ensemble_patch,1999,81.125,81.125,12.625,0,heldout,
real_moleculenet_lipophilicity,llm_evolved_kernel_safety_anchor_patch,1999,81.125,81.125,12.625,0,heldout,
real_moleculenet_lipophilicity,mixed_kernel_gp_ei,1999,81.125,81.125,12.625,0,heldout,
real_moleculenet_lipophilicity,target_acquisition_portfolio,1999,83.25,82.5417,10.5,0,heldout,
real_moleculenet_lipophilicity,fixed_scale_ensemble_0p5_1_1p5_2_3_4,2000,87.375,87.2917,6.375,0,heldout,
real_moleculenet_lipophilicity,gp_ucb,2000,87.375,87.2917,6.375,0,heldout,
real_moleculenet_lipophilicity,llm_calibrated_selector,2000,93.75,91.5833,0.0,1,heldout,target_acquisition_portfolio
real_moleculenet_lipophilicity,llm_evolved_kernel_conservative_patch_low_beta,2000,87.25,86.75,6.5,0,heldout,
real_moleculenet_lipophilicity,llm_evolved_kernel_counter_hypothesis_patch,2000,87.375,87.2917,6.375,0,heldout,
real_moleculenet_lipophilicity,llm_evolved_kernel_exploration_patch_high_beta,2000,87.375,87.2917,6.375,0,heldout,
real_moleculenet_lipophilicity,llm_evolved_kernel_high_confidence_roles_patch,2000,87.375,87.2917,6.375,0,heldout,
real_moleculenet_lipophilicity,llm_evolved_kernel_multi_scale_ensemble_patch,2000,87.375,87.2917,6.375,0,heldout,
real_moleculenet_lipophilicity,llm_evolved_kernel_safety_anchor_patch,2000,87.375,87.2917,6.375,0,heldout,
real_moleculenet_lipophilicity,mixed_kernel_gp_ei,2000,87.25,86.75,6.5,0,heldout,
real_moleculenet_lipophilicity,target_acquisition_portfolio,2000,93.75,91.5833,0.0,1,heldout,
real_moleculenet_lipophilicity,fixed_scale_ensemble_0p5_1_1p5_2_3_4,2001,80.0,80.0,13.75,0,heldout,
real_moleculenet_lipophilicity,gp_ucb,2001,80.0,80.0,13.75,0,heldout,
real_moleculenet_lipophilicity,llm_calibrated_selector,2001,82.0,81.3333,11.75,0,heldout,target_acquisition_portfolio
real_moleculenet_lipophilicity,llm_evolved_kernel_conservative_patch_low_beta,2001,80.75,80.25,13.0,0,heldout,
real_moleculenet_lipophilicity,llm_evolved_kernel_counter_hypothesis_patch,2001,80.0,80.0,13.75,0,heldout,
real_moleculenet_lipophilicity,llm_evolved_kernel_exploration_patch_high_beta,2001,83.75,83.75,10.0,0,heldout,
real_moleculenet_lipophilicity,llm_evolved_kernel_high_confidence_roles_patch,2001,80.0,80.0,13.75,0,heldout,
real_moleculenet_lipophilicity,llm_evolved_kernel_multi_scale_ensemble_patch,2001,80.0,80.0,13.75,0,heldout,
real_moleculenet_lipophilicity,llm_evolved_kernel_safety_anchor_patch,2001,80.0,80.0,13.75,0,heldout,
real_moleculenet_lipophilicity,mixed_kernel_gp_ei,2001,82.0,81.3333,11.75,0,heldout,
real_moleculenet_lipophilicity,target_acquisition_portfolio,2001,82.0,81.3333,11.75,0,heldout,
real_moleculenet_lipophilicity,fixed_scale_ensemble_0p5_1_1p5_2_3_4,2002,90.0,90.0,3.75,0,heldout,
real_moleculenet_lipophilicity,gp_ucb,2002,90.0,90.0,3.75,0,heldout,
real_moleculenet_lipophilicity,llm_calibrated_selector,2002,90.0,90.0,3.75,0,heldout,target_acquisition_portfolio
real_moleculenet_lipophilicity,llm_evolved_kernel_conservative_patch_low_beta,2002,90.0,90.0,3.75,0,heldout,
real_moleculenet_lipophilicity,llm_evolved_kernel_counter_hypothesis_patch,2002,90.0,90.0,3.75,0,heldout,
real_moleculenet_lipophilicity,llm_evolved_kernel_exploration_patch_high_beta,2002,90.0,90.0,3.75,0,heldout,
real_moleculenet_lipophilicity,llm_evolved_kernel_high_confidence_roles_patch,2002,92.5,91.6667,1.25,0,heldout,
real_moleculenet_lipophilicity,llm_evolved_kernel_multi_scale_ensemble_patch,2002,92.5,91.6667,1.25,0,heldout,
real_moleculenet_lipophilicity,llm_evolved_kernel_safety_anchor_patch,2002,90.0,90.0,3.75,0,heldout,
real_moleculenet_lipophilicity,mixed_kernel_gp_ei,2002,92.5,91.6667,1.25,0,heldout,
real_moleculenet_lipophilicity,target_acquisition_portfolio,2002,90.0,90.0,3.75,0,heldout,
real_moleculenet_lipophilicity,fixed_scale_ensemble_0p5_1_1p5_2_3_4,2003,86.25,86.25,7.5,0,heldout,
real_moleculenet_lipophilicity,gp_ucb,2003,88.125,88.125,5.625,0,heldout,
real_moleculenet_lipophilicity,llm_calibrated_selector,2003,88.125,88.125,5.625,0,heldout,target_acquisition_portfolio
real_moleculenet_lipophilicity,llm_evolved_kernel_conservative_patch_low_beta,2003,86.25,86.25,7.5,0,heldout,
real_moleculenet_lipophilicity,llm_evolved_kernel_counter_hypothesis_patch,2003,86.25,86.25,7.5,0,heldout,
real_moleculenet_lipophilicity,llm_evolved_kernel_exploration_patch_high_beta,2003,86.25,86.25,7.5,0,heldout,
real_moleculenet_lipophilicity,llm_evolved_kernel_high_confidence_roles_patch,2003,86.25,86.25,7.5,0,heldout,
real_moleculenet_lipophilicity,llm_evolved_kernel_multi_scale_ensemble_patch,2003,86.25,86.25,7.5,0,heldout,
real_moleculenet_lipophilicity,llm_evolved_kernel_safety_anchor_patch,2003,86.25,86.25,7.5,0,heldout,
real_moleculenet_lipophilicity,mixed_kernel_gp_ei,2003,88.125,88.125,5.625,0,heldout,
real_moleculenet_lipophilicity,target_acquisition_portfolio,2003,88.125,88.125,5.625,0,heldout,
real_moleculenet_lipophilicity,fixed_scale_ensemble_0p5_1_1p5_2_3_4,2004,93.75,85.4167,0.0,1,heldout,
real_moleculenet_lipophilicity,gp_ucb,2004,93.5,89.4167,0.25,1,heldout,
real_moleculenet_lipophilicity,llm_calibrated_selector,2004,82.5,81.6667,11.25,0,heldout,target_acquisition_portfolio
real_moleculenet_lipophilicity,llm_evolved_kernel_conservative_patch_low_beta,2004,81.25,81.25,12.5,0,heldout,
real_moleculenet_lipophilicity,llm_evolved_kernel_counter_hypothesis_patch,2004,93.75,85.4167,0.0,1,heldout,
real_moleculenet_lipophilicity,llm_evolved_kernel_exploration_patch_high_beta,2004,93.75,85.4167,0.0,1,heldout,
real_moleculenet_lipophilicity,llm_evolved_kernel_high_confidence_roles_patch,2004,93.75,85.4167,0.0,1,heldout,
real_moleculenet_lipophilicity,llm_evolved_kernel_multi_scale_ensemble_patch,2004,93.75,85.4167,0.0,1,heldout,
real_moleculenet_lipophilicity,llm_evolved_kernel_safety_anchor_patch,2004,93.75,85.4167,0.0,1,heldout,
real_moleculenet_lipophilicity,mixed_kernel_gp_ei,2004,82.5,81.6667,11.25,0,heldout,
real_moleculenet_lipophilicity,target_acquisition_portfolio,2004,82.5,81.6667,11.25,0,heldout,
real_moleculenet_lipophilicity,fixed_scale_ensemble_0p5_1_1p5_2_3_4,2005,80.125,80.125,13.625,0,heldout,
real_moleculenet_lipophilicity,gp_ucb,2005,80.125,80.125,13.625,0,heldout,
real_moleculenet_lipophilicity,llm_calibrated_selector,2005,80.125,80.125,13.625,0,heldout,target_acquisition_portfolio
real_moleculenet_lipophilicity,llm_evolved_kernel_conservative_patch_low_beta,2005,80.125,80.125,13.625,0,heldout,
real_moleculenet_lipophilicity,llm_evolved_kernel_counter_hypothesis_patch,2005,80.125,80.125,13.625,0,heldout,
real_moleculenet_lipophilicity,llm_evolved_kernel_exploration_patch_high_beta,2005,80.125,80.125,13.625,0,heldout,
real_moleculenet_lipophilicity,llm_evolved_kernel_high_confidence_roles_patch,2005,80.125,80.125,13.625,0,heldout,
real_moleculenet_lipophilicity,llm_evolved_kernel_multi_scale_ensemble_patch,2005,80.125,80.125,13.625,0,heldout,
real_moleculenet_lipophilicity,llm_evolved_kernel_safety_anchor_patch,2005,80.125,80.125,13.625,0,heldout,
real_moleculenet_lipophilicity,mixed_kernel_gp_ei,2005,80.125,80.125,13.625,0,heldout,
real_moleculenet_lipophilicity,target_acquisition_portfolio,2005,80.125,80.125,13.625,0,heldout,
real_moleculenet_lipophilicity,fixed_scale_ensemble_0p5_1_1p5_2_3_4,2006,83.75,80.5833,10.0,0,heldout,
real_moleculenet_lipophilicity,gp_ucb,2006,81.375,78.875,12.375,0,heldout,
real_moleculenet_lipophilicity,llm_calibrated_selector,2006,87.5,80.9167,6.25,0,heldout,target_acquisition_portfolio
real_moleculenet_lipophilicity,llm_evolved_kernel_conservative_patch_low_beta,2006,88.125,84.2083,5.625,0,heldout,
real_moleculenet_lipophilicity,llm_evolved_kernel_counter_hypothesis_patch,2006,80.375,79.4583,13.375,0,heldout,
real_moleculenet_lipophilicity,llm_evolved_kernel_exploration_patch_high_beta,2006,77.625,77.625,16.125,0,heldout,
real_moleculenet_lipophilicity,llm_evolved_kernel_high_confidence_roles_patch,2006,81.375,78.875,12.375,0,heldout,
real_moleculenet_lipophilicity,llm_evolved_kernel_multi_scale_ensemble_patch,2006,83.75,80.5833,10.0,0,heldout,
real_moleculenet_lipophilicity,llm_evolved_kernel_safety_anchor_patch,2006,80.375,79.4583,13.375,0,heldout,
real_moleculenet_lipophilicity,mixed_kernel_gp_ei,2006,77.625,77.625,16.125,0,heldout,
real_moleculenet_lipophilicity,target_acquisition_portfolio,2006,87.5,80.9167,6.25,0,heldout,
real_moleculenet_lipophilicity,fixed_scale_ensemble_0p5_1_1p5_2_3_4,2007,73.375,73.375,20.375,0,heldout,
real_moleculenet_lipophilicity,gp_ucb,2007,77.5,76.125,16.25,0,heldout,
real_moleculenet_lipophilicity,llm_calibrated_selector,2007,77.5,76.125,16.25,0,heldout,target_acquisition_portfolio
real_moleculenet_lipophilicity,llm_evolved_kernel_conservative_patch_low_beta,2007,77.5,76.125,16.25,0,heldout,
real_moleculenet_lipophilicity,llm_evolved_kernel_counter_hypothesis_patch,2007,73.375,73.375,20.375,0,heldout,
real_moleculenet_lipophilicity,llm_evolved_kernel_exploration_patch_high_beta,2007,87.5,78.0833,6.25,0,heldout,
real_moleculenet_lipophilicity,llm_evolved_kernel_high_confidence_roles_patch,2007,73.375,73.375,20.375,0,heldout,
real_moleculenet_lipophilicity,llm_evolved_kernel_multi_scale_ensemble_patch,2007,73.375,73.375,20.375,0,heldout,
real_moleculenet_lipophilicity,llm_evolved_kernel_safety_anchor_patch,2007,77.5,76.125,16.25,0,heldout,
real_moleculenet_lipophilicity,mixed_kernel_gp_ei,2007,81.25,76.0,12.5,0,heldout,
real_moleculenet_lipophilicity,target_acquisition_portfolio,2007,77.5,76.125,16.25,0,heldout,
real_moleculenet_lipophilicity,fixed_scale_ensemble_0p5_1_1p5_2_3_4,2008,83.75,83.75,10.0,0,heldout,
real_moleculenet_lipophilicity,gp_ucb,2008,83.75,83.75,10.0,0,heldout,
real_moleculenet_lipophilicity,llm_calibrated_selector,2008,83.75,83.75,10.0,0,heldout,target_acquisition_portfolio
real_moleculenet_lipophilicity,llm_evolved_kernel_conservative_patch_low_beta,2008,83.75,83.75,10.0,0,heldout,
real_moleculenet_lipophilicity,llm_evolved_kernel_counter_hypothesis_patch,2008,83.75,83.75,10.0,0,heldout,
real_moleculenet_lipophilicity,llm_evolved_kernel_exploration_patch_high_beta,2008,83.75,83.75,10.0,0,heldout,
real_moleculenet_lipophilicity,llm_evolved_kernel_high_confidence_roles_patch,2008,83.75,83.75,10.0,0,heldout,
real_moleculenet_lipophilicity,llm_evolved_kernel_multi_scale_ensemble_patch,2008,83.75,83.75,10.0,0,heldout,
real_moleculenet_lipophilicity,llm_evolved_kernel_safety_anchor_patch,2008,83.75,83.75,10.0,0,heldout,
real_moleculenet_lipophilicity,mixed_kernel_gp_ei,2008,83.75,83.75,10.0,0,heldout,
real_moleculenet_lipophilicity,target_acquisition_portfolio,2008,83.75,83.75,10.0,0,heldout,
real_moleculenet_lipophilicity,fixed_scale_ensemble_0p5_1_1p5_2_3_4,2009,90.0,90.0,3.75,0,heldout,
real_moleculenet_lipophilicity,gp_ucb,2009,90.0,90.0,3.75,0,heldout,
real_moleculenet_lipophilicity,llm_calibrated_selector,2009,90.0,90.0,3.75,0,heldout,target_acquisition_portfolio
real_moleculenet_lipophilicity,llm_evolved_kernel_conservative_patch_low_beta,2009,90.0,90.0,3.75,0,heldout,
real_moleculenet_lipophilicity,llm_evolved_kernel_counter_hypothesis_patch,2009,90.0,90.0,3.75,0,heldout,
real_moleculenet_lipophilicity,llm_evolved_kernel_exploration_patch_high_beta,2009,90.0,90.0,3.75,0,heldout,
real_moleculenet_lipophilicity,llm_evolved_kernel_high_confidence_roles_patch,2009,90.0,90.0,3.75,0,heldout,
real_moleculenet_lipophilicity,llm_evolved_kernel_multi_scale_ensemble_patch,2009,90.0,90.0,3.75,0,heldout,
real_moleculenet_lipophilicity,llm_evolved_kernel_safety_anchor_patch,2009,90.0,90.0,3.75,0,heldout,
real_moleculenet_lipophilicity,mixed_kernel_gp_ei,2009,90.0,90.0,3.75,0,heldout,
real_moleculenet_lipophilicity,target_acquisition_portfolio,2009,90.0,90.0,3.75,0,heldout,
real_moleculenet_lipophilicity,fixed_scale_ensemble_0p5_1_1p5_2_3_4,2010,77.625,75.9167,16.125,0,heldout,
real_moleculenet_lipophilicity,gp_ucb,2010,72.5,72.5,21.25,0,heldout,
real_moleculenet_lipophilicity,llm_calibrated_selector,2010,72.5,72.5,21.25,0,heldout,target_acquisition_portfolio
real_moleculenet_lipophilicity,llm_evolved_kernel_conservative_patch_low_beta,2010,77.625,75.9167,16.125,0,heldout,
real_moleculenet_lipophilicity,llm_evolved_kernel_counter_hypothesis_patch,2010,77.625,75.9167,16.125,0,heldout,
real_moleculenet_lipophilicity,llm_evolved_kernel_exploration_patch_high_beta,2010,77.0,77.0,16.75,0,heldout,
real_moleculenet_lipophilicity,llm_evolved_kernel_high_confidence_roles_patch,2010,77.625,75.9167,16.125,0,heldout,
real_moleculenet_lipophilicity,llm_evolved_kernel_multi_scale_ensemble_patch,2010,77.625,75.9167,16.125,0,heldout,
real_moleculenet_lipophilicity,llm_evolved_kernel_safety_anchor_patch,2010,72.5,72.5,21.25,0,heldout,
real_moleculenet_lipophilicity,mixed_kernel_gp_ei,2010,72.5,72.5,21.25,0,heldout,
real_moleculenet_lipophilicity,target_acquisition_portfolio,2010,72.5,72.5,21.25,0,heldout,
real_moleculenet_lipophilicity,fixed_scale_ensemble_0p5_1_1p5_2_3_4,2011,93.75,82.9167,0.0,1,heldout,
real_moleculenet_lipophilicity,gp_ucb,2011,93.75,82.9167,0.0,1,heldout,
real_moleculenet_lipophilicity,llm_calibrated_selector,2011,93.75,82.9167,0.0,1,heldout,target_acquisition_portfolio
real_moleculenet_lipophilicity,llm_evolved_kernel_conservative_patch_low_beta,2011,93.75,82.9167,0.0,1,heldout,
real_moleculenet_lipophilicity,llm_evolved_kernel_counter_hypothesis_patch,2011,77.5,77.5,16.25,0,heldout,
real_moleculenet_lipophilicity,llm_evolved_kernel_exploration_patch_high_beta,2011,82.5,79.1667,11.25,0,heldout,
real_moleculenet_lipophilicity,llm_evolved_kernel_high_confidence_roles_patch,2011,93.75,82.9167,0.0,1,heldout,
real_moleculenet_lipophilicity,llm_evolved_kernel_multi_scale_ensemble_patch,2011,93.75,82.9167,0.0,1,heldout,
real_moleculenet_lipophilicity,llm_evolved_kernel_safety_anchor_patch,2011,77.5,77.5,16.25,0,heldout,
real_moleculenet_lipophilicity,mixed_kernel_gp_ei,2011,77.5,77.5,16.25,0,heldout,
real_moleculenet_lipophilicity,target_acquisition_portfolio,2011,93.75,82.9167,0.0,1,heldout,
real_moleculenet_lipophilicity,fixed_scale_ensemble_0p5_1_1p5_2_3_4,2012,85.0,85.0,8.75,0,heldout,
real_moleculenet_lipophilicity,gp_ucb,2012,85.0,85.0,8.75,0,heldout,
real_moleculenet_lipophilicity,llm_calibrated_selector,2012,85.0,85.0,8.75,0,heldout,target_acquisition_portfolio
real_moleculenet_lipophilicity,llm_evolved_kernel_conservative_patch_low_beta,2012,85.0,85.0,8.75,0,heldout,
real_moleculenet_lipophilicity,llm_evolved_kernel_counter_hypothesis_patch,2012,87.0,85.6667,6.75,0,heldout,
real_moleculenet_lipophilicity,llm_evolved_kernel_exploration_patch_high_beta,2012,87.0,85.6667,6.75,0,heldout,
real_moleculenet_lipophilicity,llm_evolved_kernel_high_confidence_roles_patch,2012,85.0,85.0,8.75,0,heldout,
real_moleculenet_lipophilicity,llm_evolved_kernel_multi_scale_ensemble_patch,2012,85.0,85.0,8.75,0,heldout,
real_moleculenet_lipophilicity,llm_evolved_kernel_safety_anchor_patch,2012,85.0,85.0,8.75,0,heldout,
real_moleculenet_lipophilicity,mixed_kernel_gp_ei,2012,85.0,85.0,8.75,0,heldout,
real_moleculenet_lipophilicity,target_acquisition_portfolio,2012,85.0,85.0,8.75,0,heldout,
real_moleculenet_lipophilicity,fixed_scale_ensemble_0p5_1_1p5_2_3_4,2013,83.75,83.75,10.0,0,heldout,
real_moleculenet_lipophilicity,gp_ucb,2013,83.75,83.75,10.0,0,heldout,
real_moleculenet_lipophilicity,llm_calibrated_selector,2013,83.75,83.75,10.0,0,heldout,target_acquisition_portfolio
real_moleculenet_lipophilicity,llm_evolved_kernel_conservative_patch_low_beta,2013,85.25,84.25,8.5,0,heldout,
real_moleculenet_lipophilicity,llm_evolved_kernel_counter_hypothesis_patch,2013,83.75,83.75,10.0,0,heldout,
real_moleculenet_lipophilicity,llm_evolved_kernel_exploration_patch_high_beta,2013,87.5,85.0,6.25,0,heldout,
real_moleculenet_lipophilicity,llm_evolved_kernel_high_confidence_roles_patch,2013,83.75,83.75,10.0,0,heldout,
real_moleculenet_lipophilicity,llm_evolved_kernel_multi_scale_ensemble_patch,2013,83.75,83.75,10.0,0,heldout,
real_moleculenet_lipophilicity,llm_evolved_kernel_safety_anchor_patch,2013,83.75,83.75,10.0,0,heldout,
real_moleculenet_lipophilicity,mixed_kernel_gp_ei,2013,83.75,83.75,10.0,0,heldout,
real_moleculenet_lipophilicity,target_acquisition_portfolio,2013,83.75,83.75,10.0,0,heldout,
real_moleculenet_lipophilicity,fixed_scale_ensemble_0p5_1_1p5_2_3_4,2014,87.5,87.5,6.25,0,heldout,
real_moleculenet_lipophilicity,gp_ucb,2014,87.5,87.5,6.25,0,heldout,
real_moleculenet_lipophilicity,llm_calibrated_selector,2014,87.5,87.5,6.25,0,heldout,target_acquisition_portfolio
real_moleculenet_lipophilicity,llm_evolved_kernel_conservative_patch_low_beta,2014,87.5,87.5,6.25,0,heldout,
real_moleculenet_lipophilicity,llm_evolved_kernel_counter_hypothesis_patch,2014,87.5,87.5,6.25,0,heldout,
real_moleculenet_lipophilicity,llm_evolved_kernel_exploration_patch_high_beta,2014,87.5,87.5,6.25,0,heldout,
real_moleculenet_lipophilicity,llm_evolved_kernel_high_confidence_roles_patch,2014,87.5,87.5,6.25,0,heldout,
real_moleculenet_lipophilicity,llm_evolved_kernel_multi_scale_ensemble_patch,2014,87.5,87.5,6.25,0,heldout,
real_moleculenet_lipophilicity,llm_evolved_kernel_safety_anchor_patch,2014,87.5,87.5,6.25,0,heldout,
real_moleculenet_lipophilicity,mixed_kernel_gp_ei,2014,87.5,87.5,6.25,0,heldout,
real_moleculenet_lipophilicity,target_acquisition_portfolio,2014,87.5,87.5,6.25,0,heldout,
real_moleculenet_lipophilicity,fixed_scale_ensemble_0p5_1_1p5_2_3_4,2015,83.75,76.75,10.0,0,heldout,
real_moleculenet_lipophilicity,gp_ucb,2015,83.75,77.5,10.0,0,heldout,
real_moleculenet_lipophilicity,llm_calibrated_selector,2015,83.75,77.5,10.0,0,heldout,target_acquisition_portfolio
real_moleculenet_lipophilicity,llm_evolved_kernel_conservative_patch_low_beta,2015,83.75,80.25,10.0,0,heldout,
real_moleculenet_lipophilicity,llm_evolved_kernel_counter_hypothesis_patch,2015,77.625,76.1667,16.125,0,heldout,
real_moleculenet_lipophilicity,llm_evolved_kernel_exploration_patch_high_beta,2015,83.75,76.75,10.0,0,heldout,
real_moleculenet_lipophilicity,llm_evolved_kernel_high_confidence_roles_patch,2015,77.625,77.625,16.125,0,heldout,
real_moleculenet_lipophilicity,llm_evolved_kernel_multi_scale_ensemble_patch,2015,83.75,76.75,10.0,0,heldout,
real_moleculenet_lipophilicity,llm_evolved_kernel_safety_anchor_patch,2015,83.75,77.5,10.0,0,heldout,
real_moleculenet_lipophilicity,mixed_kernel_gp_ei,2015,78.0,74.8333,15.75,0,heldout,
real_moleculenet_lipophilicity,target_acquisition_portfolio,2015,83.75,77.5,10.0,0,heldout,
real_moleculenet_lipophilicity,fixed_scale_ensemble_0p5_1_1p5_2_3_4,2016,81.875,81.875,11.875,0,heldout,
real_moleculenet_lipophilicity,gp_ucb,2016,81.875,81.875,11.875,0,heldout,
real_moleculenet_lipophilicity,llm_calibrated_selector,2016,81.875,81.875,11.875,0,heldout,target_acquisition_portfolio
real_moleculenet_lipophilicity,llm_evolved_kernel_conservative_patch_low_beta,2016,81.875,81.875,11.875,0,heldout,
real_moleculenet_lipophilicity,llm_evolved_kernel_counter_hypothesis_patch,2016,81.875,81.875,11.875,0,heldout,
real_moleculenet_lipophilicity,llm_evolved_kernel_exploration_patch_high_beta,2016,81.875,81.875,11.875,0,heldout,
real_moleculenet_lipophilicity,llm_evolved_kernel_high_confidence_roles_patch,2016,81.875,81.875,11.875,0,heldout,
real_moleculenet_lipophilicity,llm_evolved_kernel_multi_scale_ensemble_patch,2016,81.875,81.875,11.875,0,heldout,
real_moleculenet_lipophilicity,llm_evolved_kernel_safety_anchor_patch,2016,81.875,81.875,11.875,0,heldout,
real_moleculenet_lipophilicity,mixed_kernel_gp_ei,2016,81.875,81.875,11.875,0,heldout,
real_moleculenet_lipophilicity,target_acquisition_portfolio,2016,81.875,81.875,11.875,0,heldout,
real_moleculenet_lipophilicity,fixed_scale_ensemble_0p5_1_1p5_2_3_4,2017,88.75,88.75,5.0,0,heldout,
real_moleculenet_lipophilicity,gp_ucb,2017,88.75,88.75,5.0,0,heldout,
real_moleculenet_lipophilicity,llm_calibrated_selector,2017,88.75,88.75,5.0,0,heldout,target_acquisition_portfolio
real_moleculenet_lipophilicity,llm_evolved_kernel_conservative_patch_low_beta,2017,88.75,88.75,5.0,0,heldout,
real_moleculenet_lipophilicity,llm_evolved_kernel_counter_hypothesis_patch,2017,88.75,88.75,5.0,0,heldout,
real_moleculenet_lipophilicity,llm_evolved_kernel_exploration_patch_high_beta,2017,88.75,88.75,5.0,0,heldout,
real_moleculenet_lipophilicity,llm_evolved_kernel_high_confidence_roles_patch,2017,88.75,88.75,5.0,0,heldout,
real_moleculenet_lipophilicity,llm_evolved_kernel_multi_scale_ensemble_patch,2017,88.75,88.75,5.0,0,heldout,
real_moleculenet_lipophilicity,llm_evolved_kernel_safety_anchor_patch,2017,88.75,88.75,5.0,0,heldout,
real_moleculenet_lipophilicity,mixed_kernel_gp_ei,2017,88.75,88.75,5.0,0,heldout,
real_moleculenet_lipophilicity,target_acquisition_portfolio,2017,88.75,88.75,5.0,0,heldout,
real_moleculenet_lipophilicity,fixed_scale_ensemble_0p5_1_1p5_2_3_4,2018,86.0,86.0,7.75,0,heldout,
real_moleculenet_lipophilicity,gp_ucb,2018,86.0,86.0,7.75,0,heldout,
real_moleculenet_lipophilicity,llm_calibrated_selector,2018,86.0,86.0,7.75,0,heldout,target_acquisition_portfolio
real_moleculenet_lipophilicity,llm_evolved_kernel_conservative_patch_low_beta,2018,86.0,86.0,7.75,0,heldout,
real_moleculenet_lipophilicity,llm_evolved_kernel_counter_hypothesis_patch,2018,86.0,86.0,7.75,0,heldout,
real_moleculenet_lipophilicity,llm_evolved_kernel_exploration_patch_high_beta,2018,86.0,86.0,7.75,0,heldout,
real_moleculenet_lipophilicity,llm_evolved_kernel_high_confidence_roles_patch,2018,86.0,86.0,7.75,0,heldout,
real_moleculenet_lipophilicity,llm_evolved_kernel_multi_scale_ensemble_patch,2018,86.0,86.0,7.75,0,heldout,
real_moleculenet_lipophilicity,llm_evolved_kernel_safety_anchor_patch,2018,86.0,86.0,7.75,0,heldout,
real_moleculenet_lipophilicity,mixed_kernel_gp_ei,2018,86.0,86.0,7.75,0,heldout,
real_moleculenet_lipophilicity,target_acquisition_portfolio,2018,86.0,86.0,7.75,0,heldout,
real_moleculenet_lipophilicity,fixed_scale_ensemble_0p5_1_1p5_2_3_4,2019,85.0,85.0,8.75,0,heldout,
real_moleculenet_lipophilicity,gp_ucb,2019,85.0,85.0,8.75,0,heldout,
real_moleculenet_lipophilicity,llm_calibrated_selector,2019,85.0,85.0,8.75,0,heldout,target_acquisition_portfolio
real_moleculenet_lipophilicity,llm_evolved_kernel_conservative_patch_low_beta,2019,85.0,85.0,8.75,0,heldout,
real_moleculenet_lipophilicity,llm_evolved_kernel_counter_hypothesis_patch,2019,85.0,85.0,8.75,0,heldout,
real_moleculenet_lipophilicity,llm_evolved_kernel_exploration_patch_high_beta,2019,85.0,85.0,8.75,0,heldout,
real_moleculenet_lipophilicity,llm_evolved_kernel_high_confidence_roles_patch,2019,85.0,85.0,8.75,0,heldout,
real_moleculenet_lipophilicity,llm_evolved_kernel_multi_scale_ensemble_patch,2019,85.0,85.0,8.75,0,heldout,
real_moleculenet_lipophilicity,llm_evolved_kernel_safety_anchor_patch,2019,85.0,85.0,8.75,0,heldout,
real_moleculenet_lipophilicity,mixed_kernel_gp_ei,2019,85.0,85.0,8.75,0,heldout,
real_moleculenet_lipophilicity,target_acquisition_portfolio,2019,85.0,85.0,8.75,0,heldout,
real_moleculenet_lipophilicity,fixed_scale_ensemble_0p5_1_1p5_2_3_4,2020,77.375,76.3333,16.375,0,heldout,
real_moleculenet_lipophilicity,gp_ucb,2020,77.375,76.3333,16.375,0,heldout,
real_moleculenet_lipophilicity,llm_calibrated_selector,2020,77.5,76.375,16.25,0,heldout,target_acquisition_portfolio
real_moleculenet_lipophilicity,llm_evolved_kernel_conservative_patch_low_beta,2020,88.0,88.0,5.75,0,heldout,
real_moleculenet_lipophilicity,llm_evolved_kernel_counter_hypothesis_patch,2020,88.0,88.0,5.75,0,heldout,
real_moleculenet_lipophilicity,llm_evolved_kernel_exploration_patch_high_beta,2020,74.25,74.25,19.5,0,heldout,
real_moleculenet_lipophilicity,llm_evolved_kernel_high_confidence_roles_patch,2020,77.375,76.3333,16.375,0,heldout,
real_moleculenet_lipophilicity,llm_evolved_kernel_multi_scale_ensemble_patch,2020,77.375,76.3333,16.375,0,heldout,
real_moleculenet_lipophilicity,llm_evolved_kernel_safety_anchor_patch,2020,77.375,76.3333,16.375,0,heldout,
real_moleculenet_lipophilicity,mixed_kernel_gp_ei,2020,88.0,88.0,5.75,0,heldout,
real_moleculenet_lipophilicity,target_acquisition_portfolio,2020,77.5,76.375,16.25,0,heldout,
real_moleculenet_lipophilicity,fixed_scale_ensemble_0p5_1_1p5_2_3_4,2021,82.375,82.375,11.375,0,heldout,
real_moleculenet_lipophilicity,gp_ucb,2021,82.375,82.375,11.375,0,heldout,
real_moleculenet_lipophilicity,llm_calibrated_selector,2021,82.375,82.375,11.375,0,heldout,target_acquisition_portfolio
real_moleculenet_lipophilicity,llm_evolved_kernel_conservative_patch_low_beta,2021,82.375,82.375,11.375,0,heldout,
real_moleculenet_lipophilicity,llm_evolved_kernel_counter_hypothesis_patch,2021,83.625,83.625,10.125,0,heldout,
real_moleculenet_lipophilicity,llm_evolved_kernel_exploration_patch_high_beta,2021,85.0,79.0,8.75,0,heldout,
real_moleculenet_lipophilicity,llm_evolved_kernel_high_confidence_roles_patch,2021,83.625,83.625,10.125,0,heldout,
real_moleculenet_lipophilicity,llm_evolved_kernel_multi_scale_ensemble_patch,2021,82.375,82.375,11.375,0,heldout,
real_moleculenet_lipophilicity,llm_evolved_kernel_safety_anchor_patch,2021,82.375,82.375,11.375,0,heldout,
real_moleculenet_lipophilicity,mixed_kernel_gp_ei,2021,82.375,82.375,11.375,0,heldout,
real_moleculenet_lipophilicity,target_acquisition_portfolio,2021,82.375,82.375,11.375,0,heldout,
real_moleculenet_lipophilicity,fixed_scale_ensemble_0p5_1_1p5_2_3_4,2022,84.625,84.625,9.125,0,heldout,
real_moleculenet_lipophilicity,gp_ucb,2022,84.625,84.625,9.125,0,heldout,
real_moleculenet_lipophilicity,llm_calibrated_selector,2022,84.625,84.625,9.125,0,heldout,target_acquisition_portfolio
real_moleculenet_lipophilicity,llm_evolved_kernel_conservative_patch_low_beta,2022,84.625,84.625,9.125,0,heldout,
real_moleculenet_lipophilicity,llm_evolved_kernel_counter_hypothesis_patch,2022,84.625,84.625,9.125,0,heldout,
real_moleculenet_lipophilicity,llm_evolved_kernel_exploration_patch_high_beta,2022,72.5,72.5,21.25,0,heldout,
real_moleculenet_lipophilicity,llm_evolved_kernel_high_confidence_roles_patch,2022,84.625,84.625,9.125,0,heldout,
real_moleculenet_lipophilicity,llm_evolved_kernel_multi_scale_ensemble_patch,2022,84.625,84.625,9.125,0,heldout,
real_moleculenet_lipophilicity,llm_evolved_kernel_safety_anchor_patch,2022,84.625,84.625,9.125,0,heldout,
real_moleculenet_lipophilicity,mixed_kernel_gp_ei,2022,84.625,84.625,9.125,0,heldout,
real_moleculenet_lipophilicity,target_acquisition_portfolio,2022,84.625,84.625,9.125,0,heldout,
real_moleculenet_lipophilicity,fixed_scale_ensemble_0p5_1_1p5_2_3_4,2023,88.75,87.5,5.0,0,heldout,
real_moleculenet_lipophilicity,gp_ucb,2023,85.0,85.0,8.75,0,heldout,
real_moleculenet_lipophilicity,llm_calibrated_selector,2023,88.75,87.5,5.0,0,heldout,target_acquisition_portfolio
real_moleculenet_lipophilicity,llm_evolved_kernel_conservative_patch_low_beta,2023,88.75,88.75,5.0,0,heldout,
real_moleculenet_lipophilicity,llm_evolved_kernel_counter_hypothesis_patch,2023,88.75,88.75,5.0,0,heldout,
real_moleculenet_lipophilicity,llm_evolved_kernel_exploration_patch_high_beta,2023,88.75,87.5,5.0,0,heldout,
real_moleculenet_lipophilicity,llm_evolved_kernel_high_confidence_roles_patch,2023,85.0,85.0,8.75,0,heldout,
real_moleculenet_lipophilicity,llm_evolved_kernel_multi_scale_ensemble_patch,2023,88.75,86.25,5.0,0,heldout,
real_moleculenet_lipophilicity,llm_evolved_kernel_safety_anchor_patch,2023,88.75,87.5,5.0,0,heldout,
real_moleculenet_lipophilicity,mixed_kernel_gp_ei,2023,88.75,87.5,5.0,0,heldout,
real_moleculenet_lipophilicity,target_acquisition_portfolio,2023,88.75,87.5,5.0,0,heldout,
real_moleculenet_lipophilicity,fixed_scale_ensemble_0p5_1_1p5_2_3_4,2024,80.875,80.875,12.875,0,heldout,
real_moleculenet_lipophilicity,gp_ucb,2024,82.0,82.0,11.75,0,heldout,
real_moleculenet_lipophilicity,llm_calibrated_selector,2024,80.875,80.875,12.875,0,heldout,target_acquisition_portfolio
real_moleculenet_lipophilicity,llm_evolved_kernel_conservative_patch_low_beta,2024,85.875,80.5417,7.875,0,heldout,
real_moleculenet_lipophilicity,llm_evolved_kernel_counter_hypothesis_patch,2024,80.875,80.875,12.875,0,heldout,
real_moleculenet_lipophilicity,llm_evolved_kernel_exploration_patch_high_beta,2024,80.875,80.875,12.875,0,heldout,
real_moleculenet_lipophilicity,llm_evolved_kernel_high_confidence_roles_patch,2024,80.875,80.875,12.875,0,heldout,
real_moleculenet_lipophilicity,llm_evolved_kernel_multi_scale_ensemble_patch,2024,80.875,80.875,12.875,0,heldout,
real_moleculenet_lipophilicity,llm_evolved_kernel_safety_anchor_patch,2024,80.875,80.875,12.875,0,heldout,
real_moleculenet_lipophilicity,mixed_kernel_gp_ei,2024,82.0,82.0,11.75,0,heldout,
real_moleculenet_lipophilicity,target_acquisition_portfolio,2024,80.875,80.875,12.875,0,heldout,
real_moleculenet_lipophilicity,fixed_scale_ensemble_0p5_1_1p5_2_3_4,2025,88.75,88.75,5.0,0,heldout,
real_moleculenet_lipophilicity,gp_ucb,2025,88.75,88.75,5.0,0,heldout,
real_moleculenet_lipophilicity,llm_calibrated_selector,2025,88.75,88.75,5.0,0,heldout,target_acquisition_portfolio
real_moleculenet_lipophilicity,llm_evolved_kernel_conservative_patch_low_beta,2025,88.75,88.75,5.0,0,heldout,
real_moleculenet_lipophilicity,llm_evolved_kernel_counter_hypothesis_patch,2025,88.75,88.75,5.0,0,heldout,
real_moleculenet_lipophilicity,llm_evolved_kernel_exploration_patch_high_beta,2025,88.75,88.75,5.0,0,heldout,
real_moleculenet_lipophilicity,llm_evolved_kernel_high_confidence_roles_patch,2025,88.75,88.75,5.0,0,heldout,
real_moleculenet_lipophilicity,llm_evolved_kernel_multi_scale_ensemble_patch,2025,88.75,88.75,5.0,0,heldout,
real_moleculenet_lipophilicity,llm_evolved_kernel_safety_anchor_patch,2025,88.75,88.75,5.0,0,heldout,
real_moleculenet_lipophilicity,mixed_kernel_gp_ei,2025,88.75,88.75,5.0,0,heldout,
real_moleculenet_lipophilicity,target_acquisition_portfolio,2025,88.75,88.75,5.0,0,heldout,
real_moleculenet_lipophilicity,fixed_scale_ensemble_0p5_1_1p5_2_3_4,2026,88.75,84.875,5.0,0,heldout,
real_moleculenet_lipophilicity,gp_ucb,2026,77.125,77.125,16.625,0,heldout,
real_moleculenet_lipophilicity,llm_calibrated_selector,2026,77.625,77.625,16.125,0,heldout,target_acquisition_portfolio
real_moleculenet_lipophilicity,llm_evolved_kernel_conservative_patch_low_beta,2026,85.25,79.8333,8.5,0,heldout,
real_moleculenet_lipophilicity,llm_evolved_kernel_counter_hypothesis_patch,2026,88.75,84.875,5.0,0,heldout,
real_moleculenet_lipophilicity,llm_evolved_kernel_exploration_patch_high_beta,2026,85.25,85.25,8.5,0,heldout,
real_moleculenet_lipophilicity,llm_evolved_kernel_high_confidence_roles_patch,2026,88.75,84.875,5.0,0,heldout,
real_moleculenet_lipophilicity,llm_evolved_kernel_multi_scale_ensemble_patch,2026,88.75,81.0,5.0,0,heldout,
real_moleculenet_lipophilicity,llm_evolved_kernel_safety_anchor_patch,2026,77.625,77.625,16.125,0,heldout,
real_moleculenet_lipophilicity,mixed_kernel_gp_ei,2026,77.125,77.125,16.625,0,heldout,
real_moleculenet_lipophilicity,target_acquisition_portfolio,2026,77.625,77.625,16.125,0,heldout,
real_moleculenet_lipophilicity,fixed_scale_ensemble_0p5_1_1p5_2_3_4,2027,90.75,90.75,3.0,0,heldout,
real_moleculenet_lipophilicity,gp_ucb,2027,89.125,89.125,4.625,0,heldout,
real_moleculenet_lipophilicity,llm_calibrated_selector,2027,89.125,89.125,4.625,0,heldout,target_acquisition_portfolio
real_moleculenet_lipophilicity,llm_evolved_kernel_conservative_patch_low_beta,2027,89.125,89.125,4.625,0,heldout,
real_moleculenet_lipophilicity,llm_evolved_kernel_counter_hypothesis_patch,2027,89.125,89.125,4.625,0,heldout,
real_moleculenet_lipophilicity,llm_evolved_kernel_exploration_patch_high_beta,2027,89.125,89.125,4.625,0,heldout,
real_moleculenet_lipophilicity,llm_evolved_kernel_high_confidence_roles_patch,2027,90.75,90.75,3.0,0,heldout,
real_moleculenet_lipophilicity,llm_evolved_kernel_multi_scale_ensemble_patch,2027,90.75,90.75,3.0,0,heldout,
real_moleculenet_lipophilicity,llm_evolved_kernel_safety_anchor_patch,2027,90.75,90.75,3.0,0,heldout,
real_moleculenet_lipophilicity,mixed_kernel_gp_ei,2027,89.125,89.125,4.625,0,heldout,
real_moleculenet_lipophilicity,target_acquisition_portfolio,2027,89.125,89.125,4.625,0,heldout,
real_moleculenet_lipophilicity,fixed_scale_ensemble_0p5_1_1p5_2_3_4,2028,82.0,82.0,11.75,0,heldout,
real_moleculenet_lipophilicity,gp_ucb,2028,82.0,82.0,11.75,0,heldout,
real_moleculenet_lipophilicity,llm_calibrated_selector,2028,82.0,82.0,11.75,0,heldout,target_acquisition_portfolio
real_moleculenet_lipophilicity,llm_evolved_kernel_conservative_patch_low_beta,2028,82.0,82.0,11.75,0,heldout,
real_moleculenet_lipophilicity,llm_evolved_kernel_counter_hypothesis_patch,2028,82.0,82.0,11.75,0,heldout,
real_moleculenet_lipophilicity,llm_evolved_kernel_exploration_patch_high_beta,2028,82.0,82.0,11.75,0,heldout,
real_moleculenet_lipophilicity,llm_evolved_kernel_high_confidence_roles_patch,2028,82.0,82.0,11.75,0,heldout,
real_moleculenet_lipophilicity,llm_evolved_kernel_multi_scale_ensemble_patch,2028,82.0,82.0,11.75,0,heldout,
real_moleculenet_lipophilicity,llm_evolved_kernel_safety_anchor_patch,2028,82.0,82.0,11.75,0,heldout,
real_moleculenet_lipophilicity,mixed_kernel_gp_ei,2028,82.0,82.0,11.75,0,heldout,
real_moleculenet_lipophilicity,target_acquisition_portfolio,2028,82.0,82.0,11.75,0,heldout,
real_moleculenet_lipophilicity,fixed_scale_ensemble_0p5_1_1p5_2_3_4,2029,90.0,90.0,3.75,0,heldout,
real_moleculenet_lipophilicity,gp_ucb,2029,90.0,90.0,3.75,0,heldout,
real_moleculenet_lipophilicity,llm_calibrated_selector,2029,81.375,81.375,12.375,0,heldout,target_acquisition_portfolio
real_moleculenet_lipophilicity,llm_evolved_kernel_conservative_patch_low_beta,2029,90.0,90.0,3.75,0,heldout,
real_moleculenet_lipophilicity,llm_evolved_kernel_counter_hypothesis_patch,2029,90.0,90.0,3.75,0,heldout,
real_moleculenet_lipophilicity,llm_evolved_kernel_exploration_patch_high_beta,2029,90.0,87.125,3.75,0,heldout,
real_moleculenet_lipophilicity,llm_evolved_kernel_high_confidence_roles_patch,2029,90.0,90.0,3.75,0,heldout,
real_moleculenet_lipophilicity,llm_evolved_kernel_multi_scale_ensemble_patch,2029,90.0,90.0,3.75,0,heldout,
real_moleculenet_lipophilicity,llm_evolved_kernel_safety_anchor_patch,2029,90.0,90.0,3.75,0,heldout,
real_moleculenet_lipophilicity,mixed_kernel_gp_ei,2029,81.375,81.375,12.375,0,heldout,
real_moleculenet_lipophilicity,target_acquisition_portfolio,2029,81.375,81.375,12.375,0,heldout,
real_moleculenet_lipophilicity,fixed_scale_ensemble_0p5_1_1p5_2_3_4,2030,81.25,81.25,12.5,0,heldout,
real_moleculenet_lipophilicity,gp_ucb,2030,81.25,81.25,12.5,0,heldout,
real_moleculenet_lipophilicity,llm_calibrated_selector,2030,81.25,81.25,12.5,0,heldout,target_acquisition_portfolio
real_moleculenet_lipophilicity,llm_evolved_kernel_conservative_patch_low_beta,2030,81.25,81.25,12.5,0,heldout,
real_moleculenet_lipophilicity,llm_evolved_kernel_counter_hypothesis_patch,2030,81.25,81.25,12.5,0,heldout,
real_moleculenet_lipophilicity,llm_evolved_kernel_exploration_patch_high_beta,2030,81.25,81.25,12.5,0,heldout,
real_moleculenet_lipophilicity,llm_evolved_kernel_high_confidence_roles_patch,2030,81.25,81.25,12.5,0,heldout,
real_moleculenet_lipophilicity,llm_evolved_kernel_multi_scale_ensemble_patch,2030,81.25,81.25,12.5,0,heldout,
real_moleculenet_lipophilicity,llm_evolved_kernel_safety_anchor_patch,2030,81.25,81.25,12.5,0,heldout,
real_moleculenet_lipophilicity,mixed_kernel_gp_ei,2030,81.25,81.25,12.5,0,heldout,
real_moleculenet_lipophilicity,target_acquisition_portfolio,2030,81.25,81.25,12.5,0,heldout,
real_moleculenet_lipophilicity,fixed_scale_ensemble_0p5_1_1p5_2_3_4,2031,85.25,85.25,8.5,0,heldout,
real_moleculenet_lipophilicity,gp_ucb,2031,85.25,85.25,8.5,0,heldout,
real_moleculenet_lipophilicity,llm_calibrated_selector,2031,93.5,90.75,0.25,1,heldout,target_acquisition_portfolio
real_moleculenet_lipophilicity,llm_evolved_kernel_conservative_patch_low_beta,2031,93.5,90.75,0.25,1,heldout,
real_moleculenet_lipophilicity,llm_evolved_kernel_counter_hypothesis_patch,2031,85.25,85.25,8.5,0,heldout,
real_moleculenet_lipophilicity,llm_evolved_kernel_exploration_patch_high_beta,2031,85.25,85.25,8.5,0,heldout,
real_moleculenet_lipophilicity,llm_evolved_kernel_high_confidence_roles_patch,2031,85.25,85.25,8.5,0,heldout,
real_moleculenet_lipophilicity,llm_evolved_kernel_multi_scale_ensemble_patch,2031,85.25,85.25,8.5,0,heldout,
real_moleculenet_lipophilicity,llm_evolved_kernel_safety_anchor_patch,2031,85.25,85.25,8.5,0,heldout,
real_moleculenet_lipophilicity,mixed_kernel_gp_ei,2031,93.5,90.75,0.25,1,heldout,
real_moleculenet_lipophilicity,target_acquisition_portfolio,2031,93.5,90.75,0.25,1,heldout,
real_moleculenet_lipophilicity,fixed_scale_ensemble_0p5_1_1p5_2_3_4,2032,89.375,89.375,4.375,0,heldout,
real_moleculenet_lipophilicity,gp_ucb,2032,89.375,89.375,4.375,0,heldout,
real_moleculenet_lipophilicity,llm_calibrated_selector,2032,89.375,89.375,4.375,0,heldout,target_acquisition_portfolio
real_moleculenet_lipophilicity,llm_evolved_kernel_conservative_patch_low_beta,2032,89.375,89.375,4.375,0,heldout,
real_moleculenet_lipophilicity,llm_evolved_kernel_counter_hypothesis_patch,2032,89.375,89.375,4.375,0,heldout,
real_moleculenet_lipophilicity,llm_evolved_kernel_exploration_patch_high_beta,2032,89.375,89.375,4.375,0,heldout,
real_moleculenet_lipophilicity,llm_evolved_kernel_high_confidence_roles_patch,2032,89.375,89.375,4.375,0,heldout,
real_moleculenet_lipophilicity,llm_evolved_kernel_multi_scale_ensemble_patch,2032,89.375,89.375,4.375,0,heldout,
real_moleculenet_lipophilicity,llm_evolved_kernel_safety_anchor_patch,2032,89.375,89.375,4.375,0,heldout,
real_moleculenet_lipophilicity,mixed_kernel_gp_ei,2032,89.375,89.375,4.375,0,heldout,
real_moleculenet_lipophilicity,target_acquisition_portfolio,2032,89.375,89.375,4.375,0,heldout,
real_moleculenet_lipophilicity,fixed_scale_ensemble_0p5_1_1p5_2_3_4,2033,87.375,87.375,6.375,0,heldout,
real_moleculenet_lipophilicity,gp_ucb,2033,87.375,87.375,6.375,0,heldout,
real_moleculenet_lipophilicity,llm_calibrated_selector,2033,88.75,88.75,5.0,0,heldout,target_acquisition_portfolio
real_moleculenet_lipophilicity,llm_evolved_kernel_conservative_patch_low_beta,2033,93.75,91.5417,0.0,1,heldout,
real_moleculenet_lipophilicity,llm_evolved_kernel_counter_hypothesis_patch,2033,93.5,89.4167,0.25,1,heldout,
real_moleculenet_lipophilicity,llm_evolved_kernel_exploration_patch_high_beta,2033,87.375,85.75,6.375,0,heldout,
real_moleculenet_lipophilicity,llm_evolved_kernel_high_confidence_roles_patch,2033,87.375,87.375,6.375,0,heldout,
real_moleculenet_lipophilicity,llm_evolved_kernel_multi_scale_ensemble_patch,2033,87.375,87.375,6.375,0,heldout,
real_moleculenet_lipophilicity,llm_evolved_kernel_safety_anchor_patch,2033,87.375,87.375,6.375,0,heldout,
real_moleculenet_lipophilicity,mixed_kernel_gp_ei,2033,88.75,88.75,5.0,0,heldout,
real_moleculenet_lipophilicity,target_acquisition_portfolio,2033,88.75,88.75,5.0,0,heldout,
real_moleculenet_lipophilicity,fixed_scale_ensemble_0p5_1_1p5_2_3_4,2034,76.75,76.75,17.0,0,heldout,
real_moleculenet_lipophilicity,gp_ucb,2034,82.5,78.6667,11.25,0,heldout,
real_moleculenet_lipophilicity,llm_calibrated_selector,2034,82.5,78.6667,11.25,0,heldout,target_acquisition_portfolio
real_moleculenet_lipophilicity,llm_evolved_kernel_conservative_patch_low_beta,2034,77.5,77.25,16.25,0,heldout,
real_moleculenet_lipophilicity,llm_evolved_kernel_counter_hypothesis_patch,2034,76.75,76.75,17.0,0,heldout,
real_moleculenet_lipophilicity,llm_evolved_kernel_exploration_patch_high_beta,2034,82.5,80.2083,11.25,0,heldout,
real_moleculenet_lipophilicity,llm_evolved_kernel_high_confidence_roles_patch,2034,77.5,77.5,16.25,0,heldout,
real_moleculenet_lipophilicity,llm_evolved_kernel_multi_scale_ensemble_patch,2034,77.5,77.5,16.25,0,heldout,
real_moleculenet_lipophilicity,llm_evolved_kernel_safety_anchor_patch,2034,77.5,77.5,16.25,0,heldout,
real_moleculenet_lipophilicity,mixed_kernel_gp_ei,2034,82.5,78.6667,11.25,0,heldout,
real_moleculenet_lipophilicity,target_acquisition_portfolio,2034,82.5,78.6667,11.25,0,heldout,
real_moleculenet_lipophilicity,fixed_scale_ensemble_0p5_1_1p5_2_3_4,2035,87.5,87.5,6.25,0,heldout,
real_moleculenet_lipophilicity,gp_ucb,2035,87.5,86.6667,6.25,0,heldout,
real_moleculenet_lipophilicity,llm_calibrated_selector,2035,87.5,86.6667,6.25,0,heldout,target_acquisition_portfolio
real_moleculenet_lipophilicity,llm_evolved_kernel_conservative_patch_low_beta,2035,87.5,87.5,6.25,0,heldout,
real_moleculenet_lipophilicity,llm_evolved_kernel_counter_hypothesis_patch,2035,87.5,87.5,6.25,0,heldout,
real_moleculenet_lipophilicity,llm_evolved_kernel_exploration_patch_high_beta,2035,85.0,85.0,8.75,0,heldout,
real_moleculenet_lipophilicity,llm_evolved_kernel_high_confidence_roles_patch,2035,87.5,87.5,6.25,0,heldout,
real_moleculenet_lipophilicity,llm_evolved_kernel_multi_scale_ensemble_patch,2035,87.5,87.5,6.25,0,heldout,
real_moleculenet_lipophilicity,llm_evolved_kernel_safety_anchor_patch,2035,87.5,87.5,6.25,0,heldout,
real_moleculenet_lipophilicity,mixed_kernel_gp_ei,2035,87.5,86.6667,6.25,0,heldout,
real_moleculenet_lipophilicity,target_acquisition_portfolio,2035,87.5,86.6667,6.25,0,heldout,
real_moleculenet_lipophilicity,fixed_scale_ensemble_0p5_1_1p5_2_3_4,2036,80.0,80.0,13.75,0,heldout,
real_moleculenet_lipophilicity,gp_ucb,2036,80.0,80.0,13.75,0,heldout,
real_moleculenet_lipophilicity,llm_calibrated_selector,2036,80.0,80.0,13.75,0,heldout,target_acquisition_portfolio
real_moleculenet_lipophilicity,llm_evolved_kernel_conservative_patch_low_beta,2036,80.0,80.0,13.75,0,heldout,
real_moleculenet_lipophilicity,llm_evolved_kernel_counter_hypothesis_patch,2036,86.375,86.375,7.375,0,heldout,
real_moleculenet_lipophilicity,llm_evolved_kernel_exploration_patch_high_beta,2036,82.25,82.25,11.5,0,heldout,
real_moleculenet_lipophilicity,llm_evolved_kernel_high_confidence_roles_patch,2036,80.0,80.0,13.75,0,heldout,
real_moleculenet_lipophilicity,llm_evolved_kernel_multi_scale_ensemble_patch,2036,80.0,80.0,13.75,0,heldout,
real_moleculenet_lipophilicity,llm_evolved_kernel_safety_anchor_patch,2036,80.0,80.0,13.75,0,heldout,
real_moleculenet_lipophilicity,mixed_kernel_gp_ei,2036,80.0,80.0,13.75,0,heldout,
real_moleculenet_lipophilicity,target_acquisition_portfolio,2036,80.0,80.0,13.75,0,heldout,
real_moleculenet_lipophilicity,fixed_scale_ensemble_0p5_1_1p5_2_3_4,2037,87.375,87.375,6.375,0,heldout,
real_moleculenet_lipophilicity,gp_ucb,2037,80.0,80.0,13.75,0,heldout,
real_moleculenet_lipophilicity,llm_calibrated_selector,2037,87.375,87.375,6.375,0,heldout,target_acquisition_portfolio
real_moleculenet_lipophilicity,llm_evolved_kernel_conservative_patch_low_beta,2037,87.625,87.625,6.125,0,heldout,
real_moleculenet_lipophilicity,llm_evolved_kernel_counter_hypothesis_patch,2037,93.75,89.5833,0.0,1,heldout,
real_moleculenet_lipophilicity,llm_evolved_kernel_exploration_patch_high_beta,2037,93.75,91.0833,0.0,1,heldout,
real_moleculenet_lipophilicity,llm_evolved_kernel_high_confidence_roles_patch,2037,87.5,87.5,6.25,0,heldout,
real_moleculenet_lipophilicity,llm_evolved_kernel_multi_scale_ensemble_patch,2037,87.375,87.375,6.375,0,heldout,
real_moleculenet_lipophilicity,llm_evolved_kernel_safety_anchor_patch,2037,85.75,85.75,8.0,0,heldout,
real_moleculenet_lipophilicity,mixed_kernel_gp_ei,2037,82.25,82.25,11.5,0,heldout,
real_moleculenet_lipophilicity,target_acquisition_portfolio,2037,87.375,87.375,6.375,0,heldout,
real_moleculenet_lipophilicity,fixed_scale_ensemble_0p5_1_1p5_2_3_4,2038,77.5,77.5,16.25,0,heldout,
real_moleculenet_lipophilicity,gp_ucb,2038,77.5,77.5,16.25,0,heldout,
real_moleculenet_lipophilicity,llm_calibrated_selector,2038,77.5,77.5,16.25,0,heldout,target_acquisition_portfolio
real_moleculenet_lipophilicity,llm_evolved_kernel_conservative_patch_low_beta,2038,81.25,80.0,12.5,0,heldout,
real_moleculenet_lipophilicity,llm_evolved_kernel_counter_hypothesis_patch,2038,77.5,77.5,16.25,0,heldout,
real_moleculenet_lipophilicity,llm_evolved_kernel_exploration_patch_high_beta,2038,77.5,77.5,16.25,0,heldout,
real_moleculenet_lipophilicity,llm_evolved_kernel_high_confidence_roles_patch,2038,77.5,77.5,16.25,0,heldout,
real_moleculenet_lipophilicity,llm_evolved_kernel_multi_scale_ensemble_patch,2038,77.5,77.5,16.25,0,heldout,
real_moleculenet_lipophilicity,llm_evolved_kernel_safety_anchor_patch,2038,77.5,77.5,16.25,0,heldout,
real_moleculenet_lipophilicity,mixed_kernel_gp_ei,2038,77.5,77.5,16.25,0,heldout,
real_moleculenet_lipophilicity,target_acquisition_portfolio,2038,77.5,77.5,16.25,0,heldout,
real_moleculenet_lipophilicity,fixed_scale_ensemble_0p5_1_1p5_2_3_4,2039,80.625,80.625,13.125,0,heldout,
real_moleculenet_lipophilicity,gp_ucb,2039,87.375,82.875,6.375,0,heldout,
real_moleculenet_lipophilicity,llm_calibrated_selector,2039,91.25,89.25,2.5,0,heldout,target_acquisition_portfolio
real_moleculenet_lipophilicity,llm_evolved_kernel_conservative_patch_low_beta,2039,80.625,80.625,13.125,0,heldout,
real_moleculenet_lipophilicity,llm_evolved_kernel_counter_hypothesis_patch,2039,80.625,80.625,13.125,0,heldout,
real_moleculenet_lipophilicity,llm_evolved_kernel_exploration_patch_high_beta,2039,80.625,80.625,13.125,0,heldout,
real_moleculenet_lipophilicity,llm_evolved_kernel_high_confidence_roles_patch,2039,80.625,80.625,13.125,0,heldout,
real_moleculenet_lipophilicity,llm_evolved_kernel_multi_scale_ensemble_patch,2039,80.625,80.625,13.125,0,heldout,
real_moleculenet_lipophilicity,llm_evolved_kernel_safety_anchor_patch,2039,80.625,80.625,13.125,0,heldout,
real_moleculenet_lipophilicity,mixed_kernel_gp_ei,2039,88.25,88.25,5.5,0,heldout,
real_moleculenet_lipophilicity,target_acquisition_portfolio,2039,91.25,89.25,2.5,0,heldout,
real_moleculenet_lipophilicity,fixed_scale_ensemble_0p5_1_1p5_2_3_4,2040,93.5,93.5,0.25,1,heldout,
real_moleculenet_lipophilicity,gp_ucb,2040,93.5,93.5,0.25,1,heldout,
real_moleculenet_lipophilicity,llm_calibrated_selector,2040,93.5,93.5,0.25,1,heldout,target_acquisition_portfolio
real_moleculenet_lipophilicity,llm_evolved_kernel_conservative_patch_low_beta,2040,93.5,93.5,0.25,1,heldout,
real_moleculenet_lipophilicity,llm_evolved_kernel_counter_hypothesis_patch,2040,93.5,93.5,0.25,1,heldout,
real_moleculenet_lipophilicity,llm_evolved_kernel_exploration_patch_high_beta,2040,93.5,93.5,0.25,1,heldout,
real_moleculenet_lipophilicity,llm_evolved_kernel_high_confidence_roles_patch,2040,93.5,93.5,0.25,1,heldout,
real_moleculenet_lipophilicity,llm_evolved_kernel_multi_scale_ensemble_patch,2040,93.5,93.5,0.25,1,heldout,
real_moleculenet_lipophilicity,llm_evolved_kernel_safety_anchor_patch,2040,93.5,93.5,0.25,1,heldout,
real_moleculenet_lipophilicity,mixed_kernel_gp_ei,2040,93.5,93.5,0.25,1,heldout,
real_moleculenet_lipophilicity,target_acquisition_portfolio,2040,93.5,93.5,0.25,1,heldout,
real_moleculenet_lipophilicity,fixed_scale_ensemble_0p5_1_1p5_2_3_4,2041,81.75,81.5,12.0,0,heldout,
real_moleculenet_lipophilicity,gp_ucb,2041,81.0,81.0,12.75,0,heldout,
real_moleculenet_lipophilicity,llm_calibrated_selector,2041,81.0,81.0,12.75,0,heldout,target_acquisition_portfolio
real_moleculenet_lipophilicity,llm_evolved_kernel_conservative_patch_low_beta,2041,81.0,81.0,12.75,0,heldout,
real_moleculenet_lipophilicity,llm_evolved_kernel_counter_hypothesis_patch,2041,81.75,81.5,12.0,0,heldout,
real_moleculenet_lipophilicity,llm_evolved_kernel_exploration_patch_high_beta,2041,81.0,81.0,12.75,0,heldout,
real_moleculenet_lipophilicity,llm_evolved_kernel_high_confidence_roles_patch,2041,83.125,82.4167,10.625,0,heldout,
real_moleculenet_lipophilicity,llm_evolved_kernel_multi_scale_ensemble_patch,2041,83.125,82.4167,10.625,0,heldout,
real_moleculenet_lipophilicity,llm_evolved_kernel_safety_anchor_patch,2041,83.125,82.4167,10.625,0,heldout,
real_moleculenet_lipophilicity,mixed_kernel_gp_ei,2041,81.0,81.0,12.75,0,heldout,
real_moleculenet_lipophilicity,target_acquisition_portfolio,2041,81.0,81.0,12.75,0,heldout,
real_moleculenet_lipophilicity,fixed_scale_ensemble_0p5_1_1p5_2_3_4,2042,93.75,89.4583,0.0,1,heldout,
real_moleculenet_lipophilicity,gp_ucb,2042,93.75,89.4583,0.0,1,heldout,
real_moleculenet_lipophilicity,llm_calibrated_selector,2042,87.375,87.3333,6.375,0,heldout,target_acquisition_portfolio
real_moleculenet_lipophilicity,llm_evolved_kernel_conservative_patch_low_beta,2042,87.375,87.2917,6.375,0,heldout,
real_moleculenet_lipophilicity,llm_evolved_kernel_counter_hypothesis_patch,2042,93.75,89.4583,0.0,1,heldout,
real_moleculenet_lipophilicity,llm_evolved_kernel_exploration_patch_high_beta,2042,93.75,93.5833,0.0,1,heldout,
real_moleculenet_lipophilicity,llm_evolved_kernel_high_confidence_roles_patch,2042,93.75,89.4583,0.0,1,heldout,
real_moleculenet_lipophilicity,llm_evolved_kernel_multi_scale_ensemble_patch,2042,93.75,89.4583,0.0,1,heldout,
real_moleculenet_lipophilicity,llm_evolved_kernel_safety_anchor_patch,2042,93.75,89.4583,0.0,1,heldout,
real_moleculenet_lipophilicity,mixed_kernel_gp_ei,2042,87.375,87.3333,6.375,0,heldout,
real_moleculenet_lipophilicity,target_acquisition_portfolio,2042,87.375,87.3333,6.375,0,heldout,
real_moleculenet_lipophilicity,fixed_scale_ensemble_0p5_1_1p5_2_3_4,2043,93.5,89.5,0.25,1,heldout,
real_moleculenet_lipophilicity,gp_ucb,2043,93.5,91.5,0.25,1,heldout,
real_moleculenet_lipophilicity,llm_calibrated_selector,2043,87.5,87.5,6.25,0,heldout,target_acquisition_portfolio
real_moleculenet_lipophilicity,llm_evolved_kernel_conservative_patch_low_beta,2043,87.5,87.5,6.25,0,heldout,
real_moleculenet_lipophilicity,llm_evolved_kernel_counter_hypothesis_patch,2043,93.5,89.5,0.25,1,heldout,
real_moleculenet_lipophilicity,llm_evolved_kernel_exploration_patch_high_beta,2043,93.5,91.5,0.25,1,heldout,
real_moleculenet_lipophilicity,llm_evolved_kernel_high_confidence_roles_patch,2043,93.5,91.5,0.25,1,heldout,
real_moleculenet_lipophilicity,llm_evolved_kernel_multi_scale_ensemble_patch,2043,93.5,91.5,0.25,1,heldout,
real_moleculenet_lipophilicity,llm_evolved_kernel_safety_anchor_patch,2043,93.5,91.5,0.25,1,heldout,
real_moleculenet_lipophilicity,mixed_kernel_gp_ei,2043,87.5,87.5,6.25,0,heldout,
real_moleculenet_lipophilicity,target_acquisition_portfolio,2043,87.5,87.5,6.25,0,heldout,
real_moleculenet_lipophilicity,fixed_scale_ensemble_0p5_1_1p5_2_3_4,2044,76.375,76.375,17.375,0,heldout,
real_moleculenet_lipophilicity,gp_ucb,2044,76.75,76.625,17.0,0,heldout,
real_moleculenet_lipophilicity,llm_calibrated_selector,2044,80.25,80.25,13.5,0,heldout,target_acquisition_portfolio
real_moleculenet_lipophilicity,llm_evolved_kernel_conservative_patch_low_beta,2044,80.25,80.25,13.5,0,heldout,
real_moleculenet_lipophilicity,llm_evolved_kernel_counter_hypothesis_patch,2044,80.25,78.9583,13.5,0,heldout,
real_moleculenet_lipophilicity,llm_evolved_kernel_exploration_patch_high_beta,2044,76.75,76.625,17.0,0,heldout,
real_moleculenet_lipophilicity,llm_evolved_kernel_high_confidence_roles_patch,2044,76.375,76.375,17.375,0,heldout,
real_moleculenet_lipophilicity,llm_evolved_kernel_multi_scale_ensemble_patch,2044,76.375,76.375,17.375,0,heldout,
real_moleculenet_lipophilicity,llm_evolved_kernel_safety_anchor_patch,2044,76.75,76.625,17.0,0,heldout,
real_moleculenet_lipophilicity,mixed_kernel_gp_ei,2044,80.25,80.25,13.5,0,heldout,
real_moleculenet_lipophilicity,target_acquisition_portfolio,2044,80.25,80.25,13.5,0,heldout,
real_moleculenet_lipophilicity,fixed_scale_ensemble_0p5_1_1p5_2_3_4,2045,84.625,84.625,9.125,0,heldout,
real_moleculenet_lipophilicity,gp_ucb,2045,84.625,84.625,9.125,0,heldout,
real_moleculenet_lipophilicity,llm_calibrated_selector,2045,76.25,76.25,17.5,0,heldout,target_acquisition_portfolio
real_moleculenet_lipophilicity,llm_evolved_kernel_conservative_patch_low_beta,2045,77.0,76.5,16.75,0,heldout,
real_moleculenet_lipophilicity,llm_evolved_kernel_counter_hypothesis_patch,2045,84.625,84.625,9.125,0,heldout,
real_moleculenet_lipophilicity,llm_evolved_kernel_exploration_patch_high_beta,2045,76.75,76.5833,17.0,0,heldout,
real_moleculenet_lipophilicity,llm_evolved_kernel_high_confidence_roles_patch,2045,84.625,84.625,9.125,0,heldout,
real_moleculenet_lipophilicity,llm_evolved_kernel_multi_scale_ensemble_patch,2045,84.625,84.625,9.125,0,heldout,
real_moleculenet_lipophilicity,llm_evolved_kernel_safety_anchor_patch,2045,84.625,84.625,9.125,0,heldout,
real_moleculenet_lipophilicity,mixed_kernel_gp_ei,2045,76.25,76.25,17.5,0,heldout,
real_moleculenet_lipophilicity,target_acquisition_portfolio,2045,76.25,76.25,17.5,0,heldout,
real_moleculenet_lipophilicity,fixed_scale_ensemble_0p5_1_1p5_2_3_4,2046,83.75,82.3333,10.0,0,heldout,
real_moleculenet_lipophilicity,gp_ucb,2046,83.75,82.3333,10.0,0,heldout,
real_moleculenet_lipophilicity,llm_calibrated_selector,2046,81.625,81.625,12.125,0,heldout,target_acquisition_portfolio
real_moleculenet_lipophilicity,llm_evolved_kernel_conservative_patch_low_beta,2046,84.75,81.5833,9.0,0,heldout,
real_moleculenet_lipophilicity,llm_evolved_kernel_counter_hypothesis_patch,2046,83.75,82.3333,10.0,0,heldout,
real_moleculenet_lipophilicity,llm_evolved_kernel_exploration_patch_high_beta,2046,84.75,83.1667,9.0,0,heldout,
real_moleculenet_lipophilicity,llm_evolved_kernel_high_confidence_roles_patch,2046,83.75,82.3333,10.0,0,heldout,
real_moleculenet_lipophilicity,llm_evolved_kernel_multi_scale_ensemble_patch,2046,83.75,82.3333,10.0,0,heldout,
real_moleculenet_lipophilicity,llm_evolved_kernel_safety_anchor_patch,2046,83.75,82.3333,10.0,0,heldout,
real_moleculenet_lipophilicity,mixed_kernel_gp_ei,2046,82.5,82.2083,11.25,0,heldout,
real_moleculenet_lipophilicity,target_acquisition_portfolio,2046,81.625,81.625,12.125,0,heldout,
real_moleculenet_lipophilicity,fixed_scale_ensemble_0p5_1_1p5_2_3_4,2047,82.0,82.0,11.75,0,heldout,
real_moleculenet_lipophilicity,gp_ucb,2047,82.0,82.0,11.75,0,heldout,
real_moleculenet_lipophilicity,llm_calibrated_selector,2047,82.0,82.0,11.75,0,heldout,target_acquisition_portfolio
real_moleculenet_lipophilicity,llm_evolved_kernel_conservative_patch_low_beta,2047,82.0,82.0,11.75,0,heldout,
real_moleculenet_lipophilicity,llm_evolved_kernel_counter_hypothesis_patch,2047,82.0,82.0,11.75,0,heldout,
real_moleculenet_lipophilicity,llm_evolved_kernel_exploration_patch_high_beta,2047,82.0,82.0,11.75,0,heldout,
real_moleculenet_lipophilicity,llm_evolved_kernel_high_confidence_roles_patch,2047,82.0,82.0,11.75,0,heldout,
real_moleculenet_lipophilicity,llm_evolved_kernel_multi_scale_ensemble_patch,2047,82.0,82.0,11.75,0,heldout,
real_moleculenet_lipophilicity,llm_evolved_kernel_safety_anchor_patch,2047,82.0,82.0,11.75,0,heldout,
real_moleculenet_lipophilicity,mixed_kernel_gp_ei,2047,82.0,82.0,11.75,0,heldout,
real_moleculenet_lipophilicity,target_acquisition_portfolio,2047,82.0,82.0,11.75,0,heldout,
real_moleculenet_lipophilicity,fixed_scale_ensemble_0p5_1_1p5_2_3_4,2048,80.75,80.75,13.0,0,heldout,
real_moleculenet_lipophilicity,gp_ucb,2048,80.75,80.75,13.0,0,heldout,
real_moleculenet_lipophilicity,llm_calibrated_selector,2048,80.75,80.75,13.0,0,heldout,target_acquisition_portfolio
real_moleculenet_lipophilicity,llm_evolved_kernel_conservative_patch_low_beta,2048,80.75,80.75,13.0,0,heldout,
real_moleculenet_lipophilicity,llm_evolved_kernel_counter_hypothesis_patch,2048,80.75,80.75,13.0,0,heldout,
real_moleculenet_lipophilicity,llm_evolved_kernel_exploration_patch_high_beta,2048,86.625,82.7083,7.125,0,heldout,
real_moleculenet_lipophilicity,llm_evolved_kernel_high_confidence_roles_patch,2048,80.75,80.75,13.0,0,heldout,
real_moleculenet_lipophilicity,llm_evolved_kernel_multi_scale_ensemble_patch,2048,80.75,80.75,13.0,0,heldout,
real_moleculenet_lipophilicity,llm_evolved_kernel_safety_anchor_patch,2048,80.75,80.75,13.0,0,heldout,
real_moleculenet_lipophilicity,mixed_kernel_gp_ei,2048,80.75,80.75,13.0,0,heldout,
real_moleculenet_lipophilicity,target_acquisition_portfolio,2048,80.75,80.75,13.0,0,heldout,
real_moleculenet_lipophilicity,fixed_scale_ensemble_0p5_1_1p5_2_3_4,2049,91.375,91.375,2.375,0,heldout,
real_moleculenet_lipophilicity,gp_ucb,2049,91.375,91.375,2.375,0,heldout,
real_moleculenet_lipophilicity,llm_calibrated_selector,2049,91.375,91.375,2.375,0,heldout,target_acquisition_portfolio
real_moleculenet_lipophilicity,llm_evolved_kernel_conservative_patch_low_beta,2049,91.375,91.375,2.375,0,heldout,
real_moleculenet_lipophilicity,llm_evolved_kernel_counter_hypothesis_patch,2049,91.375,91.375,2.375,0,heldout,
real_moleculenet_lipophilicity,llm_evolved_kernel_exploration_patch_high_beta,2049,91.375,91.375,2.375,0,heldout,
real_moleculenet_lipophilicity,llm_evolved_kernel_high_confidence_roles_patch,2049,91.375,91.375,2.375,0,heldout,
real_moleculenet_lipophilicity,llm_evolved_kernel_multi_scale_ensemble_patch,2049,91.375,91.375,2.375,0,heldout,
real_moleculenet_lipophilicity,llm_evolved_kernel_safety_anchor_patch,2049,91.375,91.375,2.375,0,heldout,
real_moleculenet_lipophilicity,mixed_kernel_gp_ei,2049,91.375,91.375,2.375,0,heldout,
real_moleculenet_lipophilicity,target_acquisition_portfolio,2049,91.375,91.375,2.375,0,heldout,
real_moleculenet_lipophilicity,fixed_scale_ensemble_0p5_1_1p5_2_3_4,2050,87.5,84.5833,6.25,0,heldout,
real_moleculenet_lipophilicity,gp_ucb,2050,87.5,84.5833,6.25,0,heldout,
real_moleculenet_lipophilicity,llm_calibrated_selector,2050,87.5,84.5833,6.25,0,heldout,target_acquisition_portfolio
real_moleculenet_lipophilicity,llm_evolved_kernel_conservative_patch_low_beta,2050,87.5,84.5833,6.25,0,heldout,
real_moleculenet_lipophilicity,llm_evolved_kernel_counter_hypothesis_patch,2050,87.5,84.5833,6.25,0,heldout,
real_moleculenet_lipophilicity,llm_evolved_kernel_exploration_patch_high_beta,2050,87.0,81.5,6.75,0,heldout,
real_moleculenet_lipophilicity,llm_evolved_kernel_high_confidence_roles_patch,2050,87.5,84.5833,6.25,0,heldout,
real_moleculenet_lipophilicity,llm_evolved_kernel_multi_scale_ensemble_patch,2050,87.5,84.5833,6.25,0,heldout,
real_moleculenet_lipophilicity,llm_evolved_kernel_safety_anchor_patch,2050,87.5,84.5833,6.25,0,heldout,
real_moleculenet_lipophilicity,mixed_kernel_gp_ei,2050,87.5,84.5833,6.25,0,heldout,
real_moleculenet_lipophilicity,target_acquisition_portfolio,2050,87.5,84.5833,6.25,0,heldout,
real_moleculenet_lipophilicity,fixed_scale_ensemble_0p5_1_1p5_2_3_4,2051,90.0,86.5,3.75,0,heldout,
real_moleculenet_lipophilicity,gp_ucb,2051,79.5,79.5,14.25,0,heldout,
real_moleculenet_lipophilicity,llm_calibrated_selector,2051,79.5,79.5,14.25,0,heldout,target_acquisition_portfolio
real_moleculenet_lipophilicity,llm_evolved_kernel_conservative_patch_low_beta,2051,79.5,79.5,14.25,0,heldout,
real_moleculenet_lipophilicity,llm_evolved_kernel_counter_hypothesis_patch,2051,90.0,86.5,3.75,0,heldout,
real_moleculenet_lipophilicity,llm_evolved_kernel_exploration_patch_high_beta,2051,90.0,84.0,3.75,0,heldout,
real_moleculenet_lipophilicity,llm_evolved_kernel_high_confidence_roles_patch,2051,79.5,79.5,14.25,0,heldout,
real_moleculenet_lipophilicity,llm_evolved_kernel_multi_scale_ensemble_patch,2051,90.0,86.5,3.75,0,heldout,
real_moleculenet_lipophilicity,llm_evolved_kernel_safety_anchor_patch,2051,79.5,79.5,14.25,0,heldout,
real_moleculenet_lipophilicity,mixed_kernel_gp_ei,2051,79.5,79.5,14.25,0,heldout,
real_moleculenet_lipophilicity,target_acquisition_portfolio,2051,79.5,79.5,14.25,0,heldout,
real_moleculenet_lipophilicity,fixed_scale_ensemble_0p5_1_1p5_2_3_4,2052,79.625,79.625,14.125,0,heldout,
real_moleculenet_lipophilicity,gp_ucb,2052,79.625,79.625,14.125,0,heldout,
real_moleculenet_lipophilicity,llm_calibrated_selector,2052,85.875,82.0417,7.875,0,heldout,target_acquisition_portfolio
real_moleculenet_lipophilicity,llm_evolved_kernel_conservative_patch_low_beta,2052,79.625,79.625,14.125,0,heldout,
real_moleculenet_lipophilicity,llm_evolved_kernel_counter_hypothesis_patch,2052,79.625,79.625,14.125,0,heldout,
real_moleculenet_lipophilicity,llm_evolved_kernel_exploration_patch_high_beta,2052,83.75,83.75,10.0,0,heldout,
real_moleculenet_lipophilicity,llm_evolved_kernel_high_confidence_roles_patch,2052,79.625,79.625,14.125,0,heldout,
real_moleculenet_lipophilicity,llm_evolved_kernel_multi_scale_ensemble_patch,2052,79.625,79.625,14.125,0,heldout,
real_moleculenet_lipophilicity,llm_evolved_kernel_safety_anchor_patch,2052,79.625,79.625,14.125,0,heldout,
real_moleculenet_lipophilicity,mixed_kernel_gp_ei,2052,79.625,79.625,14.125,0,heldout,
real_moleculenet_lipophilicity,target_acquisition_portfolio,2052,85.875,82.0417,7.875,0,heldout,
real_moleculenet_lipophilicity,fixed_scale_ensemble_0p5_1_1p5_2_3_4,2053,91.25,91.25,2.5,0,heldout,
real_moleculenet_lipophilicity,gp_ucb,2053,91.25,91.25,2.5,0,heldout,
real_moleculenet_lipophilicity,llm_calibrated_selector,2053,91.25,91.25,2.5,0,heldout,target_acquisition_portfolio
real_moleculenet_lipophilicity,llm_evolved_kernel_conservative_patch_low_beta,2053,91.25,91.25,2.5,0,heldout,
real_moleculenet_lipophilicity,llm_evolved_kernel_counter_hypothesis_patch,2053,91.25,91.25,2.5,0,heldout,
real_moleculenet_lipophilicity,llm_evolved_kernel_exploration_patch_high_beta,2053,91.25,91.25,2.5,0,heldout,
real_moleculenet_lipophilicity,llm_evolved_kernel_high_confidence_roles_patch,2053,91.25,91.25,2.5,0,heldout,
real_moleculenet_lipophilicity,llm_evolved_kernel_multi_scale_ensemble_patch,2053,91.25,91.25,2.5,0,heldout,
real_moleculenet_lipophilicity,llm_evolved_kernel_safety_anchor_patch,2053,91.25,91.25,2.5,0,heldout,
real_moleculenet_lipophilicity,mixed_kernel_gp_ei,2053,91.25,91.25,2.5,0,heldout,
real_moleculenet_lipophilicity,target_acquisition_portfolio,2053,91.25,91.25,2.5,0,heldout,
real_moleculenet_lipophilicity,fixed_scale_ensemble_0p5_1_1p5_2_3_4,2054,90.375,90.375,3.375,0,heldout,
real_moleculenet_lipophilicity,gp_ucb,2054,90.375,90.375,3.375,0,heldout,
real_moleculenet_lipophilicity,llm_calibrated_selector,2054,90.375,90.375,3.375,0,heldout,target_acquisition_portfolio
real_moleculenet_lipophilicity,llm_evolved_kernel_conservative_patch_low_beta,2054,90.375,90.375,3.375,0,heldout,
real_moleculenet_lipophilicity,llm_evolved_kernel_counter_hypothesis_patch,2054,90.375,90.375,3.375,0,heldout,
real_moleculenet_lipophilicity,llm_evolved_kernel_exploration_patch_high_beta,2054,90.375,90.375,3.375,0,heldout,
real_moleculenet_lipophilicity,llm_evolved_kernel_high_confidence_roles_patch,2054,90.375,90.375,3.375,0,heldout,
real_moleculenet_lipophilicity,llm_evolved_kernel_multi_scale_ensemble_patch,2054,93.5,91.4167,0.25,1,heldout,
real_moleculenet_lipophilicity,llm_evolved_kernel_safety_anchor_patch,2054,90.375,90.375,3.375,0,heldout,
real_moleculenet_lipophilicity,mixed_kernel_gp_ei,2054,90.375,90.375,3.375,0,heldout,
real_moleculenet_lipophilicity,target_acquisition_portfolio,2054,90.375,90.375,3.375,0,heldout,
real_moleculenet_lipophilicity,fixed_scale_ensemble_0p5_1_1p5_2_3_4,2055,91.875,91.875,1.875,0,heldout,
real_moleculenet_lipophilicity,gp_ucb,2055,87.375,87.375,6.375,0,heldout,
real_moleculenet_lipophilicity,llm_calibrated_selector,2055,87.375,87.375,6.375,0,heldout,target_acquisition_portfolio
real_moleculenet_lipophilicity,llm_evolved_kernel_conservative_patch_low_beta,2055,91.875,91.875,1.875,0,heldout,
real_moleculenet_lipophilicity,llm_evolved_kernel_counter_hypothesis_patch,2055,91.875,91.875,1.875,0,heldout,
real_moleculenet_lipophilicity,llm_evolved_kernel_exploration_patch_high_beta,2055,87.375,87.375,6.375,0,heldout,
real_moleculenet_lipophilicity,llm_evolved_kernel_high_confidence_roles_patch,2055,91.875,91.875,1.875,0,heldout,
real_moleculenet_lipophilicity,llm_evolved_kernel_multi_scale_ensemble_patch,2055,91.875,91.875,1.875,0,heldout,
real_moleculenet_lipophilicity,llm_evolved_kernel_safety_anchor_patch,2055,88.625,88.2083,5.125,0,heldout,
real_moleculenet_lipophilicity,mixed_kernel_gp_ei,2055,87.375,87.375,6.375,0,heldout,
real_moleculenet_lipophilicity,target_acquisition_portfolio,2055,87.375,87.375,6.375,0,heldout,
real_moleculenet_lipophilicity,fixed_scale_ensemble_0p5_1_1p5_2_3_4,2056,88.875,88.875,4.875,0,heldout,
real_moleculenet_lipophilicity,gp_ucb,2056,88.875,88.875,4.875,0,heldout,
real_moleculenet_lipophilicity,llm_calibrated_selector,2056,91.25,90.4583,2.5,0,heldout,target_acquisition_portfolio
real_moleculenet_lipophilicity,llm_evolved_kernel_conservative_patch_low_beta,2056,91.25,91.25,2.5,0,heldout,
real_moleculenet_lipophilicity,llm_evolved_kernel_counter_hypothesis_patch,2056,88.875,88.875,4.875,0,heldout,
real_moleculenet_lipophilicity,llm_evolved_kernel_exploration_patch_high_beta,2056,88.875,88.875,4.875,0,heldout,
real_moleculenet_lipophilicity,llm_evolved_kernel_high_confidence_roles_patch,2056,88.875,88.875,4.875,0,heldout,
real_moleculenet_lipophilicity,llm_evolved_kernel_multi_scale_ensemble_patch,2056,88.875,88.875,4.875,0,heldout,
real_moleculenet_lipophilicity,llm_evolved_kernel_safety_anchor_patch,2056,88.875,88.875,4.875,0,heldout,
real_moleculenet_lipophilicity,mixed_kernel_gp_ei,2056,91.25,90.4583,2.5,0,heldout,
real_moleculenet_lipophilicity,target_acquisition_portfolio,2056,91.25,90.4583,2.5,0,heldout,
real_moleculenet_lipophilicity,fixed_scale_ensemble_0p5_1_1p5_2_3_4,2057,84.625,79.875,9.125,0,heldout,
real_moleculenet_lipophilicity,gp_ucb,2057,81.0,79.8333,12.75,0,heldout,
real_moleculenet_lipophilicity,llm_calibrated_selector,2057,81.0,79.8333,12.75,0,heldout,target_acquisition_portfolio
real_moleculenet_lipophilicity,llm_evolved_kernel_conservative_patch_low_beta,2057,81.0,78.6667,12.75,0,heldout,
real_moleculenet_lipophilicity,llm_evolved_kernel_counter_hypothesis_patch,2057,84.625,79.875,9.125,0,heldout,
real_moleculenet_lipophilicity,llm_evolved_kernel_exploration_patch_high_beta,2057,81.0,79.8333,12.75,0,heldout,
real_moleculenet_lipophilicity,llm_evolved_kernel_high_confidence_roles_patch,2057,84.625,79.875,9.125,0,heldout,
real_moleculenet_lipophilicity,llm_evolved_kernel_multi_scale_ensemble_patch,2057,84.625,79.875,9.125,0,heldout,
real_moleculenet_lipophilicity,llm_evolved_kernel_safety_anchor_patch,2057,81.0,79.8333,12.75,0,heldout,
real_moleculenet_lipophilicity,mixed_kernel_gp_ei,2057,81.0,79.8333,12.75,0,heldout,
real_moleculenet_lipophilicity,target_acquisition_portfolio,2057,81.0,79.8333,12.75,0,heldout,
real_moleculenet_lipophilicity,fixed_scale_ensemble_0p5_1_1p5_2_3_4,2058,78.875,78.875,14.875,0,heldout,
real_moleculenet_lipophilicity,gp_ucb,2058,78.875,78.875,14.875,0,heldout,
real_moleculenet_lipophilicity,llm_calibrated_selector,2058,78.875,78.875,14.875,0,heldout,target_acquisition_portfolio
real_moleculenet_lipophilicity,llm_evolved_kernel_conservative_patch_low_beta,2058,78.875,78.875,14.875,0,heldout,
real_moleculenet_lipophilicity,llm_evolved_kernel_counter_hypothesis_patch,2058,78.875,78.875,14.875,0,heldout,
real_moleculenet_lipophilicity,llm_evolved_kernel_exploration_patch_high_beta,2058,78.875,78.875,14.875,0,heldout,
real_moleculenet_lipophilicity,llm_evolved_kernel_high_confidence_roles_patch,2058,78.875,78.875,14.875,0,heldout,
real_moleculenet_lipophilicity,llm_evolved_kernel_multi_scale_ensemble_patch,2058,78.875,78.875,14.875,0,heldout,
real_moleculenet_lipophilicity,llm_evolved_kernel_safety_anchor_patch,2058,78.875,78.875,14.875,0,heldout,
real_moleculenet_lipophilicity,mixed_kernel_gp_ei,2058,78.875,78.875,14.875,0,heldout,
real_moleculenet_lipophilicity,target_acquisition_portfolio,2058,78.875,78.875,14.875,0,heldout,
real_moleculenet_lipophilicity,fixed_scale_ensemble_0p5_1_1p5_2_3_4,2059,91.875,78.9583,1.875,0,heldout,
real_moleculenet_lipophilicity,gp_ucb,2059,91.25,83.9167,2.5,0,heldout,
real_moleculenet_lipophilicity,llm_calibrated_selector,2059,91.25,83.9167,2.5,0,heldout,target_acquisition_portfolio
real_moleculenet_lipophilicity,llm_evolved_kernel_conservative_patch_low_beta,2059,91.25,83.9167,2.5,0,heldout,
real_moleculenet_lipophilicity,llm_evolved_kernel_counter_hypothesis_patch,2059,91.875,85.4167,1.875,0,heldout,
real_moleculenet_lipophilicity,llm_evolved_kernel_exploration_patch_high_beta,2059,91.25,78.7917,2.5,0,heldout,
real_moleculenet_lipophilicity,llm_evolved_kernel_high_confidence_roles_patch,2059,91.25,76.5833,2.5,0,heldout,
real_moleculenet_lipophilicity,llm_evolved_kernel_multi_scale_ensemble_patch,2059,74.5,71.0,19.25,0,heldout,
real_moleculenet_lipophilicity,llm_evolved_kernel_safety_anchor_patch,2059,91.25,83.9167,2.5,0,heldout,
real_moleculenet_lipophilicity,mixed_kernel_gp_ei,2059,91.25,83.9167,2.5,0,heldout,
real_moleculenet_lipophilicity,target_acquisition_portfolio,2059,91.25,83.9167,2.5,0,heldout,
real_moleculenet_lipophilicity,fixed_scale_ensemble_0p5_1_1p5_2_3_4,2060,84.0,84.0,9.75,0,heldout,
real_moleculenet_lipophilicity,gp_ucb,2060,84.0,84.0,9.75,0,heldout,
real_moleculenet_lipophilicity,llm_calibrated_selector,2060,80.625,80.1667,13.125,0,heldout,target_acquisition_portfolio
real_moleculenet_lipophilicity,llm_evolved_kernel_conservative_patch_low_beta,2060,84.0,78.75,9.75,0,heldout,
real_moleculenet_lipophilicity,llm_evolved_kernel_counter_hypothesis_patch,2060,84.0,84.0,9.75,0,heldout,
real_moleculenet_lipophilicity,llm_evolved_kernel_exploration_patch_high_beta,2060,84.0,84.0,9.75,0,heldout,
real_moleculenet_lipophilicity,llm_evolved_kernel_high_confidence_roles_patch,2060,84.0,84.0,9.75,0,heldout,
real_moleculenet_lipophilicity,llm_evolved_kernel_multi_scale_ensemble_patch,2060,84.0,84.0,9.75,0,heldout,
real_moleculenet_lipophilicity,llm_evolved_kernel_safety_anchor_patch,2060,84.0,84.0,9.75,0,heldout,
real_moleculenet_lipophilicity,mixed_kernel_gp_ei,2060,84.0,78.75,9.75,0,heldout,
real_moleculenet_lipophilicity,target_acquisition_portfolio,2060,80.625,80.1667,13.125,0,heldout,
real_moleculenet_lipophilicity,fixed_scale_ensemble_0p5_1_1p5_2_3_4,2061,88.125,84.75,5.625,0,heldout,
real_moleculenet_lipophilicity,gp_ucb,2061,88.125,84.75,5.625,0,heldout,
real_moleculenet_lipophilicity,llm_calibrated_selector,2061,88.125,84.75,5.625,0,heldout,target_acquisition_portfolio
real_moleculenet_lipophilicity,llm_evolved_kernel_conservative_patch_low_beta,2061,88.125,84.75,5.625,0,heldout,
real_moleculenet_lipophilicity,llm_evolved_kernel_counter_hypothesis_patch,2061,88.125,84.75,5.625,0,heldout,
real_moleculenet_lipophilicity,llm_evolved_kernel_exploration_patch_high_beta,2061,88.125,84.75,5.625,0,heldout,
real_moleculenet_lipophilicity,llm_evolved_kernel_high_confidence_roles_patch,2061,88.125,84.75,5.625,0,heldout,
real_moleculenet_lipophilicity,llm_evolved_kernel_multi_scale_ensemble_patch,2061,88.125,84.75,5.625,0,heldout,
real_moleculenet_lipophilicity,llm_evolved_kernel_safety_anchor_patch,2061,88.125,84.75,5.625,0,heldout,
real_moleculenet_lipophilicity,mixed_kernel_gp_ei,2061,88.125,84.75,5.625,0,heldout,
real_moleculenet_lipophilicity,target_acquisition_portfolio,2061,88.125,84.75,5.625,0,heldout,
real_moleculenet_lipophilicity,fixed_scale_ensemble_0p5_1_1p5_2_3_4,2062,84.875,84.2917,8.875,0,heldout,
real_moleculenet_lipophilicity,gp_ucb,2062,84.0,84.0,9.75,0,heldout,
real_moleculenet_lipophilicity,llm_calibrated_selector,2062,84.0,84.0,9.75,0,heldout,target_acquisition_portfolio
real_moleculenet_lipophilicity,llm_evolved_kernel_conservative_patch_low_beta,2062,84.875,84.2917,8.875,0,heldout,
real_moleculenet_lipophilicity,llm_evolved_kernel_counter_hypothesis_patch,2062,84.875,84.2917,8.875,0,heldout,
real_moleculenet_lipophilicity,llm_evolved_kernel_exploration_patch_high_beta,2062,84.0,84.0,9.75,0,heldout,
real_moleculenet_lipophilicity,llm_evolved_kernel_high_confidence_roles_patch,2062,84.875,84.2917,8.875,0,heldout,
real_moleculenet_lipophilicity,llm_evolved_kernel_multi_scale_ensemble_patch,2062,84.875,84.2917,8.875,0,heldout,
real_moleculenet_lipophilicity,llm_evolved_kernel_safety_anchor_patch,2062,84.0,84.0,9.75,0,heldout,
real_moleculenet_lipophilicity,mixed_kernel_gp_ei,2062,84.0,84.0,9.75,0,heldout,
real_moleculenet_lipophilicity,target_acquisition_portfolio,2062,84.0,84.0,9.75,0,heldout,
real_moleculenet_lipophilicity,fixed_scale_ensemble_0p5_1_1p5_2_3_4,2063,87.375,85.7917,6.375,0,heldout,
real_moleculenet_lipophilicity,gp_ucb,2063,87.375,85.7917,6.375,0,heldout,
real_moleculenet_lipophilicity,llm_calibrated_selector,2063,87.375,85.7917,6.375,0,heldout,target_acquisition_portfolio
real_moleculenet_lipophilicity,llm_evolved_kernel_conservative_patch_low_beta,2063,87.375,85.7917,6.375,0,heldout,
real_moleculenet_lipophilicity,llm_evolved_kernel_counter_hypothesis_patch,2063,87.375,85.7917,6.375,0,heldout,
real_moleculenet_lipophilicity,llm_evolved_kernel_exploration_patch_high_beta,2063,82.625,82.625,11.125,0,heldout,
real_moleculenet_lipophilicity,llm_evolved_kernel_high_confidence_roles_patch,2063,87.375,85.7917,6.375,0,heldout,
real_moleculenet_lipophilicity,llm_evolved_kernel_multi_scale_ensemble_patch,2063,87.375,85.7917,6.375,0,heldout,
real_moleculenet_lipophilicity,llm_evolved_kernel_safety_anchor_patch,2063,88.625,86.625,5.125,0,heldout,
real_moleculenet_lipophilicity,mixed_kernel_gp_ei,2063,87.375,85.7917,6.375,0,heldout,
real_moleculenet_lipophilicity,target_acquisition_portfolio,2063,87.375,85.7917,6.375,0,heldout,
real_moleculenet_lipophilicity,fixed_scale_ensemble_0p5_1_1p5_2_3_4,2064,92.125,92.125,1.625,0,heldout,
real_moleculenet_lipophilicity,gp_ucb,2064,92.125,92.125,1.625,0,heldout,
real_moleculenet_lipophilicity,llm_calibrated_selector,2064,92.125,92.125,1.625,0,heldout,target_acquisition_portfolio
real_moleculenet_lipophilicity,llm_evolved_kernel_conservative_patch_low_beta,2064,92.125,92.125,1.625,0,heldout,
real_moleculenet_lipophilicity,llm_evolved_kernel_counter_hypothesis_patch,2064,92.125,92.125,1.625,0,heldout,
real_moleculenet_lipophilicity,llm_evolved_kernel_exploration_patch_high_beta,2064,92.125,91.2083,1.625,0,heldout,
real_moleculenet_lipophilicity,llm_evolved_kernel_high_confidence_roles_patch,2064,92.125,92.125,1.625,0,heldout,
real_moleculenet_lipophilicity,llm_evolved_kernel_multi_scale_ensemble_patch,2064,92.125,92.125,1.625,0,heldout,
real_moleculenet_lipophilicity,llm_evolved_kernel_safety_anchor_patch,2064,92.125,92.125,1.625,0,heldout,
real_moleculenet_lipophilicity,mixed_kernel_gp_ei,2064,92.125,92.125,1.625,0,heldout,
real_moleculenet_lipophilicity,target_acquisition_portfolio,2064,92.125,92.125,1.625,0,heldout,
real_moleculenet_lipophilicity,fixed_scale_ensemble_0p5_1_1p5_2_3_4,2065,85.625,82.5833,8.125,0,heldout,
real_moleculenet_lipophilicity,gp_ucb,2065,85.625,82.5833,8.125,0,heldout,
real_moleculenet_lipophilicity,llm_calibrated_selector,2065,85.625,82.5833,8.125,0,heldout,target_acquisition_portfolio
real_moleculenet_lipophilicity,llm_evolved_kernel_conservative_patch_low_beta,2065,91.875,84.5417,1.875,0,heldout,
real_moleculenet_lipophilicity,llm_evolved_kernel_counter_hypothesis_patch,2065,85.625,82.5833,8.125,0,heldout,
real_moleculenet_lipophilicity,llm_evolved_kernel_exploration_patch_high_beta,2065,93.75,86.625,0.0,1,heldout,
real_moleculenet_lipophilicity,llm_evolved_kernel_high_confidence_roles_patch,2065,85.625,82.5833,8.125,0,heldout,
real_moleculenet_lipophilicity,llm_evolved_kernel_multi_scale_ensemble_patch,2065,85.625,82.5833,8.125,0,heldout,
real_moleculenet_lipophilicity,llm_evolved_kernel_safety_anchor_patch,2065,85.625,82.5833,8.125,0,heldout,
real_moleculenet_lipophilicity,mixed_kernel_gp_ei,2065,85.625,82.5833,8.125,0,heldout,
real_moleculenet_lipophilicity,target_acquisition_portfolio,2065,85.625,82.5833,8.125,0,heldout,
real_moleculenet_lipophilicity,fixed_scale_ensemble_0p5_1_1p5_2_3_4,2066,76.0,74.5833,17.75,0,heldout,
real_moleculenet_lipophilicity,gp_ucb,2066,86.25,76.5833,7.5,0,heldout,
real_moleculenet_lipophilicity,llm_calibrated_selector,2066,86.25,76.5833,7.5,0,heldout,target_acquisition_portfolio
real_moleculenet_lipophilicity,llm_evolved_kernel_conservative_patch_low_beta,2066,86.25,76.5833,7.5,0,heldout,
real_moleculenet_lipophilicity,llm_evolved_kernel_counter_hypothesis_patch,2066,86.25,76.5833,7.5,0,heldout,
real_moleculenet_lipophilicity,llm_evolved_kernel_exploration_patch_high_beta,2066,71.75,71.75,22.0,0,heldout,
real_moleculenet_lipophilicity,llm_evolved_kernel_high_confidence_roles_patch,2066,76.0,74.5833,17.75,0,heldout,
real_moleculenet_lipophilicity,llm_evolved_kernel_multi_scale_ensemble_patch,2066,76.0,73.1667,17.75,0,heldout,
real_moleculenet_lipophilicity,llm_evolved_kernel_safety_anchor_patch,2066,86.25,76.5833,7.5,0,heldout,
real_moleculenet_lipophilicity,mixed_kernel_gp_ei,2066,86.25,76.5833,7.5,0,heldout,
real_moleculenet_lipophilicity,target_acquisition_portfolio,2066,86.25,76.5833,7.5,0,heldout,
real_moleculenet_lipophilicity,fixed_scale_ensemble_0p5_1_1p5_2_3_4,2067,93.5,89.0,0.25,1,heldout,
real_moleculenet_lipophilicity,gp_ucb,2067,80.0,80.0,13.75,0,heldout,
real_moleculenet_lipophilicity,llm_calibrated_selector,2067,80.0,80.0,13.75,0,heldout,target_acquisition_portfolio
real_moleculenet_lipophilicity,llm_evolved_kernel_conservative_patch_low_beta,2067,80.0,80.0,13.75,0,heldout,
real_moleculenet_lipophilicity,llm_evolved_kernel_counter_hypothesis_patch,2067,92.875,85.9583,0.875,0,heldout,
real_moleculenet_lipophilicity,llm_evolved_kernel_exploration_patch_high_beta,2067,91.0,84.5833,2.75,0,heldout,
real_moleculenet_lipophilicity,llm_evolved_kernel_high_confidence_roles_patch,2067,80.0,80.0,13.75,0,heldout,
real_moleculenet_lipophilicity,llm_evolved_kernel_multi_scale_ensemble_patch,2067,93.5,89.0,0.25,1,heldout,
real_moleculenet_lipophilicity,llm_evolved_kernel_safety_anchor_patch,2067,93.5,89.0,0.25,1,heldout,
real_moleculenet_lipophilicity,mixed_kernel_gp_ei,2067,80.0,80.0,13.75,0,heldout,
real_moleculenet_lipophilicity,target_acquisition_portfolio,2067,80.0,80.0,13.75,0,heldout,
real_moleculenet_lipophilicity,fixed_scale_ensemble_0p5_1_1p5_2_3_4,2068,65.0,65.0,28.75,0,heldout,
real_moleculenet_lipophilicity,gp_ucb,2068,65.0,65.0,28.75,0,heldout,
real_moleculenet_lipophilicity,llm_calibrated_selector,2068,71.25,67.0833,22.5,0,heldout,target_acquisition_portfolio
real_moleculenet_lipophilicity,llm_evolved_kernel_conservative_patch_low_beta,2068,92.5,92.5,1.25,0,heldout,
real_moleculenet_lipophilicity,llm_evolved_kernel_counter_hypothesis_patch,2068,65.0,65.0,28.75,0,heldout,
real_moleculenet_lipophilicity,llm_evolved_kernel_exploration_patch_high_beta,2068,84.0,77.625,9.75,0,heldout,
real_moleculenet_lipophilicity,llm_evolved_kernel_high_confidence_roles_patch,2068,65.0,65.0,28.75,0,heldout,
real_moleculenet_lipophilicity,llm_evolved_kernel_multi_scale_ensemble_patch,2068,65.0,65.0,28.75,0,heldout,
real_moleculenet_lipophilicity,llm_evolved_kernel_safety_anchor_patch,2068,71.25,67.0833,22.5,0,heldout,
real_moleculenet_lipophilicity,mixed_kernel_gp_ei,2068,71.25,67.0833,22.5,0,heldout,
real_moleculenet_lipophilicity,target_acquisition_portfolio,2068,71.25,67.0833,22.5,0,heldout,
real_moleculenet_lipophilicity,fixed_scale_ensemble_0p5_1_1p5_2_3_4,2069,75.875,75.0833,17.875,0,heldout,
real_moleculenet_lipophilicity,gp_ucb,2069,76.5,74.5,17.25,0,heldout,
real_moleculenet_lipophilicity,llm_calibrated_selector,2069,73.5,73.5,20.25,0,heldout,target_acquisition_portfolio
real_moleculenet_lipophilicity,llm_evolved_kernel_conservative_patch_low_beta,2069,73.5,73.5,20.25,0,heldout,
real_moleculenet_lipophilicity,llm_evolved_kernel_counter_hypothesis_patch,2069,75.875,75.0833,17.875,0,heldout,
real_moleculenet_lipophilicity,llm_evolved_kernel_exploration_patch_high_beta,2069,83.375,80.0833,10.375,0,heldout,
real_moleculenet_lipophilicity,llm_evolved_kernel_high_confidence_roles_patch,2069,73.5,73.5,20.25,0,heldout,
real_moleculenet_lipophilicity,llm_evolved_kernel_multi_scale_ensemble_patch,2069,75.875,75.0833,17.875,0,heldout,
real_moleculenet_lipophilicity,llm_evolved_kernel_safety_anchor_patch,2069,73.5,73.5,20.25,0,heldout,
real_moleculenet_lipophilicity,mixed_kernel_gp_ei,2069,76.5,74.5,17.25,0,heldout,
real_moleculenet_lipophilicity,target_acquisition_portfolio,2069,73.5,73.5,20.25,0,heldout,
real_moleculenet_lipophilicity,fixed_scale_ensemble_0p5_1_1p5_2_3_4,2070,93.75,89.4583,0.0,1,heldout,
real_moleculenet_lipophilicity,gp_ucb,2070,93.75,89.4583,0.0,1,heldout,
real_moleculenet_lipophilicity,llm_calibrated_selector,2070,93.75,89.4583,0.0,1,heldout,target_acquisition_portfolio
real_moleculenet_lipophilicity,llm_evolved_kernel_conservative_patch_low_beta,2070,93.5,89.375,0.25,1,heldout,
real_moleculenet_lipophilicity,llm_evolved_kernel_counter_hypothesis_patch,2070,93.75,89.4583,0.0,1,heldout,
real_moleculenet_lipophilicity,llm_evolved_kernel_exploration_patch_high_beta,2070,93.5,93.5,0.25,1,heldout,
real_moleculenet_lipophilicity,llm_evolved_kernel_high_confidence_roles_patch,2070,93.75,89.4583,0.0,1,heldout,
real_moleculenet_lipophilicity,llm_evolved_kernel_multi_scale_ensemble_patch,2070,93.75,89.4583,0.0,1,heldout,
real_moleculenet_lipophilicity,llm_evolved_kernel_safety_anchor_patch,2070,93.75,89.4583,0.0,1,heldout,
real_moleculenet_lipophilicity,mixed_kernel_gp_ei,2070,87.25,84.0,6.5,0,heldout,
real_moleculenet_lipophilicity,target_acquisition_portfolio,2070,93.75,89.4583,0.0,1,heldout,
real_moleculenet_lipophilicity,fixed_scale_ensemble_0p5_1_1p5_2_3_4,2071,83.75,83.75,10.0,0,heldout,
real_moleculenet_lipophilicity,gp_ucb,2071,93.75,87.0833,0.0,1,heldout,
real_moleculenet_lipophilicity,llm_calibrated_selector,2071,93.75,87.0833,0.0,1,heldout,target_acquisition_portfolio
real_moleculenet_lipophilicity,llm_evolved_kernel_conservative_patch_low_beta,2071,83.75,83.75,10.0,0,heldout,
real_moleculenet_lipophilicity,llm_evolved_kernel_counter_hypothesis_patch,2071,83.75,83.75,10.0,0,heldout,
real_moleculenet_lipophilicity,llm_evolved_kernel_exploration_patch_high_beta,2071,83.75,83.75,10.0,0,heldout,
real_moleculenet_lipophilicity,llm_evolved_kernel_high_confidence_roles_patch,2071,83.75,83.75,10.0,0,heldout,
real_moleculenet_lipophilicity,llm_evolved_kernel_multi_scale_ensemble_patch,2071,83.75,83.75,10.0,0,heldout,
real_moleculenet_lipophilicity,llm_evolved_kernel_safety_anchor_patch,2071,83.75,83.75,10.0,0,heldout,
real_moleculenet_lipophilicity,mixed_kernel_gp_ei,2071,83.75,83.75,10.0,0,heldout,
real_moleculenet_lipophilicity,target_acquisition_portfolio,2071,93.75,87.0833,0.0,1,heldout,
real_moleculenet_lipophilicity,fixed_scale_ensemble_0p5_1_1p5_2_3_4,2072,87.25,87.25,6.5,0,heldout,
real_moleculenet_lipophilicity,gp_ucb,2072,87.25,87.25,6.5,0,heldout,
real_moleculenet_lipophilicity,llm_calibrated_selector,2072,87.25,87.25,6.5,0,heldout,target_acquisition_portfolio
real_moleculenet_lipophilicity,llm_evolved_kernel_conservative_patch_low_beta,2072,87.25,87.25,6.5,0,heldout,
real_moleculenet_lipophilicity,llm_evolved_kernel_counter_hypothesis_patch,2072,87.25,87.25,6.5,0,heldout,
real_moleculenet_lipophilicity,llm_evolved_kernel_exploration_patch_high_beta,2072,90.0,88.1667,3.75,0,heldout,
real_moleculenet_lipophilicity,llm_evolved_kernel_high_confidence_roles_patch,2072,87.25,87.25,6.5,0,heldout,
real_moleculenet_lipophilicity,llm_evolved_kernel_multi_scale_ensemble_patch,2072,87.25,87.25,6.5,0,heldout,
real_moleculenet_lipophilicity,llm_evolved_kernel_safety_anchor_patch,2072,87.25,87.25,6.5,0,heldout,
real_moleculenet_lipophilicity,mixed_kernel_gp_ei,2072,87.25,87.25,6.5,0,heldout,
real_moleculenet_lipophilicity,target_acquisition_portfolio,2072,87.25,87.25,6.5,0,heldout,
real_moleculenet_lipophilicity,fixed_scale_ensemble_0p5_1_1p5_2_3_4,2073,73.75,73.75,20.0,0,heldout,
real_moleculenet_lipophilicity,gp_ucb,2073,73.75,73.75,20.0,0,heldout,
real_moleculenet_lipophilicity,llm_calibrated_selector,2073,73.75,73.75,20.0,0,heldout,target_acquisition_portfolio
real_moleculenet_lipophilicity,llm_evolved_kernel_conservative_patch_low_beta,2073,73.75,73.75,20.0,0,heldout,
real_moleculenet_lipophilicity,llm_evolved_kernel_counter_hypothesis_patch,2073,73.75,73.75,20.0,0,heldout,
real_moleculenet_lipophilicity,llm_evolved_kernel_exploration_patch_high_beta,2073,78.0,77.8333,15.75,0,heldout,
real_moleculenet_lipophilicity,llm_evolved_kernel_high_confidence_roles_patch,2073,73.75,73.75,20.0,0,heldout,
real_moleculenet_lipophilicity,llm_evolved_kernel_multi_scale_ensemble_patch,2073,73.75,73.75,20.0,0,heldout,
real_moleculenet_lipophilicity,llm_evolved_kernel_safety_anchor_patch,2073,73.75,73.75,20.0,0,heldout,
real_moleculenet_lipophilicity,mixed_kernel_gp_ei,2073,73.75,73.75,20.0,0,heldout,
real_moleculenet_lipophilicity,target_acquisition_portfolio,2073,73.75,73.75,20.0,0,heldout,
real_moleculenet_lipophilicity,fixed_scale_ensemble_0p5_1_1p5_2_3_4,2074,74.25,74.25,19.5,0,heldout,
real_moleculenet_lipophilicity,gp_ucb,2074,74.25,74.25,19.5,0,heldout,
real_moleculenet_lipophilicity,llm_calibrated_selector,2074,74.25,74.25,19.5,0,heldout,target_acquisition_portfolio
real_moleculenet_lipophilicity,llm_evolved_kernel_conservative_patch_low_beta,2074,75.0,74.5,18.75,0,heldout,
real_moleculenet_lipophilicity,llm_evolved_kernel_counter_hypothesis_patch,2074,74.25,74.25,19.5,0,heldout,
real_moleculenet_lipophilicity,llm_evolved_kernel_exploration_patch_high_beta,2074,74.25,74.25,19.5,0,heldout,
real_moleculenet_lipophilicity,llm_evolved_kernel_high_confidence_roles_patch,2074,74.25,74.25,19.5,0,heldout,
real_moleculenet_lipophilicity,llm_evolved_kernel_multi_scale_ensemble_patch,2074,74.25,74.25,19.5,0,heldout,
real_moleculenet_lipophilicity,llm_evolved_kernel_safety_anchor_patch,2074,74.25,74.25,19.5,0,heldout,
real_moleculenet_lipophilicity,mixed_kernel_gp_ei,2074,74.25,74.25,19.5,0,heldout,
real_moleculenet_lipophilicity,target_acquisition_portfolio,2074,74.25,74.25,19.5,0,heldout,
real_moleculenet_lipophilicity,fixed_scale_ensemble_0p5_1_1p5_2_3_4,2075,91.25,91.25,2.5,0,heldout,
real_moleculenet_lipophilicity,gp_ucb,2075,91.25,91.25,2.5,0,heldout,
real_moleculenet_lipophilicity,llm_calibrated_selector,2075,91.25,91.25,2.5,0,heldout,target_acquisition_portfolio
real_moleculenet_lipophilicity,llm_evolved_kernel_conservative_patch_low_beta,2075,91.25,91.25,2.5,0,heldout,
real_moleculenet_lipophilicity,llm_evolved_kernel_counter_hypothesis_patch,2075,91.25,91.25,2.5,0,heldout,
real_moleculenet_lipophilicity,llm_evolved_kernel_exploration_patch_high_beta,2075,88.625,88.625,5.125,0,heldout,
real_moleculenet_lipophilicity,llm_evolved_kernel_high_confidence_roles_patch,2075,91.25,91.25,2.5,0,heldout,
real_moleculenet_lipophilicity,llm_evolved_kernel_multi_scale_ensemble_patch,2075,91.25,91.25,2.5,0,heldout,
real_moleculenet_lipophilicity,llm_evolved_kernel_safety_anchor_patch,2075,91.25,91.25,2.5,0,heldout,
real_moleculenet_lipophilicity,mixed_kernel_gp_ei,2075,91.25,91.25,2.5,0,heldout,
real_moleculenet_lipophilicity,target_acquisition_portfolio,2075,91.25,91.25,2.5,0,heldout,
real_moleculenet_lipophilicity,fixed_scale_ensemble_0p5_1_1p5_2_3_4,2076,82.25,82.25,11.5,0,heldout,
real_moleculenet_lipophilicity,gp_ucb,2076,82.25,82.25,11.5,0,heldout,
real_moleculenet_lipophilicity,llm_calibrated_selector,2076,82.25,82.25,11.5,0,heldout,target_acquisition_portfolio
real_moleculenet_lipophilicity,llm_evolved_kernel_conservative_patch_low_beta,2076,91.25,88.25,2.5,0,heldout,
real_moleculenet_lipophilicity,llm_evolved_kernel_counter_hypothesis_patch,2076,82.25,82.25,11.5,0,heldout,
real_moleculenet_lipophilicity,llm_evolved_kernel_exploration_patch_high_beta,2076,82.25,82.25,11.5,0,heldout,
real_moleculenet_lipophilicity,llm_evolved_kernel_high_confidence_roles_patch,2076,91.25,88.25,2.5,0,heldout,
real_moleculenet_lipophilicity,llm_evolved_kernel_multi_scale_ensemble_patch,2076,82.25,82.25,11.5,0,heldout,
real_moleculenet_lipophilicity,llm_evolved_kernel_safety_anchor_patch,2076,82.25,82.25,11.5,0,heldout,
real_moleculenet_lipophilicity,mixed_kernel_gp_ei,2076,82.25,82.25,11.5,0,heldout,
real_moleculenet_lipophilicity,target_acquisition_portfolio,2076,82.25,82.25,11.5,0,heldout,
real_moleculenet_lipophilicity,fixed_scale_ensemble_0p5_1_1p5_2_3_4,2077,90.125,90.125,3.625,0,heldout,
real_moleculenet_lipophilicity,gp_ucb,2077,90.125,90.125,3.625,0,heldout,
real_moleculenet_lipophilicity,llm_calibrated_selector,2077,90.125,90.125,3.625,0,heldout,target_acquisition_portfolio
real_moleculenet_lipophilicity,llm_evolved_kernel_conservative_patch_low_beta,2077,90.125,90.125,3.625,0,heldout,
real_moleculenet_lipophilicity,llm_evolved_kernel_counter_hypothesis_patch,2077,90.125,90.125,3.625,0,heldout,
real_moleculenet_lipophilicity,llm_evolved_kernel_exploration_patch_high_beta,2077,90.125,90.125,3.625,0,heldout,
real_moleculenet_lipophilicity,llm_evolved_kernel_high_confidence_roles_patch,2077,90.125,90.125,3.625,0,heldout,
real_moleculenet_lipophilicity,llm_evolved_kernel_multi_scale_ensemble_patch,2077,90.125,90.125,3.625,0,heldout,
real_moleculenet_lipophilicity,llm_evolved_kernel_safety_anchor_patch,2077,90.125,90.125,3.625,0,heldout,
real_moleculenet_lipophilicity,mixed_kernel_gp_ei,2077,90.125,90.125,3.625,0,heldout,
real_moleculenet_lipophilicity,target_acquisition_portfolio,2077,90.125,90.125,3.625,0,heldout,
real_moleculenet_lipophilicity,fixed_scale_ensemble_0p5_1_1p5_2_3_4,2078,83.75,83.4583,10.0,0,heldout,
real_moleculenet_lipophilicity,gp_ucb,2078,83.75,83.4583,10.0,0,heldout,
real_moleculenet_lipophilicity,llm_calibrated_selector,2078,88.75,86.7917,5.0,0,heldout,target_acquisition_portfolio
real_moleculenet_lipophilicity,llm_evolved_kernel_conservative_patch_low_beta,2078,85.0,83.5833,8.75,0,heldout,
real_moleculenet_lipophilicity,llm_evolved_kernel_counter_hypothesis_patch,2078,83.75,83.4583,10.0,0,heldout,
real_moleculenet_lipophilicity,llm_evolved_kernel_exploration_patch_high_beta,2078,83.75,83.4583,10.0,0,heldout,
real_moleculenet_lipophilicity,llm_evolved_kernel_high_confidence_roles_patch,2078,83.75,83.4583,10.0,0,heldout,
real_moleculenet_lipophilicity,llm_evolved_kernel_multi_scale_ensemble_patch,2078,83.75,83.4583,10.0,0,heldout,
real_moleculenet_lipophilicity,llm_evolved_kernel_safety_anchor_patch,2078,83.75,83.4583,10.0,0,heldout,
real_moleculenet_lipophilicity,mixed_kernel_gp_ei,2078,88.75,86.7917,5.0,0,heldout,
real_moleculenet_lipophilicity,target_acquisition_portfolio,2078,88.75,86.7917,5.0,0,heldout,
real_moleculenet_lipophilicity,fixed_scale_ensemble_0p5_1_1p5_2_3_4,2079,86.25,86.25,7.5,0,heldout,
real_moleculenet_lipophilicity,gp_ucb,2079,86.25,86.25,7.5,0,heldout,
real_moleculenet_lipophilicity,llm_calibrated_selector,2079,86.25,86.25,7.5,0,heldout,target_acquisition_portfolio
real_moleculenet_lipophilicity,llm_evolved_kernel_conservative_patch_low_beta,2079,86.25,86.25,7.5,0,heldout,
real_moleculenet_lipophilicity,llm_evolved_kernel_counter_hypothesis_patch,2079,86.25,86.25,7.5,0,heldout,
real_moleculenet_lipophilicity,llm_evolved_kernel_exploration_patch_high_beta,2079,86.25,86.25,7.5,0,heldout,
real_moleculenet_lipophilicity,llm_evolved_kernel_high_confidence_roles_patch,2079,86.25,86.25,7.5,0,heldout,
real_moleculenet_lipophilicity,llm_evolved_kernel_multi_scale_ensemble_patch,2079,86.25,86.25,7.5,0,heldout,
real_moleculenet_lipophilicity,llm_evolved_kernel_safety_anchor_patch,2079,86.25,86.25,7.5,0,heldout,
real_moleculenet_lipophilicity,mixed_kernel_gp_ei,2079,86.25,86.25,7.5,0,heldout,
real_moleculenet_lipophilicity,target_acquisition_portfolio,2079,86.25,86.25,7.5,0,heldout,
real_moleculenet_lipophilicity,fixed_scale_ensemble_0p5_1_1p5_2_3_4,2080,89.125,89.125,4.625,0,heldout,
real_moleculenet_lipophilicity,gp_ucb,2080,89.125,89.125,4.625,0,heldout,
real_moleculenet_lipophilicity,llm_calibrated_selector,2080,89.125,89.125,4.625,0,heldout,target_acquisition_portfolio
real_moleculenet_lipophilicity,llm_evolved_kernel_conservative_patch_low_beta,2080,89.125,89.125,4.625,0,heldout,
real_moleculenet_lipophilicity,llm_evolved_kernel_counter_hypothesis_patch,2080,89.125,89.125,4.625,0,heldout,
real_moleculenet_lipophilicity,llm_evolved_kernel_exploration_patch_high_beta,2080,89.125,89.125,4.625,0,heldout,
real_moleculenet_lipophilicity,llm_evolved_kernel_high_confidence_roles_patch,2080,89.125,89.125,4.625,0,heldout,
real_moleculenet_lipophilicity,llm_evolved_kernel_multi_scale_ensemble_patch,2080,89.125,89.125,4.625,0,heldout,
real_moleculenet_lipophilicity,llm_evolved_kernel_safety_anchor_patch,2080,89.125,89.125,4.625,0,heldout,
real_moleculenet_lipophilicity,mixed_kernel_gp_ei,2080,89.125,89.125,4.625,0,heldout,
real_moleculenet_lipophilicity,target_acquisition_portfolio,2080,89.125,89.125,4.625,0,heldout,
real_moleculenet_lipophilicity,fixed_scale_ensemble_0p5_1_1p5_2_3_4,2081,87.375,81.625,6.375,0,heldout,
real_moleculenet_lipophilicity,gp_ucb,2081,85.0,80.8333,8.75,0,heldout,
real_moleculenet_lipophilicity,llm_calibrated_selector,2081,85.0,82.9167,8.75,0,heldout,target_acquisition_portfolio
real_moleculenet_lipophilicity,llm_evolved_kernel_conservative_patch_low_beta,2081,85.0,85.0,8.75,0,heldout,
real_moleculenet_lipophilicity,llm_evolved_kernel_counter_hypothesis_patch,2081,87.375,81.625,6.375,0,heldout,
real_moleculenet_lipophilicity,llm_evolved_kernel_exploration_patch_high_beta,2081,85.0,80.8333,8.75,0,heldout,
real_moleculenet_lipophilicity,llm_evolved_kernel_high_confidence_roles_patch,2081,87.375,81.625,6.375,0,heldout,
real_moleculenet_lipophilicity,llm_evolved_kernel_multi_scale_ensemble_patch,2081,85.0,80.8333,8.75,0,heldout,
real_moleculenet_lipophilicity,llm_evolved_kernel_safety_anchor_patch,2081,87.375,81.625,6.375,0,heldout,
real_moleculenet_lipophilicity,mixed_kernel_gp_ei,2081,85.0,82.9167,8.75,0,heldout,
real_moleculenet_lipophilicity,target_acquisition_portfolio,2081,85.0,82.9167,8.75,0,heldout,
real_moleculenet_lipophilicity,fixed_scale_ensemble_0p5_1_1p5_2_3_4,2082,91.375,91.375,2.375,0,heldout,
real_moleculenet_lipophilicity,gp_ucb,2082,91.375,89.25,2.375,0,heldout,
real_moleculenet_lipophilicity,llm_calibrated_selector,2082,91.375,89.25,2.375,0,heldout,target_acquisition_portfolio
real_moleculenet_lipophilicity,llm_evolved_kernel_conservative_patch_low_beta,2082,91.375,91.375,2.375,0,heldout,
real_moleculenet_lipophilicity,llm_evolved_kernel_counter_hypothesis_patch,2082,91.375,91.375,2.375,0,heldout,
real_moleculenet_lipophilicity,llm_evolved_kernel_exploration_patch_high_beta,2082,91.375,89.25,2.375,0,heldout,
real_moleculenet_lipophilicity,llm_evolved_kernel_high_confidence_roles_patch,2082,91.375,91.375,2.375,0,heldout,
real_moleculenet_lipophilicity,llm_evolved_kernel_multi_scale_ensemble_patch,2082,91.375,91.375,2.375,0,heldout,
real_moleculenet_lipophilicity,llm_evolved_kernel_safety_anchor_patch,2082,91.375,91.375,2.375,0,heldout,
real_moleculenet_lipophilicity,mixed_kernel_gp_ei,2082,91.375,89.25,2.375,0,heldout,
real_moleculenet_lipophilicity,target_acquisition_portfolio,2082,91.375,89.25,2.375,0,heldout,
real_moleculenet_lipophilicity,fixed_scale_ensemble_0p5_1_1p5_2_3_4,2083,83.75,83.75,10.0,0,heldout,
real_moleculenet_lipophilicity,gp_ucb,2083,83.75,83.75,10.0,0,heldout,
real_moleculenet_lipophilicity,llm_calibrated_selector,2083,83.75,83.75,10.0,0,heldout,target_acquisition_portfolio
real_moleculenet_lipophilicity,llm_evolved_kernel_conservative_patch_low_beta,2083,83.75,83.75,10.0,0,heldout,
real_moleculenet_lipophilicity,llm_evolved_kernel_counter_hypothesis_patch,2083,83.75,83.75,10.0,0,heldout,
real_moleculenet_lipophilicity,llm_evolved_kernel_exploration_patch_high_beta,2083,83.75,83.75,10.0,0,heldout,
real_moleculenet_lipophilicity,llm_evolved_kernel_high_confidence_roles_patch,2083,83.75,83.75,10.0,0,heldout,
real_moleculenet_lipophilicity,llm_evolved_kernel_multi_scale_ensemble_patch,2083,83.75,83.75,10.0,0,heldout,
real_moleculenet_lipophilicity,llm_evolved_kernel_safety_anchor_patch,2083,83.75,83.75,10.0,0,heldout,
real_moleculenet_lipophilicity,mixed_kernel_gp_ei,2083,83.75,83.75,10.0,0,heldout,
real_moleculenet_lipophilicity,target_acquisition_portfolio,2083,83.75,83.75,10.0,0,heldout,
real_moleculenet_lipophilicity,fixed_scale_ensemble_0p5_1_1p5_2_3_4,2084,86.0,86.0,7.75,0,heldout,
real_moleculenet_lipophilicity,gp_ucb,2084,91.25,91.25,2.5,0,heldout,
real_moleculenet_lipophilicity,llm_calibrated_selector,2084,91.25,91.25,2.5,0,heldout,target_acquisition_portfolio
real_moleculenet_lipophilicity,llm_evolved_kernel_conservative_patch_low_beta,2084,91.25,91.25,2.5,0,heldout,
real_moleculenet_lipophilicity,llm_evolved_kernel_counter_hypothesis_patch,2084,86.0,86.0,7.75,0,heldout,
real_moleculenet_lipophilicity,llm_evolved_kernel_exploration_patch_high_beta,2084,86.0,86.0,7.75,0,heldout,
real_moleculenet_lipophilicity,llm_evolved_kernel_high_confidence_roles_patch,2084,86.0,86.0,7.75,0,heldout,
real_moleculenet_lipophilicity,llm_evolved_kernel_multi_scale_ensemble_patch,2084,86.0,86.0,7.75,0,heldout,
real_moleculenet_lipophilicity,llm_evolved_kernel_safety_anchor_patch,2084,86.0,86.0,7.75,0,heldout,
real_moleculenet_lipophilicity,mixed_kernel_gp_ei,2084,91.25,91.25,2.5,0,heldout,
real_moleculenet_lipophilicity,target_acquisition_portfolio,2084,91.25,91.25,2.5,0,heldout,
real_moleculenet_lipophilicity,fixed_scale_ensemble_0p5_1_1p5_2_3_4,2085,67.0,65.0833,26.75,0,heldout,
real_moleculenet_lipophilicity,gp_ucb,2085,76.375,72.2917,17.375,0,heldout,
real_moleculenet_lipophilicity,llm_calibrated_selector,2085,80.5,75.0417,13.25,0,heldout,target_acquisition_portfolio
real_moleculenet_lipophilicity,llm_evolved_kernel_conservative_patch_low_beta,2085,76.375,68.2083,17.375,0,heldout,
real_moleculenet_lipophilicity,llm_evolved_kernel_counter_hypothesis_patch,2085,67.0,65.0833,26.75,0,heldout,
real_moleculenet_lipophilicity,llm_evolved_kernel_exploration_patch_high_beta,2085,89.125,77.3333,4.625,0,heldout,
real_moleculenet_lipophilicity,llm_evolved_kernel_high_confidence_roles_patch,2085,77.375,72.625,16.375,0,heldout,
real_moleculenet_lipophilicity,llm_evolved_kernel_multi_scale_ensemble_patch,2085,64.125,64.125,29.625,0,heldout,
real_moleculenet_lipophilicity,llm_evolved_kernel_safety_anchor_patch,2085,76.375,72.2917,17.375,0,heldout,
real_moleculenet_lipophilicity,mixed_kernel_gp_ei,2085,77.375,70.875,16.375,0,heldout,
real_moleculenet_lipophilicity,target_acquisition_portfolio,2085,80.5,75.0417,13.25,0,heldout,
real_moleculenet_lipophilicity,fixed_scale_ensemble_0p5_1_1p5_2_3_4,2086,78.75,78.75,15.0,0,heldout,
real_moleculenet_lipophilicity,gp_ucb,2086,78.75,78.75,15.0,0,heldout,
real_moleculenet_lipophilicity,llm_calibrated_selector,2086,83.5,81.9167,10.25,0,heldout,target_acquisition_portfolio
real_moleculenet_lipophilicity,llm_evolved_kernel_conservative_patch_low_beta,2086,78.875,78.7917,14.875,0,heldout,
real_moleculenet_lipophilicity,llm_evolved_kernel_counter_hypothesis_patch,2086,83.5,81.9167,10.25,0,heldout,
real_moleculenet_lipophilicity,llm_evolved_kernel_exploration_patch_high_beta,2086,80.125,79.2083,13.625,0,heldout,
real_moleculenet_lipophilicity,llm_evolved_kernel_high_confidence_roles_patch,2086,83.5,81.9167,10.25,0,heldout,
real_moleculenet_lipophilicity,llm_evolved_kernel_multi_scale_ensemble_patch,2086,78.75,78.75,15.0,0,heldout,
real_moleculenet_lipophilicity,llm_evolved_kernel_safety_anchor_patch,2086,78.75,78.75,15.0,0,heldout,
real_moleculenet_lipophilicity,mixed_kernel_gp_ei,2086,82.5,80.0,11.25,0,heldout,
real_moleculenet_lipophilicity,target_acquisition_portfolio,2086,83.5,81.9167,10.25,0,heldout,
real_moleculenet_lipophilicity,fixed_scale_ensemble_0p5_1_1p5_2_3_4,2087,88.625,88.625,5.125,0,heldout,
real_moleculenet_lipophilicity,gp_ucb,2087,88.625,88.625,5.125,0,heldout,
real_moleculenet_lipophilicity,llm_calibrated_selector,2087,88.625,88.625,5.125,0,heldout,target_acquisition_portfolio
real_moleculenet_lipophilicity,llm_evolved_kernel_conservative_patch_low_beta,2087,88.625,88.625,5.125,0,heldout,
real_moleculenet_lipophilicity,llm_evolved_kernel_counter_hypothesis_patch,2087,88.625,88.625,5.125,0,heldout,
real_moleculenet_lipophilicity,llm_evolved_kernel_exploration_patch_high_beta,2087,88.625,88.625,5.125,0,heldout,
real_moleculenet_lipophilicity,llm_evolved_kernel_high_confidence_roles_patch,2087,88.625,88.625,5.125,0,heldout,
real_moleculenet_lipophilicity,llm_evolved_kernel_multi_scale_ensemble_patch,2087,88.625,88.625,5.125,0,heldout,
real_moleculenet_lipophilicity,llm_evolved_kernel_safety_anchor_patch,2087,88.625,88.625,5.125,0,heldout,
real_moleculenet_lipophilicity,mixed_kernel_gp_ei,2087,88.625,88.625,5.125,0,heldout,
real_moleculenet_lipophilicity,target_acquisition_portfolio,2087,88.625,88.625,5.125,0,heldout,
real_moleculenet_lipophilicity,fixed_scale_ensemble_0p5_1_1p5_2_3_4,2088,77.5,77.5,16.25,0,heldout,
real_moleculenet_lipophilicity,gp_ucb,2088,77.5,77.5,16.25,0,heldout,
real_moleculenet_lipophilicity,llm_calibrated_selector,2088,77.5,77.5,16.25,0,heldout,target_acquisition_portfolio
real_moleculenet_lipophilicity,llm_evolved_kernel_conservative_patch_low_beta,2088,77.5,77.5,16.25,0,heldout,
real_moleculenet_lipophilicity,llm_evolved_kernel_counter_hypothesis_patch,2088,77.5,77.5,16.25,0,heldout,
real_moleculenet_lipophilicity,llm_evolved_kernel_exploration_patch_high_beta,2088,77.5,77.5,16.25,0,heldout,
real_moleculenet_lipophilicity,llm_evolved_kernel_high_confidence_roles_patch,2088,77.5,77.5,16.25,0,heldout,
real_moleculenet_lipophilicity,llm_evolved_kernel_multi_scale_ensemble_patch,2088,77.5,77.5,16.25,0,heldout,
real_moleculenet_lipophilicity,llm_evolved_kernel_safety_anchor_patch,2088,77.5,77.5,16.25,0,heldout,
real_moleculenet_lipophilicity,mixed_kernel_gp_ei,2088,77.5,77.5,16.25,0,heldout,
real_moleculenet_lipophilicity,target_acquisition_portfolio,2088,77.5,77.5,16.25,0,heldout,
real_moleculenet_lipophilicity,fixed_scale_ensemble_0p5_1_1p5_2_3_4,2089,73.625,73.625,20.125,0,heldout,
real_moleculenet_lipophilicity,gp_ucb,2089,81.25,78.7083,12.5,0,heldout,
real_moleculenet_lipophilicity,llm_calibrated_selector,2089,81.25,78.7083,12.5,0,heldout,target_acquisition_portfolio
real_moleculenet_lipophilicity,llm_evolved_kernel_conservative_patch_low_beta,2089,77.375,74.875,16.375,0,heldout,
real_moleculenet_lipophilicity,llm_evolved_kernel_counter_hypothesis_patch,2089,73.625,73.625,20.125,0,heldout,
real_moleculenet_lipophilicity,llm_evolved_kernel_exploration_patch_high_beta,2089,76.0,74.4167,17.75,0,heldout,
real_moleculenet_lipophilicity,llm_evolved_kernel_high_confidence_roles_patch,2089,81.25,78.7083,12.5,0,heldout,
real_moleculenet_lipophilicity,llm_evolved_kernel_multi_scale_ensemble_patch,2089,76.0,74.4167,17.75,0,heldout,
real_moleculenet_lipophilicity,llm_evolved_kernel_safety_anchor_patch,2089,82.0,78.9583,11.75,0,heldout,
real_moleculenet_lipophilicity,mixed_kernel_gp_ei,2089,77.375,77.375,16.375,0,heldout,
real_moleculenet_lipophilicity,target_acquisition_portfolio,2089,81.25,78.7083,12.5,0,heldout,
real_moleculenet_lipophilicity,fixed_scale_ensemble_0p5_1_1p5_2_3_4,2090,90.0,89.75,3.75,0,heldout,
real_moleculenet_lipophilicity,gp_ucb,2090,89.625,89.625,4.125,0,heldout,
real_moleculenet_lipophilicity,llm_calibrated_selector,2090,90.0,89.75,3.75,0,heldout,target_acquisition_portfolio
real_moleculenet_lipophilicity,llm_evolved_kernel_conservative_patch_low_beta,2090,90.0,89.75,3.75,0,heldout,
real_moleculenet_lipophilicity,llm_evolved_kernel_counter_hypothesis_patch,2090,90.0,89.75,3.75,0,heldout,
real_moleculenet_lipophilicity,llm_evolved_kernel_exploration_patch_high_beta,2090,89.625,89.625,4.125,0,heldout,
real_moleculenet_lipophilicity,llm_evolved_kernel_high_confidence_roles_patch,2090,90.0,89.75,3.75,0,heldout,
real_moleculenet_lipophilicity,llm_evolved_kernel_multi_scale_ensemble_patch,2090,90.0,89.75,3.75,0,heldout,
real_moleculenet_lipophilicity,llm_evolved_kernel_safety_anchor_patch,2090,90.0,89.75,3.75,0,heldout,
real_moleculenet_lipophilicity,mixed_kernel_gp_ei,2090,90.0,89.75,3.75,0,heldout,
real_moleculenet_lipophilicity,target_acquisition_portfolio,2090,90.0,89.75,3.75,0,heldout,
real_moleculenet_lipophilicity,fixed_scale_ensemble_0p5_1_1p5_2_3_4,2091,93.75,93.75,0.0,1,heldout,
real_moleculenet_lipophilicity,gp_ucb,2091,93.75,93.75,0.0,1,heldout,
real_moleculenet_lipophilicity,llm_calibrated_selector,2091,93.75,93.75,0.0,1,heldout,target_acquisition_portfolio
real_moleculenet_lipophilicity,llm_evolved_kernel_conservative_patch_low_beta,2091,93.75,93.75,0.0,1,heldout,
real_moleculenet_lipophilicity,llm_evolved_kernel_counter_hypothesis_patch,2091,93.75,93.75,0.0,1,heldout,
real_moleculenet_lipophilicity,llm_evolved_kernel_exploration_patch_high_beta,2091,93.75,93.75,0.0,1,heldout,
real_moleculenet_lipophilicity,llm_evolved_kernel_high_confidence_roles_patch,2091,93.75,93.75,0.0,1,heldout,
real_moleculenet_lipophilicity,llm_evolved_kernel_multi_scale_ensemble_patch,2091,93.75,93.75,0.0,1,heldout,
real_moleculenet_lipophilicity,llm_evolved_kernel_safety_anchor_patch,2091,93.75,93.75,0.0,1,heldout,
real_moleculenet_lipophilicity,mixed_kernel_gp_ei,2091,93.75,93.75,0.0,1,heldout,
real_moleculenet_lipophilicity,target_acquisition_portfolio,2091,93.75,93.75,0.0,1,heldout,
real_moleculenet_lipophilicity,fixed_scale_ensemble_0p5_1_1p5_2_3_4,2092,79.5,79.25,14.25,0,heldout,
real_moleculenet_lipophilicity,gp_ucb,2092,79.5,79.25,14.25,0,heldout,
real_moleculenet_lipophilicity,llm_calibrated_selector,2092,79.5,79.25,14.25,0,heldout,target_acquisition_portfolio
real_moleculenet_lipophilicity,llm_evolved_kernel_conservative_patch_low_beta,2092,80.25,79.25,13.5,0,heldout,
real_moleculenet_lipophilicity,llm_evolved_kernel_counter_hypothesis_patch,2092,79.5,79.25,14.25,0,heldout,
real_moleculenet_lipophilicity,llm_evolved_kernel_exploration_patch_high_beta,2092,79.5,79.5,14.25,0,heldout,
real_moleculenet_lipophilicity,llm_evolved_kernel_high_confidence_roles_patch,2092,79.5,79.25,14.25,0,heldout,
real_moleculenet_lipophilicity,llm_evolved_kernel_multi_scale_ensemble_patch,2092,79.5,79.25,14.25,0,heldout,
real_moleculenet_lipophilicity,llm_evolved_kernel_safety_anchor_patch,2092,79.5,79.25,14.25,0,heldout,
real_moleculenet_lipophilicity,mixed_kernel_gp_ei,2092,79.5,79.25,14.25,0,heldout,
real_moleculenet_lipophilicity,target_acquisition_portfolio,2092,79.5,79.25,14.25,0,heldout,
real_moleculenet_lipophilicity,fixed_scale_ensemble_0p5_1_1p5_2_3_4,2093,86.25,86.25,7.5,0,heldout,
real_moleculenet_lipophilicity,gp_ucb,2093,87.5,86.6667,6.25,0,heldout,
real_moleculenet_lipophilicity,llm_calibrated_selector,2093,86.25,86.25,7.5,0,heldout,target_acquisition_portfolio
real_moleculenet_lipophilicity,llm_evolved_kernel_conservative_patch_low_beta,2093,86.25,86.25,7.5,0,heldout,
real_moleculenet_lipophilicity,llm_evolved_kernel_counter_hypothesis_patch,2093,86.25,86.25,7.5,0,heldout,
real_moleculenet_lipophilicity,llm_evolved_kernel_exploration_patch_high_beta,2093,86.25,86.25,7.5,0,heldout,
real_moleculenet_lipophilicity,llm_evolved_kernel_high_confidence_roles_patch,2093,86.25,86.25,7.5,0,heldout,
real_moleculenet_lipophilicity,llm_evolved_kernel_multi_scale_ensemble_patch,2093,86.25,86.25,7.5,0,heldout,
real_moleculenet_lipophilicity,llm_evolved_kernel_safety_anchor_patch,2093,86.25,86.25,7.5,0,heldout,
real_moleculenet_lipophilicity,mixed_kernel_gp_ei,2093,86.25,86.25,7.5,0,heldout,
real_moleculenet_lipophilicity,target_acquisition_portfolio,2093,86.25,86.25,7.5,0,heldout,
real_moleculenet_lipophilicity,fixed_scale_ensemble_0p5_1_1p5_2_3_4,2094,89.25,84.75,4.5,0,heldout,
real_moleculenet_lipophilicity,gp_ucb,2094,83.5,82.8333,10.25,0,heldout,
real_moleculenet_lipophilicity,llm_calibrated_selector,2094,83.5,82.8333,10.25,0,heldout,target_acquisition_portfolio
real_moleculenet_lipophilicity,llm_evolved_kernel_conservative_patch_low_beta,2094,89.25,84.75,4.5,0,heldout,
real_moleculenet_lipophilicity,llm_evolved_kernel_counter_hypothesis_patch,2094,83.5,82.8333,10.25,0,heldout,
real_moleculenet_lipophilicity,llm_evolved_kernel_exploration_patch_high_beta,2094,93.5,93.5,0.25,1,heldout,
real_moleculenet_lipophilicity,llm_evolved_kernel_high_confidence_roles_patch,2094,83.5,82.8333,10.25,0,heldout,
real_moleculenet_lipophilicity,llm_evolved_kernel_multi_scale_ensemble_patch,2094,89.25,84.75,4.5,0,heldout,
real_moleculenet_lipophilicity,llm_evolved_kernel_safety_anchor_patch,2094,83.5,82.8333,10.25,0,heldout,
real_moleculenet_lipophilicity,mixed_kernel_gp_ei,2094,83.5,82.8333,10.25,0,heldout,
real_moleculenet_lipophilicity,target_acquisition_portfolio,2094,83.5,82.8333,10.25,0,heldout,
real_moleculenet_lipophilicity,fixed_scale_ensemble_0p5_1_1p5_2_3_4,2095,87.5,87.5,6.25,0,heldout,
real_moleculenet_lipophilicity,gp_ucb,2095,87.5,87.5,6.25,0,heldout,
real_moleculenet_lipophilicity,llm_calibrated_selector,2095,87.5,87.5,6.25,0,heldout,target_acquisition_portfolio
real_moleculenet_lipophilicity,llm_evolved_kernel_conservative_patch_low_beta,2095,87.5,87.5,6.25,0,heldout,
real_moleculenet_lipophilicity,llm_evolved_kernel_counter_hypothesis_patch,2095,87.5,87.5,6.25,0,heldout,
real_moleculenet_lipophilicity,llm_evolved_kernel_exploration_patch_high_beta,2095,87.5,87.5,6.25,0,heldout,
real_moleculenet_lipophilicity,llm_evolved_kernel_high_confidence_roles_patch,2095,87.5,87.5,6.25,0,heldout,
real_moleculenet_lipophilicity,llm_evolved_kernel_multi_scale_ensemble_patch,2095,87.5,87.5,6.25,0,heldout,
real_moleculenet_lipophilicity,llm_evolved_kernel_safety_anchor_patch,2095,87.5,87.5,6.25,0,heldout,
real_moleculenet_lipophilicity,mixed_kernel_gp_ei,2095,87.5,87.5,6.25,0,heldout,
real_moleculenet_lipophilicity,target_acquisition_portfolio,2095,87.5,87.5,6.25,0,heldout,
real_moleculenet_lipophilicity,fixed_scale_ensemble_0p5_1_1p5_2_3_4,2096,93.5,90.6667,0.25,1,heldout,
real_moleculenet_lipophilicity,gp_ucb,2096,93.5,90.6667,0.25,1,heldout,
real_moleculenet_lipophilicity,llm_calibrated_selector,2096,93.5,90.6667,0.25,1,heldout,target_acquisition_portfolio
real_moleculenet_lipophilicity,llm_evolved_kernel_conservative_patch_low_beta,2096,93.5,90.6667,0.25,1,heldout,
real_moleculenet_lipophilicity,llm_evolved_kernel_counter_hypothesis_patch,2096,93.75,90.8333,0.0,1,heldout,
real_moleculenet_lipophilicity,llm_evolved_kernel_exploration_patch_high_beta,2096,85.0,85.0,8.75,0,heldout,
real_moleculenet_lipophilicity,llm_evolved_kernel_high_confidence_roles_patch,2096,93.5,90.6667,0.25,1,heldout,
real_moleculenet_lipophilicity,llm_evolved_kernel_multi_scale_ensemble_patch,2096,93.5,90.6667,0.25,1,heldout,
real_moleculenet_lipophilicity,llm_evolved_kernel_safety_anchor_patch,2096,93.5,90.6667,0.25,1,heldout,
real_moleculenet_lipophilicity,mixed_kernel_gp_ei,2096,93.75,90.8333,0.0,1,heldout,
real_moleculenet_lipophilicity,target_acquisition_portfolio,2096,93.5,90.6667,0.25,1,heldout,
real_moleculenet_lipophilicity,fixed_scale_ensemble_0p5_1_1p5_2_3_4,2097,91.0,91.0,2.75,0,heldout,
real_moleculenet_lipophilicity,gp_ucb,2097,91.0,91.0,2.75,0,heldout,
real_moleculenet_lipophilicity,llm_calibrated_selector,2097,91.0,91.0,2.75,0,heldout,target_acquisition_portfolio
real_moleculenet_lipophilicity,llm_evolved_kernel_conservative_patch_low_beta,2097,91.0,91.0,2.75,0,heldout,
real_moleculenet_lipophilicity,llm_evolved_kernel_counter_hypothesis_patch,2097,91.0,91.0,2.75,0,heldout,
real_moleculenet_lipophilicity,llm_evolved_kernel_exploration_patch_high_beta,2097,91.0,91.0,2.75,0,heldout,
real_moleculenet_lipophilicity,llm_evolved_kernel_high_confidence_roles_patch,2097,91.0,91.0,2.75,0,heldout,
real_moleculenet_lipophilicity,llm_evolved_kernel_multi_scale_ensemble_patch,2097,91.0,91.0,2.75,0,heldout,
real_moleculenet_lipophilicity,llm_evolved_kernel_safety_anchor_patch,2097,91.0,91.0,2.75,0,heldout,
real_moleculenet_lipophilicity,mixed_kernel_gp_ei,2097,91.0,91.0,2.75,0,heldout,
real_moleculenet_lipophilicity,target_acquisition_portfolio,2097,91.0,91.0,2.75,0,heldout,
real_moleculenet_lipophilicity,fixed_scale_ensemble_0p5_1_1p5_2_3_4,2098,88.75,77.4583,5.0,0,heldout,
real_moleculenet_lipophilicity,gp_ucb,2098,66.5,66.5,27.25,0,heldout,
real_moleculenet_lipophilicity,llm_calibrated_selector,2098,66.5,66.5,27.25,0,heldout,target_acquisition_portfolio
real_moleculenet_lipophilicity,llm_evolved_kernel_conservative_patch_low_beta,2098,87.5,73.5,6.25,0,heldout,
real_moleculenet_lipophilicity,llm_evolved_kernel_counter_hypothesis_patch,2098,88.75,77.375,5.0,0,heldout,
real_moleculenet_lipophilicity,llm_evolved_kernel_exploration_patch_high_beta,2098,90.0,85.0833,3.75,0,heldout,
real_moleculenet_lipophilicity,llm_evolved_kernel_high_confidence_roles_patch,2098,88.75,78.4167,5.0,0,heldout,
real_moleculenet_lipophilicity,llm_evolved_kernel_multi_scale_ensemble_patch,2098,88.75,77.4583,5.0,0,heldout,
real_moleculenet_lipophilicity,llm_evolved_kernel_safety_anchor_patch,2098,80.0,71.0,13.75,0,heldout,
real_moleculenet_lipophilicity,mixed_kernel_gp_ei,2098,66.5,66.5,27.25,0,heldout,
real_moleculenet_lipophilicity,target_acquisition_portfolio,2098,66.5,66.5,27.25,0,heldout,
real_moleculenet_lipophilicity,fixed_scale_ensemble_0p5_1_1p5_2_3_4,2099,77.5,77.5,16.25,0,heldout,
real_moleculenet_lipophilicity,gp_ucb,2099,77.5,77.5,16.25,0,heldout,
real_moleculenet_lipophilicity,llm_calibrated_selector,2099,77.5,77.5,16.25,0,heldout,target_acquisition_portfolio
real_moleculenet_lipophilicity,llm_evolved_kernel_conservative_patch_low_beta,2099,83.875,83.875,9.875,0,heldout,
real_moleculenet_lipophilicity,llm_evolved_kernel_counter_hypothesis_patch,2099,78.0,78.0,15.75,0,heldout,
real_moleculenet_lipophilicity,llm_evolved_kernel_exploration_patch_high_beta,2099,77.5,77.5,16.25,0,heldout,
real_moleculenet_lipophilicity,llm_evolved_kernel_high_confidence_roles_patch,2099,77.5,77.5,16.25,0,heldout,
real_moleculenet_lipophilicity,llm_evolved_kernel_multi_scale_ensemble_patch,2099,77.5,77.5,16.25,0,heldout,
real_moleculenet_lipophilicity,llm_evolved_kernel_safety_anchor_patch,2099,77.5,77.5,16.25,0,heldout,
real_moleculenet_lipophilicity,mixed_kernel_gp_ei,2099,77.5,77.5,16.25,0,heldout,
real_moleculenet_lipophilicity,target_acquisition_portfolio,2099,77.5,77.5,16.25,0,heldout,
