dataset,mode,seed,final_best,best_so_far_auc,simple_regret,top10_hit,split,selected_source_mode
real_buchwald_hartwig,gp_ucb,27000,78.224,72.2506,21.776,0,calibration,
real_buchwald_hartwig,llambo_warmstart_additive_tpsa_mid_base_tpsa_mid_synergy,27000,95.7526,92.0928,4.2474,0,calibration,
real_buchwald_hartwig,llambo_warmstart_additive_tpsa_mid_base_tpsa_mid_synergy_conservative,27000,95.7526,92.0928,4.2474,0,calibration,
real_buchwald_hartwig,llambo_warmstart_additive_tpsa_mid_base_tpsa_mid_synergy_noprior,27000,95.7526,92.0928,4.2474,0,calibration,
real_buchwald_hartwig,llambo_warmstart_amidine_base_simple_aryl_halide,27000,89.6142,87.0105,10.3858,0,calibration,
real_buchwald_hartwig,llambo_warmstart_amidine_base_simple_aryl_halide_conservative,27000,89.6142,87.0105,10.3858,0,calibration,
real_buchwald_hartwig,llambo_warmstart_amidine_base_simple_aryl_halide_noprior,27000,89.6142,87.0105,10.3858,0,calibration,
real_buchwald_hartwig,llambo_warmstart_conservative_low_semantic_mass,27000,96.1323,87.1136,3.8677,0,calibration,
real_buchwald_hartwig,llambo_warmstart_conservative_low_semantic_mass_conservative,27000,96.1323,87.1136,3.8677,0,calibration,
real_buchwald_hartwig,llambo_warmstart_conservative_low_semantic_mass_noprior,27000,96.1323,87.1136,3.8677,0,calibration,
real_buchwald_hartwig,llambo_warmstart_counter_hypothesis_heteroaromatic_benign,27000,93.1012,72.96,6.8988,0,calibration,
real_buchwald_hartwig,llambo_warmstart_counter_hypothesis_heteroaromatic_benign_conservative,27000,93.1012,72.96,6.8988,0,calibration,
real_buchwald_hartwig,llambo_warmstart_counter_hypothesis_heteroaromatic_benign_noprior,27000,93.1012,72.96,6.8988,0,calibration,
real_buchwald_hartwig,llambo_warmstart_cross_skill_rule_bank,27000,81.2755,78.3886,18.7245,0,calibration,
real_buchwald_hartwig,llambo_warmstart_domain_knowledge_electron_poor_halide,27000,100.0,100.0,0.0,1,calibration,
real_buchwald_hartwig,llambo_warmstart_domain_knowledge_electron_poor_halide_conservative,27000,100.0,100.0,0.0,1,calibration,
real_buchwald_hartwig,llambo_warmstart_domain_knowledge_electron_poor_halide_noprior,27000,100.0,100.0,0.0,1,calibration,
real_buchwald_hartwig,llambo_warmstart_guanidine_base_high_mw_aryl_halide,27000,63.287,63.287,36.713,0,calibration,
real_buchwald_hartwig,llambo_warmstart_guanidine_base_high_mw_aryl_halide_conservative,27000,63.287,63.287,36.713,0,calibration,
real_buchwald_hartwig,llambo_warmstart_guanidine_base_high_mw_aryl_halide_noprior,27000,63.287,63.287,36.713,0,calibration,
real_buchwald_hartwig,llambo_warmstart_high_mw_ligand_low_tpsa_base,27000,99.6191,99.6191,0.3809,1,calibration,
real_buchwald_hartwig,llambo_warmstart_high_mw_ligand_low_tpsa_base_conservative,27000,99.6191,99.6191,0.3809,1,calibration,
real_buchwald_hartwig,llambo_warmstart_high_mw_ligand_low_tpsa_base_noprior,27000,99.6191,99.6191,0.3809,1,calibration,
real_buchwald_hartwig,llambo_warmstart_phosphazene_base_heteroaromatic_halide,27000,98.8492,83.5438,1.1508,1,calibration,
real_buchwald_hartwig,llambo_warmstart_phosphazene_base_heteroaromatic_halide_conservative,27000,98.8492,83.5438,1.1508,1,calibration,
real_buchwald_hartwig,llambo_warmstart_phosphazene_base_heteroaromatic_halide_noprior,27000,98.8492,83.5438,1.1508,1,calibration,
real_buchwald_hartwig,llm_direct_prior_additive_tpsa_mid_base_tpsa_mid_synergy,27000,80.2853,74.3753,19.7147,0,calibration,
real_buchwald_hartwig,llm_direct_prior_additive_tpsa_mid_base_tpsa_mid_synergy_conservative,27000,72.6099,68.4675,27.3901,0,calibration,
real_buchwald_hartwig,llm_direct_prior_additive_tpsa_mid_base_tpsa_mid_synergy_noprior,27000,80.2853,74.3753,19.7147,0,calibration,
real_buchwald_hartwig,llm_direct_prior_amidine_base_simple_aryl_halide,27000,74.4405,73.2317,25.5595,0,calibration,
real_buchwald_hartwig,llm_direct_prior_amidine_base_simple_aryl_halide_conservative,27000,88.5139,78.5893,11.4861,0,calibration,
real_buchwald_hartwig,llm_direct_prior_amidine_base_simple_aryl_halide_noprior,27000,74.4405,73.2317,25.5595,0,calibration,
real_buchwald_hartwig,llm_direct_prior_conservative_low_semantic_mass,27000,85.6592,75.4799,14.3408,0,calibration,
real_buchwald_hartwig,llm_direct_prior_conservative_low_semantic_mass_conservative,27000,85.6592,75.4799,14.3408,0,calibration,
real_buchwald_hartwig,llm_direct_prior_conservative_low_semantic_mass_noprior,27000,85.6592,75.4799,14.3408,0,calibration,
real_buchwald_hartwig,llm_direct_prior_counter_hypothesis_heteroaromatic_benign,27000,75.0247,73.4238,24.9753,0,calibration,
real_buchwald_hartwig,llm_direct_prior_counter_hypothesis_heteroaromatic_benign_conservative,27000,75.5938,70.5482,24.4062,0,calibration,
real_buchwald_hartwig,llm_direct_prior_counter_hypothesis_heteroaromatic_benign_noprior,27000,75.0247,73.4238,24.9753,0,calibration,
real_buchwald_hartwig,llm_direct_prior_cross_skill_rule_bank,27000,77.6278,71.2843,22.3722,0,calibration,
real_buchwald_hartwig,llm_direct_prior_domain_knowledge_electron_poor_halide,27000,97.2929,75.787,2.7071,0,calibration,
real_buchwald_hartwig,llm_direct_prior_domain_knowledge_electron_poor_halide_conservative,27000,93.0995,85.0372,6.9005,0,calibration,
real_buchwald_hartwig,llm_direct_prior_domain_knowledge_electron_poor_halide_noprior,27000,97.2929,75.787,2.7071,0,calibration,
real_buchwald_hartwig,llm_direct_prior_guanidine_base_high_mw_aryl_halide,27000,86.0034,78.1733,13.9966,0,calibration,
real_buchwald_hartwig,llm_direct_prior_guanidine_base_high_mw_aryl_halide_conservative,27000,98.7313,71.6051,1.2687,1,calibration,
real_buchwald_hartwig,llm_direct_prior_guanidine_base_high_mw_aryl_halide_noprior,27000,86.0034,78.1733,13.9966,0,calibration,
real_buchwald_hartwig,llm_direct_prior_high_mw_ligand_low_tpsa_base,27000,92.127,87.1944,7.873,0,calibration,
real_buchwald_hartwig,llm_direct_prior_high_mw_ligand_low_tpsa_base_conservative,27000,92.2093,87.2026,7.7907,0,calibration,
real_buchwald_hartwig,llm_direct_prior_high_mw_ligand_low_tpsa_base_noprior,27000,92.127,87.1944,7.873,0,calibration,
real_buchwald_hartwig,llm_direct_prior_phosphazene_base_heteroaromatic_halide,27000,89.8977,85.2038,10.1023,0,calibration,
real_buchwald_hartwig,llm_direct_prior_phosphazene_base_heteroaromatic_halide_conservative,27000,89.8977,85.2038,10.1023,0,calibration,
real_buchwald_hartwig,llm_direct_prior_phosphazene_base_heteroaromatic_halide_noprior,27000,89.8977,85.2038,10.1023,0,calibration,
real_buchwald_hartwig,llm_semantic_additive_tpsa_mid_base_tpsa_mid_synergy,27000,86.7926,72.5374,13.2074,0,calibration,
real_buchwald_hartwig,llm_semantic_additive_tpsa_mid_base_tpsa_mid_synergy_conservative,27000,77.5102,71.2244,22.4898,0,calibration,
real_buchwald_hartwig,llm_semantic_additive_tpsa_mid_base_tpsa_mid_synergy_noprior,27000,86.7621,78.0119,13.2379,0,calibration,
real_buchwald_hartwig,llm_semantic_amidine_base_simple_aryl_halide,27000,86.7621,82.9327,13.2379,0,calibration,
real_buchwald_hartwig,llm_semantic_amidine_base_simple_aryl_halide_conservative,27000,85.4018,81.6071,14.5982,0,calibration,
real_buchwald_hartwig,llm_semantic_amidine_base_simple_aryl_halide_noprior,27000,92.3912,83.7039,7.6088,0,calibration,
real_buchwald_hartwig,llm_semantic_conservative_low_semantic_mass,27000,89.4741,78.207,10.5259,0,calibration,
real_buchwald_hartwig,llm_semantic_conservative_low_semantic_mass_conservative,27000,86.4154,77.3654,13.5846,0,calibration,
real_buchwald_hartwig,llm_semantic_conservative_low_semantic_mass_noprior,27000,86.4154,77.3654,13.5846,0,calibration,
real_buchwald_hartwig,llm_semantic_counter_hypothesis_heteroaromatic_benign,27000,98.2872,87.6707,1.7128,1,calibration,
real_buchwald_hartwig,llm_semantic_counter_hypothesis_heteroaromatic_benign_conservative,27000,89.8977,71.122,10.1023,0,calibration,
real_buchwald_hartwig,llm_semantic_counter_hypothesis_heteroaromatic_benign_noprior,27000,84.4027,70.023,15.5973,0,calibration,
real_buchwald_hartwig,llm_semantic_cross_skill_rule_bank,27000,92.127,88.1029,7.873,0,calibration,
real_buchwald_hartwig,llm_semantic_domain_knowledge_electron_poor_halide,27000,86.1982,86.0027,13.8018,0,calibration,
real_buchwald_hartwig,llm_semantic_domain_knowledge_electron_poor_halide_conservative,27000,81.9976,73.9438,18.0024,0,calibration,
real_buchwald_hartwig,llm_semantic_domain_knowledge_electron_poor_halide_noprior,27000,73.5742,70.3303,26.4258,0,calibration,
real_buchwald_hartwig,llm_semantic_guanidine_base_high_mw_aryl_halide,27000,71.1508,69.0906,28.8492,0,calibration,
real_buchwald_hartwig,llm_semantic_guanidine_base_high_mw_aryl_halide_conservative,27000,66.4281,66.4281,33.5719,0,calibration,
real_buchwald_hartwig,llm_semantic_guanidine_base_high_mw_aryl_halide_noprior,27000,83.4092,73.0886,16.5908,0,calibration,
real_buchwald_hartwig,llm_semantic_high_mw_ligand_low_tpsa_base,27000,89.6142,78.2238,10.3858,0,calibration,
real_buchwald_hartwig,llm_semantic_high_mw_ligand_low_tpsa_base_conservative,27000,87.5291,77.1932,12.4709,0,calibration,
real_buchwald_hartwig,llm_semantic_high_mw_ligand_low_tpsa_base_noprior,27000,89.6142,82.1564,10.3858,0,calibration,
real_buchwald_hartwig,llm_semantic_phosphazene_base_heteroaromatic_halide,27000,92.3912,82.7951,7.6088,0,calibration,
real_buchwald_hartwig,llm_semantic_phosphazene_base_heteroaromatic_halide_conservative,27000,94.5498,82.3487,5.4502,0,calibration,
real_buchwald_hartwig,llm_semantic_phosphazene_base_heteroaromatic_halide_noprior,27000,92.3912,83.5842,7.6088,0,calibration,
real_buchwald_hartwig,mixed_kernel_gp_ei,27000,93.0326,84.5037,6.9674,0,calibration,
real_buchwald_hartwig,target_acquisition_portfolio,27000,92.8977,83.8621,7.1023,0,calibration,
real_buchwald_hartwig,gp_ucb,27001,82.4636,78.3579,17.5364,0,calibration,
real_buchwald_hartwig,llambo_warmstart_additive_tpsa_mid_base_tpsa_mid_synergy,27001,93.7486,81.9978,6.2514,0,calibration,
real_buchwald_hartwig,llambo_warmstart_additive_tpsa_mid_base_tpsa_mid_synergy_conservative,27001,93.7486,81.9978,6.2514,0,calibration,
real_buchwald_hartwig,llambo_warmstart_additive_tpsa_mid_base_tpsa_mid_synergy_noprior,27001,93.7486,81.9978,6.2514,0,calibration,
real_buchwald_hartwig,llambo_warmstart_amidine_base_simple_aryl_halide,27001,93.4211,88.5088,6.5789,0,calibration,
real_buchwald_hartwig,llambo_warmstart_amidine_base_simple_aryl_halide_conservative,27001,93.4211,88.5088,6.5789,0,calibration,
real_buchwald_hartwig,llambo_warmstart_amidine_base_simple_aryl_halide_noprior,27001,93.4211,88.5088,6.5789,0,calibration,
real_buchwald_hartwig,llambo_warmstart_conservative_low_semantic_mass,27001,83.8384,58.4853,16.1616,0,calibration,
real_buchwald_hartwig,llambo_warmstart_conservative_low_semantic_mass_conservative,27001,83.8384,58.4853,16.1616,0,calibration,
real_buchwald_hartwig,llambo_warmstart_conservative_low_semantic_mass_noprior,27001,83.8384,58.4853,16.1616,0,calibration,
real_buchwald_hartwig,llambo_warmstart_counter_hypothesis_heteroaromatic_benign,27001,93.3108,89.5518,6.6892,0,calibration,
real_buchwald_hartwig,llambo_warmstart_counter_hypothesis_heteroaromatic_benign_conservative,27001,93.3108,89.5518,6.6892,0,calibration,
real_buchwald_hartwig,llambo_warmstart_counter_hypothesis_heteroaromatic_benign_noprior,27001,93.3108,89.5518,6.6892,0,calibration,
real_buchwald_hartwig,llambo_warmstart_cross_skill_rule_bank,27001,98.8492,96.6816,1.1508,1,calibration,
real_buchwald_hartwig,llambo_warmstart_domain_knowledge_electron_poor_halide,27001,93.3108,88.8231,6.6892,0,calibration,
real_buchwald_hartwig,llambo_warmstart_domain_knowledge_electron_poor_halide_conservative,27001,93.3108,88.8231,6.6892,0,calibration,
real_buchwald_hartwig,llambo_warmstart_domain_knowledge_electron_poor_halide_noprior,27001,93.3108,88.8231,6.6892,0,calibration,
real_buchwald_hartwig,llambo_warmstart_guanidine_base_high_mw_aryl_halide,27001,100.0,95.1368,0.0,1,calibration,
real_buchwald_hartwig,llambo_warmstart_guanidine_base_high_mw_aryl_halide_conservative,27001,100.0,95.1368,0.0,1,calibration,
real_buchwald_hartwig,llambo_warmstart_guanidine_base_high_mw_aryl_halide_noprior,27001,100.0,95.1368,0.0,1,calibration,
real_buchwald_hartwig,llambo_warmstart_high_mw_ligand_low_tpsa_base,27001,93.3108,88.8231,6.6892,0,calibration,
real_buchwald_hartwig,llambo_warmstart_high_mw_ligand_low_tpsa_base_conservative,27001,93.3108,88.8231,6.6892,0,calibration,
real_buchwald_hartwig,llambo_warmstart_high_mw_ligand_low_tpsa_base_noprior,27001,93.3108,88.8231,6.6892,0,calibration,
real_buchwald_hartwig,llambo_warmstart_phosphazene_base_heteroaromatic_halide,27001,99.6191,90.0157,0.3809,1,calibration,
real_buchwald_hartwig,llambo_warmstart_phosphazene_base_heteroaromatic_halide_conservative,27001,99.6191,90.0157,0.3809,1,calibration,
real_buchwald_hartwig,llambo_warmstart_phosphazene_base_heteroaromatic_halide_noprior,27001,99.6191,90.0157,0.3809,1,calibration,
real_buchwald_hartwig,llm_direct_prior_additive_tpsa_mid_base_tpsa_mid_synergy,27001,74.6116,74.6116,25.3884,0,calibration,
real_buchwald_hartwig,llm_direct_prior_additive_tpsa_mid_base_tpsa_mid_synergy_conservative,27001,91.3733,79.3033,8.6267,0,calibration,
real_buchwald_hartwig,llm_direct_prior_additive_tpsa_mid_base_tpsa_mid_synergy_noprior,27001,74.6116,74.6116,25.3884,0,calibration,
real_buchwald_hartwig,llm_direct_prior_amidine_base_simple_aryl_halide,27001,83.0965,83.0965,16.9035,0,calibration,
real_buchwald_hartwig,llm_direct_prior_amidine_base_simple_aryl_halide_conservative,27001,100.0,88.913,0.0,1,calibration,
real_buchwald_hartwig,llm_direct_prior_amidine_base_simple_aryl_halide_noprior,27001,83.0965,83.0965,16.9035,0,calibration,
real_buchwald_hartwig,llm_direct_prior_conservative_low_semantic_mass,27001,83.3036,79.8487,16.6964,0,calibration,
real_buchwald_hartwig,llm_direct_prior_conservative_low_semantic_mass_conservative,27001,83.3036,79.8487,16.6964,0,calibration,
real_buchwald_hartwig,llm_direct_prior_conservative_low_semantic_mass_noprior,27001,83.3036,79.8487,16.6964,0,calibration,
real_buchwald_hartwig,llm_direct_prior_counter_hypothesis_heteroaromatic_benign,27001,83.0965,80.0082,16.9035,0,calibration,
real_buchwald_hartwig,llm_direct_prior_counter_hypothesis_heteroaromatic_benign_conservative,27001,83.0965,80.2225,16.9035,0,calibration,
real_buchwald_hartwig,llm_direct_prior_counter_hypothesis_heteroaromatic_benign_noprior,27001,83.0965,80.0082,16.9035,0,calibration,
real_buchwald_hartwig,llm_direct_prior_cross_skill_rule_bank,27001,97.5685,82.2136,2.4315,1,calibration,
real_buchwald_hartwig,llm_direct_prior_domain_knowledge_electron_poor_halide,27001,100.0,89.4197,0.0,1,calibration,
real_buchwald_hartwig,llm_direct_prior_domain_knowledge_electron_poor_halide_conservative,27001,99.0345,89.9096,0.9655,1,calibration,
real_buchwald_hartwig,llm_direct_prior_domain_knowledge_electron_poor_halide_noprior,27001,100.0,89.4197,0.0,1,calibration,
real_buchwald_hartwig,llm_direct_prior_guanidine_base_high_mw_aryl_halide,27001,91.9334,87.1273,8.0666,0,calibration,
real_buchwald_hartwig,llm_direct_prior_guanidine_base_high_mw_aryl_halide_conservative,27001,91.2097,84.5748,8.7903,0,calibration,
real_buchwald_hartwig,llm_direct_prior_guanidine_base_high_mw_aryl_halide_noprior,27001,91.9334,87.1273,8.0666,0,calibration,
real_buchwald_hartwig,llm_direct_prior_high_mw_ligand_low_tpsa_base,27001,99.0345,85.0995,0.9655,1,calibration,
real_buchwald_hartwig,llm_direct_prior_high_mw_ligand_low_tpsa_base_conservative,27001,95.6759,87.8488,4.3241,0,calibration,
real_buchwald_hartwig,llm_direct_prior_high_mw_ligand_low_tpsa_base_noprior,27001,99.0345,85.0995,0.9655,1,calibration,
real_buchwald_hartwig,llm_direct_prior_phosphazene_base_heteroaromatic_halide,27001,94.2969,86.7501,5.7031,0,calibration,
real_buchwald_hartwig,llm_direct_prior_phosphazene_base_heteroaromatic_halide_conservative,27001,91.3733,81.6739,8.6267,0,calibration,
real_buchwald_hartwig,llm_direct_prior_phosphazene_base_heteroaromatic_halide_noprior,27001,94.2969,86.7501,5.7031,0,calibration,
real_buchwald_hartwig,llm_semantic_additive_tpsa_mid_base_tpsa_mid_synergy,27001,86.4971,77.8078,13.5029,0,calibration,
real_buchwald_hartwig,llm_semantic_additive_tpsa_mid_base_tpsa_mid_synergy_conservative,27001,88.5139,76.5091,11.4861,0,calibration,
real_buchwald_hartwig,llm_semantic_additive_tpsa_mid_base_tpsa_mid_synergy_noprior,27001,89.6142,78.8007,10.3858,0,calibration,
real_buchwald_hartwig,llm_semantic_amidine_base_simple_aryl_halide,27001,100.0,90.7629,0.0,1,calibration,
real_buchwald_hartwig,llm_semantic_amidine_base_simple_aryl_halide_conservative,27001,99.6191,91.0861,0.3809,1,calibration,
real_buchwald_hartwig,llm_semantic_amidine_base_simple_aryl_halide_noprior,27001,95.7526,93.1275,4.2474,0,calibration,
real_buchwald_hartwig,llm_semantic_conservative_low_semantic_mass,27001,99.6191,94.5069,0.3809,1,calibration,
real_buchwald_hartwig,llm_semantic_conservative_low_semantic_mass_conservative,27001,99.6191,94.5069,0.3809,1,calibration,
real_buchwald_hartwig,llm_semantic_conservative_low_semantic_mass_noprior,27001,99.6191,94.5069,0.3809,1,calibration,
real_buchwald_hartwig,llm_semantic_counter_hypothesis_heteroaromatic_benign,27001,95.3865,90.5533,4.6135,0,calibration,
real_buchwald_hartwig,llm_semantic_counter_hypothesis_heteroaromatic_benign_conservative,27001,97.5685,92.3567,2.4315,1,calibration,
real_buchwald_hartwig,llm_semantic_counter_hypothesis_heteroaromatic_benign_noprior,27001,97.5685,90.3209,2.4315,1,calibration,
real_buchwald_hartwig,llm_semantic_cross_skill_rule_bank,27001,97.5685,87.7499,2.4315,1,calibration,
real_buchwald_hartwig,llm_semantic_domain_knowledge_electron_poor_halide,27001,88.5139,78.3789,11.4861,0,calibration,
real_buchwald_hartwig,llm_semantic_domain_knowledge_electron_poor_halide_conservative,27001,74.6116,74.6116,25.3884,0,calibration,
real_buchwald_hartwig,llm_semantic_domain_knowledge_electron_poor_halide_noprior,27001,84.93,79.7708,15.07,0,calibration,
real_buchwald_hartwig,llm_semantic_guanidine_base_high_mw_aryl_halide,27001,86.1944,82.2703,13.8056,0,calibration,
real_buchwald_hartwig,llm_semantic_guanidine_base_high_mw_aryl_halide_conservative,27001,93.0289,80.1036,6.9711,0,calibration,
real_buchwald_hartwig,llm_semantic_guanidine_base_high_mw_aryl_halide_noprior,27001,86.4971,81.7429,13.5029,0,calibration,
real_buchwald_hartwig,llm_semantic_high_mw_ligand_low_tpsa_base,27001,100.0,93.4279,0.0,1,calibration,
real_buchwald_hartwig,llm_semantic_high_mw_ligand_low_tpsa_base_conservative,27001,97.5685,92.8654,2.4315,1,calibration,
real_buchwald_hartwig,llm_semantic_high_mw_ligand_low_tpsa_base_noprior,27001,100.0,91.3532,0.0,1,calibration,
real_buchwald_hartwig,llm_semantic_phosphazene_base_heteroaromatic_halide,27001,96.1323,86.5869,3.8677,0,calibration,
real_buchwald_hartwig,llm_semantic_phosphazene_base_heteroaromatic_halide_conservative,27001,92.1197,79.5879,7.8803,0,calibration,
real_buchwald_hartwig,llm_semantic_phosphazene_base_heteroaromatic_halide_noprior,27001,89.6142,82.9931,10.3858,0,calibration,
real_buchwald_hartwig,mixed_kernel_gp_ei,27001,83.3036,82.2664,16.6964,0,calibration,
real_buchwald_hartwig,target_acquisition_portfolio,27001,95.3865,87.2134,4.6135,0,calibration,
real_buchwald_hartwig,gp_ucb,27002,90.9905,86.0133,9.0095,0,calibration,
real_buchwald_hartwig,llambo_warmstart_additive_tpsa_mid_base_tpsa_mid_synergy,27002,98.8492,88.8183,1.1508,1,calibration,
real_buchwald_hartwig,llambo_warmstart_additive_tpsa_mid_base_tpsa_mid_synergy_conservative,27002,98.8492,88.8183,1.1508,1,calibration,
real_buchwald_hartwig,llambo_warmstart_additive_tpsa_mid_base_tpsa_mid_synergy_noprior,27002,98.8492,88.8183,1.1508,1,calibration,
real_buchwald_hartwig,llambo_warmstart_amidine_base_simple_aryl_halide,27002,85.8123,84.1102,14.1877,0,calibration,
real_buchwald_hartwig,llambo_warmstart_amidine_base_simple_aryl_halide_conservative,27002,85.8123,84.1102,14.1877,0,calibration,
real_buchwald_hartwig,llambo_warmstart_amidine_base_simple_aryl_halide_noprior,27002,85.8123,84.1102,14.1877,0,calibration,
real_buchwald_hartwig,llambo_warmstart_conservative_low_semantic_mass,27002,93.5641,86.4292,6.4359,0,calibration,
real_buchwald_hartwig,llambo_warmstart_conservative_low_semantic_mass_conservative,27002,93.5641,86.4292,6.4359,0,calibration,
real_buchwald_hartwig,llambo_warmstart_conservative_low_semantic_mass_noprior,27002,93.5641,86.4292,6.4359,0,calibration,
real_buchwald_hartwig,llambo_warmstart_counter_hypothesis_heteroaromatic_benign,27002,88.1675,84.151,11.8325,0,calibration,
real_buchwald_hartwig,llambo_warmstart_counter_hypothesis_heteroaromatic_benign_conservative,27002,88.1675,84.151,11.8325,0,calibration,
real_buchwald_hartwig,llambo_warmstart_counter_hypothesis_heteroaromatic_benign_noprior,27002,88.1675,84.151,11.8325,0,calibration,
real_buchwald_hartwig,llambo_warmstart_cross_skill_rule_bank,27002,98.2872,84.8074,1.7128,1,calibration,
real_buchwald_hartwig,llambo_warmstart_domain_knowledge_electron_poor_halide,27002,68.765,58.9897,31.235,0,calibration,
real_buchwald_hartwig,llambo_warmstart_domain_knowledge_electron_poor_halide_conservative,27002,68.765,58.9897,31.235,0,calibration,
real_buchwald_hartwig,llambo_warmstart_domain_knowledge_electron_poor_halide_noprior,27002,68.765,58.9897,31.235,0,calibration,
real_buchwald_hartwig,llambo_warmstart_guanidine_base_high_mw_aryl_halide,27002,98.8492,90.1794,1.1508,1,calibration,
real_buchwald_hartwig,llambo_warmstart_guanidine_base_high_mw_aryl_halide_conservative,27002,98.8492,90.1794,1.1508,1,calibration,
real_buchwald_hartwig,llambo_warmstart_guanidine_base_high_mw_aryl_halide_noprior,27002,98.8492,90.1794,1.1508,1,calibration,
real_buchwald_hartwig,llambo_warmstart_high_mw_ligand_low_tpsa_base,27002,98.8492,95.9646,1.1508,1,calibration,
real_buchwald_hartwig,llambo_warmstart_high_mw_ligand_low_tpsa_base_conservative,27002,98.8492,95.9646,1.1508,1,calibration,
real_buchwald_hartwig,llambo_warmstart_high_mw_ligand_low_tpsa_base_noprior,27002,98.8492,95.9646,1.1508,1,calibration,
real_buchwald_hartwig,llambo_warmstart_phosphazene_base_heteroaromatic_halide,27002,86.7621,77.6754,13.2379,0,calibration,
real_buchwald_hartwig,llambo_warmstart_phosphazene_base_heteroaromatic_halide_conservative,27002,86.7621,77.6754,13.2379,0,calibration,
real_buchwald_hartwig,llambo_warmstart_phosphazene_base_heteroaromatic_halide_noprior,27002,86.7621,77.6754,13.2379,0,calibration,
real_buchwald_hartwig,llm_direct_prior_additive_tpsa_mid_base_tpsa_mid_synergy,27002,80.2853,76.6328,19.7147,0,calibration,
real_buchwald_hartwig,llm_direct_prior_additive_tpsa_mid_base_tpsa_mid_synergy_conservative,27002,83.0823,77.7581,16.9177,0,calibration,
real_buchwald_hartwig,llm_direct_prior_additive_tpsa_mid_base_tpsa_mid_synergy_noprior,27002,80.2853,76.6328,19.7147,0,calibration,
real_buchwald_hartwig,llm_direct_prior_amidine_base_simple_aryl_halide,27002,82.6307,81.6758,17.3693,0,calibration,
real_buchwald_hartwig,llm_direct_prior_amidine_base_simple_aryl_halide_conservative,27002,85.8947,82.0022,14.1053,0,calibration,
real_buchwald_hartwig,llm_direct_prior_amidine_base_simple_aryl_halide_noprior,27002,82.6307,81.6758,17.3693,0,calibration,
real_buchwald_hartwig,llm_direct_prior_conservative_low_semantic_mass,27002,82.6307,77.7235,17.3693,0,calibration,
real_buchwald_hartwig,llm_direct_prior_conservative_low_semantic_mass_conservative,27002,82.6307,77.7235,17.3693,0,calibration,
real_buchwald_hartwig,llm_direct_prior_conservative_low_semantic_mass_noprior,27002,82.6307,77.7235,17.3693,0,calibration,
real_buchwald_hartwig,llm_direct_prior_counter_hypothesis_heteroaromatic_benign,27002,82.6307,81.6758,17.3693,0,calibration,
real_buchwald_hartwig,llm_direct_prior_counter_hypothesis_heteroaromatic_benign_conservative,27002,82.6307,81.6758,17.3693,0,calibration,
real_buchwald_hartwig,llm_direct_prior_counter_hypothesis_heteroaromatic_benign_noprior,27002,82.6307,81.6758,17.3693,0,calibration,
real_buchwald_hartwig,llm_direct_prior_cross_skill_rule_bank,27002,90.6444,83.8385,9.3556,0,calibration,
real_buchwald_hartwig,llm_direct_prior_domain_knowledge_electron_poor_halide,27002,99.0345,88.3562,0.9655,1,calibration,
real_buchwald_hartwig,llm_direct_prior_domain_knowledge_electron_poor_halide_conservative,27002,99.0345,92.1292,0.9655,1,calibration,
real_buchwald_hartwig,llm_direct_prior_domain_knowledge_electron_poor_halide_noprior,27002,99.0345,88.3562,0.9655,1,calibration,
real_buchwald_hartwig,llm_direct_prior_guanidine_base_high_mw_aryl_halide,27002,83.7372,75.1317,16.2628,0,calibration,
real_buchwald_hartwig,llm_direct_prior_guanidine_base_high_mw_aryl_halide_conservative,27002,84.7017,79.1922,15.2983,0,calibration,
real_buchwald_hartwig,llm_direct_prior_guanidine_base_high_mw_aryl_halide_noprior,27002,83.7372,75.1317,16.2628,0,calibration,
real_buchwald_hartwig,llm_direct_prior_high_mw_ligand_low_tpsa_base,27002,99.0345,85.8492,0.9655,1,calibration,
real_buchwald_hartwig,llm_direct_prior_high_mw_ligand_low_tpsa_base_conservative,27002,99.0345,87.6966,0.9655,1,calibration,
real_buchwald_hartwig,llm_direct_prior_high_mw_ligand_low_tpsa_base_noprior,27002,99.0345,85.8492,0.9655,1,calibration,
real_buchwald_hartwig,llm_direct_prior_phosphazene_base_heteroaromatic_halide,27002,91.3733,87.2278,8.6267,0,calibration,
real_buchwald_hartwig,llm_direct_prior_phosphazene_base_heteroaromatic_halide_conservative,27002,91.3733,88.0569,8.6267,0,calibration,
real_buchwald_hartwig,llm_direct_prior_phosphazene_base_heteroaromatic_halide_noprior,27002,91.3733,87.2278,8.6267,0,calibration,
real_buchwald_hartwig,llm_semantic_additive_tpsa_mid_base_tpsa_mid_synergy,27002,80.1023,77.0815,19.8977,0,calibration,
real_buchwald_hartwig,llm_semantic_additive_tpsa_mid_base_tpsa_mid_synergy_conservative,27002,86.2002,83.7723,13.7998,0,calibration,
real_buchwald_hartwig,llm_semantic_additive_tpsa_mid_base_tpsa_mid_synergy_noprior,27002,90.9905,80.6412,9.0095,0,calibration,
real_buchwald_hartwig,llm_semantic_amidine_base_simple_aryl_halide,27002,98.1771,88.7578,1.8229,1,calibration,
real_buchwald_hartwig,llm_semantic_amidine_base_simple_aryl_halide_conservative,27002,95.7526,87.4026,4.2474,0,calibration,
real_buchwald_hartwig,llm_semantic_amidine_base_simple_aryl_halide_noprior,27002,92.659,85.6031,7.341,0,calibration,
real_buchwald_hartwig,llm_semantic_conservative_low_semantic_mass,27002,98.1771,94.399,1.8229,1,calibration,
real_buchwald_hartwig,llm_semantic_conservative_low_semantic_mass_conservative,27002,98.1771,94.399,1.8229,1,calibration,
real_buchwald_hartwig,llm_semantic_conservative_low_semantic_mass_noprior,27002,98.1771,94.399,1.8229,1,calibration,
real_buchwald_hartwig,llm_semantic_counter_hypothesis_heteroaromatic_benign,27002,92.9567,84.0334,7.0433,0,calibration,
real_buchwald_hartwig,llm_semantic_counter_hypothesis_heteroaromatic_benign_conservative,27002,96.1323,85.2569,3.8677,0,calibration,
real_buchwald_hartwig,llm_semantic_counter_hypothesis_heteroaromatic_benign_noprior,27002,88.4043,81.5419,11.5957,0,calibration,
real_buchwald_hartwig,llm_semantic_cross_skill_rule_bank,27002,92.1197,86.702,7.8803,0,calibration,
real_buchwald_hartwig,llm_semantic_domain_knowledge_electron_poor_halide,27002,96.1323,82.8699,3.8677,0,calibration,
real_buchwald_hartwig,llm_semantic_domain_knowledge_electron_poor_halide_conservative,27002,74.1058,73.543,25.8942,0,calibration,
real_buchwald_hartwig,llm_semantic_domain_knowledge_electron_poor_halide_noprior,27002,85.2207,81.3113,14.7793,0,calibration,
real_buchwald_hartwig,llm_semantic_guanidine_base_high_mw_aryl_halide,27002,73.2464,73.0335,26.7536,0,calibration,
real_buchwald_hartwig,llm_semantic_guanidine_base_high_mw_aryl_halide_conservative,27002,96.1323,86.5196,3.8677,0,calibration,
real_buchwald_hartwig,llm_semantic_guanidine_base_high_mw_aryl_halide_noprior,27002,86.2002,76.9463,13.7998,0,calibration,
real_buchwald_hartwig,llm_semantic_high_mw_ligand_low_tpsa_base,27002,90.9905,80.1844,9.0095,0,calibration,
real_buchwald_hartwig,llm_semantic_high_mw_ligand_low_tpsa_base_conservative,27002,92.659,84.2007,7.341,0,calibration,
real_buchwald_hartwig,llm_semantic_high_mw_ligand_low_tpsa_base_noprior,27002,83.4092,81.6296,16.5908,0,calibration,
real_buchwald_hartwig,llm_semantic_phosphazene_base_heteroaromatic_halide,27002,92.1197,84.8961,7.8803,0,calibration,
real_buchwald_hartwig,llm_semantic_phosphazene_base_heteroaromatic_halide_conservative,27002,83.4092,75.0406,16.5908,0,calibration,
real_buchwald_hartwig,llm_semantic_phosphazene_base_heteroaromatic_halide_noprior,27002,92.1197,83.0902,7.8803,0,calibration,
real_buchwald_hartwig,mixed_kernel_gp_ei,27002,90.9905,87.3812,9.0095,0,calibration,
real_buchwald_hartwig,target_acquisition_portfolio,27002,90.9905,86.0133,9.0095,0,calibration,
real_buchwald_hartwig,gp_ucb,27003,89.6142,85.2961,10.3858,0,calibration,
real_buchwald_hartwig,llambo_warmstart_additive_tpsa_mid_base_tpsa_mid_synergy,27003,72.7059,68.3939,27.2941,0,calibration,
real_buchwald_hartwig,llambo_warmstart_additive_tpsa_mid_base_tpsa_mid_synergy_conservative,27003,72.7059,68.3939,27.2941,0,calibration,
real_buchwald_hartwig,llambo_warmstart_additive_tpsa_mid_base_tpsa_mid_synergy_noprior,27003,72.7059,68.3939,27.2941,0,calibration,
real_buchwald_hartwig,llambo_warmstart_amidine_base_simple_aryl_halide,27003,99.0345,84.3403,0.9655,1,calibration,
real_buchwald_hartwig,llambo_warmstart_amidine_base_simple_aryl_halide_conservative,27003,99.0345,84.3403,0.9655,1,calibration,
real_buchwald_hartwig,llambo_warmstart_amidine_base_simple_aryl_halide_noprior,27003,99.0345,84.3403,0.9655,1,calibration,
real_buchwald_hartwig,llambo_warmstart_conservative_low_semantic_mass,27003,93.3108,93.3108,6.6892,0,calibration,
real_buchwald_hartwig,llambo_warmstart_conservative_low_semantic_mass_conservative,27003,93.3108,93.3108,6.6892,0,calibration,
real_buchwald_hartwig,llambo_warmstart_conservative_low_semantic_mass_noprior,27003,93.3108,93.3108,6.6892,0,calibration,
real_buchwald_hartwig,llambo_warmstart_counter_hypothesis_heteroaromatic_benign,27003,83.0547,80.1536,16.9453,0,calibration,
real_buchwald_hartwig,llambo_warmstart_counter_hypothesis_heteroaromatic_benign_conservative,27003,83.0547,80.1536,16.9453,0,calibration,
real_buchwald_hartwig,llambo_warmstart_counter_hypothesis_heteroaromatic_benign_noprior,27003,83.0547,80.1536,16.9453,0,calibration,
real_buchwald_hartwig,llambo_warmstart_cross_skill_rule_bank,27003,89.1299,84.8084,10.8701,0,calibration,
real_buchwald_hartwig,llambo_warmstart_domain_knowledge_electron_poor_halide,27003,92.9142,92.9142,7.0858,0,calibration,
real_buchwald_hartwig,llambo_warmstart_domain_knowledge_electron_poor_halide_conservative,27003,92.9142,92.9142,7.0858,0,calibration,
real_buchwald_hartwig,llambo_warmstart_domain_knowledge_electron_poor_halide_noprior,27003,92.9142,92.9142,7.0858,0,calibration,
real_buchwald_hartwig,llambo_warmstart_guanidine_base_high_mw_aryl_halide,27003,75.0606,67.3704,24.9394,0,calibration,
real_buchwald_hartwig,llambo_warmstart_guanidine_base_high_mw_aryl_halide_conservative,27003,75.0606,67.3704,24.9394,0,calibration,
real_buchwald_hartwig,llambo_warmstart_guanidine_base_high_mw_aryl_halide_noprior,27003,75.0606,67.3704,24.9394,0,calibration,
real_buchwald_hartwig,llambo_warmstart_high_mw_ligand_low_tpsa_base,27003,84.93,79.4308,15.07,0,calibration,
real_buchwald_hartwig,llambo_warmstart_high_mw_ligand_low_tpsa_base_conservative,27003,84.93,79.4308,15.07,0,calibration,
real_buchwald_hartwig,llambo_warmstart_high_mw_ligand_low_tpsa_base_noprior,27003,84.93,79.4308,15.07,0,calibration,
real_buchwald_hartwig,llambo_warmstart_phosphazene_base_heteroaromatic_halide,27003,71.5529,69.6725,28.4471,0,calibration,
real_buchwald_hartwig,llambo_warmstart_phosphazene_base_heteroaromatic_halide_conservative,27003,71.5529,69.6725,28.4471,0,calibration,
real_buchwald_hartwig,llambo_warmstart_phosphazene_base_heteroaromatic_halide_noprior,27003,71.5529,69.6725,28.4471,0,calibration,
real_buchwald_hartwig,llm_direct_prior_additive_tpsa_mid_base_tpsa_mid_synergy,27003,80.978,80.978,19.022,0,calibration,
real_buchwald_hartwig,llm_direct_prior_additive_tpsa_mid_base_tpsa_mid_synergy_conservative,27003,97.5685,86.0096,2.4315,1,calibration,
real_buchwald_hartwig,llm_direct_prior_additive_tpsa_mid_base_tpsa_mid_synergy_noprior,27003,80.978,80.978,19.022,0,calibration,
real_buchwald_hartwig,llm_direct_prior_amidine_base_simple_aryl_halide,27003,83.2944,81.2616,16.7056,0,calibration,
real_buchwald_hartwig,llm_direct_prior_amidine_base_simple_aryl_halide_conservative,27003,83.2944,81.4413,16.7056,0,calibration,
real_buchwald_hartwig,llm_direct_prior_amidine_base_simple_aryl_halide_noprior,27003,83.2944,81.2616,16.7056,0,calibration,
real_buchwald_hartwig,llm_direct_prior_conservative_low_semantic_mass,27003,98.7313,83.2886,1.2687,1,calibration,
real_buchwald_hartwig,llm_direct_prior_conservative_low_semantic_mass_conservative,27003,98.7313,83.2886,1.2687,1,calibration,
real_buchwald_hartwig,llm_direct_prior_conservative_low_semantic_mass_noprior,27003,98.7313,83.2886,1.2687,1,calibration,
real_buchwald_hartwig,llm_direct_prior_counter_hypothesis_heteroaromatic_benign,27003,81.1512,81.03,18.8488,0,calibration,
real_buchwald_hartwig,llm_direct_prior_counter_hypothesis_heteroaromatic_benign_conservative,27003,82.3289,81.5184,17.6711,0,calibration,
real_buchwald_hartwig,llm_direct_prior_counter_hypothesis_heteroaromatic_benign_noprior,27003,81.1512,81.03,18.8488,0,calibration,
real_buchwald_hartwig,llm_direct_prior_cross_skill_rule_bank,27003,100.0,98.298,0.0,1,calibration,
real_buchwald_hartwig,llm_direct_prior_domain_knowledge_electron_poor_halide,27003,84.7017,82.0951,15.2983,0,calibration,
real_buchwald_hartwig,llm_direct_prior_domain_knowledge_electron_poor_halide_conservative,27003,96.1323,86.354,3.8677,0,calibration,
real_buchwald_hartwig,llm_direct_prior_domain_knowledge_electron_poor_halide_noprior,27003,84.7017,82.0951,15.2983,0,calibration,
real_buchwald_hartwig,llm_direct_prior_guanidine_base_high_mw_aryl_halide,27003,82.3289,81.1131,17.6711,0,calibration,
real_buchwald_hartwig,llm_direct_prior_guanidine_base_high_mw_aryl_halide_conservative,27003,97.5685,89.2732,2.4315,1,calibration,
real_buchwald_hartwig,llm_direct_prior_guanidine_base_high_mw_aryl_halide_noprior,27003,82.3289,81.1131,17.6711,0,calibration,
real_buchwald_hartwig,llm_direct_prior_high_mw_ligand_low_tpsa_base,27003,84.7017,82.5086,15.2983,0,calibration,
real_buchwald_hartwig,llm_direct_prior_high_mw_ligand_low_tpsa_base_conservative,27003,90.3173,87.3167,9.6827,0,calibration,
real_buchwald_hartwig,llm_direct_prior_high_mw_ligand_low_tpsa_base_noprior,27003,84.7017,82.5086,15.2983,0,calibration,
real_buchwald_hartwig,llm_direct_prior_phosphazene_base_heteroaromatic_halide,27003,80.978,80.978,19.022,0,calibration,
real_buchwald_hartwig,llm_direct_prior_phosphazene_base_heteroaromatic_halide_conservative,27003,98.7313,94.7155,1.2687,1,calibration,
real_buchwald_hartwig,llm_direct_prior_phosphazene_base_heteroaromatic_halide_noprior,27003,80.978,80.978,19.022,0,calibration,
real_buchwald_hartwig,llm_semantic_additive_tpsa_mid_base_tpsa_mid_synergy,27003,97.5685,82.637,2.4315,1,calibration,
real_buchwald_hartwig,llm_semantic_additive_tpsa_mid_base_tpsa_mid_synergy_conservative,27003,96.1323,89.5887,3.8677,0,calibration,
real_buchwald_hartwig,llm_semantic_additive_tpsa_mid_base_tpsa_mid_synergy_noprior,27003,96.1323,84.6597,3.8677,0,calibration,
real_buchwald_hartwig,llm_semantic_amidine_base_simple_aryl_halide,27003,96.1323,87.3821,3.8677,0,calibration,
real_buchwald_hartwig,llm_semantic_amidine_base_simple_aryl_halide_conservative,27003,100.0,95.0444,0.0,1,calibration,
real_buchwald_hartwig,llm_semantic_amidine_base_simple_aryl_halide_noprior,27003,96.1323,89.4024,3.8677,0,calibration,
real_buchwald_hartwig,llm_semantic_conservative_low_semantic_mass,27003,80.978,80.978,19.022,0,calibration,
real_buchwald_hartwig,llm_semantic_conservative_low_semantic_mass_conservative,27003,80.978,80.978,19.022,0,calibration,
real_buchwald_hartwig,llm_semantic_conservative_low_semantic_mass_noprior,27003,80.978,80.978,19.022,0,calibration,
real_buchwald_hartwig,llm_semantic_counter_hypothesis_heteroaromatic_benign,27003,98.2872,92.1045,1.7128,1,calibration,
real_buchwald_hartwig,llm_semantic_counter_hypothesis_heteroaromatic_benign_conservative,27003,89.6142,87.5392,10.3858,0,calibration,
real_buchwald_hartwig,llm_semantic_counter_hypothesis_heteroaromatic_benign_noprior,27003,89.6142,87.4291,10.3858,0,calibration,
real_buchwald_hartwig,llm_semantic_cross_skill_rule_bank,27003,97.5685,95.9094,2.4315,1,calibration,
real_buchwald_hartwig,llm_semantic_domain_knowledge_electron_poor_halide,27003,96.1323,90.0623,3.8677,0,calibration,
real_buchwald_hartwig,llm_semantic_domain_knowledge_electron_poor_halide_conservative,27003,96.1323,93.1014,3.8677,0,calibration,
real_buchwald_hartwig,llm_semantic_domain_knowledge_electron_poor_halide_noprior,27003,96.1323,90.0623,3.8677,0,calibration,
real_buchwald_hartwig,llm_semantic_guanidine_base_high_mw_aryl_halide,27003,86.4971,82.449,13.5029,0,calibration,
real_buchwald_hartwig,llm_semantic_guanidine_base_high_mw_aryl_halide_conservative,27003,100.0,88.1005,0.0,1,calibration,
real_buchwald_hartwig,llm_semantic_guanidine_base_high_mw_aryl_halide_noprior,27003,86.4971,83.92,13.5029,0,calibration,
real_buchwald_hartwig,llm_semantic_high_mw_ligand_low_tpsa_base,27003,92.0032,89.2284,7.9968,0,calibration,
real_buchwald_hartwig,llm_semantic_high_mw_ligand_low_tpsa_base_conservative,27003,96.1323,88.5388,3.8677,0,calibration,
real_buchwald_hartwig,llm_semantic_high_mw_ligand_low_tpsa_base_noprior,27003,89.6142,87.0233,10.3858,0,calibration,
real_buchwald_hartwig,llm_semantic_phosphazene_base_heteroaromatic_halide,27003,96.1323,91.5696,3.8677,0,calibration,
real_buchwald_hartwig,llm_semantic_phosphazene_base_heteroaromatic_halide_conservative,27003,96.1323,91.5696,3.8677,0,calibration,
real_buchwald_hartwig,llm_semantic_phosphazene_base_heteroaromatic_halide_noprior,27003,96.1323,90.9178,3.8677,0,calibration,
real_buchwald_hartwig,mixed_kernel_gp_ei,27003,89.6142,84.427,10.3858,0,calibration,
real_buchwald_hartwig,target_acquisition_portfolio,27003,81.1512,80.9953,18.8488,0,calibration,
real_buchwald_hartwig,gp_ucb,27004,92.904,82.1652,7.096,0,calibration,
real_buchwald_hartwig,llambo_warmstart_additive_tpsa_mid_base_tpsa_mid_synergy,27004,99.6191,84.7815,0.3809,1,calibration,
real_buchwald_hartwig,llambo_warmstart_additive_tpsa_mid_base_tpsa_mid_synergy_conservative,27004,99.6191,84.7815,0.3809,1,calibration,
real_buchwald_hartwig,llambo_warmstart_additive_tpsa_mid_base_tpsa_mid_synergy_noprior,27004,99.6191,84.7815,0.3809,1,calibration,
real_buchwald_hartwig,llambo_warmstart_amidine_base_simple_aryl_halide,27004,88.5139,81.4165,11.4861,0,calibration,
real_buchwald_hartwig,llambo_warmstart_amidine_base_simple_aryl_halide_conservative,27004,88.5139,81.4165,11.4861,0,calibration,
real_buchwald_hartwig,llambo_warmstart_amidine_base_simple_aryl_halide_noprior,27004,88.5139,81.4165,11.4861,0,calibration,
real_buchwald_hartwig,llambo_warmstart_conservative_low_semantic_mass,27004,96.1323,94.0482,3.8677,0,calibration,
real_buchwald_hartwig,llambo_warmstart_conservative_low_semantic_mass_conservative,27004,96.1323,94.0482,3.8677,0,calibration,
real_buchwald_hartwig,llambo_warmstart_conservative_low_semantic_mass_noprior,27004,96.1323,94.0482,3.8677,0,calibration,
real_buchwald_hartwig,llambo_warmstart_counter_hypothesis_heteroaromatic_benign,27004,95.7526,85.4722,4.2474,0,calibration,
real_buchwald_hartwig,llambo_warmstart_counter_hypothesis_heteroaromatic_benign_conservative,27004,95.7526,85.4722,4.2474,0,calibration,
real_buchwald_hartwig,llambo_warmstart_counter_hypothesis_heteroaromatic_benign_noprior,27004,95.7526,85.4722,4.2474,0,calibration,
real_buchwald_hartwig,llambo_warmstart_cross_skill_rule_bank,27004,98.2872,90.5902,1.7128,1,calibration,
real_buchwald_hartwig,llambo_warmstart_domain_knowledge_electron_poor_halide,27004,88.3519,87.9005,11.6481,0,calibration,
real_buchwald_hartwig,llambo_warmstart_domain_knowledge_electron_poor_halide_conservative,27004,88.3519,87.9005,11.6481,0,calibration,
real_buchwald_hartwig,llambo_warmstart_domain_knowledge_electron_poor_halide_noprior,27004,88.3519,87.9005,11.6481,0,calibration,
real_buchwald_hartwig,llambo_warmstart_guanidine_base_high_mw_aryl_halide,27004,83.0547,82.2412,16.9453,0,calibration,
real_buchwald_hartwig,llambo_warmstart_guanidine_base_high_mw_aryl_halide_conservative,27004,83.0547,82.2412,16.9453,0,calibration,
real_buchwald_hartwig,llambo_warmstart_guanidine_base_high_mw_aryl_halide_noprior,27004,83.0547,82.2412,16.9453,0,calibration,
real_buchwald_hartwig,llambo_warmstart_high_mw_ligand_low_tpsa_base,27004,87.2375,87.2375,12.7625,0,calibration,
real_buchwald_hartwig,llambo_warmstart_high_mw_ligand_low_tpsa_base_conservative,27004,87.2375,87.2375,12.7625,0,calibration,
real_buchwald_hartwig,llambo_warmstart_high_mw_ligand_low_tpsa_base_noprior,27004,87.2375,87.2375,12.7625,0,calibration,
real_buchwald_hartwig,llambo_warmstart_phosphazene_base_heteroaromatic_halide,27004,86.7926,82.2137,13.2074,0,calibration,
real_buchwald_hartwig,llambo_warmstart_phosphazene_base_heteroaromatic_halide_conservative,27004,86.7926,82.2137,13.2074,0,calibration,
real_buchwald_hartwig,llambo_warmstart_phosphazene_base_heteroaromatic_halide_noprior,27004,86.7926,82.2137,13.2074,0,calibration,
real_buchwald_hartwig,llm_direct_prior_additive_tpsa_mid_base_tpsa_mid_synergy,27004,78.7679,77.8919,21.2321,0,calibration,
real_buchwald_hartwig,llm_direct_prior_additive_tpsa_mid_base_tpsa_mid_synergy_conservative,27004,78.7679,76.1399,21.2321,0,calibration,
real_buchwald_hartwig,llm_direct_prior_additive_tpsa_mid_base_tpsa_mid_synergy_noprior,27004,78.7679,77.8919,21.2321,0,calibration,
real_buchwald_hartwig,llm_direct_prior_amidine_base_simple_aryl_halide,27004,79.6389,74.439,20.3611,0,calibration,
real_buchwald_hartwig,llm_direct_prior_amidine_base_simple_aryl_halide_conservative,27004,97.5685,77.3581,2.4315,1,calibration,
real_buchwald_hartwig,llm_direct_prior_amidine_base_simple_aryl_halide_noprior,27004,79.6389,74.439,20.3611,0,calibration,
real_buchwald_hartwig,llm_direct_prior_conservative_low_semantic_mass,27004,83.0965,80.4772,16.9035,0,calibration,
real_buchwald_hartwig,llm_direct_prior_conservative_low_semantic_mass_conservative,27004,83.0965,80.4772,16.9035,0,calibration,
real_buchwald_hartwig,llm_direct_prior_conservative_low_semantic_mass_noprior,27004,83.0965,80.4772,16.9035,0,calibration,
real_buchwald_hartwig,llm_direct_prior_counter_hypothesis_heteroaromatic_benign,27004,80.5828,77.6504,19.4172,0,calibration,
real_buchwald_hartwig,llm_direct_prior_counter_hypothesis_heteroaromatic_benign_conservative,27004,80.5828,76.8329,19.4172,0,calibration,
real_buchwald_hartwig,llm_direct_prior_counter_hypothesis_heteroaromatic_benign_noprior,27004,80.5828,77.6504,19.4172,0,calibration,
real_buchwald_hartwig,llm_direct_prior_cross_skill_rule_bank,27004,73.1387,70.321,26.8613,0,calibration,
real_buchwald_hartwig,llm_direct_prior_domain_knowledge_electron_poor_halide,27004,97.5685,81.6915,2.4315,1,calibration,
real_buchwald_hartwig,llm_direct_prior_domain_knowledge_electron_poor_halide_conservative,27004,78.6335,76.0458,21.3665,0,calibration,
real_buchwald_hartwig,llm_direct_prior_domain_knowledge_electron_poor_halide_noprior,27004,97.5685,81.6915,2.4315,1,calibration,
real_buchwald_hartwig,llm_direct_prior_guanidine_base_high_mw_aryl_halide,27004,91.9334,84.7332,8.0666,0,calibration,
real_buchwald_hartwig,llm_direct_prior_guanidine_base_high_mw_aryl_halide_conservative,27004,90.2279,82.1399,9.7721,0,calibration,
real_buchwald_hartwig,llm_direct_prior_guanidine_base_high_mw_aryl_halide_noprior,27004,91.9334,84.7332,8.0666,0,calibration,
real_buchwald_hartwig,llm_direct_prior_high_mw_ligand_low_tpsa_base,27004,91.2097,80.9465,8.7903,0,calibration,
real_buchwald_hartwig,llm_direct_prior_high_mw_ligand_low_tpsa_base_conservative,27004,79.2616,71.8586,20.7384,0,calibration,
real_buchwald_hartwig,llm_direct_prior_high_mw_ligand_low_tpsa_base_noprior,27004,91.2097,80.9465,8.7903,0,calibration,
real_buchwald_hartwig,llm_direct_prior_phosphazene_base_heteroaromatic_halide,27004,75.9543,71.7918,24.0457,0,calibration,
real_buchwald_hartwig,llm_direct_prior_phosphazene_base_heteroaromatic_halide_conservative,27004,75.9543,73.5757,24.0457,0,calibration,
real_buchwald_hartwig,llm_direct_prior_phosphazene_base_heteroaromatic_halide_noprior,27004,75.9543,71.7918,24.0457,0,calibration,
real_buchwald_hartwig,llm_semantic_additive_tpsa_mid_base_tpsa_mid_synergy,27004,74.0474,70.5231,25.9526,0,calibration,
real_buchwald_hartwig,llm_semantic_additive_tpsa_mid_base_tpsa_mid_synergy_conservative,27004,72.3722,70.4808,27.6278,0,calibration,
real_buchwald_hartwig,llm_semantic_additive_tpsa_mid_base_tpsa_mid_synergy_noprior,27004,78.2845,72.5883,21.7155,0,calibration,
real_buchwald_hartwig,llm_semantic_amidine_base_simple_aryl_halide,27004,91.9334,78.8731,8.0666,0,calibration,
real_buchwald_hartwig,llm_semantic_amidine_base_simple_aryl_halide_conservative,27004,73.9505,73.5562,26.0495,0,calibration,
real_buchwald_hartwig,llm_semantic_amidine_base_simple_aryl_halide_noprior,27004,73.9505,73.5562,26.0495,0,calibration,
real_buchwald_hartwig,llm_semantic_conservative_low_semantic_mass,27004,79.3064,74.9948,20.6936,0,calibration,
real_buchwald_hartwig,llm_semantic_conservative_low_semantic_mass_conservative,27004,79.3064,74.9948,20.6936,0,calibration,
real_buchwald_hartwig,llm_semantic_conservative_low_semantic_mass_noprior,27004,79.3064,74.9948,20.6936,0,calibration,
real_buchwald_hartwig,llm_semantic_counter_hypothesis_heteroaromatic_benign,27004,91.9334,81.2837,8.0666,0,calibration,
real_buchwald_hartwig,llm_semantic_counter_hypothesis_heteroaromatic_benign_conservative,27004,83.3036,75.9523,16.6964,0,calibration,
real_buchwald_hartwig,llm_semantic_counter_hypothesis_heteroaromatic_benign_noprior,27004,83.3036,75.9523,16.6964,0,calibration,
real_buchwald_hartwig,llm_semantic_cross_skill_rule_bank,27004,70.0079,70.0079,29.9921,0,calibration,
real_buchwald_hartwig,llm_semantic_domain_knowledge_electron_poor_halide,27004,96.1323,84.2634,3.8677,0,calibration,
real_buchwald_hartwig,llm_semantic_domain_knowledge_electron_poor_halide_conservative,27004,78.2845,73.3185,21.7155,0,calibration,
real_buchwald_hartwig,llm_semantic_domain_knowledge_electron_poor_halide_noprior,27004,73.5742,71.0778,26.4258,0,calibration,
real_buchwald_hartwig,llm_semantic_guanidine_base_high_mw_aryl_halide,27004,91.9334,83.5987,8.0666,0,calibration,
real_buchwald_hartwig,llm_semantic_guanidine_base_high_mw_aryl_halide_conservative,27004,80.5886,75.3261,19.4114,0,calibration,
real_buchwald_hartwig,llm_semantic_guanidine_base_high_mw_aryl_halide_noprior,27004,70.0079,70.0079,29.9921,0,calibration,
real_buchwald_hartwig,llm_semantic_high_mw_ligand_low_tpsa_base,27004,93.0289,78.4893,6.9711,0,calibration,
real_buchwald_hartwig,llm_semantic_high_mw_ligand_low_tpsa_base_conservative,27004,73.9505,73.162,26.0495,0,calibration,
real_buchwald_hartwig,llm_semantic_high_mw_ligand_low_tpsa_base_noprior,27004,79.3064,76.5169,20.6936,0,calibration,
real_buchwald_hartwig,llm_semantic_phosphazene_base_heteroaromatic_halide,27004,78.7679,74.914,21.2321,0,calibration,
real_buchwald_hartwig,llm_semantic_phosphazene_base_heteroaromatic_halide_conservative,27004,72.7059,71.8965,27.2941,0,calibration,
real_buchwald_hartwig,llm_semantic_phosphazene_base_heteroaromatic_halide_noprior,27004,79.3064,76.5263,20.6936,0,calibration,
real_buchwald_hartwig,mixed_kernel_gp_ei,27004,91.2097,77.4617,8.7903,0,calibration,
real_buchwald_hartwig,target_acquisition_portfolio,27004,92.904,82.1652,7.096,0,calibration,
real_buchwald_hartwig,gp_ucb,27005,92.9567,79.9778,7.0433,0,calibration,
real_buchwald_hartwig,llambo_warmstart_additive_tpsa_mid_base_tpsa_mid_synergy,27005,83.1495,79.2917,16.8505,0,calibration,
real_buchwald_hartwig,llambo_warmstart_additive_tpsa_mid_base_tpsa_mid_synergy_conservative,27005,83.1495,79.2917,16.8505,0,calibration,
real_buchwald_hartwig,llambo_warmstart_additive_tpsa_mid_base_tpsa_mid_synergy_noprior,27005,83.1495,79.2917,16.8505,0,calibration,
real_buchwald_hartwig,llambo_warmstart_amidine_base_simple_aryl_halide,27005,82.2078,69.5685,17.7922,0,calibration,
real_buchwald_hartwig,llambo_warmstart_amidine_base_simple_aryl_halide_conservative,27005,82.2078,69.5685,17.7922,0,calibration,
real_buchwald_hartwig,llambo_warmstart_amidine_base_simple_aryl_halide_noprior,27005,82.2078,69.5685,17.7922,0,calibration,
real_buchwald_hartwig,llambo_warmstart_conservative_low_semantic_mass,27005,89.3231,69.8362,10.6769,0,calibration,
real_buchwald_hartwig,llambo_warmstart_conservative_low_semantic_mass_conservative,27005,89.3231,69.8362,10.6769,0,calibration,
real_buchwald_hartwig,llambo_warmstart_conservative_low_semantic_mass_noprior,27005,89.3231,69.8362,10.6769,0,calibration,
real_buchwald_hartwig,llambo_warmstart_counter_hypothesis_heteroaromatic_benign,27005,74.5113,67.4148,25.4887,0,calibration,
real_buchwald_hartwig,llambo_warmstart_counter_hypothesis_heteroaromatic_benign_conservative,27005,74.5113,67.4148,25.4887,0,calibration,
real_buchwald_hartwig,llambo_warmstart_counter_hypothesis_heteroaromatic_benign_noprior,27005,74.5113,67.4148,25.4887,0,calibration,
real_buchwald_hartwig,llambo_warmstart_cross_skill_rule_bank,27005,89.6142,79.5774,10.3858,0,calibration,
real_buchwald_hartwig,llambo_warmstart_domain_knowledge_electron_poor_halide,27005,89.6142,88.9908,10.3858,0,calibration,
real_buchwald_hartwig,llambo_warmstart_domain_knowledge_electron_poor_halide_conservative,27005,89.6142,88.9908,10.3858,0,calibration,
real_buchwald_hartwig,llambo_warmstart_domain_knowledge_electron_poor_halide_noprior,27005,89.6142,88.9908,10.3858,0,calibration,
real_buchwald_hartwig,llambo_warmstart_guanidine_base_high_mw_aryl_halide,27005,65.1983,64.9917,34.8017,0,calibration,
real_buchwald_hartwig,llambo_warmstart_guanidine_base_high_mw_aryl_halide_conservative,27005,65.1983,64.9917,34.8017,0,calibration,
real_buchwald_hartwig,llambo_warmstart_guanidine_base_high_mw_aryl_halide_noprior,27005,65.1983,64.9917,34.8017,0,calibration,
real_buchwald_hartwig,llambo_warmstart_high_mw_ligand_low_tpsa_base,27005,65.9419,65.4554,34.0581,0,calibration,
real_buchwald_hartwig,llambo_warmstart_high_mw_ligand_low_tpsa_base_conservative,27005,65.9419,65.4554,34.0581,0,calibration,
real_buchwald_hartwig,llambo_warmstart_high_mw_ligand_low_tpsa_base_noprior,27005,65.9419,65.4554,34.0581,0,calibration,
real_buchwald_hartwig,llambo_warmstart_phosphazene_base_heteroaromatic_halide,27005,79.7398,79.0879,20.2602,0,calibration,
real_buchwald_hartwig,llambo_warmstart_phosphazene_base_heteroaromatic_halide_conservative,27005,79.7398,79.0879,20.2602,0,calibration,
real_buchwald_hartwig,llambo_warmstart_phosphazene_base_heteroaromatic_halide_noprior,27005,79.7398,79.0879,20.2602,0,calibration,
real_buchwald_hartwig,llm_direct_prior_additive_tpsa_mid_base_tpsa_mid_synergy,27005,74.0474,70.2035,25.9526,0,calibration,
real_buchwald_hartwig,llm_direct_prior_additive_tpsa_mid_base_tpsa_mid_synergy_conservative,27005,74.0474,74.0474,25.9526,0,calibration,
real_buchwald_hartwig,llm_direct_prior_additive_tpsa_mid_base_tpsa_mid_synergy_noprior,27005,74.0474,70.2035,25.9526,0,calibration,
real_buchwald_hartwig,llm_direct_prior_amidine_base_simple_aryl_halide,27005,98.2872,86.4789,1.7128,1,calibration,
real_buchwald_hartwig,llm_direct_prior_amidine_base_simple_aryl_halide_conservative,27005,94.6911,92.9281,5.3089,0,calibration,
real_buchwald_hartwig,llm_direct_prior_amidine_base_simple_aryl_halide_noprior,27005,98.2872,86.4789,1.7128,1,calibration,
real_buchwald_hartwig,llm_direct_prior_conservative_low_semantic_mass,27005,95.129,72.1224,4.871,0,calibration,
real_buchwald_hartwig,llm_direct_prior_conservative_low_semantic_mass_conservative,27005,95.129,72.1224,4.871,0,calibration,
real_buchwald_hartwig,llm_direct_prior_conservative_low_semantic_mass_noprior,27005,95.129,72.1224,4.871,0,calibration,
real_buchwald_hartwig,llm_direct_prior_counter_hypothesis_heteroaromatic_benign,27005,94.6911,82.5076,5.3089,0,calibration,
real_buchwald_hartwig,llm_direct_prior_counter_hypothesis_heteroaromatic_benign_conservative,27005,94.6911,82.2536,5.3089,0,calibration,
real_buchwald_hartwig,llm_direct_prior_counter_hypothesis_heteroaromatic_benign_noprior,27005,94.6911,82.5076,5.3089,0,calibration,
real_buchwald_hartwig,llm_direct_prior_cross_skill_rule_bank,27005,98.2872,87.3537,1.7128,1,calibration,
real_buchwald_hartwig,llm_direct_prior_domain_knowledge_electron_poor_halide,27005,93.4211,92.6003,6.5789,0,calibration,
real_buchwald_hartwig,llm_direct_prior_domain_knowledge_electron_poor_halide_conservative,27005,93.4211,88.8616,6.5789,0,calibration,
real_buchwald_hartwig,llm_direct_prior_domain_knowledge_electron_poor_halide_noprior,27005,93.4211,92.6003,6.5789,0,calibration,
real_buchwald_hartwig,llm_direct_prior_guanidine_base_high_mw_aryl_halide,27005,86.9711,85.9703,13.0289,0,calibration,
real_buchwald_hartwig,llm_direct_prior_guanidine_base_high_mw_aryl_halide_conservative,27005,86.0034,85.2365,13.9966,0,calibration,
real_buchwald_hartwig,llm_direct_prior_guanidine_base_high_mw_aryl_halide_noprior,27005,86.9711,85.9703,13.0289,0,calibration,
real_buchwald_hartwig,llm_direct_prior_high_mw_ligand_low_tpsa_base,27005,92.9567,83.3836,7.0433,0,calibration,
real_buchwald_hartwig,llm_direct_prior_high_mw_ligand_low_tpsa_base_conservative,27005,92.9567,84.4795,7.0433,0,calibration,
real_buchwald_hartwig,llm_direct_prior_high_mw_ligand_low_tpsa_base_noprior,27005,92.9567,83.3836,7.0433,0,calibration,
real_buchwald_hartwig,llm_direct_prior_phosphazene_base_heteroaromatic_halide,27005,78.2963,72.033,21.7037,0,calibration,
real_buchwald_hartwig,llm_direct_prior_phosphazene_base_heteroaromatic_halide_conservative,27005,77.6669,71.2087,22.3331,0,calibration,
real_buchwald_hartwig,llm_direct_prior_phosphazene_base_heteroaromatic_halide_noprior,27005,78.2963,72.033,21.7037,0,calibration,
real_buchwald_hartwig,llm_semantic_additive_tpsa_mid_base_tpsa_mid_synergy,27005,83.4092,62.5369,16.5908,0,calibration,
real_buchwald_hartwig,llm_semantic_additive_tpsa_mid_base_tpsa_mid_synergy_conservative,27005,87.2375,81.8564,12.7625,0,calibration,
real_buchwald_hartwig,llm_semantic_additive_tpsa_mid_base_tpsa_mid_synergy_noprior,27005,83.4092,65.2744,16.5908,0,calibration,
real_buchwald_hartwig,llm_semantic_amidine_base_simple_aryl_halide,27005,92.9567,83.8728,7.0433,0,calibration,
real_buchwald_hartwig,llm_semantic_amidine_base_simple_aryl_halide_conservative,27005,93.1012,86.4116,6.8988,0,calibration,
real_buchwald_hartwig,llm_semantic_amidine_base_simple_aryl_halide_noprior,27005,93.1012,85.5916,6.8988,0,calibration,
real_buchwald_hartwig,llm_semantic_conservative_low_semantic_mass,27005,93.1012,82.6802,6.8988,0,calibration,
real_buchwald_hartwig,llm_semantic_conservative_low_semantic_mass_conservative,27005,92.9567,81.711,7.0433,0,calibration,
real_buchwald_hartwig,llm_semantic_conservative_low_semantic_mass_noprior,27005,92.9567,81.711,7.0433,0,calibration,
real_buchwald_hartwig,llm_semantic_counter_hypothesis_heteroaromatic_benign,27005,93.1012,85.1219,6.8988,0,calibration,
real_buchwald_hartwig,llm_semantic_counter_hypothesis_heteroaromatic_benign_conservative,27005,98.2872,85.4711,1.7128,1,calibration,
real_buchwald_hartwig,llm_semantic_counter_hypothesis_heteroaromatic_benign_noprior,27005,98.2872,85.7181,1.7128,1,calibration,
real_buchwald_hartwig,llm_semantic_cross_skill_rule_bank,27005,85.6057,80.2791,14.3943,0,calibration,
real_buchwald_hartwig,llm_semantic_domain_knowledge_electron_poor_halide,27005,83.0165,76.6312,16.9835,0,calibration,
real_buchwald_hartwig,llm_semantic_domain_knowledge_electron_poor_halide_conservative,27005,88.4043,83.0189,11.5957,0,calibration,
real_buchwald_hartwig,llm_semantic_domain_knowledge_electron_poor_halide_noprior,27005,83.4092,82.5194,16.5908,0,calibration,
real_buchwald_hartwig,llm_semantic_guanidine_base_high_mw_aryl_halide,27005,88.1675,81.3326,11.8325,0,calibration,
real_buchwald_hartwig,llm_semantic_guanidine_base_high_mw_aryl_halide_conservative,27005,93.0289,80.7389,6.9711,0,calibration,
real_buchwald_hartwig,llm_semantic_guanidine_base_high_mw_aryl_halide_noprior,27005,93.0289,83.4407,6.9711,0,calibration,
real_buchwald_hartwig,llm_semantic_high_mw_ligand_low_tpsa_base,27005,93.0289,84.7273,6.9711,0,calibration,
real_buchwald_hartwig,llm_semantic_high_mw_ligand_low_tpsa_base_conservative,27005,92.256,79.114,7.744,0,calibration,
real_buchwald_hartwig,llm_semantic_high_mw_ligand_low_tpsa_base_noprior,27005,93.0289,82.2674,6.9711,0,calibration,
real_buchwald_hartwig,llm_semantic_phosphazene_base_heteroaromatic_halide,27005,87.2375,83.1735,12.7625,0,calibration,
real_buchwald_hartwig,llm_semantic_phosphazene_base_heteroaromatic_halide_conservative,27005,87.2375,84.0507,12.7625,0,calibration,
real_buchwald_hartwig,llm_semantic_phosphazene_base_heteroaromatic_halide_noprior,27005,88.4043,84.6669,11.5957,0,calibration,
real_buchwald_hartwig,mixed_kernel_gp_ei,27005,92.9567,79.9778,7.0433,0,calibration,
real_buchwald_hartwig,target_acquisition_portfolio,27005,92.9567,79.9778,7.0433,0,calibration,
real_buchwald_hartwig,gp_ucb,27006,94.6911,60.7869,5.3089,0,calibration,
real_buchwald_hartwig,llambo_warmstart_additive_tpsa_mid_base_tpsa_mid_synergy,27006,95.6759,88.6221,4.3241,0,calibration,
real_buchwald_hartwig,llambo_warmstart_additive_tpsa_mid_base_tpsa_mid_synergy_conservative,27006,95.6759,88.6221,4.3241,0,calibration,
real_buchwald_hartwig,llambo_warmstart_additive_tpsa_mid_base_tpsa_mid_synergy_noprior,27006,95.6759,88.6221,4.3241,0,calibration,
real_buchwald_hartwig,llambo_warmstart_amidine_base_simple_aryl_halide,27006,97.5685,86.75,2.4315,1,calibration,
real_buchwald_hartwig,llambo_warmstart_amidine_base_simple_aryl_halide_conservative,27006,97.5685,86.75,2.4315,1,calibration,
real_buchwald_hartwig,llambo_warmstart_amidine_base_simple_aryl_halide_noprior,27006,97.5685,86.75,2.4315,1,calibration,
real_buchwald_hartwig,llambo_warmstart_conservative_low_semantic_mass,27006,93.3108,93.1538,6.6892,0,calibration,
real_buchwald_hartwig,llambo_warmstart_conservative_low_semantic_mass_conservative,27006,93.3108,93.1538,6.6892,0,calibration,
real_buchwald_hartwig,llambo_warmstart_conservative_low_semantic_mass_noprior,27006,93.3108,93.1538,6.6892,0,calibration,
real_buchwald_hartwig,llambo_warmstart_counter_hypothesis_heteroaromatic_benign,27006,79.7664,76.1221,20.2336,0,calibration,
real_buchwald_hartwig,llambo_warmstart_counter_hypothesis_heteroaromatic_benign_conservative,27006,79.7664,76.1221,20.2336,0,calibration,
real_buchwald_hartwig,llambo_warmstart_counter_hypothesis_heteroaromatic_benign_noprior,27006,79.7664,76.1221,20.2336,0,calibration,
real_buchwald_hartwig,llambo_warmstart_cross_skill_rule_bank,27006,81.2755,79.488,18.7245,0,calibration,
real_buchwald_hartwig,llambo_warmstart_domain_knowledge_electron_poor_halide,27006,91.3733,91.3627,8.6267,0,calibration,
real_buchwald_hartwig,llambo_warmstart_domain_knowledge_electron_poor_halide_conservative,27006,91.3733,91.3627,8.6267,0,calibration,
real_buchwald_hartwig,llambo_warmstart_domain_knowledge_electron_poor_halide_noprior,27006,91.3733,91.3627,8.6267,0,calibration,
real_buchwald_hartwig,llambo_warmstart_guanidine_base_high_mw_aryl_halide,27006,92.2093,90.5185,7.7907,0,calibration,
real_buchwald_hartwig,llambo_warmstart_guanidine_base_high_mw_aryl_halide_conservative,27006,92.2093,90.5185,7.7907,0,calibration,
real_buchwald_hartwig,llambo_warmstart_guanidine_base_high_mw_aryl_halide_noprior,27006,92.2093,90.5185,7.7907,0,calibration,
real_buchwald_hartwig,llambo_warmstart_high_mw_ligand_low_tpsa_base,27006,86.4971,79.4902,13.5029,0,calibration,
real_buchwald_hartwig,llambo_warmstart_high_mw_ligand_low_tpsa_base_conservative,27006,86.4971,79.4902,13.5029,0,calibration,
real_buchwald_hartwig,llambo_warmstart_high_mw_ligand_low_tpsa_base_noprior,27006,86.4971,79.4902,13.5029,0,calibration,
real_buchwald_hartwig,llambo_warmstart_phosphazene_base_heteroaromatic_halide,27006,94.1485,92.2059,5.8515,0,calibration,
real_buchwald_hartwig,llambo_warmstart_phosphazene_base_heteroaromatic_halide_conservative,27006,94.1485,92.2059,5.8515,0,calibration,
real_buchwald_hartwig,llambo_warmstart_phosphazene_base_heteroaromatic_halide_noprior,27006,94.1485,92.2059,5.8515,0,calibration,
real_buchwald_hartwig,llm_direct_prior_additive_tpsa_mid_base_tpsa_mid_synergy,27006,65.9274,51.9585,34.0726,0,calibration,
real_buchwald_hartwig,llm_direct_prior_additive_tpsa_mid_base_tpsa_mid_synergy_conservative,27006,51.0713,48.8714,48.9287,0,calibration,
real_buchwald_hartwig,llm_direct_prior_additive_tpsa_mid_base_tpsa_mid_synergy_noprior,27006,65.9274,51.9585,34.0726,0,calibration,
real_buchwald_hartwig,llm_direct_prior_amidine_base_simple_aryl_halide,27006,93.0289,61.1311,6.9711,0,calibration,
real_buchwald_hartwig,llm_direct_prior_amidine_base_simple_aryl_halide_conservative,27006,94.6911,69.1352,5.3089,0,calibration,
real_buchwald_hartwig,llm_direct_prior_amidine_base_simple_aryl_halide_noprior,27006,93.0289,61.1311,6.9711,0,calibration,
real_buchwald_hartwig,llm_direct_prior_conservative_low_semantic_mass,27006,54.2238,51.173,45.7762,0,calibration,
real_buchwald_hartwig,llm_direct_prior_conservative_low_semantic_mass_conservative,27006,54.2238,51.173,45.7762,0,calibration,
real_buchwald_hartwig,llm_direct_prior_conservative_low_semantic_mass_noprior,27006,54.2238,51.173,45.7762,0,calibration,
real_buchwald_hartwig,llm_direct_prior_counter_hypothesis_heteroaromatic_benign,27006,93.0289,60.767,6.9711,0,calibration,
real_buchwald_hartwig,llm_direct_prior_counter_hypothesis_heteroaromatic_benign_conservative,27006,93.0289,60.9491,6.9711,0,calibration,
real_buchwald_hartwig,llm_direct_prior_counter_hypothesis_heteroaromatic_benign_noprior,27006,93.0289,60.767,6.9711,0,calibration,
real_buchwald_hartwig,llm_direct_prior_cross_skill_rule_bank,27006,98.2872,94.8809,1.7128,1,calibration,
real_buchwald_hartwig,llm_direct_prior_domain_knowledge_electron_poor_halide,27006,93.4211,83.7469,6.5789,0,calibration,
real_buchwald_hartwig,llm_direct_prior_domain_knowledge_electron_poor_halide_conservative,27006,93.4211,79.9292,6.5789,0,calibration,
real_buchwald_hartwig,llm_direct_prior_domain_knowledge_electron_poor_halide_noprior,27006,93.4211,83.7469,6.5789,0,calibration,
real_buchwald_hartwig,llm_direct_prior_guanidine_base_high_mw_aryl_halide,27006,83.7372,73.6186,16.2628,0,calibration,
real_buchwald_hartwig,llm_direct_prior_guanidine_base_high_mw_aryl_halide_conservative,27006,82.1374,74.6067,17.8626,0,calibration,
real_buchwald_hartwig,llm_direct_prior_guanidine_base_high_mw_aryl_halide_noprior,27006,83.7372,73.6186,16.2628,0,calibration,
real_buchwald_hartwig,llm_direct_prior_high_mw_ligand_low_tpsa_base,27006,92.3912,80.4925,7.6088,0,calibration,
real_buchwald_hartwig,llm_direct_prior_high_mw_ligand_low_tpsa_base_conservative,27006,52.673,47.9531,47.327,0,calibration,
real_buchwald_hartwig,llm_direct_prior_high_mw_ligand_low_tpsa_base_noprior,27006,92.3912,80.4925,7.6088,0,calibration,
real_buchwald_hartwig,llm_direct_prior_phosphazene_base_heteroaromatic_halide,27006,76.7953,65.0857,23.2047,0,calibration,
real_buchwald_hartwig,llm_direct_prior_phosphazene_base_heteroaromatic_halide_conservative,27006,70.5804,55.8241,29.4196,0,calibration,
real_buchwald_hartwig,llm_direct_prior_phosphazene_base_heteroaromatic_halide_noprior,27006,76.7953,65.0857,23.2047,0,calibration,
real_buchwald_hartwig,llm_semantic_additive_tpsa_mid_base_tpsa_mid_synergy,27006,43.3994,43.0667,56.6006,0,calibration,
real_buchwald_hartwig,llm_semantic_additive_tpsa_mid_base_tpsa_mid_synergy_conservative,27006,51.0713,47.7715,48.9287,0,calibration,
real_buchwald_hartwig,llm_semantic_additive_tpsa_mid_base_tpsa_mid_synergy_noprior,27006,85.2207,45.6801,14.7793,0,calibration,
real_buchwald_hartwig,llm_semantic_amidine_base_simple_aryl_halide,27006,98.2872,82.4603,1.7128,1,calibration,
real_buchwald_hartwig,llm_semantic_amidine_base_simple_aryl_halide_conservative,27006,98.2872,93.1738,1.7128,1,calibration,
real_buchwald_hartwig,llm_semantic_amidine_base_simple_aryl_halide_noprior,27006,98.2872,91.2273,1.7128,1,calibration,
real_buchwald_hartwig,llm_semantic_conservative_low_semantic_mass,27006,98.2872,67.1054,1.7128,1,calibration,
real_buchwald_hartwig,llm_semantic_conservative_low_semantic_mass_conservative,27006,98.2872,67.1054,1.7128,1,calibration,
real_buchwald_hartwig,llm_semantic_conservative_low_semantic_mass_noprior,27006,98.2872,67.1054,1.7128,1,calibration,
real_buchwald_hartwig,llm_semantic_counter_hypothesis_heteroaromatic_benign,27006,98.2872,82.9469,1.7128,1,calibration,
real_buchwald_hartwig,llm_semantic_counter_hypothesis_heteroaromatic_benign_conservative,27006,98.2872,80.825,1.7128,1,calibration,
real_buchwald_hartwig,llm_semantic_counter_hypothesis_heteroaromatic_benign_noprior,27006,54.2238,51.9474,45.7762,0,calibration,
real_buchwald_hartwig,llm_semantic_cross_skill_rule_bank,27006,98.2872,80.779,1.7128,1,calibration,
real_buchwald_hartwig,llm_semantic_domain_knowledge_electron_poor_halide,27006,88.4043,55.2148,11.5957,0,calibration,
real_buchwald_hartwig,llm_semantic_domain_knowledge_electron_poor_halide_conservative,27006,88.4043,56.9833,11.5957,0,calibration,
real_buchwald_hartwig,llm_semantic_domain_knowledge_electron_poor_halide_noprior,27006,83.9556,68.9174,16.0444,0,calibration,
real_buchwald_hartwig,llm_semantic_guanidine_base_high_mw_aryl_halide,27006,93.0289,80.2016,6.9711,0,calibration,
real_buchwald_hartwig,llm_semantic_guanidine_base_high_mw_aryl_halide_conservative,27006,98.2872,75.8293,1.7128,1,calibration,
real_buchwald_hartwig,llm_semantic_guanidine_base_high_mw_aryl_halide_noprior,27006,93.0289,67.9324,6.9711,0,calibration,
real_buchwald_hartwig,llm_semantic_high_mw_ligand_low_tpsa_base,27006,93.0289,74.5573,6.9711,0,calibration,
real_buchwald_hartwig,llm_semantic_high_mw_ligand_low_tpsa_base_conservative,27006,98.2872,84.5106,1.7128,1,calibration,
real_buchwald_hartwig,llm_semantic_high_mw_ligand_low_tpsa_base_noprior,27006,93.0289,70.8344,6.9711,0,calibration,
real_buchwald_hartwig,llm_semantic_phosphazene_base_heteroaromatic_halide,27006,79.6425,56.6717,20.3575,0,calibration,
real_buchwald_hartwig,llm_semantic_phosphazene_base_heteroaromatic_halide_conservative,27006,88.4043,58.35,11.5957,0,calibration,
real_buchwald_hartwig,llm_semantic_phosphazene_base_heteroaromatic_halide_noprior,27006,86.1982,52.2236,13.8018,0,calibration,
real_buchwald_hartwig,mixed_kernel_gp_ei,27006,98.2872,72.0835,1.7128,1,calibration,
real_buchwald_hartwig,target_acquisition_portfolio,27006,93.4211,60.2577,6.5789,0,calibration,
real_buchwald_hartwig,gp_ucb,27007,92.8977,76.249,7.1023,0,calibration,
real_buchwald_hartwig,llambo_warmstart_additive_tpsa_mid_base_tpsa_mid_synergy,27007,95.3865,87.4191,4.6135,0,calibration,
real_buchwald_hartwig,llambo_warmstart_additive_tpsa_mid_base_tpsa_mid_synergy_conservative,27007,95.3865,87.4191,4.6135,0,calibration,
real_buchwald_hartwig,llambo_warmstart_additive_tpsa_mid_base_tpsa_mid_synergy_noprior,27007,95.3865,87.4191,4.6135,0,calibration,
real_buchwald_hartwig,llambo_warmstart_amidine_base_simple_aryl_halide,27007,95.6759,87.0073,4.3241,0,calibration,
real_buchwald_hartwig,llambo_warmstart_amidine_base_simple_aryl_halide_conservative,27007,95.6759,87.0073,4.3241,0,calibration,
real_buchwald_hartwig,llambo_warmstart_amidine_base_simple_aryl_halide_noprior,27007,95.6759,87.0073,4.3241,0,calibration,
real_buchwald_hartwig,llambo_warmstart_conservative_low_semantic_mass,27007,95.7526,93.8961,4.2474,0,calibration,
real_buchwald_hartwig,llambo_warmstart_conservative_low_semantic_mass_conservative,27007,95.7526,93.8961,4.2474,0,calibration,
real_buchwald_hartwig,llambo_warmstart_conservative_low_semantic_mass_noprior,27007,95.7526,93.8961,4.2474,0,calibration,
real_buchwald_hartwig,llambo_warmstart_counter_hypothesis_heteroaromatic_benign,27007,95.7526,91.6974,4.2474,0,calibration,
real_buchwald_hartwig,llambo_warmstart_counter_hypothesis_heteroaromatic_benign_conservative,27007,95.7526,91.6974,4.2474,0,calibration,
real_buchwald_hartwig,llambo_warmstart_counter_hypothesis_heteroaromatic_benign_noprior,27007,95.7526,91.6974,4.2474,0,calibration,
real_buchwald_hartwig,llambo_warmstart_cross_skill_rule_bank,27007,89.5592,84.1705,10.4408,0,calibration,
real_buchwald_hartwig,llambo_warmstart_domain_knowledge_electron_poor_halide,27007,94.1485,91.1081,5.8515,0,calibration,
real_buchwald_hartwig,llambo_warmstart_domain_knowledge_electron_poor_halide_conservative,27007,94.1485,91.1081,5.8515,0,calibration,
real_buchwald_hartwig,llambo_warmstart_domain_knowledge_electron_poor_halide_noprior,27007,94.1485,91.1081,5.8515,0,calibration,
real_buchwald_hartwig,llambo_warmstart_guanidine_base_high_mw_aryl_halide,27007,89.6142,85.7987,10.3858,0,calibration,
real_buchwald_hartwig,llambo_warmstart_guanidine_base_high_mw_aryl_halide_conservative,27007,89.6142,85.7987,10.3858,0,calibration,
real_buchwald_hartwig,llambo_warmstart_guanidine_base_high_mw_aryl_halide_noprior,27007,89.6142,85.7987,10.3858,0,calibration,
real_buchwald_hartwig,llambo_warmstart_high_mw_ligand_low_tpsa_base,27007,98.8492,70.0543,1.1508,1,calibration,
real_buchwald_hartwig,llambo_warmstart_high_mw_ligand_low_tpsa_base_conservative,27007,98.8492,70.0543,1.1508,1,calibration,
real_buchwald_hartwig,llambo_warmstart_high_mw_ligand_low_tpsa_base_noprior,27007,98.8492,70.0543,1.1508,1,calibration,
real_buchwald_hartwig,llambo_warmstart_phosphazene_base_heteroaromatic_halide,27007,85.1332,73.2989,14.8668,0,calibration,
real_buchwald_hartwig,llambo_warmstart_phosphazene_base_heteroaromatic_halide_conservative,27007,85.1332,73.2989,14.8668,0,calibration,
real_buchwald_hartwig,llambo_warmstart_phosphazene_base_heteroaromatic_halide_noprior,27007,85.1332,73.2989,14.8668,0,calibration,
real_buchwald_hartwig,llm_direct_prior_additive_tpsa_mid_base_tpsa_mid_synergy,27007,64.5781,51.8652,35.4219,0,calibration,
real_buchwald_hartwig,llm_direct_prior_additive_tpsa_mid_base_tpsa_mid_synergy_conservative,27007,68.765,65.9346,31.235,0,calibration,
real_buchwald_hartwig,llm_direct_prior_additive_tpsa_mid_base_tpsa_mid_synergy_noprior,27007,64.5781,51.8652,35.4219,0,calibration,
real_buchwald_hartwig,llm_direct_prior_amidine_base_simple_aryl_halide,27007,97.2929,94.3575,2.7071,0,calibration,
real_buchwald_hartwig,llm_direct_prior_amidine_base_simple_aryl_halide_conservative,27007,97.2929,94.7769,2.7071,0,calibration,
real_buchwald_hartwig,llm_direct_prior_amidine_base_simple_aryl_halide_noprior,27007,97.2929,94.3575,2.7071,0,calibration,
real_buchwald_hartwig,llm_direct_prior_conservative_low_semantic_mass,27007,78.3713,60.0327,21.6287,0,calibration,
real_buchwald_hartwig,llm_direct_prior_conservative_low_semantic_mass_conservative,27007,78.3713,60.0327,21.6287,0,calibration,
real_buchwald_hartwig,llm_direct_prior_conservative_low_semantic_mass_noprior,27007,78.3713,60.0327,21.6287,0,calibration,
real_buchwald_hartwig,llm_direct_prior_counter_hypothesis_heteroaromatic_benign,27007,79.8724,66.2292,20.1276,0,calibration,
real_buchwald_hartwig,llm_direct_prior_counter_hypothesis_heteroaromatic_benign_conservative,27007,97.2929,94.3575,2.7071,0,calibration,
real_buchwald_hartwig,llm_direct_prior_counter_hypothesis_heteroaromatic_benign_noprior,27007,79.8724,66.2292,20.1276,0,calibration,
real_buchwald_hartwig,llm_direct_prior_cross_skill_rule_bank,27007,93.0289,73.6227,6.9711,0,calibration,
real_buchwald_hartwig,llm_direct_prior_domain_knowledge_electron_poor_halide,27007,91.511,76.5972,8.489,0,calibration,
real_buchwald_hartwig,llm_direct_prior_domain_knowledge_electron_poor_halide_conservative,27007,93.7486,82.665,6.2514,0,calibration,
real_buchwald_hartwig,llm_direct_prior_domain_knowledge_electron_poor_halide_noprior,27007,91.511,76.5972,8.489,0,calibration,
real_buchwald_hartwig,llm_direct_prior_guanidine_base_high_mw_aryl_halide,27007,88.4449,83.1542,11.5551,0,calibration,
real_buchwald_hartwig,llm_direct_prior_guanidine_base_high_mw_aryl_halide_conservative,27007,88.4449,55.4722,11.5551,0,calibration,
real_buchwald_hartwig,llm_direct_prior_guanidine_base_high_mw_aryl_halide_noprior,27007,88.4449,83.1542,11.5551,0,calibration,
real_buchwald_hartwig,llm_direct_prior_high_mw_ligand_low_tpsa_base,27007,83.2944,73.0498,16.7056,0,calibration,
real_buchwald_hartwig,llm_direct_prior_high_mw_ligand_low_tpsa_base_conservative,27007,92.9567,57.7453,7.0433,0,calibration,
real_buchwald_hartwig,llm_direct_prior_high_mw_ligand_low_tpsa_base_noprior,27007,83.2944,73.0498,16.7056,0,calibration,
real_buchwald_hartwig,llm_direct_prior_phosphazene_base_heteroaromatic_halide,27007,76.7953,70.5647,23.2047,0,calibration,
real_buchwald_hartwig,llm_direct_prior_phosphazene_base_heteroaromatic_halide_conservative,27007,76.7953,71.8877,23.2047,0,calibration,
real_buchwald_hartwig,llm_direct_prior_phosphazene_base_heteroaromatic_halide_noprior,27007,76.7953,70.5647,23.2047,0,calibration,
real_buchwald_hartwig,llm_semantic_additive_tpsa_mid_base_tpsa_mid_synergy,27007,85.2207,65.9129,14.7793,0,calibration,
real_buchwald_hartwig,llm_semantic_additive_tpsa_mid_base_tpsa_mid_synergy_conservative,27007,92.2093,80.2553,7.7907,0,calibration,
real_buchwald_hartwig,llm_semantic_additive_tpsa_mid_base_tpsa_mid_synergy_noprior,27007,87.2375,78.6101,12.7625,0,calibration,
real_buchwald_hartwig,llm_semantic_amidine_base_simple_aryl_halide,27007,94.6911,82.9484,5.3089,0,calibration,
real_buchwald_hartwig,llm_semantic_amidine_base_simple_aryl_halide_conservative,27007,98.2872,81.7093,1.7128,1,calibration,
real_buchwald_hartwig,llm_semantic_amidine_base_simple_aryl_halide_noprior,27007,98.2872,81.7093,1.7128,1,calibration,
real_buchwald_hartwig,llm_semantic_conservative_low_semantic_mass,27007,86.4129,71.553,13.5871,0,calibration,
real_buchwald_hartwig,llm_semantic_conservative_low_semantic_mass_conservative,27007,86.4129,71.553,13.5871,0,calibration,
real_buchwald_hartwig,llm_semantic_conservative_low_semantic_mass_noprior,27007,86.4129,71.553,13.5871,0,calibration,
real_buchwald_hartwig,llm_semantic_counter_hypothesis_heteroaromatic_benign,27007,98.2872,80.2487,1.7128,1,calibration,
real_buchwald_hartwig,llm_semantic_counter_hypothesis_heteroaromatic_benign_conservative,27007,93.1012,80.3292,6.8988,0,calibration,
real_buchwald_hartwig,llm_semantic_counter_hypothesis_heteroaromatic_benign_noprior,27007,93.1012,77.8941,6.8988,0,calibration,
real_buchwald_hartwig,llm_semantic_cross_skill_rule_bank,27007,98.2872,76.0353,1.7128,1,calibration,
real_buchwald_hartwig,llm_semantic_domain_knowledge_electron_poor_halide,27007,87.2375,79.6447,12.7625,0,calibration,
real_buchwald_hartwig,llm_semantic_domain_knowledge_electron_poor_halide_conservative,27007,79.6425,55.2064,20.3575,0,calibration,
real_buchwald_hartwig,llm_semantic_domain_knowledge_electron_poor_halide_noprior,27007,85.2207,77.8479,14.7793,0,calibration,
real_buchwald_hartwig,llm_semantic_guanidine_base_high_mw_aryl_halide,27007,93.0289,79.9847,6.9711,0,calibration,
real_buchwald_hartwig,llm_semantic_guanidine_base_high_mw_aryl_halide_conservative,27007,98.2872,72.4535,1.7128,1,calibration,
real_buchwald_hartwig,llm_semantic_guanidine_base_high_mw_aryl_halide_noprior,27007,52.3137,45.5975,47.6863,0,calibration,
real_buchwald_hartwig,llm_semantic_high_mw_ligand_low_tpsa_base,27007,91.6984,88.7801,8.3016,0,calibration,
real_buchwald_hartwig,llm_semantic_high_mw_ligand_low_tpsa_base_conservative,27007,93.0289,85.0836,6.9711,0,calibration,
real_buchwald_hartwig,llm_semantic_high_mw_ligand_low_tpsa_base_noprior,27007,93.5878,84.1309,6.4122,0,calibration,
real_buchwald_hartwig,llm_semantic_phosphazene_base_heteroaromatic_halide,27007,92.2093,76.5159,7.7907,0,calibration,
real_buchwald_hartwig,llm_semantic_phosphazene_base_heteroaromatic_halide_conservative,27007,85.2207,72.4781,14.7793,0,calibration,
real_buchwald_hartwig,llm_semantic_phosphazene_base_heteroaromatic_halide_noprior,27007,87.2375,80.4423,12.7625,0,calibration,
real_buchwald_hartwig,mixed_kernel_gp_ei,27007,92.8977,76.0616,7.1023,0,calibration,
real_buchwald_hartwig,target_acquisition_portfolio,27007,92.8977,76.0616,7.1023,0,calibration,
real_buchwald_hartwig,gp_ucb,27008,96.1323,92.0243,3.8677,0,calibration,
real_buchwald_hartwig,llambo_warmstart_additive_tpsa_mid_base_tpsa_mid_synergy,27008,95.3865,69.6393,4.6135,0,calibration,
real_buchwald_hartwig,llambo_warmstart_additive_tpsa_mid_base_tpsa_mid_synergy_conservative,27008,95.3865,69.6393,4.6135,0,calibration,
real_buchwald_hartwig,llambo_warmstart_additive_tpsa_mid_base_tpsa_mid_synergy_noprior,27008,95.3865,69.6393,4.6135,0,calibration,
real_buchwald_hartwig,llambo_warmstart_amidine_base_simple_aryl_halide,27008,89.5592,85.071,10.4408,0,calibration,
real_buchwald_hartwig,llambo_warmstart_amidine_base_simple_aryl_halide_conservative,27008,89.5592,85.071,10.4408,0,calibration,
real_buchwald_hartwig,llambo_warmstart_amidine_base_simple_aryl_halide_noprior,27008,89.5592,85.071,10.4408,0,calibration,
real_buchwald_hartwig,llambo_warmstart_conservative_low_semantic_mass,27008,96.1323,91.9641,3.8677,0,calibration,
real_buchwald_hartwig,llambo_warmstart_conservative_low_semantic_mass_conservative,27008,96.1323,91.9641,3.8677,0,calibration,
real_buchwald_hartwig,llambo_warmstart_conservative_low_semantic_mass_noprior,27008,96.1323,91.9641,3.8677,0,calibration,
real_buchwald_hartwig,llambo_warmstart_counter_hypothesis_heteroaromatic_benign,27008,89.6142,78.5428,10.3858,0,calibration,
real_buchwald_hartwig,llambo_warmstart_counter_hypothesis_heteroaromatic_benign_conservative,27008,89.6142,78.5428,10.3858,0,calibration,
real_buchwald_hartwig,llambo_warmstart_counter_hypothesis_heteroaromatic_benign_noprior,27008,89.6142,78.5428,10.3858,0,calibration,
real_buchwald_hartwig,llambo_warmstart_cross_skill_rule_bank,27008,98.2872,90.6991,1.7128,1,calibration,
real_buchwald_hartwig,llambo_warmstart_domain_knowledge_electron_poor_halide,27008,86.3247,86.3247,13.6753,0,calibration,
real_buchwald_hartwig,llambo_warmstart_domain_knowledge_electron_poor_halide_conservative,27008,86.3247,86.3247,13.6753,0,calibration,
real_buchwald_hartwig,llambo_warmstart_domain_knowledge_electron_poor_halide_noprior,27008,86.3247,86.3247,13.6753,0,calibration,
real_buchwald_hartwig,llambo_warmstart_guanidine_base_high_mw_aryl_halide,27008,94.5498,92.6464,5.4502,0,calibration,
real_buchwald_hartwig,llambo_warmstart_guanidine_base_high_mw_aryl_halide_conservative,27008,94.5498,92.6464,5.4502,0,calibration,
real_buchwald_hartwig,llambo_warmstart_guanidine_base_high_mw_aryl_halide_noprior,27008,94.5498,92.6464,5.4502,0,calibration,
real_buchwald_hartwig,llambo_warmstart_high_mw_ligand_low_tpsa_base,27008,92.127,85.8007,7.873,0,calibration,
real_buchwald_hartwig,llambo_warmstart_high_mw_ligand_low_tpsa_base_conservative,27008,92.127,85.8007,7.873,0,calibration,
real_buchwald_hartwig,llambo_warmstart_high_mw_ligand_low_tpsa_base_noprior,27008,92.127,85.8007,7.873,0,calibration,
real_buchwald_hartwig,llambo_warmstart_phosphazene_base_heteroaromatic_halide,27008,100.0,85.9936,0.0,1,calibration,
real_buchwald_hartwig,llambo_warmstart_phosphazene_base_heteroaromatic_halide_conservative,27008,100.0,85.9936,0.0,1,calibration,
real_buchwald_hartwig,llambo_warmstart_phosphazene_base_heteroaromatic_halide_noprior,27008,100.0,85.9936,0.0,1,calibration,
real_buchwald_hartwig,llm_direct_prior_additive_tpsa_mid_base_tpsa_mid_synergy,27008,75.7358,75.7358,24.2642,0,calibration,
real_buchwald_hartwig,llm_direct_prior_additive_tpsa_mid_base_tpsa_mid_synergy_conservative,27008,75.7358,75.7358,24.2642,0,calibration,
real_buchwald_hartwig,llm_direct_prior_additive_tpsa_mid_base_tpsa_mid_synergy_noprior,27008,75.7358,75.7358,24.2642,0,calibration,
real_buchwald_hartwig,llm_direct_prior_amidine_base_simple_aryl_halide,27008,75.7358,75.7358,24.2642,0,calibration,
real_buchwald_hartwig,llm_direct_prior_amidine_base_simple_aryl_halide_conservative,27008,93.0289,79.1944,6.9711,0,calibration,
real_buchwald_hartwig,llm_direct_prior_amidine_base_simple_aryl_halide_noprior,27008,75.7358,75.7358,24.2642,0,calibration,
real_buchwald_hartwig,llm_direct_prior_conservative_low_semantic_mass,27008,83.6537,76.5276,16.3463,0,calibration,
real_buchwald_hartwig,llm_direct_prior_conservative_low_semantic_mass_conservative,27008,83.6537,76.5276,16.3463,0,calibration,
real_buchwald_hartwig,llm_direct_prior_conservative_low_semantic_mass_noprior,27008,83.6537,76.5276,16.3463,0,calibration,
real_buchwald_hartwig,llm_direct_prior_counter_hypothesis_heteroaromatic_benign,27008,88.5139,87.2361,11.4861,0,calibration,
real_buchwald_hartwig,llm_direct_prior_counter_hypothesis_heteroaromatic_benign_conservative,27008,88.5139,87.2361,11.4861,0,calibration,
real_buchwald_hartwig,llm_direct_prior_counter_hypothesis_heteroaromatic_benign_noprior,27008,88.5139,87.2361,11.4861,0,calibration,
real_buchwald_hartwig,llm_direct_prior_cross_skill_rule_bank,27008,98.2872,88.4464,1.7128,1,calibration,
real_buchwald_hartwig,llm_direct_prior_domain_knowledge_electron_poor_halide,27008,90.3173,89.2903,9.6827,0,calibration,
real_buchwald_hartwig,llm_direct_prior_domain_knowledge_electron_poor_halide_conservative,27008,96.1323,92.5034,3.8677,0,calibration,
real_buchwald_hartwig,llm_direct_prior_domain_knowledge_electron_poor_halide_noprior,27008,90.3173,89.2903,9.6827,0,calibration,
real_buchwald_hartwig,llm_direct_prior_guanidine_base_high_mw_aryl_halide,27008,86.0034,83.7233,13.9966,0,calibration,
real_buchwald_hartwig,llm_direct_prior_guanidine_base_high_mw_aryl_halide_conservative,27008,88.5139,84.6805,11.4861,0,calibration,
real_buchwald_hartwig,llm_direct_prior_guanidine_base_high_mw_aryl_halide_noprior,27008,86.0034,83.7233,13.9966,0,calibration,
real_buchwald_hartwig,llm_direct_prior_high_mw_ligand_low_tpsa_base,27008,90.3173,87.1634,9.6827,0,calibration,
real_buchwald_hartwig,llm_direct_prior_high_mw_ligand_low_tpsa_base_conservative,27008,90.3173,89.1291,9.6827,0,calibration,
real_buchwald_hartwig,llm_direct_prior_high_mw_ligand_low_tpsa_base_noprior,27008,90.3173,87.1634,9.6827,0,calibration,
real_buchwald_hartwig,llm_direct_prior_phosphazene_base_heteroaromatic_halide,27008,78.3625,77.8173,21.6375,0,calibration,
real_buchwald_hartwig,llm_direct_prior_phosphazene_base_heteroaromatic_halide_conservative,27008,79.6552,78.056,20.3448,0,calibration,
real_buchwald_hartwig,llm_direct_prior_phosphazene_base_heteroaromatic_halide_noprior,27008,78.3625,77.8173,21.6375,0,calibration,
real_buchwald_hartwig,llm_semantic_additive_tpsa_mid_base_tpsa_mid_synergy,27008,77.5468,76.4602,22.4532,0,calibration,
real_buchwald_hartwig,llm_semantic_additive_tpsa_mid_base_tpsa_mid_synergy_conservative,27008,89.6142,86.5268,10.3858,0,calibration,
real_buchwald_hartwig,llm_semantic_additive_tpsa_mid_base_tpsa_mid_synergy_noprior,27008,89.6142,86.6678,10.3858,0,calibration,
real_buchwald_hartwig,llm_semantic_amidine_base_simple_aryl_halide,27008,96.1323,89.9827,3.8677,0,calibration,
real_buchwald_hartwig,llm_semantic_amidine_base_simple_aryl_halide_conservative,27008,96.1323,89.3309,3.8677,0,calibration,
real_buchwald_hartwig,llm_semantic_amidine_base_simple_aryl_halide_noprior,27008,96.1323,89.3309,3.8677,0,calibration,
real_buchwald_hartwig,llm_semantic_conservative_low_semantic_mass,27008,96.1323,90.3546,3.8677,0,calibration,
real_buchwald_hartwig,llm_semantic_conservative_low_semantic_mass_conservative,27008,96.1323,90.3546,3.8677,0,calibration,
real_buchwald_hartwig,llm_semantic_conservative_low_semantic_mass_noprior,27008,96.1323,90.3546,3.8677,0,calibration,
real_buchwald_hartwig,llm_semantic_counter_hypothesis_heteroaromatic_benign,27008,96.1323,90.5245,3.8677,0,calibration,
real_buchwald_hartwig,llm_semantic_counter_hypothesis_heteroaromatic_benign_conservative,27008,89.6142,87.6946,10.3858,0,calibration,
real_buchwald_hartwig,llm_semantic_counter_hypothesis_heteroaromatic_benign_noprior,27008,96.1323,88.3722,3.8677,0,calibration,
real_buchwald_hartwig,llm_semantic_cross_skill_rule_bank,27008,96.1323,89.3309,3.8677,0,calibration,
real_buchwald_hartwig,llm_semantic_domain_knowledge_electron_poor_halide,27008,78.0029,78.0029,21.9971,0,calibration,
real_buchwald_hartwig,llm_semantic_domain_knowledge_electron_poor_halide_conservative,27008,86.7926,80.9163,13.2074,0,calibration,
real_buchwald_hartwig,llm_semantic_domain_knowledge_electron_poor_halide_noprior,27008,87.2375,82.146,12.7625,0,calibration,
real_buchwald_hartwig,llm_semantic_guanidine_base_high_mw_aryl_halide,27008,75.7358,75.7358,24.2642,0,calibration,
real_buchwald_hartwig,llm_semantic_guanidine_base_high_mw_aryl_halide_conservative,27008,89.6142,85.4507,10.3858,0,calibration,
real_buchwald_hartwig,llm_semantic_guanidine_base_high_mw_aryl_halide_noprior,27008,89.6142,86.6712,10.3858,0,calibration,
real_buchwald_hartwig,llm_semantic_high_mw_ligand_low_tpsa_base,27008,89.6142,88.4658,10.3858,0,calibration,
real_buchwald_hartwig,llm_semantic_high_mw_ligand_low_tpsa_base_conservative,27008,96.1323,88.7075,3.8677,0,calibration,
real_buchwald_hartwig,llm_semantic_high_mw_ligand_low_tpsa_base_noprior,27008,89.6142,88.0556,10.3858,0,calibration,
real_buchwald_hartwig,llm_semantic_phosphazene_base_heteroaromatic_halide,27008,92.1197,87.7556,7.8803,0,calibration,
real_buchwald_hartwig,llm_semantic_phosphazene_base_heteroaromatic_halide_conservative,27008,89.6142,87.9146,10.3858,0,calibration,
real_buchwald_hartwig,llm_semantic_phosphazene_base_heteroaromatic_halide_noprior,27008,96.1323,92.4773,3.8677,0,calibration,
real_buchwald_hartwig,mixed_kernel_gp_ei,27008,96.1323,92.0243,3.8677,0,calibration,
real_buchwald_hartwig,target_acquisition_portfolio,27008,96.1323,92.0243,3.8677,0,calibration,
real_buchwald_hartwig,gp_ucb,27009,84.93,83.7599,15.07,0,calibration,
real_buchwald_hartwig,llambo_warmstart_additive_tpsa_mid_base_tpsa_mid_synergy,27009,99.6191,89.2407,0.3809,1,calibration,
real_buchwald_hartwig,llambo_warmstart_additive_tpsa_mid_base_tpsa_mid_synergy_conservative,27009,99.6191,89.2407,0.3809,1,calibration,
real_buchwald_hartwig,llambo_warmstart_additive_tpsa_mid_base_tpsa_mid_synergy_noprior,27009,99.6191,89.2407,0.3809,1,calibration,
real_buchwald_hartwig,llambo_warmstart_amidine_base_simple_aryl_halide,27009,85.8947,79.8399,14.1053,0,calibration,
real_buchwald_hartwig,llambo_warmstart_amidine_base_simple_aryl_halide_conservative,27009,85.8947,79.8399,14.1053,0,calibration,
real_buchwald_hartwig,llambo_warmstart_amidine_base_simple_aryl_halide_noprior,27009,85.8947,79.8399,14.1053,0,calibration,
real_buchwald_hartwig,llambo_warmstart_conservative_low_semantic_mass,27009,86.4971,70.3272,13.5029,0,calibration,
real_buchwald_hartwig,llambo_warmstart_conservative_low_semantic_mass_conservative,27009,86.4971,70.3272,13.5029,0,calibration,
real_buchwald_hartwig,llambo_warmstart_conservative_low_semantic_mass_noprior,27009,86.4971,70.3272,13.5029,0,calibration,
real_buchwald_hartwig,llambo_warmstart_counter_hypothesis_heteroaromatic_benign,27009,90.3714,84.8592,9.6286,0,calibration,
real_buchwald_hartwig,llambo_warmstart_counter_hypothesis_heteroaromatic_benign_conservative,27009,90.3714,84.8592,9.6286,0,calibration,
real_buchwald_hartwig,llambo_warmstart_counter_hypothesis_heteroaromatic_benign_noprior,27009,90.3714,84.8592,9.6286,0,calibration,
real_buchwald_hartwig,llambo_warmstart_cross_skill_rule_bank,27009,99.0345,88.7045,0.9655,1,calibration,
real_buchwald_hartwig,llambo_warmstart_domain_knowledge_electron_poor_halide,27009,94.5498,79.3555,5.4502,0,calibration,
real_buchwald_hartwig,llambo_warmstart_domain_knowledge_electron_poor_halide_conservative,27009,94.5498,79.3555,5.4502,0,calibration,
real_buchwald_hartwig,llambo_warmstart_domain_knowledge_electron_poor_halide_noprior,27009,94.5498,79.3555,5.4502,0,calibration,
real_buchwald_hartwig,llambo_warmstart_guanidine_base_high_mw_aryl_halide,27009,81.5694,80.7209,18.4306,0,calibration,
real_buchwald_hartwig,llambo_warmstart_guanidine_base_high_mw_aryl_halide_conservative,27009,81.5694,80.7209,18.4306,0,calibration,
real_buchwald_hartwig,llambo_warmstart_guanidine_base_high_mw_aryl_halide_noprior,27009,81.5694,80.7209,18.4306,0,calibration,
real_buchwald_hartwig,llambo_warmstart_high_mw_ligand_low_tpsa_base,27009,83.9394,77.9866,16.0606,0,calibration,
real_buchwald_hartwig,llambo_warmstart_high_mw_ligand_low_tpsa_base_conservative,27009,83.9394,77.9866,16.0606,0,calibration,
real_buchwald_hartwig,llambo_warmstart_high_mw_ligand_low_tpsa_base_noprior,27009,83.9394,77.9866,16.0606,0,calibration,
real_buchwald_hartwig,llambo_warmstart_phosphazene_base_heteroaromatic_halide,27009,100.0,89.8434,0.0,1,calibration,
real_buchwald_hartwig,llambo_warmstart_phosphazene_base_heteroaromatic_halide_conservative,27009,100.0,89.8434,0.0,1,calibration,
real_buchwald_hartwig,llambo_warmstart_phosphazene_base_heteroaromatic_halide_noprior,27009,100.0,89.8434,0.0,1,calibration,
real_buchwald_hartwig,llm_direct_prior_additive_tpsa_mid_base_tpsa_mid_synergy,27009,79.0795,79.0795,20.9205,0,calibration,
real_buchwald_hartwig,llm_direct_prior_additive_tpsa_mid_base_tpsa_mid_synergy_conservative,27009,79.0795,79.0795,20.9205,0,calibration,
real_buchwald_hartwig,llm_direct_prior_additive_tpsa_mid_base_tpsa_mid_synergy_noprior,27009,79.0795,79.0795,20.9205,0,calibration,
real_buchwald_hartwig,llm_direct_prior_amidine_base_simple_aryl_halide,27009,91.3906,84.6903,8.6094,0,calibration,
real_buchwald_hartwig,llm_direct_prior_amidine_base_simple_aryl_halide_conservative,27009,100.0,87.9142,0.0,1,calibration,
real_buchwald_hartwig,llm_direct_prior_amidine_base_simple_aryl_halide_noprior,27009,91.3906,84.6903,8.6094,0,calibration,
real_buchwald_hartwig,llm_direct_prior_conservative_low_semantic_mass,27009,79.8903,79.8903,20.1097,0,calibration,
real_buchwald_hartwig,llm_direct_prior_conservative_low_semantic_mass_conservative,27009,79.8903,79.8903,20.1097,0,calibration,
real_buchwald_hartwig,llm_direct_prior_conservative_low_semantic_mass_noprior,27009,79.8903,79.8903,20.1097,0,calibration,
real_buchwald_hartwig,llm_direct_prior_counter_hypothesis_heteroaromatic_benign,27009,79.8903,79.6471,20.1097,0,calibration,
real_buchwald_hartwig,llm_direct_prior_counter_hypothesis_heteroaromatic_benign_conservative,27009,84.6498,84.0928,15.3502,0,calibration,
real_buchwald_hartwig,llm_direct_prior_counter_hypothesis_heteroaromatic_benign_noprior,27009,79.8903,79.6471,20.1097,0,calibration,
real_buchwald_hartwig,llm_direct_prior_cross_skill_rule_bank,27009,89.3231,86.0092,10.6769,0,calibration,
real_buchwald_hartwig,llm_direct_prior_domain_knowledge_electron_poor_halide,27009,93.4211,89.7765,6.5789,0,calibration,
real_buchwald_hartwig,llm_direct_prior_domain_knowledge_electron_poor_halide_conservative,27009,93.0289,83.8319,6.9711,0,calibration,
real_buchwald_hartwig,llm_direct_prior_domain_knowledge_electron_poor_halide_noprior,27009,93.4211,89.7765,6.5789,0,calibration,
real_buchwald_hartwig,llm_direct_prior_guanidine_base_high_mw_aryl_halide,27009,83.7372,82.3399,16.2628,0,calibration,
real_buchwald_hartwig,llm_direct_prior_guanidine_base_high_mw_aryl_halide_conservative,27009,88.5139,81.4238,11.4861,0,calibration,
real_buchwald_hartwig,llm_direct_prior_guanidine_base_high_mw_aryl_halide_noprior,27009,83.7372,82.3399,16.2628,0,calibration,
real_buchwald_hartwig,llm_direct_prior_high_mw_ligand_low_tpsa_base,27009,89.3231,84.2013,10.6769,0,calibration,
real_buchwald_hartwig,llm_direct_prior_high_mw_ligand_low_tpsa_base_conservative,27009,100.0,87.361,0.0,1,calibration,
real_buchwald_hartwig,llm_direct_prior_high_mw_ligand_low_tpsa_base_noprior,27009,89.3231,84.2013,10.6769,0,calibration,
real_buchwald_hartwig,llm_direct_prior_phosphazene_base_heteroaromatic_halide,27009,79.0795,79.0795,20.9205,0,calibration,
real_buchwald_hartwig,llm_direct_prior_phosphazene_base_heteroaromatic_halide_conservative,27009,79.0795,79.0795,20.9205,0,calibration,
real_buchwald_hartwig,llm_direct_prior_phosphazene_base_heteroaromatic_halide_noprior,27009,79.0795,79.0795,20.9205,0,calibration,
real_buchwald_hartwig,llm_semantic_additive_tpsa_mid_base_tpsa_mid_synergy,27009,84.6498,80.7506,15.3502,0,calibration,
real_buchwald_hartwig,llm_semantic_additive_tpsa_mid_base_tpsa_mid_synergy_conservative,27009,90.9905,83.1986,9.0095,0,calibration,
real_buchwald_hartwig,llm_semantic_additive_tpsa_mid_base_tpsa_mid_synergy_noprior,27009,79.0795,79.0795,20.9205,0,calibration,
real_buchwald_hartwig,llm_semantic_amidine_base_simple_aryl_halide,27009,86.4971,86.3124,13.5029,0,calibration,
real_buchwald_hartwig,llm_semantic_amidine_base_simple_aryl_halide_conservative,27009,89.6142,87.8709,10.3858,0,calibration,
real_buchwald_hartwig,llm_semantic_amidine_base_simple_aryl_halide_noprior,27009,93.0289,88.9251,6.9711,0,calibration,
real_buchwald_hartwig,llm_semantic_conservative_low_semantic_mass,27009,89.6142,89.5851,10.3858,0,calibration,
real_buchwald_hartwig,llm_semantic_conservative_low_semantic_mass_conservative,27009,89.6142,89.5851,10.3858,0,calibration,
real_buchwald_hartwig,llm_semantic_conservative_low_semantic_mass_noprior,27009,89.6142,89.5851,10.3858,0,calibration,
real_buchwald_hartwig,llm_semantic_counter_hypothesis_heteroaromatic_benign,27009,88.5139,87.7241,11.4861,0,calibration,
real_buchwald_hartwig,llm_semantic_counter_hypothesis_heteroaromatic_benign_conservative,27009,88.5139,87.5225,11.4861,0,calibration,
real_buchwald_hartwig,llm_semantic_counter_hypothesis_heteroaromatic_benign_noprior,27009,93.0995,85.9864,6.9005,0,calibration,
real_buchwald_hartwig,llm_semantic_cross_skill_rule_bank,27009,88.5139,85.2492,11.4861,0,calibration,
real_buchwald_hartwig,llm_semantic_domain_knowledge_electron_poor_halide,27009,98.1771,84.5919,1.8229,1,calibration,
real_buchwald_hartwig,llm_semantic_domain_knowledge_electron_poor_halide_conservative,27009,95.6759,84.6431,4.3241,0,calibration,
real_buchwald_hartwig,llm_semantic_domain_knowledge_electron_poor_halide_noprior,27009,100.0,87.6523,0.0,1,calibration,
real_buchwald_hartwig,llm_semantic_guanidine_base_high_mw_aryl_halide,27009,84.6498,82.6674,15.3502,0,calibration,
real_buchwald_hartwig,llm_semantic_guanidine_base_high_mw_aryl_halide_conservative,27009,86.1944,84.0164,13.8056,0,calibration,
real_buchwald_hartwig,llm_semantic_guanidine_base_high_mw_aryl_halide_noprior,27009,84.6498,83.5357,15.3502,0,calibration,
real_buchwald_hartwig,llm_semantic_high_mw_ligand_low_tpsa_base,27009,89.6142,87.5073,10.3858,0,calibration,
real_buchwald_hartwig,llm_semantic_high_mw_ligand_low_tpsa_base_conservative,27009,88.5139,85.6384,11.4861,0,calibration,
real_buchwald_hartwig,llm_semantic_high_mw_ligand_low_tpsa_base_noprior,27009,88.5139,82.8533,11.4861,0,calibration,
real_buchwald_hartwig,llm_semantic_phosphazene_base_heteroaromatic_halide,27009,79.0795,79.0795,20.9205,0,calibration,
real_buchwald_hartwig,llm_semantic_phosphazene_base_heteroaromatic_halide_conservative,27009,85.1332,82.6275,14.8668,0,calibration,
real_buchwald_hartwig,llm_semantic_phosphazene_base_heteroaromatic_halide_noprior,27009,83.4092,83.4092,16.5908,0,calibration,
real_buchwald_hartwig,mixed_kernel_gp_ei,27009,84.93,83.7599,15.07,0,calibration,
real_buchwald_hartwig,target_acquisition_portfolio,27009,84.93,83.7599,15.07,0,calibration,
real_buchwald_hartwig,gp_ucb,27010,90.9905,84.4576,9.0095,0,calibration,
real_buchwald_hartwig,llambo_warmstart_additive_tpsa_mid_base_tpsa_mid_synergy,27010,93.3108,93.1629,6.6892,0,calibration,
real_buchwald_hartwig,llambo_warmstart_additive_tpsa_mid_base_tpsa_mid_synergy_conservative,27010,93.3108,93.1629,6.6892,0,calibration,
real_buchwald_hartwig,llambo_warmstart_additive_tpsa_mid_base_tpsa_mid_synergy_noprior,27010,93.3108,93.1629,6.6892,0,calibration,
real_buchwald_hartwig,llambo_warmstart_amidine_base_simple_aryl_halide,27010,92.3538,85.4246,7.6462,0,calibration,
real_buchwald_hartwig,llambo_warmstart_amidine_base_simple_aryl_halide_conservative,27010,92.3538,85.4246,7.6462,0,calibration,
real_buchwald_hartwig,llambo_warmstart_amidine_base_simple_aryl_halide_noprior,27010,92.3538,85.4246,7.6462,0,calibration,
real_buchwald_hartwig,llambo_warmstart_conservative_low_semantic_mass,27010,74.2296,71.7098,25.7704,0,calibration,
real_buchwald_hartwig,llambo_warmstart_conservative_low_semantic_mass_conservative,27010,74.2296,71.7098,25.7704,0,calibration,
real_buchwald_hartwig,llambo_warmstart_conservative_low_semantic_mass_noprior,27010,74.2296,71.7098,25.7704,0,calibration,
real_buchwald_hartwig,llambo_warmstart_counter_hypothesis_heteroaromatic_benign,27010,79.0554,63.3192,20.9446,0,calibration,
real_buchwald_hartwig,llambo_warmstart_counter_hypothesis_heteroaromatic_benign_conservative,27010,79.0554,63.3192,20.9446,0,calibration,
real_buchwald_hartwig,llambo_warmstart_counter_hypothesis_heteroaromatic_benign_noprior,27010,79.0554,63.3192,20.9446,0,calibration,
real_buchwald_hartwig,llambo_warmstart_cross_skill_rule_bank,27010,95.6759,83.9668,4.3241,0,calibration,
real_buchwald_hartwig,llambo_warmstart_domain_knowledge_electron_poor_halide,27010,100.0,100.0,0.0,1,calibration,
real_buchwald_hartwig,llambo_warmstart_domain_knowledge_electron_poor_halide_conservative,27010,100.0,100.0,0.0,1,calibration,
real_buchwald_hartwig,llambo_warmstart_domain_knowledge_electron_poor_halide_noprior,27010,100.0,100.0,0.0,1,calibration,
real_buchwald_hartwig,llambo_warmstart_guanidine_base_high_mw_aryl_halide,27010,98.7313,92.2211,1.2687,1,calibration,
real_buchwald_hartwig,llambo_warmstart_guanidine_base_high_mw_aryl_halide_conservative,27010,98.7313,92.2211,1.2687,1,calibration,
real_buchwald_hartwig,llambo_warmstart_guanidine_base_high_mw_aryl_halide_noprior,27010,98.7313,92.2211,1.2687,1,calibration,
real_buchwald_hartwig,llambo_warmstart_high_mw_ligand_low_tpsa_base,27010,92.3538,87.2198,7.6462,0,calibration,
real_buchwald_hartwig,llambo_warmstart_high_mw_ligand_low_tpsa_base_conservative,27010,92.3538,87.2198,7.6462,0,calibration,
real_buchwald_hartwig,llambo_warmstart_high_mw_ligand_low_tpsa_base_noprior,27010,92.3538,87.2198,7.6462,0,calibration,
real_buchwald_hartwig,llambo_warmstart_phosphazene_base_heteroaromatic_halide,27010,88.4464,81.104,11.5536,0,calibration,
real_buchwald_hartwig,llambo_warmstart_phosphazene_base_heteroaromatic_halide_conservative,27010,88.4464,81.104,11.5536,0,calibration,
real_buchwald_hartwig,llambo_warmstart_phosphazene_base_heteroaromatic_halide_noprior,27010,88.4464,81.104,11.5536,0,calibration,
real_buchwald_hartwig,llm_direct_prior_additive_tpsa_mid_base_tpsa_mid_synergy,27010,74.0474,67.0273,25.9526,0,calibration,
real_buchwald_hartwig,llm_direct_prior_additive_tpsa_mid_base_tpsa_mid_synergy_conservative,27010,74.0474,65.2722,25.9526,0,calibration,
real_buchwald_hartwig,llm_direct_prior_additive_tpsa_mid_base_tpsa_mid_synergy_noprior,27010,74.0474,67.0273,25.9526,0,calibration,
real_buchwald_hartwig,llm_direct_prior_amidine_base_simple_aryl_halide,27010,94.6911,78.7486,5.3089,0,calibration,
real_buchwald_hartwig,llm_direct_prior_amidine_base_simple_aryl_halide_conservative,27010,94.6911,72.982,5.3089,0,calibration,
real_buchwald_hartwig,llm_direct_prior_amidine_base_simple_aryl_halide_noprior,27010,94.6911,78.7486,5.3089,0,calibration,
real_buchwald_hartwig,llm_direct_prior_conservative_low_semantic_mass,27010,98.7313,87.0154,1.2687,1,calibration,
real_buchwald_hartwig,llm_direct_prior_conservative_low_semantic_mass_conservative,27010,98.7313,87.0154,1.2687,1,calibration,
real_buchwald_hartwig,llm_direct_prior_conservative_low_semantic_mass_noprior,27010,98.7313,87.0154,1.2687,1,calibration,
real_buchwald_hartwig,llm_direct_prior_counter_hypothesis_heteroaromatic_benign,27010,56.4971,56.4971,43.5029,0,calibration,
real_buchwald_hartwig,llm_direct_prior_counter_hypothesis_heteroaromatic_benign_conservative,27010,98.7313,81.5244,1.2687,1,calibration,
real_buchwald_hartwig,llm_direct_prior_counter_hypothesis_heteroaromatic_benign_noprior,27010,56.4971,56.4971,43.5029,0,calibration,
real_buchwald_hartwig,llm_direct_prior_cross_skill_rule_bank,27010,95.6759,82.2463,4.3241,0,calibration,
real_buchwald_hartwig,llm_direct_prior_domain_knowledge_electron_poor_halide,27010,82.6307,78.7426,17.3693,0,calibration,
real_buchwald_hartwig,llm_direct_prior_domain_knowledge_electron_poor_halide_conservative,27010,95.6759,85.1033,4.3241,0,calibration,
real_buchwald_hartwig,llm_direct_prior_domain_knowledge_electron_poor_halide_noprior,27010,82.6307,78.7426,17.3693,0,calibration,
real_buchwald_hartwig,llm_direct_prior_guanidine_base_high_mw_aryl_halide,27010,86.1051,68.2337,13.8949,0,calibration,
real_buchwald_hartwig,llm_direct_prior_guanidine_base_high_mw_aryl_halide_conservative,27010,90.7313,79.9403,9.2687,0,calibration,
real_buchwald_hartwig,llm_direct_prior_guanidine_base_high_mw_aryl_halide_noprior,27010,86.1051,68.2337,13.8949,0,calibration,
real_buchwald_hartwig,llm_direct_prior_high_mw_ligand_low_tpsa_base,27010,85.6057,76.8731,14.3943,0,calibration,
real_buchwald_hartwig,llm_direct_prior_high_mw_ligand_low_tpsa_base_conservative,27010,92.9567,76.8234,7.0433,0,calibration,
real_buchwald_hartwig,llm_direct_prior_high_mw_ligand_low_tpsa_base_noprior,27010,85.6057,76.8731,14.3943,0,calibration,
real_buchwald_hartwig,llm_direct_prior_phosphazene_base_heteroaromatic_halide,27010,76.7953,74.9227,23.2047,0,calibration,
real_buchwald_hartwig,llm_direct_prior_phosphazene_base_heteroaromatic_halide_conservative,27010,76.7953,74.9227,23.2047,0,calibration,
real_buchwald_hartwig,llm_direct_prior_phosphazene_base_heteroaromatic_halide_noprior,27010,76.7953,74.9227,23.2047,0,calibration,
real_buchwald_hartwig,llm_semantic_additive_tpsa_mid_base_tpsa_mid_synergy,27010,74.6234,63.5071,25.3766,0,calibration,
real_buchwald_hartwig,llm_semantic_additive_tpsa_mid_base_tpsa_mid_synergy_conservative,27010,80.1023,77.7418,19.8977,0,calibration,
real_buchwald_hartwig,llm_semantic_additive_tpsa_mid_base_tpsa_mid_synergy_noprior,27010,74.0474,68.7022,25.9526,0,calibration,
real_buchwald_hartwig,llm_semantic_amidine_base_simple_aryl_halide,27010,93.4211,89.3379,6.5789,0,calibration,
real_buchwald_hartwig,llm_semantic_amidine_base_simple_aryl_halide_conservative,27010,100.0,96.8796,0.0,1,calibration,
real_buchwald_hartwig,llm_semantic_amidine_base_simple_aryl_halide_noprior,27010,96.1323,91.7647,3.8677,0,calibration,
real_buchwald_hartwig,llm_semantic_conservative_low_semantic_mass,27010,91.0563,86.9891,8.9437,0,calibration,
real_buchwald_hartwig,llm_semantic_conservative_low_semantic_mass_conservative,27010,86.4129,74.3059,13.5871,0,calibration,
real_buchwald_hartwig,llm_semantic_conservative_low_semantic_mass_noprior,27010,86.4129,74.3059,13.5871,0,calibration,
real_buchwald_hartwig,llm_semantic_counter_hypothesis_heteroaromatic_benign,27010,92.9567,84.3446,7.0433,0,calibration,
real_buchwald_hartwig,llm_semantic_counter_hypothesis_heteroaromatic_benign_conservative,27010,92.9567,85.2994,7.0433,0,calibration,
real_buchwald_hartwig,llm_semantic_counter_hypothesis_heteroaromatic_benign_noprior,27010,92.9567,85.2994,7.0433,0,calibration,
real_buchwald_hartwig,llm_semantic_cross_skill_rule_bank,27010,96.1323,92.7164,3.8677,0,calibration,
real_buchwald_hartwig,llm_semantic_domain_knowledge_electron_poor_halide,27010,100.0,75.1836,0.0,1,calibration,
real_buchwald_hartwig,llm_semantic_domain_knowledge_electron_poor_halide_conservative,27010,100.0,85.1697,0.0,1,calibration,
real_buchwald_hartwig,llm_semantic_domain_knowledge_electron_poor_halide_noprior,27010,100.0,70.8333,0.0,1,calibration,
real_buchwald_hartwig,llm_semantic_guanidine_base_high_mw_aryl_halide,27010,88.4464,61.7821,11.5536,0,calibration,
real_buchwald_hartwig,llm_semantic_guanidine_base_high_mw_aryl_halide_conservative,27010,58.9438,56.9864,41.0562,0,calibration,
real_buchwald_hartwig,llm_semantic_guanidine_base_high_mw_aryl_halide_noprior,27010,93.0289,76.5839,6.9711,0,calibration,
real_buchwald_hartwig,llm_semantic_high_mw_ligand_low_tpsa_base,27010,100.0,90.4491,0.0,1,calibration,
real_buchwald_hartwig,llm_semantic_high_mw_ligand_low_tpsa_base_conservative,27010,100.0,91.4892,0.0,1,calibration,
real_buchwald_hartwig,llm_semantic_high_mw_ligand_low_tpsa_base_noprior,27010,100.0,90.4491,0.0,1,calibration,
real_buchwald_hartwig,llm_semantic_phosphazene_base_heteroaromatic_halide,27010,83.9556,75.5289,16.0444,0,calibration,
real_buchwald_hartwig,llm_semantic_phosphazene_base_heteroaromatic_halide_conservative,27010,86.7926,81.211,13.2074,0,calibration,
real_buchwald_hartwig,llm_semantic_phosphazene_base_heteroaromatic_halide_noprior,27010,93.0289,82.2768,6.9711,0,calibration,
real_buchwald_hartwig,mixed_kernel_gp_ei,27010,91.5286,77.5978,8.4714,0,calibration,
real_buchwald_hartwig,target_acquisition_portfolio,27010,100.0,82.7532,0.0,1,calibration,
real_buchwald_hartwig,gp_ucb,27011,92.127,82.9655,7.873,0,calibration,
real_buchwald_hartwig,llambo_warmstart_additive_tpsa_mid_base_tpsa_mid_synergy,27011,94.1517,87.366,5.8483,0,calibration,
real_buchwald_hartwig,llambo_warmstart_additive_tpsa_mid_base_tpsa_mid_synergy_conservative,27011,94.1517,87.366,5.8483,0,calibration,
real_buchwald_hartwig,llambo_warmstart_additive_tpsa_mid_base_tpsa_mid_synergy_noprior,27011,94.1517,87.366,5.8483,0,calibration,
real_buchwald_hartwig,llambo_warmstart_amidine_base_simple_aryl_halide,27011,98.7313,98.7313,1.2687,1,calibration,
real_buchwald_hartwig,llambo_warmstart_amidine_base_simple_aryl_halide_conservative,27011,98.7313,98.7313,1.2687,1,calibration,
real_buchwald_hartwig,llambo_warmstart_amidine_base_simple_aryl_halide_noprior,27011,98.7313,98.7313,1.2687,1,calibration,
real_buchwald_hartwig,llambo_warmstart_conservative_low_semantic_mass,27011,98.7313,98.7313,1.2687,1,calibration,
real_buchwald_hartwig,llambo_warmstart_conservative_low_semantic_mass_conservative,27011,98.7313,98.7313,1.2687,1,calibration,
real_buchwald_hartwig,llambo_warmstart_conservative_low_semantic_mass_noprior,27011,98.7313,98.7313,1.2687,1,calibration,
real_buchwald_hartwig,llambo_warmstart_counter_hypothesis_heteroaromatic_benign,27011,95.129,72.8743,4.871,0,calibration,
real_buchwald_hartwig,llambo_warmstart_counter_hypothesis_heteroaromatic_benign_conservative,27011,95.129,72.8743,4.871,0,calibration,
real_buchwald_hartwig,llambo_warmstart_counter_hypothesis_heteroaromatic_benign_noprior,27011,95.129,72.8743,4.871,0,calibration,
real_buchwald_hartwig,llambo_warmstart_cross_skill_rule_bank,27011,91.1391,89.8452,8.8609,0,calibration,
real_buchwald_hartwig,llambo_warmstart_domain_knowledge_electron_poor_halide,27011,93.0995,92.9116,6.9005,0,calibration,
real_buchwald_hartwig,llambo_warmstart_domain_knowledge_electron_poor_halide_conservative,27011,93.0995,92.9116,6.9005,0,calibration,
real_buchwald_hartwig,llambo_warmstart_domain_knowledge_electron_poor_halide_noprior,27011,93.0995,92.9116,6.9005,0,calibration,
real_buchwald_hartwig,llambo_warmstart_guanidine_base_high_mw_aryl_halide,27011,66.0579,66.0579,33.9421,0,calibration,
real_buchwald_hartwig,llambo_warmstart_guanidine_base_high_mw_aryl_halide_conservative,27011,66.0579,66.0579,33.9421,0,calibration,
real_buchwald_hartwig,llambo_warmstart_guanidine_base_high_mw_aryl_halide_noprior,27011,66.0579,66.0579,33.9421,0,calibration,
real_buchwald_hartwig,llambo_warmstart_high_mw_ligand_low_tpsa_base,27011,94.3462,90.5251,5.6538,0,calibration,
real_buchwald_hartwig,llambo_warmstart_high_mw_ligand_low_tpsa_base_conservative,27011,94.3462,90.5251,5.6538,0,calibration,
real_buchwald_hartwig,llambo_warmstart_high_mw_ligand_low_tpsa_base_noprior,27011,94.3462,90.5251,5.6538,0,calibration,
real_buchwald_hartwig,llambo_warmstart_phosphazene_base_heteroaromatic_halide,27011,91.1391,87.6861,8.8609,0,calibration,
real_buchwald_hartwig,llambo_warmstart_phosphazene_base_heteroaromatic_halide_conservative,27011,91.1391,87.6861,8.8609,0,calibration,
real_buchwald_hartwig,llambo_warmstart_phosphazene_base_heteroaromatic_halide_noprior,27011,91.1391,87.6861,8.8609,0,calibration,
real_buchwald_hartwig,llm_direct_prior_additive_tpsa_mid_base_tpsa_mid_synergy,27011,78.2963,69.4713,21.7037,0,calibration,
real_buchwald_hartwig,llm_direct_prior_additive_tpsa_mid_base_tpsa_mid_synergy_conservative,27011,70.0079,65.7078,29.9921,0,calibration,
real_buchwald_hartwig,llm_direct_prior_additive_tpsa_mid_base_tpsa_mid_synergy_noprior,27011,78.2963,69.4713,21.7037,0,calibration,
real_buchwald_hartwig,llm_direct_prior_amidine_base_simple_aryl_halide,27011,83.0965,78.9344,16.9035,0,calibration,
real_buchwald_hartwig,llm_direct_prior_amidine_base_simple_aryl_halide_conservative,27011,81.5694,76.7481,18.4306,0,calibration,
real_buchwald_hartwig,llm_direct_prior_amidine_base_simple_aryl_halide_noprior,27011,83.0965,78.9344,16.9035,0,calibration,
real_buchwald_hartwig,llm_direct_prior_conservative_low_semantic_mass,27011,80.6849,78.2303,19.3151,0,calibration,
real_buchwald_hartwig,llm_direct_prior_conservative_low_semantic_mass_conservative,27011,80.6849,78.2303,19.3151,0,calibration,
real_buchwald_hartwig,llm_direct_prior_conservative_low_semantic_mass_noprior,27011,80.6849,78.2303,19.3151,0,calibration,
real_buchwald_hartwig,llm_direct_prior_counter_hypothesis_heteroaromatic_benign,27011,81.5694,78.2895,18.4306,0,calibration,
real_buchwald_hartwig,llm_direct_prior_counter_hypothesis_heteroaromatic_benign_conservative,27011,80.6849,78.2011,19.3151,0,calibration,
real_buchwald_hartwig,llm_direct_prior_counter_hypothesis_heteroaromatic_benign_noprior,27011,81.5694,78.2895,18.4306,0,calibration,
real_buchwald_hartwig,llm_direct_prior_cross_skill_rule_bank,27011,97.5685,83.3889,2.4315,1,calibration,
real_buchwald_hartwig,llm_direct_prior_domain_knowledge_electron_poor_halide,27011,97.5685,85.6669,2.4315,1,calibration,
real_buchwald_hartwig,llm_direct_prior_domain_knowledge_electron_poor_halide_conservative,27011,95.6759,82.0659,4.3241,0,calibration,
real_buchwald_hartwig,llm_direct_prior_domain_knowledge_electron_poor_halide_noprior,27011,97.5685,85.6669,2.4315,1,calibration,
real_buchwald_hartwig,llm_direct_prior_guanidine_base_high_mw_aryl_halide,27011,62.3468,62.3468,37.6532,0,calibration,
real_buchwald_hartwig,llm_direct_prior_guanidine_base_high_mw_aryl_halide_conservative,27011,68.1076,65.8033,31.8924,0,calibration,
real_buchwald_hartwig,llm_direct_prior_guanidine_base_high_mw_aryl_halide_noprior,27011,62.3468,62.3468,37.6532,0,calibration,
real_buchwald_hartwig,llm_direct_prior_high_mw_ligand_low_tpsa_base,27011,84.7017,76.8121,15.2983,0,calibration,
real_buchwald_hartwig,llm_direct_prior_high_mw_ligand_low_tpsa_base_conservative,27011,93.5878,82.8501,6.4122,0,calibration,
real_buchwald_hartwig,llm_direct_prior_high_mw_ligand_low_tpsa_base_noprior,27011,84.7017,76.8121,15.2983,0,calibration,
real_buchwald_hartwig,llm_direct_prior_phosphazene_base_heteroaromatic_halide,27011,76.7953,72.1941,23.2047,0,calibration,
real_buchwald_hartwig,llm_direct_prior_phosphazene_base_heteroaromatic_halide_conservative,27011,74.0474,70.239,25.9526,0,calibration,
real_buchwald_hartwig,llm_direct_prior_phosphazene_base_heteroaromatic_halide_noprior,27011,76.7953,72.1941,23.2047,0,calibration,
real_buchwald_hartwig,llm_semantic_additive_tpsa_mid_base_tpsa_mid_synergy,27011,75.2094,68.0351,24.7906,0,calibration,
real_buchwald_hartwig,llm_semantic_additive_tpsa_mid_base_tpsa_mid_synergy_conservative,27011,85.2207,76.2774,14.7793,0,calibration,
real_buchwald_hartwig,llm_semantic_additive_tpsa_mid_base_tpsa_mid_synergy_noprior,27011,88.4043,79.2479,11.5957,0,calibration,
real_buchwald_hartwig,llm_semantic_amidine_base_simple_aryl_halide,27011,95.6759,82.0385,4.3241,0,calibration,
real_buchwald_hartwig,llm_semantic_amidine_base_simple_aryl_halide_conservative,27011,100.0,94.7994,0.0,1,calibration,
real_buchwald_hartwig,llm_semantic_amidine_base_simple_aryl_halide_noprior,27011,100.0,95.8395,0.0,1,calibration,
real_buchwald_hartwig,llm_semantic_conservative_low_semantic_mass,27011,100.0,98.9599,0.0,1,calibration,
real_buchwald_hartwig,llm_semantic_conservative_low_semantic_mass_conservative,27011,100.0,98.9599,0.0,1,calibration,
real_buchwald_hartwig,llm_semantic_conservative_low_semantic_mass_noprior,27011,100.0,98.9599,0.0,1,calibration,
real_buchwald_hartwig,llm_semantic_counter_hypothesis_heteroaromatic_benign,27011,100.0,71.5211,0.0,1,calibration,
real_buchwald_hartwig,llm_semantic_counter_hypothesis_heteroaromatic_benign_conservative,27011,100.0,91.9732,0.0,1,calibration,
real_buchwald_hartwig,llm_semantic_counter_hypothesis_heteroaromatic_benign_noprior,27011,100.0,89.893,0.0,1,calibration,
real_buchwald_hartwig,llm_semantic_cross_skill_rule_bank,27011,100.0,95.8395,0.0,1,calibration,
real_buchwald_hartwig,llm_semantic_domain_knowledge_electron_poor_halide,27011,100.0,93.2066,0.0,1,calibration,
real_buchwald_hartwig,llm_semantic_domain_knowledge_electron_poor_halide_conservative,27011,92.659,87.2817,7.341,0,calibration,
real_buchwald_hartwig,llm_semantic_domain_knowledge_electron_poor_halide_noprior,27011,83.9556,83.3614,16.0444,0,calibration,
real_buchwald_hartwig,llm_semantic_guanidine_base_high_mw_aryl_halide,27011,93.0289,76.4353,6.9711,0,calibration,
real_buchwald_hartwig,llm_semantic_guanidine_base_high_mw_aryl_halide_conservative,27011,83.9556,75.1243,16.0444,0,calibration,
real_buchwald_hartwig,llm_semantic_guanidine_base_high_mw_aryl_halide_noprior,27011,100.0,81.4008,0.0,1,calibration,
real_buchwald_hartwig,llm_semantic_high_mw_ligand_low_tpsa_base,27011,89.6142,89.605,10.3858,0,calibration,
real_buchwald_hartwig,llm_semantic_high_mw_ligand_low_tpsa_base_conservative,27011,98.1771,91.3145,1.8229,1,calibration,
real_buchwald_hartwig,llm_semantic_high_mw_ligand_low_tpsa_base_noprior,27011,100.0,92.7192,0.0,1,calibration,
real_buchwald_hartwig,llm_semantic_phosphazene_base_heteroaromatic_halide,27011,83.7372,67.1934,16.2628,0,calibration,
real_buchwald_hartwig,llm_semantic_phosphazene_base_heteroaromatic_halide_conservative,27011,92.1197,81.9131,7.8803,0,calibration,
real_buchwald_hartwig,llm_semantic_phosphazene_base_heteroaromatic_halide_noprior,27011,88.4043,68.9977,11.5957,0,calibration,
real_buchwald_hartwig,mixed_kernel_gp_ei,27011,91.6984,81.0351,8.3016,0,calibration,
real_buchwald_hartwig,target_acquisition_portfolio,27011,92.127,82.9655,7.873,0,calibration,
real_buchwald_hartwig,gp_ucb,27012,80.5818,76.7503,19.4182,0,calibration,
real_buchwald_hartwig,llambo_warmstart_additive_tpsa_mid_base_tpsa_mid_synergy,27012,74.0097,70.2375,25.9903,0,calibration,
real_buchwald_hartwig,llambo_warmstart_additive_tpsa_mid_base_tpsa_mid_synergy_conservative,27012,74.0097,70.2375,25.9903,0,calibration,
real_buchwald_hartwig,llambo_warmstart_additive_tpsa_mid_base_tpsa_mid_synergy_noprior,27012,74.0097,70.2375,25.9903,0,calibration,
real_buchwald_hartwig,llambo_warmstart_amidine_base_simple_aryl_halide,27012,95.7526,88.1621,4.2474,0,calibration,
real_buchwald_hartwig,llambo_warmstart_amidine_base_simple_aryl_halide_conservative,27012,95.7526,88.1621,4.2474,0,calibration,
real_buchwald_hartwig,llambo_warmstart_amidine_base_simple_aryl_halide_noprior,27012,95.7526,88.1621,4.2474,0,calibration,
real_buchwald_hartwig,llambo_warmstart_conservative_low_semantic_mass,27012,90.9905,88.8975,9.0095,0,calibration,
real_buchwald_hartwig,llambo_warmstart_conservative_low_semantic_mass_conservative,27012,90.9905,88.8975,9.0095,0,calibration,
real_buchwald_hartwig,llambo_warmstart_conservative_low_semantic_mass_noprior,27012,90.9905,88.8975,9.0095,0,calibration,
real_buchwald_hartwig,llambo_warmstart_counter_hypothesis_heteroaromatic_benign,27012,98.8492,94.6241,1.1508,1,calibration,
real_buchwald_hartwig,llambo_warmstart_counter_hypothesis_heteroaromatic_benign_conservative,27012,98.8492,94.6241,1.1508,1,calibration,
real_buchwald_hartwig,llambo_warmstart_counter_hypothesis_heteroaromatic_benign_noprior,27012,98.8492,94.6241,1.1508,1,calibration,
real_buchwald_hartwig,llambo_warmstart_cross_skill_rule_bank,27012,99.0345,95.5488,0.9655,1,calibration,
real_buchwald_hartwig,llambo_warmstart_domain_knowledge_electron_poor_halide,27012,93.4211,93.4211,6.5789,0,calibration,
real_buchwald_hartwig,llambo_warmstart_domain_knowledge_electron_poor_halide_conservative,27012,93.4211,93.4211,6.5789,0,calibration,
real_buchwald_hartwig,llambo_warmstart_domain_knowledge_electron_poor_halide_noprior,27012,93.4211,93.4211,6.5789,0,calibration,
real_buchwald_hartwig,llambo_warmstart_guanidine_base_high_mw_aryl_halide,27012,99.6191,84.756,0.3809,1,calibration,
real_buchwald_hartwig,llambo_warmstart_guanidine_base_high_mw_aryl_halide_conservative,27012,99.6191,84.756,0.3809,1,calibration,
real_buchwald_hartwig,llambo_warmstart_guanidine_base_high_mw_aryl_halide_noprior,27012,99.6191,84.756,0.3809,1,calibration,
real_buchwald_hartwig,llambo_warmstart_high_mw_ligand_low_tpsa_base,27012,91.6984,91.6984,8.3016,0,calibration,
real_buchwald_hartwig,llambo_warmstart_high_mw_ligand_low_tpsa_base_conservative,27012,91.6984,91.6984,8.3016,0,calibration,
real_buchwald_hartwig,llambo_warmstart_high_mw_ligand_low_tpsa_base_noprior,27012,91.6984,91.6984,8.3016,0,calibration,
real_buchwald_hartwig,llambo_warmstart_phosphazene_base_heteroaromatic_halide,27012,81.2989,78.0594,18.7011,0,calibration,
real_buchwald_hartwig,llambo_warmstart_phosphazene_base_heteroaromatic_halide_conservative,27012,81.2989,78.0594,18.7011,0,calibration,
real_buchwald_hartwig,llambo_warmstart_phosphazene_base_heteroaromatic_halide_noprior,27012,81.2989,78.0594,18.7011,0,calibration,
real_buchwald_hartwig,llm_direct_prior_additive_tpsa_mid_base_tpsa_mid_synergy,27012,80.2853,73.6286,19.7147,0,calibration,
real_buchwald_hartwig,llm_direct_prior_additive_tpsa_mid_base_tpsa_mid_synergy_conservative,27012,78.7707,74.998,21.2293,0,calibration,
real_buchwald_hartwig,llm_direct_prior_additive_tpsa_mid_base_tpsa_mid_synergy_noprior,27012,80.2853,73.6286,19.7147,0,calibration,
real_buchwald_hartwig,llm_direct_prior_amidine_base_simple_aryl_halide,27012,79.8903,74.2933,20.1097,0,calibration,
real_buchwald_hartwig,llm_direct_prior_amidine_base_simple_aryl_halide_conservative,27012,79.8903,75.0017,20.1097,0,calibration,
real_buchwald_hartwig,llm_direct_prior_amidine_base_simple_aryl_halide_noprior,27012,79.8903,74.2933,20.1097,0,calibration,
real_buchwald_hartwig,llm_direct_prior_conservative_low_semantic_mass,27012,83.2944,69.4244,16.7056,0,calibration,
real_buchwald_hartwig,llm_direct_prior_conservative_low_semantic_mass_conservative,27012,83.2944,69.4244,16.7056,0,calibration,
real_buchwald_hartwig,llm_direct_prior_conservative_low_semantic_mass_noprior,27012,83.2944,69.4244,16.7056,0,calibration,
real_buchwald_hartwig,llm_direct_prior_counter_hypothesis_heteroaromatic_benign,27012,73.0629,71.3247,26.9371,0,calibration,
real_buchwald_hartwig,llm_direct_prior_counter_hypothesis_heteroaromatic_benign_conservative,27012,73.0629,71.3247,26.9371,0,calibration,
real_buchwald_hartwig,llm_direct_prior_counter_hypothesis_heteroaromatic_benign_noprior,27012,73.0629,71.3247,26.9371,0,calibration,
real_buchwald_hartwig,llm_direct_prior_cross_skill_rule_bank,27012,97.5685,81.1968,2.4315,1,calibration,
real_buchwald_hartwig,llm_direct_prior_domain_knowledge_electron_poor_halide,27012,97.5685,80.9848,2.4315,1,calibration,
real_buchwald_hartwig,llm_direct_prior_domain_knowledge_electron_poor_halide_conservative,27012,89.5988,79.711,10.4012,0,calibration,
real_buchwald_hartwig,llm_direct_prior_domain_knowledge_electron_poor_halide_noprior,27012,97.5685,80.9848,2.4315,1,calibration,
real_buchwald_hartwig,llm_direct_prior_guanidine_base_high_mw_aryl_halide,27012,86.0034,75.844,13.9966,0,calibration,
real_buchwald_hartwig,llm_direct_prior_guanidine_base_high_mw_aryl_halide_conservative,27012,88.4449,76.6106,11.5551,0,calibration,
real_buchwald_hartwig,llm_direct_prior_guanidine_base_high_mw_aryl_halide_noprior,27012,86.0034,75.844,13.9966,0,calibration,
real_buchwald_hartwig,llm_direct_prior_high_mw_ligand_low_tpsa_base,27012,75.9722,73.7155,24.0278,0,calibration,
real_buchwald_hartwig,llm_direct_prior_high_mw_ligand_low_tpsa_base_conservative,27012,73.5742,73.4757,26.4258,0,calibration,
real_buchwald_hartwig,llm_direct_prior_high_mw_ligand_low_tpsa_base_noprior,27012,75.9722,73.7155,24.0278,0,calibration,
real_buchwald_hartwig,llm_direct_prior_phosphazene_base_heteroaromatic_halide,27012,91.3733,76.9974,8.6267,0,calibration,
real_buchwald_hartwig,llm_direct_prior_phosphazene_base_heteroaromatic_halide_conservative,27012,79.6552,77.1461,20.3448,0,calibration,
real_buchwald_hartwig,llm_direct_prior_phosphazene_base_heteroaromatic_halide_noprior,27012,91.3733,76.9974,8.6267,0,calibration,
real_buchwald_hartwig,llm_semantic_additive_tpsa_mid_base_tpsa_mid_synergy,27012,83.4092,65.693,16.5908,0,calibration,
real_buchwald_hartwig,llm_semantic_additive_tpsa_mid_base_tpsa_mid_synergy_conservative,27012,75.9961,74.8214,24.0039,0,calibration,
real_buchwald_hartwig,llm_semantic_additive_tpsa_mid_base_tpsa_mid_synergy_noprior,27012,91.1391,79.3643,8.8609,0,calibration,
real_buchwald_hartwig,llm_semantic_amidine_base_simple_aryl_halide,27012,89.6142,86.6448,10.3858,0,calibration,
real_buchwald_hartwig,llm_semantic_amidine_base_simple_aryl_halide_conservative,27012,89.6142,85.0358,10.3858,0,calibration,
real_buchwald_hartwig,llm_semantic_amidine_base_simple_aryl_halide_noprior,27012,89.6142,86.4018,10.3858,0,calibration,
real_buchwald_hartwig,llm_semantic_conservative_low_semantic_mass,27012,99.0345,74.7289,0.9655,1,calibration,
real_buchwald_hartwig,llm_semantic_conservative_low_semantic_mass_conservative,27012,99.0345,74.7289,0.9655,1,calibration,
real_buchwald_hartwig,llm_semantic_conservative_low_semantic_mass_noprior,27012,99.0345,74.7289,0.9655,1,calibration,
real_buchwald_hartwig,llm_semantic_counter_hypothesis_heteroaromatic_benign,27012,79.3465,70.4476,20.6535,0,calibration,
real_buchwald_hartwig,llm_semantic_counter_hypothesis_heteroaromatic_benign_conservative,27012,92.2093,82.3312,7.7907,0,calibration,
real_buchwald_hartwig,llm_semantic_counter_hypothesis_heteroaromatic_benign_noprior,27012,93.5878,89.09,6.4122,0,calibration,
real_buchwald_hartwig,llm_semantic_cross_skill_rule_bank,27012,89.6142,82.9141,10.3858,0,calibration,
real_buchwald_hartwig,llm_semantic_domain_knowledge_electron_poor_halide,27012,88.5139,83.9484,11.4861,0,calibration,
real_buchwald_hartwig,llm_semantic_domain_knowledge_electron_poor_halide_conservative,27012,73.5742,72.5892,26.4258,0,calibration,
real_buchwald_hartwig,llm_semantic_domain_knowledge_electron_poor_halide_noprior,27012,73.5742,72.5892,26.4258,0,calibration,
real_buchwald_hartwig,llm_semantic_guanidine_base_high_mw_aryl_halide,27012,88.5139,81.7246,11.4861,0,calibration,
real_buchwald_hartwig,llm_semantic_guanidine_base_high_mw_aryl_halide_conservative,27012,89.6142,86.1111,10.3858,0,calibration,
real_buchwald_hartwig,llm_semantic_guanidine_base_high_mw_aryl_halide_noprior,27012,75.7358,71.61,24.2642,0,calibration,
real_buchwald_hartwig,llm_semantic_high_mw_ligand_low_tpsa_base,27012,89.6142,85.8535,10.3858,0,calibration,
real_buchwald_hartwig,llm_semantic_high_mw_ligand_low_tpsa_base_conservative,27012,98.2872,75.5032,1.7128,1,calibration,
real_buchwald_hartwig,llm_semantic_high_mw_ligand_low_tpsa_base_noprior,27012,83.7372,74.0731,16.2628,0,calibration,
real_buchwald_hartwig,llm_semantic_phosphazene_base_heteroaromatic_halide,27012,75.7358,74.5871,24.2642,0,calibration,
real_buchwald_hartwig,llm_semantic_phosphazene_base_heteroaromatic_halide_conservative,27012,75.7358,74.5871,24.2642,0,calibration,
real_buchwald_hartwig,llm_semantic_phosphazene_base_heteroaromatic_halide_noprior,27012,73.5742,69.8441,26.4258,0,calibration,
real_buchwald_hartwig,mixed_kernel_gp_ei,27012,80.5818,77.5003,19.4182,0,calibration,
real_buchwald_hartwig,target_acquisition_portfolio,27012,80.5818,76.7503,19.4182,0,calibration,
real_buchwald_hartwig,gp_ucb,27013,93.3108,92.2178,6.6892,0,calibration,
real_buchwald_hartwig,llambo_warmstart_additive_tpsa_mid_base_tpsa_mid_synergy,27013,89.6142,87.688,10.3858,0,calibration,
real_buchwald_hartwig,llambo_warmstart_additive_tpsa_mid_base_tpsa_mid_synergy_conservative,27013,89.6142,87.688,10.3858,0,calibration,
real_buchwald_hartwig,llambo_warmstart_additive_tpsa_mid_base_tpsa_mid_synergy_noprior,27013,89.6142,87.688,10.3858,0,calibration,
real_buchwald_hartwig,llambo_warmstart_amidine_base_simple_aryl_halide,27013,93.1012,83.5202,6.8988,0,calibration,
real_buchwald_hartwig,llambo_warmstart_amidine_base_simple_aryl_halide_conservative,27013,93.1012,83.5202,6.8988,0,calibration,
real_buchwald_hartwig,llambo_warmstart_amidine_base_simple_aryl_halide_noprior,27013,93.1012,83.5202,6.8988,0,calibration,
real_buchwald_hartwig,llambo_warmstart_conservative_low_semantic_mass,27013,98.8492,85.4807,1.1508,1,calibration,
real_buchwald_hartwig,llambo_warmstart_conservative_low_semantic_mass_conservative,27013,98.8492,85.4807,1.1508,1,calibration,
real_buchwald_hartwig,llambo_warmstart_conservative_low_semantic_mass_noprior,27013,98.8492,85.4807,1.1508,1,calibration,
real_buchwald_hartwig,llambo_warmstart_counter_hypothesis_heteroaromatic_benign,27013,79.3465,69.1779,20.6535,0,calibration,
real_buchwald_hartwig,llambo_warmstart_counter_hypothesis_heteroaromatic_benign_conservative,27013,79.3465,69.1779,20.6535,0,calibration,
real_buchwald_hartwig,llambo_warmstart_counter_hypothesis_heteroaromatic_benign_noprior,27013,79.3465,69.1779,20.6535,0,calibration,
real_buchwald_hartwig,llambo_warmstart_cross_skill_rule_bank,27013,73.392,60.9216,26.608,0,calibration,
real_buchwald_hartwig,llambo_warmstart_domain_knowledge_electron_poor_halide,27013,96.1323,82.0357,3.8677,0,calibration,
real_buchwald_hartwig,llambo_warmstart_domain_knowledge_electron_poor_halide_conservative,27013,96.1323,82.0357,3.8677,0,calibration,
real_buchwald_hartwig,llambo_warmstart_domain_knowledge_electron_poor_halide_noprior,27013,96.1323,82.0357,3.8677,0,calibration,
real_buchwald_hartwig,llambo_warmstart_guanidine_base_high_mw_aryl_halide,27013,86.7621,81.8018,13.2379,0,calibration,
real_buchwald_hartwig,llambo_warmstart_guanidine_base_high_mw_aryl_halide_conservative,27013,86.7621,81.8018,13.2379,0,calibration,
real_buchwald_hartwig,llambo_warmstart_guanidine_base_high_mw_aryl_halide_noprior,27013,86.7621,81.8018,13.2379,0,calibration,
real_buchwald_hartwig,llambo_warmstart_high_mw_ligand_low_tpsa_base,27013,79.7664,77.2326,20.2336,0,calibration,
real_buchwald_hartwig,llambo_warmstart_high_mw_ligand_low_tpsa_base_conservative,27013,79.7664,77.2326,20.2336,0,calibration,
real_buchwald_hartwig,llambo_warmstart_high_mw_ligand_low_tpsa_base_noprior,27013,79.7664,77.2326,20.2336,0,calibration,
real_buchwald_hartwig,llambo_warmstart_phosphazene_base_heteroaromatic_halide,27013,84.6498,80.9427,15.3502,0,calibration,
real_buchwald_hartwig,llambo_warmstart_phosphazene_base_heteroaromatic_halide_conservative,27013,84.6498,80.9427,15.3502,0,calibration,
real_buchwald_hartwig,llambo_warmstart_phosphazene_base_heteroaromatic_halide_noprior,27013,84.6498,80.9427,15.3502,0,calibration,
real_buchwald_hartwig,llm_direct_prior_additive_tpsa_mid_base_tpsa_mid_synergy,27013,84.4243,84.4243,15.5757,0,calibration,
real_buchwald_hartwig,llm_direct_prior_additive_tpsa_mid_base_tpsa_mid_synergy_conservative,27013,87.7641,86.0024,12.2359,0,calibration,
real_buchwald_hartwig,llm_direct_prior_additive_tpsa_mid_base_tpsa_mid_synergy_noprior,27013,84.4243,84.4243,15.5757,0,calibration,
real_buchwald_hartwig,llm_direct_prior_amidine_base_simple_aryl_halide,27013,97.2929,92.1455,2.7071,0,calibration,
real_buchwald_hartwig,llm_direct_prior_amidine_base_simple_aryl_halide_conservative,27013,97.2929,88.2849,2.7071,0,calibration,
real_buchwald_hartwig,llm_direct_prior_amidine_base_simple_aryl_halide_noprior,27013,97.2929,92.1455,2.7071,0,calibration,
real_buchwald_hartwig,llm_direct_prior_conservative_low_semantic_mass,27013,93.0995,92.232,6.9005,0,calibration,
real_buchwald_hartwig,llm_direct_prior_conservative_low_semantic_mass_conservative,27013,93.0995,92.232,6.9005,0,calibration,
real_buchwald_hartwig,llm_direct_prior_conservative_low_semantic_mass_noprior,27013,93.0995,92.232,6.9005,0,calibration,
real_buchwald_hartwig,llm_direct_prior_counter_hypothesis_heteroaromatic_benign,27013,97.2929,88.2042,2.7071,0,calibration,
real_buchwald_hartwig,llm_direct_prior_counter_hypothesis_heteroaromatic_benign_conservative,27013,93.0995,87.7111,6.9005,0,calibration,
real_buchwald_hartwig,llm_direct_prior_counter_hypothesis_heteroaromatic_benign_noprior,27013,97.2929,88.2042,2.7071,0,calibration,
real_buchwald_hartwig,llm_direct_prior_cross_skill_rule_bank,27013,98.2872,94.7976,1.7128,1,calibration,
real_buchwald_hartwig,llm_direct_prior_domain_knowledge_electron_poor_halide,27013,93.4211,92.5214,6.5789,0,calibration,
real_buchwald_hartwig,llm_direct_prior_domain_knowledge_electron_poor_halide_conservative,27013,93.0995,86.1593,6.9005,0,calibration,
real_buchwald_hartwig,llm_direct_prior_domain_knowledge_electron_poor_halide_noprior,27013,93.4211,92.5214,6.5789,0,calibration,
real_buchwald_hartwig,llm_direct_prior_guanidine_base_high_mw_aryl_halide,27013,88.4449,86.4346,11.5551,0,calibration,
real_buchwald_hartwig,llm_direct_prior_guanidine_base_high_mw_aryl_halide_conservative,27013,97.2929,88.3665,2.7071,0,calibration,
real_buchwald_hartwig,llm_direct_prior_guanidine_base_high_mw_aryl_halide_noprior,27013,88.4449,86.4346,11.5551,0,calibration,
real_buchwald_hartwig,llm_direct_prior_high_mw_ligand_low_tpsa_base,27013,90.3173,87.9601,9.6827,0,calibration,
real_buchwald_hartwig,llm_direct_prior_high_mw_ligand_low_tpsa_base_conservative,27013,93.4211,91.6217,6.5789,0,calibration,
real_buchwald_hartwig,llm_direct_prior_high_mw_ligand_low_tpsa_base_noprior,27013,90.3173,87.9601,9.6827,0,calibration,
real_buchwald_hartwig,llm_direct_prior_phosphazene_base_heteroaromatic_halide,27013,84.4243,84.4243,15.5757,0,calibration,
real_buchwald_hartwig,llm_direct_prior_phosphazene_base_heteroaromatic_halide_conservative,27013,91.511,85.4911,8.489,0,calibration,
real_buchwald_hartwig,llm_direct_prior_phosphazene_base_heteroaromatic_halide_noprior,27013,84.4243,84.4243,15.5757,0,calibration,
real_buchwald_hartwig,llm_semantic_additive_tpsa_mid_base_tpsa_mid_synergy,27013,86.0035,84.7339,13.9965,0,calibration,
real_buchwald_hartwig,llm_semantic_additive_tpsa_mid_base_tpsa_mid_synergy_conservative,27013,84.6498,84.6047,15.3502,0,calibration,
real_buchwald_hartwig,llm_semantic_additive_tpsa_mid_base_tpsa_mid_synergy_noprior,27013,84.6498,84.6047,15.3502,0,calibration,
real_buchwald_hartwig,llm_semantic_amidine_base_simple_aryl_halide,27013,92.2093,88.7844,7.7907,0,calibration,
real_buchwald_hartwig,llm_semantic_amidine_base_simple_aryl_halide_conservative,27013,86.4971,85.1363,13.5029,0,calibration,
real_buchwald_hartwig,llm_semantic_amidine_base_simple_aryl_halide_noprior,27013,89.6142,87.4596,10.3858,0,calibration,
real_buchwald_hartwig,llm_semantic_conservative_low_semantic_mass,27013,98.2872,94.6558,1.7128,1,calibration,
real_buchwald_hartwig,llm_semantic_conservative_low_semantic_mass_conservative,27013,84.4243,84.4243,15.5757,0,calibration,
real_buchwald_hartwig,llm_semantic_conservative_low_semantic_mass_noprior,27013,84.4243,84.4243,15.5757,0,calibration,
real_buchwald_hartwig,llm_semantic_counter_hypothesis_heteroaromatic_benign,27013,89.6142,87.5071,10.3858,0,calibration,
real_buchwald_hartwig,llm_semantic_counter_hypothesis_heteroaromatic_benign_conservative,27013,99.6191,92.0217,0.3809,1,calibration,
real_buchwald_hartwig,llm_semantic_counter_hypothesis_heteroaromatic_benign_noprior,27013,99.6191,92.0217,0.3809,1,calibration,
real_buchwald_hartwig,llm_semantic_cross_skill_rule_bank,27013,88.5139,86.5263,11.4861,0,calibration,
real_buchwald_hartwig,llm_semantic_domain_knowledge_electron_poor_halide,27013,96.1323,89.1075,3.8677,0,calibration,
real_buchwald_hartwig,llm_semantic_domain_knowledge_electron_poor_halide_conservative,27013,86.1982,85.1928,13.8018,0,calibration,
real_buchwald_hartwig,llm_semantic_domain_knowledge_electron_poor_halide_noprior,27013,87.2375,86.2985,12.7625,0,calibration,
real_buchwald_hartwig,llm_semantic_guanidine_base_high_mw_aryl_halide,27013,88.5139,86.8781,11.4861,0,calibration,
real_buchwald_hartwig,llm_semantic_guanidine_base_high_mw_aryl_halide_conservative,27013,88.5139,87.287,11.4861,0,calibration,
real_buchwald_hartwig,llm_semantic_guanidine_base_high_mw_aryl_halide_noprior,27013,93.8745,88.5318,6.1255,0,calibration,
real_buchwald_hartwig,llm_semantic_high_mw_ligand_low_tpsa_base,27013,92.659,92.4172,7.341,0,calibration,
real_buchwald_hartwig,llm_semantic_high_mw_ligand_low_tpsa_base_conservative,27013,84.4243,84.4243,15.5757,0,calibration,
real_buchwald_hartwig,llm_semantic_high_mw_ligand_low_tpsa_base_noprior,27013,92.256,92.256,7.744,0,calibration,
real_buchwald_hartwig,llm_semantic_phosphazene_base_heteroaromatic_halide,27013,100.0,92.2122,0.0,1,calibration,
real_buchwald_hartwig,llm_semantic_phosphazene_base_heteroaromatic_halide_conservative,27013,87.2375,85.8309,12.7625,0,calibration,
real_buchwald_hartwig,llm_semantic_phosphazene_base_heteroaromatic_halide_noprior,27013,93.5878,86.9631,6.4122,0,calibration,
real_buchwald_hartwig,mixed_kernel_gp_ei,27013,93.3108,92.1781,6.6892,0,calibration,
real_buchwald_hartwig,target_acquisition_portfolio,27013,93.3108,92.0936,6.6892,0,calibration,
real_buchwald_hartwig,gp_ucb,27014,86.7621,86.7621,13.2379,0,calibration,
real_buchwald_hartwig,llambo_warmstart_additive_tpsa_mid_base_tpsa_mid_synergy,27014,97.5685,87.9181,2.4315,1,calibration,
real_buchwald_hartwig,llambo_warmstart_additive_tpsa_mid_base_tpsa_mid_synergy_conservative,27014,97.5685,87.9181,2.4315,1,calibration,
real_buchwald_hartwig,llambo_warmstart_additive_tpsa_mid_base_tpsa_mid_synergy_noprior,27014,97.5685,87.9181,2.4315,1,calibration,
real_buchwald_hartwig,llambo_warmstart_amidine_base_simple_aryl_halide,27014,98.1771,85.3466,1.8229,1,calibration,
real_buchwald_hartwig,llambo_warmstart_amidine_base_simple_aryl_halide_conservative,27014,98.1771,85.3466,1.8229,1,calibration,
real_buchwald_hartwig,llambo_warmstart_amidine_base_simple_aryl_halide_noprior,27014,98.1771,85.3466,1.8229,1,calibration,
real_buchwald_hartwig,llambo_warmstart_conservative_low_semantic_mass,27014,93.0326,88.2735,6.9674,0,calibration,
real_buchwald_hartwig,llambo_warmstart_conservative_low_semantic_mass_conservative,27014,93.0326,88.2735,6.9674,0,calibration,
real_buchwald_hartwig,llambo_warmstart_conservative_low_semantic_mass_noprior,27014,93.0326,88.2735,6.9674,0,calibration,
real_buchwald_hartwig,llambo_warmstart_counter_hypothesis_heteroaromatic_benign,27014,90.9905,89.3125,9.0095,0,calibration,
real_buchwald_hartwig,llambo_warmstart_counter_hypothesis_heteroaromatic_benign_conservative,27014,90.9905,89.3125,9.0095,0,calibration,
real_buchwald_hartwig,llambo_warmstart_counter_hypothesis_heteroaromatic_benign_noprior,27014,90.9905,89.3125,9.0095,0,calibration,
real_buchwald_hartwig,llambo_warmstart_cross_skill_rule_bank,27014,94.501,89.9618,5.499,0,calibration,
real_buchwald_hartwig,llambo_warmstart_domain_knowledge_electron_poor_halide,27014,98.8492,89.5017,1.1508,1,calibration,
real_buchwald_hartwig,llambo_warmstart_domain_knowledge_electron_poor_halide_conservative,27014,98.8492,89.5017,1.1508,1,calibration,
real_buchwald_hartwig,llambo_warmstart_domain_knowledge_electron_poor_halide_noprior,27014,98.8492,89.5017,1.1508,1,calibration,
real_buchwald_hartwig,llambo_warmstart_guanidine_base_high_mw_aryl_halide,27014,47.1194,45.4111,52.8806,0,calibration,
real_buchwald_hartwig,llambo_warmstart_guanidine_base_high_mw_aryl_halide_conservative,27014,47.1194,45.4111,52.8806,0,calibration,
real_buchwald_hartwig,llambo_warmstart_guanidine_base_high_mw_aryl_halide_noprior,27014,47.1194,45.4111,52.8806,0,calibration,
real_buchwald_hartwig,llambo_warmstart_high_mw_ligand_low_tpsa_base,27014,93.5878,93.1743,6.4122,0,calibration,
real_buchwald_hartwig,llambo_warmstart_high_mw_ligand_low_tpsa_base_conservative,27014,93.5878,93.1743,6.4122,0,calibration,
real_buchwald_hartwig,llambo_warmstart_high_mw_ligand_low_tpsa_base_noprior,27014,93.5878,93.1743,6.4122,0,calibration,
real_buchwald_hartwig,llambo_warmstart_phosphazene_base_heteroaromatic_halide,27014,94.8799,87.2803,5.1201,0,calibration,
real_buchwald_hartwig,llambo_warmstart_phosphazene_base_heteroaromatic_halide_conservative,27014,94.8799,87.2803,5.1201,0,calibration,
real_buchwald_hartwig,llambo_warmstart_phosphazene_base_heteroaromatic_halide_noprior,27014,94.8799,87.2803,5.1201,0,calibration,
real_buchwald_hartwig,llm_direct_prior_additive_tpsa_mid_base_tpsa_mid_synergy,27014,78.2963,78.2963,21.7037,0,calibration,
real_buchwald_hartwig,llm_direct_prior_additive_tpsa_mid_base_tpsa_mid_synergy_conservative,27014,78.2963,78.2963,21.7037,0,calibration,
real_buchwald_hartwig,llm_direct_prior_additive_tpsa_mid_base_tpsa_mid_synergy_noprior,27014,78.2963,78.2963,21.7037,0,calibration,
real_buchwald_hartwig,llm_direct_prior_amidine_base_simple_aryl_halide,27014,73.3193,61.9635,26.6807,0,calibration,
real_buchwald_hartwig,llm_direct_prior_amidine_base_simple_aryl_halide_conservative,27014,70.1993,61.6515,29.8007,0,calibration,
real_buchwald_hartwig,llm_direct_prior_amidine_base_simple_aryl_halide_noprior,27014,73.3193,61.9635,26.6807,0,calibration,
real_buchwald_hartwig,llm_direct_prior_conservative_low_semantic_mass,27014,83.385,76.3017,16.615,0,calibration,
real_buchwald_hartwig,llm_direct_prior_conservative_low_semantic_mass_conservative,27014,83.385,76.3017,16.615,0,calibration,
real_buchwald_hartwig,llm_direct_prior_conservative_low_semantic_mass_noprior,27014,83.385,76.3017,16.615,0,calibration,
real_buchwald_hartwig,llm_direct_prior_counter_hypothesis_heteroaromatic_benign,27014,84.4042,60.6048,15.5958,0,calibration,
real_buchwald_hartwig,llm_direct_prior_counter_hypothesis_heteroaromatic_benign_conservative,27014,93.0289,70.392,6.9711,0,calibration,
real_buchwald_hartwig,llm_direct_prior_counter_hypothesis_heteroaromatic_benign_noprior,27014,84.4042,60.6048,15.5958,0,calibration,
real_buchwald_hartwig,llm_direct_prior_cross_skill_rule_bank,27014,92.127,88.8652,7.873,0,calibration,
real_buchwald_hartwig,llm_direct_prior_domain_knowledge_electron_poor_halide,27014,93.4211,88.8974,6.5789,0,calibration,
real_buchwald_hartwig,llm_direct_prior_domain_knowledge_electron_poor_halide_conservative,27014,93.4211,84.151,6.5789,0,calibration,
real_buchwald_hartwig,llm_direct_prior_domain_knowledge_electron_poor_halide_noprior,27014,93.4211,88.8974,6.5789,0,calibration,
real_buchwald_hartwig,llm_direct_prior_guanidine_base_high_mw_aryl_halide,27014,88.4449,77.7219,11.5551,0,calibration,
real_buchwald_hartwig,llm_direct_prior_guanidine_base_high_mw_aryl_halide_conservative,27014,71.0972,66.7024,28.9028,0,calibration,
real_buchwald_hartwig,llm_direct_prior_guanidine_base_high_mw_aryl_halide_noprior,27014,88.4449,77.7219,11.5551,0,calibration,
real_buchwald_hartwig,llm_direct_prior_high_mw_ligand_low_tpsa_base,27014,92.127,88.3798,7.873,0,calibration,
real_buchwald_hartwig,llm_direct_prior_high_mw_ligand_low_tpsa_base_conservative,27014,92.127,92.0841,7.873,0,calibration,
real_buchwald_hartwig,llm_direct_prior_high_mw_ligand_low_tpsa_base_noprior,27014,92.127,88.3798,7.873,0,calibration,
real_buchwald_hartwig,llm_direct_prior_phosphazene_base_heteroaromatic_halide,27014,78.3625,75.9388,21.6375,0,calibration,
real_buchwald_hartwig,llm_direct_prior_phosphazene_base_heteroaromatic_halide_conservative,27014,76.7953,69.2598,23.2047,0,calibration,
real_buchwald_hartwig,llm_direct_prior_phosphazene_base_heteroaromatic_halide_noprior,27014,78.3625,75.9388,21.6375,0,calibration,
real_buchwald_hartwig,llm_semantic_additive_tpsa_mid_base_tpsa_mid_synergy,27014,88.5139,78.6076,11.4861,0,calibration,
real_buchwald_hartwig,llm_semantic_additive_tpsa_mid_base_tpsa_mid_synergy_conservative,27014,83.9556,65.4534,16.0444,0,calibration,
real_buchwald_hartwig,llm_semantic_additive_tpsa_mid_base_tpsa_mid_synergy_noprior,27014,86.4971,83.249,13.5029,0,calibration,
real_buchwald_hartwig,llm_semantic_amidine_base_simple_aryl_halide,27014,98.2872,76.4478,1.7128,1,calibration,
real_buchwald_hartwig,llm_semantic_amidine_base_simple_aryl_halide_conservative,27014,93.3108,84.2092,6.6892,0,calibration,
real_buchwald_hartwig,llm_semantic_amidine_base_simple_aryl_halide_noprior,27014,98.2872,84.6243,1.7128,1,calibration,
real_buchwald_hartwig,llm_semantic_conservative_low_semantic_mass,27014,83.385,66.7378,16.615,0,calibration,
real_buchwald_hartwig,llm_semantic_conservative_low_semantic_mass_conservative,27014,83.385,67.8285,16.615,0,calibration,
real_buchwald_hartwig,llm_semantic_conservative_low_semantic_mass_noprior,27014,83.385,67.8285,16.615,0,calibration,
real_buchwald_hartwig,llm_semantic_counter_hypothesis_heteroaromatic_benign,27014,83.3133,57.5207,16.6867,0,calibration,
real_buchwald_hartwig,llm_semantic_counter_hypothesis_heteroaromatic_benign_conservative,27014,98.2872,61.7157,1.7128,1,calibration,
real_buchwald_hartwig,llm_semantic_counter_hypothesis_heteroaromatic_benign_noprior,27014,54.6549,54.6549,45.3451,0,calibration,
real_buchwald_hartwig,llm_semantic_cross_skill_rule_bank,27014,98.2872,80.5493,1.7128,1,calibration,
real_buchwald_hartwig,llm_semantic_domain_knowledge_electron_poor_halide,27014,96.1323,77.6853,3.8677,0,calibration,
real_buchwald_hartwig,llm_semantic_domain_knowledge_electron_poor_halide_conservative,27014,93.0289,78.7153,6.9711,0,calibration,
real_buchwald_hartwig,llm_semantic_domain_knowledge_electron_poor_halide_noprior,27014,84.5385,81.3738,15.4615,0,calibration,
real_buchwald_hartwig,llm_semantic_guanidine_base_high_mw_aryl_halide,27014,92.256,76.4925,7.744,0,calibration,
real_buchwald_hartwig,llm_semantic_guanidine_base_high_mw_aryl_halide_conservative,27014,91.4851,82.8098,8.5149,0,calibration,
real_buchwald_hartwig,llm_semantic_guanidine_base_high_mw_aryl_halide_noprior,27014,79.3465,77.6917,20.6535,0,calibration,
real_buchwald_hartwig,llm_semantic_high_mw_ligand_low_tpsa_base,27014,100.0,95.4655,0.0,1,calibration,
real_buchwald_hartwig,llm_semantic_high_mw_ligand_low_tpsa_base_conservative,27014,86.9711,70.8594,13.0289,0,calibration,
real_buchwald_hartwig,llm_semantic_high_mw_ligand_low_tpsa_base_noprior,27014,93.0289,62.3297,6.9711,0,calibration,
real_buchwald_hartwig,llm_semantic_phosphazene_base_heteroaromatic_halide,27014,93.0289,73.4849,6.9711,0,calibration,
real_buchwald_hartwig,llm_semantic_phosphazene_base_heteroaromatic_halide_conservative,27014,96.1323,85.1744,3.8677,0,calibration,
real_buchwald_hartwig,llm_semantic_phosphazene_base_heteroaromatic_halide_noprior,27014,100.0,89.2857,0.0,1,calibration,
real_buchwald_hartwig,mixed_kernel_gp_ei,27014,86.7621,86.7621,13.2379,0,calibration,
real_buchwald_hartwig,target_acquisition_portfolio,27014,92.127,88.3318,7.873,0,calibration,
real_buchwald_hartwig,gp_ucb,27015,93.1012,92.9856,6.8988,0,calibration,
real_buchwald_hartwig,llambo_warmstart_additive_tpsa_mid_base_tpsa_mid_synergy,27015,98.8492,88.1969,1.1508,1,calibration,
real_buchwald_hartwig,llambo_warmstart_additive_tpsa_mid_base_tpsa_mid_synergy_conservative,27015,98.8492,88.1969,1.1508,1,calibration,
real_buchwald_hartwig,llambo_warmstart_additive_tpsa_mid_base_tpsa_mid_synergy_noprior,27015,98.8492,88.1969,1.1508,1,calibration,
real_buchwald_hartwig,llambo_warmstart_amidine_base_simple_aryl_halide,27015,83.9394,82.5495,16.0606,0,calibration,
real_buchwald_hartwig,llambo_warmstart_amidine_base_simple_aryl_halide_conservative,27015,83.9394,82.5495,16.0606,0,calibration,
real_buchwald_hartwig,llambo_warmstart_amidine_base_simple_aryl_halide_noprior,27015,83.9394,82.5495,16.0606,0,calibration,
real_buchwald_hartwig,llambo_warmstart_conservative_low_semantic_mass,27015,96.5912,92.2603,3.4088,0,calibration,
real_buchwald_hartwig,llambo_warmstart_conservative_low_semantic_mass_conservative,27015,96.5912,92.2603,3.4088,0,calibration,
real_buchwald_hartwig,llambo_warmstart_conservative_low_semantic_mass_noprior,27015,96.5912,92.2603,3.4088,0,calibration,
real_buchwald_hartwig,llambo_warmstart_counter_hypothesis_heteroaromatic_benign,27015,99.0345,85.6464,0.9655,1,calibration,
real_buchwald_hartwig,llambo_warmstart_counter_hypothesis_heteroaromatic_benign_conservative,27015,99.0345,85.6464,0.9655,1,calibration,
real_buchwald_hartwig,llambo_warmstart_counter_hypothesis_heteroaromatic_benign_noprior,27015,99.0345,85.6464,0.9655,1,calibration,
real_buchwald_hartwig,llambo_warmstart_cross_skill_rule_bank,27015,100.0,95.1202,0.0,1,calibration,
real_buchwald_hartwig,llambo_warmstart_domain_knowledge_electron_poor_halide,27015,99.0345,97.3552,0.9655,1,calibration,
real_buchwald_hartwig,llambo_warmstart_domain_knowledge_electron_poor_halide_conservative,27015,99.0345,97.3552,0.9655,1,calibration,
real_buchwald_hartwig,llambo_warmstart_domain_knowledge_electron_poor_halide_noprior,27015,99.0345,97.3552,0.9655,1,calibration,
real_buchwald_hartwig,llambo_warmstart_guanidine_base_high_mw_aryl_halide,27015,98.2872,87.967,1.7128,1,calibration,
real_buchwald_hartwig,llambo_warmstart_guanidine_base_high_mw_aryl_halide_conservative,27015,98.2872,87.967,1.7128,1,calibration,
real_buchwald_hartwig,llambo_warmstart_guanidine_base_high_mw_aryl_halide_noprior,27015,98.2872,87.967,1.7128,1,calibration,
real_buchwald_hartwig,llambo_warmstart_high_mw_ligand_low_tpsa_base,27015,99.6191,98.7539,0.3809,1,calibration,
real_buchwald_hartwig,llambo_warmstart_high_mw_ligand_low_tpsa_base_conservative,27015,99.6191,98.7539,0.3809,1,calibration,
real_buchwald_hartwig,llambo_warmstart_high_mw_ligand_low_tpsa_base_noprior,27015,99.6191,98.7539,0.3809,1,calibration,
real_buchwald_hartwig,llambo_warmstart_phosphazene_base_heteroaromatic_halide,27015,100.0,89.4731,0.0,1,calibration,
real_buchwald_hartwig,llambo_warmstart_phosphazene_base_heteroaromatic_halide_conservative,27015,100.0,89.4731,0.0,1,calibration,
real_buchwald_hartwig,llambo_warmstart_phosphazene_base_heteroaromatic_halide_noprior,27015,100.0,89.4731,0.0,1,calibration,
real_buchwald_hartwig,llm_direct_prior_additive_tpsa_mid_base_tpsa_mid_synergy,27015,92.9567,92.9567,7.0433,0,calibration,
real_buchwald_hartwig,llm_direct_prior_additive_tpsa_mid_base_tpsa_mid_synergy_conservative,27015,93.4211,93.1032,6.5789,0,calibration,
real_buchwald_hartwig,llm_direct_prior_additive_tpsa_mid_base_tpsa_mid_synergy_noprior,27015,92.9567,92.9567,7.0433,0,calibration,
real_buchwald_hartwig,llm_direct_prior_amidine_base_simple_aryl_halide,27015,94.6911,93.5916,5.3089,0,calibration,
real_buchwald_hartwig,llm_direct_prior_amidine_base_simple_aryl_halide_conservative,27015,94.6911,93.4181,5.3089,0,calibration,
real_buchwald_hartwig,llm_direct_prior_amidine_base_simple_aryl_halide_noprior,27015,94.6911,93.5916,5.3089,0,calibration,
real_buchwald_hartwig,llm_direct_prior_conservative_low_semantic_mass,27015,93.0289,92.9639,6.9711,0,calibration,
real_buchwald_hartwig,llm_direct_prior_conservative_low_semantic_mass_conservative,27015,93.0289,92.9639,6.9711,0,calibration,
real_buchwald_hartwig,llm_direct_prior_conservative_low_semantic_mass_noprior,27015,93.0289,92.9639,6.9711,0,calibration,
real_buchwald_hartwig,llm_direct_prior_counter_hypothesis_heteroaromatic_benign,27015,98.2872,94.5558,1.7128,1,calibration,
real_buchwald_hartwig,llm_direct_prior_counter_hypothesis_heteroaromatic_benign_conservative,27015,98.2872,94.5558,1.7128,1,calibration,
real_buchwald_hartwig,llm_direct_prior_counter_hypothesis_heteroaromatic_benign_noprior,27015,98.2872,94.5558,1.7128,1,calibration,
real_buchwald_hartwig,llm_direct_prior_cross_skill_rule_bank,27015,98.2872,98.2872,1.7128,1,calibration,
real_buchwald_hartwig,llm_direct_prior_domain_knowledge_electron_poor_halide,27015,93.4211,93.289,6.5789,0,calibration,
real_buchwald_hartwig,llm_direct_prior_domain_knowledge_electron_poor_halide_conservative,27015,93.0289,93.0217,6.9711,0,calibration,
real_buchwald_hartwig,llm_direct_prior_domain_knowledge_electron_poor_halide_noprior,27015,93.4211,93.289,6.5789,0,calibration,
real_buchwald_hartwig,llm_direct_prior_guanidine_base_high_mw_aryl_halide,27015,92.9567,92.9567,7.0433,0,calibration,
real_buchwald_hartwig,llm_direct_prior_guanidine_base_high_mw_aryl_halide_conservative,27015,93.4211,93.0496,6.5789,0,calibration,
real_buchwald_hartwig,llm_direct_prior_guanidine_base_high_mw_aryl_halide_noprior,27015,92.9567,92.9567,7.0433,0,calibration,
real_buchwald_hartwig,llm_direct_prior_high_mw_ligand_low_tpsa_base,27015,92.9567,92.9567,7.0433,0,calibration,
real_buchwald_hartwig,llm_direct_prior_high_mw_ligand_low_tpsa_base_conservative,27015,92.9567,92.9567,7.0433,0,calibration,
real_buchwald_hartwig,llm_direct_prior_high_mw_ligand_low_tpsa_base_noprior,27015,92.9567,92.9567,7.0433,0,calibration,
real_buchwald_hartwig,llm_direct_prior_phosphazene_base_heteroaromatic_halide,27015,92.9567,92.9567,7.0433,0,calibration,
real_buchwald_hartwig,llm_direct_prior_phosphazene_base_heteroaromatic_halide_conservative,27015,92.9567,92.9567,7.0433,0,calibration,
real_buchwald_hartwig,llm_direct_prior_phosphazene_base_heteroaromatic_halide_noprior,27015,92.9567,92.9567,7.0433,0,calibration,
real_buchwald_hartwig,llm_semantic_additive_tpsa_mid_base_tpsa_mid_synergy,27015,93.0289,92.9711,6.9711,0,calibration,
real_buchwald_hartwig,llm_semantic_additive_tpsa_mid_base_tpsa_mid_synergy_conservative,27015,92.9567,92.9567,7.0433,0,calibration,
real_buchwald_hartwig,llm_semantic_additive_tpsa_mid_base_tpsa_mid_synergy_noprior,27015,93.0289,92.9711,6.9711,0,calibration,
real_buchwald_hartwig,llm_semantic_amidine_base_simple_aryl_halide,27015,92.9567,92.9567,7.0433,0,calibration,
real_buchwald_hartwig,llm_semantic_amidine_base_simple_aryl_halide_conservative,27015,98.2872,97.2211,1.7128,1,calibration,
real_buchwald_hartwig,llm_semantic_amidine_base_simple_aryl_halide_noprior,27015,98.2872,97.2211,1.7128,1,calibration,
real_buchwald_hartwig,llm_semantic_conservative_low_semantic_mass,27015,93.1012,93.0001,6.8988,0,calibration,
real_buchwald_hartwig,llm_semantic_conservative_low_semantic_mass_conservative,27015,93.1012,93.0001,6.8988,0,calibration,
real_buchwald_hartwig,llm_semantic_conservative_low_semantic_mass_noprior,27015,93.1012,93.0001,6.8988,0,calibration,
real_buchwald_hartwig,llm_semantic_counter_hypothesis_heteroaromatic_benign,27015,93.1012,93.0001,6.8988,0,calibration,
real_buchwald_hartwig,llm_semantic_counter_hypothesis_heteroaromatic_benign_conservative,27015,93.1012,92.9856,6.8988,0,calibration,
real_buchwald_hartwig,llm_semantic_counter_hypothesis_heteroaromatic_benign_noprior,27015,93.1012,92.9856,6.8988,0,calibration,
real_buchwald_hartwig,llm_semantic_cross_skill_rule_bank,27015,98.2872,97.2211,1.7128,1,calibration,
real_buchwald_hartwig,llm_semantic_domain_knowledge_electron_poor_halide,27015,93.0289,93.0,6.9711,0,calibration,
real_buchwald_hartwig,llm_semantic_domain_knowledge_electron_poor_halide_conservative,27015,98.2872,93.4898,1.7128,1,calibration,
real_buchwald_hartwig,llm_semantic_domain_knowledge_electron_poor_halide_noprior,27015,93.0289,92.9784,6.9711,0,calibration,
real_buchwald_hartwig,llm_semantic_guanidine_base_high_mw_aryl_halide,27015,98.2872,97.7541,1.7128,1,calibration,
real_buchwald_hartwig,llm_semantic_guanidine_base_high_mw_aryl_halide_conservative,27015,98.2872,97.2211,1.7128,1,calibration,
real_buchwald_hartwig,llm_semantic_guanidine_base_high_mw_aryl_halide_noprior,27015,98.2872,97.7541,1.7128,1,calibration,
real_buchwald_hartwig,llm_semantic_high_mw_ligand_low_tpsa_base,27015,93.0289,93.0,6.9711,0,calibration,
real_buchwald_hartwig,llm_semantic_high_mw_ligand_low_tpsa_base_conservative,27015,98.2872,97.2211,1.7128,1,calibration,
real_buchwald_hartwig,llm_semantic_high_mw_ligand_low_tpsa_base_noprior,27015,92.9567,92.9567,7.0433,0,calibration,
real_buchwald_hartwig,llm_semantic_phosphazene_base_heteroaromatic_halide,27015,93.0289,92.9784,6.9711,0,calibration,
real_buchwald_hartwig,llm_semantic_phosphazene_base_heteroaromatic_halide_conservative,27015,93.0289,92.9856,6.9711,0,calibration,
real_buchwald_hartwig,llm_semantic_phosphazene_base_heteroaromatic_halide_noprior,27015,98.2872,94.0228,1.7128,1,calibration,
real_buchwald_hartwig,mixed_kernel_gp_ei,27015,93.1012,93.0434,6.8988,0,calibration,
real_buchwald_hartwig,target_acquisition_portfolio,27015,93.1012,93.0001,6.8988,0,calibration,
real_buchwald_hartwig,gp_ucb,27016,97.2929,94.3323,2.7071,0,calibration,
real_buchwald_hartwig,llambo_warmstart_additive_tpsa_mid_base_tpsa_mid_synergy,27016,92.0032,54.3672,7.9968,0,calibration,
real_buchwald_hartwig,llambo_warmstart_additive_tpsa_mid_base_tpsa_mid_synergy_conservative,27016,92.0032,54.3672,7.9968,0,calibration,
real_buchwald_hartwig,llambo_warmstart_additive_tpsa_mid_base_tpsa_mid_synergy_noprior,27016,92.0032,54.3672,7.9968,0,calibration,
real_buchwald_hartwig,llambo_warmstart_amidine_base_simple_aryl_halide,27016,98.8492,85.1105,1.1508,1,calibration,
real_buchwald_hartwig,llambo_warmstart_amidine_base_simple_aryl_halide_conservative,27016,98.8492,85.1105,1.1508,1,calibration,
real_buchwald_hartwig,llambo_warmstart_amidine_base_simple_aryl_halide_noprior,27016,98.8492,85.1105,1.1508,1,calibration,
real_buchwald_hartwig,llambo_warmstart_conservative_low_semantic_mass,27016,98.7313,90.9482,1.2687,1,calibration,
real_buchwald_hartwig,llambo_warmstart_conservative_low_semantic_mass_conservative,27016,98.7313,90.9482,1.2687,1,calibration,
real_buchwald_hartwig,llambo_warmstart_conservative_low_semantic_mass_noprior,27016,98.7313,90.9482,1.2687,1,calibration,
real_buchwald_hartwig,llambo_warmstart_counter_hypothesis_heteroaromatic_benign,27016,98.2872,76.2727,1.7128,1,calibration,
real_buchwald_hartwig,llambo_warmstart_counter_hypothesis_heteroaromatic_benign_conservative,27016,98.2872,76.2727,1.7128,1,calibration,
real_buchwald_hartwig,llambo_warmstart_counter_hypothesis_heteroaromatic_benign_noprior,27016,98.2872,76.2727,1.7128,1,calibration,
real_buchwald_hartwig,llambo_warmstart_cross_skill_rule_bank,27016,90.6444,85.0437,9.3556,0,calibration,
real_buchwald_hartwig,llambo_warmstart_domain_knowledge_electron_poor_halide,27016,86.7621,86.7621,13.2379,0,calibration,
real_buchwald_hartwig,llambo_warmstart_domain_knowledge_electron_poor_halide_conservative,27016,86.7621,86.7621,13.2379,0,calibration,
real_buchwald_hartwig,llambo_warmstart_domain_knowledge_electron_poor_halide_noprior,27016,86.7621,86.7621,13.2379,0,calibration,
real_buchwald_hartwig,llambo_warmstart_guanidine_base_high_mw_aryl_halide,27016,92.659,88.619,7.341,0,calibration,
real_buchwald_hartwig,llambo_warmstart_guanidine_base_high_mw_aryl_halide_conservative,27016,92.659,88.619,7.341,0,calibration,
real_buchwald_hartwig,llambo_warmstart_guanidine_base_high_mw_aryl_halide_noprior,27016,92.659,88.619,7.341,0,calibration,
real_buchwald_hartwig,llambo_warmstart_high_mw_ligand_low_tpsa_base,27016,86.7621,86.7621,13.2379,0,calibration,
real_buchwald_hartwig,llambo_warmstart_high_mw_ligand_low_tpsa_base_conservative,27016,86.7621,86.7621,13.2379,0,calibration,
real_buchwald_hartwig,llambo_warmstart_high_mw_ligand_low_tpsa_base_noprior,27016,86.7621,86.7621,13.2379,0,calibration,
real_buchwald_hartwig,llambo_warmstart_phosphazene_base_heteroaromatic_halide,27016,95.7526,91.7097,4.2474,0,calibration,
real_buchwald_hartwig,llambo_warmstart_phosphazene_base_heteroaromatic_halide_conservative,27016,95.7526,91.7097,4.2474,0,calibration,
real_buchwald_hartwig,llambo_warmstart_phosphazene_base_heteroaromatic_halide_noprior,27016,95.7526,91.7097,4.2474,0,calibration,
real_buchwald_hartwig,llm_direct_prior_additive_tpsa_mid_base_tpsa_mid_synergy,27016,91.6524,91.6524,8.3476,0,calibration,
real_buchwald_hartwig,llm_direct_prior_additive_tpsa_mid_base_tpsa_mid_synergy_conservative,27016,91.6524,91.6524,8.3476,0,calibration,
real_buchwald_hartwig,llm_direct_prior_additive_tpsa_mid_base_tpsa_mid_synergy_noprior,27016,91.6524,91.6524,8.3476,0,calibration,
real_buchwald_hartwig,llm_direct_prior_amidine_base_simple_aryl_halide,27016,97.2929,96.7289,2.7071,0,calibration,
real_buchwald_hartwig,llm_direct_prior_amidine_base_simple_aryl_halide_conservative,27016,97.2929,96.7289,2.7071,0,calibration,
real_buchwald_hartwig,llm_direct_prior_amidine_base_simple_aryl_halide_noprior,27016,97.2929,96.7289,2.7071,0,calibration,
real_buchwald_hartwig,llm_direct_prior_conservative_low_semantic_mass,27016,91.6524,91.6524,8.3476,0,calibration,
real_buchwald_hartwig,llm_direct_prior_conservative_low_semantic_mass_conservative,27016,91.6524,91.6524,8.3476,0,calibration,
real_buchwald_hartwig,llm_direct_prior_conservative_low_semantic_mass_noprior,27016,91.6524,91.6524,8.3476,0,calibration,
real_buchwald_hartwig,llm_direct_prior_counter_hypothesis_heteroaromatic_benign,27016,97.2929,97.2929,2.7071,0,calibration,
real_buchwald_hartwig,llm_direct_prior_counter_hypothesis_heteroaromatic_benign_conservative,27016,97.2929,97.2929,2.7071,0,calibration,
real_buchwald_hartwig,llm_direct_prior_counter_hypothesis_heteroaromatic_benign_noprior,27016,97.2929,97.2929,2.7071,0,calibration,
real_buchwald_hartwig,llm_direct_prior_cross_skill_rule_bank,27016,91.6524,91.6524,8.3476,0,calibration,
real_buchwald_hartwig,llm_direct_prior_domain_knowledge_electron_poor_halide,27016,97.2929,93.9086,2.7071,0,calibration,
real_buchwald_hartwig,llm_direct_prior_domain_knowledge_electron_poor_halide_conservative,27016,93.4211,92.183,6.5789,0,calibration,
real_buchwald_hartwig,llm_direct_prior_domain_knowledge_electron_poor_halide_noprior,27016,97.2929,93.9086,2.7071,0,calibration,
real_buchwald_hartwig,llm_direct_prior_guanidine_base_high_mw_aryl_halide,27016,91.6524,91.6524,8.3476,0,calibration,
real_buchwald_hartwig,llm_direct_prior_guanidine_base_high_mw_aryl_halide_conservative,27016,91.6524,91.6524,8.3476,0,calibration,
real_buchwald_hartwig,llm_direct_prior_guanidine_base_high_mw_aryl_halide_noprior,27016,91.6524,91.6524,8.3476,0,calibration,
real_buchwald_hartwig,llm_direct_prior_high_mw_ligand_low_tpsa_base,27016,92.9567,91.7828,7.0433,0,calibration,
real_buchwald_hartwig,llm_direct_prior_high_mw_ligand_low_tpsa_base_conservative,27016,91.6524,91.6524,8.3476,0,calibration,
real_buchwald_hartwig,llm_direct_prior_high_mw_ligand_low_tpsa_base_noprior,27016,92.9567,91.7828,7.0433,0,calibration,
real_buchwald_hartwig,llm_direct_prior_phosphazene_base_heteroaromatic_halide,27016,91.6524,91.6524,8.3476,0,calibration,
real_buchwald_hartwig,llm_direct_prior_phosphazene_base_heteroaromatic_halide_conservative,27016,91.6524,91.6524,8.3476,0,calibration,
real_buchwald_hartwig,llm_direct_prior_phosphazene_base_heteroaromatic_halide_noprior,27016,91.6524,91.6524,8.3476,0,calibration,
real_buchwald_hartwig,llm_semantic_additive_tpsa_mid_base_tpsa_mid_synergy,27016,91.6524,91.6524,8.3476,0,calibration,
real_buchwald_hartwig,llm_semantic_additive_tpsa_mid_base_tpsa_mid_synergy_conservative,27016,91.6524,91.6524,8.3476,0,calibration,
real_buchwald_hartwig,llm_semantic_additive_tpsa_mid_base_tpsa_mid_synergy_noprior,27016,91.6524,91.6524,8.3476,0,calibration,
real_buchwald_hartwig,llm_semantic_amidine_base_simple_aryl_halide,27016,91.6524,91.6524,8.3476,0,calibration,
real_buchwald_hartwig,llm_semantic_amidine_base_simple_aryl_halide_conservative,27016,93.3108,92.4667,6.6892,0,calibration,
real_buchwald_hartwig,llm_semantic_amidine_base_simple_aryl_halide_noprior,27016,91.6524,91.6524,8.3476,0,calibration,
real_buchwald_hartwig,llm_semantic_conservative_low_semantic_mass,27016,91.6524,91.6524,8.3476,0,calibration,
real_buchwald_hartwig,llm_semantic_conservative_low_semantic_mass_conservative,27016,91.6524,91.6524,8.3476,0,calibration,
real_buchwald_hartwig,llm_semantic_conservative_low_semantic_mass_noprior,27016,91.6524,91.6524,8.3476,0,calibration,
real_buchwald_hartwig,llm_semantic_counter_hypothesis_heteroaromatic_benign,27016,91.6524,91.6524,8.3476,0,calibration,
real_buchwald_hartwig,llm_semantic_counter_hypothesis_heteroaromatic_benign_conservative,27016,93.3108,91.9841,6.6892,0,calibration,
real_buchwald_hartwig,llm_semantic_counter_hypothesis_heteroaromatic_benign_noprior,27016,93.3108,91.9841,6.6892,0,calibration,
real_buchwald_hartwig,llm_semantic_cross_skill_rule_bank,27016,91.6524,91.6524,8.3476,0,calibration,
real_buchwald_hartwig,llm_semantic_domain_knowledge_electron_poor_halide,27016,91.6524,91.6524,8.3476,0,calibration,
real_buchwald_hartwig,llm_semantic_domain_knowledge_electron_poor_halide_conservative,27016,91.6524,91.6524,8.3476,0,calibration,
real_buchwald_hartwig,llm_semantic_domain_knowledge_electron_poor_halide_noprior,27016,91.6524,91.6524,8.3476,0,calibration,
real_buchwald_hartwig,llm_semantic_guanidine_base_high_mw_aryl_halide,27016,91.6524,91.6524,8.3476,0,calibration,
real_buchwald_hartwig,llm_semantic_guanidine_base_high_mw_aryl_halide_conservative,27016,93.3108,91.8182,6.6892,0,calibration,
real_buchwald_hartwig,llm_semantic_guanidine_base_high_mw_aryl_halide_noprior,27016,91.6524,91.6524,8.3476,0,calibration,
real_buchwald_hartwig,llm_semantic_high_mw_ligand_low_tpsa_base,27016,91.6524,91.6524,8.3476,0,calibration,
real_buchwald_hartwig,llm_semantic_high_mw_ligand_low_tpsa_base_conservative,27016,91.6524,91.6524,8.3476,0,calibration,
real_buchwald_hartwig,llm_semantic_high_mw_ligand_low_tpsa_base_noprior,27016,93.0289,91.79,6.9711,0,calibration,
real_buchwald_hartwig,llm_semantic_phosphazene_base_heteroaromatic_halide,27016,91.6524,91.6524,8.3476,0,calibration,
real_buchwald_hartwig,llm_semantic_phosphazene_base_heteroaromatic_halide_conservative,27016,91.6524,91.6524,8.3476,0,calibration,
real_buchwald_hartwig,llm_semantic_phosphazene_base_heteroaromatic_halide_noprior,27016,91.6524,91.6524,8.3476,0,calibration,
real_buchwald_hartwig,mixed_kernel_gp_ei,27016,96.5912,93.2721,3.4088,0,calibration,
real_buchwald_hartwig,target_acquisition_portfolio,27016,97.2929,94.2621,2.7071,0,calibration,
real_buchwald_hartwig,gp_ucb,27017,83.2944,77.393,16.7056,0,calibration,
real_buchwald_hartwig,llambo_warmstart_additive_tpsa_mid_base_tpsa_mid_synergy,27017,93.8745,79.2033,6.1255,0,calibration,
real_buchwald_hartwig,llambo_warmstart_additive_tpsa_mid_base_tpsa_mid_synergy_conservative,27017,93.8745,79.2033,6.1255,0,calibration,
real_buchwald_hartwig,llambo_warmstart_additive_tpsa_mid_base_tpsa_mid_synergy_noprior,27017,93.8745,79.2033,6.1255,0,calibration,
real_buchwald_hartwig,llambo_warmstart_amidine_base_simple_aryl_halide,27017,93.5878,80.7272,6.4122,0,calibration,
real_buchwald_hartwig,llambo_warmstart_amidine_base_simple_aryl_halide_conservative,27017,93.5878,80.7272,6.4122,0,calibration,
real_buchwald_hartwig,llambo_warmstart_amidine_base_simple_aryl_halide_noprior,27017,93.5878,80.7272,6.4122,0,calibration,
real_buchwald_hartwig,llambo_warmstart_conservative_low_semantic_mass,27017,90.7313,85.2945,9.2687,0,calibration,
real_buchwald_hartwig,llambo_warmstart_conservative_low_semantic_mass_conservative,27017,90.7313,85.2945,9.2687,0,calibration,
real_buchwald_hartwig,llambo_warmstart_conservative_low_semantic_mass_noprior,27017,90.7313,85.2945,9.2687,0,calibration,
real_buchwald_hartwig,llambo_warmstart_counter_hypothesis_heteroaromatic_benign,27017,92.127,73.6419,7.873,0,calibration,
real_buchwald_hartwig,llambo_warmstart_counter_hypothesis_heteroaromatic_benign_conservative,27017,92.127,73.6419,7.873,0,calibration,
real_buchwald_hartwig,llambo_warmstart_counter_hypothesis_heteroaromatic_benign_noprior,27017,92.127,73.6419,7.873,0,calibration,
real_buchwald_hartwig,llambo_warmstart_cross_skill_rule_bank,27017,94.5498,87.0175,5.4502,0,calibration,
real_buchwald_hartwig,llambo_warmstart_domain_knowledge_electron_poor_halide,27017,94.5498,94.1152,5.4502,0,calibration,
real_buchwald_hartwig,llambo_warmstart_domain_knowledge_electron_poor_halide_conservative,27017,94.5498,94.1152,5.4502,0,calibration,
real_buchwald_hartwig,llambo_warmstart_domain_knowledge_electron_poor_halide_noprior,27017,94.5498,94.1152,5.4502,0,calibration,
real_buchwald_hartwig,llambo_warmstart_guanidine_base_high_mw_aryl_halide,27017,95.5552,93.7309,4.4448,0,calibration,
real_buchwald_hartwig,llambo_warmstart_guanidine_base_high_mw_aryl_halide_conservative,27017,95.5552,93.7309,4.4448,0,calibration,
real_buchwald_hartwig,llambo_warmstart_guanidine_base_high_mw_aryl_halide_noprior,27017,95.5552,93.7309,4.4448,0,calibration,
real_buchwald_hartwig,llambo_warmstart_high_mw_ligand_low_tpsa_base,27017,94.5498,94.2601,5.4502,0,calibration,
real_buchwald_hartwig,llambo_warmstart_high_mw_ligand_low_tpsa_base_conservative,27017,94.5498,94.2601,5.4502,0,calibration,
real_buchwald_hartwig,llambo_warmstart_high_mw_ligand_low_tpsa_base_noprior,27017,94.5498,94.2601,5.4502,0,calibration,
real_buchwald_hartwig,llambo_warmstart_phosphazene_base_heteroaromatic_halide,27017,92.659,82.6035,7.341,0,calibration,
real_buchwald_hartwig,llambo_warmstart_phosphazene_base_heteroaromatic_halide_conservative,27017,92.659,82.6035,7.341,0,calibration,
real_buchwald_hartwig,llambo_warmstart_phosphazene_base_heteroaromatic_halide_noprior,27017,92.659,82.6035,7.341,0,calibration,
real_buchwald_hartwig,llm_direct_prior_additive_tpsa_mid_base_tpsa_mid_synergy,27017,74.0474,70.761,25.9526,0,calibration,
real_buchwald_hartwig,llm_direct_prior_additive_tpsa_mid_base_tpsa_mid_synergy_conservative,27017,75.9543,75.2061,24.0457,0,calibration,
real_buchwald_hartwig,llm_direct_prior_additive_tpsa_mid_base_tpsa_mid_synergy_noprior,27017,74.0474,70.761,25.9526,0,calibration,
real_buchwald_hartwig,llm_direct_prior_amidine_base_simple_aryl_halide,27017,73.0818,71.5281,26.9182,0,calibration,
real_buchwald_hartwig,llm_direct_prior_amidine_base_simple_aryl_halide_conservative,27017,80.6849,76.3398,19.3151,0,calibration,
real_buchwald_hartwig,llm_direct_prior_amidine_base_simple_aryl_halide_noprior,27017,73.0818,71.5281,26.9182,0,calibration,
real_buchwald_hartwig,llm_direct_prior_conservative_low_semantic_mass,27017,79.8724,75.7378,20.1276,0,calibration,
real_buchwald_hartwig,llm_direct_prior_conservative_low_semantic_mass_conservative,27017,79.8724,75.7378,20.1276,0,calibration,
real_buchwald_hartwig,llm_direct_prior_conservative_low_semantic_mass_noprior,27017,79.8724,75.7378,20.1276,0,calibration,
real_buchwald_hartwig,llm_direct_prior_counter_hypothesis_heteroaromatic_benign,27017,79.8724,79.0382,20.1276,0,calibration,
real_buchwald_hartwig,llm_direct_prior_counter_hypothesis_heteroaromatic_benign_conservative,27017,79.8724,79.0382,20.1276,0,calibration,
real_buchwald_hartwig,llm_direct_prior_counter_hypothesis_heteroaromatic_benign_noprior,27017,79.8724,79.0382,20.1276,0,calibration,
real_buchwald_hartwig,llm_direct_prior_cross_skill_rule_bank,27017,94.6911,81.9818,5.3089,0,calibration,
real_buchwald_hartwig,llm_direct_prior_domain_knowledge_electron_poor_halide,27017,93.0289,74.5256,6.9711,0,calibration,
real_buchwald_hartwig,llm_direct_prior_domain_knowledge_electron_poor_halide_conservative,27017,92.127,90.1712,7.873,0,calibration,
real_buchwald_hartwig,llm_direct_prior_domain_knowledge_electron_poor_halide_noprior,27017,93.0289,74.5256,6.9711,0,calibration,
real_buchwald_hartwig,llm_direct_prior_guanidine_base_high_mw_aryl_halide,27017,77.7868,77.7868,22.2132,0,calibration,
real_buchwald_hartwig,llm_direct_prior_guanidine_base_high_mw_aryl_halide_conservative,27017,85.1447,79.2579,14.8553,0,calibration,
real_buchwald_hartwig,llm_direct_prior_guanidine_base_high_mw_aryl_halide_noprior,27017,77.7868,77.7868,22.2132,0,calibration,
real_buchwald_hartwig,llm_direct_prior_high_mw_ligand_low_tpsa_base,27017,90.3173,78.4666,9.6827,0,calibration,
real_buchwald_hartwig,llm_direct_prior_high_mw_ligand_low_tpsa_base_conservative,27017,92.2093,74.4021,7.7907,0,calibration,
real_buchwald_hartwig,llm_direct_prior_high_mw_ligand_low_tpsa_base_noprior,27017,90.3173,78.4666,9.6827,0,calibration,
real_buchwald_hartwig,llm_direct_prior_phosphazene_base_heteroaromatic_halide,27017,79.6552,77.7533,20.3448,0,calibration,
real_buchwald_hartwig,llm_direct_prior_phosphazene_base_heteroaromatic_halide_conservative,27017,76.7953,74.8887,23.2047,0,calibration,
real_buchwald_hartwig,llm_direct_prior_phosphazene_base_heteroaromatic_halide_noprior,27017,79.6552,77.7533,20.3448,0,calibration,
real_buchwald_hartwig,llm_semantic_additive_tpsa_mid_base_tpsa_mid_synergy,27017,85.2207,74.428,14.7793,0,calibration,
real_buchwald_hartwig,llm_semantic_additive_tpsa_mid_base_tpsa_mid_synergy_conservative,27017,87.2375,79.3348,12.7625,0,calibration,
real_buchwald_hartwig,llm_semantic_additive_tpsa_mid_base_tpsa_mid_synergy_noprior,27017,83.9556,75.3265,16.0444,0,calibration,
real_buchwald_hartwig,llm_semantic_amidine_base_simple_aryl_halide,27017,81.1512,79.4477,18.8488,0,calibration,
real_buchwald_hartwig,llm_semantic_amidine_base_simple_aryl_halide_conservative,27017,77.7868,76.7562,22.2132,0,calibration,
real_buchwald_hartwig,llm_semantic_amidine_base_simple_aryl_halide_noprior,27017,77.7868,76.7562,22.2132,0,calibration,
real_buchwald_hartwig,llm_semantic_conservative_low_semantic_mass,27017,93.5878,87.5935,6.4122,0,calibration,
real_buchwald_hartwig,llm_semantic_conservative_low_semantic_mass_conservative,27017,93.5878,87.5935,6.4122,0,calibration,
real_buchwald_hartwig,llm_semantic_conservative_low_semantic_mass_noprior,27017,93.5878,87.5935,6.4122,0,calibration,
real_buchwald_hartwig,llm_semantic_counter_hypothesis_heteroaromatic_benign,27017,92.256,79.5872,7.744,0,calibration,
real_buchwald_hartwig,llm_semantic_counter_hypothesis_heteroaromatic_benign_conservative,27017,77.7868,76.7562,22.2132,0,calibration,
real_buchwald_hartwig,llm_semantic_counter_hypothesis_heteroaromatic_benign_noprior,27017,77.7868,76.7562,22.2132,0,calibration,
real_buchwald_hartwig,llm_semantic_cross_skill_rule_bank,27017,68.1076,67.9822,31.8924,0,calibration,
real_buchwald_hartwig,llm_semantic_domain_knowledge_electron_poor_halide,27017,83.4092,83.2129,16.5908,0,calibration,
real_buchwald_hartwig,llm_semantic_domain_knowledge_electron_poor_halide_conservative,27017,93.0289,76.7362,6.9711,0,calibration,
real_buchwald_hartwig,llm_semantic_domain_knowledge_electron_poor_halide_noprior,27017,93.1012,90.0758,6.8988,0,calibration,
real_buchwald_hartwig,llm_semantic_guanidine_base_high_mw_aryl_halide,27017,83.3133,78.8921,16.6867,0,calibration,
real_buchwald_hartwig,llm_semantic_guanidine_base_high_mw_aryl_halide_conservative,27017,83.9556,80.3736,16.0444,0,calibration,
real_buchwald_hartwig,llm_semantic_guanidine_base_high_mw_aryl_halide_noprior,27017,93.0289,81.5749,6.9711,0,calibration,
real_buchwald_hartwig,llm_semantic_high_mw_ligand_low_tpsa_base,27017,83.9556,80.9254,16.0444,0,calibration,
real_buchwald_hartwig,llm_semantic_high_mw_ligand_low_tpsa_base_conservative,27017,77.7868,75.0054,22.2132,0,calibration,
real_buchwald_hartwig,llm_semantic_high_mw_ligand_low_tpsa_base_noprior,27017,93.0289,81.6137,6.9711,0,calibration,
real_buchwald_hartwig,llm_semantic_phosphazene_base_heteroaromatic_halide,27017,71.0972,68.5657,28.9028,0,calibration,
real_buchwald_hartwig,llm_semantic_phosphazene_base_heteroaromatic_halide_conservative,27017,85.2207,73.6098,14.7793,0,calibration,
real_buchwald_hartwig,llm_semantic_phosphazene_base_heteroaromatic_halide_noprior,27017,80.5818,68.7908,19.4182,0,calibration,
real_buchwald_hartwig,mixed_kernel_gp_ei,27017,83.2944,77.393,16.7056,0,calibration,
real_buchwald_hartwig,target_acquisition_portfolio,27017,83.2944,77.393,16.7056,0,calibration,
real_buchwald_hartwig,gp_ucb,27018,98.8492,90.0638,1.1508,1,calibration,
real_buchwald_hartwig,llambo_warmstart_additive_tpsa_mid_base_tpsa_mid_synergy,27018,84.93,84.0366,15.07,0,calibration,
real_buchwald_hartwig,llambo_warmstart_additive_tpsa_mid_base_tpsa_mid_synergy_conservative,27018,84.93,84.0366,15.07,0,calibration,
real_buchwald_hartwig,llambo_warmstart_additive_tpsa_mid_base_tpsa_mid_synergy_noprior,27018,84.93,84.0366,15.07,0,calibration,
real_buchwald_hartwig,llambo_warmstart_amidine_base_simple_aryl_halide,27018,87.2375,46.8462,12.7625,0,calibration,
real_buchwald_hartwig,llambo_warmstart_amidine_base_simple_aryl_halide_conservative,27018,87.2375,46.8462,12.7625,0,calibration,
real_buchwald_hartwig,llambo_warmstart_amidine_base_simple_aryl_halide_noprior,27018,87.2375,46.8462,12.7625,0,calibration,
real_buchwald_hartwig,llambo_warmstart_conservative_low_semantic_mass,27018,93.3108,90.401,6.6892,0,calibration,
real_buchwald_hartwig,llambo_warmstart_conservative_low_semantic_mass_conservative,27018,93.3108,90.401,6.6892,0,calibration,
real_buchwald_hartwig,llambo_warmstart_conservative_low_semantic_mass_noprior,27018,93.3108,90.401,6.6892,0,calibration,
real_buchwald_hartwig,llambo_warmstart_counter_hypothesis_heteroaromatic_benign,27018,88.4043,51.0438,11.5957,0,calibration,
real_buchwald_hartwig,llambo_warmstart_counter_hypothesis_heteroaromatic_benign_conservative,27018,88.4043,51.0438,11.5957,0,calibration,
real_buchwald_hartwig,llambo_warmstart_counter_hypothesis_heteroaromatic_benign_noprior,27018,88.4043,51.0438,11.5957,0,calibration,
real_buchwald_hartwig,llambo_warmstart_cross_skill_rule_bank,27018,95.7526,94.7399,4.2474,0,calibration,
real_buchwald_hartwig,llambo_warmstart_domain_knowledge_electron_poor_halide,27018,100.0,99.7688,0.0,1,calibration,
real_buchwald_hartwig,llambo_warmstart_domain_knowledge_electron_poor_halide_conservative,27018,100.0,99.7688,0.0,1,calibration,
real_buchwald_hartwig,llambo_warmstart_domain_knowledge_electron_poor_halide_noprior,27018,100.0,99.7688,0.0,1,calibration,
real_buchwald_hartwig,llambo_warmstart_guanidine_base_high_mw_aryl_halide,27018,88.5139,82.5099,11.4861,0,calibration,
real_buchwald_hartwig,llambo_warmstart_guanidine_base_high_mw_aryl_halide_conservative,27018,88.5139,82.5099,11.4861,0,calibration,
real_buchwald_hartwig,llambo_warmstart_guanidine_base_high_mw_aryl_halide_noprior,27018,88.5139,82.5099,11.4861,0,calibration,
real_buchwald_hartwig,llambo_warmstart_high_mw_ligand_low_tpsa_base,27018,99.6191,99.093,0.3809,1,calibration,
real_buchwald_hartwig,llambo_warmstart_high_mw_ligand_low_tpsa_base_conservative,27018,99.6191,99.093,0.3809,1,calibration,
real_buchwald_hartwig,llambo_warmstart_high_mw_ligand_low_tpsa_base_noprior,27018,99.6191,99.093,0.3809,1,calibration,
real_buchwald_hartwig,llambo_warmstart_phosphazene_base_heteroaromatic_halide,27018,100.0,99.2904,0.0,1,calibration,
real_buchwald_hartwig,llambo_warmstart_phosphazene_base_heteroaromatic_halide_conservative,27018,100.0,99.2904,0.0,1,calibration,
real_buchwald_hartwig,llambo_warmstart_phosphazene_base_heteroaromatic_halide_noprior,27018,100.0,99.2904,0.0,1,calibration,
real_buchwald_hartwig,llm_direct_prior_additive_tpsa_mid_base_tpsa_mid_synergy,27018,71.5462,71.5462,28.4538,0,calibration,
real_buchwald_hartwig,llm_direct_prior_additive_tpsa_mid_base_tpsa_mid_synergy_conservative,27018,75.3112,73.8052,24.6888,0,calibration,
real_buchwald_hartwig,llm_direct_prior_additive_tpsa_mid_base_tpsa_mid_synergy_noprior,27018,71.5462,71.5462,28.4538,0,calibration,
real_buchwald_hartwig,llm_direct_prior_amidine_base_simple_aryl_halide,27018,79.6389,78.0204,20.3611,0,calibration,
real_buchwald_hartwig,llm_direct_prior_amidine_base_simple_aryl_halide_conservative,27018,100.0,86.6355,0.0,1,calibration,
real_buchwald_hartwig,llm_direct_prior_amidine_base_simple_aryl_halide_noprior,27018,79.6389,78.0204,20.3611,0,calibration,
real_buchwald_hartwig,llm_direct_prior_conservative_low_semantic_mass,27018,93.7486,87.0879,6.2514,0,calibration,
real_buchwald_hartwig,llm_direct_prior_conservative_low_semantic_mass_conservative,27018,93.7486,87.0879,6.2514,0,calibration,
real_buchwald_hartwig,llm_direct_prior_conservative_low_semantic_mass_noprior,27018,93.7486,87.0879,6.2514,0,calibration,
real_buchwald_hartwig,llm_direct_prior_counter_hypothesis_heteroaromatic_benign,27018,82.3289,79.738,17.6711,0,calibration,
real_buchwald_hartwig,llm_direct_prior_counter_hypothesis_heteroaromatic_benign_conservative,27018,83.0965,79.8915,16.9035,0,calibration,
real_buchwald_hartwig,llm_direct_prior_counter_hypothesis_heteroaromatic_benign_noprior,27018,82.3289,79.738,17.6711,0,calibration,
real_buchwald_hartwig,llm_direct_prior_cross_skill_rule_bank,27018,94.2969,89.3289,5.7031,0,calibration,
real_buchwald_hartwig,llm_direct_prior_domain_knowledge_electron_poor_halide,27018,94.6911,90.5399,5.3089,0,calibration,
real_buchwald_hartwig,llm_direct_prior_domain_knowledge_electron_poor_halide_conservative,27018,71.5462,71.5462,28.4538,0,calibration,
real_buchwald_hartwig,llm_direct_prior_domain_knowledge_electron_poor_halide_noprior,27018,94.6911,90.5399,5.3089,0,calibration,
real_buchwald_hartwig,llm_direct_prior_guanidine_base_high_mw_aryl_halide,27018,91.9334,85.0838,8.0666,0,calibration,
real_buchwald_hartwig,llm_direct_prior_guanidine_base_high_mw_aryl_halide_conservative,27018,90.2279,83.7295,9.7721,0,calibration,
real_buchwald_hartwig,llm_direct_prior_guanidine_base_high_mw_aryl_halide_noprior,27018,91.9334,85.0838,8.0666,0,calibration,
real_buchwald_hartwig,llm_direct_prior_high_mw_ligand_low_tpsa_base,27018,100.0,92.1429,0.0,1,calibration,
real_buchwald_hartwig,llm_direct_prior_high_mw_ligand_low_tpsa_base_conservative,27018,100.0,93.8135,0.0,1,calibration,
real_buchwald_hartwig,llm_direct_prior_high_mw_ligand_low_tpsa_base_noprior,27018,100.0,92.1429,0.0,1,calibration,
real_buchwald_hartwig,llm_direct_prior_phosphazene_base_heteroaromatic_halide,27018,74.0474,71.7963,25.9526,0,calibration,
real_buchwald_hartwig,llm_direct_prior_phosphazene_base_heteroaromatic_halide_conservative,27018,71.5462,71.5462,28.4538,0,calibration,
real_buchwald_hartwig,llm_direct_prior_phosphazene_base_heteroaromatic_halide_noprior,27018,74.0474,71.7963,25.9526,0,calibration,
real_buchwald_hartwig,llm_semantic_additive_tpsa_mid_base_tpsa_mid_synergy,27018,82.3324,75.8607,17.6676,0,calibration,
real_buchwald_hartwig,llm_semantic_additive_tpsa_mid_base_tpsa_mid_synergy_conservative,27018,92.904,75.8178,7.096,0,calibration,
real_buchwald_hartwig,llm_semantic_additive_tpsa_mid_base_tpsa_mid_synergy_noprior,27018,75.0247,71.9226,24.9753,0,calibration,
real_buchwald_hartwig,llm_semantic_amidine_base_simple_aryl_halide,27018,78.005,73.3307,21.995,0,calibration,
real_buchwald_hartwig,llm_semantic_amidine_base_simple_aryl_halide_conservative,27018,87.902,77.5774,12.098,0,calibration,
real_buchwald_hartwig,llm_semantic_amidine_base_simple_aryl_halide_noprior,27018,84.602,77.2474,15.398,0,calibration,
real_buchwald_hartwig,llm_semantic_conservative_low_semantic_mass,27018,92.904,80.0893,7.096,0,calibration,
real_buchwald_hartwig,llm_semantic_conservative_low_semantic_mass_conservative,27018,92.904,80.0893,7.096,0,calibration,
real_buchwald_hartwig,llm_semantic_conservative_low_semantic_mass_noprior,27018,92.904,80.0893,7.096,0,calibration,
real_buchwald_hartwig,llm_semantic_counter_hypothesis_heteroaromatic_benign,27018,98.8492,87.0912,1.1508,1,calibration,
real_buchwald_hartwig,llm_semantic_counter_hypothesis_heteroaromatic_benign_conservative,27018,71.5462,71.5462,28.4538,0,calibration,
real_buchwald_hartwig,llm_semantic_counter_hypothesis_heteroaromatic_benign_noprior,27018,72.7059,72.242,27.2941,0,calibration,
real_buchwald_hartwig,llm_semantic_cross_skill_rule_bank,27018,92.904,84.3609,7.096,0,calibration,
real_buchwald_hartwig,llm_semantic_domain_knowledge_electron_poor_halide,27018,100.0,94.3092,0.0,1,calibration,
real_buchwald_hartwig,llm_semantic_domain_knowledge_electron_poor_halide_conservative,27018,80.0002,74.9278,19.9998,0,calibration,
real_buchwald_hartwig,llm_semantic_domain_knowledge_electron_poor_halide_noprior,27018,93.0289,78.2441,6.9711,0,calibration,
real_buchwald_hartwig,llm_semantic_guanidine_base_high_mw_aryl_halide,27018,73.2464,72.5663,26.7536,0,calibration,
real_buchwald_hartwig,llm_semantic_guanidine_base_high_mw_aryl_halide_conservative,27018,93.0289,79.5,6.9711,0,calibration,
real_buchwald_hartwig,llm_semantic_guanidine_base_high_mw_aryl_halide_noprior,27018,93.0289,77.991,6.9711,0,calibration,
real_buchwald_hartwig,llm_semantic_high_mw_ligand_low_tpsa_base,27018,100.0,88.6185,0.0,1,calibration,
real_buchwald_hartwig,llm_semantic_high_mw_ligand_low_tpsa_base_conservative,27018,72.7059,72.126,27.2941,0,calibration,
real_buchwald_hartwig,llm_semantic_high_mw_ligand_low_tpsa_base_noprior,27018,74.0097,72.2708,25.9903,0,calibration,
real_buchwald_hartwig,llm_semantic_phosphazene_base_heteroaromatic_halide,27018,92.904,77.9535,7.096,0,calibration,
real_buchwald_hartwig,llm_semantic_phosphazene_base_heteroaromatic_halide_conservative,27018,71.5462,71.5462,28.4538,0,calibration,
real_buchwald_hartwig,llm_semantic_phosphazene_base_heteroaromatic_halide_noprior,27018,89.5988,75.1567,10.4012,0,calibration,
real_buchwald_hartwig,mixed_kernel_gp_ei,27018,98.8492,90.0638,1.1508,1,calibration,
real_buchwald_hartwig,target_acquisition_portfolio,27018,98.8492,90.0638,1.1508,1,calibration,
real_buchwald_hartwig,gp_ucb,27019,73.6009,70.3365,26.3991,0,calibration,
real_buchwald_hartwig,llambo_warmstart_additive_tpsa_mid_base_tpsa_mid_synergy,27019,100.0,89.2428,0.0,1,calibration,
real_buchwald_hartwig,llambo_warmstart_additive_tpsa_mid_base_tpsa_mid_synergy_conservative,27019,100.0,89.2428,0.0,1,calibration,
real_buchwald_hartwig,llambo_warmstart_additive_tpsa_mid_base_tpsa_mid_synergy_noprior,27019,100.0,89.2428,0.0,1,calibration,
real_buchwald_hartwig,llambo_warmstart_amidine_base_simple_aryl_halide,27019,53.6755,51.7229,46.3245,0,calibration,
real_buchwald_hartwig,llambo_warmstart_amidine_base_simple_aryl_halide_conservative,27019,53.6755,51.7229,46.3245,0,calibration,
real_buchwald_hartwig,llambo_warmstart_amidine_base_simple_aryl_halide_noprior,27019,53.6755,51.7229,46.3245,0,calibration,
real_buchwald_hartwig,llambo_warmstart_conservative_low_semantic_mass,27019,93.3108,85.2934,6.6892,0,calibration,
real_buchwald_hartwig,llambo_warmstart_conservative_low_semantic_mass_conservative,27019,93.3108,85.2934,6.6892,0,calibration,
real_buchwald_hartwig,llambo_warmstart_conservative_low_semantic_mass_noprior,27019,93.3108,85.2934,6.6892,0,calibration,
real_buchwald_hartwig,llambo_warmstart_counter_hypothesis_heteroaromatic_benign,27019,95.129,86.2505,4.871,0,calibration,
real_buchwald_hartwig,llambo_warmstart_counter_hypothesis_heteroaromatic_benign_conservative,27019,95.129,86.2505,4.871,0,calibration,
real_buchwald_hartwig,llambo_warmstart_counter_hypothesis_heteroaromatic_benign_noprior,27019,95.129,86.2505,4.871,0,calibration,
real_buchwald_hartwig,llambo_warmstart_cross_skill_rule_bank,27019,89.2167,79.7285,10.7833,0,calibration,
real_buchwald_hartwig,llambo_warmstart_domain_knowledge_electron_poor_halide,27019,85.442,85.442,14.558,0,calibration,
real_buchwald_hartwig,llambo_warmstart_domain_knowledge_electron_poor_halide_conservative,27019,85.442,85.442,14.558,0,calibration,
real_buchwald_hartwig,llambo_warmstart_domain_knowledge_electron_poor_halide_noprior,27019,85.442,85.442,14.558,0,calibration,
real_buchwald_hartwig,llambo_warmstart_guanidine_base_high_mw_aryl_halide,27019,93.3108,90.9052,6.6892,0,calibration,
real_buchwald_hartwig,llambo_warmstart_guanidine_base_high_mw_aryl_halide_conservative,27019,93.3108,90.9052,6.6892,0,calibration,
real_buchwald_hartwig,llambo_warmstart_guanidine_base_high_mw_aryl_halide_noprior,27019,93.3108,90.9052,6.6892,0,calibration,
real_buchwald_hartwig,llambo_warmstart_high_mw_ligand_low_tpsa_base,27019,93.1012,81.1701,6.8988,0,calibration,
real_buchwald_hartwig,llambo_warmstart_high_mw_ligand_low_tpsa_base_conservative,27019,93.1012,81.1701,6.8988,0,calibration,
real_buchwald_hartwig,llambo_warmstart_high_mw_ligand_low_tpsa_base_noprior,27019,93.1012,81.1701,6.8988,0,calibration,
real_buchwald_hartwig,llambo_warmstart_phosphazene_base_heteroaromatic_halide,27019,85.6836,74.196,14.3164,0,calibration,
real_buchwald_hartwig,llambo_warmstart_phosphazene_base_heteroaromatic_halide_conservative,27019,85.6836,74.196,14.3164,0,calibration,
real_buchwald_hartwig,llambo_warmstart_phosphazene_base_heteroaromatic_halide_noprior,27019,85.6836,74.196,14.3164,0,calibration,
real_buchwald_hartwig,llm_direct_prior_additive_tpsa_mid_base_tpsa_mid_synergy,27019,78.3625,68.5188,21.6375,0,calibration,
real_buchwald_hartwig,llm_direct_prior_additive_tpsa_mid_base_tpsa_mid_synergy_conservative,27019,76.2169,70.1215,23.7831,0,calibration,
real_buchwald_hartwig,llm_direct_prior_additive_tpsa_mid_base_tpsa_mid_synergy_noprior,27019,78.3625,68.5188,21.6375,0,calibration,
real_buchwald_hartwig,llm_direct_prior_amidine_base_simple_aryl_halide,27019,93.4211,76.6423,6.5789,0,calibration,
real_buchwald_hartwig,llm_direct_prior_amidine_base_simple_aryl_halide_conservative,27019,98.7313,83.6513,1.2687,1,calibration,
real_buchwald_hartwig,llm_direct_prior_amidine_base_simple_aryl_halide_noprior,27019,93.4211,76.6423,6.5789,0,calibration,
real_buchwald_hartwig,llm_direct_prior_conservative_low_semantic_mass,27019,86.7862,80.4253,13.2138,0,calibration,
real_buchwald_hartwig,llm_direct_prior_conservative_low_semantic_mass_conservative,27019,86.7862,80.4253,13.2138,0,calibration,
real_buchwald_hartwig,llm_direct_prior_conservative_low_semantic_mass_noprior,27019,86.7862,80.4253,13.2138,0,calibration,
real_buchwald_hartwig,llm_direct_prior_counter_hypothesis_heteroaromatic_benign,27019,78.6185,67.314,21.3815,0,calibration,
real_buchwald_hartwig,llm_direct_prior_counter_hypothesis_heteroaromatic_benign_conservative,27019,66.0579,66.0579,33.9421,0,calibration,
real_buchwald_hartwig,llm_direct_prior_counter_hypothesis_heteroaromatic_benign_noprior,27019,78.6185,67.314,21.3815,0,calibration,
real_buchwald_hartwig,llm_direct_prior_cross_skill_rule_bank,27019,84.4042,83.1826,15.5958,0,calibration,
real_buchwald_hartwig,llm_direct_prior_domain_knowledge_electron_poor_halide,27019,93.4211,87.0426,6.5789,0,calibration,
real_buchwald_hartwig,llm_direct_prior_domain_knowledge_electron_poor_halide_conservative,27019,93.5878,89.7704,6.4122,0,calibration,
real_buchwald_hartwig,llm_direct_prior_domain_knowledge_electron_poor_halide_noprior,27019,93.4211,87.0426,6.5789,0,calibration,
real_buchwald_hartwig,llm_direct_prior_guanidine_base_high_mw_aryl_halide,27019,71.0972,67.2707,28.9028,0,calibration,
real_buchwald_hartwig,llm_direct_prior_guanidine_base_high_mw_aryl_halide_conservative,27019,66.0579,66.0579,33.9421,0,calibration,
real_buchwald_hartwig,llm_direct_prior_guanidine_base_high_mw_aryl_halide_noprior,27019,71.0972,67.2707,28.9028,0,calibration,
real_buchwald_hartwig,llm_direct_prior_high_mw_ligand_low_tpsa_base,27019,87.2375,74.6147,12.7625,0,calibration,
real_buchwald_hartwig,llm_direct_prior_high_mw_ligand_low_tpsa_base_conservative,27019,87.2375,78.8081,12.7625,0,calibration,
real_buchwald_hartwig,llm_direct_prior_high_mw_ligand_low_tpsa_base_noprior,27019,87.2375,74.6147,12.7625,0,calibration,
real_buchwald_hartwig,llm_direct_prior_phosphazene_base_heteroaromatic_halide,27019,79.6552,77.7519,20.3448,0,calibration,
real_buchwald_hartwig,llm_direct_prior_phosphazene_base_heteroaromatic_halide_conservative,27019,79.6552,77.3442,20.3448,0,calibration,
real_buchwald_hartwig,llm_direct_prior_phosphazene_base_heteroaromatic_halide_noprior,27019,79.6552,77.7519,20.3448,0,calibration,
real_buchwald_hartwig,llm_semantic_additive_tpsa_mid_base_tpsa_mid_synergy,27019,79.6425,75.1612,20.3575,0,calibration,
real_buchwald_hartwig,llm_semantic_additive_tpsa_mid_base_tpsa_mid_synergy_conservative,27019,83.0165,76.5418,16.9835,0,calibration,
real_buchwald_hartwig,llm_semantic_additive_tpsa_mid_base_tpsa_mid_synergy_noprior,27019,78.2963,76.1871,21.7037,0,calibration,
real_buchwald_hartwig,llm_semantic_amidine_base_simple_aryl_halide,27019,85.8123,80.554,14.1877,0,calibration,
real_buchwald_hartwig,llm_semantic_amidine_base_simple_aryl_halide_conservative,27019,78.0029,74.8289,21.9971,0,calibration,
real_buchwald_hartwig,llm_semantic_amidine_base_simple_aryl_halide_noprior,27019,84.4042,75.3511,15.5958,0,calibration,
real_buchwald_hartwig,llm_semantic_conservative_low_semantic_mass,27019,85.4018,74.1275,14.5982,0,calibration,
real_buchwald_hartwig,llm_semantic_conservative_low_semantic_mass_conservative,27019,85.4018,74.1275,14.5982,0,calibration,
real_buchwald_hartwig,llm_semantic_conservative_low_semantic_mass_noprior,27019,85.4018,74.1275,14.5982,0,calibration,
real_buchwald_hartwig,llm_semantic_counter_hypothesis_heteroaromatic_benign,27019,84.4042,79.5134,15.5958,0,calibration,
real_buchwald_hartwig,llm_semantic_counter_hypothesis_heteroaromatic_benign_conservative,27019,93.5878,81.204,6.4122,0,calibration,
real_buchwald_hartwig,llm_semantic_counter_hypothesis_heteroaromatic_benign_noprior,27019,66.0579,66.0579,33.9421,0,calibration,
real_buchwald_hartwig,llm_semantic_cross_skill_rule_bank,27019,68.1076,67.9026,31.8924,0,calibration,
real_buchwald_hartwig,llm_semantic_domain_knowledge_electron_poor_halide,27019,96.1323,83.0652,3.8677,0,calibration,
real_buchwald_hartwig,llm_semantic_domain_knowledge_electron_poor_halide_conservative,27019,93.5878,75.5467,6.4122,0,calibration,
real_buchwald_hartwig,llm_semantic_domain_knowledge_electron_poor_halide_noprior,27019,87.2375,81.2964,12.7625,0,calibration,
real_buchwald_hartwig,llm_semantic_guanidine_base_high_mw_aryl_halide,27019,66.4828,66.2279,33.5172,0,calibration,
real_buchwald_hartwig,llm_semantic_guanidine_base_high_mw_aryl_halide_conservative,27019,85.8123,76.3867,14.1877,0,calibration,
real_buchwald_hartwig,llm_semantic_guanidine_base_high_mw_aryl_halide_noprior,27019,83.9556,77.7368,16.0444,0,calibration,
real_buchwald_hartwig,llm_semantic_high_mw_ligand_low_tpsa_base,27019,79.3465,74.646,20.6535,0,calibration,
real_buchwald_hartwig,llm_semantic_high_mw_ligand_low_tpsa_base_conservative,27019,83.9556,76.3821,16.0444,0,calibration,
real_buchwald_hartwig,llm_semantic_high_mw_ligand_low_tpsa_base_noprior,27019,79.3465,75.6755,20.6535,0,calibration,
real_buchwald_hartwig,llm_semantic_phosphazene_base_heteroaromatic_halide,27019,78.2963,75.7653,21.7037,0,calibration,
real_buchwald_hartwig,llm_semantic_phosphazene_base_heteroaromatic_halide_conservative,27019,94.6911,78.9395,5.3089,0,calibration,
real_buchwald_hartwig,llm_semantic_phosphazene_base_heteroaromatic_halide_noprior,27019,89.6142,79.669,10.3858,0,calibration,
real_buchwald_hartwig,mixed_kernel_gp_ei,27019,85.4018,73.1712,14.5982,0,calibration,
real_buchwald_hartwig,target_acquisition_portfolio,27019,83.385,70.3103,16.615,0,calibration,
real_buchwald_hartwig,gp_ucb,27020,94.6911,79.9859,5.3089,0,calibration,
real_buchwald_hartwig,llambo_warmstart_additive_tpsa_mid_base_tpsa_mid_synergy,27020,91.1391,85.3946,8.8609,0,calibration,
real_buchwald_hartwig,llambo_warmstart_additive_tpsa_mid_base_tpsa_mid_synergy_conservative,27020,91.1391,85.3946,8.8609,0,calibration,
real_buchwald_hartwig,llambo_warmstart_additive_tpsa_mid_base_tpsa_mid_synergy_noprior,27020,91.1391,85.3946,8.8609,0,calibration,
real_buchwald_hartwig,llambo_warmstart_amidine_base_simple_aryl_halide,27020,90.9905,86.2115,9.0095,0,calibration,
real_buchwald_hartwig,llambo_warmstart_amidine_base_simple_aryl_halide_conservative,27020,90.9905,86.2115,9.0095,0,calibration,
real_buchwald_hartwig,llambo_warmstart_amidine_base_simple_aryl_halide_noprior,27020,90.9905,86.2115,9.0095,0,calibration,
real_buchwald_hartwig,llambo_warmstart_conservative_low_semantic_mass,27020,88.5139,75.4904,11.4861,0,calibration,
real_buchwald_hartwig,llambo_warmstart_conservative_low_semantic_mass_conservative,27020,88.5139,75.4904,11.4861,0,calibration,
real_buchwald_hartwig,llambo_warmstart_conservative_low_semantic_mass_noprior,27020,88.5139,75.4904,11.4861,0,calibration,
real_buchwald_hartwig,llambo_warmstart_counter_hypothesis_heteroaromatic_benign,27020,83.2944,82.471,16.7056,0,calibration,
real_buchwald_hartwig,llambo_warmstart_counter_hypothesis_heteroaromatic_benign_conservative,27020,83.2944,82.471,16.7056,0,calibration,
real_buchwald_hartwig,llambo_warmstart_counter_hypothesis_heteroaromatic_benign_noprior,27020,83.2944,82.471,16.7056,0,calibration,
real_buchwald_hartwig,llambo_warmstart_cross_skill_rule_bank,27020,96.1323,93.571,3.8677,0,calibration,
real_buchwald_hartwig,llambo_warmstart_domain_knowledge_electron_poor_halide,27020,87.9408,86.7834,12.0592,0,calibration,
real_buchwald_hartwig,llambo_warmstart_domain_knowledge_electron_poor_halide_conservative,27020,87.9408,86.7834,12.0592,0,calibration,
real_buchwald_hartwig,llambo_warmstart_domain_knowledge_electron_poor_halide_noprior,27020,87.9408,86.7834,12.0592,0,calibration,
real_buchwald_hartwig,llambo_warmstart_guanidine_base_high_mw_aryl_halide,27020,89.5988,86.9753,10.4012,0,calibration,
real_buchwald_hartwig,llambo_warmstart_guanidine_base_high_mw_aryl_halide_conservative,27020,89.5988,86.9753,10.4012,0,calibration,
real_buchwald_hartwig,llambo_warmstart_guanidine_base_high_mw_aryl_halide_noprior,27020,89.5988,86.9753,10.4012,0,calibration,
real_buchwald_hartwig,llambo_warmstart_high_mw_ligand_low_tpsa_base,27020,94.5498,94.5498,5.4502,0,calibration,
real_buchwald_hartwig,llambo_warmstart_high_mw_ligand_low_tpsa_base_conservative,27020,94.5498,94.5498,5.4502,0,calibration,
real_buchwald_hartwig,llambo_warmstart_high_mw_ligand_low_tpsa_base_noprior,27020,94.5498,94.5498,5.4502,0,calibration,
real_buchwald_hartwig,llambo_warmstart_phosphazene_base_heteroaromatic_halide,27020,92.256,85.8573,7.744,0,calibration,
real_buchwald_hartwig,llambo_warmstart_phosphazene_base_heteroaromatic_halide_conservative,27020,92.256,85.8573,7.744,0,calibration,
real_buchwald_hartwig,llambo_warmstart_phosphazene_base_heteroaromatic_halide_noprior,27020,92.256,85.8573,7.744,0,calibration,
real_buchwald_hartwig,llm_direct_prior_additive_tpsa_mid_base_tpsa_mid_synergy,27020,45.041,45.041,54.959,0,calibration,
real_buchwald_hartwig,llm_direct_prior_additive_tpsa_mid_base_tpsa_mid_synergy_conservative,27020,80.5886,73.4791,19.4114,0,calibration,
real_buchwald_hartwig,llm_direct_prior_additive_tpsa_mid_base_tpsa_mid_synergy_noprior,27020,45.041,45.041,54.959,0,calibration,
real_buchwald_hartwig,llm_direct_prior_amidine_base_simple_aryl_halide,27020,94.6911,60.2747,5.3089,0,calibration,
real_buchwald_hartwig,llm_direct_prior_amidine_base_simple_aryl_halide_conservative,27020,94.6911,72.4032,5.3089,0,calibration,
real_buchwald_hartwig,llm_direct_prior_amidine_base_simple_aryl_halide_noprior,27020,94.6911,60.2747,5.3089,0,calibration,
real_buchwald_hartwig,llm_direct_prior_conservative_low_semantic_mass,27020,93.7486,88.8701,6.2514,0,calibration,
real_buchwald_hartwig,llm_direct_prior_conservative_low_semantic_mass_conservative,27020,93.7486,88.8701,6.2514,0,calibration,
real_buchwald_hartwig,llm_direct_prior_conservative_low_semantic_mass_noprior,27020,93.7486,88.8701,6.2514,0,calibration,
real_buchwald_hartwig,llm_direct_prior_counter_hypothesis_heteroaromatic_benign,27020,93.0289,55.9682,6.9711,0,calibration,
real_buchwald_hartwig,llm_direct_prior_counter_hypothesis_heteroaromatic_benign_conservative,27020,93.4211,64.8442,6.5789,0,calibration,
real_buchwald_hartwig,llm_direct_prior_counter_hypothesis_heteroaromatic_benign_noprior,27020,93.0289,55.9682,6.9711,0,calibration,
real_buchwald_hartwig,llm_direct_prior_cross_skill_rule_bank,27020,98.2872,94.8809,1.7128,1,calibration,
real_buchwald_hartwig,llm_direct_prior_domain_knowledge_electron_poor_halide,27020,94.6911,93.8021,5.3089,0,calibration,
real_buchwald_hartwig,llm_direct_prior_domain_knowledge_electron_poor_halide_conservative,27020,93.0289,87.2587,6.9711,0,calibration,
real_buchwald_hartwig,llm_direct_prior_domain_knowledge_electron_poor_halide_noprior,27020,94.6911,93.8021,5.3089,0,calibration,
real_buchwald_hartwig,llm_direct_prior_guanidine_base_high_mw_aryl_halide,27020,86.0034,70.0387,13.9966,0,calibration,
real_buchwald_hartwig,llm_direct_prior_guanidine_base_high_mw_aryl_halide_conservative,27020,91.9334,81.1234,8.0666,0,calibration,
real_buchwald_hartwig,llm_direct_prior_guanidine_base_high_mw_aryl_halide_noprior,27020,86.0034,70.0387,13.9966,0,calibration,
real_buchwald_hartwig,llm_direct_prior_high_mw_ligand_low_tpsa_base,27020,92.3912,87.6562,7.6088,0,calibration,
real_buchwald_hartwig,llm_direct_prior_high_mw_ligand_low_tpsa_base_conservative,27020,95.6759,81.1202,4.3241,0,calibration,
real_buchwald_hartwig,llm_direct_prior_high_mw_ligand_low_tpsa_base_noprior,27020,92.3912,87.6562,7.6088,0,calibration,
real_buchwald_hartwig,llm_direct_prior_phosphazene_base_heteroaromatic_halide,27020,75.9543,73.861,24.0457,0,calibration,
real_buchwald_hartwig,llm_direct_prior_phosphazene_base_heteroaromatic_halide_conservative,27020,75.9543,73.861,24.0457,0,calibration,
real_buchwald_hartwig,llm_direct_prior_phosphazene_base_heteroaromatic_halide_noprior,27020,75.9543,73.861,24.0457,0,calibration,
real_buchwald_hartwig,llm_semantic_additive_tpsa_mid_base_tpsa_mid_synergy,27020,75.2856,64.1696,24.7144,0,calibration,
real_buchwald_hartwig,llm_semantic_additive_tpsa_mid_base_tpsa_mid_synergy_conservative,27020,90.9905,58.8701,9.0095,0,calibration,
real_buchwald_hartwig,llm_semantic_additive_tpsa_mid_base_tpsa_mid_synergy_noprior,27020,80.1023,69.0983,19.8977,0,calibration,
real_buchwald_hartwig,llm_semantic_amidine_base_simple_aryl_halide,27020,98.2872,90.8675,1.7128,1,calibration,
real_buchwald_hartwig,llm_semantic_amidine_base_simple_aryl_halide_conservative,27020,93.0289,89.2901,6.9711,0,calibration,
real_buchwald_hartwig,llm_semantic_amidine_base_simple_aryl_halide_noprior,27020,98.2872,91.6853,1.7128,1,calibration,
real_buchwald_hartwig,llm_semantic_conservative_low_semantic_mass,27020,98.2872,85.7279,1.7128,1,calibration,
real_buchwald_hartwig,llm_semantic_conservative_low_semantic_mass_conservative,27020,98.2872,85.7279,1.7128,1,calibration,
real_buchwald_hartwig,llm_semantic_conservative_low_semantic_mass_noprior,27020,98.2872,85.7279,1.7128,1,calibration,
real_buchwald_hartwig,llm_semantic_counter_hypothesis_heteroaromatic_benign,27020,98.2872,89.5966,1.7128,1,calibration,
real_buchwald_hartwig,llm_semantic_counter_hypothesis_heteroaromatic_benign_conservative,27020,93.0289,88.3553,6.9711,0,calibration,
real_buchwald_hartwig,llm_semantic_counter_hypothesis_heteroaromatic_benign_noprior,27020,98.2872,88.8812,1.7128,1,calibration,
real_buchwald_hartwig,llm_semantic_cross_skill_rule_bank,27020,91.0563,69.4184,8.9437,0,calibration,
real_buchwald_hartwig,llm_semantic_domain_knowledge_electron_poor_halide,27020,83.0165,59.4149,16.9835,0,calibration,
real_buchwald_hartwig,llm_semantic_domain_knowledge_electron_poor_halide_conservative,27020,100.0,86.3899,0.0,1,calibration,
real_buchwald_hartwig,llm_semantic_domain_knowledge_electron_poor_halide_noprior,27020,86.1982,81.4072,13.8018,0,calibration,
real_buchwald_hartwig,llm_semantic_guanidine_base_high_mw_aryl_halide,27020,86.2198,75.2867,13.7802,0,calibration,
real_buchwald_hartwig,llm_semantic_guanidine_base_high_mw_aryl_halide_conservative,27020,100.0,82.076,0.0,1,calibration,
real_buchwald_hartwig,llm_semantic_guanidine_base_high_mw_aryl_halide_noprior,27020,83.7372,70.2363,16.2628,0,calibration,
real_buchwald_hartwig,llm_semantic_high_mw_ligand_low_tpsa_base,27020,75.2094,70.0555,24.7906,0,calibration,
real_buchwald_hartwig,llm_semantic_high_mw_ligand_low_tpsa_base_conservative,27020,98.2872,67.7229,1.7128,1,calibration,
real_buchwald_hartwig,llm_semantic_high_mw_ligand_low_tpsa_base_noprior,27020,93.0289,72.5542,6.9711,0,calibration,
real_buchwald_hartwig,llm_semantic_phosphazene_base_heteroaromatic_halide,27020,93.0289,93.0289,6.9711,0,calibration,
real_buchwald_hartwig,llm_semantic_phosphazene_base_heteroaromatic_halide_conservative,27020,93.0289,93.0289,6.9711,0,calibration,
real_buchwald_hartwig,llm_semantic_phosphazene_base_heteroaromatic_halide_noprior,27020,93.0289,93.0289,6.9711,0,calibration,
real_buchwald_hartwig,mixed_kernel_gp_ei,27020,94.6911,80.1129,5.3089,0,calibration,
real_buchwald_hartwig,target_acquisition_portfolio,27020,94.6911,79.9859,5.3089,0,calibration,
real_buchwald_hartwig,gp_ucb,27021,94.1517,72.2209,5.8483,0,calibration,
real_buchwald_hartwig,llambo_warmstart_additive_tpsa_mid_base_tpsa_mid_synergy,27021,71.3241,59.7031,28.6759,0,calibration,
real_buchwald_hartwig,llambo_warmstart_additive_tpsa_mid_base_tpsa_mid_synergy_conservative,27021,71.3241,59.7031,28.6759,0,calibration,
real_buchwald_hartwig,llambo_warmstart_additive_tpsa_mid_base_tpsa_mid_synergy_noprior,27021,71.3241,59.7031,28.6759,0,calibration,
real_buchwald_hartwig,llambo_warmstart_amidine_base_simple_aryl_halide,27021,90.3173,84.1039,9.6827,0,calibration,
real_buchwald_hartwig,llambo_warmstart_amidine_base_simple_aryl_halide_conservative,27021,90.3173,84.1039,9.6827,0,calibration,
real_buchwald_hartwig,llambo_warmstart_amidine_base_simple_aryl_halide_noprior,27021,90.3173,84.1039,9.6827,0,calibration,
real_buchwald_hartwig,llambo_warmstart_conservative_low_semantic_mass,27021,89.4195,88.0962,10.5805,0,calibration,
real_buchwald_hartwig,llambo_warmstart_conservative_low_semantic_mass_conservative,27021,89.4195,88.0962,10.5805,0,calibration,
real_buchwald_hartwig,llambo_warmstart_conservative_low_semantic_mass_noprior,27021,89.4195,88.0962,10.5805,0,calibration,
real_buchwald_hartwig,llambo_warmstart_counter_hypothesis_heteroaromatic_benign,27021,93.8745,88.1017,6.1255,0,calibration,
real_buchwald_hartwig,llambo_warmstart_counter_hypothesis_heteroaromatic_benign_conservative,27021,93.8745,88.1017,6.1255,0,calibration,
real_buchwald_hartwig,llambo_warmstart_counter_hypothesis_heteroaromatic_benign_noprior,27021,93.8745,88.1017,6.1255,0,calibration,
real_buchwald_hartwig,llambo_warmstart_cross_skill_rule_bank,27021,84.7017,84.072,15.2983,0,calibration,
real_buchwald_hartwig,llambo_warmstart_domain_knowledge_electron_poor_halide,27021,85.4018,85.0955,14.5982,0,calibration,
real_buchwald_hartwig,llambo_warmstart_domain_knowledge_electron_poor_halide_conservative,27021,85.4018,85.0955,14.5982,0,calibration,
real_buchwald_hartwig,llambo_warmstart_domain_knowledge_electron_poor_halide_noprior,27021,85.4018,85.0955,14.5982,0,calibration,
real_buchwald_hartwig,llambo_warmstart_guanidine_base_high_mw_aryl_halide,27021,100.0,85.6808,0.0,1,calibration,
real_buchwald_hartwig,llambo_warmstart_guanidine_base_high_mw_aryl_halide_conservative,27021,100.0,85.6808,0.0,1,calibration,
real_buchwald_hartwig,llambo_warmstart_guanidine_base_high_mw_aryl_halide_noprior,27021,100.0,85.6808,0.0,1,calibration,
real_buchwald_hartwig,llambo_warmstart_high_mw_ligand_low_tpsa_base,27021,94.6911,90.1905,5.3089,0,calibration,
real_buchwald_hartwig,llambo_warmstart_high_mw_ligand_low_tpsa_base_conservative,27021,94.6911,90.1905,5.3089,0,calibration,
real_buchwald_hartwig,llambo_warmstart_high_mw_ligand_low_tpsa_base_noprior,27021,94.6911,90.1905,5.3089,0,calibration,
real_buchwald_hartwig,llambo_warmstart_phosphazene_base_heteroaromatic_halide,27021,97.948,90.6951,2.052,1,calibration,
real_buchwald_hartwig,llambo_warmstart_phosphazene_base_heteroaromatic_halide_conservative,27021,97.948,90.6951,2.052,1,calibration,
real_buchwald_hartwig,llambo_warmstart_phosphazene_base_heteroaromatic_halide_noprior,27021,97.948,90.6951,2.052,1,calibration,
real_buchwald_hartwig,llm_direct_prior_additive_tpsa_mid_base_tpsa_mid_synergy,27021,68.7407,53.3223,31.2593,0,calibration,
real_buchwald_hartwig,llm_direct_prior_additive_tpsa_mid_base_tpsa_mid_synergy_conservative,27021,75.9543,71.318,24.0457,0,calibration,
real_buchwald_hartwig,llm_direct_prior_additive_tpsa_mid_base_tpsa_mid_synergy_noprior,27021,68.7407,53.3223,31.2593,0,calibration,
real_buchwald_hartwig,llm_direct_prior_amidine_base_simple_aryl_halide,27021,79.8724,72.4044,20.1276,0,calibration,
real_buchwald_hartwig,llm_direct_prior_amidine_base_simple_aryl_halide_conservative,27021,81.5694,70.4155,18.4306,0,calibration,
real_buchwald_hartwig,llm_direct_prior_amidine_base_simple_aryl_halide_noprior,27021,79.8724,72.4044,20.1276,0,calibration,
real_buchwald_hartwig,llm_direct_prior_conservative_low_semantic_mass,27021,98.7313,66.8419,1.2687,1,calibration,
real_buchwald_hartwig,llm_direct_prior_conservative_low_semantic_mass_conservative,27021,98.7313,66.8419,1.2687,1,calibration,
real_buchwald_hartwig,llm_direct_prior_conservative_low_semantic_mass_noprior,27021,98.7313,66.8419,1.2687,1,calibration,
real_buchwald_hartwig,llm_direct_prior_counter_hypothesis_heteroaromatic_benign,27021,68.2481,60.7359,31.7519,0,calibration,
real_buchwald_hartwig,llm_direct_prior_counter_hypothesis_heteroaromatic_benign_conservative,27021,79.8724,70.834,20.1276,0,calibration,
real_buchwald_hartwig,llm_direct_prior_counter_hypothesis_heteroaromatic_benign_noprior,27021,68.2481,60.7359,31.7519,0,calibration,
real_buchwald_hartwig,llm_direct_prior_cross_skill_rule_bank,27021,97.5685,85.043,2.4315,1,calibration,
real_buchwald_hartwig,llm_direct_prior_domain_knowledge_electron_poor_halide,27021,93.4211,85.1462,6.5789,0,calibration,
real_buchwald_hartwig,llm_direct_prior_domain_knowledge_electron_poor_halide_conservative,27021,93.4211,85.1462,6.5789,0,calibration,
real_buchwald_hartwig,llm_direct_prior_domain_knowledge_electron_poor_halide_noprior,27021,93.4211,85.1462,6.5789,0,calibration,
real_buchwald_hartwig,llm_direct_prior_guanidine_base_high_mw_aryl_halide,27021,86.9711,72.41,13.0289,0,calibration,
real_buchwald_hartwig,llm_direct_prior_guanidine_base_high_mw_aryl_halide_conservative,27021,90.2279,79.8984,9.7721,0,calibration,
real_buchwald_hartwig,llm_direct_prior_guanidine_base_high_mw_aryl_halide_noprior,27021,86.9711,72.41,13.0289,0,calibration,
real_buchwald_hartwig,llm_direct_prior_high_mw_ligand_low_tpsa_base,27021,95.6759,79.764,4.3241,0,calibration,
real_buchwald_hartwig,llm_direct_prior_high_mw_ligand_low_tpsa_base_conservative,27021,93.1012,53.8311,6.8988,0,calibration,
real_buchwald_hartwig,llm_direct_prior_high_mw_ligand_low_tpsa_base_noprior,27021,95.6759,79.764,4.3241,0,calibration,
real_buchwald_hartwig,llm_direct_prior_phosphazene_base_heteroaromatic_halide,27021,74.0474,70.3506,25.9526,0,calibration,
real_buchwald_hartwig,llm_direct_prior_phosphazene_base_heteroaromatic_halide_conservative,27021,74.0474,72.4344,25.9526,0,calibration,
real_buchwald_hartwig,llm_direct_prior_phosphazene_base_heteroaromatic_halide_noprior,27021,74.0474,70.3506,25.9526,0,calibration,
real_buchwald_hartwig,llm_semantic_additive_tpsa_mid_base_tpsa_mid_synergy,27021,66.433,61.3434,33.567,0,calibration,
real_buchwald_hartwig,llm_semantic_additive_tpsa_mid_base_tpsa_mid_synergy_conservative,27021,78.7679,64.0072,21.2321,0,calibration,
real_buchwald_hartwig,llm_semantic_additive_tpsa_mid_base_tpsa_mid_synergy_noprior,27021,85.2207,63.2741,14.7793,0,calibration,
real_buchwald_hartwig,llm_semantic_amidine_base_simple_aryl_halide,27021,98.2872,84.9815,1.7128,1,calibration,
real_buchwald_hartwig,llm_semantic_amidine_base_simple_aryl_halide_conservative,27021,98.2872,77.8171,1.7128,1,calibration,
real_buchwald_hartwig,llm_semantic_amidine_base_simple_aryl_halide_noprior,27021,98.2872,84.1334,1.7128,1,calibration,
real_buchwald_hartwig,llm_semantic_conservative_low_semantic_mass,27021,67.8143,59.487,32.1857,0,calibration,
real_buchwald_hartwig,llm_semantic_conservative_low_semantic_mass_conservative,27021,92.9567,64.5314,7.0433,0,calibration,
real_buchwald_hartwig,llm_semantic_conservative_low_semantic_mass_noprior,27021,92.9567,64.5314,7.0433,0,calibration,
real_buchwald_hartwig,llm_semantic_counter_hypothesis_heteroaromatic_benign,27021,98.2872,79.7199,1.7128,1,calibration,
real_buchwald_hartwig,llm_semantic_counter_hypothesis_heteroaromatic_benign_conservative,27021,94.6911,76.6446,5.3089,0,calibration,
real_buchwald_hartwig,llm_semantic_counter_hypothesis_heteroaromatic_benign_noprior,27021,81.6307,76.461,18.3693,0,calibration,
real_buchwald_hartwig,llm_semantic_cross_skill_rule_bank,27021,88.4464,74.8115,11.5536,0,calibration,
real_buchwald_hartwig,llm_semantic_domain_knowledge_electron_poor_halide,27021,83.0165,63.0521,16.9835,0,calibration,
real_buchwald_hartwig,llm_semantic_domain_knowledge_electron_poor_halide_conservative,27021,93.0289,76.087,6.9711,0,calibration,
real_buchwald_hartwig,llm_semantic_domain_knowledge_electron_poor_halide_noprior,27021,86.1982,56.8138,13.8018,0,calibration,
real_buchwald_hartwig,llm_semantic_guanidine_base_high_mw_aryl_halide,27021,100.0,70.147,0.0,1,calibration,
real_buchwald_hartwig,llm_semantic_guanidine_base_high_mw_aryl_halide_conservative,27021,84.8561,64.9789,15.1439,0,calibration,
real_buchwald_hartwig,llm_semantic_guanidine_base_high_mw_aryl_halide_noprior,27021,76.7953,64.9295,23.2047,0,calibration,
real_buchwald_hartwig,llm_semantic_high_mw_ligand_low_tpsa_base,27021,86.7621,63.6957,13.2379,0,calibration,
real_buchwald_hartwig,llm_semantic_high_mw_ligand_low_tpsa_base_conservative,27021,72.3722,68.8364,27.6278,0,calibration,
real_buchwald_hartwig,llm_semantic_high_mw_ligand_low_tpsa_base_noprior,27021,85.1402,54.578,14.8598,0,calibration,
real_buchwald_hartwig,llm_semantic_phosphazene_base_heteroaromatic_halide,27021,72.9419,65.8996,27.0581,0,calibration,
real_buchwald_hartwig,llm_semantic_phosphazene_base_heteroaromatic_halide_conservative,27021,83.0165,72.1752,16.9835,0,calibration,
real_buchwald_hartwig,llm_semantic_phosphazene_base_heteroaromatic_halide_noprior,27021,80.6006,67.4314,19.3994,0,calibration,
real_buchwald_hartwig,mixed_kernel_gp_ei,27021,94.1517,72.2209,5.8483,0,calibration,
real_buchwald_hartwig,target_acquisition_portfolio,27021,94.1517,72.2209,5.8483,0,calibration,
real_buchwald_hartwig,gp_ucb,27022,83.8384,73.8083,16.1616,0,calibration,
real_buchwald_hartwig,llambo_warmstart_additive_tpsa_mid_base_tpsa_mid_synergy,27022,93.8745,78.8534,6.1255,0,calibration,
real_buchwald_hartwig,llambo_warmstart_additive_tpsa_mid_base_tpsa_mid_synergy_conservative,27022,93.8745,78.8534,6.1255,0,calibration,
real_buchwald_hartwig,llambo_warmstart_additive_tpsa_mid_base_tpsa_mid_synergy_noprior,27022,93.8745,78.8534,6.1255,0,calibration,
real_buchwald_hartwig,llambo_warmstart_amidine_base_simple_aryl_halide,27022,98.8492,79.4142,1.1508,1,calibration,
real_buchwald_hartwig,llambo_warmstart_amidine_base_simple_aryl_halide_conservative,27022,98.8492,79.4142,1.1508,1,calibration,
real_buchwald_hartwig,llambo_warmstart_amidine_base_simple_aryl_halide_noprior,27022,98.8492,79.4142,1.1508,1,calibration,
real_buchwald_hartwig,llambo_warmstart_conservative_low_semantic_mass,27022,93.7486,93.7486,6.2514,0,calibration,
real_buchwald_hartwig,llambo_warmstart_conservative_low_semantic_mass_conservative,27022,93.7486,93.7486,6.2514,0,calibration,
real_buchwald_hartwig,llambo_warmstart_conservative_low_semantic_mass_noprior,27022,93.7486,93.7486,6.2514,0,calibration,
real_buchwald_hartwig,llambo_warmstart_counter_hypothesis_heteroaromatic_benign,27022,86.7926,49.1962,13.2074,0,calibration,
real_buchwald_hartwig,llambo_warmstart_counter_hypothesis_heteroaromatic_benign_conservative,27022,86.7926,49.1962,13.2074,0,calibration,
real_buchwald_hartwig,llambo_warmstart_counter_hypothesis_heteroaromatic_benign_noprior,27022,86.7926,49.1962,13.2074,0,calibration,
real_buchwald_hartwig,llambo_warmstart_cross_skill_rule_bank,27022,75.8998,75.8998,24.1002,0,calibration,
real_buchwald_hartwig,llambo_warmstart_domain_knowledge_electron_poor_halide,27022,93.7486,93.7486,6.2514,0,calibration,
real_buchwald_hartwig,llambo_warmstart_domain_knowledge_electron_poor_halide_conservative,27022,93.7486,93.7486,6.2514,0,calibration,
real_buchwald_hartwig,llambo_warmstart_domain_knowledge_electron_poor_halide_noprior,27022,93.7486,93.7486,6.2514,0,calibration,
real_buchwald_hartwig,llambo_warmstart_guanidine_base_high_mw_aryl_halide,27022,55.1638,41.0464,44.8362,0,calibration,
real_buchwald_hartwig,llambo_warmstart_guanidine_base_high_mw_aryl_halide_conservative,27022,55.1638,41.0464,44.8362,0,calibration,
real_buchwald_hartwig,llambo_warmstart_guanidine_base_high_mw_aryl_halide_noprior,27022,55.1638,41.0464,44.8362,0,calibration,
real_buchwald_hartwig,llambo_warmstart_high_mw_ligand_low_tpsa_base,27022,99.6191,94.9639,0.3809,1,calibration,
real_buchwald_hartwig,llambo_warmstart_high_mw_ligand_low_tpsa_base_conservative,27022,99.6191,94.9639,0.3809,1,calibration,
real_buchwald_hartwig,llambo_warmstart_high_mw_ligand_low_tpsa_base_noprior,27022,99.6191,94.9639,0.3809,1,calibration,
real_buchwald_hartwig,llambo_warmstart_phosphazene_base_heteroaromatic_halide,27022,90.2279,75.8547,9.7721,0,calibration,
real_buchwald_hartwig,llambo_warmstart_phosphazene_base_heteroaromatic_halide_conservative,27022,90.2279,75.8547,9.7721,0,calibration,
real_buchwald_hartwig,llambo_warmstart_phosphazene_base_heteroaromatic_halide_noprior,27022,90.2279,75.8547,9.7721,0,calibration,
real_buchwald_hartwig,llm_direct_prior_additive_tpsa_mid_base_tpsa_mid_synergy,27022,74.0474,64.5904,25.9526,0,calibration,
real_buchwald_hartwig,llm_direct_prior_additive_tpsa_mid_base_tpsa_mid_synergy_conservative,27022,78.3625,66.9067,21.6375,0,calibration,
real_buchwald_hartwig,llm_direct_prior_additive_tpsa_mid_base_tpsa_mid_synergy_noprior,27022,74.0474,64.5904,25.9526,0,calibration,
real_buchwald_hartwig,llm_direct_prior_amidine_base_simple_aryl_halide,27022,94.6911,85.3462,5.3089,0,calibration,
real_buchwald_hartwig,llm_direct_prior_amidine_base_simple_aryl_halide_conservative,27022,94.6911,87.5503,5.3089,0,calibration,
real_buchwald_hartwig,llm_direct_prior_amidine_base_simple_aryl_halide_noprior,27022,94.6911,85.3462,5.3089,0,calibration,
real_buchwald_hartwig,llm_direct_prior_conservative_low_semantic_mass,27022,95.129,80.6026,4.871,0,calibration,
real_buchwald_hartwig,llm_direct_prior_conservative_low_semantic_mass_conservative,27022,95.129,80.6026,4.871,0,calibration,
real_buchwald_hartwig,llm_direct_prior_conservative_low_semantic_mass_noprior,27022,95.129,80.6026,4.871,0,calibration,
real_buchwald_hartwig,llm_direct_prior_counter_hypothesis_heteroaromatic_benign,27022,50.4048,50.4048,49.5952,0,calibration,
real_buchwald_hartwig,llm_direct_prior_counter_hypothesis_heteroaromatic_benign_conservative,27022,84.4042,70.8044,15.5958,0,calibration,
real_buchwald_hartwig,llm_direct_prior_counter_hypothesis_heteroaromatic_benign_noprior,27022,50.4048,50.4048,49.5952,0,calibration,
real_buchwald_hartwig,llm_direct_prior_cross_skill_rule_bank,27022,84.4042,75.5517,15.5958,0,calibration,
real_buchwald_hartwig,llm_direct_prior_domain_knowledge_electron_poor_halide,27022,93.4211,88.343,6.5789,0,calibration,
real_buchwald_hartwig,llm_direct_prior_domain_knowledge_electron_poor_halide_conservative,27022,93.4211,81.7129,6.5789,0,calibration,
real_buchwald_hartwig,llm_direct_prior_domain_knowledge_electron_poor_halide_noprior,27022,93.4211,88.343,6.5789,0,calibration,
real_buchwald_hartwig,llm_direct_prior_guanidine_base_high_mw_aryl_halide,27022,82.1374,68.1827,17.8626,0,calibration,
real_buchwald_hartwig,llm_direct_prior_guanidine_base_high_mw_aryl_halide_conservative,27022,65.0778,65.0778,34.9222,0,calibration,
real_buchwald_hartwig,llm_direct_prior_guanidine_base_high_mw_aryl_halide_noprior,27022,82.1374,68.1827,17.8626,0,calibration,
real_buchwald_hartwig,llm_direct_prior_high_mw_ligand_low_tpsa_base,27022,92.127,85.2657,7.873,0,calibration,
real_buchwald_hartwig,llm_direct_prior_high_mw_ligand_low_tpsa_base_conservative,27022,92.9567,83.7806,7.0433,0,calibration,
real_buchwald_hartwig,llm_direct_prior_high_mw_ligand_low_tpsa_base_noprior,27022,92.127,85.2657,7.873,0,calibration,
real_buchwald_hartwig,llm_direct_prior_phosphazene_base_heteroaromatic_halide,27022,79.6552,73.8051,20.3448,0,calibration,
real_buchwald_hartwig,llm_direct_prior_phosphazene_base_heteroaromatic_halide_conservative,27022,79.6552,73.6024,20.3448,0,calibration,
real_buchwald_hartwig,llm_direct_prior_phosphazene_base_heteroaromatic_halide_noprior,27022,79.6552,73.8051,20.3448,0,calibration,
real_buchwald_hartwig,llm_semantic_additive_tpsa_mid_base_tpsa_mid_synergy,27022,74.0474,56.7089,25.9526,0,calibration,
real_buchwald_hartwig,llm_semantic_additive_tpsa_mid_base_tpsa_mid_synergy_conservative,27022,87.2375,79.871,12.7625,0,calibration,
real_buchwald_hartwig,llm_semantic_additive_tpsa_mid_base_tpsa_mid_synergy_noprior,27022,68.1076,66.6453,31.8924,0,calibration,
real_buchwald_hartwig,llm_semantic_amidine_base_simple_aryl_halide,27022,87.2375,83.5542,12.7625,0,calibration,
real_buchwald_hartwig,llm_semantic_amidine_base_simple_aryl_halide_conservative,27022,83.0165,69.1759,16.9835,0,calibration,
real_buchwald_hartwig,llm_semantic_amidine_base_simple_aryl_halide_noprior,27022,92.127,73.1017,7.873,0,calibration,
real_buchwald_hartwig,llm_semantic_conservative_low_semantic_mass,27022,90.7313,66.0688,9.2687,0,calibration,
real_buchwald_hartwig,llm_semantic_conservative_low_semantic_mass_conservative,27022,86.7621,77.7364,13.2379,0,calibration,
real_buchwald_hartwig,llm_semantic_conservative_low_semantic_mass_noprior,27022,86.7621,77.7364,13.2379,0,calibration,
real_buchwald_hartwig,llm_semantic_counter_hypothesis_heteroaromatic_benign,27022,83.0165,71.4588,16.9835,0,calibration,
real_buchwald_hartwig,llm_semantic_counter_hypothesis_heteroaromatic_benign_conservative,27022,83.0165,71.2746,16.9835,0,calibration,
real_buchwald_hartwig,llm_semantic_counter_hypothesis_heteroaromatic_benign_noprior,27022,87.2375,80.1878,12.7625,0,calibration,
real_buchwald_hartwig,llm_semantic_cross_skill_rule_bank,27022,79.3465,69.0065,20.6535,0,calibration,
real_buchwald_hartwig,llm_semantic_domain_knowledge_electron_poor_halide,27022,86.7926,80.6997,13.2074,0,calibration,
real_buchwald_hartwig,llm_semantic_domain_knowledge_electron_poor_halide_conservative,27022,83.3133,67.0373,16.6867,0,calibration,
real_buchwald_hartwig,llm_semantic_domain_knowledge_electron_poor_halide_noprior,27022,86.7926,80.6997,13.2074,0,calibration,
real_buchwald_hartwig,llm_semantic_guanidine_base_high_mw_aryl_halide,27022,83.3133,70.2423,16.6867,0,calibration,
real_buchwald_hartwig,llm_semantic_guanidine_base_high_mw_aryl_halide_conservative,27022,86.9711,71.618,13.0289,0,calibration,
real_buchwald_hartwig,llm_semantic_guanidine_base_high_mw_aryl_halide_noprior,27022,75.2856,70.3094,24.7144,0,calibration,
real_buchwald_hartwig,llm_semantic_high_mw_ligand_low_tpsa_base,27022,86.7621,77.854,13.2379,0,calibration,
real_buchwald_hartwig,llm_semantic_high_mw_ligand_low_tpsa_base_conservative,27022,82.1374,68.7803,17.8626,0,calibration,
real_buchwald_hartwig,llm_semantic_high_mw_ligand_low_tpsa_base_noprior,27022,84.5566,66.632,15.4434,0,calibration,
real_buchwald_hartwig,llm_semantic_phosphazene_base_heteroaromatic_halide,27022,83.385,76.7507,16.615,0,calibration,
real_buchwald_hartwig,llm_semantic_phosphazene_base_heteroaromatic_halide_conservative,27022,68.6732,67.5297,31.3268,0,calibration,
real_buchwald_hartwig,llm_semantic_phosphazene_base_heteroaromatic_halide_noprior,27022,83.3133,75.223,16.6867,0,calibration,
real_buchwald_hartwig,mixed_kernel_gp_ei,27022,83.8384,73.8083,16.1616,0,calibration,
real_buchwald_hartwig,target_acquisition_portfolio,27022,83.8384,73.8083,16.1616,0,calibration,
real_buchwald_hartwig,gp_ucb,27023,94.5498,82.5653,5.4502,0,calibration,
real_buchwald_hartwig,llambo_warmstart_additive_tpsa_mid_base_tpsa_mid_synergy,27023,90.9905,81.5045,9.0095,0,calibration,
real_buchwald_hartwig,llambo_warmstart_additive_tpsa_mid_base_tpsa_mid_synergy_conservative,27023,90.9905,81.5045,9.0095,0,calibration,
real_buchwald_hartwig,llambo_warmstart_additive_tpsa_mid_base_tpsa_mid_synergy_noprior,27023,90.9905,81.5045,9.0095,0,calibration,
real_buchwald_hartwig,llambo_warmstart_amidine_base_simple_aryl_halide,27023,87.9408,81.7009,12.0592,0,calibration,
real_buchwald_hartwig,llambo_warmstart_amidine_base_simple_aryl_halide_conservative,27023,87.9408,81.7009,12.0592,0,calibration,
real_buchwald_hartwig,llambo_warmstart_amidine_base_simple_aryl_halide_noprior,27023,87.9408,81.7009,12.0592,0,calibration,
real_buchwald_hartwig,llambo_warmstart_conservative_low_semantic_mass,27023,52.5506,52.5506,47.4494,0,calibration,
real_buchwald_hartwig,llambo_warmstart_conservative_low_semantic_mass_conservative,27023,52.5506,52.5506,47.4494,0,calibration,
real_buchwald_hartwig,llambo_warmstart_conservative_low_semantic_mass_noprior,27023,52.5506,52.5506,47.4494,0,calibration,
real_buchwald_hartwig,llambo_warmstart_counter_hypothesis_heteroaromatic_benign,27023,93.4211,60.6082,6.5789,0,calibration,
real_buchwald_hartwig,llambo_warmstart_counter_hypothesis_heteroaromatic_benign_conservative,27023,93.4211,60.6082,6.5789,0,calibration,
real_buchwald_hartwig,llambo_warmstart_counter_hypothesis_heteroaromatic_benign_noprior,27023,93.4211,60.6082,6.5789,0,calibration,
real_buchwald_hartwig,llambo_warmstart_cross_skill_rule_bank,27023,98.8492,92.8573,1.1508,1,calibration,
real_buchwald_hartwig,llambo_warmstart_domain_knowledge_electron_poor_halide,27023,94.3462,89.2498,5.6538,0,calibration,
real_buchwald_hartwig,llambo_warmstart_domain_knowledge_electron_poor_halide_conservative,27023,94.3462,89.2498,5.6538,0,calibration,
real_buchwald_hartwig,llambo_warmstart_domain_knowledge_electron_poor_halide_noprior,27023,94.3462,89.2498,5.6538,0,calibration,
real_buchwald_hartwig,llambo_warmstart_guanidine_base_high_mw_aryl_halide,27023,100.0,91.9565,0.0,1,calibration,
real_buchwald_hartwig,llambo_warmstart_guanidine_base_high_mw_aryl_halide_conservative,27023,100.0,91.9565,0.0,1,calibration,
real_buchwald_hartwig,llambo_warmstart_guanidine_base_high_mw_aryl_halide_noprior,27023,100.0,91.9565,0.0,1,calibration,
real_buchwald_hartwig,llambo_warmstart_high_mw_ligand_low_tpsa_base,27023,96.1323,89.6409,3.8677,0,calibration,
real_buchwald_hartwig,llambo_warmstart_high_mw_ligand_low_tpsa_base_conservative,27023,96.1323,89.6409,3.8677,0,calibration,
real_buchwald_hartwig,llambo_warmstart_high_mw_ligand_low_tpsa_base_noprior,27023,96.1323,89.6409,3.8677,0,calibration,
real_buchwald_hartwig,llambo_warmstart_phosphazene_base_heteroaromatic_halide,27023,86.4129,83.2728,13.5871,0,calibration,
real_buchwald_hartwig,llambo_warmstart_phosphazene_base_heteroaromatic_halide_conservative,27023,86.4129,83.2728,13.5871,0,calibration,
real_buchwald_hartwig,llambo_warmstart_phosphazene_base_heteroaromatic_halide_noprior,27023,86.4129,83.2728,13.5871,0,calibration,
real_buchwald_hartwig,llm_direct_prior_additive_tpsa_mid_base_tpsa_mid_synergy,27023,74.0474,71.91,25.9526,0,calibration,
real_buchwald_hartwig,llm_direct_prior_additive_tpsa_mid_base_tpsa_mid_synergy_conservative,27023,76.7953,62.4609,23.2047,0,calibration,
real_buchwald_hartwig,llm_direct_prior_additive_tpsa_mid_base_tpsa_mid_synergy_noprior,27023,74.0474,71.91,25.9526,0,calibration,
real_buchwald_hartwig,llm_direct_prior_amidine_base_simple_aryl_halide,27023,93.0289,76.4458,6.9711,0,calibration,
real_buchwald_hartwig,llm_direct_prior_amidine_base_simple_aryl_halide_conservative,27023,93.0289,73.3605,6.9711,0,calibration,
real_buchwald_hartwig,llm_direct_prior_amidine_base_simple_aryl_halide_noprior,27023,93.0289,76.4458,6.9711,0,calibration,
real_buchwald_hartwig,llm_direct_prior_conservative_low_semantic_mass,27023,52.673,52.673,47.327,0,calibration,
real_buchwald_hartwig,llm_direct_prior_conservative_low_semantic_mass_conservative,27023,52.673,52.673,47.327,0,calibration,
real_buchwald_hartwig,llm_direct_prior_conservative_low_semantic_mass_noprior,27023,52.673,52.673,47.327,0,calibration,
real_buchwald_hartwig,llm_direct_prior_counter_hypothesis_heteroaromatic_benign,27023,93.0289,68.6608,6.9711,0,calibration,
real_buchwald_hartwig,llm_direct_prior_counter_hypothesis_heteroaromatic_benign_conservative,27023,93.0289,61.3003,6.9711,0,calibration,
real_buchwald_hartwig,llm_direct_prior_counter_hypothesis_heteroaromatic_benign_noprior,27023,93.0289,68.6608,6.9711,0,calibration,
real_buchwald_hartwig,llm_direct_prior_cross_skill_rule_bank,27023,94.6911,87.1324,5.3089,0,calibration,
real_buchwald_hartwig,llm_direct_prior_domain_knowledge_electron_poor_halide,27023,93.4211,80.679,6.5789,0,calibration,
real_buchwald_hartwig,llm_direct_prior_domain_knowledge_electron_poor_halide_conservative,27023,92.127,73.8679,7.873,0,calibration,
real_buchwald_hartwig,llm_direct_prior_domain_knowledge_electron_poor_halide_noprior,27023,93.4211,80.679,6.5789,0,calibration,
real_buchwald_hartwig,llm_direct_prior_guanidine_base_high_mw_aryl_halide,27023,90.7313,83.9763,9.2687,0,calibration,
real_buchwald_hartwig,llm_direct_prior_guanidine_base_high_mw_aryl_halide_conservative,27023,86.0034,76.0043,13.9966,0,calibration,
real_buchwald_hartwig,llm_direct_prior_guanidine_base_high_mw_aryl_halide_noprior,27023,90.7313,83.9763,9.2687,0,calibration,
real_buchwald_hartwig,llm_direct_prior_high_mw_ligand_low_tpsa_base,27023,92.127,88.1816,7.873,0,calibration,
real_buchwald_hartwig,llm_direct_prior_high_mw_ligand_low_tpsa_base_conservative,27023,92.3912,84.4476,7.6088,0,calibration,
real_buchwald_hartwig,llm_direct_prior_high_mw_ligand_low_tpsa_base_noprior,27023,92.127,88.1816,7.873,0,calibration,
real_buchwald_hartwig,llm_direct_prior_phosphazene_base_heteroaromatic_halide,27023,79.6552,72.4925,20.3448,0,calibration,
real_buchwald_hartwig,llm_direct_prior_phosphazene_base_heteroaromatic_halide_conservative,27023,78.3625,72.3698,21.6375,0,calibration,
real_buchwald_hartwig,llm_direct_prior_phosphazene_base_heteroaromatic_halide_noprior,27023,79.6552,72.4925,20.3448,0,calibration,
real_buchwald_hartwig,llm_semantic_additive_tpsa_mid_base_tpsa_mid_synergy,27023,65.7347,59.2039,34.2653,0,calibration,
real_buchwald_hartwig,llm_semantic_additive_tpsa_mid_base_tpsa_mid_synergy_conservative,27023,75.2094,61.6876,24.7906,0,calibration,
real_buchwald_hartwig,llm_semantic_additive_tpsa_mid_base_tpsa_mid_synergy_noprior,27023,73.2464,58.1839,26.7536,0,calibration,
real_buchwald_hartwig,llm_semantic_amidine_base_simple_aryl_halide,27023,98.2872,77.8609,1.7128,1,calibration,
real_buchwald_hartwig,llm_semantic_amidine_base_simple_aryl_halide_conservative,27023,98.2872,77.2578,1.7128,1,calibration,
real_buchwald_hartwig,llm_semantic_amidine_base_simple_aryl_halide_noprior,27023,98.2872,77.2578,1.7128,1,calibration,
real_buchwald_hartwig,llm_semantic_conservative_low_semantic_mass,27023,94.5498,75.0579,5.4502,0,calibration,
real_buchwald_hartwig,llm_semantic_conservative_low_semantic_mass_conservative,27023,94.5498,86.1744,5.4502,0,calibration,
real_buchwald_hartwig,llm_semantic_conservative_low_semantic_mass_noprior,27023,94.5498,86.1744,5.4502,0,calibration,
real_buchwald_hartwig,llm_semantic_counter_hypothesis_heteroaromatic_benign,27023,54.2458,53.774,45.7542,0,calibration,
real_buchwald_hartwig,llm_semantic_counter_hypothesis_heteroaromatic_benign_conservative,27023,52.673,52.673,47.327,0,calibration,
real_buchwald_hartwig,llm_semantic_counter_hypothesis_heteroaromatic_benign_noprior,27023,93.0289,72.8509,6.9711,0,calibration,
real_buchwald_hartwig,llm_semantic_cross_skill_rule_bank,27023,93.4211,81.1967,6.5789,0,calibration,
real_buchwald_hartwig,llm_semantic_domain_knowledge_electron_poor_halide,27023,88.4043,74.6878,11.5957,0,calibration,
real_buchwald_hartwig,llm_semantic_domain_knowledge_electron_poor_halide_conservative,27023,92.127,73.8544,7.873,0,calibration,
real_buchwald_hartwig,llm_semantic_domain_knowledge_electron_poor_halide_noprior,27023,83.9556,67.0204,16.0444,0,calibration,
real_buchwald_hartwig,llm_semantic_guanidine_base_high_mw_aryl_halide,27023,92.256,88.2977,7.744,0,calibration,
real_buchwald_hartwig,llm_semantic_guanidine_base_high_mw_aryl_halide_conservative,27023,93.0289,80.8448,6.9711,0,calibration,
real_buchwald_hartwig,llm_semantic_guanidine_base_high_mw_aryl_halide_noprior,27023,93.0289,84.8804,6.9711,0,calibration,
real_buchwald_hartwig,llm_semantic_high_mw_ligand_low_tpsa_base,27023,93.0289,69.7587,6.9711,0,calibration,
real_buchwald_hartwig,llm_semantic_high_mw_ligand_low_tpsa_base_conservative,27023,91.4851,70.2087,8.5149,0,calibration,
real_buchwald_hartwig,llm_semantic_high_mw_ligand_low_tpsa_base_noprior,27023,75.2094,68.4485,24.7906,0,calibration,
real_buchwald_hartwig,llm_semantic_phosphazene_base_heteroaromatic_halide,27023,85.2207,73.3565,14.7793,0,calibration,
real_buchwald_hartwig,llm_semantic_phosphazene_base_heteroaromatic_halide_conservative,27023,91.4851,76.7093,8.5149,0,calibration,
real_buchwald_hartwig,llm_semantic_phosphazene_base_heteroaromatic_halide_noprior,27023,86.1982,74.4604,13.8018,0,calibration,
real_buchwald_hartwig,mixed_kernel_gp_ei,27023,94.5498,81.9721,5.4502,0,calibration,
real_buchwald_hartwig,target_acquisition_portfolio,27023,98.2872,78.6363,1.7128,1,calibration,
real_buchwald_hartwig,gp_ucb,27024,98.1771,95.7419,1.8229,1,calibration,
real_buchwald_hartwig,llambo_warmstart_additive_tpsa_mid_base_tpsa_mid_synergy,27024,72.6099,72.6099,27.3901,0,calibration,
real_buchwald_hartwig,llambo_warmstart_additive_tpsa_mid_base_tpsa_mid_synergy_conservative,27024,72.6099,72.6099,27.3901,0,calibration,
real_buchwald_hartwig,llambo_warmstart_additive_tpsa_mid_base_tpsa_mid_synergy_noprior,27024,72.6099,72.6099,27.3901,0,calibration,
real_buchwald_hartwig,llambo_warmstart_amidine_base_simple_aryl_halide,27024,100.0,86.9919,0.0,1,calibration,
real_buchwald_hartwig,llambo_warmstart_amidine_base_simple_aryl_halide_conservative,27024,100.0,86.9919,0.0,1,calibration,
real_buchwald_hartwig,llambo_warmstart_amidine_base_simple_aryl_halide_noprior,27024,100.0,86.9919,0.0,1,calibration,
real_buchwald_hartwig,llambo_warmstart_conservative_low_semantic_mass,27024,93.3108,81.7213,6.6892,0,calibration,
real_buchwald_hartwig,llambo_warmstart_conservative_low_semantic_mass_conservative,27024,93.3108,81.7213,6.6892,0,calibration,
real_buchwald_hartwig,llambo_warmstart_conservative_low_semantic_mass_noprior,27024,93.3108,81.7213,6.6892,0,calibration,
real_buchwald_hartwig,llambo_warmstart_counter_hypothesis_heteroaromatic_benign,27024,83.6537,78.4325,16.3463,0,calibration,
real_buchwald_hartwig,llambo_warmstart_counter_hypothesis_heteroaromatic_benign_conservative,27024,83.6537,78.4325,16.3463,0,calibration,
real_buchwald_hartwig,llambo_warmstart_counter_hypothesis_heteroaromatic_benign_noprior,27024,83.6537,78.4325,16.3463,0,calibration,
real_buchwald_hartwig,llambo_warmstart_cross_skill_rule_bank,27024,94.3462,80.5102,5.6538,0,calibration,
real_buchwald_hartwig,llambo_warmstart_domain_knowledge_electron_poor_halide,27024,92.2093,92.1582,7.7907,0,calibration,
real_buchwald_hartwig,llambo_warmstart_domain_knowledge_electron_poor_halide_conservative,27024,92.2093,92.1582,7.7907,0,calibration,
real_buchwald_hartwig,llambo_warmstart_domain_knowledge_electron_poor_halide_noprior,27024,92.2093,92.1582,7.7907,0,calibration,
real_buchwald_hartwig,llambo_warmstart_guanidine_base_high_mw_aryl_halide,27024,98.2872,92.016,1.7128,1,calibration,
real_buchwald_hartwig,llambo_warmstart_guanidine_base_high_mw_aryl_halide_conservative,27024,98.2872,92.016,1.7128,1,calibration,
real_buchwald_hartwig,llambo_warmstart_guanidine_base_high_mw_aryl_halide_noprior,27024,98.2872,92.016,1.7128,1,calibration,
real_buchwald_hartwig,llambo_warmstart_high_mw_ligand_low_tpsa_base,27024,99.6191,99.6191,0.3809,1,calibration,
real_buchwald_hartwig,llambo_warmstart_high_mw_ligand_low_tpsa_base_conservative,27024,99.6191,99.6191,0.3809,1,calibration,
real_buchwald_hartwig,llambo_warmstart_high_mw_ligand_low_tpsa_base_noprior,27024,99.6191,99.6191,0.3809,1,calibration,
real_buchwald_hartwig,llambo_warmstart_phosphazene_base_heteroaromatic_halide,27024,96.5912,88.5943,3.4088,0,calibration,
real_buchwald_hartwig,llambo_warmstart_phosphazene_base_heteroaromatic_halide_conservative,27024,96.5912,88.5943,3.4088,0,calibration,
real_buchwald_hartwig,llambo_warmstart_phosphazene_base_heteroaromatic_halide_noprior,27024,96.5912,88.5943,3.4088,0,calibration,
real_buchwald_hartwig,llm_direct_prior_additive_tpsa_mid_base_tpsa_mid_synergy,27024,94.1517,94.1517,5.8483,0,calibration,
real_buchwald_hartwig,llm_direct_prior_additive_tpsa_mid_base_tpsa_mid_synergy_conservative,27024,94.1517,94.1517,5.8483,0,calibration,
real_buchwald_hartwig,llm_direct_prior_additive_tpsa_mid_base_tpsa_mid_synergy_noprior,27024,94.1517,94.1517,5.8483,0,calibration,
real_buchwald_hartwig,llm_direct_prior_amidine_base_simple_aryl_halide,27024,100.0,97.1744,0.0,1,calibration,
real_buchwald_hartwig,llm_direct_prior_amidine_base_simple_aryl_halide_conservative,27024,100.0,97.7592,0.0,1,calibration,
real_buchwald_hartwig,llm_direct_prior_amidine_base_simple_aryl_halide_noprior,27024,100.0,97.1744,0.0,1,calibration,
real_buchwald_hartwig,llm_direct_prior_conservative_low_semantic_mass,27024,94.1517,94.1517,5.8483,0,calibration,
real_buchwald_hartwig,llm_direct_prior_conservative_low_semantic_mass_conservative,27024,94.1517,94.1517,5.8483,0,calibration,
real_buchwald_hartwig,llm_direct_prior_conservative_low_semantic_mass_noprior,27024,94.1517,94.1517,5.8483,0,calibration,
real_buchwald_hartwig,llm_direct_prior_counter_hypothesis_heteroaromatic_benign,27024,94.1517,94.1517,5.8483,0,calibration,
real_buchwald_hartwig,llm_direct_prior_counter_hypothesis_heteroaromatic_benign_conservative,27024,100.0,97.1744,0.0,1,calibration,
real_buchwald_hartwig,llm_direct_prior_counter_hypothesis_heteroaromatic_benign_noprior,27024,94.1517,94.1517,5.8483,0,calibration,
real_buchwald_hartwig,llm_direct_prior_cross_skill_rule_bank,27024,100.0,96.5896,0.0,1,calibration,
real_buchwald_hartwig,llm_direct_prior_domain_knowledge_electron_poor_halide,27024,97.5685,95.1767,2.4315,1,calibration,
real_buchwald_hartwig,llm_direct_prior_domain_knowledge_electron_poor_halide_conservative,27024,95.6759,94.3041,4.3241,0,calibration,
real_buchwald_hartwig,llm_direct_prior_domain_knowledge_electron_poor_halide_noprior,27024,97.5685,95.1767,2.4315,1,calibration,
real_buchwald_hartwig,llm_direct_prior_guanidine_base_high_mw_aryl_halide,27024,94.1517,94.1517,5.8483,0,calibration,
real_buchwald_hartwig,llm_direct_prior_guanidine_base_high_mw_aryl_halide_conservative,27024,97.5685,94.4934,2.4315,1,calibration,
real_buchwald_hartwig,llm_direct_prior_guanidine_base_high_mw_aryl_halide_noprior,27024,94.1517,94.1517,5.8483,0,calibration,
real_buchwald_hartwig,llm_direct_prior_high_mw_ligand_low_tpsa_base,27024,100.0,94.7365,0.0,1,calibration,
real_buchwald_hartwig,llm_direct_prior_high_mw_ligand_low_tpsa_base_conservative,27024,100.0,97.046,0.0,1,calibration,
real_buchwald_hartwig,llm_direct_prior_high_mw_ligand_low_tpsa_base_noprior,27024,100.0,94.7365,0.0,1,calibration,
real_buchwald_hartwig,llm_direct_prior_phosphazene_base_heteroaromatic_halide,27024,94.1517,94.1517,5.8483,0,calibration,
real_buchwald_hartwig,llm_direct_prior_phosphazene_base_heteroaromatic_halide_conservative,27024,94.1517,94.1517,5.8483,0,calibration,
real_buchwald_hartwig,llm_direct_prior_phosphazene_base_heteroaromatic_halide_noprior,27024,94.1517,94.1517,5.8483,0,calibration,
real_buchwald_hartwig,llm_semantic_additive_tpsa_mid_base_tpsa_mid_synergy,27024,94.1517,94.1517,5.8483,0,calibration,
real_buchwald_hartwig,llm_semantic_additive_tpsa_mid_base_tpsa_mid_synergy_conservative,27024,94.1517,94.1517,5.8483,0,calibration,
real_buchwald_hartwig,llm_semantic_additive_tpsa_mid_base_tpsa_mid_synergy_noprior,27024,94.1517,94.1517,5.8483,0,calibration,
real_buchwald_hartwig,llm_semantic_amidine_base_simple_aryl_halide,27024,98.1771,94.9568,1.8229,1,calibration,
real_buchwald_hartwig,llm_semantic_amidine_base_simple_aryl_halide_conservative,27024,98.1771,95.3593,1.8229,1,calibration,
real_buchwald_hartwig,llm_semantic_amidine_base_simple_aryl_halide_noprior,27024,98.1771,95.3593,1.8229,1,calibration,
real_buchwald_hartwig,llm_semantic_conservative_low_semantic_mass,27024,95.7526,95.2493,4.2474,0,calibration,
real_buchwald_hartwig,llm_semantic_conservative_low_semantic_mass_conservative,27024,95.7526,95.2493,4.2474,0,calibration,
real_buchwald_hartwig,llm_semantic_conservative_low_semantic_mass_noprior,27024,95.7526,95.2493,4.2474,0,calibration,
real_buchwald_hartwig,llm_semantic_counter_hypothesis_heteroaromatic_benign,27024,98.1771,95.3593,1.8229,1,calibration,
real_buchwald_hartwig,llm_semantic_counter_hypothesis_heteroaromatic_benign_conservative,27024,98.1771,95.7619,1.8229,1,calibration,
real_buchwald_hartwig,llm_semantic_counter_hypothesis_heteroaromatic_benign_noprior,27024,98.8492,95.8291,1.1508,1,calibration,
real_buchwald_hartwig,llm_semantic_cross_skill_rule_bank,27024,100.0,97.6607,0.0,1,calibration,
real_buchwald_hartwig,llm_semantic_domain_knowledge_electron_poor_halide,27024,94.1517,94.1517,5.8483,0,calibration,
real_buchwald_hartwig,llm_semantic_domain_knowledge_electron_poor_halide_conservative,27024,96.1323,94.9439,3.8677,0,calibration,
real_buchwald_hartwig,llm_semantic_domain_knowledge_electron_poor_halide_noprior,27024,96.1323,94.7459,3.8677,0,calibration,
real_buchwald_hartwig,llm_semantic_guanidine_base_high_mw_aryl_halide,27024,100.0,97.0759,0.0,1,calibration,
real_buchwald_hartwig,llm_semantic_guanidine_base_high_mw_aryl_halide_conservative,27024,94.1517,94.1517,5.8483,0,calibration,
real_buchwald_hartwig,llm_semantic_guanidine_base_high_mw_aryl_halide_noprior,27024,94.1517,94.1517,5.8483,0,calibration,
real_buchwald_hartwig,llm_semantic_high_mw_ligand_low_tpsa_base,27024,100.0,96.491,0.0,1,calibration,
real_buchwald_hartwig,llm_semantic_high_mw_ligand_low_tpsa_base_conservative,27024,100.0,97.0759,0.0,1,calibration,
real_buchwald_hartwig,llm_semantic_high_mw_ligand_low_tpsa_base_noprior,27024,100.0,97.0759,0.0,1,calibration,
real_buchwald_hartwig,llm_semantic_phosphazene_base_heteroaromatic_halide,27024,94.1517,94.1517,5.8483,0,calibration,
real_buchwald_hartwig,llm_semantic_phosphazene_base_heteroaromatic_halide_conservative,27024,94.1517,94.1517,5.8483,0,calibration,
real_buchwald_hartwig,llm_semantic_phosphazene_base_heteroaromatic_halide_noprior,27024,94.1517,94.1517,5.8483,0,calibration,
real_buchwald_hartwig,mixed_kernel_gp_ei,27024,95.7526,95.257,4.2474,0,calibration,
real_buchwald_hartwig,target_acquisition_portfolio,27024,95.7526,95.257,4.2474,0,calibration,
real_buchwald_hartwig,gp_ucb,27025,83.6537,69.5928,16.3463,0,calibration,
real_buchwald_hartwig,llambo_warmstart_additive_tpsa_mid_base_tpsa_mid_synergy,27025,95.7526,87.1281,4.2474,0,calibration,
real_buchwald_hartwig,llambo_warmstart_additive_tpsa_mid_base_tpsa_mid_synergy_conservative,27025,95.7526,87.1281,4.2474,0,calibration,
real_buchwald_hartwig,llambo_warmstart_additive_tpsa_mid_base_tpsa_mid_synergy_noprior,27025,95.7526,87.1281,4.2474,0,calibration,
real_buchwald_hartwig,llambo_warmstart_amidine_base_simple_aryl_halide,27025,98.1771,92.6459,1.8229,1,calibration,
real_buchwald_hartwig,llambo_warmstart_amidine_base_simple_aryl_halide_conservative,27025,98.1771,92.6459,1.8229,1,calibration,
real_buchwald_hartwig,llambo_warmstart_amidine_base_simple_aryl_halide_noprior,27025,98.1771,92.6459,1.8229,1,calibration,
real_buchwald_hartwig,llambo_warmstart_conservative_low_semantic_mass,27025,92.8977,87.6593,7.1023,0,calibration,
real_buchwald_hartwig,llambo_warmstart_conservative_low_semantic_mass_conservative,27025,92.8977,87.6593,7.1023,0,calibration,
real_buchwald_hartwig,llambo_warmstart_conservative_low_semantic_mass_noprior,27025,92.8977,87.6593,7.1023,0,calibration,
real_buchwald_hartwig,llambo_warmstart_counter_hypothesis_heteroaromatic_benign,27025,94.6911,76.6692,5.3089,0,calibration,
real_buchwald_hartwig,llambo_warmstart_counter_hypothesis_heteroaromatic_benign_conservative,27025,94.6911,76.6692,5.3089,0,calibration,
real_buchwald_hartwig,llambo_warmstart_counter_hypothesis_heteroaromatic_benign_noprior,27025,94.6911,76.6692,5.3089,0,calibration,
real_buchwald_hartwig,llambo_warmstart_cross_skill_rule_bank,27025,100.0,94.8212,0.0,1,calibration,
real_buchwald_hartwig,llambo_warmstart_domain_knowledge_electron_poor_halide,27025,89.4195,89.4195,10.5805,0,calibration,
real_buchwald_hartwig,llambo_warmstart_domain_knowledge_electron_poor_halide_conservative,27025,89.4195,89.4195,10.5805,0,calibration,
real_buchwald_hartwig,llambo_warmstart_domain_knowledge_electron_poor_halide_noprior,27025,89.4195,89.4195,10.5805,0,calibration,
real_buchwald_hartwig,llambo_warmstart_guanidine_base_high_mw_aryl_halide,27025,92.659,90.1212,7.341,0,calibration,
real_buchwald_hartwig,llambo_warmstart_guanidine_base_high_mw_aryl_halide_conservative,27025,92.659,90.1212,7.341,0,calibration,
real_buchwald_hartwig,llambo_warmstart_guanidine_base_high_mw_aryl_halide_noprior,27025,92.659,90.1212,7.341,0,calibration,
real_buchwald_hartwig,llambo_warmstart_high_mw_ligand_low_tpsa_base,27025,85.8947,81.9806,14.1053,0,calibration,
real_buchwald_hartwig,llambo_warmstart_high_mw_ligand_low_tpsa_base_conservative,27025,85.8947,81.9806,14.1053,0,calibration,
real_buchwald_hartwig,llambo_warmstart_high_mw_ligand_low_tpsa_base_noprior,27025,85.8947,81.9806,14.1053,0,calibration,
real_buchwald_hartwig,llambo_warmstart_phosphazene_base_heteroaromatic_halide,27025,85.8123,81.7093,14.1877,0,calibration,
real_buchwald_hartwig,llambo_warmstart_phosphazene_base_heteroaromatic_halide_conservative,27025,85.8123,81.7093,14.1877,0,calibration,
real_buchwald_hartwig,llambo_warmstart_phosphazene_base_heteroaromatic_halide_noprior,27025,85.8123,81.7093,14.1877,0,calibration,
real_buchwald_hartwig,llm_direct_prior_additive_tpsa_mid_base_tpsa_mid_synergy,27025,78.7679,67.978,21.2321,0,calibration,
real_buchwald_hartwig,llm_direct_prior_additive_tpsa_mid_base_tpsa_mid_synergy_conservative,27025,80.4915,75.1451,19.5085,0,calibration,
real_buchwald_hartwig,llm_direct_prior_additive_tpsa_mid_base_tpsa_mid_synergy_noprior,27025,78.7679,67.978,21.2321,0,calibration,
real_buchwald_hartwig,llm_direct_prior_amidine_base_simple_aryl_halide,27025,79.4448,78.3721,20.5552,0,calibration,
real_buchwald_hartwig,llm_direct_prior_amidine_base_simple_aryl_halide_conservative,27025,84.8955,83.2777,15.1045,0,calibration,
real_buchwald_hartwig,llm_direct_prior_amidine_base_simple_aryl_halide_noprior,27025,79.4448,78.3721,20.5552,0,calibration,
real_buchwald_hartwig,llm_direct_prior_conservative_low_semantic_mass,27025,83.0965,73.3475,16.9035,0,calibration,
real_buchwald_hartwig,llm_direct_prior_conservative_low_semantic_mass_conservative,27025,83.0965,73.3475,16.9035,0,calibration,
real_buchwald_hartwig,llm_direct_prior_conservative_low_semantic_mass_noprior,27025,83.0965,73.3475,16.9035,0,calibration,
real_buchwald_hartwig,llm_direct_prior_counter_hypothesis_heteroaromatic_benign,27025,84.8955,75.9982,15.1045,0,calibration,
real_buchwald_hartwig,llm_direct_prior_counter_hypothesis_heteroaromatic_benign_conservative,27025,81.1512,75.458,18.8488,0,calibration,
real_buchwald_hartwig,llm_direct_prior_counter_hypothesis_heteroaromatic_benign_noprior,27025,84.8955,75.9982,15.1045,0,calibration,
real_buchwald_hartwig,llm_direct_prior_cross_skill_rule_bank,27025,88.5139,86.9249,11.4861,0,calibration,
real_buchwald_hartwig,llm_direct_prior_domain_knowledge_electron_poor_halide,27025,85.6592,79.4472,14.3408,0,calibration,
real_buchwald_hartwig,llm_direct_prior_domain_knowledge_electron_poor_halide_conservative,27025,81.2283,79.2638,18.7717,0,calibration,
real_buchwald_hartwig,llm_direct_prior_domain_knowledge_electron_poor_halide_noprior,27025,85.6592,79.4472,14.3408,0,calibration,
real_buchwald_hartwig,llm_direct_prior_guanidine_base_high_mw_aryl_halide,27025,90.2279,78.929,9.7721,0,calibration,
real_buchwald_hartwig,llm_direct_prior_guanidine_base_high_mw_aryl_halide_conservative,27025,90.2279,85.1205,9.7721,0,calibration,
real_buchwald_hartwig,llm_direct_prior_guanidine_base_high_mw_aryl_halide_noprior,27025,90.2279,78.929,9.7721,0,calibration,
real_buchwald_hartwig,llm_direct_prior_high_mw_ligand_low_tpsa_base,27025,99.0345,75.6441,0.9655,1,calibration,
real_buchwald_hartwig,llm_direct_prior_high_mw_ligand_low_tpsa_base_conservative,27025,83.0547,70.0363,16.9453,0,calibration,
real_buchwald_hartwig,llm_direct_prior_high_mw_ligand_low_tpsa_base_noprior,27025,99.0345,75.6441,0.9655,1,calibration,
real_buchwald_hartwig,llm_direct_prior_phosphazene_base_heteroaromatic_halide,27025,94.2969,77.7012,5.7031,0,calibration,
real_buchwald_hartwig,llm_direct_prior_phosphazene_base_heteroaromatic_halide_conservative,27025,91.3733,81.5769,8.6267,0,calibration,
real_buchwald_hartwig,llm_direct_prior_phosphazene_base_heteroaromatic_halide_noprior,27025,94.2969,77.7012,5.7031,0,calibration,
real_buchwald_hartwig,llm_semantic_additive_tpsa_mid_base_tpsa_mid_synergy,27025,84.6498,75.2842,15.3502,0,calibration,
real_buchwald_hartwig,llm_semantic_additive_tpsa_mid_base_tpsa_mid_synergy_conservative,27025,82.5113,78.6111,17.4887,0,calibration,
real_buchwald_hartwig,llm_semantic_additive_tpsa_mid_base_tpsa_mid_synergy_noprior,27025,86.4971,71.5557,13.5029,0,calibration,
real_buchwald_hartwig,llm_semantic_amidine_base_simple_aryl_halide,27025,83.0965,80.0755,16.9035,0,calibration,
real_buchwald_hartwig,llm_semantic_amidine_base_simple_aryl_halide_conservative,27025,82.3289,82.3289,17.6711,0,calibration,
real_buchwald_hartwig,llm_semantic_amidine_base_simple_aryl_halide_noprior,27025,81.5694,75.8994,18.4306,0,calibration,
real_buchwald_hartwig,llm_semantic_conservative_low_semantic_mass,27025,83.0965,77.4782,16.9035,0,calibration,
real_buchwald_hartwig,llm_semantic_conservative_low_semantic_mass_conservative,27025,86.5976,83.388,13.4024,0,calibration,
real_buchwald_hartwig,llm_semantic_conservative_low_semantic_mass_noprior,27025,86.5976,83.388,13.4024,0,calibration,
real_buchwald_hartwig,llm_semantic_counter_hypothesis_heteroaromatic_benign,27025,83.0965,78.0506,16.9035,0,calibration,
real_buchwald_hartwig,llm_semantic_counter_hypothesis_heteroaromatic_benign_conservative,27025,83.0965,78.0506,16.9035,0,calibration,
real_buchwald_hartwig,llm_semantic_counter_hypothesis_heteroaromatic_benign_noprior,27025,83.0965,78.0506,16.9035,0,calibration,
real_buchwald_hartwig,llm_semantic_cross_skill_rule_bank,27025,80.9041,68.8174,19.0959,0,calibration,
real_buchwald_hartwig,llm_semantic_domain_knowledge_electron_poor_halide,27025,88.5139,77.3022,11.4861,0,calibration,
real_buchwald_hartwig,llm_semantic_domain_knowledge_electron_poor_halide_conservative,27025,96.1323,79.0145,3.8677,0,calibration,
real_buchwald_hartwig,llm_semantic_domain_knowledge_electron_poor_halide_noprior,27025,70.1993,69.9764,29.8007,0,calibration,
real_buchwald_hartwig,llm_semantic_guanidine_base_high_mw_aryl_halide,27025,90.2279,86.5448,9.7721,0,calibration,
real_buchwald_hartwig,llm_semantic_guanidine_base_high_mw_aryl_halide_conservative,27025,91.9334,83.992,8.0666,0,calibration,
real_buchwald_hartwig,llm_semantic_guanidine_base_high_mw_aryl_halide_noprior,27025,91.9334,85.1265,8.0666,0,calibration,
real_buchwald_hartwig,llm_semantic_high_mw_ligand_low_tpsa_base,27025,88.5139,79.4949,11.4861,0,calibration,
real_buchwald_hartwig,llm_semantic_high_mw_ligand_low_tpsa_base_conservative,27025,84.8561,83.3398,15.1439,0,calibration,
real_buchwald_hartwig,llm_semantic_high_mw_ligand_low_tpsa_base_noprior,27025,88.5139,77.3129,11.4861,0,calibration,
real_buchwald_hartwig,llm_semantic_phosphazene_base_heteroaromatic_halide,27025,96.1323,81.1185,3.8677,0,calibration,
real_buchwald_hartwig,llm_semantic_phosphazene_base_heteroaromatic_halide_conservative,27025,96.1323,79.6147,3.8677,0,calibration,
real_buchwald_hartwig,llm_semantic_phosphazene_base_heteroaromatic_halide_noprior,27025,88.5139,75.9557,11.4861,0,calibration,
real_buchwald_hartwig,mixed_kernel_gp_ei,27025,91.9334,80.5902,8.0666,0,calibration,
real_buchwald_hartwig,target_acquisition_portfolio,27025,86.7607,74.3287,13.2393,0,calibration,
real_buchwald_hartwig,gp_ucb,27026,82.6307,81.424,17.3693,0,calibration,
real_buchwald_hartwig,llambo_warmstart_additive_tpsa_mid_base_tpsa_mid_synergy,27026,82.4636,61.7627,17.5364,0,calibration,
real_buchwald_hartwig,llambo_warmstart_additive_tpsa_mid_base_tpsa_mid_synergy_conservative,27026,82.4636,61.7627,17.5364,0,calibration,
real_buchwald_hartwig,llambo_warmstart_additive_tpsa_mid_base_tpsa_mid_synergy_noprior,27026,82.4636,61.7627,17.5364,0,calibration,
real_buchwald_hartwig,llambo_warmstart_amidine_base_simple_aryl_halide,27026,93.4211,82.6132,6.5789,0,calibration,
real_buchwald_hartwig,llambo_warmstart_amidine_base_simple_aryl_halide_conservative,27026,93.4211,82.6132,6.5789,0,calibration,
real_buchwald_hartwig,llambo_warmstart_amidine_base_simple_aryl_halide_noprior,27026,93.4211,82.6132,6.5789,0,calibration,
real_buchwald_hartwig,llambo_warmstart_conservative_low_semantic_mass,27026,98.7313,88.625,1.2687,1,calibration,
real_buchwald_hartwig,llambo_warmstart_conservative_low_semantic_mass_conservative,27026,98.7313,88.625,1.2687,1,calibration,
real_buchwald_hartwig,llambo_warmstart_conservative_low_semantic_mass_noprior,27026,98.7313,88.625,1.2687,1,calibration,
real_buchwald_hartwig,llambo_warmstart_counter_hypothesis_heteroaromatic_benign,27026,92.9567,68.3924,7.0433,0,calibration,
real_buchwald_hartwig,llambo_warmstart_counter_hypothesis_heteroaromatic_benign_conservative,27026,92.9567,68.3924,7.0433,0,calibration,
real_buchwald_hartwig,llambo_warmstart_counter_hypothesis_heteroaromatic_benign_noprior,27026,92.9567,68.3924,7.0433,0,calibration,
real_buchwald_hartwig,llambo_warmstart_cross_skill_rule_bank,27026,94.5498,81.7948,5.4502,0,calibration,
real_buchwald_hartwig,llambo_warmstart_domain_knowledge_electron_poor_halide,27026,98.7313,91.7673,1.2687,1,calibration,
real_buchwald_hartwig,llambo_warmstart_domain_knowledge_electron_poor_halide_conservative,27026,98.7313,91.7673,1.2687,1,calibration,
real_buchwald_hartwig,llambo_warmstart_domain_knowledge_electron_poor_halide_noprior,27026,98.7313,91.7673,1.2687,1,calibration,
real_buchwald_hartwig,llambo_warmstart_guanidine_base_high_mw_aryl_halide,27026,98.7313,96.0508,1.2687,1,calibration,
real_buchwald_hartwig,llambo_warmstart_guanidine_base_high_mw_aryl_halide_conservative,27026,98.7313,96.0508,1.2687,1,calibration,
real_buchwald_hartwig,llambo_warmstart_guanidine_base_high_mw_aryl_halide_noprior,27026,98.7313,96.0508,1.2687,1,calibration,
real_buchwald_hartwig,llambo_warmstart_high_mw_ligand_low_tpsa_base,27026,94.3462,92.4319,5.6538,0,calibration,
real_buchwald_hartwig,llambo_warmstart_high_mw_ligand_low_tpsa_base_conservative,27026,94.3462,92.4319,5.6538,0,calibration,
real_buchwald_hartwig,llambo_warmstart_high_mw_ligand_low_tpsa_base_noprior,27026,94.3462,92.4319,5.6538,0,calibration,
real_buchwald_hartwig,llambo_warmstart_phosphazene_base_heteroaromatic_halide,27026,87.902,86.4608,12.098,0,calibration,
real_buchwald_hartwig,llambo_warmstart_phosphazene_base_heteroaromatic_halide_conservative,27026,87.902,86.4608,12.098,0,calibration,
real_buchwald_hartwig,llambo_warmstart_phosphazene_base_heteroaromatic_halide_noprior,27026,87.902,86.4608,12.098,0,calibration,
real_buchwald_hartwig,llm_direct_prior_additive_tpsa_mid_base_tpsa_mid_synergy,27026,79.0762,79.0762,20.9238,0,calibration,
real_buchwald_hartwig,llm_direct_prior_additive_tpsa_mid_base_tpsa_mid_synergy_conservative,27026,91.3733,83.995,8.6267,0,calibration,
real_buchwald_hartwig,llm_direct_prior_additive_tpsa_mid_base_tpsa_mid_synergy_noprior,27026,79.0762,79.0762,20.9238,0,calibration,
real_buchwald_hartwig,llm_direct_prior_amidine_base_simple_aryl_halide,27026,83.2944,80.4528,16.7056,0,calibration,
real_buchwald_hartwig,llm_direct_prior_amidine_base_simple_aryl_halide_conservative,27026,83.2944,81.9862,16.7056,0,calibration,
real_buchwald_hartwig,llm_direct_prior_amidine_base_simple_aryl_halide_noprior,27026,83.2944,80.4528,16.7056,0,calibration,
real_buchwald_hartwig,llm_direct_prior_conservative_low_semantic_mass,27026,82.4636,82.1249,17.5364,0,calibration,
real_buchwald_hartwig,llm_direct_prior_conservative_low_semantic_mass_conservative,27026,82.4636,82.1249,17.5364,0,calibration,
real_buchwald_hartwig,llm_direct_prior_conservative_low_semantic_mass_noprior,27026,82.4636,82.1249,17.5364,0,calibration,
real_buchwald_hartwig,llm_direct_prior_counter_hypothesis_heteroaromatic_benign,27026,81.0209,79.9017,18.9791,0,calibration,
real_buchwald_hartwig,llm_direct_prior_counter_hypothesis_heteroaromatic_benign_conservative,27026,83.2944,80.453,16.7056,0,calibration,
real_buchwald_hartwig,llm_direct_prior_counter_hypothesis_heteroaromatic_benign_noprior,27026,81.0209,79.9017,18.9791,0,calibration,
real_buchwald_hartwig,llm_direct_prior_cross_skill_rule_bank,27026,92.3538,89.0119,7.6462,0,calibration,
real_buchwald_hartwig,llm_direct_prior_domain_knowledge_electron_poor_halide,27026,97.5685,84.5562,2.4315,1,calibration,
real_buchwald_hartwig,llm_direct_prior_domain_knowledge_electron_poor_halide_conservative,27026,83.2944,82.4508,16.7056,0,calibration,
real_buchwald_hartwig,llm_direct_prior_domain_knowledge_electron_poor_halide_noprior,27026,97.5685,84.5562,2.4315,1,calibration,
real_buchwald_hartwig,llm_direct_prior_guanidine_base_high_mw_aryl_halide,27026,81.0209,79.7656,18.9791,0,calibration,
real_buchwald_hartwig,llm_direct_prior_guanidine_base_high_mw_aryl_halide_conservative,27026,91.2097,80.3107,8.7903,0,calibration,
real_buchwald_hartwig,llm_direct_prior_guanidine_base_high_mw_aryl_halide_noprior,27026,81.0209,79.7656,18.9791,0,calibration,
real_buchwald_hartwig,llm_direct_prior_high_mw_ligand_low_tpsa_base,27026,100.0,85.5908,0.0,1,calibration,
real_buchwald_hartwig,llm_direct_prior_high_mw_ligand_low_tpsa_base_conservative,27026,100.0,86.6309,0.0,1,calibration,
real_buchwald_hartwig,llm_direct_prior_high_mw_ligand_low_tpsa_base_noprior,27026,100.0,85.5908,0.0,1,calibration,
real_buchwald_hartwig,llm_direct_prior_phosphazene_base_heteroaromatic_halide,27026,91.3733,82.7653,8.6267,0,calibration,
real_buchwald_hartwig,llm_direct_prior_phosphazene_base_heteroaromatic_halide_conservative,27026,94.2969,88.4109,5.7031,0,calibration,
real_buchwald_hartwig,llm_direct_prior_phosphazene_base_heteroaromatic_halide_noprior,27026,91.3733,82.7653,8.6267,0,calibration,
real_buchwald_hartwig,llm_semantic_additive_tpsa_mid_base_tpsa_mid_synergy,27026,89.0766,85.0764,10.9234,0,calibration,
real_buchwald_hartwig,llm_semantic_additive_tpsa_mid_base_tpsa_mid_synergy_conservative,27026,82.4636,81.1086,17.5364,0,calibration,
real_buchwald_hartwig,llm_semantic_additive_tpsa_mid_base_tpsa_mid_synergy_noprior,27026,83.4092,79.5095,16.5908,0,calibration,
real_buchwald_hartwig,llm_semantic_amidine_base_simple_aryl_halide,27026,100.0,89.4994,0.0,1,calibration,
real_buchwald_hartwig,llm_semantic_amidine_base_simple_aryl_halide_conservative,27026,98.1771,93.1063,1.8229,1,calibration,
real_buchwald_hartwig,llm_semantic_amidine_base_simple_aryl_halide_noprior,27026,100.0,87.1358,0.0,1,calibration,
real_buchwald_hartwig,llm_semantic_conservative_low_semantic_mass,27026,83.3036,82.5449,16.6964,0,calibration,
real_buchwald_hartwig,llm_semantic_conservative_low_semantic_mass_conservative,27026,83.3036,82.5449,16.6964,0,calibration,
real_buchwald_hartwig,llm_semantic_conservative_low_semantic_mass_noprior,27026,83.3036,82.5449,16.6964,0,calibration,
real_buchwald_hartwig,llm_semantic_counter_hypothesis_heteroaromatic_benign,27026,100.0,88.9812,0.0,1,calibration,
real_buchwald_hartwig,llm_semantic_counter_hypothesis_heteroaromatic_benign_conservative,27026,100.0,93.1103,0.0,1,calibration,
real_buchwald_hartwig,llm_semantic_counter_hypothesis_heteroaromatic_benign_noprior,27026,94.3462,86.7112,5.6538,0,calibration,
real_buchwald_hartwig,llm_semantic_cross_skill_rule_bank,27026,93.3108,89.492,6.6892,0,calibration,
real_buchwald_hartwig,llm_semantic_domain_knowledge_electron_poor_halide,27026,79.0762,79.0762,20.9238,0,calibration,
real_buchwald_hartwig,llm_semantic_domain_knowledge_electron_poor_halide_conservative,27026,98.1771,84.8262,1.8229,1,calibration,
real_buchwald_hartwig,llm_semantic_domain_knowledge_electron_poor_halide_noprior,27026,100.0,93.7229,0.0,1,calibration,
real_buchwald_hartwig,llm_semantic_guanidine_base_high_mw_aryl_halide,27026,100.0,81.8,0.0,1,calibration,
real_buchwald_hartwig,llm_semantic_guanidine_base_high_mw_aryl_halide_conservative,27026,94.1517,89.1066,5.8483,0,calibration,
real_buchwald_hartwig,llm_semantic_guanidine_base_high_mw_aryl_halide_noprior,27026,100.0,84.3394,0.0,1,calibration,
real_buchwald_hartwig,llm_semantic_high_mw_ligand_low_tpsa_base,27026,79.0762,79.0762,20.9238,0,calibration,
real_buchwald_hartwig,llm_semantic_high_mw_ligand_low_tpsa_base_conservative,27026,98.1771,88.7321,1.8229,1,calibration,
real_buchwald_hartwig,llm_semantic_high_mw_ligand_low_tpsa_base_noprior,27026,97.5685,84.698,2.4315,1,calibration,
real_buchwald_hartwig,llm_semantic_phosphazene_base_heteroaromatic_halide,27026,95.6759,86.2218,4.3241,0,calibration,
real_buchwald_hartwig,llm_semantic_phosphazene_base_heteroaromatic_halide_conservative,27026,94.1517,92.6442,5.8483,0,calibration,
real_buchwald_hartwig,llm_semantic_phosphazene_base_heteroaromatic_halide_noprior,27026,100.0,90.5117,0.0,1,calibration,
real_buchwald_hartwig,mixed_kernel_gp_ei,27026,100.0,90.7097,0.0,1,calibration,
real_buchwald_hartwig,target_acquisition_portfolio,27026,83.0547,81.5936,16.9453,0,calibration,
real_buchwald_hartwig,gp_ucb,27027,85.6592,80.0664,14.3408,0,calibration,
real_buchwald_hartwig,llambo_warmstart_additive_tpsa_mid_base_tpsa_mid_synergy,27027,95.3865,88.3993,4.6135,0,calibration,
real_buchwald_hartwig,llambo_warmstart_additive_tpsa_mid_base_tpsa_mid_synergy_conservative,27027,95.3865,88.3993,4.6135,0,calibration,
real_buchwald_hartwig,llambo_warmstart_additive_tpsa_mid_base_tpsa_mid_synergy_noprior,27027,95.3865,88.3993,4.6135,0,calibration,
real_buchwald_hartwig,llambo_warmstart_amidine_base_simple_aryl_halide,27027,100.0,75.5511,0.0,1,calibration,
real_buchwald_hartwig,llambo_warmstart_amidine_base_simple_aryl_halide_conservative,27027,100.0,75.5511,0.0,1,calibration,
real_buchwald_hartwig,llambo_warmstart_amidine_base_simple_aryl_halide_noprior,27027,100.0,75.5511,0.0,1,calibration,
real_buchwald_hartwig,llambo_warmstart_conservative_low_semantic_mass,27027,91.2669,91.2669,8.7331,0,calibration,
real_buchwald_hartwig,llambo_warmstart_conservative_low_semantic_mass_conservative,27027,91.2669,91.2669,8.7331,0,calibration,
real_buchwald_hartwig,llambo_warmstart_conservative_low_semantic_mass_noprior,27027,91.2669,91.2669,8.7331,0,calibration,
real_buchwald_hartwig,llambo_warmstart_counter_hypothesis_heteroaromatic_benign,27027,90.3173,73.2764,9.6827,0,calibration,
real_buchwald_hartwig,llambo_warmstart_counter_hypothesis_heteroaromatic_benign_conservative,27027,90.3173,73.2764,9.6827,0,calibration,
real_buchwald_hartwig,llambo_warmstart_counter_hypothesis_heteroaromatic_benign_noprior,27027,90.3173,73.2764,9.6827,0,calibration,
real_buchwald_hartwig,llambo_warmstart_cross_skill_rule_bank,27027,92.1197,91.0479,7.8803,0,calibration,
real_buchwald_hartwig,llambo_warmstart_domain_knowledge_electron_poor_halide,27027,92.5725,88.0343,7.4275,0,calibration,
real_buchwald_hartwig,llambo_warmstart_domain_knowledge_electron_poor_halide_conservative,27027,92.5725,88.0343,7.4275,0,calibration,
real_buchwald_hartwig,llambo_warmstart_domain_knowledge_electron_poor_halide_noprior,27027,92.5725,88.0343,7.4275,0,calibration,
real_buchwald_hartwig,llambo_warmstart_guanidine_base_high_mw_aryl_halide,27027,98.7313,93.8864,1.2687,1,calibration,
real_buchwald_hartwig,llambo_warmstart_guanidine_base_high_mw_aryl_halide_conservative,27027,98.7313,93.8864,1.2687,1,calibration,
real_buchwald_hartwig,llambo_warmstart_guanidine_base_high_mw_aryl_halide_noprior,27027,98.7313,93.8864,1.2687,1,calibration,
real_buchwald_hartwig,llambo_warmstart_high_mw_ligand_low_tpsa_base,27027,65.5067,64.2427,34.4933,0,calibration,
real_buchwald_hartwig,llambo_warmstart_high_mw_ligand_low_tpsa_base_conservative,27027,65.5067,64.2427,34.4933,0,calibration,
real_buchwald_hartwig,llambo_warmstart_high_mw_ligand_low_tpsa_base_noprior,27027,65.5067,64.2427,34.4933,0,calibration,
real_buchwald_hartwig,llambo_warmstart_phosphazene_base_heteroaromatic_halide,27027,86.1944,82.0986,13.8056,0,calibration,
real_buchwald_hartwig,llambo_warmstart_phosphazene_base_heteroaromatic_halide_conservative,27027,86.1944,82.0986,13.8056,0,calibration,
real_buchwald_hartwig,llambo_warmstart_phosphazene_base_heteroaromatic_halide_noprior,27027,86.1944,82.0986,13.8056,0,calibration,
real_buchwald_hartwig,llm_direct_prior_additive_tpsa_mid_base_tpsa_mid_synergy,27027,68.765,68.6188,31.235,0,calibration,
real_buchwald_hartwig,llm_direct_prior_additive_tpsa_mid_base_tpsa_mid_synergy_conservative,27027,68.765,68.6188,31.235,0,calibration,
real_buchwald_hartwig,llm_direct_prior_additive_tpsa_mid_base_tpsa_mid_synergy_noprior,27027,68.765,68.6188,31.235,0,calibration,
real_buchwald_hartwig,llm_direct_prior_amidine_base_simple_aryl_halide,27027,93.0289,59.9115,6.9711,0,calibration,
real_buchwald_hartwig,llm_direct_prior_amidine_base_simple_aryl_halide_conservative,27027,98.2872,64.8936,1.7128,1,calibration,
real_buchwald_hartwig,llm_direct_prior_amidine_base_simple_aryl_halide_noprior,27027,93.0289,59.9115,6.9711,0,calibration,
real_buchwald_hartwig,llm_direct_prior_conservative_low_semantic_mass,27027,93.0995,64.4824,6.9005,0,calibration,
real_buchwald_hartwig,llm_direct_prior_conservative_low_semantic_mass_conservative,27027,93.0995,64.4824,6.9005,0,calibration,
real_buchwald_hartwig,llm_direct_prior_conservative_low_semantic_mass_noprior,27027,93.0995,64.4824,6.9005,0,calibration,
real_buchwald_hartwig,llm_direct_prior_counter_hypothesis_heteroaromatic_benign,27027,93.0289,63.2927,6.9711,0,calibration,
real_buchwald_hartwig,llm_direct_prior_counter_hypothesis_heteroaromatic_benign_conservative,27027,93.4211,68.5129,6.5789,0,calibration,
real_buchwald_hartwig,llm_direct_prior_counter_hypothesis_heteroaromatic_benign_noprior,27027,93.0289,63.2927,6.9711,0,calibration,
real_buchwald_hartwig,llm_direct_prior_cross_skill_rule_bank,27027,98.2872,86.2158,1.7128,1,calibration,
real_buchwald_hartwig,llm_direct_prior_domain_knowledge_electron_poor_halide,27027,97.5685,84.5811,2.4315,1,calibration,
real_buchwald_hartwig,llm_direct_prior_domain_knowledge_electron_poor_halide_conservative,27027,98.1771,83.7938,1.8229,1,calibration,
real_buchwald_hartwig,llm_direct_prior_domain_knowledge_electron_poor_halide_noprior,27027,97.5685,84.5811,2.4315,1,calibration,
real_buchwald_hartwig,llm_direct_prior_guanidine_base_high_mw_aryl_halide,27027,86.9711,82.299,13.0289,0,calibration,
real_buchwald_hartwig,llm_direct_prior_guanidine_base_high_mw_aryl_halide_conservative,27027,90.7313,81.9912,9.2687,0,calibration,
real_buchwald_hartwig,llm_direct_prior_guanidine_base_high_mw_aryl_halide_noprior,27027,86.9711,82.299,13.0289,0,calibration,
real_buchwald_hartwig,llm_direct_prior_high_mw_ligand_low_tpsa_base,27027,89.5988,78.1829,10.4012,0,calibration,
real_buchwald_hartwig,llm_direct_prior_high_mw_ligand_low_tpsa_base_conservative,27027,100.0,83.2223,0.0,1,calibration,
real_buchwald_hartwig,llm_direct_prior_high_mw_ligand_low_tpsa_base_noprior,27027,89.5988,78.1829,10.4012,0,calibration,
real_buchwald_hartwig,llm_direct_prior_phosphazene_base_heteroaromatic_halide,27027,75.9543,75.9543,24.0457,0,calibration,
real_buchwald_hartwig,llm_direct_prior_phosphazene_base_heteroaromatic_halide_conservative,27027,77.8299,76.1419,22.1701,0,calibration,
real_buchwald_hartwig,llm_direct_prior_phosphazene_base_heteroaromatic_halide_noprior,27027,75.9543,75.9543,24.0457,0,calibration,
real_buchwald_hartwig,llm_semantic_additive_tpsa_mid_base_tpsa_mid_synergy,27027,79.3465,62.9903,20.6535,0,calibration,
real_buchwald_hartwig,llm_semantic_additive_tpsa_mid_base_tpsa_mid_synergy_conservative,27027,68.6732,55.011,31.3268,0,calibration,
real_buchwald_hartwig,llm_semantic_additive_tpsa_mid_base_tpsa_mid_synergy_noprior,27027,83.9556,66.3282,16.0444,0,calibration,
real_buchwald_hartwig,llm_semantic_amidine_base_simple_aryl_halide,27027,94.5498,77.0975,5.4502,0,calibration,
real_buchwald_hartwig,llm_semantic_amidine_base_simple_aryl_halide_conservative,27027,98.2872,84.8376,1.7128,1,calibration,
real_buchwald_hartwig,llm_semantic_amidine_base_simple_aryl_halide_noprior,27027,92.659,79.7432,7.341,0,calibration,
real_buchwald_hartwig,llm_semantic_conservative_low_semantic_mass,27027,94.3462,61.8105,5.6538,0,calibration,
real_buchwald_hartwig,llm_semantic_conservative_low_semantic_mass_conservative,27027,94.3462,61.8105,5.6538,0,calibration,
real_buchwald_hartwig,llm_semantic_conservative_low_semantic_mass_noprior,27027,94.3462,61.8105,5.6538,0,calibration,
real_buchwald_hartwig,llm_semantic_counter_hypothesis_heteroaromatic_benign,27027,94.5498,75.4395,5.4502,0,calibration,
real_buchwald_hartwig,llm_semantic_counter_hypothesis_heteroaromatic_benign_conservative,27027,88.4043,57.0689,11.5957,0,calibration,
real_buchwald_hartwig,llm_semantic_counter_hypothesis_heteroaromatic_benign_noprior,27027,94.5498,80.7144,5.4502,0,calibration,
real_buchwald_hartwig,llm_semantic_cross_skill_rule_bank,27027,92.659,77.6223,7.341,0,calibration,
real_buchwald_hartwig,llm_semantic_domain_knowledge_electron_poor_halide,27027,85.2207,80.5745,14.7793,0,calibration,
real_buchwald_hartwig,llm_semantic_domain_knowledge_electron_poor_halide_conservative,27027,86.7926,79.6607,13.2074,0,calibration,
real_buchwald_hartwig,llm_semantic_domain_knowledge_electron_poor_halide_noprior,27027,85.2207,80.5745,14.7793,0,calibration,
real_buchwald_hartwig,llm_semantic_guanidine_base_high_mw_aryl_halide,27027,98.2872,81.5829,1.7128,1,calibration,
real_buchwald_hartwig,llm_semantic_guanidine_base_high_mw_aryl_halide_conservative,27027,76.7953,65.8942,23.2047,0,calibration,
real_buchwald_hartwig,llm_semantic_guanidine_base_high_mw_aryl_halide_noprior,27027,93.0289,83.8797,6.9711,0,calibration,
real_buchwald_hartwig,llm_semantic_high_mw_ligand_low_tpsa_base,27027,100.0,82.9706,0.0,1,calibration,
real_buchwald_hartwig,llm_semantic_high_mw_ligand_low_tpsa_base_conservative,27027,81.6307,64.115,18.3693,0,calibration,
real_buchwald_hartwig,llm_semantic_high_mw_ligand_low_tpsa_base_noprior,27027,93.0289,73.4953,6.9711,0,calibration,
real_buchwald_hartwig,llm_semantic_phosphazene_base_heteroaromatic_halide,27027,92.659,82.6921,7.341,0,calibration,
real_buchwald_hartwig,llm_semantic_phosphazene_base_heteroaromatic_halide_conservative,27027,85.2207,70.2311,14.7793,0,calibration,
real_buchwald_hartwig,llm_semantic_phosphazene_base_heteroaromatic_halide_noprior,27027,93.0289,77.5349,6.9711,0,calibration,
real_buchwald_hartwig,mixed_kernel_gp_ei,27027,68.2481,67.3834,31.7519,0,calibration,
real_buchwald_hartwig,target_acquisition_portfolio,27027,88.1675,73.2306,11.8325,0,calibration,
real_buchwald_hartwig,gp_ucb,27028,86.2198,79.6594,13.7802,0,calibration,
real_buchwald_hartwig,llambo_warmstart_additive_tpsa_mid_base_tpsa_mid_synergy,27028,85.6453,80.0614,14.3547,0,calibration,
real_buchwald_hartwig,llambo_warmstart_additive_tpsa_mid_base_tpsa_mid_synergy_conservative,27028,85.6453,80.0614,14.3547,0,calibration,
real_buchwald_hartwig,llambo_warmstart_additive_tpsa_mid_base_tpsa_mid_synergy_noprior,27028,85.6453,80.0614,14.3547,0,calibration,
real_buchwald_hartwig,llambo_warmstart_amidine_base_simple_aryl_halide,27028,100.0,91.949,0.0,1,calibration,
real_buchwald_hartwig,llambo_warmstart_amidine_base_simple_aryl_halide_conservative,27028,100.0,91.949,0.0,1,calibration,
real_buchwald_hartwig,llambo_warmstart_amidine_base_simple_aryl_halide_noprior,27028,100.0,91.949,0.0,1,calibration,
real_buchwald_hartwig,llambo_warmstart_conservative_low_semantic_mass,27028,98.8492,88.8682,1.1508,1,calibration,
real_buchwald_hartwig,llambo_warmstart_conservative_low_semantic_mass_conservative,27028,98.8492,88.8682,1.1508,1,calibration,
real_buchwald_hartwig,llambo_warmstart_conservative_low_semantic_mass_noprior,27028,98.8492,88.8682,1.1508,1,calibration,
real_buchwald_hartwig,llambo_warmstart_counter_hypothesis_heteroaromatic_benign,27028,98.8492,88.0204,1.1508,1,calibration,
real_buchwald_hartwig,llambo_warmstart_counter_hypothesis_heteroaromatic_benign_conservative,27028,98.8492,88.0204,1.1508,1,calibration,
real_buchwald_hartwig,llambo_warmstart_counter_hypothesis_heteroaromatic_benign_noprior,27028,98.8492,88.0204,1.1508,1,calibration,
real_buchwald_hartwig,llambo_warmstart_cross_skill_rule_bank,27028,91.1391,87.3136,8.8609,0,calibration,
real_buchwald_hartwig,llambo_warmstart_domain_knowledge_electron_poor_halide,27028,89.3231,88.5544,10.6769,0,calibration,
real_buchwald_hartwig,llambo_warmstart_domain_knowledge_electron_poor_halide_conservative,27028,89.3231,88.5544,10.6769,0,calibration,
real_buchwald_hartwig,llambo_warmstart_domain_knowledge_electron_poor_halide_noprior,27028,89.3231,88.5544,10.6769,0,calibration,
real_buchwald_hartwig,llambo_warmstart_guanidine_base_high_mw_aryl_halide,27028,81.0209,80.9771,18.9791,0,calibration,
real_buchwald_hartwig,llambo_warmstart_guanidine_base_high_mw_aryl_halide_conservative,27028,81.0209,80.9771,18.9791,0,calibration,
real_buchwald_hartwig,llambo_warmstart_guanidine_base_high_mw_aryl_halide_noprior,27028,81.0209,80.9771,18.9791,0,calibration,
real_buchwald_hartwig,llambo_warmstart_high_mw_ligand_low_tpsa_base,27028,100.0,90.7325,0.0,1,calibration,
real_buchwald_hartwig,llambo_warmstart_high_mw_ligand_low_tpsa_base_conservative,27028,100.0,90.7325,0.0,1,calibration,
real_buchwald_hartwig,llambo_warmstart_high_mw_ligand_low_tpsa_base_noprior,27028,100.0,90.7325,0.0,1,calibration,
real_buchwald_hartwig,llambo_warmstart_phosphazene_base_heteroaromatic_halide,27028,84.8561,83.3279,15.1439,0,calibration,
real_buchwald_hartwig,llambo_warmstart_phosphazene_base_heteroaromatic_halide_conservative,27028,84.8561,83.3279,15.1439,0,calibration,
real_buchwald_hartwig,llambo_warmstart_phosphazene_base_heteroaromatic_halide_noprior,27028,84.8561,83.3279,15.1439,0,calibration,
real_buchwald_hartwig,llm_direct_prior_additive_tpsa_mid_base_tpsa_mid_synergy,27028,79.0762,78.9621,20.9238,0,calibration,
real_buchwald_hartwig,llm_direct_prior_additive_tpsa_mid_base_tpsa_mid_synergy_conservative,27028,78.5056,78.5056,21.4944,0,calibration,
real_buchwald_hartwig,llm_direct_prior_additive_tpsa_mid_base_tpsa_mid_synergy_noprior,27028,79.0762,78.9621,20.9238,0,calibration,
real_buchwald_hartwig,llm_direct_prior_amidine_base_simple_aryl_halide,27028,86.5976,82.9893,13.4024,0,calibration,
real_buchwald_hartwig,llm_direct_prior_amidine_base_simple_aryl_halide_conservative,27028,84.8955,81.9001,15.1045,0,calibration,
real_buchwald_hartwig,llm_direct_prior_amidine_base_simple_aryl_halide_noprior,27028,86.5976,82.9893,13.4024,0,calibration,
real_buchwald_hartwig,llm_direct_prior_conservative_low_semantic_mass,27028,83.2944,79.9422,16.7056,0,calibration,
real_buchwald_hartwig,llm_direct_prior_conservative_low_semantic_mass_conservative,27028,83.2944,79.9422,16.7056,0,calibration,
real_buchwald_hartwig,llm_direct_prior_conservative_low_semantic_mass_noprior,27028,83.2944,79.9422,16.7056,0,calibration,
real_buchwald_hartwig,llm_direct_prior_counter_hypothesis_heteroaromatic_benign,27028,79.8724,79.4624,20.1276,0,calibration,
real_buchwald_hartwig,llm_direct_prior_counter_hypothesis_heteroaromatic_benign_conservative,27028,79.8724,79.4624,20.1276,0,calibration,
real_buchwald_hartwig,llm_direct_prior_counter_hypothesis_heteroaromatic_benign_noprior,27028,79.8724,79.4624,20.1276,0,calibration,
real_buchwald_hartwig,llm_direct_prior_cross_skill_rule_bank,27028,100.0,92.7292,0.0,1,calibration,
real_buchwald_hartwig,llm_direct_prior_domain_knowledge_electron_poor_halide,27028,100.0,92.4299,0.0,1,calibration,
real_buchwald_hartwig,llm_direct_prior_domain_knowledge_electron_poor_halide_conservative,27028,97.5685,89.3375,2.4315,1,calibration,
real_buchwald_hartwig,llm_direct_prior_domain_knowledge_electron_poor_halide_noprior,27028,100.0,92.4299,0.0,1,calibration,
real_buchwald_hartwig,llm_direct_prior_guanidine_base_high_mw_aryl_halide,27028,90.2279,84.1674,9.7721,0,calibration,
real_buchwald_hartwig,llm_direct_prior_guanidine_base_high_mw_aryl_halide_conservative,27028,86.2198,83.3657,13.7802,0,calibration,
real_buchwald_hartwig,llm_direct_prior_guanidine_base_high_mw_aryl_halide_noprior,27028,90.2279,84.1674,9.7721,0,calibration,
real_buchwald_hartwig,llm_direct_prior_high_mw_ligand_low_tpsa_base,27028,83.2944,80.9,16.7056,0,calibration,
real_buchwald_hartwig,llm_direct_prior_high_mw_ligand_low_tpsa_base_conservative,27028,100.0,88.54,0.0,1,calibration,
real_buchwald_hartwig,llm_direct_prior_high_mw_ligand_low_tpsa_base_noprior,27028,83.2944,80.9,16.7056,0,calibration,
real_buchwald_hartwig,llm_direct_prior_phosphazene_base_heteroaromatic_halide,27028,78.5056,78.5056,21.4944,0,calibration,
real_buchwald_hartwig,llm_direct_prior_phosphazene_base_heteroaromatic_halide_conservative,27028,78.5056,78.5056,21.4944,0,calibration,
real_buchwald_hartwig,llm_direct_prior_phosphazene_base_heteroaromatic_halide_noprior,27028,78.5056,78.5056,21.4944,0,calibration,
real_buchwald_hartwig,llm_semantic_additive_tpsa_mid_base_tpsa_mid_synergy,27028,78.5056,78.5056,21.4944,0,calibration,
real_buchwald_hartwig,llm_semantic_additive_tpsa_mid_base_tpsa_mid_synergy_conservative,27028,100.0,85.9303,0.0,1,calibration,
real_buchwald_hartwig,llm_semantic_additive_tpsa_mid_base_tpsa_mid_synergy_noprior,27028,100.0,82.8045,0.0,1,calibration,
real_buchwald_hartwig,llm_semantic_amidine_base_simple_aryl_halide,27028,81.1512,80.6221,18.8488,0,calibration,
real_buchwald_hartwig,llm_semantic_amidine_base_simple_aryl_halide_conservative,27028,84.602,80.9672,15.398,0,calibration,
real_buchwald_hartwig,llm_semantic_amidine_base_simple_aryl_halide_noprior,27028,100.0,93.5517,0.0,1,calibration,
real_buchwald_hartwig,llm_semantic_conservative_low_semantic_mass,27028,83.2944,80.6857,16.7056,0,calibration,
real_buchwald_hartwig,llm_semantic_conservative_low_semantic_mass_conservative,27028,83.2944,80.6857,16.7056,0,calibration,
real_buchwald_hartwig,llm_semantic_conservative_low_semantic_mass_noprior,27028,83.2944,80.6857,16.7056,0,calibration,
real_buchwald_hartwig,llm_semantic_counter_hypothesis_heteroaromatic_benign,27028,81.1512,79.9651,18.8488,0,calibration,
real_buchwald_hartwig,llm_semantic_counter_hypothesis_heteroaromatic_benign_conservative,27028,81.1512,79.7005,18.8488,0,calibration,
real_buchwald_hartwig,llm_semantic_counter_hypothesis_heteroaromatic_benign_noprior,27028,81.1512,79.9651,18.8488,0,calibration,
real_buchwald_hartwig,llm_semantic_cross_skill_rule_bank,27028,100.0,89.7819,0.0,1,calibration,
real_buchwald_hartwig,llm_semantic_domain_knowledge_electron_poor_halide,27028,100.0,89.7469,0.0,1,calibration,
real_buchwald_hartwig,llm_semantic_domain_knowledge_electron_poor_halide_conservative,27028,100.0,92.36,0.0,1,calibration,
real_buchwald_hartwig,llm_semantic_domain_knowledge_electron_poor_halide_noprior,27028,79.6425,78.8467,20.3575,0,calibration,
real_buchwald_hartwig,llm_semantic_guanidine_base_high_mw_aryl_halide,27028,84.602,83.3827,15.398,0,calibration,
real_buchwald_hartwig,llm_semantic_guanidine_base_high_mw_aryl_halide_conservative,27028,94.3462,80.8833,5.6538,0,calibration,
real_buchwald_hartwig,llm_semantic_guanidine_base_high_mw_aryl_halide_noprior,27028,100.0,87.7668,0.0,1,calibration,
real_buchwald_hartwig,llm_semantic_high_mw_ligand_low_tpsa_base,27028,100.0,93.5517,0.0,1,calibration,
real_buchwald_hartwig,llm_semantic_high_mw_ligand_low_tpsa_base_conservative,27028,100.0,91.9314,0.0,1,calibration,
real_buchwald_hartwig,llm_semantic_high_mw_ligand_low_tpsa_base_noprior,27028,100.0,91.7152,0.0,1,calibration,
real_buchwald_hartwig,llm_semantic_phosphazene_base_heteroaromatic_halide,27028,100.0,87.6078,0.0,1,calibration,
real_buchwald_hartwig,llm_semantic_phosphazene_base_heteroaromatic_halide_conservative,27028,85.1402,81.1594,14.8598,0,calibration,
real_buchwald_hartwig,llm_semantic_phosphazene_base_heteroaromatic_halide_noprior,27028,78.5056,78.5056,21.4944,0,calibration,
real_buchwald_hartwig,mixed_kernel_gp_ei,27028,86.2198,79.9405,13.7802,0,calibration,
real_buchwald_hartwig,target_acquisition_portfolio,27028,86.2198,79.9405,13.7802,0,calibration,
real_buchwald_hartwig,gp_ucb,27029,86.5976,78.8535,13.4024,0,calibration,
real_buchwald_hartwig,llambo_warmstart_additive_tpsa_mid_base_tpsa_mid_synergy,27029,100.0,92.6482,0.0,1,calibration,
real_buchwald_hartwig,llambo_warmstart_additive_tpsa_mid_base_tpsa_mid_synergy_conservative,27029,100.0,92.6482,0.0,1,calibration,
real_buchwald_hartwig,llambo_warmstart_additive_tpsa_mid_base_tpsa_mid_synergy_noprior,27029,100.0,92.6482,0.0,1,calibration,
real_buchwald_hartwig,llambo_warmstart_amidine_base_simple_aryl_halide,27029,98.8492,90.3853,1.1508,1,calibration,
real_buchwald_hartwig,llambo_warmstart_amidine_base_simple_aryl_halide_conservative,27029,98.8492,90.3853,1.1508,1,calibration,
real_buchwald_hartwig,llambo_warmstart_amidine_base_simple_aryl_halide_noprior,27029,98.8492,90.3853,1.1508,1,calibration,
real_buchwald_hartwig,llambo_warmstart_conservative_low_semantic_mass,27029,93.7486,70.0809,6.2514,0,calibration,
real_buchwald_hartwig,llambo_warmstart_conservative_low_semantic_mass_conservative,27029,93.7486,70.0809,6.2514,0,calibration,
real_buchwald_hartwig,llambo_warmstart_conservative_low_semantic_mass_noprior,27029,93.7486,70.0809,6.2514,0,calibration,
real_buchwald_hartwig,llambo_warmstart_counter_hypothesis_heteroaromatic_benign,27029,84.4436,80.8821,15.5564,0,calibration,
real_buchwald_hartwig,llambo_warmstart_counter_hypothesis_heteroaromatic_benign_conservative,27029,84.4436,80.8821,15.5564,0,calibration,
real_buchwald_hartwig,llambo_warmstart_counter_hypothesis_heteroaromatic_benign_noprior,27029,84.4436,80.8821,15.5564,0,calibration,
real_buchwald_hartwig,llambo_warmstart_cross_skill_rule_bank,27029,82.1374,81.3073,17.8626,0,calibration,
real_buchwald_hartwig,llambo_warmstart_domain_knowledge_electron_poor_halide,27029,96.5912,94.8119,3.4088,0,calibration,
real_buchwald_hartwig,llambo_warmstart_domain_knowledge_electron_poor_halide_conservative,27029,96.5912,94.8119,3.4088,0,calibration,
real_buchwald_hartwig,llambo_warmstart_domain_knowledge_electron_poor_halide_noprior,27029,96.5912,94.8119,3.4088,0,calibration,
real_buchwald_hartwig,llambo_warmstart_guanidine_base_high_mw_aryl_halide,27029,83.2944,82.8155,16.7056,0,calibration,
real_buchwald_hartwig,llambo_warmstart_guanidine_base_high_mw_aryl_halide_conservative,27029,83.2944,82.8155,16.7056,0,calibration,
real_buchwald_hartwig,llambo_warmstart_guanidine_base_high_mw_aryl_halide_noprior,27029,83.2944,82.8155,16.7056,0,calibration,
real_buchwald_hartwig,llambo_warmstart_high_mw_ligand_low_tpsa_base,27029,86.4971,80.2061,13.5029,0,calibration,
real_buchwald_hartwig,llambo_warmstart_high_mw_ligand_low_tpsa_base_conservative,27029,86.4971,80.2061,13.5029,0,calibration,
real_buchwald_hartwig,llambo_warmstart_high_mw_ligand_low_tpsa_base_noprior,27029,86.4971,80.2061,13.5029,0,calibration,
real_buchwald_hartwig,llambo_warmstart_phosphazene_base_heteroaromatic_halide,27029,94.5498,87.6981,5.4502,0,calibration,
real_buchwald_hartwig,llambo_warmstart_phosphazene_base_heteroaromatic_halide_conservative,27029,94.5498,87.6981,5.4502,0,calibration,
real_buchwald_hartwig,llambo_warmstart_phosphazene_base_heteroaromatic_halide_noprior,27029,94.5498,87.6981,5.4502,0,calibration,
real_buchwald_hartwig,llm_direct_prior_additive_tpsa_mid_base_tpsa_mid_synergy,27029,70.8622,67.4434,29.1378,0,calibration,
real_buchwald_hartwig,llm_direct_prior_additive_tpsa_mid_base_tpsa_mid_synergy_conservative,27029,75.3112,69.7831,24.6888,0,calibration,
real_buchwald_hartwig,llm_direct_prior_additive_tpsa_mid_base_tpsa_mid_synergy_noprior,27029,70.8622,67.4434,29.1378,0,calibration,
real_buchwald_hartwig,llm_direct_prior_amidine_base_simple_aryl_halide,27029,86.5976,83.8004,13.4024,0,calibration,
real_buchwald_hartwig,llm_direct_prior_amidine_base_simple_aryl_halide_conservative,27029,88.4464,87.041,11.5536,0,calibration,
real_buchwald_hartwig,llm_direct_prior_amidine_base_simple_aryl_halide_noprior,27029,86.5976,83.8004,13.4024,0,calibration,
real_buchwald_hartwig,llm_direct_prior_conservative_low_semantic_mass,27029,95.3865,78.7618,4.6135,0,calibration,
real_buchwald_hartwig,llm_direct_prior_conservative_low_semantic_mass_conservative,27029,95.3865,78.7618,4.6135,0,calibration,
real_buchwald_hartwig,llm_direct_prior_conservative_low_semantic_mass_noprior,27029,95.3865,78.7618,4.6135,0,calibration,
real_buchwald_hartwig,llm_direct_prior_counter_hypothesis_heteroaromatic_benign,27029,86.5976,81.8368,13.4024,0,calibration,
real_buchwald_hartwig,llm_direct_prior_counter_hypothesis_heteroaromatic_benign_conservative,27029,86.6896,86.6896,13.3104,0,calibration,
real_buchwald_hartwig,llm_direct_prior_counter_hypothesis_heteroaromatic_benign_noprior,27029,86.5976,81.8368,13.4024,0,calibration,
real_buchwald_hartwig,llm_direct_prior_cross_skill_rule_bank,27029,99.6191,80.1186,0.3809,1,calibration,
real_buchwald_hartwig,llm_direct_prior_domain_knowledge_electron_poor_halide,27029,97.5685,94.4056,2.4315,1,calibration,
real_buchwald_hartwig,llm_direct_prior_domain_knowledge_electron_poor_halide_conservative,27029,100.0,95.6214,0.0,1,calibration,
real_buchwald_hartwig,llm_direct_prior_domain_knowledge_electron_poor_halide_noprior,27029,97.5685,94.4056,2.4315,1,calibration,
real_buchwald_hartwig,llm_direct_prior_guanidine_base_high_mw_aryl_halide,27029,85.1447,85.1433,14.8553,0,calibration,
real_buchwald_hartwig,llm_direct_prior_guanidine_base_high_mw_aryl_halide_conservative,27029,91.9334,85.8218,8.0666,0,calibration,
real_buchwald_hartwig,llm_direct_prior_guanidine_base_high_mw_aryl_halide_noprior,27029,85.1447,85.1433,14.8553,0,calibration,
real_buchwald_hartwig,llm_direct_prior_high_mw_ligand_low_tpsa_base,27029,89.3231,83.6342,10.6769,0,calibration,
real_buchwald_hartwig,llm_direct_prior_high_mw_ligand_low_tpsa_base_conservative,27029,99.0345,96.0155,0.9655,1,calibration,
real_buchwald_hartwig,llm_direct_prior_high_mw_ligand_low_tpsa_base_noprior,27029,89.3231,83.6342,10.6769,0,calibration,
real_buchwald_hartwig,llm_direct_prior_phosphazene_base_heteroaromatic_halide,27029,66.3727,66.1817,33.6273,0,calibration,
real_buchwald_hartwig,llm_direct_prior_phosphazene_base_heteroaromatic_halide_conservative,27029,70.8622,67.0796,29.1378,0,calibration,
real_buchwald_hartwig,llm_direct_prior_phosphazene_base_heteroaromatic_halide_noprior,27029,66.3727,66.1817,33.6273,0,calibration,
real_buchwald_hartwig,llm_semantic_additive_tpsa_mid_base_tpsa_mid_synergy,27029,66.3727,66.0368,33.6273,0,calibration,
real_buchwald_hartwig,llm_semantic_additive_tpsa_mid_base_tpsa_mid_synergy_conservative,27029,89.0766,79.3957,10.9234,0,calibration,
real_buchwald_hartwig,llm_semantic_additive_tpsa_mid_base_tpsa_mid_synergy_noprior,27029,78.2845,69.6433,21.7155,0,calibration,
real_buchwald_hartwig,llm_semantic_amidine_base_simple_aryl_halide,27029,100.0,98.1765,0.0,1,calibration,
real_buchwald_hartwig,llm_semantic_amidine_base_simple_aryl_halide_conservative,27029,100.0,96.1057,0.0,1,calibration,
real_buchwald_hartwig,llm_semantic_amidine_base_simple_aryl_halide_noprior,27029,100.0,99.5137,0.0,1,calibration,
real_buchwald_hartwig,llm_semantic_conservative_low_semantic_mass,27029,95.6759,74.8001,4.3241,0,calibration,
real_buchwald_hartwig,llm_semantic_conservative_low_semantic_mass_conservative,27029,95.6759,74.8001,4.3241,0,calibration,
real_buchwald_hartwig,llm_semantic_conservative_low_semantic_mass_noprior,27029,95.6759,74.8001,4.3241,0,calibration,
real_buchwald_hartwig,llm_semantic_counter_hypothesis_heteroaromatic_benign,27029,99.6191,86.1474,0.3809,1,calibration,
real_buchwald_hartwig,llm_semantic_counter_hypothesis_heteroaromatic_benign_conservative,27029,98.8492,78.2558,1.1508,1,calibration,
real_buchwald_hartwig,llm_semantic_counter_hypothesis_heteroaromatic_benign_noprior,27029,100.0,86.109,0.0,1,calibration,
real_buchwald_hartwig,llm_semantic_cross_skill_rule_bank,27029,92.1197,80.6946,7.8803,0,calibration,
real_buchwald_hartwig,llm_semantic_domain_knowledge_electron_poor_halide,27029,100.0,84.6735,0.0,1,calibration,
real_buchwald_hartwig,llm_semantic_domain_knowledge_electron_poor_halide_conservative,27029,100.0,96.5339,0.0,1,calibration,
real_buchwald_hartwig,llm_semantic_domain_knowledge_electron_poor_halide_noprior,27029,89.6142,79.674,10.3858,0,calibration,
real_buchwald_hartwig,llm_semantic_guanidine_base_high_mw_aryl_halide,27029,86.2198,73.6095,13.7802,0,calibration,
real_buchwald_hartwig,llm_semantic_guanidine_base_high_mw_aryl_halide_conservative,27029,97.5685,94.4056,2.4315,1,calibration,
real_buchwald_hartwig,llm_semantic_guanidine_base_high_mw_aryl_halide_noprior,27029,100.0,75.8727,0.0,1,calibration,
real_buchwald_hartwig,llm_semantic_high_mw_ligand_low_tpsa_base,27029,100.0,91.4214,0.0,1,calibration,
real_buchwald_hartwig,llm_semantic_high_mw_ligand_low_tpsa_base_conservative,27029,99.0345,80.3906,0.9655,1,calibration,
real_buchwald_hartwig,llm_semantic_high_mw_ligand_low_tpsa_base_noprior,27029,82.3494,75.9828,17.6506,0,calibration,
real_buchwald_hartwig,llm_semantic_phosphazene_base_heteroaromatic_halide,27029,100.0,89.8252,0.0,1,calibration,
real_buchwald_hartwig,llm_semantic_phosphazene_base_heteroaromatic_halide_conservative,27029,70.8622,66.4321,29.1378,0,calibration,
real_buchwald_hartwig,llm_semantic_phosphazene_base_heteroaromatic_halide_noprior,27029,77.5468,71.9976,22.4532,0,calibration,
real_buchwald_hartwig,mixed_kernel_gp_ei,27029,86.5976,78.8535,13.4024,0,calibration,
real_buchwald_hartwig,target_acquisition_portfolio,27029,86.5976,78.8535,13.4024,0,calibration,
real_buchwald_hartwig,care_strategy_router,27100,99.6191,96.0469,0.3809,1,heldout,llambo_warmstart_domain_knowledge_electron_poor_halide_noprior
real_buchwald_hartwig,gp_ucb,27100,81.6307,57.1406,18.3693,0,heldout,
real_buchwald_hartwig,llambo_warmstart_additive_tpsa_mid_base_tpsa_mid_synergy,27100,99.0345,85.068,0.9655,1,heldout,
real_buchwald_hartwig,llambo_warmstart_additive_tpsa_mid_base_tpsa_mid_synergy_conservative,27100,99.0345,85.068,0.9655,1,heldout,
real_buchwald_hartwig,llambo_warmstart_additive_tpsa_mid_base_tpsa_mid_synergy_noprior,27100,99.0345,85.068,0.9655,1,heldout,
real_buchwald_hartwig,llambo_warmstart_amidine_base_simple_aryl_halide,27100,93.0326,79.0517,6.9674,0,heldout,
real_buchwald_hartwig,llambo_warmstart_amidine_base_simple_aryl_halide_conservative,27100,93.0326,79.0517,6.9674,0,heldout,
real_buchwald_hartwig,llambo_warmstart_amidine_base_simple_aryl_halide_noprior,27100,93.0326,79.0517,6.9674,0,heldout,
real_buchwald_hartwig,llambo_warmstart_conservative_low_semantic_mass,27100,63.8371,49.0891,36.1629,0,heldout,
real_buchwald_hartwig,llambo_warmstart_conservative_low_semantic_mass_conservative,27100,63.8371,49.0891,36.1629,0,heldout,
real_buchwald_hartwig,llambo_warmstart_conservative_low_semantic_mass_noprior,27100,63.8371,49.0891,36.1629,0,heldout,
real_buchwald_hartwig,llambo_warmstart_counter_hypothesis_heteroaromatic_benign,27100,94.8799,80.1813,5.1201,0,heldout,
real_buchwald_hartwig,llambo_warmstart_counter_hypothesis_heteroaromatic_benign_conservative,27100,94.8799,80.1813,5.1201,0,heldout,
real_buchwald_hartwig,llambo_warmstart_counter_hypothesis_heteroaromatic_benign_noprior,27100,94.8799,80.1813,5.1201,0,heldout,
real_buchwald_hartwig,llambo_warmstart_cross_skill_rule_bank,27100,94.501,89.6336,5.499,0,heldout,
real_buchwald_hartwig,llambo_warmstart_domain_knowledge_electron_poor_halide,27100,99.6191,96.0469,0.3809,1,heldout,
real_buchwald_hartwig,llambo_warmstart_domain_knowledge_electron_poor_halide_conservative,27100,99.6191,96.0469,0.3809,1,heldout,
real_buchwald_hartwig,llambo_warmstart_domain_knowledge_electron_poor_halide_noprior,27100,99.6191,96.0469,0.3809,1,heldout,
real_buchwald_hartwig,llambo_warmstart_guanidine_base_high_mw_aryl_halide,27100,89.3231,83.4814,10.6769,0,heldout,
real_buchwald_hartwig,llambo_warmstart_guanidine_base_high_mw_aryl_halide_conservative,27100,89.3231,83.4814,10.6769,0,heldout,
real_buchwald_hartwig,llambo_warmstart_guanidine_base_high_mw_aryl_halide_noprior,27100,89.3231,83.4814,10.6769,0,heldout,
real_buchwald_hartwig,llambo_warmstart_high_mw_ligand_low_tpsa_base,27100,95.129,92.0173,4.871,0,heldout,
real_buchwald_hartwig,llambo_warmstart_high_mw_ligand_low_tpsa_base_conservative,27100,95.129,92.0173,4.871,0,heldout,
real_buchwald_hartwig,llambo_warmstart_high_mw_ligand_low_tpsa_base_noprior,27100,95.129,92.0173,4.871,0,heldout,
real_buchwald_hartwig,llambo_warmstart_phosphazene_base_heteroaromatic_halide,27100,92.3538,90.8008,7.6462,0,heldout,
real_buchwald_hartwig,llambo_warmstart_phosphazene_base_heteroaromatic_halide_conservative,27100,92.3538,90.8008,7.6462,0,heldout,
real_buchwald_hartwig,llambo_warmstart_phosphazene_base_heteroaromatic_halide_noprior,27100,92.3538,90.8008,7.6462,0,heldout,
real_buchwald_hartwig,llambo_warmstart_selector,27100,99.6191,96.0469,0.3809,1,heldout,llambo_warmstart_domain_knowledge_electron_poor_halide_noprior
real_buchwald_hartwig,llm_calibrated_selector,27100,98.2872,79.881,1.7128,1,heldout,llm_semantic_amidine_base_simple_aryl_halide_noprior
real_buchwald_hartwig,llm_direct_prior_additive_tpsa_mid_base_tpsa_mid_synergy,27100,74.0474,59.5639,25.9526,0,heldout,
real_buchwald_hartwig,llm_direct_prior_additive_tpsa_mid_base_tpsa_mid_synergy_conservative,27100,78.3625,68.3779,21.6375,0,heldout,
real_buchwald_hartwig,llm_direct_prior_additive_tpsa_mid_base_tpsa_mid_synergy_noprior,27100,74.0474,59.5639,25.9526,0,heldout,
real_buchwald_hartwig,llm_direct_prior_amidine_base_simple_aryl_halide,27100,93.0289,62.9847,6.9711,0,heldout,
real_buchwald_hartwig,llm_direct_prior_amidine_base_simple_aryl_halide_conservative,27100,98.2872,67.1295,1.7128,1,heldout,
real_buchwald_hartwig,llm_direct_prior_amidine_base_simple_aryl_halide_noprior,27100,93.0289,62.9847,6.9711,0,heldout,
real_buchwald_hartwig,llm_direct_prior_conservative_low_semantic_mass,27100,88.4449,52.6343,11.5551,0,heldout,
real_buchwald_hartwig,llm_direct_prior_conservative_low_semantic_mass_conservative,27100,88.4449,52.6343,11.5551,0,heldout,
real_buchwald_hartwig,llm_direct_prior_conservative_low_semantic_mass_noprior,27100,88.4449,52.6343,11.5551,0,heldout,
real_buchwald_hartwig,llm_direct_prior_counter_hypothesis_heteroaromatic_benign,27100,53.8392,51.9122,46.1608,0,heldout,
real_buchwald_hartwig,llm_direct_prior_counter_hypothesis_heteroaromatic_benign_conservative,27100,92.256,54.7846,7.744,0,heldout,
real_buchwald_hartwig,llm_direct_prior_counter_hypothesis_heteroaromatic_benign_noprior,27100,53.8392,51.9122,46.1608,0,heldout,
real_buchwald_hartwig,llm_direct_prior_cross_skill_rule_bank,27100,98.2872,75.8531,1.7128,1,heldout,
real_buchwald_hartwig,llm_direct_prior_domain_knowledge_electron_poor_halide,27100,93.4211,87.7739,6.5789,0,heldout,
real_buchwald_hartwig,llm_direct_prior_domain_knowledge_electron_poor_halide_conservative,27100,93.4211,87.3526,6.5789,0,heldout,
real_buchwald_hartwig,llm_direct_prior_domain_knowledge_electron_poor_halide_noprior,27100,93.4211,87.7739,6.5789,0,heldout,
real_buchwald_hartwig,llm_direct_prior_guanidine_base_high_mw_aryl_halide,27100,88.4449,80.0855,11.5551,0,heldout,
real_buchwald_hartwig,llm_direct_prior_guanidine_base_high_mw_aryl_halide_conservative,27100,68.6732,68.6732,31.3268,0,heldout,
real_buchwald_hartwig,llm_direct_prior_guanidine_base_high_mw_aryl_halide_noprior,27100,88.4449,80.0855,11.5551,0,heldout,
real_buchwald_hartwig,llm_direct_prior_high_mw_ligand_low_tpsa_base,27100,85.6057,73.0356,14.3943,0,heldout,
real_buchwald_hartwig,llm_direct_prior_high_mw_ligand_low_tpsa_base_conservative,27100,92.9567,64.2629,7.0433,0,heldout,
real_buchwald_hartwig,llm_direct_prior_high_mw_ligand_low_tpsa_base_noprior,27100,85.6057,73.0356,14.3943,0,heldout,
real_buchwald_hartwig,llm_direct_prior_phosphazene_base_heteroaromatic_halide,27100,76.7953,59.372,23.2047,0,heldout,
real_buchwald_hartwig,llm_direct_prior_phosphazene_base_heteroaromatic_halide_conservative,27100,78.3625,74.0059,21.6375,0,heldout,
real_buchwald_hartwig,llm_direct_prior_phosphazene_base_heteroaromatic_halide_noprior,27100,76.7953,59.372,23.2047,0,heldout,
real_buchwald_hartwig,llm_direct_prior_selector,27100,93.4211,87.7739,6.5789,0,heldout,llm_direct_prior_domain_knowledge_electron_poor_halide_noprior
real_buchwald_hartwig,llm_semantic_additive_tpsa_mid_base_tpsa_mid_synergy,27100,73.9505,59.8006,26.0495,0,heldout,
real_buchwald_hartwig,llm_semantic_additive_tpsa_mid_base_tpsa_mid_synergy_conservative,27100,88.4043,55.3058,11.5957,0,heldout,
real_buchwald_hartwig,llm_semantic_additive_tpsa_mid_base_tpsa_mid_synergy_noprior,27100,88.4464,53.7013,11.5536,0,heldout,
real_buchwald_hartwig,llm_semantic_amidine_base_simple_aryl_halide,27100,98.2872,90.8625,1.7128,1,heldout,
real_buchwald_hartwig,llm_semantic_amidine_base_simple_aryl_halide_conservative,27100,79.3465,73.385,20.6535,0,heldout,
real_buchwald_hartwig,llm_semantic_amidine_base_simple_aryl_halide_noprior,27100,98.2872,79.881,1.7128,1,heldout,
real_buchwald_hartwig,llm_semantic_conservative_low_semantic_mass,27100,93.0289,50.154,6.9711,0,heldout,
real_buchwald_hartwig,llm_semantic_conservative_low_semantic_mass_conservative,27100,93.0289,50.154,6.9711,0,heldout,
real_buchwald_hartwig,llm_semantic_conservative_low_semantic_mass_noprior,27100,93.0289,50.154,6.9711,0,heldout,
real_buchwald_hartwig,llm_semantic_counter_hypothesis_heteroaromatic_benign,27100,98.2872,79.068,1.7128,1,heldout,
real_buchwald_hartwig,llm_semantic_counter_hypothesis_heteroaromatic_benign_conservative,27100,84.4042,80.6157,15.5958,0,heldout,
real_buchwald_hartwig,llm_semantic_counter_hypothesis_heteroaromatic_benign_noprior,27100,52.3781,49.5085,47.6219,0,heldout,
real_buchwald_hartwig,llm_semantic_cross_skill_rule_bank,27100,98.2872,80.4031,1.7128,1,heldout,
real_buchwald_hartwig,llm_semantic_domain_knowledge_electron_poor_halide,27100,83.4092,58.8138,16.5908,0,heldout,
real_buchwald_hartwig,llm_semantic_domain_knowledge_electron_poor_halide_conservative,27100,93.0289,68.6047,6.9711,0,heldout,
real_buchwald_hartwig,llm_semantic_domain_knowledge_electron_poor_halide_noprior,27100,93.0289,65.434,6.9711,0,heldout,
real_buchwald_hartwig,llm_semantic_guanidine_base_high_mw_aryl_halide,27100,86.0034,60.188,13.9966,0,heldout,
real_buchwald_hartwig,llm_semantic_guanidine_base_high_mw_aryl_halide_conservative,27100,91.4851,67.4691,8.5149,0,heldout,
real_buchwald_hartwig,llm_semantic_guanidine_base_high_mw_aryl_halide_noprior,27100,83.7372,60.5887,16.2628,0,heldout,
real_buchwald_hartwig,llm_semantic_high_mw_ligand_low_tpsa_base,27100,93.0289,68.4441,6.9711,0,heldout,
real_buchwald_hartwig,llm_semantic_high_mw_ligand_low_tpsa_base_conservative,27100,93.0289,70.0103,6.9711,0,heldout,
real_buchwald_hartwig,llm_semantic_high_mw_ligand_low_tpsa_base_noprior,27100,93.0289,68.0999,6.9711,0,heldout,
real_buchwald_hartwig,llm_semantic_phosphazene_base_heteroaromatic_halide,27100,79.6425,75.3108,20.3575,0,heldout,
real_buchwald_hartwig,llm_semantic_phosphazene_base_heteroaromatic_halide_conservative,27100,85.1332,75.677,14.8668,0,heldout,
real_buchwald_hartwig,llm_semantic_phosphazene_base_heteroaromatic_halide_noprior,27100,75.2094,74.4242,24.7906,0,heldout,
real_buchwald_hartwig,mixed_kernel_gp_ei,27100,52.3781,47.778,47.6219,0,heldout,
real_buchwald_hartwig,target_acquisition_portfolio,27100,52.3781,48.8716,47.6219,0,heldout,
real_buchwald_hartwig,care_strategy_router,27101,94.501,94.501,5.499,0,heldout,llambo_warmstart_domain_knowledge_electron_poor_halide_noprior
real_buchwald_hartwig,gp_ucb,27101,96.1323,94.5801,3.8677,0,heldout,
real_buchwald_hartwig,llambo_warmstart_additive_tpsa_mid_base_tpsa_mid_synergy,27101,68.765,67.8084,31.235,0,heldout,
real_buchwald_hartwig,llambo_warmstart_additive_tpsa_mid_base_tpsa_mid_synergy_conservative,27101,68.765,67.8084,31.235,0,heldout,
real_buchwald_hartwig,llambo_warmstart_additive_tpsa_mid_base_tpsa_mid_synergy_noprior,27101,68.765,67.8084,31.235,0,heldout,
real_buchwald_hartwig,llambo_warmstart_amidine_base_simple_aryl_halide,27101,99.6191,98.317,0.3809,1,heldout,
real_buchwald_hartwig,llambo_warmstart_amidine_base_simple_aryl_halide_conservative,27101,99.6191,98.317,0.3809,1,heldout,
real_buchwald_hartwig,llambo_warmstart_amidine_base_simple_aryl_halide_noprior,27101,99.6191,98.317,0.3809,1,heldout,
real_buchwald_hartwig,llambo_warmstart_conservative_low_semantic_mass,27101,95.3865,87.5388,4.6135,0,heldout,
real_buchwald_hartwig,llambo_warmstart_conservative_low_semantic_mass_conservative,27101,95.3865,87.5388,4.6135,0,heldout,
real_buchwald_hartwig,llambo_warmstart_conservative_low_semantic_mass_noprior,27101,95.3865,87.5388,4.6135,0,heldout,
real_buchwald_hartwig,llambo_warmstart_counter_hypothesis_heteroaromatic_benign,27101,100.0,96.0707,0.0,1,heldout,
real_buchwald_hartwig,llambo_warmstart_counter_hypothesis_heteroaromatic_benign_conservative,27101,100.0,96.0707,0.0,1,heldout,
real_buchwald_hartwig,llambo_warmstart_counter_hypothesis_heteroaromatic_benign_noprior,27101,100.0,96.0707,0.0,1,heldout,
real_buchwald_hartwig,llambo_warmstart_cross_skill_rule_bank,27101,91.6524,82.934,8.3476,0,heldout,
real_buchwald_hartwig,llambo_warmstart_domain_knowledge_electron_poor_halide,27101,94.501,94.501,5.499,0,heldout,
real_buchwald_hartwig,llambo_warmstart_domain_knowledge_electron_poor_halide_conservative,27101,94.501,94.501,5.499,0,heldout,
real_buchwald_hartwig,llambo_warmstart_domain_knowledge_electron_poor_halide_noprior,27101,94.501,94.501,5.499,0,heldout,
real_buchwald_hartwig,llambo_warmstart_guanidine_base_high_mw_aryl_halide,27101,79.8724,74.0881,20.1276,0,heldout,
real_buchwald_hartwig,llambo_warmstart_guanidine_base_high_mw_aryl_halide_conservative,27101,79.8724,74.0881,20.1276,0,heldout,
real_buchwald_hartwig,llambo_warmstart_guanidine_base_high_mw_aryl_halide_noprior,27101,79.8724,74.0881,20.1276,0,heldout,
real_buchwald_hartwig,llambo_warmstart_high_mw_ligand_low_tpsa_base,27101,97.2929,96.5276,2.7071,0,heldout,
real_buchwald_hartwig,llambo_warmstart_high_mw_ligand_low_tpsa_base_conservative,27101,97.2929,96.5276,2.7071,0,heldout,
real_buchwald_hartwig,llambo_warmstart_high_mw_ligand_low_tpsa_base_noprior,27101,97.2929,96.5276,2.7071,0,heldout,
real_buchwald_hartwig,llambo_warmstart_phosphazene_base_heteroaromatic_halide,27101,97.2929,81.1414,2.7071,0,heldout,
real_buchwald_hartwig,llambo_warmstart_phosphazene_base_heteroaromatic_halide_conservative,27101,97.2929,81.1414,2.7071,0,heldout,
real_buchwald_hartwig,llambo_warmstart_phosphazene_base_heteroaromatic_halide_noprior,27101,97.2929,81.1414,2.7071,0,heldout,
real_buchwald_hartwig,llambo_warmstart_selector,27101,94.501,94.501,5.499,0,heldout,llambo_warmstart_domain_knowledge_electron_poor_halide_noprior
real_buchwald_hartwig,llm_calibrated_selector,27101,89.6142,89.2795,10.3858,0,heldout,llm_semantic_amidine_base_simple_aryl_halide_noprior
real_buchwald_hartwig,llm_direct_prior_additive_tpsa_mid_base_tpsa_mid_synergy,27101,79.0172,79.0172,20.9828,0,heldout,
real_buchwald_hartwig,llm_direct_prior_additive_tpsa_mid_base_tpsa_mid_synergy_conservative,27101,94.2969,85.4876,5.7031,0,heldout,
real_buchwald_hartwig,llm_direct_prior_additive_tpsa_mid_base_tpsa_mid_synergy_noprior,27101,79.0172,79.0172,20.9828,0,heldout,
real_buchwald_hartwig,llm_direct_prior_amidine_base_simple_aryl_halide,27101,88.5139,86.6236,11.4861,0,heldout,
real_buchwald_hartwig,llm_direct_prior_amidine_base_simple_aryl_halide_conservative,27101,91.511,87.5534,8.489,0,heldout,
real_buchwald_hartwig,llm_direct_prior_amidine_base_simple_aryl_halide_noprior,27101,88.5139,86.6236,11.4861,0,heldout,
real_buchwald_hartwig,llm_direct_prior_conservative_low_semantic_mass,27101,90.3173,89.1873,9.6827,0,heldout,
real_buchwald_hartwig,llm_direct_prior_conservative_low_semantic_mass_conservative,27101,90.3173,89.1873,9.6827,0,heldout,
real_buchwald_hartwig,llm_direct_prior_conservative_low_semantic_mass_noprior,27101,90.3173,89.1873,9.6827,0,heldout,
real_buchwald_hartwig,llm_direct_prior_counter_hypothesis_heteroaromatic_benign,27101,97.5685,93.8582,2.4315,1,heldout,
real_buchwald_hartwig,llm_direct_prior_counter_hypothesis_heteroaromatic_benign_conservative,27101,95.3865,92.1126,4.6135,0,heldout,
real_buchwald_hartwig,llm_direct_prior_counter_hypothesis_heteroaromatic_benign_noprior,27101,97.5685,93.8582,2.4315,1,heldout,
real_buchwald_hartwig,llm_direct_prior_cross_skill_rule_bank,27101,96.1323,91.693,3.8677,0,heldout,
real_buchwald_hartwig,llm_direct_prior_domain_knowledge_electron_poor_halide,27101,97.5685,88.3807,2.4315,1,heldout,
real_buchwald_hartwig,llm_direct_prior_domain_knowledge_electron_poor_halide_conservative,27101,96.1323,90.3346,3.8677,0,heldout,
real_buchwald_hartwig,llm_direct_prior_domain_knowledge_electron_poor_halide_noprior,27101,97.5685,88.3807,2.4315,1,heldout,
real_buchwald_hartwig,llm_direct_prior_guanidine_base_high_mw_aryl_halide,27101,91.9334,87.3093,8.0666,0,heldout,
real_buchwald_hartwig,llm_direct_prior_guanidine_base_high_mw_aryl_halide_conservative,27101,86.2198,84.3463,13.7802,0,heldout,
real_buchwald_hartwig,llm_direct_prior_guanidine_base_high_mw_aryl_halide_noprior,27101,91.9334,87.3093,8.0666,0,heldout,
real_buchwald_hartwig,llm_direct_prior_high_mw_ligand_low_tpsa_base,27101,90.3173,90.3173,9.6827,0,heldout,
real_buchwald_hartwig,llm_direct_prior_high_mw_ligand_low_tpsa_base_conservative,27101,96.1323,93.8063,3.8677,0,heldout,
real_buchwald_hartwig,llm_direct_prior_high_mw_ligand_low_tpsa_base_noprior,27101,90.3173,90.3173,9.6827,0,heldout,
real_buchwald_hartwig,llm_direct_prior_phosphazene_base_heteroaromatic_halide,27101,94.2969,87.3079,5.7031,0,heldout,
real_buchwald_hartwig,llm_direct_prior_phosphazene_base_heteroaromatic_halide_conservative,27101,84.7017,81.8595,15.2983,0,heldout,
real_buchwald_hartwig,llm_direct_prior_phosphazene_base_heteroaromatic_halide_noprior,27101,94.2969,87.3079,5.7031,0,heldout,
real_buchwald_hartwig,llm_direct_prior_selector,27101,97.5685,88.3807,2.4315,1,heldout,llm_direct_prior_domain_knowledge_electron_poor_halide_noprior
real_buchwald_hartwig,llm_semantic_additive_tpsa_mid_base_tpsa_mid_synergy,27101,92.1197,83.5147,7.8803,0,heldout,
real_buchwald_hartwig,llm_semantic_additive_tpsa_mid_base_tpsa_mid_synergy_conservative,27101,96.1323,90.7219,3.8677,0,heldout,
real_buchwald_hartwig,llm_semantic_additive_tpsa_mid_base_tpsa_mid_synergy_noprior,27101,92.1197,83.7836,7.8803,0,heldout,
real_buchwald_hartwig,llm_semantic_amidine_base_simple_aryl_halide,27101,89.6142,89.1122,10.3858,0,heldout,
real_buchwald_hartwig,llm_semantic_amidine_base_simple_aryl_halide_conservative,27101,96.1323,89.9313,3.8677,0,heldout,
real_buchwald_hartwig,llm_semantic_amidine_base_simple_aryl_halide_noprior,27101,89.6142,89.2795,10.3858,0,heldout,
real_buchwald_hartwig,llm_semantic_conservative_low_semantic_mass,27101,96.1323,93.2578,3.8677,0,heldout,
real_buchwald_hartwig,llm_semantic_conservative_low_semantic_mass_conservative,27101,96.1323,96.1323,3.8677,0,heldout,
real_buchwald_hartwig,llm_semantic_conservative_low_semantic_mass_noprior,27101,96.1323,96.1323,3.8677,0,heldout,
real_buchwald_hartwig,llm_semantic_counter_hypothesis_heteroaromatic_benign,27101,96.1323,90.7948,3.8677,0,heldout,
real_buchwald_hartwig,llm_semantic_counter_hypothesis_heteroaromatic_benign_conservative,27101,96.1323,92.3185,3.8677,0,heldout,
real_buchwald_hartwig,llm_semantic_counter_hypothesis_heteroaromatic_benign_noprior,27101,96.1323,90.9049,3.8677,0,heldout,
real_buchwald_hartwig,llm_semantic_cross_skill_rule_bank,27101,96.1323,89.2092,3.8677,0,heldout,
real_buchwald_hartwig,llm_semantic_domain_knowledge_electron_poor_halide,27101,96.1323,90.2423,3.8677,0,heldout,
real_buchwald_hartwig,llm_semantic_domain_knowledge_electron_poor_halide_conservative,27101,96.1323,92.0366,3.8677,0,heldout,
real_buchwald_hartwig,llm_semantic_domain_knowledge_electron_poor_halide_noprior,27101,92.1197,89.1945,7.8803,0,heldout,
real_buchwald_hartwig,llm_semantic_guanidine_base_high_mw_aryl_halide,27101,88.5139,88.5139,11.4861,0,heldout,
real_buchwald_hartwig,llm_semantic_guanidine_base_high_mw_aryl_halide_conservative,27101,96.1323,90.0811,3.8677,0,heldout,
real_buchwald_hartwig,llm_semantic_guanidine_base_high_mw_aryl_halide_noprior,27101,89.6142,88.954,10.3858,0,heldout,
real_buchwald_hartwig,llm_semantic_high_mw_ligand_low_tpsa_base,27101,86.7621,86.5501,13.2379,0,heldout,
real_buchwald_hartwig,llm_semantic_high_mw_ligand_low_tpsa_base_conservative,27101,100.0,90.1566,0.0,1,heldout,
real_buchwald_hartwig,llm_semantic_high_mw_ligand_low_tpsa_base_noprior,27101,86.4971,86.4971,13.5029,0,heldout,
real_buchwald_hartwig,llm_semantic_phosphazene_base_heteroaromatic_halide,27101,96.1323,91.1617,3.8677,0,heldout,
real_buchwald_hartwig,llm_semantic_phosphazene_base_heteroaromatic_halide_conservative,27101,96.1323,90.5831,3.8677,0,heldout,
real_buchwald_hartwig,llm_semantic_phosphazene_base_heteroaromatic_halide_noprior,27101,96.1323,90.5099,3.8677,0,heldout,
real_buchwald_hartwig,mixed_kernel_gp_ei,27101,96.1323,94.5801,3.8677,0,heldout,
real_buchwald_hartwig,target_acquisition_portfolio,27101,96.1323,94.5801,3.8677,0,heldout,
real_buchwald_hartwig,care_strategy_router,27102,98.1771,98.1771,1.8229,1,heldout,llambo_warmstart_domain_knowledge_electron_poor_halide_noprior
real_buchwald_hartwig,gp_ucb,27102,93.3108,92.0633,6.6892,0,heldout,
real_buchwald_hartwig,llambo_warmstart_additive_tpsa_mid_base_tpsa_mid_synergy,27102,77.7556,59.2008,22.2444,0,heldout,
real_buchwald_hartwig,llambo_warmstart_additive_tpsa_mid_base_tpsa_mid_synergy_conservative,27102,77.7556,59.2008,22.2444,0,heldout,
real_buchwald_hartwig,llambo_warmstart_additive_tpsa_mid_base_tpsa_mid_synergy_noprior,27102,77.7556,59.2008,22.2444,0,heldout,
real_buchwald_hartwig,llambo_warmstart_amidine_base_simple_aryl_halide,27102,53.5999,52.9675,46.4001,0,heldout,
real_buchwald_hartwig,llambo_warmstart_amidine_base_simple_aryl_halide_conservative,27102,53.5999,52.9675,46.4001,0,heldout,
real_buchwald_hartwig,llambo_warmstart_amidine_base_simple_aryl_halide_noprior,27102,53.5999,52.9675,46.4001,0,heldout,
real_buchwald_hartwig,llambo_warmstart_conservative_low_semantic_mass,27102,85.6836,77.9319,14.3164,0,heldout,
real_buchwald_hartwig,llambo_warmstart_conservative_low_semantic_mass_conservative,27102,85.6836,77.9319,14.3164,0,heldout,
real_buchwald_hartwig,llambo_warmstart_conservative_low_semantic_mass_noprior,27102,85.6836,77.9319,14.3164,0,heldout,
real_buchwald_hartwig,llambo_warmstart_counter_hypothesis_heteroaromatic_benign,27102,85.1402,60.7297,14.8598,0,heldout,
real_buchwald_hartwig,llambo_warmstart_counter_hypothesis_heteroaromatic_benign_conservative,27102,85.1402,60.7297,14.8598,0,heldout,
real_buchwald_hartwig,llambo_warmstart_counter_hypothesis_heteroaromatic_benign_noprior,27102,85.1402,60.7297,14.8598,0,heldout,
real_buchwald_hartwig,llambo_warmstart_cross_skill_rule_bank,27102,71.5529,70.742,28.4471,0,heldout,
real_buchwald_hartwig,llambo_warmstart_domain_knowledge_electron_poor_halide,27102,98.1771,98.1771,1.8229,1,heldout,
real_buchwald_hartwig,llambo_warmstart_domain_knowledge_electron_poor_halide_conservative,27102,98.1771,98.1771,1.8229,1,heldout,
real_buchwald_hartwig,llambo_warmstart_domain_knowledge_electron_poor_halide_noprior,27102,98.1771,98.1771,1.8229,1,heldout,
real_buchwald_hartwig,llambo_warmstart_guanidine_base_high_mw_aryl_halide,27102,94.5498,87.2189,5.4502,0,heldout,
real_buchwald_hartwig,llambo_warmstart_guanidine_base_high_mw_aryl_halide_conservative,27102,94.5498,87.2189,5.4502,0,heldout,
real_buchwald_hartwig,llambo_warmstart_guanidine_base_high_mw_aryl_halide_noprior,27102,94.5498,87.2189,5.4502,0,heldout,
real_buchwald_hartwig,llambo_warmstart_high_mw_ligand_low_tpsa_base,27102,93.5878,91.2477,6.4122,0,heldout,
real_buchwald_hartwig,llambo_warmstart_high_mw_ligand_low_tpsa_base_conservative,27102,93.5878,91.2477,6.4122,0,heldout,
real_buchwald_hartwig,llambo_warmstart_high_mw_ligand_low_tpsa_base_noprior,27102,93.5878,91.2477,6.4122,0,heldout,
real_buchwald_hartwig,llambo_warmstart_phosphazene_base_heteroaromatic_halide,27102,94.501,64.2705,5.499,0,heldout,
real_buchwald_hartwig,llambo_warmstart_phosphazene_base_heteroaromatic_halide_conservative,27102,94.501,64.2705,5.499,0,heldout,
real_buchwald_hartwig,llambo_warmstart_phosphazene_base_heteroaromatic_halide_noprior,27102,94.501,64.2705,5.499,0,heldout,
real_buchwald_hartwig,llambo_warmstart_selector,27102,98.1771,98.1771,1.8229,1,heldout,llambo_warmstart_domain_knowledge_electron_poor_halide_noprior
real_buchwald_hartwig,llm_calibrated_selector,27102,93.3108,92.8545,6.6892,0,heldout,llm_semantic_amidine_base_simple_aryl_halide_noprior
real_buchwald_hartwig,llm_direct_prior_additive_tpsa_mid_base_tpsa_mid_synergy,27102,91.5286,91.5286,8.4714,0,heldout,
real_buchwald_hartwig,llm_direct_prior_additive_tpsa_mid_base_tpsa_mid_synergy_conservative,27102,91.5286,91.5286,8.4714,0,heldout,
real_buchwald_hartwig,llm_direct_prior_additive_tpsa_mid_base_tpsa_mid_synergy_noprior,27102,91.5286,91.5286,8.4714,0,heldout,
real_buchwald_hartwig,llm_direct_prior_amidine_base_simple_aryl_halide,27102,98.7313,95.13,1.2687,1,heldout,
real_buchwald_hartwig,llm_direct_prior_amidine_base_simple_aryl_halide_conservative,27102,98.7313,96.5705,1.2687,1,heldout,
real_buchwald_hartwig,llm_direct_prior_amidine_base_simple_aryl_halide_noprior,27102,98.7313,95.13,1.2687,1,heldout,
real_buchwald_hartwig,llm_direct_prior_conservative_low_semantic_mass,27102,95.129,95.129,4.871,0,heldout,
real_buchwald_hartwig,llm_direct_prior_conservative_low_semantic_mass_conservative,27102,95.129,95.129,4.871,0,heldout,
real_buchwald_hartwig,llm_direct_prior_conservative_low_semantic_mass_noprior,27102,95.129,95.129,4.871,0,heldout,
real_buchwald_hartwig,llm_direct_prior_counter_hypothesis_heteroaromatic_benign,27102,98.7313,93.6894,1.2687,1,heldout,
real_buchwald_hartwig,llm_direct_prior_counter_hypothesis_heteroaromatic_benign_conservative,27102,98.7313,93.6894,1.2687,1,heldout,
real_buchwald_hartwig,llm_direct_prior_counter_hypothesis_heteroaromatic_benign_noprior,27102,98.7313,93.6894,1.2687,1,heldout,
real_buchwald_hartwig,llm_direct_prior_cross_skill_rule_bank,27102,98.2872,94.424,1.7128,1,heldout,
real_buchwald_hartwig,llm_direct_prior_domain_knowledge_electron_poor_halide,27102,95.129,93.6888,4.871,0,heldout,
real_buchwald_hartwig,llm_direct_prior_domain_knowledge_electron_poor_halide_conservative,27102,95.129,93.6888,4.871,0,heldout,
real_buchwald_hartwig,llm_direct_prior_domain_knowledge_electron_poor_halide_noprior,27102,95.129,93.6888,4.871,0,heldout,
real_buchwald_hartwig,llm_direct_prior_guanidine_base_high_mw_aryl_halide,27102,91.5286,91.5286,8.4714,0,heldout,
real_buchwald_hartwig,llm_direct_prior_guanidine_base_high_mw_aryl_halide_conservative,27102,91.5286,91.5286,8.4714,0,heldout,
real_buchwald_hartwig,llm_direct_prior_guanidine_base_high_mw_aryl_halide_noprior,27102,91.5286,91.5286,8.4714,0,heldout,
real_buchwald_hartwig,llm_direct_prior_high_mw_ligand_low_tpsa_base,27102,92.3912,91.9599,7.6088,0,heldout,
real_buchwald_hartwig,llm_direct_prior_high_mw_ligand_low_tpsa_base_conservative,27102,94.5498,92.435,5.4502,0,heldout,
real_buchwald_hartwig,llm_direct_prior_high_mw_ligand_low_tpsa_base_noprior,27102,92.3912,91.9599,7.6088,0,heldout,
real_buchwald_hartwig,llm_direct_prior_phosphazene_base_heteroaromatic_halide,27102,91.5286,91.5286,8.4714,0,heldout,
real_buchwald_hartwig,llm_direct_prior_phosphazene_base_heteroaromatic_halide_conservative,27102,91.5286,91.5286,8.4714,0,heldout,
real_buchwald_hartwig,llm_direct_prior_phosphazene_base_heteroaromatic_halide_noprior,27102,91.5286,91.5286,8.4714,0,heldout,
real_buchwald_hartwig,llm_direct_prior_selector,27102,95.129,93.6888,4.871,0,heldout,llm_direct_prior_domain_knowledge_electron_poor_halide_noprior
real_buchwald_hartwig,llm_semantic_additive_tpsa_mid_base_tpsa_mid_synergy,27102,91.5286,91.5286,8.4714,0,heldout,
real_buchwald_hartwig,llm_semantic_additive_tpsa_mid_base_tpsa_mid_synergy_conservative,27102,91.6984,91.6135,8.3016,0,heldout,
real_buchwald_hartwig,llm_semantic_additive_tpsa_mid_base_tpsa_mid_synergy_noprior,27102,91.5286,91.5286,8.4714,0,heldout,
real_buchwald_hartwig,llm_semantic_amidine_base_simple_aryl_halide,27102,94.5498,92.5263,5.4502,0,heldout,
real_buchwald_hartwig,llm_semantic_amidine_base_simple_aryl_halide_conservative,27102,93.3108,92.7894,6.6892,0,heldout,
real_buchwald_hartwig,llm_semantic_amidine_base_simple_aryl_halide_noprior,27102,93.3108,92.8545,6.6892,0,heldout,
real_buchwald_hartwig,llm_semantic_conservative_low_semantic_mass,27102,93.3108,92.2415,6.6892,0,heldout,
real_buchwald_hartwig,llm_semantic_conservative_low_semantic_mass_conservative,27102,93.3108,92.2415,6.6892,0,heldout,
real_buchwald_hartwig,llm_semantic_conservative_low_semantic_mass_noprior,27102,93.3108,92.2415,6.6892,0,heldout,
real_buchwald_hartwig,llm_semantic_counter_hypothesis_heteroaromatic_benign,27102,93.3108,91.7068,6.6892,0,heldout,
real_buchwald_hartwig,llm_semantic_counter_hypothesis_heteroaromatic_benign_conservative,27102,98.2872,93.2958,1.7128,1,heldout,
real_buchwald_hartwig,llm_semantic_counter_hypothesis_heteroaromatic_benign_noprior,27102,93.4211,92.8114,6.5789,0,heldout,
real_buchwald_hartwig,llm_semantic_cross_skill_rule_bank,27102,93.3108,92.2415,6.6892,0,heldout,
real_buchwald_hartwig,llm_semantic_domain_knowledge_electron_poor_halide,27102,93.0289,92.2788,6.9711,0,heldout,
real_buchwald_hartwig,llm_semantic_domain_knowledge_electron_poor_halide_conservative,27102,92.127,91.6483,7.873,0,heldout,
real_buchwald_hartwig,llm_semantic_domain_knowledge_electron_poor_halide_noprior,27102,91.5286,91.5286,8.4714,0,heldout,
real_buchwald_hartwig,llm_semantic_guanidine_base_high_mw_aryl_halide,27102,91.5286,91.5286,8.4714,0,heldout,
real_buchwald_hartwig,llm_semantic_guanidine_base_high_mw_aryl_halide_conservative,27102,92.256,91.6013,7.744,0,heldout,
real_buchwald_hartwig,llm_semantic_guanidine_base_high_mw_aryl_halide_noprior,27102,93.0289,91.9787,6.9711,0,heldout,
real_buchwald_hartwig,llm_semantic_high_mw_ligand_low_tpsa_base,27102,98.2872,93.4804,1.7128,1,heldout,
real_buchwald_hartwig,llm_semantic_high_mw_ligand_low_tpsa_base_conservative,27102,98.2872,93.3698,1.7128,1,heldout,
real_buchwald_hartwig,llm_semantic_high_mw_ligand_low_tpsa_base_noprior,27102,98.2872,92.2045,1.7128,1,heldout,
real_buchwald_hartwig,llm_semantic_phosphazene_base_heteroaromatic_halide,27102,94.501,93.6093,5.499,0,heldout,
real_buchwald_hartwig,llm_semantic_phosphazene_base_heteroaromatic_halide_conservative,27102,94.501,92.8432,5.499,0,heldout,
real_buchwald_hartwig,llm_semantic_phosphazene_base_heteroaromatic_halide_noprior,27102,94.501,93.312,5.499,0,heldout,
real_buchwald_hartwig,mixed_kernel_gp_ei,27102,93.3108,92.2415,6.6892,0,heldout,
real_buchwald_hartwig,target_acquisition_portfolio,27102,93.3108,92.0633,6.6892,0,heldout,
real_buchwald_hartwig,care_strategy_router,27103,93.0995,86.5261,6.9005,0,heldout,llambo_warmstart_domain_knowledge_electron_poor_halide_noprior
real_buchwald_hartwig,gp_ucb,27103,99.6191,89.1435,0.3809,1,heldout,
real_buchwald_hartwig,llambo_warmstart_additive_tpsa_mid_base_tpsa_mid_synergy,27103,95.3865,90.9942,4.6135,0,heldout,
real_buchwald_hartwig,llambo_warmstart_additive_tpsa_mid_base_tpsa_mid_synergy_conservative,27103,95.3865,90.9942,4.6135,0,heldout,
real_buchwald_hartwig,llambo_warmstart_additive_tpsa_mid_base_tpsa_mid_synergy_noprior,27103,95.3865,90.9942,4.6135,0,heldout,
real_buchwald_hartwig,llambo_warmstart_amidine_base_simple_aryl_halide,27103,100.0,92.0564,0.0,1,heldout,
real_buchwald_hartwig,llambo_warmstart_amidine_base_simple_aryl_halide_conservative,27103,100.0,92.0564,0.0,1,heldout,
real_buchwald_hartwig,llambo_warmstart_amidine_base_simple_aryl_halide_noprior,27103,100.0,92.0564,0.0,1,heldout,
real_buchwald_hartwig,llambo_warmstart_conservative_low_semantic_mass,27103,93.0995,90.7171,6.9005,0,heldout,
real_buchwald_hartwig,llambo_warmstart_conservative_low_semantic_mass_conservative,27103,93.0995,90.7171,6.9005,0,heldout,
real_buchwald_hartwig,llambo_warmstart_conservative_low_semantic_mass_noprior,27103,93.0995,90.7171,6.9005,0,heldout,
real_buchwald_hartwig,llambo_warmstart_counter_hypothesis_heteroaromatic_benign,27103,85.6453,66.7601,14.3547,0,heldout,
real_buchwald_hartwig,llambo_warmstart_counter_hypothesis_heteroaromatic_benign_conservative,27103,85.6453,66.7601,14.3547,0,heldout,
real_buchwald_hartwig,llambo_warmstart_counter_hypothesis_heteroaromatic_benign_noprior,27103,85.6453,66.7601,14.3547,0,heldout,
real_buchwald_hartwig,llambo_warmstart_cross_skill_rule_bank,27103,84.4042,84.4042,15.5958,0,heldout,
real_buchwald_hartwig,llambo_warmstart_domain_knowledge_electron_poor_halide,27103,93.0995,86.5261,6.9005,0,heldout,
real_buchwald_hartwig,llambo_warmstart_domain_knowledge_electron_poor_halide_conservative,27103,93.0995,86.5261,6.9005,0,heldout,
real_buchwald_hartwig,llambo_warmstart_domain_knowledge_electron_poor_halide_noprior,27103,93.0995,86.5261,6.9005,0,heldout,
real_buchwald_hartwig,llambo_warmstart_guanidine_base_high_mw_aryl_halide,27103,92.3538,70.6772,7.6462,0,heldout,
real_buchwald_hartwig,llambo_warmstart_guanidine_base_high_mw_aryl_halide_conservative,27103,92.3538,70.6772,7.6462,0,heldout,
real_buchwald_hartwig,llambo_warmstart_guanidine_base_high_mw_aryl_halide_noprior,27103,92.3538,70.6772,7.6462,0,heldout,
real_buchwald_hartwig,llambo_warmstart_high_mw_ligand_low_tpsa_base,27103,99.0345,98.3015,0.9655,1,heldout,
real_buchwald_hartwig,llambo_warmstart_high_mw_ligand_low_tpsa_base_conservative,27103,99.0345,98.3015,0.9655,1,heldout,
real_buchwald_hartwig,llambo_warmstart_high_mw_ligand_low_tpsa_base_noprior,27103,99.0345,98.3015,0.9655,1,heldout,
real_buchwald_hartwig,llambo_warmstart_phosphazene_base_heteroaromatic_halide,27103,79.6552,79.6552,20.3448,0,heldout,
real_buchwald_hartwig,llambo_warmstart_phosphazene_base_heteroaromatic_halide_conservative,27103,79.6552,79.6552,20.3448,0,heldout,
real_buchwald_hartwig,llambo_warmstart_phosphazene_base_heteroaromatic_halide_noprior,27103,79.6552,79.6552,20.3448,0,heldout,
real_buchwald_hartwig,llambo_warmstart_selector,27103,93.0995,86.5261,6.9005,0,heldout,llambo_warmstart_domain_knowledge_electron_poor_halide_noprior
real_buchwald_hartwig,llm_calibrated_selector,27103,92.1197,89.045,7.8803,0,heldout,llm_semantic_amidine_base_simple_aryl_halide_noprior
real_buchwald_hartwig,llm_direct_prior_additive_tpsa_mid_base_tpsa_mid_synergy,27103,74.0474,70.5931,25.9526,0,heldout,
real_buchwald_hartwig,llm_direct_prior_additive_tpsa_mid_base_tpsa_mid_synergy_conservative,27103,91.3906,71.5187,8.6094,0,heldout,
real_buchwald_hartwig,llm_direct_prior_additive_tpsa_mid_base_tpsa_mid_synergy_noprior,27103,74.0474,70.5931,25.9526,0,heldout,
real_buchwald_hartwig,llm_direct_prior_amidine_base_simple_aryl_halide,27103,79.8724,77.3765,20.1276,0,heldout,
real_buchwald_hartwig,llm_direct_prior_amidine_base_simple_aryl_halide_conservative,27103,80.6849,76.7071,19.3151,0,heldout,
real_buchwald_hartwig,llm_direct_prior_amidine_base_simple_aryl_halide_noprior,27103,79.8724,77.3765,20.1276,0,heldout,
real_buchwald_hartwig,llm_direct_prior_conservative_low_semantic_mass,27103,86.5976,80.5177,13.4024,0,heldout,
real_buchwald_hartwig,llm_direct_prior_conservative_low_semantic_mass_conservative,27103,86.5976,80.5177,13.4024,0,heldout,
real_buchwald_hartwig,llm_direct_prior_conservative_low_semantic_mass_noprior,27103,86.5976,80.5177,13.4024,0,heldout,
real_buchwald_hartwig,llm_direct_prior_counter_hypothesis_heteroaromatic_benign,27103,84.8955,78.3299,15.1045,0,heldout,
real_buchwald_hartwig,llm_direct_prior_counter_hypothesis_heteroaromatic_benign_conservative,27103,79.8724,77.8276,20.1276,0,heldout,
real_buchwald_hartwig,llm_direct_prior_counter_hypothesis_heteroaromatic_benign_noprior,27103,84.8955,78.3299,15.1045,0,heldout,
real_buchwald_hartwig,llm_direct_prior_cross_skill_rule_bank,27103,100.0,96.5371,0.0,1,heldout,
real_buchwald_hartwig,llm_direct_prior_domain_knowledge_electron_poor_halide,27103,91.511,85.1061,8.489,0,heldout,
real_buchwald_hartwig,llm_direct_prior_domain_knowledge_electron_poor_halide_conservative,27103,100.0,90.3641,0.0,1,heldout,
real_buchwald_hartwig,llm_direct_prior_domain_knowledge_electron_poor_halide_noprior,27103,91.511,85.1061,8.489,0,heldout,
real_buchwald_hartwig,llm_direct_prior_guanidine_base_high_mw_aryl_halide,27103,91.9334,86.8402,8.0666,0,heldout,
real_buchwald_hartwig,llm_direct_prior_guanidine_base_high_mw_aryl_halide_conservative,27103,91.9334,87.8602,8.0666,0,heldout,
real_buchwald_hartwig,llm_direct_prior_guanidine_base_high_mw_aryl_halide_noprior,27103,91.9334,86.8402,8.0666,0,heldout,
real_buchwald_hartwig,llm_direct_prior_high_mw_ligand_low_tpsa_base,27103,89.3231,85.7794,10.6769,0,heldout,
real_buchwald_hartwig,llm_direct_prior_high_mw_ligand_low_tpsa_base_conservative,27103,92.3538,85.7274,7.6462,0,heldout,
real_buchwald_hartwig,llm_direct_prior_high_mw_ligand_low_tpsa_base_noprior,27103,89.3231,85.7794,10.6769,0,heldout,
real_buchwald_hartwig,llm_direct_prior_phosphazene_base_heteroaromatic_halide,27103,74.0474,70.1517,25.9526,0,heldout,
real_buchwald_hartwig,llm_direct_prior_phosphazene_base_heteroaromatic_halide_conservative,27103,76.7953,72.4762,23.2047,0,heldout,
real_buchwald_hartwig,llm_direct_prior_phosphazene_base_heteroaromatic_halide_noprior,27103,74.0474,70.1517,25.9526,0,heldout,
real_buchwald_hartwig,llm_direct_prior_selector,27103,91.511,85.1061,8.489,0,heldout,llm_direct_prior_domain_knowledge_electron_poor_halide_noprior
real_buchwald_hartwig,llm_semantic_additive_tpsa_mid_base_tpsa_mid_synergy,27103,86.4971,82.2975,13.5029,0,heldout,
real_buchwald_hartwig,llm_semantic_additive_tpsa_mid_base_tpsa_mid_synergy_conservative,27103,86.4971,84.4498,13.5029,0,heldout,
real_buchwald_hartwig,llm_semantic_additive_tpsa_mid_base_tpsa_mid_synergy_noprior,27103,86.4971,84.4498,13.5029,0,heldout,
real_buchwald_hartwig,llm_semantic_amidine_base_simple_aryl_halide,27103,91.1391,88.32,8.8609,0,heldout,
real_buchwald_hartwig,llm_semantic_amidine_base_simple_aryl_halide_conservative,27103,92.1197,89.2956,7.8803,0,heldout,
real_buchwald_hartwig,llm_semantic_amidine_base_simple_aryl_halide_noprior,27103,92.1197,89.045,7.8803,0,heldout,
real_buchwald_hartwig,llm_semantic_conservative_low_semantic_mass,27103,84.5385,82.193,15.4615,0,heldout,
real_buchwald_hartwig,llm_semantic_conservative_low_semantic_mass_conservative,27103,100.0,88.8102,0.0,1,heldout,
real_buchwald_hartwig,llm_semantic_conservative_low_semantic_mass_noprior,27103,100.0,88.8102,0.0,1,heldout,
real_buchwald_hartwig,llm_semantic_counter_hypothesis_heteroaromatic_benign,27103,88.5139,84.0159,11.4861,0,heldout,
real_buchwald_hartwig,llm_semantic_counter_hypothesis_heteroaromatic_benign_conservative,27103,89.6142,84.236,10.3858,0,heldout,
real_buchwald_hartwig,llm_semantic_counter_hypothesis_heteroaromatic_benign_noprior,27103,96.1323,84.9978,3.8677,0,heldout,
real_buchwald_hartwig,llm_semantic_cross_skill_rule_bank,27103,100.0,91.8647,0.0,1,heldout,
real_buchwald_hartwig,llm_semantic_domain_knowledge_electron_poor_halide,27103,96.1323,91.7478,3.8677,0,heldout,
real_buchwald_hartwig,llm_semantic_domain_knowledge_electron_poor_halide_conservative,27103,95.6759,89.1461,4.3241,0,heldout,
real_buchwald_hartwig,llm_semantic_domain_knowledge_electron_poor_halide_noprior,27103,93.0289,88.4566,6.9711,0,heldout,
real_buchwald_hartwig,llm_semantic_guanidine_base_high_mw_aryl_halide,27103,88.5139,80.5874,11.4861,0,heldout,
real_buchwald_hartwig,llm_semantic_guanidine_base_high_mw_aryl_halide_conservative,27103,88.5139,84.8531,11.4861,0,heldout,
real_buchwald_hartwig,llm_semantic_guanidine_base_high_mw_aryl_halide_noprior,27103,88.5139,84.8531,11.4861,0,heldout,
real_buchwald_hartwig,llm_semantic_high_mw_ligand_low_tpsa_base,27103,96.1323,83.408,3.8677,0,heldout,
real_buchwald_hartwig,llm_semantic_high_mw_ligand_low_tpsa_base_conservative,27103,89.6142,81.2248,10.3858,0,heldout,
real_buchwald_hartwig,llm_semantic_high_mw_ligand_low_tpsa_base_noprior,27103,86.4971,81.2214,13.5029,0,heldout,
real_buchwald_hartwig,llm_semantic_phosphazene_base_heteroaromatic_halide,27103,92.1197,84.7304,7.8803,0,heldout,
real_buchwald_hartwig,llm_semantic_phosphazene_base_heteroaromatic_halide_conservative,27103,88.4464,86.5644,11.5536,0,heldout,
real_buchwald_hartwig,llm_semantic_phosphazene_base_heteroaromatic_halide_noprior,27103,96.1323,89.6728,3.8677,0,heldout,
real_buchwald_hartwig,mixed_kernel_gp_ei,27103,100.0,91.2613,0.0,1,heldout,
real_buchwald_hartwig,target_acquisition_portfolio,27103,100.0,91.2613,0.0,1,heldout,
real_buchwald_hartwig,care_strategy_router,27104,92.904,92.5423,7.096,0,heldout,llambo_warmstart_domain_knowledge_electron_poor_halide_noprior
real_buchwald_hartwig,gp_ucb,27104,72.6377,72.6377,27.3623,0,heldout,
real_buchwald_hartwig,llambo_warmstart_additive_tpsa_mid_base_tpsa_mid_synergy,27104,80.1023,79.702,19.8977,0,heldout,
real_buchwald_hartwig,llambo_warmstart_additive_tpsa_mid_base_tpsa_mid_synergy_conservative,27104,80.1023,79.702,19.8977,0,heldout,
real_buchwald_hartwig,llambo_warmstart_additive_tpsa_mid_base_tpsa_mid_synergy_noprior,27104,80.1023,79.702,19.8977,0,heldout,
real_buchwald_hartwig,llambo_warmstart_amidine_base_simple_aryl_halide,27104,83.2944,79.5756,16.7056,0,heldout,
real_buchwald_hartwig,llambo_warmstart_amidine_base_simple_aryl_halide_conservative,27104,83.2944,79.5756,16.7056,0,heldout,
real_buchwald_hartwig,llambo_warmstart_amidine_base_simple_aryl_halide_noprior,27104,83.2944,79.5756,16.7056,0,heldout,
real_buchwald_hartwig,llambo_warmstart_conservative_low_semantic_mass,27104,93.3108,89.5743,6.6892,0,heldout,
real_buchwald_hartwig,llambo_warmstart_conservative_low_semantic_mass_conservative,27104,93.3108,89.5743,6.6892,0,heldout,
real_buchwald_hartwig,llambo_warmstart_conservative_low_semantic_mass_noprior,27104,93.3108,89.5743,6.6892,0,heldout,
real_buchwald_hartwig,llambo_warmstart_counter_hypothesis_heteroaromatic_benign,27104,95.6759,81.222,4.3241,0,heldout,
real_buchwald_hartwig,llambo_warmstart_counter_hypothesis_heteroaromatic_benign_conservative,27104,95.6759,81.222,4.3241,0,heldout,
real_buchwald_hartwig,llambo_warmstart_counter_hypothesis_heteroaromatic_benign_noprior,27104,95.6759,81.222,4.3241,0,heldout,
real_buchwald_hartwig,llambo_warmstart_cross_skill_rule_bank,27104,100.0,93.9559,0.0,1,heldout,
real_buchwald_hartwig,llambo_warmstart_domain_knowledge_electron_poor_halide,27104,92.904,92.5423,7.096,0,heldout,
real_buchwald_hartwig,llambo_warmstart_domain_knowledge_electron_poor_halide_conservative,27104,92.904,92.5423,7.096,0,heldout,
real_buchwald_hartwig,llambo_warmstart_domain_knowledge_electron_poor_halide_noprior,27104,92.904,92.5423,7.096,0,heldout,
real_buchwald_hartwig,llambo_warmstart_guanidine_base_high_mw_aryl_halide,27104,95.6759,86.9707,4.3241,0,heldout,
real_buchwald_hartwig,llambo_warmstart_guanidine_base_high_mw_aryl_halide_conservative,27104,95.6759,86.9707,4.3241,0,heldout,
real_buchwald_hartwig,llambo_warmstart_guanidine_base_high_mw_aryl_halide_noprior,27104,95.6759,86.9707,4.3241,0,heldout,
real_buchwald_hartwig,llambo_warmstart_high_mw_ligand_low_tpsa_base,27104,95.3865,92.8704,4.6135,0,heldout,
real_buchwald_hartwig,llambo_warmstart_high_mw_ligand_low_tpsa_base_conservative,27104,95.3865,92.8704,4.6135,0,heldout,
real_buchwald_hartwig,llambo_warmstart_high_mw_ligand_low_tpsa_base_noprior,27104,95.3865,92.8704,4.6135,0,heldout,
real_buchwald_hartwig,llambo_warmstart_phosphazene_base_heteroaromatic_halide,27104,94.3462,84.7099,5.6538,0,heldout,
real_buchwald_hartwig,llambo_warmstart_phosphazene_base_heteroaromatic_halide_conservative,27104,94.3462,84.7099,5.6538,0,heldout,
real_buchwald_hartwig,llambo_warmstart_phosphazene_base_heteroaromatic_halide_noprior,27104,94.3462,84.7099,5.6538,0,heldout,
real_buchwald_hartwig,llambo_warmstart_selector,27104,92.904,92.5423,7.096,0,heldout,llambo_warmstart_domain_knowledge_electron_poor_halide_noprior
real_buchwald_hartwig,llm_calibrated_selector,27104,98.2872,91.1515,1.7128,1,heldout,llm_semantic_amidine_base_simple_aryl_halide_noprior
real_buchwald_hartwig,llm_direct_prior_additive_tpsa_mid_base_tpsa_mid_synergy,27104,74.1389,73.3883,25.8611,0,heldout,
real_buchwald_hartwig,llm_direct_prior_additive_tpsa_mid_base_tpsa_mid_synergy_conservative,27104,74.1389,73.5384,25.8611,0,heldout,
real_buchwald_hartwig,llm_direct_prior_additive_tpsa_mid_base_tpsa_mid_synergy_noprior,27104,74.1389,73.3883,25.8611,0,heldout,
real_buchwald_hartwig,llm_direct_prior_amidine_base_simple_aryl_halide,27104,83.0965,79.4553,16.9035,0,heldout,
real_buchwald_hartwig,llm_direct_prior_amidine_base_simple_aryl_halide_conservative,27104,83.0965,79.4553,16.9035,0,heldout,
real_buchwald_hartwig,llm_direct_prior_amidine_base_simple_aryl_halide_noprior,27104,83.0965,79.4553,16.9035,0,heldout,
real_buchwald_hartwig,llm_direct_prior_conservative_low_semantic_mass,27104,81.2283,77.3066,18.7717,0,heldout,
real_buchwald_hartwig,llm_direct_prior_conservative_low_semantic_mass_conservative,27104,81.2283,77.3066,18.7717,0,heldout,
real_buchwald_hartwig,llm_direct_prior_conservative_low_semantic_mass_noprior,27104,81.2283,77.3066,18.7717,0,heldout,
real_buchwald_hartwig,llm_direct_prior_counter_hypothesis_heteroaromatic_benign,27104,83.0965,78.707,16.9035,0,heldout,
real_buchwald_hartwig,llm_direct_prior_counter_hypothesis_heteroaromatic_benign_conservative,27104,83.0965,78.3846,16.9035,0,heldout,
real_buchwald_hartwig,llm_direct_prior_counter_hypothesis_heteroaromatic_benign_noprior,27104,83.0965,78.707,16.9035,0,heldout,
real_buchwald_hartwig,llm_direct_prior_cross_skill_rule_bank,27104,94.6911,89.821,5.3089,0,heldout,
real_buchwald_hartwig,llm_direct_prior_domain_knowledge_electron_poor_halide,27104,93.4211,85.1597,6.5789,0,heldout,
real_buchwald_hartwig,llm_direct_prior_domain_knowledge_electron_poor_halide_conservative,27104,93.7486,82.0136,6.2514,0,heldout,
real_buchwald_hartwig,llm_direct_prior_domain_knowledge_electron_poor_halide_noprior,27104,93.4211,85.1597,6.5789,0,heldout,
real_buchwald_hartwig,llm_direct_prior_guanidine_base_high_mw_aryl_halide,27104,90.2279,80.6543,9.7721,0,heldout,
real_buchwald_hartwig,llm_direct_prior_guanidine_base_high_mw_aryl_halide_conservative,27104,88.1675,79.7089,11.8325,0,heldout,
real_buchwald_hartwig,llm_direct_prior_guanidine_base_high_mw_aryl_halide_noprior,27104,90.2279,80.6543,9.7721,0,heldout,
real_buchwald_hartwig,llm_direct_prior_high_mw_ligand_low_tpsa_base,27104,82.6307,74.6363,17.3693,0,heldout,
real_buchwald_hartwig,llm_direct_prior_high_mw_ligand_low_tpsa_base_conservative,27104,95.6759,78.8797,4.3241,0,heldout,
real_buchwald_hartwig,llm_direct_prior_high_mw_ligand_low_tpsa_base_noprior,27104,82.6307,74.6363,17.3693,0,heldout,
real_buchwald_hartwig,llm_direct_prior_phosphazene_base_heteroaromatic_halide,27104,74.0474,73.2016,25.9526,0,heldout,
real_buchwald_hartwig,llm_direct_prior_phosphazene_base_heteroaromatic_halide_conservative,27104,74.0474,73.9064,25.9526,0,heldout,
real_buchwald_hartwig,llm_direct_prior_phosphazene_base_heteroaromatic_halide_noprior,27104,74.0474,73.2016,25.9526,0,heldout,
real_buchwald_hartwig,llm_direct_prior_selector,27104,93.4211,85.1597,6.5789,0,heldout,llm_direct_prior_domain_knowledge_electron_poor_halide_noprior
real_buchwald_hartwig,llm_semantic_additive_tpsa_mid_base_tpsa_mid_synergy,27104,72.6377,72.6377,27.3623,0,heldout,
real_buchwald_hartwig,llm_semantic_additive_tpsa_mid_base_tpsa_mid_synergy_conservative,27104,74.1389,73.2382,25.8611,0,heldout,
real_buchwald_hartwig,llm_semantic_additive_tpsa_mid_base_tpsa_mid_synergy_noprior,27104,72.6377,72.6377,27.3623,0,heldout,
real_buchwald_hartwig,llm_semantic_amidine_base_simple_aryl_halide,27104,74.6234,74.0277,25.3766,0,heldout,
real_buchwald_hartwig,llm_semantic_amidine_base_simple_aryl_halide_conservative,27104,93.0289,90.0606,6.9711,0,heldout,
real_buchwald_hartwig,llm_semantic_amidine_base_simple_aryl_halide_noprior,27104,98.2872,91.1515,1.7128,1,heldout,
real_buchwald_hartwig,llm_semantic_conservative_low_semantic_mass,27104,80.6849,77.6055,19.3151,0,heldout,
real_buchwald_hartwig,llm_semantic_conservative_low_semantic_mass_conservative,27104,79.8724,77.169,20.1276,0,heldout,
real_buchwald_hartwig,llm_semantic_conservative_low_semantic_mass_noprior,27104,79.8724,77.169,20.1276,0,heldout,
real_buchwald_hartwig,llm_semantic_counter_hypothesis_heteroaromatic_benign,27104,95.3865,90.6735,4.6135,0,heldout,
real_buchwald_hartwig,llm_semantic_counter_hypothesis_heteroaromatic_benign_conservative,27104,86.2198,80.787,13.7802,0,heldout,
real_buchwald_hartwig,llm_semantic_counter_hypothesis_heteroaromatic_benign_noprior,27104,95.3865,90.6735,4.6135,0,heldout,
real_buchwald_hartwig,llm_semantic_cross_skill_rule_bank,27104,98.7313,90.8815,1.2687,1,heldout,
real_buchwald_hartwig,llm_semantic_domain_knowledge_electron_poor_halide,27104,73.5742,72.825,26.4258,0,heldout,
real_buchwald_hartwig,llm_semantic_domain_knowledge_electron_poor_halide_conservative,27104,93.0289,81.9084,6.9711,0,heldout,
real_buchwald_hartwig,llm_semantic_domain_knowledge_electron_poor_halide_noprior,27104,75.2915,73.2366,24.7085,0,heldout,
real_buchwald_hartwig,llm_semantic_guanidine_base_high_mw_aryl_halide,27104,86.2198,75.8569,13.7802,0,heldout,
real_buchwald_hartwig,llm_semantic_guanidine_base_high_mw_aryl_halide_conservative,27104,78.005,76.9315,21.995,0,heldout,
real_buchwald_hartwig,llm_semantic_guanidine_base_high_mw_aryl_halide_noprior,27104,80.6006,78.2117,19.3994,0,heldout,
real_buchwald_hartwig,llm_semantic_high_mw_ligand_low_tpsa_base,27104,100.0,84.8329,0.0,1,heldout,
real_buchwald_hartwig,llm_semantic_high_mw_ligand_low_tpsa_base_conservative,27104,98.2872,82.8187,1.7128,1,heldout,
real_buchwald_hartwig,llm_semantic_high_mw_ligand_low_tpsa_base_noprior,27104,100.0,83.543,0.0,1,heldout,
real_buchwald_hartwig,llm_semantic_phosphazene_base_heteroaromatic_halide,27104,77.5468,74.6013,22.4532,0,heldout,
real_buchwald_hartwig,llm_semantic_phosphazene_base_heteroaromatic_halide_conservative,27104,75.2856,73.6969,24.7144,0,heldout,
real_buchwald_hartwig,llm_semantic_phosphazene_base_heteroaromatic_halide_noprior,27104,77.5468,75.5832,22.4532,0,heldout,
real_buchwald_hartwig,mixed_kernel_gp_ei,27104,77.3329,74.0463,22.6671,0,heldout,
real_buchwald_hartwig,target_acquisition_portfolio,27104,77.3329,74.5158,22.6671,0,heldout,
real_buchwald_hartwig,care_strategy_router,27105,86.1944,84.0208,13.8056,0,heldout,llambo_warmstart_domain_knowledge_electron_poor_halide_noprior
real_buchwald_hartwig,gp_ucb,27105,100.0,96.6974,0.0,1,heldout,
real_buchwald_hartwig,llambo_warmstart_additive_tpsa_mid_base_tpsa_mid_synergy,27105,68.765,67.4258,31.235,0,heldout,
real_buchwald_hartwig,llambo_warmstart_additive_tpsa_mid_base_tpsa_mid_synergy_conservative,27105,68.765,67.4258,31.235,0,heldout,
real_buchwald_hartwig,llambo_warmstart_additive_tpsa_mid_base_tpsa_mid_synergy_noprior,27105,68.765,67.4258,31.235,0,heldout,
real_buchwald_hartwig,llambo_warmstart_amidine_base_simple_aryl_halide,27105,98.8492,85.4886,1.1508,1,heldout,
real_buchwald_hartwig,llambo_warmstart_amidine_base_simple_aryl_halide_conservative,27105,98.8492,85.4886,1.1508,1,heldout,
real_buchwald_hartwig,llambo_warmstart_amidine_base_simple_aryl_halide_noprior,27105,98.8492,85.4886,1.1508,1,heldout,
real_buchwald_hartwig,llambo_warmstart_conservative_low_semantic_mass,27105,93.3108,93.0882,6.6892,0,heldout,
real_buchwald_hartwig,llambo_warmstart_conservative_low_semantic_mass_conservative,27105,93.3108,93.0882,6.6892,0,heldout,
real_buchwald_hartwig,llambo_warmstart_conservative_low_semantic_mass_noprior,27105,93.3108,93.0882,6.6892,0,heldout,
real_buchwald_hartwig,llambo_warmstart_counter_hypothesis_heteroaromatic_benign,27105,99.6191,92.7341,0.3809,1,heldout,
real_buchwald_hartwig,llambo_warmstart_counter_hypothesis_heteroaromatic_benign_conservative,27105,99.6191,92.7341,0.3809,1,heldout,
real_buchwald_hartwig,llambo_warmstart_counter_hypothesis_heteroaromatic_benign_noprior,27105,99.6191,92.7341,0.3809,1,heldout,
real_buchwald_hartwig,llambo_warmstart_cross_skill_rule_bank,27105,100.0,85.8307,0.0,1,heldout,
real_buchwald_hartwig,llambo_warmstart_domain_knowledge_electron_poor_halide,27105,86.1944,84.0208,13.8056,0,heldout,
real_buchwald_hartwig,llambo_warmstart_domain_knowledge_electron_poor_halide_conservative,27105,86.1944,84.0208,13.8056,0,heldout,
real_buchwald_hartwig,llambo_warmstart_domain_knowledge_electron_poor_halide_noprior,27105,86.1944,84.0208,13.8056,0,heldout,
real_buchwald_hartwig,llambo_warmstart_guanidine_base_high_mw_aryl_halide,27105,97.2929,95.8725,2.7071,0,heldout,
real_buchwald_hartwig,llambo_warmstart_guanidine_base_high_mw_aryl_halide_conservative,27105,97.2929,95.8725,2.7071,0,heldout,
real_buchwald_hartwig,llambo_warmstart_guanidine_base_high_mw_aryl_halide_noprior,27105,97.2929,95.8725,2.7071,0,heldout,
real_buchwald_hartwig,llambo_warmstart_high_mw_ligand_low_tpsa_base,27105,95.6759,76.4499,4.3241,0,heldout,
real_buchwald_hartwig,llambo_warmstart_high_mw_ligand_low_tpsa_base_conservative,27105,95.6759,76.4499,4.3241,0,heldout,
real_buchwald_hartwig,llambo_warmstart_high_mw_ligand_low_tpsa_base_noprior,27105,95.6759,76.4499,4.3241,0,heldout,
real_buchwald_hartwig,llambo_warmstart_phosphazene_base_heteroaromatic_halide,27105,68.765,67.8084,31.235,0,heldout,
real_buchwald_hartwig,llambo_warmstart_phosphazene_base_heteroaromatic_halide_conservative,27105,68.765,67.8084,31.235,0,heldout,
real_buchwald_hartwig,llambo_warmstart_phosphazene_base_heteroaromatic_halide_noprior,27105,68.765,67.8084,31.235,0,heldout,
real_buchwald_hartwig,llambo_warmstart_selector,27105,86.1944,84.0208,13.8056,0,heldout,llambo_warmstart_domain_knowledge_electron_poor_halide_noprior
real_buchwald_hartwig,llm_calibrated_selector,27105,93.5878,90.2587,6.4122,0,heldout,llm_semantic_amidine_base_simple_aryl_halide_noprior
real_buchwald_hartwig,llm_direct_prior_additive_tpsa_mid_base_tpsa_mid_synergy,27105,89.5988,89.5988,10.4012,0,heldout,
real_buchwald_hartwig,llm_direct_prior_additive_tpsa_mid_base_tpsa_mid_synergy_conservative,27105,89.5988,89.5988,10.4012,0,heldout,
real_buchwald_hartwig,llm_direct_prior_additive_tpsa_mid_base_tpsa_mid_synergy_noprior,27105,89.5988,89.5988,10.4012,0,heldout,
real_buchwald_hartwig,llm_direct_prior_amidine_base_simple_aryl_halide,27105,89.5988,89.5988,10.4012,0,heldout,
real_buchwald_hartwig,llm_direct_prior_amidine_base_simple_aryl_halide_conservative,27105,89.5988,89.5988,10.4012,0,heldout,
real_buchwald_hartwig,llm_direct_prior_amidine_base_simple_aryl_halide_noprior,27105,89.5988,89.5988,10.4012,0,heldout,
real_buchwald_hartwig,llm_direct_prior_conservative_low_semantic_mass,27105,89.5988,89.5988,10.4012,0,heldout,
real_buchwald_hartwig,llm_direct_prior_conservative_low_semantic_mass_conservative,27105,89.5988,89.5988,10.4012,0,heldout,
real_buchwald_hartwig,llm_direct_prior_conservative_low_semantic_mass_noprior,27105,89.5988,89.5988,10.4012,0,heldout,
real_buchwald_hartwig,llm_direct_prior_counter_hypothesis_heteroaromatic_benign,27105,89.5988,89.5988,10.4012,0,heldout,
real_buchwald_hartwig,llm_direct_prior_counter_hypothesis_heteroaromatic_benign_conservative,27105,89.5988,89.5988,10.4012,0,heldout,
real_buchwald_hartwig,llm_direct_prior_counter_hypothesis_heteroaromatic_benign_noprior,27105,89.5988,89.5988,10.4012,0,heldout,
real_buchwald_hartwig,llm_direct_prior_cross_skill_rule_bank,27105,100.0,98.9599,0.0,1,heldout,
real_buchwald_hartwig,llm_direct_prior_domain_knowledge_electron_poor_halide,27105,89.5988,89.5988,10.4012,0,heldout,
real_buchwald_hartwig,llm_direct_prior_domain_knowledge_electron_poor_halide_conservative,27105,89.5988,89.5988,10.4012,0,heldout,
real_buchwald_hartwig,llm_direct_prior_domain_knowledge_electron_poor_halide_noprior,27105,89.5988,89.5988,10.4012,0,heldout,
real_buchwald_hartwig,llm_direct_prior_guanidine_base_high_mw_aryl_halide,27105,89.5988,89.5988,10.4012,0,heldout,
real_buchwald_hartwig,llm_direct_prior_guanidine_base_high_mw_aryl_halide_conservative,27105,89.5988,89.5988,10.4012,0,heldout,
real_buchwald_hartwig,llm_direct_prior_guanidine_base_high_mw_aryl_halide_noprior,27105,89.5988,89.5988,10.4012,0,heldout,
real_buchwald_hartwig,llm_direct_prior_high_mw_ligand_low_tpsa_base,27105,89.5988,89.5988,10.4012,0,heldout,
real_buchwald_hartwig,llm_direct_prior_high_mw_ligand_low_tpsa_base_conservative,27105,100.0,94.7994,0.0,1,heldout,
real_buchwald_hartwig,llm_direct_prior_high_mw_ligand_low_tpsa_base_noprior,27105,89.5988,89.5988,10.4012,0,heldout,
real_buchwald_hartwig,llm_direct_prior_phosphazene_base_heteroaromatic_halide,27105,89.5988,89.5988,10.4012,0,heldout,
real_buchwald_hartwig,llm_direct_prior_phosphazene_base_heteroaromatic_halide_conservative,27105,89.5988,89.5988,10.4012,0,heldout,
real_buchwald_hartwig,llm_direct_prior_phosphazene_base_heteroaromatic_halide_noprior,27105,89.5988,89.5988,10.4012,0,heldout,
real_buchwald_hartwig,llm_direct_prior_selector,27105,89.5988,89.5988,10.4012,0,heldout,llm_direct_prior_domain_knowledge_electron_poor_halide_noprior
real_buchwald_hartwig,llm_semantic_additive_tpsa_mid_base_tpsa_mid_synergy,27105,89.5988,89.5988,10.4012,0,heldout,
real_buchwald_hartwig,llm_semantic_additive_tpsa_mid_base_tpsa_mid_synergy_conservative,27105,91.1391,90.677,8.8609,0,heldout,
real_buchwald_hartwig,llm_semantic_additive_tpsa_mid_base_tpsa_mid_synergy_noprior,27105,91.4851,89.7874,8.5149,0,heldout,
real_buchwald_hartwig,llm_semantic_amidine_base_simple_aryl_halide,27105,100.0,95.6572,0.0,1,heldout,
real_buchwald_hartwig,llm_semantic_amidine_base_simple_aryl_halide_conservative,27105,100.0,94.6171,0.0,1,heldout,
real_buchwald_hartwig,llm_semantic_amidine_base_simple_aryl_halide_noprior,27105,93.5878,90.2587,6.4122,0,heldout,
real_buchwald_hartwig,llm_semantic_conservative_low_semantic_mass,27105,100.0,96.8796,0.0,1,heldout,
real_buchwald_hartwig,llm_semantic_conservative_low_semantic_mass_conservative,27105,100.0,96.8796,0.0,1,heldout,
real_buchwald_hartwig,llm_semantic_conservative_low_semantic_mass_noprior,27105,100.0,96.8796,0.0,1,heldout,
real_buchwald_hartwig,llm_semantic_counter_hypothesis_heteroaromatic_benign,27105,100.0,91.679,0.0,1,heldout,
real_buchwald_hartwig,llm_semantic_counter_hypothesis_heteroaromatic_benign_conservative,27105,100.0,93.577,0.0,1,heldout,
real_buchwald_hartwig,llm_semantic_counter_hypothesis_heteroaromatic_benign_noprior,27105,89.5988,89.5988,10.4012,0,heldout,
real_buchwald_hartwig,llm_semantic_cross_skill_rule_bank,27105,91.0563,90.036,8.9437,0,heldout,
real_buchwald_hartwig,llm_semantic_domain_knowledge_electron_poor_halide,27105,89.5988,89.5988,10.4012,0,heldout,
real_buchwald_hartwig,llm_semantic_domain_knowledge_electron_poor_halide_conservative,27105,96.1323,92.6743,3.8677,0,heldout,
real_buchwald_hartwig,llm_semantic_domain_knowledge_electron_poor_halide_noprior,27105,89.5988,89.5988,10.4012,0,heldout,
real_buchwald_hartwig,llm_semantic_guanidine_base_high_mw_aryl_halide,27105,89.5988,89.5988,10.4012,0,heldout,
real_buchwald_hartwig,llm_semantic_guanidine_base_high_mw_aryl_halide_conservative,27105,91.1391,90.0609,8.8609,0,heldout,
real_buchwald_hartwig,llm_semantic_guanidine_base_high_mw_aryl_halide_noprior,27105,89.5988,89.5988,10.4012,0,heldout,
real_buchwald_hartwig,llm_semantic_high_mw_ligand_low_tpsa_base,27105,100.0,94.6171,0.0,1,heldout,
real_buchwald_hartwig,llm_semantic_high_mw_ligand_low_tpsa_base_conservative,27105,89.6142,89.6019,10.3858,0,heldout,
real_buchwald_hartwig,llm_semantic_high_mw_ligand_low_tpsa_base_noprior,27105,89.5988,89.5988,10.4012,0,heldout,
real_buchwald_hartwig,llm_semantic_phosphazene_base_heteroaromatic_halide,27105,89.5988,89.5988,10.4012,0,heldout,
real_buchwald_hartwig,llm_semantic_phosphazene_base_heteroaromatic_halide_conservative,27105,93.5878,91.5933,6.4122,0,heldout,
real_buchwald_hartwig,llm_semantic_phosphazene_base_heteroaromatic_halide_noprior,27105,89.5988,89.5988,10.4012,0,heldout,
real_buchwald_hartwig,mixed_kernel_gp_ei,27105,100.0,96.6974,0.0,1,heldout,
real_buchwald_hartwig,target_acquisition_portfolio,27105,100.0,96.6974,0.0,1,heldout,
real_buchwald_hartwig,care_strategy_router,27106,100.0,98.0028,0.0,1,heldout,llambo_warmstart_domain_knowledge_electron_poor_halide_noprior
real_buchwald_hartwig,gp_ucb,27106,81.2283,71.6881,18.7717,0,heldout,
real_buchwald_hartwig,llambo_warmstart_additive_tpsa_mid_base_tpsa_mid_synergy,27106,99.6191,88.9768,0.3809,1,heldout,
real_buchwald_hartwig,llambo_warmstart_additive_tpsa_mid_base_tpsa_mid_synergy_conservative,27106,99.6191,88.9768,0.3809,1,heldout,
real_buchwald_hartwig,llambo_warmstart_additive_tpsa_mid_base_tpsa_mid_synergy_noprior,27106,99.6191,88.9768,0.3809,1,heldout,
real_buchwald_hartwig,llambo_warmstart_amidine_base_simple_aryl_halide,27106,73.2728,71.3,26.7272,0,heldout,
real_buchwald_hartwig,llambo_warmstart_amidine_base_simple_aryl_halide_conservative,27106,73.2728,71.3,26.7272,0,heldout,
real_buchwald_hartwig,llambo_warmstart_amidine_base_simple_aryl_halide_noprior,27106,73.2728,71.3,26.7272,0,heldout,
real_buchwald_hartwig,llambo_warmstart_conservative_low_semantic_mass,27106,93.7486,91.451,6.2514,0,heldout,
real_buchwald_hartwig,llambo_warmstart_conservative_low_semantic_mass_conservative,27106,93.7486,91.451,6.2514,0,heldout,
real_buchwald_hartwig,llambo_warmstart_conservative_low_semantic_mass_noprior,27106,93.7486,91.451,6.2514,0,heldout,
real_buchwald_hartwig,llambo_warmstart_counter_hypothesis_heteroaromatic_benign,27106,79.1971,76.354,20.8029,0,heldout,
real_buchwald_hartwig,llambo_warmstart_counter_hypothesis_heteroaromatic_benign_conservative,27106,79.1971,76.354,20.8029,0,heldout,
real_buchwald_hartwig,llambo_warmstart_counter_hypothesis_heteroaromatic_benign_noprior,27106,79.1971,76.354,20.8029,0,heldout,
real_buchwald_hartwig,llambo_warmstart_cross_skill_rule_bank,27106,99.6191,91.1385,0.3809,1,heldout,
real_buchwald_hartwig,llambo_warmstart_domain_knowledge_electron_poor_halide,27106,100.0,98.0028,0.0,1,heldout,
real_buchwald_hartwig,llambo_warmstart_domain_knowledge_electron_poor_halide_conservative,27106,100.0,98.0028,0.0,1,heldout,
real_buchwald_hartwig,llambo_warmstart_domain_knowledge_electron_poor_halide_noprior,27106,100.0,98.0028,0.0,1,heldout,
real_buchwald_hartwig,llambo_warmstart_guanidine_base_high_mw_aryl_halide,27106,83.2944,71.5012,16.7056,0,heldout,
real_buchwald_hartwig,llambo_warmstart_guanidine_base_high_mw_aryl_halide_conservative,27106,83.2944,71.5012,16.7056,0,heldout,
real_buchwald_hartwig,llambo_warmstart_guanidine_base_high_mw_aryl_halide_noprior,27106,83.2944,71.5012,16.7056,0,heldout,
real_buchwald_hartwig,llambo_warmstart_high_mw_ligand_low_tpsa_base,27106,82.3289,82.3289,17.6711,0,heldout,
real_buchwald_hartwig,llambo_warmstart_high_mw_ligand_low_tpsa_base_conservative,27106,82.3289,82.3289,17.6711,0,heldout,
real_buchwald_hartwig,llambo_warmstart_high_mw_ligand_low_tpsa_base_noprior,27106,82.3289,82.3289,17.6711,0,heldout,
real_buchwald_hartwig,llambo_warmstart_phosphazene_base_heteroaromatic_halide,27106,89.5866,72.1663,10.4134,0,heldout,
real_buchwald_hartwig,llambo_warmstart_phosphazene_base_heteroaromatic_halide_conservative,27106,89.5866,72.1663,10.4134,0,heldout,
real_buchwald_hartwig,llambo_warmstart_phosphazene_base_heteroaromatic_halide_noprior,27106,89.5866,72.1663,10.4134,0,heldout,
real_buchwald_hartwig,llambo_warmstart_selector,27106,100.0,98.0028,0.0,1,heldout,llambo_warmstart_domain_knowledge_electron_poor_halide_noprior
real_buchwald_hartwig,llm_calibrated_selector,27106,75.0367,63.658,24.9633,0,heldout,llm_semantic_amidine_base_simple_aryl_halide_noprior
real_buchwald_hartwig,llm_direct_prior_additive_tpsa_mid_base_tpsa_mid_synergy,27106,80.2853,76.9124,19.7147,0,heldout,
real_buchwald_hartwig,llm_direct_prior_additive_tpsa_mid_base_tpsa_mid_synergy_conservative,27106,78.8011,73.1081,21.1989,0,heldout,
real_buchwald_hartwig,llm_direct_prior_additive_tpsa_mid_base_tpsa_mid_synergy_noprior,27106,80.2853,76.9124,19.7147,0,heldout,
real_buchwald_hartwig,llm_direct_prior_amidine_base_simple_aryl_halide,27106,79.8903,75.8708,20.1097,0,heldout,
real_buchwald_hartwig,llm_direct_prior_amidine_base_simple_aryl_halide_conservative,27106,79.8903,76.5279,20.1097,0,heldout,
real_buchwald_hartwig,llm_direct_prior_amidine_base_simple_aryl_halide_noprior,27106,79.8903,75.8708,20.1097,0,heldout,
real_buchwald_hartwig,llm_direct_prior_conservative_low_semantic_mass,27106,73.3193,70.549,26.6807,0,heldout,
real_buchwald_hartwig,llm_direct_prior_conservative_low_semantic_mass_conservative,27106,73.3193,70.549,26.6807,0,heldout,
real_buchwald_hartwig,llm_direct_prior_conservative_low_semantic_mass_noprior,27106,73.3193,70.549,26.6807,0,heldout,
real_buchwald_hartwig,llm_direct_prior_counter_hypothesis_heteroaromatic_benign,27106,73.5742,68.2685,26.4258,0,heldout,
real_buchwald_hartwig,llm_direct_prior_counter_hypothesis_heteroaromatic_benign_conservative,27106,73.8549,67.9368,26.1451,0,heldout,
real_buchwald_hartwig,llm_direct_prior_counter_hypothesis_heteroaromatic_benign_noprior,27106,73.5742,68.2685,26.4258,0,heldout,
real_buchwald_hartwig,llm_direct_prior_cross_skill_rule_bank,27106,89.3231,86.4826,10.6769,0,heldout,
real_buchwald_hartwig,llm_direct_prior_domain_knowledge_electron_poor_halide,27106,96.1323,79.7344,3.8677,0,heldout,
real_buchwald_hartwig,llm_direct_prior_domain_knowledge_electron_poor_halide_conservative,27106,89.5592,80.3535,10.4408,0,heldout,
real_buchwald_hartwig,llm_direct_prior_domain_knowledge_electron_poor_halide_noprior,27106,96.1323,79.7344,3.8677,0,heldout,
real_buchwald_hartwig,llm_direct_prior_guanidine_base_high_mw_aryl_halide,27106,85.1447,78.2604,14.8553,0,heldout,
real_buchwald_hartwig,llm_direct_prior_guanidine_base_high_mw_aryl_halide_conservative,27106,91.9334,74.5561,8.0666,0,heldout,
real_buchwald_hartwig,llm_direct_prior_guanidine_base_high_mw_aryl_halide_noprior,27106,85.1447,78.2604,14.8553,0,heldout,
real_buchwald_hartwig,llm_direct_prior_high_mw_ligand_low_tpsa_base,27106,90.3173,83.8794,9.6827,0,heldout,
real_buchwald_hartwig,llm_direct_prior_high_mw_ligand_low_tpsa_base_conservative,27106,92.3538,78.5747,7.6462,0,heldout,
real_buchwald_hartwig,llm_direct_prior_high_mw_ligand_low_tpsa_base_noprior,27106,90.3173,83.8794,9.6827,0,heldout,
real_buchwald_hartwig,llm_direct_prior_phosphazene_base_heteroaromatic_halide,27106,91.3733,86.0384,8.6267,0,heldout,
real_buchwald_hartwig,llm_direct_prior_phosphazene_base_heteroaromatic_halide_conservative,27106,89.4671,72.6283,10.5329,0,heldout,
real_buchwald_hartwig,llm_direct_prior_phosphazene_base_heteroaromatic_halide_noprior,27106,91.3733,86.0384,8.6267,0,heldout,
real_buchwald_hartwig,llm_direct_prior_selector,27106,96.1323,79.7344,3.8677,0,heldout,llm_direct_prior_domain_knowledge_electron_poor_halide_noprior
real_buchwald_hartwig,llm_semantic_additive_tpsa_mid_base_tpsa_mid_synergy,27106,75.9961,66.7904,24.0039,0,heldout,
real_buchwald_hartwig,llm_semantic_additive_tpsa_mid_base_tpsa_mid_synergy_conservative,27106,86.4971,79.0573,13.5029,0,heldout,
real_buchwald_hartwig,llm_semantic_additive_tpsa_mid_base_tpsa_mid_synergy_noprior,27106,63.5268,63.5268,36.4732,0,heldout,
real_buchwald_hartwig,llm_semantic_amidine_base_simple_aryl_halide,27106,79.8724,66.4004,20.1276,0,heldout,
real_buchwald_hartwig,llm_semantic_amidine_base_simple_aryl_halide_conservative,27106,73.3193,68.9441,26.6807,0,heldout,
real_buchwald_hartwig,llm_semantic_amidine_base_simple_aryl_halide_noprior,27106,75.0367,63.658,24.9633,0,heldout,
real_buchwald_hartwig,llm_semantic_conservative_low_semantic_mass,27106,89.3231,74.9148,10.6769,0,heldout,
real_buchwald_hartwig,llm_semantic_conservative_low_semantic_mass_conservative,27106,89.6142,79.3062,10.3858,0,heldout,
real_buchwald_hartwig,llm_semantic_conservative_low_semantic_mass_noprior,27106,89.6142,79.3062,10.3858,0,heldout,
real_buchwald_hartwig,llm_semantic_counter_hypothesis_heteroaromatic_benign,27106,81.5694,70.469,18.4306,0,heldout,
real_buchwald_hartwig,llm_semantic_counter_hypothesis_heteroaromatic_benign_conservative,27106,74.3952,70.9141,25.6048,0,heldout,
real_buchwald_hartwig,llm_semantic_counter_hypothesis_heteroaromatic_benign_noprior,27106,61.0482,60.8603,38.9518,0,heldout,
real_buchwald_hartwig,llm_semantic_cross_skill_rule_bank,27106,73.2728,65.4867,26.7272,0,heldout,
real_buchwald_hartwig,llm_semantic_domain_knowledge_electron_poor_halide,27106,96.1323,84.1385,3.8677,0,heldout,
real_buchwald_hartwig,llm_semantic_domain_knowledge_electron_poor_halide_conservative,27106,96.1323,86.0316,3.8677,0,heldout,
real_buchwald_hartwig,llm_semantic_domain_knowledge_electron_poor_halide_noprior,27106,96.1323,86.1104,3.8677,0,heldout,
real_buchwald_hartwig,llm_semantic_guanidine_base_high_mw_aryl_halide,27106,91.9334,72.8033,8.0666,0,heldout,
real_buchwald_hartwig,llm_semantic_guanidine_base_high_mw_aryl_halide_conservative,27106,73.3193,70.8651,26.6807,0,heldout,
real_buchwald_hartwig,llm_semantic_guanidine_base_high_mw_aryl_halide_noprior,27106,77.858,71.319,22.142,0,heldout,
real_buchwald_hartwig,llm_semantic_high_mw_ligand_low_tpsa_base,27106,85.1447,72.1597,14.8553,0,heldout,
real_buchwald_hartwig,llm_semantic_high_mw_ligand_low_tpsa_base_conservative,27106,89.6142,78.5245,10.3858,0,heldout,
real_buchwald_hartwig,llm_semantic_high_mw_ligand_low_tpsa_base_noprior,27106,73.5742,65.6162,26.4258,0,heldout,
real_buchwald_hartwig,llm_semantic_phosphazene_base_heteroaromatic_halide,27106,90.3173,76.7111,9.6827,0,heldout,
real_buchwald_hartwig,llm_semantic_phosphazene_base_heteroaromatic_halide_conservative,27106,72.6377,67.1616,27.3623,0,heldout,
real_buchwald_hartwig,llm_semantic_phosphazene_base_heteroaromatic_halide_noprior,27106,67.9702,63.9711,32.0298,0,heldout,
real_buchwald_hartwig,mixed_kernel_gp_ei,27106,83.6537,72.4938,16.3463,0,heldout,
real_buchwald_hartwig,target_acquisition_portfolio,27106,79.7697,70.7911,20.2303,0,heldout,
real_buchwald_hartwig,care_strategy_router,27107,98.2872,95.6007,1.7128,1,heldout,llambo_warmstart_domain_knowledge_electron_poor_halide_noprior
real_buchwald_hartwig,gp_ucb,27107,52.3137,47.0743,47.6863,0,heldout,
real_buchwald_hartwig,llambo_warmstart_additive_tpsa_mid_base_tpsa_mid_synergy,27107,74.0097,71.2703,25.9903,0,heldout,
real_buchwald_hartwig,llambo_warmstart_additive_tpsa_mid_base_tpsa_mid_synergy_conservative,27107,74.0097,71.2703,25.9903,0,heldout,
real_buchwald_hartwig,llambo_warmstart_additive_tpsa_mid_base_tpsa_mid_synergy_noprior,27107,74.0097,71.2703,25.9903,0,heldout,
real_buchwald_hartwig,llambo_warmstart_amidine_base_simple_aryl_halide,27107,98.7313,98.7313,1.2687,1,heldout,
real_buchwald_hartwig,llambo_warmstart_amidine_base_simple_aryl_halide_conservative,27107,98.7313,98.7313,1.2687,1,heldout,
real_buchwald_hartwig,llambo_warmstart_amidine_base_simple_aryl_halide_noprior,27107,98.7313,98.7313,1.2687,1,heldout,
real_buchwald_hartwig,llambo_warmstart_conservative_low_semantic_mass,27107,52.3137,44.3553,47.6863,0,heldout,
real_buchwald_hartwig,llambo_warmstart_conservative_low_semantic_mass_conservative,27107,52.3137,44.3553,47.6863,0,heldout,
real_buchwald_hartwig,llambo_warmstart_conservative_low_semantic_mass_noprior,27107,52.3137,44.3553,47.6863,0,heldout,
real_buchwald_hartwig,llambo_warmstart_counter_hypothesis_heteroaromatic_benign,27107,59.9314,59.9314,40.0686,0,heldout,
real_buchwald_hartwig,llambo_warmstart_counter_hypothesis_heteroaromatic_benign_conservative,27107,59.9314,59.9314,40.0686,0,heldout,
real_buchwald_hartwig,llambo_warmstart_counter_hypothesis_heteroaromatic_benign_noprior,27107,59.9314,59.9314,40.0686,0,heldout,
real_buchwald_hartwig,llambo_warmstart_cross_skill_rule_bank,27107,98.8492,98.8492,1.1508,1,heldout,
real_buchwald_hartwig,llambo_warmstart_domain_knowledge_electron_poor_halide,27107,98.2872,95.6007,1.7128,1,heldout,
real_buchwald_hartwig,llambo_warmstart_domain_knowledge_electron_poor_halide_conservative,27107,98.2872,95.6007,1.7128,1,heldout,
real_buchwald_hartwig,llambo_warmstart_domain_knowledge_electron_poor_halide_noprior,27107,98.2872,95.6007,1.7128,1,heldout,
real_buchwald_hartwig,llambo_warmstart_guanidine_base_high_mw_aryl_halide,27107,93.4211,84.3773,6.5789,0,heldout,
real_buchwald_hartwig,llambo_warmstart_guanidine_base_high_mw_aryl_halide_conservative,27107,93.4211,84.3773,6.5789,0,heldout,
real_buchwald_hartwig,llambo_warmstart_guanidine_base_high_mw_aryl_halide_noprior,27107,93.4211,84.3773,6.5789,0,heldout,
real_buchwald_hartwig,llambo_warmstart_high_mw_ligand_low_tpsa_base,27107,94.5498,91.3508,5.4502,0,heldout,
real_buchwald_hartwig,llambo_warmstart_high_mw_ligand_low_tpsa_base_conservative,27107,94.5498,91.3508,5.4502,0,heldout,
real_buchwald_hartwig,llambo_warmstart_high_mw_ligand_low_tpsa_base_noprior,27107,94.5498,91.3508,5.4502,0,heldout,
real_buchwald_hartwig,llambo_warmstart_phosphazene_base_heteroaromatic_halide,27107,98.1771,94.8132,1.8229,1,heldout,
real_buchwald_hartwig,llambo_warmstart_phosphazene_base_heteroaromatic_halide_conservative,27107,98.1771,94.8132,1.8229,1,heldout,
real_buchwald_hartwig,llambo_warmstart_phosphazene_base_heteroaromatic_halide_noprior,27107,98.1771,94.8132,1.8229,1,heldout,
real_buchwald_hartwig,llambo_warmstart_selector,27107,98.2872,95.6007,1.7128,1,heldout,llambo_warmstart_domain_knowledge_electron_poor_halide_noprior
real_buchwald_hartwig,llm_calibrated_selector,27107,100.0,86.1609,0.0,1,heldout,llm_semantic_amidine_base_simple_aryl_halide_noprior
real_buchwald_hartwig,llm_direct_prior_additive_tpsa_mid_base_tpsa_mid_synergy,27107,76.1607,65.1045,23.8393,0,heldout,
real_buchwald_hartwig,llm_direct_prior_additive_tpsa_mid_base_tpsa_mid_synergy_conservative,27107,68.765,60.0826,31.235,0,heldout,
real_buchwald_hartwig,llm_direct_prior_additive_tpsa_mid_base_tpsa_mid_synergy_noprior,27107,76.1607,65.1045,23.8393,0,heldout,
real_buchwald_hartwig,llm_direct_prior_amidine_base_simple_aryl_halide,27107,93.0289,64.8768,6.9711,0,heldout,
real_buchwald_hartwig,llm_direct_prior_amidine_base_simple_aryl_halide_conservative,27107,94.6911,72.881,5.3089,0,heldout,
real_buchwald_hartwig,llm_direct_prior_amidine_base_simple_aryl_halide_noprior,27107,93.0289,64.8768,6.9711,0,heldout,
real_buchwald_hartwig,llm_direct_prior_conservative_low_semantic_mass,27107,53.8392,48.4839,46.1608,0,heldout,
real_buchwald_hartwig,llm_direct_prior_conservative_low_semantic_mass_conservative,27107,53.8392,48.4839,46.1608,0,heldout,
real_buchwald_hartwig,llm_direct_prior_conservative_low_semantic_mass_noprior,27107,53.8392,48.4839,46.1608,0,heldout,
real_buchwald_hartwig,llm_direct_prior_counter_hypothesis_heteroaromatic_benign,27107,62.6575,52.3353,37.3425,0,heldout,
real_buchwald_hartwig,llm_direct_prior_counter_hypothesis_heteroaromatic_benign_conservative,27107,81.2755,56.253,18.7245,0,heldout,
real_buchwald_hartwig,llm_direct_prior_counter_hypothesis_heteroaromatic_benign_noprior,27107,62.6575,52.3353,37.3425,0,heldout,
real_buchwald_hartwig,llm_direct_prior_cross_skill_rule_bank,27107,100.0,95.0683,0.0,1,heldout,
real_buchwald_hartwig,llm_direct_prior_domain_knowledge_electron_poor_halide,27107,84.5385,79.9763,15.4615,0,heldout,
real_buchwald_hartwig,llm_direct_prior_domain_knowledge_electron_poor_halide_conservative,27107,91.511,82.7653,8.489,0,heldout,
real_buchwald_hartwig,llm_direct_prior_domain_knowledge_electron_poor_halide_noprior,27107,84.5385,79.9763,15.4615,0,heldout,
real_buchwald_hartwig,llm_direct_prior_guanidine_base_high_mw_aryl_halide,27107,86.9711,82.2023,13.0289,0,heldout,
real_buchwald_hartwig,llm_direct_prior_guanidine_base_high_mw_aryl_halide_conservative,27107,86.0034,82.1055,13.9966,0,heldout,
real_buchwald_hartwig,llm_direct_prior_guanidine_base_high_mw_aryl_halide_noprior,27107,86.9711,82.2023,13.0289,0,heldout,
real_buchwald_hartwig,llm_direct_prior_high_mw_ligand_low_tpsa_base,27107,85.6057,73.0465,14.3943,0,heldout,
real_buchwald_hartwig,llm_direct_prior_high_mw_ligand_low_tpsa_base_conservative,27107,83.3382,61.0629,16.6618,0,heldout,
real_buchwald_hartwig,llm_direct_prior_high_mw_ligand_low_tpsa_base_noprior,27107,85.6057,73.0465,14.3943,0,heldout,
real_buchwald_hartwig,llm_direct_prior_phosphazene_base_heteroaromatic_halide,27107,74.0474,73.1094,25.9526,0,heldout,
real_buchwald_hartwig,llm_direct_prior_phosphazene_base_heteroaromatic_halide_conservative,27107,74.0474,73.1094,25.9526,0,heldout,
real_buchwald_hartwig,llm_direct_prior_phosphazene_base_heteroaromatic_halide_noprior,27107,74.0474,73.1094,25.9526,0,heldout,
real_buchwald_hartwig,llm_direct_prior_selector,27107,84.5385,79.9763,15.4615,0,heldout,llm_direct_prior_domain_knowledge_electron_poor_halide_noprior
real_buchwald_hartwig,llm_semantic_additive_tpsa_mid_base_tpsa_mid_synergy,27107,78.7679,53.1385,21.2321,0,heldout,
real_buchwald_hartwig,llm_semantic_additive_tpsa_mid_base_tpsa_mid_synergy_conservative,27107,89.5988,73.3822,10.4012,0,heldout,
real_buchwald_hartwig,llm_semantic_additive_tpsa_mid_base_tpsa_mid_synergy_noprior,27107,45.781,42.349,54.219,0,heldout,
real_buchwald_hartwig,llm_semantic_amidine_base_simple_aryl_halide,27107,98.2872,89.4195,1.7128,1,heldout,
real_buchwald_hartwig,llm_semantic_amidine_base_simple_aryl_halide_conservative,27107,100.0,87.7071,0.0,1,heldout,
real_buchwald_hartwig,llm_semantic_amidine_base_simple_aryl_halide_noprior,27107,100.0,86.1609,0.0,1,heldout,
real_buchwald_hartwig,llm_semantic_conservative_low_semantic_mass,27107,93.0289,57.04,6.9711,0,heldout,
real_buchwald_hartwig,llm_semantic_conservative_low_semantic_mass_conservative,27107,93.0289,57.04,6.9711,0,heldout,
real_buchwald_hartwig,llm_semantic_conservative_low_semantic_mass_noprior,27107,93.0289,57.04,6.9711,0,heldout,
real_buchwald_hartwig,llm_semantic_counter_hypothesis_heteroaromatic_benign,27107,94.3462,62.8864,5.6538,0,heldout,
real_buchwald_hartwig,llm_semantic_counter_hypothesis_heteroaromatic_benign_conservative,27107,100.0,83.9177,0.0,1,heldout,
real_buchwald_hartwig,llm_semantic_counter_hypothesis_heteroaromatic_benign_noprior,27107,100.0,83.9177,0.0,1,heldout,
real_buchwald_hartwig,llm_semantic_cross_skill_rule_bank,27107,98.7313,79.8953,1.2687,1,heldout,
real_buchwald_hartwig,llm_semantic_domain_knowledge_electron_poor_halide,27107,100.0,86.6389,0.0,1,heldout,
real_buchwald_hartwig,llm_semantic_domain_knowledge_electron_poor_halide_conservative,27107,92.659,67.0071,7.341,0,heldout,
real_buchwald_hartwig,llm_semantic_domain_knowledge_electron_poor_halide_noprior,27107,85.2207,79.1668,14.7793,0,heldout,
real_buchwald_hartwig,llm_semantic_guanidine_base_high_mw_aryl_halide,27107,93.0289,51.1834,6.9711,0,heldout,
real_buchwald_hartwig,llm_semantic_guanidine_base_high_mw_aryl_halide_conservative,27107,93.4211,80.9774,6.5789,0,heldout,
real_buchwald_hartwig,llm_semantic_guanidine_base_high_mw_aryl_halide_noprior,27107,80.6006,66.6504,19.3994,0,heldout,
real_buchwald_hartwig,llm_semantic_high_mw_ligand_low_tpsa_base,27107,93.0289,81.4192,6.9711,0,heldout,
real_buchwald_hartwig,llm_semantic_high_mw_ligand_low_tpsa_base_conservative,27107,94.6911,87.0516,5.3089,0,heldout,
real_buchwald_hartwig,llm_semantic_high_mw_ligand_low_tpsa_base_noprior,27107,93.0289,81.2492,6.9711,0,heldout,
real_buchwald_hartwig,llm_semantic_phosphazene_base_heteroaromatic_halide,27107,100.0,69.3526,0.0,1,heldout,
real_buchwald_hartwig,llm_semantic_phosphazene_base_heteroaromatic_halide_conservative,27107,100.0,75.8043,0.0,1,heldout,
real_buchwald_hartwig,llm_semantic_phosphazene_base_heteroaromatic_halide_noprior,27107,100.0,79.5185,0.0,1,heldout,
real_buchwald_hartwig,mixed_kernel_gp_ei,27107,98.2872,68.7692,1.7128,1,heldout,
real_buchwald_hartwig,target_acquisition_portfolio,27107,98.2872,68.9941,1.7128,1,heldout,
real_buchwald_hartwig,care_strategy_router,27108,97.948,97.8123,2.052,1,heldout,llambo_warmstart_domain_knowledge_electron_poor_halide_noprior
real_buchwald_hartwig,gp_ucb,27108,72.8478,59.2781,27.1522,0,heldout,
real_buchwald_hartwig,llambo_warmstart_additive_tpsa_mid_base_tpsa_mid_synergy,27108,86.2002,81.0763,13.7998,0,heldout,
real_buchwald_hartwig,llambo_warmstart_additive_tpsa_mid_base_tpsa_mid_synergy_conservative,27108,86.2002,81.0763,13.7998,0,heldout,
real_buchwald_hartwig,llambo_warmstart_additive_tpsa_mid_base_tpsa_mid_synergy_noprior,27108,86.2002,81.0763,13.7998,0,heldout,
real_buchwald_hartwig,llambo_warmstart_amidine_base_simple_aryl_halide,27108,47.1194,47.1119,52.8806,0,heldout,
real_buchwald_hartwig,llambo_warmstart_amidine_base_simple_aryl_halide_conservative,27108,47.1194,47.1119,52.8806,0,heldout,
real_buchwald_hartwig,llambo_warmstart_amidine_base_simple_aryl_halide_noprior,27108,47.1194,47.1119,52.8806,0,heldout,
real_buchwald_hartwig,llambo_warmstart_conservative_low_semantic_mass,27108,96.5912,96.5912,3.4088,0,heldout,
real_buchwald_hartwig,llambo_warmstart_conservative_low_semantic_mass_conservative,27108,96.5912,96.5912,3.4088,0,heldout,
real_buchwald_hartwig,llambo_warmstart_conservative_low_semantic_mass_noprior,27108,96.5912,96.5912,3.4088,0,heldout,
real_buchwald_hartwig,llambo_warmstart_counter_hypothesis_heteroaromatic_benign,27108,76.4513,65.1912,23.5487,0,heldout,
real_buchwald_hartwig,llambo_warmstart_counter_hypothesis_heteroaromatic_benign_conservative,27108,76.4513,65.1912,23.5487,0,heldout,
real_buchwald_hartwig,llambo_warmstart_counter_hypothesis_heteroaromatic_benign_noprior,27108,76.4513,65.1912,23.5487,0,heldout,
real_buchwald_hartwig,llambo_warmstart_cross_skill_rule_bank,27108,100.0,93.3016,0.0,1,heldout,
real_buchwald_hartwig,llambo_warmstart_domain_knowledge_electron_poor_halide,27108,97.948,97.8123,2.052,1,heldout,
real_buchwald_hartwig,llambo_warmstart_domain_knowledge_electron_poor_halide_conservative,27108,97.948,97.8123,2.052,1,heldout,
real_buchwald_hartwig,llambo_warmstart_domain_knowledge_electron_poor_halide_noprior,27108,97.948,97.8123,2.052,1,heldout,
real_buchwald_hartwig,llambo_warmstart_guanidine_base_high_mw_aryl_halide,27108,94.1517,76.7709,5.8483,0,heldout,
real_buchwald_hartwig,llambo_warmstart_guanidine_base_high_mw_aryl_halide_conservative,27108,94.1517,76.7709,5.8483,0,heldout,
real_buchwald_hartwig,llambo_warmstart_guanidine_base_high_mw_aryl_halide_noprior,27108,94.1517,76.7709,5.8483,0,heldout,
real_buchwald_hartwig,llambo_warmstart_high_mw_ligand_low_tpsa_base,27108,90.3173,86.2995,9.6827,0,heldout,
real_buchwald_hartwig,llambo_warmstart_high_mw_ligand_low_tpsa_base_conservative,27108,90.3173,86.2995,9.6827,0,heldout,
real_buchwald_hartwig,llambo_warmstart_high_mw_ligand_low_tpsa_base_noprior,27108,90.3173,86.2995,9.6827,0,heldout,
real_buchwald_hartwig,llambo_warmstart_phosphazene_base_heteroaromatic_halide,27108,93.4211,85.1787,6.5789,0,heldout,
real_buchwald_hartwig,llambo_warmstart_phosphazene_base_heteroaromatic_halide_conservative,27108,93.4211,85.1787,6.5789,0,heldout,
real_buchwald_hartwig,llambo_warmstart_phosphazene_base_heteroaromatic_halide_noprior,27108,93.4211,85.1787,6.5789,0,heldout,
real_buchwald_hartwig,llambo_warmstart_selector,27108,97.948,97.8123,2.052,1,heldout,llambo_warmstart_domain_knowledge_electron_poor_halide_noprior
real_buchwald_hartwig,llm_calibrated_selector,27108,79.8724,79.2124,20.1276,0,heldout,llm_semantic_amidine_base_simple_aryl_halide_noprior
real_buchwald_hartwig,llm_direct_prior_additive_tpsa_mid_base_tpsa_mid_synergy,27108,78.7679,64.777,21.2321,0,heldout,
real_buchwald_hartwig,llm_direct_prior_additive_tpsa_mid_base_tpsa_mid_synergy_conservative,27108,76.31,62.0202,23.69,0,heldout,
real_buchwald_hartwig,llm_direct_prior_additive_tpsa_mid_base_tpsa_mid_synergy_noprior,27108,78.7679,64.777,21.2321,0,heldout,
real_buchwald_hartwig,llm_direct_prior_amidine_base_simple_aryl_halide,27108,84.8955,79.3647,15.1045,0,heldout,
real_buchwald_hartwig,llm_direct_prior_amidine_base_simple_aryl_halide_conservative,27108,84.8955,78.2746,15.1045,0,heldout,
real_buchwald_hartwig,llm_direct_prior_amidine_base_simple_aryl_halide_noprior,27108,84.8955,79.3647,15.1045,0,heldout,
real_buchwald_hartwig,llm_direct_prior_conservative_low_semantic_mass,27108,79.8724,78.2609,20.1276,0,heldout,
real_buchwald_hartwig,llm_direct_prior_conservative_low_semantic_mass_conservative,27108,79.8724,78.2609,20.1276,0,heldout,
real_buchwald_hartwig,llm_direct_prior_conservative_low_semantic_mass_noprior,27108,79.8724,78.2609,20.1276,0,heldout,
real_buchwald_hartwig,llm_direct_prior_counter_hypothesis_heteroaromatic_benign,27108,79.8724,73.5955,20.1276,0,heldout,
real_buchwald_hartwig,llm_direct_prior_counter_hypothesis_heteroaromatic_benign_conservative,27108,79.8724,73.6265,20.1276,0,heldout,
real_buchwald_hartwig,llm_direct_prior_counter_hypothesis_heteroaromatic_benign_noprior,27108,79.8724,73.5955,20.1276,0,heldout,
real_buchwald_hartwig,llm_direct_prior_cross_skill_rule_bank,27108,99.6191,85.4437,0.3809,1,heldout,
real_buchwald_hartwig,llm_direct_prior_domain_knowledge_electron_poor_halide,27108,97.5685,97.5685,2.4315,1,heldout,
real_buchwald_hartwig,llm_direct_prior_domain_knowledge_electron_poor_halide_conservative,27108,100.0,97.5935,0.0,1,heldout,
real_buchwald_hartwig,llm_direct_prior_domain_knowledge_electron_poor_halide_noprior,27108,97.5685,97.5685,2.4315,1,heldout,
real_buchwald_hartwig,llm_direct_prior_guanidine_base_high_mw_aryl_halide,27108,91.9334,78.4478,8.0666,0,heldout,
real_buchwald_hartwig,llm_direct_prior_guanidine_base_high_mw_aryl_halide_conservative,27108,91.9334,81.0463,8.0666,0,heldout,
real_buchwald_hartwig,llm_direct_prior_guanidine_base_high_mw_aryl_halide_noprior,27108,91.9334,78.4478,8.0666,0,heldout,
real_buchwald_hartwig,llm_direct_prior_high_mw_ligand_low_tpsa_base,27108,84.7017,71.1587,15.2983,0,heldout,
real_buchwald_hartwig,llm_direct_prior_high_mw_ligand_low_tpsa_base_conservative,27108,99.0345,78.4418,0.9655,1,heldout,
real_buchwald_hartwig,llm_direct_prior_high_mw_ligand_low_tpsa_base_noprior,27108,84.7017,71.1587,15.2983,0,heldout,
real_buchwald_hartwig,llm_direct_prior_phosphazene_base_heteroaromatic_halide,27108,94.2969,83.8338,5.7031,0,heldout,
real_buchwald_hartwig,llm_direct_prior_phosphazene_base_heteroaromatic_halide_conservative,27108,94.2969,83.9619,5.7031,0,heldout,
real_buchwald_hartwig,llm_direct_prior_phosphazene_base_heteroaromatic_halide_noprior,27108,94.2969,83.8338,5.7031,0,heldout,
real_buchwald_hartwig,llm_direct_prior_selector,27108,97.5685,97.5685,2.4315,1,heldout,llm_direct_prior_domain_knowledge_electron_poor_halide_noprior
real_buchwald_hartwig,llm_semantic_additive_tpsa_mid_base_tpsa_mid_synergy,27108,89.6142,80.6773,10.3858,0,heldout,
real_buchwald_hartwig,llm_semantic_additive_tpsa_mid_base_tpsa_mid_synergy_conservative,27108,96.1323,81.7306,3.8677,0,heldout,
real_buchwald_hartwig,llm_semantic_additive_tpsa_mid_base_tpsa_mid_synergy_noprior,27108,92.1197,72.1604,7.8803,0,heldout,
real_buchwald_hartwig,llm_semantic_amidine_base_simple_aryl_halide,27108,86.5976,83.4466,13.4024,0,heldout,
real_buchwald_hartwig,llm_semantic_amidine_base_simple_aryl_halide_conservative,27108,83.0965,77.822,16.9035,0,heldout,
real_buchwald_hartwig,llm_semantic_amidine_base_simple_aryl_halide_noprior,27108,79.8724,79.2124,20.1276,0,heldout,
real_buchwald_hartwig,llm_semantic_conservative_low_semantic_mass,27108,86.5976,82.7516,13.4024,0,heldout,
real_buchwald_hartwig,llm_semantic_conservative_low_semantic_mass_conservative,27108,83.3036,81.0839,16.6964,0,heldout,
real_buchwald_hartwig,llm_semantic_conservative_low_semantic_mass_noprior,27108,83.3036,81.0839,16.6964,0,heldout,
real_buchwald_hartwig,llm_semantic_counter_hypothesis_heteroaromatic_benign,27108,83.3036,78.9172,16.6964,0,heldout,
real_buchwald_hartwig,llm_semantic_counter_hypothesis_heteroaromatic_benign_conservative,27108,83.0965,80.405,16.9035,0,heldout,
real_buchwald_hartwig,llm_semantic_counter_hypothesis_heteroaromatic_benign_noprior,27108,83.0965,78.3819,16.9035,0,heldout,
real_buchwald_hartwig,llm_semantic_cross_skill_rule_bank,27108,83.0965,79.9442,16.9035,0,heldout,
real_buchwald_hartwig,llm_semantic_domain_knowledge_electron_poor_halide,27108,89.5592,79.5593,10.4408,0,heldout,
real_buchwald_hartwig,llm_semantic_domain_knowledge_electron_poor_halide_conservative,27108,96.1323,85.849,3.8677,0,heldout,
real_buchwald_hartwig,llm_semantic_domain_knowledge_electron_poor_halide_noprior,27108,94.1485,85.7087,5.8515,0,heldout,
real_buchwald_hartwig,llm_semantic_guanidine_base_high_mw_aryl_halide,27108,88.5139,75.8014,11.4861,0,heldout,
real_buchwald_hartwig,llm_semantic_guanidine_base_high_mw_aryl_halide_conservative,27108,100.0,85.5894,0.0,1,heldout,
real_buchwald_hartwig,llm_semantic_guanidine_base_high_mw_aryl_halide_noprior,27108,100.0,86.503,0.0,1,heldout,
real_buchwald_hartwig,llm_semantic_high_mw_ligand_low_tpsa_base,27108,100.0,85.472,0.0,1,heldout,
real_buchwald_hartwig,llm_semantic_high_mw_ligand_low_tpsa_base_conservative,27108,85.1447,82.4114,14.8553,0,heldout,
real_buchwald_hartwig,llm_semantic_high_mw_ligand_low_tpsa_base_noprior,27108,88.5139,86.6254,11.4861,0,heldout,
real_buchwald_hartwig,llm_semantic_phosphazene_base_heteroaromatic_halide,27108,83.3036,83.3036,16.6964,0,heldout,
real_buchwald_hartwig,llm_semantic_phosphazene_base_heteroaromatic_halide_conservative,27108,83.3036,83.3036,16.6964,0,heldout,
real_buchwald_hartwig,llm_semantic_phosphazene_base_heteroaromatic_halide_noprior,27108,73.3193,67.9852,26.6807,0,heldout,
real_buchwald_hartwig,mixed_kernel_gp_ei,27108,68.2481,57.2079,31.7519,0,heldout,
real_buchwald_hartwig,target_acquisition_portfolio,27108,72.8478,59.2781,27.1522,0,heldout,
real_buchwald_hartwig,care_strategy_router,27109,94.3462,93.0121,5.6538,0,heldout,llambo_warmstart_domain_knowledge_electron_poor_halide_noprior
real_buchwald_hartwig,gp_ucb,27109,88.5139,72.0826,11.4861,0,heldout,
real_buchwald_hartwig,llambo_warmstart_additive_tpsa_mid_base_tpsa_mid_synergy,27109,84.93,84.0366,15.07,0,heldout,
real_buchwald_hartwig,llambo_warmstart_additive_tpsa_mid_base_tpsa_mid_synergy_conservative,27109,84.93,84.0366,15.07,0,heldout,
real_buchwald_hartwig,llambo_warmstart_additive_tpsa_mid_base_tpsa_mid_synergy_noprior,27109,84.93,84.0366,15.07,0,heldout,
real_buchwald_hartwig,llambo_warmstart_amidine_base_simple_aryl_halide,27109,95.3865,87.6701,4.6135,0,heldout,
real_buchwald_hartwig,llambo_warmstart_amidine_base_simple_aryl_halide_conservative,27109,95.3865,87.6701,4.6135,0,heldout,
real_buchwald_hartwig,llambo_warmstart_amidine_base_simple_aryl_halide_noprior,27109,95.3865,87.6701,4.6135,0,heldout,
real_buchwald_hartwig,llambo_warmstart_conservative_low_semantic_mass,27109,98.7313,94.4097,1.2687,1,heldout,
real_buchwald_hartwig,llambo_warmstart_conservative_low_semantic_mass_conservative,27109,98.7313,94.4097,1.2687,1,heldout,
real_buchwald_hartwig,llambo_warmstart_conservative_low_semantic_mass_noprior,27109,98.7313,94.4097,1.2687,1,heldout,
real_buchwald_hartwig,llambo_warmstart_counter_hypothesis_heteroaromatic_benign,27109,91.9334,88.2656,8.0666,0,heldout,
real_buchwald_hartwig,llambo_warmstart_counter_hypothesis_heteroaromatic_benign_conservative,27109,91.9334,88.2656,8.0666,0,heldout,
real_buchwald_hartwig,llambo_warmstart_counter_hypothesis_heteroaromatic_benign_noprior,27109,91.9334,88.2656,8.0666,0,heldout,
real_buchwald_hartwig,llambo_warmstart_cross_skill_rule_bank,27109,99.0345,90.9662,0.9655,1,heldout,
real_buchwald_hartwig,llambo_warmstart_domain_knowledge_electron_poor_halide,27109,94.3462,93.0121,5.6538,0,heldout,
real_buchwald_hartwig,llambo_warmstart_domain_knowledge_electron_poor_halide_conservative,27109,94.3462,93.0121,5.6538,0,heldout,
real_buchwald_hartwig,llambo_warmstart_domain_knowledge_electron_poor_halide_noprior,27109,94.3462,93.0121,5.6538,0,heldout,
real_buchwald_hartwig,llambo_warmstart_guanidine_base_high_mw_aryl_halide,27109,77.858,73.6818,22.142,0,heldout,
real_buchwald_hartwig,llambo_warmstart_guanidine_base_high_mw_aryl_halide_conservative,27109,77.858,73.6818,22.142,0,heldout,
real_buchwald_hartwig,llambo_warmstart_guanidine_base_high_mw_aryl_halide_noprior,27109,77.858,73.6818,22.142,0,heldout,
real_buchwald_hartwig,llambo_warmstart_high_mw_ligand_low_tpsa_base,27109,93.7486,79.4283,6.2514,0,heldout,
real_buchwald_hartwig,llambo_warmstart_high_mw_ligand_low_tpsa_base_conservative,27109,93.7486,79.4283,6.2514,0,heldout,
real_buchwald_hartwig,llambo_warmstart_high_mw_ligand_low_tpsa_base_noprior,27109,93.7486,79.4283,6.2514,0,heldout,
real_buchwald_hartwig,llambo_warmstart_phosphazene_base_heteroaromatic_halide,27109,100.0,93.6884,0.0,1,heldout,
real_buchwald_hartwig,llambo_warmstart_phosphazene_base_heteroaromatic_halide_conservative,27109,100.0,93.6884,0.0,1,heldout,
real_buchwald_hartwig,llambo_warmstart_phosphazene_base_heteroaromatic_halide_noprior,27109,100.0,93.6884,0.0,1,heldout,
real_buchwald_hartwig,llambo_warmstart_selector,27109,94.3462,93.0121,5.6538,0,heldout,llambo_warmstart_domain_knowledge_electron_poor_halide_noprior
real_buchwald_hartwig,llm_calibrated_selector,27109,92.9567,81.1539,7.0433,0,heldout,llm_semantic_amidine_base_simple_aryl_halide_noprior
real_buchwald_hartwig,llm_direct_prior_additive_tpsa_mid_base_tpsa_mid_synergy,27109,75.9961,73.6973,24.0039,0,heldout,
real_buchwald_hartwig,llm_direct_prior_additive_tpsa_mid_base_tpsa_mid_synergy_conservative,27109,75.9961,73.6973,24.0039,0,heldout,
real_buchwald_hartwig,llm_direct_prior_additive_tpsa_mid_base_tpsa_mid_synergy_noprior,27109,75.9961,73.6973,24.0039,0,heldout,
real_buchwald_hartwig,llm_direct_prior_amidine_base_simple_aryl_halide,27109,73.3193,70.8288,26.6807,0,heldout,
real_buchwald_hartwig,llm_direct_prior_amidine_base_simple_aryl_halide_conservative,27109,73.3193,70.8288,26.6807,0,heldout,
real_buchwald_hartwig,llm_direct_prior_amidine_base_simple_aryl_halide_noprior,27109,73.3193,70.8288,26.6807,0,heldout,
real_buchwald_hartwig,llm_direct_prior_conservative_low_semantic_mass,27109,81.1562,68.4282,18.8438,0,heldout,
real_buchwald_hartwig,llm_direct_prior_conservative_low_semantic_mass_conservative,27109,81.1562,68.4282,18.8438,0,heldout,
real_buchwald_hartwig,llm_direct_prior_conservative_low_semantic_mass_noprior,27109,81.1562,68.4282,18.8438,0,heldout,
real_buchwald_hartwig,llm_direct_prior_counter_hypothesis_heteroaromatic_benign,27109,92.256,56.6762,7.744,0,heldout,
real_buchwald_hartwig,llm_direct_prior_counter_hypothesis_heteroaromatic_benign_conservative,27109,92.256,56.6762,7.744,0,heldout,
real_buchwald_hartwig,llm_direct_prior_counter_hypothesis_heteroaromatic_benign_noprior,27109,92.256,56.6762,7.744,0,heldout,
real_buchwald_hartwig,llm_direct_prior_cross_skill_rule_bank,27109,63.711,63.5699,36.289,0,heldout,
real_buchwald_hartwig,llm_direct_prior_domain_knowledge_electron_poor_halide,27109,94.6911,85.4962,5.3089,0,heldout,
real_buchwald_hartwig,llm_direct_prior_domain_knowledge_electron_poor_halide_conservative,27109,93.4211,81.1724,6.5789,0,heldout,
real_buchwald_hartwig,llm_direct_prior_domain_knowledge_electron_poor_halide_noprior,27109,94.6911,85.4962,5.3089,0,heldout,
real_buchwald_hartwig,llm_direct_prior_guanidine_base_high_mw_aryl_halide,27109,86.9711,77.8577,13.0289,0,heldout,
real_buchwald_hartwig,llm_direct_prior_guanidine_base_high_mw_aryl_halide_conservative,27109,90.7313,83.1481,9.2687,0,heldout,
real_buchwald_hartwig,llm_direct_prior_guanidine_base_high_mw_aryl_halide_noprior,27109,86.9711,77.8577,13.0289,0,heldout,
real_buchwald_hartwig,llm_direct_prior_high_mw_ligand_low_tpsa_base,27109,90.3173,86.731,9.6827,0,heldout,
real_buchwald_hartwig,llm_direct_prior_high_mw_ligand_low_tpsa_base_conservative,27109,96.1323,86.1352,3.8677,0,heldout,
real_buchwald_hartwig,llm_direct_prior_high_mw_ligand_low_tpsa_base_noprior,27109,90.3173,86.731,9.6827,0,heldout,
real_buchwald_hartwig,llm_direct_prior_phosphazene_base_heteroaromatic_halide,27109,74.0474,74.0474,25.9526,0,heldout,
real_buchwald_hartwig,llm_direct_prior_phosphazene_base_heteroaromatic_halide_conservative,27109,76.7953,71.6273,23.2047,0,heldout,
real_buchwald_hartwig,llm_direct_prior_phosphazene_base_heteroaromatic_halide_noprior,27109,74.0474,74.0474,25.9526,0,heldout,
real_buchwald_hartwig,llm_direct_prior_selector,27109,94.6911,85.4962,5.3089,0,heldout,llm_direct_prior_domain_knowledge_electron_poor_halide_noprior
real_buchwald_hartwig,llm_semantic_additive_tpsa_mid_base_tpsa_mid_synergy,27109,88.4464,64.8705,11.5536,0,heldout,
real_buchwald_hartwig,llm_semantic_additive_tpsa_mid_base_tpsa_mid_synergy_conservative,27109,89.6142,69.7738,10.3858,0,heldout,
real_buchwald_hartwig,llm_semantic_additive_tpsa_mid_base_tpsa_mid_synergy_noprior,27109,83.9556,69.9774,16.0444,0,heldout,
real_buchwald_hartwig,llm_semantic_amidine_base_simple_aryl_halide,27109,88.5139,86.5649,11.4861,0,heldout,
real_buchwald_hartwig,llm_semantic_amidine_base_simple_aryl_halide_conservative,27109,93.0289,87.2163,6.9711,0,heldout,
real_buchwald_hartwig,llm_semantic_amidine_base_simple_aryl_halide_noprior,27109,92.9567,81.1539,7.0433,0,heldout,
real_buchwald_hartwig,llm_semantic_conservative_low_semantic_mass,27109,73.3193,65.4543,26.6807,0,heldout,
real_buchwald_hartwig,llm_semantic_conservative_low_semantic_mass_conservative,27109,73.3193,65.1423,26.6807,0,heldout,
real_buchwald_hartwig,llm_semantic_conservative_low_semantic_mass_noprior,27109,73.3193,65.1423,26.6807,0,heldout,
real_buchwald_hartwig,llm_semantic_counter_hypothesis_heteroaromatic_benign,27109,86.7621,74.833,13.2379,0,heldout,
real_buchwald_hartwig,llm_semantic_counter_hypothesis_heteroaromatic_benign_conservative,27109,88.5139,73.8026,11.4861,0,heldout,
real_buchwald_hartwig,llm_semantic_counter_hypothesis_heteroaromatic_benign_noprior,27109,86.7621,74.833,13.2379,0,heldout,
real_buchwald_hartwig,llm_semantic_cross_skill_rule_bank,27109,85.4018,78.4489,14.5982,0,heldout,
real_buchwald_hartwig,llm_semantic_domain_knowledge_electron_poor_halide,27109,83.4092,70.9286,16.5908,0,heldout,
real_buchwald_hartwig,llm_semantic_domain_knowledge_electron_poor_halide_conservative,27109,86.8997,81.0148,13.1003,0,heldout,
real_buchwald_hartwig,llm_semantic_domain_knowledge_electron_poor_halide_noprior,27109,94.5498,81.7423,5.4502,0,heldout,
real_buchwald_hartwig,llm_semantic_guanidine_base_high_mw_aryl_halide,27109,63.4288,62.7866,36.5712,0,heldout,
real_buchwald_hartwig,llm_semantic_guanidine_base_high_mw_aryl_halide_conservative,27109,88.5139,74.5636,11.4861,0,heldout,
real_buchwald_hartwig,llm_semantic_guanidine_base_high_mw_aryl_halide_noprior,27109,86.4971,74.1603,13.5029,0,heldout,
real_buchwald_hartwig,llm_semantic_high_mw_ligand_low_tpsa_base,27109,83.4092,72.4258,16.5908,0,heldout,
real_buchwald_hartwig,llm_semantic_high_mw_ligand_low_tpsa_base_conservative,27109,88.5139,79.4565,11.4861,0,heldout,
real_buchwald_hartwig,llm_semantic_high_mw_ligand_low_tpsa_base_noprior,27109,83.3133,69.908,16.6867,0,heldout,
real_buchwald_hartwig,llm_semantic_phosphazene_base_heteroaromatic_halide,27109,93.0289,78.0306,6.9711,0,heldout,
real_buchwald_hartwig,llm_semantic_phosphazene_base_heteroaromatic_halide_conservative,27109,66.4828,66.4828,33.5172,0,heldout,
real_buchwald_hartwig,llm_semantic_phosphazene_base_heteroaromatic_halide_noprior,27109,83.4092,74.0562,16.5908,0,heldout,
real_buchwald_hartwig,mixed_kernel_gp_ei,27109,86.4971,71.0712,13.5029,0,heldout,
real_buchwald_hartwig,target_acquisition_portfolio,27109,86.4971,71.0712,13.5029,0,heldout,
real_buchwald_hartwig,care_strategy_router,27110,83.0965,79.8448,16.9035,0,heldout,llambo_warmstart_domain_knowledge_electron_poor_halide_noprior
real_buchwald_hartwig,gp_ucb,27110,89.6142,89.6142,10.3858,0,heldout,
real_buchwald_hartwig,llambo_warmstart_additive_tpsa_mid_base_tpsa_mid_synergy,27110,94.8799,83.789,5.1201,0,heldout,
real_buchwald_hartwig,llambo_warmstart_additive_tpsa_mid_base_tpsa_mid_synergy_conservative,27110,94.8799,83.789,5.1201,0,heldout,
real_buchwald_hartwig,llambo_warmstart_additive_tpsa_mid_base_tpsa_mid_synergy_noprior,27110,94.8799,83.789,5.1201,0,heldout,
real_buchwald_hartwig,llambo_warmstart_amidine_base_simple_aryl_halide,27110,86.1982,72.4338,13.8018,0,heldout,
real_buchwald_hartwig,llambo_warmstart_amidine_base_simple_aryl_halide_conservative,27110,86.1982,72.4338,13.8018,0,heldout,
real_buchwald_hartwig,llambo_warmstart_amidine_base_simple_aryl_halide_noprior,27110,86.1982,72.4338,13.8018,0,heldout,
real_buchwald_hartwig,llambo_warmstart_conservative_low_semantic_mass,27110,85.6836,84.3471,14.3164,0,heldout,
real_buchwald_hartwig,llambo_warmstart_conservative_low_semantic_mass_conservative,27110,85.6836,84.3471,14.3164,0,heldout,
real_buchwald_hartwig,llambo_warmstart_conservative_low_semantic_mass_noprior,27110,85.6836,84.3471,14.3164,0,heldout,
real_buchwald_hartwig,llambo_warmstart_counter_hypothesis_heteroaromatic_benign,27110,95.3865,93.5481,4.6135,0,heldout,
real_buchwald_hartwig,llambo_warmstart_counter_hypothesis_heteroaromatic_benign_conservative,27110,95.3865,93.5481,4.6135,0,heldout,
real_buchwald_hartwig,llambo_warmstart_counter_hypothesis_heteroaromatic_benign_noprior,27110,95.3865,93.5481,4.6135,0,heldout,
real_buchwald_hartwig,llambo_warmstart_cross_skill_rule_bank,27110,89.2167,77.6484,10.7833,0,heldout,
real_buchwald_hartwig,llambo_warmstart_domain_knowledge_electron_poor_halide,27110,83.0965,79.8448,16.9035,0,heldout,
real_buchwald_hartwig,llambo_warmstart_domain_knowledge_electron_poor_halide_conservative,27110,83.0965,79.8448,16.9035,0,heldout,
real_buchwald_hartwig,llambo_warmstart_domain_knowledge_electron_poor_halide_noprior,27110,83.0965,79.8448,16.9035,0,heldout,
real_buchwald_hartwig,llambo_warmstart_guanidine_base_high_mw_aryl_halide,27110,97.5685,84.732,2.4315,1,heldout,
real_buchwald_hartwig,llambo_warmstart_guanidine_base_high_mw_aryl_halide_conservative,27110,97.5685,84.732,2.4315,1,heldout,
real_buchwald_hartwig,llambo_warmstart_guanidine_base_high_mw_aryl_halide_noprior,27110,97.5685,84.732,2.4315,1,heldout,
real_buchwald_hartwig,llambo_warmstart_high_mw_ligand_low_tpsa_base,27110,94.5498,90.3536,5.4502,0,heldout,
real_buchwald_hartwig,llambo_warmstart_high_mw_ligand_low_tpsa_base_conservative,27110,94.5498,90.3536,5.4502,0,heldout,
real_buchwald_hartwig,llambo_warmstart_high_mw_ligand_low_tpsa_base_noprior,27110,94.5498,90.3536,5.4502,0,heldout,
real_buchwald_hartwig,llambo_warmstart_phosphazene_base_heteroaromatic_halide,27110,93.7486,84.0352,6.2514,0,heldout,
real_buchwald_hartwig,llambo_warmstart_phosphazene_base_heteroaromatic_halide_conservative,27110,93.7486,84.0352,6.2514,0,heldout,
real_buchwald_hartwig,llambo_warmstart_phosphazene_base_heteroaromatic_halide_noprior,27110,93.7486,84.0352,6.2514,0,heldout,
real_buchwald_hartwig,llambo_warmstart_selector,27110,83.0965,79.8448,16.9035,0,heldout,llambo_warmstart_domain_knowledge_electron_poor_halide_noprior
real_buchwald_hartwig,llm_calibrated_selector,27110,96.1323,90.9178,3.8677,0,heldout,llm_semantic_amidine_base_simple_aryl_halide_noprior
real_buchwald_hartwig,llm_direct_prior_additive_tpsa_mid_base_tpsa_mid_synergy,27110,84.3107,84.3107,15.6893,0,heldout,
real_buchwald_hartwig,llm_direct_prior_additive_tpsa_mid_base_tpsa_mid_synergy_conservative,27110,84.3107,84.3107,15.6893,0,heldout,
real_buchwald_hartwig,llm_direct_prior_additive_tpsa_mid_base_tpsa_mid_synergy_noprior,27110,84.3107,84.3107,15.6893,0,heldout,
real_buchwald_hartwig,llm_direct_prior_amidine_base_simple_aryl_halide,27110,88.5139,87.6733,11.4861,0,heldout,
real_buchwald_hartwig,llm_direct_prior_amidine_base_simple_aryl_halide_conservative,27110,88.5139,87.6733,11.4861,0,heldout,
real_buchwald_hartwig,llm_direct_prior_amidine_base_simple_aryl_halide_noprior,27110,88.5139,87.6733,11.4861,0,heldout,
real_buchwald_hartwig,llm_direct_prior_conservative_low_semantic_mass,27110,93.7486,88.0859,6.2514,0,heldout,
real_buchwald_hartwig,llm_direct_prior_conservative_low_semantic_mass_conservative,27110,93.7486,88.0859,6.2514,0,heldout,
real_buchwald_hartwig,llm_direct_prior_conservative_low_semantic_mass_noprior,27110,93.7486,88.0859,6.2514,0,heldout,
real_buchwald_hartwig,llm_direct_prior_counter_hypothesis_heteroaromatic_benign,27110,88.5139,87.6902,11.4861,0,heldout,
real_buchwald_hartwig,llm_direct_prior_counter_hypothesis_heteroaromatic_benign_conservative,27110,88.5139,87.2529,11.4861,0,heldout,
real_buchwald_hartwig,llm_direct_prior_counter_hypothesis_heteroaromatic_benign_noprior,27110,88.5139,87.6902,11.4861,0,heldout,
real_buchwald_hartwig,llm_direct_prior_cross_skill_rule_bank,27110,90.3173,89.116,9.6827,0,heldout,
real_buchwald_hartwig,llm_direct_prior_domain_knowledge_electron_poor_halide,27110,93.4211,89.8398,6.5789,0,heldout,
real_buchwald_hartwig,llm_direct_prior_domain_knowledge_electron_poor_halide_conservative,27110,93.0289,89.0583,6.9711,0,heldout,
real_buchwald_hartwig,llm_direct_prior_domain_knowledge_electron_poor_halide_noprior,27110,93.4211,89.8398,6.5789,0,heldout,
real_buchwald_hartwig,llm_direct_prior_guanidine_base_high_mw_aryl_halide,27110,84.3107,84.3107,15.6893,0,heldout,
real_buchwald_hartwig,llm_direct_prior_guanidine_base_high_mw_aryl_halide_conservative,27110,88.5139,86.8326,11.4861,0,heldout,
real_buchwald_hartwig,llm_direct_prior_guanidine_base_high_mw_aryl_halide_noprior,27110,84.3107,84.3107,15.6893,0,heldout,
real_buchwald_hartwig,llm_direct_prior_high_mw_ligand_low_tpsa_base,27110,90.3173,88.1737,9.6827,0,heldout,
real_buchwald_hartwig,llm_direct_prior_high_mw_ligand_low_tpsa_base_conservative,27110,90.3173,87.2313,9.6827,0,heldout,
real_buchwald_hartwig,llm_direct_prior_high_mw_ligand_low_tpsa_base_noprior,27110,90.3173,88.1737,9.6827,0,heldout,
real_buchwald_hartwig,llm_direct_prior_phosphazene_base_heteroaromatic_halide,27110,84.3107,84.3107,15.6893,0,heldout,
real_buchwald_hartwig,llm_direct_prior_phosphazene_base_heteroaromatic_halide_conservative,27110,90.3173,85.512,9.6827,0,heldout,
real_buchwald_hartwig,llm_direct_prior_phosphazene_base_heteroaromatic_halide_noprior,27110,84.3107,84.3107,15.6893,0,heldout,
real_buchwald_hartwig,llm_direct_prior_selector,27110,93.4211,89.8398,6.5789,0,heldout,llm_direct_prior_domain_knowledge_electron_poor_halide_noprior
real_buchwald_hartwig,llm_semantic_additive_tpsa_mid_base_tpsa_mid_synergy,27110,84.3107,84.3107,15.6893,0,heldout,
real_buchwald_hartwig,llm_semantic_additive_tpsa_mid_base_tpsa_mid_synergy_conservative,27110,92.1197,87.6444,7.8803,0,heldout,
real_buchwald_hartwig,llm_semantic_additive_tpsa_mid_base_tpsa_mid_synergy_noprior,27110,89.6142,87.0191,10.3858,0,heldout,
real_buchwald_hartwig,llm_semantic_amidine_base_simple_aryl_halide,27110,96.1323,90.9178,3.8677,0,heldout,
real_buchwald_hartwig,llm_semantic_amidine_base_simple_aryl_halide_conservative,27110,96.1323,90.9178,3.8677,0,heldout,
real_buchwald_hartwig,llm_semantic_amidine_base_simple_aryl_halide_noprior,27110,96.1323,90.9178,3.8677,0,heldout,
real_buchwald_hartwig,llm_semantic_conservative_low_semantic_mass,27110,96.1323,92.4534,3.8677,0,heldout,
real_buchwald_hartwig,llm_semantic_conservative_low_semantic_mass_conservative,27110,89.6142,89.0838,10.3858,0,heldout,
real_buchwald_hartwig,llm_semantic_conservative_low_semantic_mass_noprior,27110,89.6142,89.0838,10.3858,0,heldout,
real_buchwald_hartwig,llm_semantic_counter_hypothesis_heteroaromatic_benign,27110,96.1323,92.2214,3.8677,0,heldout,
real_buchwald_hartwig,llm_semantic_counter_hypothesis_heteroaromatic_benign_conservative,27110,96.1323,92.8732,3.8677,0,heldout,
real_buchwald_hartwig,llm_semantic_counter_hypothesis_heteroaromatic_benign_noprior,27110,96.1323,92.2214,3.8677,0,heldout,
real_buchwald_hartwig,llm_semantic_cross_skill_rule_bank,27110,96.1323,90.4288,3.8677,0,heldout,
real_buchwald_hartwig,llm_semantic_domain_knowledge_electron_poor_halide,27110,96.1323,88.0339,3.8677,0,heldout,
real_buchwald_hartwig,llm_semantic_domain_knowledge_electron_poor_halide_conservative,27110,100.0,94.4071,0.0,1,heldout,
real_buchwald_hartwig,llm_semantic_domain_knowledge_electron_poor_halide_noprior,27110,85.2207,84.9477,14.7793,0,heldout,
real_buchwald_hartwig,llm_semantic_guanidine_base_high_mw_aryl_halide,27110,87.9408,84.6737,12.0592,0,heldout,
real_buchwald_hartwig,llm_semantic_guanidine_base_high_mw_aryl_halide_conservative,27110,89.5592,85.86,10.4408,0,heldout,
real_buchwald_hartwig,llm_semantic_guanidine_base_high_mw_aryl_halide_noprior,27110,84.3107,84.3107,15.6893,0,heldout,
real_buchwald_hartwig,llm_semantic_high_mw_ligand_low_tpsa_base,27110,96.1323,88.8531,3.8677,0,heldout,
real_buchwald_hartwig,llm_semantic_high_mw_ligand_low_tpsa_base_conservative,27110,96.1323,91.0393,3.8677,0,heldout,
real_buchwald_hartwig,llm_semantic_high_mw_ligand_low_tpsa_base_noprior,27110,96.1323,90.6243,3.8677,0,heldout,
real_buchwald_hartwig,llm_semantic_phosphazene_base_heteroaromatic_halide,27110,85.1332,84.4752,14.8668,0,heldout,
real_buchwald_hartwig,llm_semantic_phosphazene_base_heteroaromatic_halide_conservative,27110,96.1323,89.5405,3.8677,0,heldout,
real_buchwald_hartwig,llm_semantic_phosphazene_base_heteroaromatic_halide_noprior,27110,87.2375,85.5961,12.7625,0,heldout,
real_buchwald_hartwig,mixed_kernel_gp_ei,27110,89.6142,89.6087,10.3858,0,heldout,
real_buchwald_hartwig,target_acquisition_portfolio,27110,89.6142,89.6142,10.3858,0,heldout,
real_buchwald_hartwig,care_strategy_router,27111,93.0289,68.423,6.9711,0,heldout,llambo_warmstart_domain_knowledge_electron_poor_halide_noprior
real_buchwald_hartwig,gp_ucb,27111,93.5641,93.5641,6.4359,0,heldout,
real_buchwald_hartwig,llambo_warmstart_additive_tpsa_mid_base_tpsa_mid_synergy,27111,85.8123,78.9864,14.1877,0,heldout,
real_buchwald_hartwig,llambo_warmstart_additive_tpsa_mid_base_tpsa_mid_synergy_conservative,27111,85.8123,78.9864,14.1877,0,heldout,
real_buchwald_hartwig,llambo_warmstart_additive_tpsa_mid_base_tpsa_mid_synergy_noprior,27111,85.8123,78.9864,14.1877,0,heldout,
real_buchwald_hartwig,llambo_warmstart_amidine_base_simple_aryl_halide,27111,95.129,86.9506,4.871,0,heldout,
real_buchwald_hartwig,llambo_warmstart_amidine_base_simple_aryl_halide_conservative,27111,95.129,86.9506,4.871,0,heldout,
real_buchwald_hartwig,llambo_warmstart_amidine_base_simple_aryl_halide_noprior,27111,95.129,86.9506,4.871,0,heldout,
real_buchwald_hartwig,llambo_warmstart_conservative_low_semantic_mass,27111,88.4449,88.4449,11.5551,0,heldout,
real_buchwald_hartwig,llambo_warmstart_conservative_low_semantic_mass_conservative,27111,88.4449,88.4449,11.5551,0,heldout,
real_buchwald_hartwig,llambo_warmstart_conservative_low_semantic_mass_noprior,27111,88.4449,88.4449,11.5551,0,heldout,
real_buchwald_hartwig,llambo_warmstart_counter_hypothesis_heteroaromatic_benign,27111,83.3036,73.1113,16.6964,0,heldout,
real_buchwald_hartwig,llambo_warmstart_counter_hypothesis_heteroaromatic_benign_conservative,27111,83.3036,73.1113,16.6964,0,heldout,
real_buchwald_hartwig,llambo_warmstart_counter_hypothesis_heteroaromatic_benign_noprior,27111,83.3036,73.1113,16.6964,0,heldout,
real_buchwald_hartwig,llambo_warmstart_cross_skill_rule_bank,27111,92.127,87.0005,7.873,0,heldout,
real_buchwald_hartwig,llambo_warmstart_domain_knowledge_electron_poor_halide,27111,93.0289,68.423,6.9711,0,heldout,
real_buchwald_hartwig,llambo_warmstart_domain_knowledge_electron_poor_halide_conservative,27111,93.0289,68.423,6.9711,0,heldout,
real_buchwald_hartwig,llambo_warmstart_domain_knowledge_electron_poor_halide_noprior,27111,93.0289,68.423,6.9711,0,heldout,
real_buchwald_hartwig,llambo_warmstart_guanidine_base_high_mw_aryl_halide,27111,86.2198,85.6494,13.7802,0,heldout,
real_buchwald_hartwig,llambo_warmstart_guanidine_base_high_mw_aryl_halide_conservative,27111,86.2198,85.6494,13.7802,0,heldout,
real_buchwald_hartwig,llambo_warmstart_guanidine_base_high_mw_aryl_halide_noprior,27111,86.2198,85.6494,13.7802,0,heldout,
real_buchwald_hartwig,llambo_warmstart_high_mw_ligand_low_tpsa_base,27111,93.8745,87.3705,6.1255,0,heldout,
real_buchwald_hartwig,llambo_warmstart_high_mw_ligand_low_tpsa_base_conservative,27111,93.8745,87.3705,6.1255,0,heldout,
real_buchwald_hartwig,llambo_warmstart_high_mw_ligand_low_tpsa_base_noprior,27111,93.8745,87.3705,6.1255,0,heldout,
real_buchwald_hartwig,llambo_warmstart_phosphazene_base_heteroaromatic_halide,27111,53.603,53.183,46.397,0,heldout,
real_buchwald_hartwig,llambo_warmstart_phosphazene_base_heteroaromatic_halide_conservative,27111,53.603,53.183,46.397,0,heldout,
real_buchwald_hartwig,llambo_warmstart_phosphazene_base_heteroaromatic_halide_noprior,27111,53.603,53.183,46.397,0,heldout,
real_buchwald_hartwig,llambo_warmstart_selector,27111,93.0289,68.423,6.9711,0,heldout,llambo_warmstart_domain_knowledge_electron_poor_halide_noprior
real_buchwald_hartwig,llm_calibrated_selector,27111,93.5641,93.5641,6.4359,0,heldout,llm_semantic_amidine_base_simple_aryl_halide_noprior
real_buchwald_hartwig,llm_direct_prior_additive_tpsa_mid_base_tpsa_mid_synergy,27111,93.5641,93.5641,6.4359,0,heldout,
real_buchwald_hartwig,llm_direct_prior_additive_tpsa_mid_base_tpsa_mid_synergy_conservative,27111,93.5641,93.5641,6.4359,0,heldout,
real_buchwald_hartwig,llm_direct_prior_additive_tpsa_mid_base_tpsa_mid_synergy_noprior,27111,93.5641,93.5641,6.4359,0,heldout,
real_buchwald_hartwig,llm_direct_prior_amidine_base_simple_aryl_halide,27111,93.5641,93.5641,6.4359,0,heldout,
real_buchwald_hartwig,llm_direct_prior_amidine_base_simple_aryl_halide_conservative,27111,93.5641,93.5641,6.4359,0,heldout,
real_buchwald_hartwig,llm_direct_prior_amidine_base_simple_aryl_halide_noprior,27111,93.5641,93.5641,6.4359,0,heldout,
real_buchwald_hartwig,llm_direct_prior_conservative_low_semantic_mass,27111,93.5641,93.5641,6.4359,0,heldout,
real_buchwald_hartwig,llm_direct_prior_conservative_low_semantic_mass_conservative,27111,93.5641,93.5641,6.4359,0,heldout,
real_buchwald_hartwig,llm_direct_prior_conservative_low_semantic_mass_noprior,27111,93.5641,93.5641,6.4359,0,heldout,
real_buchwald_hartwig,llm_direct_prior_counter_hypothesis_heteroaromatic_benign,27111,93.5641,93.5641,6.4359,0,heldout,
real_buchwald_hartwig,llm_direct_prior_counter_hypothesis_heteroaromatic_benign_conservative,27111,93.5641,93.5641,6.4359,0,heldout,
real_buchwald_hartwig,llm_direct_prior_counter_hypothesis_heteroaromatic_benign_noprior,27111,93.5641,93.5641,6.4359,0,heldout,
real_buchwald_hartwig,llm_direct_prior_cross_skill_rule_bank,27111,93.5878,93.5665,6.4122,0,heldout,
real_buchwald_hartwig,llm_direct_prior_domain_knowledge_electron_poor_halide,27111,97.2929,94.6827,2.7071,0,heldout,
real_buchwald_hartwig,llm_direct_prior_domain_knowledge_electron_poor_halide_conservative,27111,93.5641,93.5641,6.4359,0,heldout,
real_buchwald_hartwig,llm_direct_prior_domain_knowledge_electron_poor_halide_noprior,27111,97.2929,94.6827,2.7071,0,heldout,
real_buchwald_hartwig,llm_direct_prior_guanidine_base_high_mw_aryl_halide,27111,93.5641,93.5641,6.4359,0,heldout,
real_buchwald_hartwig,llm_direct_prior_guanidine_base_high_mw_aryl_halide_conservative,27111,93.5641,93.5641,6.4359,0,heldout,
real_buchwald_hartwig,llm_direct_prior_guanidine_base_high_mw_aryl_halide_noprior,27111,93.5641,93.5641,6.4359,0,heldout,
real_buchwald_hartwig,llm_direct_prior_high_mw_ligand_low_tpsa_base,27111,93.5641,93.5641,6.4359,0,heldout,
real_buchwald_hartwig,llm_direct_prior_high_mw_ligand_low_tpsa_base_conservative,27111,93.5641,93.5641,6.4359,0,heldout,
real_buchwald_hartwig,llm_direct_prior_high_mw_ligand_low_tpsa_base_noprior,27111,93.5641,93.5641,6.4359,0,heldout,
real_buchwald_hartwig,llm_direct_prior_phosphazene_base_heteroaromatic_halide,27111,93.5641,93.5641,6.4359,0,heldout,
real_buchwald_hartwig,llm_direct_prior_phosphazene_base_heteroaromatic_halide_conservative,27111,93.5641,93.5641,6.4359,0,heldout,
real_buchwald_hartwig,llm_direct_prior_phosphazene_base_heteroaromatic_halide_noprior,27111,93.5641,93.5641,6.4359,0,heldout,
real_buchwald_hartwig,llm_direct_prior_selector,27111,97.2929,94.6827,2.7071,0,heldout,llm_direct_prior_domain_knowledge_electron_poor_halide_noprior
real_buchwald_hartwig,llm_semantic_additive_tpsa_mid_base_tpsa_mid_synergy,27111,93.5641,93.5641,6.4359,0,heldout,
real_buchwald_hartwig,llm_semantic_additive_tpsa_mid_base_tpsa_mid_synergy_conservative,27111,93.5641,93.5641,6.4359,0,heldout,
real_buchwald_hartwig,llm_semantic_additive_tpsa_mid_base_tpsa_mid_synergy_noprior,27111,93.5641,93.5641,6.4359,0,heldout,
real_buchwald_hartwig,llm_semantic_amidine_base_simple_aryl_halide,27111,93.5641,93.5641,6.4359,0,heldout,
real_buchwald_hartwig,llm_semantic_amidine_base_simple_aryl_halide_conservative,27111,93.5641,93.5641,6.4359,0,heldout,
real_buchwald_hartwig,llm_semantic_amidine_base_simple_aryl_halide_noprior,27111,93.5641,93.5641,6.4359,0,heldout,
real_buchwald_hartwig,llm_semantic_conservative_low_semantic_mass,27111,93.5641,93.5641,6.4359,0,heldout,
real_buchwald_hartwig,llm_semantic_conservative_low_semantic_mass_conservative,27111,93.5641,93.5641,6.4359,0,heldout,
real_buchwald_hartwig,llm_semantic_conservative_low_semantic_mass_noprior,27111,93.5641,93.5641,6.4359,0,heldout,
real_buchwald_hartwig,llm_semantic_counter_hypothesis_heteroaromatic_benign,27111,93.5878,93.5665,6.4122,0,heldout,
real_buchwald_hartwig,llm_semantic_counter_hypothesis_heteroaromatic_benign_conservative,27111,93.5878,93.5665,6.4122,0,heldout,
real_buchwald_hartwig,llm_semantic_counter_hypothesis_heteroaromatic_benign_noprior,27111,93.5878,93.5665,6.4122,0,heldout,
real_buchwald_hartwig,llm_semantic_cross_skill_rule_bank,27111,93.5641,93.5641,6.4359,0,heldout,
real_buchwald_hartwig,llm_semantic_domain_knowledge_electron_poor_halide,27111,93.5641,93.5641,6.4359,0,heldout,
real_buchwald_hartwig,llm_semantic_domain_knowledge_electron_poor_halide_conservative,27111,93.5641,93.5641,6.4359,0,heldout,
real_buchwald_hartwig,llm_semantic_domain_knowledge_electron_poor_halide_noprior,27111,93.5641,93.5641,6.4359,0,heldout,
real_buchwald_hartwig,llm_semantic_guanidine_base_high_mw_aryl_halide,27111,93.5641,93.5641,6.4359,0,heldout,
real_buchwald_hartwig,llm_semantic_guanidine_base_high_mw_aryl_halide_conservative,27111,93.5641,93.5641,6.4359,0,heldout,
real_buchwald_hartwig,llm_semantic_guanidine_base_high_mw_aryl_halide_noprior,27111,93.5641,93.5641,6.4359,0,heldout,
real_buchwald_hartwig,llm_semantic_high_mw_ligand_low_tpsa_base,27111,93.5641,93.5641,6.4359,0,heldout,
real_buchwald_hartwig,llm_semantic_high_mw_ligand_low_tpsa_base_conservative,27111,96.1323,95.8755,3.8677,0,heldout,
real_buchwald_hartwig,llm_semantic_high_mw_ligand_low_tpsa_base_noprior,27111,100.0,96.782,0.0,1,heldout,
real_buchwald_hartwig,llm_semantic_phosphazene_base_heteroaromatic_halide,27111,93.5641,93.5641,6.4359,0,heldout,
real_buchwald_hartwig,llm_semantic_phosphazene_base_heteroaromatic_halide_conservative,27111,93.5641,93.5641,6.4359,0,heldout,
real_buchwald_hartwig,llm_semantic_phosphazene_base_heteroaromatic_halide_noprior,27111,93.5641,93.5641,6.4359,0,heldout,
real_buchwald_hartwig,mixed_kernel_gp_ei,27111,93.5641,93.5641,6.4359,0,heldout,
real_buchwald_hartwig,target_acquisition_portfolio,27111,93.5641,93.5641,6.4359,0,heldout,
real_buchwald_hartwig,care_strategy_router,27112,96.1323,94.8177,3.8677,0,heldout,llambo_warmstart_domain_knowledge_electron_poor_halide_noprior
real_buchwald_hartwig,gp_ucb,27112,100.0,85.5965,0.0,1,heldout,
real_buchwald_hartwig,llambo_warmstart_additive_tpsa_mid_base_tpsa_mid_synergy,27112,100.0,83.1801,0.0,1,heldout,
real_buchwald_hartwig,llambo_warmstart_additive_tpsa_mid_base_tpsa_mid_synergy_conservative,27112,100.0,83.1801,0.0,1,heldout,
real_buchwald_hartwig,llambo_warmstart_additive_tpsa_mid_base_tpsa_mid_synergy_noprior,27112,100.0,83.1801,0.0,1,heldout,
real_buchwald_hartwig,llambo_warmstart_amidine_base_simple_aryl_halide,27112,98.2872,80.282,1.7128,1,heldout,
real_buchwald_hartwig,llambo_warmstart_amidine_base_simple_aryl_halide_conservative,27112,98.2872,80.282,1.7128,1,heldout,
real_buchwald_hartwig,llambo_warmstart_amidine_base_simple_aryl_halide_noprior,27112,98.2872,80.282,1.7128,1,heldout,
real_buchwald_hartwig,llambo_warmstart_conservative_low_semantic_mass,27112,93.3108,85.1135,6.6892,0,heldout,
real_buchwald_hartwig,llambo_warmstart_conservative_low_semantic_mass_conservative,27112,93.3108,85.1135,6.6892,0,heldout,
real_buchwald_hartwig,llambo_warmstart_conservative_low_semantic_mass_noprior,27112,93.3108,85.1135,6.6892,0,heldout,
real_buchwald_hartwig,llambo_warmstart_counter_hypothesis_heteroaromatic_benign,27112,80.6006,62.4872,19.3994,0,heldout,
real_buchwald_hartwig,llambo_warmstart_counter_hypothesis_heteroaromatic_benign_conservative,27112,80.6006,62.4872,19.3994,0,heldout,
real_buchwald_hartwig,llambo_warmstart_counter_hypothesis_heteroaromatic_benign_noprior,27112,80.6006,62.4872,19.3994,0,heldout,
real_buchwald_hartwig,llambo_warmstart_cross_skill_rule_bank,27112,99.6191,87.4571,0.3809,1,heldout,
real_buchwald_hartwig,llambo_warmstart_domain_knowledge_electron_poor_halide,27112,96.1323,94.8177,3.8677,0,heldout,
real_buchwald_hartwig,llambo_warmstart_domain_knowledge_electron_poor_halide_conservative,27112,96.1323,94.8177,3.8677,0,heldout,
real_buchwald_hartwig,llambo_warmstart_domain_knowledge_electron_poor_halide_noprior,27112,96.1323,94.8177,3.8677,0,heldout,
real_buchwald_hartwig,llambo_warmstart_guanidine_base_high_mw_aryl_halide,27112,85.4018,84.0451,14.5982,0,heldout,
real_buchwald_hartwig,llambo_warmstart_guanidine_base_high_mw_aryl_halide_conservative,27112,85.4018,84.0451,14.5982,0,heldout,
real_buchwald_hartwig,llambo_warmstart_guanidine_base_high_mw_aryl_halide_noprior,27112,85.4018,84.0451,14.5982,0,heldout,
real_buchwald_hartwig,llambo_warmstart_high_mw_ligand_low_tpsa_base,27112,92.659,81.6469,7.341,0,heldout,
real_buchwald_hartwig,llambo_warmstart_high_mw_ligand_low_tpsa_base_conservative,27112,92.659,81.6469,7.341,0,heldout,
real_buchwald_hartwig,llambo_warmstart_high_mw_ligand_low_tpsa_base_noprior,27112,92.659,81.6469,7.341,0,heldout,
real_buchwald_hartwig,llambo_warmstart_phosphazene_base_heteroaromatic_halide,27112,96.5912,89.2443,3.4088,0,heldout,
real_buchwald_hartwig,llambo_warmstart_phosphazene_base_heteroaromatic_halide_conservative,27112,96.5912,89.2443,3.4088,0,heldout,
real_buchwald_hartwig,llambo_warmstart_phosphazene_base_heteroaromatic_halide_noprior,27112,96.5912,89.2443,3.4088,0,heldout,
real_buchwald_hartwig,llambo_warmstart_selector,27112,96.1323,94.8177,3.8677,0,heldout,llambo_warmstart_domain_knowledge_electron_poor_halide_noprior
real_buchwald_hartwig,llm_calibrated_selector,27112,89.6142,88.1227,10.3858,0,heldout,llm_semantic_amidine_base_simple_aryl_halide_noprior
real_buchwald_hartwig,llm_direct_prior_additive_tpsa_mid_base_tpsa_mid_synergy,27112,80.2853,75.074,19.7147,0,heldout,
real_buchwald_hartwig,llm_direct_prior_additive_tpsa_mid_base_tpsa_mid_synergy_conservative,27112,83.0823,73.7706,16.9177,0,heldout,
real_buchwald_hartwig,llm_direct_prior_additive_tpsa_mid_base_tpsa_mid_synergy_noprior,27112,80.2853,75.074,19.7147,0,heldout,
real_buchwald_hartwig,llm_direct_prior_amidine_base_simple_aryl_halide,27112,79.4448,73.6101,20.5552,0,heldout,
real_buchwald_hartwig,llm_direct_prior_amidine_base_simple_aryl_halide_conservative,27112,88.5139,74.3519,11.4861,0,heldout,
real_buchwald_hartwig,llm_direct_prior_amidine_base_simple_aryl_halide_noprior,27112,79.4448,73.6101,20.5552,0,heldout,
real_buchwald_hartwig,llm_direct_prior_conservative_low_semantic_mass,27112,70.7141,64.3829,29.2859,0,heldout,
real_buchwald_hartwig,llm_direct_prior_conservative_low_semantic_mass_conservative,27112,70.7141,64.3829,29.2859,0,heldout,
real_buchwald_hartwig,llm_direct_prior_conservative_low_semantic_mass_noprior,27112,70.7141,64.3829,29.2859,0,heldout,
real_buchwald_hartwig,llm_direct_prior_counter_hypothesis_heteroaromatic_benign,27112,79.8724,69.3015,20.1276,0,heldout,
real_buchwald_hartwig,llm_direct_prior_counter_hypothesis_heteroaromatic_benign_conservative,27112,79.8724,67.0475,20.1276,0,heldout,
real_buchwald_hartwig,llm_direct_prior_counter_hypothesis_heteroaromatic_benign_noprior,27112,79.8724,69.3015,20.1276,0,heldout,
real_buchwald_hartwig,llm_direct_prior_cross_skill_rule_bank,27112,100.0,91.3868,0.0,1,heldout,
real_buchwald_hartwig,llm_direct_prior_domain_knowledge_electron_poor_halide,27112,97.5685,83.8956,2.4315,1,heldout,
real_buchwald_hartwig,llm_direct_prior_domain_knowledge_electron_poor_halide_conservative,27112,96.1323,78.3092,3.8677,0,heldout,
real_buchwald_hartwig,llm_direct_prior_domain_knowledge_electron_poor_halide_noprior,27112,97.5685,83.8956,2.4315,1,heldout,
real_buchwald_hartwig,llm_direct_prior_guanidine_base_high_mw_aryl_halide,27112,90.2279,79.9244,9.7721,0,heldout,
real_buchwald_hartwig,llm_direct_prior_guanidine_base_high_mw_aryl_halide_conservative,27112,90.2279,81.4507,9.7721,0,heldout,
real_buchwald_hartwig,llm_direct_prior_guanidine_base_high_mw_aryl_halide_noprior,27112,90.2279,79.9244,9.7721,0,heldout,
real_buchwald_hartwig,llm_direct_prior_high_mw_ligand_low_tpsa_base,27112,90.3173,83.8794,9.6827,0,heldout,
real_buchwald_hartwig,llm_direct_prior_high_mw_ligand_low_tpsa_base_conservative,27112,100.0,82.4311,0.0,1,heldout,
real_buchwald_hartwig,llm_direct_prior_high_mw_ligand_low_tpsa_base_noprior,27112,90.3173,83.8794,9.6827,0,heldout,
real_buchwald_hartwig,llm_direct_prior_phosphazene_base_heteroaromatic_halide,27112,94.2969,81.8564,5.7031,0,heldout,
real_buchwald_hartwig,llm_direct_prior_phosphazene_base_heteroaromatic_halide_conservative,27112,94.2969,86.1556,5.7031,0,heldout,
real_buchwald_hartwig,llm_direct_prior_phosphazene_base_heteroaromatic_halide_noprior,27112,94.2969,81.8564,5.7031,0,heldout,
real_buchwald_hartwig,llm_direct_prior_selector,27112,97.5685,83.8956,2.4315,1,heldout,llm_direct_prior_domain_knowledge_electron_poor_halide_noprior
real_buchwald_hartwig,llm_semantic_additive_tpsa_mid_base_tpsa_mid_synergy,27112,80.1023,78.4598,19.8977,0,heldout,
real_buchwald_hartwig,llm_semantic_additive_tpsa_mid_base_tpsa_mid_synergy_conservative,27112,90.9905,70.2892,9.0095,0,heldout,
real_buchwald_hartwig,llm_semantic_additive_tpsa_mid_base_tpsa_mid_synergy_noprior,27112,91.1391,79.7907,8.8609,0,heldout,
real_buchwald_hartwig,llm_semantic_amidine_base_simple_aryl_halide,27112,87.9408,84.2415,12.0592,0,heldout,
real_buchwald_hartwig,llm_semantic_amidine_base_simple_aryl_halide_conservative,27112,96.1323,85.9954,3.8677,0,heldout,
real_buchwald_hartwig,llm_semantic_amidine_base_simple_aryl_halide_noprior,27112,89.6142,88.1227,10.3858,0,heldout,
real_buchwald_hartwig,llm_semantic_conservative_low_semantic_mass,27112,81.2283,74.4825,18.7717,0,heldout,
real_buchwald_hartwig,llm_semantic_conservative_low_semantic_mass_conservative,27112,81.2283,74.4825,18.7717,0,heldout,
real_buchwald_hartwig,llm_semantic_conservative_low_semantic_mass_noprior,27112,81.2283,74.4825,18.7717,0,heldout,
real_buchwald_hartwig,llm_semantic_counter_hypothesis_heteroaromatic_benign,27112,89.6142,70.1606,10.3858,0,heldout,
real_buchwald_hartwig,llm_semantic_counter_hypothesis_heteroaromatic_benign_conservative,27112,89.6142,78.4979,10.3858,0,heldout,
real_buchwald_hartwig,llm_semantic_counter_hypothesis_heteroaromatic_benign_noprior,27112,89.6142,75.7188,10.3858,0,heldout,
real_buchwald_hartwig,llm_semantic_cross_skill_rule_bank,27112,100.0,95.3686,0.0,1,heldout,
real_buchwald_hartwig,llm_semantic_domain_knowledge_electron_poor_halide,27112,100.0,80.7055,0.0,1,heldout,
real_buchwald_hartwig,llm_semantic_domain_knowledge_electron_poor_halide_conservative,27112,100.0,79.282,0.0,1,heldout,
real_buchwald_hartwig,llm_semantic_domain_knowledge_electron_poor_halide_noprior,27112,84.5385,74.5822,15.4615,0,heldout,
real_buchwald_hartwig,llm_semantic_guanidine_base_high_mw_aryl_halide,27112,88.4464,75.9444,11.5536,0,heldout,
real_buchwald_hartwig,llm_semantic_guanidine_base_high_mw_aryl_halide_conservative,27112,100.0,80.1217,0.0,1,heldout,
real_buchwald_hartwig,llm_semantic_guanidine_base_high_mw_aryl_halide_noprior,27112,89.0766,84.5895,10.9234,0,heldout,
real_buchwald_hartwig,llm_semantic_high_mw_ligand_low_tpsa_base,27112,89.6142,80.3807,10.3858,0,heldout,
real_buchwald_hartwig,llm_semantic_high_mw_ligand_low_tpsa_base_conservative,27112,100.0,82.2995,0.0,1,heldout,
real_buchwald_hartwig,llm_semantic_high_mw_ligand_low_tpsa_base_noprior,27112,100.0,86.1194,0.0,1,heldout,
real_buchwald_hartwig,llm_semantic_phosphazene_base_heteroaromatic_halide,27112,91.1391,68.8278,8.8609,0,heldout,
real_buchwald_hartwig,llm_semantic_phosphazene_base_heteroaromatic_halide_conservative,27112,91.1391,75.357,8.8609,0,heldout,
real_buchwald_hartwig,llm_semantic_phosphazene_base_heteroaromatic_halide_noprior,27112,92.1197,81.0315,7.8803,0,heldout,
real_buchwald_hartwig,mixed_kernel_gp_ei,27112,98.8492,80.7718,1.1508,1,heldout,
real_buchwald_hartwig,target_acquisition_portfolio,27112,98.8492,85.968,1.1508,1,heldout,
real_buchwald_hartwig,care_strategy_router,27113,99.6191,99.6191,0.3809,1,heldout,llambo_warmstart_domain_knowledge_electron_poor_halide_noprior
real_buchwald_hartwig,gp_ucb,27113,94.5498,90.6514,5.4502,0,heldout,
real_buchwald_hartwig,llambo_warmstart_additive_tpsa_mid_base_tpsa_mid_synergy,27113,74.2296,71.5562,25.7704,0,heldout,
real_buchwald_hartwig,llambo_warmstart_additive_tpsa_mid_base_tpsa_mid_synergy_conservative,27113,74.2296,71.5562,25.7704,0,heldout,
real_buchwald_hartwig,llambo_warmstart_additive_tpsa_mid_base_tpsa_mid_synergy_noprior,27113,74.2296,71.5562,25.7704,0,heldout,
real_buchwald_hartwig,llambo_warmstart_amidine_base_simple_aryl_halide,27113,98.1771,90.0647,1.8229,1,heldout,
real_buchwald_hartwig,llambo_warmstart_amidine_base_simple_aryl_halide_conservative,27113,98.1771,90.0647,1.8229,1,heldout,
real_buchwald_hartwig,llambo_warmstart_amidine_base_simple_aryl_halide_noprior,27113,98.1771,90.0647,1.8229,1,heldout,
real_buchwald_hartwig,llambo_warmstart_conservative_low_semantic_mass,27113,87.902,83.5699,12.098,0,heldout,
real_buchwald_hartwig,llambo_warmstart_conservative_low_semantic_mass_conservative,27113,87.902,83.5699,12.098,0,heldout,
real_buchwald_hartwig,llambo_warmstart_conservative_low_semantic_mass_noprior,27113,87.902,83.5699,12.098,0,heldout,
real_buchwald_hartwig,llambo_warmstart_counter_hypothesis_heteroaromatic_benign,27113,95.6759,94.2154,4.3241,0,heldout,
real_buchwald_hartwig,llambo_warmstart_counter_hypothesis_heteroaromatic_benign_conservative,27113,95.6759,94.2154,4.3241,0,heldout,
real_buchwald_hartwig,llambo_warmstart_counter_hypothesis_heteroaromatic_benign_noprior,27113,95.6759,94.2154,4.3241,0,heldout,
real_buchwald_hartwig,llambo_warmstart_cross_skill_rule_bank,27113,99.0345,95.9268,0.9655,1,heldout,
real_buchwald_hartwig,llambo_warmstart_domain_knowledge_electron_poor_halide,27113,99.6191,99.6191,0.3809,1,heldout,
real_buchwald_hartwig,llambo_warmstart_domain_knowledge_electron_poor_halide_conservative,27113,99.6191,99.6191,0.3809,1,heldout,
real_buchwald_hartwig,llambo_warmstart_domain_knowledge_electron_poor_halide_noprior,27113,99.6191,99.6191,0.3809,1,heldout,
real_buchwald_hartwig,llambo_warmstart_guanidine_base_high_mw_aryl_halide,27113,97.2929,95.8725,2.7071,0,heldout,
real_buchwald_hartwig,llambo_warmstart_guanidine_base_high_mw_aryl_halide_conservative,27113,97.2929,95.8725,2.7071,0,heldout,
real_buchwald_hartwig,llambo_warmstart_guanidine_base_high_mw_aryl_halide_noprior,27113,97.2929,95.8725,2.7071,0,heldout,
real_buchwald_hartwig,llambo_warmstart_high_mw_ligand_low_tpsa_base,27113,99.6191,99.6191,0.3809,1,heldout,
real_buchwald_hartwig,llambo_warmstart_high_mw_ligand_low_tpsa_base_conservative,27113,99.6191,99.6191,0.3809,1,heldout,
real_buchwald_hartwig,llambo_warmstart_high_mw_ligand_low_tpsa_base_noprior,27113,99.6191,99.6191,0.3809,1,heldout,
real_buchwald_hartwig,llambo_warmstart_phosphazene_base_heteroaromatic_halide,27113,92.127,87.0469,7.873,0,heldout,
real_buchwald_hartwig,llambo_warmstart_phosphazene_base_heteroaromatic_halide_conservative,27113,92.127,87.0469,7.873,0,heldout,
real_buchwald_hartwig,llambo_warmstart_phosphazene_base_heteroaromatic_halide_noprior,27113,92.127,87.0469,7.873,0,heldout,
real_buchwald_hartwig,llambo_warmstart_selector,27113,99.6191,99.6191,0.3809,1,heldout,llambo_warmstart_domain_knowledge_electron_poor_halide_noprior
real_buchwald_hartwig,llm_calibrated_selector,27113,98.2872,95.2716,1.7128,1,heldout,llm_semantic_amidine_base_simple_aryl_halide_noprior
real_buchwald_hartwig,llm_direct_prior_additive_tpsa_mid_base_tpsa_mid_synergy,27113,74.0474,70.307,25.9526,0,heldout,
real_buchwald_hartwig,llm_direct_prior_additive_tpsa_mid_base_tpsa_mid_synergy_conservative,27113,75.9961,74.4371,24.0039,0,heldout,
real_buchwald_hartwig,llm_direct_prior_additive_tpsa_mid_base_tpsa_mid_synergy_noprior,27113,74.0474,70.307,25.9526,0,heldout,
real_buchwald_hartwig,llm_direct_prior_amidine_base_simple_aryl_halide,27113,79.8724,71.7063,20.1276,0,heldout,
real_buchwald_hartwig,llm_direct_prior_amidine_base_simple_aryl_halide_conservative,27113,81.5694,70.4693,18.4306,0,heldout,
real_buchwald_hartwig,llm_direct_prior_amidine_base_simple_aryl_halide_noprior,27113,79.8724,71.7063,20.1276,0,heldout,
real_buchwald_hartwig,llm_direct_prior_conservative_low_semantic_mass,27113,53.8392,50.981,46.1608,0,heldout,
real_buchwald_hartwig,llm_direct_prior_conservative_low_semantic_mass_conservative,27113,53.8392,50.981,46.1608,0,heldout,
real_buchwald_hartwig,llm_direct_prior_conservative_low_semantic_mass_noprior,27113,53.8392,50.981,46.1608,0,heldout,
real_buchwald_hartwig,llm_direct_prior_counter_hypothesis_heteroaromatic_benign,27113,52.3781,52.3781,47.6219,0,heldout,
real_buchwald_hartwig,llm_direct_prior_counter_hypothesis_heteroaromatic_benign_conservative,27113,52.3781,52.3781,47.6219,0,heldout,
real_buchwald_hartwig,llm_direct_prior_counter_hypothesis_heteroaromatic_benign_noprior,27113,52.3781,52.3781,47.6219,0,heldout,
real_buchwald_hartwig,llm_direct_prior_cross_skill_rule_bank,27113,97.5685,82.227,2.4315,1,heldout,
real_buchwald_hartwig,llm_direct_prior_domain_knowledge_electron_poor_halide,27113,93.4211,84.5676,6.5789,0,heldout,
real_buchwald_hartwig,llm_direct_prior_domain_knowledge_electron_poor_halide_conservative,27113,94.6911,77.2145,5.3089,0,heldout,
real_buchwald_hartwig,llm_direct_prior_domain_knowledge_electron_poor_halide_noprior,27113,93.4211,84.5676,6.5789,0,heldout,
real_buchwald_hartwig,llm_direct_prior_guanidine_base_high_mw_aryl_halide,27113,86.9711,78.0857,13.0289,0,heldout,
real_buchwald_hartwig,llm_direct_prior_guanidine_base_high_mw_aryl_halide_conservative,27113,86.0034,77.9889,13.9966,0,heldout,
real_buchwald_hartwig,llm_direct_prior_guanidine_base_high_mw_aryl_halide_noprior,27113,86.9711,78.0857,13.0289,0,heldout,
real_buchwald_hartwig,llm_direct_prior_high_mw_ligand_low_tpsa_base,27113,92.3912,86.06,7.6088,0,heldout,
real_buchwald_hartwig,llm_direct_prior_high_mw_ligand_low_tpsa_base_conservative,27113,92.3912,91.7012,7.6088,0,heldout,
real_buchwald_hartwig,llm_direct_prior_high_mw_ligand_low_tpsa_base_noprior,27113,92.3912,86.06,7.6088,0,heldout,
real_buchwald_hartwig,llm_direct_prior_phosphazene_base_heteroaromatic_halide,27113,75.9543,75.3822,24.0457,0,heldout,
real_buchwald_hartwig,llm_direct_prior_phosphazene_base_heteroaromatic_halide_conservative,27113,78.7679,76.0387,21.2321,0,heldout,
real_buchwald_hartwig,llm_direct_prior_phosphazene_base_heteroaromatic_halide_noprior,27113,75.9543,75.3822,24.0457,0,heldout,
real_buchwald_hartwig,llm_direct_prior_selector,27113,93.4211,84.5676,6.5789,0,heldout,llm_direct_prior_domain_knowledge_electron_poor_halide_noprior
real_buchwald_hartwig,llm_semantic_additive_tpsa_mid_base_tpsa_mid_synergy,27113,44.8781,44.8781,55.1219,0,heldout,
real_buchwald_hartwig,llm_semantic_additive_tpsa_mid_base_tpsa_mid_synergy_conservative,27113,48.695,46.9791,51.305,0,heldout,
real_buchwald_hartwig,llm_semantic_additive_tpsa_mid_base_tpsa_mid_synergy_noprior,27113,65.573,63.5035,34.427,0,heldout,
real_buchwald_hartwig,llm_semantic_amidine_base_simple_aryl_halide,27113,98.2872,95.2716,1.7128,1,heldout,
real_buchwald_hartwig,llm_semantic_amidine_base_simple_aryl_halide_conservative,27113,98.2872,96.4778,1.7128,1,heldout,
real_buchwald_hartwig,llm_semantic_amidine_base_simple_aryl_halide_noprior,27113,98.2872,95.2716,1.7128,1,heldout,
real_buchwald_hartwig,llm_semantic_conservative_low_semantic_mass,27113,92.256,59.1193,7.744,0,heldout,
real_buchwald_hartwig,llm_semantic_conservative_low_semantic_mass_conservative,27113,92.256,59.1193,7.744,0,heldout,
real_buchwald_hartwig,llm_semantic_conservative_low_semantic_mass_noprior,27113,92.256,59.1193,7.744,0,heldout,
real_buchwald_hartwig,llm_semantic_counter_hypothesis_heteroaromatic_benign,27113,98.2872,76.9766,1.7128,1,heldout,
real_buchwald_hartwig,llm_semantic_counter_hypothesis_heteroaromatic_benign_conservative,27113,50.1363,47.6835,49.8637,0,heldout,
real_buchwald_hartwig,llm_semantic_counter_hypothesis_heteroaromatic_benign_noprior,27113,98.2872,76.9766,1.7128,1,heldout,
real_buchwald_hartwig,llm_semantic_cross_skill_rule_bank,27113,55.1638,48.1537,44.8362,0,heldout,
real_buchwald_hartwig,llm_semantic_domain_knowledge_electron_poor_halide,27113,79.3465,69.5679,20.6535,0,heldout,
real_buchwald_hartwig,llm_semantic_domain_knowledge_electron_poor_halide_conservative,27113,83.9556,66.3805,16.0444,0,heldout,
real_buchwald_hartwig,llm_semantic_domain_knowledge_electron_poor_halide_noprior,27113,86.4971,70.283,13.5029,0,heldout,
real_buchwald_hartwig,llm_semantic_guanidine_base_high_mw_aryl_halide,27113,98.2872,92.8591,1.7128,1,heldout,
real_buchwald_hartwig,llm_semantic_guanidine_base_high_mw_aryl_halide_conservative,27113,88.5139,79.6493,11.4861,0,heldout,
real_buchwald_hartwig,llm_semantic_guanidine_base_high_mw_aryl_halide_noprior,27113,98.2872,93.4622,1.7128,1,heldout,
real_buchwald_hartwig,llm_semantic_high_mw_ligand_low_tpsa_base,27113,98.2872,75.0148,1.7128,1,heldout,
real_buchwald_hartwig,llm_semantic_high_mw_ligand_low_tpsa_base_conservative,27113,92.256,92.256,7.744,0,heldout,
real_buchwald_hartwig,llm_semantic_high_mw_ligand_low_tpsa_base_noprior,27113,98.2872,73.6572,1.7128,1,heldout,
real_buchwald_hartwig,llm_semantic_phosphazene_base_heteroaromatic_halide,27113,85.2207,75.6858,14.7793,0,heldout,
real_buchwald_hartwig,llm_semantic_phosphazene_base_heteroaromatic_halide_conservative,27113,98.2872,68.5759,1.7128,1,heldout,
real_buchwald_hartwig,llm_semantic_phosphazene_base_heteroaromatic_halide_noprior,27113,79.3465,57.3073,20.6535,0,heldout,
real_buchwald_hartwig,mixed_kernel_gp_ei,27113,94.5498,90.6514,5.4502,0,heldout,
real_buchwald_hartwig,target_acquisition_portfolio,27113,94.5498,90.6514,5.4502,0,heldout,
real_buchwald_hartwig,care_strategy_router,27114,88.7252,87.8742,11.2748,0,heldout,llambo_warmstart_domain_knowledge_electron_poor_halide_noprior
real_buchwald_hartwig,gp_ucb,27114,88.1675,85.8434,11.8325,0,heldout,
real_buchwald_hartwig,llambo_warmstart_additive_tpsa_mid_base_tpsa_mid_synergy,27114,79.0795,75.3708,20.9205,0,heldout,
real_buchwald_hartwig,llambo_warmstart_additive_tpsa_mid_base_tpsa_mid_synergy_conservative,27114,79.0795,75.3708,20.9205,0,heldout,
real_buchwald_hartwig,llambo_warmstart_additive_tpsa_mid_base_tpsa_mid_synergy_noprior,27114,79.0795,75.3708,20.9205,0,heldout,
real_buchwald_hartwig,llambo_warmstart_amidine_base_simple_aryl_halide,27114,100.0,88.4292,0.0,1,heldout,
real_buchwald_hartwig,llambo_warmstart_amidine_base_simple_aryl_halide_conservative,27114,100.0,88.4292,0.0,1,heldout,
real_buchwald_hartwig,llambo_warmstart_amidine_base_simple_aryl_halide_noprior,27114,100.0,88.4292,0.0,1,heldout,
real_buchwald_hartwig,llambo_warmstart_conservative_low_semantic_mass,27114,99.6191,99.6191,0.3809,1,heldout,
real_buchwald_hartwig,llambo_warmstart_conservative_low_semantic_mass_conservative,27114,99.6191,99.6191,0.3809,1,heldout,
real_buchwald_hartwig,llambo_warmstart_conservative_low_semantic_mass_noprior,27114,99.6191,99.6191,0.3809,1,heldout,
real_buchwald_hartwig,llambo_warmstart_counter_hypothesis_heteroaromatic_benign,27114,89.6142,89.6142,10.3858,0,heldout,
real_buchwald_hartwig,llambo_warmstart_counter_hypothesis_heteroaromatic_benign_conservative,27114,89.6142,89.6142,10.3858,0,heldout,
real_buchwald_hartwig,llambo_warmstart_counter_hypothesis_heteroaromatic_benign_noprior,27114,89.6142,89.6142,10.3858,0,heldout,
real_buchwald_hartwig,llambo_warmstart_cross_skill_rule_bank,27114,97.948,86.943,2.052,1,heldout,
real_buchwald_hartwig,llambo_warmstart_domain_knowledge_electron_poor_halide,27114,88.7252,87.8742,11.2748,0,heldout,
real_buchwald_hartwig,llambo_warmstart_domain_knowledge_electron_poor_halide_conservative,27114,88.7252,87.8742,11.2748,0,heldout,
real_buchwald_hartwig,llambo_warmstart_domain_knowledge_electron_poor_halide_noprior,27114,88.7252,87.8742,11.2748,0,heldout,
real_buchwald_hartwig,llambo_warmstart_guanidine_base_high_mw_aryl_halide,27114,93.5878,84.6834,6.4122,0,heldout,
real_buchwald_hartwig,llambo_warmstart_guanidine_base_high_mw_aryl_halide_conservative,27114,93.5878,84.6834,6.4122,0,heldout,
real_buchwald_hartwig,llambo_warmstart_guanidine_base_high_mw_aryl_halide_noprior,27114,93.5878,84.6834,6.4122,0,heldout,
real_buchwald_hartwig,llambo_warmstart_high_mw_ligand_low_tpsa_base,27114,98.8492,94.3249,1.1508,1,heldout,
real_buchwald_hartwig,llambo_warmstart_high_mw_ligand_low_tpsa_base_conservative,27114,98.8492,94.3249,1.1508,1,heldout,
real_buchwald_hartwig,llambo_warmstart_high_mw_ligand_low_tpsa_base_noprior,27114,98.8492,94.3249,1.1508,1,heldout,
real_buchwald_hartwig,llambo_warmstart_phosphazene_base_heteroaromatic_halide,27114,97.2929,93.2042,2.7071,0,heldout,
real_buchwald_hartwig,llambo_warmstart_phosphazene_base_heteroaromatic_halide_conservative,27114,97.2929,93.2042,2.7071,0,heldout,
real_buchwald_hartwig,llambo_warmstart_phosphazene_base_heteroaromatic_halide_noprior,27114,97.2929,93.2042,2.7071,0,heldout,
real_buchwald_hartwig,llambo_warmstart_selector,27114,88.7252,87.8742,11.2748,0,heldout,llambo_warmstart_domain_knowledge_electron_poor_halide_noprior
real_buchwald_hartwig,llm_calibrated_selector,27114,98.2872,94.0613,1.7128,1,heldout,llm_semantic_amidine_base_simple_aryl_halide_noprior
real_buchwald_hartwig,llm_direct_prior_additive_tpsa_mid_base_tpsa_mid_synergy,27114,79.3705,79.3705,20.6295,0,heldout,
real_buchwald_hartwig,llm_direct_prior_additive_tpsa_mid_base_tpsa_mid_synergy_conservative,27114,79.3705,79.3705,20.6295,0,heldout,
real_buchwald_hartwig,llm_direct_prior_additive_tpsa_mid_base_tpsa_mid_synergy_noprior,27114,79.3705,79.3705,20.6295,0,heldout,
real_buchwald_hartwig,llm_direct_prior_amidine_base_simple_aryl_halide,27114,98.2872,95.0507,1.7128,1,heldout,
real_buchwald_hartwig,llm_direct_prior_amidine_base_simple_aryl_halide_conservative,27114,98.2872,91.4273,1.7128,1,heldout,
real_buchwald_hartwig,llm_direct_prior_amidine_base_simple_aryl_halide_noprior,27114,98.2872,95.0507,1.7128,1,heldout,
real_buchwald_hartwig,llm_direct_prior_conservative_low_semantic_mass,27114,92.3912,90.2071,7.6088,0,heldout,
real_buchwald_hartwig,llm_direct_prior_conservative_low_semantic_mass_conservative,27114,92.3912,90.2071,7.6088,0,heldout,
real_buchwald_hartwig,llm_direct_prior_conservative_low_semantic_mass_noprior,27114,92.3912,90.2071,7.6088,0,heldout,
real_buchwald_hartwig,llm_direct_prior_counter_hypothesis_heteroaromatic_benign,27114,94.6911,90.0949,5.3089,0,heldout,
real_buchwald_hartwig,llm_direct_prior_counter_hypothesis_heteroaromatic_benign_conservative,27114,98.2872,90.4545,1.7128,1,heldout,
real_buchwald_hartwig,llm_direct_prior_counter_hypothesis_heteroaromatic_benign_noprior,27114,94.6911,90.0949,5.3089,0,heldout,
real_buchwald_hartwig,llm_direct_prior_cross_skill_rule_bank,27114,94.6911,91.9037,5.3089,0,heldout,
real_buchwald_hartwig,llm_direct_prior_domain_knowledge_electron_poor_halide,27114,94.6911,92.1334,5.3089,0,heldout,
real_buchwald_hartwig,llm_direct_prior_domain_knowledge_electron_poor_halide_conservative,27114,93.4211,92.6609,6.5789,0,heldout,
real_buchwald_hartwig,llm_direct_prior_domain_knowledge_electron_poor_halide_noprior,27114,94.6911,92.1334,5.3089,0,heldout,
real_buchwald_hartwig,llm_direct_prior_guanidine_base_high_mw_aryl_halide,27114,86.0034,85.6168,13.9966,0,heldout,
real_buchwald_hartwig,llm_direct_prior_guanidine_base_high_mw_aryl_halide_conservative,27114,86.0034,85.6168,13.9966,0,heldout,
real_buchwald_hartwig,llm_direct_prior_guanidine_base_high_mw_aryl_halide_noprior,27114,86.0034,85.6168,13.9966,0,heldout,
real_buchwald_hartwig,llm_direct_prior_high_mw_ligand_low_tpsa_base,27114,92.127,90.8513,7.873,0,heldout,
real_buchwald_hartwig,llm_direct_prior_high_mw_ligand_low_tpsa_base_conservative,27114,90.7313,90.7313,9.2687,0,heldout,
real_buchwald_hartwig,llm_direct_prior_high_mw_ligand_low_tpsa_base_noprior,27114,92.127,90.8513,7.873,0,heldout,
real_buchwald_hartwig,llm_direct_prior_phosphazene_base_heteroaromatic_halide,27114,91.3733,82.9713,8.6267,0,heldout,
real_buchwald_hartwig,llm_direct_prior_phosphazene_base_heteroaromatic_halide_conservative,27114,94.2969,81.161,5.7031,0,heldout,
real_buchwald_hartwig,llm_direct_prior_phosphazene_base_heteroaromatic_halide_noprior,27114,91.3733,82.9713,8.6267,0,heldout,
real_buchwald_hartwig,llm_direct_prior_selector,27114,94.6911,92.1334,5.3089,0,heldout,llm_direct_prior_domain_knowledge_electron_poor_halide_noprior
real_buchwald_hartwig,llm_semantic_additive_tpsa_mid_base_tpsa_mid_synergy,27114,79.3705,79.3705,20.6295,0,heldout,
real_buchwald_hartwig,llm_semantic_additive_tpsa_mid_base_tpsa_mid_synergy_conservative,27114,79.3705,79.3705,20.6295,0,heldout,
real_buchwald_hartwig,llm_semantic_additive_tpsa_mid_base_tpsa_mid_synergy_noprior,27114,79.3705,79.3705,20.6295,0,heldout,
real_buchwald_hartwig,llm_semantic_amidine_base_simple_aryl_halide,27114,94.6911,92.1804,5.3089,0,heldout,
real_buchwald_hartwig,llm_semantic_amidine_base_simple_aryl_halide_conservative,27114,94.6911,91.9037,5.3089,0,heldout,
real_buchwald_hartwig,llm_semantic_amidine_base_simple_aryl_halide_noprior,27114,98.2872,94.0613,1.7128,1,heldout,
real_buchwald_hartwig,llm_semantic_conservative_low_semantic_mass,27114,84.5566,83.0008,15.4434,0,heldout,
real_buchwald_hartwig,llm_semantic_conservative_low_semantic_mass_conservative,27114,88.1675,84.084,11.8325,0,heldout,
real_buchwald_hartwig,llm_semantic_conservative_low_semantic_mass_noprior,27114,88.1675,84.084,11.8325,0,heldout,
real_buchwald_hartwig,llm_semantic_counter_hypothesis_heteroaromatic_benign,27114,83.7372,82.2974,16.2628,0,heldout,
real_buchwald_hartwig,llm_semantic_counter_hypothesis_heteroaromatic_benign_conservative,27114,98.2872,89.2164,1.7128,1,heldout,
real_buchwald_hartwig,llm_semantic_counter_hypothesis_heteroaromatic_benign_noprior,27114,84.4042,80.7715,15.5958,0,heldout,
real_buchwald_hartwig,llm_semantic_cross_skill_rule_bank,27114,94.6911,87.0069,5.3089,0,heldout,
real_buchwald_hartwig,llm_semantic_domain_knowledge_electron_poor_halide,27114,93.1012,87.6717,6.8988,0,heldout,
real_buchwald_hartwig,llm_semantic_domain_knowledge_electron_poor_halide_conservative,27114,86.1982,86.1004,13.8018,0,heldout,
real_buchwald_hartwig,llm_semantic_domain_knowledge_electron_poor_halide_noprior,27114,93.0289,87.7018,6.9711,0,heldout,
real_buchwald_hartwig,llm_semantic_guanidine_base_high_mw_aryl_halide,27114,82.1374,82.1374,17.8626,0,heldout,
real_buchwald_hartwig,llm_semantic_guanidine_base_high_mw_aryl_halide_conservative,27114,98.2872,89.4804,1.7128,1,heldout,
real_buchwald_hartwig,llm_semantic_guanidine_base_high_mw_aryl_halide_noprior,27114,86.9711,81.9229,13.0289,0,heldout,
real_buchwald_hartwig,llm_semantic_high_mw_ligand_low_tpsa_base,27114,98.2872,88.0521,1.7128,1,heldout,
real_buchwald_hartwig,llm_semantic_high_mw_ligand_low_tpsa_base_conservative,27114,94.6911,89.3929,5.3089,0,heldout,
real_buchwald_hartwig,llm_semantic_high_mw_ligand_low_tpsa_base_noprior,27114,93.4211,84.9907,6.5789,0,heldout,
real_buchwald_hartwig,llm_semantic_phosphazene_base_heteroaromatic_halide,27114,92.659,80.6994,7.341,0,heldout,
real_buchwald_hartwig,llm_semantic_phosphazene_base_heteroaromatic_halide_conservative,27114,79.3705,79.3705,20.6295,0,heldout,
real_buchwald_hartwig,llm_semantic_phosphazene_base_heteroaromatic_halide_noprior,27114,93.0289,83.468,6.9711,0,heldout,
real_buchwald_hartwig,mixed_kernel_gp_ei,27114,94.5498,89.3596,5.4502,0,heldout,
real_buchwald_hartwig,target_acquisition_portfolio,27114,93.4211,86.3688,6.5789,0,heldout,
real_buchwald_hartwig,care_strategy_router,27115,96.1323,96.1323,3.8677,0,heldout,llambo_warmstart_domain_knowledge_electron_poor_halide_noprior
real_buchwald_hartwig,gp_ucb,27115,95.7526,89.1959,4.2474,0,heldout,
real_buchwald_hartwig,llambo_warmstart_additive_tpsa_mid_base_tpsa_mid_synergy,27115,83.1495,78.3619,16.8505,0,heldout,
real_buchwald_hartwig,llambo_warmstart_additive_tpsa_mid_base_tpsa_mid_synergy_conservative,27115,83.1495,78.3619,16.8505,0,heldout,
real_buchwald_hartwig,llambo_warmstart_additive_tpsa_mid_base_tpsa_mid_synergy_noprior,27115,83.1495,78.3619,16.8505,0,heldout,
real_buchwald_hartwig,llambo_warmstart_amidine_base_simple_aryl_halide,27115,88.1675,69.2194,11.8325,0,heldout,
real_buchwald_hartwig,llambo_warmstart_amidine_base_simple_aryl_halide_conservative,27115,88.1675,69.2194,11.8325,0,heldout,
real_buchwald_hartwig,llambo_warmstart_amidine_base_simple_aryl_halide_noprior,27115,88.1675,69.2194,11.8325,0,heldout,
real_buchwald_hartwig,llambo_warmstart_conservative_low_semantic_mass,27115,84.6825,77.5327,15.3175,0,heldout,
real_buchwald_hartwig,llambo_warmstart_conservative_low_semantic_mass_conservative,27115,84.6825,77.5327,15.3175,0,heldout,
real_buchwald_hartwig,llambo_warmstart_conservative_low_semantic_mass_noprior,27115,84.6825,77.5327,15.3175,0,heldout,
real_buchwald_hartwig,llambo_warmstart_counter_hypothesis_heteroaromatic_benign,27115,50.1363,47.4888,49.8637,0,heldout,
real_buchwald_hartwig,llambo_warmstart_counter_hypothesis_heteroaromatic_benign_conservative,27115,50.1363,47.4888,49.8637,0,heldout,
real_buchwald_hartwig,llambo_warmstart_counter_hypothesis_heteroaromatic_benign_noprior,27115,50.1363,47.4888,49.8637,0,heldout,
real_buchwald_hartwig,llambo_warmstart_cross_skill_rule_bank,27115,81.3576,78.9615,18.6424,0,heldout,
real_buchwald_hartwig,llambo_warmstart_domain_knowledge_electron_poor_halide,27115,96.1323,96.1323,3.8677,0,heldout,
real_buchwald_hartwig,llambo_warmstart_domain_knowledge_electron_poor_halide_conservative,27115,96.1323,96.1323,3.8677,0,heldout,
real_buchwald_hartwig,llambo_warmstart_domain_knowledge_electron_poor_halide_noprior,27115,96.1323,96.1323,3.8677,0,heldout,
real_buchwald_hartwig,llambo_warmstart_guanidine_base_high_mw_aryl_halide,27115,78.6196,71.24,21.3804,0,heldout,
real_buchwald_hartwig,llambo_warmstart_guanidine_base_high_mw_aryl_halide_conservative,27115,78.6196,71.24,21.3804,0,heldout,
real_buchwald_hartwig,llambo_warmstart_guanidine_base_high_mw_aryl_halide_noprior,27115,78.6196,71.24,21.3804,0,heldout,
real_buchwald_hartwig,llambo_warmstart_high_mw_ligand_low_tpsa_base,27115,99.6191,97.527,0.3809,1,heldout,
real_buchwald_hartwig,llambo_warmstart_high_mw_ligand_low_tpsa_base_conservative,27115,99.6191,97.527,0.3809,1,heldout,
real_buchwald_hartwig,llambo_warmstart_high_mw_ligand_low_tpsa_base_noprior,27115,99.6191,97.527,0.3809,1,heldout,
real_buchwald_hartwig,llambo_warmstart_phosphazene_base_heteroaromatic_halide,27115,74.0474,74.0474,25.9526,0,heldout,
real_buchwald_hartwig,llambo_warmstart_phosphazene_base_heteroaromatic_halide_conservative,27115,74.0474,74.0474,25.9526,0,heldout,
real_buchwald_hartwig,llambo_warmstart_phosphazene_base_heteroaromatic_halide_noprior,27115,74.0474,74.0474,25.9526,0,heldout,
real_buchwald_hartwig,llambo_warmstart_selector,27115,96.1323,96.1323,3.8677,0,heldout,llambo_warmstart_domain_knowledge_electron_poor_halide_noprior
real_buchwald_hartwig,llm_calibrated_selector,27115,84.6825,68.0348,15.3175,0,heldout,llm_semantic_amidine_base_simple_aryl_halide_noprior
real_buchwald_hartwig,llm_direct_prior_additive_tpsa_mid_base_tpsa_mid_synergy,27115,74.2352,72.0445,25.7648,0,heldout,
real_buchwald_hartwig,llm_direct_prior_additive_tpsa_mid_base_tpsa_mid_synergy_conservative,27115,76.1607,75.352,23.8393,0,heldout,
real_buchwald_hartwig,llm_direct_prior_additive_tpsa_mid_base_tpsa_mid_synergy_noprior,27115,74.2352,72.0445,25.7648,0,heldout,
real_buchwald_hartwig,llm_direct_prior_amidine_base_simple_aryl_halide,27115,81.5694,80.8618,18.4306,0,heldout,
real_buchwald_hartwig,llm_direct_prior_amidine_base_simple_aryl_halide_conservative,27115,100.0,92.5077,0.0,1,heldout,
real_buchwald_hartwig,llm_direct_prior_amidine_base_simple_aryl_halide_noprior,27115,81.5694,80.8618,18.4306,0,heldout,
real_buchwald_hartwig,llm_direct_prior_conservative_low_semantic_mass,27115,79.8724,77.2614,20.1276,0,heldout,
real_buchwald_hartwig,llm_direct_prior_conservative_low_semantic_mass_conservative,27115,79.8724,77.2614,20.1276,0,heldout,
real_buchwald_hartwig,llm_direct_prior_conservative_low_semantic_mass_noprior,27115,79.8724,77.2614,20.1276,0,heldout,
real_buchwald_hartwig,llm_direct_prior_counter_hypothesis_heteroaromatic_benign,27115,79.8724,76.5823,20.1276,0,heldout,
real_buchwald_hartwig,llm_direct_prior_counter_hypothesis_heteroaromatic_benign_conservative,27115,82.3289,76.828,17.6711,0,heldout,
real_buchwald_hartwig,llm_direct_prior_counter_hypothesis_heteroaromatic_benign_noprior,27115,79.8724,76.5823,20.1276,0,heldout,
real_buchwald_hartwig,llm_direct_prior_cross_skill_rule_bank,27115,91.3733,88.994,8.6267,0,heldout,
real_buchwald_hartwig,llm_direct_prior_domain_knowledge_electron_poor_halide,27115,97.5685,86.2892,2.4315,1,heldout,
real_buchwald_hartwig,llm_direct_prior_domain_knowledge_electron_poor_halide_conservative,27115,88.5139,76.132,11.4861,0,heldout,
real_buchwald_hartwig,llm_direct_prior_domain_knowledge_electron_poor_halide_noprior,27115,97.5685,86.2892,2.4315,1,heldout,
real_buchwald_hartwig,llm_direct_prior_guanidine_base_high_mw_aryl_halide,27115,90.2279,81.2702,9.7721,0,heldout,
real_buchwald_hartwig,llm_direct_prior_guanidine_base_high_mw_aryl_halide_conservative,27115,91.9334,82.1761,8.0666,0,heldout,
real_buchwald_hartwig,llm_direct_prior_guanidine_base_high_mw_aryl_halide_noprior,27115,90.2279,81.2702,9.7721,0,heldout,
real_buchwald_hartwig,llm_direct_prior_high_mw_ligand_low_tpsa_base,27115,82.6307,77.2896,17.3693,0,heldout,
real_buchwald_hartwig,llm_direct_prior_high_mw_ligand_low_tpsa_base_conservative,27115,99.0345,84.5947,0.9655,1,heldout,
real_buchwald_hartwig,llm_direct_prior_high_mw_ligand_low_tpsa_base_noprior,27115,82.6307,77.2896,17.3693,0,heldout,
real_buchwald_hartwig,llm_direct_prior_phosphazene_base_heteroaromatic_halide,27115,94.2969,88.2713,5.7031,0,heldout,
real_buchwald_hartwig,llm_direct_prior_phosphazene_base_heteroaromatic_halide_conservative,27115,94.2969,84.6441,5.7031,0,heldout,
real_buchwald_hartwig,llm_direct_prior_phosphazene_base_heteroaromatic_halide_noprior,27115,94.2969,88.2713,5.7031,0,heldout,
real_buchwald_hartwig,llm_direct_prior_selector,27115,97.5685,86.2892,2.4315,1,heldout,llm_direct_prior_domain_knowledge_electron_poor_halide_noprior
real_buchwald_hartwig,llm_semantic_additive_tpsa_mid_base_tpsa_mid_synergy,27115,73.2464,60.6966,26.7536,0,heldout,
real_buchwald_hartwig,llm_semantic_additive_tpsa_mid_base_tpsa_mid_synergy_conservative,27115,80.9063,70.0339,19.0937,0,heldout,
real_buchwald_hartwig,llm_semantic_additive_tpsa_mid_base_tpsa_mid_synergy_noprior,27115,75.7358,68.7179,24.2642,0,heldout,
real_buchwald_hartwig,llm_semantic_amidine_base_simple_aryl_halide,27115,87.9408,74.7367,12.0592,0,heldout,
real_buchwald_hartwig,llm_semantic_amidine_base_simple_aryl_halide_conservative,27115,84.6825,67.4368,15.3175,0,heldout,
real_buchwald_hartwig,llm_semantic_amidine_base_simple_aryl_halide_noprior,27115,84.6825,68.0348,15.3175,0,heldout,
real_buchwald_hartwig,llm_semantic_conservative_low_semantic_mass,27115,94.2969,80.978,5.7031,0,heldout,
real_buchwald_hartwig,llm_semantic_conservative_low_semantic_mass_conservative,27115,94.2969,79.0659,5.7031,0,heldout,
real_buchwald_hartwig,llm_semantic_conservative_low_semantic_mass_noprior,27115,94.2969,79.0659,5.7031,0,heldout,
real_buchwald_hartwig,llm_semantic_counter_hypothesis_heteroaromatic_benign,27115,98.2872,88.5641,1.7128,1,heldout,
real_buchwald_hartwig,llm_semantic_counter_hypothesis_heteroaromatic_benign_conservative,27115,98.2872,88.5641,1.7128,1,heldout,
real_buchwald_hartwig,llm_semantic_counter_hypothesis_heteroaromatic_benign_noprior,27115,57.5592,57.5592,42.4408,0,heldout,
real_buchwald_hartwig,llm_semantic_cross_skill_rule_bank,27115,73.9505,65.6125,26.0495,0,heldout,
real_buchwald_hartwig,llm_semantic_domain_knowledge_electron_poor_halide,27115,96.1323,77.9694,3.8677,0,heldout,
real_buchwald_hartwig,llm_semantic_domain_knowledge_electron_poor_halide_conservative,27115,88.5139,70.2944,11.4861,0,heldout,
real_buchwald_hartwig,llm_semantic_domain_knowledge_electron_poor_halide_noprior,27115,89.5592,72.3182,10.4408,0,heldout,
real_buchwald_hartwig,llm_semantic_guanidine_base_high_mw_aryl_halide,27115,100.0,90.4959,0.0,1,heldout,
real_buchwald_hartwig,llm_semantic_guanidine_base_high_mw_aryl_halide_conservative,27115,88.5139,71.9575,11.4861,0,heldout,
real_buchwald_hartwig,llm_semantic_guanidine_base_high_mw_aryl_halide_noprior,27115,63.4288,60.494,36.5712,0,heldout,
real_buchwald_hartwig,llm_semantic_high_mw_ligand_low_tpsa_base,27115,88.5139,76.5536,11.4861,0,heldout,
real_buchwald_hartwig,llm_semantic_high_mw_ligand_low_tpsa_base_conservative,27115,87.9408,69.6155,12.0592,0,heldout,
real_buchwald_hartwig,llm_semantic_high_mw_ligand_low_tpsa_base_noprior,27115,86.4971,69.8911,13.5029,0,heldout,
real_buchwald_hartwig,llm_semantic_phosphazene_base_heteroaromatic_halide,27115,75.7358,68.4652,24.2642,0,heldout,
real_buchwald_hartwig,llm_semantic_phosphazene_base_heteroaromatic_halide_conservative,27115,62.7857,61.2177,37.2143,0,heldout,
real_buchwald_hartwig,llm_semantic_phosphazene_base_heteroaromatic_halide_noprior,27115,88.5139,74.0475,11.4861,0,heldout,
real_buchwald_hartwig,mixed_kernel_gp_ei,27115,95.7526,89.1959,4.2474,0,heldout,
real_buchwald_hartwig,target_acquisition_portfolio,27115,95.7526,89.1959,4.2474,0,heldout,
real_buchwald_hartwig,care_strategy_router,27116,94.1517,91.3459,5.8483,0,heldout,llambo_warmstart_domain_knowledge_electron_poor_halide_noprior
real_buchwald_hartwig,gp_ucb,27116,91.4851,86.324,8.5149,0,heldout,
real_buchwald_hartwig,llambo_warmstart_additive_tpsa_mid_base_tpsa_mid_synergy,27116,100.0,98.5411,0.0,1,heldout,
real_buchwald_hartwig,llambo_warmstart_additive_tpsa_mid_base_tpsa_mid_synergy_conservative,27116,100.0,98.5411,0.0,1,heldout,
real_buchwald_hartwig,llambo_warmstart_additive_tpsa_mid_base_tpsa_mid_synergy_noprior,27116,100.0,98.5411,0.0,1,heldout,
real_buchwald_hartwig,llambo_warmstart_amidine_base_simple_aryl_halide,27116,100.0,90.3716,0.0,1,heldout,
real_buchwald_hartwig,llambo_warmstart_amidine_base_simple_aryl_halide_conservative,27116,100.0,90.3716,0.0,1,heldout,
real_buchwald_hartwig,llambo_warmstart_amidine_base_simple_aryl_halide_noprior,27116,100.0,90.3716,0.0,1,heldout,
real_buchwald_hartwig,llambo_warmstart_conservative_low_semantic_mass,27116,100.0,92.8792,0.0,1,heldout,
real_buchwald_hartwig,llambo_warmstart_conservative_low_semantic_mass_conservative,27116,100.0,92.8792,0.0,1,heldout,
real_buchwald_hartwig,llambo_warmstart_conservative_low_semantic_mass_noprior,27116,100.0,92.8792,0.0,1,heldout,
real_buchwald_hartwig,llambo_warmstart_counter_hypothesis_heteroaromatic_benign,27116,95.3865,89.5175,4.6135,0,heldout,
real_buchwald_hartwig,llambo_warmstart_counter_hypothesis_heteroaromatic_benign_conservative,27116,95.3865,89.5175,4.6135,0,heldout,
real_buchwald_hartwig,llambo_warmstart_counter_hypothesis_heteroaromatic_benign_noprior,27116,95.3865,89.5175,4.6135,0,heldout,
real_buchwald_hartwig,llambo_warmstart_cross_skill_rule_bank,27116,97.5685,97.5685,2.4315,1,heldout,
real_buchwald_hartwig,llambo_warmstart_domain_knowledge_electron_poor_halide,27116,94.1517,91.3459,5.8483,0,heldout,
real_buchwald_hartwig,llambo_warmstart_domain_knowledge_electron_poor_halide_conservative,27116,94.1517,91.3459,5.8483,0,heldout,
real_buchwald_hartwig,llambo_warmstart_domain_knowledge_electron_poor_halide_noprior,27116,94.1517,91.3459,5.8483,0,heldout,
real_buchwald_hartwig,llambo_warmstart_guanidine_base_high_mw_aryl_halide,27116,92.3912,84.1592,7.6088,0,heldout,
real_buchwald_hartwig,llambo_warmstart_guanidine_base_high_mw_aryl_halide_conservative,27116,92.3912,84.1592,7.6088,0,heldout,
real_buchwald_hartwig,llambo_warmstart_guanidine_base_high_mw_aryl_halide_noprior,27116,92.3912,84.1592,7.6088,0,heldout,
real_buchwald_hartwig,llambo_warmstart_high_mw_ligand_low_tpsa_base,27116,100.0,98.186,0.0,1,heldout,
real_buchwald_hartwig,llambo_warmstart_high_mw_ligand_low_tpsa_base_conservative,27116,100.0,98.186,0.0,1,heldout,
real_buchwald_hartwig,llambo_warmstart_high_mw_ligand_low_tpsa_base_noprior,27116,100.0,98.186,0.0,1,heldout,
real_buchwald_hartwig,llambo_warmstart_phosphazene_base_heteroaromatic_halide,27116,93.3108,72.4872,6.6892,0,heldout,
real_buchwald_hartwig,llambo_warmstart_phosphazene_base_heteroaromatic_halide_conservative,27116,93.3108,72.4872,6.6892,0,heldout,
real_buchwald_hartwig,llambo_warmstart_phosphazene_base_heteroaromatic_halide_noprior,27116,93.3108,72.4872,6.6892,0,heldout,
real_buchwald_hartwig,llambo_warmstart_selector,27116,94.1517,91.3459,5.8483,0,heldout,llambo_warmstart_domain_knowledge_electron_poor_halide_noprior
real_buchwald_hartwig,llm_calibrated_selector,27116,93.0995,89.2632,6.9005,0,heldout,llm_semantic_amidine_base_simple_aryl_halide_noprior
real_buchwald_hartwig,llm_direct_prior_additive_tpsa_mid_base_tpsa_mid_synergy,27116,72.1548,72.1548,27.8452,0,heldout,
real_buchwald_hartwig,llm_direct_prior_additive_tpsa_mid_base_tpsa_mid_synergy_conservative,27116,76.3373,72.573,23.6627,0,heldout,
real_buchwald_hartwig,llm_direct_prior_additive_tpsa_mid_base_tpsa_mid_synergy_noprior,27116,72.1548,72.1548,27.8452,0,heldout,
real_buchwald_hartwig,llm_direct_prior_amidine_base_simple_aryl_halide,27116,97.2929,91.0601,2.7071,0,heldout,
real_buchwald_hartwig,llm_direct_prior_amidine_base_simple_aryl_halide_conservative,27116,97.2929,93.6773,2.7071,0,heldout,
real_buchwald_hartwig,llm_direct_prior_amidine_base_simple_aryl_halide_noprior,27116,97.2929,91.0601,2.7071,0,heldout,
real_buchwald_hartwig,llm_direct_prior_conservative_low_semantic_mass,27116,98.7313,90.9676,1.2687,1,heldout,
real_buchwald_hartwig,llm_direct_prior_conservative_low_semantic_mass_conservative,27116,98.7313,90.9676,1.2687,1,heldout,
real_buchwald_hartwig,llm_direct_prior_conservative_low_semantic_mass_noprior,27116,98.7313,90.9676,1.2687,1,heldout,
real_buchwald_hartwig,llm_direct_prior_counter_hypothesis_heteroaromatic_benign,27116,97.2929,78.2985,2.7071,0,heldout,
real_buchwald_hartwig,llm_direct_prior_counter_hypothesis_heteroaromatic_benign_conservative,27116,93.3108,88.4453,6.6892,0,heldout,
real_buchwald_hartwig,llm_direct_prior_counter_hypothesis_heteroaromatic_benign_noprior,27116,97.2929,78.2985,2.7071,0,heldout,
real_buchwald_hartwig,llm_direct_prior_cross_skill_rule_bank,27116,92.904,76.3752,7.096,0,heldout,
real_buchwald_hartwig,llm_direct_prior_domain_knowledge_electron_poor_halide,27116,93.4211,93.4211,6.5789,0,heldout,
real_buchwald_hartwig,llm_direct_prior_domain_knowledge_electron_poor_halide_conservative,27116,93.4211,93.4211,6.5789,0,heldout,
real_buchwald_hartwig,llm_direct_prior_domain_knowledge_electron_poor_halide_noprior,27116,93.4211,93.4211,6.5789,0,heldout,
real_buchwald_hartwig,llm_direct_prior_guanidine_base_high_mw_aryl_halide,27116,90.2279,89.1581,9.7721,0,heldout,
real_buchwald_hartwig,llm_direct_prior_guanidine_base_high_mw_aryl_halide_conservative,27116,88.4449,88.4449,11.5551,0,heldout,
real_buchwald_hartwig,llm_direct_prior_guanidine_base_high_mw_aryl_halide_noprior,27116,90.2279,89.1581,9.7721,0,heldout,
real_buchwald_hartwig,llm_direct_prior_high_mw_ligand_low_tpsa_base,27116,92.9567,92.5043,7.0433,0,heldout,
real_buchwald_hartwig,llm_direct_prior_high_mw_ligand_low_tpsa_base_conservative,27116,93.4211,93.4211,6.5789,0,heldout,
real_buchwald_hartwig,llm_direct_prior_high_mw_ligand_low_tpsa_base_noprior,27116,92.9567,92.5043,7.0433,0,heldout,
real_buchwald_hartwig,llm_direct_prior_phosphazene_base_heteroaromatic_halide,27116,78.7679,75.6633,21.2321,0,heldout,
real_buchwald_hartwig,llm_direct_prior_phosphazene_base_heteroaromatic_halide_conservative,27116,77.8299,75.382,22.1701,0,heldout,
real_buchwald_hartwig,llm_direct_prior_phosphazene_base_heteroaromatic_halide_noprior,27116,78.7679,75.6633,21.2321,0,heldout,
real_buchwald_hartwig,llm_direct_prior_selector,27116,93.4211,93.4211,6.5789,0,heldout,llm_direct_prior_domain_knowledge_electron_poor_halide_noprior
real_buchwald_hartwig,llm_semantic_additive_tpsa_mid_base_tpsa_mid_synergy,27116,72.1548,72.1548,27.8452,0,heldout,
real_buchwald_hartwig,llm_semantic_additive_tpsa_mid_base_tpsa_mid_synergy_conservative,27116,72.1548,72.1548,27.8452,0,heldout,
real_buchwald_hartwig,llm_semantic_additive_tpsa_mid_base_tpsa_mid_synergy_noprior,27116,72.1548,72.1548,27.8452,0,heldout,
real_buchwald_hartwig,llm_semantic_amidine_base_simple_aryl_halide,27116,100.0,93.0752,0.0,1,heldout,
real_buchwald_hartwig,llm_semantic_amidine_base_simple_aryl_halide_conservative,27116,93.3108,84.6801,6.6892,0,heldout,
real_buchwald_hartwig,llm_semantic_amidine_base_simple_aryl_halide_noprior,27116,93.0995,89.2632,6.9005,0,heldout,
real_buchwald_hartwig,llm_semantic_conservative_low_semantic_mass,27116,88.3083,83.3491,11.6917,0,heldout,
real_buchwald_hartwig,llm_semantic_conservative_low_semantic_mass_conservative,27116,88.3083,83.3491,11.6917,0,heldout,
real_buchwald_hartwig,llm_semantic_conservative_low_semantic_mass_noprior,27116,88.3083,83.3491,11.6917,0,heldout,
real_buchwald_hartwig,llm_semantic_counter_hypothesis_heteroaromatic_benign,27116,93.0995,79.7846,6.9005,0,heldout,
real_buchwald_hartwig,llm_semantic_counter_hypothesis_heteroaromatic_benign_conservative,27116,95.3865,83.8546,4.6135,0,heldout,
real_buchwald_hartwig,llm_semantic_counter_hypothesis_heteroaromatic_benign_noprior,27116,100.0,81.1149,0.0,1,heldout,
real_buchwald_hartwig,llm_semantic_cross_skill_rule_bank,27116,76.3361,74.6435,23.6639,0,heldout,
real_buchwald_hartwig,llm_semantic_domain_knowledge_electron_poor_halide,27116,83.6818,83.6818,16.3182,0,heldout,
real_buchwald_hartwig,llm_semantic_domain_knowledge_electron_poor_halide_conservative,27116,88.4043,77.1172,11.5957,0,heldout,
real_buchwald_hartwig,llm_semantic_domain_knowledge_electron_poor_halide_noprior,27116,93.4211,82.7879,6.5789,0,heldout,
real_buchwald_hartwig,llm_semantic_guanidine_base_high_mw_aryl_halide,27116,86.0034,78.6972,13.9966,0,heldout,
real_buchwald_hartwig,llm_semantic_guanidine_base_high_mw_aryl_halide_conservative,27116,87.902,82.1878,12.098,0,heldout,
real_buchwald_hartwig,llm_semantic_guanidine_base_high_mw_aryl_halide_noprior,27116,94.3462,87.0056,5.6538,0,heldout,
real_buchwald_hartwig,llm_semantic_high_mw_ligand_low_tpsa_base,27116,98.2872,86.5924,1.7128,1,heldout,
real_buchwald_hartwig,llm_semantic_high_mw_ligand_low_tpsa_base_conservative,27116,93.3108,84.7639,6.6892,0,heldout,
real_buchwald_hartwig,llm_semantic_high_mw_ligand_low_tpsa_base_noprior,27116,94.3462,83.1258,5.6538,0,heldout,
real_buchwald_hartwig,llm_semantic_phosphazene_base_heteroaromatic_halide,27116,75.8998,73.3975,24.1002,0,heldout,
real_buchwald_hartwig,llm_semantic_phosphazene_base_heteroaromatic_halide_conservative,27116,94.3462,85.8856,5.6538,0,heldout,
real_buchwald_hartwig,llm_semantic_phosphazene_base_heteroaromatic_halide_noprior,27116,85.1332,77.3474,14.8668,0,heldout,
real_buchwald_hartwig,mixed_kernel_gp_ei,27116,86.2541,82.0243,13.7459,0,heldout,
real_buchwald_hartwig,target_acquisition_portfolio,27116,98.2872,88.3502,1.7128,1,heldout,
real_buchwald_hartwig,care_strategy_router,27117,100.0,96.6927,0.0,1,heldout,llambo_warmstart_domain_knowledge_electron_poor_halide_noprior
real_buchwald_hartwig,gp_ucb,27117,98.2872,73.5536,1.7128,1,heldout,
real_buchwald_hartwig,llambo_warmstart_additive_tpsa_mid_base_tpsa_mid_synergy,27117,98.1771,79.9784,1.8229,1,heldout,
real_buchwald_hartwig,llambo_warmstart_additive_tpsa_mid_base_tpsa_mid_synergy_conservative,27117,98.1771,79.9784,1.8229,1,heldout,
real_buchwald_hartwig,llambo_warmstart_additive_tpsa_mid_base_tpsa_mid_synergy_noprior,27117,98.1771,79.9784,1.8229,1,heldout,
real_buchwald_hartwig,llambo_warmstart_amidine_base_simple_aryl_halide,27117,95.7526,85.618,4.2474,0,heldout,
real_buchwald_hartwig,llambo_warmstart_amidine_base_simple_aryl_halide_conservative,27117,95.7526,85.618,4.2474,0,heldout,
real_buchwald_hartwig,llambo_warmstart_amidine_base_simple_aryl_halide_noprior,27117,95.7526,85.618,4.2474,0,heldout,
real_buchwald_hartwig,llambo_warmstart_conservative_low_semantic_mass,27117,92.8977,89.1303,7.1023,0,heldout,
real_buchwald_hartwig,llambo_warmstart_conservative_low_semantic_mass_conservative,27117,92.8977,89.1303,7.1023,0,heldout,
real_buchwald_hartwig,llambo_warmstart_conservative_low_semantic_mass_noprior,27117,92.8977,89.1303,7.1023,0,heldout,
real_buchwald_hartwig,llambo_warmstart_counter_hypothesis_heteroaromatic_benign,27117,83.9394,80.6519,16.0606,0,heldout,
real_buchwald_hartwig,llambo_warmstart_counter_hypothesis_heteroaromatic_benign_conservative,27117,83.9394,80.6519,16.0606,0,heldout,
real_buchwald_hartwig,llambo_warmstart_counter_hypothesis_heteroaromatic_benign_noprior,27117,83.9394,80.6519,16.0606,0,heldout,
real_buchwald_hartwig,llambo_warmstart_cross_skill_rule_bank,27117,85.6453,83.3303,14.3547,0,heldout,
real_buchwald_hartwig,llambo_warmstart_domain_knowledge_electron_poor_halide,27117,100.0,96.6927,0.0,1,heldout,
real_buchwald_hartwig,llambo_warmstart_domain_knowledge_electron_poor_halide_conservative,27117,100.0,96.6927,0.0,1,heldout,
real_buchwald_hartwig,llambo_warmstart_domain_knowledge_electron_poor_halide_noprior,27117,100.0,96.6927,0.0,1,heldout,
real_buchwald_hartwig,llambo_warmstart_guanidine_base_high_mw_aryl_halide,27117,98.7313,96.0525,1.2687,1,heldout,
real_buchwald_hartwig,llambo_warmstart_guanidine_base_high_mw_aryl_halide_conservative,27117,98.7313,96.0525,1.2687,1,heldout,
real_buchwald_hartwig,llambo_warmstart_guanidine_base_high_mw_aryl_halide_noprior,27117,98.7313,96.0525,1.2687,1,heldout,
real_buchwald_hartwig,llambo_warmstart_high_mw_ligand_low_tpsa_base,27117,98.2872,93.2541,1.7128,1,heldout,
real_buchwald_hartwig,llambo_warmstart_high_mw_ligand_low_tpsa_base_conservative,27117,98.2872,93.2541,1.7128,1,heldout,
real_buchwald_hartwig,llambo_warmstart_high_mw_ligand_low_tpsa_base_noprior,27117,98.2872,93.2541,1.7128,1,heldout,
real_buchwald_hartwig,llambo_warmstart_phosphazene_base_heteroaromatic_halide,27117,93.5878,80.8813,6.4122,0,heldout,
real_buchwald_hartwig,llambo_warmstart_phosphazene_base_heteroaromatic_halide_conservative,27117,93.5878,80.8813,6.4122,0,heldout,
real_buchwald_hartwig,llambo_warmstart_phosphazene_base_heteroaromatic_halide_noprior,27117,93.5878,80.8813,6.4122,0,heldout,
real_buchwald_hartwig,llambo_warmstart_selector,27117,100.0,96.6927,0.0,1,heldout,llambo_warmstart_domain_knowledge_electron_poor_halide_noprior
real_buchwald_hartwig,llm_calibrated_selector,27117,98.2872,94.8235,1.7128,1,heldout,llm_semantic_amidine_base_simple_aryl_halide_noprior
real_buchwald_hartwig,llm_direct_prior_additive_tpsa_mid_base_tpsa_mid_synergy,27117,74.0474,69.8575,25.9526,0,heldout,
real_buchwald_hartwig,llm_direct_prior_additive_tpsa_mid_base_tpsa_mid_synergy_conservative,27117,74.0474,66.723,25.9526,0,heldout,
real_buchwald_hartwig,llm_direct_prior_additive_tpsa_mid_base_tpsa_mid_synergy_noprior,27117,74.0474,69.8575,25.9526,0,heldout,
real_buchwald_hartwig,llm_direct_prior_amidine_base_simple_aryl_halide,27117,93.4211,58.242,6.5789,0,heldout,
real_buchwald_hartwig,llm_direct_prior_amidine_base_simple_aryl_halide_conservative,27117,93.0289,63.8137,6.9711,0,heldout,
real_buchwald_hartwig,llm_direct_prior_amidine_base_simple_aryl_halide_noprior,27117,93.4211,58.242,6.5789,0,heldout,
real_buchwald_hartwig,llm_direct_prior_conservative_low_semantic_mass,27117,98.7313,57.5418,1.2687,1,heldout,
real_buchwald_hartwig,llm_direct_prior_conservative_low_semantic_mass_conservative,27117,98.7313,57.5418,1.2687,1,heldout,
real_buchwald_hartwig,llm_direct_prior_conservative_low_semantic_mass_noprior,27117,98.7313,57.5418,1.2687,1,heldout,
real_buchwald_hartwig,llm_direct_prior_counter_hypothesis_heteroaromatic_benign,27117,52.3781,50.5231,47.6219,0,heldout,
real_buchwald_hartwig,llm_direct_prior_counter_hypothesis_heteroaromatic_benign_conservative,27117,93.0289,58.4291,6.9711,0,heldout,
real_buchwald_hartwig,llm_direct_prior_counter_hypothesis_heteroaromatic_benign_noprior,27117,52.3781,50.5231,47.6219,0,heldout,
real_buchwald_hartwig,llm_direct_prior_cross_skill_rule_bank,27117,98.2872,94.3943,1.7128,1,heldout,
real_buchwald_hartwig,llm_direct_prior_domain_knowledge_electron_poor_halide,27117,79.4448,67.7575,20.5552,0,heldout,
real_buchwald_hartwig,llm_direct_prior_domain_knowledge_electron_poor_halide_conservative,27117,93.4211,92.5611,6.5789,0,heldout,
real_buchwald_hartwig,llm_direct_prior_domain_knowledge_electron_poor_halide_noprior,27117,79.4448,67.7575,20.5552,0,heldout,
real_buchwald_hartwig,llm_direct_prior_guanidine_base_high_mw_aryl_halide,27117,86.9711,86.1969,13.0289,0,heldout,
real_buchwald_hartwig,llm_direct_prior_guanidine_base_high_mw_aryl_halide_conservative,27117,90.7313,87.1552,9.2687,0,heldout,
real_buchwald_hartwig,llm_direct_prior_guanidine_base_high_mw_aryl_halide_noprior,27117,86.9711,86.1969,13.0289,0,heldout,
real_buchwald_hartwig,llm_direct_prior_high_mw_ligand_low_tpsa_base,27117,92.9567,79.2478,7.0433,0,heldout,
real_buchwald_hartwig,llm_direct_prior_high_mw_ligand_low_tpsa_base_conservative,27117,92.3912,89.4589,7.6088,0,heldout,
real_buchwald_hartwig,llm_direct_prior_high_mw_ligand_low_tpsa_base_noprior,27117,92.9567,79.2478,7.0433,0,heldout,
real_buchwald_hartwig,llm_direct_prior_phosphazene_base_heteroaromatic_halide,27117,76.7953,75.2297,23.2047,0,heldout,
real_buchwald_hartwig,llm_direct_prior_phosphazene_base_heteroaromatic_halide_conservative,27117,76.7953,50.749,23.2047,0,heldout,
real_buchwald_hartwig,llm_direct_prior_phosphazene_base_heteroaromatic_halide_noprior,27117,76.7953,75.2297,23.2047,0,heldout,
real_buchwald_hartwig,llm_direct_prior_selector,27117,79.4448,67.7575,20.5552,0,heldout,llm_direct_prior_domain_knowledge_electron_poor_halide_noprior
real_buchwald_hartwig,llm_semantic_additive_tpsa_mid_base_tpsa_mid_synergy,27117,75.2094,47.9341,24.7906,0,heldout,
real_buchwald_hartwig,llm_semantic_additive_tpsa_mid_base_tpsa_mid_synergy_conservative,27117,85.9947,62.4849,14.0053,0,heldout,
real_buchwald_hartwig,llm_semantic_additive_tpsa_mid_base_tpsa_mid_synergy_noprior,27117,86.4971,68.1261,13.5029,0,heldout,
real_buchwald_hartwig,llm_semantic_amidine_base_simple_aryl_halide,27117,98.7313,98.4648,1.2687,1,heldout,
real_buchwald_hartwig,llm_semantic_amidine_base_simple_aryl_halide_conservative,27117,98.2872,94.4518,1.7128,1,heldout,
real_buchwald_hartwig,llm_semantic_amidine_base_simple_aryl_halide_noprior,27117,98.2872,94.8235,1.7128,1,heldout,
real_buchwald_hartwig,llm_semantic_conservative_low_semantic_mass,27117,98.2872,81.2089,1.7128,1,heldout,
real_buchwald_hartwig,llm_semantic_conservative_low_semantic_mass_conservative,27117,98.2872,81.2089,1.7128,1,heldout,
real_buchwald_hartwig,llm_semantic_conservative_low_semantic_mass_noprior,27117,98.2872,81.2089,1.7128,1,heldout,
real_buchwald_hartwig,llm_semantic_counter_hypothesis_heteroaromatic_benign,27117,98.2872,87.2122,1.7128,1,heldout,
real_buchwald_hartwig,llm_semantic_counter_hypothesis_heteroaromatic_benign_conservative,27117,98.7313,98.3316,1.2687,1,heldout,
real_buchwald_hartwig,llm_semantic_counter_hypothesis_heteroaromatic_benign_noprior,27117,98.2872,94.5147,1.7128,1,heldout,
real_buchwald_hartwig,llm_semantic_cross_skill_rule_bank,27117,98.2872,90.9878,1.7128,1,heldout,
real_buchwald_hartwig,llm_semantic_domain_knowledge_electron_poor_halide,27117,89.5592,82.9681,10.4408,0,heldout,
real_buchwald_hartwig,llm_semantic_domain_knowledge_electron_poor_halide_conservative,27117,83.4092,62.2301,16.5908,0,heldout,
real_buchwald_hartwig,llm_semantic_domain_knowledge_electron_poor_halide_noprior,27117,83.4092,61.2959,16.5908,0,heldout,
real_buchwald_hartwig,llm_semantic_guanidine_base_high_mw_aryl_halide,27117,83.7372,50.1552,16.2628,0,heldout,
real_buchwald_hartwig,llm_semantic_guanidine_base_high_mw_aryl_halide_conservative,27117,93.0289,55.732,6.9711,0,heldout,
real_buchwald_hartwig,llm_semantic_guanidine_base_high_mw_aryl_halide_noprior,27117,52.3137,50.1291,47.6863,0,heldout,
real_buchwald_hartwig,llm_semantic_high_mw_ligand_low_tpsa_base,27117,89.6142,80.9432,10.3858,0,heldout,
real_buchwald_hartwig,llm_semantic_high_mw_ligand_low_tpsa_base_conservative,27117,93.0289,71.9529,6.9711,0,heldout,
real_buchwald_hartwig,llm_semantic_high_mw_ligand_low_tpsa_base_noprior,27117,88.5139,78.9709,11.4861,0,heldout,
real_buchwald_hartwig,llm_semantic_phosphazene_base_heteroaromatic_halide,27117,88.4043,88.4043,11.5957,0,heldout,
real_buchwald_hartwig,llm_semantic_phosphazene_base_heteroaromatic_halide_conservative,27117,87.5542,85.8006,12.4458,0,heldout,
real_buchwald_hartwig,llm_semantic_phosphazene_base_heteroaromatic_halide_noprior,27117,83.4092,83.4092,16.5908,0,heldout,
real_buchwald_hartwig,mixed_kernel_gp_ei,27117,88.4043,59.1268,11.5957,0,heldout,
real_buchwald_hartwig,target_acquisition_portfolio,27117,86.9711,62.3478,13.0289,0,heldout,
real_buchwald_hartwig,care_strategy_router,27118,91.1391,87.3006,8.8609,0,heldout,llambo_warmstart_domain_knowledge_electron_poor_halide_noprior
real_buchwald_hartwig,gp_ucb,27118,94.1517,81.7857,5.8483,0,heldout,
real_buchwald_hartwig,llambo_warmstart_additive_tpsa_mid_base_tpsa_mid_synergy,27118,47.3797,43.0662,52.6203,0,heldout,
real_buchwald_hartwig,llambo_warmstart_additive_tpsa_mid_base_tpsa_mid_synergy_conservative,27118,47.3797,43.0662,52.6203,0,heldout,
real_buchwald_hartwig,llambo_warmstart_additive_tpsa_mid_base_tpsa_mid_synergy_noprior,27118,47.3797,43.0662,52.6203,0,heldout,
real_buchwald_hartwig,llambo_warmstart_amidine_base_simple_aryl_halide,27118,94.5498,92.126,5.4502,0,heldout,
real_buchwald_hartwig,llambo_warmstart_amidine_base_simple_aryl_halide_conservative,27118,94.5498,92.126,5.4502,0,heldout,
real_buchwald_hartwig,llambo_warmstart_amidine_base_simple_aryl_halide_noprior,27118,94.5498,92.126,5.4502,0,heldout,
real_buchwald_hartwig,llambo_warmstart_conservative_low_semantic_mass,27118,97.2929,92.8024,2.7071,0,heldout,
real_buchwald_hartwig,llambo_warmstart_conservative_low_semantic_mass_conservative,27118,97.2929,92.8024,2.7071,0,heldout,
real_buchwald_hartwig,llambo_warmstart_conservative_low_semantic_mass_noprior,27118,97.2929,92.8024,2.7071,0,heldout,
real_buchwald_hartwig,llambo_warmstart_counter_hypothesis_heteroaromatic_benign,27118,96.1323,76.1662,3.8677,0,heldout,
real_buchwald_hartwig,llambo_warmstart_counter_hypothesis_heteroaromatic_benign_conservative,27118,96.1323,76.1662,3.8677,0,heldout,
real_buchwald_hartwig,llambo_warmstart_counter_hypothesis_heteroaromatic_benign_noprior,27118,96.1323,76.1662,3.8677,0,heldout,
real_buchwald_hartwig,llambo_warmstart_cross_skill_rule_bank,27118,100.0,87.0744,0.0,1,heldout,
real_buchwald_hartwig,llambo_warmstart_domain_knowledge_electron_poor_halide,27118,91.1391,87.3006,8.8609,0,heldout,
real_buchwald_hartwig,llambo_warmstart_domain_knowledge_electron_poor_halide_conservative,27118,91.1391,87.3006,8.8609,0,heldout,
real_buchwald_hartwig,llambo_warmstart_domain_knowledge_electron_poor_halide_noprior,27118,91.1391,87.3006,8.8609,0,heldout,
real_buchwald_hartwig,llambo_warmstart_guanidine_base_high_mw_aryl_halide,27118,88.4043,71.2217,11.5957,0,heldout,
real_buchwald_hartwig,llambo_warmstart_guanidine_base_high_mw_aryl_halide_conservative,27118,88.4043,71.2217,11.5957,0,heldout,
real_buchwald_hartwig,llambo_warmstart_guanidine_base_high_mw_aryl_halide_noprior,27118,88.4043,71.2217,11.5957,0,heldout,
real_buchwald_hartwig,llambo_warmstart_high_mw_ligand_low_tpsa_base,27118,98.8492,94.4463,1.1508,1,heldout,
real_buchwald_hartwig,llambo_warmstart_high_mw_ligand_low_tpsa_base_conservative,27118,98.8492,94.4463,1.1508,1,heldout,
real_buchwald_hartwig,llambo_warmstart_high_mw_ligand_low_tpsa_base_noprior,27118,98.8492,94.4463,1.1508,1,heldout,
real_buchwald_hartwig,llambo_warmstart_phosphazene_base_heteroaromatic_halide,27118,89.5592,65.4837,10.4408,0,heldout,
real_buchwald_hartwig,llambo_warmstart_phosphazene_base_heteroaromatic_halide_conservative,27118,89.5592,65.4837,10.4408,0,heldout,
real_buchwald_hartwig,llambo_warmstart_phosphazene_base_heteroaromatic_halide_noprior,27118,89.5592,65.4837,10.4408,0,heldout,
real_buchwald_hartwig,llambo_warmstart_selector,27118,91.1391,87.3006,8.8609,0,heldout,llambo_warmstart_domain_knowledge_electron_poor_halide_noprior
real_buchwald_hartwig,llm_calibrated_selector,27118,100.0,96.1937,0.0,1,heldout,llm_semantic_amidine_base_simple_aryl_halide_noprior
real_buchwald_hartwig,llm_direct_prior_additive_tpsa_mid_base_tpsa_mid_synergy,27118,75.3112,60.3938,24.6888,0,heldout,
real_buchwald_hartwig,llm_direct_prior_additive_tpsa_mid_base_tpsa_mid_synergy_conservative,27118,89.0766,80.9516,10.9234,0,heldout,
real_buchwald_hartwig,llm_direct_prior_additive_tpsa_mid_base_tpsa_mid_synergy_noprior,27118,75.3112,60.3938,24.6888,0,heldout,
real_buchwald_hartwig,llm_direct_prior_amidine_base_simple_aryl_halide,27118,84.8955,76.9392,15.1045,0,heldout,
real_buchwald_hartwig,llm_direct_prior_amidine_base_simple_aryl_halide_conservative,27118,83.0965,73.8852,16.9035,0,heldout,
real_buchwald_hartwig,llm_direct_prior_amidine_base_simple_aryl_halide_noprior,27118,84.8955,76.9392,15.1045,0,heldout,
real_buchwald_hartwig,llm_direct_prior_conservative_low_semantic_mass,27118,85.6592,85.1703,14.3408,0,heldout,
real_buchwald_hartwig,llm_direct_prior_conservative_low_semantic_mass_conservative,27118,85.6592,85.1703,14.3408,0,heldout,
real_buchwald_hartwig,llm_direct_prior_conservative_low_semantic_mass_noprior,27118,85.6592,85.1703,14.3408,0,heldout,
real_buchwald_hartwig,llm_direct_prior_counter_hypothesis_heteroaromatic_benign,27118,79.8724,76.6079,20.1276,0,heldout,
real_buchwald_hartwig,llm_direct_prior_counter_hypothesis_heteroaromatic_benign_conservative,27118,79.8724,73.2859,20.1276,0,heldout,
real_buchwald_hartwig,llm_direct_prior_counter_hypothesis_heteroaromatic_benign_noprior,27118,79.8724,76.6079,20.1276,0,heldout,
real_buchwald_hartwig,llm_direct_prior_cross_skill_rule_bank,27118,100.0,91.8015,0.0,1,heldout,
real_buchwald_hartwig,llm_direct_prior_domain_knowledge_electron_poor_halide,27118,97.5685,82.087,2.4315,1,heldout,
real_buchwald_hartwig,llm_direct_prior_domain_knowledge_electron_poor_halide_conservative,27118,100.0,83.3797,0.0,1,heldout,
real_buchwald_hartwig,llm_direct_prior_domain_knowledge_electron_poor_halide_noprior,27118,97.5685,82.087,2.4315,1,heldout,
real_buchwald_hartwig,llm_direct_prior_guanidine_base_high_mw_aryl_halide,27118,90.2279,74.2467,9.7721,0,heldout,
real_buchwald_hartwig,llm_direct_prior_guanidine_base_high_mw_aryl_halide_conservative,27118,82.3289,71.926,17.6711,0,heldout,
real_buchwald_hartwig,llm_direct_prior_guanidine_base_high_mw_aryl_halide_noprior,27118,90.2279,74.2467,9.7721,0,heldout,
real_buchwald_hartwig,llm_direct_prior_high_mw_ligand_low_tpsa_base,27118,89.5988,79.6362,10.4012,0,heldout,
real_buchwald_hartwig,llm_direct_prior_high_mw_ligand_low_tpsa_base_conservative,27118,100.0,81.8409,0.0,1,heldout,
real_buchwald_hartwig,llm_direct_prior_high_mw_ligand_low_tpsa_base_noprior,27118,89.5988,79.6362,10.4012,0,heldout,
real_buchwald_hartwig,llm_direct_prior_phosphazene_base_heteroaromatic_halide,27118,80.7704,71.0748,19.2296,0,heldout,
real_buchwald_hartwig,llm_direct_prior_phosphazene_base_heteroaromatic_halide_conservative,27118,80.7704,77.5385,19.2296,0,heldout,
real_buchwald_hartwig,llm_direct_prior_phosphazene_base_heteroaromatic_halide_noprior,27118,80.7704,71.0748,19.2296,0,heldout,
real_buchwald_hartwig,llm_direct_prior_selector,27118,97.5685,82.087,2.4315,1,heldout,llm_direct_prior_domain_knowledge_electron_poor_halide_noprior
real_buchwald_hartwig,llm_semantic_additive_tpsa_mid_base_tpsa_mid_synergy,27118,83.3133,69.6425,16.6867,0,heldout,
real_buchwald_hartwig,llm_semantic_additive_tpsa_mid_base_tpsa_mid_synergy_conservative,27118,89.5988,74.3233,10.4012,0,heldout,
real_buchwald_hartwig,llm_semantic_additive_tpsa_mid_base_tpsa_mid_synergy_noprior,27118,89.5988,72.6105,10.4012,0,heldout,
real_buchwald_hartwig,llm_semantic_amidine_base_simple_aryl_halide,27118,100.0,85.8586,0.0,1,heldout,
real_buchwald_hartwig,llm_semantic_amidine_base_simple_aryl_halide_conservative,27118,100.0,89.1542,0.0,1,heldout,
real_buchwald_hartwig,llm_semantic_amidine_base_simple_aryl_halide_noprior,27118,100.0,96.1937,0.0,1,heldout,
real_buchwald_hartwig,llm_semantic_conservative_low_semantic_mass,27118,91.5286,84.259,8.4714,0,heldout,
real_buchwald_hartwig,llm_semantic_conservative_low_semantic_mass_conservative,27118,91.5286,84.259,8.4714,0,heldout,
real_buchwald_hartwig,llm_semantic_conservative_low_semantic_mass_noprior,27118,91.5286,84.259,8.4714,0,heldout,
real_buchwald_hartwig,llm_semantic_counter_hypothesis_heteroaromatic_benign,27118,100.0,88.9269,0.0,1,heldout,
real_buchwald_hartwig,llm_semantic_counter_hypothesis_heteroaromatic_benign_conservative,27118,100.0,88.776,0.0,1,heldout,
real_buchwald_hartwig,llm_semantic_counter_hypothesis_heteroaromatic_benign_noprior,27118,100.0,93.4425,0.0,1,heldout,
real_buchwald_hartwig,llm_semantic_cross_skill_rule_bank,27118,81.9976,71.1019,18.0024,0,heldout,
real_buchwald_hartwig,llm_semantic_domain_knowledge_electron_poor_halide,27118,84.6825,79.6371,15.3175,0,heldout,
real_buchwald_hartwig,llm_semantic_domain_knowledge_electron_poor_halide_conservative,27118,89.5988,85.2042,10.4012,0,heldout,
real_buchwald_hartwig,llm_semantic_domain_knowledge_electron_poor_halide_noprior,27118,73.3193,64.8417,26.6807,0,heldout,
real_buchwald_hartwig,llm_semantic_guanidine_base_high_mw_aryl_halide,27118,83.3133,77.4471,16.6867,0,heldout,
real_buchwald_hartwig,llm_semantic_guanidine_base_high_mw_aryl_halide_conservative,27118,100.0,91.3791,0.0,1,heldout,
real_buchwald_hartwig,llm_semantic_guanidine_base_high_mw_aryl_halide_noprior,27118,91.6984,87.3737,8.3016,0,heldout,
real_buchwald_hartwig,llm_semantic_high_mw_ligand_low_tpsa_base,27118,100.0,90.8282,0.0,1,heldout,
real_buchwald_hartwig,llm_semantic_high_mw_ligand_low_tpsa_base_conservative,27118,100.0,86.8466,0.0,1,heldout,
real_buchwald_hartwig,llm_semantic_high_mw_ligand_low_tpsa_base_noprior,27118,86.7621,84.9832,13.2379,0,heldout,
real_buchwald_hartwig,llm_semantic_phosphazene_base_heteroaromatic_halide,27118,92.1307,83.707,7.8693,0,heldout,
real_buchwald_hartwig,llm_semantic_phosphazene_base_heteroaromatic_halide_conservative,27118,85.2207,82.1329,14.7793,0,heldout,
real_buchwald_hartwig,llm_semantic_phosphazene_base_heteroaromatic_halide_noprior,27118,89.5988,83.4464,10.4012,0,heldout,
real_buchwald_hartwig,mixed_kernel_gp_ei,27118,94.1517,81.7857,5.8483,0,heldout,
real_buchwald_hartwig,target_acquisition_portfolio,27118,94.1517,81.7857,5.8483,0,heldout,
real_buchwald_hartwig,care_strategy_router,27119,93.1012,93.1012,6.8988,0,heldout,llambo_warmstart_domain_knowledge_electron_poor_halide_noprior
real_buchwald_hartwig,gp_ucb,27119,96.5912,91.5292,3.4088,0,heldout,
real_buchwald_hartwig,llambo_warmstart_additive_tpsa_mid_base_tpsa_mid_synergy,27119,91.9334,85.7565,8.0666,0,heldout,
real_buchwald_hartwig,llambo_warmstart_additive_tpsa_mid_base_tpsa_mid_synergy_conservative,27119,91.9334,85.7565,8.0666,0,heldout,
real_buchwald_hartwig,llambo_warmstart_additive_tpsa_mid_base_tpsa_mid_synergy_noprior,27119,91.9334,85.7565,8.0666,0,heldout,
real_buchwald_hartwig,llambo_warmstart_amidine_base_simple_aryl_halide,27119,100.0,88.3291,0.0,1,heldout,
real_buchwald_hartwig,llambo_warmstart_amidine_base_simple_aryl_halide_conservative,27119,100.0,88.3291,0.0,1,heldout,
real_buchwald_hartwig,llambo_warmstart_amidine_base_simple_aryl_halide_noprior,27119,100.0,88.3291,0.0,1,heldout,
real_buchwald_hartwig,llambo_warmstart_conservative_low_semantic_mass,27119,93.3108,87.5865,6.6892,0,heldout,
real_buchwald_hartwig,llambo_warmstart_conservative_low_semantic_mass_conservative,27119,93.3108,87.5865,6.6892,0,heldout,
real_buchwald_hartwig,llambo_warmstart_conservative_low_semantic_mass_noprior,27119,93.3108,87.5865,6.6892,0,heldout,
real_buchwald_hartwig,llambo_warmstart_counter_hypothesis_heteroaromatic_benign,27119,98.7313,88.6706,1.2687,1,heldout,
real_buchwald_hartwig,llambo_warmstart_counter_hypothesis_heteroaromatic_benign_conservative,27119,98.7313,88.6706,1.2687,1,heldout,
real_buchwald_hartwig,llambo_warmstart_counter_hypothesis_heteroaromatic_benign_noprior,27119,98.7313,88.6706,1.2687,1,heldout,
real_buchwald_hartwig,llambo_warmstart_cross_skill_rule_bank,27119,98.8492,97.0098,1.1508,1,heldout,
real_buchwald_hartwig,llambo_warmstart_domain_knowledge_electron_poor_halide,27119,93.1012,93.1012,6.8988,0,heldout,
real_buchwald_hartwig,llambo_warmstart_domain_knowledge_electron_poor_halide_conservative,27119,93.1012,93.1012,6.8988,0,heldout,
real_buchwald_hartwig,llambo_warmstart_domain_knowledge_electron_poor_halide_noprior,27119,93.1012,93.1012,6.8988,0,heldout,
real_buchwald_hartwig,llambo_warmstart_guanidine_base_high_mw_aryl_halide,27119,79.5273,56.6517,20.4727,0,heldout,
real_buchwald_hartwig,llambo_warmstart_guanidine_base_high_mw_aryl_halide_conservative,27119,79.5273,56.6517,20.4727,0,heldout,
real_buchwald_hartwig,llambo_warmstart_guanidine_base_high_mw_aryl_halide_noprior,27119,79.5273,56.6517,20.4727,0,heldout,
real_buchwald_hartwig,llambo_warmstart_high_mw_ligand_low_tpsa_base,27119,93.1012,93.1012,6.8988,0,heldout,
real_buchwald_hartwig,llambo_warmstart_high_mw_ligand_low_tpsa_base_conservative,27119,93.1012,93.1012,6.8988,0,heldout,
real_buchwald_hartwig,llambo_warmstart_high_mw_ligand_low_tpsa_base_noprior,27119,93.1012,93.1012,6.8988,0,heldout,
real_buchwald_hartwig,llambo_warmstart_phosphazene_base_heteroaromatic_halide,27119,98.8492,87.6957,1.1508,1,heldout,
real_buchwald_hartwig,llambo_warmstart_phosphazene_base_heteroaromatic_halide_conservative,27119,98.8492,87.6957,1.1508,1,heldout,
real_buchwald_hartwig,llambo_warmstart_phosphazene_base_heteroaromatic_halide_noprior,27119,98.8492,87.6957,1.1508,1,heldout,
real_buchwald_hartwig,llambo_warmstart_selector,27119,93.1012,93.1012,6.8988,0,heldout,llambo_warmstart_domain_knowledge_electron_poor_halide_noprior
real_buchwald_hartwig,llm_calibrated_selector,27119,100.0,81.1406,0.0,1,heldout,llm_semantic_amidine_base_simple_aryl_halide_noprior
real_buchwald_hartwig,llm_direct_prior_additive_tpsa_mid_base_tpsa_mid_synergy,27119,74.2045,54.6767,25.7955,0,heldout,
real_buchwald_hartwig,llm_direct_prior_additive_tpsa_mid_base_tpsa_mid_synergy_conservative,27119,91.3733,73.1469,8.6267,0,heldout,
real_buchwald_hartwig,llm_direct_prior_additive_tpsa_mid_base_tpsa_mid_synergy_noprior,27119,74.2045,54.6767,25.7955,0,heldout,
real_buchwald_hartwig,llm_direct_prior_amidine_base_simple_aryl_halide,27119,46.6499,46.6499,53.3501,0,heldout,
real_buchwald_hartwig,llm_direct_prior_amidine_base_simple_aryl_halide_conservative,27119,78.8011,63.0714,21.1989,0,heldout,
real_buchwald_hartwig,llm_direct_prior_amidine_base_simple_aryl_halide_noprior,27119,46.6499,46.6499,53.3501,0,heldout,
real_buchwald_hartwig,llm_direct_prior_conservative_low_semantic_mass,27119,93.7486,84.1401,6.2514,0,heldout,
real_buchwald_hartwig,llm_direct_prior_conservative_low_semantic_mass_conservative,27119,93.7486,84.1401,6.2514,0,heldout,
real_buchwald_hartwig,llm_direct_prior_conservative_low_semantic_mass_noprior,27119,93.7486,84.1401,6.2514,0,heldout,
real_buchwald_hartwig,llm_direct_prior_counter_hypothesis_heteroaromatic_benign,27119,79.8724,69.3902,20.1276,0,heldout,
real_buchwald_hartwig,llm_direct_prior_counter_hypothesis_heteroaromatic_benign_conservative,27119,79.8724,69.433,20.1276,0,heldout,
real_buchwald_hartwig,llm_direct_prior_counter_hypothesis_heteroaromatic_benign_noprior,27119,79.8724,69.3902,20.1276,0,heldout,
real_buchwald_hartwig,llm_direct_prior_cross_skill_rule_bank,27119,73.1387,58.5125,26.8613,0,heldout,
real_buchwald_hartwig,llm_direct_prior_domain_knowledge_electron_poor_halide,27119,92.127,70.6056,7.873,0,heldout,
real_buchwald_hartwig,llm_direct_prior_domain_knowledge_electron_poor_halide_conservative,27119,95.129,83.2822,4.871,0,heldout,
real_buchwald_hartwig,llm_direct_prior_domain_knowledge_electron_poor_halide_noprior,27119,92.127,70.6056,7.873,0,heldout,
real_buchwald_hartwig,llm_direct_prior_guanidine_base_high_mw_aryl_halide,27119,90.2279,83.0331,9.7721,0,heldout,
real_buchwald_hartwig,llm_direct_prior_guanidine_base_high_mw_aryl_halide_conservative,27119,85.1447,85.0504,14.8553,0,heldout,
real_buchwald_hartwig,llm_direct_prior_guanidine_base_high_mw_aryl_halide_noprior,27119,90.2279,83.0331,9.7721,0,heldout,
real_buchwald_hartwig,llm_direct_prior_high_mw_ligand_low_tpsa_base,27119,84.7017,72.5705,15.2983,0,heldout,
real_buchwald_hartwig,llm_direct_prior_high_mw_ligand_low_tpsa_base_conservative,27119,82.6307,71.7042,17.3693,0,heldout,
real_buchwald_hartwig,llm_direct_prior_high_mw_ligand_low_tpsa_base_noprior,27119,84.7017,72.5705,15.2983,0,heldout,
real_buchwald_hartwig,llm_direct_prior_phosphazene_base_heteroaromatic_halide,27119,78.2963,68.6833,21.7037,0,heldout,
real_buchwald_hartwig,llm_direct_prior_phosphazene_base_heteroaromatic_halide_conservative,27119,78.2963,68.6833,21.7037,0,heldout,
real_buchwald_hartwig,llm_direct_prior_phosphazene_base_heteroaromatic_halide_noprior,27119,78.2963,68.6833,21.7037,0,heldout,
real_buchwald_hartwig,llm_direct_prior_selector,27119,92.127,70.6056,7.873,0,heldout,llm_direct_prior_domain_knowledge_electron_poor_halide_noprior
real_buchwald_hartwig,llm_semantic_additive_tpsa_mid_base_tpsa_mid_synergy,27119,86.7926,80.4312,13.2074,0,heldout,
real_buchwald_hartwig,llm_semantic_additive_tpsa_mid_base_tpsa_mid_synergy_conservative,27119,87.2375,85.5439,12.7625,0,heldout,
real_buchwald_hartwig,llm_semantic_additive_tpsa_mid_base_tpsa_mid_synergy_noprior,27119,87.2375,84.338,12.7625,0,heldout,
real_buchwald_hartwig,llm_semantic_amidine_base_simple_aryl_halide,27119,100.0,79.9572,0.0,1,heldout,
real_buchwald_hartwig,llm_semantic_amidine_base_simple_aryl_halide_conservative,27119,98.1771,79.6776,1.8229,1,heldout,
real_buchwald_hartwig,llm_semantic_amidine_base_simple_aryl_halide_noprior,27119,100.0,81.1406,0.0,1,heldout,
real_buchwald_hartwig,llm_semantic_conservative_low_semantic_mass,27119,96.5912,87.8809,3.4088,0,heldout,
real_buchwald_hartwig,llm_semantic_conservative_low_semantic_mass_conservative,27119,93.0326,86.2953,6.9674,0,heldout,
real_buchwald_hartwig,llm_semantic_conservative_low_semantic_mass_noprior,27119,93.0326,86.2953,6.9674,0,heldout,
real_buchwald_hartwig,llm_semantic_counter_hypothesis_heteroaromatic_benign,27119,86.5976,73.727,13.4024,0,heldout,
real_buchwald_hartwig,llm_semantic_counter_hypothesis_heteroaromatic_benign_conservative,27119,50.2713,46.5129,49.7287,0,heldout,
real_buchwald_hartwig,llm_semantic_counter_hypothesis_heteroaromatic_benign_noprior,27119,53.5999,48.3764,46.4001,0,heldout,
real_buchwald_hartwig,llm_semantic_cross_skill_rule_bank,27119,93.3108,85.786,6.6892,0,heldout,
real_buchwald_hartwig,llm_semantic_domain_knowledge_electron_poor_halide,27119,87.5291,81.3657,12.4709,0,heldout,
real_buchwald_hartwig,llm_semantic_domain_knowledge_electron_poor_halide_conservative,27119,87.5291,86.1795,12.4709,0,heldout,
real_buchwald_hartwig,llm_semantic_domain_knowledge_electron_poor_halide_noprior,27119,83.4092,54.4159,16.5908,0,heldout,
real_buchwald_hartwig,llm_semantic_guanidine_base_high_mw_aryl_halide,27119,93.4211,79.2102,6.5789,0,heldout,
real_buchwald_hartwig,llm_semantic_guanidine_base_high_mw_aryl_halide_conservative,27119,87.2375,75.7283,12.7625,0,heldout,
real_buchwald_hartwig,llm_semantic_guanidine_base_high_mw_aryl_halide_noprior,27119,75.8998,75.8998,24.1002,0,heldout,
real_buchwald_hartwig,llm_semantic_high_mw_ligand_low_tpsa_base,27119,83.3133,54.1999,16.6867,0,heldout,
real_buchwald_hartwig,llm_semantic_high_mw_ligand_low_tpsa_base_conservative,27119,86.7621,75.7656,13.2379,0,heldout,
real_buchwald_hartwig,llm_semantic_high_mw_ligand_low_tpsa_base_noprior,27119,75.2094,55.43,24.7906,0,heldout,
real_buchwald_hartwig,llm_semantic_phosphazene_base_heteroaromatic_halide,27119,83.4092,62.1709,16.5908,0,heldout,
real_buchwald_hartwig,llm_semantic_phosphazene_base_heteroaromatic_halide_conservative,27119,89.5988,67.8769,10.4012,0,heldout,
real_buchwald_hartwig,llm_semantic_phosphazene_base_heteroaromatic_halide_noprior,27119,83.9556,63.9246,16.0444,0,heldout,
real_buchwald_hartwig,mixed_kernel_gp_ei,27119,96.5912,86.0974,3.4088,0,heldout,
real_buchwald_hartwig,target_acquisition_portfolio,27119,96.5912,91.5292,3.4088,0,heldout,
real_buchwald_hartwig,care_strategy_router,27120,89.4195,89.4195,10.5805,0,heldout,llambo_warmstart_domain_knowledge_electron_poor_halide_noprior
real_buchwald_hartwig,gp_ucb,27120,96.5912,72.5246,3.4088,0,heldout,
real_buchwald_hartwig,llambo_warmstart_additive_tpsa_mid_base_tpsa_mid_synergy,27120,95.7526,85.4559,4.2474,0,heldout,
real_buchwald_hartwig,llambo_warmstart_additive_tpsa_mid_base_tpsa_mid_synergy_conservative,27120,95.7526,85.4559,4.2474,0,heldout,
real_buchwald_hartwig,llambo_warmstart_additive_tpsa_mid_base_tpsa_mid_synergy_noprior,27120,95.7526,85.4559,4.2474,0,heldout,
real_buchwald_hartwig,llambo_warmstart_amidine_base_simple_aryl_halide,27120,98.8492,81.8589,1.1508,1,heldout,
real_buchwald_hartwig,llambo_warmstart_amidine_base_simple_aryl_halide_conservative,27120,98.8492,81.8589,1.1508,1,heldout,
real_buchwald_hartwig,llambo_warmstart_amidine_base_simple_aryl_halide_noprior,27120,98.8492,81.8589,1.1508,1,heldout,
real_buchwald_hartwig,llambo_warmstart_conservative_low_semantic_mass,27120,89.4195,89.4195,10.5805,0,heldout,
real_buchwald_hartwig,llambo_warmstart_conservative_low_semantic_mass_conservative,27120,89.4195,89.4195,10.5805,0,heldout,
real_buchwald_hartwig,llambo_warmstart_conservative_low_semantic_mass_noprior,27120,89.4195,89.4195,10.5805,0,heldout,
real_buchwald_hartwig,llambo_warmstart_counter_hypothesis_heteroaromatic_benign,27120,70.7141,69.3304,29.2859,0,heldout,
real_buchwald_hartwig,llambo_warmstart_counter_hypothesis_heteroaromatic_benign_conservative,27120,70.7141,69.3304,29.2859,0,heldout,
real_buchwald_hartwig,llambo_warmstart_counter_hypothesis_heteroaromatic_benign_noprior,27120,70.7141,69.3304,29.2859,0,heldout,
real_buchwald_hartwig,llambo_warmstart_cross_skill_rule_bank,27120,95.7526,94.672,4.2474,0,heldout,
real_buchwald_hartwig,llambo_warmstart_domain_knowledge_electron_poor_halide,27120,89.4195,89.4195,10.5805,0,heldout,
real_buchwald_hartwig,llambo_warmstart_domain_knowledge_electron_poor_halide_conservative,27120,89.4195,89.4195,10.5805,0,heldout,
real_buchwald_hartwig,llambo_warmstart_domain_knowledge_electron_poor_halide_noprior,27120,89.4195,89.4195,10.5805,0,heldout,
real_buchwald_hartwig,llambo_warmstart_guanidine_base_high_mw_aryl_halide,27120,98.1771,94.4896,1.8229,1,heldout,
real_buchwald_hartwig,llambo_warmstart_guanidine_base_high_mw_aryl_halide_conservative,27120,98.1771,94.4896,1.8229,1,heldout,
real_buchwald_hartwig,llambo_warmstart_guanidine_base_high_mw_aryl_halide_noprior,27120,98.1771,94.4896,1.8229,1,heldout,
real_buchwald_hartwig,llambo_warmstart_high_mw_ligand_low_tpsa_base,27120,94.5498,94.168,5.4502,0,heldout,
real_buchwald_hartwig,llambo_warmstart_high_mw_ligand_low_tpsa_base_conservative,27120,94.5498,94.168,5.4502,0,heldout,
real_buchwald_hartwig,llambo_warmstart_high_mw_ligand_low_tpsa_base_noprior,27120,94.5498,94.168,5.4502,0,heldout,
real_buchwald_hartwig,llambo_warmstart_phosphazene_base_heteroaromatic_halide,27120,80.4915,80.4915,19.5085,0,heldout,
real_buchwald_hartwig,llambo_warmstart_phosphazene_base_heteroaromatic_halide_conservative,27120,80.4915,80.4915,19.5085,0,heldout,
real_buchwald_hartwig,llambo_warmstart_phosphazene_base_heteroaromatic_halide_noprior,27120,80.4915,80.4915,19.5085,0,heldout,
real_buchwald_hartwig,llambo_warmstart_selector,27120,89.4195,89.4195,10.5805,0,heldout,llambo_warmstart_domain_knowledge_electron_poor_halide_noprior
real_buchwald_hartwig,llm_calibrated_selector,27120,94.5498,90.8182,5.4502,0,heldout,llm_semantic_amidine_base_simple_aryl_halide_noprior
real_buchwald_hartwig,llm_direct_prior_additive_tpsa_mid_base_tpsa_mid_synergy,27120,80.2853,71.0383,19.7147,0,heldout,
real_buchwald_hartwig,llm_direct_prior_additive_tpsa_mid_base_tpsa_mid_synergy_conservative,27120,70.2291,68.1453,29.7709,0,heldout,
real_buchwald_hartwig,llm_direct_prior_additive_tpsa_mid_base_tpsa_mid_synergy_noprior,27120,80.2853,71.0383,19.7147,0,heldout,
real_buchwald_hartwig,llm_direct_prior_amidine_base_simple_aryl_halide,27120,98.2872,90.6015,1.7128,1,heldout,
real_buchwald_hartwig,llm_direct_prior_amidine_base_simple_aryl_halide_conservative,27120,93.0289,74.1507,6.9711,0,heldout,
real_buchwald_hartwig,llm_direct_prior_amidine_base_simple_aryl_halide_noprior,27120,98.2872,90.6015,1.7128,1,heldout,
real_buchwald_hartwig,llm_direct_prior_conservative_low_semantic_mass,27120,89.5866,74.8792,10.4134,0,heldout,
real_buchwald_hartwig,llm_direct_prior_conservative_low_semantic_mass_conservative,27120,89.5866,74.8792,10.4134,0,heldout,
real_buchwald_hartwig,llm_direct_prior_conservative_low_semantic_mass_noprior,27120,89.5866,74.8792,10.4134,0,heldout,
real_buchwald_hartwig,llm_direct_prior_counter_hypothesis_heteroaromatic_benign,27120,94.6911,77.9368,5.3089,0,heldout,
real_buchwald_hartwig,llm_direct_prior_counter_hypothesis_heteroaromatic_benign_conservative,27120,94.6911,79.1549,5.3089,0,heldout,
real_buchwald_hartwig,llm_direct_prior_counter_hypothesis_heteroaromatic_benign_noprior,27120,94.6911,77.9368,5.3089,0,heldout,
real_buchwald_hartwig,llm_direct_prior_cross_skill_rule_bank,27120,98.2872,85.5719,1.7128,1,heldout,
real_buchwald_hartwig,llm_direct_prior_domain_knowledge_electron_poor_halide,27120,93.4211,92.6564,6.5789,0,heldout,
real_buchwald_hartwig,llm_direct_prior_domain_knowledge_electron_poor_halide_conservative,27120,93.4211,92.9299,6.5789,0,heldout,
real_buchwald_hartwig,llm_direct_prior_domain_knowledge_electron_poor_halide_noprior,27120,93.4211,92.6564,6.5789,0,heldout,
real_buchwald_hartwig,llm_direct_prior_guanidine_base_high_mw_aryl_halide,27120,86.0034,79.4991,13.9966,0,heldout,
real_buchwald_hartwig,llm_direct_prior_guanidine_base_high_mw_aryl_halide_conservative,27120,86.0034,79.4991,13.9966,0,heldout,
real_buchwald_hartwig,llm_direct_prior_guanidine_base_high_mw_aryl_halide_noprior,27120,86.0034,79.4991,13.9966,0,heldout,
real_buchwald_hartwig,llm_direct_prior_high_mw_ligand_low_tpsa_base,27120,92.127,88.4725,7.873,0,heldout,
real_buchwald_hartwig,llm_direct_prior_high_mw_ligand_low_tpsa_base_conservative,27120,92.9567,82.6384,7.0433,0,heldout,
real_buchwald_hartwig,llm_direct_prior_high_mw_ligand_low_tpsa_base_noprior,27120,92.127,88.4725,7.873,0,heldout,
real_buchwald_hartwig,llm_direct_prior_phosphazene_base_heteroaromatic_halide,27120,82.3324,69.9021,17.6676,0,heldout,
real_buchwald_hartwig,llm_direct_prior_phosphazene_base_heteroaromatic_halide_conservative,27120,89.4671,74.4995,10.5329,0,heldout,
real_buchwald_hartwig,llm_direct_prior_phosphazene_base_heteroaromatic_halide_noprior,27120,82.3324,69.9021,17.6676,0,heldout,
real_buchwald_hartwig,llm_direct_prior_selector,27120,93.4211,92.6564,6.5789,0,heldout,llm_direct_prior_domain_knowledge_electron_poor_halide_noprior
real_buchwald_hartwig,llm_semantic_additive_tpsa_mid_base_tpsa_mid_synergy,27120,83.9556,67.2641,16.0444,0,heldout,
real_buchwald_hartwig,llm_semantic_additive_tpsa_mid_base_tpsa_mid_synergy_conservative,27120,92.659,71.4148,7.341,0,heldout,
real_buchwald_hartwig,llm_semantic_additive_tpsa_mid_base_tpsa_mid_synergy_noprior,27120,66.8519,64.4815,33.1481,0,heldout,
real_buchwald_hartwig,llm_semantic_amidine_base_simple_aryl_halide,27120,98.2872,93.8806,1.7128,1,heldout,
real_buchwald_hartwig,llm_semantic_amidine_base_simple_aryl_halide_conservative,27120,94.5498,90.8182,5.4502,0,heldout,
real_buchwald_hartwig,llm_semantic_amidine_base_simple_aryl_halide_noprior,27120,94.5498,90.8182,5.4502,0,heldout,
real_buchwald_hartwig,llm_semantic_conservative_low_semantic_mass,27120,92.659,84.3519,7.341,0,heldout,
real_buchwald_hartwig,llm_semantic_conservative_low_semantic_mass_conservative,27120,94.5498,84.5409,5.4502,0,heldout,
real_buchwald_hartwig,llm_semantic_conservative_low_semantic_mass_noprior,27120,94.5498,84.5409,5.4502,0,heldout,
real_buchwald_hartwig,llm_semantic_counter_hypothesis_heteroaromatic_benign,27120,92.256,85.6903,7.744,0,heldout,
real_buchwald_hartwig,llm_semantic_counter_hypothesis_heteroaromatic_benign_conservative,27120,98.2872,81.3774,1.7128,1,heldout,
real_buchwald_hartwig,llm_semantic_counter_hypothesis_heteroaromatic_benign_noprior,27120,88.1675,85.8585,11.8325,0,heldout,
real_buchwald_hartwig,llm_semantic_cross_skill_rule_bank,27120,93.0289,89.1248,6.9711,0,heldout,
real_buchwald_hartwig,llm_semantic_domain_knowledge_electron_poor_halide,27120,92.9567,87.419,7.0433,0,heldout,
real_buchwald_hartwig,llm_semantic_domain_knowledge_electron_poor_halide_conservative,27120,92.9567,72.1838,7.0433,0,heldout,
real_buchwald_hartwig,llm_semantic_domain_knowledge_electron_poor_halide_noprior,27120,93.0289,85.27,6.9711,0,heldout,
real_buchwald_hartwig,llm_semantic_guanidine_base_high_mw_aryl_halide,27120,93.0289,69.3299,6.9711,0,heldout,
real_buchwald_hartwig,llm_semantic_guanidine_base_high_mw_aryl_halide_conservative,27120,86.0034,72.9584,13.9966,0,heldout,
real_buchwald_hartwig,llm_semantic_guanidine_base_high_mw_aryl_halide_noprior,27120,86.9711,67.5971,13.0289,0,heldout,
real_buchwald_hartwig,llm_semantic_high_mw_ligand_low_tpsa_base,27120,98.2872,93.2181,1.7128,1,heldout,
real_buchwald_hartwig,llm_semantic_high_mw_ligand_low_tpsa_base_conservative,27120,88.4043,81.1472,11.5957,0,heldout,
real_buchwald_hartwig,llm_semantic_high_mw_ligand_low_tpsa_base_noprior,27120,86.7621,73.89,13.2379,0,heldout,
real_buchwald_hartwig,llm_semantic_phosphazene_base_heteroaromatic_halide,27120,83.3382,75.5059,16.6618,0,heldout,
real_buchwald_hartwig,llm_semantic_phosphazene_base_heteroaromatic_halide_conservative,27120,85.6057,74.1344,14.3943,0,heldout,
real_buchwald_hartwig,llm_semantic_phosphazene_base_heteroaromatic_halide_noprior,27120,93.1012,76.7493,6.8988,0,heldout,
real_buchwald_hartwig,mixed_kernel_gp_ei,27120,83.3382,72.2592,16.6618,0,heldout,
real_buchwald_hartwig,target_acquisition_portfolio,27120,93.1012,76.7006,6.8988,0,heldout,
real_buchwald_hartwig,care_strategy_router,27121,93.4211,92.95,6.5789,0,heldout,llambo_warmstart_domain_knowledge_electron_poor_halide_noprior
real_buchwald_hartwig,gp_ucb,27121,89.4195,88.4266,10.5805,0,heldout,
real_buchwald_hartwig,llambo_warmstart_additive_tpsa_mid_base_tpsa_mid_synergy,27121,68.4421,56.8871,31.5579,0,heldout,
real_buchwald_hartwig,llambo_warmstart_additive_tpsa_mid_base_tpsa_mid_synergy_conservative,27121,68.4421,56.8871,31.5579,0,heldout,
real_buchwald_hartwig,llambo_warmstart_additive_tpsa_mid_base_tpsa_mid_synergy_noprior,27121,68.4421,56.8871,31.5579,0,heldout,
real_buchwald_hartwig,llambo_warmstart_amidine_base_simple_aryl_halide,27121,81.4779,81.2819,18.5221,0,heldout,
real_buchwald_hartwig,llambo_warmstart_amidine_base_simple_aryl_halide_conservative,27121,81.4779,81.2819,18.5221,0,heldout,
real_buchwald_hartwig,llambo_warmstart_amidine_base_simple_aryl_halide_noprior,27121,81.4779,81.2819,18.5221,0,heldout,
real_buchwald_hartwig,llambo_warmstart_conservative_low_semantic_mass,27121,97.2929,94.2163,2.7071,0,heldout,
real_buchwald_hartwig,llambo_warmstart_conservative_low_semantic_mass_conservative,27121,97.2929,94.2163,2.7071,0,heldout,
real_buchwald_hartwig,llambo_warmstart_conservative_low_semantic_mass_noprior,27121,97.2929,94.2163,2.7071,0,heldout,
real_buchwald_hartwig,llambo_warmstart_counter_hypothesis_heteroaromatic_benign,27121,99.6191,92.9741,0.3809,1,heldout,
real_buchwald_hartwig,llambo_warmstart_counter_hypothesis_heteroaromatic_benign_conservative,27121,99.6191,92.9741,0.3809,1,heldout,
real_buchwald_hartwig,llambo_warmstart_counter_hypothesis_heteroaromatic_benign_noprior,27121,99.6191,92.9741,0.3809,1,heldout,
real_buchwald_hartwig,llambo_warmstart_cross_skill_rule_bank,27121,95.7526,92.4808,4.2474,0,heldout,
real_buchwald_hartwig,llambo_warmstart_domain_knowledge_electron_poor_halide,27121,93.4211,92.95,6.5789,0,heldout,
real_buchwald_hartwig,llambo_warmstart_domain_knowledge_electron_poor_halide_conservative,27121,93.4211,92.95,6.5789,0,heldout,
real_buchwald_hartwig,llambo_warmstart_domain_knowledge_electron_poor_halide_noprior,27121,93.4211,92.95,6.5789,0,heldout,
real_buchwald_hartwig,llambo_warmstart_guanidine_base_high_mw_aryl_halide,27121,93.0995,90.6383,6.9005,0,heldout,
real_buchwald_hartwig,llambo_warmstart_guanidine_base_high_mw_aryl_halide_conservative,27121,93.0995,90.6383,6.9005,0,heldout,
real_buchwald_hartwig,llambo_warmstart_guanidine_base_high_mw_aryl_halide_noprior,27121,93.0995,90.6383,6.9005,0,heldout,
real_buchwald_hartwig,llambo_warmstart_high_mw_ligand_low_tpsa_base,27121,98.8492,98.2214,1.1508,1,heldout,
real_buchwald_hartwig,llambo_warmstart_high_mw_ligand_low_tpsa_base_conservative,27121,98.8492,98.2214,1.1508,1,heldout,
real_buchwald_hartwig,llambo_warmstart_high_mw_ligand_low_tpsa_base_noprior,27121,98.8492,98.2214,1.1508,1,heldout,
real_buchwald_hartwig,llambo_warmstart_phosphazene_base_heteroaromatic_halide,27121,93.5878,75.9669,6.4122,0,heldout,
real_buchwald_hartwig,llambo_warmstart_phosphazene_base_heteroaromatic_halide_conservative,27121,93.5878,75.9669,6.4122,0,heldout,
real_buchwald_hartwig,llambo_warmstart_phosphazene_base_heteroaromatic_halide_noprior,27121,93.5878,75.9669,6.4122,0,heldout,
real_buchwald_hartwig,llambo_warmstart_selector,27121,93.4211,92.95,6.5789,0,heldout,llambo_warmstart_domain_knowledge_electron_poor_halide_noprior
real_buchwald_hartwig,llm_calibrated_selector,27121,87.5291,87.5291,12.4709,0,heldout,llm_semantic_amidine_base_simple_aryl_halide_noprior
real_buchwald_hartwig,llm_direct_prior_additive_tpsa_mid_base_tpsa_mid_synergy,27121,87.5291,87.5291,12.4709,0,heldout,
real_buchwald_hartwig,llm_direct_prior_additive_tpsa_mid_base_tpsa_mid_synergy_conservative,27121,87.5291,87.5291,12.4709,0,heldout,
real_buchwald_hartwig,llm_direct_prior_additive_tpsa_mid_base_tpsa_mid_synergy_noprior,27121,87.5291,87.5291,12.4709,0,heldout,
real_buchwald_hartwig,llm_direct_prior_amidine_base_simple_aryl_halide,27121,87.5291,87.5291,12.4709,0,heldout,
real_buchwald_hartwig,llm_direct_prior_amidine_base_simple_aryl_halide_conservative,27121,87.5291,87.5291,12.4709,0,heldout,
real_buchwald_hartwig,llm_direct_prior_amidine_base_simple_aryl_halide_noprior,27121,87.5291,87.5291,12.4709,0,heldout,
real_buchwald_hartwig,llm_direct_prior_conservative_low_semantic_mass,27121,87.5291,87.5291,12.4709,0,heldout,
real_buchwald_hartwig,llm_direct_prior_conservative_low_semantic_mass_conservative,27121,87.5291,87.5291,12.4709,0,heldout,
real_buchwald_hartwig,llm_direct_prior_conservative_low_semantic_mass_noprior,27121,87.5291,87.5291,12.4709,0,heldout,
real_buchwald_hartwig,llm_direct_prior_counter_hypothesis_heteroaromatic_benign,27121,87.5291,87.5291,12.4709,0,heldout,
real_buchwald_hartwig,llm_direct_prior_counter_hypothesis_heteroaromatic_benign_conservative,27121,87.5291,87.5291,12.4709,0,heldout,
real_buchwald_hartwig,llm_direct_prior_counter_hypothesis_heteroaromatic_benign_noprior,27121,87.5291,87.5291,12.4709,0,heldout,
real_buchwald_hartwig,llm_direct_prior_cross_skill_rule_bank,27121,87.5291,87.5291,12.4709,0,heldout,
real_buchwald_hartwig,llm_direct_prior_domain_knowledge_electron_poor_halide,27121,97.5685,91.5449,2.4315,1,heldout,
real_buchwald_hartwig,llm_direct_prior_domain_knowledge_electron_poor_halide_conservative,27121,87.5291,87.5291,12.4709,0,heldout,
real_buchwald_hartwig,llm_direct_prior_domain_knowledge_electron_poor_halide_noprior,27121,97.5685,91.5449,2.4315,1,heldout,
real_buchwald_hartwig,llm_direct_prior_guanidine_base_high_mw_aryl_halide,27121,87.5291,87.5291,12.4709,0,heldout,
real_buchwald_hartwig,llm_direct_prior_guanidine_base_high_mw_aryl_halide_conservative,27121,87.5291,87.5291,12.4709,0,heldout,
real_buchwald_hartwig,llm_direct_prior_guanidine_base_high_mw_aryl_halide_noprior,27121,87.5291,87.5291,12.4709,0,heldout,
real_buchwald_hartwig,llm_direct_prior_high_mw_ligand_low_tpsa_base,27121,91.2097,87.8972,8.7903,0,heldout,
real_buchwald_hartwig,llm_direct_prior_high_mw_ligand_low_tpsa_base_conservative,27121,91.2097,88.6333,8.7903,0,heldout,
real_buchwald_hartwig,llm_direct_prior_high_mw_ligand_low_tpsa_base_noprior,27121,91.2097,87.8972,8.7903,0,heldout,
real_buchwald_hartwig,llm_direct_prior_phosphazene_base_heteroaromatic_halide,27121,87.5291,87.5291,12.4709,0,heldout,
real_buchwald_hartwig,llm_direct_prior_phosphazene_base_heteroaromatic_halide_conservative,27121,94.2969,88.2059,5.7031,0,heldout,
real_buchwald_hartwig,llm_direct_prior_phosphazene_base_heteroaromatic_halide_noprior,27121,87.5291,87.5291,12.4709,0,heldout,
real_buchwald_hartwig,llm_direct_prior_selector,27121,97.5685,91.5449,2.4315,1,heldout,llm_direct_prior_domain_knowledge_electron_poor_halide_noprior
real_buchwald_hartwig,llm_semantic_additive_tpsa_mid_base_tpsa_mid_synergy,27121,87.5291,87.5291,12.4709,0,heldout,
real_buchwald_hartwig,llm_semantic_additive_tpsa_mid_base_tpsa_mid_synergy_conservative,27121,87.5291,87.5291,12.4709,0,heldout,
real_buchwald_hartwig,llm_semantic_additive_tpsa_mid_base_tpsa_mid_synergy_noprior,27121,87.5291,87.5291,12.4709,0,heldout,
real_buchwald_hartwig,llm_semantic_amidine_base_simple_aryl_halide,27121,87.5291,87.5291,12.4709,0,heldout,
real_buchwald_hartwig,llm_semantic_amidine_base_simple_aryl_halide_conservative,27121,87.5291,87.5291,12.4709,0,heldout,
real_buchwald_hartwig,llm_semantic_amidine_base_simple_aryl_halide_noprior,27121,87.5291,87.5291,12.4709,0,heldout,
real_buchwald_hartwig,llm_semantic_conservative_low_semantic_mass,27121,89.4195,88.2853,10.5805,0,heldout,
real_buchwald_hartwig,llm_semantic_conservative_low_semantic_mass_conservative,27121,87.5291,87.5291,12.4709,0,heldout,
real_buchwald_hartwig,llm_semantic_conservative_low_semantic_mass_noprior,27121,87.5291,87.5291,12.4709,0,heldout,
real_buchwald_hartwig,llm_semantic_counter_hypothesis_heteroaromatic_benign,27121,87.5291,87.5291,12.4709,0,heldout,
real_buchwald_hartwig,llm_semantic_counter_hypothesis_heteroaromatic_benign_conservative,27121,87.5291,87.5291,12.4709,0,heldout,
real_buchwald_hartwig,llm_semantic_counter_hypothesis_heteroaromatic_benign_noprior,27121,87.5291,87.5291,12.4709,0,heldout,
real_buchwald_hartwig,llm_semantic_cross_skill_rule_bank,27121,87.5291,87.5291,12.4709,0,heldout,
real_buchwald_hartwig,llm_semantic_domain_knowledge_electron_poor_halide,27121,87.5291,87.5291,12.4709,0,heldout,
real_buchwald_hartwig,llm_semantic_domain_knowledge_electron_poor_halide_conservative,27121,92.9567,88.6146,7.0433,0,heldout,
real_buchwald_hartwig,llm_semantic_domain_knowledge_electron_poor_halide_noprior,27121,100.0,88.7762,0.0,1,heldout,
real_buchwald_hartwig,llm_semantic_guanidine_base_high_mw_aryl_halide,27121,87.5291,87.5291,12.4709,0,heldout,
real_buchwald_hartwig,llm_semantic_guanidine_base_high_mw_aryl_halide_conservative,27121,89.4195,87.9072,10.5805,0,heldout,
real_buchwald_hartwig,llm_semantic_guanidine_base_high_mw_aryl_halide_noprior,27121,87.5291,87.5291,12.4709,0,heldout,
real_buchwald_hartwig,llm_semantic_high_mw_ligand_low_tpsa_base,27121,87.5291,87.5291,12.4709,0,heldout,
real_buchwald_hartwig,llm_semantic_high_mw_ligand_low_tpsa_base_conservative,27121,87.5291,87.5291,12.4709,0,heldout,
real_buchwald_hartwig,llm_semantic_high_mw_ligand_low_tpsa_base_noprior,27121,87.5291,87.5291,12.4709,0,heldout,
real_buchwald_hartwig,llm_semantic_phosphazene_base_heteroaromatic_halide,27121,87.5291,87.5291,12.4709,0,heldout,
real_buchwald_hartwig,llm_semantic_phosphazene_base_heteroaromatic_halide_conservative,27121,87.5291,87.5291,12.4709,0,heldout,
real_buchwald_hartwig,llm_semantic_phosphazene_base_heteroaromatic_halide_noprior,27121,87.5291,87.5291,12.4709,0,heldout,
real_buchwald_hartwig,mixed_kernel_gp_ei,27121,89.4195,88.5564,10.5805,0,heldout,
real_buchwald_hartwig,target_acquisition_portfolio,27121,89.4195,88.5564,10.5805,0,heldout,
real_buchwald_hartwig,care_strategy_router,27122,96.1323,94.2617,3.8677,0,heldout,llambo_warmstart_domain_knowledge_electron_poor_halide_noprior
real_buchwald_hartwig,gp_ucb,27122,92.1197,75.1869,7.8803,0,heldout,
real_buchwald_hartwig,llambo_warmstart_additive_tpsa_mid_base_tpsa_mid_synergy,27122,94.1517,83.9826,5.8483,0,heldout,
real_buchwald_hartwig,llambo_warmstart_additive_tpsa_mid_base_tpsa_mid_synergy_conservative,27122,94.1517,83.9826,5.8483,0,heldout,
real_buchwald_hartwig,llambo_warmstart_additive_tpsa_mid_base_tpsa_mid_synergy_noprior,27122,94.1517,83.9826,5.8483,0,heldout,
real_buchwald_hartwig,llambo_warmstart_amidine_base_simple_aryl_halide,27122,82.6307,81.5969,17.3693,0,heldout,
real_buchwald_hartwig,llambo_warmstart_amidine_base_simple_aryl_halide_conservative,27122,82.6307,81.5969,17.3693,0,heldout,
real_buchwald_hartwig,llambo_warmstart_amidine_base_simple_aryl_halide_noprior,27122,82.6307,81.5969,17.3693,0,heldout,
real_buchwald_hartwig,llambo_warmstart_conservative_low_semantic_mass,27122,86.2541,86.2541,13.7459,0,heldout,
real_buchwald_hartwig,llambo_warmstart_conservative_low_semantic_mass_conservative,27122,86.2541,86.2541,13.7459,0,heldout,
real_buchwald_hartwig,llambo_warmstart_conservative_low_semantic_mass_noprior,27122,86.2541,86.2541,13.7459,0,heldout,
real_buchwald_hartwig,llambo_warmstart_counter_hypothesis_heteroaromatic_benign,27122,52.5506,48.7557,47.4494,0,heldout,
real_buchwald_hartwig,llambo_warmstart_counter_hypothesis_heteroaromatic_benign_conservative,27122,52.5506,48.7557,47.4494,0,heldout,
real_buchwald_hartwig,llambo_warmstart_counter_hypothesis_heteroaromatic_benign_noprior,27122,52.5506,48.7557,47.4494,0,heldout,
real_buchwald_hartwig,llambo_warmstart_cross_skill_rule_bank,27122,96.1323,73.5177,3.8677,0,heldout,
real_buchwald_hartwig,llambo_warmstart_domain_knowledge_electron_poor_halide,27122,96.1323,94.2617,3.8677,0,heldout,
real_buchwald_hartwig,llambo_warmstart_domain_knowledge_electron_poor_halide_conservative,27122,96.1323,94.2617,3.8677,0,heldout,
real_buchwald_hartwig,llambo_warmstart_domain_knowledge_electron_poor_halide_noprior,27122,96.1323,94.2617,3.8677,0,heldout,
real_buchwald_hartwig,llambo_warmstart_guanidine_base_high_mw_aryl_halide,27122,93.0995,90.7869,6.9005,0,heldout,
real_buchwald_hartwig,llambo_warmstart_guanidine_base_high_mw_aryl_halide_conservative,27122,93.0995,90.7869,6.9005,0,heldout,
real_buchwald_hartwig,llambo_warmstart_guanidine_base_high_mw_aryl_halide_noprior,27122,93.0995,90.7869,6.9005,0,heldout,
real_buchwald_hartwig,llambo_warmstart_high_mw_ligand_low_tpsa_base,27122,86.8997,84.9381,13.1003,0,heldout,
real_buchwald_hartwig,llambo_warmstart_high_mw_ligand_low_tpsa_base_conservative,27122,86.8997,84.9381,13.1003,0,heldout,
real_buchwald_hartwig,llambo_warmstart_high_mw_ligand_low_tpsa_base_noprior,27122,86.8997,84.9381,13.1003,0,heldout,
real_buchwald_hartwig,llambo_warmstart_phosphazene_base_heteroaromatic_halide,27122,92.9142,90.0309,7.0858,0,heldout,
real_buchwald_hartwig,llambo_warmstart_phosphazene_base_heteroaromatic_halide_conservative,27122,92.9142,90.0309,7.0858,0,heldout,
real_buchwald_hartwig,llambo_warmstart_phosphazene_base_heteroaromatic_halide_noprior,27122,92.9142,90.0309,7.0858,0,heldout,
real_buchwald_hartwig,llambo_warmstart_selector,27122,96.1323,94.2617,3.8677,0,heldout,llambo_warmstart_domain_knowledge_electron_poor_halide_noprior
real_buchwald_hartwig,llm_calibrated_selector,27122,91.1391,86.8196,8.8609,0,heldout,llm_semantic_amidine_base_simple_aryl_halide_noprior
real_buchwald_hartwig,llm_direct_prior_additive_tpsa_mid_base_tpsa_mid_synergy,27122,74.2296,70.4556,25.7704,0,heldout,
real_buchwald_hartwig,llm_direct_prior_additive_tpsa_mid_base_tpsa_mid_synergy_conservative,27122,83.0823,72.1841,16.9177,0,heldout,
real_buchwald_hartwig,llm_direct_prior_additive_tpsa_mid_base_tpsa_mid_synergy_noprior,27122,74.2296,70.4556,25.7704,0,heldout,
real_buchwald_hartwig,llm_direct_prior_amidine_base_simple_aryl_halide,27122,81.1512,80.256,18.8488,0,heldout,
real_buchwald_hartwig,llm_direct_prior_amidine_base_simple_aryl_halide_conservative,27122,81.1512,76.9627,18.8488,0,heldout,
real_buchwald_hartwig,llm_direct_prior_amidine_base_simple_aryl_halide_noprior,27122,81.1512,80.256,18.8488,0,heldout,
real_buchwald_hartwig,llm_direct_prior_conservative_low_semantic_mass,27122,86.7862,78.445,13.2138,0,heldout,
real_buchwald_hartwig,llm_direct_prior_conservative_low_semantic_mass_conservative,27122,86.7862,78.445,13.2138,0,heldout,
real_buchwald_hartwig,llm_direct_prior_conservative_low_semantic_mass_noprior,27122,86.7862,78.445,13.2138,0,heldout,
real_buchwald_hartwig,llm_direct_prior_counter_hypothesis_heteroaromatic_benign,27122,79.8724,78.7953,20.1276,0,heldout,
real_buchwald_hartwig,llm_direct_prior_counter_hypothesis_heteroaromatic_benign_conservative,27122,81.1512,79.179,18.8488,0,heldout,
real_buchwald_hartwig,llm_direct_prior_counter_hypothesis_heteroaromatic_benign_noprior,27122,79.8724,78.7953,20.1276,0,heldout,
real_buchwald_hartwig,llm_direct_prior_cross_skill_rule_bank,27122,94.2969,88.5249,5.7031,0,heldout,
real_buchwald_hartwig,llm_direct_prior_domain_knowledge_electron_poor_halide,27122,90.3173,76.71,9.6827,0,heldout,
real_buchwald_hartwig,llm_direct_prior_domain_knowledge_electron_poor_halide_conservative,27122,89.5592,81.3742,10.4408,0,heldout,
real_buchwald_hartwig,llm_direct_prior_domain_knowledge_electron_poor_halide_noprior,27122,90.3173,76.71,9.6827,0,heldout,
real_buchwald_hartwig,llm_direct_prior_guanidine_base_high_mw_aryl_halide,27122,80.5828,77.6364,19.4172,0,heldout,
real_buchwald_hartwig,llm_direct_prior_guanidine_base_high_mw_aryl_halide_conservative,27122,77.858,77.3568,22.142,0,heldout,
real_buchwald_hartwig,llm_direct_prior_guanidine_base_high_mw_aryl_halide_noprior,27122,80.5828,77.6364,19.4172,0,heldout,
real_buchwald_hartwig,llm_direct_prior_high_mw_ligand_low_tpsa_base,27122,69.517,63.1915,30.483,0,heldout,
real_buchwald_hartwig,llm_direct_prior_high_mw_ligand_low_tpsa_base_conservative,27122,69.517,63.1915,30.483,0,heldout,
real_buchwald_hartwig,llm_direct_prior_high_mw_ligand_low_tpsa_base_noprior,27122,69.517,63.1915,30.483,0,heldout,
real_buchwald_hartwig,llm_direct_prior_phosphazene_base_heteroaromatic_halide,27122,94.2969,81.1473,5.7031,0,heldout,
real_buchwald_hartwig,llm_direct_prior_phosphazene_base_heteroaromatic_halide_conservative,27122,94.2969,84.2411,5.7031,0,heldout,
real_buchwald_hartwig,llm_direct_prior_phosphazene_base_heteroaromatic_halide_noprior,27122,94.2969,81.1473,5.7031,0,heldout,
real_buchwald_hartwig,llm_direct_prior_selector,27122,90.3173,76.71,9.6827,0,heldout,llm_direct_prior_domain_knowledge_electron_poor_halide_noprior
real_buchwald_hartwig,llm_semantic_additive_tpsa_mid_base_tpsa_mid_synergy,27122,78.7679,55.8945,21.2321,0,heldout,
real_buchwald_hartwig,llm_semantic_additive_tpsa_mid_base_tpsa_mid_synergy_conservative,27122,100.0,79.2702,0.0,1,heldout,
real_buchwald_hartwig,llm_semantic_additive_tpsa_mid_base_tpsa_mid_synergy_noprior,27122,73.2464,65.8128,26.7536,0,heldout,
real_buchwald_hartwig,llm_semantic_amidine_base_simple_aryl_halide,27122,89.6142,74.2679,10.3858,0,heldout,
real_buchwald_hartwig,llm_semantic_amidine_base_simple_aryl_halide_conservative,27122,89.6142,85.7964,10.3858,0,heldout,
real_buchwald_hartwig,llm_semantic_amidine_base_simple_aryl_halide_noprior,27122,91.1391,86.8196,8.8609,0,heldout,
real_buchwald_hartwig,llm_semantic_conservative_low_semantic_mass,27122,84.5889,79.3782,15.4111,0,heldout,
real_buchwald_hartwig,llm_semantic_conservative_low_semantic_mass_conservative,27122,84.5889,79.3782,15.4111,0,heldout,
real_buchwald_hartwig,llm_semantic_conservative_low_semantic_mass_noprior,27122,84.5889,79.3782,15.4111,0,heldout,
real_buchwald_hartwig,llm_semantic_counter_hypothesis_heteroaromatic_benign,27122,81.5694,73.449,18.4306,0,heldout,
real_buchwald_hartwig,llm_semantic_counter_hypothesis_heteroaromatic_benign_conservative,27122,89.3231,81.7538,10.6769,0,heldout,
real_buchwald_hartwig,llm_semantic_counter_hypothesis_heteroaromatic_benign_noprior,27122,89.6142,79.44,10.3858,0,heldout,
real_buchwald_hartwig,llm_semantic_cross_skill_rule_bank,27122,91.1391,75.1362,8.8609,0,heldout,
real_buchwald_hartwig,llm_semantic_domain_knowledge_electron_poor_halide,27122,96.1323,86.2937,3.8677,0,heldout,
real_buchwald_hartwig,llm_semantic_domain_knowledge_electron_poor_halide_conservative,27122,91.1391,75.3706,8.8609,0,heldout,
real_buchwald_hartwig,llm_semantic_domain_knowledge_electron_poor_halide_noprior,27122,92.1197,74.0475,7.8803,0,heldout,
real_buchwald_hartwig,llm_semantic_guanidine_base_high_mw_aryl_halide,27122,81.6351,81.6351,18.3649,0,heldout,
real_buchwald_hartwig,llm_semantic_guanidine_base_high_mw_aryl_halide_conservative,27122,81.6351,81.6351,18.3649,0,heldout,
real_buchwald_hartwig,llm_semantic_guanidine_base_high_mw_aryl_halide_noprior,27122,81.6351,81.6351,18.3649,0,heldout,
real_buchwald_hartwig,llm_semantic_high_mw_ligand_low_tpsa_base,27122,100.0,92.654,0.0,1,heldout,
real_buchwald_hartwig,llm_semantic_high_mw_ligand_low_tpsa_base_conservative,27122,100.0,89.4925,0.0,1,heldout,
real_buchwald_hartwig,llm_semantic_high_mw_ligand_low_tpsa_base_noprior,27122,93.8745,81.9913,6.1255,0,heldout,
real_buchwald_hartwig,llm_semantic_phosphazene_base_heteroaromatic_halide,27122,96.1323,75.5179,3.8677,0,heldout,
real_buchwald_hartwig,llm_semantic_phosphazene_base_heteroaromatic_halide_conservative,27122,96.1323,76.4551,3.8677,0,heldout,
real_buchwald_hartwig,llm_semantic_phosphazene_base_heteroaromatic_halide_noprior,27122,96.1323,76.4551,3.8677,0,heldout,
real_buchwald_hartwig,mixed_kernel_gp_ei,27122,92.1197,74.651,7.8803,0,heldout,
real_buchwald_hartwig,target_acquisition_portfolio,27122,86.7607,74.1151,13.2393,0,heldout,
real_buchwald_hartwig,care_strategy_router,27123,83.8039,83.1086,16.1961,0,heldout,llambo_warmstart_domain_knowledge_electron_poor_halide_noprior
real_buchwald_hartwig,gp_ucb,27123,100.0,95.6714,0.0,1,heldout,
real_buchwald_hartwig,llambo_warmstart_additive_tpsa_mid_base_tpsa_mid_synergy,27123,82.0277,64.2954,17.9723,0,heldout,
real_buchwald_hartwig,llambo_warmstart_additive_tpsa_mid_base_tpsa_mid_synergy_conservative,27123,82.0277,64.2954,17.9723,0,heldout,
real_buchwald_hartwig,llambo_warmstart_additive_tpsa_mid_base_tpsa_mid_synergy_noprior,27123,82.0277,64.2954,17.9723,0,heldout,
real_buchwald_hartwig,llambo_warmstart_amidine_base_simple_aryl_halide,27123,98.1771,87.7026,1.8229,1,heldout,
real_buchwald_hartwig,llambo_warmstart_amidine_base_simple_aryl_halide_conservative,27123,98.1771,87.7026,1.8229,1,heldout,
real_buchwald_hartwig,llambo_warmstart_amidine_base_simple_aryl_halide_noprior,27123,98.1771,87.7026,1.8229,1,heldout,
real_buchwald_hartwig,llambo_warmstart_conservative_low_semantic_mass,27123,89.4195,87.9072,10.5805,0,heldout,
real_buchwald_hartwig,llambo_warmstart_conservative_low_semantic_mass_conservative,27123,89.4195,87.9072,10.5805,0,heldout,
real_buchwald_hartwig,llambo_warmstart_conservative_low_semantic_mass_noprior,27123,89.4195,87.9072,10.5805,0,heldout,
real_buchwald_hartwig,llambo_warmstart_counter_hypothesis_heteroaromatic_benign,27123,100.0,78.0321,0.0,1,heldout,
real_buchwald_hartwig,llambo_warmstart_counter_hypothesis_heteroaromatic_benign_conservative,27123,100.0,78.0321,0.0,1,heldout,
real_buchwald_hartwig,llambo_warmstart_counter_hypothesis_heteroaromatic_benign_noprior,27123,100.0,78.0321,0.0,1,heldout,
real_buchwald_hartwig,llambo_warmstart_cross_skill_rule_bank,27123,100.0,89.3617,0.0,1,heldout,
real_buchwald_hartwig,llambo_warmstart_domain_knowledge_electron_poor_halide,27123,83.8039,83.1086,16.1961,0,heldout,
real_buchwald_hartwig,llambo_warmstart_domain_knowledge_electron_poor_halide_conservative,27123,83.8039,83.1086,16.1961,0,heldout,
real_buchwald_hartwig,llambo_warmstart_domain_knowledge_electron_poor_halide_noprior,27123,83.8039,83.1086,16.1961,0,heldout,
real_buchwald_hartwig,llambo_warmstart_guanidine_base_high_mw_aryl_halide,27123,86.1982,66.7962,13.8018,0,heldout,
real_buchwald_hartwig,llambo_warmstart_guanidine_base_high_mw_aryl_halide_conservative,27123,86.1982,66.7962,13.8018,0,heldout,
real_buchwald_hartwig,llambo_warmstart_guanidine_base_high_mw_aryl_halide_noprior,27123,86.1982,66.7962,13.8018,0,heldout,
real_buchwald_hartwig,llambo_warmstart_high_mw_ligand_low_tpsa_base,27123,89.6142,83.1414,10.3858,0,heldout,
real_buchwald_hartwig,llambo_warmstart_high_mw_ligand_low_tpsa_base_conservative,27123,89.6142,83.1414,10.3858,0,heldout,
real_buchwald_hartwig,llambo_warmstart_high_mw_ligand_low_tpsa_base_noprior,27123,89.6142,83.1414,10.3858,0,heldout,
real_buchwald_hartwig,llambo_warmstart_phosphazene_base_heteroaromatic_halide,27123,93.3108,79.444,6.6892,0,heldout,
real_buchwald_hartwig,llambo_warmstart_phosphazene_base_heteroaromatic_halide_conservative,27123,93.3108,79.444,6.6892,0,heldout,
real_buchwald_hartwig,llambo_warmstart_phosphazene_base_heteroaromatic_halide_noprior,27123,93.3108,79.444,6.6892,0,heldout,
real_buchwald_hartwig,llambo_warmstart_selector,27123,83.8039,83.1086,16.1961,0,heldout,llambo_warmstart_domain_knowledge_electron_poor_halide_noprior
real_buchwald_hartwig,llm_calibrated_selector,27123,100.0,96.2427,0.0,1,heldout,llm_semantic_amidine_base_simple_aryl_halide_noprior
real_buchwald_hartwig,llm_direct_prior_additive_tpsa_mid_base_tpsa_mid_synergy,27123,85.5341,85.5341,14.4659,0,heldout,
real_buchwald_hartwig,llm_direct_prior_additive_tpsa_mid_base_tpsa_mid_synergy_conservative,27123,87.7641,85.9334,12.2359,0,heldout,
real_buchwald_hartwig,llm_direct_prior_additive_tpsa_mid_base_tpsa_mid_synergy_noprior,27123,85.5341,85.5341,14.4659,0,heldout,
real_buchwald_hartwig,llm_direct_prior_amidine_base_simple_aryl_halide,27123,85.5341,85.5341,14.4659,0,heldout,
real_buchwald_hartwig,llm_direct_prior_amidine_base_simple_aryl_halide_conservative,27123,85.5341,85.5341,14.4659,0,heldout,
real_buchwald_hartwig,llm_direct_prior_amidine_base_simple_aryl_halide_noprior,27123,85.5341,85.5341,14.4659,0,heldout,
real_buchwald_hartwig,llm_direct_prior_conservative_low_semantic_mass,27123,85.5341,85.5341,14.4659,0,heldout,
real_buchwald_hartwig,llm_direct_prior_conservative_low_semantic_mass_conservative,27123,85.5341,85.5341,14.4659,0,heldout,
real_buchwald_hartwig,llm_direct_prior_conservative_low_semantic_mass_noprior,27123,85.5341,85.5341,14.4659,0,heldout,
real_buchwald_hartwig,llm_direct_prior_counter_hypothesis_heteroaromatic_benign,27123,85.5341,85.5341,14.4659,0,heldout,
real_buchwald_hartwig,llm_direct_prior_counter_hypothesis_heteroaromatic_benign_conservative,27123,85.5341,85.5341,14.4659,0,heldout,
real_buchwald_hartwig,llm_direct_prior_counter_hypothesis_heteroaromatic_benign_noprior,27123,85.5341,85.5341,14.4659,0,heldout,
real_buchwald_hartwig,llm_direct_prior_cross_skill_rule_bank,27123,100.0,97.1068,0.0,1,heldout,
real_buchwald_hartwig,llm_direct_prior_domain_knowledge_electron_poor_halide,27123,97.5685,93.9582,2.4315,1,heldout,
real_buchwald_hartwig,llm_direct_prior_domain_knowledge_electron_poor_halide_conservative,27123,97.5685,91.5513,2.4315,1,heldout,
real_buchwald_hartwig,llm_direct_prior_domain_knowledge_electron_poor_halide_noprior,27123,97.5685,93.9582,2.4315,1,heldout,
real_buchwald_hartwig,llm_direct_prior_guanidine_base_high_mw_aryl_halide,27123,85.5341,85.5341,14.4659,0,heldout,
real_buchwald_hartwig,llm_direct_prior_guanidine_base_high_mw_aryl_halide_conservative,27123,91.511,86.1318,8.489,0,heldout,
real_buchwald_hartwig,llm_direct_prior_guanidine_base_high_mw_aryl_halide_noprior,27123,85.5341,85.5341,14.4659,0,heldout,
real_buchwald_hartwig,llm_direct_prior_high_mw_ligand_low_tpsa_base,27123,92.3538,87.2509,7.6462,0,heldout,
real_buchwald_hartwig,llm_direct_prior_high_mw_ligand_low_tpsa_base_conservative,27123,98.1771,90.8966,1.8229,1,heldout,
real_buchwald_hartwig,llm_direct_prior_high_mw_ligand_low_tpsa_base_noprior,27123,92.3538,87.2509,7.6462,0,heldout,
real_buchwald_hartwig,llm_direct_prior_phosphazene_base_heteroaromatic_halide,27123,85.5341,85.5341,14.4659,0,heldout,
real_buchwald_hartwig,llm_direct_prior_phosphazene_base_heteroaromatic_halide_conservative,27123,85.5341,85.5341,14.4659,0,heldout,
real_buchwald_hartwig,llm_direct_prior_phosphazene_base_heteroaromatic_halide_noprior,27123,85.5341,85.5341,14.4659,0,heldout,
real_buchwald_hartwig,llm_direct_prior_selector,27123,97.5685,93.9582,2.4315,1,heldout,llm_direct_prior_domain_knowledge_electron_poor_halide_noprior
real_buchwald_hartwig,llm_semantic_additive_tpsa_mid_base_tpsa_mid_synergy,27123,85.5341,85.5341,14.4659,0,heldout,
real_buchwald_hartwig,llm_semantic_additive_tpsa_mid_base_tpsa_mid_synergy_conservative,27123,91.1391,87.7761,8.8609,0,heldout,
real_buchwald_hartwig,llm_semantic_additive_tpsa_mid_base_tpsa_mid_synergy_noprior,27123,91.1391,87.2156,8.8609,0,heldout,
real_buchwald_hartwig,llm_semantic_amidine_base_simple_aryl_halide,27123,100.0,91.4586,0.0,1,heldout,
real_buchwald_hartwig,llm_semantic_amidine_base_simple_aryl_halide_conservative,27123,100.0,96.2985,0.0,1,heldout,
real_buchwald_hartwig,llm_semantic_amidine_base_simple_aryl_halide_noprior,27123,100.0,96.2427,0.0,1,heldout,
real_buchwald_hartwig,llm_semantic_conservative_low_semantic_mass,27123,98.1771,87.2049,1.8229,1,heldout,
real_buchwald_hartwig,llm_semantic_conservative_low_semantic_mass_conservative,27123,98.1771,88.0922,1.8229,1,heldout,
real_buchwald_hartwig,llm_semantic_conservative_low_semantic_mass_noprior,27123,98.1771,88.0922,1.8229,1,heldout,
real_buchwald_hartwig,llm_semantic_counter_hypothesis_heteroaromatic_benign,27123,100.0,98.5534,0.0,1,heldout,
real_buchwald_hartwig,llm_semantic_counter_hypothesis_heteroaromatic_benign_conservative,27123,100.0,98.5534,0.0,1,heldout,
real_buchwald_hartwig,llm_semantic_counter_hypothesis_heteroaromatic_benign_noprior,27123,100.0,98.5534,0.0,1,heldout,
real_buchwald_hartwig,llm_semantic_cross_skill_rule_bank,27123,100.0,100.0,0.0,1,heldout,
real_buchwald_hartwig,llm_semantic_domain_knowledge_electron_poor_halide,27123,100.0,95.6602,0.0,1,heldout,
real_buchwald_hartwig,llm_semantic_domain_knowledge_electron_poor_halide_conservative,27123,100.0,94.5327,0.0,1,heldout,
real_buchwald_hartwig,llm_semantic_domain_knowledge_electron_poor_halide_noprior,27123,100.0,95.6602,0.0,1,heldout,
real_buchwald_hartwig,llm_semantic_guanidine_base_high_mw_aryl_halide,27123,88.4464,88.1552,11.5536,0,heldout,
real_buchwald_hartwig,llm_semantic_guanidine_base_high_mw_aryl_halide_conservative,27123,86.6896,85.9963,13.3104,0,heldout,
real_buchwald_hartwig,llm_semantic_guanidine_base_high_mw_aryl_halide_noprior,27123,86.6896,85.7652,13.3104,0,heldout,
real_buchwald_hartwig,llm_semantic_high_mw_ligand_low_tpsa_base,27123,100.0,92.7192,0.0,1,heldout,
real_buchwald_hartwig,llm_semantic_high_mw_ligand_low_tpsa_base_conservative,27123,97.5685,93.2724,2.4315,1,heldout,
real_buchwald_hartwig,llm_semantic_high_mw_ligand_low_tpsa_base_noprior,27123,100.0,92.7192,0.0,1,heldout,
real_buchwald_hartwig,llm_semantic_phosphazene_base_heteroaromatic_halide,27123,91.1391,90.831,8.8609,0,heldout,
real_buchwald_hartwig,llm_semantic_phosphazene_base_heteroaromatic_halide_conservative,27123,100.0,98.5534,0.0,1,heldout,
real_buchwald_hartwig,llm_semantic_phosphazene_base_heteroaromatic_halide_noprior,27123,100.0,92.2952,0.0,1,heldout,
real_buchwald_hartwig,mixed_kernel_gp_ei,27123,98.8492,91.917,1.1508,1,heldout,
real_buchwald_hartwig,target_acquisition_portfolio,27123,100.0,94.5439,0.0,1,heldout,
real_buchwald_hartwig,care_strategy_router,27124,80.6849,74.5696,19.3151,0,heldout,llambo_warmstart_domain_knowledge_electron_poor_halide_noprior
real_buchwald_hartwig,gp_ucb,27124,96.1323,92.9222,3.8677,0,heldout,
real_buchwald_hartwig,llambo_warmstart_additive_tpsa_mid_base_tpsa_mid_synergy,27124,95.3865,85.8825,4.6135,0,heldout,
real_buchwald_hartwig,llambo_warmstart_additive_tpsa_mid_base_tpsa_mid_synergy_conservative,27124,95.3865,85.8825,4.6135,0,heldout,
real_buchwald_hartwig,llambo_warmstart_additive_tpsa_mid_base_tpsa_mid_synergy_noprior,27124,95.3865,85.8825,4.6135,0,heldout,
real_buchwald_hartwig,llambo_warmstart_amidine_base_simple_aryl_halide,27124,67.8143,64.9474,32.1857,0,heldout,
real_buchwald_hartwig,llambo_warmstart_amidine_base_simple_aryl_halide_conservative,27124,67.8143,64.9474,32.1857,0,heldout,
real_buchwald_hartwig,llambo_warmstart_amidine_base_simple_aryl_halide_noprior,27124,67.8143,64.9474,32.1857,0,heldout,
real_buchwald_hartwig,llambo_warmstart_conservative_low_semantic_mass,27124,92.8977,91.1859,7.1023,0,heldout,
real_buchwald_hartwig,llambo_warmstart_conservative_low_semantic_mass_conservative,27124,92.8977,91.1859,7.1023,0,heldout,
real_buchwald_hartwig,llambo_warmstart_conservative_low_semantic_mass_noprior,27124,92.8977,91.1859,7.1023,0,heldout,
real_buchwald_hartwig,llambo_warmstart_counter_hypothesis_heteroaromatic_benign,27124,98.8492,77.0713,1.1508,1,heldout,
real_buchwald_hartwig,llambo_warmstart_counter_hypothesis_heteroaromatic_benign_conservative,27124,98.8492,77.0713,1.1508,1,heldout,
real_buchwald_hartwig,llambo_warmstart_counter_hypothesis_heteroaromatic_benign_noprior,27124,98.8492,77.0713,1.1508,1,heldout,
real_buchwald_hartwig,llambo_warmstart_cross_skill_rule_bank,27124,92.3538,84.5538,7.6462,0,heldout,
real_buchwald_hartwig,llambo_warmstart_domain_knowledge_electron_poor_halide,27124,80.6849,74.5696,19.3151,0,heldout,
real_buchwald_hartwig,llambo_warmstart_domain_knowledge_electron_poor_halide_conservative,27124,80.6849,74.5696,19.3151,0,heldout,
real_buchwald_hartwig,llambo_warmstart_domain_knowledge_electron_poor_halide_noprior,27124,80.6849,74.5696,19.3151,0,heldout,
real_buchwald_hartwig,llambo_warmstart_guanidine_base_high_mw_aryl_halide,27124,96.1323,87.309,3.8677,0,heldout,
real_buchwald_hartwig,llambo_warmstart_guanidine_base_high_mw_aryl_halide_conservative,27124,96.1323,87.309,3.8677,0,heldout,
real_buchwald_hartwig,llambo_warmstart_guanidine_base_high_mw_aryl_halide_noprior,27124,96.1323,87.309,3.8677,0,heldout,
real_buchwald_hartwig,llambo_warmstart_high_mw_ligand_low_tpsa_base,27124,98.8492,98.3115,1.1508,1,heldout,
real_buchwald_hartwig,llambo_warmstart_high_mw_ligand_low_tpsa_base_conservative,27124,98.8492,98.3115,1.1508,1,heldout,
real_buchwald_hartwig,llambo_warmstart_high_mw_ligand_low_tpsa_base_noprior,27124,98.8492,98.3115,1.1508,1,heldout,
real_buchwald_hartwig,llambo_warmstart_phosphazene_base_heteroaromatic_halide,27124,90.6444,88.4838,9.3556,0,heldout,
real_buchwald_hartwig,llambo_warmstart_phosphazene_base_heteroaromatic_halide_conservative,27124,90.6444,88.4838,9.3556,0,heldout,
real_buchwald_hartwig,llambo_warmstart_phosphazene_base_heteroaromatic_halide_noprior,27124,90.6444,88.4838,9.3556,0,heldout,
real_buchwald_hartwig,llambo_warmstart_selector,27124,80.6849,74.5696,19.3151,0,heldout,llambo_warmstart_domain_knowledge_electron_poor_halide_noprior
real_buchwald_hartwig,llm_calibrated_selector,27124,100.0,89.5916,0.0,1,heldout,llm_semantic_amidine_base_simple_aryl_halide_noprior
real_buchwald_hartwig,llm_direct_prior_additive_tpsa_mid_base_tpsa_mid_synergy,27124,80.2853,76.6368,19.7147,0,heldout,
real_buchwald_hartwig,llm_direct_prior_additive_tpsa_mid_base_tpsa_mid_synergy_conservative,27124,78.7707,74.6518,21.2293,0,heldout,
real_buchwald_hartwig,llm_direct_prior_additive_tpsa_mid_base_tpsa_mid_synergy_noprior,27124,80.2853,76.6368,19.7147,0,heldout,
real_buchwald_hartwig,llm_direct_prior_amidine_base_simple_aryl_halide,27124,81.1512,74.7373,18.8488,0,heldout,
real_buchwald_hartwig,llm_direct_prior_amidine_base_simple_aryl_halide_conservative,27124,74.2103,72.9328,25.7897,0,heldout,
real_buchwald_hartwig,llm_direct_prior_amidine_base_simple_aryl_halide_noprior,27124,81.1512,74.7373,18.8488,0,heldout,
real_buchwald_hartwig,llm_direct_prior_conservative_low_semantic_mass,27124,80.6849,76.5609,19.3151,0,heldout,
real_buchwald_hartwig,llm_direct_prior_conservative_low_semantic_mass_conservative,27124,80.6849,76.5609,19.3151,0,heldout,
real_buchwald_hartwig,llm_direct_prior_conservative_low_semantic_mass_noprior,27124,80.6849,76.5609,19.3151,0,heldout,
real_buchwald_hartwig,llm_direct_prior_counter_hypothesis_heteroaromatic_benign,27124,79.4448,78.5608,20.5552,0,heldout,
real_buchwald_hartwig,llm_direct_prior_counter_hypothesis_heteroaromatic_benign_conservative,27124,82.6307,79.5883,17.3693,0,heldout,
real_buchwald_hartwig,llm_direct_prior_counter_hypothesis_heteroaromatic_benign_noprior,27124,79.4448,78.5608,20.5552,0,heldout,
real_buchwald_hartwig,llm_direct_prior_cross_skill_rule_bank,27124,95.7526,93.6285,4.2474,0,heldout,
real_buchwald_hartwig,llm_direct_prior_domain_knowledge_electron_poor_halide,27124,97.5685,85.6513,2.4315,1,heldout,
real_buchwald_hartwig,llm_direct_prior_domain_knowledge_electron_poor_halide_conservative,27124,98.1771,86.8944,1.8229,1,heldout,
real_buchwald_hartwig,llm_direct_prior_domain_knowledge_electron_poor_halide_noprior,27124,97.5685,85.6513,2.4315,1,heldout,
real_buchwald_hartwig,llm_direct_prior_guanidine_base_high_mw_aryl_halide,27124,88.4449,72.9702,11.5551,0,heldout,
real_buchwald_hartwig,llm_direct_prior_guanidine_base_high_mw_aryl_halide_conservative,27124,86.0034,58.3996,13.9966,0,heldout,
real_buchwald_hartwig,llm_direct_prior_guanidine_base_high_mw_aryl_halide_noprior,27124,88.4449,72.9702,11.5551,0,heldout,
real_buchwald_hartwig,llm_direct_prior_high_mw_ligand_low_tpsa_base,27124,89.5988,80.0467,10.4012,0,heldout,
real_buchwald_hartwig,llm_direct_prior_high_mw_ligand_low_tpsa_base_conservative,27124,98.1771,86.6907,1.8229,1,heldout,
real_buchwald_hartwig,llm_direct_prior_high_mw_ligand_low_tpsa_base_noprior,27124,89.5988,80.0467,10.4012,0,heldout,
real_buchwald_hartwig,llm_direct_prior_phosphazene_base_heteroaromatic_halide,27124,91.3733,79.2032,8.6267,0,heldout,
real_buchwald_hartwig,llm_direct_prior_phosphazene_base_heteroaromatic_halide_conservative,27124,91.3733,91.3733,8.6267,0,heldout,
real_buchwald_hartwig,llm_direct_prior_phosphazene_base_heteroaromatic_halide_noprior,27124,91.3733,79.2032,8.6267,0,heldout,
real_buchwald_hartwig,llm_direct_prior_selector,27124,97.5685,85.6513,2.4315,1,heldout,llm_direct_prior_domain_knowledge_electron_poor_halide_noprior
real_buchwald_hartwig,llm_semantic_additive_tpsa_mid_base_tpsa_mid_synergy,27124,74.0607,74.0607,25.9393,0,heldout,
real_buchwald_hartwig,llm_semantic_additive_tpsa_mid_base_tpsa_mid_synergy_conservative,27124,89.6142,69.3515,10.3858,0,heldout,
real_buchwald_hartwig,llm_semantic_additive_tpsa_mid_base_tpsa_mid_synergy_noprior,27124,80.9063,66.635,19.0937,0,heldout,
real_buchwald_hartwig,llm_semantic_amidine_base_simple_aryl_halide,27124,100.0,86.0173,0.0,1,heldout,
real_buchwald_hartwig,llm_semantic_amidine_base_simple_aryl_halide_conservative,27124,92.127,81.7572,7.873,0,heldout,
real_buchwald_hartwig,llm_semantic_amidine_base_simple_aryl_halide_noprior,27124,100.0,89.5916,0.0,1,heldout,
real_buchwald_hartwig,llm_semantic_conservative_low_semantic_mass,27124,83.1495,75.5376,16.8505,0,heldout,
real_buchwald_hartwig,llm_semantic_conservative_low_semantic_mass_conservative,27124,83.1495,75.7841,16.8505,0,heldout,
real_buchwald_hartwig,llm_semantic_conservative_low_semantic_mass_noprior,27124,83.1495,75.7841,16.8505,0,heldout,
real_buchwald_hartwig,llm_semantic_counter_hypothesis_heteroaromatic_benign,27124,100.0,85.6445,0.0,1,heldout,
real_buchwald_hartwig,llm_semantic_counter_hypothesis_heteroaromatic_benign_conservative,27124,98.1771,87.4118,1.8229,1,heldout,
real_buchwald_hartwig,llm_semantic_counter_hypothesis_heteroaromatic_benign_noprior,27124,100.0,89.0944,0.0,1,heldout,
real_buchwald_hartwig,llm_semantic_cross_skill_rule_bank,27124,83.385,67.9647,16.615,0,heldout,
real_buchwald_hartwig,llm_semantic_domain_knowledge_electron_poor_halide,27124,83.4092,68.7724,16.5908,0,heldout,
real_buchwald_hartwig,llm_semantic_domain_knowledge_electron_poor_halide_conservative,27124,88.4043,69.0812,11.5957,0,heldout,
real_buchwald_hartwig,llm_semantic_domain_knowledge_electron_poor_halide_noprior,27124,83.4092,71.5343,16.5908,0,heldout,
real_buchwald_hartwig,llm_semantic_guanidine_base_high_mw_aryl_halide,27124,49.7581,49.7581,50.2419,0,heldout,
real_buchwald_hartwig,llm_semantic_guanidine_base_high_mw_aryl_halide_conservative,27124,74.5113,59.6594,25.4887,0,heldout,
real_buchwald_hartwig,llm_semantic_guanidine_base_high_mw_aryl_halide_noprior,27124,88.4464,72.1869,11.5536,0,heldout,
real_buchwald_hartwig,llm_semantic_high_mw_ligand_low_tpsa_base,27124,93.0289,86.9906,6.9711,0,heldout,
real_buchwald_hartwig,llm_semantic_high_mw_ligand_low_tpsa_base_conservative,27124,98.2872,67.4215,1.7128,1,heldout,
real_buchwald_hartwig,llm_semantic_high_mw_ligand_low_tpsa_base_noprior,27124,84.5385,62.9245,15.4615,0,heldout,
real_buchwald_hartwig,llm_semantic_phosphazene_base_heteroaromatic_halide,27124,85.2207,85.2207,14.7793,0,heldout,
real_buchwald_hartwig,llm_semantic_phosphazene_base_heteroaromatic_halide_conservative,27124,89.5988,83.8569,10.4012,0,heldout,
real_buchwald_hartwig,llm_semantic_phosphazene_base_heteroaromatic_halide_noprior,27124,85.2207,85.2207,14.7793,0,heldout,
real_buchwald_hartwig,mixed_kernel_gp_ei,27124,83.0547,80.4761,16.9453,0,heldout,
real_buchwald_hartwig,target_acquisition_portfolio,27124,95.0702,81.8473,4.9298,0,heldout,
real_buchwald_hartwig,care_strategy_router,27125,83.0965,78.3453,16.9035,0,heldout,llambo_warmstart_domain_knowledge_electron_poor_halide_noprior
real_buchwald_hartwig,gp_ucb,27125,85.8123,76.3747,14.1877,0,heldout,
real_buchwald_hartwig,llambo_warmstart_additive_tpsa_mid_base_tpsa_mid_synergy,27125,94.1517,85.8319,5.8483,0,heldout,
real_buchwald_hartwig,llambo_warmstart_additive_tpsa_mid_base_tpsa_mid_synergy_conservative,27125,94.1517,85.8319,5.8483,0,heldout,
real_buchwald_hartwig,llambo_warmstart_additive_tpsa_mid_base_tpsa_mid_synergy_noprior,27125,94.1517,85.8319,5.8483,0,heldout,
real_buchwald_hartwig,llambo_warmstart_amidine_base_simple_aryl_halide,27125,89.4195,71.8629,10.5805,0,heldout,
real_buchwald_hartwig,llambo_warmstart_amidine_base_simple_aryl_halide_conservative,27125,89.4195,71.8629,10.5805,0,heldout,
real_buchwald_hartwig,llambo_warmstart_amidine_base_simple_aryl_halide_noprior,27125,89.4195,71.8629,10.5805,0,heldout,
real_buchwald_hartwig,llambo_warmstart_conservative_low_semantic_mass,27125,95.5552,89.4236,4.4448,0,heldout,
real_buchwald_hartwig,llambo_warmstart_conservative_low_semantic_mass_conservative,27125,95.5552,89.4236,4.4448,0,heldout,
real_buchwald_hartwig,llambo_warmstart_conservative_low_semantic_mass_noprior,27125,95.5552,89.4236,4.4448,0,heldout,
real_buchwald_hartwig,llambo_warmstart_counter_hypothesis_heteroaromatic_benign,27125,88.1675,76.7525,11.8325,0,heldout,
real_buchwald_hartwig,llambo_warmstart_counter_hypothesis_heteroaromatic_benign_conservative,27125,88.1675,76.7525,11.8325,0,heldout,
real_buchwald_hartwig,llambo_warmstart_counter_hypothesis_heteroaromatic_benign_noprior,27125,88.1675,76.7525,11.8325,0,heldout,
real_buchwald_hartwig,llambo_warmstart_cross_skill_rule_bank,27125,100.0,93.2289,0.0,1,heldout,
real_buchwald_hartwig,llambo_warmstart_domain_knowledge_electron_poor_halide,27125,83.0965,78.3453,16.9035,0,heldout,
real_buchwald_hartwig,llambo_warmstart_domain_knowledge_electron_poor_halide_conservative,27125,83.0965,78.3453,16.9035,0,heldout,
real_buchwald_hartwig,llambo_warmstart_domain_knowledge_electron_poor_halide_noprior,27125,83.0965,78.3453,16.9035,0,heldout,
real_buchwald_hartwig,llambo_warmstart_guanidine_base_high_mw_aryl_halide,27125,95.3865,88.0573,4.6135,0,heldout,
real_buchwald_hartwig,llambo_warmstart_guanidine_base_high_mw_aryl_halide_conservative,27125,95.3865,88.0573,4.6135,0,heldout,
real_buchwald_hartwig,llambo_warmstart_guanidine_base_high_mw_aryl_halide_noprior,27125,95.3865,88.0573,4.6135,0,heldout,
real_buchwald_hartwig,llambo_warmstart_high_mw_ligand_low_tpsa_base,27125,83.0965,81.9293,16.9035,0,heldout,
real_buchwald_hartwig,llambo_warmstart_high_mw_ligand_low_tpsa_base_conservative,27125,83.0965,81.9293,16.9035,0,heldout,
real_buchwald_hartwig,llambo_warmstart_high_mw_ligand_low_tpsa_base_noprior,27125,83.0965,81.9293,16.9035,0,heldout,
real_buchwald_hartwig,llambo_warmstart_phosphazene_base_heteroaromatic_halide,27125,97.2929,95.4604,2.7071,0,heldout,
real_buchwald_hartwig,llambo_warmstart_phosphazene_base_heteroaromatic_halide_conservative,27125,97.2929,95.4604,2.7071,0,heldout,
real_buchwald_hartwig,llambo_warmstart_phosphazene_base_heteroaromatic_halide_noprior,27125,97.2929,95.4604,2.7071,0,heldout,
real_buchwald_hartwig,llambo_warmstart_selector,27125,83.0965,78.3453,16.9035,0,heldout,llambo_warmstart_domain_knowledge_electron_poor_halide_noprior
real_buchwald_hartwig,llm_calibrated_selector,27125,98.2872,88.0988,1.7128,1,heldout,llm_semantic_amidine_base_simple_aryl_halide_noprior
real_buchwald_hartwig,llm_direct_prior_additive_tpsa_mid_base_tpsa_mid_synergy,27125,78.7679,74.3016,21.2321,0,heldout,
real_buchwald_hartwig,llm_direct_prior_additive_tpsa_mid_base_tpsa_mid_synergy_conservative,27125,78.3625,74.1395,21.6375,0,heldout,
real_buchwald_hartwig,llm_direct_prior_additive_tpsa_mid_base_tpsa_mid_synergy_noprior,27125,78.7679,74.3016,21.2321,0,heldout,
real_buchwald_hartwig,llm_direct_prior_amidine_base_simple_aryl_halide,27125,98.7313,85.9417,1.2687,1,heldout,
real_buchwald_hartwig,llm_direct_prior_amidine_base_simple_aryl_halide_conservative,27125,94.3462,85.7589,5.6538,0,heldout,
real_buchwald_hartwig,llm_direct_prior_amidine_base_simple_aryl_halide_noprior,27125,98.7313,85.9417,1.2687,1,heldout,
real_buchwald_hartwig,llm_direct_prior_conservative_low_semantic_mass,27125,98.7313,96.5319,1.2687,1,heldout,
real_buchwald_hartwig,llm_direct_prior_conservative_low_semantic_mass_conservative,27125,98.7313,96.5319,1.2687,1,heldout,
real_buchwald_hartwig,llm_direct_prior_conservative_low_semantic_mass_noprior,27125,98.7313,96.5319,1.2687,1,heldout,
real_buchwald_hartwig,llm_direct_prior_counter_hypothesis_heteroaromatic_benign,27125,98.7313,87.3071,1.2687,1,heldout,
real_buchwald_hartwig,llm_direct_prior_counter_hypothesis_heteroaromatic_benign_conservative,27125,98.7313,88.7928,1.2687,1,heldout,
real_buchwald_hartwig,llm_direct_prior_counter_hypothesis_heteroaromatic_benign_noprior,27125,98.7313,87.3071,1.2687,1,heldout,
real_buchwald_hartwig,llm_direct_prior_cross_skill_rule_bank,27125,84.4042,81.3834,15.5958,0,heldout,
real_buchwald_hartwig,llm_direct_prior_domain_knowledge_electron_poor_halide,27125,93.4211,91.669,6.5789,0,heldout,
real_buchwald_hartwig,llm_direct_prior_domain_knowledge_electron_poor_halide_conservative,27125,93.0995,91.5584,6.9005,0,heldout,
real_buchwald_hartwig,llm_direct_prior_domain_knowledge_electron_poor_halide_noprior,27125,93.4211,91.669,6.5789,0,heldout,
real_buchwald_hartwig,llm_direct_prior_guanidine_base_high_mw_aryl_halide,27125,88.4449,81.5966,11.5551,0,heldout,
real_buchwald_hartwig,llm_direct_prior_guanidine_base_high_mw_aryl_halide_conservative,27125,88.4449,79.8845,11.5551,0,heldout,
real_buchwald_hartwig,llm_direct_prior_guanidine_base_high_mw_aryl_halide_noprior,27125,88.4449,81.5966,11.5551,0,heldout,
real_buchwald_hartwig,llm_direct_prior_high_mw_ligand_low_tpsa_base,27125,92.3912,89.4285,7.6088,0,heldout,
real_buchwald_hartwig,llm_direct_prior_high_mw_ligand_low_tpsa_base_conservative,27125,93.4211,87.4849,6.5789,0,heldout,
real_buchwald_hartwig,llm_direct_prior_high_mw_ligand_low_tpsa_base_noprior,27125,92.3912,89.4285,7.6088,0,heldout,
real_buchwald_hartwig,llm_direct_prior_phosphazene_base_heteroaromatic_halide,27125,78.3625,76.251,21.6375,0,heldout,
real_buchwald_hartwig,llm_direct_prior_phosphazene_base_heteroaromatic_halide_conservative,27125,78.3625,76.251,21.6375,0,heldout,
real_buchwald_hartwig,llm_direct_prior_phosphazene_base_heteroaromatic_halide_noprior,27125,78.3625,76.251,21.6375,0,heldout,
real_buchwald_hartwig,llm_direct_prior_selector,27125,93.4211,91.669,6.5789,0,heldout,llm_direct_prior_domain_knowledge_electron_poor_halide_noprior
real_buchwald_hartwig,llm_semantic_additive_tpsa_mid_base_tpsa_mid_synergy,27125,71.3241,71.3241,28.6759,0,heldout,
real_buchwald_hartwig,llm_semantic_additive_tpsa_mid_base_tpsa_mid_synergy_conservative,27125,74.0779,73.5271,25.9221,0,heldout,
real_buchwald_hartwig,llm_semantic_additive_tpsa_mid_base_tpsa_mid_synergy_noprior,27125,83.7372,75.6684,16.2628,0,heldout,
real_buchwald_hartwig,llm_semantic_amidine_base_simple_aryl_halide,27125,94.3462,89.7418,5.6538,0,heldout,
real_buchwald_hartwig,llm_semantic_amidine_base_simple_aryl_halide_conservative,27125,84.4243,79.5749,15.5757,0,heldout,
real_buchwald_hartwig,llm_semantic_amidine_base_simple_aryl_halide_noprior,27125,98.2872,88.0988,1.7128,1,heldout,
real_buchwald_hartwig,llm_semantic_conservative_low_semantic_mass,27125,74.0097,73.4726,25.9903,0,heldout,
real_buchwald_hartwig,llm_semantic_conservative_low_semantic_mass_conservative,27125,72.7059,72.5677,27.2941,0,heldout,
real_buchwald_hartwig,llm_semantic_conservative_low_semantic_mass_noprior,27125,72.7059,72.5677,27.2941,0,heldout,
real_buchwald_hartwig,llm_semantic_counter_hypothesis_heteroaromatic_benign,27125,93.1012,80.3601,6.8988,0,heldout,
real_buchwald_hartwig,llm_semantic_counter_hypothesis_heteroaromatic_benign_conservative,27125,81.3576,79.261,18.6424,0,heldout,
real_buchwald_hartwig,llm_semantic_counter_hypothesis_heteroaromatic_benign_noprior,27125,81.3576,79.261,18.6424,0,heldout,
real_buchwald_hartwig,llm_semantic_cross_skill_rule_bank,27125,74.0779,73.5626,25.9221,0,heldout,
real_buchwald_hartwig,llm_semantic_domain_knowledge_electron_poor_halide,27125,88.4043,78.6844,11.5957,0,heldout,
real_buchwald_hartwig,llm_semantic_domain_knowledge_electron_poor_halide_conservative,27125,79.3465,75.4268,20.6535,0,heldout,
real_buchwald_hartwig,llm_semantic_domain_knowledge_electron_poor_halide_noprior,27125,83.4092,79.7837,16.5908,0,heldout,
real_buchwald_hartwig,llm_semantic_guanidine_base_high_mw_aryl_halide,27125,100.0,84.1159,0.0,1,heldout,
real_buchwald_hartwig,llm_semantic_guanidine_base_high_mw_aryl_halide_conservative,27125,74.0097,71.8612,25.9903,0,heldout,
real_buchwald_hartwig,llm_semantic_guanidine_base_high_mw_aryl_halide_noprior,27125,93.0289,78.8662,6.9711,0,heldout,
real_buchwald_hartwig,llm_semantic_high_mw_ligand_low_tpsa_base,27125,93.0289,84.0421,6.9711,0,heldout,
real_buchwald_hartwig,llm_semantic_high_mw_ligand_low_tpsa_base_conservative,27125,72.7059,71.6005,27.2941,0,heldout,
real_buchwald_hartwig,llm_semantic_high_mw_ligand_low_tpsa_base_noprior,27125,74.0779,72.9764,25.9221,0,heldout,
real_buchwald_hartwig,llm_semantic_phosphazene_base_heteroaromatic_halide,27125,78.3625,73.4356,21.6375,0,heldout,
real_buchwald_hartwig,llm_semantic_phosphazene_base_heteroaromatic_halide_conservative,27125,75.2856,73.7357,24.7144,0,heldout,
real_buchwald_hartwig,llm_semantic_phosphazene_base_heteroaromatic_halide_noprior,27125,71.3241,71.3241,28.6759,0,heldout,
real_buchwald_hartwig,mixed_kernel_gp_ei,27125,76.7373,73.4894,23.2627,0,heldout,
real_buchwald_hartwig,target_acquisition_portfolio,27125,85.8123,77.2822,14.1877,0,heldout,
real_buchwald_hartwig,care_strategy_router,27126,94.5498,92.9063,5.4502,0,heldout,llambo_warmstart_domain_knowledge_electron_poor_halide_noprior
real_buchwald_hartwig,gp_ucb,27126,94.5498,89.1922,5.4502,0,heldout,
real_buchwald_hartwig,llambo_warmstart_additive_tpsa_mid_base_tpsa_mid_synergy,27126,89.6142,79.3746,10.3858,0,heldout,
real_buchwald_hartwig,llambo_warmstart_additive_tpsa_mid_base_tpsa_mid_synergy_conservative,27126,89.6142,79.3746,10.3858,0,heldout,
real_buchwald_hartwig,llambo_warmstart_additive_tpsa_mid_base_tpsa_mid_synergy_noprior,27126,89.6142,79.3746,10.3858,0,heldout,
real_buchwald_hartwig,llambo_warmstart_amidine_base_simple_aryl_halide,27126,92.2093,88.3161,7.7907,0,heldout,
real_buchwald_hartwig,llambo_warmstart_amidine_base_simple_aryl_halide_conservative,27126,92.2093,88.3161,7.7907,0,heldout,
real_buchwald_hartwig,llambo_warmstart_amidine_base_simple_aryl_halide_noprior,27126,92.2093,88.3161,7.7907,0,heldout,
real_buchwald_hartwig,llambo_warmstart_conservative_low_semantic_mass,27126,98.7313,94.591,1.2687,1,heldout,
real_buchwald_hartwig,llambo_warmstart_conservative_low_semantic_mass_conservative,27126,98.7313,94.591,1.2687,1,heldout,
real_buchwald_hartwig,llambo_warmstart_conservative_low_semantic_mass_noprior,27126,98.7313,94.591,1.2687,1,heldout,
real_buchwald_hartwig,llambo_warmstart_counter_hypothesis_heteroaromatic_benign,27126,80.5828,60.7946,19.4172,0,heldout,
real_buchwald_hartwig,llambo_warmstart_counter_hypothesis_heteroaromatic_benign_conservative,27126,80.5828,60.7946,19.4172,0,heldout,
real_buchwald_hartwig,llambo_warmstart_counter_hypothesis_heteroaromatic_benign_noprior,27126,80.5828,60.7946,19.4172,0,heldout,
real_buchwald_hartwig,llambo_warmstart_cross_skill_rule_bank,27126,81.3576,81.3576,18.6424,0,heldout,
real_buchwald_hartwig,llambo_warmstart_domain_knowledge_electron_poor_halide,27126,94.5498,92.9063,5.4502,0,heldout,
real_buchwald_hartwig,llambo_warmstart_domain_knowledge_electron_poor_halide_conservative,27126,94.5498,92.9063,5.4502,0,heldout,
real_buchwald_hartwig,llambo_warmstart_domain_knowledge_electron_poor_halide_noprior,27126,94.5498,92.9063,5.4502,0,heldout,
real_buchwald_hartwig,llambo_warmstart_guanidine_base_high_mw_aryl_halide,27126,94.8799,89.6718,5.1201,0,heldout,
real_buchwald_hartwig,llambo_warmstart_guanidine_base_high_mw_aryl_halide_conservative,27126,94.8799,89.6718,5.1201,0,heldout,
real_buchwald_hartwig,llambo_warmstart_guanidine_base_high_mw_aryl_halide_noprior,27126,94.8799,89.6718,5.1201,0,heldout,
real_buchwald_hartwig,llambo_warmstart_high_mw_ligand_low_tpsa_base,27126,95.6759,95.4958,4.3241,0,heldout,
real_buchwald_hartwig,llambo_warmstart_high_mw_ligand_low_tpsa_base_conservative,27126,95.6759,95.4958,4.3241,0,heldout,
real_buchwald_hartwig,llambo_warmstart_high_mw_ligand_low_tpsa_base_noprior,27126,95.6759,95.4958,4.3241,0,heldout,
real_buchwald_hartwig,llambo_warmstart_phosphazene_base_heteroaromatic_halide,27126,81.3576,81.3576,18.6424,0,heldout,
real_buchwald_hartwig,llambo_warmstart_phosphazene_base_heteroaromatic_halide_conservative,27126,81.3576,81.3576,18.6424,0,heldout,
real_buchwald_hartwig,llambo_warmstart_phosphazene_base_heteroaromatic_halide_noprior,27126,81.3576,81.3576,18.6424,0,heldout,
real_buchwald_hartwig,llambo_warmstart_selector,27126,94.5498,92.9063,5.4502,0,heldout,llambo_warmstart_domain_knowledge_electron_poor_halide_noprior
real_buchwald_hartwig,llm_calibrated_selector,27126,98.2872,94.2855,1.7128,1,heldout,llm_semantic_amidine_base_simple_aryl_halide_noprior
real_buchwald_hartwig,llm_direct_prior_additive_tpsa_mid_base_tpsa_mid_synergy,27126,76.7399,76.7399,23.2601,0,heldout,
real_buchwald_hartwig,llm_direct_prior_additive_tpsa_mid_base_tpsa_mid_synergy_conservative,27126,76.7399,76.7399,23.2601,0,heldout,
real_buchwald_hartwig,llm_direct_prior_additive_tpsa_mid_base_tpsa_mid_synergy_noprior,27126,76.7399,76.7399,23.2601,0,heldout,
real_buchwald_hartwig,llm_direct_prior_amidine_base_simple_aryl_halide,27126,94.6911,89.7803,5.3089,0,heldout,
real_buchwald_hartwig,llm_direct_prior_amidine_base_simple_aryl_halide_conservative,27126,94.6911,89.7915,5.3089,0,heldout,
real_buchwald_hartwig,llm_direct_prior_amidine_base_simple_aryl_halide_noprior,27126,94.6911,89.7803,5.3089,0,heldout,
real_buchwald_hartwig,llm_direct_prior_conservative_low_semantic_mass,27126,92.127,90.5883,7.873,0,heldout,
real_buchwald_hartwig,llm_direct_prior_conservative_low_semantic_mass_conservative,27126,92.127,90.5883,7.873,0,heldout,
real_buchwald_hartwig,llm_direct_prior_conservative_low_semantic_mass_noprior,27126,92.127,90.5883,7.873,0,heldout,
real_buchwald_hartwig,llm_direct_prior_counter_hypothesis_heteroaromatic_benign,27126,93.4211,85.5662,6.5789,0,heldout,
real_buchwald_hartwig,llm_direct_prior_counter_hypothesis_heteroaromatic_benign_conservative,27126,94.6911,89.7803,5.3089,0,heldout,
real_buchwald_hartwig,llm_direct_prior_counter_hypothesis_heteroaromatic_benign_noprior,27126,93.4211,85.5662,6.5789,0,heldout,
real_buchwald_hartwig,llm_direct_prior_cross_skill_rule_bank,27126,92.127,86.6321,7.873,0,heldout,
real_buchwald_hartwig,llm_direct_prior_domain_knowledge_electron_poor_halide,27126,92.127,87.5109,7.873,0,heldout,
real_buchwald_hartwig,llm_direct_prior_domain_knowledge_electron_poor_halide_conservative,27126,93.4211,91.65,6.5789,0,heldout,
real_buchwald_hartwig,llm_direct_prior_domain_knowledge_electron_poor_halide_noprior,27126,92.127,87.5109,7.873,0,heldout,
real_buchwald_hartwig,llm_direct_prior_guanidine_base_high_mw_aryl_halide,27126,76.7399,76.7399,23.2601,0,heldout,
real_buchwald_hartwig,llm_direct_prior_guanidine_base_high_mw_aryl_halide_conservative,27126,76.7399,76.7399,23.2601,0,heldout,
real_buchwald_hartwig,llm_direct_prior_guanidine_base_high_mw_aryl_halide_noprior,27126,76.7399,76.7399,23.2601,0,heldout,
real_buchwald_hartwig,llm_direct_prior_high_mw_ligand_low_tpsa_base,27126,92.3912,92.2327,7.6088,0,heldout,
real_buchwald_hartwig,llm_direct_prior_high_mw_ligand_low_tpsa_base_conservative,27126,92.3912,92.1542,7.6088,0,heldout,
real_buchwald_hartwig,llm_direct_prior_high_mw_ligand_low_tpsa_base_noprior,27126,92.3912,92.2327,7.6088,0,heldout,
real_buchwald_hartwig,llm_direct_prior_phosphazene_base_heteroaromatic_halide,27126,76.7953,76.7787,23.2047,0,heldout,
real_buchwald_hartwig,llm_direct_prior_phosphazene_base_heteroaromatic_halide_conservative,27126,76.7953,76.7731,23.2047,0,heldout,
real_buchwald_hartwig,llm_direct_prior_phosphazene_base_heteroaromatic_halide_noprior,27126,76.7953,76.7787,23.2047,0,heldout,
real_buchwald_hartwig,llm_direct_prior_selector,27126,92.127,87.5109,7.873,0,heldout,llm_direct_prior_domain_knowledge_electron_poor_halide_noprior
real_buchwald_hartwig,llm_semantic_additive_tpsa_mid_base_tpsa_mid_synergy,27126,83.4092,78.7407,16.5908,0,heldout,
real_buchwald_hartwig,llm_semantic_additive_tpsa_mid_base_tpsa_mid_synergy_conservative,27126,86.1982,83.9796,13.8018,0,heldout,
real_buchwald_hartwig,llm_semantic_additive_tpsa_mid_base_tpsa_mid_synergy_noprior,27126,76.7399,76.7399,23.2601,0,heldout,
real_buchwald_hartwig,llm_semantic_amidine_base_simple_aryl_halide,27126,86.7926,84.6263,13.2074,0,heldout,
real_buchwald_hartwig,llm_semantic_amidine_base_simple_aryl_halide_conservative,27126,94.5498,91.4758,5.4502,0,heldout,
real_buchwald_hartwig,llm_semantic_amidine_base_simple_aryl_halide_noprior,27126,98.2872,94.2855,1.7128,1,heldout,
real_buchwald_hartwig,llm_semantic_conservative_low_semantic_mass,27126,92.127,89.9504,7.873,0,heldout,
real_buchwald_hartwig,llm_semantic_conservative_low_semantic_mass_conservative,27126,92.127,88.9451,7.873,0,heldout,
real_buchwald_hartwig,llm_semantic_conservative_low_semantic_mass_noprior,27126,92.127,88.9451,7.873,0,heldout,
real_buchwald_hartwig,llm_semantic_counter_hypothesis_heteroaromatic_benign,27126,86.7621,85.6395,13.2379,0,heldout,
real_buchwald_hartwig,llm_semantic_counter_hypothesis_heteroaromatic_benign_conservative,27126,86.7926,84.6403,13.2074,0,heldout,
real_buchwald_hartwig,llm_semantic_counter_hypothesis_heteroaromatic_benign_noprior,27126,86.7621,84.3108,13.2379,0,heldout,
real_buchwald_hartwig,llm_semantic_cross_skill_rule_bank,27126,98.2872,85.2437,1.7128,1,heldout,
real_buchwald_hartwig,llm_semantic_domain_knowledge_electron_poor_halide,27126,83.3133,79.2332,16.6867,0,heldout,
real_buchwald_hartwig,llm_semantic_domain_knowledge_electron_poor_halide_conservative,27126,86.1982,85.3012,13.8018,0,heldout,
real_buchwald_hartwig,llm_semantic_domain_knowledge_electron_poor_halide_noprior,27126,83.3133,78.7119,16.6867,0,heldout,
real_buchwald_hartwig,llm_semantic_guanidine_base_high_mw_aryl_halide,27126,83.3133,81.6019,16.6867,0,heldout,
real_buchwald_hartwig,llm_semantic_guanidine_base_high_mw_aryl_halide_conservative,27126,98.2872,86.5325,1.7128,1,heldout,
real_buchwald_hartwig,llm_semantic_guanidine_base_high_mw_aryl_halide_noprior,27126,98.2872,85.9581,1.7128,1,heldout,
real_buchwald_hartwig,llm_semantic_high_mw_ligand_low_tpsa_base,27126,93.0289,83.7412,6.9711,0,heldout,
real_buchwald_hartwig,llm_semantic_high_mw_ligand_low_tpsa_base_conservative,27126,98.2872,90.2006,1.7128,1,heldout,
real_buchwald_hartwig,llm_semantic_high_mw_ligand_low_tpsa_base_noprior,27126,93.0289,81.6266,6.9711,0,heldout,
real_buchwald_hartwig,llm_semantic_phosphazene_base_heteroaromatic_halide,27126,86.7926,81.9204,13.2074,0,heldout,
real_buchwald_hartwig,llm_semantic_phosphazene_base_heteroaromatic_halide_conservative,27126,92.659,85.8984,7.341,0,heldout,
real_buchwald_hartwig,llm_semantic_phosphazene_base_heteroaromatic_halide_noprior,27126,85.2207,83.1155,14.7793,0,heldout,
real_buchwald_hartwig,mixed_kernel_gp_ei,27126,94.501,87.3966,5.499,0,heldout,
real_buchwald_hartwig,target_acquisition_portfolio,27126,94.5498,89.1922,5.4502,0,heldout,
real_buchwald_hartwig,care_strategy_router,27127,94.1485,92.2329,5.8515,0,heldout,llambo_warmstart_domain_knowledge_electron_poor_halide_noprior
real_buchwald_hartwig,gp_ucb,27127,75.3836,75.3836,24.6164,0,heldout,
real_buchwald_hartwig,llambo_warmstart_additive_tpsa_mid_base_tpsa_mid_synergy,27127,90.9905,85.3641,9.0095,0,heldout,
real_buchwald_hartwig,llambo_warmstart_additive_tpsa_mid_base_tpsa_mid_synergy_conservative,27127,90.9905,85.3641,9.0095,0,heldout,
real_buchwald_hartwig,llambo_warmstart_additive_tpsa_mid_base_tpsa_mid_synergy_noprior,27127,90.9905,85.3641,9.0095,0,heldout,
real_buchwald_hartwig,llambo_warmstart_amidine_base_simple_aryl_halide,27127,98.7313,96.4205,1.2687,1,heldout,
real_buchwald_hartwig,llambo_warmstart_amidine_base_simple_aryl_halide_conservative,27127,98.7313,96.4205,1.2687,1,heldout,
real_buchwald_hartwig,llambo_warmstart_amidine_base_simple_aryl_halide_noprior,27127,98.7313,96.4205,1.2687,1,heldout,
real_buchwald_hartwig,llambo_warmstart_conservative_low_semantic_mass,27127,100.0,88.6357,0.0,1,heldout,
real_buchwald_hartwig,llambo_warmstart_conservative_low_semantic_mass_conservative,27127,100.0,88.6357,0.0,1,heldout,
real_buchwald_hartwig,llambo_warmstart_conservative_low_semantic_mass_noprior,27127,100.0,88.6357,0.0,1,heldout,
real_buchwald_hartwig,llambo_warmstart_counter_hypothesis_heteroaromatic_benign,27127,98.7313,87.9454,1.2687,1,heldout,
real_buchwald_hartwig,llambo_warmstart_counter_hypothesis_heteroaromatic_benign_conservative,27127,98.7313,87.9454,1.2687,1,heldout,
real_buchwald_hartwig,llambo_warmstart_counter_hypothesis_heteroaromatic_benign_noprior,27127,98.7313,87.9454,1.2687,1,heldout,
real_buchwald_hartwig,llambo_warmstart_cross_skill_rule_bank,27127,72.7719,70.9336,27.2281,0,heldout,
real_buchwald_hartwig,llambo_warmstart_domain_knowledge_electron_poor_halide,27127,94.1485,92.2329,5.8515,0,heldout,
real_buchwald_hartwig,llambo_warmstart_domain_knowledge_electron_poor_halide_conservative,27127,94.1485,92.2329,5.8515,0,heldout,
real_buchwald_hartwig,llambo_warmstart_domain_knowledge_electron_poor_halide_noprior,27127,94.1485,92.2329,5.8515,0,heldout,
real_buchwald_hartwig,llambo_warmstart_guanidine_base_high_mw_aryl_halide,27127,83.9556,74.6317,16.0444,0,heldout,
real_buchwald_hartwig,llambo_warmstart_guanidine_base_high_mw_aryl_halide_conservative,27127,83.9556,74.6317,16.0444,0,heldout,
real_buchwald_hartwig,llambo_warmstart_guanidine_base_high_mw_aryl_halide_noprior,27127,83.9556,74.6317,16.0444,0,heldout,
real_buchwald_hartwig,llambo_warmstart_high_mw_ligand_low_tpsa_base,27127,97.5685,96.4554,2.4315,1,heldout,
real_buchwald_hartwig,llambo_warmstart_high_mw_ligand_low_tpsa_base_conservative,27127,97.5685,96.4554,2.4315,1,heldout,
real_buchwald_hartwig,llambo_warmstart_high_mw_ligand_low_tpsa_base_noprior,27127,97.5685,96.4554,2.4315,1,heldout,
real_buchwald_hartwig,llambo_warmstart_phosphazene_base_heteroaromatic_halide,27127,90.9905,80.9666,9.0095,0,heldout,
real_buchwald_hartwig,llambo_warmstart_phosphazene_base_heteroaromatic_halide_conservative,27127,90.9905,80.9666,9.0095,0,heldout,
real_buchwald_hartwig,llambo_warmstart_phosphazene_base_heteroaromatic_halide_noprior,27127,90.9905,80.9666,9.0095,0,heldout,
real_buchwald_hartwig,llambo_warmstart_selector,27127,94.1485,92.2329,5.8515,0,heldout,llambo_warmstart_domain_knowledge_electron_poor_halide_noprior
real_buchwald_hartwig,llm_calibrated_selector,27127,78.0029,76.9552,21.9971,0,heldout,llm_semantic_amidine_base_simple_aryl_halide_noprior
real_buchwald_hartwig,llm_direct_prior_additive_tpsa_mid_base_tpsa_mid_synergy,27127,75.3836,75.3836,24.6164,0,heldout,
real_buchwald_hartwig,llm_direct_prior_additive_tpsa_mid_base_tpsa_mid_synergy_conservative,27127,75.3836,75.3836,24.6164,0,heldout,
real_buchwald_hartwig,llm_direct_prior_additive_tpsa_mid_base_tpsa_mid_synergy_noprior,27127,75.3836,75.3836,24.6164,0,heldout,
real_buchwald_hartwig,llm_direct_prior_amidine_base_simple_aryl_halide,27127,85.8123,85.8123,14.1877,0,heldout,
real_buchwald_hartwig,llm_direct_prior_amidine_base_simple_aryl_halide_conservative,27127,85.8123,85.8123,14.1877,0,heldout,
real_buchwald_hartwig,llm_direct_prior_amidine_base_simple_aryl_halide_noprior,27127,85.8123,85.8123,14.1877,0,heldout,
real_buchwald_hartwig,llm_direct_prior_conservative_low_semantic_mass,27127,86.7862,81.0137,13.2138,0,heldout,
real_buchwald_hartwig,llm_direct_prior_conservative_low_semantic_mass_conservative,27127,86.7862,81.0137,13.2138,0,heldout,
real_buchwald_hartwig,llm_direct_prior_conservative_low_semantic_mass_noprior,27127,86.7862,81.0137,13.2138,0,heldout,
real_buchwald_hartwig,llm_direct_prior_counter_hypothesis_heteroaromatic_benign,27127,75.3836,75.3836,24.6164,0,heldout,
real_buchwald_hartwig,llm_direct_prior_counter_hypothesis_heteroaromatic_benign_conservative,27127,75.3836,75.3836,24.6164,0,heldout,
real_buchwald_hartwig,llm_direct_prior_counter_hypothesis_heteroaromatic_benign_noprior,27127,75.3836,75.3836,24.6164,0,heldout,
real_buchwald_hartwig,llm_direct_prior_cross_skill_rule_bank,27127,78.2963,78.2963,21.7037,0,heldout,
real_buchwald_hartwig,llm_direct_prior_domain_knowledge_electron_poor_halide,27127,93.4211,91.1525,6.5789,0,heldout,
real_buchwald_hartwig,llm_direct_prior_domain_knowledge_electron_poor_halide_conservative,27127,89.3231,83.4236,10.6769,0,heldout,
real_buchwald_hartwig,llm_direct_prior_domain_knowledge_electron_poor_halide_noprior,27127,93.4211,91.1525,6.5789,0,heldout,
real_buchwald_hartwig,llm_direct_prior_guanidine_base_high_mw_aryl_halide,27127,75.3836,75.3836,24.6164,0,heldout,
real_buchwald_hartwig,llm_direct_prior_guanidine_base_high_mw_aryl_halide_conservative,27127,75.3836,75.3836,24.6164,0,heldout,
real_buchwald_hartwig,llm_direct_prior_guanidine_base_high_mw_aryl_halide_noprior,27127,75.3836,75.3836,24.6164,0,heldout,
real_buchwald_hartwig,llm_direct_prior_high_mw_ligand_low_tpsa_base,27127,87.9408,76.6393,12.0592,0,heldout,
real_buchwald_hartwig,llm_direct_prior_high_mw_ligand_low_tpsa_base_conservative,27127,89.6142,82.4989,10.3858,0,heldout,
real_buchwald_hartwig,llm_direct_prior_high_mw_ligand_low_tpsa_base_noprior,27127,87.9408,76.6393,12.0592,0,heldout,
real_buchwald_hartwig,llm_direct_prior_phosphazene_base_heteroaromatic_halide,27127,78.2963,78.2963,21.7037,0,heldout,
real_buchwald_hartwig,llm_direct_prior_phosphazene_base_heteroaromatic_halide_conservative,27127,78.2963,78.2963,21.7037,0,heldout,
real_buchwald_hartwig,llm_direct_prior_phosphazene_base_heteroaromatic_halide_noprior,27127,78.2963,78.2963,21.7037,0,heldout,
real_buchwald_hartwig,llm_direct_prior_selector,27127,93.4211,91.1525,6.5789,0,heldout,llm_direct_prior_domain_knowledge_electron_poor_halide_noprior
real_buchwald_hartwig,llm_semantic_additive_tpsa_mid_base_tpsa_mid_synergy,27127,75.3836,75.3836,24.6164,0,heldout,
real_buchwald_hartwig,llm_semantic_additive_tpsa_mid_base_tpsa_mid_synergy_conservative,27127,75.3836,75.3836,24.6164,0,heldout,
real_buchwald_hartwig,llm_semantic_additive_tpsa_mid_base_tpsa_mid_synergy_noprior,27127,78.2845,75.6737,21.7155,0,heldout,
real_buchwald_hartwig,llm_semantic_amidine_base_simple_aryl_halide,27127,78.0029,77.2171,21.9971,0,heldout,
real_buchwald_hartwig,llm_semantic_amidine_base_simple_aryl_halide_conservative,27127,83.0165,78.4368,16.9835,0,heldout,
real_buchwald_hartwig,llm_semantic_amidine_base_simple_aryl_halide_noprior,27127,78.0029,76.9552,21.9971,0,heldout,
real_buchwald_hartwig,llm_semantic_conservative_low_semantic_mass,27127,75.3836,75.3836,24.6164,0,heldout,
real_buchwald_hartwig,llm_semantic_conservative_low_semantic_mass_conservative,27127,75.3836,75.3836,24.6164,0,heldout,
real_buchwald_hartwig,llm_semantic_conservative_low_semantic_mass_noprior,27127,75.3836,75.3836,24.6164,0,heldout,
real_buchwald_hartwig,llm_semantic_counter_hypothesis_heteroaromatic_benign,27127,83.0165,79.7124,16.9835,0,heldout,
real_buchwald_hartwig,llm_semantic_counter_hypothesis_heteroaromatic_benign_conservative,27127,79.3465,78.5063,20.6535,0,heldout,
real_buchwald_hartwig,llm_semantic_counter_hypothesis_heteroaromatic_benign_noprior,27127,78.2963,78.2963,21.7037,0,heldout,
real_buchwald_hartwig,llm_semantic_cross_skill_rule_bank,27127,87.2375,81.4577,12.7625,0,heldout,
real_buchwald_hartwig,llm_semantic_domain_knowledge_electron_poor_halide,27127,88.5139,78.5335,11.4861,0,heldout,
real_buchwald_hartwig,llm_semantic_domain_knowledge_electron_poor_halide_conservative,27127,86.4971,77.3602,13.5029,0,heldout,
real_buchwald_hartwig,llm_semantic_domain_knowledge_electron_poor_halide_noprior,27127,89.6142,82.1872,10.3858,0,heldout,
real_buchwald_hartwig,llm_semantic_guanidine_base_high_mw_aryl_halide,27127,75.3836,75.3836,24.6164,0,heldout,
real_buchwald_hartwig,llm_semantic_guanidine_base_high_mw_aryl_halide_conservative,27127,77.5468,77.1142,22.4532,0,heldout,
real_buchwald_hartwig,llm_semantic_guanidine_base_high_mw_aryl_halide_noprior,27127,75.3836,75.3836,24.6164,0,heldout,
real_buchwald_hartwig,llm_semantic_high_mw_ligand_low_tpsa_base,27127,75.3836,75.3836,24.6164,0,heldout,
real_buchwald_hartwig,llm_semantic_high_mw_ligand_low_tpsa_base_conservative,27127,75.3836,75.3836,24.6164,0,heldout,
real_buchwald_hartwig,llm_semantic_high_mw_ligand_low_tpsa_base_noprior,27127,78.2963,76.2574,21.7037,0,heldout,
real_buchwald_hartwig,llm_semantic_phosphazene_base_heteroaromatic_halide,27127,86.4971,76.7415,13.5029,0,heldout,
real_buchwald_hartwig,llm_semantic_phosphazene_base_heteroaromatic_halide_conservative,27127,77.5468,76.8978,22.4532,0,heldout,
real_buchwald_hartwig,llm_semantic_phosphazene_base_heteroaromatic_halide_noprior,27127,75.3836,75.3836,24.6164,0,heldout,
real_buchwald_hartwig,mixed_kernel_gp_ei,27127,75.3836,75.3836,24.6164,0,heldout,
real_buchwald_hartwig,target_acquisition_portfolio,27127,75.3836,75.3836,24.6164,0,heldout,
real_buchwald_hartwig,care_strategy_router,27128,99.6191,89.3335,0.3809,1,heldout,llambo_warmstart_domain_knowledge_electron_poor_halide_noprior
real_buchwald_hartwig,gp_ucb,27128,86.7926,58.8029,13.2074,0,heldout,
real_buchwald_hartwig,llambo_warmstart_additive_tpsa_mid_base_tpsa_mid_synergy,27128,87.9408,80.373,12.0592,0,heldout,
real_buchwald_hartwig,llambo_warmstart_additive_tpsa_mid_base_tpsa_mid_synergy_conservative,27128,87.9408,80.373,12.0592,0,heldout,
real_buchwald_hartwig,llambo_warmstart_additive_tpsa_mid_base_tpsa_mid_synergy_noprior,27128,87.9408,80.373,12.0592,0,heldout,
real_buchwald_hartwig,llambo_warmstart_amidine_base_simple_aryl_halide,27128,80.7866,79.4071,19.2134,0,heldout,
real_buchwald_hartwig,llambo_warmstart_amidine_base_simple_aryl_halide_conservative,27128,80.7866,79.4071,19.2134,0,heldout,
real_buchwald_hartwig,llambo_warmstart_amidine_base_simple_aryl_halide_noprior,27128,80.7866,79.4071,19.2134,0,heldout,
real_buchwald_hartwig,llambo_warmstart_conservative_low_semantic_mass,27128,97.2929,86.9963,2.7071,0,heldout,
real_buchwald_hartwig,llambo_warmstart_conservative_low_semantic_mass_conservative,27128,97.2929,86.9963,2.7071,0,heldout,
real_buchwald_hartwig,llambo_warmstart_conservative_low_semantic_mass_noprior,27128,97.2929,86.9963,2.7071,0,heldout,
real_buchwald_hartwig,llambo_warmstart_counter_hypothesis_heteroaromatic_benign,27128,98.1771,89.6439,1.8229,1,heldout,
real_buchwald_hartwig,llambo_warmstart_counter_hypothesis_heteroaromatic_benign_conservative,27128,98.1771,89.6439,1.8229,1,heldout,
real_buchwald_hartwig,llambo_warmstart_counter_hypothesis_heteroaromatic_benign_noprior,27128,98.1771,89.6439,1.8229,1,heldout,
real_buchwald_hartwig,llambo_warmstart_cross_skill_rule_bank,27128,99.0345,89.8769,0.9655,1,heldout,
real_buchwald_hartwig,llambo_warmstart_domain_knowledge_electron_poor_halide,27128,99.6191,89.3335,0.3809,1,heldout,
real_buchwald_hartwig,llambo_warmstart_domain_knowledge_electron_poor_halide_conservative,27128,99.6191,89.3335,0.3809,1,heldout,
real_buchwald_hartwig,llambo_warmstart_domain_knowledge_electron_poor_halide_noprior,27128,99.6191,89.3335,0.3809,1,heldout,
real_buchwald_hartwig,llambo_warmstart_guanidine_base_high_mw_aryl_halide,27128,85.6592,83.1425,14.3408,0,heldout,
real_buchwald_hartwig,llambo_warmstart_guanidine_base_high_mw_aryl_halide_conservative,27128,85.6592,83.1425,14.3408,0,heldout,
real_buchwald_hartwig,llambo_warmstart_guanidine_base_high_mw_aryl_halide_noprior,27128,85.6592,83.1425,14.3408,0,heldout,
real_buchwald_hartwig,llambo_warmstart_high_mw_ligand_low_tpsa_base,27128,92.5725,89.0863,7.4275,0,heldout,
real_buchwald_hartwig,llambo_warmstart_high_mw_ligand_low_tpsa_base_conservative,27128,92.5725,89.0863,7.4275,0,heldout,
real_buchwald_hartwig,llambo_warmstart_high_mw_ligand_low_tpsa_base_noprior,27128,92.5725,89.0863,7.4275,0,heldout,
real_buchwald_hartwig,llambo_warmstart_phosphazene_base_heteroaromatic_halide,27128,93.0995,85.0704,6.9005,0,heldout,
real_buchwald_hartwig,llambo_warmstart_phosphazene_base_heteroaromatic_halide_conservative,27128,93.0995,85.0704,6.9005,0,heldout,
real_buchwald_hartwig,llambo_warmstart_phosphazene_base_heteroaromatic_halide_noprior,27128,93.0995,85.0704,6.9005,0,heldout,
real_buchwald_hartwig,llambo_warmstart_selector,27128,99.6191,89.3335,0.3809,1,heldout,llambo_warmstart_domain_knowledge_electron_poor_halide_noprior
real_buchwald_hartwig,llm_calibrated_selector,27128,86.7926,85.2802,13.2074,0,heldout,llm_semantic_amidine_base_simple_aryl_halide_noprior
real_buchwald_hartwig,llm_direct_prior_additive_tpsa_mid_base_tpsa_mid_synergy,27128,68.765,61.6752,31.235,0,heldout,
real_buchwald_hartwig,llm_direct_prior_additive_tpsa_mid_base_tpsa_mid_synergy_conservative,27128,64.0289,56.0293,35.9711,0,heldout,
real_buchwald_hartwig,llm_direct_prior_additive_tpsa_mid_base_tpsa_mid_synergy_noprior,27128,68.765,61.6752,31.235,0,heldout,
real_buchwald_hartwig,llm_direct_prior_amidine_base_simple_aryl_halide,27128,52.673,46.7297,47.327,0,heldout,
real_buchwald_hartwig,llm_direct_prior_amidine_base_simple_aryl_halide_conservative,27128,75.2094,49.9136,24.7906,0,heldout,
real_buchwald_hartwig,llm_direct_prior_amidine_base_simple_aryl_halide_noprior,27128,52.673,46.7297,47.327,0,heldout,
real_buchwald_hartwig,llm_direct_prior_conservative_low_semantic_mass,27128,92.127,68.8247,7.873,0,heldout,
real_buchwald_hartwig,llm_direct_prior_conservative_low_semantic_mass_conservative,27128,92.127,68.8247,7.873,0,heldout,
real_buchwald_hartwig,llm_direct_prior_conservative_low_semantic_mass_noprior,27128,92.127,68.8247,7.873,0,heldout,
real_buchwald_hartwig,llm_direct_prior_counter_hypothesis_heteroaromatic_benign,27128,79.3465,54.508,20.6535,0,heldout,
real_buchwald_hartwig,llm_direct_prior_counter_hypothesis_heteroaromatic_benign_conservative,27128,52.673,46.9525,47.327,0,heldout,
real_buchwald_hartwig,llm_direct_prior_counter_hypothesis_heteroaromatic_benign_noprior,27128,79.3465,54.508,20.6535,0,heldout,
real_buchwald_hartwig,llm_direct_prior_cross_skill_rule_bank,27128,92.127,83.4628,7.873,0,heldout,
real_buchwald_hartwig,llm_direct_prior_domain_knowledge_electron_poor_halide,27128,93.4211,92.9035,6.5789,0,heldout,
real_buchwald_hartwig,llm_direct_prior_domain_knowledge_electron_poor_halide_conservative,27128,92.2093,85.5519,7.7907,0,heldout,
real_buchwald_hartwig,llm_direct_prior_domain_knowledge_electron_poor_halide_noprior,27128,93.4211,92.9035,6.5789,0,heldout,
real_buchwald_hartwig,llm_direct_prior_guanidine_base_high_mw_aryl_halide,27128,68.1076,62.7747,31.8924,0,heldout,
real_buchwald_hartwig,llm_direct_prior_guanidine_base_high_mw_aryl_halide_conservative,27128,68.1076,64.0527,31.8924,0,heldout,
real_buchwald_hartwig,llm_direct_prior_guanidine_base_high_mw_aryl_halide_noprior,27128,68.1076,62.7747,31.8924,0,heldout,
real_buchwald_hartwig,llm_direct_prior_high_mw_ligand_low_tpsa_base,27128,85.6057,65.564,14.3943,0,heldout,
real_buchwald_hartwig,llm_direct_prior_high_mw_ligand_low_tpsa_base_conservative,27128,92.127,73.6435,7.873,0,heldout,
real_buchwald_hartwig,llm_direct_prior_high_mw_ligand_low_tpsa_base_noprior,27128,85.6057,65.564,14.3943,0,heldout,
real_buchwald_hartwig,llm_direct_prior_phosphazene_base_heteroaromatic_halide,27128,79.6552,76.8023,20.3448,0,heldout,
real_buchwald_hartwig,llm_direct_prior_phosphazene_base_heteroaromatic_halide_conservative,27128,79.6552,76.8023,20.3448,0,heldout,
real_buchwald_hartwig,llm_direct_prior_phosphazene_base_heteroaromatic_halide_noprior,27128,79.6552,76.8023,20.3448,0,heldout,
real_buchwald_hartwig,llm_direct_prior_selector,27128,93.4211,92.9035,6.5789,0,heldout,llm_direct_prior_domain_knowledge_electron_poor_halide_noprior
real_buchwald_hartwig,llm_semantic_additive_tpsa_mid_base_tpsa_mid_synergy,27128,49.468,47.4952,50.532,0,heldout,
real_buchwald_hartwig,llm_semantic_additive_tpsa_mid_base_tpsa_mid_synergy_conservative,27128,85.2207,76.5546,14.7793,0,heldout,
real_buchwald_hartwig,llm_semantic_additive_tpsa_mid_base_tpsa_mid_synergy_noprior,27128,74.0474,61.3694,25.9526,0,heldout,
real_buchwald_hartwig,llm_semantic_amidine_base_simple_aryl_halide,27128,91.6984,83.5121,8.3016,0,heldout,
real_buchwald_hartwig,llm_semantic_amidine_base_simple_aryl_halide_conservative,27128,91.6984,83.5121,8.3016,0,heldout,
real_buchwald_hartwig,llm_semantic_amidine_base_simple_aryl_halide_noprior,27128,86.7926,85.2802,13.2074,0,heldout,
real_buchwald_hartwig,llm_semantic_conservative_low_semantic_mass,27128,92.2093,79.3844,7.7907,0,heldout,
real_buchwald_hartwig,llm_semantic_conservative_low_semantic_mass_conservative,27128,92.2093,79.3844,7.7907,0,heldout,
real_buchwald_hartwig,llm_semantic_conservative_low_semantic_mass_noprior,27128,92.2093,79.3844,7.7907,0,heldout,
real_buchwald_hartwig,llm_semantic_counter_hypothesis_heteroaromatic_benign,27128,81.6307,55.4553,18.3693,0,heldout,
real_buchwald_hartwig,llm_semantic_counter_hypothesis_heteroaromatic_benign_conservative,27128,92.127,78.0472,7.873,0,heldout,
real_buchwald_hartwig,llm_semantic_counter_hypothesis_heteroaromatic_benign_noprior,27128,84.4042,77.275,15.5958,0,heldout,
real_buchwald_hartwig,llm_semantic_cross_skill_rule_bank,27128,78.2963,75.8511,21.7037,0,heldout,
real_buchwald_hartwig,llm_semantic_domain_knowledge_electron_poor_halide,27128,81.9976,58.5932,18.0024,0,heldout,
real_buchwald_hartwig,llm_semantic_domain_knowledge_electron_poor_halide_conservative,27128,92.659,85.7289,7.341,0,heldout,
real_buchwald_hartwig,llm_semantic_domain_knowledge_electron_poor_halide_noprior,27128,83.4092,83.2914,16.5908,0,heldout,
real_buchwald_hartwig,llm_semantic_guanidine_base_high_mw_aryl_halide,27128,83.4092,58.4667,16.5908,0,heldout,
real_buchwald_hartwig,llm_semantic_guanidine_base_high_mw_aryl_halide_conservative,27128,88.4043,67.6271,11.5957,0,heldout,
real_buchwald_hartwig,llm_semantic_guanidine_base_high_mw_aryl_halide_noprior,27128,52.5881,48.9667,47.4119,0,heldout,
real_buchwald_hartwig,llm_semantic_high_mw_ligand_low_tpsa_base,27128,83.3133,61.2733,16.6867,0,heldout,
real_buchwald_hartwig,llm_semantic_high_mw_ligand_low_tpsa_base_conservative,27128,93.0289,58.0015,6.9711,0,heldout,
real_buchwald_hartwig,llm_semantic_high_mw_ligand_low_tpsa_base_noprior,27128,93.0289,68.0393,6.9711,0,heldout,
real_buchwald_hartwig,llm_semantic_phosphazene_base_heteroaromatic_halide,27128,85.2207,74.1501,14.7793,0,heldout,
real_buchwald_hartwig,llm_semantic_phosphazene_base_heteroaromatic_halide_conservative,27128,91.6984,82.8639,8.3016,0,heldout,
real_buchwald_hartwig,llm_semantic_phosphazene_base_heteroaromatic_halide_noprior,27128,47.0945,45.9396,52.9055,0,heldout,
real_buchwald_hartwig,mixed_kernel_gp_ei,27128,86.7926,62.2328,13.2074,0,heldout,
real_buchwald_hartwig,target_acquisition_portfolio,27128,86.7926,58.8029,13.2074,0,heldout,
real_buchwald_hartwig,care_strategy_router,27129,93.5641,93.3868,6.4359,0,heldout,llambo_warmstart_domain_knowledge_electron_poor_halide_noprior
real_buchwald_hartwig,gp_ucb,27129,79.7664,68.1544,20.2336,0,heldout,
real_buchwald_hartwig,llambo_warmstart_additive_tpsa_mid_base_tpsa_mid_synergy,27129,85.6453,76.5205,14.3547,0,heldout,
real_buchwald_hartwig,llambo_warmstart_additive_tpsa_mid_base_tpsa_mid_synergy_conservative,27129,85.6453,76.5205,14.3547,0,heldout,
real_buchwald_hartwig,llambo_warmstart_additive_tpsa_mid_base_tpsa_mid_synergy_noprior,27129,85.6453,76.5205,14.3547,0,heldout,
real_buchwald_hartwig,llambo_warmstart_amidine_base_simple_aryl_halide,27129,80.5818,79.3851,19.4182,0,heldout,
real_buchwald_hartwig,llambo_warmstart_amidine_base_simple_aryl_halide_conservative,27129,80.5818,79.3851,19.4182,0,heldout,
real_buchwald_hartwig,llambo_warmstart_amidine_base_simple_aryl_halide_noprior,27129,80.5818,79.3851,19.4182,0,heldout,
real_buchwald_hartwig,llambo_warmstart_conservative_low_semantic_mass,27129,97.2929,97.2929,2.7071,0,heldout,
real_buchwald_hartwig,llambo_warmstart_conservative_low_semantic_mass_conservative,27129,97.2929,97.2929,2.7071,0,heldout,
real_buchwald_hartwig,llambo_warmstart_conservative_low_semantic_mass_noprior,27129,97.2929,97.2929,2.7071,0,heldout,
real_buchwald_hartwig,llambo_warmstart_counter_hypothesis_heteroaromatic_benign,27129,65.5909,53.6283,34.4091,0,heldout,
real_buchwald_hartwig,llambo_warmstart_counter_hypothesis_heteroaromatic_benign_conservative,27129,65.5909,53.6283,34.4091,0,heldout,
real_buchwald_hartwig,llambo_warmstart_counter_hypothesis_heteroaromatic_benign_noprior,27129,65.5909,53.6283,34.4091,0,heldout,
real_buchwald_hartwig,llambo_warmstart_cross_skill_rule_bank,27129,92.127,84.1773,7.873,0,heldout,
real_buchwald_hartwig,llambo_warmstart_domain_knowledge_electron_poor_halide,27129,93.5641,93.3868,6.4359,0,heldout,
real_buchwald_hartwig,llambo_warmstart_domain_knowledge_electron_poor_halide_conservative,27129,93.5641,93.3868,6.4359,0,heldout,
real_buchwald_hartwig,llambo_warmstart_domain_knowledge_electron_poor_halide_noprior,27129,93.5641,93.3868,6.4359,0,heldout,
real_buchwald_hartwig,llambo_warmstart_guanidine_base_high_mw_aryl_halide,27129,67.284,58.6413,32.716,0,heldout,
real_buchwald_hartwig,llambo_warmstart_guanidine_base_high_mw_aryl_halide_conservative,27129,67.284,58.6413,32.716,0,heldout,
real_buchwald_hartwig,llambo_warmstart_guanidine_base_high_mw_aryl_halide_noprior,27129,67.284,58.6413,32.716,0,heldout,
real_buchwald_hartwig,llambo_warmstart_high_mw_ligand_low_tpsa_base,27129,80.5818,80.5818,19.4182,0,heldout,
real_buchwald_hartwig,llambo_warmstart_high_mw_ligand_low_tpsa_base_conservative,27129,80.5818,80.5818,19.4182,0,heldout,
real_buchwald_hartwig,llambo_warmstart_high_mw_ligand_low_tpsa_base_noprior,27129,80.5818,80.5818,19.4182,0,heldout,
real_buchwald_hartwig,llambo_warmstart_phosphazene_base_heteroaromatic_halide,27129,100.0,96.2648,0.0,1,heldout,
real_buchwald_hartwig,llambo_warmstart_phosphazene_base_heteroaromatic_halide_conservative,27129,100.0,96.2648,0.0,1,heldout,
real_buchwald_hartwig,llambo_warmstart_phosphazene_base_heteroaromatic_halide_noprior,27129,100.0,96.2648,0.0,1,heldout,
real_buchwald_hartwig,llambo_warmstart_selector,27129,93.5641,93.3868,6.4359,0,heldout,llambo_warmstart_domain_knowledge_electron_poor_halide_noprior
real_buchwald_hartwig,llm_calibrated_selector,27129,75.7358,68.1251,24.2642,0,heldout,llm_semantic_amidine_base_simple_aryl_halide_noprior
real_buchwald_hartwig,llm_direct_prior_additive_tpsa_mid_base_tpsa_mid_synergy,27129,79.0762,73.4282,20.9238,0,heldout,
real_buchwald_hartwig,llm_direct_prior_additive_tpsa_mid_base_tpsa_mid_synergy_conservative,27129,75.3112,70.6476,24.6888,0,heldout,
real_buchwald_hartwig,llm_direct_prior_additive_tpsa_mid_base_tpsa_mid_synergy_noprior,27129,79.0762,73.4282,20.9238,0,heldout,
real_buchwald_hartwig,llm_direct_prior_amidine_base_simple_aryl_halide,27129,84.8955,77.1296,15.1045,0,heldout,
real_buchwald_hartwig,llm_direct_prior_amidine_base_simple_aryl_halide_conservative,27129,79.4448,78.185,20.5552,0,heldout,
real_buchwald_hartwig,llm_direct_prior_amidine_base_simple_aryl_halide_noprior,27129,84.8955,77.1296,15.1045,0,heldout,
real_buchwald_hartwig,llm_direct_prior_conservative_low_semantic_mass,27129,86.5976,75.594,13.4024,0,heldout,
real_buchwald_hartwig,llm_direct_prior_conservative_low_semantic_mass_conservative,27129,86.5976,75.594,13.4024,0,heldout,
real_buchwald_hartwig,llm_direct_prior_conservative_low_semantic_mass_noprior,27129,86.5976,75.594,13.4024,0,heldout,
real_buchwald_hartwig,llm_direct_prior_counter_hypothesis_heteroaromatic_benign,27129,79.8724,72.895,20.1276,0,heldout,
real_buchwald_hartwig,llm_direct_prior_counter_hypothesis_heteroaromatic_benign_conservative,27129,79.8724,73.6789,20.1276,0,heldout,
real_buchwald_hartwig,llm_direct_prior_counter_hypothesis_heteroaromatic_benign_noprior,27129,79.8724,72.895,20.1276,0,heldout,
real_buchwald_hartwig,llm_direct_prior_cross_skill_rule_bank,27129,79.2616,70.8054,20.7384,0,heldout,
real_buchwald_hartwig,llm_direct_prior_domain_knowledge_electron_poor_halide,27129,97.5685,91.4369,2.4315,1,heldout,
real_buchwald_hartwig,llm_direct_prior_domain_knowledge_electron_poor_halide_conservative,27129,100.0,91.4347,0.0,1,heldout,
real_buchwald_hartwig,llm_direct_prior_domain_knowledge_electron_poor_halide_noprior,27129,97.5685,91.4369,2.4315,1,heldout,
real_buchwald_hartwig,llm_direct_prior_guanidine_base_high_mw_aryl_halide,27129,86.2198,78.9809,13.7802,0,heldout,
real_buchwald_hartwig,llm_direct_prior_guanidine_base_high_mw_aryl_halide_conservative,27129,85.1402,73.2301,14.8598,0,heldout,
real_buchwald_hartwig,llm_direct_prior_guanidine_base_high_mw_aryl_halide_noprior,27129,86.2198,78.9809,13.7802,0,heldout,
real_buchwald_hartwig,llm_direct_prior_high_mw_ligand_low_tpsa_base,27129,100.0,86.5263,0.0,1,heldout,
real_buchwald_hartwig,llm_direct_prior_high_mw_ligand_low_tpsa_base_conservative,27129,100.0,89.4578,0.0,1,heldout,
real_buchwald_hartwig,llm_direct_prior_high_mw_ligand_low_tpsa_base_noprior,27129,100.0,86.5263,0.0,1,heldout,
real_buchwald_hartwig,llm_direct_prior_phosphazene_base_heteroaromatic_halide,27129,79.3064,74.3292,20.6936,0,heldout,
real_buchwald_hartwig,llm_direct_prior_phosphazene_base_heteroaromatic_halide_conservative,27129,74.2352,72.8735,25.7648,0,heldout,
real_buchwald_hartwig,llm_direct_prior_phosphazene_base_heteroaromatic_halide_noprior,27129,79.3064,74.3292,20.6936,0,heldout,
real_buchwald_hartwig,llm_direct_prior_selector,27129,97.5685,91.4369,2.4315,1,heldout,llm_direct_prior_domain_knowledge_electron_poor_halide_noprior
real_buchwald_hartwig,llm_semantic_additive_tpsa_mid_base_tpsa_mid_synergy,27129,84.8146,64.7105,15.1854,0,heldout,
real_buchwald_hartwig,llm_semantic_additive_tpsa_mid_base_tpsa_mid_synergy_conservative,27129,62.3998,61.1344,37.6002,0,heldout,
real_buchwald_hartwig,llm_semantic_additive_tpsa_mid_base_tpsa_mid_synergy_noprior,27129,88.4464,71.3858,11.5536,0,heldout,
real_buchwald_hartwig,llm_semantic_amidine_base_simple_aryl_halide,27129,83.3036,71.3775,16.6964,0,heldout,
real_buchwald_hartwig,llm_semantic_amidine_base_simple_aryl_halide_conservative,27129,100.0,81.01,0.0,1,heldout,
real_buchwald_hartwig,llm_semantic_amidine_base_simple_aryl_halide_noprior,27129,75.7358,68.1251,24.2642,0,heldout,
real_buchwald_hartwig,llm_semantic_conservative_low_semantic_mass,27129,66.1082,62.1102,33.8918,0,heldout,
real_buchwald_hartwig,llm_semantic_conservative_low_semantic_mass_conservative,27129,92.904,73.737,7.096,0,heldout,
real_buchwald_hartwig,llm_semantic_conservative_low_semantic_mass_noprior,27129,92.904,73.737,7.096,0,heldout,
real_buchwald_hartwig,llm_semantic_counter_hypothesis_heteroaromatic_benign,27129,81.5694,76.7206,18.4306,0,heldout,
real_buchwald_hartwig,llm_semantic_counter_hypothesis_heteroaromatic_benign_conservative,27129,69.9874,67.1423,30.0126,0,heldout,
real_buchwald_hartwig,llm_semantic_counter_hypothesis_heteroaromatic_benign_noprior,27129,97.5685,73.4995,2.4315,1,heldout,
real_buchwald_hartwig,llm_semantic_cross_skill_rule_bank,27129,84.1019,72.5923,15.8981,0,heldout,
real_buchwald_hartwig,llm_semantic_domain_knowledge_electron_poor_halide,27129,96.1323,89.9748,3.8677,0,heldout,
real_buchwald_hartwig,llm_semantic_domain_knowledge_electron_poor_halide_conservative,27129,89.6142,84.8522,10.3858,0,heldout,
real_buchwald_hartwig,llm_semantic_domain_knowledge_electron_poor_halide_noprior,27129,89.6142,82.9283,10.3858,0,heldout,
real_buchwald_hartwig,llm_semantic_guanidine_base_high_mw_aryl_halide,27129,63.711,62.4737,36.289,0,heldout,
real_buchwald_hartwig,llm_semantic_guanidine_base_high_mw_aryl_halide_conservative,27129,100.0,84.7026,0.0,1,heldout,
real_buchwald_hartwig,llm_semantic_guanidine_base_high_mw_aryl_halide_noprior,27129,62.4486,61.5331,37.5514,0,heldout,
real_buchwald_hartwig,llm_semantic_high_mw_ligand_low_tpsa_base,27129,84.5889,78.7382,15.4111,0,heldout,
real_buchwald_hartwig,llm_semantic_high_mw_ligand_low_tpsa_base_conservative,27129,83.2944,74.5647,16.7056,0,heldout,
real_buchwald_hartwig,llm_semantic_high_mw_ligand_low_tpsa_base_noprior,27129,100.0,82.4137,0.0,1,heldout,
real_buchwald_hartwig,llm_semantic_phosphazene_base_heteroaromatic_halide,27129,100.0,81.2592,0.0,1,heldout,
real_buchwald_hartwig,llm_semantic_phosphazene_base_heteroaromatic_halide_conservative,27129,79.8724,72.1161,20.1276,0,heldout,
real_buchwald_hartwig,llm_semantic_phosphazene_base_heteroaromatic_halide_noprior,27129,69.5278,63.2013,30.4722,0,heldout,
real_buchwald_hartwig,mixed_kernel_gp_ei,27129,91.9334,80.1231,8.0666,0,heldout,
real_buchwald_hartwig,target_acquisition_portfolio,27129,79.1819,72.4541,20.8181,0,heldout,
real_buchwald_hartwig,care_strategy_router,27130,93.0995,93.0501,6.9005,0,heldout,llambo_warmstart_domain_knowledge_electron_poor_halide_noprior
real_buchwald_hartwig,gp_ucb,27130,93.5878,88.7778,6.4122,0,heldout,
real_buchwald_hartwig,llambo_warmstart_additive_tpsa_mid_base_tpsa_mid_synergy,27130,86.5976,84.9584,13.4024,0,heldout,
real_buchwald_hartwig,llambo_warmstart_additive_tpsa_mid_base_tpsa_mid_synergy_conservative,27130,86.5976,84.9584,13.4024,0,heldout,
real_buchwald_hartwig,llambo_warmstart_additive_tpsa_mid_base_tpsa_mid_synergy_noprior,27130,86.5976,84.9584,13.4024,0,heldout,
real_buchwald_hartwig,llambo_warmstart_amidine_base_simple_aryl_halide,27130,93.1012,80.1346,6.8988,0,heldout,
real_buchwald_hartwig,llambo_warmstart_amidine_base_simple_aryl_halide_conservative,27130,93.1012,80.1346,6.8988,0,heldout,
real_buchwald_hartwig,llambo_warmstart_amidine_base_simple_aryl_halide_noprior,27130,93.1012,80.1346,6.8988,0,heldout,
real_buchwald_hartwig,llambo_warmstart_conservative_low_semantic_mass,27130,93.7486,90.7852,6.2514,0,heldout,
real_buchwald_hartwig,llambo_warmstart_conservative_low_semantic_mass_conservative,27130,93.7486,90.7852,6.2514,0,heldout,
real_buchwald_hartwig,llambo_warmstart_conservative_low_semantic_mass_noprior,27130,93.7486,90.7852,6.2514,0,heldout,
real_buchwald_hartwig,llambo_warmstart_counter_hypothesis_heteroaromatic_benign,27130,100.0,74.262,0.0,1,heldout,
real_buchwald_hartwig,llambo_warmstart_counter_hypothesis_heteroaromatic_benign_conservative,27130,100.0,74.262,0.0,1,heldout,
real_buchwald_hartwig,llambo_warmstart_counter_hypothesis_heteroaromatic_benign_noprior,27130,100.0,74.262,0.0,1,heldout,
real_buchwald_hartwig,llambo_warmstart_cross_skill_rule_bank,27130,76.7953,76.7953,23.2047,0,heldout,
real_buchwald_hartwig,llambo_warmstart_domain_knowledge_electron_poor_halide,27130,93.0995,93.0501,6.9005,0,heldout,
real_buchwald_hartwig,llambo_warmstart_domain_knowledge_electron_poor_halide_conservative,27130,93.0995,93.0501,6.9005,0,heldout,
real_buchwald_hartwig,llambo_warmstart_domain_knowledge_electron_poor_halide_noprior,27130,93.0995,93.0501,6.9005,0,heldout,
real_buchwald_hartwig,llambo_warmstart_guanidine_base_high_mw_aryl_halide,27130,92.659,53.2583,7.341,0,heldout,
real_buchwald_hartwig,llambo_warmstart_guanidine_base_high_mw_aryl_halide_conservative,27130,92.659,53.2583,7.341,0,heldout,
real_buchwald_hartwig,llambo_warmstart_guanidine_base_high_mw_aryl_halide_noprior,27130,92.659,53.2583,7.341,0,heldout,
real_buchwald_hartwig,llambo_warmstart_high_mw_ligand_low_tpsa_base,27130,98.2872,94.0806,1.7128,1,heldout,
real_buchwald_hartwig,llambo_warmstart_high_mw_ligand_low_tpsa_base_conservative,27130,98.2872,94.0806,1.7128,1,heldout,
real_buchwald_hartwig,llambo_warmstart_high_mw_ligand_low_tpsa_base_noprior,27130,98.2872,94.0806,1.7128,1,heldout,
real_buchwald_hartwig,llambo_warmstart_phosphazene_base_heteroaromatic_halide,27130,72.7059,72.7059,27.2941,0,heldout,
real_buchwald_hartwig,llambo_warmstart_phosphazene_base_heteroaromatic_halide_conservative,27130,72.7059,72.7059,27.2941,0,heldout,
real_buchwald_hartwig,llambo_warmstart_phosphazene_base_heteroaromatic_halide_noprior,27130,72.7059,72.7059,27.2941,0,heldout,
real_buchwald_hartwig,llambo_warmstart_selector,27130,93.0995,93.0501,6.9005,0,heldout,llambo_warmstart_domain_knowledge_electron_poor_halide_noprior
real_buchwald_hartwig,llm_calibrated_selector,27130,86.7621,85.1468,13.2379,0,heldout,llm_semantic_amidine_base_simple_aryl_halide_noprior
real_buchwald_hartwig,llm_direct_prior_additive_tpsa_mid_base_tpsa_mid_synergy,27130,83.3133,83.3133,16.6867,0,heldout,
real_buchwald_hartwig,llm_direct_prior_additive_tpsa_mid_base_tpsa_mid_synergy_conservative,27130,92.127,85.076,7.873,0,heldout,
real_buchwald_hartwig,llm_direct_prior_additive_tpsa_mid_base_tpsa_mid_synergy_noprior,27130,83.3133,83.3133,16.6867,0,heldout,
real_buchwald_hartwig,llm_direct_prior_amidine_base_simple_aryl_halide,27130,84.4042,84.186,15.5958,0,heldout,
real_buchwald_hartwig,llm_direct_prior_amidine_base_simple_aryl_halide_conservative,27130,86.7621,85.7099,13.2379,0,heldout,
real_buchwald_hartwig,llm_direct_prior_amidine_base_simple_aryl_halide_noprior,27130,84.4042,84.186,15.5958,0,heldout,
real_buchwald_hartwig,llm_direct_prior_conservative_low_semantic_mass,27130,92.127,85.1851,7.873,0,heldout,
real_buchwald_hartwig,llm_direct_prior_conservative_low_semantic_mass_conservative,27130,92.127,85.1851,7.873,0,heldout,
real_buchwald_hartwig,llm_direct_prior_conservative_low_semantic_mass_noprior,27130,92.127,85.1851,7.873,0,heldout,
real_buchwald_hartwig,llm_direct_prior_counter_hypothesis_heteroaromatic_benign,27130,86.7621,83.6582,13.2379,0,heldout,
real_buchwald_hartwig,llm_direct_prior_counter_hypothesis_heteroaromatic_benign_conservative,27130,93.0289,86.4001,6.9711,0,heldout,
real_buchwald_hartwig,llm_direct_prior_counter_hypothesis_heteroaromatic_benign_noprior,27130,86.7621,83.6582,13.2379,0,heldout,
real_buchwald_hartwig,llm_direct_prior_cross_skill_rule_bank,27130,92.2093,87.8212,7.7907,0,heldout,
real_buchwald_hartwig,llm_direct_prior_domain_knowledge_electron_poor_halide,27130,93.4211,92.774,6.5789,0,heldout,
real_buchwald_hartwig,llm_direct_prior_domain_knowledge_electron_poor_halide_conservative,27130,93.4211,89.2603,6.5789,0,heldout,
real_buchwald_hartwig,llm_direct_prior_domain_knowledge_electron_poor_halide_noprior,27130,93.4211,92.774,6.5789,0,heldout,
real_buchwald_hartwig,llm_direct_prior_guanidine_base_high_mw_aryl_halide,27130,86.2198,84.4427,13.7802,0,heldout,
real_buchwald_hartwig,llm_direct_prior_guanidine_base_high_mw_aryl_halide_conservative,27130,83.3133,83.3133,16.6867,0,heldout,
real_buchwald_hartwig,llm_direct_prior_guanidine_base_high_mw_aryl_halide_noprior,27130,86.2198,84.4427,13.7802,0,heldout,
real_buchwald_hartwig,llm_direct_prior_high_mw_ligand_low_tpsa_base,27130,92.127,91.2456,7.873,0,heldout,
real_buchwald_hartwig,llm_direct_prior_high_mw_ligand_low_tpsa_base_conservative,27130,93.5878,91.7003,6.4122,0,heldout,
real_buchwald_hartwig,llm_direct_prior_high_mw_ligand_low_tpsa_base_noprior,27130,92.127,91.2456,7.873,0,heldout,
real_buchwald_hartwig,llm_direct_prior_phosphazene_base_heteroaromatic_halide,27130,83.3133,83.3133,16.6867,0,heldout,
real_buchwald_hartwig,llm_direct_prior_phosphazene_base_heteroaromatic_halide_conservative,27130,83.3133,83.3133,16.6867,0,heldout,
real_buchwald_hartwig,llm_direct_prior_phosphazene_base_heteroaromatic_halide_noprior,27130,83.3133,83.3133,16.6867,0,heldout,
real_buchwald_hartwig,llm_direct_prior_selector,27130,93.4211,92.774,6.5789,0,heldout,llm_direct_prior_domain_knowledge_electron_poor_halide_noprior
real_buchwald_hartwig,llm_semantic_additive_tpsa_mid_base_tpsa_mid_synergy,27130,83.3133,83.3133,16.6867,0,heldout,
real_buchwald_hartwig,llm_semantic_additive_tpsa_mid_base_tpsa_mid_synergy_conservative,27130,83.3133,83.3133,16.6867,0,heldout,
real_buchwald_hartwig,llm_semantic_additive_tpsa_mid_base_tpsa_mid_synergy_noprior,27130,83.3133,83.3133,16.6867,0,heldout,
real_buchwald_hartwig,llm_semantic_amidine_base_simple_aryl_halide,27130,84.4042,83.9678,15.5958,0,heldout,
real_buchwald_hartwig,llm_semantic_amidine_base_simple_aryl_halide_conservative,27130,87.2375,85.2419,12.7625,0,heldout,
real_buchwald_hartwig,llm_semantic_amidine_base_simple_aryl_halide_noprior,27130,86.7621,85.1468,13.2379,0,heldout,
real_buchwald_hartwig,llm_semantic_conservative_low_semantic_mass,27130,92.2093,85.9613,7.7907,0,heldout,
real_buchwald_hartwig,llm_semantic_conservative_low_semantic_mass_conservative,27130,93.5878,86.0992,6.4122,0,heldout,
real_buchwald_hartwig,llm_semantic_conservative_low_semantic_mass_noprior,27130,93.5878,86.0992,6.4122,0,heldout,
real_buchwald_hartwig,llm_semantic_counter_hypothesis_heteroaromatic_benign,27130,84.4042,84.0769,15.5958,0,heldout,
real_buchwald_hartwig,llm_semantic_counter_hypothesis_heteroaromatic_benign_conservative,27130,94.6911,90.4849,5.3089,0,heldout,
real_buchwald_hartwig,llm_semantic_counter_hypothesis_heteroaromatic_benign_noprior,27130,98.2872,91.9233,1.7128,1,heldout,
real_buchwald_hartwig,llm_semantic_cross_skill_rule_bank,27130,94.6911,86.8551,5.3089,0,heldout,
real_buchwald_hartwig,llm_semantic_domain_knowledge_electron_poor_halide,27130,92.256,88.6789,7.744,0,heldout,
real_buchwald_hartwig,llm_semantic_domain_knowledge_electron_poor_halide_conservative,27130,92.9567,86.2063,7.0433,0,heldout,
real_buchwald_hartwig,llm_semantic_domain_knowledge_electron_poor_halide_noprior,27130,85.2207,83.5424,14.7793,0,heldout,
real_buchwald_hartwig,llm_semantic_guanidine_base_high_mw_aryl_halide,27130,86.7621,85.0377,13.2379,0,heldout,
real_buchwald_hartwig,llm_semantic_guanidine_base_high_mw_aryl_halide_conservative,27130,84.4042,83.8333,15.5958,0,heldout,
real_buchwald_hartwig,llm_semantic_guanidine_base_high_mw_aryl_halide_noprior,27130,94.6911,90.14,5.3089,0,heldout,
real_buchwald_hartwig,llm_semantic_high_mw_ligand_low_tpsa_base,27130,98.2872,93.6348,1.7128,1,heldout,
real_buchwald_hartwig,llm_semantic_high_mw_ligand_low_tpsa_base_conservative,27130,98.2872,93.3835,1.7128,1,heldout,
real_buchwald_hartwig,llm_semantic_high_mw_ligand_low_tpsa_base_noprior,27130,93.0289,91.1311,6.9711,0,heldout,
real_buchwald_hartwig,llm_semantic_phosphazene_base_heteroaromatic_halide,27130,83.9556,83.8271,16.0444,0,heldout,
real_buchwald_hartwig,llm_semantic_phosphazene_base_heteroaromatic_halide_conservative,27130,86.7621,83.6582,13.2379,0,heldout,
real_buchwald_hartwig,llm_semantic_phosphazene_base_heteroaromatic_halide_noprior,27130,85.2207,83.6948,14.7793,0,heldout,
real_buchwald_hartwig,mixed_kernel_gp_ei,27130,93.5878,87.8595,6.4122,0,heldout,
real_buchwald_hartwig,target_acquisition_portfolio,27130,93.5878,88.7778,6.4122,0,heldout,
real_buchwald_hartwig,care_strategy_router,27131,89.2167,89.2167,10.7833,0,heldout,llambo_warmstart_domain_knowledge_electron_poor_halide_noprior
real_buchwald_hartwig,gp_ucb,27131,85.4018,85.4018,14.5982,0,heldout,
real_buchwald_hartwig,llambo_warmstart_additive_tpsa_mid_base_tpsa_mid_synergy,27131,98.8492,91.7674,1.1508,1,heldout,
real_buchwald_hartwig,llambo_warmstart_additive_tpsa_mid_base_tpsa_mid_synergy_conservative,27131,98.8492,91.7674,1.1508,1,heldout,
real_buchwald_hartwig,llambo_warmstart_additive_tpsa_mid_base_tpsa_mid_synergy_noprior,27131,98.8492,91.7674,1.1508,1,heldout,
real_buchwald_hartwig,llambo_warmstart_amidine_base_simple_aryl_halide,27131,100.0,91.3907,0.0,1,heldout,
real_buchwald_hartwig,llambo_warmstart_amidine_base_simple_aryl_halide_conservative,27131,100.0,91.3907,0.0,1,heldout,
real_buchwald_hartwig,llambo_warmstart_amidine_base_simple_aryl_halide_noprior,27131,100.0,91.3907,0.0,1,heldout,
real_buchwald_hartwig,llambo_warmstart_conservative_low_semantic_mass,27131,64.6849,49.9929,35.3151,0,heldout,
real_buchwald_hartwig,llambo_warmstart_conservative_low_semantic_mass_conservative,27131,64.6849,49.9929,35.3151,0,heldout,
real_buchwald_hartwig,llambo_warmstart_conservative_low_semantic_mass_noprior,27131,64.6849,49.9929,35.3151,0,heldout,
real_buchwald_hartwig,llambo_warmstart_counter_hypothesis_heteroaromatic_benign,27131,98.2872,75.3209,1.7128,1,heldout,
real_buchwald_hartwig,llambo_warmstart_counter_hypothesis_heteroaromatic_benign_conservative,27131,98.2872,75.3209,1.7128,1,heldout,
real_buchwald_hartwig,llambo_warmstart_counter_hypothesis_heteroaromatic_benign_noprior,27131,98.2872,75.3209,1.7128,1,heldout,
real_buchwald_hartwig,llambo_warmstart_cross_skill_rule_bank,27131,93.4211,88.8865,6.5789,0,heldout,
real_buchwald_hartwig,llambo_warmstart_domain_knowledge_electron_poor_halide,27131,89.2167,89.2167,10.7833,0,heldout,
real_buchwald_hartwig,llambo_warmstart_domain_knowledge_electron_poor_halide_conservative,27131,89.2167,89.2167,10.7833,0,heldout,
real_buchwald_hartwig,llambo_warmstart_domain_knowledge_electron_poor_halide_noprior,27131,89.2167,89.2167,10.7833,0,heldout,
real_buchwald_hartwig,llambo_warmstart_guanidine_base_high_mw_aryl_halide,27131,94.5498,91.6796,5.4502,0,heldout,
real_buchwald_hartwig,llambo_warmstart_guanidine_base_high_mw_aryl_halide_conservative,27131,94.5498,91.6796,5.4502,0,heldout,
real_buchwald_hartwig,llambo_warmstart_guanidine_base_high_mw_aryl_halide_noprior,27131,94.5498,91.6796,5.4502,0,heldout,
real_buchwald_hartwig,llambo_warmstart_high_mw_ligand_low_tpsa_base,27131,93.1012,91.5474,6.8988,0,heldout,
real_buchwald_hartwig,llambo_warmstart_high_mw_ligand_low_tpsa_base_conservative,27131,93.1012,91.5474,6.8988,0,heldout,
real_buchwald_hartwig,llambo_warmstart_high_mw_ligand_low_tpsa_base_noprior,27131,93.1012,91.5474,6.8988,0,heldout,
real_buchwald_hartwig,llambo_warmstart_phosphazene_base_heteroaromatic_halide,27131,100.0,97.974,0.0,1,heldout,
real_buchwald_hartwig,llambo_warmstart_phosphazene_base_heteroaromatic_halide_conservative,27131,100.0,97.974,0.0,1,heldout,
real_buchwald_hartwig,llambo_warmstart_phosphazene_base_heteroaromatic_halide_noprior,27131,100.0,97.974,0.0,1,heldout,
real_buchwald_hartwig,llambo_warmstart_selector,27131,89.2167,89.2167,10.7833,0,heldout,llambo_warmstart_domain_knowledge_electron_poor_halide_noprior
real_buchwald_hartwig,llm_calibrated_selector,27131,86.7926,86.0972,13.2074,0,heldout,llm_semantic_amidine_base_simple_aryl_halide_noprior
real_buchwald_hartwig,llm_direct_prior_additive_tpsa_mid_base_tpsa_mid_synergy,27131,85.4018,85.4018,14.5982,0,heldout,
real_buchwald_hartwig,llm_direct_prior_additive_tpsa_mid_base_tpsa_mid_synergy_conservative,27131,85.4018,85.4018,14.5982,0,heldout,
real_buchwald_hartwig,llm_direct_prior_additive_tpsa_mid_base_tpsa_mid_synergy_noprior,27131,85.4018,85.4018,14.5982,0,heldout,
real_buchwald_hartwig,llm_direct_prior_amidine_base_simple_aryl_halide,27131,85.4018,85.4018,14.5982,0,heldout,
real_buchwald_hartwig,llm_direct_prior_amidine_base_simple_aryl_halide_conservative,27131,85.4018,85.4018,14.5982,0,heldout,
real_buchwald_hartwig,llm_direct_prior_amidine_base_simple_aryl_halide_noprior,27131,85.4018,85.4018,14.5982,0,heldout,
real_buchwald_hartwig,llm_direct_prior_conservative_low_semantic_mass,27131,85.4018,85.4018,14.5982,0,heldout,
real_buchwald_hartwig,llm_direct_prior_conservative_low_semantic_mass_conservative,27131,85.4018,85.4018,14.5982,0,heldout,
real_buchwald_hartwig,llm_direct_prior_conservative_low_semantic_mass_noprior,27131,85.4018,85.4018,14.5982,0,heldout,
real_buchwald_hartwig,llm_direct_prior_counter_hypothesis_heteroaromatic_benign,27131,85.4018,85.4018,14.5982,0,heldout,
real_buchwald_hartwig,llm_direct_prior_counter_hypothesis_heteroaromatic_benign_conservative,27131,85.4018,85.4018,14.5982,0,heldout,
real_buchwald_hartwig,llm_direct_prior_counter_hypothesis_heteroaromatic_benign_noprior,27131,85.4018,85.4018,14.5982,0,heldout,
real_buchwald_hartwig,llm_direct_prior_cross_skill_rule_bank,27131,93.5878,89.7533,6.4122,0,heldout,
real_buchwald_hartwig,llm_direct_prior_domain_knowledge_electron_poor_halide,27131,91.511,86.0127,8.489,0,heldout,
real_buchwald_hartwig,llm_direct_prior_domain_knowledge_electron_poor_halide_conservative,27131,97.2929,93.7256,2.7071,0,heldout,
real_buchwald_hartwig,llm_direct_prior_domain_knowledge_electron_poor_halide_noprior,27131,91.511,86.0127,8.489,0,heldout,
real_buchwald_hartwig,llm_direct_prior_guanidine_base_high_mw_aryl_halide,27131,85.4018,85.4018,14.5982,0,heldout,
real_buchwald_hartwig,llm_direct_prior_guanidine_base_high_mw_aryl_halide_conservative,27131,85.4018,85.4018,14.5982,0,heldout,
real_buchwald_hartwig,llm_direct_prior_guanidine_base_high_mw_aryl_halide_noprior,27131,85.4018,85.4018,14.5982,0,heldout,
real_buchwald_hartwig,llm_direct_prior_high_mw_ligand_low_tpsa_base,27131,85.4018,85.4018,14.5982,0,heldout,
real_buchwald_hartwig,llm_direct_prior_high_mw_ligand_low_tpsa_base_conservative,27131,93.5878,91.0984,6.4122,0,heldout,
real_buchwald_hartwig,llm_direct_prior_high_mw_ligand_low_tpsa_base_noprior,27131,85.4018,85.4018,14.5982,0,heldout,
real_buchwald_hartwig,llm_direct_prior_phosphazene_base_heteroaromatic_halide,27131,85.4018,85.4018,14.5982,0,heldout,
real_buchwald_hartwig,llm_direct_prior_phosphazene_base_heteroaromatic_halide_conservative,27131,85.4018,85.4018,14.5982,0,heldout,
real_buchwald_hartwig,llm_direct_prior_phosphazene_base_heteroaromatic_halide_noprior,27131,85.4018,85.4018,14.5982,0,heldout,
real_buchwald_hartwig,llm_direct_prior_selector,27131,91.511,86.0127,8.489,0,heldout,llm_direct_prior_domain_knowledge_electron_poor_halide_noprior
real_buchwald_hartwig,llm_semantic_additive_tpsa_mid_base_tpsa_mid_synergy,27131,89.5988,85.8215,10.4012,0,heldout,
real_buchwald_hartwig,llm_semantic_additive_tpsa_mid_base_tpsa_mid_synergy_conservative,27131,91.4851,88.4434,8.5149,0,heldout,
real_buchwald_hartwig,llm_semantic_additive_tpsa_mid_base_tpsa_mid_synergy_noprior,27131,96.1323,88.4815,3.8677,0,heldout,
real_buchwald_hartwig,llm_semantic_amidine_base_simple_aryl_halide,27131,85.4018,85.4018,14.5982,0,heldout,
real_buchwald_hartwig,llm_semantic_amidine_base_simple_aryl_halide_conservative,27131,98.2872,90.1963,1.7128,1,heldout,
real_buchwald_hartwig,llm_semantic_amidine_base_simple_aryl_halide_noprior,27131,86.7926,86.0972,13.2074,0,heldout,
real_buchwald_hartwig,llm_semantic_conservative_low_semantic_mass,27131,93.5641,86.218,6.4359,0,heldout,
real_buchwald_hartwig,llm_semantic_conservative_low_semantic_mass_conservative,27131,93.5641,86.218,6.4359,0,heldout,
real_buchwald_hartwig,llm_semantic_conservative_low_semantic_mass_noprior,27131,93.5641,86.218,6.4359,0,heldout,
real_buchwald_hartwig,llm_semantic_counter_hypothesis_heteroaromatic_benign,27131,85.8123,85.607,14.1877,0,heldout,
real_buchwald_hartwig,llm_semantic_counter_hypothesis_heteroaromatic_benign_conservative,27131,85.8123,85.566,14.1877,0,heldout,
real_buchwald_hartwig,llm_semantic_counter_hypothesis_heteroaromatic_benign_noprior,27131,85.4018,85.4018,14.5982,0,heldout,
real_buchwald_hartwig,llm_semantic_cross_skill_rule_bank,27131,85.4018,85.4018,14.5982,0,heldout,
real_buchwald_hartwig,llm_semantic_domain_knowledge_electron_poor_halide,27131,98.2872,93.133,1.7128,1,heldout,
real_buchwald_hartwig,llm_semantic_domain_knowledge_electron_poor_halide_conservative,27131,85.4018,85.4018,14.5982,0,heldout,
real_buchwald_hartwig,llm_semantic_domain_knowledge_electron_poor_halide_noprior,27131,98.2872,93.133,1.7128,1,heldout,
real_buchwald_hartwig,llm_semantic_guanidine_base_high_mw_aryl_halide,27131,93.0289,89.9781,6.9711,0,heldout,
real_buchwald_hartwig,llm_semantic_guanidine_base_high_mw_aryl_halide_conservative,27131,88.5139,86.2433,11.4861,0,heldout,
real_buchwald_hartwig,llm_semantic_guanidine_base_high_mw_aryl_halide_noprior,27131,93.4211,92.6192,6.5789,0,heldout,
real_buchwald_hartwig,llm_semantic_high_mw_ligand_low_tpsa_base,27131,96.1323,89.7264,3.8677,0,heldout,
real_buchwald_hartwig,llm_semantic_high_mw_ligand_low_tpsa_base_conservative,27131,85.4018,85.4018,14.5982,0,heldout,
real_buchwald_hartwig,llm_semantic_high_mw_ligand_low_tpsa_base_noprior,27131,100.0,91.2411,0.0,1,heldout,
real_buchwald_hartwig,llm_semantic_phosphazene_base_heteroaromatic_halide,27131,89.5988,86.6609,10.4012,0,heldout,
real_buchwald_hartwig,llm_semantic_phosphazene_base_heteroaromatic_halide_conservative,27131,87.2375,86.1361,12.7625,0,heldout,
real_buchwald_hartwig,llm_semantic_phosphazene_base_heteroaromatic_halide_noprior,27131,85.4018,85.4018,14.5982,0,heldout,
real_buchwald_hartwig,mixed_kernel_gp_ei,27131,93.5641,87.0343,6.4359,0,heldout,
real_buchwald_hartwig,target_acquisition_portfolio,27131,85.4018,85.4018,14.5982,0,heldout,
real_buchwald_hartwig,care_strategy_router,27132,83.0165,61.5113,16.9835,0,heldout,llambo_warmstart_domain_knowledge_electron_poor_halide_noprior
real_buchwald_hartwig,gp_ucb,27132,93.5641,90.8241,6.4359,0,heldout,
real_buchwald_hartwig,llambo_warmstart_additive_tpsa_mid_base_tpsa_mid_synergy,27132,98.7313,63.8021,1.2687,1,heldout,
real_buchwald_hartwig,llambo_warmstart_additive_tpsa_mid_base_tpsa_mid_synergy_conservative,27132,98.7313,63.8021,1.2687,1,heldout,
real_buchwald_hartwig,llambo_warmstart_additive_tpsa_mid_base_tpsa_mid_synergy_noprior,27132,98.7313,63.8021,1.2687,1,heldout,
real_buchwald_hartwig,llambo_warmstart_amidine_base_simple_aryl_halide,27132,100.0,82.155,0.0,1,heldout,
real_buchwald_hartwig,llambo_warmstart_amidine_base_simple_aryl_halide_conservative,27132,100.0,82.155,0.0,1,heldout,
real_buchwald_hartwig,llambo_warmstart_amidine_base_simple_aryl_halide_noprior,27132,100.0,82.155,0.0,1,heldout,
real_buchwald_hartwig,llambo_warmstart_conservative_low_semantic_mass,27132,87.5291,87.5291,12.4709,0,heldout,
real_buchwald_hartwig,llambo_warmstart_conservative_low_semantic_mass_conservative,27132,87.5291,87.5291,12.4709,0,heldout,
real_buchwald_hartwig,llambo_warmstart_conservative_low_semantic_mass_noprior,27132,87.5291,87.5291,12.4709,0,heldout,
real_buchwald_hartwig,llambo_warmstart_counter_hypothesis_heteroaromatic_benign,27132,97.5685,85.3897,2.4315,1,heldout,
real_buchwald_hartwig,llambo_warmstart_counter_hypothesis_heteroaromatic_benign_conservative,27132,97.5685,85.3897,2.4315,1,heldout,
real_buchwald_hartwig,llambo_warmstart_counter_hypothesis_heteroaromatic_benign_noprior,27132,97.5685,85.3897,2.4315,1,heldout,
real_buchwald_hartwig,llambo_warmstart_cross_skill_rule_bank,27132,98.2872,86.6453,1.7128,1,heldout,
real_buchwald_hartwig,llambo_warmstart_domain_knowledge_electron_poor_halide,27132,83.0165,61.5113,16.9835,0,heldout,
real_buchwald_hartwig,llambo_warmstart_domain_knowledge_electron_poor_halide_conservative,27132,83.0165,61.5113,16.9835,0,heldout,
real_buchwald_hartwig,llambo_warmstart_domain_knowledge_electron_poor_halide_noprior,27132,83.0165,61.5113,16.9835,0,heldout,
real_buchwald_hartwig,llambo_warmstart_guanidine_base_high_mw_aryl_halide,27132,88.1675,88.1675,11.8325,0,heldout,
real_buchwald_hartwig,llambo_warmstart_guanidine_base_high_mw_aryl_halide_conservative,27132,88.1675,88.1675,11.8325,0,heldout,
real_buchwald_hartwig,llambo_warmstart_guanidine_base_high_mw_aryl_halide_noprior,27132,88.1675,88.1675,11.8325,0,heldout,
real_buchwald_hartwig,llambo_warmstart_high_mw_ligand_low_tpsa_base,27132,88.1675,88.1675,11.8325,0,heldout,
real_buchwald_hartwig,llambo_warmstart_high_mw_ligand_low_tpsa_base_conservative,27132,88.1675,88.1675,11.8325,0,heldout,
real_buchwald_hartwig,llambo_warmstart_high_mw_ligand_low_tpsa_base_noprior,27132,88.1675,88.1675,11.8325,0,heldout,
real_buchwald_hartwig,llambo_warmstart_phosphazene_base_heteroaromatic_halide,27132,89.9742,76.8786,10.0258,0,heldout,
real_buchwald_hartwig,llambo_warmstart_phosphazene_base_heteroaromatic_halide_conservative,27132,89.9742,76.8786,10.0258,0,heldout,
real_buchwald_hartwig,llambo_warmstart_phosphazene_base_heteroaromatic_halide_noprior,27132,89.9742,76.8786,10.0258,0,heldout,
real_buchwald_hartwig,llambo_warmstart_selector,27132,83.0165,61.5113,16.9835,0,heldout,llambo_warmstart_domain_knowledge_electron_poor_halide_noprior
real_buchwald_hartwig,llm_calibrated_selector,27132,87.2375,86.8099,12.7625,0,heldout,llm_semantic_amidine_base_simple_aryl_halide_noprior
real_buchwald_hartwig,llm_direct_prior_additive_tpsa_mid_base_tpsa_mid_synergy,27132,85.8123,85.8123,14.1877,0,heldout,
real_buchwald_hartwig,llm_direct_prior_additive_tpsa_mid_base_tpsa_mid_synergy_conservative,27132,85.8123,85.8123,14.1877,0,heldout,
real_buchwald_hartwig,llm_direct_prior_additive_tpsa_mid_base_tpsa_mid_synergy_noprior,27132,85.8123,85.8123,14.1877,0,heldout,
real_buchwald_hartwig,llm_direct_prior_amidine_base_simple_aryl_halide,27132,85.8123,85.8123,14.1877,0,heldout,
real_buchwald_hartwig,llm_direct_prior_amidine_base_simple_aryl_halide_conservative,27132,85.8123,85.8123,14.1877,0,heldout,
real_buchwald_hartwig,llm_direct_prior_amidine_base_simple_aryl_halide_noprior,27132,85.8123,85.8123,14.1877,0,heldout,
real_buchwald_hartwig,llm_direct_prior_conservative_low_semantic_mass,27132,89.9742,88.7256,10.0258,0,heldout,
real_buchwald_hartwig,llm_direct_prior_conservative_low_semantic_mass_conservative,27132,89.9742,88.7256,10.0258,0,heldout,
real_buchwald_hartwig,llm_direct_prior_conservative_low_semantic_mass_noprior,27132,89.9742,88.7256,10.0258,0,heldout,
real_buchwald_hartwig,llm_direct_prior_counter_hypothesis_heteroaromatic_benign,27132,85.8123,85.8123,14.1877,0,heldout,
real_buchwald_hartwig,llm_direct_prior_counter_hypothesis_heteroaromatic_benign_conservative,27132,85.8123,85.8123,14.1877,0,heldout,
real_buchwald_hartwig,llm_direct_prior_counter_hypothesis_heteroaromatic_benign_noprior,27132,85.8123,85.8123,14.1877,0,heldout,
real_buchwald_hartwig,llm_direct_prior_cross_skill_rule_bank,27132,92.2093,88.6835,7.7907,0,heldout,
real_buchwald_hartwig,llm_direct_prior_domain_knowledge_electron_poor_halide,27132,90.3173,87.7041,9.6827,0,heldout,
real_buchwald_hartwig,llm_direct_prior_domain_knowledge_electron_poor_halide_conservative,27132,89.3231,87.8653,10.6769,0,heldout,
real_buchwald_hartwig,llm_direct_prior_domain_knowledge_electron_poor_halide_noprior,27132,90.3173,87.7041,9.6827,0,heldout,
real_buchwald_hartwig,llm_direct_prior_guanidine_base_high_mw_aryl_halide,27132,86.0034,85.8696,13.9966,0,heldout,
real_buchwald_hartwig,llm_direct_prior_guanidine_base_high_mw_aryl_halide_conservative,27132,88.5139,86.3526,11.4861,0,heldout,
real_buchwald_hartwig,llm_direct_prior_guanidine_base_high_mw_aryl_halide_noprior,27132,86.0034,85.8696,13.9966,0,heldout,
real_buchwald_hartwig,llm_direct_prior_high_mw_ligand_low_tpsa_base,27132,92.127,92.127,7.873,0,heldout,
real_buchwald_hartwig,llm_direct_prior_high_mw_ligand_low_tpsa_base_conservative,27132,92.127,90.5176,7.873,0,heldout,
real_buchwald_hartwig,llm_direct_prior_high_mw_ligand_low_tpsa_base_noprior,27132,92.127,92.127,7.873,0,heldout,
real_buchwald_hartwig,llm_direct_prior_phosphazene_base_heteroaromatic_halide,27132,85.8123,85.8123,14.1877,0,heldout,
real_buchwald_hartwig,llm_direct_prior_phosphazene_base_heteroaromatic_halide_conservative,27132,85.8123,85.8123,14.1877,0,heldout,
real_buchwald_hartwig,llm_direct_prior_phosphazene_base_heteroaromatic_halide_noprior,27132,85.8123,85.8123,14.1877,0,heldout,
real_buchwald_hartwig,llm_direct_prior_selector,27132,90.3173,87.7041,9.6827,0,heldout,llm_direct_prior_domain_knowledge_electron_poor_halide_noprior
real_buchwald_hartwig,llm_semantic_additive_tpsa_mid_base_tpsa_mid_synergy,27132,87.2375,86.8099,12.7625,0,heldout,
real_buchwald_hartwig,llm_semantic_additive_tpsa_mid_base_tpsa_mid_synergy_conservative,27132,96.1323,89.9403,3.8677,0,heldout,
real_buchwald_hartwig,llm_semantic_additive_tpsa_mid_base_tpsa_mid_synergy_noprior,27132,86.7926,85.9103,13.2074,0,heldout,
real_buchwald_hartwig,llm_semantic_amidine_base_simple_aryl_halide,27132,86.7926,86.3852,13.2074,0,heldout,
real_buchwald_hartwig,llm_semantic_amidine_base_simple_aryl_halide_conservative,27132,92.2093,88.444,7.7907,0,heldout,
real_buchwald_hartwig,llm_semantic_amidine_base_simple_aryl_halide_noprior,27132,87.2375,86.8099,12.7625,0,heldout,
real_buchwald_hartwig,llm_semantic_conservative_low_semantic_mass,27132,93.5641,91.2386,6.4359,0,heldout,
real_buchwald_hartwig,llm_semantic_conservative_low_semantic_mass_conservative,27132,93.5641,91.2386,6.4359,0,heldout,
real_buchwald_hartwig,llm_semantic_conservative_low_semantic_mass_noprior,27132,93.5641,91.2386,6.4359,0,heldout,
real_buchwald_hartwig,llm_semantic_counter_hypothesis_heteroaromatic_benign,27132,87.2375,86.8097,12.7625,0,heldout,
real_buchwald_hartwig,llm_semantic_counter_hypothesis_heteroaromatic_benign_conservative,27132,92.2093,87.3545,7.7907,0,heldout,
real_buchwald_hartwig,llm_semantic_counter_hypothesis_heteroaromatic_benign_noprior,27132,87.2375,86.8573,12.7625,0,heldout,
real_buchwald_hartwig,llm_semantic_cross_skill_rule_bank,27132,86.7621,86.0972,13.2379,0,heldout,
real_buchwald_hartwig,llm_semantic_domain_knowledge_electron_poor_halide,27132,87.2375,86.8099,12.7625,0,heldout,
real_buchwald_hartwig,llm_semantic_domain_knowledge_electron_poor_halide_conservative,27132,87.2375,86.5784,12.7625,0,heldout,
real_buchwald_hartwig,llm_semantic_domain_knowledge_electron_poor_halide_noprior,27132,86.7926,86.1064,13.2074,0,heldout,
real_buchwald_hartwig,llm_semantic_guanidine_base_high_mw_aryl_halide,27132,100.0,88.9922,0.0,1,heldout,
real_buchwald_hartwig,llm_semantic_guanidine_base_high_mw_aryl_halide_conservative,27132,88.5139,86.0825,11.4861,0,heldout,
real_buchwald_hartwig,llm_semantic_guanidine_base_high_mw_aryl_halide_noprior,27132,86.4971,86.2232,13.5029,0,heldout,
real_buchwald_hartwig,llm_semantic_high_mw_ligand_low_tpsa_base,27132,96.1323,94.3385,3.8677,0,heldout,
real_buchwald_hartwig,llm_semantic_high_mw_ligand_low_tpsa_base_conservative,27132,92.2093,87.7532,7.7907,0,heldout,
real_buchwald_hartwig,llm_semantic_high_mw_ligand_low_tpsa_base_noprior,27132,100.0,95.8227,0.0,1,heldout,
real_buchwald_hartwig,llm_semantic_phosphazene_base_heteroaromatic_halide,27132,92.3912,89.1017,7.6088,0,heldout,
real_buchwald_hartwig,llm_semantic_phosphazene_base_heteroaromatic_halide_conservative,27132,92.1307,86.4441,7.8693,0,heldout,
real_buchwald_hartwig,llm_semantic_phosphazene_base_heteroaromatic_halide_noprior,27132,92.3912,89.1017,7.6088,0,heldout,
real_buchwald_hartwig,mixed_kernel_gp_ei,27132,93.5641,90.4096,6.4359,0,heldout,
real_buchwald_hartwig,target_acquisition_portfolio,27132,93.5641,91.2386,6.4359,0,heldout,
real_buchwald_hartwig,care_strategy_router,27133,98.1771,93.021,1.8229,1,heldout,llambo_warmstart_domain_knowledge_electron_poor_halide_noprior
real_buchwald_hartwig,gp_ucb,27133,89.6142,79.9603,10.3858,0,heldout,
real_buchwald_hartwig,llambo_warmstart_additive_tpsa_mid_base_tpsa_mid_synergy,27133,98.8492,92.4509,1.1508,1,heldout,
real_buchwald_hartwig,llambo_warmstart_additive_tpsa_mid_base_tpsa_mid_synergy_conservative,27133,98.8492,92.4509,1.1508,1,heldout,
real_buchwald_hartwig,llambo_warmstart_additive_tpsa_mid_base_tpsa_mid_synergy_noprior,27133,98.8492,92.4509,1.1508,1,heldout,
real_buchwald_hartwig,llambo_warmstart_amidine_base_simple_aryl_halide,27133,98.2872,69.42,1.7128,1,heldout,
real_buchwald_hartwig,llambo_warmstart_amidine_base_simple_aryl_halide_conservative,27133,98.2872,69.42,1.7128,1,heldout,
real_buchwald_hartwig,llambo_warmstart_amidine_base_simple_aryl_halide_noprior,27133,98.2872,69.42,1.7128,1,heldout,
real_buchwald_hartwig,llambo_warmstart_conservative_low_semantic_mass,27133,88.4449,88.4449,11.5551,0,heldout,
real_buchwald_hartwig,llambo_warmstart_conservative_low_semantic_mass_conservative,27133,88.4449,88.4449,11.5551,0,heldout,
real_buchwald_hartwig,llambo_warmstart_conservative_low_semantic_mass_noprior,27133,88.4449,88.4449,11.5551,0,heldout,
real_buchwald_hartwig,llambo_warmstart_counter_hypothesis_heteroaromatic_benign,27133,56.135,55.5896,43.865,0,heldout,
real_buchwald_hartwig,llambo_warmstart_counter_hypothesis_heteroaromatic_benign_conservative,27133,56.135,55.5896,43.865,0,heldout,
real_buchwald_hartwig,llambo_warmstart_counter_hypothesis_heteroaromatic_benign_noprior,27133,56.135,55.5896,43.865,0,heldout,
real_buchwald_hartwig,llambo_warmstart_cross_skill_rule_bank,27133,90.9905,81.4167,9.0095,0,heldout,
real_buchwald_hartwig,llambo_warmstart_domain_knowledge_electron_poor_halide,27133,98.1771,93.021,1.8229,1,heldout,
real_buchwald_hartwig,llambo_warmstart_domain_knowledge_electron_poor_halide_conservative,27133,98.1771,93.021,1.8229,1,heldout,
real_buchwald_hartwig,llambo_warmstart_domain_knowledge_electron_poor_halide_noprior,27133,98.1771,93.021,1.8229,1,heldout,
real_buchwald_hartwig,llambo_warmstart_guanidine_base_high_mw_aryl_halide,27133,94.6911,88.336,5.3089,0,heldout,
real_buchwald_hartwig,llambo_warmstart_guanidine_base_high_mw_aryl_halide_conservative,27133,94.6911,88.336,5.3089,0,heldout,
real_buchwald_hartwig,llambo_warmstart_guanidine_base_high_mw_aryl_halide_noprior,27133,94.6911,88.336,5.3089,0,heldout,
real_buchwald_hartwig,llambo_warmstart_high_mw_ligand_low_tpsa_base,27133,90.7313,73.4576,9.2687,0,heldout,
real_buchwald_hartwig,llambo_warmstart_high_mw_ligand_low_tpsa_base_conservative,27133,90.7313,73.4576,9.2687,0,heldout,
real_buchwald_hartwig,llambo_warmstart_high_mw_ligand_low_tpsa_base_noprior,27133,90.7313,73.4576,9.2687,0,heldout,
real_buchwald_hartwig,llambo_warmstart_phosphazene_base_heteroaromatic_halide,27133,81.3576,23.8871,18.6424,0,heldout,
real_buchwald_hartwig,llambo_warmstart_phosphazene_base_heteroaromatic_halide_conservative,27133,81.3576,23.8871,18.6424,0,heldout,
real_buchwald_hartwig,llambo_warmstart_phosphazene_base_heteroaromatic_halide_noprior,27133,81.3576,23.8871,18.6424,0,heldout,
real_buchwald_hartwig,llambo_warmstart_selector,27133,98.1771,93.021,1.8229,1,heldout,llambo_warmstart_domain_knowledge_electron_poor_halide_noprior
real_buchwald_hartwig,llm_calibrated_selector,27133,89.6142,89.6142,10.3858,0,heldout,llm_semantic_amidine_base_simple_aryl_halide_noprior
real_buchwald_hartwig,llm_direct_prior_additive_tpsa_mid_base_tpsa_mid_synergy,27133,77.5468,77.5468,22.4532,0,heldout,
real_buchwald_hartwig,llm_direct_prior_additive_tpsa_mid_base_tpsa_mid_synergy_conservative,27133,77.5468,77.5468,22.4532,0,heldout,
real_buchwald_hartwig,llm_direct_prior_additive_tpsa_mid_base_tpsa_mid_synergy_noprior,27133,77.5468,77.5468,22.4532,0,heldout,
real_buchwald_hartwig,llm_direct_prior_amidine_base_simple_aryl_halide,27133,88.5139,85.0645,11.4861,0,heldout,
real_buchwald_hartwig,llm_direct_prior_amidine_base_simple_aryl_halide_conservative,27133,79.8903,79.8903,20.1097,0,heldout,
real_buchwald_hartwig,llm_direct_prior_amidine_base_simple_aryl_halide_noprior,27133,88.5139,85.0645,11.4861,0,heldout,
real_buchwald_hartwig,llm_direct_prior_conservative_low_semantic_mass,27133,77.5468,77.5468,22.4532,0,heldout,
real_buchwald_hartwig,llm_direct_prior_conservative_low_semantic_mass_conservative,27133,77.5468,77.5468,22.4532,0,heldout,
real_buchwald_hartwig,llm_direct_prior_conservative_low_semantic_mass_noprior,27133,77.5468,77.5468,22.4532,0,heldout,
real_buchwald_hartwig,llm_direct_prior_counter_hypothesis_heteroaromatic_benign,27133,79.8903,78.4842,20.1097,0,heldout,
real_buchwald_hartwig,llm_direct_prior_counter_hypothesis_heteroaromatic_benign_conservative,27133,79.8903,79.1873,20.1097,0,heldout,
real_buchwald_hartwig,llm_direct_prior_counter_hypothesis_heteroaromatic_benign_noprior,27133,79.8903,78.4842,20.1097,0,heldout,
real_buchwald_hartwig,llm_direct_prior_cross_skill_rule_bank,27133,98.2872,85.9313,1.7128,1,heldout,
real_buchwald_hartwig,llm_direct_prior_domain_knowledge_electron_poor_halide,27133,93.4211,92.5611,6.5789,0,heldout,
real_buchwald_hartwig,llm_direct_prior_domain_knowledge_electron_poor_halide_conservative,27133,96.1323,96.1323,3.8677,0,heldout,
real_buchwald_hartwig,llm_direct_prior_domain_knowledge_electron_poor_halide_noprior,27133,93.4211,92.5611,6.5789,0,heldout,
real_buchwald_hartwig,llm_direct_prior_guanidine_base_high_mw_aryl_halide,27133,85.1447,80.4917,14.8553,0,heldout,
real_buchwald_hartwig,llm_direct_prior_guanidine_base_high_mw_aryl_halide_conservative,27133,83.7372,82.4991,16.2628,0,heldout,
real_buchwald_hartwig,llm_direct_prior_guanidine_base_high_mw_aryl_halide_noprior,27133,85.1447,80.4917,14.8553,0,heldout,
real_buchwald_hartwig,llm_direct_prior_high_mw_ligand_low_tpsa_base,27133,90.3173,84.9715,9.6827,0,heldout,
real_buchwald_hartwig,llm_direct_prior_high_mw_ligand_low_tpsa_base_conservative,27133,90.3173,88.5649,9.6827,0,heldout,
real_buchwald_hartwig,llm_direct_prior_high_mw_ligand_low_tpsa_base_noprior,27133,90.3173,84.9715,9.6827,0,heldout,
real_buchwald_hartwig,llm_direct_prior_phosphazene_base_heteroaromatic_halide,27133,77.5468,77.5468,22.4532,0,heldout,
real_buchwald_hartwig,llm_direct_prior_phosphazene_base_heteroaromatic_halide_conservative,27133,77.8299,77.5751,22.1701,0,heldout,
real_buchwald_hartwig,llm_direct_prior_phosphazene_base_heteroaromatic_halide_noprior,27133,77.5468,77.5468,22.4532,0,heldout,
real_buchwald_hartwig,llm_direct_prior_selector,27133,93.4211,92.5611,6.5789,0,heldout,llm_direct_prior_domain_knowledge_electron_poor_halide_noprior
real_buchwald_hartwig,llm_semantic_additive_tpsa_mid_base_tpsa_mid_synergy,27133,77.5468,77.5468,22.4532,0,heldout,
real_buchwald_hartwig,llm_semantic_additive_tpsa_mid_base_tpsa_mid_synergy_conservative,27133,89.6142,82.3738,10.3858,0,heldout,
real_buchwald_hartwig,llm_semantic_additive_tpsa_mid_base_tpsa_mid_synergy_noprior,27133,77.5468,77.5468,22.4532,0,heldout,
real_buchwald_hartwig,llm_semantic_amidine_base_simple_aryl_halide,27133,89.6142,89.6142,10.3858,0,heldout,
real_buchwald_hartwig,llm_semantic_amidine_base_simple_aryl_halide_conservative,27133,96.1323,92.2214,3.8677,0,heldout,
real_buchwald_hartwig,llm_semantic_amidine_base_simple_aryl_halide_noprior,27133,89.6142,89.6142,10.3858,0,heldout,
real_buchwald_hartwig,llm_semantic_conservative_low_semantic_mass,27133,89.6142,83.5805,10.3858,0,heldout,
real_buchwald_hartwig,llm_semantic_conservative_low_semantic_mass_conservative,27133,77.5468,77.5468,22.4532,0,heldout,
real_buchwald_hartwig,llm_semantic_conservative_low_semantic_mass_noprior,27133,77.5468,77.5468,22.4532,0,heldout,
real_buchwald_hartwig,llm_semantic_counter_hypothesis_heteroaromatic_benign,27133,87.2375,82.7786,12.7625,0,heldout,
real_buchwald_hartwig,llm_semantic_counter_hypothesis_heteroaromatic_benign_conservative,27133,92.2093,84.8275,7.7907,0,heldout,
real_buchwald_hartwig,llm_semantic_counter_hypothesis_heteroaromatic_benign_noprior,27133,87.2375,83.498,12.7625,0,heldout,
real_buchwald_hartwig,llm_semantic_cross_skill_rule_bank,27133,96.1323,86.6458,3.8677,0,heldout,
real_buchwald_hartwig,llm_semantic_domain_knowledge_electron_poor_halide,27133,89.6142,86.0293,10.3858,0,heldout,
real_buchwald_hartwig,llm_semantic_domain_knowledge_electron_poor_halide_conservative,27133,94.5498,88.6118,5.4502,0,heldout,
real_buchwald_hartwig,llm_semantic_domain_knowledge_electron_poor_halide_noprior,27133,87.9408,82.7438,12.0592,0,heldout,
real_buchwald_hartwig,llm_semantic_guanidine_base_high_mw_aryl_halide,27133,77.5468,77.5468,22.4532,0,heldout,
real_buchwald_hartwig,llm_semantic_guanidine_base_high_mw_aryl_halide_conservative,27133,77.5468,77.5468,22.4532,0,heldout,
real_buchwald_hartwig,llm_semantic_guanidine_base_high_mw_aryl_halide_noprior,27133,77.5468,77.5468,22.4532,0,heldout,
real_buchwald_hartwig,llm_semantic_high_mw_ligand_low_tpsa_base,27133,96.1323,86.0909,3.8677,0,heldout,
real_buchwald_hartwig,llm_semantic_high_mw_ligand_low_tpsa_base_conservative,27133,96.1323,84.065,3.8677,0,heldout,
real_buchwald_hartwig,llm_semantic_high_mw_ligand_low_tpsa_base_noprior,27133,89.6142,81.167,10.3858,0,heldout,
real_buchwald_hartwig,llm_semantic_phosphazene_base_heteroaromatic_halide,27133,83.0165,78.6407,16.9835,0,heldout,
real_buchwald_hartwig,llm_semantic_phosphazene_base_heteroaromatic_halide_conservative,27133,77.5468,77.5468,22.4532,0,heldout,
real_buchwald_hartwig,llm_semantic_phosphazene_base_heteroaromatic_halide_noprior,27133,88.4043,85.7022,11.5957,0,heldout,
real_buchwald_hartwig,mixed_kernel_gp_ei,27133,89.6142,79.9603,10.3858,0,heldout,
real_buchwald_hartwig,target_acquisition_portfolio,27133,89.6142,79.9603,10.3858,0,heldout,
real_buchwald_hartwig,care_strategy_router,27134,95.6759,79.9056,4.3241,0,heldout,llambo_warmstart_domain_knowledge_electron_poor_halide_noprior
real_buchwald_hartwig,gp_ucb,27134,100.0,96.0661,0.0,1,heldout,
real_buchwald_hartwig,llambo_warmstart_additive_tpsa_mid_base_tpsa_mid_synergy,27134,89.5988,82.49,10.4012,0,heldout,
real_buchwald_hartwig,llambo_warmstart_additive_tpsa_mid_base_tpsa_mid_synergy_conservative,27134,89.5988,82.49,10.4012,0,heldout,
real_buchwald_hartwig,llambo_warmstart_additive_tpsa_mid_base_tpsa_mid_synergy_noprior,27134,89.5988,82.49,10.4012,0,heldout,
real_buchwald_hartwig,llambo_warmstart_amidine_base_simple_aryl_halide,27134,85.8947,84.3324,14.1053,0,heldout,
real_buchwald_hartwig,llambo_warmstart_amidine_base_simple_aryl_halide_conservative,27134,85.8947,84.3324,14.1053,0,heldout,
real_buchwald_hartwig,llambo_warmstart_amidine_base_simple_aryl_halide_noprior,27134,85.8947,84.3324,14.1053,0,heldout,
real_buchwald_hartwig,llambo_warmstart_conservative_low_semantic_mass,27134,88.4449,87.8189,11.5551,0,heldout,
real_buchwald_hartwig,llambo_warmstart_conservative_low_semantic_mass_conservative,27134,88.4449,87.8189,11.5551,0,heldout,
real_buchwald_hartwig,llambo_warmstart_conservative_low_semantic_mass_noprior,27134,88.4449,87.8189,11.5551,0,heldout,
real_buchwald_hartwig,llambo_warmstart_counter_hypothesis_heteroaromatic_benign,27134,83.9394,78.7936,16.0606,0,heldout,
real_buchwald_hartwig,llambo_warmstart_counter_hypothesis_heteroaromatic_benign_conservative,27134,83.9394,78.7936,16.0606,0,heldout,
real_buchwald_hartwig,llambo_warmstart_counter_hypothesis_heteroaromatic_benign_noprior,27134,83.9394,78.7936,16.0606,0,heldout,
real_buchwald_hartwig,llambo_warmstart_cross_skill_rule_bank,27134,98.1771,91.6019,1.8229,1,heldout,
real_buchwald_hartwig,llambo_warmstart_domain_knowledge_electron_poor_halide,27134,95.6759,79.9056,4.3241,0,heldout,
real_buchwald_hartwig,llambo_warmstart_domain_knowledge_electron_poor_halide_conservative,27134,95.6759,79.9056,4.3241,0,heldout,
real_buchwald_hartwig,llambo_warmstart_domain_knowledge_electron_poor_halide_noprior,27134,95.6759,79.9056,4.3241,0,heldout,
real_buchwald_hartwig,llambo_warmstart_guanidine_base_high_mw_aryl_halide,27134,98.7313,87.8246,1.2687,1,heldout,
real_buchwald_hartwig,llambo_warmstart_guanidine_base_high_mw_aryl_halide_conservative,27134,98.7313,87.8246,1.2687,1,heldout,
real_buchwald_hartwig,llambo_warmstart_guanidine_base_high_mw_aryl_halide_noprior,27134,98.7313,87.8246,1.2687,1,heldout,
real_buchwald_hartwig,llambo_warmstart_high_mw_ligand_low_tpsa_base,27134,98.8492,95.7652,1.1508,1,heldout,
real_buchwald_hartwig,llambo_warmstart_high_mw_ligand_low_tpsa_base_conservative,27134,98.8492,95.7652,1.1508,1,heldout,
real_buchwald_hartwig,llambo_warmstart_high_mw_ligand_low_tpsa_base_noprior,27134,98.8492,95.7652,1.1508,1,heldout,
real_buchwald_hartwig,llambo_warmstart_phosphazene_base_heteroaromatic_halide,27134,86.7862,80.9863,13.2138,0,heldout,
real_buchwald_hartwig,llambo_warmstart_phosphazene_base_heteroaromatic_halide_conservative,27134,86.7862,80.9863,13.2138,0,heldout,
real_buchwald_hartwig,llambo_warmstart_phosphazene_base_heteroaromatic_halide_noprior,27134,86.7862,80.9863,13.2138,0,heldout,
real_buchwald_hartwig,llambo_warmstart_selector,27134,95.6759,79.9056,4.3241,0,heldout,llambo_warmstart_domain_knowledge_electron_poor_halide_noprior
real_buchwald_hartwig,llm_calibrated_selector,27134,96.1323,88.126,3.8677,0,heldout,llm_semantic_amidine_base_simple_aryl_halide_noprior
real_buchwald_hartwig,llm_direct_prior_additive_tpsa_mid_base_tpsa_mid_synergy,27134,79.0762,74.6162,20.9238,0,heldout,
real_buchwald_hartwig,llm_direct_prior_additive_tpsa_mid_base_tpsa_mid_synergy_conservative,27134,91.3733,80.4325,8.6267,0,heldout,
real_buchwald_hartwig,llm_direct_prior_additive_tpsa_mid_base_tpsa_mid_synergy_noprior,27134,79.0762,74.6162,20.9238,0,heldout,
real_buchwald_hartwig,llm_direct_prior_amidine_base_simple_aryl_halide,27134,83.0965,79.1875,16.9035,0,heldout,
real_buchwald_hartwig,llm_direct_prior_amidine_base_simple_aryl_halide_conservative,27134,100.0,81.5244,0.0,1,heldout,
real_buchwald_hartwig,llm_direct_prior_amidine_base_simple_aryl_halide_noprior,27134,83.0965,79.1875,16.9035,0,heldout,
real_buchwald_hartwig,llm_direct_prior_conservative_low_semantic_mass,27134,97.5685,85.9909,2.4315,1,heldout,
real_buchwald_hartwig,llm_direct_prior_conservative_low_semantic_mass_conservative,27134,97.5685,85.9909,2.4315,1,heldout,
real_buchwald_hartwig,llm_direct_prior_conservative_low_semantic_mass_noprior,27134,97.5685,85.9909,2.4315,1,heldout,
real_buchwald_hartwig,llm_direct_prior_counter_hypothesis_heteroaromatic_benign,27134,79.8724,77.8523,20.1276,0,heldout,
real_buchwald_hartwig,llm_direct_prior_counter_hypothesis_heteroaromatic_benign_conservative,27134,81.5694,78.8651,18.4306,0,heldout,
real_buchwald_hartwig,llm_direct_prior_counter_hypothesis_heteroaromatic_benign_noprior,27134,79.8724,77.8523,20.1276,0,heldout,
real_buchwald_hartwig,llm_direct_prior_cross_skill_rule_bank,27134,99.6191,89.9819,0.3809,1,heldout,
real_buchwald_hartwig,llm_direct_prior_domain_knowledge_electron_poor_halide,27134,97.5685,97.5685,2.4315,1,heldout,
real_buchwald_hartwig,llm_direct_prior_domain_knowledge_electron_poor_halide_conservative,27134,97.5685,97.5685,2.4315,1,heldout,
real_buchwald_hartwig,llm_direct_prior_domain_knowledge_electron_poor_halide_noprior,27134,97.5685,97.5685,2.4315,1,heldout,
real_buchwald_hartwig,llm_direct_prior_guanidine_base_high_mw_aryl_halide,27134,90.2279,82.5573,9.7721,0,heldout,
real_buchwald_hartwig,llm_direct_prior_guanidine_base_high_mw_aryl_halide_conservative,27134,97.5685,92.6825,2.4315,1,heldout,
real_buchwald_hartwig,llm_direct_prior_guanidine_base_high_mw_aryl_halide_noprior,27134,90.2279,82.5573,9.7721,0,heldout,
real_buchwald_hartwig,llm_direct_prior_high_mw_ligand_low_tpsa_base,27134,99.0345,90.0659,0.9655,1,heldout,
real_buchwald_hartwig,llm_direct_prior_high_mw_ligand_low_tpsa_base_conservative,27134,90.3173,89.1942,9.6827,0,heldout,
real_buchwald_hartwig,llm_direct_prior_high_mw_ligand_low_tpsa_base_noprior,27134,99.0345,90.0659,0.9655,1,heldout,
real_buchwald_hartwig,llm_direct_prior_phosphazene_base_heteroaromatic_halide,27134,94.2969,84.9565,5.7031,0,heldout,
real_buchwald_hartwig,llm_direct_prior_phosphazene_base_heteroaromatic_halide_conservative,27134,91.3733,87.7264,8.6267,0,heldout,
real_buchwald_hartwig,llm_direct_prior_phosphazene_base_heteroaromatic_halide_noprior,27134,94.2969,84.9565,5.7031,0,heldout,
real_buchwald_hartwig,llm_direct_prior_selector,27134,97.5685,97.5685,2.4315,1,heldout,llm_direct_prior_domain_knowledge_electron_poor_halide_noprior
real_buchwald_hartwig,llm_semantic_additive_tpsa_mid_base_tpsa_mid_synergy,27134,76.31,74.3441,23.69,0,heldout,
real_buchwald_hartwig,llm_semantic_additive_tpsa_mid_base_tpsa_mid_synergy_conservative,27134,87.9408,78.4294,12.0592,0,heldout,
real_buchwald_hartwig,llm_semantic_additive_tpsa_mid_base_tpsa_mid_synergy_noprior,27134,80.9063,76.2457,19.0937,0,heldout,
real_buchwald_hartwig,llm_semantic_amidine_base_simple_aryl_halide,27134,96.1323,87.6328,3.8677,0,heldout,
real_buchwald_hartwig,llm_semantic_amidine_base_simple_aryl_halide_conservative,27134,87.9408,85.3342,12.0592,0,heldout,
real_buchwald_hartwig,llm_semantic_amidine_base_simple_aryl_halide_noprior,27134,96.1323,88.126,3.8677,0,heldout,
real_buchwald_hartwig,llm_semantic_conservative_low_semantic_mass,27134,94.2969,89.4805,5.7031,0,heldout,
real_buchwald_hartwig,llm_semantic_conservative_low_semantic_mass_conservative,27134,94.2969,85.2225,5.7031,0,heldout,
real_buchwald_hartwig,llm_semantic_conservative_low_semantic_mass_noprior,27134,94.2969,85.2225,5.7031,0,heldout,
real_buchwald_hartwig,llm_semantic_counter_hypothesis_heteroaromatic_benign,27134,97.5685,86.4762,2.4315,1,heldout,
real_buchwald_hartwig,llm_semantic_counter_hypothesis_heteroaromatic_benign_conservative,27134,97.5685,85.3362,2.4315,1,heldout,
real_buchwald_hartwig,llm_semantic_counter_hypothesis_heteroaromatic_benign_noprior,27134,97.5685,85.3362,2.4315,1,heldout,
real_buchwald_hartwig,llm_semantic_cross_skill_rule_bank,27134,92.1197,86.9137,7.8803,0,heldout,
real_buchwald_hartwig,llm_semantic_domain_knowledge_electron_poor_halide,27134,93.5641,88.5924,6.4359,0,heldout,
real_buchwald_hartwig,llm_semantic_domain_knowledge_electron_poor_halide_conservative,27134,92.1197,88.9315,7.8803,0,heldout,
real_buchwald_hartwig,llm_semantic_domain_knowledge_electron_poor_halide_noprior,27134,89.6142,88.1859,10.3858,0,heldout,
real_buchwald_hartwig,llm_semantic_guanidine_base_high_mw_aryl_halide,27134,88.4464,83.4585,11.5536,0,heldout,
real_buchwald_hartwig,llm_semantic_guanidine_base_high_mw_aryl_halide_conservative,27134,96.1323,84.8443,3.8677,0,heldout,
real_buchwald_hartwig,llm_semantic_guanidine_base_high_mw_aryl_halide_noprior,27134,88.4464,84.6033,11.5536,0,heldout,
real_buchwald_hartwig,llm_semantic_high_mw_ligand_low_tpsa_base,27134,89.6142,88.2548,10.3858,0,heldout,
real_buchwald_hartwig,llm_semantic_high_mw_ligand_low_tpsa_base_conservative,27134,100.0,94.6277,0.0,1,heldout,
real_buchwald_hartwig,llm_semantic_high_mw_ligand_low_tpsa_base_noprior,27134,100.0,94.6277,0.0,1,heldout,
real_buchwald_hartwig,llm_semantic_phosphazene_base_heteroaromatic_halide,27134,85.2207,76.3787,14.7793,0,heldout,
real_buchwald_hartwig,llm_semantic_phosphazene_base_heteroaromatic_halide_conservative,27134,92.1197,88.3235,7.8803,0,heldout,
real_buchwald_hartwig,llm_semantic_phosphazene_base_heteroaromatic_halide_noprior,27134,92.1197,88.3235,7.8803,0,heldout,
real_buchwald_hartwig,mixed_kernel_gp_ei,27134,99.6191,99.1958,0.3809,1,heldout,
real_buchwald_hartwig,target_acquisition_portfolio,27134,99.6191,99.1958,0.3809,1,heldout,
real_buchwald_hartwig,care_strategy_router,27135,100.0,97.1933,0.0,1,heldout,llambo_warmstart_domain_knowledge_electron_poor_halide_noprior
real_buchwald_hartwig,gp_ucb,27135,92.8977,87.5794,7.1023,0,heldout,
real_buchwald_hartwig,llambo_warmstart_additive_tpsa_mid_base_tpsa_mid_synergy,27135,100.0,82.2308,0.0,1,heldout,
real_buchwald_hartwig,llambo_warmstart_additive_tpsa_mid_base_tpsa_mid_synergy_conservative,27135,100.0,82.2308,0.0,1,heldout,
real_buchwald_hartwig,llambo_warmstart_additive_tpsa_mid_base_tpsa_mid_synergy_noprior,27135,100.0,82.2308,0.0,1,heldout,
real_buchwald_hartwig,llambo_warmstart_amidine_base_simple_aryl_halide,27135,81.5694,81.5694,18.4306,0,heldout,
real_buchwald_hartwig,llambo_warmstart_amidine_base_simple_aryl_halide_conservative,27135,81.5694,81.5694,18.4306,0,heldout,
real_buchwald_hartwig,llambo_warmstart_amidine_base_simple_aryl_halide_noprior,27135,81.5694,81.5694,18.4306,0,heldout,
real_buchwald_hartwig,llambo_warmstart_conservative_low_semantic_mass,27135,93.5641,84.7971,6.4359,0,heldout,
real_buchwald_hartwig,llambo_warmstart_conservative_low_semantic_mass_conservative,27135,93.5641,84.7971,6.4359,0,heldout,
real_buchwald_hartwig,llambo_warmstart_conservative_low_semantic_mass_noprior,27135,93.5641,84.7971,6.4359,0,heldout,
real_buchwald_hartwig,llambo_warmstart_counter_hypothesis_heteroaromatic_benign,27135,94.1517,85.6767,5.8483,0,heldout,
real_buchwald_hartwig,llambo_warmstart_counter_hypothesis_heteroaromatic_benign_conservative,27135,94.1517,85.6767,5.8483,0,heldout,
real_buchwald_hartwig,llambo_warmstart_counter_hypothesis_heteroaromatic_benign_noprior,27135,94.1517,85.6767,5.8483,0,heldout,
real_buchwald_hartwig,llambo_warmstart_cross_skill_rule_bank,27135,98.2872,88.2718,1.7128,1,heldout,
real_buchwald_hartwig,llambo_warmstart_domain_knowledge_electron_poor_halide,27135,100.0,97.1933,0.0,1,heldout,
real_buchwald_hartwig,llambo_warmstart_domain_knowledge_electron_poor_halide_conservative,27135,100.0,97.1933,0.0,1,heldout,
real_buchwald_hartwig,llambo_warmstart_domain_knowledge_electron_poor_halide_noprior,27135,100.0,97.1933,0.0,1,heldout,
real_buchwald_hartwig,llambo_warmstart_guanidine_base_high_mw_aryl_halide,27135,85.4018,83.1646,14.5982,0,heldout,
real_buchwald_hartwig,llambo_warmstart_guanidine_base_high_mw_aryl_halide_conservative,27135,85.4018,83.1646,14.5982,0,heldout,
real_buchwald_hartwig,llambo_warmstart_guanidine_base_high_mw_aryl_halide_noprior,27135,85.4018,83.1646,14.5982,0,heldout,
real_buchwald_hartwig,llambo_warmstart_high_mw_ligand_low_tpsa_base,27135,95.0702,95.0702,4.9298,0,heldout,
real_buchwald_hartwig,llambo_warmstart_high_mw_ligand_low_tpsa_base_conservative,27135,95.0702,95.0702,4.9298,0,heldout,
real_buchwald_hartwig,llambo_warmstart_high_mw_ligand_low_tpsa_base_noprior,27135,95.0702,95.0702,4.9298,0,heldout,
real_buchwald_hartwig,llambo_warmstart_phosphazene_base_heteroaromatic_halide,27135,92.9142,88.9305,7.0858,0,heldout,
real_buchwald_hartwig,llambo_warmstart_phosphazene_base_heteroaromatic_halide_conservative,27135,92.9142,88.9305,7.0858,0,heldout,
real_buchwald_hartwig,llambo_warmstart_phosphazene_base_heteroaromatic_halide_noprior,27135,92.9142,88.9305,7.0858,0,heldout,
real_buchwald_hartwig,llambo_warmstart_selector,27135,100.0,97.1933,0.0,1,heldout,llambo_warmstart_domain_knowledge_electron_poor_halide_noprior
real_buchwald_hartwig,llm_calibrated_selector,27135,98.2872,92.4575,1.7128,1,heldout,llm_semantic_amidine_base_simple_aryl_halide_noprior
real_buchwald_hartwig,llm_direct_prior_additive_tpsa_mid_base_tpsa_mid_synergy,27135,75.9543,75.9543,24.0457,0,heldout,
real_buchwald_hartwig,llm_direct_prior_additive_tpsa_mid_base_tpsa_mid_synergy_conservative,27135,79.0762,57.6773,20.9238,0,heldout,
real_buchwald_hartwig,llm_direct_prior_additive_tpsa_mid_base_tpsa_mid_synergy_noprior,27135,75.9543,75.9543,24.0457,0,heldout,
real_buchwald_hartwig,llm_direct_prior_amidine_base_simple_aryl_halide,27135,93.0289,61.1311,6.9711,0,heldout,
real_buchwald_hartwig,llm_direct_prior_amidine_base_simple_aryl_halide_conservative,27135,55.5659,50.3706,44.4341,0,heldout,
real_buchwald_hartwig,llm_direct_prior_amidine_base_simple_aryl_halide_noprior,27135,93.0289,61.1311,6.9711,0,heldout,
real_buchwald_hartwig,llm_direct_prior_conservative_low_semantic_mass,27135,85.6592,80.5758,14.3408,0,heldout,
real_buchwald_hartwig,llm_direct_prior_conservative_low_semantic_mass_conservative,27135,85.6592,80.5758,14.3408,0,heldout,
real_buchwald_hartwig,llm_direct_prior_conservative_low_semantic_mass_noprior,27135,85.6592,80.5758,14.3408,0,heldout,
real_buchwald_hartwig,llm_direct_prior_counter_hypothesis_heteroaromatic_benign,27135,93.0289,60.403,6.9711,0,heldout,
real_buchwald_hartwig,llm_direct_prior_counter_hypothesis_heteroaromatic_benign_conservative,27135,93.0289,60.585,6.9711,0,heldout,
real_buchwald_hartwig,llm_direct_prior_counter_hypothesis_heteroaromatic_benign_noprior,27135,93.0289,60.403,6.9711,0,heldout,
real_buchwald_hartwig,llm_direct_prior_cross_skill_rule_bank,27135,93.4211,87.5664,6.5789,0,heldout,
real_buchwald_hartwig,llm_direct_prior_domain_knowledge_electron_poor_halide,27135,85.6592,73.4454,14.3408,0,heldout,
real_buchwald_hartwig,llm_direct_prior_domain_knowledge_electron_poor_halide_conservative,27135,93.4211,81.3198,6.5789,0,heldout,
real_buchwald_hartwig,llm_direct_prior_domain_knowledge_electron_poor_halide_noprior,27135,85.6592,73.4454,14.3408,0,heldout,
real_buchwald_hartwig,llm_direct_prior_guanidine_base_high_mw_aryl_halide,27135,68.6732,60.8698,31.3268,0,heldout,
real_buchwald_hartwig,llm_direct_prior_guanidine_base_high_mw_aryl_halide_conservative,27135,86.0034,72.8477,13.9966,0,heldout,
real_buchwald_hartwig,llm_direct_prior_guanidine_base_high_mw_aryl_halide_noprior,27135,68.6732,60.8698,31.3268,0,heldout,
real_buchwald_hartwig,llm_direct_prior_high_mw_ligand_low_tpsa_base,27135,92.3912,87.1235,7.6088,0,heldout,
real_buchwald_hartwig,llm_direct_prior_high_mw_ligand_low_tpsa_base_conservative,27135,93.5878,89.9499,6.4122,0,heldout,
real_buchwald_hartwig,llm_direct_prior_high_mw_ligand_low_tpsa_base_noprior,27135,92.3912,87.1235,7.6088,0,heldout,
real_buchwald_hartwig,llm_direct_prior_phosphazene_base_heteroaromatic_halide,27135,76.7953,76.2907,23.2047,0,heldout,
real_buchwald_hartwig,llm_direct_prior_phosphazene_base_heteroaromatic_halide_conservative,27135,75.9543,75.9543,24.0457,0,heldout,
real_buchwald_hartwig,llm_direct_prior_phosphazene_base_heteroaromatic_halide_noprior,27135,76.7953,76.2907,23.2047,0,heldout,
real_buchwald_hartwig,llm_direct_prior_selector,27135,85.6592,73.4454,14.3408,0,heldout,llm_direct_prior_domain_knowledge_electron_poor_halide_noprior
real_buchwald_hartwig,llm_semantic_additive_tpsa_mid_base_tpsa_mid_synergy,27135,74.6234,46.9748,25.3766,0,heldout,
real_buchwald_hartwig,llm_semantic_additive_tpsa_mid_base_tpsa_mid_synergy_conservative,27135,83.4092,67.3036,16.5908,0,heldout,
real_buchwald_hartwig,llm_semantic_additive_tpsa_mid_base_tpsa_mid_synergy_noprior,27135,79.3465,51.9742,20.6535,0,heldout,
real_buchwald_hartwig,llm_semantic_amidine_base_simple_aryl_halide,27135,98.2872,91.1986,1.7128,1,heldout,
real_buchwald_hartwig,llm_semantic_amidine_base_simple_aryl_halide_conservative,27135,93.3108,80.5384,6.6892,0,heldout,
real_buchwald_hartwig,llm_semantic_amidine_base_simple_aryl_halide_noprior,27135,98.2872,92.4575,1.7128,1,heldout,
real_buchwald_hartwig,llm_semantic_conservative_low_semantic_mass,27135,93.0326,85.2098,6.9674,0,heldout,
real_buchwald_hartwig,llm_semantic_conservative_low_semantic_mass_conservative,27135,91.5286,84.7036,8.4714,0,heldout,
real_buchwald_hartwig,llm_semantic_conservative_low_semantic_mass_noprior,27135,91.5286,84.7036,8.4714,0,heldout,
real_buchwald_hartwig,llm_semantic_counter_hypothesis_heteroaromatic_benign,27135,98.2872,73.634,1.7128,1,heldout,
real_buchwald_hartwig,llm_semantic_counter_hypothesis_heteroaromatic_benign_conservative,27135,98.2872,81.3047,1.7128,1,heldout,
real_buchwald_hartwig,llm_semantic_counter_hypothesis_heteroaromatic_benign_noprior,27135,98.2872,82.2644,1.7128,1,heldout,
real_buchwald_hartwig,llm_semantic_cross_skill_rule_bank,27135,93.4211,89.0119,6.5789,0,heldout,
real_buchwald_hartwig,llm_semantic_domain_knowledge_electron_poor_halide,27135,83.4092,73.1027,16.5908,0,heldout,
real_buchwald_hartwig,llm_semantic_domain_knowledge_electron_poor_halide_conservative,27135,83.4092,74.4123,16.5908,0,heldout,
real_buchwald_hartwig,llm_semantic_domain_knowledge_electron_poor_halide_noprior,27135,83.4092,76.019,16.5908,0,heldout,
real_buchwald_hartwig,llm_semantic_guanidine_base_high_mw_aryl_halide,27135,93.0289,61.8885,6.9711,0,heldout,
real_buchwald_hartwig,llm_semantic_guanidine_base_high_mw_aryl_halide_conservative,27135,93.0289,78.0437,6.9711,0,heldout,
real_buchwald_hartwig,llm_semantic_guanidine_base_high_mw_aryl_halide_noprior,27135,83.4092,67.8476,16.5908,0,heldout,
real_buchwald_hartwig,llm_semantic_high_mw_ligand_low_tpsa_base,27135,93.0289,64.5252,6.9711,0,heldout,
real_buchwald_hartwig,llm_semantic_high_mw_ligand_low_tpsa_base_conservative,27135,93.0289,74.319,6.9711,0,heldout,
real_buchwald_hartwig,llm_semantic_high_mw_ligand_low_tpsa_base_noprior,27135,98.2872,80.3775,1.7128,1,heldout,
real_buchwald_hartwig,llm_semantic_phosphazene_base_heteroaromatic_halide,27135,85.2207,84.8117,14.7793,0,heldout,
real_buchwald_hartwig,llm_semantic_phosphazene_base_heteroaromatic_halide_conservative,27135,92.659,86.7084,7.341,0,heldout,
real_buchwald_hartwig,llm_semantic_phosphazene_base_heteroaromatic_halide_noprior,27135,85.2207,85.2207,14.7793,0,heldout,
real_buchwald_hartwig,mixed_kernel_gp_ei,27135,96.5912,90.1783,3.4088,0,heldout,
real_buchwald_hartwig,target_acquisition_portfolio,27135,93.3108,87.6207,6.6892,0,heldout,
real_buchwald_hartwig,care_strategy_router,27136,93.0995,90.5364,6.9005,0,heldout,llambo_warmstart_domain_knowledge_electron_poor_halide_noprior
real_buchwald_hartwig,gp_ucb,27136,93.8745,76.4208,6.1255,0,heldout,
real_buchwald_hartwig,llambo_warmstart_additive_tpsa_mid_base_tpsa_mid_synergy,27136,95.6759,88.6133,4.3241,0,heldout,
real_buchwald_hartwig,llambo_warmstart_additive_tpsa_mid_base_tpsa_mid_synergy_conservative,27136,95.6759,88.6133,4.3241,0,heldout,
real_buchwald_hartwig,llambo_warmstart_additive_tpsa_mid_base_tpsa_mid_synergy_noprior,27136,95.6759,88.6133,4.3241,0,heldout,
real_buchwald_hartwig,llambo_warmstart_amidine_base_simple_aryl_halide,27136,97.948,74.59,2.052,1,heldout,
real_buchwald_hartwig,llambo_warmstart_amidine_base_simple_aryl_halide_conservative,27136,97.948,74.59,2.052,1,heldout,
real_buchwald_hartwig,llambo_warmstart_amidine_base_simple_aryl_halide_noprior,27136,97.948,74.59,2.052,1,heldout,
real_buchwald_hartwig,llambo_warmstart_conservative_low_semantic_mass,27136,89.4195,89.3011,10.5805,0,heldout,
real_buchwald_hartwig,llambo_warmstart_conservative_low_semantic_mass_conservative,27136,89.4195,89.3011,10.5805,0,heldout,
real_buchwald_hartwig,llambo_warmstart_conservative_low_semantic_mass_noprior,27136,89.4195,89.3011,10.5805,0,heldout,
real_buchwald_hartwig,llambo_warmstart_counter_hypothesis_heteroaromatic_benign,27136,89.4195,80.4065,10.5805,0,heldout,
real_buchwald_hartwig,llambo_warmstart_counter_hypothesis_heteroaromatic_benign_conservative,27136,89.4195,80.4065,10.5805,0,heldout,
real_buchwald_hartwig,llambo_warmstart_counter_hypothesis_heteroaromatic_benign_noprior,27136,89.4195,80.4065,10.5805,0,heldout,
real_buchwald_hartwig,llambo_warmstart_cross_skill_rule_bank,27136,86.1982,76.024,13.8018,0,heldout,
real_buchwald_hartwig,llambo_warmstart_domain_knowledge_electron_poor_halide,27136,93.0995,90.5364,6.9005,0,heldout,
real_buchwald_hartwig,llambo_warmstart_domain_knowledge_electron_poor_halide_conservative,27136,93.0995,90.5364,6.9005,0,heldout,
real_buchwald_hartwig,llambo_warmstart_domain_knowledge_electron_poor_halide_noprior,27136,93.0995,90.5364,6.9005,0,heldout,
real_buchwald_hartwig,llambo_warmstart_guanidine_base_high_mw_aryl_halide,27136,95.7526,94.9043,4.2474,0,heldout,
real_buchwald_hartwig,llambo_warmstart_guanidine_base_high_mw_aryl_halide_conservative,27136,95.7526,94.9043,4.2474,0,heldout,
real_buchwald_hartwig,llambo_warmstart_guanidine_base_high_mw_aryl_halide_noprior,27136,95.7526,94.9043,4.2474,0,heldout,
real_buchwald_hartwig,llambo_warmstart_high_mw_ligand_low_tpsa_base,27136,90.3714,90.2566,9.6286,0,heldout,
real_buchwald_hartwig,llambo_warmstart_high_mw_ligand_low_tpsa_base_conservative,27136,90.3714,90.2566,9.6286,0,heldout,
real_buchwald_hartwig,llambo_warmstart_high_mw_ligand_low_tpsa_base_noprior,27136,90.3714,90.2566,9.6286,0,heldout,
real_buchwald_hartwig,llambo_warmstart_phosphazene_base_heteroaromatic_halide,27136,85.1332,81.6851,14.8668,0,heldout,
real_buchwald_hartwig,llambo_warmstart_phosphazene_base_heteroaromatic_halide_conservative,27136,85.1332,81.6851,14.8668,0,heldout,
real_buchwald_hartwig,llambo_warmstart_phosphazene_base_heteroaromatic_halide_noprior,27136,85.1332,81.6851,14.8668,0,heldout,
real_buchwald_hartwig,llambo_warmstart_selector,27136,93.0995,90.5364,6.9005,0,heldout,llambo_warmstart_domain_knowledge_electron_poor_halide_noprior
real_buchwald_hartwig,llm_calibrated_selector,27136,98.2872,84.1323,1.7128,1,heldout,llm_semantic_amidine_base_simple_aryl_halide_noprior
real_buchwald_hartwig,llm_direct_prior_additive_tpsa_mid_base_tpsa_mid_synergy,27136,78.7679,65.6785,21.2321,0,heldout,
real_buchwald_hartwig,llm_direct_prior_additive_tpsa_mid_base_tpsa_mid_synergy_conservative,27136,74.0474,69.8215,25.9526,0,heldout,
real_buchwald_hartwig,llm_direct_prior_additive_tpsa_mid_base_tpsa_mid_synergy_noprior,27136,78.7679,65.6785,21.2321,0,heldout,
real_buchwald_hartwig,llm_direct_prior_amidine_base_simple_aryl_halide,27136,92.256,69.0863,7.744,0,heldout,
real_buchwald_hartwig,llm_direct_prior_amidine_base_simple_aryl_halide_conservative,27136,93.0289,74.8293,6.9711,0,heldout,
real_buchwald_hartwig,llm_direct_prior_amidine_base_simple_aryl_halide_noprior,27136,92.256,69.0863,7.744,0,heldout,
real_buchwald_hartwig,llm_direct_prior_conservative_low_semantic_mass,27136,93.3108,84.5244,6.6892,0,heldout,
real_buchwald_hartwig,llm_direct_prior_conservative_low_semantic_mass_conservative,27136,93.3108,84.5244,6.6892,0,heldout,
real_buchwald_hartwig,llm_direct_prior_conservative_low_semantic_mass_noprior,27136,93.3108,84.5244,6.6892,0,heldout,
real_buchwald_hartwig,llm_direct_prior_counter_hypothesis_heteroaromatic_benign,27136,79.8724,79.1612,20.1276,0,heldout,
real_buchwald_hartwig,llm_direct_prior_counter_hypothesis_heteroaromatic_benign_conservative,27136,82.3289,79.4924,17.6711,0,heldout,
real_buchwald_hartwig,llm_direct_prior_counter_hypothesis_heteroaromatic_benign_noprior,27136,79.8724,79.1612,20.1276,0,heldout,
real_buchwald_hartwig,llm_direct_prior_cross_skill_rule_bank,27136,97.5685,91.9657,2.4315,1,heldout,
real_buchwald_hartwig,llm_direct_prior_domain_knowledge_electron_poor_halide,27136,93.4211,91.9043,6.5789,0,heldout,
real_buchwald_hartwig,llm_direct_prior_domain_knowledge_electron_poor_halide_conservative,27136,93.0289,88.9279,6.9711,0,heldout,
real_buchwald_hartwig,llm_direct_prior_domain_knowledge_electron_poor_halide_noprior,27136,93.4211,91.9043,6.5789,0,heldout,
real_buchwald_hartwig,llm_direct_prior_guanidine_base_high_mw_aryl_halide,27136,90.2279,85.9868,9.7721,0,heldout,
real_buchwald_hartwig,llm_direct_prior_guanidine_base_high_mw_aryl_halide_conservative,27136,82.3289,80.0579,17.6711,0,heldout,
real_buchwald_hartwig,llm_direct_prior_guanidine_base_high_mw_aryl_halide_noprior,27136,90.2279,85.9868,9.7721,0,heldout,
real_buchwald_hartwig,llm_direct_prior_high_mw_ligand_low_tpsa_base,27136,92.1307,49.5857,7.8693,0,heldout,
real_buchwald_hartwig,llm_direct_prior_high_mw_ligand_low_tpsa_base_conservative,27136,83.0547,73.0832,16.9453,0,heldout,
real_buchwald_hartwig,llm_direct_prior_high_mw_ligand_low_tpsa_base_noprior,27136,92.1307,49.5857,7.8693,0,heldout,
real_buchwald_hartwig,llm_direct_prior_phosphazene_base_heteroaromatic_halide,27136,75.9543,74.8167,24.0457,0,heldout,
real_buchwald_hartwig,llm_direct_prior_phosphazene_base_heteroaromatic_halide_conservative,27136,75.9543,74.8167,24.0457,0,heldout,
real_buchwald_hartwig,llm_direct_prior_phosphazene_base_heteroaromatic_halide_noprior,27136,75.9543,74.8167,24.0457,0,heldout,
real_buchwald_hartwig,llm_direct_prior_selector,27136,93.4211,91.9043,6.5789,0,heldout,llm_direct_prior_domain_knowledge_electron_poor_halide_noprior
real_buchwald_hartwig,llm_semantic_additive_tpsa_mid_base_tpsa_mid_synergy,27136,74.0474,60.5999,25.9526,0,heldout,
real_buchwald_hartwig,llm_semantic_additive_tpsa_mid_base_tpsa_mid_synergy_conservative,27136,68.765,68.765,31.235,0,heldout,
real_buchwald_hartwig,llm_semantic_additive_tpsa_mid_base_tpsa_mid_synergy_noprior,27136,62.4656,48.3021,37.5344,0,heldout,
real_buchwald_hartwig,llm_semantic_amidine_base_simple_aryl_halide,27136,88.1675,80.0476,11.8325,0,heldout,
real_buchwald_hartwig,llm_semantic_amidine_base_simple_aryl_halide_conservative,27136,86.9711,82.1125,13.0289,0,heldout,
real_buchwald_hartwig,llm_semantic_amidine_base_simple_aryl_halide_noprior,27136,98.2872,84.1323,1.7128,1,heldout,
real_buchwald_hartwig,llm_semantic_conservative_low_semantic_mass,27136,72.7059,66.3901,27.2941,0,heldout,
real_buchwald_hartwig,llm_semantic_conservative_low_semantic_mass_conservative,27136,72.7059,66.3901,27.2941,0,heldout,
real_buchwald_hartwig,llm_semantic_conservative_low_semantic_mass_noprior,27136,72.7059,66.3901,27.2941,0,heldout,
real_buchwald_hartwig,llm_semantic_counter_hypothesis_heteroaromatic_benign,27136,97.5685,76.847,2.4315,1,heldout,
real_buchwald_hartwig,llm_semantic_counter_hypothesis_heteroaromatic_benign_conservative,27136,74.0097,73.4852,25.9903,0,heldout,
real_buchwald_hartwig,llm_semantic_counter_hypothesis_heteroaromatic_benign_noprior,27136,74.0097,74.0097,25.9903,0,heldout,
real_buchwald_hartwig,llm_semantic_cross_skill_rule_bank,27136,62.4656,52.7778,37.5344,0,heldout,
real_buchwald_hartwig,llm_semantic_domain_knowledge_electron_poor_halide,27136,71.1508,61.2743,28.8492,0,heldout,
real_buchwald_hartwig,llm_semantic_domain_knowledge_electron_poor_halide_conservative,27136,92.1307,58.0198,7.8693,0,heldout,
real_buchwald_hartwig,llm_semantic_domain_knowledge_electron_poor_halide_noprior,27136,83.0165,70.1981,16.9835,0,heldout,
real_buchwald_hartwig,llm_semantic_guanidine_base_high_mw_aryl_halide,27136,86.0034,70.3563,13.9966,0,heldout,
real_buchwald_hartwig,llm_semantic_guanidine_base_high_mw_aryl_halide_conservative,27136,62.4656,55.9672,37.5344,0,heldout,
real_buchwald_hartwig,llm_semantic_guanidine_base_high_mw_aryl_halide_noprior,27136,84.8146,59.8625,15.1854,0,heldout,
real_buchwald_hartwig,llm_semantic_high_mw_ligand_low_tpsa_base,27136,93.0289,67.6891,6.9711,0,heldout,
real_buchwald_hartwig,llm_semantic_high_mw_ligand_low_tpsa_base_conservative,27136,93.8745,70.8466,6.1255,0,heldout,
real_buchwald_hartwig,llm_semantic_high_mw_ligand_low_tpsa_base_noprior,27136,93.8745,72.7138,6.1255,0,heldout,
real_buchwald_hartwig,llm_semantic_phosphazene_base_heteroaromatic_halide,27136,93.0289,66.0597,6.9711,0,heldout,
real_buchwald_hartwig,llm_semantic_phosphazene_base_heteroaromatic_halide_conservative,27136,74.0474,70.6287,25.9526,0,heldout,
real_buchwald_hartwig,llm_semantic_phosphazene_base_heteroaromatic_halide_noprior,27136,93.0289,79.8537,6.9711,0,heldout,
real_buchwald_hartwig,mixed_kernel_gp_ei,27136,85.9947,73.6478,14.0053,0,heldout,
real_buchwald_hartwig,target_acquisition_portfolio,27136,93.8745,74.5814,6.1255,0,heldout,
real_buchwald_hartwig,care_strategy_router,27137,99.6191,97.3152,0.3809,1,heldout,llambo_warmstart_domain_knowledge_electron_poor_halide_noprior
real_buchwald_hartwig,gp_ucb,27137,96.1323,96.1323,3.8677,0,heldout,
real_buchwald_hartwig,llambo_warmstart_additive_tpsa_mid_base_tpsa_mid_synergy,27137,68.765,68.765,31.235,0,heldout,
real_buchwald_hartwig,llambo_warmstart_additive_tpsa_mid_base_tpsa_mid_synergy_conservative,27137,68.765,68.765,31.235,0,heldout,
real_buchwald_hartwig,llambo_warmstart_additive_tpsa_mid_base_tpsa_mid_synergy_noprior,27137,68.765,68.765,31.235,0,heldout,
real_buchwald_hartwig,llambo_warmstart_amidine_base_simple_aryl_halide,27137,81.5694,80.3815,18.4306,0,heldout,
real_buchwald_hartwig,llambo_warmstart_amidine_base_simple_aryl_halide_conservative,27137,81.5694,80.3815,18.4306,0,heldout,
real_buchwald_hartwig,llambo_warmstart_amidine_base_simple_aryl_halide_noprior,27137,81.5694,80.3815,18.4306,0,heldout,
real_buchwald_hartwig,llambo_warmstart_conservative_low_semantic_mass,27137,100.0,84.7516,0.0,1,heldout,
real_buchwald_hartwig,llambo_warmstart_conservative_low_semantic_mass_conservative,27137,100.0,84.7516,0.0,1,heldout,
real_buchwald_hartwig,llambo_warmstart_conservative_low_semantic_mass_noprior,27137,100.0,84.7516,0.0,1,heldout,
real_buchwald_hartwig,llambo_warmstart_counter_hypothesis_heteroaromatic_benign,27137,81.2283,80.1436,18.7717,0,heldout,
real_buchwald_hartwig,llambo_warmstart_counter_hypothesis_heteroaromatic_benign_conservative,27137,81.2283,80.1436,18.7717,0,heldout,
real_buchwald_hartwig,llambo_warmstart_counter_hypothesis_heteroaromatic_benign_noprior,27137,81.2283,80.1436,18.7717,0,heldout,
real_buchwald_hartwig,llambo_warmstart_cross_skill_rule_bank,27137,100.0,89.4676,0.0,1,heldout,
real_buchwald_hartwig,llambo_warmstart_domain_knowledge_electron_poor_halide,27137,99.6191,97.3152,0.3809,1,heldout,
real_buchwald_hartwig,llambo_warmstart_domain_knowledge_electron_poor_halide_conservative,27137,99.6191,97.3152,0.3809,1,heldout,
real_buchwald_hartwig,llambo_warmstart_domain_knowledge_electron_poor_halide_noprior,27137,99.6191,97.3152,0.3809,1,heldout,
real_buchwald_hartwig,llambo_warmstart_guanidine_base_high_mw_aryl_halide,27137,98.7313,95.7599,1.2687,1,heldout,
real_buchwald_hartwig,llambo_warmstart_guanidine_base_high_mw_aryl_halide_conservative,27137,98.7313,95.7599,1.2687,1,heldout,
real_buchwald_hartwig,llambo_warmstart_guanidine_base_high_mw_aryl_halide_noprior,27137,98.7313,95.7599,1.2687,1,heldout,
real_buchwald_hartwig,llambo_warmstart_high_mw_ligand_low_tpsa_base,27137,99.6191,97.8242,0.3809,1,heldout,
real_buchwald_hartwig,llambo_warmstart_high_mw_ligand_low_tpsa_base_conservative,27137,99.6191,97.8242,0.3809,1,heldout,
real_buchwald_hartwig,llambo_warmstart_high_mw_ligand_low_tpsa_base_noprior,27137,99.6191,97.8242,0.3809,1,heldout,
real_buchwald_hartwig,llambo_warmstart_phosphazene_base_heteroaromatic_halide,27137,100.0,96.8796,0.0,1,heldout,
real_buchwald_hartwig,llambo_warmstart_phosphazene_base_heteroaromatic_halide_conservative,27137,100.0,96.8796,0.0,1,heldout,
real_buchwald_hartwig,llambo_warmstart_phosphazene_base_heteroaromatic_halide_noprior,27137,100.0,96.8796,0.0,1,heldout,
real_buchwald_hartwig,llambo_warmstart_selector,27137,99.6191,97.3152,0.3809,1,heldout,llambo_warmstart_domain_knowledge_electron_poor_halide_noprior
real_buchwald_hartwig,llm_calibrated_selector,27137,96.1323,96.1323,3.8677,0,heldout,llm_semantic_amidine_base_simple_aryl_halide_noprior
real_buchwald_hartwig,llm_direct_prior_additive_tpsa_mid_base_tpsa_mid_synergy,27137,96.1323,96.1323,3.8677,0,heldout,
real_buchwald_hartwig,llm_direct_prior_additive_tpsa_mid_base_tpsa_mid_synergy_conservative,27137,96.1323,96.1323,3.8677,0,heldout,
real_buchwald_hartwig,llm_direct_prior_additive_tpsa_mid_base_tpsa_mid_synergy_noprior,27137,96.1323,96.1323,3.8677,0,heldout,
real_buchwald_hartwig,llm_direct_prior_amidine_base_simple_aryl_halide,27137,96.1323,96.1323,3.8677,0,heldout,
real_buchwald_hartwig,llm_direct_prior_amidine_base_simple_aryl_halide_conservative,27137,96.1323,96.1323,3.8677,0,heldout,
real_buchwald_hartwig,llm_direct_prior_amidine_base_simple_aryl_halide_noprior,27137,96.1323,96.1323,3.8677,0,heldout,
real_buchwald_hartwig,llm_direct_prior_conservative_low_semantic_mass,27137,96.1323,96.1323,3.8677,0,heldout,
real_buchwald_hartwig,llm_direct_prior_conservative_low_semantic_mass_conservative,27137,96.1323,96.1323,3.8677,0,heldout,
real_buchwald_hartwig,llm_direct_prior_conservative_low_semantic_mass_noprior,27137,96.1323,96.1323,3.8677,0,heldout,
real_buchwald_hartwig,llm_direct_prior_counter_hypothesis_heteroaromatic_benign,27137,96.1323,96.1323,3.8677,0,heldout,
real_buchwald_hartwig,llm_direct_prior_counter_hypothesis_heteroaromatic_benign_conservative,27137,96.1323,96.1323,3.8677,0,heldout,
real_buchwald_hartwig,llm_direct_prior_counter_hypothesis_heteroaromatic_benign_noprior,27137,96.1323,96.1323,3.8677,0,heldout,
real_buchwald_hartwig,llm_direct_prior_cross_skill_rule_bank,27137,96.1323,96.1323,3.8677,0,heldout,
real_buchwald_hartwig,llm_direct_prior_domain_knowledge_electron_poor_halide,27137,96.1323,96.1323,3.8677,0,heldout,
real_buchwald_hartwig,llm_direct_prior_domain_knowledge_electron_poor_halide_conservative,27137,96.1323,96.1323,3.8677,0,heldout,
real_buchwald_hartwig,llm_direct_prior_domain_knowledge_electron_poor_halide_noprior,27137,96.1323,96.1323,3.8677,0,heldout,
real_buchwald_hartwig,llm_direct_prior_guanidine_base_high_mw_aryl_halide,27137,96.1323,96.1323,3.8677,0,heldout,
real_buchwald_hartwig,llm_direct_prior_guanidine_base_high_mw_aryl_halide_conservative,27137,96.1323,96.1323,3.8677,0,heldout,
real_buchwald_hartwig,llm_direct_prior_guanidine_base_high_mw_aryl_halide_noprior,27137,96.1323,96.1323,3.8677,0,heldout,
real_buchwald_hartwig,llm_direct_prior_high_mw_ligand_low_tpsa_base,27137,96.1323,96.1323,3.8677,0,heldout,
real_buchwald_hartwig,llm_direct_prior_high_mw_ligand_low_tpsa_base_conservative,27137,96.1323,96.1323,3.8677,0,heldout,
real_buchwald_hartwig,llm_direct_prior_high_mw_ligand_low_tpsa_base_noprior,27137,96.1323,96.1323,3.8677,0,heldout,
real_buchwald_hartwig,llm_direct_prior_phosphazene_base_heteroaromatic_halide,27137,96.1323,96.1323,3.8677,0,heldout,
real_buchwald_hartwig,llm_direct_prior_phosphazene_base_heteroaromatic_halide_conservative,27137,96.1323,96.1323,3.8677,0,heldout,
real_buchwald_hartwig,llm_direct_prior_phosphazene_base_heteroaromatic_halide_noprior,27137,96.1323,96.1323,3.8677,0,heldout,
real_buchwald_hartwig,llm_direct_prior_selector,27137,96.1323,96.1323,3.8677,0,heldout,llm_direct_prior_domain_knowledge_electron_poor_halide_noprior
real_buchwald_hartwig,llm_semantic_additive_tpsa_mid_base_tpsa_mid_synergy,27137,96.1323,96.1323,3.8677,0,heldout,
real_buchwald_hartwig,llm_semantic_additive_tpsa_mid_base_tpsa_mid_synergy_conservative,27137,96.1323,96.1323,3.8677,0,heldout,
real_buchwald_hartwig,llm_semantic_additive_tpsa_mid_base_tpsa_mid_synergy_noprior,27137,96.1323,96.1323,3.8677,0,heldout,
real_buchwald_hartwig,llm_semantic_amidine_base_simple_aryl_halide,27137,96.1323,96.1323,3.8677,0,heldout,
real_buchwald_hartwig,llm_semantic_amidine_base_simple_aryl_halide_conservative,27137,96.1323,96.1323,3.8677,0,heldout,
real_buchwald_hartwig,llm_semantic_amidine_base_simple_aryl_halide_noprior,27137,96.1323,96.1323,3.8677,0,heldout,
real_buchwald_hartwig,llm_semantic_conservative_low_semantic_mass,27137,96.1323,96.1323,3.8677,0,heldout,
real_buchwald_hartwig,llm_semantic_conservative_low_semantic_mass_conservative,27137,96.1323,96.1323,3.8677,0,heldout,
real_buchwald_hartwig,llm_semantic_conservative_low_semantic_mass_noprior,27137,96.1323,96.1323,3.8677,0,heldout,
real_buchwald_hartwig,llm_semantic_counter_hypothesis_heteroaromatic_benign,27137,98.2872,96.9943,1.7128,1,heldout,
real_buchwald_hartwig,llm_semantic_counter_hypothesis_heteroaromatic_benign_conservative,27137,96.1323,96.1323,3.8677,0,heldout,
real_buchwald_hartwig,llm_semantic_counter_hypothesis_heteroaromatic_benign_noprior,27137,96.1323,96.1323,3.8677,0,heldout,
real_buchwald_hartwig,llm_semantic_cross_skill_rule_bank,27137,96.1323,96.1323,3.8677,0,heldout,
real_buchwald_hartwig,llm_semantic_domain_knowledge_electron_poor_halide,27137,96.1323,96.1323,3.8677,0,heldout,
real_buchwald_hartwig,llm_semantic_domain_knowledge_electron_poor_halide_conservative,27137,96.1323,96.1323,3.8677,0,heldout,
real_buchwald_hartwig,llm_semantic_domain_knowledge_electron_poor_halide_noprior,27137,96.1323,96.1323,3.8677,0,heldout,
real_buchwald_hartwig,llm_semantic_guanidine_base_high_mw_aryl_halide,27137,96.1323,96.1323,3.8677,0,heldout,
real_buchwald_hartwig,llm_semantic_guanidine_base_high_mw_aryl_halide_conservative,27137,96.1323,96.1323,3.8677,0,heldout,
real_buchwald_hartwig,llm_semantic_guanidine_base_high_mw_aryl_halide_noprior,27137,96.1323,96.1323,3.8677,0,heldout,
real_buchwald_hartwig,llm_semantic_high_mw_ligand_low_tpsa_base,27137,96.1323,96.1323,3.8677,0,heldout,
real_buchwald_hartwig,llm_semantic_high_mw_ligand_low_tpsa_base_conservative,27137,96.1323,96.1323,3.8677,0,heldout,
real_buchwald_hartwig,llm_semantic_high_mw_ligand_low_tpsa_base_noprior,27137,98.2872,96.5633,1.7128,1,heldout,
real_buchwald_hartwig,llm_semantic_phosphazene_base_heteroaromatic_halide,27137,96.1323,96.1323,3.8677,0,heldout,
real_buchwald_hartwig,llm_semantic_phosphazene_base_heteroaromatic_halide_conservative,27137,96.1323,96.1323,3.8677,0,heldout,
real_buchwald_hartwig,llm_semantic_phosphazene_base_heteroaromatic_halide_noprior,27137,96.1323,96.1323,3.8677,0,heldout,
real_buchwald_hartwig,mixed_kernel_gp_ei,27137,96.1323,96.1323,3.8677,0,heldout,
real_buchwald_hartwig,target_acquisition_portfolio,27137,96.1323,96.1323,3.8677,0,heldout,
real_buchwald_hartwig,care_strategy_router,27138,97.2929,96.5124,2.7071,0,heldout,llambo_warmstart_domain_knowledge_electron_poor_halide_noprior
real_buchwald_hartwig,gp_ucb,27138,98.2872,91.4765,1.7128,1,heldout,
real_buchwald_hartwig,llambo_warmstart_additive_tpsa_mid_base_tpsa_mid_synergy,27138,94.2969,86.108,5.7031,0,heldout,
real_buchwald_hartwig,llambo_warmstart_additive_tpsa_mid_base_tpsa_mid_synergy_conservative,27138,94.2969,86.108,5.7031,0,heldout,
real_buchwald_hartwig,llambo_warmstart_additive_tpsa_mid_base_tpsa_mid_synergy_noprior,27138,94.2969,86.108,5.7031,0,heldout,
real_buchwald_hartwig,llambo_warmstart_amidine_base_simple_aryl_halide,27138,88.7252,70.4747,11.2748,0,heldout,
real_buchwald_hartwig,llambo_warmstart_amidine_base_simple_aryl_halide_conservative,27138,88.7252,70.4747,11.2748,0,heldout,
real_buchwald_hartwig,llambo_warmstart_amidine_base_simple_aryl_halide_noprior,27138,88.7252,70.4747,11.2748,0,heldout,
real_buchwald_hartwig,llambo_warmstart_conservative_low_semantic_mass,27138,89.4741,77.9347,10.5259,0,heldout,
real_buchwald_hartwig,llambo_warmstart_conservative_low_semantic_mass_conservative,27138,89.4741,77.9347,10.5259,0,heldout,
real_buchwald_hartwig,llambo_warmstart_conservative_low_semantic_mass_noprior,27138,89.4741,77.9347,10.5259,0,heldout,
real_buchwald_hartwig,llambo_warmstart_counter_hypothesis_heteroaromatic_benign,27138,78.5056,63.3558,21.4944,0,heldout,
real_buchwald_hartwig,llambo_warmstart_counter_hypothesis_heteroaromatic_benign_conservative,27138,78.5056,63.3558,21.4944,0,heldout,
real_buchwald_hartwig,llambo_warmstart_counter_hypothesis_heteroaromatic_benign_noprior,27138,78.5056,63.3558,21.4944,0,heldout,
real_buchwald_hartwig,llambo_warmstart_cross_skill_rule_bank,27138,98.8492,95.6626,1.1508,1,heldout,
real_buchwald_hartwig,llambo_warmstart_domain_knowledge_electron_poor_halide,27138,97.2929,96.5124,2.7071,0,heldout,
real_buchwald_hartwig,llambo_warmstart_domain_knowledge_electron_poor_halide_conservative,27138,97.2929,96.5124,2.7071,0,heldout,
real_buchwald_hartwig,llambo_warmstart_domain_knowledge_electron_poor_halide_noprior,27138,97.2929,96.5124,2.7071,0,heldout,
real_buchwald_hartwig,llambo_warmstart_guanidine_base_high_mw_aryl_halide,27138,80.5892,80.5892,19.4108,0,heldout,
real_buchwald_hartwig,llambo_warmstart_guanidine_base_high_mw_aryl_halide_conservative,27138,80.5892,80.5892,19.4108,0,heldout,
real_buchwald_hartwig,llambo_warmstart_guanidine_base_high_mw_aryl_halide_noprior,27138,80.5892,80.5892,19.4108,0,heldout,
real_buchwald_hartwig,llambo_warmstart_high_mw_ligand_low_tpsa_base,27138,96.1323,94.494,3.8677,0,heldout,
real_buchwald_hartwig,llambo_warmstart_high_mw_ligand_low_tpsa_base_conservative,27138,96.1323,94.494,3.8677,0,heldout,
real_buchwald_hartwig,llambo_warmstart_high_mw_ligand_low_tpsa_base_noprior,27138,96.1323,94.494,3.8677,0,heldout,
real_buchwald_hartwig,llambo_warmstart_phosphazene_base_heteroaromatic_halide,27138,93.1012,81.5736,6.8988,0,heldout,
real_buchwald_hartwig,llambo_warmstart_phosphazene_base_heteroaromatic_halide_conservative,27138,93.1012,81.5736,6.8988,0,heldout,
real_buchwald_hartwig,llambo_warmstart_phosphazene_base_heteroaromatic_halide_noprior,27138,93.1012,81.5736,6.8988,0,heldout,
real_buchwald_hartwig,llambo_warmstart_selector,27138,97.2929,96.5124,2.7071,0,heldout,llambo_warmstart_domain_knowledge_electron_poor_halide_noprior
real_buchwald_hartwig,llm_calibrated_selector,27138,98.2872,86.316,1.7128,1,heldout,llm_semantic_amidine_base_simple_aryl_halide_noprior
real_buchwald_hartwig,llm_direct_prior_additive_tpsa_mid_base_tpsa_mid_synergy,27138,51.7567,51.7567,48.2433,0,heldout,
real_buchwald_hartwig,llm_direct_prior_additive_tpsa_mid_base_tpsa_mid_synergy_conservative,27138,74.0474,64.4377,25.9526,0,heldout,
real_buchwald_hartwig,llm_direct_prior_additive_tpsa_mid_base_tpsa_mid_synergy_noprior,27138,51.7567,51.7567,48.2433,0,heldout,
real_buchwald_hartwig,llm_direct_prior_amidine_base_simple_aryl_halide,27138,93.0289,60.7169,6.9711,0,heldout,
real_buchwald_hartwig,llm_direct_prior_amidine_base_simple_aryl_halide_conservative,27138,94.6911,65.0844,5.3089,0,heldout,
real_buchwald_hartwig,llm_direct_prior_amidine_base_simple_aryl_halide_noprior,27138,93.0289,60.7169,6.9711,0,heldout,
real_buchwald_hartwig,llm_direct_prior_conservative_low_semantic_mass,27138,53.8392,53.7195,46.1608,0,heldout,
real_buchwald_hartwig,llm_direct_prior_conservative_low_semantic_mass_conservative,27138,53.8392,53.7195,46.1608,0,heldout,
real_buchwald_hartwig,llm_direct_prior_conservative_low_semantic_mass_noprior,27138,53.8392,53.7195,46.1608,0,heldout,
real_buchwald_hartwig,llm_direct_prior_counter_hypothesis_heteroaromatic_benign,27138,53.8392,52.3999,46.1608,0,heldout,
real_buchwald_hartwig,llm_direct_prior_counter_hypothesis_heteroaromatic_benign_conservative,27138,92.256,60.1458,7.744,0,heldout,
real_buchwald_hartwig,llm_direct_prior_counter_hypothesis_heteroaromatic_benign_noprior,27138,53.8392,52.3999,46.1608,0,heldout,
real_buchwald_hartwig,llm_direct_prior_cross_skill_rule_bank,27138,98.2872,95.0507,1.7128,1,heldout,
real_buchwald_hartwig,llm_direct_prior_domain_knowledge_electron_poor_halide,27138,93.4211,89.2547,6.5789,0,heldout,
real_buchwald_hartwig,llm_direct_prior_domain_knowledge_electron_poor_halide_conservative,27138,93.4211,93.4211,6.5789,0,heldout,
real_buchwald_hartwig,llm_direct_prior_domain_knowledge_electron_poor_halide_noprior,27138,93.4211,89.2547,6.5789,0,heldout,
real_buchwald_hartwig,llm_direct_prior_guanidine_base_high_mw_aryl_halide,27138,82.1374,82.1374,17.8626,0,heldout,
real_buchwald_hartwig,llm_direct_prior_guanidine_base_high_mw_aryl_halide_conservative,27138,83.7372,82.4574,16.2628,0,heldout,
real_buchwald_hartwig,llm_direct_prior_guanidine_base_high_mw_aryl_halide_noprior,27138,82.1374,82.1374,17.8626,0,heldout,
real_buchwald_hartwig,llm_direct_prior_high_mw_ligand_low_tpsa_base,27138,90.7313,72.5787,9.2687,0,heldout,
real_buchwald_hartwig,llm_direct_prior_high_mw_ligand_low_tpsa_base_conservative,27138,52.673,52.3065,47.327,0,heldout,
real_buchwald_hartwig,llm_direct_prior_high_mw_ligand_low_tpsa_base_noprior,27138,90.7313,72.5787,9.2687,0,heldout,
real_buchwald_hartwig,llm_direct_prior_phosphazene_base_heteroaromatic_halide,27138,78.2963,77.7297,21.7037,0,heldout,
real_buchwald_hartwig,llm_direct_prior_phosphazene_base_heteroaromatic_halide_conservative,27138,78.2963,77.7297,21.7037,0,heldout,
real_buchwald_hartwig,llm_direct_prior_phosphazene_base_heteroaromatic_halide_noprior,27138,78.2963,77.7297,21.7037,0,heldout,
real_buchwald_hartwig,llm_direct_prior_selector,27138,93.4211,89.2547,6.5789,0,heldout,llm_direct_prior_domain_knowledge_electron_poor_halide_noprior
real_buchwald_hartwig,llm_semantic_additive_tpsa_mid_base_tpsa_mid_synergy,27138,52.3137,51.8124,47.6863,0,heldout,
real_buchwald_hartwig,llm_semantic_additive_tpsa_mid_base_tpsa_mid_synergy_conservative,27138,93.0289,61.0068,6.9711,0,heldout,
real_buchwald_hartwig,llm_semantic_additive_tpsa_mid_base_tpsa_mid_synergy_noprior,27138,51.7567,51.7567,48.2433,0,heldout,
real_buchwald_hartwig,llm_semantic_amidine_base_simple_aryl_halide,27138,98.2872,82.0701,1.7128,1,heldout,
real_buchwald_hartwig,llm_semantic_amidine_base_simple_aryl_halide_conservative,27138,98.2872,88.9811,1.7128,1,heldout,
real_buchwald_hartwig,llm_semantic_amidine_base_simple_aryl_halide_noprior,27138,98.2872,86.316,1.7128,1,heldout,
real_buchwald_hartwig,llm_semantic_conservative_low_semantic_mass,27138,93.4211,80.9218,6.5789,0,heldout,
real_buchwald_hartwig,llm_semantic_conservative_low_semantic_mass_conservative,27138,93.4211,80.9218,6.5789,0,heldout,
real_buchwald_hartwig,llm_semantic_conservative_low_semantic_mass_noprior,27138,93.4211,80.9218,6.5789,0,heldout,
real_buchwald_hartwig,llm_semantic_counter_hypothesis_heteroaromatic_benign,27138,93.0289,78.2193,6.9711,0,heldout,
real_buchwald_hartwig,llm_semantic_counter_hypothesis_heteroaromatic_benign_conservative,27138,93.4211,81.3942,6.5789,0,heldout,
real_buchwald_hartwig,llm_semantic_counter_hypothesis_heteroaromatic_benign_noprior,27138,98.2872,84.3281,1.7128,1,heldout,
real_buchwald_hartwig,llm_semantic_cross_skill_rule_bank,27138,98.2872,88.9811,1.7128,1,heldout,
real_buchwald_hartwig,llm_semantic_domain_knowledge_electron_poor_halide,27138,86.7621,71.1508,13.2379,0,heldout,
real_buchwald_hartwig,llm_semantic_domain_knowledge_electron_poor_halide_conservative,27138,91.4851,86.7481,8.5149,0,heldout,
real_buchwald_hartwig,llm_semantic_domain_knowledge_electron_poor_halide_noprior,27138,83.4092,81.9025,16.5908,0,heldout,
real_buchwald_hartwig,llm_semantic_guanidine_base_high_mw_aryl_halide,27138,98.2872,71.9093,1.7128,1,heldout,
real_buchwald_hartwig,llm_semantic_guanidine_base_high_mw_aryl_halide_conservative,27138,51.7567,51.7567,48.2433,0,heldout,
real_buchwald_hartwig,llm_semantic_guanidine_base_high_mw_aryl_halide_noprior,27138,52.3781,52.316,47.6219,0,heldout,
real_buchwald_hartwig,llm_semantic_high_mw_ligand_low_tpsa_base,27138,83.4092,54.922,16.5908,0,heldout,
real_buchwald_hartwig,llm_semantic_high_mw_ligand_low_tpsa_base_conservative,27138,54.2458,53.8594,45.7542,0,heldout,
real_buchwald_hartwig,llm_semantic_high_mw_ligand_low_tpsa_base_noprior,27138,93.0289,64.3466,6.9711,0,heldout,
real_buchwald_hartwig,llm_semantic_phosphazene_base_heteroaromatic_halide,27138,87.2375,74.6818,12.7625,0,heldout,
real_buchwald_hartwig,llm_semantic_phosphazene_base_heteroaromatic_halide_conservative,27138,83.7372,82.9886,16.2628,0,heldout,
real_buchwald_hartwig,llm_semantic_phosphazene_base_heteroaromatic_halide_noprior,27138,87.2375,74.6818,12.7625,0,heldout,
real_buchwald_hartwig,mixed_kernel_gp_ei,27138,98.2872,91.8361,1.7128,1,heldout,
real_buchwald_hartwig,target_acquisition_portfolio,27138,94.6911,90.3977,5.3089,0,heldout,
real_buchwald_hartwig,care_strategy_router,27139,93.4211,88.9755,6.5789,0,heldout,llambo_warmstart_domain_knowledge_electron_poor_halide_noprior
real_buchwald_hartwig,gp_ucb,27139,95.6759,78.7574,4.3241,0,heldout,
real_buchwald_hartwig,llambo_warmstart_additive_tpsa_mid_base_tpsa_mid_synergy,27139,98.7313,77.4103,1.2687,1,heldout,
real_buchwald_hartwig,llambo_warmstart_additive_tpsa_mid_base_tpsa_mid_synergy_conservative,27139,98.7313,77.4103,1.2687,1,heldout,
real_buchwald_hartwig,llambo_warmstart_additive_tpsa_mid_base_tpsa_mid_synergy_noprior,27139,98.7313,77.4103,1.2687,1,heldout,
real_buchwald_hartwig,llambo_warmstart_amidine_base_simple_aryl_halide,27139,97.948,86.1386,2.052,1,heldout,
real_buchwald_hartwig,llambo_warmstart_amidine_base_simple_aryl_halide_conservative,27139,97.948,86.1386,2.052,1,heldout,
real_buchwald_hartwig,llambo_warmstart_amidine_base_simple_aryl_halide_noprior,27139,97.948,86.1386,2.052,1,heldout,
real_buchwald_hartwig,llambo_warmstart_conservative_low_semantic_mass,27139,85.1332,83.3217,14.8668,0,heldout,
real_buchwald_hartwig,llambo_warmstart_conservative_low_semantic_mass_conservative,27139,85.1332,83.3217,14.8668,0,heldout,
real_buchwald_hartwig,llambo_warmstart_conservative_low_semantic_mass_noprior,27139,85.1332,83.3217,14.8668,0,heldout,
real_buchwald_hartwig,llambo_warmstart_counter_hypothesis_heteroaromatic_benign,27139,90.9905,79.4024,9.0095,0,heldout,
real_buchwald_hartwig,llambo_warmstart_counter_hypothesis_heteroaromatic_benign_conservative,27139,90.9905,79.4024,9.0095,0,heldout,
real_buchwald_hartwig,llambo_warmstart_counter_hypothesis_heteroaromatic_benign_noprior,27139,90.9905,79.4024,9.0095,0,heldout,
real_buchwald_hartwig,llambo_warmstart_cross_skill_rule_bank,27139,95.6759,87.9263,4.3241,0,heldout,
real_buchwald_hartwig,llambo_warmstart_domain_knowledge_electron_poor_halide,27139,93.4211,88.9755,6.5789,0,heldout,
real_buchwald_hartwig,llambo_warmstart_domain_knowledge_electron_poor_halide_conservative,27139,93.4211,88.9755,6.5789,0,heldout,
real_buchwald_hartwig,llambo_warmstart_domain_knowledge_electron_poor_halide_noprior,27139,93.4211,88.9755,6.5789,0,heldout,
real_buchwald_hartwig,llambo_warmstart_guanidine_base_high_mw_aryl_halide,27139,83.2944,82.8155,16.7056,0,heldout,
real_buchwald_hartwig,llambo_warmstart_guanidine_base_high_mw_aryl_halide_conservative,27139,83.2944,82.8155,16.7056,0,heldout,
real_buchwald_hartwig,llambo_warmstart_guanidine_base_high_mw_aryl_halide_noprior,27139,83.2944,82.8155,16.7056,0,heldout,
real_buchwald_hartwig,llambo_warmstart_high_mw_ligand_low_tpsa_base,27139,98.2872,90.8467,1.7128,1,heldout,
real_buchwald_hartwig,llambo_warmstart_high_mw_ligand_low_tpsa_base_conservative,27139,98.2872,90.8467,1.7128,1,heldout,
real_buchwald_hartwig,llambo_warmstart_high_mw_ligand_low_tpsa_base_noprior,27139,98.2872,90.8467,1.7128,1,heldout,
real_buchwald_hartwig,llambo_warmstart_phosphazene_base_heteroaromatic_halide,27139,92.1197,86.5732,7.8803,0,heldout,
real_buchwald_hartwig,llambo_warmstart_phosphazene_base_heteroaromatic_halide_conservative,27139,92.1197,86.5732,7.8803,0,heldout,
real_buchwald_hartwig,llambo_warmstart_phosphazene_base_heteroaromatic_halide_noprior,27139,92.1197,86.5732,7.8803,0,heldout,
real_buchwald_hartwig,llambo_warmstart_selector,27139,93.4211,88.9755,6.5789,0,heldout,llambo_warmstart_domain_knowledge_electron_poor_halide_noprior
real_buchwald_hartwig,llm_calibrated_selector,27139,100.0,96.8796,0.0,1,heldout,llm_semantic_amidine_base_simple_aryl_halide_noprior
real_buchwald_hartwig,llm_direct_prior_additive_tpsa_mid_base_tpsa_mid_synergy,27139,74.2045,63.5684,25.7955,0,heldout,
real_buchwald_hartwig,llm_direct_prior_additive_tpsa_mid_base_tpsa_mid_synergy_conservative,27139,79.3064,70.6319,20.6936,0,heldout,
real_buchwald_hartwig,llm_direct_prior_additive_tpsa_mid_base_tpsa_mid_synergy_noprior,27139,74.2045,63.5684,25.7955,0,heldout,
real_buchwald_hartwig,llm_direct_prior_amidine_base_simple_aryl_halide,27139,84.8955,79.7635,15.1045,0,heldout,
real_buchwald_hartwig,llm_direct_prior_amidine_base_simple_aryl_halide_conservative,27139,84.8955,79.7635,15.1045,0,heldout,
real_buchwald_hartwig,llm_direct_prior_amidine_base_simple_aryl_halide_noprior,27139,84.8955,79.7635,15.1045,0,heldout,
real_buchwald_hartwig,llm_direct_prior_conservative_low_semantic_mass,27139,91.0563,86.4782,8.9437,0,heldout,
real_buchwald_hartwig,llm_direct_prior_conservative_low_semantic_mass_conservative,27139,91.0563,86.4782,8.9437,0,heldout,
real_buchwald_hartwig,llm_direct_prior_conservative_low_semantic_mass_noprior,27139,91.0563,86.4782,8.9437,0,heldout,
real_buchwald_hartwig,llm_direct_prior_counter_hypothesis_heteroaromatic_benign,27139,84.8955,78.6733,15.1045,0,heldout,
real_buchwald_hartwig,llm_direct_prior_counter_hypothesis_heteroaromatic_benign_conservative,27139,82.3289,77.3583,17.6711,0,heldout,
real_buchwald_hartwig,llm_direct_prior_counter_hypothesis_heteroaromatic_benign_noprior,27139,84.8955,78.6733,15.1045,0,heldout,
real_buchwald_hartwig,llm_direct_prior_cross_skill_rule_bank,27139,99.0345,81.5499,0.9655,1,heldout,
real_buchwald_hartwig,llm_direct_prior_domain_knowledge_electron_poor_halide,27139,90.3173,75.9914,9.6827,0,heldout,
real_buchwald_hartwig,llm_direct_prior_domain_knowledge_electron_poor_halide_conservative,27139,99.0345,80.9223,0.9655,1,heldout,
real_buchwald_hartwig,llm_direct_prior_domain_knowledge_electron_poor_halide_noprior,27139,90.3173,75.9914,9.6827,0,heldout,
real_buchwald_hartwig,llm_direct_prior_guanidine_base_high_mw_aryl_halide,27139,88.4449,79.7566,11.5551,0,heldout,
real_buchwald_hartwig,llm_direct_prior_guanidine_base_high_mw_aryl_halide_conservative,27139,88.4449,79.7566,11.5551,0,heldout,
real_buchwald_hartwig,llm_direct_prior_guanidine_base_high_mw_aryl_halide_noprior,27139,88.4449,79.7566,11.5551,0,heldout,
real_buchwald_hartwig,llm_direct_prior_high_mw_ligand_low_tpsa_base,27139,84.7017,75.4371,15.2983,0,heldout,
real_buchwald_hartwig,llm_direct_prior_high_mw_ligand_low_tpsa_base_conservative,27139,99.0345,84.1781,0.9655,1,heldout,
real_buchwald_hartwig,llm_direct_prior_high_mw_ligand_low_tpsa_base_noprior,27139,84.7017,75.4371,15.2983,0,heldout,
real_buchwald_hartwig,llm_direct_prior_phosphazene_base_heteroaromatic_halide,27139,94.2969,77.8725,5.7031,0,heldout,
real_buchwald_hartwig,llm_direct_prior_phosphazene_base_heteroaromatic_halide_conservative,27139,94.2969,82.0942,5.7031,0,heldout,
real_buchwald_hartwig,llm_direct_prior_phosphazene_base_heteroaromatic_halide_noprior,27139,94.2969,77.8725,5.7031,0,heldout,
real_buchwald_hartwig,llm_direct_prior_selector,27139,90.3173,75.9914,9.6827,0,heldout,llm_direct_prior_domain_knowledge_electron_poor_halide_noprior
real_buchwald_hartwig,llm_semantic_additive_tpsa_mid_base_tpsa_mid_synergy,27139,68.4421,55.4472,31.5579,0,heldout,
real_buchwald_hartwig,llm_semantic_additive_tpsa_mid_base_tpsa_mid_synergy_conservative,27139,68.4421,57.7639,31.5579,0,heldout,
real_buchwald_hartwig,llm_semantic_additive_tpsa_mid_base_tpsa_mid_synergy_noprior,27139,68.4421,56.714,31.5579,0,heldout,
real_buchwald_hartwig,llm_semantic_amidine_base_simple_aryl_halide,27139,100.0,93.3863,0.0,1,heldout,
real_buchwald_hartwig,llm_semantic_amidine_base_simple_aryl_halide_conservative,27139,100.0,98.9599,0.0,1,heldout,
real_buchwald_hartwig,llm_semantic_amidine_base_simple_aryl_halide_noprior,27139,100.0,96.8796,0.0,1,heldout,
real_buchwald_hartwig,llm_semantic_conservative_low_semantic_mass,27139,94.2969,77.3329,5.7031,0,heldout,
real_buchwald_hartwig,llm_semantic_conservative_low_semantic_mass_conservative,27139,94.2969,77.3329,5.7031,0,heldout,
real_buchwald_hartwig,llm_semantic_conservative_low_semantic_mass_noprior,27139,94.2969,77.3329,5.7031,0,heldout,
real_buchwald_hartwig,llm_semantic_counter_hypothesis_heteroaromatic_benign,27139,92.256,77.1904,7.744,0,heldout,
real_buchwald_hartwig,llm_semantic_counter_hypothesis_heteroaromatic_benign_conservative,27139,74.0474,70.4439,25.9526,0,heldout,
real_buchwald_hartwig,llm_semantic_counter_hypothesis_heteroaromatic_benign_noprior,27139,74.0474,70.4439,25.9526,0,heldout,
real_buchwald_hartwig,llm_semantic_cross_skill_rule_bank,27139,100.0,86.6698,0.0,1,heldout,
real_buchwald_hartwig,llm_semantic_domain_knowledge_electron_poor_halide,27139,83.4092,72.4036,16.5908,0,heldout,
real_buchwald_hartwig,llm_semantic_domain_knowledge_electron_poor_halide_conservative,27139,87.5542,71.8129,12.4458,0,heldout,
real_buchwald_hartwig,llm_semantic_domain_knowledge_electron_poor_halide_noprior,27139,88.4043,65.5453,11.5957,0,heldout,
real_buchwald_hartwig,llm_semantic_guanidine_base_high_mw_aryl_halide,27139,89.5988,68.2432,10.4012,0,heldout,
real_buchwald_hartwig,llm_semantic_guanidine_base_high_mw_aryl_halide_conservative,27139,90.9905,79.9194,9.0095,0,heldout,
real_buchwald_hartwig,llm_semantic_guanidine_base_high_mw_aryl_halide_noprior,27139,89.5988,78.6914,10.4012,0,heldout,
real_buchwald_hartwig,llm_semantic_high_mw_ligand_low_tpsa_base,27139,100.0,67.3472,0.0,1,heldout,
real_buchwald_hartwig,llm_semantic_high_mw_ligand_low_tpsa_base_conservative,27139,100.0,87.4123,0.0,1,heldout,
real_buchwald_hartwig,llm_semantic_high_mw_ligand_low_tpsa_base_noprior,27139,76.7953,67.7938,23.2047,0,heldout,
real_buchwald_hartwig,llm_semantic_phosphazene_base_heteroaromatic_halide,27139,70.5804,64.2363,29.4196,0,heldout,
real_buchwald_hartwig,llm_semantic_phosphazene_base_heteroaromatic_halide_conservative,27139,85.6057,74.9509,14.3943,0,heldout,
real_buchwald_hartwig,llm_semantic_phosphazene_base_heteroaromatic_halide_noprior,27139,74.0474,68.5975,25.9526,0,heldout,
real_buchwald_hartwig,mixed_kernel_gp_ei,27139,83.0547,69.2579,16.9453,0,heldout,
real_buchwald_hartwig,target_acquisition_portfolio,27139,95.6759,78.7574,4.3241,0,heldout,
real_buchwald_hartwig,care_strategy_router,27140,98.7313,98.7313,1.2687,1,heldout,llambo_warmstart_domain_knowledge_electron_poor_halide_noprior
real_buchwald_hartwig,gp_ucb,27140,89.4195,89.1562,10.5805,0,heldout,
real_buchwald_hartwig,llambo_warmstart_additive_tpsa_mid_base_tpsa_mid_synergy,27140,73.0629,66.4822,26.9371,0,heldout,
real_buchwald_hartwig,llambo_warmstart_additive_tpsa_mid_base_tpsa_mid_synergy_conservative,27140,73.0629,66.4822,26.9371,0,heldout,
real_buchwald_hartwig,llambo_warmstart_additive_tpsa_mid_base_tpsa_mid_synergy_noprior,27140,73.0629,66.4822,26.9371,0,heldout,
real_buchwald_hartwig,llambo_warmstart_amidine_base_simple_aryl_halide,27140,94.501,64.0792,5.499,0,heldout,
real_buchwald_hartwig,llambo_warmstart_amidine_base_simple_aryl_halide_conservative,27140,94.501,64.0792,5.499,0,heldout,
real_buchwald_hartwig,llambo_warmstart_amidine_base_simple_aryl_halide_noprior,27140,94.501,64.0792,5.499,0,heldout,
real_buchwald_hartwig,llambo_warmstart_conservative_low_semantic_mass,27140,93.3108,84.8942,6.6892,0,heldout,
real_buchwald_hartwig,llambo_warmstart_conservative_low_semantic_mass_conservative,27140,93.3108,84.8942,6.6892,0,heldout,
real_buchwald_hartwig,llambo_warmstart_conservative_low_semantic_mass_noprior,27140,93.3108,84.8942,6.6892,0,heldout,
real_buchwald_hartwig,llambo_warmstart_counter_hypothesis_heteroaromatic_benign,27140,85.2691,78.1611,14.7309,0,heldout,
real_buchwald_hartwig,llambo_warmstart_counter_hypothesis_heteroaromatic_benign_conservative,27140,85.2691,78.1611,14.7309,0,heldout,
real_buchwald_hartwig,llambo_warmstart_counter_hypothesis_heteroaromatic_benign_noprior,27140,85.2691,78.1611,14.7309,0,heldout,
real_buchwald_hartwig,llambo_warmstart_cross_skill_rule_bank,27140,98.8492,90.3093,1.1508,1,heldout,
real_buchwald_hartwig,llambo_warmstart_domain_knowledge_electron_poor_halide,27140,98.7313,98.7313,1.2687,1,heldout,
real_buchwald_hartwig,llambo_warmstart_domain_knowledge_electron_poor_halide_conservative,27140,98.7313,98.7313,1.2687,1,heldout,
real_buchwald_hartwig,llambo_warmstart_domain_knowledge_electron_poor_halide_noprior,27140,98.7313,98.7313,1.2687,1,heldout,
real_buchwald_hartwig,llambo_warmstart_guanidine_base_high_mw_aryl_halide,27140,77.858,68.1214,22.142,0,heldout,
real_buchwald_hartwig,llambo_warmstart_guanidine_base_high_mw_aryl_halide_conservative,27140,77.858,68.1214,22.142,0,heldout,
real_buchwald_hartwig,llambo_warmstart_guanidine_base_high_mw_aryl_halide_noprior,27140,77.858,68.1214,22.142,0,heldout,
real_buchwald_hartwig,llambo_warmstart_high_mw_ligand_low_tpsa_base,27140,85.8947,76.403,14.1053,0,heldout,
real_buchwald_hartwig,llambo_warmstart_high_mw_ligand_low_tpsa_base_conservative,27140,85.8947,76.403,14.1053,0,heldout,
real_buchwald_hartwig,llambo_warmstart_high_mw_ligand_low_tpsa_base_noprior,27140,85.8947,76.403,14.1053,0,heldout,
real_buchwald_hartwig,llambo_warmstart_phosphazene_base_heteroaromatic_halide,27140,99.6191,91.3786,0.3809,1,heldout,
real_buchwald_hartwig,llambo_warmstart_phosphazene_base_heteroaromatic_halide_conservative,27140,99.6191,91.3786,0.3809,1,heldout,
real_buchwald_hartwig,llambo_warmstart_phosphazene_base_heteroaromatic_halide_noprior,27140,99.6191,91.3786,0.3809,1,heldout,
real_buchwald_hartwig,llambo_warmstart_selector,27140,98.7313,98.7313,1.2687,1,heldout,llambo_warmstart_domain_knowledge_electron_poor_halide_noprior
real_buchwald_hartwig,llm_calibrated_selector,27140,96.1323,88.4261,3.8677,0,heldout,llm_semantic_amidine_base_simple_aryl_halide_noprior
real_buchwald_hartwig,llm_direct_prior_additive_tpsa_mid_base_tpsa_mid_synergy,27140,80.2853,75.5632,19.7147,0,heldout,
real_buchwald_hartwig,llm_direct_prior_additive_tpsa_mid_base_tpsa_mid_synergy_conservative,27140,77.6278,65.5565,22.3722,0,heldout,
real_buchwald_hartwig,llm_direct_prior_additive_tpsa_mid_base_tpsa_mid_synergy_noprior,27140,80.2853,75.5632,19.7147,0,heldout,
real_buchwald_hartwig,llm_direct_prior_amidine_base_simple_aryl_halide,27140,85.4018,76.93,14.5982,0,heldout,
real_buchwald_hartwig,llm_direct_prior_amidine_base_simple_aryl_halide_conservative,27140,85.4018,78.0052,14.5982,0,heldout,
real_buchwald_hartwig,llm_direct_prior_amidine_base_simple_aryl_halide_noprior,27140,85.4018,76.93,14.5982,0,heldout,
real_buchwald_hartwig,llm_direct_prior_conservative_low_semantic_mass,27140,82.5709,79.8603,17.4291,0,heldout,
real_buchwald_hartwig,llm_direct_prior_conservative_low_semantic_mass_conservative,27140,82.5709,79.8603,17.4291,0,heldout,
real_buchwald_hartwig,llm_direct_prior_conservative_low_semantic_mass_noprior,27140,82.5709,79.8603,17.4291,0,heldout,
real_buchwald_hartwig,llm_direct_prior_counter_hypothesis_heteroaromatic_benign,27140,83.385,72.216,16.615,0,heldout,
real_buchwald_hartwig,llm_direct_prior_counter_hypothesis_heteroaromatic_benign_conservative,27140,91.2669,77.0277,8.7331,0,heldout,
real_buchwald_hartwig,llm_direct_prior_counter_hypothesis_heteroaromatic_benign_noprior,27140,83.385,72.216,16.615,0,heldout,
real_buchwald_hartwig,llm_direct_prior_cross_skill_rule_bank,27140,100.0,88.238,0.0,1,heldout,
real_buchwald_hartwig,llm_direct_prior_domain_knowledge_electron_poor_halide,27140,93.4211,81.0681,6.5789,0,heldout,
real_buchwald_hartwig,llm_direct_prior_domain_knowledge_electron_poor_halide_conservative,27140,91.6984,75.0464,8.3016,0,heldout,
real_buchwald_hartwig,llm_direct_prior_domain_knowledge_electron_poor_halide_noprior,27140,93.4211,81.0681,6.5789,0,heldout,
real_buchwald_hartwig,llm_direct_prior_guanidine_base_high_mw_aryl_halide,27140,71.0972,71.0972,28.9028,0,heldout,
real_buchwald_hartwig,llm_direct_prior_guanidine_base_high_mw_aryl_halide_conservative,27140,71.0972,71.0972,28.9028,0,heldout,
real_buchwald_hartwig,llm_direct_prior_guanidine_base_high_mw_aryl_halide_noprior,27140,71.0972,71.0972,28.9028,0,heldout,
real_buchwald_hartwig,llm_direct_prior_high_mw_ligand_low_tpsa_base,27140,75.9722,67.4937,24.0278,0,heldout,
real_buchwald_hartwig,llm_direct_prior_high_mw_ligand_low_tpsa_base_conservative,27140,89.3231,67.3144,10.6769,0,heldout,
real_buchwald_hartwig,llm_direct_prior_high_mw_ligand_low_tpsa_base_noprior,27140,75.9722,67.4937,24.0278,0,heldout,
real_buchwald_hartwig,llm_direct_prior_phosphazene_base_heteroaromatic_halide,27140,76.7953,74.1479,23.2047,0,heldout,
real_buchwald_hartwig,llm_direct_prior_phosphazene_base_heteroaromatic_halide_conservative,27140,77.8299,71.2581,22.1701,0,heldout,
real_buchwald_hartwig,llm_direct_prior_phosphazene_base_heteroaromatic_halide_noprior,27140,76.7953,74.1479,23.2047,0,heldout,
real_buchwald_hartwig,llm_direct_prior_selector,27140,93.4211,81.0681,6.5789,0,heldout,llm_direct_prior_domain_knowledge_electron_poor_halide_noprior
real_buchwald_hartwig,llm_semantic_additive_tpsa_mid_base_tpsa_mid_synergy,27140,84.8561,82.6244,15.1439,0,heldout,
real_buchwald_hartwig,llm_semantic_additive_tpsa_mid_base_tpsa_mid_synergy_conservative,27140,75.9961,75.7566,24.0039,0,heldout,
real_buchwald_hartwig,llm_semantic_additive_tpsa_mid_base_tpsa_mid_synergy_noprior,27140,100.0,88.1663,0.0,1,heldout,
real_buchwald_hartwig,llm_semantic_amidine_base_simple_aryl_halide,27140,100.0,89.8123,0.0,1,heldout,
real_buchwald_hartwig,llm_semantic_amidine_base_simple_aryl_halide_conservative,27140,96.1323,89.7188,3.8677,0,heldout,
real_buchwald_hartwig,llm_semantic_amidine_base_simple_aryl_halide_noprior,27140,96.1323,88.4261,3.8677,0,heldout,
real_buchwald_hartwig,llm_semantic_conservative_low_semantic_mass,27140,83.9556,79.4381,16.0444,0,heldout,
real_buchwald_hartwig,llm_semantic_conservative_low_semantic_mass_conservative,27140,83.9556,79.4381,16.0444,0,heldout,
real_buchwald_hartwig,llm_semantic_conservative_low_semantic_mass_noprior,27140,83.9556,79.4381,16.0444,0,heldout,
real_buchwald_hartwig,llm_semantic_counter_hypothesis_heteroaromatic_benign,27140,100.0,86.4629,0.0,1,heldout,
real_buchwald_hartwig,llm_semantic_counter_hypothesis_heteroaromatic_benign_conservative,27140,93.3108,81.0474,6.6892,0,heldout,
real_buchwald_hartwig,llm_semantic_counter_hypothesis_heteroaromatic_benign_noprior,27140,84.6498,78.8356,15.3502,0,heldout,
real_buchwald_hartwig,llm_semantic_cross_skill_rule_bank,27140,89.8977,75.9037,10.1023,0,heldout,
real_buchwald_hartwig,llm_semantic_domain_knowledge_electron_poor_halide,27140,92.1197,83.6978,7.8803,0,heldout,
real_buchwald_hartwig,llm_semantic_domain_knowledge_electron_poor_halide_conservative,27140,91.4851,82.3478,8.5149,0,heldout,
real_buchwald_hartwig,llm_semantic_domain_knowledge_electron_poor_halide_noprior,27140,91.6984,88.6118,8.3016,0,heldout,
real_buchwald_hartwig,llm_semantic_guanidine_base_high_mw_aryl_halide,27140,91.4851,86.7989,8.5149,0,heldout,
real_buchwald_hartwig,llm_semantic_guanidine_base_high_mw_aryl_halide_conservative,27140,83.6818,81.5675,16.3182,0,heldout,
real_buchwald_hartwig,llm_semantic_guanidine_base_high_mw_aryl_halide_noprior,27140,100.0,81.0309,0.0,1,heldout,
real_buchwald_hartwig,llm_semantic_high_mw_ligand_low_tpsa_base,27140,92.256,83.9186,7.744,0,heldout,
real_buchwald_hartwig,llm_semantic_high_mw_ligand_low_tpsa_base_conservative,27140,75.2856,74.755,24.7144,0,heldout,
real_buchwald_hartwig,llm_semantic_high_mw_ligand_low_tpsa_base_noprior,27140,83.6818,75.2246,16.3182,0,heldout,
real_buchwald_hartwig,llm_semantic_phosphazene_base_heteroaromatic_halide,27140,92.1197,82.9196,7.8803,0,heldout,
real_buchwald_hartwig,llm_semantic_phosphazene_base_heteroaromatic_halide_conservative,27140,77.5102,76.1227,22.4898,0,heldout,
real_buchwald_hartwig,llm_semantic_phosphazene_base_heteroaromatic_halide_noprior,27140,96.1323,85.7566,3.8677,0,heldout,
real_buchwald_hartwig,mixed_kernel_gp_ei,27140,89.4195,89.1562,10.5805,0,heldout,
real_buchwald_hartwig,target_acquisition_portfolio,27140,89.4195,89.1562,10.5805,0,heldout,
real_buchwald_hartwig,care_strategy_router,27141,86.7862,86.7862,13.2138,0,heldout,llambo_warmstart_domain_knowledge_electron_poor_halide_noprior
real_buchwald_hartwig,gp_ucb,27141,89.6142,88.844,10.3858,0,heldout,
real_buchwald_hartwig,llambo_warmstart_additive_tpsa_mid_base_tpsa_mid_synergy,27141,80.2853,80.2853,19.7147,0,heldout,
real_buchwald_hartwig,llambo_warmstart_additive_tpsa_mid_base_tpsa_mid_synergy_conservative,27141,80.2853,80.2853,19.7147,0,heldout,
real_buchwald_hartwig,llambo_warmstart_additive_tpsa_mid_base_tpsa_mid_synergy_noprior,27141,80.2853,80.2853,19.7147,0,heldout,
real_buchwald_hartwig,llambo_warmstart_amidine_base_simple_aryl_halide,27141,95.7526,92.6215,4.2474,0,heldout,
real_buchwald_hartwig,llambo_warmstart_amidine_base_simple_aryl_halide_conservative,27141,95.7526,92.6215,4.2474,0,heldout,
real_buchwald_hartwig,llambo_warmstart_amidine_base_simple_aryl_halide_noprior,27141,95.7526,92.6215,4.2474,0,heldout,
real_buchwald_hartwig,llambo_warmstart_conservative_low_semantic_mass,27141,89.4195,87.0495,10.5805,0,heldout,
real_buchwald_hartwig,llambo_warmstart_conservative_low_semantic_mass_conservative,27141,89.4195,87.0495,10.5805,0,heldout,
real_buchwald_hartwig,llambo_warmstart_conservative_low_semantic_mass_noprior,27141,89.4195,87.0495,10.5805,0,heldout,
real_buchwald_hartwig,llambo_warmstart_counter_hypothesis_heteroaromatic_benign,27141,83.2944,81.76,16.7056,0,heldout,
real_buchwald_hartwig,llambo_warmstart_counter_hypothesis_heteroaromatic_benign_conservative,27141,83.2944,81.76,16.7056,0,heldout,
real_buchwald_hartwig,llambo_warmstart_counter_hypothesis_heteroaromatic_benign_noprior,27141,83.2944,81.76,16.7056,0,heldout,
real_buchwald_hartwig,llambo_warmstart_cross_skill_rule_bank,27141,63.711,62.676,36.289,0,heldout,
real_buchwald_hartwig,llambo_warmstart_domain_knowledge_electron_poor_halide,27141,86.7862,86.7862,13.2138,0,heldout,
real_buchwald_hartwig,llambo_warmstart_domain_knowledge_electron_poor_halide_conservative,27141,86.7862,86.7862,13.2138,0,heldout,
real_buchwald_hartwig,llambo_warmstart_domain_knowledge_electron_poor_halide_noprior,27141,86.7862,86.7862,13.2138,0,heldout,
real_buchwald_hartwig,llambo_warmstart_guanidine_base_high_mw_aryl_halide,27141,98.1771,90.579,1.8229,1,heldout,
real_buchwald_hartwig,llambo_warmstart_guanidine_base_high_mw_aryl_halide_conservative,27141,98.1771,90.579,1.8229,1,heldout,
real_buchwald_hartwig,llambo_warmstart_guanidine_base_high_mw_aryl_halide_noprior,27141,98.1771,90.579,1.8229,1,heldout,
real_buchwald_hartwig,llambo_warmstart_high_mw_ligand_low_tpsa_base,27141,95.3865,92.5405,4.6135,0,heldout,
real_buchwald_hartwig,llambo_warmstart_high_mw_ligand_low_tpsa_base_conservative,27141,95.3865,92.5405,4.6135,0,heldout,
real_buchwald_hartwig,llambo_warmstart_high_mw_ligand_low_tpsa_base_noprior,27141,95.3865,92.5405,4.6135,0,heldout,
real_buchwald_hartwig,llambo_warmstart_phosphazene_base_heteroaromatic_halide,27141,93.4211,85.5562,6.5789,0,heldout,
real_buchwald_hartwig,llambo_warmstart_phosphazene_base_heteroaromatic_halide_conservative,27141,93.4211,85.5562,6.5789,0,heldout,
real_buchwald_hartwig,llambo_warmstart_phosphazene_base_heteroaromatic_halide_noprior,27141,93.4211,85.5562,6.5789,0,heldout,
real_buchwald_hartwig,llambo_warmstart_selector,27141,86.7862,86.7862,13.2138,0,heldout,llambo_warmstart_domain_knowledge_electron_poor_halide_noprior
real_buchwald_hartwig,llm_calibrated_selector,27141,97.5685,94.8521,2.4315,1,heldout,llm_semantic_amidine_base_simple_aryl_halide_noprior
real_buchwald_hartwig,llm_direct_prior_additive_tpsa_mid_base_tpsa_mid_synergy,27141,88.5139,88.5139,11.4861,0,heldout,
real_buchwald_hartwig,llm_direct_prior_additive_tpsa_mid_base_tpsa_mid_synergy_conservative,27141,88.5139,88.5139,11.4861,0,heldout,
real_buchwald_hartwig,llm_direct_prior_additive_tpsa_mid_base_tpsa_mid_synergy_noprior,27141,88.5139,88.5139,11.4861,0,heldout,
real_buchwald_hartwig,llm_direct_prior_amidine_base_simple_aryl_halide,27141,88.5139,88.5139,11.4861,0,heldout,
real_buchwald_hartwig,llm_direct_prior_amidine_base_simple_aryl_halide_conservative,27141,88.5139,88.5139,11.4861,0,heldout,
real_buchwald_hartwig,llm_direct_prior_amidine_base_simple_aryl_halide_noprior,27141,88.5139,88.5139,11.4861,0,heldout,
real_buchwald_hartwig,llm_direct_prior_conservative_low_semantic_mass,27141,88.5139,88.5139,11.4861,0,heldout,
real_buchwald_hartwig,llm_direct_prior_conservative_low_semantic_mass_conservative,27141,88.5139,88.5139,11.4861,0,heldout,
real_buchwald_hartwig,llm_direct_prior_conservative_low_semantic_mass_noprior,27141,88.5139,88.5139,11.4861,0,heldout,
real_buchwald_hartwig,llm_direct_prior_counter_hypothesis_heteroaromatic_benign,27141,88.5139,88.5139,11.4861,0,heldout,
real_buchwald_hartwig,llm_direct_prior_counter_hypothesis_heteroaromatic_benign_conservative,27141,88.5139,88.5139,11.4861,0,heldout,
real_buchwald_hartwig,llm_direct_prior_counter_hypothesis_heteroaromatic_benign_noprior,27141,88.5139,88.5139,11.4861,0,heldout,
real_buchwald_hartwig,llm_direct_prior_cross_skill_rule_bank,27141,97.5685,91.0121,2.4315,1,heldout,
real_buchwald_hartwig,llm_direct_prior_domain_knowledge_electron_poor_halide,27141,90.3173,89.9566,9.6827,0,heldout,
real_buchwald_hartwig,llm_direct_prior_domain_knowledge_electron_poor_halide_conservative,27141,99.0345,93.7348,0.9655,1,heldout,
real_buchwald_hartwig,llm_direct_prior_domain_knowledge_electron_poor_halide_noprior,27141,90.3173,89.9566,9.6827,0,heldout,
real_buchwald_hartwig,llm_direct_prior_guanidine_base_high_mw_aryl_halide,27141,90.2279,89.1995,9.7721,0,heldout,
real_buchwald_hartwig,llm_direct_prior_guanidine_base_high_mw_aryl_halide_conservative,27141,90.2279,89.3709,9.7721,0,heldout,
real_buchwald_hartwig,llm_direct_prior_guanidine_base_high_mw_aryl_halide_noprior,27141,90.2279,89.1995,9.7721,0,heldout,
real_buchwald_hartwig,llm_direct_prior_high_mw_ligand_low_tpsa_base,27141,90.3173,89.7763,9.6827,0,heldout,
real_buchwald_hartwig,llm_direct_prior_high_mw_ligand_low_tpsa_base_conservative,27141,96.1323,91.3,3.8677,0,heldout,
real_buchwald_hartwig,llm_direct_prior_high_mw_ligand_low_tpsa_base_noprior,27141,90.3173,89.7763,9.6827,0,heldout,
real_buchwald_hartwig,llm_direct_prior_phosphazene_base_heteroaromatic_halide,27141,88.5139,88.5139,11.4861,0,heldout,
real_buchwald_hartwig,llm_direct_prior_phosphazene_base_heteroaromatic_halide_conservative,27141,96.1323,90.1774,3.8677,0,heldout,
real_buchwald_hartwig,llm_direct_prior_phosphazene_base_heteroaromatic_halide_noprior,27141,88.5139,88.5139,11.4861,0,heldout,
real_buchwald_hartwig,llm_direct_prior_selector,27141,90.3173,89.9566,9.6827,0,heldout,llm_direct_prior_domain_knowledge_electron_poor_halide_noprior
real_buchwald_hartwig,llm_semantic_additive_tpsa_mid_base_tpsa_mid_synergy,27141,89.6142,88.844,10.3858,0,heldout,
real_buchwald_hartwig,llm_semantic_additive_tpsa_mid_base_tpsa_mid_synergy_conservative,27141,100.0,96.5542,0.0,1,heldout,
real_buchwald_hartwig,llm_semantic_additive_tpsa_mid_base_tpsa_mid_synergy_noprior,27141,88.5139,88.5139,11.4861,0,heldout,
real_buchwald_hartwig,llm_semantic_amidine_base_simple_aryl_halide,27141,100.0,90.8111,0.0,1,heldout,
real_buchwald_hartwig,llm_semantic_amidine_base_simple_aryl_halide_conservative,27141,100.0,92.7122,0.0,1,heldout,
real_buchwald_hartwig,llm_semantic_amidine_base_simple_aryl_halide_noprior,27141,97.5685,94.8521,2.4315,1,heldout,
real_buchwald_hartwig,llm_semantic_conservative_low_semantic_mass,27141,96.1323,90.3677,3.8677,0,heldout,
real_buchwald_hartwig,llm_semantic_conservative_low_semantic_mass_conservative,27141,96.1323,90.3677,3.8677,0,heldout,
real_buchwald_hartwig,llm_semantic_conservative_low_semantic_mass_noprior,27141,96.1323,90.3677,3.8677,0,heldout,
real_buchwald_hartwig,llm_semantic_counter_hypothesis_heteroaromatic_benign,27141,100.0,94.257,0.0,1,heldout,
real_buchwald_hartwig,llm_semantic_counter_hypothesis_heteroaromatic_benign_conservative,27141,100.0,94.6761,0.0,1,heldout,
real_buchwald_hartwig,llm_semantic_counter_hypothesis_heteroaromatic_benign_noprior,27141,100.0,94.1805,0.0,1,heldout,
real_buchwald_hartwig,llm_semantic_cross_skill_rule_bank,27141,89.6142,89.3941,10.3858,0,heldout,
real_buchwald_hartwig,llm_semantic_domain_knowledge_electron_poor_halide,27141,92.1197,89.5771,7.8803,0,heldout,
real_buchwald_hartwig,llm_semantic_domain_knowledge_electron_poor_halide_conservative,27141,100.0,97.7028,0.0,1,heldout,
real_buchwald_hartwig,llm_semantic_domain_knowledge_electron_poor_halide_noprior,27141,91.1391,89.3266,8.8609,0,heldout,
real_buchwald_hartwig,llm_semantic_guanidine_base_high_mw_aryl_halide,27141,88.5139,88.5139,11.4861,0,heldout,
real_buchwald_hartwig,llm_semantic_guanidine_base_high_mw_aryl_halide_conservative,27141,100.0,93.1083,0.0,1,heldout,
real_buchwald_hartwig,llm_semantic_guanidine_base_high_mw_aryl_halide_noprior,27141,100.0,95.4056,0.0,1,heldout,
real_buchwald_hartwig,llm_semantic_high_mw_ligand_low_tpsa_base,27141,89.6142,88.844,10.3858,0,heldout,
real_buchwald_hartwig,llm_semantic_high_mw_ligand_low_tpsa_base_conservative,27141,88.5139,88.5139,11.4861,0,heldout,
real_buchwald_hartwig,llm_semantic_high_mw_ligand_low_tpsa_base_noprior,27141,100.0,96.7706,0.0,1,heldout,
real_buchwald_hartwig,llm_semantic_phosphazene_base_heteroaromatic_halide,27141,96.1323,89.6058,3.8677,0,heldout,
real_buchwald_hartwig,llm_semantic_phosphazene_base_heteroaromatic_halide_conservative,27141,100.0,97.7028,0.0,1,heldout,
real_buchwald_hartwig,llm_semantic_phosphazene_base_heteroaromatic_halide_noprior,27141,89.6142,88.734,10.3858,0,heldout,
real_buchwald_hartwig,mixed_kernel_gp_ei,27141,89.6142,88.844,10.3858,0,heldout,
real_buchwald_hartwig,target_acquisition_portfolio,27141,89.6142,88.844,10.3858,0,heldout,
real_buchwald_hartwig,care_strategy_router,27142,84.4042,82.721,15.5958,0,heldout,llambo_warmstart_domain_knowledge_electron_poor_halide_noprior
real_buchwald_hartwig,gp_ucb,27142,100.0,93.882,0.0,1,heldout,
real_buchwald_hartwig,llambo_warmstart_additive_tpsa_mid_base_tpsa_mid_synergy,27142,92.3538,85.7651,7.6462,0,heldout,
real_buchwald_hartwig,llambo_warmstart_additive_tpsa_mid_base_tpsa_mid_synergy_conservative,27142,92.3538,85.7651,7.6462,0,heldout,
real_buchwald_hartwig,llambo_warmstart_additive_tpsa_mid_base_tpsa_mid_synergy_noprior,27142,92.3538,85.7651,7.6462,0,heldout,
real_buchwald_hartwig,llambo_warmstart_amidine_base_simple_aryl_halide,27142,100.0,77.13,0.0,1,heldout,
real_buchwald_hartwig,llambo_warmstart_amidine_base_simple_aryl_halide_conservative,27142,100.0,77.13,0.0,1,heldout,
real_buchwald_hartwig,llambo_warmstart_amidine_base_simple_aryl_halide_noprior,27142,100.0,77.13,0.0,1,heldout,
real_buchwald_hartwig,llambo_warmstart_conservative_low_semantic_mass,27142,97.2929,92.7372,2.7071,0,heldout,
real_buchwald_hartwig,llambo_warmstart_conservative_low_semantic_mass_conservative,27142,97.2929,92.7372,2.7071,0,heldout,
real_buchwald_hartwig,llambo_warmstart_conservative_low_semantic_mass_noprior,27142,97.2929,92.7372,2.7071,0,heldout,
real_buchwald_hartwig,llambo_warmstart_counter_hypothesis_heteroaromatic_benign,27142,95.3865,79.6552,4.6135,0,heldout,
real_buchwald_hartwig,llambo_warmstart_counter_hypothesis_heteroaromatic_benign_conservative,27142,95.3865,79.6552,4.6135,0,heldout,
real_buchwald_hartwig,llambo_warmstart_counter_hypothesis_heteroaromatic_benign_noprior,27142,95.3865,79.6552,4.6135,0,heldout,
real_buchwald_hartwig,llambo_warmstart_cross_skill_rule_bank,27142,91.3906,90.9113,8.6094,0,heldout,
real_buchwald_hartwig,llambo_warmstart_domain_knowledge_electron_poor_halide,27142,84.4042,82.721,15.5958,0,heldout,
real_buchwald_hartwig,llambo_warmstart_domain_knowledge_electron_poor_halide_conservative,27142,84.4042,82.721,15.5958,0,heldout,
real_buchwald_hartwig,llambo_warmstart_domain_knowledge_electron_poor_halide_noprior,27142,84.4042,82.721,15.5958,0,heldout,
real_buchwald_hartwig,llambo_warmstart_guanidine_base_high_mw_aryl_halide,27142,92.9142,80.9383,7.0858,0,heldout,
real_buchwald_hartwig,llambo_warmstart_guanidine_base_high_mw_aryl_halide_conservative,27142,92.9142,80.9383,7.0858,0,heldout,
real_buchwald_hartwig,llambo_warmstart_guanidine_base_high_mw_aryl_halide_noprior,27142,92.9142,80.9383,7.0858,0,heldout,
real_buchwald_hartwig,llambo_warmstart_high_mw_ligand_low_tpsa_base,27142,92.9567,87.4166,7.0433,0,heldout,
real_buchwald_hartwig,llambo_warmstart_high_mw_ligand_low_tpsa_base_conservative,27142,92.9567,87.4166,7.0433,0,heldout,
real_buchwald_hartwig,llambo_warmstart_high_mw_ligand_low_tpsa_base_noprior,27142,92.9567,87.4166,7.0433,0,heldout,
real_buchwald_hartwig,llambo_warmstart_phosphazene_base_heteroaromatic_halide,27142,92.8977,92.8977,7.1023,0,heldout,
real_buchwald_hartwig,llambo_warmstart_phosphazene_base_heteroaromatic_halide_conservative,27142,92.8977,92.8977,7.1023,0,heldout,
real_buchwald_hartwig,llambo_warmstart_phosphazene_base_heteroaromatic_halide_noprior,27142,92.8977,92.8977,7.1023,0,heldout,
real_buchwald_hartwig,llambo_warmstart_selector,27142,84.4042,82.721,15.5958,0,heldout,llambo_warmstart_domain_knowledge_electron_poor_halide_noprior
real_buchwald_hartwig,llm_calibrated_selector,27142,95.7526,91.3742,4.2474,0,heldout,llm_semantic_amidine_base_simple_aryl_halide_noprior
real_buchwald_hartwig,llm_direct_prior_additive_tpsa_mid_base_tpsa_mid_synergy,27142,87.7641,87.7641,12.2359,0,heldout,
real_buchwald_hartwig,llm_direct_prior_additive_tpsa_mid_base_tpsa_mid_synergy_conservative,27142,94.2969,91.0305,5.7031,0,heldout,
real_buchwald_hartwig,llm_direct_prior_additive_tpsa_mid_base_tpsa_mid_synergy_noprior,27142,87.7641,87.7641,12.2359,0,heldout,
real_buchwald_hartwig,llm_direct_prior_amidine_base_simple_aryl_halide,27142,87.7641,87.7641,12.2359,0,heldout,
real_buchwald_hartwig,llm_direct_prior_amidine_base_simple_aryl_halide_conservative,27142,87.7641,87.7641,12.2359,0,heldout,
real_buchwald_hartwig,llm_direct_prior_amidine_base_simple_aryl_halide_noprior,27142,87.7641,87.7641,12.2359,0,heldout,
real_buchwald_hartwig,llm_direct_prior_conservative_low_semantic_mass,27142,87.7641,87.7641,12.2359,0,heldout,
real_buchwald_hartwig,llm_direct_prior_conservative_low_semantic_mass_conservative,27142,87.7641,87.7641,12.2359,0,heldout,
real_buchwald_hartwig,llm_direct_prior_conservative_low_semantic_mass_noprior,27142,87.7641,87.7641,12.2359,0,heldout,
real_buchwald_hartwig,llm_direct_prior_counter_hypothesis_heteroaromatic_benign,27142,87.7641,87.7641,12.2359,0,heldout,
real_buchwald_hartwig,llm_direct_prior_counter_hypothesis_heteroaromatic_benign_conservative,27142,87.7641,87.7641,12.2359,0,heldout,
real_buchwald_hartwig,llm_direct_prior_counter_hypothesis_heteroaromatic_benign_noprior,27142,87.7641,87.7641,12.2359,0,heldout,
real_buchwald_hartwig,llm_direct_prior_cross_skill_rule_bank,27142,98.1771,95.1887,1.8229,1,heldout,
real_buchwald_hartwig,llm_direct_prior_domain_knowledge_electron_poor_halide,27142,89.5988,88.131,10.4012,0,heldout,
real_buchwald_hartwig,llm_direct_prior_domain_knowledge_electron_poor_halide_conservative,27142,99.0345,90.9737,0.9655,1,heldout,
real_buchwald_hartwig,llm_direct_prior_domain_knowledge_electron_poor_halide_noprior,27142,89.5988,88.131,10.4012,0,heldout,
real_buchwald_hartwig,llm_direct_prior_guanidine_base_high_mw_aryl_halide,27142,91.511,90.3562,8.489,0,heldout,
real_buchwald_hartwig,llm_direct_prior_guanidine_base_high_mw_aryl_halide_conservative,27142,87.7641,87.7641,12.2359,0,heldout,
real_buchwald_hartwig,llm_direct_prior_guanidine_base_high_mw_aryl_halide_noprior,27142,91.511,90.3562,8.489,0,heldout,
real_buchwald_hartwig,llm_direct_prior_high_mw_ligand_low_tpsa_base,27142,99.0345,90.0182,0.9655,1,heldout,
real_buchwald_hartwig,llm_direct_prior_high_mw_ligand_low_tpsa_base_conservative,27142,100.0,93.2089,0.0,1,heldout,
real_buchwald_hartwig,llm_direct_prior_high_mw_ligand_low_tpsa_base_noprior,27142,99.0345,90.0182,0.9655,1,heldout,
real_buchwald_hartwig,llm_direct_prior_phosphazene_base_heteroaromatic_halide,27142,94.2969,93.6436,5.7031,0,heldout,
real_buchwald_hartwig,llm_direct_prior_phosphazene_base_heteroaromatic_halide_conservative,27142,94.2969,93.6436,5.7031,0,heldout,
real_buchwald_hartwig,llm_direct_prior_phosphazene_base_heteroaromatic_halide_noprior,27142,94.2969,93.6436,5.7031,0,heldout,
real_buchwald_hartwig,llm_direct_prior_selector,27142,89.5988,88.131,10.4012,0,heldout,llm_direct_prior_domain_knowledge_electron_poor_halide_noprior
real_buchwald_hartwig,llm_semantic_additive_tpsa_mid_base_tpsa_mid_synergy,27142,87.7641,87.7641,12.2359,0,heldout,
real_buchwald_hartwig,llm_semantic_additive_tpsa_mid_base_tpsa_mid_synergy_conservative,27142,87.7641,87.7641,12.2359,0,heldout,
real_buchwald_hartwig,llm_semantic_additive_tpsa_mid_base_tpsa_mid_synergy_noprior,27142,87.7641,87.7641,12.2359,0,heldout,
real_buchwald_hartwig,llm_semantic_amidine_base_simple_aryl_halide,27142,88.7252,88.3378,11.2748,0,heldout,
real_buchwald_hartwig,llm_semantic_amidine_base_simple_aryl_halide_conservative,27142,88.4464,88.2417,11.5536,0,heldout,
real_buchwald_hartwig,llm_semantic_amidine_base_simple_aryl_halide_noprior,27142,95.7526,91.3742,4.2474,0,heldout,
real_buchwald_hartwig,llm_semantic_conservative_low_semantic_mass,27142,100.0,96.4253,0.0,1,heldout,
real_buchwald_hartwig,llm_semantic_conservative_low_semantic_mass_conservative,27142,100.0,96.4253,0.0,1,heldout,
real_buchwald_hartwig,llm_semantic_conservative_low_semantic_mass_noprior,27142,100.0,96.4253,0.0,1,heldout,
real_buchwald_hartwig,llm_semantic_counter_hypothesis_heteroaromatic_benign,27142,100.0,96.7039,0.0,1,heldout,
real_buchwald_hartwig,llm_semantic_counter_hypothesis_heteroaromatic_benign_conservative,27142,98.8492,93.8114,1.1508,1,heldout,
real_buchwald_hartwig,llm_semantic_counter_hypothesis_heteroaromatic_benign_noprior,27142,100.0,96.2297,0.0,1,heldout,
real_buchwald_hartwig,llm_semantic_cross_skill_rule_bank,27142,100.0,93.5394,0.0,1,heldout,
real_buchwald_hartwig,llm_semantic_domain_knowledge_electron_poor_halide,27142,100.0,97.5528,0.0,1,heldout,
real_buchwald_hartwig,llm_semantic_domain_knowledge_electron_poor_halide_conservative,27142,90.9905,89.0737,9.0095,0,heldout,
real_buchwald_hartwig,llm_semantic_domain_knowledge_electron_poor_halide_noprior,27142,98.1771,93.2793,1.8229,1,heldout,
real_buchwald_hartwig,llm_semantic_guanidine_base_high_mw_aryl_halide,27142,100.0,91.1917,0.0,1,heldout,
real_buchwald_hartwig,llm_semantic_guanidine_base_high_mw_aryl_halide_conservative,27142,87.7641,87.7641,12.2359,0,heldout,
real_buchwald_hartwig,llm_semantic_guanidine_base_high_mw_aryl_halide_noprior,27142,91.511,89.2629,8.489,0,heldout,
real_buchwald_hartwig,llm_semantic_high_mw_ligand_low_tpsa_base,27142,91.511,91.3198,8.489,0,heldout,
real_buchwald_hartwig,llm_semantic_high_mw_ligand_low_tpsa_base_conservative,27142,91.511,91.3198,8.489,0,heldout,
real_buchwald_hartwig,llm_semantic_high_mw_ligand_low_tpsa_base_noprior,27142,97.5685,93.1101,2.4315,1,heldout,
real_buchwald_hartwig,llm_semantic_phosphazene_base_heteroaromatic_halide,27142,100.0,98.7764,0.0,1,heldout,
real_buchwald_hartwig,llm_semantic_phosphazene_base_heteroaromatic_halide_conservative,27142,100.0,98.7764,0.0,1,heldout,
real_buchwald_hartwig,llm_semantic_phosphazene_base_heteroaromatic_halide_noprior,27142,100.0,98.7764,0.0,1,heldout,
real_buchwald_hartwig,mixed_kernel_gp_ei,27142,98.8492,96.6322,1.1508,1,heldout,
real_buchwald_hartwig,target_acquisition_portfolio,27142,98.8492,90.7305,1.1508,1,heldout,
real_buchwald_hartwig,care_strategy_router,27143,100.0,95.9062,0.0,1,heldout,llambo_warmstart_domain_knowledge_electron_poor_halide_noprior
real_buchwald_hartwig,gp_ucb,27143,93.5641,93.5641,6.4359,0,heldout,
real_buchwald_hartwig,llambo_warmstart_additive_tpsa_mid_base_tpsa_mid_synergy,27143,76.31,76.31,23.69,0,heldout,
real_buchwald_hartwig,llambo_warmstart_additive_tpsa_mid_base_tpsa_mid_synergy_conservative,27143,76.31,76.31,23.69,0,heldout,
real_buchwald_hartwig,llambo_warmstart_additive_tpsa_mid_base_tpsa_mid_synergy_noprior,27143,76.31,76.31,23.69,0,heldout,
real_buchwald_hartwig,llambo_warmstart_amidine_base_simple_aryl_halide,27143,92.659,92.2068,7.341,0,heldout,
real_buchwald_hartwig,llambo_warmstart_amidine_base_simple_aryl_halide_conservative,27143,92.659,92.2068,7.341,0,heldout,
real_buchwald_hartwig,llambo_warmstart_amidine_base_simple_aryl_halide_noprior,27143,92.659,92.2068,7.341,0,heldout,
real_buchwald_hartwig,llambo_warmstart_conservative_low_semantic_mass,27143,95.5552,95.5552,4.4448,0,heldout,
real_buchwald_hartwig,llambo_warmstart_conservative_low_semantic_mass_conservative,27143,95.5552,95.5552,4.4448,0,heldout,
real_buchwald_hartwig,llambo_warmstart_conservative_low_semantic_mass_noprior,27143,95.5552,95.5552,4.4448,0,heldout,
real_buchwald_hartwig,llambo_warmstart_counter_hypothesis_heteroaromatic_benign,27143,95.6759,76.253,4.3241,0,heldout,
real_buchwald_hartwig,llambo_warmstart_counter_hypothesis_heteroaromatic_benign_conservative,27143,95.6759,76.253,4.3241,0,heldout,
real_buchwald_hartwig,llambo_warmstart_counter_hypothesis_heteroaromatic_benign_noprior,27143,95.6759,76.253,4.3241,0,heldout,
real_buchwald_hartwig,llambo_warmstart_cross_skill_rule_bank,27143,98.2872,87.4217,1.7128,1,heldout,
real_buchwald_hartwig,llambo_warmstart_domain_knowledge_electron_poor_halide,27143,100.0,95.9062,0.0,1,heldout,
real_buchwald_hartwig,llambo_warmstart_domain_knowledge_electron_poor_halide_conservative,27143,100.0,95.9062,0.0,1,heldout,
real_buchwald_hartwig,llambo_warmstart_domain_knowledge_electron_poor_halide_noprior,27143,100.0,95.9062,0.0,1,heldout,
real_buchwald_hartwig,llambo_warmstart_guanidine_base_high_mw_aryl_halide,27143,100.0,92.5909,0.0,1,heldout,
real_buchwald_hartwig,llambo_warmstart_guanidine_base_high_mw_aryl_halide_conservative,27143,100.0,92.5909,0.0,1,heldout,
real_buchwald_hartwig,llambo_warmstart_guanidine_base_high_mw_aryl_halide_noprior,27143,100.0,92.5909,0.0,1,heldout,
real_buchwald_hartwig,llambo_warmstart_high_mw_ligand_low_tpsa_base,27143,98.1771,94.9568,1.8229,1,heldout,
real_buchwald_hartwig,llambo_warmstart_high_mw_ligand_low_tpsa_base_conservative,27143,98.1771,94.9568,1.8229,1,heldout,
real_buchwald_hartwig,llambo_warmstart_high_mw_ligand_low_tpsa_base_noprior,27143,98.1771,94.9568,1.8229,1,heldout,
real_buchwald_hartwig,llambo_warmstart_phosphazene_base_heteroaromatic_halide,27143,90.9905,85.1183,9.0095,0,heldout,
real_buchwald_hartwig,llambo_warmstart_phosphazene_base_heteroaromatic_halide_conservative,27143,90.9905,85.1183,9.0095,0,heldout,
real_buchwald_hartwig,llambo_warmstart_phosphazene_base_heteroaromatic_halide_noprior,27143,90.9905,85.1183,9.0095,0,heldout,
real_buchwald_hartwig,llambo_warmstart_selector,27143,100.0,95.9062,0.0,1,heldout,llambo_warmstart_domain_knowledge_electron_poor_halide_noprior
real_buchwald_hartwig,llm_calibrated_selector,27143,99.0345,96.5227,0.9655,1,heldout,llm_semantic_amidine_base_simple_aryl_halide_noprior
real_buchwald_hartwig,llm_direct_prior_additive_tpsa_mid_base_tpsa_mid_synergy,27143,93.5641,93.5641,6.4359,0,heldout,
real_buchwald_hartwig,llm_direct_prior_additive_tpsa_mid_base_tpsa_mid_synergy_conservative,27143,93.5641,93.5641,6.4359,0,heldout,
real_buchwald_hartwig,llm_direct_prior_additive_tpsa_mid_base_tpsa_mid_synergy_noprior,27143,93.5641,93.5641,6.4359,0,heldout,
real_buchwald_hartwig,llm_direct_prior_amidine_base_simple_aryl_halide,27143,93.5641,93.5641,6.4359,0,heldout,
real_buchwald_hartwig,llm_direct_prior_amidine_base_simple_aryl_halide_conservative,27143,93.5641,93.5641,6.4359,0,heldout,
real_buchwald_hartwig,llm_direct_prior_amidine_base_simple_aryl_halide_noprior,27143,93.5641,93.5641,6.4359,0,heldout,
real_buchwald_hartwig,llm_direct_prior_conservative_low_semantic_mass,27143,93.5641,93.5641,6.4359,0,heldout,
real_buchwald_hartwig,llm_direct_prior_conservative_low_semantic_mass_conservative,27143,93.5641,93.5641,6.4359,0,heldout,
real_buchwald_hartwig,llm_direct_prior_conservative_low_semantic_mass_noprior,27143,93.5641,93.5641,6.4359,0,heldout,
real_buchwald_hartwig,llm_direct_prior_counter_hypothesis_heteroaromatic_benign,27143,93.5641,93.5641,6.4359,0,heldout,
real_buchwald_hartwig,llm_direct_prior_counter_hypothesis_heteroaromatic_benign_conservative,27143,93.5641,93.5641,6.4359,0,heldout,
real_buchwald_hartwig,llm_direct_prior_counter_hypothesis_heteroaromatic_benign_noprior,27143,93.5641,93.5641,6.4359,0,heldout,
real_buchwald_hartwig,llm_direct_prior_cross_skill_rule_bank,27143,93.5641,93.5641,6.4359,0,heldout,
real_buchwald_hartwig,llm_direct_prior_domain_knowledge_electron_poor_halide,27143,93.5641,93.5641,6.4359,0,heldout,
real_buchwald_hartwig,llm_direct_prior_domain_knowledge_electron_poor_halide_conservative,27143,93.5641,93.5641,6.4359,0,heldout,
real_buchwald_hartwig,llm_direct_prior_domain_knowledge_electron_poor_halide_noprior,27143,93.5641,93.5641,6.4359,0,heldout,
real_buchwald_hartwig,llm_direct_prior_guanidine_base_high_mw_aryl_halide,27143,93.5641,93.5641,6.4359,0,heldout,
real_buchwald_hartwig,llm_direct_prior_guanidine_base_high_mw_aryl_halide_conservative,27143,97.2929,95.4285,2.7071,0,heldout,
real_buchwald_hartwig,llm_direct_prior_guanidine_base_high_mw_aryl_halide_noprior,27143,93.5641,93.5641,6.4359,0,heldout,
real_buchwald_hartwig,llm_direct_prior_high_mw_ligand_low_tpsa_base,27143,93.5641,93.5641,6.4359,0,heldout,
real_buchwald_hartwig,llm_direct_prior_high_mw_ligand_low_tpsa_base_conservative,27143,99.0345,96.2993,0.9655,1,heldout,
real_buchwald_hartwig,llm_direct_prior_high_mw_ligand_low_tpsa_base_noprior,27143,93.5641,93.5641,6.4359,0,heldout,
real_buchwald_hartwig,llm_direct_prior_phosphazene_base_heteroaromatic_halide,27143,94.2969,93.7839,5.7031,0,heldout,
real_buchwald_hartwig,llm_direct_prior_phosphazene_base_heteroaromatic_halide_conservative,27143,93.5641,93.5641,6.4359,0,heldout,
real_buchwald_hartwig,llm_direct_prior_phosphazene_base_heteroaromatic_halide_noprior,27143,94.2969,93.7839,5.7031,0,heldout,
real_buchwald_hartwig,llm_direct_prior_selector,27143,93.5641,93.5641,6.4359,0,heldout,llm_direct_prior_domain_knowledge_electron_poor_halide_noprior
real_buchwald_hartwig,llm_semantic_additive_tpsa_mid_base_tpsa_mid_synergy,27143,93.5641,93.5641,6.4359,0,heldout,
real_buchwald_hartwig,llm_semantic_additive_tpsa_mid_base_tpsa_mid_synergy_conservative,27143,94.5498,93.7612,5.4502,0,heldout,
real_buchwald_hartwig,llm_semantic_additive_tpsa_mid_base_tpsa_mid_synergy_noprior,27143,93.5641,93.5641,6.4359,0,heldout,
real_buchwald_hartwig,llm_semantic_amidine_base_simple_aryl_halide,27143,97.2929,95.4285,2.7071,0,heldout,
real_buchwald_hartwig,llm_semantic_amidine_base_simple_aryl_halide_conservative,27143,96.1323,95.105,3.8677,0,heldout,
real_buchwald_hartwig,llm_semantic_amidine_base_simple_aryl_halide_noprior,27143,99.0345,96.5227,0.9655,1,heldout,
real_buchwald_hartwig,llm_semantic_conservative_low_semantic_mass,27143,93.5641,93.5641,6.4359,0,heldout,
real_buchwald_hartwig,llm_semantic_conservative_low_semantic_mass_conservative,27143,99.6191,95.3806,0.3809,1,heldout,
real_buchwald_hartwig,llm_semantic_conservative_low_semantic_mass_noprior,27143,99.6191,95.3806,0.3809,1,heldout,
real_buchwald_hartwig,llm_semantic_counter_hypothesis_heteroaromatic_benign,27143,93.5641,93.5641,6.4359,0,heldout,
real_buchwald_hartwig,llm_semantic_counter_hypothesis_heteroaromatic_benign_conservative,27143,96.1323,95.8755,3.8677,0,heldout,
real_buchwald_hartwig,llm_semantic_counter_hypothesis_heteroaromatic_benign_noprior,27143,99.0345,96.1991,0.9655,1,heldout,
real_buchwald_hartwig,llm_semantic_cross_skill_rule_bank,27143,96.1323,94.0777,3.8677,0,heldout,
real_buchwald_hartwig,llm_semantic_domain_knowledge_electron_poor_halide,27143,93.5641,93.5641,6.4359,0,heldout,
real_buchwald_hartwig,llm_semantic_domain_knowledge_electron_poor_halide_conservative,27143,93.5641,93.5641,6.4359,0,heldout,
real_buchwald_hartwig,llm_semantic_domain_knowledge_electron_poor_halide_noprior,27143,93.5641,93.5641,6.4359,0,heldout,
real_buchwald_hartwig,llm_semantic_guanidine_base_high_mw_aryl_halide,27143,93.5641,93.5641,6.4359,0,heldout,
real_buchwald_hartwig,llm_semantic_guanidine_base_high_mw_aryl_halide_conservative,27143,93.5641,93.5641,6.4359,0,heldout,
real_buchwald_hartwig,llm_semantic_guanidine_base_high_mw_aryl_halide_noprior,27143,93.5641,93.5641,6.4359,0,heldout,
real_buchwald_hartwig,llm_semantic_high_mw_ligand_low_tpsa_base,27143,96.1323,96.1323,3.8677,0,heldout,
real_buchwald_hartwig,llm_semantic_high_mw_ligand_low_tpsa_base_conservative,27143,93.5641,93.5641,6.4359,0,heldout,
real_buchwald_hartwig,llm_semantic_high_mw_ligand_low_tpsa_base_noprior,27143,96.1323,95.3618,3.8677,0,heldout,
real_buchwald_hartwig,llm_semantic_phosphazene_base_heteroaromatic_halide,27143,93.5641,93.5641,6.4359,0,heldout,
real_buchwald_hartwig,llm_semantic_phosphazene_base_heteroaromatic_halide_conservative,27143,93.5641,93.5641,6.4359,0,heldout,
real_buchwald_hartwig,llm_semantic_phosphazene_base_heteroaromatic_halide_noprior,27143,93.5641,93.5641,6.4359,0,heldout,
real_buchwald_hartwig,mixed_kernel_gp_ei,27143,97.2929,94.7081,2.7071,0,heldout,
real_buchwald_hartwig,target_acquisition_portfolio,27143,93.5641,93.5641,6.4359,0,heldout,
real_buchwald_hartwig,care_strategy_router,27144,94.1517,94.1517,5.8483,0,heldout,llambo_warmstart_domain_knowledge_electron_poor_halide_noprior
real_buchwald_hartwig,gp_ucb,27144,98.7313,97.961,1.2687,1,heldout,
real_buchwald_hartwig,llambo_warmstart_additive_tpsa_mid_base_tpsa_mid_synergy,27144,86.6896,84.6438,13.3104,0,heldout,
real_buchwald_hartwig,llambo_warmstart_additive_tpsa_mid_base_tpsa_mid_synergy_conservative,27144,86.6896,84.6438,13.3104,0,heldout,
real_buchwald_hartwig,llambo_warmstart_additive_tpsa_mid_base_tpsa_mid_synergy_noprior,27144,86.6896,84.6438,13.3104,0,heldout,
real_buchwald_hartwig,llambo_warmstart_amidine_base_simple_aryl_halide,27144,100.0,95.7657,0.0,1,heldout,
real_buchwald_hartwig,llambo_warmstart_amidine_base_simple_aryl_halide_conservative,27144,100.0,95.7657,0.0,1,heldout,
real_buchwald_hartwig,llambo_warmstart_amidine_base_simple_aryl_halide_noprior,27144,100.0,95.7657,0.0,1,heldout,
real_buchwald_hartwig,llambo_warmstart_conservative_low_semantic_mass,27144,97.2929,96.6312,2.7071,0,heldout,
real_buchwald_hartwig,llambo_warmstart_conservative_low_semantic_mass_conservative,27144,97.2929,96.6312,2.7071,0,heldout,
real_buchwald_hartwig,llambo_warmstart_conservative_low_semantic_mass_noprior,27144,97.2929,96.6312,2.7071,0,heldout,
real_buchwald_hartwig,llambo_warmstart_counter_hypothesis_heteroaromatic_benign,27144,89.3231,78.1157,10.6769,0,heldout,
real_buchwald_hartwig,llambo_warmstart_counter_hypothesis_heteroaromatic_benign_conservative,27144,89.3231,78.1157,10.6769,0,heldout,
real_buchwald_hartwig,llambo_warmstart_counter_hypothesis_heteroaromatic_benign_noprior,27144,89.3231,78.1157,10.6769,0,heldout,
real_buchwald_hartwig,llambo_warmstart_cross_skill_rule_bank,27144,84.5889,82.6612,15.4111,0,heldout,
real_buchwald_hartwig,llambo_warmstart_domain_knowledge_electron_poor_halide,27144,94.1517,94.1517,5.8483,0,heldout,
real_buchwald_hartwig,llambo_warmstart_domain_knowledge_electron_poor_halide_conservative,27144,94.1517,94.1517,5.8483,0,heldout,
real_buchwald_hartwig,llambo_warmstart_domain_knowledge_electron_poor_halide_noprior,27144,94.1517,94.1517,5.8483,0,heldout,
real_buchwald_hartwig,llambo_warmstart_guanidine_base_high_mw_aryl_halide,27144,91.1391,86.3612,8.8609,0,heldout,
real_buchwald_hartwig,llambo_warmstart_guanidine_base_high_mw_aryl_halide_conservative,27144,91.1391,86.3612,8.8609,0,heldout,
real_buchwald_hartwig,llambo_warmstart_guanidine_base_high_mw_aryl_halide_noprior,27144,91.1391,86.3612,8.8609,0,heldout,
real_buchwald_hartwig,llambo_warmstart_high_mw_ligand_low_tpsa_base,27144,83.0547,79.7155,16.9453,0,heldout,
real_buchwald_hartwig,llambo_warmstart_high_mw_ligand_low_tpsa_base_conservative,27144,83.0547,79.7155,16.9453,0,heldout,
real_buchwald_hartwig,llambo_warmstart_high_mw_ligand_low_tpsa_base_noprior,27144,83.0547,79.7155,16.9453,0,heldout,
real_buchwald_hartwig,llambo_warmstart_phosphazene_base_heteroaromatic_halide,27144,97.948,94.7815,2.052,1,heldout,
real_buchwald_hartwig,llambo_warmstart_phosphazene_base_heteroaromatic_halide_conservative,27144,97.948,94.7815,2.052,1,heldout,
real_buchwald_hartwig,llambo_warmstart_phosphazene_base_heteroaromatic_halide_noprior,27144,97.948,94.7815,2.052,1,heldout,
real_buchwald_hartwig,llambo_warmstart_selector,27144,94.1517,94.1517,5.8483,0,heldout,llambo_warmstart_domain_knowledge_electron_poor_halide_noprior
real_buchwald_hartwig,llm_calibrated_selector,27144,98.2872,73.113,1.7128,1,heldout,llm_semantic_amidine_base_simple_aryl_halide_noprior
real_buchwald_hartwig,llm_direct_prior_additive_tpsa_mid_base_tpsa_mid_synergy,27144,74.0474,71.1468,25.9526,0,heldout,
real_buchwald_hartwig,llm_direct_prior_additive_tpsa_mid_base_tpsa_mid_synergy_conservative,27144,51.0713,48.6592,48.9287,0,heldout,
real_buchwald_hartwig,llm_direct_prior_additive_tpsa_mid_base_tpsa_mid_synergy_noprior,27144,74.0474,71.1468,25.9526,0,heldout,
real_buchwald_hartwig,llm_direct_prior_amidine_base_simple_aryl_halide,27144,93.0289,64.3522,6.9711,0,heldout,
real_buchwald_hartwig,llm_direct_prior_amidine_base_simple_aryl_halide_conservative,27144,98.2872,65.4039,1.7128,1,heldout,
real_buchwald_hartwig,llm_direct_prior_amidine_base_simple_aryl_halide_noprior,27144,93.0289,64.3522,6.9711,0,heldout,
real_buchwald_hartwig,llm_direct_prior_conservative_low_semantic_mass,27144,86.1051,72.9116,13.8949,0,heldout,
real_buchwald_hartwig,llm_direct_prior_conservative_low_semantic_mass_conservative,27144,86.1051,72.9116,13.8949,0,heldout,
real_buchwald_hartwig,llm_direct_prior_conservative_low_semantic_mass_noprior,27144,86.1051,72.9116,13.8949,0,heldout,
real_buchwald_hartwig,llm_direct_prior_counter_hypothesis_heteroaromatic_benign,27144,52.3781,51.5367,47.6219,0,heldout,
real_buchwald_hartwig,llm_direct_prior_counter_hypothesis_heteroaromatic_benign_conservative,27144,93.0289,60.2513,6.9711,0,heldout,
real_buchwald_hartwig,llm_direct_prior_counter_hypothesis_heteroaromatic_benign_noprior,27144,52.3781,51.5367,47.6219,0,heldout,
real_buchwald_hartwig,llm_direct_prior_cross_skill_rule_bank,27144,98.2872,95.8542,1.7128,1,heldout,
real_buchwald_hartwig,llm_direct_prior_domain_knowledge_electron_poor_halide,27144,93.4211,93.4211,6.5789,0,heldout,
real_buchwald_hartwig,llm_direct_prior_domain_knowledge_electron_poor_halide_conservative,27144,93.4211,93.4211,6.5789,0,heldout,
real_buchwald_hartwig,llm_direct_prior_domain_knowledge_electron_poor_halide_noprior,27144,93.4211,93.4211,6.5789,0,heldout,
real_buchwald_hartwig,llm_direct_prior_guanidine_base_high_mw_aryl_halide,27144,82.1374,68.9491,17.8626,0,heldout,
real_buchwald_hartwig,llm_direct_prior_guanidine_base_high_mw_aryl_halide_conservative,27144,83.7372,66.7976,16.2628,0,heldout,
real_buchwald_hartwig,llm_direct_prior_guanidine_base_high_mw_aryl_halide_noprior,27144,82.1374,68.9491,17.8626,0,heldout,
real_buchwald_hartwig,llm_direct_prior_high_mw_ligand_low_tpsa_base,27144,92.3912,92.3912,7.6088,0,heldout,
real_buchwald_hartwig,llm_direct_prior_high_mw_ligand_low_tpsa_base_conservative,27144,93.4211,93.4211,6.5789,0,heldout,
real_buchwald_hartwig,llm_direct_prior_high_mw_ligand_low_tpsa_base_noprior,27144,92.3912,92.3912,7.6088,0,heldout,
real_buchwald_hartwig,llm_direct_prior_phosphazene_base_heteroaromatic_halide,27144,74.0474,71.1468,25.9526,0,heldout,
real_buchwald_hartwig,llm_direct_prior_phosphazene_base_heteroaromatic_halide_conservative,27144,93.0289,88.2301,6.9711,0,heldout,
real_buchwald_hartwig,llm_direct_prior_phosphazene_base_heteroaromatic_halide_noprior,27144,74.0474,71.1468,25.9526,0,heldout,
real_buchwald_hartwig,llm_direct_prior_selector,27144,93.4211,93.4211,6.5789,0,heldout,llm_direct_prior_domain_knowledge_electron_poor_halide_noprior
real_buchwald_hartwig,llm_semantic_additive_tpsa_mid_base_tpsa_mid_synergy,27144,83.9556,79.1632,16.0444,0,heldout,
real_buchwald_hartwig,llm_semantic_additive_tpsa_mid_base_tpsa_mid_synergy_conservative,27144,93.0289,53.8049,6.9711,0,heldout,
real_buchwald_hartwig,llm_semantic_additive_tpsa_mid_base_tpsa_mid_synergy_noprior,27144,78.8011,64.9017,21.1989,0,heldout,
real_buchwald_hartwig,llm_semantic_amidine_base_simple_aryl_halide,27144,98.2872,68.6682,1.7128,1,heldout,
real_buchwald_hartwig,llm_semantic_amidine_base_simple_aryl_halide_conservative,27144,98.2872,79.0821,1.7128,1,heldout,
real_buchwald_hartwig,llm_semantic_amidine_base_simple_aryl_halide_noprior,27144,98.2872,73.113,1.7128,1,heldout,
real_buchwald_hartwig,llm_semantic_conservative_low_semantic_mass,27144,86.1051,63.3472,13.8949,0,heldout,
real_buchwald_hartwig,llm_semantic_conservative_low_semantic_mass_conservative,27144,86.1051,63.3472,13.8949,0,heldout,
real_buchwald_hartwig,llm_semantic_conservative_low_semantic_mass_noprior,27144,86.1051,63.3472,13.8949,0,heldout,
real_buchwald_hartwig,llm_semantic_counter_hypothesis_heteroaromatic_benign,27144,98.2872,65.8995,1.7128,1,heldout,
real_buchwald_hartwig,llm_semantic_counter_hypothesis_heteroaromatic_benign_conservative,27144,55.1638,53.2769,44.8362,0,heldout,
real_buchwald_hartwig,llm_semantic_counter_hypothesis_heteroaromatic_benign_noprior,27144,55.1638,52.3335,44.8362,0,heldout,
real_buchwald_hartwig,llm_semantic_cross_skill_rule_bank,27144,98.2872,63.6125,1.7128,1,heldout,
real_buchwald_hartwig,llm_semantic_domain_knowledge_electron_poor_halide,27144,89.6142,68.9998,10.3858,0,heldout,
real_buchwald_hartwig,llm_semantic_domain_knowledge_electron_poor_halide_conservative,27144,93.0289,75.6045,6.9711,0,heldout,
real_buchwald_hartwig,llm_semantic_domain_knowledge_electron_poor_halide_noprior,27144,93.8745,74.6095,6.1255,0,heldout,
real_buchwald_hartwig,llm_semantic_guanidine_base_high_mw_aryl_halide,27144,98.2872,83.4101,1.7128,1,heldout,
real_buchwald_hartwig,llm_semantic_guanidine_base_high_mw_aryl_halide_conservative,27144,88.1675,60.5941,11.8325,0,heldout,
real_buchwald_hartwig,llm_semantic_guanidine_base_high_mw_aryl_halide_noprior,27144,93.0289,66.7137,6.9711,0,heldout,
real_buchwald_hartwig,llm_semantic_high_mw_ligand_low_tpsa_base,27144,91.4851,91.4851,8.5149,0,heldout,
real_buchwald_hartwig,llm_semantic_high_mw_ligand_low_tpsa_base_conservative,27144,98.2872,82.7236,1.7128,1,heldout,
real_buchwald_hartwig,llm_semantic_high_mw_ligand_low_tpsa_base_noprior,27144,93.0289,68.4447,6.9711,0,heldout,
real_buchwald_hartwig,llm_semantic_phosphazene_base_heteroaromatic_halide,27144,91.1391,66.5058,8.8609,0,heldout,
real_buchwald_hartwig,llm_semantic_phosphazene_base_heteroaromatic_halide_conservative,27144,98.2872,75.5894,1.7128,1,heldout,
real_buchwald_hartwig,llm_semantic_phosphazene_base_heteroaromatic_halide_noprior,27144,91.1391,60.857,8.8609,0,heldout,
real_buchwald_hartwig,mixed_kernel_gp_ei,27144,98.7313,97.961,1.2687,1,heldout,
real_buchwald_hartwig,target_acquisition_portfolio,27144,98.7313,97.961,1.2687,1,heldout,
real_buchwald_hartwig,care_strategy_router,27145,93.3108,91.9466,6.6892,0,heldout,llambo_warmstart_domain_knowledge_electron_poor_halide_noprior
real_buchwald_hartwig,gp_ucb,27145,88.4464,86.9937,11.5536,0,heldout,
real_buchwald_hartwig,llambo_warmstart_additive_tpsa_mid_base_tpsa_mid_synergy,27145,76.31,64.5949,23.69,0,heldout,
real_buchwald_hartwig,llambo_warmstart_additive_tpsa_mid_base_tpsa_mid_synergy_conservative,27145,76.31,64.5949,23.69,0,heldout,
real_buchwald_hartwig,llambo_warmstart_additive_tpsa_mid_base_tpsa_mid_synergy_noprior,27145,76.31,64.5949,23.69,0,heldout,
real_buchwald_hartwig,llambo_warmstart_amidine_base_simple_aryl_halide,27145,98.8492,86.0355,1.1508,1,heldout,
real_buchwald_hartwig,llambo_warmstart_amidine_base_simple_aryl_halide_conservative,27145,98.8492,86.0355,1.1508,1,heldout,
real_buchwald_hartwig,llambo_warmstart_amidine_base_simple_aryl_halide_noprior,27145,98.8492,86.0355,1.1508,1,heldout,
real_buchwald_hartwig,llambo_warmstart_conservative_low_semantic_mass,27145,93.3108,88.9813,6.6892,0,heldout,
real_buchwald_hartwig,llambo_warmstart_conservative_low_semantic_mass_conservative,27145,93.3108,88.9813,6.6892,0,heldout,
real_buchwald_hartwig,llambo_warmstart_conservative_low_semantic_mass_noprior,27145,93.3108,88.9813,6.6892,0,heldout,
real_buchwald_hartwig,llambo_warmstart_counter_hypothesis_heteroaromatic_benign,27145,100.0,90.8162,0.0,1,heldout,
real_buchwald_hartwig,llambo_warmstart_counter_hypothesis_heteroaromatic_benign_conservative,27145,100.0,90.8162,0.0,1,heldout,
real_buchwald_hartwig,llambo_warmstart_counter_hypothesis_heteroaromatic_benign_noprior,27145,100.0,90.8162,0.0,1,heldout,
real_buchwald_hartwig,llambo_warmstart_cross_skill_rule_bank,27145,99.6191,96.278,0.3809,1,heldout,
real_buchwald_hartwig,llambo_warmstart_domain_knowledge_electron_poor_halide,27145,93.3108,91.9466,6.6892,0,heldout,
real_buchwald_hartwig,llambo_warmstart_domain_knowledge_electron_poor_halide_conservative,27145,93.3108,91.9466,6.6892,0,heldout,
real_buchwald_hartwig,llambo_warmstart_domain_knowledge_electron_poor_halide_noprior,27145,93.3108,91.9466,6.6892,0,heldout,
real_buchwald_hartwig,llambo_warmstart_guanidine_base_high_mw_aryl_halide,27145,98.7313,94.9999,1.2687,1,heldout,
real_buchwald_hartwig,llambo_warmstart_guanidine_base_high_mw_aryl_halide_conservative,27145,98.7313,94.9999,1.2687,1,heldout,
real_buchwald_hartwig,llambo_warmstart_guanidine_base_high_mw_aryl_halide_noprior,27145,98.7313,94.9999,1.2687,1,heldout,
real_buchwald_hartwig,llambo_warmstart_high_mw_ligand_low_tpsa_base,27145,97.2929,96.5276,2.7071,0,heldout,
real_buchwald_hartwig,llambo_warmstart_high_mw_ligand_low_tpsa_base_conservative,27145,97.2929,96.5276,2.7071,0,heldout,
real_buchwald_hartwig,llambo_warmstart_high_mw_ligand_low_tpsa_base_noprior,27145,97.2929,96.5276,2.7071,0,heldout,
real_buchwald_hartwig,llambo_warmstart_phosphazene_base_heteroaromatic_halide,27145,81.2283,72.8994,18.7717,0,heldout,
real_buchwald_hartwig,llambo_warmstart_phosphazene_base_heteroaromatic_halide_conservative,27145,81.2283,72.8994,18.7717,0,heldout,
real_buchwald_hartwig,llambo_warmstart_phosphazene_base_heteroaromatic_halide_noprior,27145,81.2283,72.8994,18.7717,0,heldout,
real_buchwald_hartwig,llambo_warmstart_selector,27145,93.3108,91.9466,6.6892,0,heldout,llambo_warmstart_domain_knowledge_electron_poor_halide_noprior
real_buchwald_hartwig,llm_calibrated_selector,27145,93.0995,85.6431,6.9005,0,heldout,llm_semantic_amidine_base_simple_aryl_halide_noprior
real_buchwald_hartwig,llm_direct_prior_additive_tpsa_mid_base_tpsa_mid_synergy,27145,84.8146,84.8146,15.1854,0,heldout,
real_buchwald_hartwig,llm_direct_prior_additive_tpsa_mid_base_tpsa_mid_synergy_conservative,27145,84.8146,84.8146,15.1854,0,heldout,
real_buchwald_hartwig,llm_direct_prior_additive_tpsa_mid_base_tpsa_mid_synergy_noprior,27145,84.8146,84.8146,15.1854,0,heldout,
real_buchwald_hartwig,llm_direct_prior_amidine_base_simple_aryl_halide,27145,84.8146,84.8146,15.1854,0,heldout,
real_buchwald_hartwig,llm_direct_prior_amidine_base_simple_aryl_halide_conservative,27145,86.0035,85.0524,13.9965,0,heldout,
real_buchwald_hartwig,llm_direct_prior_amidine_base_simple_aryl_halide_noprior,27145,84.8146,84.8146,15.1854,0,heldout,
real_buchwald_hartwig,llm_direct_prior_conservative_low_semantic_mass,27145,93.7486,89.2816,6.2514,0,heldout,
real_buchwald_hartwig,llm_direct_prior_conservative_low_semantic_mass_conservative,27145,93.7486,89.2816,6.2514,0,heldout,
real_buchwald_hartwig,llm_direct_prior_conservative_low_semantic_mass_noprior,27145,93.7486,89.2816,6.2514,0,heldout,
real_buchwald_hartwig,llm_direct_prior_counter_hypothesis_heteroaromatic_benign,27145,84.8146,84.8146,15.1854,0,heldout,
real_buchwald_hartwig,llm_direct_prior_counter_hypothesis_heteroaromatic_benign_conservative,27145,84.8146,84.8146,15.1854,0,heldout,
real_buchwald_hartwig,llm_direct_prior_counter_hypothesis_heteroaromatic_benign_noprior,27145,84.8146,84.8146,15.1854,0,heldout,
real_buchwald_hartwig,llm_direct_prior_cross_skill_rule_bank,27145,100.0,96.9629,0.0,1,heldout,
real_buchwald_hartwig,llm_direct_prior_domain_knowledge_electron_poor_halide,27145,84.8146,84.8146,15.1854,0,heldout,
real_buchwald_hartwig,llm_direct_prior_domain_knowledge_electron_poor_halide_conservative,27145,85.6057,85.3684,14.3943,0,heldout,
real_buchwald_hartwig,llm_direct_prior_domain_knowledge_electron_poor_halide_noprior,27145,84.8146,84.8146,15.1854,0,heldout,
real_buchwald_hartwig,llm_direct_prior_guanidine_base_high_mw_aryl_halide,27145,84.8146,84.8146,15.1854,0,heldout,
real_buchwald_hartwig,llm_direct_prior_guanidine_base_high_mw_aryl_halide_conservative,27145,93.0289,86.4575,6.9711,0,heldout,
real_buchwald_hartwig,llm_direct_prior_guanidine_base_high_mw_aryl_halide_noprior,27145,84.8146,84.8146,15.1854,0,heldout,
real_buchwald_hartwig,llm_direct_prior_high_mw_ligand_low_tpsa_base,27145,92.3912,87.2303,7.6088,0,heldout,
real_buchwald_hartwig,llm_direct_prior_high_mw_ligand_low_tpsa_base_conservative,27145,93.1012,86.197,6.8988,0,heldout,
real_buchwald_hartwig,llm_direct_prior_high_mw_ligand_low_tpsa_base_noprior,27145,92.3912,87.2303,7.6088,0,heldout,
real_buchwald_hartwig,llm_direct_prior_phosphazene_base_heteroaromatic_halide,27145,84.8146,84.8146,15.1854,0,heldout,
real_buchwald_hartwig,llm_direct_prior_phosphazene_base_heteroaromatic_halide_conservative,27145,84.8146,84.8146,15.1854,0,heldout,
real_buchwald_hartwig,llm_direct_prior_phosphazene_base_heteroaromatic_halide_noprior,27145,84.8146,84.8146,15.1854,0,heldout,
real_buchwald_hartwig,llm_direct_prior_selector,27145,84.8146,84.8146,15.1854,0,heldout,llm_direct_prior_domain_knowledge_electron_poor_halide_noprior
real_buchwald_hartwig,llm_semantic_additive_tpsa_mid_base_tpsa_mid_synergy,27145,84.8146,84.8146,15.1854,0,heldout,
real_buchwald_hartwig,llm_semantic_additive_tpsa_mid_base_tpsa_mid_synergy_conservative,27145,84.8146,84.8146,15.1854,0,heldout,
real_buchwald_hartwig,llm_semantic_additive_tpsa_mid_base_tpsa_mid_synergy_noprior,27145,84.8146,84.8146,15.1854,0,heldout,
real_buchwald_hartwig,llm_semantic_amidine_base_simple_aryl_halide,27145,93.0995,86.4716,6.9005,0,heldout,
real_buchwald_hartwig,llm_semantic_amidine_base_simple_aryl_halide_conservative,27145,93.3108,87.3212,6.6892,0,heldout,
real_buchwald_hartwig,llm_semantic_amidine_base_simple_aryl_halide_noprior,27145,93.0995,85.6431,6.9005,0,heldout,
real_buchwald_hartwig,llm_semantic_conservative_low_semantic_mass,27145,93.3108,89.8278,6.6892,0,heldout,
real_buchwald_hartwig,llm_semantic_conservative_low_semantic_mass_conservative,27145,93.0995,89.7855,6.9005,0,heldout,
real_buchwald_hartwig,llm_semantic_conservative_low_semantic_mass_noprior,27145,93.0995,89.7855,6.9005,0,heldout,
real_buchwald_hartwig,llm_semantic_counter_hypothesis_heteroaromatic_benign,27145,93.0995,88.1286,6.9005,0,heldout,
real_buchwald_hartwig,llm_semantic_counter_hypothesis_heteroaromatic_benign_conservative,27145,88.4464,85.1778,11.5536,0,heldout,
real_buchwald_hartwig,llm_semantic_counter_hypothesis_heteroaromatic_benign_noprior,27145,85.6057,85.0519,14.3943,0,heldout,
real_buchwald_hartwig,llm_semantic_cross_skill_rule_bank,27145,85.9947,85.0506,14.0053,0,heldout,
real_buchwald_hartwig,llm_semantic_domain_knowledge_electron_poor_halide,27145,100.0,87.6243,0.0,1,heldout,
real_buchwald_hartwig,llm_semantic_domain_knowledge_electron_poor_halide_conservative,27145,92.256,85.5587,7.744,0,heldout,
real_buchwald_hartwig,llm_semantic_domain_knowledge_electron_poor_halide_noprior,27145,93.0289,86.4575,6.9711,0,heldout,
real_buchwald_hartwig,llm_semantic_guanidine_base_high_mw_aryl_halide,27145,100.0,90.8229,0.0,1,heldout,
real_buchwald_hartwig,llm_semantic_guanidine_base_high_mw_aryl_halide_conservative,27145,100.0,89.6676,0.0,1,heldout,
real_buchwald_hartwig,llm_semantic_guanidine_base_high_mw_aryl_halide_noprior,27145,88.4464,87.72,11.5536,0,heldout,
real_buchwald_hartwig,llm_semantic_high_mw_ligand_low_tpsa_base,27145,100.0,89.3702,0.0,1,heldout,
real_buchwald_hartwig,llm_semantic_high_mw_ligand_low_tpsa_base_conservative,27145,93.0289,85.636,6.9711,0,heldout,
real_buchwald_hartwig,llm_semantic_high_mw_ligand_low_tpsa_base_noprior,27145,98.2872,89.9734,1.7128,1,heldout,
real_buchwald_hartwig,llm_semantic_phosphazene_base_heteroaromatic_halide,27145,93.1012,86.551,6.8988,0,heldout,
real_buchwald_hartwig,llm_semantic_phosphazene_base_heteroaromatic_halide_conservative,27145,85.1332,84.9102,14.8668,0,heldout,
real_buchwald_hartwig,llm_semantic_phosphazene_base_heteroaromatic_halide_noprior,27145,94.5498,87.7485,5.4502,0,heldout,
real_buchwald_hartwig,mixed_kernel_gp_ei,27145,88.4464,88.0832,11.5536,0,heldout,
real_buchwald_hartwig,target_acquisition_portfolio,27145,100.0,93.4968,0.0,1,heldout,
real_buchwald_hartwig,care_strategy_router,27146,83.0547,83.0547,16.9453,0,heldout,llambo_warmstart_domain_knowledge_electron_poor_halide_noprior
real_buchwald_hartwig,gp_ucb,27146,92.127,90.1895,7.873,0,heldout,
real_buchwald_hartwig,llambo_warmstart_additive_tpsa_mid_base_tpsa_mid_synergy,27146,99.0345,87.3903,0.9655,1,heldout,
real_buchwald_hartwig,llambo_warmstart_additive_tpsa_mid_base_tpsa_mid_synergy_conservative,27146,99.0345,87.3903,0.9655,1,heldout,
real_buchwald_hartwig,llambo_warmstart_additive_tpsa_mid_base_tpsa_mid_synergy_noprior,27146,99.0345,87.3903,0.9655,1,heldout,
real_buchwald_hartwig,llambo_warmstart_amidine_base_simple_aryl_halide,27146,90.3714,84.4057,9.6286,0,heldout,
real_buchwald_hartwig,llambo_warmstart_amidine_base_simple_aryl_halide_conservative,27146,90.3714,84.4057,9.6286,0,heldout,
real_buchwald_hartwig,llambo_warmstart_amidine_base_simple_aryl_halide_noprior,27146,90.3714,84.4057,9.6286,0,heldout,
real_buchwald_hartwig,llambo_warmstart_conservative_low_semantic_mass,27146,98.2872,89.2494,1.7128,1,heldout,
real_buchwald_hartwig,llambo_warmstart_conservative_low_semantic_mass_conservative,27146,98.2872,89.2494,1.7128,1,heldout,
real_buchwald_hartwig,llambo_warmstart_conservative_low_semantic_mass_noprior,27146,98.2872,89.2494,1.7128,1,heldout,
real_buchwald_hartwig,llambo_warmstart_counter_hypothesis_heteroaromatic_benign,27146,95.7526,88.1339,4.2474,0,heldout,
real_buchwald_hartwig,llambo_warmstart_counter_hypothesis_heteroaromatic_benign_conservative,27146,95.7526,88.1339,4.2474,0,heldout,
real_buchwald_hartwig,llambo_warmstart_counter_hypothesis_heteroaromatic_benign_noprior,27146,95.7526,88.1339,4.2474,0,heldout,
real_buchwald_hartwig,llambo_warmstart_cross_skill_rule_bank,27146,94.501,82.7173,5.499,0,heldout,
real_buchwald_hartwig,llambo_warmstart_domain_knowledge_electron_poor_halide,27146,83.0547,83.0547,16.9453,0,heldout,
real_buchwald_hartwig,llambo_warmstart_domain_knowledge_electron_poor_halide_conservative,27146,83.0547,83.0547,16.9453,0,heldout,
real_buchwald_hartwig,llambo_warmstart_domain_knowledge_electron_poor_halide_noprior,27146,83.0547,83.0547,16.9453,0,heldout,
real_buchwald_hartwig,llambo_warmstart_guanidine_base_high_mw_aryl_halide,27146,97.2929,97.2929,2.7071,0,heldout,
real_buchwald_hartwig,llambo_warmstart_guanidine_base_high_mw_aryl_halide_conservative,27146,97.2929,97.2929,2.7071,0,heldout,
real_buchwald_hartwig,llambo_warmstart_guanidine_base_high_mw_aryl_halide_noprior,27146,97.2929,97.2929,2.7071,0,heldout,
real_buchwald_hartwig,llambo_warmstart_high_mw_ligand_low_tpsa_base,27146,97.5685,87.8691,2.4315,1,heldout,
real_buchwald_hartwig,llambo_warmstart_high_mw_ligand_low_tpsa_base_conservative,27146,97.5685,87.8691,2.4315,1,heldout,
real_buchwald_hartwig,llambo_warmstart_high_mw_ligand_low_tpsa_base_noprior,27146,97.5685,87.8691,2.4315,1,heldout,
real_buchwald_hartwig,llambo_warmstart_phosphazene_base_heteroaromatic_halide,27146,89.0766,86.4521,10.9234,0,heldout,
real_buchwald_hartwig,llambo_warmstart_phosphazene_base_heteroaromatic_halide_conservative,27146,89.0766,86.4521,10.9234,0,heldout,
real_buchwald_hartwig,llambo_warmstart_phosphazene_base_heteroaromatic_halide_noprior,27146,89.0766,86.4521,10.9234,0,heldout,
real_buchwald_hartwig,llambo_warmstart_selector,27146,83.0547,83.0547,16.9453,0,heldout,llambo_warmstart_domain_knowledge_electron_poor_halide_noprior
real_buchwald_hartwig,llm_calibrated_selector,27146,96.1323,95.5165,3.8677,0,heldout,llm_semantic_amidine_base_simple_aryl_halide_noprior
real_buchwald_hartwig,llm_direct_prior_additive_tpsa_mid_base_tpsa_mid_synergy,27146,89.9742,89.9742,10.0258,0,heldout,
real_buchwald_hartwig,llm_direct_prior_additive_tpsa_mid_base_tpsa_mid_synergy_conservative,27146,89.9742,89.9742,10.0258,0,heldout,
real_buchwald_hartwig,llm_direct_prior_additive_tpsa_mid_base_tpsa_mid_synergy_noprior,27146,89.9742,89.9742,10.0258,0,heldout,
real_buchwald_hartwig,llm_direct_prior_amidine_base_simple_aryl_halide,27146,89.9742,89.9742,10.0258,0,heldout,
real_buchwald_hartwig,llm_direct_prior_amidine_base_simple_aryl_halide_conservative,27146,89.9742,89.9742,10.0258,0,heldout,
real_buchwald_hartwig,llm_direct_prior_amidine_base_simple_aryl_halide_noprior,27146,89.9742,89.9742,10.0258,0,heldout,
real_buchwald_hartwig,llm_direct_prior_conservative_low_semantic_mass,27146,93.5641,91.0512,6.4359,0,heldout,
real_buchwald_hartwig,llm_direct_prior_conservative_low_semantic_mass_conservative,27146,93.5641,91.0512,6.4359,0,heldout,
real_buchwald_hartwig,llm_direct_prior_conservative_low_semantic_mass_noprior,27146,93.5641,91.0512,6.4359,0,heldout,
real_buchwald_hartwig,llm_direct_prior_counter_hypothesis_heteroaromatic_benign,27146,89.9742,89.9742,10.0258,0,heldout,
real_buchwald_hartwig,llm_direct_prior_counter_hypothesis_heteroaromatic_benign_conservative,27146,89.9742,89.9742,10.0258,0,heldout,
real_buchwald_hartwig,llm_direct_prior_counter_hypothesis_heteroaromatic_benign_noprior,27146,89.9742,89.9742,10.0258,0,heldout,
real_buchwald_hartwig,llm_direct_prior_cross_skill_rule_bank,27146,93.5878,92.0045,6.4122,0,heldout,
real_buchwald_hartwig,llm_direct_prior_domain_knowledge_electron_poor_halide,27146,89.9742,89.9742,10.0258,0,heldout,
real_buchwald_hartwig,llm_direct_prior_domain_knowledge_electron_poor_halide_conservative,27146,90.3173,90.1114,9.6827,0,heldout,
real_buchwald_hartwig,llm_direct_prior_domain_knowledge_electron_poor_halide_noprior,27146,89.9742,89.9742,10.0258,0,heldout,
real_buchwald_hartwig,llm_direct_prior_guanidine_base_high_mw_aryl_halide,27146,89.9742,89.9742,10.0258,0,heldout,
real_buchwald_hartwig,llm_direct_prior_guanidine_base_high_mw_aryl_halide_conservative,27146,89.9742,89.9742,10.0258,0,heldout,
real_buchwald_hartwig,llm_direct_prior_guanidine_base_high_mw_aryl_halide_noprior,27146,89.9742,89.9742,10.0258,0,heldout,
real_buchwald_hartwig,llm_direct_prior_high_mw_ligand_low_tpsa_base,27146,93.5878,92.066,6.4122,0,heldout,
real_buchwald_hartwig,llm_direct_prior_high_mw_ligand_low_tpsa_base_conservative,27146,92.127,91.6964,7.873,0,heldout,
real_buchwald_hartwig,llm_direct_prior_high_mw_ligand_low_tpsa_base_noprior,27146,93.5878,92.066,6.4122,0,heldout,
real_buchwald_hartwig,llm_direct_prior_phosphazene_base_heteroaromatic_halide,27146,89.9742,89.9742,10.0258,0,heldout,
real_buchwald_hartwig,llm_direct_prior_phosphazene_base_heteroaromatic_halide_conservative,27146,89.9742,89.9742,10.0258,0,heldout,
real_buchwald_hartwig,llm_direct_prior_phosphazene_base_heteroaromatic_halide_noprior,27146,89.9742,89.9742,10.0258,0,heldout,
real_buchwald_hartwig,llm_direct_prior_selector,27146,89.9742,89.9742,10.0258,0,heldout,llm_direct_prior_domain_knowledge_electron_poor_halide_noprior
real_buchwald_hartwig,llm_semantic_additive_tpsa_mid_base_tpsa_mid_synergy,27146,96.1323,90.59,3.8677,0,heldout,
real_buchwald_hartwig,llm_semantic_additive_tpsa_mid_base_tpsa_mid_synergy_conservative,27146,89.9742,89.9742,10.0258,0,heldout,
real_buchwald_hartwig,llm_semantic_additive_tpsa_mid_base_tpsa_mid_synergy_noprior,27146,96.1323,93.6691,3.8677,0,heldout,
real_buchwald_hartwig,llm_semantic_amidine_base_simple_aryl_halide,27146,96.1323,94.9007,3.8677,0,heldout,
real_buchwald_hartwig,llm_semantic_amidine_base_simple_aryl_halide_conservative,27146,96.1323,94.9007,3.8677,0,heldout,
real_buchwald_hartwig,llm_semantic_amidine_base_simple_aryl_halide_noprior,27146,96.1323,95.5165,3.8677,0,heldout,
real_buchwald_hartwig,llm_semantic_conservative_low_semantic_mass,27146,93.5641,93.2051,6.4359,0,heldout,
real_buchwald_hartwig,llm_semantic_conservative_low_semantic_mass_conservative,27146,93.5641,93.2051,6.4359,0,heldout,
real_buchwald_hartwig,llm_semantic_conservative_low_semantic_mass_noprior,27146,93.5641,93.2051,6.4359,0,heldout,
real_buchwald_hartwig,llm_semantic_counter_hypothesis_heteroaromatic_benign,27146,96.1323,94.9007,3.8677,0,heldout,
real_buchwald_hartwig,llm_semantic_counter_hypothesis_heteroaromatic_benign_conservative,27146,96.1323,94.9007,3.8677,0,heldout,
real_buchwald_hartwig,llm_semantic_counter_hypothesis_heteroaromatic_benign_noprior,27146,96.1323,93.0532,3.8677,0,heldout,
real_buchwald_hartwig,llm_semantic_cross_skill_rule_bank,27146,94.501,91.7849,5.499,0,heldout,
real_buchwald_hartwig,llm_semantic_domain_knowledge_electron_poor_halide,27146,89.9742,89.9742,10.0258,0,heldout,
real_buchwald_hartwig,llm_semantic_domain_knowledge_electron_poor_halide_conservative,27146,96.1323,95.5165,3.8677,0,heldout,
real_buchwald_hartwig,llm_semantic_domain_knowledge_electron_poor_halide_noprior,27146,96.1323,91.2058,3.8677,0,heldout,
real_buchwald_hartwig,llm_semantic_guanidine_base_high_mw_aryl_halide,27146,89.9742,89.9742,10.0258,0,heldout,
real_buchwald_hartwig,llm_semantic_guanidine_base_high_mw_aryl_halide_conservative,27146,89.9742,89.9742,10.0258,0,heldout,
real_buchwald_hartwig,llm_semantic_guanidine_base_high_mw_aryl_halide_noprior,27146,96.1323,93.0532,3.8677,0,heldout,
real_buchwald_hartwig,llm_semantic_high_mw_ligand_low_tpsa_base,27146,89.9742,89.9742,10.0258,0,heldout,
real_buchwald_hartwig,llm_semantic_high_mw_ligand_low_tpsa_base_conservative,27146,89.9742,89.9742,10.0258,0,heldout,
real_buchwald_hartwig,llm_semantic_high_mw_ligand_low_tpsa_base_noprior,27146,89.9742,89.9742,10.0258,0,heldout,
real_buchwald_hartwig,llm_semantic_phosphazene_base_heteroaromatic_halide,27146,96.1323,95.5165,3.8677,0,heldout,
real_buchwald_hartwig,llm_semantic_phosphazene_base_heteroaromatic_halide_conservative,27146,96.1323,95.5165,3.8677,0,heldout,
real_buchwald_hartwig,llm_semantic_phosphazene_base_heteroaromatic_halide_noprior,27146,96.1323,95.5165,3.8677,0,heldout,
real_buchwald_hartwig,mixed_kernel_gp_ei,27146,92.127,90.4048,7.873,0,heldout,
real_buchwald_hartwig,target_acquisition_portfolio,27146,92.127,90.4048,7.873,0,heldout,
real_buchwald_hartwig,care_strategy_router,27147,100.0,98.1546,0.0,1,heldout,llambo_warmstart_domain_knowledge_electron_poor_halide_noprior
real_buchwald_hartwig,gp_ucb,27147,100.0,89.4767,0.0,1,heldout,
real_buchwald_hartwig,llambo_warmstart_additive_tpsa_mid_base_tpsa_mid_synergy,27147,80.2853,74.7632,19.7147,0,heldout,
real_buchwald_hartwig,llambo_warmstart_additive_tpsa_mid_base_tpsa_mid_synergy_conservative,27147,80.2853,74.7632,19.7147,0,heldout,
real_buchwald_hartwig,llambo_warmstart_additive_tpsa_mid_base_tpsa_mid_synergy_noprior,27147,80.2853,74.7632,19.7147,0,heldout,
real_buchwald_hartwig,llambo_warmstart_amidine_base_simple_aryl_halide,27147,86.4971,75.0659,13.5029,0,heldout,
real_buchwald_hartwig,llambo_warmstart_amidine_base_simple_aryl_halide_conservative,27147,86.4971,75.0659,13.5029,0,heldout,
real_buchwald_hartwig,llambo_warmstart_amidine_base_simple_aryl_halide_noprior,27147,86.4971,75.0659,13.5029,0,heldout,
real_buchwald_hartwig,llambo_warmstart_conservative_low_semantic_mass,27147,93.7486,85.495,6.2514,0,heldout,
real_buchwald_hartwig,llambo_warmstart_conservative_low_semantic_mass_conservative,27147,93.7486,85.495,6.2514,0,heldout,
real_buchwald_hartwig,llambo_warmstart_conservative_low_semantic_mass_noprior,27147,93.7486,85.495,6.2514,0,heldout,
real_buchwald_hartwig,llambo_warmstart_counter_hypothesis_heteroaromatic_benign,27147,97.5685,89.2606,2.4315,1,heldout,
real_buchwald_hartwig,llambo_warmstart_counter_hypothesis_heteroaromatic_benign_conservative,27147,97.5685,89.2606,2.4315,1,heldout,
real_buchwald_hartwig,llambo_warmstart_counter_hypothesis_heteroaromatic_benign_noprior,27147,97.5685,89.2606,2.4315,1,heldout,
real_buchwald_hartwig,llambo_warmstart_cross_skill_rule_bank,27147,99.6191,94.1612,0.3809,1,heldout,
real_buchwald_hartwig,llambo_warmstart_domain_knowledge_electron_poor_halide,27147,100.0,98.1546,0.0,1,heldout,
real_buchwald_hartwig,llambo_warmstart_domain_knowledge_electron_poor_halide_conservative,27147,100.0,98.1546,0.0,1,heldout,
real_buchwald_hartwig,llambo_warmstart_domain_knowledge_electron_poor_halide_noprior,27147,100.0,98.1546,0.0,1,heldout,
real_buchwald_hartwig,llambo_warmstart_guanidine_base_high_mw_aryl_halide,27147,94.5498,93.027,5.4502,0,heldout,
real_buchwald_hartwig,llambo_warmstart_guanidine_base_high_mw_aryl_halide_conservative,27147,94.5498,93.027,5.4502,0,heldout,
real_buchwald_hartwig,llambo_warmstart_guanidine_base_high_mw_aryl_halide_noprior,27147,94.5498,93.027,5.4502,0,heldout,
real_buchwald_hartwig,llambo_warmstart_high_mw_ligand_low_tpsa_base,27147,89.4195,87.0622,10.5805,0,heldout,
real_buchwald_hartwig,llambo_warmstart_high_mw_ligand_low_tpsa_base_conservative,27147,89.4195,87.0622,10.5805,0,heldout,
real_buchwald_hartwig,llambo_warmstart_high_mw_ligand_low_tpsa_base_noprior,27147,89.4195,87.0622,10.5805,0,heldout,
real_buchwald_hartwig,llambo_warmstart_phosphazene_base_heteroaromatic_halide,27147,80.5886,79.0986,19.4114,0,heldout,
real_buchwald_hartwig,llambo_warmstart_phosphazene_base_heteroaromatic_halide_conservative,27147,80.5886,79.0986,19.4114,0,heldout,
real_buchwald_hartwig,llambo_warmstart_phosphazene_base_heteroaromatic_halide_noprior,27147,80.5886,79.0986,19.4114,0,heldout,
real_buchwald_hartwig,llambo_warmstart_selector,27147,100.0,98.1546,0.0,1,heldout,llambo_warmstart_domain_knowledge_electron_poor_halide_noprior
real_buchwald_hartwig,llm_calibrated_selector,27147,97.5685,95.1455,2.4315,1,heldout,llm_semantic_amidine_base_simple_aryl_halide_noprior
real_buchwald_hartwig,llm_direct_prior_additive_tpsa_mid_base_tpsa_mid_synergy,27147,81.0209,81.0209,18.9791,0,heldout,
real_buchwald_hartwig,llm_direct_prior_additive_tpsa_mid_base_tpsa_mid_synergy_conservative,27147,94.2969,82.7124,5.7031,0,heldout,
real_buchwald_hartwig,llm_direct_prior_additive_tpsa_mid_base_tpsa_mid_synergy_noprior,27147,81.0209,81.0209,18.9791,0,heldout,
real_buchwald_hartwig,llm_direct_prior_amidine_base_simple_aryl_halide,27147,81.0209,81.0209,18.9791,0,heldout,
real_buchwald_hartwig,llm_direct_prior_amidine_base_simple_aryl_halide_conservative,27147,81.0209,81.0209,18.9791,0,heldout,
real_buchwald_hartwig,llm_direct_prior_amidine_base_simple_aryl_halide_noprior,27147,81.0209,81.0209,18.9791,0,heldout,
real_buchwald_hartwig,llm_direct_prior_conservative_low_semantic_mass,27147,81.0209,81.0209,18.9791,0,heldout,
real_buchwald_hartwig,llm_direct_prior_conservative_low_semantic_mass_conservative,27147,81.0209,81.0209,18.9791,0,heldout,
real_buchwald_hartwig,llm_direct_prior_conservative_low_semantic_mass_noprior,27147,81.0209,81.0209,18.9791,0,heldout,
real_buchwald_hartwig,llm_direct_prior_counter_hypothesis_heteroaromatic_benign,27147,81.0209,81.0209,18.9791,0,heldout,
real_buchwald_hartwig,llm_direct_prior_counter_hypothesis_heteroaromatic_benign_conservative,27147,81.0209,81.0209,18.9791,0,heldout,
real_buchwald_hartwig,llm_direct_prior_counter_hypothesis_heteroaromatic_benign_noprior,27147,81.0209,81.0209,18.9791,0,heldout,
real_buchwald_hartwig,llm_direct_prior_cross_skill_rule_bank,27147,99.6191,87.2056,0.3809,1,heldout,
real_buchwald_hartwig,llm_direct_prior_domain_knowledge_electron_poor_halide,27147,97.5685,87.0342,2.4315,1,heldout,
real_buchwald_hartwig,llm_direct_prior_domain_knowledge_electron_poor_halide_conservative,27147,98.1771,89.4533,1.8229,1,heldout,
real_buchwald_hartwig,llm_direct_prior_domain_knowledge_electron_poor_halide_noprior,27147,97.5685,87.0342,2.4315,1,heldout,
real_buchwald_hartwig,llm_direct_prior_guanidine_base_high_mw_aryl_halide,27147,81.0209,81.0209,18.9791,0,heldout,
real_buchwald_hartwig,llm_direct_prior_guanidine_base_high_mw_aryl_halide_conservative,27147,91.511,87.5941,8.489,0,heldout,
real_buchwald_hartwig,llm_direct_prior_guanidine_base_high_mw_aryl_halide_noprior,27147,81.0209,81.0209,18.9791,0,heldout,
real_buchwald_hartwig,llm_direct_prior_high_mw_ligand_low_tpsa_base,27147,95.6759,84.6881,4.3241,0,heldout,
real_buchwald_hartwig,llm_direct_prior_high_mw_ligand_low_tpsa_base_conservative,27147,100.0,92.1652,0.0,1,heldout,
real_buchwald_hartwig,llm_direct_prior_high_mw_ligand_low_tpsa_base_noprior,27147,95.6759,84.6881,4.3241,0,heldout,
real_buchwald_hartwig,llm_direct_prior_phosphazene_base_heteroaromatic_halide,27147,81.0209,81.0209,18.9791,0,heldout,
real_buchwald_hartwig,llm_direct_prior_phosphazene_base_heteroaromatic_halide_conservative,27147,82.8406,81.5668,17.1594,0,heldout,
real_buchwald_hartwig,llm_direct_prior_phosphazene_base_heteroaromatic_halide_noprior,27147,81.0209,81.0209,18.9791,0,heldout,
real_buchwald_hartwig,llm_direct_prior_selector,27147,97.5685,87.0342,2.4315,1,heldout,llm_direct_prior_domain_knowledge_electron_poor_halide_noprior
real_buchwald_hartwig,llm_semantic_additive_tpsa_mid_base_tpsa_mid_synergy,27147,86.0035,84.5087,13.9965,0,heldout,
real_buchwald_hartwig,llm_semantic_additive_tpsa_mid_base_tpsa_mid_synergy_conservative,27147,86.6896,84.2163,13.3104,0,heldout,
real_buchwald_hartwig,llm_semantic_additive_tpsa_mid_base_tpsa_mid_synergy_noprior,27147,84.5385,82.0762,15.4615,0,heldout,
real_buchwald_hartwig,llm_semantic_amidine_base_simple_aryl_halide,27147,85.1402,84.7283,14.8598,0,heldout,
real_buchwald_hartwig,llm_semantic_amidine_base_simple_aryl_halide_conservative,27147,97.5685,95.1455,2.4315,1,heldout,
real_buchwald_hartwig,llm_semantic_amidine_base_simple_aryl_halide_noprior,27147,97.5685,95.1455,2.4315,1,heldout,
real_buchwald_hartwig,llm_semantic_conservative_low_semantic_mass,27147,90.2279,81.9416,9.7721,0,heldout,
real_buchwald_hartwig,llm_semantic_conservative_low_semantic_mass_conservative,27147,85.1402,82.6686,14.8598,0,heldout,
real_buchwald_hartwig,llm_semantic_conservative_low_semantic_mass_noprior,27147,85.1402,82.6686,14.8598,0,heldout,
real_buchwald_hartwig,llm_semantic_counter_hypothesis_heteroaromatic_benign,27147,91.511,90.462,8.489,0,heldout,
real_buchwald_hartwig,llm_semantic_counter_hypothesis_heteroaromatic_benign_conservative,27147,81.0209,81.0209,18.9791,0,heldout,
real_buchwald_hartwig,llm_semantic_counter_hypothesis_heteroaromatic_benign_noprior,27147,91.511,90.3337,8.489,0,heldout,
real_buchwald_hartwig,llm_semantic_cross_skill_rule_bank,27147,91.511,86.8647,8.489,0,heldout,
real_buchwald_hartwig,llm_semantic_domain_knowledge_electron_poor_halide,27147,88.5139,84.364,11.4861,0,heldout,
real_buchwald_hartwig,llm_semantic_domain_knowledge_electron_poor_halide_conservative,27147,81.0209,81.0209,18.9791,0,heldout,
real_buchwald_hartwig,llm_semantic_domain_knowledge_electron_poor_halide_noprior,27147,81.0209,81.0209,18.9791,0,heldout,
real_buchwald_hartwig,llm_semantic_guanidine_base_high_mw_aryl_halide,27147,93.8745,87.8665,6.1255,0,heldout,
real_buchwald_hartwig,llm_semantic_guanidine_base_high_mw_aryl_halide_conservative,27147,86.0035,82.0174,13.9965,0,heldout,
real_buchwald_hartwig,llm_semantic_guanidine_base_high_mw_aryl_halide_noprior,27147,91.511,84.5612,8.489,0,heldout,
real_buchwald_hartwig,llm_semantic_high_mw_ligand_low_tpsa_base,27147,81.5694,81.0757,18.4306,0,heldout,
real_buchwald_hartwig,llm_semantic_high_mw_ligand_low_tpsa_base_conservative,27147,81.1512,81.1121,18.8488,0,heldout,
real_buchwald_hartwig,llm_semantic_high_mw_ligand_low_tpsa_base_noprior,27147,97.5685,91.9393,2.4315,1,heldout,
real_buchwald_hartwig,llm_semantic_phosphazene_base_heteroaromatic_halide,27147,88.5139,84.3843,11.4861,0,heldout,
real_buchwald_hartwig,llm_semantic_phosphazene_base_heteroaromatic_halide_conservative,27147,83.1495,81.8723,16.8505,0,heldout,
real_buchwald_hartwig,llm_semantic_phosphazene_base_heteroaromatic_halide_noprior,27147,81.0209,81.0209,18.9791,0,heldout,
real_buchwald_hartwig,mixed_kernel_gp_ei,27147,99.6191,89.3625,0.3809,1,heldout,
real_buchwald_hartwig,target_acquisition_portfolio,27147,91.511,85.7527,8.489,0,heldout,
real_buchwald_hartwig,care_strategy_router,27148,89.9742,87.5912,10.0258,0,heldout,llambo_warmstart_domain_knowledge_electron_poor_halide_noprior
real_buchwald_hartwig,gp_ucb,27148,89.3231,77.2135,10.6769,0,heldout,
real_buchwald_hartwig,llambo_warmstart_additive_tpsa_mid_base_tpsa_mid_synergy,27148,83.033,70.1918,16.967,0,heldout,
real_buchwald_hartwig,llambo_warmstart_additive_tpsa_mid_base_tpsa_mid_synergy_conservative,27148,83.033,70.1918,16.967,0,heldout,
real_buchwald_hartwig,llambo_warmstart_additive_tpsa_mid_base_tpsa_mid_synergy_noprior,27148,83.033,70.1918,16.967,0,heldout,
real_buchwald_hartwig,llambo_warmstart_amidine_base_simple_aryl_halide,27148,86.4971,77.0825,13.5029,0,heldout,
real_buchwald_hartwig,llambo_warmstart_amidine_base_simple_aryl_halide_conservative,27148,86.4971,77.0825,13.5029,0,heldout,
real_buchwald_hartwig,llambo_warmstart_amidine_base_simple_aryl_halide_noprior,27148,86.4971,77.0825,13.5029,0,heldout,
real_buchwald_hartwig,llambo_warmstart_conservative_low_semantic_mass,27148,93.7486,93.7486,6.2514,0,heldout,
real_buchwald_hartwig,llambo_warmstart_conservative_low_semantic_mass_conservative,27148,93.7486,93.7486,6.2514,0,heldout,
real_buchwald_hartwig,llambo_warmstart_conservative_low_semantic_mass_noprior,27148,93.7486,93.7486,6.2514,0,heldout,
real_buchwald_hartwig,llambo_warmstart_counter_hypothesis_heteroaromatic_benign,27148,88.2464,74.3728,11.7536,0,heldout,
real_buchwald_hartwig,llambo_warmstart_counter_hypothesis_heteroaromatic_benign_conservative,27148,88.2464,74.3728,11.7536,0,heldout,
real_buchwald_hartwig,llambo_warmstart_counter_hypothesis_heteroaromatic_benign_noprior,27148,88.2464,74.3728,11.7536,0,heldout,
real_buchwald_hartwig,llambo_warmstart_cross_skill_rule_bank,27148,85.6453,84.7641,14.3547,0,heldout,
real_buchwald_hartwig,llambo_warmstart_domain_knowledge_electron_poor_halide,27148,89.9742,87.5912,10.0258,0,heldout,
real_buchwald_hartwig,llambo_warmstart_domain_knowledge_electron_poor_halide_conservative,27148,89.9742,87.5912,10.0258,0,heldout,
real_buchwald_hartwig,llambo_warmstart_domain_knowledge_electron_poor_halide_noprior,27148,89.9742,87.5912,10.0258,0,heldout,
real_buchwald_hartwig,llambo_warmstart_guanidine_base_high_mw_aryl_halide,27148,100.0,90.2364,0.0,1,heldout,
real_buchwald_hartwig,llambo_warmstart_guanidine_base_high_mw_aryl_halide_conservative,27148,100.0,90.2364,0.0,1,heldout,
real_buchwald_hartwig,llambo_warmstart_guanidine_base_high_mw_aryl_halide_noprior,27148,100.0,90.2364,0.0,1,heldout,
real_buchwald_hartwig,llambo_warmstart_high_mw_ligand_low_tpsa_base,27148,99.6191,79.418,0.3809,1,heldout,
real_buchwald_hartwig,llambo_warmstart_high_mw_ligand_low_tpsa_base_conservative,27148,99.6191,79.418,0.3809,1,heldout,
real_buchwald_hartwig,llambo_warmstart_high_mw_ligand_low_tpsa_base_noprior,27148,99.6191,79.418,0.3809,1,heldout,
real_buchwald_hartwig,llambo_warmstart_phosphazene_base_heteroaromatic_halide,27148,93.0995,88.9666,6.9005,0,heldout,
real_buchwald_hartwig,llambo_warmstart_phosphazene_base_heteroaromatic_halide_conservative,27148,93.0995,88.9666,6.9005,0,heldout,
real_buchwald_hartwig,llambo_warmstart_phosphazene_base_heteroaromatic_halide_noprior,27148,93.0995,88.9666,6.9005,0,heldout,
real_buchwald_hartwig,llambo_warmstart_selector,27148,89.9742,87.5912,10.0258,0,heldout,llambo_warmstart_domain_knowledge_electron_poor_halide_noprior
real_buchwald_hartwig,llm_calibrated_selector,27148,80.9063,76.898,19.0937,0,heldout,llm_semantic_amidine_base_simple_aryl_halide_noprior
real_buchwald_hartwig,llm_direct_prior_additive_tpsa_mid_base_tpsa_mid_synergy,27148,80.2853,74.5757,19.7147,0,heldout,
real_buchwald_hartwig,llm_direct_prior_additive_tpsa_mid_base_tpsa_mid_synergy_conservative,27148,75.9961,74.9462,24.0039,0,heldout,
real_buchwald_hartwig,llm_direct_prior_additive_tpsa_mid_base_tpsa_mid_synergy_noprior,27148,80.2853,74.5757,19.7147,0,heldout,
real_buchwald_hartwig,llm_direct_prior_amidine_base_simple_aryl_halide,27148,75.5938,75.5938,24.4062,0,heldout,
real_buchwald_hartwig,llm_direct_prior_amidine_base_simple_aryl_halide_conservative,27148,79.7664,77.1241,20.2336,0,heldout,
real_buchwald_hartwig,llm_direct_prior_amidine_base_simple_aryl_halide_noprior,27148,75.5938,75.5938,24.4062,0,heldout,
real_buchwald_hartwig,llm_direct_prior_conservative_low_semantic_mass,27148,73.0629,67.9458,26.9371,0,heldout,
real_buchwald_hartwig,llm_direct_prior_conservative_low_semantic_mass_conservative,27148,73.0629,67.9458,26.9371,0,heldout,
real_buchwald_hartwig,llm_direct_prior_conservative_low_semantic_mass_noprior,27148,73.0629,67.9458,26.9371,0,heldout,
real_buchwald_hartwig,llm_direct_prior_counter_hypothesis_heteroaromatic_benign,27148,73.0629,69.4472,26.9371,0,heldout,
real_buchwald_hartwig,llm_direct_prior_counter_hypothesis_heteroaromatic_benign_conservative,27148,79.8903,71.7683,20.1097,0,heldout,
real_buchwald_hartwig,llm_direct_prior_counter_hypothesis_heteroaromatic_benign_noprior,27148,73.0629,69.4472,26.9371,0,heldout,
real_buchwald_hartwig,llm_direct_prior_cross_skill_rule_bank,27148,88.5139,84.396,11.4861,0,heldout,
real_buchwald_hartwig,llm_direct_prior_domain_knowledge_electron_poor_halide,27148,96.1323,89.8824,3.8677,0,heldout,
real_buchwald_hartwig,llm_direct_prior_domain_knowledge_electron_poor_halide_conservative,27148,96.1323,89.0125,3.8677,0,heldout,
real_buchwald_hartwig,llm_direct_prior_domain_knowledge_electron_poor_halide_noprior,27148,96.1323,89.8824,3.8677,0,heldout,
real_buchwald_hartwig,llm_direct_prior_guanidine_base_high_mw_aryl_halide,27148,90.2279,73.9725,9.7721,0,heldout,
real_buchwald_hartwig,llm_direct_prior_guanidine_base_high_mw_aryl_halide_conservative,27148,70.3543,66.0016,29.6457,0,heldout,
real_buchwald_hartwig,llm_direct_prior_guanidine_base_high_mw_aryl_halide_noprior,27148,90.2279,73.9725,9.7721,0,heldout,
real_buchwald_hartwig,llm_direct_prior_high_mw_ligand_low_tpsa_base,27148,90.3173,78.121,9.6827,0,heldout,
real_buchwald_hartwig,llm_direct_prior_high_mw_ligand_low_tpsa_base_conservative,27148,89.6142,78.7702,10.3858,0,heldout,
real_buchwald_hartwig,llm_direct_prior_high_mw_ligand_low_tpsa_base_noprior,27148,90.3173,78.121,9.6827,0,heldout,
real_buchwald_hartwig,llm_direct_prior_phosphazene_base_heteroaromatic_halide,27148,79.6552,76.896,20.3448,0,heldout,
real_buchwald_hartwig,llm_direct_prior_phosphazene_base_heteroaromatic_halide_conservative,27148,79.6552,76.5831,20.3448,0,heldout,
real_buchwald_hartwig,llm_direct_prior_phosphazene_base_heteroaromatic_halide_noprior,27148,79.6552,76.896,20.3448,0,heldout,
real_buchwald_hartwig,llm_direct_prior_selector,27148,96.1323,89.8824,3.8677,0,heldout,llm_direct_prior_domain_knowledge_electron_poor_halide_noprior
real_buchwald_hartwig,llm_semantic_additive_tpsa_mid_base_tpsa_mid_synergy,27148,83.1495,73.0345,16.8505,0,heldout,
real_buchwald_hartwig,llm_semantic_additive_tpsa_mid_base_tpsa_mid_synergy_conservative,27148,74.0607,72.5816,25.9393,0,heldout,
real_buchwald_hartwig,llm_semantic_additive_tpsa_mid_base_tpsa_mid_synergy_noprior,27148,77.5468,75.4416,22.4532,0,heldout,
real_buchwald_hartwig,llm_semantic_amidine_base_simple_aryl_halide,27148,67.1918,66.7276,32.8082,0,heldout,
real_buchwald_hartwig,llm_semantic_amidine_base_simple_aryl_halide_conservative,27148,78.2845,75.9958,21.7155,0,heldout,
real_buchwald_hartwig,llm_semantic_amidine_base_simple_aryl_halide_noprior,27148,80.9063,76.898,19.0937,0,heldout,
real_buchwald_hartwig,llm_semantic_conservative_low_semantic_mass,27148,77.5468,71.1648,22.4532,0,heldout,
real_buchwald_hartwig,llm_semantic_conservative_low_semantic_mass_conservative,27148,77.5468,71.1648,22.4532,0,heldout,
real_buchwald_hartwig,llm_semantic_conservative_low_semantic_mass_noprior,27148,77.5468,71.1648,22.4532,0,heldout,
real_buchwald_hartwig,llm_semantic_counter_hypothesis_heteroaromatic_benign,27148,75.7358,75.1976,24.2642,0,heldout,
real_buchwald_hartwig,llm_semantic_counter_hypothesis_heteroaromatic_benign_conservative,27148,84.5889,77.3305,15.4111,0,heldout,
real_buchwald_hartwig,llm_semantic_counter_hypothesis_heteroaromatic_benign_noprior,27148,84.5889,76.6263,15.4111,0,heldout,
real_buchwald_hartwig,llm_semantic_cross_skill_rule_bank,27148,75.7358,72.8547,24.2642,0,heldout,
real_buchwald_hartwig,llm_semantic_domain_knowledge_electron_poor_halide,27148,83.4092,73.8708,16.5908,0,heldout,
real_buchwald_hartwig,llm_semantic_domain_knowledge_electron_poor_halide_conservative,27148,64.2489,64.2489,35.7511,0,heldout,
real_buchwald_hartwig,llm_semantic_domain_knowledge_electron_poor_halide_noprior,27148,96.1323,77.021,3.8677,0,heldout,
real_buchwald_hartwig,llm_semantic_guanidine_base_high_mw_aryl_halide,27148,80.5828,73.5175,19.4172,0,heldout,
real_buchwald_hartwig,llm_semantic_guanidine_base_high_mw_aryl_halide_conservative,27148,72.8483,67.6349,27.1517,0,heldout,
real_buchwald_hartwig,llm_semantic_guanidine_base_high_mw_aryl_halide_noprior,27148,84.6498,72.418,15.3502,0,heldout,
real_buchwald_hartwig,llm_semantic_high_mw_ligand_low_tpsa_base,27148,76.7953,70.2205,23.2047,0,heldout,
real_buchwald_hartwig,llm_semantic_high_mw_ligand_low_tpsa_base_conservative,27148,77.5468,74.8612,22.4532,0,heldout,
real_buchwald_hartwig,llm_semantic_high_mw_ligand_low_tpsa_base_noprior,27148,76.7953,69.8499,23.2047,0,heldout,
real_buchwald_hartwig,llm_semantic_phosphazene_base_heteroaromatic_halide,27148,83.1495,77.7856,16.8505,0,heldout,
real_buchwald_hartwig,llm_semantic_phosphazene_base_heteroaromatic_halide_conservative,27148,83.1495,75.1498,16.8505,0,heldout,
real_buchwald_hartwig,llm_semantic_phosphazene_base_heteroaromatic_halide_noprior,27148,74.1389,70.7731,25.8611,0,heldout,
real_buchwald_hartwig,mixed_kernel_gp_ei,27148,89.3231,77.2135,10.6769,0,heldout,
real_buchwald_hartwig,target_acquisition_portfolio,27148,89.3231,77.698,10.6769,0,heldout,
real_buchwald_hartwig,care_strategy_router,27149,89.6142,88.626,10.3858,0,heldout,llambo_warmstart_domain_knowledge_electron_poor_halide_noprior
real_buchwald_hartwig,gp_ucb,27149,80.5828,77.1736,19.4172,0,heldout,
real_buchwald_hartwig,llambo_warmstart_additive_tpsa_mid_base_tpsa_mid_synergy,27149,93.8745,81.8187,6.1255,0,heldout,
real_buchwald_hartwig,llambo_warmstart_additive_tpsa_mid_base_tpsa_mid_synergy_conservative,27149,93.8745,81.8187,6.1255,0,heldout,
real_buchwald_hartwig,llambo_warmstart_additive_tpsa_mid_base_tpsa_mid_synergy_noprior,27149,93.8745,81.8187,6.1255,0,heldout,
real_buchwald_hartwig,llambo_warmstart_amidine_base_simple_aryl_halide,27149,85.8123,64.8986,14.1877,0,heldout,
real_buchwald_hartwig,llambo_warmstart_amidine_base_simple_aryl_halide_conservative,27149,85.8123,64.8986,14.1877,0,heldout,
real_buchwald_hartwig,llambo_warmstart_amidine_base_simple_aryl_halide_noprior,27149,85.8123,64.8986,14.1877,0,heldout,
real_buchwald_hartwig,llambo_warmstart_conservative_low_semantic_mass,27149,96.1323,79.2813,3.8677,0,heldout,
real_buchwald_hartwig,llambo_warmstart_conservative_low_semantic_mass_conservative,27149,96.1323,79.2813,3.8677,0,heldout,
real_buchwald_hartwig,llambo_warmstart_conservative_low_semantic_mass_noprior,27149,96.1323,79.2813,3.8677,0,heldout,
real_buchwald_hartwig,llambo_warmstart_counter_hypothesis_heteroaromatic_benign,27149,88.5139,86.2791,11.4861,0,heldout,
real_buchwald_hartwig,llambo_warmstart_counter_hypothesis_heteroaromatic_benign_conservative,27149,88.5139,86.2791,11.4861,0,heldout,
real_buchwald_hartwig,llambo_warmstart_counter_hypothesis_heteroaromatic_benign_noprior,27149,88.5139,86.2791,11.4861,0,heldout,
real_buchwald_hartwig,llambo_warmstart_cross_skill_rule_bank,27149,99.6191,91.6202,0.3809,1,heldout,
real_buchwald_hartwig,llambo_warmstart_domain_knowledge_electron_poor_halide,27149,89.6142,88.626,10.3858,0,heldout,
real_buchwald_hartwig,llambo_warmstart_domain_knowledge_electron_poor_halide_conservative,27149,89.6142,88.626,10.3858,0,heldout,
real_buchwald_hartwig,llambo_warmstart_domain_knowledge_electron_poor_halide_noprior,27149,89.6142,88.626,10.3858,0,heldout,
real_buchwald_hartwig,llambo_warmstart_guanidine_base_high_mw_aryl_halide,27149,62.5596,60.9057,37.4404,0,heldout,
real_buchwald_hartwig,llambo_warmstart_guanidine_base_high_mw_aryl_halide_conservative,27149,62.5596,60.9057,37.4404,0,heldout,
real_buchwald_hartwig,llambo_warmstart_guanidine_base_high_mw_aryl_halide_noprior,27149,62.5596,60.9057,37.4404,0,heldout,
real_buchwald_hartwig,llambo_warmstart_high_mw_ligand_low_tpsa_base,27149,100.0,94.0328,0.0,1,heldout,
real_buchwald_hartwig,llambo_warmstart_high_mw_ligand_low_tpsa_base_conservative,27149,100.0,94.0328,0.0,1,heldout,
real_buchwald_hartwig,llambo_warmstart_high_mw_ligand_low_tpsa_base_noprior,27149,100.0,94.0328,0.0,1,heldout,
real_buchwald_hartwig,llambo_warmstart_phosphazene_base_heteroaromatic_halide,27149,100.0,90.1376,0.0,1,heldout,
real_buchwald_hartwig,llambo_warmstart_phosphazene_base_heteroaromatic_halide_conservative,27149,100.0,90.1376,0.0,1,heldout,
real_buchwald_hartwig,llambo_warmstart_phosphazene_base_heteroaromatic_halide_noprior,27149,100.0,90.1376,0.0,1,heldout,
real_buchwald_hartwig,llambo_warmstart_selector,27149,89.6142,88.626,10.3858,0,heldout,llambo_warmstart_domain_knowledge_electron_poor_halide_noprior
real_buchwald_hartwig,llm_calibrated_selector,27149,97.5685,95.026,2.4315,1,heldout,llm_semantic_amidine_base_simple_aryl_halide_noprior
real_buchwald_hartwig,llm_direct_prior_additive_tpsa_mid_base_tpsa_mid_synergy,27149,75.3112,73.8335,24.6888,0,heldout,
real_buchwald_hartwig,llm_direct_prior_additive_tpsa_mid_base_tpsa_mid_synergy_conservative,27149,75.3112,74.326,24.6888,0,heldout,
real_buchwald_hartwig,llm_direct_prior_additive_tpsa_mid_base_tpsa_mid_synergy_noprior,27149,75.3112,73.8335,24.6888,0,heldout,
real_buchwald_hartwig,llm_direct_prior_amidine_base_simple_aryl_halide,27149,79.6389,79.4836,20.3611,0,heldout,
real_buchwald_hartwig,llm_direct_prior_amidine_base_simple_aryl_halide_conservative,27149,82.6307,79.7634,17.3693,0,heldout,
real_buchwald_hartwig,llm_direct_prior_amidine_base_simple_aryl_halide_noprior,27149,79.6389,79.4836,20.3611,0,heldout,
real_buchwald_hartwig,llm_direct_prior_conservative_low_semantic_mass,27149,79.4448,78.8655,20.5552,0,heldout,
real_buchwald_hartwig,llm_direct_prior_conservative_low_semantic_mass_conservative,27149,79.4448,78.8655,20.5552,0,heldout,
real_buchwald_hartwig,llm_direct_prior_conservative_low_semantic_mass_noprior,27149,79.4448,78.8655,20.5552,0,heldout,
real_buchwald_hartwig,llm_direct_prior_counter_hypothesis_heteroaromatic_benign,27149,79.8724,79.637,20.1276,0,heldout,
real_buchwald_hartwig,llm_direct_prior_counter_hypothesis_heteroaromatic_benign_conservative,27149,80.5828,79.8501,19.4172,0,heldout,
real_buchwald_hartwig,llm_direct_prior_counter_hypothesis_heteroaromatic_benign_noprior,27149,79.8724,79.637,20.1276,0,heldout,
real_buchwald_hartwig,llm_direct_prior_cross_skill_rule_bank,27149,99.6191,83.691,0.3809,1,heldout,
real_buchwald_hartwig,llm_direct_prior_domain_knowledge_electron_poor_halide,27149,97.5685,95.0965,2.4315,1,heldout,
real_buchwald_hartwig,llm_direct_prior_domain_knowledge_electron_poor_halide_conservative,27149,99.0345,95.9027,0.9655,1,heldout,
real_buchwald_hartwig,llm_direct_prior_domain_knowledge_electron_poor_halide_noprior,27149,97.5685,95.0965,2.4315,1,heldout,
real_buchwald_hartwig,llm_direct_prior_guanidine_base_high_mw_aryl_halide,27149,90.2279,82.5975,9.7721,0,heldout,
real_buchwald_hartwig,llm_direct_prior_guanidine_base_high_mw_aryl_halide_conservative,27149,90.2279,79.6304,9.7721,0,heldout,
real_buchwald_hartwig,llm_direct_prior_guanidine_base_high_mw_aryl_halide_noprior,27149,90.2279,82.5975,9.7721,0,heldout,
real_buchwald_hartwig,llm_direct_prior_high_mw_ligand_low_tpsa_base,27149,99.0345,85.3042,0.9655,1,heldout,
real_buchwald_hartwig,llm_direct_prior_high_mw_ligand_low_tpsa_base_conservative,27149,100.0,88.1515,0.0,1,heldout,
real_buchwald_hartwig,llm_direct_prior_high_mw_ligand_low_tpsa_base_noprior,27149,99.0345,85.3042,0.9655,1,heldout,
real_buchwald_hartwig,llm_direct_prior_phosphazene_base_heteroaromatic_halide,27149,74.0474,73.4478,25.9526,0,heldout,
real_buchwald_hartwig,llm_direct_prior_phosphazene_base_heteroaromatic_halide_conservative,27149,76.7953,75.2165,23.2047,0,heldout,
real_buchwald_hartwig,llm_direct_prior_phosphazene_base_heteroaromatic_halide_noprior,27149,74.0474,73.4478,25.9526,0,heldout,
real_buchwald_hartwig,llm_direct_prior_selector,27149,97.5685,95.0965,2.4315,1,heldout,llm_direct_prior_domain_knowledge_electron_poor_halide_noprior
real_buchwald_hartwig,llm_semantic_additive_tpsa_mid_base_tpsa_mid_synergy,27149,73.6432,73.5637,26.3568,0,heldout,
real_buchwald_hartwig,llm_semantic_additive_tpsa_mid_base_tpsa_mid_synergy_conservative,27149,93.8745,90.0417,6.1255,0,heldout,
real_buchwald_hartwig,llm_semantic_additive_tpsa_mid_base_tpsa_mid_synergy_noprior,27149,83.1749,79.911,16.8251,0,heldout,
real_buchwald_hartwig,llm_semantic_amidine_base_simple_aryl_halide,27149,99.6191,95.5979,0.3809,1,heldout,
real_buchwald_hartwig,llm_semantic_amidine_base_simple_aryl_halide_conservative,27149,99.6191,89.9682,0.3809,1,heldout,
real_buchwald_hartwig,llm_semantic_amidine_base_simple_aryl_halide_noprior,27149,97.5685,95.026,2.4315,1,heldout,
real_buchwald_hartwig,llm_semantic_conservative_low_semantic_mass,27149,100.0,82.5264,0.0,1,heldout,
real_buchwald_hartwig,llm_semantic_conservative_low_semantic_mass_conservative,27149,100.0,82.5264,0.0,1,heldout,
real_buchwald_hartwig,llm_semantic_conservative_low_semantic_mass_noprior,27149,100.0,82.5264,0.0,1,heldout,
real_buchwald_hartwig,llm_semantic_counter_hypothesis_heteroaromatic_benign,27149,97.5685,93.9883,2.4315,1,heldout,
real_buchwald_hartwig,llm_semantic_counter_hypothesis_heteroaromatic_benign_conservative,27149,93.3108,87.0744,6.6892,0,heldout,
real_buchwald_hartwig,llm_semantic_counter_hypothesis_heteroaromatic_benign_noprior,27149,100.0,92.7789,0.0,1,heldout,
real_buchwald_hartwig,llm_semantic_cross_skill_rule_bank,27149,100.0,97.5498,0.0,1,heldout,
real_buchwald_hartwig,llm_semantic_domain_knowledge_electron_poor_halide,27149,100.0,88.0424,0.0,1,heldout,
real_buchwald_hartwig,llm_semantic_domain_knowledge_electron_poor_halide_conservative,27149,100.0,87.5929,0.0,1,heldout,
real_buchwald_hartwig,llm_semantic_domain_knowledge_electron_poor_halide_noprior,27149,83.6818,80.4317,16.3182,0,heldout,
real_buchwald_hartwig,llm_semantic_guanidine_base_high_mw_aryl_halide,27149,91.3906,84.5943,8.6094,0,heldout,
real_buchwald_hartwig,llm_semantic_guanidine_base_high_mw_aryl_halide_conservative,27149,100.0,87.6796,0.0,1,heldout,
real_buchwald_hartwig,llm_semantic_guanidine_base_high_mw_aryl_halide_noprior,27149,88.4464,78.0842,11.5536,0,heldout,
real_buchwald_hartwig,llm_semantic_high_mw_ligand_low_tpsa_base,27149,95.6759,95.3156,4.3241,0,heldout,
real_buchwald_hartwig,llm_semantic_high_mw_ligand_low_tpsa_base_conservative,27149,97.5685,88.2294,2.4315,1,heldout,
real_buchwald_hartwig,llm_semantic_high_mw_ligand_low_tpsa_base_noprior,27149,93.8745,93.8745,6.1255,0,heldout,
real_buchwald_hartwig,llm_semantic_phosphazene_base_heteroaromatic_halide,27149,100.0,87.8715,0.0,1,heldout,
real_buchwald_hartwig,llm_semantic_phosphazene_base_heteroaromatic_halide_conservative,27149,100.0,88.1476,0.0,1,heldout,
real_buchwald_hartwig,llm_semantic_phosphazene_base_heteroaromatic_halide_noprior,27149,84.5385,84.5385,15.4615,0,heldout,
real_buchwald_hartwig,mixed_kernel_gp_ei,27149,95.6759,83.4011,4.3241,0,heldout,
real_buchwald_hartwig,target_acquisition_portfolio,27149,100.0,86.3896,0.0,1,heldout,
