dataset,mode,seed,final_best,best_so_far_auc,simple_regret,top10_hit,split,selected_source_mode
real_moleculenet_lipophilicity,gp_ucb,28000,91.25,91.1,2.5,0,calibration,
real_moleculenet_lipophilicity,llambo_warmstart_domain_knowledge_polar_surface_control_noprior,28000,82.5,79.6625,11.25,0,calibration,
real_moleculenet_lipophilicity,llm_direct_prior_domain_knowledge_polar_surface_control_noprior,28000,89.75,89.75,4.0,0,calibration,
real_moleculenet_lipophilicity,llm_semantic_domain_knowledge_polar_surface_control_noprior,28000,89.75,89.75,4.0,0,calibration,
real_moleculenet_lipophilicity,mixed_kernel_gp_ei,28000,91.25,90.95,2.5,0,calibration,
real_moleculenet_lipophilicity,target_acquisition_portfolio,28000,91.25,91.1,2.5,0,calibration,
real_moleculenet_lipophilicity,gp_ucb,28001,88.375,88.375,5.375,0,calibration,
real_moleculenet_lipophilicity,llambo_warmstart_domain_knowledge_polar_surface_control_noprior,28001,87.125,86.875,6.625,0,calibration,
real_moleculenet_lipophilicity,llm_direct_prior_domain_knowledge_polar_surface_control_noprior,28001,90.0,89.675,3.75,0,calibration,
real_moleculenet_lipophilicity,llm_semantic_domain_knowledge_polar_surface_control_noprior,28001,90.0,89.025,3.75,0,calibration,
real_moleculenet_lipophilicity,mixed_kernel_gp_ei,28001,88.375,88.375,5.375,0,calibration,
real_moleculenet_lipophilicity,target_acquisition_portfolio,28001,88.375,88.375,5.375,0,calibration,
real_moleculenet_lipophilicity,gp_ucb,28002,88.75,84.375,5.0,0,calibration,
real_moleculenet_lipophilicity,llambo_warmstart_domain_knowledge_polar_surface_control_noprior,28002,77.0,77.0,16.75,0,calibration,
real_moleculenet_lipophilicity,llm_direct_prior_domain_knowledge_polar_surface_control_noprior,28002,88.625,82.95,5.125,0,calibration,
real_moleculenet_lipophilicity,llm_semantic_domain_knowledge_polar_surface_control_noprior,28002,90.0,89.0375,3.75,0,calibration,
real_moleculenet_lipophilicity,mixed_kernel_gp_ei,28002,88.75,84.375,5.0,0,calibration,
real_moleculenet_lipophilicity,target_acquisition_portfolio,28002,83.5,82.275,10.25,0,calibration,
real_moleculenet_lipophilicity,gp_ucb,28003,88.75,83.375,5.0,0,calibration,
real_moleculenet_lipophilicity,llambo_warmstart_domain_knowledge_polar_surface_control_noprior,28003,85.0,85.0,8.75,0,calibration,
real_moleculenet_lipophilicity,llm_direct_prior_domain_knowledge_polar_surface_control_noprior,28003,88.75,84.75,5.0,0,calibration,
real_moleculenet_lipophilicity,llm_semantic_domain_knowledge_polar_surface_control_noprior,28003,90.0,86.5,3.75,0,calibration,
real_moleculenet_lipophilicity,mixed_kernel_gp_ei,28003,91.875,85.25,1.875,0,calibration,
real_moleculenet_lipophilicity,target_acquisition_portfolio,28003,87.375,82.475,6.375,0,calibration,
real_moleculenet_lipophilicity,gp_ucb,28004,86.875,84.025,6.875,0,calibration,
real_moleculenet_lipophilicity,llambo_warmstart_domain_knowledge_polar_surface_control_noprior,28004,82.875,82.275,10.875,0,calibration,
real_moleculenet_lipophilicity,llm_direct_prior_domain_knowledge_polar_surface_control_noprior,28004,93.75,85.15,0.0,1,calibration,
real_moleculenet_lipophilicity,llm_semantic_domain_knowledge_polar_surface_control_noprior,28004,86.25,84.9375,7.5,0,calibration,
real_moleculenet_lipophilicity,mixed_kernel_gp_ei,28004,87.125,84.9125,6.625,0,calibration,
real_moleculenet_lipophilicity,target_acquisition_portfolio,28004,87.375,82.7625,6.375,0,calibration,
real_moleculenet_lipophilicity,gp_ucb,28005,93.625,93.625,0.125,1,calibration,
real_moleculenet_lipophilicity,llambo_warmstart_domain_knowledge_polar_surface_control_noprior,28005,93.75,92.375,0.0,1,calibration,
real_moleculenet_lipophilicity,llm_direct_prior_domain_knowledge_polar_surface_control_noprior,28005,93.625,93.625,0.125,1,calibration,
real_moleculenet_lipophilicity,llm_semantic_domain_knowledge_polar_surface_control_noprior,28005,93.625,93.625,0.125,1,calibration,
real_moleculenet_lipophilicity,mixed_kernel_gp_ei,28005,93.625,93.625,0.125,1,calibration,
real_moleculenet_lipophilicity,target_acquisition_portfolio,28005,93.625,93.625,0.125,1,calibration,
real_moleculenet_lipophilicity,gp_ucb,28006,91.875,84.9,1.875,0,calibration,
real_moleculenet_lipophilicity,llambo_warmstart_domain_knowledge_polar_surface_control_noprior,28006,85.0,83.425,8.75,0,calibration,
real_moleculenet_lipophilicity,llm_direct_prior_domain_knowledge_polar_surface_control_noprior,28006,87.25,87.25,6.5,0,calibration,
real_moleculenet_lipophilicity,llm_semantic_domain_knowledge_polar_surface_control_noprior,28006,93.75,90.75,0.0,1,calibration,
real_moleculenet_lipophilicity,mixed_kernel_gp_ei,28006,91.875,83.35,1.875,0,calibration,
real_moleculenet_lipophilicity,target_acquisition_portfolio,28006,93.75,87.875,0.0,1,calibration,
real_moleculenet_lipophilicity,gp_ucb,28007,87.5,85.6875,6.25,0,calibration,
real_moleculenet_lipophilicity,llambo_warmstart_domain_knowledge_polar_surface_control_noprior,28007,87.5,83.625,6.25,0,calibration,
real_moleculenet_lipophilicity,llm_direct_prior_domain_knowledge_polar_surface_control_noprior,28007,93.75,87.375,0.0,1,calibration,
real_moleculenet_lipophilicity,llm_semantic_domain_knowledge_polar_surface_control_noprior,28007,93.75,92.9375,0.0,1,calibration,
real_moleculenet_lipophilicity,mixed_kernel_gp_ei,28007,86.25,85.6875,7.5,0,calibration,
real_moleculenet_lipophilicity,target_acquisition_portfolio,28007,86.25,85.6875,7.5,0,calibration,
real_moleculenet_lipophilicity,gp_ucb,28008,90.0,87.875,3.75,0,calibration,
real_moleculenet_lipophilicity,llambo_warmstart_domain_knowledge_polar_surface_control_noprior,28008,93.75,93.75,0.0,1,calibration,
real_moleculenet_lipophilicity,llm_direct_prior_domain_knowledge_polar_surface_control_noprior,28008,88.625,86.4,5.125,0,calibration,
real_moleculenet_lipophilicity,llm_semantic_domain_knowledge_polar_surface_control_noprior,28008,93.75,90.75,0.0,1,calibration,
real_moleculenet_lipophilicity,mixed_kernel_gp_ei,28008,88.125,84.9125,5.625,0,calibration,
real_moleculenet_lipophilicity,target_acquisition_portfolio,28008,88.125,84.475,5.625,0,calibration,
real_moleculenet_lipophilicity,gp_ucb,28009,91.25,91.0,2.5,0,calibration,
real_moleculenet_lipophilicity,llambo_warmstart_domain_knowledge_polar_surface_control_noprior,28009,93.75,93.75,0.0,1,calibration,
real_moleculenet_lipophilicity,llm_direct_prior_domain_knowledge_polar_surface_control_noprior,28009,93.75,90.75,0.0,1,calibration,
real_moleculenet_lipophilicity,llm_semantic_domain_knowledge_polar_surface_control_noprior,28009,90.0,90.0,3.75,0,calibration,
real_moleculenet_lipophilicity,mixed_kernel_gp_ei,28009,90.0,90.0,3.75,0,calibration,
real_moleculenet_lipophilicity,target_acquisition_portfolio,28009,90.0,90.0,3.75,0,calibration,
real_moleculenet_lipophilicity,gp_ucb,28010,87.5,86.5,6.25,0,calibration,
real_moleculenet_lipophilicity,llambo_warmstart_domain_knowledge_polar_surface_control_noprior,28010,82.875,81.9,10.875,0,calibration,
real_moleculenet_lipophilicity,llm_direct_prior_domain_knowledge_polar_surface_control_noprior,28010,87.25,87.25,6.5,0,calibration,
real_moleculenet_lipophilicity,llm_semantic_domain_knowledge_polar_surface_control_noprior,28010,88.625,87.85,5.125,0,calibration,
real_moleculenet_lipophilicity,mixed_kernel_gp_ei,28010,93.75,85.4125,0.0,1,calibration,
real_moleculenet_lipophilicity,target_acquisition_portfolio,28010,87.5,86.5,6.25,0,calibration,
real_moleculenet_lipophilicity,gp_ucb,28011,85.75,82.575,8.0,0,calibration,
real_moleculenet_lipophilicity,llambo_warmstart_domain_knowledge_polar_surface_control_noprior,28011,93.75,87.5,0.0,1,calibration,
real_moleculenet_lipophilicity,llm_direct_prior_domain_knowledge_polar_surface_control_noprior,28011,87.5,84.25,6.25,0,calibration,
real_moleculenet_lipophilicity,llm_semantic_domain_knowledge_polar_surface_control_noprior,28011,87.125,82.475,6.625,0,calibration,
real_moleculenet_lipophilicity,mixed_kernel_gp_ei,28011,79.5,79.475,14.25,0,calibration,
real_moleculenet_lipophilicity,target_acquisition_portfolio,28011,79.375,79.375,14.375,0,calibration,
real_moleculenet_lipophilicity,gp_ucb,28012,90.0,87.7875,3.75,0,calibration,
real_moleculenet_lipophilicity,llambo_warmstart_domain_knowledge_polar_surface_control_noprior,28012,89.125,77.2875,4.625,0,calibration,
real_moleculenet_lipophilicity,llm_direct_prior_domain_knowledge_polar_surface_control_noprior,28012,87.5,82.5,6.25,0,calibration,
real_moleculenet_lipophilicity,llm_semantic_domain_knowledge_polar_surface_control_noprior,28012,93.5,87.6875,0.25,1,calibration,
real_moleculenet_lipophilicity,mixed_kernel_gp_ei,28012,90.0,86.275,3.75,0,calibration,
real_moleculenet_lipophilicity,target_acquisition_portfolio,28012,90.0,87.7875,3.75,0,calibration,
real_moleculenet_lipophilicity,gp_ucb,28013,85.0,83.575,8.75,0,calibration,
real_moleculenet_lipophilicity,llambo_warmstart_domain_knowledge_polar_surface_control_noprior,28013,91.25,86.7,2.5,0,calibration,
real_moleculenet_lipophilicity,llm_direct_prior_domain_knowledge_polar_surface_control_noprior,28013,88.75,85.75,5.0,0,calibration,
real_moleculenet_lipophilicity,llm_semantic_domain_knowledge_polar_surface_control_noprior,28013,93.75,88.2125,0.0,1,calibration,
real_moleculenet_lipophilicity,mixed_kernel_gp_ei,28013,90.0,84.0625,3.75,0,calibration,
real_moleculenet_lipophilicity,target_acquisition_portfolio,28013,85.0,83.575,8.75,0,calibration,
real_moleculenet_lipophilicity,gp_ucb,28014,88.75,88.75,5.0,0,calibration,
real_moleculenet_lipophilicity,llambo_warmstart_domain_knowledge_polar_surface_control_noprior,28014,85.5,80.3625,8.25,0,calibration,
real_moleculenet_lipophilicity,llm_direct_prior_domain_knowledge_polar_surface_control_noprior,28014,90.0,86.65,3.75,0,calibration,
real_moleculenet_lipophilicity,llm_semantic_domain_knowledge_polar_surface_control_noprior,28014,93.75,92.5,0.0,1,calibration,
real_moleculenet_lipophilicity,mixed_kernel_gp_ei,28014,93.75,86.75,0.0,1,calibration,
real_moleculenet_lipophilicity,target_acquisition_portfolio,28014,88.75,88.75,5.0,0,calibration,
real_moleculenet_lipophilicity,gp_ucb,28015,93.625,93.625,0.125,1,calibration,
real_moleculenet_lipophilicity,llambo_warmstart_domain_knowledge_polar_surface_control_noprior,28015,80.75,78.4875,13.0,0,calibration,
real_moleculenet_lipophilicity,llm_direct_prior_domain_knowledge_polar_surface_control_noprior,28015,93.625,93.625,0.125,1,calibration,
real_moleculenet_lipophilicity,llm_semantic_domain_knowledge_polar_surface_control_noprior,28015,93.625,93.625,0.125,1,calibration,
real_moleculenet_lipophilicity,mixed_kernel_gp_ei,28015,93.625,93.625,0.125,1,calibration,
real_moleculenet_lipophilicity,target_acquisition_portfolio,28015,93.625,93.625,0.125,1,calibration,
real_moleculenet_lipophilicity,gp_ucb,28016,93.75,87.2375,0.0,1,calibration,
real_moleculenet_lipophilicity,llambo_warmstart_domain_knowledge_polar_surface_control_noprior,28016,82.5,80.3,11.25,0,calibration,
real_moleculenet_lipophilicity,llm_direct_prior_domain_knowledge_polar_surface_control_noprior,28016,82.875,78.8125,10.875,0,calibration,
real_moleculenet_lipophilicity,llm_semantic_domain_knowledge_polar_surface_control_noprior,28016,88.625,88.2125,5.125,0,calibration,
real_moleculenet_lipophilicity,mixed_kernel_gp_ei,28016,87.25,80.5,6.5,0,calibration,
real_moleculenet_lipophilicity,target_acquisition_portfolio,28016,87.25,80.5,6.5,0,calibration,
real_moleculenet_lipophilicity,gp_ucb,28017,88.125,86.7875,5.625,0,calibration,
real_moleculenet_lipophilicity,llambo_warmstart_domain_knowledge_polar_surface_control_noprior,28017,88.25,85.1625,5.5,0,calibration,
real_moleculenet_lipophilicity,llm_direct_prior_domain_knowledge_polar_surface_control_noprior,28017,85.0,85.0,8.75,0,calibration,
real_moleculenet_lipophilicity,llm_semantic_domain_knowledge_polar_surface_control_noprior,28017,88.625,85.8375,5.125,0,calibration,
real_moleculenet_lipophilicity,mixed_kernel_gp_ei,28017,88.125,86.7875,5.625,0,calibration,
real_moleculenet_lipophilicity,target_acquisition_portfolio,28017,88.125,86.7875,5.625,0,calibration,
real_moleculenet_lipophilicity,gp_ucb,28018,93.75,92.15,0.0,1,calibration,
real_moleculenet_lipophilicity,llambo_warmstart_domain_knowledge_polar_surface_control_noprior,28018,93.75,89.1875,0.0,1,calibration,
real_moleculenet_lipophilicity,llm_direct_prior_domain_knowledge_polar_surface_control_noprior,28018,93.75,89.2,0.0,1,calibration,
real_moleculenet_lipophilicity,llm_semantic_domain_knowledge_polar_surface_control_noprior,28018,93.75,93.75,0.0,1,calibration,
real_moleculenet_lipophilicity,mixed_kernel_gp_ei,28018,93.75,88.45,0.0,1,calibration,
real_moleculenet_lipophilicity,target_acquisition_portfolio,28018,87.375,86.55,6.375,0,calibration,
real_moleculenet_lipophilicity,gp_ucb,28019,93.75,91.9125,0.0,1,calibration,
real_moleculenet_lipophilicity,llambo_warmstart_domain_knowledge_polar_surface_control_noprior,28019,82.875,80.325,10.875,0,calibration,
real_moleculenet_lipophilicity,llm_direct_prior_domain_knowledge_polar_surface_control_noprior,28019,88.625,88.025,5.125,0,calibration,
real_moleculenet_lipophilicity,llm_semantic_domain_knowledge_polar_surface_control_noprior,28019,93.75,92.525,0.0,1,calibration,
real_moleculenet_lipophilicity,mixed_kernel_gp_ei,28019,93.75,89.6625,0.0,1,calibration,
real_moleculenet_lipophilicity,target_acquisition_portfolio,28019,87.625,87.625,6.125,0,calibration,
real_moleculenet_lipophilicity,gp_ucb,28020,90.0,90.0,3.75,0,calibration,
real_moleculenet_lipophilicity,llambo_warmstart_domain_knowledge_polar_surface_control_noprior,28020,93.75,93.75,0.0,1,calibration,
real_moleculenet_lipophilicity,llm_direct_prior_domain_knowledge_polar_surface_control_noprior,28020,90.0,90.0,3.75,0,calibration,
real_moleculenet_lipophilicity,llm_semantic_domain_knowledge_polar_surface_control_noprior,28020,90.0,90.0,3.75,0,calibration,
real_moleculenet_lipophilicity,mixed_kernel_gp_ei,28020,90.0,90.0,3.75,0,calibration,
real_moleculenet_lipophilicity,target_acquisition_portfolio,28020,90.0,90.0,3.75,0,calibration,
real_moleculenet_lipophilicity,gp_ucb,28021,91.375,88.5,2.375,0,calibration,
real_moleculenet_lipophilicity,llambo_warmstart_domain_knowledge_polar_surface_control_noprior,28021,88.25,80.875,5.5,0,calibration,
real_moleculenet_lipophilicity,llm_direct_prior_domain_knowledge_polar_surface_control_noprior,28021,93.75,84.4125,0.0,1,calibration,
real_moleculenet_lipophilicity,llm_semantic_domain_knowledge_polar_surface_control_noprior,28021,93.75,89.7875,0.0,1,calibration,
real_moleculenet_lipophilicity,mixed_kernel_gp_ei,28021,90.75,86.25,3.0,0,calibration,
real_moleculenet_lipophilicity,target_acquisition_portfolio,28021,91.375,83.65,2.375,0,calibration,
real_moleculenet_lipophilicity,gp_ucb,28022,87.375,80.2,6.375,0,calibration,
real_moleculenet_lipophilicity,llambo_warmstart_domain_knowledge_polar_surface_control_noprior,28022,83.75,83.2375,10.0,0,calibration,
real_moleculenet_lipophilicity,llm_direct_prior_domain_knowledge_polar_surface_control_noprior,28022,88.625,83.1,5.125,0,calibration,
real_moleculenet_lipophilicity,llm_semantic_domain_knowledge_polar_surface_control_noprior,28022,88.25,82.3,5.5,0,calibration,
real_moleculenet_lipophilicity,mixed_kernel_gp_ei,28022,82.0,80.225,11.75,0,calibration,
real_moleculenet_lipophilicity,target_acquisition_portfolio,28022,93.75,85.875,0.0,1,calibration,
real_moleculenet_lipophilicity,gp_ucb,28023,86.875,86.2,6.875,0,calibration,
real_moleculenet_lipophilicity,llambo_warmstart_domain_knowledge_polar_surface_control_noprior,28023,93.75,89.4,0.0,1,calibration,
real_moleculenet_lipophilicity,llm_direct_prior_domain_knowledge_polar_surface_control_noprior,28023,86.125,86.125,7.625,0,calibration,
real_moleculenet_lipophilicity,llm_semantic_domain_knowledge_polar_surface_control_noprior,28023,91.25,87.8,2.5,0,calibration,
real_moleculenet_lipophilicity,mixed_kernel_gp_ei,28023,86.125,86.125,7.625,0,calibration,
real_moleculenet_lipophilicity,target_acquisition_portfolio,28023,86.125,86.125,7.625,0,calibration,
real_moleculenet_lipophilicity,gp_ucb,28024,87.5,82.3125,6.25,0,calibration,
real_moleculenet_lipophilicity,llambo_warmstart_domain_knowledge_polar_surface_control_noprior,28024,87.375,87.375,6.375,0,calibration,
real_moleculenet_lipophilicity,llm_direct_prior_domain_knowledge_polar_surface_control_noprior,28024,88.625,82.3375,5.125,0,calibration,
real_moleculenet_lipophilicity,llm_semantic_domain_knowledge_polar_surface_control_noprior,28024,93.75,90.875,0.0,1,calibration,
real_moleculenet_lipophilicity,mixed_kernel_gp_ei,28024,93.75,87.75,0.0,1,calibration,
real_moleculenet_lipophilicity,target_acquisition_portfolio,28024,93.75,87.875,0.0,1,calibration,
real_moleculenet_lipophilicity,gp_ucb,28025,93.5,88.1,0.25,1,calibration,
real_moleculenet_lipophilicity,llambo_warmstart_domain_knowledge_polar_surface_control_noprior,28025,91.25,87.5,2.5,0,calibration,
real_moleculenet_lipophilicity,llm_direct_prior_domain_knowledge_polar_surface_control_noprior,28025,93.75,87.575,0.0,1,calibration,
real_moleculenet_lipophilicity,llm_semantic_domain_knowledge_polar_surface_control_noprior,28025,93.75,90.0,0.0,1,calibration,
real_moleculenet_lipophilicity,mixed_kernel_gp_ei,28025,87.25,87.05,6.5,0,calibration,
real_moleculenet_lipophilicity,target_acquisition_portfolio,28025,93.5,88.1,0.25,1,calibration,
real_moleculenet_lipophilicity,gp_ucb,28026,82.5,81.05,11.25,0,calibration,
real_moleculenet_lipophilicity,llambo_warmstart_domain_knowledge_polar_surface_control_noprior,28026,93.75,93.75,0.0,1,calibration,
real_moleculenet_lipophilicity,llm_direct_prior_domain_knowledge_polar_surface_control_noprior,28026,88.75,84.8125,5.0,0,calibration,
real_moleculenet_lipophilicity,llm_semantic_domain_knowledge_polar_surface_control_noprior,28026,93.75,85.55,0.0,1,calibration,
real_moleculenet_lipophilicity,mixed_kernel_gp_ei,28026,82.5,81.3625,11.25,0,calibration,
real_moleculenet_lipophilicity,target_acquisition_portfolio,28026,88.25,86.6,5.5,0,calibration,
real_moleculenet_lipophilicity,gp_ucb,28027,90.0,89.75,3.75,0,calibration,
real_moleculenet_lipophilicity,llambo_warmstart_domain_knowledge_polar_surface_control_noprior,28027,82.875,80.8125,10.875,0,calibration,
real_moleculenet_lipophilicity,llm_direct_prior_domain_knowledge_polar_surface_control_noprior,28027,88.625,88.5125,5.125,0,calibration,
real_moleculenet_lipophilicity,llm_semantic_domain_knowledge_polar_surface_control_noprior,28027,88.75,88.625,5.0,0,calibration,
real_moleculenet_lipophilicity,mixed_kernel_gp_ei,28027,90.0,89.75,3.75,0,calibration,
real_moleculenet_lipophilicity,target_acquisition_portfolio,28027,90.0,89.75,3.75,0,calibration,
real_moleculenet_lipophilicity,gp_ucb,28028,93.75,93.75,0.0,1,calibration,
real_moleculenet_lipophilicity,llambo_warmstart_domain_knowledge_polar_surface_control_noprior,28028,82.875,82.875,10.875,0,calibration,
real_moleculenet_lipophilicity,llm_direct_prior_domain_knowledge_polar_surface_control_noprior,28028,87.25,86.675,6.5,0,calibration,
real_moleculenet_lipophilicity,llm_semantic_domain_knowledge_polar_surface_control_noprior,28028,93.75,90.0,0.0,1,calibration,
real_moleculenet_lipophilicity,mixed_kernel_gp_ei,28028,93.75,93.75,0.0,1,calibration,
real_moleculenet_lipophilicity,target_acquisition_portfolio,28028,93.75,93.75,0.0,1,calibration,
real_moleculenet_lipophilicity,gp_ucb,28029,85.5,83.475,8.25,0,calibration,
real_moleculenet_lipophilicity,llambo_warmstart_domain_knowledge_polar_surface_control_noprior,28029,82.875,82.875,10.875,0,calibration,
real_moleculenet_lipophilicity,llm_direct_prior_domain_knowledge_polar_surface_control_noprior,28029,88.625,87.6125,5.125,0,calibration,
real_moleculenet_lipophilicity,llm_semantic_domain_knowledge_polar_surface_control_noprior,28029,87.5,85.375,6.25,0,calibration,
real_moleculenet_lipophilicity,mixed_kernel_gp_ei,28029,85.0,85.0,8.75,0,calibration,
real_moleculenet_lipophilicity,target_acquisition_portfolio,28029,85.0,85.0,8.75,0,calibration,
real_moleculenet_lipophilicity,gp_ucb,28030,87.5,86.2125,6.25,0,calibration,
real_moleculenet_lipophilicity,llambo_warmstart_domain_knowledge_polar_surface_control_noprior,28030,81.375,80.5,12.375,0,calibration,
real_moleculenet_lipophilicity,llm_direct_prior_domain_knowledge_polar_surface_control_noprior,28030,92.5,89.825,1.25,0,calibration,
real_moleculenet_lipophilicity,llm_semantic_domain_knowledge_polar_surface_control_noprior,28030,87.5,85.4,6.25,0,calibration,
real_moleculenet_lipophilicity,mixed_kernel_gp_ei,28030,87.5,86.2125,6.25,0,calibration,
real_moleculenet_lipophilicity,target_acquisition_portfolio,28030,83.375,83.375,10.375,0,calibration,
real_moleculenet_lipophilicity,gp_ucb,28031,91.25,85.125,2.5,0,calibration,
real_moleculenet_lipophilicity,llambo_warmstart_domain_knowledge_polar_surface_control_noprior,28031,90.0,90.0,3.75,0,calibration,
real_moleculenet_lipophilicity,llm_direct_prior_domain_knowledge_polar_surface_control_noprior,28031,88.625,84.3375,5.125,0,calibration,
real_moleculenet_lipophilicity,llm_semantic_domain_knowledge_polar_surface_control_noprior,28031,88.625,86.7875,5.125,0,calibration,
real_moleculenet_lipophilicity,mixed_kernel_gp_ei,28031,82.5,82.5,11.25,0,calibration,
real_moleculenet_lipophilicity,target_acquisition_portfolio,28031,91.25,85.125,2.5,0,calibration,
real_moleculenet_lipophilicity,gp_ucb,28032,83.5,83.5,10.25,0,calibration,
real_moleculenet_lipophilicity,llambo_warmstart_domain_knowledge_polar_surface_control_noprior,28032,81.375,78.4,12.375,0,calibration,
real_moleculenet_lipophilicity,llm_direct_prior_domain_knowledge_polar_surface_control_noprior,28032,93.75,86.575,0.0,1,calibration,
real_moleculenet_lipophilicity,llm_semantic_domain_knowledge_polar_surface_control_noprior,28032,87.25,83.875,6.5,0,calibration,
real_moleculenet_lipophilicity,mixed_kernel_gp_ei,28032,83.5,83.5,10.25,0,calibration,
real_moleculenet_lipophilicity,target_acquisition_portfolio,28032,86.25,83.775,7.5,0,calibration,
real_moleculenet_lipophilicity,gp_ucb,28033,81.25,76.625,12.5,0,calibration,
real_moleculenet_lipophilicity,llambo_warmstart_domain_knowledge_polar_surface_control_noprior,28033,93.75,84.2625,0.0,1,calibration,
real_moleculenet_lipophilicity,llm_direct_prior_domain_knowledge_polar_surface_control_noprior,28033,90.0,85.325,3.75,0,calibration,
real_moleculenet_lipophilicity,llm_semantic_domain_knowledge_polar_surface_control_noprior,28033,93.75,87.5625,0.0,1,calibration,
real_moleculenet_lipophilicity,mixed_kernel_gp_ei,28033,89.625,73.7625,4.125,0,calibration,
real_moleculenet_lipophilicity,target_acquisition_portfolio,28033,85.5,76.95,8.25,0,calibration,
real_moleculenet_lipophilicity,gp_ucb,28034,93.75,86.65,0.0,1,calibration,
real_moleculenet_lipophilicity,llambo_warmstart_domain_knowledge_polar_surface_control_noprior,28034,93.75,85.425,0.0,1,calibration,
real_moleculenet_lipophilicity,llm_direct_prior_domain_knowledge_polar_surface_control_noprior,28034,93.75,86.65,0.0,1,calibration,
real_moleculenet_lipophilicity,llm_semantic_domain_knowledge_polar_surface_control_noprior,28034,93.75,87.75,0.0,1,calibration,
real_moleculenet_lipophilicity,mixed_kernel_gp_ei,28034,93.75,84.65,0.0,1,calibration,
real_moleculenet_lipophilicity,target_acquisition_portfolio,28034,93.75,87.65,0.0,1,calibration,
real_moleculenet_lipophilicity,gp_ucb,28035,93.75,87.35,0.0,1,calibration,
real_moleculenet_lipophilicity,llambo_warmstart_domain_knowledge_polar_surface_control_noprior,28035,90.0,84.45,3.75,0,calibration,
real_moleculenet_lipophilicity,llm_direct_prior_domain_knowledge_polar_surface_control_noprior,28035,93.75,90.275,0.0,1,calibration,
real_moleculenet_lipophilicity,llm_semantic_domain_knowledge_polar_surface_control_noprior,28035,93.5,86.35,0.25,1,calibration,
real_moleculenet_lipophilicity,mixed_kernel_gp_ei,28035,93.75,90.275,0.0,1,calibration,
real_moleculenet_lipophilicity,target_acquisition_portfolio,28035,93.75,87.35,0.0,1,calibration,
real_moleculenet_lipophilicity,gp_ucb,28036,89.625,83.7125,4.125,0,calibration,
real_moleculenet_lipophilicity,llambo_warmstart_domain_knowledge_polar_surface_control_noprior,28036,88.625,81.0,5.125,0,calibration,
real_moleculenet_lipophilicity,llm_direct_prior_domain_knowledge_polar_surface_control_noprior,28036,82.875,81.95,10.875,0,calibration,
real_moleculenet_lipophilicity,llm_semantic_domain_knowledge_polar_surface_control_noprior,28036,86.25,85.45,7.5,0,calibration,
real_moleculenet_lipophilicity,mixed_kernel_gp_ei,28036,85.0,85.0,8.75,0,calibration,
real_moleculenet_lipophilicity,target_acquisition_portfolio,28036,91.0,88.6,2.75,0,calibration,
real_moleculenet_lipophilicity,gp_ucb,28037,88.625,86.6125,5.125,0,calibration,
real_moleculenet_lipophilicity,llambo_warmstart_domain_knowledge_polar_surface_control_noprior,28037,83.75,81.825,10.0,0,calibration,
real_moleculenet_lipophilicity,llm_direct_prior_domain_knowledge_polar_surface_control_noprior,28037,93.75,87.475,0.0,1,calibration,
real_moleculenet_lipophilicity,llm_semantic_domain_knowledge_polar_surface_control_noprior,28037,93.75,88.375,0.0,1,calibration,
real_moleculenet_lipophilicity,mixed_kernel_gp_ei,28037,88.625,86.6125,5.125,0,calibration,
real_moleculenet_lipophilicity,target_acquisition_portfolio,28037,88.625,86.6125,5.125,0,calibration,
real_moleculenet_lipophilicity,gp_ucb,28038,93.5,89.175,0.25,1,calibration,
real_moleculenet_lipophilicity,llambo_warmstart_domain_knowledge_polar_surface_control_noprior,28038,93.75,92.65,0.0,1,calibration,
real_moleculenet_lipophilicity,llm_direct_prior_domain_knowledge_polar_surface_control_noprior,28038,93.75,86.775,0.0,1,calibration,
real_moleculenet_lipophilicity,llm_semantic_domain_knowledge_polar_surface_control_noprior,28038,93.75,93.75,0.0,1,calibration,
real_moleculenet_lipophilicity,mixed_kernel_gp_ei,28038,93.75,87.925,0.0,1,calibration,
real_moleculenet_lipophilicity,target_acquisition_portfolio,28038,91.875,91.0875,1.875,0,calibration,
real_moleculenet_lipophilicity,gp_ucb,28039,83.75,82.7,10.0,0,calibration,
real_moleculenet_lipophilicity,llambo_warmstart_domain_knowledge_polar_surface_control_noprior,28039,88.25,83.725,5.5,0,calibration,
real_moleculenet_lipophilicity,llm_direct_prior_domain_knowledge_polar_surface_control_noprior,28039,87.5,87.375,6.25,0,calibration,
real_moleculenet_lipophilicity,llm_semantic_domain_knowledge_polar_surface_control_noprior,28039,90.0,89.35,3.75,0,calibration,
real_moleculenet_lipophilicity,mixed_kernel_gp_ei,28039,83.75,82.7,10.0,0,calibration,
real_moleculenet_lipophilicity,target_acquisition_portfolio,28039,83.75,82.7,10.0,0,calibration,
real_moleculenet_lipophilicity,gp_ucb,28040,77.5,77.5,16.25,0,calibration,
real_moleculenet_lipophilicity,llambo_warmstart_domain_knowledge_polar_surface_control_noprior,28040,87.25,84.8125,6.5,0,calibration,
real_moleculenet_lipophilicity,llm_direct_prior_domain_knowledge_polar_surface_control_noprior,28040,86.25,85.3125,7.5,0,calibration,
real_moleculenet_lipophilicity,llm_semantic_domain_knowledge_polar_surface_control_noprior,28040,87.5,84.2125,6.25,0,calibration,
real_moleculenet_lipophilicity,mixed_kernel_gp_ei,28040,77.5,77.5,16.25,0,calibration,
real_moleculenet_lipophilicity,target_acquisition_portfolio,28040,84.0,81.725,9.75,0,calibration,
real_moleculenet_lipophilicity,gp_ucb,28041,90.0,84.0,3.75,0,calibration,
real_moleculenet_lipophilicity,llambo_warmstart_domain_knowledge_polar_surface_control_noprior,28041,93.75,91.7,0.0,1,calibration,
real_moleculenet_lipophilicity,llm_direct_prior_domain_knowledge_polar_surface_control_noprior,28041,93.75,87.7375,0.0,1,calibration,
real_moleculenet_lipophilicity,llm_semantic_domain_knowledge_polar_surface_control_noprior,28041,91.375,88.85,2.375,0,calibration,
real_moleculenet_lipophilicity,mixed_kernel_gp_ei,28041,90.0,84.0,3.75,0,calibration,
real_moleculenet_lipophilicity,target_acquisition_portfolio,28041,90.0,84.0,3.75,0,calibration,
real_moleculenet_lipophilicity,gp_ucb,28042,89.625,85.6875,4.125,0,calibration,
real_moleculenet_lipophilicity,llambo_warmstart_domain_knowledge_polar_surface_control_noprior,28042,86.875,83.1625,6.875,0,calibration,
real_moleculenet_lipophilicity,llm_direct_prior_domain_knowledge_polar_surface_control_noprior,28042,88.625,84.125,5.125,0,calibration,
real_moleculenet_lipophilicity,llm_semantic_domain_knowledge_polar_surface_control_noprior,28042,77.5,77.5,16.25,0,calibration,
real_moleculenet_lipophilicity,mixed_kernel_gp_ei,28042,85.0,81.5125,8.75,0,calibration,
real_moleculenet_lipophilicity,target_acquisition_portfolio,28042,88.25,85.55,5.5,0,calibration,
real_moleculenet_lipophilicity,gp_ucb,28043,88.25,83.6375,5.5,0,calibration,
real_moleculenet_lipophilicity,llambo_warmstart_domain_knowledge_polar_surface_control_noprior,28043,90.125,87.975,3.625,0,calibration,
real_moleculenet_lipophilicity,llm_direct_prior_domain_knowledge_polar_surface_control_noprior,28043,87.5,81.225,6.25,0,calibration,
real_moleculenet_lipophilicity,llm_semantic_domain_knowledge_polar_surface_control_noprior,28043,90.0,85.775,3.75,0,calibration,
real_moleculenet_lipophilicity,mixed_kernel_gp_ei,28043,88.25,83.6375,5.5,0,calibration,
real_moleculenet_lipophilicity,target_acquisition_portfolio,28043,89.625,84.5875,4.125,0,calibration,
real_moleculenet_lipophilicity,gp_ucb,28044,92.125,90.675,1.625,0,calibration,
real_moleculenet_lipophilicity,llambo_warmstart_domain_knowledge_polar_surface_control_noprior,28044,87.5,85.45,6.25,0,calibration,
real_moleculenet_lipophilicity,llm_direct_prior_domain_knowledge_polar_surface_control_noprior,28044,90.375,90.375,3.375,0,calibration,
real_moleculenet_lipophilicity,llm_semantic_domain_knowledge_polar_surface_control_noprior,28044,90.375,90.375,3.375,0,calibration,
real_moleculenet_lipophilicity,mixed_kernel_gp_ei,28044,90.375,90.375,3.375,0,calibration,
real_moleculenet_lipophilicity,target_acquisition_portfolio,28044,92.125,90.675,1.625,0,calibration,
real_moleculenet_lipophilicity,gp_ucb,28045,90.0,87.55,3.75,0,calibration,
real_moleculenet_lipophilicity,llambo_warmstart_domain_knowledge_polar_surface_control_noprior,28045,83.75,83.05,10.0,0,calibration,
real_moleculenet_lipophilicity,llm_direct_prior_domain_knowledge_polar_surface_control_noprior,28045,86.25,86.25,7.5,0,calibration,
real_moleculenet_lipophilicity,llm_semantic_domain_knowledge_polar_surface_control_noprior,28045,85.0,80.7,8.75,0,calibration,
real_moleculenet_lipophilicity,mixed_kernel_gp_ei,28045,91.0,83.0,2.75,0,calibration,
real_moleculenet_lipophilicity,target_acquisition_portfolio,28045,86.25,81.75,7.5,0,calibration,
real_moleculenet_lipophilicity,gp_ucb,28046,90.0,90.0,3.75,0,calibration,
real_moleculenet_lipophilicity,llambo_warmstart_domain_knowledge_polar_surface_control_noprior,28046,84.625,79.625,9.125,0,calibration,
real_moleculenet_lipophilicity,llm_direct_prior_domain_knowledge_polar_surface_control_noprior,28046,87.5,87.325,6.25,0,calibration,
real_moleculenet_lipophilicity,llm_semantic_domain_knowledge_polar_surface_control_noprior,28046,93.75,92.3,0.0,1,calibration,
real_moleculenet_lipophilicity,mixed_kernel_gp_ei,28046,93.5,86.475,0.25,1,calibration,
real_moleculenet_lipophilicity,target_acquisition_portfolio,28046,90.0,90.0,3.75,0,calibration,
real_moleculenet_lipophilicity,gp_ucb,28047,81.25,81.1375,12.5,0,calibration,
real_moleculenet_lipophilicity,llambo_warmstart_domain_knowledge_polar_surface_control_noprior,28047,82.875,82.875,10.875,0,calibration,
real_moleculenet_lipophilicity,llm_direct_prior_domain_knowledge_polar_surface_control_noprior,28047,84.0,82.75,9.75,0,calibration,
real_moleculenet_lipophilicity,llm_semantic_domain_knowledge_polar_surface_control_noprior,28047,88.625,87.6375,5.125,0,calibration,
real_moleculenet_lipophilicity,mixed_kernel_gp_ei,28047,80.875,80.875,12.875,0,calibration,
real_moleculenet_lipophilicity,target_acquisition_portfolio,28047,89.625,84.3,4.125,0,calibration,
real_moleculenet_lipophilicity,gp_ucb,28048,92.375,90.975,1.375,0,calibration,
real_moleculenet_lipophilicity,llambo_warmstart_domain_knowledge_polar_surface_control_noprior,28048,91.25,88.2,2.5,0,calibration,
real_moleculenet_lipophilicity,llm_direct_prior_domain_knowledge_polar_surface_control_noprior,28048,90.125,90.125,3.625,0,calibration,
real_moleculenet_lipophilicity,llm_semantic_domain_knowledge_polar_surface_control_noprior,28048,90.125,90.125,3.625,0,calibration,
real_moleculenet_lipophilicity,mixed_kernel_gp_ei,28048,92.125,91.525,1.625,0,calibration,
real_moleculenet_lipophilicity,target_acquisition_portfolio,28048,92.875,91.825,0.875,0,calibration,
real_moleculenet_lipophilicity,gp_ucb,28049,85.0,81.1875,8.75,0,calibration,
real_moleculenet_lipophilicity,llambo_warmstart_domain_knowledge_polar_surface_control_noprior,28049,87.5,87.5,6.25,0,calibration,
real_moleculenet_lipophilicity,llm_direct_prior_domain_knowledge_polar_surface_control_noprior,28049,88.625,88.2,5.125,0,calibration,
real_moleculenet_lipophilicity,llm_semantic_domain_knowledge_polar_surface_control_noprior,28049,93.75,89.9375,0.0,1,calibration,
real_moleculenet_lipophilicity,mixed_kernel_gp_ei,28049,81.25,80.1,12.5,0,calibration,
real_moleculenet_lipophilicity,target_acquisition_portfolio,28049,84.625,82.2,9.125,0,calibration,
real_moleculenet_lipophilicity,care_strategy_router,29000,87.0,82.7625,6.75,0,heldout,llm_semantic_domain_knowledge_polar_surface_control_noprior
real_moleculenet_lipophilicity,gp_ucb,29000,91.0,82.1375,2.75,0,heldout,
real_moleculenet_lipophilicity,llambo_warmstart_domain_knowledge_polar_surface_control_noprior,29000,82.5,78.5,11.25,0,heldout,
real_moleculenet_lipophilicity,llambo_warmstart_selector,29000,82.5,78.5,11.25,0,heldout,llambo_warmstart_domain_knowledge_polar_surface_control_noprior
real_moleculenet_lipophilicity,llm_calibrated_selector,29000,87.0,82.7625,6.75,0,heldout,llm_semantic_domain_knowledge_polar_surface_control_noprior
real_moleculenet_lipophilicity,llm_direct_prior_domain_knowledge_polar_surface_control_noprior,29000,86.25,80.6125,7.5,0,heldout,
real_moleculenet_lipophilicity,llm_direct_prior_selector,29000,86.25,80.6125,7.5,0,heldout,llm_direct_prior_domain_knowledge_polar_surface_control_noprior
real_moleculenet_lipophilicity,llm_semantic_domain_knowledge_polar_surface_control_noprior,29000,87.0,82.7625,6.75,0,heldout,
real_moleculenet_lipophilicity,mixed_kernel_gp_ei,29000,91.0,82.1375,2.75,0,heldout,
real_moleculenet_lipophilicity,target_acquisition_portfolio,29000,91.0,82.1375,2.75,0,heldout,
real_moleculenet_lipophilicity,care_strategy_router,29001,90.0,79.0,3.75,0,heldout,llm_semantic_domain_knowledge_polar_surface_control_noprior
real_moleculenet_lipophilicity,gp_ucb,29001,82.5,82.5,11.25,0,heldout,
real_moleculenet_lipophilicity,llambo_warmstart_domain_knowledge_polar_surface_control_noprior,29001,82.875,82.875,10.875,0,heldout,
real_moleculenet_lipophilicity,llambo_warmstart_selector,29001,82.875,82.875,10.875,0,heldout,llambo_warmstart_domain_knowledge_polar_surface_control_noprior
real_moleculenet_lipophilicity,llm_calibrated_selector,29001,90.0,79.0,3.75,0,heldout,llm_semantic_domain_knowledge_polar_surface_control_noprior
real_moleculenet_lipophilicity,llm_direct_prior_domain_knowledge_polar_surface_control_noprior,29001,93.75,83.4,0.0,1,heldout,
real_moleculenet_lipophilicity,llm_direct_prior_selector,29001,93.75,83.4,0.0,1,heldout,llm_direct_prior_domain_knowledge_polar_surface_control_noprior
real_moleculenet_lipophilicity,llm_semantic_domain_knowledge_polar_surface_control_noprior,29001,90.0,79.0,3.75,0,heldout,
real_moleculenet_lipophilicity,mixed_kernel_gp_ei,29001,82.5,82.5,11.25,0,heldout,
real_moleculenet_lipophilicity,target_acquisition_portfolio,29001,82.5,82.5,11.25,0,heldout,
real_moleculenet_lipophilicity,care_strategy_router,29002,93.75,93.75,0.0,1,heldout,llm_semantic_domain_knowledge_polar_surface_control_noprior
real_moleculenet_lipophilicity,gp_ucb,29002,93.75,93.1,0.0,1,heldout,
real_moleculenet_lipophilicity,llambo_warmstart_domain_knowledge_polar_surface_control_noprior,29002,93.5,88.925,0.25,1,heldout,
real_moleculenet_lipophilicity,llambo_warmstart_selector,29002,93.5,88.925,0.25,1,heldout,llambo_warmstart_domain_knowledge_polar_surface_control_noprior
real_moleculenet_lipophilicity,llm_calibrated_selector,29002,93.75,93.75,0.0,1,heldout,llm_semantic_domain_knowledge_polar_surface_control_noprior
real_moleculenet_lipophilicity,llm_direct_prior_domain_knowledge_polar_surface_control_noprior,29002,93.75,89.85,0.0,1,heldout,
real_moleculenet_lipophilicity,llm_direct_prior_selector,29002,93.75,89.85,0.0,1,heldout,llm_direct_prior_domain_knowledge_polar_surface_control_noprior
real_moleculenet_lipophilicity,llm_semantic_domain_knowledge_polar_surface_control_noprior,29002,93.75,93.75,0.0,1,heldout,
real_moleculenet_lipophilicity,mixed_kernel_gp_ei,29002,93.75,93.1,0.0,1,heldout,
real_moleculenet_lipophilicity,target_acquisition_portfolio,29002,93.75,93.1,0.0,1,heldout,
real_moleculenet_lipophilicity,care_strategy_router,29003,93.75,93.75,0.0,1,heldout,llm_semantic_domain_knowledge_polar_surface_control_noprior
real_moleculenet_lipophilicity,gp_ucb,29003,88.25,85.7625,5.5,0,heldout,
real_moleculenet_lipophilicity,llambo_warmstart_domain_knowledge_polar_surface_control_noprior,29003,86.25,81.7875,7.5,0,heldout,
real_moleculenet_lipophilicity,llambo_warmstart_selector,29003,86.25,81.7875,7.5,0,heldout,llambo_warmstart_domain_knowledge_polar_surface_control_noprior
real_moleculenet_lipophilicity,llm_calibrated_selector,29003,93.75,93.75,0.0,1,heldout,llm_semantic_domain_knowledge_polar_surface_control_noprior
real_moleculenet_lipophilicity,llm_direct_prior_domain_knowledge_polar_surface_control_noprior,29003,93.75,84.9625,0.0,1,heldout,
real_moleculenet_lipophilicity,llm_direct_prior_selector,29003,93.75,84.9625,0.0,1,heldout,llm_direct_prior_domain_knowledge_polar_surface_control_noprior
real_moleculenet_lipophilicity,llm_semantic_domain_knowledge_polar_surface_control_noprior,29003,93.75,93.75,0.0,1,heldout,
real_moleculenet_lipophilicity,mixed_kernel_gp_ei,29003,82.625,81.35,11.125,0,heldout,
real_moleculenet_lipophilicity,target_acquisition_portfolio,29003,88.25,84.4125,5.5,0,heldout,
real_moleculenet_lipophilicity,care_strategy_router,29004,89.375,85.925,4.375,0,heldout,llm_semantic_domain_knowledge_polar_surface_control_noprior
real_moleculenet_lipophilicity,gp_ucb,29004,93.75,84.7625,0.0,1,heldout,
real_moleculenet_lipophilicity,llambo_warmstart_domain_knowledge_polar_surface_control_noprior,29004,93.75,90.5,0.0,1,heldout,
real_moleculenet_lipophilicity,llambo_warmstart_selector,29004,93.75,90.5,0.0,1,heldout,llambo_warmstart_domain_knowledge_polar_surface_control_noprior
real_moleculenet_lipophilicity,llm_calibrated_selector,29004,89.375,85.925,4.375,0,heldout,llm_semantic_domain_knowledge_polar_surface_control_noprior
real_moleculenet_lipophilicity,llm_direct_prior_domain_knowledge_polar_surface_control_noprior,29004,86.25,85.7,7.5,0,heldout,
real_moleculenet_lipophilicity,llm_direct_prior_selector,29004,86.25,85.7,7.5,0,heldout,llm_direct_prior_domain_knowledge_polar_surface_control_noprior
real_moleculenet_lipophilicity,llm_semantic_domain_knowledge_polar_surface_control_noprior,29004,89.375,85.925,4.375,0,heldout,
real_moleculenet_lipophilicity,mixed_kernel_gp_ei,29004,93.75,84.7625,0.0,1,heldout,
real_moleculenet_lipophilicity,target_acquisition_portfolio,29004,93.75,84.7625,0.0,1,heldout,
real_moleculenet_lipophilicity,care_strategy_router,29005,86.75,85.3625,7.0,0,heldout,llm_semantic_domain_knowledge_polar_surface_control_noprior
real_moleculenet_lipophilicity,gp_ucb,29005,88.625,87.5625,5.125,0,heldout,
real_moleculenet_lipophilicity,llambo_warmstart_domain_knowledge_polar_surface_control_noprior,29005,90.0,82.9375,3.75,0,heldout,
real_moleculenet_lipophilicity,llambo_warmstart_selector,29005,90.0,82.9375,3.75,0,heldout,llambo_warmstart_domain_knowledge_polar_surface_control_noprior
real_moleculenet_lipophilicity,llm_calibrated_selector,29005,86.75,85.3625,7.0,0,heldout,llm_semantic_domain_knowledge_polar_surface_control_noprior
real_moleculenet_lipophilicity,llm_direct_prior_domain_knowledge_polar_surface_control_noprior,29005,88.625,85.375,5.125,0,heldout,
real_moleculenet_lipophilicity,llm_direct_prior_selector,29005,88.625,85.375,5.125,0,heldout,llm_direct_prior_domain_knowledge_polar_surface_control_noprior
real_moleculenet_lipophilicity,llm_semantic_domain_knowledge_polar_surface_control_noprior,29005,86.75,85.3625,7.0,0,heldout,
real_moleculenet_lipophilicity,mixed_kernel_gp_ei,29005,91.25,85.9,2.5,0,heldout,
real_moleculenet_lipophilicity,target_acquisition_portfolio,29005,87.5,85.8875,6.25,0,heldout,
real_moleculenet_lipophilicity,care_strategy_router,29006,88.625,87.025,5.125,0,heldout,llm_semantic_domain_knowledge_polar_surface_control_noprior
real_moleculenet_lipophilicity,gp_ucb,29006,86.625,85.425,7.125,0,heldout,
real_moleculenet_lipophilicity,llambo_warmstart_domain_knowledge_polar_surface_control_noprior,29006,87.5,84.725,6.25,0,heldout,
real_moleculenet_lipophilicity,llambo_warmstart_selector,29006,87.5,84.725,6.25,0,heldout,llambo_warmstart_domain_knowledge_polar_surface_control_noprior
real_moleculenet_lipophilicity,llm_calibrated_selector,29006,88.625,87.025,5.125,0,heldout,llm_semantic_domain_knowledge_polar_surface_control_noprior
real_moleculenet_lipophilicity,llm_direct_prior_domain_knowledge_polar_surface_control_noprior,29006,90.0,88.925,3.75,0,heldout,
real_moleculenet_lipophilicity,llm_direct_prior_selector,29006,90.0,88.925,3.75,0,heldout,llm_direct_prior_domain_knowledge_polar_surface_control_noprior
real_moleculenet_lipophilicity,llm_semantic_domain_knowledge_polar_surface_control_noprior,29006,88.625,87.025,5.125,0,heldout,
real_moleculenet_lipophilicity,mixed_kernel_gp_ei,29006,86.625,85.225,7.125,0,heldout,
real_moleculenet_lipophilicity,target_acquisition_portfolio,29006,86.625,85.625,7.125,0,heldout,
real_moleculenet_lipophilicity,care_strategy_router,29007,88.625,86.9625,5.125,0,heldout,llm_semantic_domain_knowledge_polar_surface_control_noprior
real_moleculenet_lipophilicity,gp_ucb,29007,87.5,87.0875,6.25,0,heldout,
real_moleculenet_lipophilicity,llambo_warmstart_domain_knowledge_polar_surface_control_noprior,29007,93.75,93.75,0.0,1,heldout,
real_moleculenet_lipophilicity,llambo_warmstart_selector,29007,93.75,93.75,0.0,1,heldout,llambo_warmstart_domain_knowledge_polar_surface_control_noprior
real_moleculenet_lipophilicity,llm_calibrated_selector,29007,88.625,86.9625,5.125,0,heldout,llm_semantic_domain_knowledge_polar_surface_control_noprior
real_moleculenet_lipophilicity,llm_direct_prior_domain_knowledge_polar_surface_control_noprior,29007,90.0,88.875,3.75,0,heldout,
real_moleculenet_lipophilicity,llm_direct_prior_selector,29007,90.0,88.875,3.75,0,heldout,llm_direct_prior_domain_knowledge_polar_surface_control_noprior
real_moleculenet_lipophilicity,llm_semantic_domain_knowledge_polar_surface_control_noprior,29007,88.625,86.9625,5.125,0,heldout,
real_moleculenet_lipophilicity,mixed_kernel_gp_ei,29007,90.0,88.3375,3.75,0,heldout,
real_moleculenet_lipophilicity,target_acquisition_portfolio,29007,90.0,88.3375,3.75,0,heldout,
real_moleculenet_lipophilicity,care_strategy_router,29008,93.75,88.175,0.0,1,heldout,llm_semantic_domain_knowledge_polar_surface_control_noprior
real_moleculenet_lipophilicity,gp_ucb,29008,86.25,85.5625,7.5,0,heldout,
real_moleculenet_lipophilicity,llambo_warmstart_domain_knowledge_polar_surface_control_noprior,29008,87.375,87.375,6.375,0,heldout,
real_moleculenet_lipophilicity,llambo_warmstart_selector,29008,87.375,87.375,6.375,0,heldout,llambo_warmstart_domain_knowledge_polar_surface_control_noprior
real_moleculenet_lipophilicity,llm_calibrated_selector,29008,93.75,88.175,0.0,1,heldout,llm_semantic_domain_knowledge_polar_surface_control_noprior
real_moleculenet_lipophilicity,llm_direct_prior_domain_knowledge_polar_surface_control_noprior,29008,90.0,89.175,3.75,0,heldout,
real_moleculenet_lipophilicity,llm_direct_prior_selector,29008,90.0,89.175,3.75,0,heldout,llm_direct_prior_domain_knowledge_polar_surface_control_noprior
real_moleculenet_lipophilicity,llm_semantic_domain_knowledge_polar_surface_control_noprior,29008,93.75,88.175,0.0,1,heldout,
real_moleculenet_lipophilicity,mixed_kernel_gp_ei,29008,87.5,85.85,6.25,0,heldout,
real_moleculenet_lipophilicity,target_acquisition_portfolio,29008,93.75,86.3125,0.0,1,heldout,
real_moleculenet_lipophilicity,care_strategy_router,29009,88.75,88.75,5.0,0,heldout,llm_semantic_domain_knowledge_polar_surface_control_noprior
real_moleculenet_lipophilicity,gp_ucb,29009,91.875,89.6875,1.875,0,heldout,
real_moleculenet_lipophilicity,llambo_warmstart_domain_knowledge_polar_surface_control_noprior,29009,91.875,88.6875,1.875,0,heldout,
real_moleculenet_lipophilicity,llambo_warmstart_selector,29009,91.875,88.6875,1.875,0,heldout,llambo_warmstart_domain_knowledge_polar_surface_control_noprior
real_moleculenet_lipophilicity,llm_calibrated_selector,29009,88.75,88.75,5.0,0,heldout,llm_semantic_domain_knowledge_polar_surface_control_noprior
real_moleculenet_lipophilicity,llm_direct_prior_domain_knowledge_polar_surface_control_noprior,29009,88.75,88.75,5.0,0,heldout,
real_moleculenet_lipophilicity,llm_direct_prior_selector,29009,88.75,88.75,5.0,0,heldout,llm_direct_prior_domain_knowledge_polar_surface_control_noprior
real_moleculenet_lipophilicity,llm_semantic_domain_knowledge_polar_surface_control_noprior,29009,88.75,88.75,5.0,0,heldout,
real_moleculenet_lipophilicity,mixed_kernel_gp_ei,29009,88.75,88.75,5.0,0,heldout,
real_moleculenet_lipophilicity,target_acquisition_portfolio,29009,88.75,88.75,5.0,0,heldout,
real_moleculenet_lipophilicity,care_strategy_router,29010,85.0,83.7,8.75,0,heldout,llm_semantic_domain_knowledge_polar_surface_control_noprior
real_moleculenet_lipophilicity,gp_ucb,29010,91.25,89.1875,2.5,0,heldout,
real_moleculenet_lipophilicity,llambo_warmstart_domain_knowledge_polar_surface_control_noprior,29010,92.125,85.575,1.625,0,heldout,
real_moleculenet_lipophilicity,llambo_warmstart_selector,29010,92.125,85.575,1.625,0,heldout,llambo_warmstart_domain_knowledge_polar_surface_control_noprior
real_moleculenet_lipophilicity,llm_calibrated_selector,29010,85.0,83.7,8.75,0,heldout,llm_semantic_domain_knowledge_polar_surface_control_noprior
real_moleculenet_lipophilicity,llm_direct_prior_domain_knowledge_polar_surface_control_noprior,29010,93.75,88.575,0.0,1,heldout,
real_moleculenet_lipophilicity,llm_direct_prior_selector,29010,93.75,88.575,0.0,1,heldout,llm_direct_prior_domain_knowledge_polar_surface_control_noprior
real_moleculenet_lipophilicity,llm_semantic_domain_knowledge_polar_surface_control_noprior,29010,85.0,83.7,8.75,0,heldout,
real_moleculenet_lipophilicity,mixed_kernel_gp_ei,29010,87.5,85.0625,6.25,0,heldout,
real_moleculenet_lipophilicity,target_acquisition_portfolio,29010,89.125,89.125,4.625,0,heldout,
real_moleculenet_lipophilicity,care_strategy_router,29011,93.75,92.0625,0.0,1,heldout,llm_semantic_domain_knowledge_polar_surface_control_noprior
real_moleculenet_lipophilicity,gp_ucb,29011,88.125,88.125,5.625,0,heldout,
real_moleculenet_lipophilicity,llambo_warmstart_domain_knowledge_polar_surface_control_noprior,29011,93.75,93.75,0.0,1,heldout,
real_moleculenet_lipophilicity,llambo_warmstart_selector,29011,93.75,93.75,0.0,1,heldout,llambo_warmstart_domain_knowledge_polar_surface_control_noprior
real_moleculenet_lipophilicity,llm_calibrated_selector,29011,93.75,92.0625,0.0,1,heldout,llm_semantic_domain_knowledge_polar_surface_control_noprior
real_moleculenet_lipophilicity,llm_direct_prior_domain_knowledge_polar_surface_control_noprior,29011,88.125,88.125,5.625,0,heldout,
real_moleculenet_lipophilicity,llm_direct_prior_selector,29011,88.125,88.125,5.625,0,heldout,llm_direct_prior_domain_knowledge_polar_surface_control_noprior
real_moleculenet_lipophilicity,llm_semantic_domain_knowledge_polar_surface_control_noprior,29011,93.75,92.0625,0.0,1,heldout,
real_moleculenet_lipophilicity,mixed_kernel_gp_ei,29011,92.5,91.625,1.25,0,heldout,
real_moleculenet_lipophilicity,target_acquisition_portfolio,29011,88.125,88.125,5.625,0,heldout,
real_moleculenet_lipophilicity,care_strategy_router,29012,93.75,93.1,0.0,1,heldout,llm_semantic_domain_knowledge_polar_surface_control_noprior
real_moleculenet_lipophilicity,gp_ucb,29012,93.75,90.7,0.0,1,heldout,
real_moleculenet_lipophilicity,llambo_warmstart_domain_knowledge_polar_surface_control_noprior,29012,87.5,82.975,6.25,0,heldout,
real_moleculenet_lipophilicity,llambo_warmstart_selector,29012,87.5,82.975,6.25,0,heldout,llambo_warmstart_domain_knowledge_polar_surface_control_noprior
real_moleculenet_lipophilicity,llm_calibrated_selector,29012,93.75,93.1,0.0,1,heldout,llm_semantic_domain_knowledge_polar_surface_control_noprior
real_moleculenet_lipophilicity,llm_direct_prior_domain_knowledge_polar_surface_control_noprior,29012,93.75,90.5,0.0,1,heldout,
real_moleculenet_lipophilicity,llm_direct_prior_selector,29012,93.75,90.5,0.0,1,heldout,llm_direct_prior_domain_knowledge_polar_surface_control_noprior
real_moleculenet_lipophilicity,llm_semantic_domain_knowledge_polar_surface_control_noprior,29012,93.75,93.1,0.0,1,heldout,
real_moleculenet_lipophilicity,mixed_kernel_gp_ei,29012,93.75,90.7,0.0,1,heldout,
real_moleculenet_lipophilicity,target_acquisition_portfolio,29012,93.75,90.7,0.0,1,heldout,
real_moleculenet_lipophilicity,care_strategy_router,29013,93.75,88.625,0.0,1,heldout,llm_semantic_domain_knowledge_polar_surface_control_noprior
real_moleculenet_lipophilicity,gp_ucb,29013,90.0,82.475,3.75,0,heldout,
real_moleculenet_lipophilicity,llambo_warmstart_domain_knowledge_polar_surface_control_noprior,29013,93.75,92.35,0.0,1,heldout,
real_moleculenet_lipophilicity,llambo_warmstart_selector,29013,93.75,92.35,0.0,1,heldout,llambo_warmstart_domain_knowledge_polar_surface_control_noprior
real_moleculenet_lipophilicity,llm_calibrated_selector,29013,93.75,88.625,0.0,1,heldout,llm_semantic_domain_knowledge_polar_surface_control_noprior
real_moleculenet_lipophilicity,llm_direct_prior_domain_knowledge_polar_surface_control_noprior,29013,87.5,85.5125,6.25,0,heldout,
real_moleculenet_lipophilicity,llm_direct_prior_selector,29013,87.5,85.5125,6.25,0,heldout,llm_direct_prior_domain_knowledge_polar_surface_control_noprior
real_moleculenet_lipophilicity,llm_semantic_domain_knowledge_polar_surface_control_noprior,29013,93.75,88.625,0.0,1,heldout,
real_moleculenet_lipophilicity,mixed_kernel_gp_ei,29013,89.625,86.825,4.125,0,heldout,
real_moleculenet_lipophilicity,target_acquisition_portfolio,29013,91.25,85.275,2.5,0,heldout,
real_moleculenet_lipophilicity,care_strategy_router,29014,87.5,84.875,6.25,0,heldout,llm_semantic_domain_knowledge_polar_surface_control_noprior
real_moleculenet_lipophilicity,gp_ucb,29014,80.0,79.25,13.75,0,heldout,
real_moleculenet_lipophilicity,llambo_warmstart_domain_knowledge_polar_surface_control_noprior,29014,82.875,82.875,10.875,0,heldout,
real_moleculenet_lipophilicity,llambo_warmstart_selector,29014,82.875,82.875,10.875,0,heldout,llambo_warmstart_domain_knowledge_polar_surface_control_noprior
real_moleculenet_lipophilicity,llm_calibrated_selector,29014,87.5,84.875,6.25,0,heldout,llm_semantic_domain_knowledge_polar_surface_control_noprior
real_moleculenet_lipophilicity,llm_direct_prior_domain_knowledge_polar_surface_control_noprior,29014,88.625,82.8125,5.125,0,heldout,
real_moleculenet_lipophilicity,llm_direct_prior_selector,29014,88.625,82.8125,5.125,0,heldout,llm_direct_prior_domain_knowledge_polar_surface_control_noprior
real_moleculenet_lipophilicity,llm_semantic_domain_knowledge_polar_surface_control_noprior,29014,87.5,84.875,6.25,0,heldout,
real_moleculenet_lipophilicity,mixed_kernel_gp_ei,29014,90.0,84.25,3.75,0,heldout,
real_moleculenet_lipophilicity,target_acquisition_portfolio,29014,80.0,79.25,13.75,0,heldout,
real_moleculenet_lipophilicity,care_strategy_router,29015,80.375,79.3875,13.375,0,heldout,llm_semantic_domain_knowledge_polar_surface_control_noprior
real_moleculenet_lipophilicity,gp_ucb,29015,85.0,85.0,8.75,0,heldout,
real_moleculenet_lipophilicity,llambo_warmstart_domain_knowledge_polar_surface_control_noprior,29015,86.25,81.4875,7.5,0,heldout,
real_moleculenet_lipophilicity,llambo_warmstart_selector,29015,86.25,81.4875,7.5,0,heldout,llambo_warmstart_domain_knowledge_polar_surface_control_noprior
real_moleculenet_lipophilicity,llm_calibrated_selector,29015,80.375,79.3875,13.375,0,heldout,llm_semantic_domain_knowledge_polar_surface_control_noprior
real_moleculenet_lipophilicity,llm_direct_prior_domain_knowledge_polar_surface_control_noprior,29015,85.375,84.5875,8.375,0,heldout,
real_moleculenet_lipophilicity,llm_direct_prior_selector,29015,85.375,84.5875,8.375,0,heldout,llm_direct_prior_domain_knowledge_polar_surface_control_noprior
real_moleculenet_lipophilicity,llm_semantic_domain_knowledge_polar_surface_control_noprior,29015,80.375,79.3875,13.375,0,heldout,
real_moleculenet_lipophilicity,mixed_kernel_gp_ei,29015,83.875,80.4875,9.875,0,heldout,
real_moleculenet_lipophilicity,target_acquisition_portfolio,29015,91.0,89.65,2.75,0,heldout,
real_moleculenet_lipophilicity,care_strategy_router,29016,87.125,86.2875,6.625,0,heldout,llm_semantic_domain_knowledge_polar_surface_control_noprior
real_moleculenet_lipophilicity,gp_ucb,29016,85.0,83.75,8.75,0,heldout,
real_moleculenet_lipophilicity,llambo_warmstart_domain_knowledge_polar_surface_control_noprior,29016,88.25,84.0625,5.5,0,heldout,
real_moleculenet_lipophilicity,llambo_warmstart_selector,29016,88.25,84.0625,5.5,0,heldout,llambo_warmstart_domain_knowledge_polar_surface_control_noprior
real_moleculenet_lipophilicity,llm_calibrated_selector,29016,87.125,86.2875,6.625,0,heldout,llm_semantic_domain_knowledge_polar_surface_control_noprior
real_moleculenet_lipophilicity,llm_direct_prior_domain_knowledge_polar_surface_control_noprior,29016,90.0,83.625,3.75,0,heldout,
real_moleculenet_lipophilicity,llm_direct_prior_selector,29016,90.0,83.625,3.75,0,heldout,llm_direct_prior_domain_knowledge_polar_surface_control_noprior
real_moleculenet_lipophilicity,llm_semantic_domain_knowledge_polar_surface_control_noprior,29016,87.125,86.2875,6.625,0,heldout,
real_moleculenet_lipophilicity,mixed_kernel_gp_ei,29016,85.0,83.75,8.75,0,heldout,
real_moleculenet_lipophilicity,target_acquisition_portfolio,29016,85.0,83.75,8.75,0,heldout,
real_moleculenet_lipophilicity,care_strategy_router,29017,93.75,93.75,0.0,1,heldout,llm_semantic_domain_knowledge_polar_surface_control_noprior
real_moleculenet_lipophilicity,gp_ucb,29017,91.25,90.3125,2.5,0,heldout,
real_moleculenet_lipophilicity,llambo_warmstart_domain_knowledge_polar_surface_control_noprior,29017,87.5,84.3625,6.25,0,heldout,
real_moleculenet_lipophilicity,llambo_warmstart_selector,29017,87.5,84.3625,6.25,0,heldout,llambo_warmstart_domain_knowledge_polar_surface_control_noprior
real_moleculenet_lipophilicity,llm_calibrated_selector,29017,93.75,93.75,0.0,1,heldout,llm_semantic_domain_knowledge_polar_surface_control_noprior
real_moleculenet_lipophilicity,llm_direct_prior_domain_knowledge_polar_surface_control_noprior,29017,93.75,89.8125,0.0,1,heldout,
real_moleculenet_lipophilicity,llm_direct_prior_selector,29017,93.75,89.8125,0.0,1,heldout,llm_direct_prior_domain_knowledge_polar_surface_control_noprior
real_moleculenet_lipophilicity,llm_semantic_domain_knowledge_polar_surface_control_noprior,29017,93.75,93.75,0.0,1,heldout,
real_moleculenet_lipophilicity,mixed_kernel_gp_ei,29017,91.25,90.3125,2.5,0,heldout,
real_moleculenet_lipophilicity,target_acquisition_portfolio,29017,91.25,90.3125,2.5,0,heldout,
real_moleculenet_lipophilicity,care_strategy_router,29018,88.25,87.2875,5.5,0,heldout,llm_semantic_domain_knowledge_polar_surface_control_noprior
real_moleculenet_lipophilicity,gp_ucb,29018,89.875,89.875,3.875,0,heldout,
real_moleculenet_lipophilicity,llambo_warmstart_domain_knowledge_polar_surface_control_noprior,29018,93.75,93.75,0.0,1,heldout,
real_moleculenet_lipophilicity,llambo_warmstart_selector,29018,93.75,93.75,0.0,1,heldout,llambo_warmstart_domain_knowledge_polar_surface_control_noprior
real_moleculenet_lipophilicity,llm_calibrated_selector,29018,88.25,87.2875,5.5,0,heldout,llm_semantic_domain_knowledge_polar_surface_control_noprior
real_moleculenet_lipophilicity,llm_direct_prior_domain_knowledge_polar_surface_control_noprior,29018,90.0,88.75,3.75,0,heldout,
real_moleculenet_lipophilicity,llm_direct_prior_selector,29018,90.0,88.75,3.75,0,heldout,llm_direct_prior_domain_knowledge_polar_surface_control_noprior
real_moleculenet_lipophilicity,llm_semantic_domain_knowledge_polar_surface_control_noprior,29018,88.25,87.2875,5.5,0,heldout,
real_moleculenet_lipophilicity,mixed_kernel_gp_ei,29018,89.875,89.875,3.875,0,heldout,
real_moleculenet_lipophilicity,target_acquisition_portfolio,29018,89.875,89.875,3.875,0,heldout,
real_moleculenet_lipophilicity,care_strategy_router,29019,92.375,92.375,1.375,0,heldout,llm_semantic_domain_knowledge_polar_surface_control_noprior
real_moleculenet_lipophilicity,gp_ucb,29019,92.375,92.375,1.375,0,heldout,
real_moleculenet_lipophilicity,llambo_warmstart_domain_knowledge_polar_surface_control_noprior,29019,93.5,83.3875,0.25,1,heldout,
real_moleculenet_lipophilicity,llambo_warmstart_selector,29019,93.5,83.3875,0.25,1,heldout,llambo_warmstart_domain_knowledge_polar_surface_control_noprior
real_moleculenet_lipophilicity,llm_calibrated_selector,29019,92.375,92.375,1.375,0,heldout,llm_semantic_domain_knowledge_polar_surface_control_noprior
real_moleculenet_lipophilicity,llm_direct_prior_domain_knowledge_polar_surface_control_noprior,29019,92.375,92.375,1.375,0,heldout,
real_moleculenet_lipophilicity,llm_direct_prior_selector,29019,92.375,92.375,1.375,0,heldout,llm_direct_prior_domain_knowledge_polar_surface_control_noprior
real_moleculenet_lipophilicity,llm_semantic_domain_knowledge_polar_surface_control_noprior,29019,92.375,92.375,1.375,0,heldout,
real_moleculenet_lipophilicity,mixed_kernel_gp_ei,29019,92.375,92.375,1.375,0,heldout,
real_moleculenet_lipophilicity,target_acquisition_portfolio,29019,92.375,92.375,1.375,0,heldout,
real_moleculenet_lipophilicity,care_strategy_router,29020,88.75,88.75,5.0,0,heldout,llm_semantic_domain_knowledge_polar_surface_control_noprior
real_moleculenet_lipophilicity,gp_ucb,29020,83.75,83.0,10.0,0,heldout,
real_moleculenet_lipophilicity,llambo_warmstart_domain_knowledge_polar_surface_control_noprior,29020,93.75,93.75,0.0,1,heldout,
real_moleculenet_lipophilicity,llambo_warmstart_selector,29020,93.75,93.75,0.0,1,heldout,llambo_warmstart_domain_knowledge_polar_surface_control_noprior
real_moleculenet_lipophilicity,llm_calibrated_selector,29020,88.75,88.75,5.0,0,heldout,llm_semantic_domain_knowledge_polar_surface_control_noprior
real_moleculenet_lipophilicity,llm_direct_prior_domain_knowledge_polar_surface_control_noprior,29020,86.25,85.125,7.5,0,heldout,
real_moleculenet_lipophilicity,llm_direct_prior_selector,29020,86.25,85.125,7.5,0,heldout,llm_direct_prior_domain_knowledge_polar_surface_control_noprior
real_moleculenet_lipophilicity,llm_semantic_domain_knowledge_polar_surface_control_noprior,29020,88.75,88.75,5.0,0,heldout,
real_moleculenet_lipophilicity,mixed_kernel_gp_ei,29020,93.5,85.125,0.25,1,heldout,
real_moleculenet_lipophilicity,target_acquisition_portfolio,29020,83.625,83.5125,10.125,0,heldout,
real_moleculenet_lipophilicity,care_strategy_router,29021,93.75,90.8375,0.0,1,heldout,llm_semantic_domain_knowledge_polar_surface_control_noprior
real_moleculenet_lipophilicity,gp_ucb,29021,88.75,86.5,5.0,0,heldout,
real_moleculenet_lipophilicity,llambo_warmstart_domain_knowledge_polar_surface_control_noprior,29021,93.75,93.75,0.0,1,heldout,
real_moleculenet_lipophilicity,llambo_warmstart_selector,29021,93.75,93.75,0.0,1,heldout,llambo_warmstart_domain_knowledge_polar_surface_control_noprior
real_moleculenet_lipophilicity,llm_calibrated_selector,29021,93.75,90.8375,0.0,1,heldout,llm_semantic_domain_knowledge_polar_surface_control_noprior
real_moleculenet_lipophilicity,llm_direct_prior_domain_knowledge_polar_surface_control_noprior,29021,86.25,86.25,7.5,0,heldout,
real_moleculenet_lipophilicity,llm_direct_prior_selector,29021,86.25,86.25,7.5,0,heldout,llm_direct_prior_domain_knowledge_polar_surface_control_noprior
real_moleculenet_lipophilicity,llm_semantic_domain_knowledge_polar_surface_control_noprior,29021,93.75,90.8375,0.0,1,heldout,
real_moleculenet_lipophilicity,mixed_kernel_gp_ei,29021,88.625,86.4875,5.125,0,heldout,
real_moleculenet_lipophilicity,target_acquisition_portfolio,29021,86.25,86.25,7.5,0,heldout,
real_moleculenet_lipophilicity,care_strategy_router,29022,93.75,83.1,0.0,1,heldout,llm_semantic_domain_knowledge_polar_surface_control_noprior
real_moleculenet_lipophilicity,gp_ucb,29022,82.875,77.0125,10.875,0,heldout,
real_moleculenet_lipophilicity,llambo_warmstart_domain_knowledge_polar_surface_control_noprior,29022,87.625,81.675,6.125,0,heldout,
real_moleculenet_lipophilicity,llambo_warmstart_selector,29022,87.625,81.675,6.125,0,heldout,llambo_warmstart_domain_knowledge_polar_surface_control_noprior
real_moleculenet_lipophilicity,llm_calibrated_selector,29022,93.75,83.1,0.0,1,heldout,llm_semantic_domain_knowledge_polar_surface_control_noprior
real_moleculenet_lipophilicity,llm_direct_prior_domain_knowledge_polar_surface_control_noprior,29022,82.875,79.7625,10.875,0,heldout,
real_moleculenet_lipophilicity,llm_direct_prior_selector,29022,82.875,79.7625,10.875,0,heldout,llm_direct_prior_domain_knowledge_polar_surface_control_noprior
real_moleculenet_lipophilicity,llm_semantic_domain_knowledge_polar_surface_control_noprior,29022,93.75,83.1,0.0,1,heldout,
real_moleculenet_lipophilicity,mixed_kernel_gp_ei,29022,75.0,73.25,18.75,0,heldout,
real_moleculenet_lipophilicity,target_acquisition_portfolio,29022,87.375,86.8875,6.375,0,heldout,
real_moleculenet_lipophilicity,care_strategy_router,29023,87.375,86.425,6.375,0,heldout,llm_semantic_domain_knowledge_polar_surface_control_noprior
real_moleculenet_lipophilicity,gp_ucb,29023,86.25,86.25,7.5,0,heldout,
real_moleculenet_lipophilicity,llambo_warmstart_domain_knowledge_polar_surface_control_noprior,29023,90.0,88.5,3.75,0,heldout,
real_moleculenet_lipophilicity,llambo_warmstart_selector,29023,90.0,88.5,3.75,0,heldout,llambo_warmstart_domain_knowledge_polar_surface_control_noprior
real_moleculenet_lipophilicity,llm_calibrated_selector,29023,87.375,86.425,6.375,0,heldout,llm_semantic_domain_knowledge_polar_surface_control_noprior
real_moleculenet_lipophilicity,llm_direct_prior_domain_knowledge_polar_surface_control_noprior,29023,85.0,85.0,8.75,0,heldout,
real_moleculenet_lipophilicity,llm_direct_prior_selector,29023,85.0,85.0,8.75,0,heldout,llm_direct_prior_domain_knowledge_polar_surface_control_noprior
real_moleculenet_lipophilicity,llm_semantic_domain_knowledge_polar_surface_control_noprior,29023,87.375,86.425,6.375,0,heldout,
real_moleculenet_lipophilicity,mixed_kernel_gp_ei,29023,91.875,86.8125,1.875,0,heldout,
real_moleculenet_lipophilicity,target_acquisition_portfolio,29023,86.25,86.25,7.5,0,heldout,
real_moleculenet_lipophilicity,care_strategy_router,29024,85.0,85.0,8.75,0,heldout,llm_semantic_domain_knowledge_polar_surface_control_noprior
real_moleculenet_lipophilicity,gp_ucb,29024,85.0,85.0,8.75,0,heldout,
real_moleculenet_lipophilicity,llambo_warmstart_domain_knowledge_polar_surface_control_noprior,29024,86.25,83.625,7.5,0,heldout,
real_moleculenet_lipophilicity,llambo_warmstart_selector,29024,86.25,83.625,7.5,0,heldout,llambo_warmstart_domain_knowledge_polar_surface_control_noprior
real_moleculenet_lipophilicity,llm_calibrated_selector,29024,85.0,85.0,8.75,0,heldout,llm_semantic_domain_knowledge_polar_surface_control_noprior
real_moleculenet_lipophilicity,llm_direct_prior_domain_knowledge_polar_surface_control_noprior,29024,93.75,90.125,0.0,1,heldout,
real_moleculenet_lipophilicity,llm_direct_prior_selector,29024,93.75,90.125,0.0,1,heldout,llm_direct_prior_domain_knowledge_polar_surface_control_noprior
real_moleculenet_lipophilicity,llm_semantic_domain_knowledge_polar_surface_control_noprior,29024,85.0,85.0,8.75,0,heldout,
real_moleculenet_lipophilicity,mixed_kernel_gp_ei,29024,90.0,89.5,3.75,0,heldout,
real_moleculenet_lipophilicity,target_acquisition_portfolio,29024,88.25,86.625,5.5,0,heldout,
real_moleculenet_lipophilicity,care_strategy_router,29025,93.75,93.75,0.0,1,heldout,llm_semantic_domain_knowledge_polar_surface_control_noprior
real_moleculenet_lipophilicity,gp_ucb,29025,91.25,91.25,2.5,0,heldout,
real_moleculenet_lipophilicity,llambo_warmstart_domain_knowledge_polar_surface_control_noprior,29025,83.75,80.375,10.0,0,heldout,
real_moleculenet_lipophilicity,llambo_warmstart_selector,29025,83.75,80.375,10.0,0,heldout,llambo_warmstart_domain_knowledge_polar_surface_control_noprior
real_moleculenet_lipophilicity,llm_calibrated_selector,29025,93.75,93.75,0.0,1,heldout,llm_semantic_domain_knowledge_polar_surface_control_noprior
real_moleculenet_lipophilicity,llm_direct_prior_domain_knowledge_polar_surface_control_noprior,29025,90.0,87.275,3.75,0,heldout,
real_moleculenet_lipophilicity,llm_direct_prior_selector,29025,90.0,87.275,3.75,0,heldout,llm_direct_prior_domain_knowledge_polar_surface_control_noprior
real_moleculenet_lipophilicity,llm_semantic_domain_knowledge_polar_surface_control_noprior,29025,93.75,93.75,0.0,1,heldout,
real_moleculenet_lipophilicity,mixed_kernel_gp_ei,29025,91.875,89.9875,1.875,0,heldout,
real_moleculenet_lipophilicity,target_acquisition_portfolio,29025,87.375,86.925,6.375,0,heldout,
real_moleculenet_lipophilicity,care_strategy_router,29026,86.75,81.8375,7.0,0,heldout,llm_semantic_domain_knowledge_polar_surface_control_noprior
real_moleculenet_lipophilicity,gp_ucb,29026,91.0,87.65,2.75,0,heldout,
real_moleculenet_lipophilicity,llambo_warmstart_domain_knowledge_polar_surface_control_noprior,29026,82.5,80.425,11.25,0,heldout,
real_moleculenet_lipophilicity,llambo_warmstart_selector,29026,82.5,80.425,11.25,0,heldout,llambo_warmstart_domain_knowledge_polar_surface_control_noprior
real_moleculenet_lipophilicity,llm_calibrated_selector,29026,86.75,81.8375,7.0,0,heldout,llm_semantic_domain_knowledge_polar_surface_control_noprior
real_moleculenet_lipophilicity,llm_direct_prior_domain_knowledge_polar_surface_control_noprior,29026,88.625,77.9625,5.125,0,heldout,
real_moleculenet_lipophilicity,llm_direct_prior_selector,29026,88.625,77.9625,5.125,0,heldout,llm_direct_prior_domain_knowledge_polar_surface_control_noprior
real_moleculenet_lipophilicity,llm_semantic_domain_knowledge_polar_surface_control_noprior,29026,86.75,81.8375,7.0,0,heldout,
real_moleculenet_lipophilicity,mixed_kernel_gp_ei,29026,91.0,87.65,2.75,0,heldout,
real_moleculenet_lipophilicity,target_acquisition_portfolio,29026,91.0,87.65,2.75,0,heldout,
real_moleculenet_lipophilicity,care_strategy_router,29027,93.75,93.75,0.0,1,heldout,llm_semantic_domain_knowledge_polar_surface_control_noprior
real_moleculenet_lipophilicity,gp_ucb,29027,93.75,93.75,0.0,1,heldout,
real_moleculenet_lipophilicity,llambo_warmstart_domain_knowledge_polar_surface_control_noprior,29027,88.25,79.9125,5.5,0,heldout,
real_moleculenet_lipophilicity,llambo_warmstart_selector,29027,88.25,79.9125,5.5,0,heldout,llambo_warmstart_domain_knowledge_polar_surface_control_noprior
real_moleculenet_lipophilicity,llm_calibrated_selector,29027,93.75,93.75,0.0,1,heldout,llm_semantic_domain_knowledge_polar_surface_control_noprior
real_moleculenet_lipophilicity,llm_direct_prior_domain_knowledge_polar_surface_control_noprior,29027,93.75,88.075,0.0,1,heldout,
real_moleculenet_lipophilicity,llm_direct_prior_selector,29027,93.75,88.075,0.0,1,heldout,llm_direct_prior_domain_knowledge_polar_surface_control_noprior
real_moleculenet_lipophilicity,llm_semantic_domain_knowledge_polar_surface_control_noprior,29027,93.75,93.75,0.0,1,heldout,
real_moleculenet_lipophilicity,mixed_kernel_gp_ei,29027,93.75,92.3125,0.0,1,heldout,
real_moleculenet_lipophilicity,target_acquisition_portfolio,29027,93.75,92.3125,0.0,1,heldout,
real_moleculenet_lipophilicity,care_strategy_router,29028,93.75,93.75,0.0,1,heldout,llm_semantic_domain_knowledge_polar_surface_control_noprior
real_moleculenet_lipophilicity,gp_ucb,29028,81.25,81.25,12.5,0,heldout,
real_moleculenet_lipophilicity,llambo_warmstart_domain_knowledge_polar_surface_control_noprior,29028,89.625,84.375,4.125,0,heldout,
real_moleculenet_lipophilicity,llambo_warmstart_selector,29028,89.625,84.375,4.125,0,heldout,llambo_warmstart_domain_knowledge_polar_surface_control_noprior
real_moleculenet_lipophilicity,llm_calibrated_selector,29028,93.75,93.75,0.0,1,heldout,llm_semantic_domain_knowledge_polar_surface_control_noprior
real_moleculenet_lipophilicity,llm_direct_prior_domain_knowledge_polar_surface_control_noprior,29028,87.25,82.45,6.5,0,heldout,
real_moleculenet_lipophilicity,llm_direct_prior_selector,29028,87.25,82.45,6.5,0,heldout,llm_direct_prior_domain_knowledge_polar_surface_control_noprior
real_moleculenet_lipophilicity,llm_semantic_domain_knowledge_polar_surface_control_noprior,29028,93.75,93.75,0.0,1,heldout,
real_moleculenet_lipophilicity,mixed_kernel_gp_ei,29028,86.25,85.25,7.5,0,heldout,
real_moleculenet_lipophilicity,target_acquisition_portfolio,29028,88.75,86.5125,5.0,0,heldout,
real_moleculenet_lipophilicity,care_strategy_router,29029,93.75,87.625,0.0,1,heldout,llm_semantic_domain_knowledge_polar_surface_control_noprior
real_moleculenet_lipophilicity,gp_ucb,29029,82.5,82.5,11.25,0,heldout,
real_moleculenet_lipophilicity,llambo_warmstart_domain_knowledge_polar_surface_control_noprior,29029,87.0,81.825,6.75,0,heldout,
real_moleculenet_lipophilicity,llambo_warmstart_selector,29029,87.0,81.825,6.75,0,heldout,llambo_warmstart_domain_knowledge_polar_surface_control_noprior
real_moleculenet_lipophilicity,llm_calibrated_selector,29029,93.75,87.625,0.0,1,heldout,llm_semantic_domain_knowledge_polar_surface_control_noprior
real_moleculenet_lipophilicity,llm_direct_prior_domain_knowledge_polar_surface_control_noprior,29029,87.375,86.3625,6.375,0,heldout,
real_moleculenet_lipophilicity,llm_direct_prior_selector,29029,87.375,86.3625,6.375,0,heldout,llm_direct_prior_domain_knowledge_polar_surface_control_noprior
real_moleculenet_lipophilicity,llm_semantic_domain_knowledge_polar_surface_control_noprior,29029,93.75,87.625,0.0,1,heldout,
real_moleculenet_lipophilicity,mixed_kernel_gp_ei,29029,86.75,82.925,7.0,0,heldout,
real_moleculenet_lipophilicity,target_acquisition_portfolio,29029,82.5,82.5,11.25,0,heldout,
real_moleculenet_lipophilicity,care_strategy_router,29030,90.0,88.875,3.75,0,heldout,llm_semantic_domain_knowledge_polar_surface_control_noprior
real_moleculenet_lipophilicity,gp_ucb,29030,88.75,87.65,5.0,0,heldout,
real_moleculenet_lipophilicity,llambo_warmstart_domain_knowledge_polar_surface_control_noprior,29030,87.5,82.05,6.25,0,heldout,
real_moleculenet_lipophilicity,llambo_warmstart_selector,29030,87.5,82.05,6.25,0,heldout,llambo_warmstart_domain_knowledge_polar_surface_control_noprior
real_moleculenet_lipophilicity,llm_calibrated_selector,29030,90.0,88.875,3.75,0,heldout,llm_semantic_domain_knowledge_polar_surface_control_noprior
real_moleculenet_lipophilicity,llm_direct_prior_domain_knowledge_polar_surface_control_noprior,29030,88.625,86.8125,5.125,0,heldout,
real_moleculenet_lipophilicity,llm_direct_prior_selector,29030,88.625,86.8125,5.125,0,heldout,llm_direct_prior_domain_knowledge_polar_surface_control_noprior
real_moleculenet_lipophilicity,llm_semantic_domain_knowledge_polar_surface_control_noprior,29030,90.0,88.875,3.75,0,heldout,
real_moleculenet_lipophilicity,mixed_kernel_gp_ei,29030,85.0,85.0,8.75,0,heldout,
real_moleculenet_lipophilicity,target_acquisition_portfolio,29030,85.0,85.0,8.75,0,heldout,
real_moleculenet_lipophilicity,care_strategy_router,29031,93.75,93.75,0.0,1,heldout,llm_semantic_domain_knowledge_polar_surface_control_noprior
real_moleculenet_lipophilicity,gp_ucb,29031,93.75,91.3375,0.0,1,heldout,
real_moleculenet_lipophilicity,llambo_warmstart_domain_knowledge_polar_surface_control_noprior,29031,75.25,74.8,18.5,0,heldout,
real_moleculenet_lipophilicity,llambo_warmstart_selector,29031,75.25,74.8,18.5,0,heldout,llambo_warmstart_domain_knowledge_polar_surface_control_noprior
real_moleculenet_lipophilicity,llm_calibrated_selector,29031,93.75,93.75,0.0,1,heldout,llm_semantic_domain_knowledge_polar_surface_control_noprior
real_moleculenet_lipophilicity,llm_direct_prior_domain_knowledge_polar_surface_control_noprior,29031,87.25,82.425,6.5,0,heldout,
real_moleculenet_lipophilicity,llm_direct_prior_selector,29031,87.25,82.425,6.5,0,heldout,llm_direct_prior_domain_knowledge_polar_surface_control_noprior
real_moleculenet_lipophilicity,llm_semantic_domain_knowledge_polar_surface_control_noprior,29031,93.75,93.75,0.0,1,heldout,
real_moleculenet_lipophilicity,mixed_kernel_gp_ei,29031,90.0,86.325,3.75,0,heldout,
real_moleculenet_lipophilicity,target_acquisition_portfolio,29031,76.25,75.4625,17.5,0,heldout,
real_moleculenet_lipophilicity,care_strategy_router,29032,93.75,93.75,0.0,1,heldout,llm_semantic_domain_knowledge_polar_surface_control_noprior
real_moleculenet_lipophilicity,gp_ucb,29032,88.75,88.75,5.0,0,heldout,
real_moleculenet_lipophilicity,llambo_warmstart_domain_knowledge_polar_surface_control_noprior,29032,84.875,80.8125,8.875,0,heldout,
real_moleculenet_lipophilicity,llambo_warmstart_selector,29032,84.875,80.8125,8.875,0,heldout,llambo_warmstart_domain_knowledge_polar_surface_control_noprior
real_moleculenet_lipophilicity,llm_calibrated_selector,29032,93.75,93.75,0.0,1,heldout,llm_semantic_domain_knowledge_polar_surface_control_noprior
real_moleculenet_lipophilicity,llm_direct_prior_domain_knowledge_polar_surface_control_noprior,29032,93.75,88.5,0.0,1,heldout,
real_moleculenet_lipophilicity,llm_direct_prior_selector,29032,93.75,88.5,0.0,1,heldout,llm_direct_prior_domain_knowledge_polar_surface_control_noprior
real_moleculenet_lipophilicity,llm_semantic_domain_knowledge_polar_surface_control_noprior,29032,93.75,93.75,0.0,1,heldout,
real_moleculenet_lipophilicity,mixed_kernel_gp_ei,29032,86.375,86.375,7.375,0,heldout,
real_moleculenet_lipophilicity,target_acquisition_portfolio,29032,86.25,86.25,7.5,0,heldout,
real_moleculenet_lipophilicity,care_strategy_router,29033,90.0,87.875,3.75,0,heldout,llm_semantic_domain_knowledge_polar_surface_control_noprior
real_moleculenet_lipophilicity,gp_ucb,29033,93.75,83.7125,0.0,1,heldout,
real_moleculenet_lipophilicity,llambo_warmstart_domain_knowledge_polar_surface_control_noprior,29033,88.25,84.0625,5.5,0,heldout,
real_moleculenet_lipophilicity,llambo_warmstart_selector,29033,88.25,84.0625,5.5,0,heldout,llambo_warmstart_domain_knowledge_polar_surface_control_noprior
real_moleculenet_lipophilicity,llm_calibrated_selector,29033,90.0,87.875,3.75,0,heldout,llm_semantic_domain_knowledge_polar_surface_control_noprior
real_moleculenet_lipophilicity,llm_direct_prior_domain_knowledge_polar_surface_control_noprior,29033,90.0,85.7,3.75,0,heldout,
real_moleculenet_lipophilicity,llm_direct_prior_selector,29033,90.0,85.7,3.75,0,heldout,llm_direct_prior_domain_knowledge_polar_surface_control_noprior
real_moleculenet_lipophilicity,llm_semantic_domain_knowledge_polar_surface_control_noprior,29033,90.0,87.875,3.75,0,heldout,
real_moleculenet_lipophilicity,mixed_kernel_gp_ei,29033,82.5,81.525,11.25,0,heldout,
real_moleculenet_lipophilicity,target_acquisition_portfolio,29033,85.875,82.925,7.875,0,heldout,
real_moleculenet_lipophilicity,care_strategy_router,29034,91.25,84.3,2.5,0,heldout,llm_semantic_domain_knowledge_polar_surface_control_noprior
real_moleculenet_lipophilicity,gp_ucb,29034,91.25,85.9,2.5,0,heldout,
real_moleculenet_lipophilicity,llambo_warmstart_domain_knowledge_polar_surface_control_noprior,29034,83.75,81.625,10.0,0,heldout,
real_moleculenet_lipophilicity,llambo_warmstart_selector,29034,83.75,81.625,10.0,0,heldout,llambo_warmstart_domain_knowledge_polar_surface_control_noprior
real_moleculenet_lipophilicity,llm_calibrated_selector,29034,91.25,84.3,2.5,0,heldout,llm_semantic_domain_knowledge_polar_surface_control_noprior
real_moleculenet_lipophilicity,llm_direct_prior_domain_knowledge_polar_surface_control_noprior,29034,86.25,83.925,7.5,0,heldout,
real_moleculenet_lipophilicity,llm_direct_prior_selector,29034,86.25,83.925,7.5,0,heldout,llm_direct_prior_domain_knowledge_polar_surface_control_noprior
real_moleculenet_lipophilicity,llm_semantic_domain_knowledge_polar_surface_control_noprior,29034,91.25,84.3,2.5,0,heldout,
real_moleculenet_lipophilicity,mixed_kernel_gp_ei,29034,91.25,84.75,2.5,0,heldout,
real_moleculenet_lipophilicity,target_acquisition_portfolio,29034,91.25,84.75,2.5,0,heldout,
real_moleculenet_lipophilicity,care_strategy_router,29035,90.0,90.0,3.75,0,heldout,llm_semantic_domain_knowledge_polar_surface_control_noprior
real_moleculenet_lipophilicity,gp_ucb,29035,90.0,87.2875,3.75,0,heldout,
real_moleculenet_lipophilicity,llambo_warmstart_domain_knowledge_polar_surface_control_noprior,29035,83.75,80.6875,10.0,0,heldout,
real_moleculenet_lipophilicity,llambo_warmstart_selector,29035,83.75,80.6875,10.0,0,heldout,llambo_warmstart_domain_knowledge_polar_surface_control_noprior
real_moleculenet_lipophilicity,llm_calibrated_selector,29035,90.0,90.0,3.75,0,heldout,llm_semantic_domain_knowledge_polar_surface_control_noprior
real_moleculenet_lipophilicity,llm_direct_prior_domain_knowledge_polar_surface_control_noprior,29035,86.25,85.05,7.5,0,heldout,
real_moleculenet_lipophilicity,llm_direct_prior_selector,29035,86.25,85.05,7.5,0,heldout,llm_direct_prior_domain_knowledge_polar_surface_control_noprior
real_moleculenet_lipophilicity,llm_semantic_domain_knowledge_polar_surface_control_noprior,29035,90.0,90.0,3.75,0,heldout,
real_moleculenet_lipophilicity,mixed_kernel_gp_ei,29035,78.75,78.75,15.0,0,heldout,
real_moleculenet_lipophilicity,target_acquisition_portfolio,29035,86.875,83.725,6.875,0,heldout,
real_moleculenet_lipophilicity,care_strategy_router,29036,93.75,92.3,0.0,1,heldout,llm_semantic_domain_knowledge_polar_surface_control_noprior
real_moleculenet_lipophilicity,gp_ucb,29036,91.25,91.25,2.5,0,heldout,
real_moleculenet_lipophilicity,llambo_warmstart_domain_knowledge_polar_surface_control_noprior,29036,89.375,87.3875,4.375,0,heldout,
real_moleculenet_lipophilicity,llambo_warmstart_selector,29036,89.375,87.3875,4.375,0,heldout,llambo_warmstart_domain_knowledge_polar_surface_control_noprior
real_moleculenet_lipophilicity,llm_calibrated_selector,29036,93.75,92.3,0.0,1,heldout,llm_semantic_domain_knowledge_polar_surface_control_noprior
real_moleculenet_lipophilicity,llm_direct_prior_domain_knowledge_polar_surface_control_noprior,29036,88.625,86.725,5.125,0,heldout,
real_moleculenet_lipophilicity,llm_direct_prior_selector,29036,88.625,86.725,5.125,0,heldout,llm_direct_prior_domain_knowledge_polar_surface_control_noprior
real_moleculenet_lipophilicity,llm_semantic_domain_knowledge_polar_surface_control_noprior,29036,93.75,92.3,0.0,1,heldout,
real_moleculenet_lipophilicity,mixed_kernel_gp_ei,29036,91.25,91.25,2.5,0,heldout,
real_moleculenet_lipophilicity,target_acquisition_portfolio,29036,91.875,91.3125,1.875,0,heldout,
real_moleculenet_lipophilicity,care_strategy_router,29037,88.75,87.75,5.0,0,heldout,llm_semantic_domain_knowledge_polar_surface_control_noprior
real_moleculenet_lipophilicity,gp_ucb,29037,86.25,86.25,7.5,0,heldout,
real_moleculenet_lipophilicity,llambo_warmstart_domain_knowledge_polar_surface_control_noprior,29037,93.75,91.7125,0.0,1,heldout,
real_moleculenet_lipophilicity,llambo_warmstart_selector,29037,93.75,91.7125,0.0,1,heldout,llambo_warmstart_domain_knowledge_polar_surface_control_noprior
real_moleculenet_lipophilicity,llm_calibrated_selector,29037,88.75,87.75,5.0,0,heldout,llm_semantic_domain_knowledge_polar_surface_control_noprior
real_moleculenet_lipophilicity,llm_direct_prior_domain_knowledge_polar_surface_control_noprior,29037,86.25,86.25,7.5,0,heldout,
real_moleculenet_lipophilicity,llm_direct_prior_selector,29037,86.25,86.25,7.5,0,heldout,llm_direct_prior_domain_knowledge_polar_surface_control_noprior
real_moleculenet_lipophilicity,llm_semantic_domain_knowledge_polar_surface_control_noprior,29037,88.75,87.75,5.0,0,heldout,
real_moleculenet_lipophilicity,mixed_kernel_gp_ei,29037,86.25,86.25,7.5,0,heldout,
real_moleculenet_lipophilicity,target_acquisition_portfolio,29037,86.25,86.25,7.5,0,heldout,
real_moleculenet_lipophilicity,care_strategy_router,29038,90.125,83.8,3.625,0,heldout,llm_semantic_domain_knowledge_polar_surface_control_noprior
real_moleculenet_lipophilicity,gp_ucb,29038,88.625,87.0125,5.125,0,heldout,
real_moleculenet_lipophilicity,llambo_warmstart_domain_knowledge_polar_surface_control_noprior,29038,82.75,80.45,11.0,0,heldout,
real_moleculenet_lipophilicity,llambo_warmstart_selector,29038,82.75,80.45,11.0,0,heldout,llambo_warmstart_domain_knowledge_polar_surface_control_noprior
real_moleculenet_lipophilicity,llm_calibrated_selector,29038,90.125,83.8,3.625,0,heldout,llm_semantic_domain_knowledge_polar_surface_control_noprior
real_moleculenet_lipophilicity,llm_direct_prior_domain_knowledge_polar_surface_control_noprior,29038,83.75,82.0,10.0,0,heldout,
real_moleculenet_lipophilicity,llm_direct_prior_selector,29038,83.75,82.0,10.0,0,heldout,llm_direct_prior_domain_knowledge_polar_surface_control_noprior
real_moleculenet_lipophilicity,llm_semantic_domain_knowledge_polar_surface_control_noprior,29038,90.125,83.8,3.625,0,heldout,
real_moleculenet_lipophilicity,mixed_kernel_gp_ei,29038,86.125,82.175,7.625,0,heldout,
real_moleculenet_lipophilicity,target_acquisition_portfolio,29038,88.625,86.15,5.125,0,heldout,
real_moleculenet_lipophilicity,care_strategy_router,29039,80.375,80.3375,13.375,0,heldout,llm_semantic_domain_knowledge_polar_surface_control_noprior
real_moleculenet_lipophilicity,gp_ucb,29039,88.75,83.5,5.0,0,heldout,
real_moleculenet_lipophilicity,llambo_warmstart_domain_knowledge_polar_surface_control_noprior,29039,93.75,92.35,0.0,1,heldout,
real_moleculenet_lipophilicity,llambo_warmstart_selector,29039,93.75,92.35,0.0,1,heldout,llambo_warmstart_domain_knowledge_polar_surface_control_noprior
real_moleculenet_lipophilicity,llm_calibrated_selector,29039,80.375,80.3375,13.375,0,heldout,llm_semantic_domain_knowledge_polar_surface_control_noprior
real_moleculenet_lipophilicity,llm_direct_prior_domain_knowledge_polar_surface_control_noprior,29039,93.75,82.75,0.0,1,heldout,
real_moleculenet_lipophilicity,llm_direct_prior_selector,29039,93.75,82.75,0.0,1,heldout,llm_direct_prior_domain_knowledge_polar_surface_control_noprior
real_moleculenet_lipophilicity,llm_semantic_domain_knowledge_polar_surface_control_noprior,29039,80.375,80.3375,13.375,0,heldout,
real_moleculenet_lipophilicity,mixed_kernel_gp_ei,29039,85.0,83.0,8.75,0,heldout,
real_moleculenet_lipophilicity,target_acquisition_portfolio,29039,82.5,82.0,11.25,0,heldout,
real_moleculenet_lipophilicity,care_strategy_router,29040,87.375,85.95,6.375,0,heldout,llm_semantic_domain_knowledge_polar_surface_control_noprior
real_moleculenet_lipophilicity,gp_ucb,29040,87.125,85.275,6.625,0,heldout,
real_moleculenet_lipophilicity,llambo_warmstart_domain_knowledge_polar_surface_control_noprior,29040,84.75,79.6875,9.0,0,heldout,
real_moleculenet_lipophilicity,llambo_warmstart_selector,29040,84.75,79.6875,9.0,0,heldout,llambo_warmstart_domain_knowledge_polar_surface_control_noprior
real_moleculenet_lipophilicity,llm_calibrated_selector,29040,87.375,85.95,6.375,0,heldout,llm_semantic_domain_knowledge_polar_surface_control_noprior
real_moleculenet_lipophilicity,llm_direct_prior_domain_knowledge_polar_surface_control_noprior,29040,93.75,90.375,0.0,1,heldout,
real_moleculenet_lipophilicity,llm_direct_prior_selector,29040,93.75,90.375,0.0,1,heldout,llm_direct_prior_domain_knowledge_polar_surface_control_noprior
real_moleculenet_lipophilicity,llm_semantic_domain_knowledge_polar_surface_control_noprior,29040,87.375,85.95,6.375,0,heldout,
real_moleculenet_lipophilicity,mixed_kernel_gp_ei,29040,87.5,84.5,6.25,0,heldout,
real_moleculenet_lipophilicity,target_acquisition_portfolio,29040,87.125,85.275,6.625,0,heldout,
real_moleculenet_lipophilicity,care_strategy_router,29041,93.75,91.4625,0.0,1,heldout,llm_semantic_domain_knowledge_polar_surface_control_noprior
real_moleculenet_lipophilicity,gp_ucb,29041,87.5,87.1375,6.25,0,heldout,
real_moleculenet_lipophilicity,llambo_warmstart_domain_knowledge_polar_surface_control_noprior,29041,90.0,81.2375,3.75,0,heldout,
real_moleculenet_lipophilicity,llambo_warmstart_selector,29041,90.0,81.2375,3.75,0,heldout,llambo_warmstart_domain_knowledge_polar_surface_control_noprior
real_moleculenet_lipophilicity,llm_calibrated_selector,29041,93.75,91.4625,0.0,1,heldout,llm_semantic_domain_knowledge_polar_surface_control_noprior
real_moleculenet_lipophilicity,llm_direct_prior_domain_knowledge_polar_surface_control_noprior,29041,86.25,86.25,7.5,0,heldout,
real_moleculenet_lipophilicity,llm_direct_prior_selector,29041,86.25,86.25,7.5,0,heldout,llm_direct_prior_domain_knowledge_polar_surface_control_noprior
real_moleculenet_lipophilicity,llm_semantic_domain_knowledge_polar_surface_control_noprior,29041,93.75,91.4625,0.0,1,heldout,
real_moleculenet_lipophilicity,mixed_kernel_gp_ei,29041,88.25,87.8125,5.5,0,heldout,
real_moleculenet_lipophilicity,target_acquisition_portfolio,29041,87.5,87.1375,6.25,0,heldout,
real_moleculenet_lipophilicity,care_strategy_router,29042,87.25,87.25,6.5,0,heldout,llm_semantic_domain_knowledge_polar_surface_control_noprior
real_moleculenet_lipophilicity,gp_ucb,29042,89.625,84.2875,4.125,0,heldout,
real_moleculenet_lipophilicity,llambo_warmstart_domain_knowledge_polar_surface_control_noprior,29042,88.75,80.95,5.0,0,heldout,
real_moleculenet_lipophilicity,llambo_warmstart_selector,29042,88.75,80.95,5.0,0,heldout,llambo_warmstart_domain_knowledge_polar_surface_control_noprior
real_moleculenet_lipophilicity,llm_calibrated_selector,29042,87.25,87.25,6.5,0,heldout,llm_semantic_domain_knowledge_polar_surface_control_noprior
real_moleculenet_lipophilicity,llm_direct_prior_domain_knowledge_polar_surface_control_noprior,29042,93.75,91.925,0.0,1,heldout,
real_moleculenet_lipophilicity,llm_direct_prior_selector,29042,93.75,91.925,0.0,1,heldout,llm_direct_prior_domain_knowledge_polar_surface_control_noprior
real_moleculenet_lipophilicity,llm_semantic_domain_knowledge_polar_surface_control_noprior,29042,87.25,87.25,6.5,0,heldout,
real_moleculenet_lipophilicity,mixed_kernel_gp_ei,29042,82.0,78.55,11.75,0,heldout,
real_moleculenet_lipophilicity,target_acquisition_portfolio,29042,82.0,78.55,11.75,0,heldout,
real_moleculenet_lipophilicity,care_strategy_router,29043,83.875,83.875,9.875,0,heldout,llm_semantic_domain_knowledge_polar_surface_control_noprior
real_moleculenet_lipophilicity,gp_ucb,29043,91.625,89.3,2.125,0,heldout,
real_moleculenet_lipophilicity,llambo_warmstart_domain_knowledge_polar_surface_control_noprior,29043,82.5,79.1625,11.25,0,heldout,
real_moleculenet_lipophilicity,llambo_warmstart_selector,29043,82.5,79.1625,11.25,0,heldout,llambo_warmstart_domain_knowledge_polar_surface_control_noprior
real_moleculenet_lipophilicity,llm_calibrated_selector,29043,83.875,83.875,9.875,0,heldout,llm_semantic_domain_knowledge_polar_surface_control_noprior
real_moleculenet_lipophilicity,llm_direct_prior_domain_knowledge_polar_surface_control_noprior,29043,88.625,84.825,5.125,0,heldout,
real_moleculenet_lipophilicity,llm_direct_prior_selector,29043,88.625,84.825,5.125,0,heldout,llm_direct_prior_domain_knowledge_polar_surface_control_noprior
real_moleculenet_lipophilicity,llm_semantic_domain_knowledge_polar_surface_control_noprior,29043,83.875,83.875,9.875,0,heldout,
real_moleculenet_lipophilicity,mixed_kernel_gp_ei,29043,91.625,89.3,2.125,0,heldout,
real_moleculenet_lipophilicity,target_acquisition_portfolio,29043,90.0,86.325,3.75,0,heldout,
real_moleculenet_lipophilicity,care_strategy_router,29044,86.25,83.1375,7.5,0,heldout,llm_semantic_domain_knowledge_polar_surface_control_noprior
real_moleculenet_lipophilicity,gp_ucb,29044,83.75,82.65,10.0,0,heldout,
real_moleculenet_lipophilicity,llambo_warmstart_domain_knowledge_polar_surface_control_noprior,29044,93.75,81.2375,0.0,1,heldout,
real_moleculenet_lipophilicity,llambo_warmstart_selector,29044,93.75,81.2375,0.0,1,heldout,llambo_warmstart_domain_knowledge_polar_surface_control_noprior
real_moleculenet_lipophilicity,llm_calibrated_selector,29044,86.25,83.1375,7.5,0,heldout,llm_semantic_domain_knowledge_polar_surface_control_noprior
real_moleculenet_lipophilicity,llm_direct_prior_domain_knowledge_polar_surface_control_noprior,29044,87.25,86.05,6.5,0,heldout,
real_moleculenet_lipophilicity,llm_direct_prior_selector,29044,87.25,86.05,6.5,0,heldout,llm_direct_prior_domain_knowledge_polar_surface_control_noprior
real_moleculenet_lipophilicity,llm_semantic_domain_knowledge_polar_surface_control_noprior,29044,86.25,83.1375,7.5,0,heldout,
real_moleculenet_lipophilicity,mixed_kernel_gp_ei,29044,82.5,82.15,11.25,0,heldout,
real_moleculenet_lipophilicity,target_acquisition_portfolio,29044,82.5,82.15,11.25,0,heldout,
real_moleculenet_lipophilicity,care_strategy_router,29045,85.0,84.875,8.75,0,heldout,llm_semantic_domain_knowledge_polar_surface_control_noprior
real_moleculenet_lipophilicity,gp_ucb,29045,83.75,83.75,10.0,0,heldout,
real_moleculenet_lipophilicity,llambo_warmstart_domain_knowledge_polar_surface_control_noprior,29045,82.875,81.1,10.875,0,heldout,
real_moleculenet_lipophilicity,llambo_warmstart_selector,29045,82.875,81.1,10.875,0,heldout,llambo_warmstart_domain_knowledge_polar_surface_control_noprior
real_moleculenet_lipophilicity,llm_calibrated_selector,29045,85.0,84.875,8.75,0,heldout,llm_semantic_domain_knowledge_polar_surface_control_noprior
real_moleculenet_lipophilicity,llm_direct_prior_domain_knowledge_polar_surface_control_noprior,29045,87.5,84.125,6.25,0,heldout,
real_moleculenet_lipophilicity,llm_direct_prior_selector,29045,87.5,84.125,6.25,0,heldout,llm_direct_prior_domain_knowledge_polar_surface_control_noprior
real_moleculenet_lipophilicity,llm_semantic_domain_knowledge_polar_surface_control_noprior,29045,85.0,84.875,8.75,0,heldout,
real_moleculenet_lipophilicity,mixed_kernel_gp_ei,29045,83.75,83.75,10.0,0,heldout,
real_moleculenet_lipophilicity,target_acquisition_portfolio,29045,85.0,84.3875,8.75,0,heldout,
real_moleculenet_lipophilicity,care_strategy_router,29046,90.125,90.125,3.625,0,heldout,llm_semantic_domain_knowledge_polar_surface_control_noprior
real_moleculenet_lipophilicity,gp_ucb,29046,92.375,91.925,1.375,0,heldout,
real_moleculenet_lipophilicity,llambo_warmstart_domain_knowledge_polar_surface_control_noprior,29046,83.0,82.325,10.75,0,heldout,
real_moleculenet_lipophilicity,llambo_warmstart_selector,29046,83.0,82.325,10.75,0,heldout,llambo_warmstart_domain_knowledge_polar_surface_control_noprior
real_moleculenet_lipophilicity,llm_calibrated_selector,29046,90.125,90.125,3.625,0,heldout,llm_semantic_domain_knowledge_polar_surface_control_noprior
real_moleculenet_lipophilicity,llm_direct_prior_domain_knowledge_polar_surface_control_noprior,29046,90.125,90.125,3.625,0,heldout,
real_moleculenet_lipophilicity,llm_direct_prior_selector,29046,90.125,90.125,3.625,0,heldout,llm_direct_prior_domain_knowledge_polar_surface_control_noprior
real_moleculenet_lipophilicity,llm_semantic_domain_knowledge_polar_surface_control_noprior,29046,90.125,90.125,3.625,0,heldout,
real_moleculenet_lipophilicity,mixed_kernel_gp_ei,29046,92.375,91.925,1.375,0,heldout,
real_moleculenet_lipophilicity,target_acquisition_portfolio,29046,92.375,91.925,1.375,0,heldout,
real_moleculenet_lipophilicity,care_strategy_router,29047,90.0,86.3125,3.75,0,heldout,llm_semantic_domain_knowledge_polar_surface_control_noprior
real_moleculenet_lipophilicity,gp_ucb,29047,80.875,80.875,12.875,0,heldout,
real_moleculenet_lipophilicity,llambo_warmstart_domain_knowledge_polar_surface_control_noprior,29047,88.625,84.4625,5.125,0,heldout,
real_moleculenet_lipophilicity,llambo_warmstart_selector,29047,88.625,84.4625,5.125,0,heldout,llambo_warmstart_domain_knowledge_polar_surface_control_noprior
real_moleculenet_lipophilicity,llm_calibrated_selector,29047,90.0,86.3125,3.75,0,heldout,llm_semantic_domain_knowledge_polar_surface_control_noprior
real_moleculenet_lipophilicity,llm_direct_prior_domain_knowledge_polar_surface_control_noprior,29047,93.75,88.8125,0.0,1,heldout,
real_moleculenet_lipophilicity,llm_direct_prior_selector,29047,93.75,88.8125,0.0,1,heldout,llm_direct_prior_domain_knowledge_polar_surface_control_noprior
real_moleculenet_lipophilicity,llm_semantic_domain_knowledge_polar_surface_control_noprior,29047,90.0,86.3125,3.75,0,heldout,
real_moleculenet_lipophilicity,mixed_kernel_gp_ei,29047,84.75,81.15,9.0,0,heldout,
real_moleculenet_lipophilicity,target_acquisition_portfolio,29047,84.75,80.7,9.0,0,heldout,
real_moleculenet_lipophilicity,care_strategy_router,29048,88.625,86.575,5.125,0,heldout,llm_semantic_domain_knowledge_polar_surface_control_noprior
real_moleculenet_lipophilicity,gp_ucb,29048,83.125,83.125,10.625,0,heldout,
real_moleculenet_lipophilicity,llambo_warmstart_domain_knowledge_polar_surface_control_noprior,29048,93.75,93.75,0.0,1,heldout,
real_moleculenet_lipophilicity,llambo_warmstart_selector,29048,93.75,93.75,0.0,1,heldout,llambo_warmstart_domain_knowledge_polar_surface_control_noprior
real_moleculenet_lipophilicity,llm_calibrated_selector,29048,88.625,86.575,5.125,0,heldout,llm_semantic_domain_knowledge_polar_surface_control_noprior
real_moleculenet_lipophilicity,llm_direct_prior_domain_knowledge_polar_surface_control_noprior,29048,88.625,86.55,5.125,0,heldout,
real_moleculenet_lipophilicity,llm_direct_prior_selector,29048,88.625,86.55,5.125,0,heldout,llm_direct_prior_domain_knowledge_polar_surface_control_noprior
real_moleculenet_lipophilicity,llm_semantic_domain_knowledge_polar_surface_control_noprior,29048,88.625,86.575,5.125,0,heldout,
real_moleculenet_lipophilicity,mixed_kernel_gp_ei,29048,84.625,83.575,9.125,0,heldout,
real_moleculenet_lipophilicity,target_acquisition_portfolio,29048,85.0,83.6875,8.75,0,heldout,
real_moleculenet_lipophilicity,care_strategy_router,29049,87.5,86.725,6.25,0,heldout,llm_semantic_domain_knowledge_polar_surface_control_noprior
real_moleculenet_lipophilicity,gp_ucb,29049,73.125,72.925,20.625,0,heldout,
real_moleculenet_lipophilicity,llambo_warmstart_domain_knowledge_polar_surface_control_noprior,29049,87.5,83.75,6.25,0,heldout,
real_moleculenet_lipophilicity,llambo_warmstart_selector,29049,87.5,83.75,6.25,0,heldout,llambo_warmstart_domain_knowledge_polar_surface_control_noprior
real_moleculenet_lipophilicity,llm_calibrated_selector,29049,87.5,86.725,6.25,0,heldout,llm_semantic_domain_knowledge_polar_surface_control_noprior
real_moleculenet_lipophilicity,llm_direct_prior_domain_knowledge_polar_surface_control_noprior,29049,93.75,88.075,0.0,1,heldout,
real_moleculenet_lipophilicity,llm_direct_prior_selector,29049,93.75,88.075,0.0,1,heldout,llm_direct_prior_domain_knowledge_polar_surface_control_noprior
real_moleculenet_lipophilicity,llm_semantic_domain_knowledge_polar_surface_control_noprior,29049,87.5,86.725,6.25,0,heldout,
real_moleculenet_lipophilicity,mixed_kernel_gp_ei,29049,72.875,72.875,20.875,0,heldout,
real_moleculenet_lipophilicity,target_acquisition_portfolio,29049,74.75,73.8125,19.0,0,heldout,
real_moleculenet_lipophilicity,care_strategy_router,29050,88.625,84.2875,5.125,0,heldout,llm_semantic_domain_knowledge_polar_surface_control_noprior
real_moleculenet_lipophilicity,gp_ucb,29050,90.0,89.0125,3.75,0,heldout,
real_moleculenet_lipophilicity,llambo_warmstart_domain_knowledge_polar_surface_control_noprior,29050,86.25,86.0,7.5,0,heldout,
real_moleculenet_lipophilicity,llambo_warmstart_selector,29050,86.25,86.0,7.5,0,heldout,llambo_warmstart_domain_knowledge_polar_surface_control_noprior
real_moleculenet_lipophilicity,llm_calibrated_selector,29050,88.625,84.2875,5.125,0,heldout,llm_semantic_domain_knowledge_polar_surface_control_noprior
real_moleculenet_lipophilicity,llm_direct_prior_domain_knowledge_polar_surface_control_noprior,29050,88.75,84.5125,5.0,0,heldout,
real_moleculenet_lipophilicity,llm_direct_prior_selector,29050,88.75,84.5125,5.0,0,heldout,llm_direct_prior_domain_knowledge_polar_surface_control_noprior
real_moleculenet_lipophilicity,llm_semantic_domain_knowledge_polar_surface_control_noprior,29050,88.625,84.2875,5.125,0,heldout,
real_moleculenet_lipophilicity,mixed_kernel_gp_ei,29050,82.875,80.95,10.875,0,heldout,
real_moleculenet_lipophilicity,target_acquisition_portfolio,29050,86.125,81.925,7.625,0,heldout,
real_moleculenet_lipophilicity,care_strategy_router,29051,93.75,86.4,0.0,1,heldout,llm_semantic_domain_knowledge_polar_surface_control_noprior
real_moleculenet_lipophilicity,gp_ucb,29051,82.875,82.0,10.875,0,heldout,
real_moleculenet_lipophilicity,llambo_warmstart_domain_knowledge_polar_surface_control_noprior,29051,93.75,90.775,0.0,1,heldout,
real_moleculenet_lipophilicity,llambo_warmstart_selector,29051,93.75,90.775,0.0,1,heldout,llambo_warmstart_domain_knowledge_polar_surface_control_noprior
real_moleculenet_lipophilicity,llm_calibrated_selector,29051,93.75,86.4,0.0,1,heldout,llm_semantic_domain_knowledge_polar_surface_control_noprior
real_moleculenet_lipophilicity,llm_direct_prior_domain_knowledge_polar_surface_control_noprior,29051,79.875,78.7625,13.875,0,heldout,
real_moleculenet_lipophilicity,llm_direct_prior_selector,29051,79.875,78.7625,13.875,0,heldout,llm_direct_prior_domain_knowledge_polar_surface_control_noprior
real_moleculenet_lipophilicity,llm_semantic_domain_knowledge_polar_surface_control_noprior,29051,93.75,86.4,0.0,1,heldout,
real_moleculenet_lipophilicity,mixed_kernel_gp_ei,29051,83.125,82.375,10.625,0,heldout,
real_moleculenet_lipophilicity,target_acquisition_portfolio,29051,83.125,82.375,10.625,0,heldout,
real_moleculenet_lipophilicity,care_strategy_router,29052,93.75,88.25,0.0,1,heldout,llm_semantic_domain_knowledge_polar_surface_control_noprior
real_moleculenet_lipophilicity,gp_ucb,29052,89.875,89.275,3.875,0,heldout,
real_moleculenet_lipophilicity,llambo_warmstart_domain_knowledge_polar_surface_control_noprior,29052,93.75,93.75,0.0,1,heldout,
real_moleculenet_lipophilicity,llambo_warmstart_selector,29052,93.75,93.75,0.0,1,heldout,llambo_warmstart_domain_knowledge_polar_surface_control_noprior
real_moleculenet_lipophilicity,llm_calibrated_selector,29052,93.75,88.25,0.0,1,heldout,llm_semantic_domain_knowledge_polar_surface_control_noprior
real_moleculenet_lipophilicity,llm_direct_prior_domain_knowledge_polar_surface_control_noprior,29052,86.875,86.875,6.875,0,heldout,
real_moleculenet_lipophilicity,llm_direct_prior_selector,29052,86.875,86.875,6.875,0,heldout,llm_direct_prior_domain_knowledge_polar_surface_control_noprior
real_moleculenet_lipophilicity,llm_semantic_domain_knowledge_polar_surface_control_noprior,29052,93.75,88.25,0.0,1,heldout,
real_moleculenet_lipophilicity,mixed_kernel_gp_ei,29052,87.25,87.2125,6.5,0,heldout,
real_moleculenet_lipophilicity,target_acquisition_portfolio,29052,89.875,89.275,3.875,0,heldout,
real_moleculenet_lipophilicity,care_strategy_router,29053,93.75,93.75,0.0,1,heldout,llm_semantic_domain_knowledge_polar_surface_control_noprior
real_moleculenet_lipophilicity,gp_ucb,29053,89.25,89.25,4.5,0,heldout,
real_moleculenet_lipophilicity,llambo_warmstart_domain_knowledge_polar_surface_control_noprior,29053,85.875,79.0625,7.875,0,heldout,
real_moleculenet_lipophilicity,llambo_warmstart_selector,29053,85.875,79.0625,7.875,0,heldout,llambo_warmstart_domain_knowledge_polar_surface_control_noprior
real_moleculenet_lipophilicity,llm_calibrated_selector,29053,93.75,93.75,0.0,1,heldout,llm_semantic_domain_knowledge_polar_surface_control_noprior
real_moleculenet_lipophilicity,llm_direct_prior_domain_knowledge_polar_surface_control_noprior,29053,83.75,83.75,10.0,0,heldout,
real_moleculenet_lipophilicity,llm_direct_prior_selector,29053,83.75,83.75,10.0,0,heldout,llm_direct_prior_domain_knowledge_polar_surface_control_noprior
real_moleculenet_lipophilicity,llm_semantic_domain_knowledge_polar_surface_control_noprior,29053,93.75,93.75,0.0,1,heldout,
real_moleculenet_lipophilicity,mixed_kernel_gp_ei,29053,90.0,86.75,3.75,0,heldout,
real_moleculenet_lipophilicity,target_acquisition_portfolio,29053,86.125,84.225,7.625,0,heldout,
real_moleculenet_lipophilicity,care_strategy_router,29054,93.75,93.725,0.0,1,heldout,llm_semantic_domain_knowledge_polar_surface_control_noprior
real_moleculenet_lipophilicity,gp_ucb,29054,82.5,81.5,11.25,0,heldout,
real_moleculenet_lipophilicity,llambo_warmstart_domain_knowledge_polar_surface_control_noprior,29054,87.375,87.375,6.375,0,heldout,
real_moleculenet_lipophilicity,llambo_warmstart_selector,29054,87.375,87.375,6.375,0,heldout,llambo_warmstart_domain_knowledge_polar_surface_control_noprior
real_moleculenet_lipophilicity,llm_calibrated_selector,29054,93.75,93.725,0.0,1,heldout,llm_semantic_domain_knowledge_polar_surface_control_noprior
real_moleculenet_lipophilicity,llm_direct_prior_domain_knowledge_polar_surface_control_noprior,29054,92.5,84.025,1.25,0,heldout,
real_moleculenet_lipophilicity,llm_direct_prior_selector,29054,92.5,84.025,1.25,0,heldout,llm_direct_prior_domain_knowledge_polar_surface_control_noprior
real_moleculenet_lipophilicity,llm_semantic_domain_knowledge_polar_surface_control_noprior,29054,93.75,93.725,0.0,1,heldout,
real_moleculenet_lipophilicity,mixed_kernel_gp_ei,29054,82.5,81.625,11.25,0,heldout,
real_moleculenet_lipophilicity,target_acquisition_portfolio,29054,81.25,81.25,12.5,0,heldout,
real_moleculenet_lipophilicity,care_strategy_router,29055,90.0,90.0,3.75,0,heldout,llm_semantic_domain_knowledge_polar_surface_control_noprior
real_moleculenet_lipophilicity,gp_ucb,29055,90.0,89.0375,3.75,0,heldout,
real_moleculenet_lipophilicity,llambo_warmstart_domain_knowledge_polar_surface_control_noprior,29055,88.25,85.35,5.5,0,heldout,
real_moleculenet_lipophilicity,llambo_warmstart_selector,29055,88.25,85.35,5.5,0,heldout,llambo_warmstart_domain_knowledge_polar_surface_control_noprior
real_moleculenet_lipophilicity,llm_calibrated_selector,29055,90.0,90.0,3.75,0,heldout,llm_semantic_domain_knowledge_polar_surface_control_noprior
real_moleculenet_lipophilicity,llm_direct_prior_domain_knowledge_polar_surface_control_noprior,29055,88.125,84.25,5.625,0,heldout,
real_moleculenet_lipophilicity,llm_direct_prior_selector,29055,88.125,84.25,5.625,0,heldout,llm_direct_prior_domain_knowledge_polar_surface_control_noprior
real_moleculenet_lipophilicity,llm_semantic_domain_knowledge_polar_surface_control_noprior,29055,90.0,90.0,3.75,0,heldout,
real_moleculenet_lipophilicity,mixed_kernel_gp_ei,29055,90.0,89.0375,3.75,0,heldout,
real_moleculenet_lipophilicity,target_acquisition_portfolio,29055,90.0,89.0375,3.75,0,heldout,
real_moleculenet_lipophilicity,care_strategy_router,29056,92.25,90.6875,1.5,0,heldout,llm_semantic_domain_knowledge_polar_surface_control_noprior
real_moleculenet_lipophilicity,gp_ucb,29056,91.25,90.4,2.5,0,heldout,
real_moleculenet_lipophilicity,llambo_warmstart_domain_knowledge_polar_surface_control_noprior,29056,90.0,81.875,3.75,0,heldout,
real_moleculenet_lipophilicity,llambo_warmstart_selector,29056,90.0,81.875,3.75,0,heldout,llambo_warmstart_domain_knowledge_polar_surface_control_noprior
real_moleculenet_lipophilicity,llm_calibrated_selector,29056,92.25,90.6875,1.5,0,heldout,llm_semantic_domain_knowledge_polar_surface_control_noprior
real_moleculenet_lipophilicity,llm_direct_prior_domain_knowledge_polar_surface_control_noprior,29056,91.625,89.875,2.125,0,heldout,
real_moleculenet_lipophilicity,llm_direct_prior_selector,29056,91.625,89.875,2.125,0,heldout,llm_direct_prior_domain_knowledge_polar_surface_control_noprior
real_moleculenet_lipophilicity,llm_semantic_domain_knowledge_polar_surface_control_noprior,29056,92.25,90.6875,1.5,0,heldout,
real_moleculenet_lipophilicity,mixed_kernel_gp_ei,29056,89.125,89.125,4.625,0,heldout,
real_moleculenet_lipophilicity,target_acquisition_portfolio,29056,89.125,89.125,4.625,0,heldout,
real_moleculenet_lipophilicity,care_strategy_router,29057,93.75,88.8,0.0,1,heldout,llm_semantic_domain_knowledge_polar_surface_control_noprior
real_moleculenet_lipophilicity,gp_ucb,29057,88.75,86.125,5.0,0,heldout,
real_moleculenet_lipophilicity,llambo_warmstart_domain_knowledge_polar_surface_control_noprior,29057,83.75,82.85,10.0,0,heldout,
real_moleculenet_lipophilicity,llambo_warmstart_selector,29057,83.75,82.85,10.0,0,heldout,llambo_warmstart_domain_knowledge_polar_surface_control_noprior
real_moleculenet_lipophilicity,llm_calibrated_selector,29057,93.75,88.8,0.0,1,heldout,llm_semantic_domain_knowledge_polar_surface_control_noprior
real_moleculenet_lipophilicity,llm_direct_prior_domain_knowledge_polar_surface_control_noprior,29057,93.75,85.65,0.0,1,heldout,
real_moleculenet_lipophilicity,llm_direct_prior_selector,29057,93.75,85.65,0.0,1,heldout,llm_direct_prior_domain_knowledge_polar_surface_control_noprior
real_moleculenet_lipophilicity,llm_semantic_domain_knowledge_polar_surface_control_noprior,29057,93.75,88.8,0.0,1,heldout,
real_moleculenet_lipophilicity,mixed_kernel_gp_ei,29057,83.5,83.5,10.25,0,heldout,
real_moleculenet_lipophilicity,target_acquisition_portfolio,29057,93.75,87.125,0.0,1,heldout,
real_moleculenet_lipophilicity,care_strategy_router,29058,93.75,84.75,0.0,1,heldout,llm_semantic_domain_knowledge_polar_surface_control_noprior
real_moleculenet_lipophilicity,gp_ucb,29058,82.75,78.55,11.0,0,heldout,
real_moleculenet_lipophilicity,llambo_warmstart_domain_knowledge_polar_surface_control_noprior,29058,93.75,89.4,0.0,1,heldout,
real_moleculenet_lipophilicity,llambo_warmstart_selector,29058,93.75,89.4,0.0,1,heldout,llambo_warmstart_domain_knowledge_polar_surface_control_noprior
real_moleculenet_lipophilicity,llm_calibrated_selector,29058,93.75,84.75,0.0,1,heldout,llm_semantic_domain_knowledge_polar_surface_control_noprior
real_moleculenet_lipophilicity,llm_direct_prior_domain_knowledge_polar_surface_control_noprior,29058,80.0,79.0,13.75,0,heldout,
real_moleculenet_lipophilicity,llm_direct_prior_selector,29058,80.0,79.0,13.75,0,heldout,llm_direct_prior_domain_knowledge_polar_surface_control_noprior
real_moleculenet_lipophilicity,llm_semantic_domain_knowledge_polar_surface_control_noprior,29058,93.75,84.75,0.0,1,heldout,
real_moleculenet_lipophilicity,mixed_kernel_gp_ei,29058,82.75,78.55,11.0,0,heldout,
real_moleculenet_lipophilicity,target_acquisition_portfolio,29058,82.75,78.55,11.0,0,heldout,
real_moleculenet_lipophilicity,care_strategy_router,29059,93.5,91.775,0.25,1,heldout,llm_semantic_domain_knowledge_polar_surface_control_noprior
real_moleculenet_lipophilicity,gp_ucb,29059,88.625,86.8875,5.125,0,heldout,
real_moleculenet_lipophilicity,llambo_warmstart_domain_knowledge_polar_surface_control_noprior,29059,91.875,88.2625,1.875,0,heldout,
real_moleculenet_lipophilicity,llambo_warmstart_selector,29059,91.875,88.2625,1.875,0,heldout,llambo_warmstart_domain_knowledge_polar_surface_control_noprior
real_moleculenet_lipophilicity,llm_calibrated_selector,29059,93.5,91.775,0.25,1,heldout,llm_semantic_domain_knowledge_polar_surface_control_noprior
real_moleculenet_lipophilicity,llm_direct_prior_domain_knowledge_polar_surface_control_noprior,29059,93.75,86.6625,0.0,1,heldout,
real_moleculenet_lipophilicity,llm_direct_prior_selector,29059,93.75,86.6625,0.0,1,heldout,llm_direct_prior_domain_knowledge_polar_surface_control_noprior
real_moleculenet_lipophilicity,llm_semantic_domain_knowledge_polar_surface_control_noprior,29059,93.5,91.775,0.25,1,heldout,
real_moleculenet_lipophilicity,mixed_kernel_gp_ei,29059,91.25,89.375,2.5,0,heldout,
real_moleculenet_lipophilicity,target_acquisition_portfolio,29059,88.625,85.9,5.125,0,heldout,
real_moleculenet_lipophilicity,care_strategy_router,29060,84.625,80.275,9.125,0,heldout,llm_semantic_domain_knowledge_polar_surface_control_noprior
real_moleculenet_lipophilicity,gp_ucb,29060,81.25,76.075,12.5,0,heldout,
real_moleculenet_lipophilicity,llambo_warmstart_domain_knowledge_polar_surface_control_noprior,29060,82.0,74.25,11.75,0,heldout,
real_moleculenet_lipophilicity,llambo_warmstart_selector,29060,82.0,74.25,11.75,0,heldout,llambo_warmstart_domain_knowledge_polar_surface_control_noprior
real_moleculenet_lipophilicity,llm_calibrated_selector,29060,84.625,80.275,9.125,0,heldout,llm_semantic_domain_knowledge_polar_surface_control_noprior
real_moleculenet_lipophilicity,llm_direct_prior_domain_knowledge_polar_surface_control_noprior,29060,90.0,86.525,3.75,0,heldout,
real_moleculenet_lipophilicity,llm_direct_prior_selector,29060,90.0,86.525,3.75,0,heldout,llm_direct_prior_domain_knowledge_polar_surface_control_noprior
real_moleculenet_lipophilicity,llm_semantic_domain_knowledge_polar_surface_control_noprior,29060,84.625,80.275,9.125,0,heldout,
real_moleculenet_lipophilicity,mixed_kernel_gp_ei,29060,76.25,74.8,17.5,0,heldout,
real_moleculenet_lipophilicity,target_acquisition_portfolio,29060,91.875,77.1375,1.875,0,heldout,
real_moleculenet_lipophilicity,care_strategy_router,29061,90.75,90.75,3.0,0,heldout,llm_semantic_domain_knowledge_polar_surface_control_noprior
real_moleculenet_lipophilicity,gp_ucb,29061,90.75,90.75,3.0,0,heldout,
real_moleculenet_lipophilicity,llambo_warmstart_domain_knowledge_polar_surface_control_noprior,29061,80.75,78.95,13.0,0,heldout,
real_moleculenet_lipophilicity,llambo_warmstart_selector,29061,80.75,78.95,13.0,0,heldout,llambo_warmstart_domain_knowledge_polar_surface_control_noprior
real_moleculenet_lipophilicity,llm_calibrated_selector,29061,90.75,90.75,3.0,0,heldout,llm_semantic_domain_knowledge_polar_surface_control_noprior
real_moleculenet_lipophilicity,llm_direct_prior_domain_knowledge_polar_surface_control_noprior,29061,91.625,91.45,2.125,0,heldout,
real_moleculenet_lipophilicity,llm_direct_prior_selector,29061,91.625,91.45,2.125,0,heldout,llm_direct_prior_domain_knowledge_polar_surface_control_noprior
real_moleculenet_lipophilicity,llm_semantic_domain_knowledge_polar_surface_control_noprior,29061,90.75,90.75,3.0,0,heldout,
real_moleculenet_lipophilicity,mixed_kernel_gp_ei,29061,91.875,90.975,1.875,0,heldout,
real_moleculenet_lipophilicity,target_acquisition_portfolio,29061,90.75,90.75,3.0,0,heldout,
real_moleculenet_lipophilicity,care_strategy_router,29062,87.25,87.25,6.5,0,heldout,llm_semantic_domain_knowledge_polar_surface_control_noprior
real_moleculenet_lipophilicity,gp_ucb,29062,88.625,87.175,5.125,0,heldout,
real_moleculenet_lipophilicity,llambo_warmstart_domain_knowledge_polar_surface_control_noprior,29062,83.75,78.675,10.0,0,heldout,
real_moleculenet_lipophilicity,llambo_warmstart_selector,29062,83.75,78.675,10.0,0,heldout,llambo_warmstart_domain_knowledge_polar_surface_control_noprior
real_moleculenet_lipophilicity,llm_calibrated_selector,29062,87.25,87.25,6.5,0,heldout,llm_semantic_domain_knowledge_polar_surface_control_noprior
real_moleculenet_lipophilicity,llm_direct_prior_domain_knowledge_polar_surface_control_noprior,29062,88.625,87.125,5.125,0,heldout,
real_moleculenet_lipophilicity,llm_direct_prior_selector,29062,88.625,87.125,5.125,0,heldout,llm_direct_prior_domain_knowledge_polar_surface_control_noprior
real_moleculenet_lipophilicity,llm_semantic_domain_knowledge_polar_surface_control_noprior,29062,87.25,87.25,6.5,0,heldout,
real_moleculenet_lipophilicity,mixed_kernel_gp_ei,29062,88.125,88.125,5.625,0,heldout,
real_moleculenet_lipophilicity,target_acquisition_portfolio,29062,88.625,87.175,5.125,0,heldout,
real_moleculenet_lipophilicity,care_strategy_router,29063,93.75,93.75,0.0,1,heldout,llm_semantic_domain_knowledge_polar_surface_control_noprior
real_moleculenet_lipophilicity,gp_ucb,29063,88.75,88.75,5.0,0,heldout,
real_moleculenet_lipophilicity,llambo_warmstart_domain_knowledge_polar_surface_control_noprior,29063,82.875,78.675,10.875,0,heldout,
real_moleculenet_lipophilicity,llambo_warmstart_selector,29063,82.875,78.675,10.875,0,heldout,llambo_warmstart_domain_knowledge_polar_surface_control_noprior
real_moleculenet_lipophilicity,llm_calibrated_selector,29063,93.75,93.75,0.0,1,heldout,llm_semantic_domain_knowledge_polar_surface_control_noprior
real_moleculenet_lipophilicity,llm_direct_prior_domain_knowledge_polar_surface_control_noprior,29063,88.75,85.2125,5.0,0,heldout,
real_moleculenet_lipophilicity,llm_direct_prior_selector,29063,88.75,85.2125,5.0,0,heldout,llm_direct_prior_domain_knowledge_polar_surface_control_noprior
real_moleculenet_lipophilicity,llm_semantic_domain_knowledge_polar_surface_control_noprior,29063,93.75,93.75,0.0,1,heldout,
real_moleculenet_lipophilicity,mixed_kernel_gp_ei,29063,89.625,86.1625,4.125,0,heldout,
real_moleculenet_lipophilicity,target_acquisition_portfolio,29063,91.25,89.0,2.5,0,heldout,
real_moleculenet_lipophilicity,care_strategy_router,29064,89.625,89.625,4.125,0,heldout,llm_semantic_domain_knowledge_polar_surface_control_noprior
real_moleculenet_lipophilicity,gp_ucb,29064,77.25,77.25,16.5,0,heldout,
real_moleculenet_lipophilicity,llambo_warmstart_domain_knowledge_polar_surface_control_noprior,29064,93.75,93.75,0.0,1,heldout,
real_moleculenet_lipophilicity,llambo_warmstart_selector,29064,93.75,93.75,0.0,1,heldout,llambo_warmstart_domain_knowledge_polar_surface_control_noprior
real_moleculenet_lipophilicity,llm_calibrated_selector,29064,89.625,89.625,4.125,0,heldout,llm_semantic_domain_knowledge_polar_surface_control_noprior
real_moleculenet_lipophilicity,llm_direct_prior_domain_knowledge_polar_surface_control_noprior,29064,90.0,87.45,3.75,0,heldout,
real_moleculenet_lipophilicity,llm_direct_prior_selector,29064,90.0,87.45,3.75,0,heldout,llm_direct_prior_domain_knowledge_polar_surface_control_noprior
real_moleculenet_lipophilicity,llm_semantic_domain_knowledge_polar_surface_control_noprior,29064,89.625,89.625,4.125,0,heldout,
real_moleculenet_lipophilicity,mixed_kernel_gp_ei,29064,77.25,77.25,16.5,0,heldout,
real_moleculenet_lipophilicity,target_acquisition_portfolio,29064,78.375,77.3625,15.375,0,heldout,
real_moleculenet_lipophilicity,care_strategy_router,29065,86.5,86.5,7.25,0,heldout,llm_semantic_domain_knowledge_polar_surface_control_noprior
real_moleculenet_lipophilicity,gp_ucb,29065,87.125,86.5625,6.625,0,heldout,
real_moleculenet_lipophilicity,llambo_warmstart_domain_knowledge_polar_surface_control_noprior,29065,82.875,77.975,10.875,0,heldout,
real_moleculenet_lipophilicity,llambo_warmstart_selector,29065,82.875,77.975,10.875,0,heldout,llambo_warmstart_domain_knowledge_polar_surface_control_noprior
real_moleculenet_lipophilicity,llm_calibrated_selector,29065,86.5,86.5,7.25,0,heldout,llm_semantic_domain_knowledge_polar_surface_control_noprior
real_moleculenet_lipophilicity,llm_direct_prior_domain_knowledge_polar_surface_control_noprior,29065,86.5,86.5,7.25,0,heldout,
real_moleculenet_lipophilicity,llm_direct_prior_selector,29065,86.5,86.5,7.25,0,heldout,llm_direct_prior_domain_knowledge_polar_surface_control_noprior
real_moleculenet_lipophilicity,llm_semantic_domain_knowledge_polar_surface_control_noprior,29065,86.5,86.5,7.25,0,heldout,
real_moleculenet_lipophilicity,mixed_kernel_gp_ei,29065,86.5,86.5,7.25,0,heldout,
real_moleculenet_lipophilicity,target_acquisition_portfolio,29065,86.5,86.5,7.25,0,heldout,
real_moleculenet_lipophilicity,care_strategy_router,29066,88.625,87.0625,5.125,0,heldout,llm_semantic_domain_knowledge_polar_surface_control_noprior
real_moleculenet_lipophilicity,gp_ucb,29066,93.75,86.9375,0.0,1,heldout,
real_moleculenet_lipophilicity,llambo_warmstart_domain_knowledge_polar_surface_control_noprior,29066,87.25,81.325,6.5,0,heldout,
real_moleculenet_lipophilicity,llambo_warmstart_selector,29066,87.25,81.325,6.5,0,heldout,llambo_warmstart_domain_knowledge_polar_surface_control_noprior
real_moleculenet_lipophilicity,llm_calibrated_selector,29066,88.625,87.0625,5.125,0,heldout,llm_semantic_domain_knowledge_polar_surface_control_noprior
real_moleculenet_lipophilicity,llm_direct_prior_domain_knowledge_polar_surface_control_noprior,29066,86.25,86.25,7.5,0,heldout,
real_moleculenet_lipophilicity,llm_direct_prior_selector,29066,86.25,86.25,7.5,0,heldout,llm_direct_prior_domain_knowledge_polar_surface_control_noprior
real_moleculenet_lipophilicity,llm_semantic_domain_knowledge_polar_surface_control_noprior,29066,88.625,87.0625,5.125,0,heldout,
real_moleculenet_lipophilicity,mixed_kernel_gp_ei,29066,90.0,86.7625,3.75,0,heldout,
real_moleculenet_lipophilicity,target_acquisition_portfolio,29066,87.0,85.5625,6.75,0,heldout,
real_moleculenet_lipophilicity,care_strategy_router,29067,88.0,88.0,5.75,0,heldout,llm_semantic_domain_knowledge_polar_surface_control_noprior
real_moleculenet_lipophilicity,gp_ucb,29067,86.75,81.8875,7.0,0,heldout,
real_moleculenet_lipophilicity,llambo_warmstart_domain_knowledge_polar_surface_control_noprior,29067,82.875,80.1375,10.875,0,heldout,
real_moleculenet_lipophilicity,llambo_warmstart_selector,29067,82.875,80.1375,10.875,0,heldout,llambo_warmstart_domain_knowledge_polar_surface_control_noprior
real_moleculenet_lipophilicity,llm_calibrated_selector,29067,88.0,88.0,5.75,0,heldout,llm_semantic_domain_knowledge_polar_surface_control_noprior
real_moleculenet_lipophilicity,llm_direct_prior_domain_knowledge_polar_surface_control_noprior,29067,90.0,77.0125,3.75,0,heldout,
real_moleculenet_lipophilicity,llm_direct_prior_selector,29067,90.0,77.0125,3.75,0,heldout,llm_direct_prior_domain_knowledge_polar_surface_control_noprior
real_moleculenet_lipophilicity,llm_semantic_domain_knowledge_polar_surface_control_noprior,29067,88.0,88.0,5.75,0,heldout,
real_moleculenet_lipophilicity,mixed_kernel_gp_ei,29067,86.75,80.5875,7.0,0,heldout,
real_moleculenet_lipophilicity,target_acquisition_portfolio,29067,86.75,80.5875,7.0,0,heldout,
real_moleculenet_lipophilicity,care_strategy_router,29068,90.0,90.0,3.75,0,heldout,llm_semantic_domain_knowledge_polar_surface_control_noprior
real_moleculenet_lipophilicity,gp_ucb,29068,90.0,90.0,3.75,0,heldout,
real_moleculenet_lipophilicity,llambo_warmstart_domain_knowledge_polar_surface_control_noprior,29068,91.25,89.55,2.5,0,heldout,
real_moleculenet_lipophilicity,llambo_warmstart_selector,29068,91.25,89.55,2.5,0,heldout,llambo_warmstart_domain_knowledge_polar_surface_control_noprior
real_moleculenet_lipophilicity,llm_calibrated_selector,29068,90.0,90.0,3.75,0,heldout,llm_semantic_domain_knowledge_polar_surface_control_noprior
real_moleculenet_lipophilicity,llm_direct_prior_domain_knowledge_polar_surface_control_noprior,29068,90.0,90.0,3.75,0,heldout,
real_moleculenet_lipophilicity,llm_direct_prior_selector,29068,90.0,90.0,3.75,0,heldout,llm_direct_prior_domain_knowledge_polar_surface_control_noprior
real_moleculenet_lipophilicity,llm_semantic_domain_knowledge_polar_surface_control_noprior,29068,90.0,90.0,3.75,0,heldout,
real_moleculenet_lipophilicity,mixed_kernel_gp_ei,29068,90.0,90.0,3.75,0,heldout,
real_moleculenet_lipophilicity,target_acquisition_portfolio,29068,90.0,90.0,3.75,0,heldout,
real_moleculenet_lipophilicity,care_strategy_router,29069,93.75,86.7,0.0,1,heldout,llm_semantic_domain_knowledge_polar_surface_control_noprior
real_moleculenet_lipophilicity,gp_ucb,29069,82.875,80.1,10.875,0,heldout,
real_moleculenet_lipophilicity,llambo_warmstart_domain_knowledge_polar_surface_control_noprior,29069,93.75,93.75,0.0,1,heldout,
real_moleculenet_lipophilicity,llambo_warmstart_selector,29069,93.75,93.75,0.0,1,heldout,llambo_warmstart_domain_knowledge_polar_surface_control_noprior
real_moleculenet_lipophilicity,llm_calibrated_selector,29069,93.75,86.7,0.0,1,heldout,llm_semantic_domain_knowledge_polar_surface_control_noprior
real_moleculenet_lipophilicity,llm_direct_prior_domain_knowledge_polar_surface_control_noprior,29069,93.75,83.6625,0.0,1,heldout,
real_moleculenet_lipophilicity,llm_direct_prior_selector,29069,93.75,83.6625,0.0,1,heldout,llm_direct_prior_domain_knowledge_polar_surface_control_noprior
real_moleculenet_lipophilicity,llm_semantic_domain_knowledge_polar_surface_control_noprior,29069,93.75,86.7,0.0,1,heldout,
real_moleculenet_lipophilicity,mixed_kernel_gp_ei,29069,82.875,80.1,10.875,0,heldout,
real_moleculenet_lipophilicity,target_acquisition_portfolio,29069,82.875,80.1,10.875,0,heldout,
real_moleculenet_lipophilicity,care_strategy_router,29070,89.375,89.375,4.375,0,heldout,llm_semantic_domain_knowledge_polar_surface_control_noprior
real_moleculenet_lipophilicity,gp_ucb,29070,89.375,89.375,4.375,0,heldout,
real_moleculenet_lipophilicity,llambo_warmstart_domain_knowledge_polar_surface_control_noprior,29070,87.5,84.6,6.25,0,heldout,
real_moleculenet_lipophilicity,llambo_warmstart_selector,29070,87.5,84.6,6.25,0,heldout,llambo_warmstart_domain_knowledge_polar_surface_control_noprior
real_moleculenet_lipophilicity,llm_calibrated_selector,29070,89.375,89.375,4.375,0,heldout,llm_semantic_domain_knowledge_polar_surface_control_noprior
real_moleculenet_lipophilicity,llm_direct_prior_domain_knowledge_polar_surface_control_noprior,29070,89.375,89.375,4.375,0,heldout,
real_moleculenet_lipophilicity,llm_direct_prior_selector,29070,89.375,89.375,4.375,0,heldout,llm_direct_prior_domain_knowledge_polar_surface_control_noprior
real_moleculenet_lipophilicity,llm_semantic_domain_knowledge_polar_surface_control_noprior,29070,89.375,89.375,4.375,0,heldout,
real_moleculenet_lipophilicity,mixed_kernel_gp_ei,29070,89.375,89.375,4.375,0,heldout,
real_moleculenet_lipophilicity,target_acquisition_portfolio,29070,89.375,89.375,4.375,0,heldout,
real_moleculenet_lipophilicity,care_strategy_router,29071,88.625,86.675,5.125,0,heldout,llm_semantic_domain_knowledge_polar_surface_control_noprior
real_moleculenet_lipophilicity,gp_ucb,29071,84.875,84.875,8.875,0,heldout,
real_moleculenet_lipophilicity,llambo_warmstart_domain_knowledge_polar_surface_control_noprior,29071,82.875,81.7625,10.875,0,heldout,
real_moleculenet_lipophilicity,llambo_warmstart_selector,29071,82.875,81.7625,10.875,0,heldout,llambo_warmstart_domain_knowledge_polar_surface_control_noprior
real_moleculenet_lipophilicity,llm_calibrated_selector,29071,88.625,86.675,5.125,0,heldout,llm_semantic_domain_knowledge_polar_surface_control_noprior
real_moleculenet_lipophilicity,llm_direct_prior_domain_knowledge_polar_surface_control_noprior,29071,88.625,87.65,5.125,0,heldout,
real_moleculenet_lipophilicity,llm_direct_prior_selector,29071,88.625,87.65,5.125,0,heldout,llm_direct_prior_domain_knowledge_polar_surface_control_noprior
real_moleculenet_lipophilicity,llm_semantic_domain_knowledge_polar_surface_control_noprior,29071,88.625,86.675,5.125,0,heldout,
real_moleculenet_lipophilicity,mixed_kernel_gp_ei,29071,83.75,83.75,10.0,0,heldout,
real_moleculenet_lipophilicity,target_acquisition_portfolio,29071,84.875,84.875,8.875,0,heldout,
real_moleculenet_lipophilicity,care_strategy_router,29072,82.25,82.1,11.5,0,heldout,llm_semantic_domain_knowledge_polar_surface_control_noprior
real_moleculenet_lipophilicity,gp_ucb,29072,93.75,85.95,0.0,1,heldout,
real_moleculenet_lipophilicity,llambo_warmstart_domain_knowledge_polar_surface_control_noprior,29072,93.75,93.75,0.0,1,heldout,
real_moleculenet_lipophilicity,llambo_warmstart_selector,29072,93.75,93.75,0.0,1,heldout,llambo_warmstart_domain_knowledge_polar_surface_control_noprior
real_moleculenet_lipophilicity,llm_calibrated_selector,29072,82.25,82.1,11.5,0,heldout,llm_semantic_domain_knowledge_polar_surface_control_noprior
real_moleculenet_lipophilicity,llm_direct_prior_domain_knowledge_polar_surface_control_noprior,29072,93.75,89.85,0.0,1,heldout,
real_moleculenet_lipophilicity,llm_direct_prior_selector,29072,93.75,89.85,0.0,1,heldout,llm_direct_prior_domain_knowledge_polar_surface_control_noprior
real_moleculenet_lipophilicity,llm_semantic_domain_knowledge_polar_surface_control_noprior,29072,82.25,82.1,11.5,0,heldout,
real_moleculenet_lipophilicity,mixed_kernel_gp_ei,29072,85.0,81.7625,8.75,0,heldout,
real_moleculenet_lipophilicity,target_acquisition_portfolio,29072,81.125,80.825,12.625,0,heldout,
real_moleculenet_lipophilicity,care_strategy_router,29073,93.75,93.75,0.0,1,heldout,llm_semantic_domain_knowledge_polar_surface_control_noprior
real_moleculenet_lipophilicity,gp_ucb,29073,86.25,82.6375,7.5,0,heldout,
real_moleculenet_lipophilicity,llambo_warmstart_domain_knowledge_polar_surface_control_noprior,29073,87.375,81.275,6.375,0,heldout,
real_moleculenet_lipophilicity,llambo_warmstart_selector,29073,87.375,81.275,6.375,0,heldout,llambo_warmstart_domain_knowledge_polar_surface_control_noprior
real_moleculenet_lipophilicity,llm_calibrated_selector,29073,93.75,93.75,0.0,1,heldout,llm_semantic_domain_knowledge_polar_surface_control_noprior
real_moleculenet_lipophilicity,llm_direct_prior_domain_knowledge_polar_surface_control_noprior,29073,93.75,88.55,0.0,1,heldout,
real_moleculenet_lipophilicity,llm_direct_prior_selector,29073,93.75,88.55,0.0,1,heldout,llm_direct_prior_domain_knowledge_polar_surface_control_noprior
real_moleculenet_lipophilicity,llm_semantic_domain_knowledge_polar_surface_control_noprior,29073,93.75,93.75,0.0,1,heldout,
real_moleculenet_lipophilicity,mixed_kernel_gp_ei,29073,86.25,82.6375,7.5,0,heldout,
real_moleculenet_lipophilicity,target_acquisition_portfolio,29073,86.25,82.6375,7.5,0,heldout,
real_moleculenet_lipophilicity,care_strategy_router,29074,78.625,78.625,15.125,0,heldout,llm_semantic_domain_knowledge_polar_surface_control_noprior
real_moleculenet_lipophilicity,gp_ucb,29074,86.875,82.75,6.875,0,heldout,
real_moleculenet_lipophilicity,llambo_warmstart_domain_knowledge_polar_surface_control_noprior,29074,89.625,83.5875,4.125,0,heldout,
real_moleculenet_lipophilicity,llambo_warmstart_selector,29074,89.625,83.5875,4.125,0,heldout,llambo_warmstart_domain_knowledge_polar_surface_control_noprior
real_moleculenet_lipophilicity,llm_calibrated_selector,29074,78.625,78.625,15.125,0,heldout,llm_semantic_domain_knowledge_polar_surface_control_noprior
real_moleculenet_lipophilicity,llm_direct_prior_domain_knowledge_polar_surface_control_noprior,29074,82.75,81.5125,11.0,0,heldout,
real_moleculenet_lipophilicity,llm_direct_prior_selector,29074,82.75,81.5125,11.0,0,heldout,llm_direct_prior_domain_knowledge_polar_surface_control_noprior
real_moleculenet_lipophilicity,llm_semantic_domain_knowledge_polar_surface_control_noprior,29074,78.625,78.625,15.125,0,heldout,
real_moleculenet_lipophilicity,mixed_kernel_gp_ei,29074,88.25,81.5375,5.5,0,heldout,
real_moleculenet_lipophilicity,target_acquisition_portfolio,29074,80.375,79.15,13.375,0,heldout,
real_moleculenet_lipophilicity,care_strategy_router,29075,93.75,91.0,0.0,1,heldout,llm_semantic_domain_knowledge_polar_surface_control_noprior
real_moleculenet_lipophilicity,gp_ucb,29075,86.625,83.725,7.125,0,heldout,
real_moleculenet_lipophilicity,llambo_warmstart_domain_knowledge_polar_surface_control_noprior,29075,91.375,86.7375,2.375,0,heldout,
real_moleculenet_lipophilicity,llambo_warmstart_selector,29075,91.375,86.7375,2.375,0,heldout,llambo_warmstart_domain_knowledge_polar_surface_control_noprior
real_moleculenet_lipophilicity,llm_calibrated_selector,29075,93.75,91.0,0.0,1,heldout,llm_semantic_domain_knowledge_polar_surface_control_noprior
real_moleculenet_lipophilicity,llm_direct_prior_domain_knowledge_polar_surface_control_noprior,29075,93.75,92.375,0.0,1,heldout,
real_moleculenet_lipophilicity,llm_direct_prior_selector,29075,93.75,92.375,0.0,1,heldout,llm_direct_prior_domain_knowledge_polar_surface_control_noprior
real_moleculenet_lipophilicity,llm_semantic_domain_knowledge_polar_surface_control_noprior,29075,93.75,91.0,0.0,1,heldout,
real_moleculenet_lipophilicity,mixed_kernel_gp_ei,29075,86.625,83.725,7.125,0,heldout,
real_moleculenet_lipophilicity,target_acquisition_portfolio,29075,84.0,83.2,9.75,0,heldout,
real_moleculenet_lipophilicity,care_strategy_router,29076,88.625,83.2625,5.125,0,heldout,llm_semantic_domain_knowledge_polar_surface_control_noprior
real_moleculenet_lipophilicity,gp_ucb,29076,92.125,89.6125,1.625,0,heldout,
real_moleculenet_lipophilicity,llambo_warmstart_domain_knowledge_polar_surface_control_noprior,29076,85.75,78.9125,8.0,0,heldout,
real_moleculenet_lipophilicity,llambo_warmstart_selector,29076,85.75,78.9125,8.0,0,heldout,llambo_warmstart_domain_knowledge_polar_surface_control_noprior
real_moleculenet_lipophilicity,llm_calibrated_selector,29076,88.625,83.2625,5.125,0,heldout,llm_semantic_domain_knowledge_polar_surface_control_noprior
real_moleculenet_lipophilicity,llm_direct_prior_domain_knowledge_polar_surface_control_noprior,29076,82.875,80.2125,10.875,0,heldout,
real_moleculenet_lipophilicity,llm_direct_prior_selector,29076,82.875,80.2125,10.875,0,heldout,llm_direct_prior_domain_knowledge_polar_surface_control_noprior
real_moleculenet_lipophilicity,llm_semantic_domain_knowledge_polar_surface_control_noprior,29076,88.625,83.2625,5.125,0,heldout,
real_moleculenet_lipophilicity,mixed_kernel_gp_ei,29076,81.625,80.7125,12.125,0,heldout,
real_moleculenet_lipophilicity,target_acquisition_portfolio,29076,81.625,78.8875,12.125,0,heldout,
real_moleculenet_lipophilicity,care_strategy_router,29077,93.75,93.75,0.0,1,heldout,llm_semantic_domain_knowledge_polar_surface_control_noprior
real_moleculenet_lipophilicity,gp_ucb,29077,87.5,87.5,6.25,0,heldout,
real_moleculenet_lipophilicity,llambo_warmstart_domain_knowledge_polar_surface_control_noprior,29077,88.25,85.3875,5.5,0,heldout,
real_moleculenet_lipophilicity,llambo_warmstart_selector,29077,88.25,85.3875,5.5,0,heldout,llambo_warmstart_domain_knowledge_polar_surface_control_noprior
real_moleculenet_lipophilicity,llm_calibrated_selector,29077,93.75,93.75,0.0,1,heldout,llm_semantic_domain_knowledge_polar_surface_control_noprior
real_moleculenet_lipophilicity,llm_direct_prior_domain_knowledge_polar_surface_control_noprior,29077,93.75,86.95,0.0,1,heldout,
real_moleculenet_lipophilicity,llm_direct_prior_selector,29077,93.75,86.95,0.0,1,heldout,llm_direct_prior_domain_knowledge_polar_surface_control_noprior
real_moleculenet_lipophilicity,llm_semantic_domain_knowledge_polar_surface_control_noprior,29077,93.75,93.75,0.0,1,heldout,
real_moleculenet_lipophilicity,mixed_kernel_gp_ei,29077,87.5,87.25,6.25,0,heldout,
real_moleculenet_lipophilicity,target_acquisition_portfolio,29077,87.5,87.5,6.25,0,heldout,
real_moleculenet_lipophilicity,care_strategy_router,29078,91.25,84.4875,2.5,0,heldout,llm_semantic_domain_knowledge_polar_surface_control_noprior
real_moleculenet_lipophilicity,gp_ucb,29078,93.75,93.725,0.0,1,heldout,
real_moleculenet_lipophilicity,llambo_warmstart_domain_knowledge_polar_surface_control_noprior,29078,76.5,76.5,17.25,0,heldout,
real_moleculenet_lipophilicity,llambo_warmstart_selector,29078,76.5,76.5,17.25,0,heldout,llambo_warmstart_domain_knowledge_polar_surface_control_noprior
real_moleculenet_lipophilicity,llm_calibrated_selector,29078,91.25,84.4875,2.5,0,heldout,llm_semantic_domain_knowledge_polar_surface_control_noprior
real_moleculenet_lipophilicity,llm_direct_prior_domain_knowledge_polar_surface_control_noprior,29078,88.75,87.7,5.0,0,heldout,
real_moleculenet_lipophilicity,llm_direct_prior_selector,29078,88.75,87.7,5.0,0,heldout,llm_direct_prior_domain_knowledge_polar_surface_control_noprior
real_moleculenet_lipophilicity,llm_semantic_domain_knowledge_polar_surface_control_noprior,29078,91.25,84.4875,2.5,0,heldout,
real_moleculenet_lipophilicity,mixed_kernel_gp_ei,29078,93.75,93.725,0.0,1,heldout,
real_moleculenet_lipophilicity,target_acquisition_portfolio,29078,93.75,93.725,0.0,1,heldout,
real_moleculenet_lipophilicity,care_strategy_router,29079,93.75,91.275,0.0,1,heldout,llm_semantic_domain_knowledge_polar_surface_control_noprior
real_moleculenet_lipophilicity,gp_ucb,29079,86.25,82.275,7.5,0,heldout,
real_moleculenet_lipophilicity,llambo_warmstart_domain_knowledge_polar_surface_control_noprior,29079,93.75,86.3,0.0,1,heldout,
real_moleculenet_lipophilicity,llambo_warmstart_selector,29079,93.75,86.3,0.0,1,heldout,llambo_warmstart_domain_knowledge_polar_surface_control_noprior
real_moleculenet_lipophilicity,llm_calibrated_selector,29079,93.75,91.275,0.0,1,heldout,llm_semantic_domain_knowledge_polar_surface_control_noprior
real_moleculenet_lipophilicity,llm_direct_prior_domain_knowledge_polar_surface_control_noprior,29079,90.0,88.9625,3.75,0,heldout,
real_moleculenet_lipophilicity,llm_direct_prior_selector,29079,90.0,88.9625,3.75,0,heldout,llm_direct_prior_domain_knowledge_polar_surface_control_noprior
real_moleculenet_lipophilicity,llm_semantic_domain_knowledge_polar_surface_control_noprior,29079,93.75,91.275,0.0,1,heldout,
real_moleculenet_lipophilicity,mixed_kernel_gp_ei,29079,85.75,83.9125,8.0,0,heldout,
real_moleculenet_lipophilicity,target_acquisition_portfolio,29079,87.625,86.025,6.125,0,heldout,
real_moleculenet_lipophilicity,care_strategy_router,29080,88.625,83.05,5.125,0,heldout,llm_semantic_domain_knowledge_polar_surface_control_noprior
real_moleculenet_lipophilicity,gp_ucb,29080,86.625,81.7125,7.125,0,heldout,
real_moleculenet_lipophilicity,llambo_warmstart_domain_knowledge_polar_surface_control_noprior,29080,87.5,84.55,6.25,0,heldout,
real_moleculenet_lipophilicity,llambo_warmstart_selector,29080,87.5,84.55,6.25,0,heldout,llambo_warmstart_domain_knowledge_polar_surface_control_noprior
real_moleculenet_lipophilicity,llm_calibrated_selector,29080,88.625,83.05,5.125,0,heldout,llm_semantic_domain_knowledge_polar_surface_control_noprior
real_moleculenet_lipophilicity,llm_direct_prior_domain_knowledge_polar_surface_control_noprior,29080,93.75,86.3875,0.0,1,heldout,
real_moleculenet_lipophilicity,llm_direct_prior_selector,29080,93.75,86.3875,0.0,1,heldout,llm_direct_prior_domain_knowledge_polar_surface_control_noprior
real_moleculenet_lipophilicity,llm_semantic_domain_knowledge_polar_surface_control_noprior,29080,88.625,83.05,5.125,0,heldout,
real_moleculenet_lipophilicity,mixed_kernel_gp_ei,29080,84.625,81.925,9.125,0,heldout,
real_moleculenet_lipophilicity,target_acquisition_portfolio,29080,88.625,82.325,5.125,0,heldout,
real_moleculenet_lipophilicity,care_strategy_router,29081,87.375,85.1,6.375,0,heldout,llm_semantic_domain_knowledge_polar_surface_control_noprior
real_moleculenet_lipophilicity,gp_ucb,29081,93.5,91.9875,0.25,1,heldout,
real_moleculenet_lipophilicity,llambo_warmstart_domain_knowledge_polar_surface_control_noprior,29081,82.875,82.875,10.875,0,heldout,
real_moleculenet_lipophilicity,llambo_warmstart_selector,29081,82.875,82.875,10.875,0,heldout,llambo_warmstart_domain_knowledge_polar_surface_control_noprior
real_moleculenet_lipophilicity,llm_calibrated_selector,29081,87.375,85.1,6.375,0,heldout,llm_semantic_domain_knowledge_polar_surface_control_noprior
real_moleculenet_lipophilicity,llm_direct_prior_domain_knowledge_polar_surface_control_noprior,29081,79.875,79.175,13.875,0,heldout,
real_moleculenet_lipophilicity,llm_direct_prior_selector,29081,79.875,79.175,13.875,0,heldout,llm_direct_prior_domain_knowledge_polar_surface_control_noprior
real_moleculenet_lipophilicity,llm_semantic_domain_knowledge_polar_surface_control_noprior,29081,87.375,85.1,6.375,0,heldout,
real_moleculenet_lipophilicity,mixed_kernel_gp_ei,29081,93.5,91.9875,0.25,1,heldout,
real_moleculenet_lipophilicity,target_acquisition_portfolio,29081,93.5,91.9875,0.25,1,heldout,
real_moleculenet_lipophilicity,care_strategy_router,29082,82.5,79.1625,11.25,0,heldout,llm_semantic_domain_knowledge_polar_surface_control_noprior
real_moleculenet_lipophilicity,gp_ucb,29082,91.25,91.25,2.5,0,heldout,
real_moleculenet_lipophilicity,llambo_warmstart_domain_knowledge_polar_surface_control_noprior,29082,88.625,84.6,5.125,0,heldout,
real_moleculenet_lipophilicity,llambo_warmstart_selector,29082,88.625,84.6,5.125,0,heldout,llambo_warmstart_domain_knowledge_polar_surface_control_noprior
real_moleculenet_lipophilicity,llm_calibrated_selector,29082,82.5,79.1625,11.25,0,heldout,llm_semantic_domain_knowledge_polar_surface_control_noprior
real_moleculenet_lipophilicity,llm_direct_prior_domain_knowledge_polar_surface_control_noprior,29082,86.25,82.2,7.5,0,heldout,
real_moleculenet_lipophilicity,llm_direct_prior_selector,29082,86.25,82.2,7.5,0,heldout,llm_direct_prior_domain_knowledge_polar_surface_control_noprior
real_moleculenet_lipophilicity,llm_semantic_domain_knowledge_polar_surface_control_noprior,29082,82.5,79.1625,11.25,0,heldout,
real_moleculenet_lipophilicity,mixed_kernel_gp_ei,29082,91.25,91.25,2.5,0,heldout,
real_moleculenet_lipophilicity,target_acquisition_portfolio,29082,91.25,91.25,2.5,0,heldout,
real_moleculenet_lipophilicity,care_strategy_router,29083,88.0,87.5625,5.75,0,heldout,llm_semantic_domain_knowledge_polar_surface_control_noprior
real_moleculenet_lipophilicity,gp_ucb,29083,72.5,72.5,21.25,0,heldout,
real_moleculenet_lipophilicity,llambo_warmstart_domain_knowledge_polar_surface_control_noprior,29083,93.75,93.75,0.0,1,heldout,
real_moleculenet_lipophilicity,llambo_warmstart_selector,29083,93.75,93.75,0.0,1,heldout,llambo_warmstart_domain_knowledge_polar_surface_control_noprior
real_moleculenet_lipophilicity,llm_calibrated_selector,29083,88.0,87.5625,5.75,0,heldout,llm_semantic_domain_knowledge_polar_surface_control_noprior
real_moleculenet_lipophilicity,llm_direct_prior_domain_knowledge_polar_surface_control_noprior,29083,78.375,76.6125,15.375,0,heldout,
real_moleculenet_lipophilicity,llm_direct_prior_selector,29083,78.375,76.6125,15.375,0,heldout,llm_direct_prior_domain_knowledge_polar_surface_control_noprior
real_moleculenet_lipophilicity,llm_semantic_domain_knowledge_polar_surface_control_noprior,29083,88.0,87.5625,5.75,0,heldout,
real_moleculenet_lipophilicity,mixed_kernel_gp_ei,29083,86.75,76.775,7.0,0,heldout,
real_moleculenet_lipophilicity,target_acquisition_portfolio,29083,86.75,76.775,7.0,0,heldout,
real_moleculenet_lipophilicity,care_strategy_router,29084,93.75,91.8375,0.0,1,heldout,llm_semantic_domain_knowledge_polar_surface_control_noprior
real_moleculenet_lipophilicity,gp_ucb,29084,87.5,83.75,6.25,0,heldout,
real_moleculenet_lipophilicity,llambo_warmstart_domain_knowledge_polar_surface_control_noprior,29084,88.75,81.55,5.0,0,heldout,
real_moleculenet_lipophilicity,llambo_warmstart_selector,29084,88.75,81.55,5.0,0,heldout,llambo_warmstart_domain_knowledge_polar_surface_control_noprior
real_moleculenet_lipophilicity,llm_calibrated_selector,29084,93.75,91.8375,0.0,1,heldout,llm_semantic_domain_knowledge_polar_surface_control_noprior
real_moleculenet_lipophilicity,llm_direct_prior_domain_knowledge_polar_surface_control_noprior,29084,87.25,84.125,6.5,0,heldout,
real_moleculenet_lipophilicity,llm_direct_prior_selector,29084,87.25,84.125,6.5,0,heldout,llm_direct_prior_domain_knowledge_polar_surface_control_noprior
real_moleculenet_lipophilicity,llm_semantic_domain_knowledge_polar_surface_control_noprior,29084,93.75,91.8375,0.0,1,heldout,
real_moleculenet_lipophilicity,mixed_kernel_gp_ei,29084,87.5,82.45,6.25,0,heldout,
real_moleculenet_lipophilicity,target_acquisition_portfolio,29084,91.25,88.0,2.5,0,heldout,
real_moleculenet_lipophilicity,care_strategy_router,29085,90.0,89.9625,3.75,0,heldout,llm_semantic_domain_knowledge_polar_surface_control_noprior
real_moleculenet_lipophilicity,gp_ucb,29085,93.75,85.5,0.0,1,heldout,
real_moleculenet_lipophilicity,llambo_warmstart_domain_knowledge_polar_surface_control_noprior,29085,93.75,91.725,0.0,1,heldout,
real_moleculenet_lipophilicity,llambo_warmstart_selector,29085,93.75,91.725,0.0,1,heldout,llambo_warmstart_domain_knowledge_polar_surface_control_noprior
real_moleculenet_lipophilicity,llm_calibrated_selector,29085,90.0,89.9625,3.75,0,heldout,llm_semantic_domain_knowledge_polar_surface_control_noprior
real_moleculenet_lipophilicity,llm_direct_prior_domain_knowledge_polar_surface_control_noprior,29085,90.0,87.75,3.75,0,heldout,
real_moleculenet_lipophilicity,llm_direct_prior_selector,29085,90.0,87.75,3.75,0,heldout,llm_direct_prior_domain_knowledge_polar_surface_control_noprior
real_moleculenet_lipophilicity,llm_semantic_domain_knowledge_polar_surface_control_noprior,29085,90.0,89.9625,3.75,0,heldout,
real_moleculenet_lipophilicity,mixed_kernel_gp_ei,29085,93.75,86.25,0.0,1,heldout,
real_moleculenet_lipophilicity,target_acquisition_portfolio,29085,90.0,86.7,3.75,0,heldout,
real_moleculenet_lipophilicity,care_strategy_router,29086,90.375,90.375,3.375,0,heldout,llm_semantic_domain_knowledge_polar_surface_control_noprior
real_moleculenet_lipophilicity,gp_ucb,29086,90.375,90.375,3.375,0,heldout,
real_moleculenet_lipophilicity,llambo_warmstart_domain_knowledge_polar_surface_control_noprior,29086,87.125,80.9,6.625,0,heldout,
real_moleculenet_lipophilicity,llambo_warmstart_selector,29086,87.125,80.9,6.625,0,heldout,llambo_warmstart_domain_knowledge_polar_surface_control_noprior
real_moleculenet_lipophilicity,llm_calibrated_selector,29086,90.375,90.375,3.375,0,heldout,llm_semantic_domain_knowledge_polar_surface_control_noprior
real_moleculenet_lipophilicity,llm_direct_prior_domain_knowledge_polar_surface_control_noprior,29086,90.375,90.375,3.375,0,heldout,
real_moleculenet_lipophilicity,llm_direct_prior_selector,29086,90.375,90.375,3.375,0,heldout,llm_direct_prior_domain_knowledge_polar_surface_control_noprior
real_moleculenet_lipophilicity,llm_semantic_domain_knowledge_polar_surface_control_noprior,29086,90.375,90.375,3.375,0,heldout,
real_moleculenet_lipophilicity,mixed_kernel_gp_ei,29086,90.375,90.375,3.375,0,heldout,
real_moleculenet_lipophilicity,target_acquisition_portfolio,29086,90.375,90.375,3.375,0,heldout,
real_moleculenet_lipophilicity,care_strategy_router,29087,90.0,88.3375,3.75,0,heldout,llm_semantic_domain_knowledge_polar_surface_control_noprior
real_moleculenet_lipophilicity,gp_ucb,29087,85.0,83.0875,8.75,0,heldout,
real_moleculenet_lipophilicity,llambo_warmstart_domain_knowledge_polar_surface_control_noprior,29087,80.75,79.5,13.0,0,heldout,
real_moleculenet_lipophilicity,llambo_warmstart_selector,29087,80.75,79.5,13.0,0,heldout,llambo_warmstart_domain_knowledge_polar_surface_control_noprior
real_moleculenet_lipophilicity,llm_calibrated_selector,29087,90.0,88.3375,3.75,0,heldout,llm_semantic_domain_knowledge_polar_surface_control_noprior
real_moleculenet_lipophilicity,llm_direct_prior_domain_knowledge_polar_surface_control_noprior,29087,87.25,86.35,6.5,0,heldout,
real_moleculenet_lipophilicity,llm_direct_prior_selector,29087,87.25,86.35,6.5,0,heldout,llm_direct_prior_domain_knowledge_polar_surface_control_noprior
real_moleculenet_lipophilicity,llm_semantic_domain_knowledge_polar_surface_control_noprior,29087,90.0,88.3375,3.75,0,heldout,
real_moleculenet_lipophilicity,mixed_kernel_gp_ei,29087,82.875,82.875,10.875,0,heldout,
real_moleculenet_lipophilicity,target_acquisition_portfolio,29087,85.0,83.0875,8.75,0,heldout,
real_moleculenet_lipophilicity,care_strategy_router,29088,93.75,93.75,0.0,1,heldout,llm_semantic_domain_knowledge_polar_surface_control_noprior
real_moleculenet_lipophilicity,gp_ucb,29088,88.75,88.75,5.0,0,heldout,
real_moleculenet_lipophilicity,llambo_warmstart_domain_knowledge_polar_surface_control_noprior,29088,84.75,81.4125,9.0,0,heldout,
real_moleculenet_lipophilicity,llambo_warmstart_selector,29088,84.75,81.4125,9.0,0,heldout,llambo_warmstart_domain_knowledge_polar_surface_control_noprior
real_moleculenet_lipophilicity,llm_calibrated_selector,29088,93.75,93.75,0.0,1,heldout,llm_semantic_domain_knowledge_polar_surface_control_noprior
real_moleculenet_lipophilicity,llm_direct_prior_domain_knowledge_polar_surface_control_noprior,29088,88.75,88.75,5.0,0,heldout,
real_moleculenet_lipophilicity,llm_direct_prior_selector,29088,88.75,88.75,5.0,0,heldout,llm_direct_prior_domain_knowledge_polar_surface_control_noprior
real_moleculenet_lipophilicity,llm_semantic_domain_knowledge_polar_surface_control_noprior,29088,93.75,93.75,0.0,1,heldout,
real_moleculenet_lipophilicity,mixed_kernel_gp_ei,29088,88.75,88.75,5.0,0,heldout,
real_moleculenet_lipophilicity,target_acquisition_portfolio,29088,88.75,88.75,5.0,0,heldout,
real_moleculenet_lipophilicity,care_strategy_router,29089,93.75,92.0,0.0,1,heldout,llm_semantic_domain_knowledge_polar_surface_control_noprior
real_moleculenet_lipophilicity,gp_ucb,29089,86.25,81.45,7.5,0,heldout,
real_moleculenet_lipophilicity,llambo_warmstart_domain_knowledge_polar_surface_control_noprior,29089,93.75,92.325,0.0,1,heldout,
real_moleculenet_lipophilicity,llambo_warmstart_selector,29089,93.75,92.325,0.0,1,heldout,llambo_warmstart_domain_knowledge_polar_surface_control_noprior
real_moleculenet_lipophilicity,llm_calibrated_selector,29089,93.75,92.0,0.0,1,heldout,llm_semantic_domain_knowledge_polar_surface_control_noprior
real_moleculenet_lipophilicity,llm_direct_prior_domain_knowledge_polar_surface_control_noprior,29089,88.75,85.7375,5.0,0,heldout,
real_moleculenet_lipophilicity,llm_direct_prior_selector,29089,88.75,85.7375,5.0,0,heldout,llm_direct_prior_domain_knowledge_polar_surface_control_noprior
real_moleculenet_lipophilicity,llm_semantic_domain_knowledge_polar_surface_control_noprior,29089,93.75,92.0,0.0,1,heldout,
real_moleculenet_lipophilicity,mixed_kernel_gp_ei,29089,86.25,81.45,7.5,0,heldout,
real_moleculenet_lipophilicity,target_acquisition_portfolio,29089,86.25,81.45,7.5,0,heldout,
real_moleculenet_lipophilicity,care_strategy_router,29090,85.0,83.5,8.75,0,heldout,llm_semantic_domain_knowledge_polar_surface_control_noprior
real_moleculenet_lipophilicity,gp_ucb,29090,87.5,84.1875,6.25,0,heldout,
real_moleculenet_lipophilicity,llambo_warmstart_domain_knowledge_polar_surface_control_noprior,29090,87.5,84.725,6.25,0,heldout,
real_moleculenet_lipophilicity,llambo_warmstart_selector,29090,87.5,84.725,6.25,0,heldout,llambo_warmstart_domain_knowledge_polar_surface_control_noprior
real_moleculenet_lipophilicity,llm_calibrated_selector,29090,85.0,83.5,8.75,0,heldout,llm_semantic_domain_knowledge_polar_surface_control_noprior
real_moleculenet_lipophilicity,llm_direct_prior_domain_knowledge_polar_surface_control_noprior,29090,93.75,82.5,0.0,1,heldout,
real_moleculenet_lipophilicity,llm_direct_prior_selector,29090,93.75,82.5,0.0,1,heldout,llm_direct_prior_domain_knowledge_polar_surface_control_noprior
real_moleculenet_lipophilicity,llm_semantic_domain_knowledge_polar_surface_control_noprior,29090,85.0,83.5,8.75,0,heldout,
real_moleculenet_lipophilicity,mixed_kernel_gp_ei,29090,92.25,85.2,1.5,0,heldout,
real_moleculenet_lipophilicity,target_acquisition_portfolio,29090,86.625,85.0125,7.125,0,heldout,
real_moleculenet_lipophilicity,care_strategy_router,29091,93.75,89.875,0.0,1,heldout,llm_semantic_domain_knowledge_polar_surface_control_noprior
real_moleculenet_lipophilicity,gp_ucb,29091,87.5,84.875,6.25,0,heldout,
real_moleculenet_lipophilicity,llambo_warmstart_domain_knowledge_polar_surface_control_noprior,29091,91.25,86.675,2.5,0,heldout,
real_moleculenet_lipophilicity,llambo_warmstart_selector,29091,91.25,86.675,2.5,0,heldout,llambo_warmstart_domain_knowledge_polar_surface_control_noprior
real_moleculenet_lipophilicity,llm_calibrated_selector,29091,93.75,89.875,0.0,1,heldout,llm_semantic_domain_knowledge_polar_surface_control_noprior
real_moleculenet_lipophilicity,llm_direct_prior_domain_knowledge_polar_surface_control_noprior,29091,93.75,88.875,0.0,1,heldout,
real_moleculenet_lipophilicity,llm_direct_prior_selector,29091,93.75,88.875,0.0,1,heldout,llm_direct_prior_domain_knowledge_polar_surface_control_noprior
real_moleculenet_lipophilicity,llm_semantic_domain_knowledge_polar_surface_control_noprior,29091,93.75,89.875,0.0,1,heldout,
real_moleculenet_lipophilicity,mixed_kernel_gp_ei,29091,87.5,84.875,6.25,0,heldout,
real_moleculenet_lipophilicity,target_acquisition_portfolio,29091,87.5,85.25,6.25,0,heldout,
real_moleculenet_lipophilicity,care_strategy_router,29092,93.75,92.275,0.0,1,heldout,llm_semantic_domain_knowledge_polar_surface_control_noprior
real_moleculenet_lipophilicity,gp_ucb,29092,93.75,89.325,0.0,1,heldout,
real_moleculenet_lipophilicity,llambo_warmstart_domain_knowledge_polar_surface_control_noprior,29092,87.25,82.2875,6.5,0,heldout,
real_moleculenet_lipophilicity,llambo_warmstart_selector,29092,87.25,82.2875,6.5,0,heldout,llambo_warmstart_domain_knowledge_polar_surface_control_noprior
real_moleculenet_lipophilicity,llm_calibrated_selector,29092,93.75,92.275,0.0,1,heldout,llm_semantic_domain_knowledge_polar_surface_control_noprior
real_moleculenet_lipophilicity,llm_direct_prior_domain_knowledge_polar_surface_control_noprior,29092,87.25,84.775,6.5,0,heldout,
real_moleculenet_lipophilicity,llm_direct_prior_selector,29092,87.25,84.775,6.5,0,heldout,llm_direct_prior_domain_knowledge_polar_surface_control_noprior
real_moleculenet_lipophilicity,llm_semantic_domain_knowledge_polar_surface_control_noprior,29092,93.75,92.275,0.0,1,heldout,
real_moleculenet_lipophilicity,mixed_kernel_gp_ei,29092,93.75,89.325,0.0,1,heldout,
real_moleculenet_lipophilicity,target_acquisition_portfolio,29092,93.75,89.325,0.0,1,heldout,
real_moleculenet_lipophilicity,care_strategy_router,29093,87.5,85.7375,6.25,0,heldout,llm_semantic_domain_knowledge_polar_surface_control_noprior
real_moleculenet_lipophilicity,gp_ucb,29093,91.25,88.7,2.5,0,heldout,
real_moleculenet_lipophilicity,llambo_warmstart_domain_knowledge_polar_surface_control_noprior,29093,85.0,85.0,8.75,0,heldout,
real_moleculenet_lipophilicity,llambo_warmstart_selector,29093,85.0,85.0,8.75,0,heldout,llambo_warmstart_domain_knowledge_polar_surface_control_noprior
real_moleculenet_lipophilicity,llm_calibrated_selector,29093,87.5,85.7375,6.25,0,heldout,llm_semantic_domain_knowledge_polar_surface_control_noprior
real_moleculenet_lipophilicity,llm_direct_prior_domain_knowledge_polar_surface_control_noprior,29093,92.5,89.7625,1.25,0,heldout,
real_moleculenet_lipophilicity,llm_direct_prior_selector,29093,92.5,89.7625,1.25,0,heldout,llm_direct_prior_domain_knowledge_polar_surface_control_noprior
real_moleculenet_lipophilicity,llm_semantic_domain_knowledge_polar_surface_control_noprior,29093,87.5,85.7375,6.25,0,heldout,
real_moleculenet_lipophilicity,mixed_kernel_gp_ei,29093,93.5,90.4625,0.25,1,heldout,
real_moleculenet_lipophilicity,target_acquisition_portfolio,29093,89.125,88.55,4.625,0,heldout,
real_moleculenet_lipophilicity,care_strategy_router,29094,88.75,88.75,5.0,0,heldout,llm_semantic_domain_knowledge_polar_surface_control_noprior
real_moleculenet_lipophilicity,gp_ucb,29094,88.75,88.75,5.0,0,heldout,
real_moleculenet_lipophilicity,llambo_warmstart_domain_knowledge_polar_surface_control_noprior,29094,82.875,79.4125,10.875,0,heldout,
real_moleculenet_lipophilicity,llambo_warmstart_selector,29094,82.875,79.4125,10.875,0,heldout,llambo_warmstart_domain_knowledge_polar_surface_control_noprior
real_moleculenet_lipophilicity,llm_calibrated_selector,29094,88.75,88.75,5.0,0,heldout,llm_semantic_domain_knowledge_polar_surface_control_noprior
real_moleculenet_lipophilicity,llm_direct_prior_domain_knowledge_polar_surface_control_noprior,29094,93.75,90.875,0.0,1,heldout,
real_moleculenet_lipophilicity,llm_direct_prior_selector,29094,93.75,90.875,0.0,1,heldout,llm_direct_prior_domain_knowledge_polar_surface_control_noprior
real_moleculenet_lipophilicity,llm_semantic_domain_knowledge_polar_surface_control_noprior,29094,88.75,88.75,5.0,0,heldout,
real_moleculenet_lipophilicity,mixed_kernel_gp_ei,29094,93.75,90.25,0.0,1,heldout,
real_moleculenet_lipophilicity,target_acquisition_portfolio,29094,88.75,88.75,5.0,0,heldout,
real_moleculenet_lipophilicity,care_strategy_router,29095,87.5,85.125,6.25,0,heldout,llm_semantic_domain_knowledge_polar_surface_control_noprior
real_moleculenet_lipophilicity,gp_ucb,29095,91.0,89.2,2.75,0,heldout,
real_moleculenet_lipophilicity,llambo_warmstart_domain_knowledge_polar_surface_control_noprior,29095,87.25,82.1125,6.5,0,heldout,
real_moleculenet_lipophilicity,llambo_warmstart_selector,29095,87.25,82.1125,6.5,0,heldout,llambo_warmstart_domain_knowledge_polar_surface_control_noprior
real_moleculenet_lipophilicity,llm_calibrated_selector,29095,87.5,85.125,6.25,0,heldout,llm_semantic_domain_knowledge_polar_surface_control_noprior
real_moleculenet_lipophilicity,llm_direct_prior_domain_knowledge_polar_surface_control_noprior,29095,82.375,80.475,11.375,0,heldout,
real_moleculenet_lipophilicity,llm_direct_prior_selector,29095,82.375,80.475,11.375,0,heldout,llm_direct_prior_domain_knowledge_polar_surface_control_noprior
real_moleculenet_lipophilicity,llm_semantic_domain_knowledge_polar_surface_control_noprior,29095,87.5,85.125,6.25,0,heldout,
real_moleculenet_lipophilicity,mixed_kernel_gp_ei,29095,90.0,88.5,3.75,0,heldout,
real_moleculenet_lipophilicity,target_acquisition_portfolio,29095,90.0,88.5,3.75,0,heldout,
real_moleculenet_lipophilicity,care_strategy_router,29096,88.625,86.725,5.125,0,heldout,llm_semantic_domain_knowledge_polar_surface_control_noprior
real_moleculenet_lipophilicity,gp_ucb,29096,85.375,84.2,8.375,0,heldout,
real_moleculenet_lipophilicity,llambo_warmstart_domain_knowledge_polar_surface_control_noprior,29096,83.75,79.925,10.0,0,heldout,
real_moleculenet_lipophilicity,llambo_warmstart_selector,29096,83.75,79.925,10.0,0,heldout,llambo_warmstart_domain_knowledge_polar_surface_control_noprior
real_moleculenet_lipophilicity,llm_calibrated_selector,29096,88.625,86.725,5.125,0,heldout,llm_semantic_domain_knowledge_polar_surface_control_noprior
real_moleculenet_lipophilicity,llm_direct_prior_domain_knowledge_polar_surface_control_noprior,29096,88.625,81.125,5.125,0,heldout,
real_moleculenet_lipophilicity,llm_direct_prior_selector,29096,88.625,81.125,5.125,0,heldout,llm_direct_prior_domain_knowledge_polar_surface_control_noprior
real_moleculenet_lipophilicity,llm_semantic_domain_knowledge_polar_surface_control_noprior,29096,88.625,86.725,5.125,0,heldout,
real_moleculenet_lipophilicity,mixed_kernel_gp_ei,29096,84.875,83.525,8.875,0,heldout,
real_moleculenet_lipophilicity,target_acquisition_portfolio,29096,85.375,84.2,8.375,0,heldout,
real_moleculenet_lipophilicity,care_strategy_router,29097,78.75,78.75,15.0,0,heldout,llm_semantic_domain_knowledge_polar_surface_control_noprior
real_moleculenet_lipophilicity,gp_ucb,29097,83.75,79.75,10.0,0,heldout,
real_moleculenet_lipophilicity,llambo_warmstart_domain_knowledge_polar_surface_control_noprior,29097,89.625,75.5125,4.125,0,heldout,
real_moleculenet_lipophilicity,llambo_warmstart_selector,29097,89.625,75.5125,4.125,0,heldout,llambo_warmstart_domain_knowledge_polar_surface_control_noprior
real_moleculenet_lipophilicity,llm_calibrated_selector,29097,78.75,78.75,15.0,0,heldout,llm_semantic_domain_knowledge_polar_surface_control_noprior
real_moleculenet_lipophilicity,llm_direct_prior_domain_knowledge_polar_surface_control_noprior,29097,90.0,88.125,3.75,0,heldout,
real_moleculenet_lipophilicity,llm_direct_prior_selector,29097,90.0,88.125,3.75,0,heldout,llm_direct_prior_domain_knowledge_polar_surface_control_noprior
real_moleculenet_lipophilicity,llm_semantic_domain_knowledge_polar_surface_control_noprior,29097,78.75,78.75,15.0,0,heldout,
real_moleculenet_lipophilicity,mixed_kernel_gp_ei,29097,87.5,82.075,6.25,0,heldout,
real_moleculenet_lipophilicity,target_acquisition_portfolio,29097,93.75,85.525,0.0,1,heldout,
real_moleculenet_lipophilicity,care_strategy_router,29098,90.0,88.25,3.75,0,heldout,llm_semantic_domain_knowledge_polar_surface_control_noprior
real_moleculenet_lipophilicity,gp_ucb,29098,82.5,82.25,11.25,0,heldout,
real_moleculenet_lipophilicity,llambo_warmstart_domain_knowledge_polar_surface_control_noprior,29098,87.5,83.975,6.25,0,heldout,
real_moleculenet_lipophilicity,llambo_warmstart_selector,29098,87.5,83.975,6.25,0,heldout,llambo_warmstart_domain_knowledge_polar_surface_control_noprior
real_moleculenet_lipophilicity,llm_calibrated_selector,29098,90.0,88.25,3.75,0,heldout,llm_semantic_domain_knowledge_polar_surface_control_noprior
real_moleculenet_lipophilicity,llm_direct_prior_domain_knowledge_polar_surface_control_noprior,29098,88.125,84.6875,5.625,0,heldout,
real_moleculenet_lipophilicity,llm_direct_prior_selector,29098,88.125,84.6875,5.625,0,heldout,llm_direct_prior_domain_knowledge_polar_surface_control_noprior
real_moleculenet_lipophilicity,llm_semantic_domain_knowledge_polar_surface_control_noprior,29098,90.0,88.25,3.75,0,heldout,
real_moleculenet_lipophilicity,mixed_kernel_gp_ei,29098,82.5,82.25,11.25,0,heldout,
real_moleculenet_lipophilicity,target_acquisition_portfolio,29098,82.5,82.25,11.25,0,heldout,
real_moleculenet_lipophilicity,care_strategy_router,29099,93.75,92.125,0.0,1,heldout,llm_semantic_domain_knowledge_polar_surface_control_noprior
real_moleculenet_lipophilicity,gp_ucb,29099,85.0,82.1875,8.75,0,heldout,
real_moleculenet_lipophilicity,llambo_warmstart_domain_knowledge_polar_surface_control_noprior,29099,87.25,84.5125,6.5,0,heldout,
real_moleculenet_lipophilicity,llambo_warmstart_selector,29099,87.25,84.5125,6.5,0,heldout,llambo_warmstart_domain_knowledge_polar_surface_control_noprior
real_moleculenet_lipophilicity,llm_calibrated_selector,29099,93.75,92.125,0.0,1,heldout,llm_semantic_domain_knowledge_polar_surface_control_noprior
real_moleculenet_lipophilicity,llm_direct_prior_domain_knowledge_polar_surface_control_noprior,29099,93.75,87.925,0.0,1,heldout,
real_moleculenet_lipophilicity,llm_direct_prior_selector,29099,93.75,87.925,0.0,1,heldout,llm_direct_prior_domain_knowledge_polar_surface_control_noprior
real_moleculenet_lipophilicity,llm_semantic_domain_knowledge_polar_surface_control_noprior,29099,93.75,92.125,0.0,1,heldout,
real_moleculenet_lipophilicity,mixed_kernel_gp_ei,29099,88.75,88.75,5.0,0,heldout,
real_moleculenet_lipophilicity,target_acquisition_portfolio,29099,91.25,89.0,2.5,0,heldout,
real_moleculenet_lipophilicity,care_strategy_router,29100,93.75,90.6375,0.0,1,heldout,llm_semantic_domain_knowledge_polar_surface_control_noprior
real_moleculenet_lipophilicity,gp_ucb,29100,83.375,83.375,10.375,0,heldout,
real_moleculenet_lipophilicity,llambo_warmstart_domain_knowledge_polar_surface_control_noprior,29100,89.875,84.9625,3.875,0,heldout,
real_moleculenet_lipophilicity,llambo_warmstart_selector,29100,89.875,84.9625,3.875,0,heldout,llambo_warmstart_domain_knowledge_polar_surface_control_noprior
real_moleculenet_lipophilicity,llm_calibrated_selector,29100,93.75,90.6375,0.0,1,heldout,llm_semantic_domain_knowledge_polar_surface_control_noprior
real_moleculenet_lipophilicity,llm_direct_prior_domain_knowledge_polar_surface_control_noprior,29100,85.75,83.6125,8.0,0,heldout,
real_moleculenet_lipophilicity,llm_direct_prior_selector,29100,85.75,83.6125,8.0,0,heldout,llm_direct_prior_domain_knowledge_polar_surface_control_noprior
real_moleculenet_lipophilicity,llm_semantic_domain_knowledge_polar_surface_control_noprior,29100,93.75,90.6375,0.0,1,heldout,
real_moleculenet_lipophilicity,mixed_kernel_gp_ei,29100,83.375,83.375,10.375,0,heldout,
real_moleculenet_lipophilicity,target_acquisition_portfolio,29100,83.375,83.375,10.375,0,heldout,
real_moleculenet_lipophilicity,care_strategy_router,29101,88.125,88.125,5.625,0,heldout,llm_semantic_domain_knowledge_polar_surface_control_noprior
real_moleculenet_lipophilicity,gp_ucb,29101,88.75,88.4375,5.0,0,heldout,
real_moleculenet_lipophilicity,llambo_warmstart_domain_knowledge_polar_surface_control_noprior,29101,93.75,93.75,0.0,1,heldout,
real_moleculenet_lipophilicity,llambo_warmstart_selector,29101,93.75,93.75,0.0,1,heldout,llambo_warmstart_domain_knowledge_polar_surface_control_noprior
real_moleculenet_lipophilicity,llm_calibrated_selector,29101,88.125,88.125,5.625,0,heldout,llm_semantic_domain_knowledge_polar_surface_control_noprior
real_moleculenet_lipophilicity,llm_direct_prior_domain_knowledge_polar_surface_control_noprior,29101,88.125,88.125,5.625,0,heldout,
real_moleculenet_lipophilicity,llm_direct_prior_selector,29101,88.125,88.125,5.625,0,heldout,llm_direct_prior_domain_knowledge_polar_surface_control_noprior
real_moleculenet_lipophilicity,llm_semantic_domain_knowledge_polar_surface_control_noprior,29101,88.125,88.125,5.625,0,heldout,
real_moleculenet_lipophilicity,mixed_kernel_gp_ei,29101,88.125,88.125,5.625,0,heldout,
real_moleculenet_lipophilicity,target_acquisition_portfolio,29101,88.125,88.125,5.625,0,heldout,
real_moleculenet_lipophilicity,care_strategy_router,29102,93.75,92.375,0.0,1,heldout,llm_semantic_domain_knowledge_polar_surface_control_noprior
real_moleculenet_lipophilicity,gp_ucb,29102,91.375,91.3375,2.375,0,heldout,
real_moleculenet_lipophilicity,llambo_warmstart_domain_knowledge_polar_surface_control_noprior,29102,91.375,85.0,2.375,0,heldout,
real_moleculenet_lipophilicity,llambo_warmstart_selector,29102,91.375,85.0,2.375,0,heldout,llambo_warmstart_domain_knowledge_polar_surface_control_noprior
real_moleculenet_lipophilicity,llm_calibrated_selector,29102,93.75,92.375,0.0,1,heldout,llm_semantic_domain_knowledge_polar_surface_control_noprior
real_moleculenet_lipophilicity,llm_direct_prior_domain_knowledge_polar_surface_control_noprior,29102,91.0,91.0,2.75,0,heldout,
real_moleculenet_lipophilicity,llm_direct_prior_selector,29102,91.0,91.0,2.75,0,heldout,llm_direct_prior_domain_knowledge_polar_surface_control_noprior
real_moleculenet_lipophilicity,llm_semantic_domain_knowledge_polar_surface_control_noprior,29102,93.75,92.375,0.0,1,heldout,
real_moleculenet_lipophilicity,mixed_kernel_gp_ei,29102,91.375,91.1875,2.375,0,heldout,
real_moleculenet_lipophilicity,target_acquisition_portfolio,29102,91.375,91.3375,2.375,0,heldout,
real_moleculenet_lipophilicity,care_strategy_router,29103,87.125,84.8125,6.625,0,heldout,llm_semantic_domain_knowledge_polar_surface_control_noprior
real_moleculenet_lipophilicity,gp_ucb,29103,93.75,88.025,0.0,1,heldout,
real_moleculenet_lipophilicity,llambo_warmstart_domain_knowledge_polar_surface_control_noprior,29103,91.0,83.15,2.75,0,heldout,
real_moleculenet_lipophilicity,llambo_warmstart_selector,29103,91.0,83.15,2.75,0,heldout,llambo_warmstart_domain_knowledge_polar_surface_control_noprior
real_moleculenet_lipophilicity,llm_calibrated_selector,29103,87.125,84.8125,6.625,0,heldout,llm_semantic_domain_knowledge_polar_surface_control_noprior
real_moleculenet_lipophilicity,llm_direct_prior_domain_knowledge_polar_surface_control_noprior,29103,88.625,85.5625,5.125,0,heldout,
real_moleculenet_lipophilicity,llm_direct_prior_selector,29103,88.625,85.5625,5.125,0,heldout,llm_direct_prior_domain_knowledge_polar_surface_control_noprior
real_moleculenet_lipophilicity,llm_semantic_domain_knowledge_polar_surface_control_noprior,29103,87.125,84.8125,6.625,0,heldout,
real_moleculenet_lipophilicity,mixed_kernel_gp_ei,29103,93.75,90.375,0.0,1,heldout,
real_moleculenet_lipophilicity,target_acquisition_portfolio,29103,93.75,85.85,0.0,1,heldout,
real_moleculenet_lipophilicity,care_strategy_router,29104,92.875,82.8125,0.875,0,heldout,llm_semantic_domain_knowledge_polar_surface_control_noprior
real_moleculenet_lipophilicity,gp_ucb,29104,92.125,87.15,1.625,0,heldout,
real_moleculenet_lipophilicity,llambo_warmstart_domain_knowledge_polar_surface_control_noprior,29104,93.75,93.75,0.0,1,heldout,
real_moleculenet_lipophilicity,llambo_warmstart_selector,29104,93.75,93.75,0.0,1,heldout,llambo_warmstart_domain_knowledge_polar_surface_control_noprior
real_moleculenet_lipophilicity,llm_calibrated_selector,29104,92.875,82.8125,0.875,0,heldout,llm_semantic_domain_knowledge_polar_surface_control_noprior
real_moleculenet_lipophilicity,llm_direct_prior_domain_knowledge_polar_surface_control_noprior,29104,88.75,82.85,5.0,0,heldout,
real_moleculenet_lipophilicity,llm_direct_prior_selector,29104,88.75,82.85,5.0,0,heldout,llm_direct_prior_domain_knowledge_polar_surface_control_noprior
real_moleculenet_lipophilicity,llm_semantic_domain_knowledge_polar_surface_control_noprior,29104,92.875,82.8125,0.875,0,heldout,
real_moleculenet_lipophilicity,mixed_kernel_gp_ei,29104,92.125,90.3375,1.625,0,heldout,
real_moleculenet_lipophilicity,target_acquisition_portfolio,29104,92.125,90.3375,1.625,0,heldout,
real_moleculenet_lipophilicity,care_strategy_router,29105,89.125,89.125,4.625,0,heldout,llm_semantic_domain_knowledge_polar_surface_control_noprior
real_moleculenet_lipophilicity,gp_ucb,29105,89.125,89.125,4.625,0,heldout,
real_moleculenet_lipophilicity,llambo_warmstart_domain_knowledge_polar_surface_control_noprior,29105,87.375,82.8125,6.375,0,heldout,
real_moleculenet_lipophilicity,llambo_warmstart_selector,29105,87.375,82.8125,6.375,0,heldout,llambo_warmstart_domain_knowledge_polar_surface_control_noprior
real_moleculenet_lipophilicity,llm_calibrated_selector,29105,89.125,89.125,4.625,0,heldout,llm_semantic_domain_knowledge_polar_surface_control_noprior
real_moleculenet_lipophilicity,llm_direct_prior_domain_knowledge_polar_surface_control_noprior,29105,93.75,93.125,0.0,1,heldout,
real_moleculenet_lipophilicity,llm_direct_prior_selector,29105,93.75,93.125,0.0,1,heldout,llm_direct_prior_domain_knowledge_polar_surface_control_noprior
real_moleculenet_lipophilicity,llm_semantic_domain_knowledge_polar_surface_control_noprior,29105,89.125,89.125,4.625,0,heldout,
real_moleculenet_lipophilicity,mixed_kernel_gp_ei,29105,89.125,89.125,4.625,0,heldout,
real_moleculenet_lipophilicity,target_acquisition_portfolio,29105,89.125,89.125,4.625,0,heldout,
real_moleculenet_lipophilicity,care_strategy_router,29106,88.625,86.475,5.125,0,heldout,llm_semantic_domain_knowledge_polar_surface_control_noprior
real_moleculenet_lipophilicity,gp_ucb,29106,91.875,84.2,1.875,0,heldout,
real_moleculenet_lipophilicity,llambo_warmstart_domain_knowledge_polar_surface_control_noprior,29106,83.75,81.725,10.0,0,heldout,
real_moleculenet_lipophilicity,llambo_warmstart_selector,29106,83.75,81.725,10.0,0,heldout,llambo_warmstart_domain_knowledge_polar_surface_control_noprior
real_moleculenet_lipophilicity,llm_calibrated_selector,29106,88.625,86.475,5.125,0,heldout,llm_semantic_domain_knowledge_polar_surface_control_noprior
real_moleculenet_lipophilicity,llm_direct_prior_domain_knowledge_polar_surface_control_noprior,29106,93.75,88.575,0.0,1,heldout,
real_moleculenet_lipophilicity,llm_direct_prior_selector,29106,93.75,88.575,0.0,1,heldout,llm_direct_prior_domain_knowledge_polar_surface_control_noprior
real_moleculenet_lipophilicity,llm_semantic_domain_knowledge_polar_surface_control_noprior,29106,88.625,86.475,5.125,0,heldout,
real_moleculenet_lipophilicity,mixed_kernel_gp_ei,29106,91.25,83.8,2.5,0,heldout,
real_moleculenet_lipophilicity,target_acquisition_portfolio,29106,91.25,86.125,2.5,0,heldout,
real_moleculenet_lipophilicity,care_strategy_router,29107,93.75,90.0,0.0,1,heldout,llm_semantic_domain_knowledge_polar_surface_control_noprior
real_moleculenet_lipophilicity,gp_ucb,29107,93.75,90.675,0.0,1,heldout,
real_moleculenet_lipophilicity,llambo_warmstart_domain_knowledge_polar_surface_control_noprior,29107,88.125,84.375,5.625,0,heldout,
real_moleculenet_lipophilicity,llambo_warmstart_selector,29107,88.125,84.375,5.625,0,heldout,llambo_warmstart_domain_knowledge_polar_surface_control_noprior
real_moleculenet_lipophilicity,llm_calibrated_selector,29107,93.75,90.0,0.0,1,heldout,llm_semantic_domain_knowledge_polar_surface_control_noprior
real_moleculenet_lipophilicity,llm_direct_prior_domain_knowledge_polar_surface_control_noprior,29107,93.75,87.45,0.0,1,heldout,
real_moleculenet_lipophilicity,llm_direct_prior_selector,29107,93.75,87.45,0.0,1,heldout,llm_direct_prior_domain_knowledge_polar_surface_control_noprior
real_moleculenet_lipophilicity,llm_semantic_domain_knowledge_polar_surface_control_noprior,29107,93.75,90.0,0.0,1,heldout,
real_moleculenet_lipophilicity,mixed_kernel_gp_ei,29107,87.5,85.25,6.25,0,heldout,
real_moleculenet_lipophilicity,target_acquisition_portfolio,29107,91.0,88.225,2.75,0,heldout,
real_moleculenet_lipophilicity,care_strategy_router,29108,93.75,88.7,0.0,1,heldout,llm_semantic_domain_knowledge_polar_surface_control_noprior
real_moleculenet_lipophilicity,gp_ucb,29108,91.25,87.275,2.5,0,heldout,
real_moleculenet_lipophilicity,llambo_warmstart_domain_knowledge_polar_surface_control_noprior,29108,87.375,87.375,6.375,0,heldout,
real_moleculenet_lipophilicity,llambo_warmstart_selector,29108,87.375,87.375,6.375,0,heldout,llambo_warmstart_domain_knowledge_polar_surface_control_noprior
real_moleculenet_lipophilicity,llm_calibrated_selector,29108,93.75,88.7,0.0,1,heldout,llm_semantic_domain_knowledge_polar_surface_control_noprior
real_moleculenet_lipophilicity,llm_direct_prior_domain_knowledge_polar_surface_control_noprior,29108,81.25,79.95,12.5,0,heldout,
real_moleculenet_lipophilicity,llm_direct_prior_selector,29108,81.25,79.95,12.5,0,heldout,llm_direct_prior_domain_knowledge_polar_surface_control_noprior
real_moleculenet_lipophilicity,llm_semantic_domain_knowledge_polar_surface_control_noprior,29108,93.75,88.7,0.0,1,heldout,
real_moleculenet_lipophilicity,mixed_kernel_gp_ei,29108,91.25,87.275,2.5,0,heldout,
real_moleculenet_lipophilicity,target_acquisition_portfolio,29108,91.25,87.275,2.5,0,heldout,
real_moleculenet_lipophilicity,care_strategy_router,29109,90.0,80.925,3.75,0,heldout,llm_semantic_domain_knowledge_polar_surface_control_noprior
real_moleculenet_lipophilicity,gp_ucb,29109,93.75,89.1625,0.0,1,heldout,
real_moleculenet_lipophilicity,llambo_warmstart_domain_knowledge_polar_surface_control_noprior,29109,85.375,85.375,8.375,0,heldout,
real_moleculenet_lipophilicity,llambo_warmstart_selector,29109,85.375,85.375,8.375,0,heldout,llambo_warmstart_domain_knowledge_polar_surface_control_noprior
real_moleculenet_lipophilicity,llm_calibrated_selector,29109,90.0,80.925,3.75,0,heldout,llm_semantic_domain_knowledge_polar_surface_control_noprior
real_moleculenet_lipophilicity,llm_direct_prior_domain_knowledge_polar_surface_control_noprior,29109,88.625,87.55,5.125,0,heldout,
real_moleculenet_lipophilicity,llm_direct_prior_selector,29109,88.625,87.55,5.125,0,heldout,llm_direct_prior_domain_knowledge_polar_surface_control_noprior
real_moleculenet_lipophilicity,llm_semantic_domain_knowledge_polar_surface_control_noprior,29109,90.0,80.925,3.75,0,heldout,
real_moleculenet_lipophilicity,mixed_kernel_gp_ei,29109,93.75,88.575,0.0,1,heldout,
real_moleculenet_lipophilicity,target_acquisition_portfolio,29109,93.75,88.575,0.0,1,heldout,
real_moleculenet_lipophilicity,care_strategy_router,29110,93.75,93.75,0.0,1,heldout,llm_semantic_domain_knowledge_polar_surface_control_noprior
real_moleculenet_lipophilicity,gp_ucb,29110,87.5,84.5,6.25,0,heldout,
real_moleculenet_lipophilicity,llambo_warmstart_domain_knowledge_polar_surface_control_noprior,29110,90.125,82.4875,3.625,0,heldout,
real_moleculenet_lipophilicity,llambo_warmstart_selector,29110,90.125,82.4875,3.625,0,heldout,llambo_warmstart_domain_knowledge_polar_surface_control_noprior
real_moleculenet_lipophilicity,llm_calibrated_selector,29110,93.75,93.75,0.0,1,heldout,llm_semantic_domain_knowledge_polar_surface_control_noprior
real_moleculenet_lipophilicity,llm_direct_prior_domain_knowledge_polar_surface_control_noprior,29110,93.75,90.575,0.0,1,heldout,
real_moleculenet_lipophilicity,llm_direct_prior_selector,29110,93.75,90.575,0.0,1,heldout,llm_direct_prior_domain_knowledge_polar_surface_control_noprior
real_moleculenet_lipophilicity,llm_semantic_domain_knowledge_polar_surface_control_noprior,29110,93.75,93.75,0.0,1,heldout,
real_moleculenet_lipophilicity,mixed_kernel_gp_ei,29110,93.75,91.625,0.0,1,heldout,
real_moleculenet_lipophilicity,target_acquisition_portfolio,29110,93.75,89.125,0.0,1,heldout,
real_moleculenet_lipophilicity,care_strategy_router,29111,93.75,82.425,0.0,1,heldout,llm_semantic_domain_knowledge_polar_surface_control_noprior
real_moleculenet_lipophilicity,gp_ucb,29111,86.75,81.925,7.0,0,heldout,
real_moleculenet_lipophilicity,llambo_warmstart_domain_knowledge_polar_surface_control_noprior,29111,90.0,81.45,3.75,0,heldout,
real_moleculenet_lipophilicity,llambo_warmstart_selector,29111,90.0,81.45,3.75,0,heldout,llambo_warmstart_domain_knowledge_polar_surface_control_noprior
real_moleculenet_lipophilicity,llm_calibrated_selector,29111,93.75,82.425,0.0,1,heldout,llm_semantic_domain_knowledge_polar_surface_control_noprior
real_moleculenet_lipophilicity,llm_direct_prior_domain_knowledge_polar_surface_control_noprior,29111,88.625,87.775,5.125,0,heldout,
real_moleculenet_lipophilicity,llm_direct_prior_selector,29111,88.625,87.775,5.125,0,heldout,llm_direct_prior_domain_knowledge_polar_surface_control_noprior
real_moleculenet_lipophilicity,llm_semantic_domain_knowledge_polar_surface_control_noprior,29111,93.75,82.425,0.0,1,heldout,
real_moleculenet_lipophilicity,mixed_kernel_gp_ei,29111,84.0,82.05,9.75,0,heldout,
real_moleculenet_lipophilicity,target_acquisition_portfolio,29111,84.0,81.1,9.75,0,heldout,
real_moleculenet_lipophilicity,care_strategy_router,29112,86.25,81.45,7.5,0,heldout,llm_semantic_domain_knowledge_polar_surface_control_noprior
real_moleculenet_lipophilicity,gp_ucb,29112,91.25,78.175,2.5,0,heldout,
real_moleculenet_lipophilicity,llambo_warmstart_domain_knowledge_polar_surface_control_noprior,29112,87.5,83.0375,6.25,0,heldout,
real_moleculenet_lipophilicity,llambo_warmstart_selector,29112,87.5,83.0375,6.25,0,heldout,llambo_warmstart_domain_knowledge_polar_surface_control_noprior
real_moleculenet_lipophilicity,llm_calibrated_selector,29112,86.25,81.45,7.5,0,heldout,llm_semantic_domain_knowledge_polar_surface_control_noprior
real_moleculenet_lipophilicity,llm_direct_prior_domain_knowledge_polar_surface_control_noprior,29112,93.75,83.225,0.0,1,heldout,
real_moleculenet_lipophilicity,llm_direct_prior_selector,29112,93.75,83.225,0.0,1,heldout,llm_direct_prior_domain_knowledge_polar_surface_control_noprior
real_moleculenet_lipophilicity,llm_semantic_domain_knowledge_polar_surface_control_noprior,29112,86.25,81.45,7.5,0,heldout,
real_moleculenet_lipophilicity,mixed_kernel_gp_ei,29112,74.875,74.875,18.875,0,heldout,
real_moleculenet_lipophilicity,target_acquisition_portfolio,29112,74.875,74.875,18.875,0,heldout,
real_moleculenet_lipophilicity,care_strategy_router,29113,93.75,93.75,0.0,1,heldout,llm_semantic_domain_knowledge_polar_surface_control_noprior
real_moleculenet_lipophilicity,gp_ucb,29113,83.375,82.0,10.375,0,heldout,
real_moleculenet_lipophilicity,llambo_warmstart_domain_knowledge_polar_surface_control_noprior,29113,86.25,83.7625,7.5,0,heldout,
real_moleculenet_lipophilicity,llambo_warmstart_selector,29113,86.25,83.7625,7.5,0,heldout,llambo_warmstart_domain_knowledge_polar_surface_control_noprior
real_moleculenet_lipophilicity,llm_calibrated_selector,29113,93.75,93.75,0.0,1,heldout,llm_semantic_domain_knowledge_polar_surface_control_noprior
real_moleculenet_lipophilicity,llm_direct_prior_domain_knowledge_polar_surface_control_noprior,29113,88.625,87.825,5.125,0,heldout,
real_moleculenet_lipophilicity,llm_direct_prior_selector,29113,88.625,87.825,5.125,0,heldout,llm_direct_prior_domain_knowledge_polar_surface_control_noprior
real_moleculenet_lipophilicity,llm_semantic_domain_knowledge_polar_surface_control_noprior,29113,93.75,93.75,0.0,1,heldout,
real_moleculenet_lipophilicity,mixed_kernel_gp_ei,29113,87.375,81.975,6.375,0,heldout,
real_moleculenet_lipophilicity,target_acquisition_portfolio,29113,88.25,83.5,5.5,0,heldout,
real_moleculenet_lipophilicity,care_strategy_router,29114,90.0,83.075,3.75,0,heldout,llm_semantic_domain_knowledge_polar_surface_control_noprior
real_moleculenet_lipophilicity,gp_ucb,29114,93.75,85.925,0.0,1,heldout,
real_moleculenet_lipophilicity,llambo_warmstart_domain_knowledge_polar_surface_control_noprior,29114,93.75,89.4875,0.0,1,heldout,
real_moleculenet_lipophilicity,llambo_warmstart_selector,29114,93.75,89.4875,0.0,1,heldout,llambo_warmstart_domain_knowledge_polar_surface_control_noprior
real_moleculenet_lipophilicity,llm_calibrated_selector,29114,90.0,83.075,3.75,0,heldout,llm_semantic_domain_knowledge_polar_surface_control_noprior
real_moleculenet_lipophilicity,llm_direct_prior_domain_knowledge_polar_surface_control_noprior,29114,82.875,80.425,10.875,0,heldout,
real_moleculenet_lipophilicity,llm_direct_prior_selector,29114,82.875,80.425,10.875,0,heldout,llm_direct_prior_domain_knowledge_polar_surface_control_noprior
real_moleculenet_lipophilicity,llm_semantic_domain_knowledge_polar_surface_control_noprior,29114,90.0,83.075,3.75,0,heldout,
real_moleculenet_lipophilicity,mixed_kernel_gp_ei,29114,82.0,82.0,11.75,0,heldout,
real_moleculenet_lipophilicity,target_acquisition_portfolio,29114,82.25,81.9,11.5,0,heldout,
real_moleculenet_lipophilicity,care_strategy_router,29115,82.5,77.5,11.25,0,heldout,llm_semantic_domain_knowledge_polar_surface_control_noprior
real_moleculenet_lipophilicity,gp_ucb,29115,90.0,87.25,3.75,0,heldout,
real_moleculenet_lipophilicity,llambo_warmstart_domain_knowledge_polar_surface_control_noprior,29115,93.75,93.75,0.0,1,heldout,
real_moleculenet_lipophilicity,llambo_warmstart_selector,29115,93.75,93.75,0.0,1,heldout,llambo_warmstart_domain_knowledge_polar_surface_control_noprior
real_moleculenet_lipophilicity,llm_calibrated_selector,29115,82.5,77.5,11.25,0,heldout,llm_semantic_domain_knowledge_polar_surface_control_noprior
real_moleculenet_lipophilicity,llm_direct_prior_domain_knowledge_polar_surface_control_noprior,29115,86.25,83.25,7.5,0,heldout,
real_moleculenet_lipophilicity,llm_direct_prior_selector,29115,86.25,83.25,7.5,0,heldout,llm_direct_prior_domain_knowledge_polar_surface_control_noprior
real_moleculenet_lipophilicity,llm_semantic_domain_knowledge_polar_surface_control_noprior,29115,82.5,77.5,11.25,0,heldout,
real_moleculenet_lipophilicity,mixed_kernel_gp_ei,29115,90.0,85.875,3.75,0,heldout,
real_moleculenet_lipophilicity,target_acquisition_portfolio,29115,90.0,85.875,3.75,0,heldout,
real_moleculenet_lipophilicity,care_strategy_router,29116,90.0,89.25,3.75,0,heldout,llm_semantic_domain_knowledge_polar_surface_control_noprior
real_moleculenet_lipophilicity,gp_ucb,29116,93.75,90.5625,0.0,1,heldout,
real_moleculenet_lipophilicity,llambo_warmstart_domain_knowledge_polar_surface_control_noprior,29116,93.75,93.75,0.0,1,heldout,
real_moleculenet_lipophilicity,llambo_warmstart_selector,29116,93.75,93.75,0.0,1,heldout,llambo_warmstart_domain_knowledge_polar_surface_control_noprior
real_moleculenet_lipophilicity,llm_calibrated_selector,29116,90.0,89.25,3.75,0,heldout,llm_semantic_domain_knowledge_polar_surface_control_noprior
real_moleculenet_lipophilicity,llm_direct_prior_domain_knowledge_polar_surface_control_noprior,29116,87.5,87.5,6.25,0,heldout,
real_moleculenet_lipophilicity,llm_direct_prior_selector,29116,87.5,87.5,6.25,0,heldout,llm_direct_prior_domain_knowledge_polar_surface_control_noprior
real_moleculenet_lipophilicity,llm_semantic_domain_knowledge_polar_surface_control_noprior,29116,90.0,89.25,3.75,0,heldout,
real_moleculenet_lipophilicity,mixed_kernel_gp_ei,29116,88.625,88.5125,5.125,0,heldout,
real_moleculenet_lipophilicity,target_acquisition_portfolio,29116,93.75,90.5625,0.0,1,heldout,
real_moleculenet_lipophilicity,care_strategy_router,29117,93.75,91.75,0.0,1,heldout,llm_semantic_domain_knowledge_polar_surface_control_noprior
real_moleculenet_lipophilicity,gp_ucb,29117,83.75,83.75,10.0,0,heldout,
real_moleculenet_lipophilicity,llambo_warmstart_domain_knowledge_polar_surface_control_noprior,29117,88.75,84.55,5.0,0,heldout,
real_moleculenet_lipophilicity,llambo_warmstart_selector,29117,88.75,84.55,5.0,0,heldout,llambo_warmstart_domain_knowledge_polar_surface_control_noprior
real_moleculenet_lipophilicity,llm_calibrated_selector,29117,93.75,91.75,0.0,1,heldout,llm_semantic_domain_knowledge_polar_surface_control_noprior
real_moleculenet_lipophilicity,llm_direct_prior_domain_knowledge_polar_surface_control_noprior,29117,87.25,85.5,6.5,0,heldout,
real_moleculenet_lipophilicity,llm_direct_prior_selector,29117,87.25,85.5,6.5,0,heldout,llm_direct_prior_domain_knowledge_polar_surface_control_noprior
real_moleculenet_lipophilicity,llm_semantic_domain_knowledge_polar_surface_control_noprior,29117,93.75,91.75,0.0,1,heldout,
real_moleculenet_lipophilicity,mixed_kernel_gp_ei,29117,88.75,86.75,5.0,0,heldout,
real_moleculenet_lipophilicity,target_acquisition_portfolio,29117,91.0,84.6375,2.75,0,heldout,
real_moleculenet_lipophilicity,care_strategy_router,29118,93.75,84.075,0.0,1,heldout,llm_semantic_domain_knowledge_polar_surface_control_noprior
real_moleculenet_lipophilicity,gp_ucb,29118,91.0,89.4,2.75,0,heldout,
real_moleculenet_lipophilicity,llambo_warmstart_domain_knowledge_polar_surface_control_noprior,29118,93.75,93.75,0.0,1,heldout,
real_moleculenet_lipophilicity,llambo_warmstart_selector,29118,93.75,93.75,0.0,1,heldout,llambo_warmstart_domain_knowledge_polar_surface_control_noprior
real_moleculenet_lipophilicity,llm_calibrated_selector,29118,93.75,84.075,0.0,1,heldout,llm_semantic_domain_knowledge_polar_surface_control_noprior
real_moleculenet_lipophilicity,llm_direct_prior_domain_knowledge_polar_surface_control_noprior,29118,93.75,91.25,0.0,1,heldout,
real_moleculenet_lipophilicity,llm_direct_prior_selector,29118,93.75,91.25,0.0,1,heldout,llm_direct_prior_domain_knowledge_polar_surface_control_noprior
real_moleculenet_lipophilicity,llm_semantic_domain_knowledge_polar_surface_control_noprior,29118,93.75,84.075,0.0,1,heldout,
real_moleculenet_lipophilicity,mixed_kernel_gp_ei,29118,81.125,80.325,12.625,0,heldout,
real_moleculenet_lipophilicity,target_acquisition_portfolio,29118,92.875,91.0875,0.875,0,heldout,
real_moleculenet_lipophilicity,care_strategy_router,29119,88.625,86.5,5.125,0,heldout,llm_semantic_domain_knowledge_polar_surface_control_noprior
real_moleculenet_lipophilicity,gp_ucb,29119,84.25,84.0,9.5,0,heldout,
real_moleculenet_lipophilicity,llambo_warmstart_domain_knowledge_polar_surface_control_noprior,29119,82.875,82.875,10.875,0,heldout,
real_moleculenet_lipophilicity,llambo_warmstart_selector,29119,82.875,82.875,10.875,0,heldout,llambo_warmstart_domain_knowledge_polar_surface_control_noprior
real_moleculenet_lipophilicity,llm_calibrated_selector,29119,88.625,86.5,5.125,0,heldout,llm_semantic_domain_knowledge_polar_surface_control_noprior
real_moleculenet_lipophilicity,llm_direct_prior_domain_knowledge_polar_surface_control_noprior,29119,93.75,87.9625,0.0,1,heldout,
real_moleculenet_lipophilicity,llm_direct_prior_selector,29119,93.75,87.9625,0.0,1,heldout,llm_direct_prior_domain_knowledge_polar_surface_control_noprior
real_moleculenet_lipophilicity,llm_semantic_domain_knowledge_polar_surface_control_noprior,29119,88.625,86.5,5.125,0,heldout,
real_moleculenet_lipophilicity,mixed_kernel_gp_ei,29119,86.875,85.7125,6.875,0,heldout,
real_moleculenet_lipophilicity,target_acquisition_portfolio,29119,86.875,85.7125,6.875,0,heldout,
real_moleculenet_lipophilicity,care_strategy_router,29120,87.25,84.625,6.5,0,heldout,llm_semantic_domain_knowledge_polar_surface_control_noprior
real_moleculenet_lipophilicity,gp_ucb,29120,82.875,82.875,10.875,0,heldout,
real_moleculenet_lipophilicity,llambo_warmstart_domain_knowledge_polar_surface_control_noprior,29120,88.25,82.175,5.5,0,heldout,
real_moleculenet_lipophilicity,llambo_warmstart_selector,29120,88.25,82.175,5.5,0,heldout,llambo_warmstart_domain_knowledge_polar_surface_control_noprior
real_moleculenet_lipophilicity,llm_calibrated_selector,29120,87.25,84.625,6.5,0,heldout,llm_semantic_domain_knowledge_polar_surface_control_noprior
real_moleculenet_lipophilicity,llm_direct_prior_domain_knowledge_polar_surface_control_noprior,29120,83.625,82.95,10.125,0,heldout,
real_moleculenet_lipophilicity,llm_direct_prior_selector,29120,83.625,82.95,10.125,0,heldout,llm_direct_prior_domain_knowledge_polar_surface_control_noprior
real_moleculenet_lipophilicity,llm_semantic_domain_knowledge_polar_surface_control_noprior,29120,87.25,84.625,6.5,0,heldout,
real_moleculenet_lipophilicity,mixed_kernel_gp_ei,29120,82.875,82.875,10.875,0,heldout,
real_moleculenet_lipophilicity,target_acquisition_portfolio,29120,82.875,82.875,10.875,0,heldout,
real_moleculenet_lipophilicity,care_strategy_router,29121,90.0,89.8375,3.75,0,heldout,llm_semantic_domain_knowledge_polar_surface_control_noprior
real_moleculenet_lipophilicity,gp_ucb,29121,90.0,88.9625,3.75,0,heldout,
real_moleculenet_lipophilicity,llambo_warmstart_domain_knowledge_polar_surface_control_noprior,29121,82.875,82.125,10.875,0,heldout,
real_moleculenet_lipophilicity,llambo_warmstart_selector,29121,82.875,82.125,10.875,0,heldout,llambo_warmstart_domain_knowledge_polar_surface_control_noprior
real_moleculenet_lipophilicity,llm_calibrated_selector,29121,90.0,89.8375,3.75,0,heldout,llm_semantic_domain_knowledge_polar_surface_control_noprior
real_moleculenet_lipophilicity,llm_direct_prior_domain_knowledge_polar_surface_control_noprior,29121,88.75,88.75,5.0,0,heldout,
real_moleculenet_lipophilicity,llm_direct_prior_selector,29121,88.75,88.75,5.0,0,heldout,llm_direct_prior_domain_knowledge_polar_surface_control_noprior
real_moleculenet_lipophilicity,llm_semantic_domain_knowledge_polar_surface_control_noprior,29121,90.0,89.8375,3.75,0,heldout,
real_moleculenet_lipophilicity,mixed_kernel_gp_ei,29121,89.625,88.8375,4.125,0,heldout,
real_moleculenet_lipophilicity,target_acquisition_portfolio,29121,88.75,88.75,5.0,0,heldout,
real_moleculenet_lipophilicity,care_strategy_router,29122,91.25,91.25,2.5,0,heldout,llm_semantic_domain_knowledge_polar_surface_control_noprior
real_moleculenet_lipophilicity,gp_ucb,29122,91.25,91.25,2.5,0,heldout,
real_moleculenet_lipophilicity,llambo_warmstart_domain_knowledge_polar_surface_control_noprior,29122,91.25,85.2125,2.5,0,heldout,
real_moleculenet_lipophilicity,llambo_warmstart_selector,29122,91.25,85.2125,2.5,0,heldout,llambo_warmstart_domain_knowledge_polar_surface_control_noprior
real_moleculenet_lipophilicity,llm_calibrated_selector,29122,91.25,91.25,2.5,0,heldout,llm_semantic_domain_knowledge_polar_surface_control_noprior
real_moleculenet_lipophilicity,llm_direct_prior_domain_knowledge_polar_surface_control_noprior,29122,91.25,91.25,2.5,0,heldout,
real_moleculenet_lipophilicity,llm_direct_prior_selector,29122,91.25,91.25,2.5,0,heldout,llm_direct_prior_domain_knowledge_polar_surface_control_noprior
real_moleculenet_lipophilicity,llm_semantic_domain_knowledge_polar_surface_control_noprior,29122,91.25,91.25,2.5,0,heldout,
real_moleculenet_lipophilicity,mixed_kernel_gp_ei,29122,91.25,91.25,2.5,0,heldout,
real_moleculenet_lipophilicity,target_acquisition_portfolio,29122,91.25,91.25,2.5,0,heldout,
real_moleculenet_lipophilicity,care_strategy_router,29123,90.0,88.05,3.75,0,heldout,llm_semantic_domain_knowledge_polar_surface_control_noprior
real_moleculenet_lipophilicity,gp_ucb,29123,93.75,91.475,0.0,1,heldout,
real_moleculenet_lipophilicity,llambo_warmstart_domain_knowledge_polar_surface_control_noprior,29123,93.75,93.75,0.0,1,heldout,
real_moleculenet_lipophilicity,llambo_warmstart_selector,29123,93.75,93.75,0.0,1,heldout,llambo_warmstart_domain_knowledge_polar_surface_control_noprior
real_moleculenet_lipophilicity,llm_calibrated_selector,29123,90.0,88.05,3.75,0,heldout,llm_semantic_domain_knowledge_polar_surface_control_noprior
real_moleculenet_lipophilicity,llm_direct_prior_domain_knowledge_polar_surface_control_noprior,29123,88.75,85.6,5.0,0,heldout,
real_moleculenet_lipophilicity,llm_direct_prior_selector,29123,88.75,85.6,5.0,0,heldout,llm_direct_prior_domain_knowledge_polar_surface_control_noprior
real_moleculenet_lipophilicity,llm_semantic_domain_knowledge_polar_surface_control_noprior,29123,90.0,88.05,3.75,0,heldout,
real_moleculenet_lipophilicity,mixed_kernel_gp_ei,29123,93.75,92.35,0.0,1,heldout,
real_moleculenet_lipophilicity,target_acquisition_portfolio,29123,87.5,85.5,6.25,0,heldout,
real_moleculenet_lipophilicity,care_strategy_router,29124,93.75,89.125,0.0,1,heldout,llm_semantic_domain_knowledge_polar_surface_control_noprior
real_moleculenet_lipophilicity,gp_ucb,29124,91.25,83.275,2.5,0,heldout,
real_moleculenet_lipophilicity,llambo_warmstart_domain_knowledge_polar_surface_control_noprior,29124,81.25,78.5875,12.5,0,heldout,
real_moleculenet_lipophilicity,llambo_warmstart_selector,29124,81.25,78.5875,12.5,0,heldout,llambo_warmstart_domain_knowledge_polar_surface_control_noprior
real_moleculenet_lipophilicity,llm_calibrated_selector,29124,93.75,89.125,0.0,1,heldout,llm_semantic_domain_knowledge_polar_surface_control_noprior
real_moleculenet_lipophilicity,llm_direct_prior_domain_knowledge_polar_surface_control_noprior,29124,88.625,87.525,5.125,0,heldout,
real_moleculenet_lipophilicity,llm_direct_prior_selector,29124,88.625,87.525,5.125,0,heldout,llm_direct_prior_domain_knowledge_polar_surface_control_noprior
real_moleculenet_lipophilicity,llm_semantic_domain_knowledge_polar_surface_control_noprior,29124,93.75,89.125,0.0,1,heldout,
real_moleculenet_lipophilicity,mixed_kernel_gp_ei,29124,91.25,86.0125,2.5,0,heldout,
real_moleculenet_lipophilicity,target_acquisition_portfolio,29124,93.75,88.2625,0.0,1,heldout,
real_moleculenet_lipophilicity,care_strategy_router,29125,90.0,89.0375,3.75,0,heldout,llm_semantic_domain_knowledge_polar_surface_control_noprior
real_moleculenet_lipophilicity,gp_ucb,29125,83.75,81.325,10.0,0,heldout,
real_moleculenet_lipophilicity,llambo_warmstart_domain_knowledge_polar_surface_control_noprior,29125,90.0,83.575,3.75,0,heldout,
real_moleculenet_lipophilicity,llambo_warmstart_selector,29125,90.0,83.575,3.75,0,heldout,llambo_warmstart_domain_knowledge_polar_surface_control_noprior
real_moleculenet_lipophilicity,llm_calibrated_selector,29125,90.0,89.0375,3.75,0,heldout,llm_semantic_domain_knowledge_polar_surface_control_noprior
real_moleculenet_lipophilicity,llm_direct_prior_domain_knowledge_polar_surface_control_noprior,29125,87.5,84.225,6.25,0,heldout,
real_moleculenet_lipophilicity,llm_direct_prior_selector,29125,87.5,84.225,6.25,0,heldout,llm_direct_prior_domain_knowledge_polar_surface_control_noprior
real_moleculenet_lipophilicity,llm_semantic_domain_knowledge_polar_surface_control_noprior,29125,90.0,89.0375,3.75,0,heldout,
real_moleculenet_lipophilicity,mixed_kernel_gp_ei,29125,83.75,81.575,10.0,0,heldout,
real_moleculenet_lipophilicity,target_acquisition_portfolio,29125,81.25,81.075,12.5,0,heldout,
real_moleculenet_lipophilicity,care_strategy_router,29126,93.75,91.9875,0.0,1,heldout,llm_semantic_domain_knowledge_polar_surface_control_noprior
real_moleculenet_lipophilicity,gp_ucb,29126,88.75,86.75,5.0,0,heldout,
real_moleculenet_lipophilicity,llambo_warmstart_domain_knowledge_polar_surface_control_noprior,29126,83.75,81.05,10.0,0,heldout,
real_moleculenet_lipophilicity,llambo_warmstart_selector,29126,83.75,81.05,10.0,0,heldout,llambo_warmstart_domain_knowledge_polar_surface_control_noprior
real_moleculenet_lipophilicity,llm_calibrated_selector,29126,93.75,91.9875,0.0,1,heldout,llm_semantic_domain_knowledge_polar_surface_control_noprior
real_moleculenet_lipophilicity,llm_direct_prior_domain_knowledge_polar_surface_control_noprior,29126,88.75,87.25,5.0,0,heldout,
real_moleculenet_lipophilicity,llm_direct_prior_selector,29126,88.75,87.25,5.0,0,heldout,llm_direct_prior_domain_knowledge_polar_surface_control_noprior
real_moleculenet_lipophilicity,llm_semantic_domain_knowledge_polar_surface_control_noprior,29126,93.75,91.9875,0.0,1,heldout,
real_moleculenet_lipophilicity,mixed_kernel_gp_ei,29126,87.375,86.4375,6.375,0,heldout,
real_moleculenet_lipophilicity,target_acquisition_portfolio,29126,87.375,86.4625,6.375,0,heldout,
real_moleculenet_lipophilicity,care_strategy_router,29127,88.625,87.95,5.125,0,heldout,llm_semantic_domain_knowledge_polar_surface_control_noprior
real_moleculenet_lipophilicity,gp_ucb,29127,88.625,86.7875,5.125,0,heldout,
real_moleculenet_lipophilicity,llambo_warmstart_domain_knowledge_polar_surface_control_noprior,29127,82.875,82.875,10.875,0,heldout,
real_moleculenet_lipophilicity,llambo_warmstart_selector,29127,82.875,82.875,10.875,0,heldout,llambo_warmstart_domain_knowledge_polar_surface_control_noprior
real_moleculenet_lipophilicity,llm_calibrated_selector,29127,88.625,87.95,5.125,0,heldout,llm_semantic_domain_knowledge_polar_surface_control_noprior
real_moleculenet_lipophilicity,llm_direct_prior_domain_knowledge_polar_surface_control_noprior,29127,87.25,86.9875,6.5,0,heldout,
real_moleculenet_lipophilicity,llm_direct_prior_selector,29127,87.25,86.9875,6.5,0,heldout,llm_direct_prior_domain_knowledge_polar_surface_control_noprior
real_moleculenet_lipophilicity,llm_semantic_domain_knowledge_polar_surface_control_noprior,29127,88.625,87.95,5.125,0,heldout,
real_moleculenet_lipophilicity,mixed_kernel_gp_ei,29127,87.5,86.35,6.25,0,heldout,
real_moleculenet_lipophilicity,target_acquisition_portfolio,29127,84.625,84.625,9.125,0,heldout,
real_moleculenet_lipophilicity,care_strategy_router,29128,90.0,88.5,3.75,0,heldout,llm_semantic_domain_knowledge_polar_surface_control_noprior
real_moleculenet_lipophilicity,gp_ucb,29128,90.75,86.15,3.0,0,heldout,
real_moleculenet_lipophilicity,llambo_warmstart_domain_knowledge_polar_surface_control_noprior,29128,93.75,93.75,0.0,1,heldout,
real_moleculenet_lipophilicity,llambo_warmstart_selector,29128,93.75,93.75,0.0,1,heldout,llambo_warmstart_domain_knowledge_polar_surface_control_noprior
real_moleculenet_lipophilicity,llm_calibrated_selector,29128,90.0,88.5,3.75,0,heldout,llm_semantic_domain_knowledge_polar_surface_control_noprior
real_moleculenet_lipophilicity,llm_direct_prior_domain_knowledge_polar_surface_control_noprior,29128,88.625,85.3625,5.125,0,heldout,
real_moleculenet_lipophilicity,llm_direct_prior_selector,29128,88.625,85.3625,5.125,0,heldout,llm_direct_prior_domain_knowledge_polar_surface_control_noprior
real_moleculenet_lipophilicity,llm_semantic_domain_knowledge_polar_surface_control_noprior,29128,90.0,88.5,3.75,0,heldout,
real_moleculenet_lipophilicity,mixed_kernel_gp_ei,29128,93.75,91.125,0.0,1,heldout,
real_moleculenet_lipophilicity,target_acquisition_portfolio,29128,93.75,91.125,0.0,1,heldout,
real_moleculenet_lipophilicity,care_strategy_router,29129,93.75,86.625,0.0,1,heldout,llm_semantic_domain_knowledge_polar_surface_control_noprior
real_moleculenet_lipophilicity,gp_ucb,29129,91.25,84.6125,2.5,0,heldout,
real_moleculenet_lipophilicity,llambo_warmstart_domain_knowledge_polar_surface_control_noprior,29129,93.75,83.0,0.0,1,heldout,
real_moleculenet_lipophilicity,llambo_warmstart_selector,29129,93.75,83.0,0.0,1,heldout,llambo_warmstart_domain_knowledge_polar_surface_control_noprior
real_moleculenet_lipophilicity,llm_calibrated_selector,29129,93.75,86.625,0.0,1,heldout,llm_semantic_domain_knowledge_polar_surface_control_noprior
real_moleculenet_lipophilicity,llm_direct_prior_domain_knowledge_polar_surface_control_noprior,29129,80.0,78.5,13.75,0,heldout,
real_moleculenet_lipophilicity,llm_direct_prior_selector,29129,80.0,78.5,13.75,0,heldout,llm_direct_prior_domain_knowledge_polar_surface_control_noprior
real_moleculenet_lipophilicity,llm_semantic_domain_knowledge_polar_surface_control_noprior,29129,93.75,86.625,0.0,1,heldout,
real_moleculenet_lipophilicity,mixed_kernel_gp_ei,29129,85.0,84.25,8.75,0,heldout,
real_moleculenet_lipophilicity,target_acquisition_portfolio,29129,85.0,84.25,8.75,0,heldout,
real_moleculenet_lipophilicity,care_strategy_router,29130,90.0,84.8875,3.75,0,heldout,llm_semantic_domain_knowledge_polar_surface_control_noprior
real_moleculenet_lipophilicity,gp_ucb,29130,82.625,77.1375,11.125,0,heldout,
real_moleculenet_lipophilicity,llambo_warmstart_domain_knowledge_polar_surface_control_noprior,29130,87.5,84.45,6.25,0,heldout,
real_moleculenet_lipophilicity,llambo_warmstart_selector,29130,87.5,84.45,6.25,0,heldout,llambo_warmstart_domain_knowledge_polar_surface_control_noprior
real_moleculenet_lipophilicity,llm_calibrated_selector,29130,90.0,84.8875,3.75,0,heldout,llm_semantic_domain_knowledge_polar_surface_control_noprior
real_moleculenet_lipophilicity,llm_direct_prior_domain_knowledge_polar_surface_control_noprior,29130,87.25,81.825,6.5,0,heldout,
real_moleculenet_lipophilicity,llm_direct_prior_selector,29130,87.25,81.825,6.5,0,heldout,llm_direct_prior_domain_knowledge_polar_surface_control_noprior
real_moleculenet_lipophilicity,llm_semantic_domain_knowledge_polar_surface_control_noprior,29130,90.0,84.8875,3.75,0,heldout,
real_moleculenet_lipophilicity,mixed_kernel_gp_ei,29130,87.5,80.125,6.25,0,heldout,
real_moleculenet_lipophilicity,target_acquisition_portfolio,29130,88.25,74.6625,5.5,0,heldout,
real_moleculenet_lipophilicity,care_strategy_router,29131,93.75,87.75,0.0,1,heldout,llm_semantic_domain_knowledge_polar_surface_control_noprior
real_moleculenet_lipophilicity,gp_ucb,29131,93.75,93.75,0.0,1,heldout,
real_moleculenet_lipophilicity,llambo_warmstart_domain_knowledge_polar_surface_control_noprior,29131,93.75,93.75,0.0,1,heldout,
real_moleculenet_lipophilicity,llambo_warmstart_selector,29131,93.75,93.75,0.0,1,heldout,llambo_warmstart_domain_knowledge_polar_surface_control_noprior
real_moleculenet_lipophilicity,llm_calibrated_selector,29131,93.75,87.75,0.0,1,heldout,llm_semantic_domain_knowledge_polar_surface_control_noprior
real_moleculenet_lipophilicity,llm_direct_prior_domain_knowledge_polar_surface_control_noprior,29131,82.875,78.75,10.875,0,heldout,
real_moleculenet_lipophilicity,llm_direct_prior_selector,29131,82.875,78.75,10.875,0,heldout,llm_direct_prior_domain_knowledge_polar_surface_control_noprior
real_moleculenet_lipophilicity,llm_semantic_domain_knowledge_polar_surface_control_noprior,29131,93.75,87.75,0.0,1,heldout,
real_moleculenet_lipophilicity,mixed_kernel_gp_ei,29131,93.75,91.8375,0.0,1,heldout,
real_moleculenet_lipophilicity,target_acquisition_portfolio,29131,93.75,93.75,0.0,1,heldout,
real_moleculenet_lipophilicity,care_strategy_router,29132,82.625,80.4875,11.125,0,heldout,llm_semantic_domain_knowledge_polar_surface_control_noprior
real_moleculenet_lipophilicity,gp_ucb,29132,90.0,88.75,3.75,0,heldout,
real_moleculenet_lipophilicity,llambo_warmstart_domain_knowledge_polar_surface_control_noprior,29132,85.0,81.6875,8.75,0,heldout,
real_moleculenet_lipophilicity,llambo_warmstart_selector,29132,85.0,81.6875,8.75,0,heldout,llambo_warmstart_domain_knowledge_polar_surface_control_noprior
real_moleculenet_lipophilicity,llm_calibrated_selector,29132,82.625,80.4875,11.125,0,heldout,llm_semantic_domain_knowledge_polar_surface_control_noprior
real_moleculenet_lipophilicity,llm_direct_prior_domain_knowledge_polar_surface_control_noprior,29132,93.75,87.625,0.0,1,heldout,
real_moleculenet_lipophilicity,llm_direct_prior_selector,29132,93.75,87.625,0.0,1,heldout,llm_direct_prior_domain_knowledge_polar_surface_control_noprior
real_moleculenet_lipophilicity,llm_semantic_domain_knowledge_polar_surface_control_noprior,29132,82.625,80.4875,11.125,0,heldout,
real_moleculenet_lipophilicity,mixed_kernel_gp_ei,29132,90.0,88.4625,3.75,0,heldout,
real_moleculenet_lipophilicity,target_acquisition_portfolio,29132,87.125,78.9125,6.625,0,heldout,
real_moleculenet_lipophilicity,care_strategy_router,29133,88.625,88.125,5.125,0,heldout,llm_semantic_domain_knowledge_polar_surface_control_noprior
real_moleculenet_lipophilicity,gp_ucb,29133,90.0,85.7,3.75,0,heldout,
real_moleculenet_lipophilicity,llambo_warmstart_domain_knowledge_polar_surface_control_noprior,29133,93.75,93.75,0.0,1,heldout,
real_moleculenet_lipophilicity,llambo_warmstart_selector,29133,93.75,93.75,0.0,1,heldout,llambo_warmstart_domain_knowledge_polar_surface_control_noprior
real_moleculenet_lipophilicity,llm_calibrated_selector,29133,88.625,88.125,5.125,0,heldout,llm_semantic_domain_knowledge_polar_surface_control_noprior
real_moleculenet_lipophilicity,llm_direct_prior_domain_knowledge_polar_surface_control_noprior,29133,84.625,84.625,9.125,0,heldout,
real_moleculenet_lipophilicity,llm_direct_prior_selector,29133,84.625,84.625,9.125,0,heldout,llm_direct_prior_domain_knowledge_polar_surface_control_noprior
real_moleculenet_lipophilicity,llm_semantic_domain_knowledge_polar_surface_control_noprior,29133,88.625,88.125,5.125,0,heldout,
real_moleculenet_lipophilicity,mixed_kernel_gp_ei,29133,84.625,84.625,9.125,0,heldout,
real_moleculenet_lipophilicity,target_acquisition_portfolio,29133,90.0,85.1625,3.75,0,heldout,
real_moleculenet_lipophilicity,care_strategy_router,29134,93.75,93.75,0.0,1,heldout,llm_semantic_domain_knowledge_polar_surface_control_noprior
real_moleculenet_lipophilicity,gp_ucb,29134,90.0,90.0,3.75,0,heldout,
real_moleculenet_lipophilicity,llambo_warmstart_domain_knowledge_polar_surface_control_noprior,29134,93.75,93.75,0.0,1,heldout,
real_moleculenet_lipophilicity,llambo_warmstart_selector,29134,93.75,93.75,0.0,1,heldout,llambo_warmstart_domain_knowledge_polar_surface_control_noprior
real_moleculenet_lipophilicity,llm_calibrated_selector,29134,93.75,93.75,0.0,1,heldout,llm_semantic_domain_knowledge_polar_surface_control_noprior
real_moleculenet_lipophilicity,llm_direct_prior_domain_knowledge_polar_surface_control_noprior,29134,90.0,90.0,3.75,0,heldout,
real_moleculenet_lipophilicity,llm_direct_prior_selector,29134,90.0,90.0,3.75,0,heldout,llm_direct_prior_domain_knowledge_polar_surface_control_noprior
real_moleculenet_lipophilicity,llm_semantic_domain_knowledge_polar_surface_control_noprior,29134,93.75,93.75,0.0,1,heldout,
real_moleculenet_lipophilicity,mixed_kernel_gp_ei,29134,90.0,90.0,3.75,0,heldout,
real_moleculenet_lipophilicity,target_acquisition_portfolio,29134,90.0,90.0,3.75,0,heldout,
real_moleculenet_lipophilicity,care_strategy_router,29135,89.625,87.45,4.125,0,heldout,llm_semantic_domain_knowledge_polar_surface_control_noprior
real_moleculenet_lipophilicity,gp_ucb,29135,82.5,80.25,11.25,0,heldout,
real_moleculenet_lipophilicity,llambo_warmstart_domain_knowledge_polar_surface_control_noprior,29135,84.25,73.9625,9.5,0,heldout,
real_moleculenet_lipophilicity,llambo_warmstart_selector,29135,84.25,73.9625,9.5,0,heldout,llambo_warmstart_domain_knowledge_polar_surface_control_noprior
real_moleculenet_lipophilicity,llm_calibrated_selector,29135,89.625,87.45,4.125,0,heldout,llm_semantic_domain_knowledge_polar_surface_control_noprior
real_moleculenet_lipophilicity,llm_direct_prior_domain_knowledge_polar_surface_control_noprior,29135,88.75,80.975,5.0,0,heldout,
real_moleculenet_lipophilicity,llm_direct_prior_selector,29135,88.75,80.975,5.0,0,heldout,llm_direct_prior_domain_knowledge_polar_surface_control_noprior
real_moleculenet_lipophilicity,llm_semantic_domain_knowledge_polar_surface_control_noprior,29135,89.625,87.45,4.125,0,heldout,
real_moleculenet_lipophilicity,mixed_kernel_gp_ei,29135,78.75,78.75,15.0,0,heldout,
real_moleculenet_lipophilicity,target_acquisition_portfolio,29135,82.5,80.25,11.25,0,heldout,
real_moleculenet_lipophilicity,care_strategy_router,29136,88.75,86.5,5.0,0,heldout,llm_semantic_domain_knowledge_polar_surface_control_noprior
real_moleculenet_lipophilicity,gp_ucb,29136,83.75,82.575,10.0,0,heldout,
real_moleculenet_lipophilicity,llambo_warmstart_domain_knowledge_polar_surface_control_noprior,29136,93.75,93.75,0.0,1,heldout,
real_moleculenet_lipophilicity,llambo_warmstart_selector,29136,93.75,93.75,0.0,1,heldout,llambo_warmstart_domain_knowledge_polar_surface_control_noprior
real_moleculenet_lipophilicity,llm_calibrated_selector,29136,88.75,86.5,5.0,0,heldout,llm_semantic_domain_knowledge_polar_surface_control_noprior
real_moleculenet_lipophilicity,llm_direct_prior_domain_knowledge_polar_surface_control_noprior,29136,82.75,81.55,11.0,0,heldout,
real_moleculenet_lipophilicity,llm_direct_prior_selector,29136,82.75,81.55,11.0,0,heldout,llm_direct_prior_domain_knowledge_polar_surface_control_noprior
real_moleculenet_lipophilicity,llm_semantic_domain_knowledge_polar_surface_control_noprior,29136,88.75,86.5,5.0,0,heldout,
real_moleculenet_lipophilicity,mixed_kernel_gp_ei,29136,83.75,82.575,10.0,0,heldout,
real_moleculenet_lipophilicity,target_acquisition_portfolio,29136,83.75,82.575,10.0,0,heldout,
real_moleculenet_lipophilicity,care_strategy_router,29137,82.5,78.25,11.25,0,heldout,llm_semantic_domain_knowledge_polar_surface_control_noprior
real_moleculenet_lipophilicity,gp_ucb,29137,91.25,79.3625,2.5,0,heldout,
real_moleculenet_lipophilicity,llambo_warmstart_domain_knowledge_polar_surface_control_noprior,29137,84.75,83.6,9.0,0,heldout,
real_moleculenet_lipophilicity,llambo_warmstart_selector,29137,84.75,83.6,9.0,0,heldout,llambo_warmstart_domain_knowledge_polar_surface_control_noprior
real_moleculenet_lipophilicity,llm_calibrated_selector,29137,82.5,78.25,11.25,0,heldout,llm_semantic_domain_knowledge_polar_surface_control_noprior
real_moleculenet_lipophilicity,llm_direct_prior_domain_knowledge_polar_surface_control_noprior,29137,86.25,83.0875,7.5,0,heldout,
real_moleculenet_lipophilicity,llm_direct_prior_selector,29137,86.25,83.0875,7.5,0,heldout,llm_direct_prior_domain_knowledge_polar_surface_control_noprior
real_moleculenet_lipophilicity,llm_semantic_domain_knowledge_polar_surface_control_noprior,29137,82.5,78.25,11.25,0,heldout,
real_moleculenet_lipophilicity,mixed_kernel_gp_ei,29137,86.75,81.0375,7.0,0,heldout,
real_moleculenet_lipophilicity,target_acquisition_portfolio,29137,86.75,81.0375,7.0,0,heldout,
real_moleculenet_lipophilicity,care_strategy_router,29138,90.0,88.1625,3.75,0,heldout,llm_semantic_domain_knowledge_polar_surface_control_noprior
real_moleculenet_lipophilicity,gp_ucb,29138,82.875,82.675,10.875,0,heldout,
real_moleculenet_lipophilicity,llambo_warmstart_domain_knowledge_polar_surface_control_noprior,29138,93.75,90.4125,0.0,1,heldout,
real_moleculenet_lipophilicity,llambo_warmstart_selector,29138,93.75,90.4125,0.0,1,heldout,llambo_warmstart_domain_knowledge_polar_surface_control_noprior
real_moleculenet_lipophilicity,llm_calibrated_selector,29138,90.0,88.1625,3.75,0,heldout,llm_semantic_domain_knowledge_polar_surface_control_noprior
real_moleculenet_lipophilicity,llm_direct_prior_domain_knowledge_polar_surface_control_noprior,29138,82.875,82.575,10.875,0,heldout,
real_moleculenet_lipophilicity,llm_direct_prior_selector,29138,82.875,82.575,10.875,0,heldout,llm_direct_prior_domain_knowledge_polar_surface_control_noprior
real_moleculenet_lipophilicity,llm_semantic_domain_knowledge_polar_surface_control_noprior,29138,90.0,88.1625,3.75,0,heldout,
real_moleculenet_lipophilicity,mixed_kernel_gp_ei,29138,82.875,82.675,10.875,0,heldout,
real_moleculenet_lipophilicity,target_acquisition_portfolio,29138,86.25,84.3625,7.5,0,heldout,
real_moleculenet_lipophilicity,care_strategy_router,29139,87.375,86.8875,6.375,0,heldout,llm_semantic_domain_knowledge_polar_surface_control_noprior
real_moleculenet_lipophilicity,gp_ucb,29139,91.875,83.925,1.875,0,heldout,
real_moleculenet_lipophilicity,llambo_warmstart_domain_knowledge_polar_surface_control_noprior,29139,90.0,86.2875,3.75,0,heldout,
real_moleculenet_lipophilicity,llambo_warmstart_selector,29139,90.0,86.2875,3.75,0,heldout,llambo_warmstart_domain_knowledge_polar_surface_control_noprior
real_moleculenet_lipophilicity,llm_calibrated_selector,29139,87.375,86.8875,6.375,0,heldout,llm_semantic_domain_knowledge_polar_surface_control_noprior
real_moleculenet_lipophilicity,llm_direct_prior_domain_knowledge_polar_surface_control_noprior,29139,90.0,88.5,3.75,0,heldout,
real_moleculenet_lipophilicity,llm_direct_prior_selector,29139,90.0,88.5,3.75,0,heldout,llm_direct_prior_domain_knowledge_polar_surface_control_noprior
real_moleculenet_lipophilicity,llm_semantic_domain_knowledge_polar_surface_control_noprior,29139,87.375,86.8875,6.375,0,heldout,
real_moleculenet_lipophilicity,mixed_kernel_gp_ei,29139,86.875,86.875,6.875,0,heldout,
real_moleculenet_lipophilicity,target_acquisition_portfolio,29139,82.5,82.5,11.25,0,heldout,
real_moleculenet_lipophilicity,care_strategy_router,29140,93.75,93.725,0.0,1,heldout,llm_semantic_domain_knowledge_polar_surface_control_noprior
real_moleculenet_lipophilicity,gp_ucb,29140,93.5,93.5,0.25,1,heldout,
real_moleculenet_lipophilicity,llambo_warmstart_domain_knowledge_polar_surface_control_noprior,29140,93.5,91.0125,0.25,1,heldout,
real_moleculenet_lipophilicity,llambo_warmstart_selector,29140,93.5,91.0125,0.25,1,heldout,llambo_warmstart_domain_knowledge_polar_surface_control_noprior
real_moleculenet_lipophilicity,llm_calibrated_selector,29140,93.75,93.725,0.0,1,heldout,llm_semantic_domain_knowledge_polar_surface_control_noprior
real_moleculenet_lipophilicity,llm_direct_prior_domain_knowledge_polar_surface_control_noprior,29140,93.5,93.5,0.25,1,heldout,
real_moleculenet_lipophilicity,llm_direct_prior_selector,29140,93.5,93.5,0.25,1,heldout,llm_direct_prior_domain_knowledge_polar_surface_control_noprior
real_moleculenet_lipophilicity,llm_semantic_domain_knowledge_polar_surface_control_noprior,29140,93.75,93.725,0.0,1,heldout,
real_moleculenet_lipophilicity,mixed_kernel_gp_ei,29140,93.5,93.5,0.25,1,heldout,
real_moleculenet_lipophilicity,target_acquisition_portfolio,29140,93.5,93.5,0.25,1,heldout,
real_moleculenet_lipophilicity,care_strategy_router,29141,86.25,85.875,7.5,0,heldout,llm_semantic_domain_knowledge_polar_surface_control_noprior
real_moleculenet_lipophilicity,gp_ucb,29141,89.5,88.375,4.25,0,heldout,
real_moleculenet_lipophilicity,llambo_warmstart_domain_knowledge_polar_surface_control_noprior,29141,88.625,87.475,5.125,0,heldout,
real_moleculenet_lipophilicity,llambo_warmstart_selector,29141,88.625,87.475,5.125,0,heldout,llambo_warmstart_domain_knowledge_polar_surface_control_noprior
real_moleculenet_lipophilicity,llm_calibrated_selector,29141,86.25,85.875,7.5,0,heldout,llm_semantic_domain_knowledge_polar_surface_control_noprior
real_moleculenet_lipophilicity,llm_direct_prior_domain_knowledge_polar_surface_control_noprior,29141,85.0,85.0,8.75,0,heldout,
real_moleculenet_lipophilicity,llm_direct_prior_selector,29141,85.0,85.0,8.75,0,heldout,llm_direct_prior_domain_knowledge_polar_surface_control_noprior
real_moleculenet_lipophilicity,llm_semantic_domain_knowledge_polar_surface_control_noprior,29141,86.25,85.875,7.5,0,heldout,
real_moleculenet_lipophilicity,mixed_kernel_gp_ei,29141,87.25,87.25,6.5,0,heldout,
real_moleculenet_lipophilicity,target_acquisition_portfolio,29141,87.25,87.25,6.5,0,heldout,
real_moleculenet_lipophilicity,care_strategy_router,29142,93.5,90.7,0.25,1,heldout,llm_semantic_domain_knowledge_polar_surface_control_noprior
real_moleculenet_lipophilicity,gp_ucb,29142,82.875,80.1875,10.875,0,heldout,
real_moleculenet_lipophilicity,llambo_warmstart_domain_knowledge_polar_surface_control_noprior,29142,85.0,78.4125,8.75,0,heldout,
real_moleculenet_lipophilicity,llambo_warmstart_selector,29142,85.0,78.4125,8.75,0,heldout,llambo_warmstart_domain_knowledge_polar_surface_control_noprior
real_moleculenet_lipophilicity,llm_calibrated_selector,29142,93.5,90.7,0.25,1,heldout,llm_semantic_domain_knowledge_polar_surface_control_noprior
real_moleculenet_lipophilicity,llm_direct_prior_domain_knowledge_polar_surface_control_noprior,29142,87.25,87.25,6.5,0,heldout,
real_moleculenet_lipophilicity,llm_direct_prior_selector,29142,87.25,87.25,6.5,0,heldout,llm_direct_prior_domain_knowledge_polar_surface_control_noprior
real_moleculenet_lipophilicity,llm_semantic_domain_knowledge_polar_surface_control_noprior,29142,93.5,90.7,0.25,1,heldout,
real_moleculenet_lipophilicity,mixed_kernel_gp_ei,29142,82.875,81.425,10.875,0,heldout,
real_moleculenet_lipophilicity,target_acquisition_portfolio,29142,82.875,80.1875,10.875,0,heldout,
real_moleculenet_lipophilicity,care_strategy_router,29143,91.875,88.9125,1.875,0,heldout,llm_semantic_domain_knowledge_polar_surface_control_noprior
real_moleculenet_lipophilicity,gp_ucb,29143,92.125,89.5,1.625,0,heldout,
real_moleculenet_lipophilicity,llambo_warmstart_domain_knowledge_polar_surface_control_noprior,29143,88.25,84.0625,5.5,0,heldout,
real_moleculenet_lipophilicity,llambo_warmstart_selector,29143,88.25,84.0625,5.5,0,heldout,llambo_warmstart_domain_knowledge_polar_surface_control_noprior
real_moleculenet_lipophilicity,llm_calibrated_selector,29143,91.875,88.9125,1.875,0,heldout,llm_semantic_domain_knowledge_polar_surface_control_noprior
real_moleculenet_lipophilicity,llm_direct_prior_domain_knowledge_polar_surface_control_noprior,29143,85.25,85.25,8.5,0,heldout,
real_moleculenet_lipophilicity,llm_direct_prior_selector,29143,85.25,85.25,8.5,0,heldout,llm_direct_prior_domain_knowledge_polar_surface_control_noprior
real_moleculenet_lipophilicity,llm_semantic_domain_knowledge_polar_surface_control_noprior,29143,91.875,88.9125,1.875,0,heldout,
real_moleculenet_lipophilicity,mixed_kernel_gp_ei,29143,85.25,85.25,8.5,0,heldout,
real_moleculenet_lipophilicity,target_acquisition_portfolio,29143,92.125,89.5,1.625,0,heldout,
real_moleculenet_lipophilicity,care_strategy_router,29144,80.0,79.625,13.75,0,heldout,llm_semantic_domain_knowledge_polar_surface_control_noprior
real_moleculenet_lipophilicity,gp_ucb,29144,82.875,80.8125,10.875,0,heldout,
real_moleculenet_lipophilicity,llambo_warmstart_domain_knowledge_polar_surface_control_noprior,29144,88.75,84.375,5.0,0,heldout,
real_moleculenet_lipophilicity,llambo_warmstart_selector,29144,88.75,84.375,5.0,0,heldout,llambo_warmstart_domain_knowledge_polar_surface_control_noprior
real_moleculenet_lipophilicity,llm_calibrated_selector,29144,80.0,79.625,13.75,0,heldout,llm_semantic_domain_knowledge_polar_surface_control_noprior
real_moleculenet_lipophilicity,llm_direct_prior_domain_knowledge_polar_surface_control_noprior,29144,93.75,82.8,0.0,1,heldout,
real_moleculenet_lipophilicity,llm_direct_prior_selector,29144,93.75,82.8,0.0,1,heldout,llm_direct_prior_domain_knowledge_polar_surface_control_noprior
real_moleculenet_lipophilicity,llm_semantic_domain_knowledge_polar_surface_control_noprior,29144,80.0,79.625,13.75,0,heldout,
real_moleculenet_lipophilicity,mixed_kernel_gp_ei,29144,86.875,86.1875,6.875,0,heldout,
real_moleculenet_lipophilicity,target_acquisition_portfolio,29144,81.375,81.1125,12.375,0,heldout,
real_moleculenet_lipophilicity,care_strategy_router,29145,87.25,85.325,6.5,0,heldout,llm_semantic_domain_knowledge_polar_surface_control_noprior
real_moleculenet_lipophilicity,gp_ucb,29145,84.5,84.5,9.25,0,heldout,
real_moleculenet_lipophilicity,llambo_warmstart_domain_knowledge_polar_surface_control_noprior,29145,89.625,84.125,4.125,0,heldout,
real_moleculenet_lipophilicity,llambo_warmstart_selector,29145,89.625,84.125,4.125,0,heldout,llambo_warmstart_domain_knowledge_polar_surface_control_noprior
real_moleculenet_lipophilicity,llm_calibrated_selector,29145,87.25,85.325,6.5,0,heldout,llm_semantic_domain_knowledge_polar_surface_control_noprior
real_moleculenet_lipophilicity,llm_direct_prior_domain_knowledge_polar_surface_control_noprior,29145,93.75,89.675,0.0,1,heldout,
real_moleculenet_lipophilicity,llm_direct_prior_selector,29145,93.75,89.675,0.0,1,heldout,llm_direct_prior_domain_knowledge_polar_surface_control_noprior
real_moleculenet_lipophilicity,llm_semantic_domain_knowledge_polar_surface_control_noprior,29145,87.25,85.325,6.5,0,heldout,
real_moleculenet_lipophilicity,mixed_kernel_gp_ei,29145,84.5,84.5,9.25,0,heldout,
real_moleculenet_lipophilicity,target_acquisition_portfolio,29145,84.5,84.5,9.25,0,heldout,
real_moleculenet_lipophilicity,care_strategy_router,29146,87.375,86.15,6.375,0,heldout,llm_semantic_domain_knowledge_polar_surface_control_noprior
real_moleculenet_lipophilicity,gp_ucb,29146,93.5,92.275,0.25,1,heldout,
real_moleculenet_lipophilicity,llambo_warmstart_domain_knowledge_polar_surface_control_noprior,29146,93.75,93.75,0.0,1,heldout,
real_moleculenet_lipophilicity,llambo_warmstart_selector,29146,93.75,93.75,0.0,1,heldout,llambo_warmstart_domain_knowledge_polar_surface_control_noprior
real_moleculenet_lipophilicity,llm_calibrated_selector,29146,87.375,86.15,6.375,0,heldout,llm_semantic_domain_knowledge_polar_surface_control_noprior
real_moleculenet_lipophilicity,llm_direct_prior_domain_knowledge_polar_surface_control_noprior,29146,93.75,87.625,0.0,1,heldout,
real_moleculenet_lipophilicity,llm_direct_prior_selector,29146,93.75,87.625,0.0,1,heldout,llm_direct_prior_domain_knowledge_polar_surface_control_noprior
real_moleculenet_lipophilicity,llm_semantic_domain_knowledge_polar_surface_control_noprior,29146,87.375,86.15,6.375,0,heldout,
real_moleculenet_lipophilicity,mixed_kernel_gp_ei,29146,91.875,86.55,1.875,0,heldout,
real_moleculenet_lipophilicity,target_acquisition_portfolio,29146,85.75,83.95,8.0,0,heldout,
real_moleculenet_lipophilicity,care_strategy_router,29147,93.75,87.725,0.0,1,heldout,llm_semantic_domain_knowledge_polar_surface_control_noprior
real_moleculenet_lipophilicity,gp_ucb,29147,87.5,83.0125,6.25,0,heldout,
real_moleculenet_lipophilicity,llambo_warmstart_domain_knowledge_polar_surface_control_noprior,29147,93.75,87.7375,0.0,1,heldout,
real_moleculenet_lipophilicity,llambo_warmstart_selector,29147,93.75,87.7375,0.0,1,heldout,llambo_warmstart_domain_knowledge_polar_surface_control_noprior
real_moleculenet_lipophilicity,llm_calibrated_selector,29147,93.75,87.725,0.0,1,heldout,llm_semantic_domain_knowledge_polar_surface_control_noprior
real_moleculenet_lipophilicity,llm_direct_prior_domain_knowledge_polar_surface_control_noprior,29147,88.625,83.675,5.125,0,heldout,
real_moleculenet_lipophilicity,llm_direct_prior_selector,29147,88.625,83.675,5.125,0,heldout,llm_direct_prior_domain_knowledge_polar_surface_control_noprior
real_moleculenet_lipophilicity,llm_semantic_domain_knowledge_polar_surface_control_noprior,29147,93.75,87.725,0.0,1,heldout,
real_moleculenet_lipophilicity,mixed_kernel_gp_ei,29147,86.75,82.95,7.0,0,heldout,
real_moleculenet_lipophilicity,target_acquisition_portfolio,29147,87.5,82.15,6.25,0,heldout,
real_moleculenet_lipophilicity,care_strategy_router,29148,93.75,82.9625,0.0,1,heldout,llm_semantic_domain_knowledge_polar_surface_control_noprior
real_moleculenet_lipophilicity,gp_ucb,29148,85.5,85.5,8.25,0,heldout,
real_moleculenet_lipophilicity,llambo_warmstart_domain_knowledge_polar_surface_control_noprior,29148,87.5,85.4,6.25,0,heldout,
real_moleculenet_lipophilicity,llambo_warmstart_selector,29148,87.5,85.4,6.25,0,heldout,llambo_warmstart_domain_knowledge_polar_surface_control_noprior
real_moleculenet_lipophilicity,llm_calibrated_selector,29148,93.75,82.9625,0.0,1,heldout,llm_semantic_domain_knowledge_polar_surface_control_noprior
real_moleculenet_lipophilicity,llm_direct_prior_domain_knowledge_polar_surface_control_noprior,29148,86.25,82.9375,7.5,0,heldout,
real_moleculenet_lipophilicity,llm_direct_prior_selector,29148,86.25,82.9375,7.5,0,heldout,llm_direct_prior_domain_knowledge_polar_surface_control_noprior
real_moleculenet_lipophilicity,llm_semantic_domain_knowledge_polar_surface_control_noprior,29148,93.75,82.9625,0.0,1,heldout,
real_moleculenet_lipophilicity,mixed_kernel_gp_ei,29148,85.5,85.5,8.25,0,heldout,
real_moleculenet_lipophilicity,target_acquisition_portfolio,29148,85.5,85.5,8.25,0,heldout,
real_moleculenet_lipophilicity,care_strategy_router,29149,93.5,87.175,0.25,1,heldout,llm_semantic_domain_knowledge_polar_surface_control_noprior
real_moleculenet_lipophilicity,gp_ucb,29149,87.125,78.925,6.625,0,heldout,
real_moleculenet_lipophilicity,llambo_warmstart_domain_knowledge_polar_surface_control_noprior,29149,87.5,85.0,6.25,0,heldout,
real_moleculenet_lipophilicity,llambo_warmstart_selector,29149,87.5,85.0,6.25,0,heldout,llambo_warmstart_domain_knowledge_polar_surface_control_noprior
real_moleculenet_lipophilicity,llm_calibrated_selector,29149,93.5,87.175,0.25,1,heldout,llm_semantic_domain_knowledge_polar_surface_control_noprior
real_moleculenet_lipophilicity,llm_direct_prior_domain_knowledge_polar_surface_control_noprior,29149,93.75,87.3375,0.0,1,heldout,
real_moleculenet_lipophilicity,llm_direct_prior_selector,29149,93.75,87.3375,0.0,1,heldout,llm_direct_prior_domain_knowledge_polar_surface_control_noprior
real_moleculenet_lipophilicity,llm_semantic_domain_knowledge_polar_surface_control_noprior,29149,93.5,87.175,0.25,1,heldout,
real_moleculenet_lipophilicity,mixed_kernel_gp_ei,29149,87.125,81.4875,6.625,0,heldout,
real_moleculenet_lipophilicity,target_acquisition_portfolio,29149,82.75,78.225,11.0,0,heldout,
real_moleculenet_lipophilicity,care_strategy_router,29150,87.5,87.5,6.25,0,heldout,llm_semantic_domain_knowledge_polar_surface_control_noprior
real_moleculenet_lipophilicity,gp_ucb,29150,90.0,88.0,3.75,0,heldout,
real_moleculenet_lipophilicity,llambo_warmstart_domain_knowledge_polar_surface_control_noprior,29150,87.5,85.975,6.25,0,heldout,
real_moleculenet_lipophilicity,llambo_warmstart_selector,29150,87.5,85.975,6.25,0,heldout,llambo_warmstart_domain_knowledge_polar_surface_control_noprior
real_moleculenet_lipophilicity,llm_calibrated_selector,29150,87.5,87.5,6.25,0,heldout,llm_semantic_domain_knowledge_polar_surface_control_noprior
real_moleculenet_lipophilicity,llm_direct_prior_domain_knowledge_polar_surface_control_noprior,29150,87.5,87.5,6.25,0,heldout,
real_moleculenet_lipophilicity,llm_direct_prior_selector,29150,87.5,87.5,6.25,0,heldout,llm_direct_prior_domain_knowledge_polar_surface_control_noprior
real_moleculenet_lipophilicity,llm_semantic_domain_knowledge_polar_surface_control_noprior,29150,87.5,87.5,6.25,0,heldout,
real_moleculenet_lipophilicity,mixed_kernel_gp_ei,29150,90.0,88.25,3.75,0,heldout,
real_moleculenet_lipophilicity,target_acquisition_portfolio,29150,87.5,87.5,6.25,0,heldout,
real_moleculenet_lipophilicity,care_strategy_router,29151,91.875,87.55,1.875,0,heldout,llm_semantic_domain_knowledge_polar_surface_control_noprior
real_moleculenet_lipophilicity,gp_ucb,29151,87.125,85.45,6.625,0,heldout,
real_moleculenet_lipophilicity,llambo_warmstart_domain_knowledge_polar_surface_control_noprior,29151,93.75,93.75,0.0,1,heldout,
real_moleculenet_lipophilicity,llambo_warmstart_selector,29151,93.75,93.75,0.0,1,heldout,llambo_warmstart_domain_knowledge_polar_surface_control_noprior
real_moleculenet_lipophilicity,llm_calibrated_selector,29151,91.875,87.55,1.875,0,heldout,llm_semantic_domain_knowledge_polar_surface_control_noprior
real_moleculenet_lipophilicity,llm_direct_prior_domain_knowledge_polar_surface_control_noprior,29151,93.75,88.3375,0.0,1,heldout,
real_moleculenet_lipophilicity,llm_direct_prior_selector,29151,93.75,88.3375,0.0,1,heldout,llm_direct_prior_domain_knowledge_polar_surface_control_noprior
real_moleculenet_lipophilicity,llm_semantic_domain_knowledge_polar_surface_control_noprior,29151,91.875,87.55,1.875,0,heldout,
real_moleculenet_lipophilicity,mixed_kernel_gp_ei,29151,88.25,85.7125,5.5,0,heldout,
real_moleculenet_lipophilicity,target_acquisition_portfolio,29151,91.25,86.0875,2.5,0,heldout,
real_moleculenet_lipophilicity,care_strategy_router,29152,88.625,81.5,5.125,0,heldout,llm_semantic_domain_knowledge_polar_surface_control_noprior
real_moleculenet_lipophilicity,gp_ucb,29152,84.0,84.0,9.75,0,heldout,
real_moleculenet_lipophilicity,llambo_warmstart_domain_knowledge_polar_surface_control_noprior,29152,93.75,88.65,0.0,1,heldout,
real_moleculenet_lipophilicity,llambo_warmstart_selector,29152,93.75,88.65,0.0,1,heldout,llambo_warmstart_domain_knowledge_polar_surface_control_noprior
real_moleculenet_lipophilicity,llm_calibrated_selector,29152,88.625,81.5,5.125,0,heldout,llm_semantic_domain_knowledge_polar_surface_control_noprior
real_moleculenet_lipophilicity,llm_direct_prior_domain_knowledge_polar_surface_control_noprior,29152,80.0,79.75,13.75,0,heldout,
real_moleculenet_lipophilicity,llm_direct_prior_selector,29152,80.0,79.75,13.75,0,heldout,llm_direct_prior_domain_knowledge_polar_surface_control_noprior
real_moleculenet_lipophilicity,llm_semantic_domain_knowledge_polar_surface_control_noprior,29152,88.625,81.5,5.125,0,heldout,
real_moleculenet_lipophilicity,mixed_kernel_gp_ei,29152,89.0,81.3,4.75,0,heldout,
real_moleculenet_lipophilicity,target_acquisition_portfolio,29152,89.0,81.3,4.75,0,heldout,
real_moleculenet_lipophilicity,care_strategy_router,29153,88.625,87.9125,5.125,0,heldout,llm_semantic_domain_knowledge_polar_surface_control_noprior
real_moleculenet_lipophilicity,gp_ucb,29153,86.25,86.25,7.5,0,heldout,
real_moleculenet_lipophilicity,llambo_warmstart_domain_knowledge_polar_surface_control_noprior,29153,91.25,87.75,2.5,0,heldout,
real_moleculenet_lipophilicity,llambo_warmstart_selector,29153,91.25,87.75,2.5,0,heldout,llambo_warmstart_domain_knowledge_polar_surface_control_noprior
real_moleculenet_lipophilicity,llm_calibrated_selector,29153,88.625,87.9125,5.125,0,heldout,llm_semantic_domain_knowledge_polar_surface_control_noprior
real_moleculenet_lipophilicity,llm_direct_prior_domain_knowledge_polar_surface_control_noprior,29153,88.625,88.15,5.125,0,heldout,
real_moleculenet_lipophilicity,llm_direct_prior_selector,29153,88.625,88.15,5.125,0,heldout,llm_direct_prior_domain_knowledge_polar_surface_control_noprior
real_moleculenet_lipophilicity,llm_semantic_domain_knowledge_polar_surface_control_noprior,29153,88.625,87.9125,5.125,0,heldout,
real_moleculenet_lipophilicity,mixed_kernel_gp_ei,29153,86.625,86.5875,7.125,0,heldout,
real_moleculenet_lipophilicity,target_acquisition_portfolio,29153,86.625,86.5875,7.125,0,heldout,
real_moleculenet_lipophilicity,care_strategy_router,29154,88.625,83.375,5.125,0,heldout,llm_semantic_domain_knowledge_polar_surface_control_noprior
real_moleculenet_lipophilicity,gp_ucb,29154,79.875,79.875,13.875,0,heldout,
real_moleculenet_lipophilicity,llambo_warmstart_domain_knowledge_polar_surface_control_noprior,29154,87.25,84.375,6.5,0,heldout,
real_moleculenet_lipophilicity,llambo_warmstart_selector,29154,87.25,84.375,6.5,0,heldout,llambo_warmstart_domain_knowledge_polar_surface_control_noprior
real_moleculenet_lipophilicity,llm_calibrated_selector,29154,88.625,83.375,5.125,0,heldout,llm_semantic_domain_knowledge_polar_surface_control_noprior
real_moleculenet_lipophilicity,llm_direct_prior_domain_knowledge_polar_surface_control_noprior,29154,86.25,86.25,7.5,0,heldout,
real_moleculenet_lipophilicity,llm_direct_prior_selector,29154,86.25,86.25,7.5,0,heldout,llm_direct_prior_domain_knowledge_polar_surface_control_noprior
real_moleculenet_lipophilicity,llm_semantic_domain_knowledge_polar_surface_control_noprior,29154,88.625,83.375,5.125,0,heldout,
real_moleculenet_lipophilicity,mixed_kernel_gp_ei,29154,91.0,88.775,2.75,0,heldout,
real_moleculenet_lipophilicity,target_acquisition_portfolio,29154,91.0,87.6625,2.75,0,heldout,
real_moleculenet_lipophilicity,care_strategy_router,29155,93.5,89.175,0.25,1,heldout,llm_semantic_domain_knowledge_polar_surface_control_noprior
real_moleculenet_lipophilicity,gp_ucb,29155,88.75,84.2875,5.0,0,heldout,
real_moleculenet_lipophilicity,llambo_warmstart_domain_knowledge_polar_surface_control_noprior,29155,76.25,74.95,17.5,0,heldout,
real_moleculenet_lipophilicity,llambo_warmstart_selector,29155,76.25,74.95,17.5,0,heldout,llambo_warmstart_domain_knowledge_polar_surface_control_noprior
real_moleculenet_lipophilicity,llm_calibrated_selector,29155,93.5,89.175,0.25,1,heldout,llm_semantic_domain_knowledge_polar_surface_control_noprior
real_moleculenet_lipophilicity,llm_direct_prior_domain_knowledge_polar_surface_control_noprior,29155,93.75,87.6625,0.0,1,heldout,
real_moleculenet_lipophilicity,llm_direct_prior_selector,29155,93.75,87.6625,0.0,1,heldout,llm_direct_prior_domain_knowledge_polar_surface_control_noprior
real_moleculenet_lipophilicity,llm_semantic_domain_knowledge_polar_surface_control_noprior,29155,93.5,89.175,0.25,1,heldout,
real_moleculenet_lipophilicity,mixed_kernel_gp_ei,29155,88.75,84.2875,5.0,0,heldout,
real_moleculenet_lipophilicity,target_acquisition_portfolio,29155,88.75,84.2875,5.0,0,heldout,
real_moleculenet_lipophilicity,care_strategy_router,29156,87.5,85.3875,6.25,0,heldout,llm_semantic_domain_knowledge_polar_surface_control_noprior
real_moleculenet_lipophilicity,gp_ucb,29156,88.625,86.975,5.125,0,heldout,
real_moleculenet_lipophilicity,llambo_warmstart_domain_knowledge_polar_surface_control_noprior,29156,87.5,84.1625,6.25,0,heldout,
real_moleculenet_lipophilicity,llambo_warmstart_selector,29156,87.5,84.1625,6.25,0,heldout,llambo_warmstart_domain_knowledge_polar_surface_control_noprior
real_moleculenet_lipophilicity,llm_calibrated_selector,29156,87.5,85.3875,6.25,0,heldout,llm_semantic_domain_knowledge_polar_surface_control_noprior
real_moleculenet_lipophilicity,llm_direct_prior_domain_knowledge_polar_surface_control_noprior,29156,88.75,86.7625,5.0,0,heldout,
real_moleculenet_lipophilicity,llm_direct_prior_selector,29156,88.75,86.7625,5.0,0,heldout,llm_direct_prior_domain_knowledge_polar_surface_control_noprior
real_moleculenet_lipophilicity,llm_semantic_domain_knowledge_polar_surface_control_noprior,29156,87.5,85.3875,6.25,0,heldout,
real_moleculenet_lipophilicity,mixed_kernel_gp_ei,29156,87.5,86.75,6.25,0,heldout,
real_moleculenet_lipophilicity,target_acquisition_portfolio,29156,88.625,86.975,5.125,0,heldout,
real_moleculenet_lipophilicity,care_strategy_router,29157,93.75,92.9375,0.0,1,heldout,llm_semantic_domain_knowledge_polar_surface_control_noprior
real_moleculenet_lipophilicity,gp_ucb,29157,93.75,88.4375,0.0,1,heldout,
real_moleculenet_lipophilicity,llambo_warmstart_domain_knowledge_polar_surface_control_noprior,29157,88.75,86.65,5.0,0,heldout,
real_moleculenet_lipophilicity,llambo_warmstart_selector,29157,88.75,86.65,5.0,0,heldout,llambo_warmstart_domain_knowledge_polar_surface_control_noprior
real_moleculenet_lipophilicity,llm_calibrated_selector,29157,93.75,92.9375,0.0,1,heldout,llm_semantic_domain_knowledge_polar_surface_control_noprior
real_moleculenet_lipophilicity,llm_direct_prior_domain_knowledge_polar_surface_control_noprior,29157,88.125,81.85,5.625,0,heldout,
real_moleculenet_lipophilicity,llm_direct_prior_selector,29157,88.125,81.85,5.625,0,heldout,llm_direct_prior_domain_knowledge_polar_surface_control_noprior
real_moleculenet_lipophilicity,llm_semantic_domain_knowledge_polar_surface_control_noprior,29157,93.75,92.9375,0.0,1,heldout,
real_moleculenet_lipophilicity,mixed_kernel_gp_ei,29157,91.25,89.9125,2.5,0,heldout,
real_moleculenet_lipophilicity,target_acquisition_portfolio,29157,88.75,86.5,5.0,0,heldout,
real_moleculenet_lipophilicity,care_strategy_router,29158,83.125,78.725,10.625,0,heldout,llm_semantic_domain_knowledge_polar_surface_control_noprior
real_moleculenet_lipophilicity,gp_ucb,29158,82.0,80.975,11.75,0,heldout,
real_moleculenet_lipophilicity,llambo_warmstart_domain_knowledge_polar_surface_control_noprior,29158,78.625,76.275,15.125,0,heldout,
real_moleculenet_lipophilicity,llambo_warmstart_selector,29158,78.625,76.275,15.125,0,heldout,llambo_warmstart_domain_knowledge_polar_surface_control_noprior
real_moleculenet_lipophilicity,llm_calibrated_selector,29158,83.125,78.725,10.625,0,heldout,llm_semantic_domain_knowledge_polar_surface_control_noprior
real_moleculenet_lipophilicity,llm_direct_prior_domain_knowledge_polar_surface_control_noprior,29158,88.625,81.725,5.125,0,heldout,
real_moleculenet_lipophilicity,llm_direct_prior_selector,29158,88.625,81.725,5.125,0,heldout,llm_direct_prior_domain_knowledge_polar_surface_control_noprior
real_moleculenet_lipophilicity,llm_semantic_domain_knowledge_polar_surface_control_noprior,29158,83.125,78.725,10.625,0,heldout,
real_moleculenet_lipophilicity,mixed_kernel_gp_ei,29158,82.5,82.5,11.25,0,heldout,
real_moleculenet_lipophilicity,target_acquisition_portfolio,29158,92.375,85.0375,1.375,0,heldout,
real_moleculenet_lipophilicity,care_strategy_router,29159,88.625,84.4875,5.125,0,heldout,llm_semantic_domain_knowledge_polar_surface_control_noprior
real_moleculenet_lipophilicity,gp_ucb,29159,90.0,88.5875,3.75,0,heldout,
real_moleculenet_lipophilicity,llambo_warmstart_domain_knowledge_polar_surface_control_noprior,29159,78.625,77.3875,15.125,0,heldout,
real_moleculenet_lipophilicity,llambo_warmstart_selector,29159,78.625,77.3875,15.125,0,heldout,llambo_warmstart_domain_knowledge_polar_surface_control_noprior
real_moleculenet_lipophilicity,llm_calibrated_selector,29159,88.625,84.4875,5.125,0,heldout,llm_semantic_domain_knowledge_polar_surface_control_noprior
real_moleculenet_lipophilicity,llm_direct_prior_domain_knowledge_polar_surface_control_noprior,29159,88.625,86.075,5.125,0,heldout,
real_moleculenet_lipophilicity,llm_direct_prior_selector,29159,88.625,86.075,5.125,0,heldout,llm_direct_prior_domain_knowledge_polar_surface_control_noprior
real_moleculenet_lipophilicity,llm_semantic_domain_knowledge_polar_surface_control_noprior,29159,88.625,84.4875,5.125,0,heldout,
real_moleculenet_lipophilicity,mixed_kernel_gp_ei,29159,90.0,88.5875,3.75,0,heldout,
real_moleculenet_lipophilicity,target_acquisition_portfolio,29159,90.0,88.5875,3.75,0,heldout,
real_moleculenet_lipophilicity,care_strategy_router,29160,88.625,85.125,5.125,0,heldout,llm_semantic_domain_knowledge_polar_surface_control_noprior
real_moleculenet_lipophilicity,gp_ucb,29160,84.75,83.65,9.0,0,heldout,
real_moleculenet_lipophilicity,llambo_warmstart_domain_knowledge_polar_surface_control_noprior,29160,90.0,83.375,3.75,0,heldout,
real_moleculenet_lipophilicity,llambo_warmstart_selector,29160,90.0,83.375,3.75,0,heldout,llambo_warmstart_domain_knowledge_polar_surface_control_noprior
real_moleculenet_lipophilicity,llm_calibrated_selector,29160,88.625,85.125,5.125,0,heldout,llm_semantic_domain_knowledge_polar_surface_control_noprior
real_moleculenet_lipophilicity,llm_direct_prior_domain_knowledge_polar_surface_control_noprior,29160,88.625,85.4375,5.125,0,heldout,
real_moleculenet_lipophilicity,llm_direct_prior_selector,29160,88.625,85.4375,5.125,0,heldout,llm_direct_prior_domain_knowledge_polar_surface_control_noprior
real_moleculenet_lipophilicity,llm_semantic_domain_knowledge_polar_surface_control_noprior,29160,88.625,85.125,5.125,0,heldout,
real_moleculenet_lipophilicity,mixed_kernel_gp_ei,29160,82.0,82.0,11.75,0,heldout,
real_moleculenet_lipophilicity,target_acquisition_portfolio,29160,88.625,83.8625,5.125,0,heldout,
real_moleculenet_lipophilicity,care_strategy_router,29161,85.0,84.0375,8.75,0,heldout,llm_semantic_domain_knowledge_polar_surface_control_noprior
real_moleculenet_lipophilicity,gp_ucb,29161,77.625,77.625,16.125,0,heldout,
real_moleculenet_lipophilicity,llambo_warmstart_domain_knowledge_polar_surface_control_noprior,29161,88.625,84.7375,5.125,0,heldout,
real_moleculenet_lipophilicity,llambo_warmstart_selector,29161,88.625,84.7375,5.125,0,heldout,llambo_warmstart_domain_knowledge_polar_surface_control_noprior
real_moleculenet_lipophilicity,llm_calibrated_selector,29161,85.0,84.0375,8.75,0,heldout,llm_semantic_domain_knowledge_polar_surface_control_noprior
real_moleculenet_lipophilicity,llm_direct_prior_domain_knowledge_polar_surface_control_noprior,29161,82.5,80.475,11.25,0,heldout,
real_moleculenet_lipophilicity,llm_direct_prior_selector,29161,82.5,80.475,11.25,0,heldout,llm_direct_prior_domain_knowledge_polar_surface_control_noprior
real_moleculenet_lipophilicity,llm_semantic_domain_knowledge_polar_surface_control_noprior,29161,85.0,84.0375,8.75,0,heldout,
real_moleculenet_lipophilicity,mixed_kernel_gp_ei,29161,78.75,77.7375,15.0,0,heldout,
real_moleculenet_lipophilicity,target_acquisition_portfolio,29161,82.5,81.625,11.25,0,heldout,
real_moleculenet_lipophilicity,care_strategy_router,29162,88.625,87.9125,5.125,0,heldout,llm_semantic_domain_knowledge_polar_surface_control_noprior
real_moleculenet_lipophilicity,gp_ucb,29162,86.25,86.25,7.5,0,heldout,
real_moleculenet_lipophilicity,llambo_warmstart_domain_knowledge_polar_surface_control_noprior,29162,87.375,85.5125,6.375,0,heldout,
real_moleculenet_lipophilicity,llambo_warmstart_selector,29162,87.375,85.5125,6.375,0,heldout,llambo_warmstart_domain_knowledge_polar_surface_control_noprior
real_moleculenet_lipophilicity,llm_calibrated_selector,29162,88.625,87.9125,5.125,0,heldout,llm_semantic_domain_knowledge_polar_surface_control_noprior
real_moleculenet_lipophilicity,llm_direct_prior_domain_knowledge_polar_surface_control_noprior,29162,88.625,88.625,5.125,0,heldout,
real_moleculenet_lipophilicity,llm_direct_prior_selector,29162,88.625,88.625,5.125,0,heldout,llm_direct_prior_domain_knowledge_polar_surface_control_noprior
real_moleculenet_lipophilicity,llm_semantic_domain_knowledge_polar_surface_control_noprior,29162,88.625,87.9125,5.125,0,heldout,
real_moleculenet_lipophilicity,mixed_kernel_gp_ei,29162,87.5,87.25,6.25,0,heldout,
real_moleculenet_lipophilicity,target_acquisition_portfolio,29162,88.625,87.425,5.125,0,heldout,
real_moleculenet_lipophilicity,care_strategy_router,29163,93.75,90.375,0.0,1,heldout,llm_semantic_domain_knowledge_polar_surface_control_noprior
real_moleculenet_lipophilicity,gp_ucb,29163,88.625,87.1375,5.125,0,heldout,
real_moleculenet_lipophilicity,llambo_warmstart_domain_knowledge_polar_surface_control_noprior,29163,82.0,79.4,11.75,0,heldout,
real_moleculenet_lipophilicity,llambo_warmstart_selector,29163,82.0,79.4,11.75,0,heldout,llambo_warmstart_domain_knowledge_polar_surface_control_noprior
real_moleculenet_lipophilicity,llm_calibrated_selector,29163,93.75,90.375,0.0,1,heldout,llm_semantic_domain_knowledge_polar_surface_control_noprior
real_moleculenet_lipophilicity,llm_direct_prior_domain_knowledge_polar_surface_control_noprior,29163,88.625,80.9125,5.125,0,heldout,
real_moleculenet_lipophilicity,llm_direct_prior_selector,29163,88.625,80.9125,5.125,0,heldout,llm_direct_prior_domain_knowledge_polar_surface_control_noprior
real_moleculenet_lipophilicity,llm_semantic_domain_knowledge_polar_surface_control_noprior,29163,93.75,90.375,0.0,1,heldout,
real_moleculenet_lipophilicity,mixed_kernel_gp_ei,29163,88.625,86.8875,5.125,0,heldout,
real_moleculenet_lipophilicity,target_acquisition_portfolio,29163,88.625,87.1375,5.125,0,heldout,
real_moleculenet_lipophilicity,care_strategy_router,29164,93.75,93.0375,0.0,1,heldout,llm_semantic_domain_knowledge_polar_surface_control_noprior
real_moleculenet_lipophilicity,gp_ucb,29164,86.625,86.625,7.125,0,heldout,
real_moleculenet_lipophilicity,llambo_warmstart_domain_knowledge_polar_surface_control_noprior,29164,93.75,90.1625,0.0,1,heldout,
real_moleculenet_lipophilicity,llambo_warmstart_selector,29164,93.75,90.1625,0.0,1,heldout,llambo_warmstart_domain_knowledge_polar_surface_control_noprior
real_moleculenet_lipophilicity,llm_calibrated_selector,29164,93.75,93.0375,0.0,1,heldout,llm_semantic_domain_knowledge_polar_surface_control_noprior
real_moleculenet_lipophilicity,llm_direct_prior_domain_knowledge_polar_surface_control_noprior,29164,88.625,86.825,5.125,0,heldout,
real_moleculenet_lipophilicity,llm_direct_prior_selector,29164,88.625,86.825,5.125,0,heldout,llm_direct_prior_domain_knowledge_polar_surface_control_noprior
real_moleculenet_lipophilicity,llm_semantic_domain_knowledge_polar_surface_control_noprior,29164,93.75,93.0375,0.0,1,heldout,
real_moleculenet_lipophilicity,mixed_kernel_gp_ei,29164,86.625,86.625,7.125,0,heldout,
real_moleculenet_lipophilicity,target_acquisition_portfolio,29164,86.625,86.625,7.125,0,heldout,
real_moleculenet_lipophilicity,care_strategy_router,29165,88.625,85.2125,5.125,0,heldout,llm_semantic_domain_knowledge_polar_surface_control_noprior
real_moleculenet_lipophilicity,gp_ucb,29165,86.375,84.1125,7.375,0,heldout,
real_moleculenet_lipophilicity,llambo_warmstart_domain_knowledge_polar_surface_control_noprior,29165,83.75,83.75,10.0,0,heldout,
real_moleculenet_lipophilicity,llambo_warmstart_selector,29165,83.75,83.75,10.0,0,heldout,llambo_warmstart_domain_knowledge_polar_surface_control_noprior
real_moleculenet_lipophilicity,llm_calibrated_selector,29165,88.625,85.2125,5.125,0,heldout,llm_semantic_domain_knowledge_polar_surface_control_noprior
real_moleculenet_lipophilicity,llm_direct_prior_domain_knowledge_polar_surface_control_noprior,29165,87.25,85.85,6.5,0,heldout,
real_moleculenet_lipophilicity,llm_direct_prior_selector,29165,87.25,85.85,6.5,0,heldout,llm_direct_prior_domain_knowledge_polar_surface_control_noprior
real_moleculenet_lipophilicity,llm_semantic_domain_knowledge_polar_surface_control_noprior,29165,88.625,85.2125,5.125,0,heldout,
real_moleculenet_lipophilicity,mixed_kernel_gp_ei,29165,86.375,84.1125,7.375,0,heldout,
real_moleculenet_lipophilicity,target_acquisition_portfolio,29165,86.125,84.0375,7.625,0,heldout,
real_moleculenet_lipophilicity,care_strategy_router,29166,89.0,89.0,4.75,0,heldout,llm_semantic_domain_knowledge_polar_surface_control_noprior
real_moleculenet_lipophilicity,gp_ucb,29166,89.0,89.0,4.75,0,heldout,
real_moleculenet_lipophilicity,llambo_warmstart_domain_knowledge_polar_surface_control_noprior,29166,88.25,85.175,5.5,0,heldout,
real_moleculenet_lipophilicity,llambo_warmstart_selector,29166,88.25,85.175,5.5,0,heldout,llambo_warmstart_domain_knowledge_polar_surface_control_noprior
real_moleculenet_lipophilicity,llm_calibrated_selector,29166,89.0,89.0,4.75,0,heldout,llm_semantic_domain_knowledge_polar_surface_control_noprior
real_moleculenet_lipophilicity,llm_direct_prior_domain_knowledge_polar_surface_control_noprior,29166,89.0,89.0,4.75,0,heldout,
real_moleculenet_lipophilicity,llm_direct_prior_selector,29166,89.0,89.0,4.75,0,heldout,llm_direct_prior_domain_knowledge_polar_surface_control_noprior
real_moleculenet_lipophilicity,llm_semantic_domain_knowledge_polar_surface_control_noprior,29166,89.0,89.0,4.75,0,heldout,
real_moleculenet_lipophilicity,mixed_kernel_gp_ei,29166,89.0,89.0,4.75,0,heldout,
real_moleculenet_lipophilicity,target_acquisition_portfolio,29166,91.875,90.4375,1.875,0,heldout,
real_moleculenet_lipophilicity,care_strategy_router,29167,93.75,93.75,0.0,1,heldout,llm_semantic_domain_knowledge_polar_surface_control_noprior
real_moleculenet_lipophilicity,gp_ucb,29167,91.25,91.25,2.5,0,heldout,
real_moleculenet_lipophilicity,llambo_warmstart_domain_knowledge_polar_surface_control_noprior,29167,82.875,80.075,10.875,0,heldout,
real_moleculenet_lipophilicity,llambo_warmstart_selector,29167,82.875,80.075,10.875,0,heldout,llambo_warmstart_domain_knowledge_polar_surface_control_noprior
real_moleculenet_lipophilicity,llm_calibrated_selector,29167,93.75,93.75,0.0,1,heldout,llm_semantic_domain_knowledge_polar_surface_control_noprior
real_moleculenet_lipophilicity,llm_direct_prior_domain_knowledge_polar_surface_control_noprior,29167,92.5,91.5,1.25,0,heldout,
real_moleculenet_lipophilicity,llm_direct_prior_selector,29167,92.5,91.5,1.25,0,heldout,llm_direct_prior_domain_knowledge_polar_surface_control_noprior
real_moleculenet_lipophilicity,llm_semantic_domain_knowledge_polar_surface_control_noprior,29167,93.75,93.75,0.0,1,heldout,
real_moleculenet_lipophilicity,mixed_kernel_gp_ei,29167,91.25,91.25,2.5,0,heldout,
real_moleculenet_lipophilicity,target_acquisition_portfolio,29167,91.25,91.25,2.5,0,heldout,
real_moleculenet_lipophilicity,care_strategy_router,29168,80.375,80.225,13.375,0,heldout,llm_semantic_domain_knowledge_polar_surface_control_noprior
real_moleculenet_lipophilicity,gp_ucb,29168,91.25,88.1,2.5,0,heldout,
real_moleculenet_lipophilicity,llambo_warmstart_domain_knowledge_polar_surface_control_noprior,29168,87.375,81.4,6.375,0,heldout,
real_moleculenet_lipophilicity,llambo_warmstart_selector,29168,87.375,81.4,6.375,0,heldout,llambo_warmstart_domain_knowledge_polar_surface_control_noprior
real_moleculenet_lipophilicity,llm_calibrated_selector,29168,80.375,80.225,13.375,0,heldout,llm_semantic_domain_knowledge_polar_surface_control_noprior
real_moleculenet_lipophilicity,llm_direct_prior_domain_knowledge_polar_surface_control_noprior,29168,87.25,80.3875,6.5,0,heldout,
real_moleculenet_lipophilicity,llm_direct_prior_selector,29168,87.25,80.3875,6.5,0,heldout,llm_direct_prior_domain_knowledge_polar_surface_control_noprior
real_moleculenet_lipophilicity,llm_semantic_domain_knowledge_polar_surface_control_noprior,29168,80.375,80.225,13.375,0,heldout,
real_moleculenet_lipophilicity,mixed_kernel_gp_ei,29168,91.25,88.1,2.5,0,heldout,
real_moleculenet_lipophilicity,target_acquisition_portfolio,29168,91.25,88.1,2.5,0,heldout,
real_moleculenet_lipophilicity,care_strategy_router,29169,82.75,82.75,11.0,0,heldout,llm_semantic_domain_knowledge_polar_surface_control_noprior
real_moleculenet_lipophilicity,gp_ucb,29169,88.25,84.225,5.5,0,heldout,
real_moleculenet_lipophilicity,llambo_warmstart_domain_knowledge_polar_surface_control_noprior,29169,80.0,80.0,13.75,0,heldout,
real_moleculenet_lipophilicity,llambo_warmstart_selector,29169,80.0,80.0,13.75,0,heldout,llambo_warmstart_domain_knowledge_polar_surface_control_noprior
real_moleculenet_lipophilicity,llm_calibrated_selector,29169,82.75,82.75,11.0,0,heldout,llm_semantic_domain_knowledge_polar_surface_control_noprior
real_moleculenet_lipophilicity,llm_direct_prior_domain_knowledge_polar_surface_control_noprior,29169,93.75,88.25,0.0,1,heldout,
real_moleculenet_lipophilicity,llm_direct_prior_selector,29169,93.75,88.25,0.0,1,heldout,llm_direct_prior_domain_knowledge_polar_surface_control_noprior
real_moleculenet_lipophilicity,llm_semantic_domain_knowledge_polar_surface_control_noprior,29169,82.75,82.75,11.0,0,heldout,
real_moleculenet_lipophilicity,mixed_kernel_gp_ei,29169,88.25,84.0,5.5,0,heldout,
real_moleculenet_lipophilicity,target_acquisition_portfolio,29169,83.75,83.55,10.0,0,heldout,
real_moleculenet_lipophilicity,care_strategy_router,29170,93.75,85.775,0.0,1,heldout,llm_semantic_domain_knowledge_polar_surface_control_noprior
real_moleculenet_lipophilicity,gp_ucb,29170,86.625,78.8875,7.125,0,heldout,
real_moleculenet_lipophilicity,llambo_warmstart_domain_knowledge_polar_surface_control_noprior,29170,93.75,89.45,0.0,1,heldout,
real_moleculenet_lipophilicity,llambo_warmstart_selector,29170,93.75,89.45,0.0,1,heldout,llambo_warmstart_domain_knowledge_polar_surface_control_noprior
real_moleculenet_lipophilicity,llm_calibrated_selector,29170,93.75,85.775,0.0,1,heldout,llm_semantic_domain_knowledge_polar_surface_control_noprior
real_moleculenet_lipophilicity,llm_direct_prior_domain_knowledge_polar_surface_control_noprior,29170,90.0,88.3,3.75,0,heldout,
real_moleculenet_lipophilicity,llm_direct_prior_selector,29170,90.0,88.3,3.75,0,heldout,llm_direct_prior_domain_knowledge_polar_surface_control_noprior
real_moleculenet_lipophilicity,llm_semantic_domain_knowledge_polar_surface_control_noprior,29170,93.75,85.775,0.0,1,heldout,
real_moleculenet_lipophilicity,mixed_kernel_gp_ei,29170,86.625,79.8,7.125,0,heldout,
real_moleculenet_lipophilicity,target_acquisition_portfolio,29170,93.75,78.625,0.0,1,heldout,
real_moleculenet_lipophilicity,care_strategy_router,29171,88.25,80.825,5.5,0,heldout,llm_semantic_domain_knowledge_polar_surface_control_noprior
real_moleculenet_lipophilicity,gp_ucb,29171,89.625,86.625,4.125,0,heldout,
real_moleculenet_lipophilicity,llambo_warmstart_domain_knowledge_polar_surface_control_noprior,29171,90.0,90.0,3.75,0,heldout,
real_moleculenet_lipophilicity,llambo_warmstart_selector,29171,90.0,90.0,3.75,0,heldout,llambo_warmstart_domain_knowledge_polar_surface_control_noprior
real_moleculenet_lipophilicity,llm_calibrated_selector,29171,88.25,80.825,5.5,0,heldout,llm_semantic_domain_knowledge_polar_surface_control_noprior
real_moleculenet_lipophilicity,llm_direct_prior_domain_knowledge_polar_surface_control_noprior,29171,88.625,86.7125,5.125,0,heldout,
real_moleculenet_lipophilicity,llm_direct_prior_selector,29171,88.625,86.7125,5.125,0,heldout,llm_direct_prior_domain_knowledge_polar_surface_control_noprior
real_moleculenet_lipophilicity,llm_semantic_domain_knowledge_polar_surface_control_noprior,29171,88.25,80.825,5.5,0,heldout,
real_moleculenet_lipophilicity,mixed_kernel_gp_ei,29171,85.875,80.0875,7.875,0,heldout,
real_moleculenet_lipophilicity,target_acquisition_portfolio,29171,79.375,75.875,14.375,0,heldout,
real_moleculenet_lipophilicity,care_strategy_router,29172,85.0,80.8,8.75,0,heldout,llm_semantic_domain_knowledge_polar_surface_control_noprior
real_moleculenet_lipophilicity,gp_ucb,29172,91.25,81.45,2.5,0,heldout,
real_moleculenet_lipophilicity,llambo_warmstart_domain_knowledge_polar_surface_control_noprior,29172,88.625,83.9125,5.125,0,heldout,
real_moleculenet_lipophilicity,llambo_warmstart_selector,29172,88.625,83.9125,5.125,0,heldout,llambo_warmstart_domain_knowledge_polar_surface_control_noprior
real_moleculenet_lipophilicity,llm_calibrated_selector,29172,85.0,80.8,8.75,0,heldout,llm_semantic_domain_knowledge_polar_surface_control_noprior
real_moleculenet_lipophilicity,llm_direct_prior_domain_knowledge_polar_surface_control_noprior,29172,88.625,80.0875,5.125,0,heldout,
real_moleculenet_lipophilicity,llm_direct_prior_selector,29172,88.625,80.0875,5.125,0,heldout,llm_direct_prior_domain_knowledge_polar_surface_control_noprior
real_moleculenet_lipophilicity,llm_semantic_domain_knowledge_polar_surface_control_noprior,29172,85.0,80.8,8.75,0,heldout,
real_moleculenet_lipophilicity,mixed_kernel_gp_ei,29172,93.75,81.85,0.0,1,heldout,
real_moleculenet_lipophilicity,target_acquisition_portfolio,29172,91.25,82.9,2.5,0,heldout,
real_moleculenet_lipophilicity,care_strategy_router,29173,87.25,86.575,6.5,0,heldout,llm_semantic_domain_knowledge_polar_surface_control_noprior
real_moleculenet_lipophilicity,gp_ucb,29173,87.5,87.075,6.25,0,heldout,
real_moleculenet_lipophilicity,llambo_warmstart_domain_knowledge_polar_surface_control_noprior,29173,88.75,88.075,5.0,0,heldout,
real_moleculenet_lipophilicity,llambo_warmstart_selector,29173,88.75,88.075,5.0,0,heldout,llambo_warmstart_domain_knowledge_polar_surface_control_noprior
real_moleculenet_lipophilicity,llm_calibrated_selector,29173,87.25,86.575,6.5,0,heldout,llm_semantic_domain_knowledge_polar_surface_control_noprior
real_moleculenet_lipophilicity,llm_direct_prior_domain_knowledge_polar_surface_control_noprior,29173,90.0,89.45,3.75,0,heldout,
real_moleculenet_lipophilicity,llm_direct_prior_selector,29173,90.0,89.45,3.75,0,heldout,llm_direct_prior_domain_knowledge_polar_surface_control_noprior
real_moleculenet_lipophilicity,llm_semantic_domain_knowledge_polar_surface_control_noprior,29173,87.25,86.575,6.5,0,heldout,
real_moleculenet_lipophilicity,mixed_kernel_gp_ei,29173,87.5,87.075,6.25,0,heldout,
real_moleculenet_lipophilicity,target_acquisition_portfolio,29173,93.75,91.425,0.0,1,heldout,
real_moleculenet_lipophilicity,care_strategy_router,29174,91.25,90.275,2.5,0,heldout,llm_semantic_domain_knowledge_polar_surface_control_noprior
real_moleculenet_lipophilicity,gp_ucb,29174,91.25,85.85,2.5,0,heldout,
real_moleculenet_lipophilicity,llambo_warmstart_domain_knowledge_polar_surface_control_noprior,29174,90.0,87.625,3.75,0,heldout,
real_moleculenet_lipophilicity,llambo_warmstart_selector,29174,90.0,87.625,3.75,0,heldout,llambo_warmstart_domain_knowledge_polar_surface_control_noprior
real_moleculenet_lipophilicity,llm_calibrated_selector,29174,91.25,90.275,2.5,0,heldout,llm_semantic_domain_knowledge_polar_surface_control_noprior
real_moleculenet_lipophilicity,llm_direct_prior_domain_knowledge_polar_surface_control_noprior,29174,91.625,90.6125,2.125,0,heldout,
real_moleculenet_lipophilicity,llm_direct_prior_selector,29174,91.625,90.6125,2.125,0,heldout,llm_direct_prior_domain_knowledge_polar_surface_control_noprior
real_moleculenet_lipophilicity,llm_semantic_domain_knowledge_polar_surface_control_noprior,29174,91.25,90.275,2.5,0,heldout,
real_moleculenet_lipophilicity,mixed_kernel_gp_ei,29174,88.125,85.475,5.625,0,heldout,
real_moleculenet_lipophilicity,target_acquisition_portfolio,29174,91.25,85.85,2.5,0,heldout,
real_moleculenet_lipophilicity,care_strategy_router,29175,90.0,83.0625,3.75,0,heldout,llm_semantic_domain_knowledge_polar_surface_control_noprior
real_moleculenet_lipophilicity,gp_ucb,29175,85.75,84.425,8.0,0,heldout,
real_moleculenet_lipophilicity,llambo_warmstart_domain_knowledge_polar_surface_control_noprior,29175,87.375,84.5625,6.375,0,heldout,
real_moleculenet_lipophilicity,llambo_warmstart_selector,29175,87.375,84.5625,6.375,0,heldout,llambo_warmstart_domain_knowledge_polar_surface_control_noprior
real_moleculenet_lipophilicity,llm_calibrated_selector,29175,90.0,83.0625,3.75,0,heldout,llm_semantic_domain_knowledge_polar_surface_control_noprior
real_moleculenet_lipophilicity,llm_direct_prior_domain_knowledge_polar_surface_control_noprior,29175,87.25,80.35,6.5,0,heldout,
real_moleculenet_lipophilicity,llm_direct_prior_selector,29175,87.25,80.35,6.5,0,heldout,llm_direct_prior_domain_knowledge_polar_surface_control_noprior
real_moleculenet_lipophilicity,llm_semantic_domain_knowledge_polar_surface_control_noprior,29175,90.0,83.0625,3.75,0,heldout,
real_moleculenet_lipophilicity,mixed_kernel_gp_ei,29175,86.125,84.175,7.625,0,heldout,
real_moleculenet_lipophilicity,target_acquisition_portfolio,29175,85.75,84.1,8.0,0,heldout,
real_moleculenet_lipophilicity,care_strategy_router,29176,90.0,89.0375,3.75,0,heldout,llm_semantic_domain_knowledge_polar_surface_control_noprior
real_moleculenet_lipophilicity,gp_ucb,29176,90.0,88.05,3.75,0,heldout,
real_moleculenet_lipophilicity,llambo_warmstart_domain_knowledge_polar_surface_control_noprior,29176,82.875,82.4625,10.875,0,heldout,
real_moleculenet_lipophilicity,llambo_warmstart_selector,29176,82.875,82.4625,10.875,0,heldout,llambo_warmstart_domain_knowledge_polar_surface_control_noprior
real_moleculenet_lipophilicity,llm_calibrated_selector,29176,90.0,89.0375,3.75,0,heldout,llm_semantic_domain_knowledge_polar_surface_control_noprior
real_moleculenet_lipophilicity,llm_direct_prior_domain_knowledge_polar_surface_control_noprior,29176,91.625,90.0875,2.125,0,heldout,
real_moleculenet_lipophilicity,llm_direct_prior_selector,29176,91.625,90.0875,2.125,0,heldout,llm_direct_prior_domain_knowledge_polar_surface_control_noprior
real_moleculenet_lipophilicity,llm_semantic_domain_knowledge_polar_surface_control_noprior,29176,90.0,89.0375,3.75,0,heldout,
real_moleculenet_lipophilicity,mixed_kernel_gp_ei,29176,79.25,76.95,14.5,0,heldout,
real_moleculenet_lipophilicity,target_acquisition_portfolio,29176,90.0,88.05,3.75,0,heldout,
real_moleculenet_lipophilicity,care_strategy_router,29177,87.5,87.5,6.25,0,heldout,llm_semantic_domain_knowledge_polar_surface_control_noprior
real_moleculenet_lipophilicity,gp_ucb,29177,88.625,87.725,5.125,0,heldout,
real_moleculenet_lipophilicity,llambo_warmstart_domain_knowledge_polar_surface_control_noprior,29177,93.5,89.6,0.25,1,heldout,
real_moleculenet_lipophilicity,llambo_warmstart_selector,29177,93.5,89.6,0.25,1,heldout,llambo_warmstart_domain_knowledge_polar_surface_control_noprior
real_moleculenet_lipophilicity,llm_calibrated_selector,29177,87.5,87.5,6.25,0,heldout,llm_semantic_domain_knowledge_polar_surface_control_noprior
real_moleculenet_lipophilicity,llm_direct_prior_domain_knowledge_polar_surface_control_noprior,29177,88.625,87.95,5.125,0,heldout,
real_moleculenet_lipophilicity,llm_direct_prior_selector,29177,88.625,87.95,5.125,0,heldout,llm_direct_prior_domain_knowledge_polar_surface_control_noprior
real_moleculenet_lipophilicity,llm_semantic_domain_knowledge_polar_surface_control_noprior,29177,87.5,87.5,6.25,0,heldout,
real_moleculenet_lipophilicity,mixed_kernel_gp_ei,29177,88.625,87.6125,5.125,0,heldout,
real_moleculenet_lipophilicity,target_acquisition_portfolio,29177,88.625,87.725,5.125,0,heldout,
real_moleculenet_lipophilicity,care_strategy_router,29178,93.75,89.975,0.0,1,heldout,llm_semantic_domain_knowledge_polar_surface_control_noprior
real_moleculenet_lipophilicity,gp_ucb,29178,88.625,84.6875,5.125,0,heldout,
real_moleculenet_lipophilicity,llambo_warmstart_domain_knowledge_polar_surface_control_noprior,29178,86.25,86.075,7.5,0,heldout,
real_moleculenet_lipophilicity,llambo_warmstart_selector,29178,86.25,86.075,7.5,0,heldout,llambo_warmstart_domain_knowledge_polar_surface_control_noprior
real_moleculenet_lipophilicity,llm_calibrated_selector,29178,93.75,89.975,0.0,1,heldout,llm_semantic_domain_knowledge_polar_surface_control_noprior
real_moleculenet_lipophilicity,llm_direct_prior_domain_knowledge_polar_surface_control_noprior,29178,93.75,84.5,0.0,1,heldout,
real_moleculenet_lipophilicity,llm_direct_prior_selector,29178,93.75,84.5,0.0,1,heldout,llm_direct_prior_domain_knowledge_polar_surface_control_noprior
real_moleculenet_lipophilicity,llm_semantic_domain_knowledge_polar_surface_control_noprior,29178,93.75,89.975,0.0,1,heldout,
real_moleculenet_lipophilicity,mixed_kernel_gp_ei,29178,88.625,84.6875,5.125,0,heldout,
real_moleculenet_lipophilicity,target_acquisition_portfolio,29178,88.625,84.6875,5.125,0,heldout,
real_moleculenet_lipophilicity,care_strategy_router,29179,93.75,89.7625,0.0,1,heldout,llm_semantic_domain_knowledge_polar_surface_control_noprior
real_moleculenet_lipophilicity,gp_ucb,29179,93.75,89.25,0.0,1,heldout,
real_moleculenet_lipophilicity,llambo_warmstart_domain_knowledge_polar_surface_control_noprior,29179,87.25,85.9375,6.5,0,heldout,
real_moleculenet_lipophilicity,llambo_warmstart_selector,29179,87.25,85.9375,6.5,0,heldout,llambo_warmstart_domain_knowledge_polar_surface_control_noprior
real_moleculenet_lipophilicity,llm_calibrated_selector,29179,93.75,89.7625,0.0,1,heldout,llm_semantic_domain_knowledge_polar_surface_control_noprior
real_moleculenet_lipophilicity,llm_direct_prior_domain_knowledge_polar_surface_control_noprior,29179,93.75,91.625,0.0,1,heldout,
real_moleculenet_lipophilicity,llm_direct_prior_selector,29179,93.75,91.625,0.0,1,heldout,llm_direct_prior_domain_knowledge_polar_surface_control_noprior
real_moleculenet_lipophilicity,llm_semantic_domain_knowledge_polar_surface_control_noprior,29179,93.75,89.7625,0.0,1,heldout,
real_moleculenet_lipophilicity,mixed_kernel_gp_ei,29179,93.75,89.25,0.0,1,heldout,
real_moleculenet_lipophilicity,target_acquisition_portfolio,29179,93.75,89.25,0.0,1,heldout,
real_moleculenet_lipophilicity,care_strategy_router,29180,85.0,85.0,8.75,0,heldout,llm_semantic_domain_knowledge_polar_surface_control_noprior
real_moleculenet_lipophilicity,gp_ucb,29180,90.0,90.0,3.75,0,heldout,
real_moleculenet_lipophilicity,llambo_warmstart_domain_knowledge_polar_surface_control_noprior,29180,93.75,91.725,0.0,1,heldout,
real_moleculenet_lipophilicity,llambo_warmstart_selector,29180,93.75,91.725,0.0,1,heldout,llambo_warmstart_domain_knowledge_polar_surface_control_noprior
real_moleculenet_lipophilicity,llm_calibrated_selector,29180,85.0,85.0,8.75,0,heldout,llm_semantic_domain_knowledge_polar_surface_control_noprior
real_moleculenet_lipophilicity,llm_direct_prior_domain_knowledge_polar_surface_control_noprior,29180,86.25,86.25,7.5,0,heldout,
real_moleculenet_lipophilicity,llm_direct_prior_selector,29180,86.25,86.25,7.5,0,heldout,llm_direct_prior_domain_knowledge_polar_surface_control_noprior
real_moleculenet_lipophilicity,llm_semantic_domain_knowledge_polar_surface_control_noprior,29180,85.0,85.0,8.75,0,heldout,
real_moleculenet_lipophilicity,mixed_kernel_gp_ei,29180,88.625,85.8625,5.125,0,heldout,
real_moleculenet_lipophilicity,target_acquisition_portfolio,29180,88.75,88.0,5.0,0,heldout,
real_moleculenet_lipophilicity,care_strategy_router,29181,90.375,90.375,3.375,0,heldout,llm_semantic_domain_knowledge_polar_surface_control_noprior
real_moleculenet_lipophilicity,gp_ucb,29181,90.375,90.375,3.375,0,heldout,
real_moleculenet_lipophilicity,llambo_warmstart_domain_knowledge_polar_surface_control_noprior,29181,93.75,92.375,0.0,1,heldout,
real_moleculenet_lipophilicity,llambo_warmstart_selector,29181,93.75,92.375,0.0,1,heldout,llambo_warmstart_domain_knowledge_polar_surface_control_noprior
real_moleculenet_lipophilicity,llm_calibrated_selector,29181,90.375,90.375,3.375,0,heldout,llm_semantic_domain_knowledge_polar_surface_control_noprior
real_moleculenet_lipophilicity,llm_direct_prior_domain_knowledge_polar_surface_control_noprior,29181,90.375,90.375,3.375,0,heldout,
real_moleculenet_lipophilicity,llm_direct_prior_selector,29181,90.375,90.375,3.375,0,heldout,llm_direct_prior_domain_knowledge_polar_surface_control_noprior
real_moleculenet_lipophilicity,llm_semantic_domain_knowledge_polar_surface_control_noprior,29181,90.375,90.375,3.375,0,heldout,
real_moleculenet_lipophilicity,mixed_kernel_gp_ei,29181,90.375,90.375,3.375,0,heldout,
real_moleculenet_lipophilicity,target_acquisition_portfolio,29181,93.5,91.0,0.25,1,heldout,
real_moleculenet_lipophilicity,care_strategy_router,29182,82.5,77.8625,11.25,0,heldout,llm_semantic_domain_knowledge_polar_surface_control_noprior
real_moleculenet_lipophilicity,gp_ucb,29182,90.0,81.3375,3.75,0,heldout,
real_moleculenet_lipophilicity,llambo_warmstart_domain_knowledge_polar_surface_control_noprior,29182,83.75,83.25,10.0,0,heldout,
real_moleculenet_lipophilicity,llambo_warmstart_selector,29182,83.75,83.25,10.0,0,heldout,llambo_warmstart_domain_knowledge_polar_surface_control_noprior
real_moleculenet_lipophilicity,llm_calibrated_selector,29182,82.5,77.8625,11.25,0,heldout,llm_semantic_domain_knowledge_polar_surface_control_noprior
real_moleculenet_lipophilicity,llm_direct_prior_domain_knowledge_polar_surface_control_noprior,29182,86.25,84.1625,7.5,0,heldout,
real_moleculenet_lipophilicity,llm_direct_prior_selector,29182,86.25,84.1625,7.5,0,heldout,llm_direct_prior_domain_knowledge_polar_surface_control_noprior
real_moleculenet_lipophilicity,llm_semantic_domain_knowledge_polar_surface_control_noprior,29182,82.5,77.8625,11.25,0,heldout,
real_moleculenet_lipophilicity,mixed_kernel_gp_ei,29182,76.25,74.75,17.5,0,heldout,
real_moleculenet_lipophilicity,target_acquisition_portfolio,29182,90.0,84.1125,3.75,0,heldout,
real_moleculenet_lipophilicity,care_strategy_router,29183,88.625,85.5625,5.125,0,heldout,llm_semantic_domain_knowledge_polar_surface_control_noprior
real_moleculenet_lipophilicity,gp_ucb,29183,82.5,82.5,11.25,0,heldout,
real_moleculenet_lipophilicity,llambo_warmstart_domain_knowledge_polar_surface_control_noprior,29183,87.25,85.9375,6.5,0,heldout,
real_moleculenet_lipophilicity,llambo_warmstart_selector,29183,87.25,85.9375,6.5,0,heldout,llambo_warmstart_domain_knowledge_polar_surface_control_noprior
real_moleculenet_lipophilicity,llm_calibrated_selector,29183,88.625,85.5625,5.125,0,heldout,llm_semantic_domain_knowledge_polar_surface_control_noprior
real_moleculenet_lipophilicity,llm_direct_prior_domain_knowledge_polar_surface_control_noprior,29183,86.25,83.625,7.5,0,heldout,
real_moleculenet_lipophilicity,llm_direct_prior_selector,29183,86.25,83.625,7.5,0,heldout,llm_direct_prior_domain_knowledge_polar_surface_control_noprior
real_moleculenet_lipophilicity,llm_semantic_domain_knowledge_polar_surface_control_noprior,29183,88.625,85.5625,5.125,0,heldout,
real_moleculenet_lipophilicity,mixed_kernel_gp_ei,29183,83.5,83.5,10.25,0,heldout,
real_moleculenet_lipophilicity,target_acquisition_portfolio,29183,83.5,83.5,10.25,0,heldout,
real_moleculenet_lipophilicity,care_strategy_router,29184,82.25,82.25,11.5,0,heldout,llm_semantic_domain_knowledge_polar_surface_control_noprior
real_moleculenet_lipophilicity,gp_ucb,29184,87.5,83.6,6.25,0,heldout,
real_moleculenet_lipophilicity,llambo_warmstart_domain_knowledge_polar_surface_control_noprior,29184,87.25,84.95,6.5,0,heldout,
real_moleculenet_lipophilicity,llambo_warmstart_selector,29184,87.25,84.95,6.5,0,heldout,llambo_warmstart_domain_knowledge_polar_surface_control_noprior
real_moleculenet_lipophilicity,llm_calibrated_selector,29184,82.25,82.25,11.5,0,heldout,llm_semantic_domain_knowledge_polar_surface_control_noprior
real_moleculenet_lipophilicity,llm_direct_prior_domain_knowledge_polar_surface_control_noprior,29184,79.625,79.625,14.125,0,heldout,
real_moleculenet_lipophilicity,llm_direct_prior_selector,29184,79.625,79.625,14.125,0,heldout,llm_direct_prior_domain_knowledge_polar_surface_control_noprior
real_moleculenet_lipophilicity,llm_semantic_domain_knowledge_polar_surface_control_noprior,29184,82.25,82.25,11.5,0,heldout,
real_moleculenet_lipophilicity,mixed_kernel_gp_ei,29184,87.5,82.775,6.25,0,heldout,
real_moleculenet_lipophilicity,target_acquisition_portfolio,29184,86.25,82.9375,7.5,0,heldout,
real_moleculenet_lipophilicity,care_strategy_router,29185,88.625,87.325,5.125,0,heldout,llm_semantic_domain_knowledge_polar_surface_control_noprior
real_moleculenet_lipophilicity,gp_ucb,29185,82.125,82.125,11.625,0,heldout,
real_moleculenet_lipophilicity,llambo_warmstart_domain_knowledge_polar_surface_control_noprior,29185,88.625,88.2625,5.125,0,heldout,
real_moleculenet_lipophilicity,llambo_warmstart_selector,29185,88.625,88.2625,5.125,0,heldout,llambo_warmstart_domain_knowledge_polar_surface_control_noprior
real_moleculenet_lipophilicity,llm_calibrated_selector,29185,88.625,87.325,5.125,0,heldout,llm_semantic_domain_knowledge_polar_surface_control_noprior
real_moleculenet_lipophilicity,llm_direct_prior_domain_knowledge_polar_surface_control_noprior,29185,88.625,87.325,5.125,0,heldout,
real_moleculenet_lipophilicity,llm_direct_prior_selector,29185,88.625,87.325,5.125,0,heldout,llm_direct_prior_domain_knowledge_polar_surface_control_noprior
real_moleculenet_lipophilicity,llm_semantic_domain_knowledge_polar_surface_control_noprior,29185,88.625,87.325,5.125,0,heldout,
real_moleculenet_lipophilicity,mixed_kernel_gp_ei,29185,88.625,84.725,5.125,0,heldout,
real_moleculenet_lipophilicity,target_acquisition_portfolio,29185,82.5,82.275,11.25,0,heldout,
real_moleculenet_lipophilicity,care_strategy_router,29186,90.875,90.875,2.875,0,heldout,llm_semantic_domain_knowledge_polar_surface_control_noprior
real_moleculenet_lipophilicity,gp_ucb,29186,90.875,90.875,2.875,0,heldout,
real_moleculenet_lipophilicity,llambo_warmstart_domain_knowledge_polar_surface_control_noprior,29186,87.25,86.35,6.5,0,heldout,
real_moleculenet_lipophilicity,llambo_warmstart_selector,29186,87.25,86.35,6.5,0,heldout,llambo_warmstart_domain_knowledge_polar_surface_control_noprior
real_moleculenet_lipophilicity,llm_calibrated_selector,29186,90.875,90.875,2.875,0,heldout,llm_semantic_domain_knowledge_polar_surface_control_noprior
real_moleculenet_lipophilicity,llm_direct_prior_domain_knowledge_polar_surface_control_noprior,29186,92.5,91.3625,1.25,0,heldout,
real_moleculenet_lipophilicity,llm_direct_prior_selector,29186,92.5,91.3625,1.25,0,heldout,llm_direct_prior_domain_knowledge_polar_surface_control_noprior
real_moleculenet_lipophilicity,llm_semantic_domain_knowledge_polar_surface_control_noprior,29186,90.875,90.875,2.875,0,heldout,
real_moleculenet_lipophilicity,mixed_kernel_gp_ei,29186,90.875,90.875,2.875,0,heldout,
real_moleculenet_lipophilicity,target_acquisition_portfolio,29186,90.875,90.875,2.875,0,heldout,
real_moleculenet_lipophilicity,care_strategy_router,29187,90.0,85.8625,3.75,0,heldout,llm_semantic_domain_knowledge_polar_surface_control_noprior
real_moleculenet_lipophilicity,gp_ucb,29187,84.75,84.75,9.0,0,heldout,
real_moleculenet_lipophilicity,llambo_warmstart_domain_knowledge_polar_surface_control_noprior,29187,93.75,93.75,0.0,1,heldout,
real_moleculenet_lipophilicity,llambo_warmstart_selector,29187,93.75,93.75,0.0,1,heldout,llambo_warmstart_domain_knowledge_polar_surface_control_noprior
real_moleculenet_lipophilicity,llm_calibrated_selector,29187,90.0,85.8625,3.75,0,heldout,llm_semantic_domain_knowledge_polar_surface_control_noprior
real_moleculenet_lipophilicity,llm_direct_prior_domain_knowledge_polar_surface_control_noprior,29187,88.625,85.95,5.125,0,heldout,
real_moleculenet_lipophilicity,llm_direct_prior_selector,29187,88.625,85.95,5.125,0,heldout,llm_direct_prior_domain_knowledge_polar_surface_control_noprior
real_moleculenet_lipophilicity,llm_semantic_domain_knowledge_polar_surface_control_noprior,29187,90.0,85.8625,3.75,0,heldout,
real_moleculenet_lipophilicity,mixed_kernel_gp_ei,29187,84.75,84.75,9.0,0,heldout,
real_moleculenet_lipophilicity,target_acquisition_portfolio,29187,84.75,84.75,9.0,0,heldout,
real_moleculenet_lipophilicity,care_strategy_router,29188,87.25,87.25,6.5,0,heldout,llm_semantic_domain_knowledge_polar_surface_control_noprior
real_moleculenet_lipophilicity,gp_ucb,29188,93.5,86.15,0.25,1,heldout,
real_moleculenet_lipophilicity,llambo_warmstart_domain_knowledge_polar_surface_control_noprior,29188,82.875,82.875,10.875,0,heldout,
real_moleculenet_lipophilicity,llambo_warmstart_selector,29188,82.875,82.875,10.875,0,heldout,llambo_warmstart_domain_knowledge_polar_surface_control_noprior
real_moleculenet_lipophilicity,llm_calibrated_selector,29188,87.25,87.25,6.5,0,heldout,llm_semantic_domain_knowledge_polar_surface_control_noprior
real_moleculenet_lipophilicity,llm_direct_prior_domain_knowledge_polar_surface_control_noprior,29188,88.625,86.475,5.125,0,heldout,
real_moleculenet_lipophilicity,llm_direct_prior_selector,29188,88.625,86.475,5.125,0,heldout,llm_direct_prior_domain_knowledge_polar_surface_control_noprior
real_moleculenet_lipophilicity,llm_semantic_domain_knowledge_polar_surface_control_noprior,29188,87.25,87.25,6.5,0,heldout,
real_moleculenet_lipophilicity,mixed_kernel_gp_ei,29188,93.75,87.15,0.0,1,heldout,
real_moleculenet_lipophilicity,target_acquisition_portfolio,29188,93.5,86.15,0.25,1,heldout,
real_moleculenet_lipophilicity,care_strategy_router,29189,91.0,89.3,2.75,0,heldout,llm_semantic_domain_knowledge_polar_surface_control_noprior
real_moleculenet_lipophilicity,gp_ucb,29189,84.75,83.8,9.0,0,heldout,
real_moleculenet_lipophilicity,llambo_warmstart_domain_knowledge_polar_surface_control_noprior,29189,93.75,83.5875,0.0,1,heldout,
real_moleculenet_lipophilicity,llambo_warmstart_selector,29189,93.75,83.5875,0.0,1,heldout,llambo_warmstart_domain_knowledge_polar_surface_control_noprior
real_moleculenet_lipophilicity,llm_calibrated_selector,29189,91.0,89.3,2.75,0,heldout,llm_semantic_domain_knowledge_polar_surface_control_noprior
real_moleculenet_lipophilicity,llm_direct_prior_domain_knowledge_polar_surface_control_noprior,29189,88.625,86.7875,5.125,0,heldout,
real_moleculenet_lipophilicity,llm_direct_prior_selector,29189,88.625,86.7875,5.125,0,heldout,llm_direct_prior_domain_knowledge_polar_surface_control_noprior
real_moleculenet_lipophilicity,llm_semantic_domain_knowledge_polar_surface_control_noprior,29189,91.0,89.3,2.75,0,heldout,
real_moleculenet_lipophilicity,mixed_kernel_gp_ei,29189,85.25,83.75,8.5,0,heldout,
real_moleculenet_lipophilicity,target_acquisition_portfolio,29189,84.75,83.8,9.0,0,heldout,
real_moleculenet_lipophilicity,care_strategy_router,29190,93.5,85.3625,0.25,1,heldout,llm_semantic_domain_knowledge_polar_surface_control_noprior
real_moleculenet_lipophilicity,gp_ucb,29190,93.75,85.8125,0.0,1,heldout,
real_moleculenet_lipophilicity,llambo_warmstart_domain_knowledge_polar_surface_control_noprior,29190,93.75,93.75,0.0,1,heldout,
real_moleculenet_lipophilicity,llambo_warmstart_selector,29190,93.75,93.75,0.0,1,heldout,llambo_warmstart_domain_knowledge_polar_surface_control_noprior
real_moleculenet_lipophilicity,llm_calibrated_selector,29190,93.5,85.3625,0.25,1,heldout,llm_semantic_domain_knowledge_polar_surface_control_noprior
real_moleculenet_lipophilicity,llm_direct_prior_domain_knowledge_polar_surface_control_noprior,29190,87.5,86.075,6.25,0,heldout,
real_moleculenet_lipophilicity,llm_direct_prior_selector,29190,87.5,86.075,6.25,0,heldout,llm_direct_prior_domain_knowledge_polar_surface_control_noprior
real_moleculenet_lipophilicity,llm_semantic_domain_knowledge_polar_surface_control_noprior,29190,93.5,85.3625,0.25,1,heldout,
real_moleculenet_lipophilicity,mixed_kernel_gp_ei,29190,90.0,87.825,3.75,0,heldout,
real_moleculenet_lipophilicity,target_acquisition_portfolio,29190,93.75,85.8125,0.0,1,heldout,
real_moleculenet_lipophilicity,care_strategy_router,29191,93.75,85.45,0.0,1,heldout,llm_semantic_domain_knowledge_polar_surface_control_noprior
real_moleculenet_lipophilicity,gp_ucb,29191,88.625,87.1,5.125,0,heldout,
real_moleculenet_lipophilicity,llambo_warmstart_domain_knowledge_polar_surface_control_noprior,29191,88.25,83.5625,5.5,0,heldout,
real_moleculenet_lipophilicity,llambo_warmstart_selector,29191,88.25,83.5625,5.5,0,heldout,llambo_warmstart_domain_knowledge_polar_surface_control_noprior
real_moleculenet_lipophilicity,llm_calibrated_selector,29191,93.75,85.45,0.0,1,heldout,llm_semantic_domain_knowledge_polar_surface_control_noprior
real_moleculenet_lipophilicity,llm_direct_prior_domain_knowledge_polar_surface_control_noprior,29191,82.875,82.3125,10.875,0,heldout,
real_moleculenet_lipophilicity,llm_direct_prior_selector,29191,82.875,82.3125,10.875,0,heldout,llm_direct_prior_domain_knowledge_polar_surface_control_noprior
real_moleculenet_lipophilicity,llm_semantic_domain_knowledge_polar_surface_control_noprior,29191,93.75,85.45,0.0,1,heldout,
real_moleculenet_lipophilicity,mixed_kernel_gp_ei,29191,83.75,81.725,10.0,0,heldout,
real_moleculenet_lipophilicity,target_acquisition_portfolio,29191,88.625,87.1,5.125,0,heldout,
real_moleculenet_lipophilicity,care_strategy_router,29192,85.0,84.5,8.75,0,heldout,llm_semantic_domain_knowledge_polar_surface_control_noprior
real_moleculenet_lipophilicity,gp_ucb,29192,83.75,83.75,10.0,0,heldout,
real_moleculenet_lipophilicity,llambo_warmstart_domain_knowledge_polar_surface_control_noprior,29192,93.75,93.75,0.0,1,heldout,
real_moleculenet_lipophilicity,llambo_warmstart_selector,29192,93.75,93.75,0.0,1,heldout,llambo_warmstart_domain_knowledge_polar_surface_control_noprior
real_moleculenet_lipophilicity,llm_calibrated_selector,29192,85.0,84.5,8.75,0,heldout,llm_semantic_domain_knowledge_polar_surface_control_noprior
real_moleculenet_lipophilicity,llm_direct_prior_domain_knowledge_polar_surface_control_noprior,29192,88.75,86.25,5.0,0,heldout,
real_moleculenet_lipophilicity,llm_direct_prior_selector,29192,88.75,86.25,5.0,0,heldout,llm_direct_prior_domain_knowledge_polar_surface_control_noprior
real_moleculenet_lipophilicity,llm_semantic_domain_knowledge_polar_surface_control_noprior,29192,85.0,84.5,8.75,0,heldout,
real_moleculenet_lipophilicity,mixed_kernel_gp_ei,29192,83.75,83.75,10.0,0,heldout,
real_moleculenet_lipophilicity,target_acquisition_portfolio,29192,83.75,83.75,10.0,0,heldout,
real_moleculenet_lipophilicity,care_strategy_router,29193,93.75,90.45,0.0,1,heldout,llm_semantic_domain_knowledge_polar_surface_control_noprior
real_moleculenet_lipophilicity,gp_ucb,29193,92.5,90.575,1.25,0,heldout,
real_moleculenet_lipophilicity,llambo_warmstart_domain_knowledge_polar_surface_control_noprior,29193,84.875,82.125,8.875,0,heldout,
real_moleculenet_lipophilicity,llambo_warmstart_selector,29193,84.875,82.125,8.875,0,heldout,llambo_warmstart_domain_knowledge_polar_surface_control_noprior
real_moleculenet_lipophilicity,llm_calibrated_selector,29193,93.75,90.45,0.0,1,heldout,llm_semantic_domain_knowledge_polar_surface_control_noprior
real_moleculenet_lipophilicity,llm_direct_prior_domain_knowledge_polar_surface_control_noprior,29193,93.75,84.95,0.0,1,heldout,
real_moleculenet_lipophilicity,llm_direct_prior_selector,29193,93.75,84.95,0.0,1,heldout,llm_direct_prior_domain_knowledge_polar_surface_control_noprior
real_moleculenet_lipophilicity,llm_semantic_domain_knowledge_polar_surface_control_noprior,29193,93.75,90.45,0.0,1,heldout,
real_moleculenet_lipophilicity,mixed_kernel_gp_ei,29193,88.25,83.2375,5.5,0,heldout,
real_moleculenet_lipophilicity,target_acquisition_portfolio,29193,90.0,84.5,3.75,0,heldout,
real_moleculenet_lipophilicity,care_strategy_router,29194,87.5,86.35,6.25,0,heldout,llm_semantic_domain_knowledge_polar_surface_control_noprior
real_moleculenet_lipophilicity,gp_ucb,29194,84.625,84.625,9.125,0,heldout,
real_moleculenet_lipophilicity,llambo_warmstart_domain_knowledge_polar_surface_control_noprior,29194,91.25,77.875,2.5,0,heldout,
real_moleculenet_lipophilicity,llambo_warmstart_selector,29194,91.25,77.875,2.5,0,heldout,llambo_warmstart_domain_knowledge_polar_surface_control_noprior
real_moleculenet_lipophilicity,llm_calibrated_selector,29194,87.5,86.35,6.25,0,heldout,llm_semantic_domain_knowledge_polar_surface_control_noprior
real_moleculenet_lipophilicity,llm_direct_prior_domain_knowledge_polar_surface_control_noprior,29194,84.625,84.625,9.125,0,heldout,
real_moleculenet_lipophilicity,llm_direct_prior_selector,29194,84.625,84.625,9.125,0,heldout,llm_direct_prior_domain_knowledge_polar_surface_control_noprior
real_moleculenet_lipophilicity,llm_semantic_domain_knowledge_polar_surface_control_noprior,29194,87.5,86.35,6.25,0,heldout,
real_moleculenet_lipophilicity,mixed_kernel_gp_ei,29194,84.625,84.625,9.125,0,heldout,
real_moleculenet_lipophilicity,target_acquisition_portfolio,29194,84.625,84.625,9.125,0,heldout,
real_moleculenet_lipophilicity,care_strategy_router,29195,82.75,82.75,11.0,0,heldout,llm_semantic_domain_knowledge_polar_surface_control_noprior
real_moleculenet_lipophilicity,gp_ucb,29195,87.5,82.775,6.25,0,heldout,
real_moleculenet_lipophilicity,llambo_warmstart_domain_knowledge_polar_surface_control_noprior,29195,90.0,89.7875,3.75,0,heldout,
real_moleculenet_lipophilicity,llambo_warmstart_selector,29195,90.0,89.7875,3.75,0,heldout,llambo_warmstart_domain_knowledge_polar_surface_control_noprior
real_moleculenet_lipophilicity,llm_calibrated_selector,29195,82.75,82.75,11.0,0,heldout,llm_semantic_domain_knowledge_polar_surface_control_noprior
real_moleculenet_lipophilicity,llm_direct_prior_domain_knowledge_polar_surface_control_noprior,29195,87.25,83.65,6.5,0,heldout,
real_moleculenet_lipophilicity,llm_direct_prior_selector,29195,87.25,83.65,6.5,0,heldout,llm_direct_prior_domain_knowledge_polar_surface_control_noprior
real_moleculenet_lipophilicity,llm_semantic_domain_knowledge_polar_surface_control_noprior,29195,82.75,82.75,11.0,0,heldout,
real_moleculenet_lipophilicity,mixed_kernel_gp_ei,29195,88.125,84.4625,5.625,0,heldout,
real_moleculenet_lipophilicity,target_acquisition_portfolio,29195,79.625,79.625,14.125,0,heldout,
real_moleculenet_lipophilicity,care_strategy_router,29196,88.0,88.0,5.75,0,heldout,llm_semantic_domain_knowledge_polar_surface_control_noprior
real_moleculenet_lipophilicity,gp_ucb,29196,87.375,86.1,6.375,0,heldout,
real_moleculenet_lipophilicity,llambo_warmstart_domain_knowledge_polar_surface_control_noprior,29196,88.25,85.3875,5.5,0,heldout,
real_moleculenet_lipophilicity,llambo_warmstart_selector,29196,88.25,85.3875,5.5,0,heldout,llambo_warmstart_domain_knowledge_polar_surface_control_noprior
real_moleculenet_lipophilicity,llm_calibrated_selector,29196,88.0,88.0,5.75,0,heldout,llm_semantic_domain_knowledge_polar_surface_control_noprior
real_moleculenet_lipophilicity,llm_direct_prior_domain_knowledge_polar_surface_control_noprior,29196,90.0,80.4625,3.75,0,heldout,
real_moleculenet_lipophilicity,llm_direct_prior_selector,29196,90.0,80.4625,3.75,0,heldout,llm_direct_prior_domain_knowledge_polar_surface_control_noprior
real_moleculenet_lipophilicity,llm_semantic_domain_knowledge_polar_surface_control_noprior,29196,88.0,88.0,5.75,0,heldout,
real_moleculenet_lipophilicity,mixed_kernel_gp_ei,29196,87.375,83.575,6.375,0,heldout,
real_moleculenet_lipophilicity,target_acquisition_portfolio,29196,87.125,86.05,6.625,0,heldout,
real_moleculenet_lipophilicity,care_strategy_router,29197,93.75,93.375,0.0,1,heldout,llm_semantic_domain_knowledge_polar_surface_control_noprior
real_moleculenet_lipophilicity,gp_ucb,29197,93.75,91.475,0.0,1,heldout,
real_moleculenet_lipophilicity,llambo_warmstart_domain_knowledge_polar_surface_control_noprior,29197,87.25,84.7,6.5,0,heldout,
real_moleculenet_lipophilicity,llambo_warmstart_selector,29197,87.25,84.7,6.5,0,heldout,llambo_warmstart_domain_knowledge_polar_surface_control_noprior
real_moleculenet_lipophilicity,llm_calibrated_selector,29197,93.75,93.375,0.0,1,heldout,llm_semantic_domain_knowledge_polar_surface_control_noprior
real_moleculenet_lipophilicity,llm_direct_prior_domain_knowledge_polar_surface_control_noprior,29197,93.75,90.75,0.0,1,heldout,
real_moleculenet_lipophilicity,llm_direct_prior_selector,29197,93.75,90.75,0.0,1,heldout,llm_direct_prior_domain_knowledge_polar_surface_control_noprior
real_moleculenet_lipophilicity,llm_semantic_domain_knowledge_polar_surface_control_noprior,29197,93.75,93.375,0.0,1,heldout,
real_moleculenet_lipophilicity,mixed_kernel_gp_ei,29197,93.75,91.475,0.0,1,heldout,
real_moleculenet_lipophilicity,target_acquisition_portfolio,29197,93.75,91.85,0.0,1,heldout,
real_moleculenet_lipophilicity,care_strategy_router,29198,78.75,78.025,15.0,0,heldout,llm_semantic_domain_knowledge_polar_surface_control_noprior
real_moleculenet_lipophilicity,gp_ucb,29198,82.25,81.45,11.5,0,heldout,
real_moleculenet_lipophilicity,llambo_warmstart_domain_knowledge_polar_surface_control_noprior,29198,87.25,84.7,6.5,0,heldout,
real_moleculenet_lipophilicity,llambo_warmstart_selector,29198,87.25,84.7,6.5,0,heldout,llambo_warmstart_domain_knowledge_polar_surface_control_noprior
real_moleculenet_lipophilicity,llm_calibrated_selector,29198,78.75,78.025,15.0,0,heldout,llm_semantic_domain_knowledge_polar_surface_control_noprior
real_moleculenet_lipophilicity,llm_direct_prior_domain_knowledge_polar_surface_control_noprior,29198,88.625,88.2,5.125,0,heldout,
real_moleculenet_lipophilicity,llm_direct_prior_selector,29198,88.625,88.2,5.125,0,heldout,llm_direct_prior_domain_knowledge_polar_surface_control_noprior
real_moleculenet_lipophilicity,llm_semantic_domain_knowledge_polar_surface_control_noprior,29198,78.75,78.025,15.0,0,heldout,
real_moleculenet_lipophilicity,mixed_kernel_gp_ei,29198,82.25,81.125,11.5,0,heldout,
real_moleculenet_lipophilicity,target_acquisition_portfolio,29198,88.25,82.65,5.5,0,heldout,
real_moleculenet_lipophilicity,care_strategy_router,29199,93.5,87.35,0.25,1,heldout,llm_semantic_domain_knowledge_polar_surface_control_noprior
real_moleculenet_lipophilicity,gp_ucb,29199,84.0,84.0,9.75,0,heldout,
real_moleculenet_lipophilicity,llambo_warmstart_domain_knowledge_polar_surface_control_noprior,29199,93.75,84.95,0.0,1,heldout,
real_moleculenet_lipophilicity,llambo_warmstart_selector,29199,93.75,84.95,0.0,1,heldout,llambo_warmstart_domain_knowledge_polar_surface_control_noprior
real_moleculenet_lipophilicity,llm_calibrated_selector,29199,93.5,87.35,0.25,1,heldout,llm_semantic_domain_knowledge_polar_surface_control_noprior
real_moleculenet_lipophilicity,llm_direct_prior_domain_knowledge_polar_surface_control_noprior,29199,70.25,70.25,23.5,0,heldout,
real_moleculenet_lipophilicity,llm_direct_prior_selector,29199,70.25,70.25,23.5,0,heldout,llm_direct_prior_domain_knowledge_polar_surface_control_noprior
real_moleculenet_lipophilicity,llm_semantic_domain_knowledge_polar_surface_control_noprior,29199,93.5,87.35,0.25,1,heldout,
real_moleculenet_lipophilicity,mixed_kernel_gp_ei,29199,81.25,79.45,12.5,0,heldout,
real_moleculenet_lipophilicity,target_acquisition_portfolio,29199,82.5,77.05,11.25,0,heldout,
real_moleculenet_lipophilicity,care_strategy_router,29200,93.75,93.75,0.0,1,heldout,llm_semantic_domain_knowledge_polar_surface_control_noprior
real_moleculenet_lipophilicity,gp_ucb,29200,93.75,93.75,0.0,1,heldout,
real_moleculenet_lipophilicity,llambo_warmstart_domain_knowledge_polar_surface_control_noprior,29200,93.75,93.75,0.0,1,heldout,
real_moleculenet_lipophilicity,llambo_warmstart_selector,29200,93.75,93.75,0.0,1,heldout,llambo_warmstart_domain_knowledge_polar_surface_control_noprior
real_moleculenet_lipophilicity,llm_calibrated_selector,29200,93.75,93.75,0.0,1,heldout,llm_semantic_domain_knowledge_polar_surface_control_noprior
real_moleculenet_lipophilicity,llm_direct_prior_domain_knowledge_polar_surface_control_noprior,29200,93.75,93.75,0.0,1,heldout,
real_moleculenet_lipophilicity,llm_direct_prior_selector,29200,93.75,93.75,0.0,1,heldout,llm_direct_prior_domain_knowledge_polar_surface_control_noprior
real_moleculenet_lipophilicity,llm_semantic_domain_knowledge_polar_surface_control_noprior,29200,93.75,93.75,0.0,1,heldout,
real_moleculenet_lipophilicity,mixed_kernel_gp_ei,29200,93.75,93.75,0.0,1,heldout,
real_moleculenet_lipophilicity,target_acquisition_portfolio,29200,93.75,93.75,0.0,1,heldout,
real_moleculenet_lipophilicity,care_strategy_router,29201,89.625,85.4875,4.125,0,heldout,llm_semantic_domain_knowledge_polar_surface_control_noprior
real_moleculenet_lipophilicity,gp_ucb,29201,82.875,82.55,10.875,0,heldout,
real_moleculenet_lipophilicity,llambo_warmstart_domain_knowledge_polar_surface_control_noprior,29201,85.0,81.4375,8.75,0,heldout,
real_moleculenet_lipophilicity,llambo_warmstart_selector,29201,85.0,81.4375,8.75,0,heldout,llambo_warmstart_domain_knowledge_polar_surface_control_noprior
real_moleculenet_lipophilicity,llm_calibrated_selector,29201,89.625,85.4875,4.125,0,heldout,llm_semantic_domain_knowledge_polar_surface_control_noprior
real_moleculenet_lipophilicity,llm_direct_prior_domain_knowledge_polar_surface_control_noprior,29201,86.25,82.4625,7.5,0,heldout,
real_moleculenet_lipophilicity,llm_direct_prior_selector,29201,86.25,82.4625,7.5,0,heldout,llm_direct_prior_domain_knowledge_polar_surface_control_noprior
real_moleculenet_lipophilicity,llm_semantic_domain_knowledge_polar_surface_control_noprior,29201,89.625,85.4875,4.125,0,heldout,
real_moleculenet_lipophilicity,mixed_kernel_gp_ei,29201,82.875,82.55,10.875,0,heldout,
real_moleculenet_lipophilicity,target_acquisition_portfolio,29201,82.875,82.55,10.875,0,heldout,
real_moleculenet_lipophilicity,care_strategy_router,29202,81.25,80.875,12.5,0,heldout,llm_semantic_domain_knowledge_polar_surface_control_noprior
real_moleculenet_lipophilicity,gp_ucb,29202,92.125,85.75,1.625,0,heldout,
real_moleculenet_lipophilicity,llambo_warmstart_domain_knowledge_polar_surface_control_noprior,29202,93.5,88.3,0.25,1,heldout,
real_moleculenet_lipophilicity,llambo_warmstart_selector,29202,93.5,88.3,0.25,1,heldout,llambo_warmstart_domain_knowledge_polar_surface_control_noprior
real_moleculenet_lipophilicity,llm_calibrated_selector,29202,81.25,80.875,12.5,0,heldout,llm_semantic_domain_knowledge_polar_surface_control_noprior
real_moleculenet_lipophilicity,llm_direct_prior_domain_knowledge_polar_surface_control_noprior,29202,88.625,85.425,5.125,0,heldout,
real_moleculenet_lipophilicity,llm_direct_prior_selector,29202,88.625,85.425,5.125,0,heldout,llm_direct_prior_domain_knowledge_polar_surface_control_noprior
real_moleculenet_lipophilicity,llm_semantic_domain_knowledge_polar_surface_control_noprior,29202,81.25,80.875,12.5,0,heldout,
real_moleculenet_lipophilicity,mixed_kernel_gp_ei,29202,92.125,84.6,1.625,0,heldout,
real_moleculenet_lipophilicity,target_acquisition_portfolio,29202,92.125,85.75,1.625,0,heldout,
real_moleculenet_lipophilicity,care_strategy_router,29203,88.75,88.75,5.0,0,heldout,llm_semantic_domain_knowledge_polar_surface_control_noprior
real_moleculenet_lipophilicity,gp_ucb,29203,87.375,87.375,6.375,0,heldout,
real_moleculenet_lipophilicity,llambo_warmstart_domain_knowledge_polar_surface_control_noprior,29203,93.75,93.75,0.0,1,heldout,
real_moleculenet_lipophilicity,llambo_warmstart_selector,29203,93.75,93.75,0.0,1,heldout,llambo_warmstart_domain_knowledge_polar_surface_control_noprior
real_moleculenet_lipophilicity,llm_calibrated_selector,29203,88.75,88.75,5.0,0,heldout,llm_semantic_domain_knowledge_polar_surface_control_noprior
real_moleculenet_lipophilicity,llm_direct_prior_domain_knowledge_polar_surface_control_noprior,29203,87.375,87.375,6.375,0,heldout,
real_moleculenet_lipophilicity,llm_direct_prior_selector,29203,87.375,87.375,6.375,0,heldout,llm_direct_prior_domain_knowledge_polar_surface_control_noprior
real_moleculenet_lipophilicity,llm_semantic_domain_knowledge_polar_surface_control_noprior,29203,88.75,88.75,5.0,0,heldout,
real_moleculenet_lipophilicity,mixed_kernel_gp_ei,29203,87.375,87.375,6.375,0,heldout,
real_moleculenet_lipophilicity,target_acquisition_portfolio,29203,87.375,87.375,6.375,0,heldout,
real_moleculenet_lipophilicity,care_strategy_router,29204,82.75,81.175,11.0,0,heldout,llm_semantic_domain_knowledge_polar_surface_control_noprior
real_moleculenet_lipophilicity,gp_ucb,29204,88.625,85.6875,5.125,0,heldout,
real_moleculenet_lipophilicity,llambo_warmstart_domain_knowledge_polar_surface_control_noprior,29204,93.5,86.1125,0.25,1,heldout,
real_moleculenet_lipophilicity,llambo_warmstart_selector,29204,93.5,86.1125,0.25,1,heldout,llambo_warmstart_domain_knowledge_polar_surface_control_noprior
real_moleculenet_lipophilicity,llm_calibrated_selector,29204,82.75,81.175,11.0,0,heldout,llm_semantic_domain_knowledge_polar_surface_control_noprior
real_moleculenet_lipophilicity,llm_direct_prior_domain_knowledge_polar_surface_control_noprior,29204,90.0,88.5,3.75,0,heldout,
real_moleculenet_lipophilicity,llm_direct_prior_selector,29204,90.0,88.5,3.75,0,heldout,llm_direct_prior_domain_knowledge_polar_surface_control_noprior
real_moleculenet_lipophilicity,llm_semantic_domain_knowledge_polar_surface_control_noprior,29204,82.75,81.175,11.0,0,heldout,
real_moleculenet_lipophilicity,mixed_kernel_gp_ei,29204,88.625,85.6875,5.125,0,heldout,
real_moleculenet_lipophilicity,target_acquisition_portfolio,29204,88.625,85.6875,5.125,0,heldout,
real_moleculenet_lipophilicity,care_strategy_router,29205,91.625,82.2875,2.125,0,heldout,llm_semantic_domain_knowledge_polar_surface_control_noprior
real_moleculenet_lipophilicity,gp_ucb,29205,93.75,88.225,0.0,1,heldout,
real_moleculenet_lipophilicity,llambo_warmstart_domain_knowledge_polar_surface_control_noprior,29205,84.875,84.2375,8.875,0,heldout,
real_moleculenet_lipophilicity,llambo_warmstart_selector,29205,84.875,84.2375,8.875,0,heldout,llambo_warmstart_domain_knowledge_polar_surface_control_noprior
real_moleculenet_lipophilicity,llm_calibrated_selector,29205,91.625,82.2875,2.125,0,heldout,llm_semantic_domain_knowledge_polar_surface_control_noprior
real_moleculenet_lipophilicity,llm_direct_prior_domain_knowledge_polar_surface_control_noprior,29205,91.625,89.3,2.125,0,heldout,
real_moleculenet_lipophilicity,llm_direct_prior_selector,29205,91.625,89.3,2.125,0,heldout,llm_direct_prior_domain_knowledge_polar_surface_control_noprior
real_moleculenet_lipophilicity,llm_semantic_domain_knowledge_polar_surface_control_noprior,29205,91.625,82.2875,2.125,0,heldout,
real_moleculenet_lipophilicity,mixed_kernel_gp_ei,29205,84.375,84.375,9.375,0,heldout,
real_moleculenet_lipophilicity,target_acquisition_portfolio,29205,84.375,84.375,9.375,0,heldout,
real_moleculenet_lipophilicity,care_strategy_router,29206,82.875,80.4,10.875,0,heldout,llm_semantic_domain_knowledge_polar_surface_control_noprior
real_moleculenet_lipophilicity,gp_ucb,29206,84.875,80.7125,8.875,0,heldout,
real_moleculenet_lipophilicity,llambo_warmstart_domain_knowledge_polar_surface_control_noprior,29206,82.75,81.5875,11.0,0,heldout,
real_moleculenet_lipophilicity,llambo_warmstart_selector,29206,82.75,81.5875,11.0,0,heldout,llambo_warmstart_domain_knowledge_polar_surface_control_noprior
real_moleculenet_lipophilicity,llm_calibrated_selector,29206,82.875,80.4,10.875,0,heldout,llm_semantic_domain_knowledge_polar_surface_control_noprior
real_moleculenet_lipophilicity,llm_direct_prior_domain_knowledge_polar_surface_control_noprior,29206,90.0,83.2625,3.75,0,heldout,
real_moleculenet_lipophilicity,llm_direct_prior_selector,29206,90.0,83.2625,3.75,0,heldout,llm_direct_prior_domain_knowledge_polar_surface_control_noprior
real_moleculenet_lipophilicity,llm_semantic_domain_knowledge_polar_surface_control_noprior,29206,82.875,80.4,10.875,0,heldout,
real_moleculenet_lipophilicity,mixed_kernel_gp_ei,29206,84.875,81.95,8.875,0,heldout,
real_moleculenet_lipophilicity,target_acquisition_portfolio,29206,80.0,80.0,13.75,0,heldout,
real_moleculenet_lipophilicity,care_strategy_router,29207,90.0,83.5,3.75,0,heldout,llm_semantic_domain_knowledge_polar_surface_control_noprior
real_moleculenet_lipophilicity,gp_ucb,29207,89.375,87.8875,4.375,0,heldout,
real_moleculenet_lipophilicity,llambo_warmstart_domain_knowledge_polar_surface_control_noprior,29207,85.0,84.375,8.75,0,heldout,
real_moleculenet_lipophilicity,llambo_warmstart_selector,29207,85.0,84.375,8.75,0,heldout,llambo_warmstart_domain_knowledge_polar_surface_control_noprior
real_moleculenet_lipophilicity,llm_calibrated_selector,29207,90.0,83.5,3.75,0,heldout,llm_semantic_domain_knowledge_polar_surface_control_noprior
real_moleculenet_lipophilicity,llm_direct_prior_domain_knowledge_polar_surface_control_noprior,29207,86.25,86.25,7.5,0,heldout,
real_moleculenet_lipophilicity,llm_direct_prior_selector,29207,86.25,86.25,7.5,0,heldout,llm_direct_prior_domain_knowledge_polar_surface_control_noprior
real_moleculenet_lipophilicity,llm_semantic_domain_knowledge_polar_surface_control_noprior,29207,90.0,83.5,3.75,0,heldout,
real_moleculenet_lipophilicity,mixed_kernel_gp_ei,29207,89.875,86.5,3.875,0,heldout,
real_moleculenet_lipophilicity,target_acquisition_portfolio,29207,89.875,87.5375,3.875,0,heldout,
real_moleculenet_lipophilicity,care_strategy_router,29208,92.75,92.75,1.0,0,heldout,llm_semantic_domain_knowledge_polar_surface_control_noprior
real_moleculenet_lipophilicity,gp_ucb,29208,92.75,92.75,1.0,0,heldout,
real_moleculenet_lipophilicity,llambo_warmstart_domain_knowledge_polar_surface_control_noprior,29208,85.0,77.5375,8.75,0,heldout,
real_moleculenet_lipophilicity,llambo_warmstart_selector,29208,85.0,77.5375,8.75,0,heldout,llambo_warmstart_domain_knowledge_polar_surface_control_noprior
real_moleculenet_lipophilicity,llm_calibrated_selector,29208,92.75,92.75,1.0,0,heldout,llm_semantic_domain_knowledge_polar_surface_control_noprior
real_moleculenet_lipophilicity,llm_direct_prior_domain_knowledge_polar_surface_control_noprior,29208,92.75,92.75,1.0,0,heldout,
real_moleculenet_lipophilicity,llm_direct_prior_selector,29208,92.75,92.75,1.0,0,heldout,llm_direct_prior_domain_knowledge_polar_surface_control_noprior
real_moleculenet_lipophilicity,llm_semantic_domain_knowledge_polar_surface_control_noprior,29208,92.75,92.75,1.0,0,heldout,
real_moleculenet_lipophilicity,mixed_kernel_gp_ei,29208,92.75,92.75,1.0,0,heldout,
real_moleculenet_lipophilicity,target_acquisition_portfolio,29208,92.75,92.75,1.0,0,heldout,
real_moleculenet_lipophilicity,care_strategy_router,29209,90.0,88.875,3.75,0,heldout,llm_semantic_domain_knowledge_polar_surface_control_noprior
real_moleculenet_lipophilicity,gp_ucb,29209,90.0,90.0,3.75,0,heldout,
real_moleculenet_lipophilicity,llambo_warmstart_domain_knowledge_polar_surface_control_noprior,29209,87.125,80.125,6.625,0,heldout,
real_moleculenet_lipophilicity,llambo_warmstart_selector,29209,87.125,80.125,6.625,0,heldout,llambo_warmstart_domain_knowledge_polar_surface_control_noprior
real_moleculenet_lipophilicity,llm_calibrated_selector,29209,90.0,88.875,3.75,0,heldout,llm_semantic_domain_knowledge_polar_surface_control_noprior
real_moleculenet_lipophilicity,llm_direct_prior_domain_knowledge_polar_surface_control_noprior,29209,88.75,88.75,5.0,0,heldout,
real_moleculenet_lipophilicity,llm_direct_prior_selector,29209,88.75,88.75,5.0,0,heldout,llm_direct_prior_domain_knowledge_polar_surface_control_noprior
real_moleculenet_lipophilicity,llm_semantic_domain_knowledge_polar_surface_control_noprior,29209,90.0,88.875,3.75,0,heldout,
real_moleculenet_lipophilicity,mixed_kernel_gp_ei,29209,88.75,88.6,5.0,0,heldout,
real_moleculenet_lipophilicity,target_acquisition_portfolio,29209,90.0,90.0,3.75,0,heldout,
real_moleculenet_lipophilicity,care_strategy_router,29210,93.75,93.75,0.0,1,heldout,llm_semantic_domain_knowledge_polar_surface_control_noprior
real_moleculenet_lipophilicity,gp_ucb,29210,88.625,88.475,5.125,0,heldout,
real_moleculenet_lipophilicity,llambo_warmstart_domain_knowledge_polar_surface_control_noprior,29210,93.75,93.75,0.0,1,heldout,
real_moleculenet_lipophilicity,llambo_warmstart_selector,29210,93.75,93.75,0.0,1,heldout,llambo_warmstart_domain_knowledge_polar_surface_control_noprior
real_moleculenet_lipophilicity,llm_calibrated_selector,29210,93.75,93.75,0.0,1,heldout,llm_semantic_domain_knowledge_polar_surface_control_noprior
real_moleculenet_lipophilicity,llm_direct_prior_domain_knowledge_polar_surface_control_noprior,29210,93.75,88.4875,0.0,1,heldout,
real_moleculenet_lipophilicity,llm_direct_prior_selector,29210,93.75,88.4875,0.0,1,heldout,llm_direct_prior_domain_knowledge_polar_surface_control_noprior
real_moleculenet_lipophilicity,llm_semantic_domain_knowledge_polar_surface_control_noprior,29210,93.75,93.75,0.0,1,heldout,
real_moleculenet_lipophilicity,mixed_kernel_gp_ei,29210,93.75,91.875,0.0,1,heldout,
real_moleculenet_lipophilicity,target_acquisition_portfolio,29210,88.625,88.475,5.125,0,heldout,
real_moleculenet_lipophilicity,care_strategy_router,29211,93.75,92.375,0.0,1,heldout,llm_semantic_domain_knowledge_polar_surface_control_noprior
real_moleculenet_lipophilicity,gp_ucb,29211,88.625,88.625,5.125,0,heldout,
real_moleculenet_lipophilicity,llambo_warmstart_domain_knowledge_polar_surface_control_noprior,29211,89.625,86.875,4.125,0,heldout,
real_moleculenet_lipophilicity,llambo_warmstart_selector,29211,89.625,86.875,4.125,0,heldout,llambo_warmstart_domain_knowledge_polar_surface_control_noprior
real_moleculenet_lipophilicity,llm_calibrated_selector,29211,93.75,92.375,0.0,1,heldout,llm_semantic_domain_knowledge_polar_surface_control_noprior
real_moleculenet_lipophilicity,llm_direct_prior_domain_knowledge_polar_surface_control_noprior,29211,88.625,87.5625,5.125,0,heldout,
real_moleculenet_lipophilicity,llm_direct_prior_selector,29211,88.625,87.5625,5.125,0,heldout,llm_direct_prior_domain_knowledge_polar_surface_control_noprior
real_moleculenet_lipophilicity,llm_semantic_domain_knowledge_polar_surface_control_noprior,29211,93.75,92.375,0.0,1,heldout,
real_moleculenet_lipophilicity,mixed_kernel_gp_ei,29211,88.625,88.625,5.125,0,heldout,
real_moleculenet_lipophilicity,target_acquisition_portfolio,29211,88.625,88.625,5.125,0,heldout,
real_moleculenet_lipophilicity,care_strategy_router,29212,87.5,86.0,6.25,0,heldout,llm_semantic_domain_knowledge_polar_surface_control_noprior
real_moleculenet_lipophilicity,gp_ucb,29212,92.875,87.5375,0.875,0,heldout,
real_moleculenet_lipophilicity,llambo_warmstart_domain_knowledge_polar_surface_control_noprior,29212,93.75,87.75,0.0,1,heldout,
real_moleculenet_lipophilicity,llambo_warmstart_selector,29212,93.75,87.75,0.0,1,heldout,llambo_warmstart_domain_knowledge_polar_surface_control_noprior
real_moleculenet_lipophilicity,llm_calibrated_selector,29212,87.5,86.0,6.25,0,heldout,llm_semantic_domain_knowledge_polar_surface_control_noprior
real_moleculenet_lipophilicity,llm_direct_prior_domain_knowledge_polar_surface_control_noprior,29212,93.75,90.975,0.0,1,heldout,
real_moleculenet_lipophilicity,llm_direct_prior_selector,29212,93.75,90.975,0.0,1,heldout,llm_direct_prior_domain_knowledge_polar_surface_control_noprior
real_moleculenet_lipophilicity,llm_semantic_domain_knowledge_polar_surface_control_noprior,29212,87.5,86.0,6.25,0,heldout,
real_moleculenet_lipophilicity,mixed_kernel_gp_ei,29212,85.375,85.2875,8.375,0,heldout,
real_moleculenet_lipophilicity,target_acquisition_portfolio,29212,85.375,85.2875,8.375,0,heldout,
real_moleculenet_lipophilicity,care_strategy_router,29213,89.625,88.75,4.125,0,heldout,llm_semantic_domain_knowledge_polar_surface_control_noprior
real_moleculenet_lipophilicity,gp_ucb,29213,91.25,88.1375,2.5,0,heldout,
real_moleculenet_lipophilicity,llambo_warmstart_domain_knowledge_polar_surface_control_noprior,29213,87.5,85.975,6.25,0,heldout,
real_moleculenet_lipophilicity,llambo_warmstart_selector,29213,87.5,85.975,6.25,0,heldout,llambo_warmstart_domain_knowledge_polar_surface_control_noprior
real_moleculenet_lipophilicity,llm_calibrated_selector,29213,89.625,88.75,4.125,0,heldout,llm_semantic_domain_knowledge_polar_surface_control_noprior
real_moleculenet_lipophilicity,llm_direct_prior_domain_knowledge_polar_surface_control_noprior,29213,88.75,86.2375,5.0,0,heldout,
real_moleculenet_lipophilicity,llm_direct_prior_selector,29213,88.75,86.2375,5.0,0,heldout,llm_direct_prior_domain_knowledge_polar_surface_control_noprior
real_moleculenet_lipophilicity,llm_semantic_domain_knowledge_polar_surface_control_noprior,29213,89.625,88.75,4.125,0,heldout,
real_moleculenet_lipophilicity,mixed_kernel_gp_ei,29213,88.25,81.6125,5.5,0,heldout,
real_moleculenet_lipophilicity,target_acquisition_portfolio,29213,88.25,81.6125,5.5,0,heldout,
real_moleculenet_lipophilicity,care_strategy_router,29214,93.75,93.75,0.0,1,heldout,llm_semantic_domain_knowledge_polar_surface_control_noprior
real_moleculenet_lipophilicity,gp_ucb,29214,84.125,82.525,9.625,0,heldout,
real_moleculenet_lipophilicity,llambo_warmstart_domain_knowledge_polar_surface_control_noprior,29214,87.5,84.9125,6.25,0,heldout,
real_moleculenet_lipophilicity,llambo_warmstart_selector,29214,87.5,84.9125,6.25,0,heldout,llambo_warmstart_domain_knowledge_polar_surface_control_noprior
real_moleculenet_lipophilicity,llm_calibrated_selector,29214,93.75,93.75,0.0,1,heldout,llm_semantic_domain_knowledge_polar_surface_control_noprior
real_moleculenet_lipophilicity,llm_direct_prior_domain_knowledge_polar_surface_control_noprior,29214,88.75,84.1125,5.0,0,heldout,
real_moleculenet_lipophilicity,llm_direct_prior_selector,29214,88.75,84.1125,5.0,0,heldout,llm_direct_prior_domain_knowledge_polar_surface_control_noprior
real_moleculenet_lipophilicity,llm_semantic_domain_knowledge_polar_surface_control_noprior,29214,93.75,93.75,0.0,1,heldout,
real_moleculenet_lipophilicity,mixed_kernel_gp_ei,29214,82.125,82.125,11.625,0,heldout,
real_moleculenet_lipophilicity,target_acquisition_portfolio,29214,84.125,82.525,9.625,0,heldout,
real_moleculenet_lipophilicity,care_strategy_router,29215,87.25,85.075,6.5,0,heldout,llm_semantic_domain_knowledge_polar_surface_control_noprior
real_moleculenet_lipophilicity,gp_ucb,29215,80.375,80.3,13.375,0,heldout,
real_moleculenet_lipophilicity,llambo_warmstart_domain_knowledge_polar_surface_control_noprior,29215,90.0,88.1375,3.75,0,heldout,
real_moleculenet_lipophilicity,llambo_warmstart_selector,29215,90.0,88.1375,3.75,0,heldout,llambo_warmstart_domain_knowledge_polar_surface_control_noprior
real_moleculenet_lipophilicity,llm_calibrated_selector,29215,87.25,85.075,6.5,0,heldout,llm_semantic_domain_knowledge_polar_surface_control_noprior
real_moleculenet_lipophilicity,llm_direct_prior_domain_knowledge_polar_surface_control_noprior,29215,88.75,87.275,5.0,0,heldout,
real_moleculenet_lipophilicity,llm_direct_prior_selector,29215,88.75,87.275,5.0,0,heldout,llm_direct_prior_domain_knowledge_polar_surface_control_noprior
real_moleculenet_lipophilicity,llm_semantic_domain_knowledge_polar_surface_control_noprior,29215,87.25,85.075,6.5,0,heldout,
real_moleculenet_lipophilicity,mixed_kernel_gp_ei,29215,80.375,80.3,13.375,0,heldout,
real_moleculenet_lipophilicity,target_acquisition_portfolio,29215,85.0,83.25,8.75,0,heldout,
real_moleculenet_lipophilicity,care_strategy_router,29216,83.125,83.125,10.625,0,heldout,llm_semantic_domain_knowledge_polar_surface_control_noprior
real_moleculenet_lipophilicity,gp_ucb,29216,83.125,83.125,10.625,0,heldout,
real_moleculenet_lipophilicity,llambo_warmstart_domain_knowledge_polar_surface_control_noprior,29216,93.75,92.375,0.0,1,heldout,
real_moleculenet_lipophilicity,llambo_warmstart_selector,29216,93.75,92.375,0.0,1,heldout,llambo_warmstart_domain_knowledge_polar_surface_control_noprior
real_moleculenet_lipophilicity,llm_calibrated_selector,29216,83.125,83.125,10.625,0,heldout,llm_semantic_domain_knowledge_polar_surface_control_noprior
real_moleculenet_lipophilicity,llm_direct_prior_domain_knowledge_polar_surface_control_noprior,29216,86.25,84.375,7.5,0,heldout,
real_moleculenet_lipophilicity,llm_direct_prior_selector,29216,86.25,84.375,7.5,0,heldout,llm_direct_prior_domain_knowledge_polar_surface_control_noprior
real_moleculenet_lipophilicity,llm_semantic_domain_knowledge_polar_surface_control_noprior,29216,83.125,83.125,10.625,0,heldout,
real_moleculenet_lipophilicity,mixed_kernel_gp_ei,29216,83.125,83.125,10.625,0,heldout,
real_moleculenet_lipophilicity,target_acquisition_portfolio,29216,83.125,83.125,10.625,0,heldout,
real_moleculenet_lipophilicity,care_strategy_router,29217,87.5,86.25,6.25,0,heldout,llm_semantic_domain_knowledge_polar_surface_control_noprior
real_moleculenet_lipophilicity,gp_ucb,29217,90.75,86.725,3.0,0,heldout,
real_moleculenet_lipophilicity,llambo_warmstart_domain_knowledge_polar_surface_control_noprior,29217,93.75,92.375,0.0,1,heldout,
real_moleculenet_lipophilicity,llambo_warmstart_selector,29217,93.75,92.375,0.0,1,heldout,llambo_warmstart_domain_knowledge_polar_surface_control_noprior
real_moleculenet_lipophilicity,llm_calibrated_selector,29217,87.5,86.25,6.25,0,heldout,llm_semantic_domain_knowledge_polar_surface_control_noprior
real_moleculenet_lipophilicity,llm_direct_prior_domain_knowledge_polar_surface_control_noprior,29217,92.5,88.75,1.25,0,heldout,
real_moleculenet_lipophilicity,llm_direct_prior_selector,29217,92.5,88.75,1.25,0,heldout,llm_direct_prior_domain_knowledge_polar_surface_control_noprior
real_moleculenet_lipophilicity,llm_semantic_domain_knowledge_polar_surface_control_noprior,29217,87.5,86.25,6.25,0,heldout,
real_moleculenet_lipophilicity,mixed_kernel_gp_ei,29217,88.75,85.9,5.0,0,heldout,
real_moleculenet_lipophilicity,target_acquisition_portfolio,29217,85.0,85.0,8.75,0,heldout,
real_moleculenet_lipophilicity,care_strategy_router,29218,88.625,87.725,5.125,0,heldout,llm_semantic_domain_knowledge_polar_surface_control_noprior
real_moleculenet_lipophilicity,gp_ucb,29218,86.75,79.825,7.0,0,heldout,
real_moleculenet_lipophilicity,llambo_warmstart_domain_knowledge_polar_surface_control_noprior,29218,82.5,82.1375,11.25,0,heldout,
real_moleculenet_lipophilicity,llambo_warmstart_selector,29218,82.5,82.1375,11.25,0,heldout,llambo_warmstart_domain_knowledge_polar_surface_control_noprior
real_moleculenet_lipophilicity,llm_calibrated_selector,29218,88.625,87.725,5.125,0,heldout,llm_semantic_domain_knowledge_polar_surface_control_noprior
real_moleculenet_lipophilicity,llm_direct_prior_domain_knowledge_polar_surface_control_noprior,29218,87.5,86.45,6.25,0,heldout,
real_moleculenet_lipophilicity,llm_direct_prior_selector,29218,87.5,86.45,6.25,0,heldout,llm_direct_prior_domain_knowledge_polar_surface_control_noprior
real_moleculenet_lipophilicity,llm_semantic_domain_knowledge_polar_surface_control_noprior,29218,88.625,87.725,5.125,0,heldout,
real_moleculenet_lipophilicity,mixed_kernel_gp_ei,29218,87.5,86.1875,6.25,0,heldout,
real_moleculenet_lipophilicity,target_acquisition_portfolio,29218,86.75,79.825,7.0,0,heldout,
real_moleculenet_lipophilicity,care_strategy_router,29219,85.375,82.45,8.375,0,heldout,llm_semantic_domain_knowledge_polar_surface_control_noprior
real_moleculenet_lipophilicity,gp_ucb,29219,81.375,80.7625,12.375,0,heldout,
real_moleculenet_lipophilicity,llambo_warmstart_domain_knowledge_polar_surface_control_noprior,29219,83.625,83.625,10.125,0,heldout,
real_moleculenet_lipophilicity,llambo_warmstart_selector,29219,83.625,83.625,10.125,0,heldout,llambo_warmstart_domain_knowledge_polar_surface_control_noprior
real_moleculenet_lipophilicity,llm_calibrated_selector,29219,85.375,82.45,8.375,0,heldout,llm_semantic_domain_knowledge_polar_surface_control_noprior
real_moleculenet_lipophilicity,llm_direct_prior_domain_knowledge_polar_surface_control_noprior,29219,88.625,86.7875,5.125,0,heldout,
real_moleculenet_lipophilicity,llm_direct_prior_selector,29219,88.625,86.7875,5.125,0,heldout,llm_direct_prior_domain_knowledge_polar_surface_control_noprior
real_moleculenet_lipophilicity,llm_semantic_domain_knowledge_polar_surface_control_noprior,29219,85.375,82.45,8.375,0,heldout,
real_moleculenet_lipophilicity,mixed_kernel_gp_ei,29219,81.375,80.675,12.375,0,heldout,
real_moleculenet_lipophilicity,target_acquisition_portfolio,29219,90.125,82.5125,3.625,0,heldout,
real_moleculenet_lipophilicity,care_strategy_router,29220,88.625,81.525,5.125,0,heldout,llm_semantic_domain_knowledge_polar_surface_control_noprior
real_moleculenet_lipophilicity,gp_ucb,29220,80.75,79.625,13.0,0,heldout,
real_moleculenet_lipophilicity,llambo_warmstart_domain_knowledge_polar_surface_control_noprior,29220,93.75,93.75,0.0,1,heldout,
real_moleculenet_lipophilicity,llambo_warmstart_selector,29220,93.75,93.75,0.0,1,heldout,llambo_warmstart_domain_knowledge_polar_surface_control_noprior
real_moleculenet_lipophilicity,llm_calibrated_selector,29220,88.625,81.525,5.125,0,heldout,llm_semantic_domain_knowledge_polar_surface_control_noprior
real_moleculenet_lipophilicity,llm_direct_prior_domain_knowledge_polar_surface_control_noprior,29220,88.625,84.7,5.125,0,heldout,
real_moleculenet_lipophilicity,llm_direct_prior_selector,29220,88.625,84.7,5.125,0,heldout,llm_direct_prior_domain_knowledge_polar_surface_control_noprior
real_moleculenet_lipophilicity,llm_semantic_domain_knowledge_polar_surface_control_noprior,29220,88.625,81.525,5.125,0,heldout,
real_moleculenet_lipophilicity,mixed_kernel_gp_ei,29220,80.75,79.6875,13.0,0,heldout,
real_moleculenet_lipophilicity,target_acquisition_portfolio,29220,80.75,79.625,13.0,0,heldout,
real_moleculenet_lipophilicity,care_strategy_router,29221,93.75,86.225,0.0,1,heldout,llm_semantic_domain_knowledge_polar_surface_control_noprior
real_moleculenet_lipophilicity,gp_ucb,29221,93.75,81.3,0.0,1,heldout,
real_moleculenet_lipophilicity,llambo_warmstart_domain_knowledge_polar_surface_control_noprior,29221,93.75,88.05,0.0,1,heldout,
real_moleculenet_lipophilicity,llambo_warmstart_selector,29221,93.75,88.05,0.0,1,heldout,llambo_warmstart_domain_knowledge_polar_surface_control_noprior
real_moleculenet_lipophilicity,llm_calibrated_selector,29221,93.75,86.225,0.0,1,heldout,llm_semantic_domain_knowledge_polar_surface_control_noprior
real_moleculenet_lipophilicity,llm_direct_prior_domain_knowledge_polar_surface_control_noprior,29221,90.0,78.4875,3.75,0,heldout,
real_moleculenet_lipophilicity,llm_direct_prior_selector,29221,90.0,78.4875,3.75,0,heldout,llm_direct_prior_domain_knowledge_polar_surface_control_noprior
real_moleculenet_lipophilicity,llm_semantic_domain_knowledge_polar_surface_control_noprior,29221,93.75,86.225,0.0,1,heldout,
real_moleculenet_lipophilicity,mixed_kernel_gp_ei,29221,93.75,83.3375,0.0,1,heldout,
real_moleculenet_lipophilicity,target_acquisition_portfolio,29221,85.0,77.6375,8.75,0,heldout,
real_moleculenet_lipophilicity,care_strategy_router,29222,87.5,86.75,6.25,0,heldout,llm_semantic_domain_knowledge_polar_surface_control_noprior
real_moleculenet_lipophilicity,gp_ucb,29222,90.0,88.0125,3.75,0,heldout,
real_moleculenet_lipophilicity,llambo_warmstart_domain_knowledge_polar_surface_control_noprior,29222,91.875,79.175,1.875,0,heldout,
real_moleculenet_lipophilicity,llambo_warmstart_selector,29222,91.875,79.175,1.875,0,heldout,llambo_warmstart_domain_knowledge_polar_surface_control_noprior
real_moleculenet_lipophilicity,llm_calibrated_selector,29222,87.5,86.75,6.25,0,heldout,llm_semantic_domain_knowledge_polar_surface_control_noprior
real_moleculenet_lipophilicity,llm_direct_prior_domain_knowledge_polar_surface_control_noprior,29222,86.25,86.25,7.5,0,heldout,
real_moleculenet_lipophilicity,llm_direct_prior_selector,29222,86.25,86.25,7.5,0,heldout,llm_direct_prior_domain_knowledge_polar_surface_control_noprior
real_moleculenet_lipophilicity,llm_semantic_domain_knowledge_polar_surface_control_noprior,29222,87.5,86.75,6.25,0,heldout,
real_moleculenet_lipophilicity,mixed_kernel_gp_ei,29222,90.0,88.0125,3.75,0,heldout,
real_moleculenet_lipophilicity,target_acquisition_portfolio,29222,90.0,87.9875,3.75,0,heldout,
real_moleculenet_lipophilicity,care_strategy_router,29223,91.875,86.6,1.875,0,heldout,llm_semantic_domain_knowledge_polar_surface_control_noprior
real_moleculenet_lipophilicity,gp_ucb,29223,85.5,82.725,8.25,0,heldout,
real_moleculenet_lipophilicity,llambo_warmstart_domain_knowledge_polar_surface_control_noprior,29223,81.25,79.0,12.5,0,heldout,
real_moleculenet_lipophilicity,llambo_warmstart_selector,29223,81.25,79.0,12.5,0,heldout,llambo_warmstart_domain_knowledge_polar_surface_control_noprior
real_moleculenet_lipophilicity,llm_calibrated_selector,29223,91.875,86.6,1.875,0,heldout,llm_semantic_domain_knowledge_polar_surface_control_noprior
real_moleculenet_lipophilicity,llm_direct_prior_domain_knowledge_polar_surface_control_noprior,29223,88.125,86.9375,5.625,0,heldout,
real_moleculenet_lipophilicity,llm_direct_prior_selector,29223,88.125,86.9375,5.625,0,heldout,llm_direct_prior_domain_knowledge_polar_surface_control_noprior
real_moleculenet_lipophilicity,llm_semantic_domain_knowledge_polar_surface_control_noprior,29223,91.875,86.6,1.875,0,heldout,
real_moleculenet_lipophilicity,mixed_kernel_gp_ei,29223,82.5,79.6125,11.25,0,heldout,
real_moleculenet_lipophilicity,target_acquisition_portfolio,29223,82.5,79.6125,11.25,0,heldout,
real_moleculenet_lipophilicity,care_strategy_router,29224,93.75,93.75,0.0,1,heldout,llm_semantic_domain_knowledge_polar_surface_control_noprior
real_moleculenet_lipophilicity,gp_ucb,29224,82.625,78.875,11.125,0,heldout,
real_moleculenet_lipophilicity,llambo_warmstart_domain_knowledge_polar_surface_control_noprior,29224,89.375,85.85,4.375,0,heldout,
real_moleculenet_lipophilicity,llambo_warmstart_selector,29224,89.375,85.85,4.375,0,heldout,llambo_warmstart_domain_knowledge_polar_surface_control_noprior
real_moleculenet_lipophilicity,llm_calibrated_selector,29224,93.75,93.75,0.0,1,heldout,llm_semantic_domain_knowledge_polar_surface_control_noprior
real_moleculenet_lipophilicity,llm_direct_prior_domain_knowledge_polar_surface_control_noprior,29224,87.25,87.25,6.5,0,heldout,
real_moleculenet_lipophilicity,llm_direct_prior_selector,29224,87.25,87.25,6.5,0,heldout,llm_direct_prior_domain_knowledge_polar_surface_control_noprior
real_moleculenet_lipophilicity,llm_semantic_domain_knowledge_polar_surface_control_noprior,29224,93.75,93.75,0.0,1,heldout,
real_moleculenet_lipophilicity,mixed_kernel_gp_ei,29224,92.5,79.9,1.25,0,heldout,
real_moleculenet_lipophilicity,target_acquisition_portfolio,29224,93.75,88.3125,0.0,1,heldout,
real_moleculenet_lipophilicity,care_strategy_router,29225,92.25,90.075,1.5,0,heldout,llm_semantic_domain_knowledge_polar_surface_control_noprior
real_moleculenet_lipophilicity,gp_ucb,29225,85.0,85.0,8.75,0,heldout,
real_moleculenet_lipophilicity,llambo_warmstart_domain_knowledge_polar_surface_control_noprior,29225,86.25,84.125,7.5,0,heldout,
real_moleculenet_lipophilicity,llambo_warmstart_selector,29225,86.25,84.125,7.5,0,heldout,llambo_warmstart_domain_knowledge_polar_surface_control_noprior
real_moleculenet_lipophilicity,llm_calibrated_selector,29225,92.25,90.075,1.5,0,heldout,llm_semantic_domain_knowledge_polar_surface_control_noprior
real_moleculenet_lipophilicity,llm_direct_prior_domain_knowledge_polar_surface_control_noprior,29225,88.75,87.05,5.0,0,heldout,
real_moleculenet_lipophilicity,llm_direct_prior_selector,29225,88.75,87.05,5.0,0,heldout,llm_direct_prior_domain_knowledge_polar_surface_control_noprior
real_moleculenet_lipophilicity,llm_semantic_domain_knowledge_polar_surface_control_noprior,29225,92.25,90.075,1.5,0,heldout,
real_moleculenet_lipophilicity,mixed_kernel_gp_ei,29225,85.0,85.0,8.75,0,heldout,
real_moleculenet_lipophilicity,target_acquisition_portfolio,29225,88.125,86.05,5.625,0,heldout,
real_moleculenet_lipophilicity,care_strategy_router,29226,90.0,90.0,3.75,0,heldout,llm_semantic_domain_knowledge_polar_surface_control_noprior
real_moleculenet_lipophilicity,gp_ucb,29226,85.0,84.0,8.75,0,heldout,
real_moleculenet_lipophilicity,llambo_warmstart_domain_knowledge_polar_surface_control_noprior,29226,89.625,86.925,4.125,0,heldout,
real_moleculenet_lipophilicity,llambo_warmstart_selector,29226,89.625,86.925,4.125,0,heldout,llambo_warmstart_domain_knowledge_polar_surface_control_noprior
real_moleculenet_lipophilicity,llm_calibrated_selector,29226,90.0,90.0,3.75,0,heldout,llm_semantic_domain_knowledge_polar_surface_control_noprior
real_moleculenet_lipophilicity,llm_direct_prior_domain_knowledge_polar_surface_control_noprior,29226,83.75,83.75,10.0,0,heldout,
real_moleculenet_lipophilicity,llm_direct_prior_selector,29226,83.75,83.75,10.0,0,heldout,llm_direct_prior_domain_knowledge_polar_surface_control_noprior
real_moleculenet_lipophilicity,llm_semantic_domain_knowledge_polar_surface_control_noprior,29226,90.0,90.0,3.75,0,heldout,
real_moleculenet_lipophilicity,mixed_kernel_gp_ei,29226,83.75,83.75,10.0,0,heldout,
real_moleculenet_lipophilicity,target_acquisition_portfolio,29226,85.0,84.0,8.75,0,heldout,
real_moleculenet_lipophilicity,care_strategy_router,29227,88.625,86.9375,5.125,0,heldout,llm_semantic_domain_knowledge_polar_surface_control_noprior
real_moleculenet_lipophilicity,gp_ucb,29227,87.5,86.625,6.25,0,heldout,
real_moleculenet_lipophilicity,llambo_warmstart_domain_knowledge_polar_surface_control_noprior,29227,82.5,81.15,11.25,0,heldout,
real_moleculenet_lipophilicity,llambo_warmstart_selector,29227,82.5,81.15,11.25,0,heldout,llambo_warmstart_domain_knowledge_polar_surface_control_noprior
real_moleculenet_lipophilicity,llm_calibrated_selector,29227,88.625,86.9375,5.125,0,heldout,llm_semantic_domain_knowledge_polar_surface_control_noprior
real_moleculenet_lipophilicity,llm_direct_prior_domain_knowledge_polar_surface_control_noprior,29227,88.625,86.675,5.125,0,heldout,
real_moleculenet_lipophilicity,llm_direct_prior_selector,29227,88.625,86.675,5.125,0,heldout,llm_direct_prior_domain_knowledge_polar_surface_control_noprior
real_moleculenet_lipophilicity,llm_semantic_domain_knowledge_polar_surface_control_noprior,29227,88.625,86.9375,5.125,0,heldout,
real_moleculenet_lipophilicity,mixed_kernel_gp_ei,29227,86.125,85.9,7.625,0,heldout,
real_moleculenet_lipophilicity,target_acquisition_portfolio,29227,85.75,85.75,8.0,0,heldout,
real_moleculenet_lipophilicity,care_strategy_router,29228,88.75,88.75,5.0,0,heldout,llm_semantic_domain_knowledge_polar_surface_control_noprior
real_moleculenet_lipophilicity,gp_ucb,29228,90.0,89.875,3.75,0,heldout,
real_moleculenet_lipophilicity,llambo_warmstart_domain_knowledge_polar_surface_control_noprior,29228,88.25,85.325,5.5,0,heldout,
real_moleculenet_lipophilicity,llambo_warmstart_selector,29228,88.25,85.325,5.5,0,heldout,llambo_warmstart_domain_knowledge_polar_surface_control_noprior
real_moleculenet_lipophilicity,llm_calibrated_selector,29228,88.75,88.75,5.0,0,heldout,llm_semantic_domain_knowledge_polar_surface_control_noprior
real_moleculenet_lipophilicity,llm_direct_prior_domain_knowledge_polar_surface_control_noprior,29228,88.75,88.75,5.0,0,heldout,
real_moleculenet_lipophilicity,llm_direct_prior_selector,29228,88.75,88.75,5.0,0,heldout,llm_direct_prior_domain_knowledge_polar_surface_control_noprior
real_moleculenet_lipophilicity,llm_semantic_domain_knowledge_polar_surface_control_noprior,29228,88.75,88.75,5.0,0,heldout,
real_moleculenet_lipophilicity,mixed_kernel_gp_ei,29228,91.0,90.075,2.75,0,heldout,
real_moleculenet_lipophilicity,target_acquisition_portfolio,29228,90.0,89.875,3.75,0,heldout,
real_moleculenet_lipophilicity,care_strategy_router,29229,87.125,83.9,6.625,0,heldout,llm_semantic_domain_knowledge_polar_surface_control_noprior
real_moleculenet_lipophilicity,gp_ucb,29229,77.375,77.2875,16.375,0,heldout,
real_moleculenet_lipophilicity,llambo_warmstart_domain_knowledge_polar_surface_control_noprior,29229,93.75,92.65,0.0,1,heldout,
real_moleculenet_lipophilicity,llambo_warmstart_selector,29229,93.75,92.65,0.0,1,heldout,llambo_warmstart_domain_knowledge_polar_surface_control_noprior
real_moleculenet_lipophilicity,llm_calibrated_selector,29229,87.125,83.9,6.625,0,heldout,llm_semantic_domain_knowledge_polar_surface_control_noprior
real_moleculenet_lipophilicity,llm_direct_prior_domain_knowledge_polar_surface_control_noprior,29229,84.625,77.8125,9.125,0,heldout,
real_moleculenet_lipophilicity,llm_direct_prior_selector,29229,84.625,77.8125,9.125,0,heldout,llm_direct_prior_domain_knowledge_polar_surface_control_noprior
real_moleculenet_lipophilicity,llm_semantic_domain_knowledge_polar_surface_control_noprior,29229,87.125,83.9,6.625,0,heldout,
real_moleculenet_lipophilicity,mixed_kernel_gp_ei,29229,82.5,77.9,11.25,0,heldout,
real_moleculenet_lipophilicity,target_acquisition_portfolio,29229,82.5,77.9,11.25,0,heldout,
real_moleculenet_lipophilicity,care_strategy_router,29230,93.75,93.75,0.0,1,heldout,llm_semantic_domain_knowledge_polar_surface_control_noprior
real_moleculenet_lipophilicity,gp_ucb,29230,87.5,86.6,6.25,0,heldout,
real_moleculenet_lipophilicity,llambo_warmstart_domain_knowledge_polar_surface_control_noprior,29230,87.5,86.0,6.25,0,heldout,
real_moleculenet_lipophilicity,llambo_warmstart_selector,29230,87.5,86.0,6.25,0,heldout,llambo_warmstart_domain_knowledge_polar_surface_control_noprior
real_moleculenet_lipophilicity,llm_calibrated_selector,29230,93.75,93.75,0.0,1,heldout,llm_semantic_domain_knowledge_polar_surface_control_noprior
real_moleculenet_lipophilicity,llm_direct_prior_domain_knowledge_polar_surface_control_noprior,29230,93.75,89.85,0.0,1,heldout,
real_moleculenet_lipophilicity,llm_direct_prior_selector,29230,93.75,89.85,0.0,1,heldout,llm_direct_prior_domain_knowledge_polar_surface_control_noprior
real_moleculenet_lipophilicity,llm_semantic_domain_knowledge_polar_surface_control_noprior,29230,93.75,93.75,0.0,1,heldout,
real_moleculenet_lipophilicity,mixed_kernel_gp_ei,29230,87.5,86.6,6.25,0,heldout,
real_moleculenet_lipophilicity,target_acquisition_portfolio,29230,87.375,86.5625,6.375,0,heldout,
real_moleculenet_lipophilicity,care_strategy_router,29231,88.75,88.75,5.0,0,heldout,llm_semantic_domain_knowledge_polar_surface_control_noprior
real_moleculenet_lipophilicity,gp_ucb,29231,88.75,88.75,5.0,0,heldout,
real_moleculenet_lipophilicity,llambo_warmstart_domain_knowledge_polar_surface_control_noprior,29231,93.75,86.425,0.0,1,heldout,
real_moleculenet_lipophilicity,llambo_warmstart_selector,29231,93.75,86.425,0.0,1,heldout,llambo_warmstart_domain_knowledge_polar_surface_control_noprior
real_moleculenet_lipophilicity,llm_calibrated_selector,29231,88.75,88.75,5.0,0,heldout,llm_semantic_domain_knowledge_polar_surface_control_noprior
real_moleculenet_lipophilicity,llm_direct_prior_domain_knowledge_polar_surface_control_noprior,29231,88.75,88.75,5.0,0,heldout,
real_moleculenet_lipophilicity,llm_direct_prior_selector,29231,88.75,88.75,5.0,0,heldout,llm_direct_prior_domain_knowledge_polar_surface_control_noprior
real_moleculenet_lipophilicity,llm_semantic_domain_knowledge_polar_surface_control_noprior,29231,88.75,88.75,5.0,0,heldout,
real_moleculenet_lipophilicity,mixed_kernel_gp_ei,29231,93.75,90.225,0.0,1,heldout,
real_moleculenet_lipophilicity,target_acquisition_portfolio,29231,93.5,90.65,0.25,1,heldout,
real_moleculenet_lipophilicity,care_strategy_router,29232,83.125,83.125,10.625,0,heldout,llm_semantic_domain_knowledge_polar_surface_control_noprior
real_moleculenet_lipophilicity,gp_ucb,29232,83.125,83.125,10.625,0,heldout,
real_moleculenet_lipophilicity,llambo_warmstart_domain_knowledge_polar_surface_control_noprior,29232,86.25,83.75,7.5,0,heldout,
real_moleculenet_lipophilicity,llambo_warmstart_selector,29232,86.25,83.75,7.5,0,heldout,llambo_warmstart_domain_knowledge_polar_surface_control_noprior
real_moleculenet_lipophilicity,llm_calibrated_selector,29232,83.125,83.125,10.625,0,heldout,llm_semantic_domain_knowledge_polar_surface_control_noprior
real_moleculenet_lipophilicity,llm_direct_prior_domain_knowledge_polar_surface_control_noprior,29232,93.75,84.25,0.0,1,heldout,
real_moleculenet_lipophilicity,llm_direct_prior_selector,29232,93.75,84.25,0.0,1,heldout,llm_direct_prior_domain_knowledge_polar_surface_control_noprior
real_moleculenet_lipophilicity,llm_semantic_domain_knowledge_polar_surface_control_noprior,29232,83.125,83.125,10.625,0,heldout,
real_moleculenet_lipophilicity,mixed_kernel_gp_ei,29232,83.125,83.125,10.625,0,heldout,
real_moleculenet_lipophilicity,target_acquisition_portfolio,29232,83.125,83.125,10.625,0,heldout,
real_moleculenet_lipophilicity,care_strategy_router,29233,85.0,83.25,8.75,0,heldout,llm_semantic_domain_knowledge_polar_surface_control_noprior
real_moleculenet_lipophilicity,gp_ucb,29233,90.0,87.2875,3.75,0,heldout,
real_moleculenet_lipophilicity,llambo_warmstart_domain_knowledge_polar_surface_control_noprior,29233,88.25,85.3875,5.5,0,heldout,
real_moleculenet_lipophilicity,llambo_warmstart_selector,29233,88.25,85.3875,5.5,0,heldout,llambo_warmstart_domain_knowledge_polar_surface_control_noprior
real_moleculenet_lipophilicity,llm_calibrated_selector,29233,85.0,83.25,8.75,0,heldout,llm_semantic_domain_knowledge_polar_surface_control_noprior
real_moleculenet_lipophilicity,llm_direct_prior_domain_knowledge_polar_surface_control_noprior,29233,87.5,84.1875,6.25,0,heldout,
real_moleculenet_lipophilicity,llm_direct_prior_selector,29233,87.5,84.1875,6.25,0,heldout,llm_direct_prior_domain_knowledge_polar_surface_control_noprior
real_moleculenet_lipophilicity,llm_semantic_domain_knowledge_polar_surface_control_noprior,29233,85.0,83.25,8.75,0,heldout,
real_moleculenet_lipophilicity,mixed_kernel_gp_ei,29233,85.625,85.625,8.125,0,heldout,
real_moleculenet_lipophilicity,target_acquisition_portfolio,29233,85.375,85.375,8.375,0,heldout,
real_moleculenet_lipophilicity,care_strategy_router,29234,93.75,93.1,0.0,1,heldout,llm_semantic_domain_knowledge_polar_surface_control_noprior
real_moleculenet_lipophilicity,gp_ucb,29234,82.5,82.5,11.25,0,heldout,
real_moleculenet_lipophilicity,llambo_warmstart_domain_knowledge_polar_surface_control_noprior,29234,93.5,90.0375,0.25,1,heldout,
real_moleculenet_lipophilicity,llambo_warmstart_selector,29234,93.5,90.0375,0.25,1,heldout,llambo_warmstart_domain_knowledge_polar_surface_control_noprior
real_moleculenet_lipophilicity,llm_calibrated_selector,29234,93.75,93.1,0.0,1,heldout,llm_semantic_domain_knowledge_polar_surface_control_noprior
real_moleculenet_lipophilicity,llm_direct_prior_domain_knowledge_polar_surface_control_noprior,29234,85.375,85.0875,8.375,0,heldout,
real_moleculenet_lipophilicity,llm_direct_prior_selector,29234,85.375,85.0875,8.375,0,heldout,llm_direct_prior_domain_knowledge_polar_surface_control_noprior
real_moleculenet_lipophilicity,llm_semantic_domain_knowledge_polar_surface_control_noprior,29234,93.75,93.1,0.0,1,heldout,
real_moleculenet_lipophilicity,mixed_kernel_gp_ei,29234,85.875,84.8625,7.875,0,heldout,
real_moleculenet_lipophilicity,target_acquisition_portfolio,29234,82.5,82.5,11.25,0,heldout,
real_moleculenet_lipophilicity,care_strategy_router,29235,81.75,79.3125,12.0,0,heldout,llm_semantic_domain_knowledge_polar_surface_control_noprior
real_moleculenet_lipophilicity,gp_ucb,29235,85.0,82.8875,8.75,0,heldout,
real_moleculenet_lipophilicity,llambo_warmstart_domain_knowledge_polar_surface_control_noprior,29235,90.0,88.0,3.75,0,heldout,
real_moleculenet_lipophilicity,llambo_warmstart_selector,29235,90.0,88.0,3.75,0,heldout,llambo_warmstart_domain_knowledge_polar_surface_control_noprior
real_moleculenet_lipophilicity,llm_calibrated_selector,29235,81.75,79.3125,12.0,0,heldout,llm_semantic_domain_knowledge_polar_surface_control_noprior
real_moleculenet_lipophilicity,llm_direct_prior_domain_knowledge_polar_surface_control_noprior,29235,93.75,90.75,0.0,1,heldout,
real_moleculenet_lipophilicity,llm_direct_prior_selector,29235,93.75,90.75,0.0,1,heldout,llm_direct_prior_domain_knowledge_polar_surface_control_noprior
real_moleculenet_lipophilicity,llm_semantic_domain_knowledge_polar_surface_control_noprior,29235,81.75,79.3125,12.0,0,heldout,
real_moleculenet_lipophilicity,mixed_kernel_gp_ei,29235,85.0,82.8875,8.75,0,heldout,
real_moleculenet_lipophilicity,target_acquisition_portfolio,29235,85.0,82.8875,8.75,0,heldout,
real_moleculenet_lipophilicity,care_strategy_router,29236,93.75,93.75,0.0,1,heldout,llm_semantic_domain_knowledge_polar_surface_control_noprior
real_moleculenet_lipophilicity,gp_ucb,29236,93.5,86.975,0.25,1,heldout,
real_moleculenet_lipophilicity,llambo_warmstart_domain_knowledge_polar_surface_control_noprior,29236,93.5,93.5,0.25,1,heldout,
real_moleculenet_lipophilicity,llambo_warmstart_selector,29236,93.5,93.5,0.25,1,heldout,llambo_warmstart_domain_knowledge_polar_surface_control_noprior
real_moleculenet_lipophilicity,llm_calibrated_selector,29236,93.75,93.75,0.0,1,heldout,llm_semantic_domain_knowledge_polar_surface_control_noprior
real_moleculenet_lipophilicity,llm_direct_prior_domain_knowledge_polar_surface_control_noprior,29236,88.625,87.525,5.125,0,heldout,
real_moleculenet_lipophilicity,llm_direct_prior_selector,29236,88.625,87.525,5.125,0,heldout,llm_direct_prior_domain_knowledge_polar_surface_control_noprior
real_moleculenet_lipophilicity,llm_semantic_domain_knowledge_polar_surface_control_noprior,29236,93.75,93.75,0.0,1,heldout,
real_moleculenet_lipophilicity,mixed_kernel_gp_ei,29236,93.75,81.7125,0.0,1,heldout,
real_moleculenet_lipophilicity,target_acquisition_portfolio,29236,93.5,86.975,0.25,1,heldout,
real_moleculenet_lipophilicity,care_strategy_router,29237,88.625,82.725,5.125,0,heldout,llm_semantic_domain_knowledge_polar_surface_control_noprior
real_moleculenet_lipophilicity,gp_ucb,29237,88.75,83.5,5.0,0,heldout,
real_moleculenet_lipophilicity,llambo_warmstart_domain_knowledge_polar_surface_control_noprior,29237,82.875,82.875,10.875,0,heldout,
real_moleculenet_lipophilicity,llambo_warmstart_selector,29237,82.875,82.875,10.875,0,heldout,llambo_warmstart_domain_knowledge_polar_surface_control_noprior
real_moleculenet_lipophilicity,llm_calibrated_selector,29237,88.625,82.725,5.125,0,heldout,llm_semantic_domain_knowledge_polar_surface_control_noprior
real_moleculenet_lipophilicity,llm_direct_prior_domain_knowledge_polar_surface_control_noprior,29237,88.625,81.725,5.125,0,heldout,
real_moleculenet_lipophilicity,llm_direct_prior_selector,29237,88.625,81.725,5.125,0,heldout,llm_direct_prior_domain_knowledge_polar_surface_control_noprior
real_moleculenet_lipophilicity,llm_semantic_domain_knowledge_polar_surface_control_noprior,29237,88.625,82.725,5.125,0,heldout,
real_moleculenet_lipophilicity,mixed_kernel_gp_ei,29237,84.625,82.8375,9.125,0,heldout,
real_moleculenet_lipophilicity,target_acquisition_portfolio,29237,88.75,83.5,5.0,0,heldout,
real_moleculenet_lipophilicity,care_strategy_router,29238,91.25,88.9625,2.5,0,heldout,llm_semantic_domain_knowledge_polar_surface_control_noprior
real_moleculenet_lipophilicity,gp_ucb,29238,83.625,83.625,10.125,0,heldout,
real_moleculenet_lipophilicity,llambo_warmstart_domain_knowledge_polar_surface_control_noprior,29238,82.875,82.875,10.875,0,heldout,
real_moleculenet_lipophilicity,llambo_warmstart_selector,29238,82.875,82.875,10.875,0,heldout,llambo_warmstart_domain_knowledge_polar_surface_control_noprior
real_moleculenet_lipophilicity,llm_calibrated_selector,29238,91.25,88.9625,2.5,0,heldout,llm_semantic_domain_knowledge_polar_surface_control_noprior
real_moleculenet_lipophilicity,llm_direct_prior_domain_knowledge_polar_surface_control_noprior,29238,83.625,83.625,10.125,0,heldout,
real_moleculenet_lipophilicity,llm_direct_prior_selector,29238,83.625,83.625,10.125,0,heldout,llm_direct_prior_domain_knowledge_polar_surface_control_noprior
real_moleculenet_lipophilicity,llm_semantic_domain_knowledge_polar_surface_control_noprior,29238,91.25,88.9625,2.5,0,heldout,
real_moleculenet_lipophilicity,mixed_kernel_gp_ei,29238,88.75,84.65,5.0,0,heldout,
real_moleculenet_lipophilicity,target_acquisition_portfolio,29238,88.75,84.1375,5.0,0,heldout,
real_moleculenet_lipophilicity,care_strategy_router,29239,90.0,88.075,3.75,0,heldout,llm_semantic_domain_knowledge_polar_surface_control_noprior
real_moleculenet_lipophilicity,gp_ucb,29239,93.75,90.3125,0.0,1,heldout,
real_moleculenet_lipophilicity,llambo_warmstart_domain_knowledge_polar_surface_control_noprior,29239,82.875,82.875,10.875,0,heldout,
real_moleculenet_lipophilicity,llambo_warmstart_selector,29239,82.875,82.875,10.875,0,heldout,llambo_warmstart_domain_knowledge_polar_surface_control_noprior
real_moleculenet_lipophilicity,llm_calibrated_selector,29239,90.0,88.075,3.75,0,heldout,llm_semantic_domain_knowledge_polar_surface_control_noprior
real_moleculenet_lipophilicity,llm_direct_prior_domain_knowledge_polar_surface_control_noprior,29239,93.75,83.1875,0.0,1,heldout,
real_moleculenet_lipophilicity,llm_direct_prior_selector,29239,93.75,83.1875,0.0,1,heldout,llm_direct_prior_domain_knowledge_polar_surface_control_noprior
real_moleculenet_lipophilicity,llm_semantic_domain_knowledge_polar_surface_control_noprior,29239,90.0,88.075,3.75,0,heldout,
real_moleculenet_lipophilicity,mixed_kernel_gp_ei,29239,88.625,76.425,5.125,0,heldout,
real_moleculenet_lipophilicity,target_acquisition_portfolio,29239,93.75,92.4875,0.0,1,heldout,
real_moleculenet_lipophilicity,care_strategy_router,29240,93.75,86.5,0.0,1,heldout,llm_semantic_domain_knowledge_polar_surface_control_noprior
real_moleculenet_lipophilicity,gp_ucb,29240,93.75,81.95,0.0,1,heldout,
real_moleculenet_lipophilicity,llambo_warmstart_domain_knowledge_polar_surface_control_noprior,29240,82.875,82.875,10.875,0,heldout,
real_moleculenet_lipophilicity,llambo_warmstart_selector,29240,82.875,82.875,10.875,0,heldout,llambo_warmstart_domain_knowledge_polar_surface_control_noprior
real_moleculenet_lipophilicity,llm_calibrated_selector,29240,93.75,86.5,0.0,1,heldout,llm_semantic_domain_knowledge_polar_surface_control_noprior
real_moleculenet_lipophilicity,llm_direct_prior_domain_knowledge_polar_surface_control_noprior,29240,93.75,89.4,0.0,1,heldout,
real_moleculenet_lipophilicity,llm_direct_prior_selector,29240,93.75,89.4,0.0,1,heldout,llm_direct_prior_domain_knowledge_polar_surface_control_noprior
real_moleculenet_lipophilicity,llm_semantic_domain_knowledge_polar_surface_control_noprior,29240,93.75,86.5,0.0,1,heldout,
real_moleculenet_lipophilicity,mixed_kernel_gp_ei,29240,80.25,80.25,13.5,0,heldout,
real_moleculenet_lipophilicity,target_acquisition_portfolio,29240,93.75,91.05,0.0,1,heldout,
real_moleculenet_lipophilicity,care_strategy_router,29241,87.5,87.5,6.25,0,heldout,llm_semantic_domain_knowledge_polar_surface_control_noprior
real_moleculenet_lipophilicity,gp_ucb,29241,87.5,87.5,6.25,0,heldout,
real_moleculenet_lipophilicity,llambo_warmstart_domain_knowledge_polar_surface_control_noprior,29241,93.75,93.75,0.0,1,heldout,
real_moleculenet_lipophilicity,llambo_warmstart_selector,29241,93.75,93.75,0.0,1,heldout,llambo_warmstart_domain_knowledge_polar_surface_control_noprior
real_moleculenet_lipophilicity,llm_calibrated_selector,29241,87.5,87.5,6.25,0,heldout,llm_semantic_domain_knowledge_polar_surface_control_noprior
real_moleculenet_lipophilicity,llm_direct_prior_domain_knowledge_polar_surface_control_noprior,29241,87.5,87.5,6.25,0,heldout,
real_moleculenet_lipophilicity,llm_direct_prior_selector,29241,87.5,87.5,6.25,0,heldout,llm_direct_prior_domain_knowledge_polar_surface_control_noprior
real_moleculenet_lipophilicity,llm_semantic_domain_knowledge_polar_surface_control_noprior,29241,87.5,87.5,6.25,0,heldout,
real_moleculenet_lipophilicity,mixed_kernel_gp_ei,29241,87.5,87.5,6.25,0,heldout,
real_moleculenet_lipophilicity,target_acquisition_portfolio,29241,87.5,87.5,6.25,0,heldout,
real_moleculenet_lipophilicity,care_strategy_router,29242,90.0,86.6,3.75,0,heldout,llm_semantic_domain_knowledge_polar_surface_control_noprior
real_moleculenet_lipophilicity,gp_ucb,29242,83.375,83.375,10.375,0,heldout,
real_moleculenet_lipophilicity,llambo_warmstart_domain_knowledge_polar_surface_control_noprior,29242,83.125,79.3125,10.625,0,heldout,
real_moleculenet_lipophilicity,llambo_warmstart_selector,29242,83.125,79.3125,10.625,0,heldout,llambo_warmstart_domain_knowledge_polar_surface_control_noprior
real_moleculenet_lipophilicity,llm_calibrated_selector,29242,90.0,86.6,3.75,0,heldout,llm_semantic_domain_knowledge_polar_surface_control_noprior
real_moleculenet_lipophilicity,llm_direct_prior_domain_knowledge_polar_surface_control_noprior,29242,93.75,90.6375,0.0,1,heldout,
real_moleculenet_lipophilicity,llm_direct_prior_selector,29242,93.75,90.6375,0.0,1,heldout,llm_direct_prior_domain_knowledge_polar_surface_control_noprior
real_moleculenet_lipophilicity,llm_semantic_domain_knowledge_polar_surface_control_noprior,29242,90.0,86.6,3.75,0,heldout,
real_moleculenet_lipophilicity,mixed_kernel_gp_ei,29242,87.25,84.5375,6.5,0,heldout,
real_moleculenet_lipophilicity,target_acquisition_portfolio,29242,88.625,84.95,5.125,0,heldout,
real_moleculenet_lipophilicity,care_strategy_router,29243,81.25,79.8,12.5,0,heldout,llm_semantic_domain_knowledge_polar_surface_control_noprior
real_moleculenet_lipophilicity,gp_ucb,29243,93.75,84.75,0.0,1,heldout,
real_moleculenet_lipophilicity,llambo_warmstart_domain_knowledge_polar_surface_control_noprior,29243,93.75,93.75,0.0,1,heldout,
real_moleculenet_lipophilicity,llambo_warmstart_selector,29243,93.75,93.75,0.0,1,heldout,llambo_warmstart_domain_knowledge_polar_surface_control_noprior
real_moleculenet_lipophilicity,llm_calibrated_selector,29243,81.25,79.8,12.5,0,heldout,llm_semantic_domain_knowledge_polar_surface_control_noprior
real_moleculenet_lipophilicity,llm_direct_prior_domain_knowledge_polar_surface_control_noprior,29243,83.625,82.2625,10.125,0,heldout,
real_moleculenet_lipophilicity,llm_direct_prior_selector,29243,83.625,82.2625,10.125,0,heldout,llm_direct_prior_domain_knowledge_polar_surface_control_noprior
real_moleculenet_lipophilicity,llm_semantic_domain_knowledge_polar_surface_control_noprior,29243,81.25,79.8,12.5,0,heldout,
real_moleculenet_lipophilicity,mixed_kernel_gp_ei,29243,90.0,88.5,3.75,0,heldout,
real_moleculenet_lipophilicity,target_acquisition_portfolio,29243,85.625,83.375,8.125,0,heldout,
real_moleculenet_lipophilicity,care_strategy_router,29244,90.75,90.75,3.0,0,heldout,llm_semantic_domain_knowledge_polar_surface_control_noprior
real_moleculenet_lipophilicity,gp_ucb,29244,91.375,90.9375,2.375,0,heldout,
real_moleculenet_lipophilicity,llambo_warmstart_domain_knowledge_polar_surface_control_noprior,29244,91.25,82.975,2.5,0,heldout,
real_moleculenet_lipophilicity,llambo_warmstart_selector,29244,91.25,82.975,2.5,0,heldout,llambo_warmstart_domain_knowledge_polar_surface_control_noprior
real_moleculenet_lipophilicity,llm_calibrated_selector,29244,90.75,90.75,3.0,0,heldout,llm_semantic_domain_knowledge_polar_surface_control_noprior
real_moleculenet_lipophilicity,llm_direct_prior_domain_knowledge_polar_surface_control_noprior,29244,93.75,92.25,0.0,1,heldout,
real_moleculenet_lipophilicity,llm_direct_prior_selector,29244,93.75,92.25,0.0,1,heldout,llm_direct_prior_domain_knowledge_polar_surface_control_noprior
real_moleculenet_lipophilicity,llm_semantic_domain_knowledge_polar_surface_control_noprior,29244,90.75,90.75,3.0,0,heldout,
real_moleculenet_lipophilicity,mixed_kernel_gp_ei,29244,90.75,90.75,3.0,0,heldout,
real_moleculenet_lipophilicity,target_acquisition_portfolio,29244,90.75,90.75,3.0,0,heldout,
real_moleculenet_lipophilicity,care_strategy_router,29245,87.5,85.75,6.25,0,heldout,llm_semantic_domain_knowledge_polar_surface_control_noprior
real_moleculenet_lipophilicity,gp_ucb,29245,82.0,77.875,11.75,0,heldout,
real_moleculenet_lipophilicity,llambo_warmstart_domain_knowledge_polar_surface_control_noprior,29245,82.75,82.75,11.0,0,heldout,
real_moleculenet_lipophilicity,llambo_warmstart_selector,29245,82.75,82.75,11.0,0,heldout,llambo_warmstart_domain_knowledge_polar_surface_control_noprior
real_moleculenet_lipophilicity,llm_calibrated_selector,29245,87.5,85.75,6.25,0,heldout,llm_semantic_domain_knowledge_polar_surface_control_noprior
real_moleculenet_lipophilicity,llm_direct_prior_domain_knowledge_polar_surface_control_noprior,29245,82.875,80.1375,10.875,0,heldout,
real_moleculenet_lipophilicity,llm_direct_prior_selector,29245,82.875,80.1375,10.875,0,heldout,llm_direct_prior_domain_knowledge_polar_surface_control_noprior
real_moleculenet_lipophilicity,llm_semantic_domain_knowledge_polar_surface_control_noprior,29245,87.5,85.75,6.25,0,heldout,
real_moleculenet_lipophilicity,mixed_kernel_gp_ei,29245,82.0,78.7,11.75,0,heldout,
real_moleculenet_lipophilicity,target_acquisition_portfolio,29245,80.75,76.2,13.0,0,heldout,
real_moleculenet_lipophilicity,care_strategy_router,29246,93.75,93.75,0.0,1,heldout,llm_semantic_domain_knowledge_polar_surface_control_noprior
real_moleculenet_lipophilicity,gp_ucb,29246,93.75,84.725,0.0,1,heldout,
real_moleculenet_lipophilicity,llambo_warmstart_domain_knowledge_polar_surface_control_noprior,29246,90.0,90.0,3.75,0,heldout,
real_moleculenet_lipophilicity,llambo_warmstart_selector,29246,90.0,90.0,3.75,0,heldout,llambo_warmstart_domain_knowledge_polar_surface_control_noprior
real_moleculenet_lipophilicity,llm_calibrated_selector,29246,93.75,93.75,0.0,1,heldout,llm_semantic_domain_knowledge_polar_surface_control_noprior
real_moleculenet_lipophilicity,llm_direct_prior_domain_knowledge_polar_surface_control_noprior,29246,88.625,85.9,5.125,0,heldout,
real_moleculenet_lipophilicity,llm_direct_prior_selector,29246,88.625,85.9,5.125,0,heldout,llm_direct_prior_domain_knowledge_polar_surface_control_noprior
real_moleculenet_lipophilicity,llm_semantic_domain_knowledge_polar_surface_control_noprior,29246,93.75,93.75,0.0,1,heldout,
real_moleculenet_lipophilicity,mixed_kernel_gp_ei,29246,93.75,88.3625,0.0,1,heldout,
real_moleculenet_lipophilicity,target_acquisition_portfolio,29246,93.75,92.3,0.0,1,heldout,
real_moleculenet_lipophilicity,care_strategy_router,29247,87.25,80.975,6.5,0,heldout,llm_semantic_domain_knowledge_polar_surface_control_noprior
real_moleculenet_lipophilicity,gp_ucb,29247,88.625,88.225,5.125,0,heldout,
real_moleculenet_lipophilicity,llambo_warmstart_domain_knowledge_polar_surface_control_noprior,29247,83.375,82.8625,10.375,0,heldout,
real_moleculenet_lipophilicity,llambo_warmstart_selector,29247,83.375,82.8625,10.375,0,heldout,llambo_warmstart_domain_knowledge_polar_surface_control_noprior
real_moleculenet_lipophilicity,llm_calibrated_selector,29247,87.25,80.975,6.5,0,heldout,llm_semantic_domain_knowledge_polar_surface_control_noprior
real_moleculenet_lipophilicity,llm_direct_prior_domain_knowledge_polar_surface_control_noprior,29247,88.625,84.8625,5.125,0,heldout,
real_moleculenet_lipophilicity,llm_direct_prior_selector,29247,88.625,84.8625,5.125,0,heldout,llm_direct_prior_domain_knowledge_polar_surface_control_noprior
real_moleculenet_lipophilicity,llm_semantic_domain_knowledge_polar_surface_control_noprior,29247,87.25,80.975,6.5,0,heldout,
real_moleculenet_lipophilicity,mixed_kernel_gp_ei,29247,88.125,86.5625,5.625,0,heldout,
real_moleculenet_lipophilicity,target_acquisition_portfolio,29247,88.125,86.5625,5.625,0,heldout,
real_moleculenet_lipophilicity,care_strategy_router,29248,77.5,77.5,16.25,0,heldout,llm_semantic_domain_knowledge_polar_surface_control_noprior
real_moleculenet_lipophilicity,gp_ucb,29248,84.875,81.35,8.875,0,heldout,
real_moleculenet_lipophilicity,llambo_warmstart_domain_knowledge_polar_surface_control_noprior,29248,89.875,88.45,3.875,0,heldout,
real_moleculenet_lipophilicity,llambo_warmstart_selector,29248,89.875,88.45,3.875,0,heldout,llambo_warmstart_domain_knowledge_polar_surface_control_noprior
real_moleculenet_lipophilicity,llm_calibrated_selector,29248,77.5,77.5,16.25,0,heldout,llm_semantic_domain_knowledge_polar_surface_control_noprior
real_moleculenet_lipophilicity,llm_direct_prior_domain_knowledge_polar_surface_control_noprior,29248,90.0,80.0,3.75,0,heldout,
real_moleculenet_lipophilicity,llm_direct_prior_selector,29248,90.0,80.0,3.75,0,heldout,llm_direct_prior_domain_knowledge_polar_surface_control_noprior
real_moleculenet_lipophilicity,llm_semantic_domain_knowledge_polar_surface_control_noprior,29248,77.5,77.5,16.25,0,heldout,
real_moleculenet_lipophilicity,mixed_kernel_gp_ei,29248,80.375,80.0875,13.375,0,heldout,
real_moleculenet_lipophilicity,target_acquisition_portfolio,29248,90.0,81.8625,3.75,0,heldout,
real_moleculenet_lipophilicity,care_strategy_router,29249,93.75,92.725,0.0,1,heldout,llm_semantic_domain_knowledge_polar_surface_control_noprior
real_moleculenet_lipophilicity,gp_ucb,29249,88.625,88.4,5.125,0,heldout,
real_moleculenet_lipophilicity,llambo_warmstart_domain_knowledge_polar_surface_control_noprior,29249,93.75,89.975,0.0,1,heldout,
real_moleculenet_lipophilicity,llambo_warmstart_selector,29249,93.75,89.975,0.0,1,heldout,llambo_warmstart_domain_knowledge_polar_surface_control_noprior
real_moleculenet_lipophilicity,llm_calibrated_selector,29249,93.75,92.725,0.0,1,heldout,llm_semantic_domain_knowledge_polar_surface_control_noprior
real_moleculenet_lipophilicity,llm_direct_prior_domain_knowledge_polar_surface_control_noprior,29249,88.625,88.5875,5.125,0,heldout,
real_moleculenet_lipophilicity,llm_direct_prior_selector,29249,88.625,88.5875,5.125,0,heldout,llm_direct_prior_domain_knowledge_polar_surface_control_noprior
real_moleculenet_lipophilicity,llm_semantic_domain_knowledge_polar_surface_control_noprior,29249,93.75,92.725,0.0,1,heldout,
real_moleculenet_lipophilicity,mixed_kernel_gp_ei,29249,88.625,88.475,5.125,0,heldout,
real_moleculenet_lipophilicity,target_acquisition_portfolio,29249,92.25,90.25,1.5,0,heldout,
real_moleculenet_lipophilicity,care_strategy_router,29250,90.0,85.875,3.75,0,heldout,llm_semantic_domain_knowledge_polar_surface_control_noprior
real_moleculenet_lipophilicity,gp_ucb,29250,93.75,91.225,0.0,1,heldout,
real_moleculenet_lipophilicity,llambo_warmstart_domain_knowledge_polar_surface_control_noprior,29250,80.0,77.8875,13.75,0,heldout,
real_moleculenet_lipophilicity,llambo_warmstart_selector,29250,80.0,77.8875,13.75,0,heldout,llambo_warmstart_domain_knowledge_polar_surface_control_noprior
real_moleculenet_lipophilicity,llm_calibrated_selector,29250,90.0,85.875,3.75,0,heldout,llm_semantic_domain_knowledge_polar_surface_control_noprior
real_moleculenet_lipophilicity,llm_direct_prior_domain_knowledge_polar_surface_control_noprior,29250,83.625,80.2,10.125,0,heldout,
real_moleculenet_lipophilicity,llm_direct_prior_selector,29250,83.625,80.2,10.125,0,heldout,llm_direct_prior_domain_knowledge_polar_surface_control_noprior
real_moleculenet_lipophilicity,llm_semantic_domain_knowledge_polar_surface_control_noprior,29250,90.0,85.875,3.75,0,heldout,
real_moleculenet_lipophilicity,mixed_kernel_gp_ei,29250,93.75,91.225,0.0,1,heldout,
real_moleculenet_lipophilicity,target_acquisition_portfolio,29250,93.75,91.225,0.0,1,heldout,
real_moleculenet_lipophilicity,care_strategy_router,29251,90.75,90.75,3.0,0,heldout,llm_semantic_domain_knowledge_polar_surface_control_noprior
real_moleculenet_lipophilicity,gp_ucb,29251,90.75,90.75,3.0,0,heldout,
real_moleculenet_lipophilicity,llambo_warmstart_domain_knowledge_polar_surface_control_noprior,29251,86.25,82.0875,7.5,0,heldout,
real_moleculenet_lipophilicity,llambo_warmstart_selector,29251,86.25,82.0875,7.5,0,heldout,llambo_warmstart_domain_knowledge_polar_surface_control_noprior
real_moleculenet_lipophilicity,llm_calibrated_selector,29251,90.75,90.75,3.0,0,heldout,llm_semantic_domain_knowledge_polar_surface_control_noprior
real_moleculenet_lipophilicity,llm_direct_prior_domain_knowledge_polar_surface_control_noprior,29251,92.5,92.15,1.25,0,heldout,
real_moleculenet_lipophilicity,llm_direct_prior_selector,29251,92.5,92.15,1.25,0,heldout,llm_direct_prior_domain_knowledge_polar_surface_control_noprior
real_moleculenet_lipophilicity,llm_semantic_domain_knowledge_polar_surface_control_noprior,29251,90.75,90.75,3.0,0,heldout,
real_moleculenet_lipophilicity,mixed_kernel_gp_ei,29251,90.75,90.75,3.0,0,heldout,
real_moleculenet_lipophilicity,target_acquisition_portfolio,29251,90.75,90.75,3.0,0,heldout,
real_moleculenet_lipophilicity,care_strategy_router,29252,87.125,84.275,6.625,0,heldout,llm_semantic_domain_knowledge_polar_surface_control_noprior
real_moleculenet_lipophilicity,gp_ucb,29252,82.5,78.5,11.25,0,heldout,
real_moleculenet_lipophilicity,llambo_warmstart_domain_knowledge_polar_surface_control_noprior,29252,88.625,83.175,5.125,0,heldout,
real_moleculenet_lipophilicity,llambo_warmstart_selector,29252,88.625,83.175,5.125,0,heldout,llambo_warmstart_domain_knowledge_polar_surface_control_noprior
real_moleculenet_lipophilicity,llm_calibrated_selector,29252,87.125,84.275,6.625,0,heldout,llm_semantic_domain_knowledge_polar_surface_control_noprior
real_moleculenet_lipophilicity,llm_direct_prior_domain_knowledge_polar_surface_control_noprior,29252,83.625,82.475,10.125,0,heldout,
real_moleculenet_lipophilicity,llm_direct_prior_selector,29252,83.625,82.475,10.125,0,heldout,llm_direct_prior_domain_knowledge_polar_surface_control_noprior
real_moleculenet_lipophilicity,llm_semantic_domain_knowledge_polar_surface_control_noprior,29252,87.125,84.275,6.625,0,heldout,
real_moleculenet_lipophilicity,mixed_kernel_gp_ei,29252,79.0,76.9375,14.75,0,heldout,
real_moleculenet_lipophilicity,target_acquisition_portfolio,29252,82.5,78.5,11.25,0,heldout,
real_moleculenet_lipophilicity,care_strategy_router,29253,93.5,92.5875,0.25,1,heldout,llm_semantic_domain_knowledge_polar_surface_control_noprior
real_moleculenet_lipophilicity,gp_ucb,29253,86.25,85.8375,7.5,0,heldout,
real_moleculenet_lipophilicity,llambo_warmstart_domain_knowledge_polar_surface_control_noprior,29253,90.125,87.6625,3.625,0,heldout,
real_moleculenet_lipophilicity,llambo_warmstart_selector,29253,90.125,87.6625,3.625,0,heldout,llambo_warmstart_domain_knowledge_polar_surface_control_noprior
real_moleculenet_lipophilicity,llm_calibrated_selector,29253,93.5,92.5875,0.25,1,heldout,llm_semantic_domain_knowledge_polar_surface_control_noprior
real_moleculenet_lipophilicity,llm_direct_prior_domain_knowledge_polar_surface_control_noprior,29253,93.75,88.625,0.0,1,heldout,
real_moleculenet_lipophilicity,llm_direct_prior_selector,29253,93.75,88.625,0.0,1,heldout,llm_direct_prior_domain_knowledge_polar_surface_control_noprior
real_moleculenet_lipophilicity,llm_semantic_domain_knowledge_polar_surface_control_noprior,29253,93.5,92.5875,0.25,1,heldout,
real_moleculenet_lipophilicity,mixed_kernel_gp_ei,29253,86.25,85.8375,7.5,0,heldout,
real_moleculenet_lipophilicity,target_acquisition_portfolio,29253,86.25,85.8375,7.5,0,heldout,
real_moleculenet_lipophilicity,care_strategy_router,29254,89.625,88.95,4.125,0,heldout,llm_semantic_domain_knowledge_polar_surface_control_noprior
real_moleculenet_lipophilicity,gp_ucb,29254,73.75,73.3125,20.0,0,heldout,
real_moleculenet_lipophilicity,llambo_warmstart_domain_knowledge_polar_surface_control_noprior,29254,87.375,87.3625,6.375,0,heldout,
real_moleculenet_lipophilicity,llambo_warmstart_selector,29254,87.375,87.3625,6.375,0,heldout,llambo_warmstart_domain_knowledge_polar_surface_control_noprior
real_moleculenet_lipophilicity,llm_calibrated_selector,29254,89.625,88.95,4.125,0,heldout,llm_semantic_domain_knowledge_polar_surface_control_noprior
real_moleculenet_lipophilicity,llm_direct_prior_domain_knowledge_polar_surface_control_noprior,29254,88.75,81.0,5.0,0,heldout,
real_moleculenet_lipophilicity,llm_direct_prior_selector,29254,88.75,81.0,5.0,0,heldout,llm_direct_prior_domain_knowledge_polar_surface_control_noprior
real_moleculenet_lipophilicity,llm_semantic_domain_knowledge_polar_surface_control_noprior,29254,89.625,88.95,4.125,0,heldout,
real_moleculenet_lipophilicity,mixed_kernel_gp_ei,29254,83.75,74.3125,10.0,0,heldout,
real_moleculenet_lipophilicity,target_acquisition_portfolio,29254,81.625,74.1,12.125,0,heldout,
real_moleculenet_lipophilicity,care_strategy_router,29255,84.25,84.25,9.5,0,heldout,llm_semantic_domain_knowledge_polar_surface_control_noprior
real_moleculenet_lipophilicity,gp_ucb,29255,88.625,85.5,5.125,0,heldout,
real_moleculenet_lipophilicity,llambo_warmstart_domain_knowledge_polar_surface_control_noprior,29255,87.5,81.0,6.25,0,heldout,
real_moleculenet_lipophilicity,llambo_warmstart_selector,29255,87.5,81.0,6.25,0,heldout,llambo_warmstart_domain_knowledge_polar_surface_control_noprior
real_moleculenet_lipophilicity,llm_calibrated_selector,29255,84.25,84.25,9.5,0,heldout,llm_semantic_domain_knowledge_polar_surface_control_noprior
real_moleculenet_lipophilicity,llm_direct_prior_domain_knowledge_polar_surface_control_noprior,29255,88.625,86.875,5.125,0,heldout,
real_moleculenet_lipophilicity,llm_direct_prior_selector,29255,88.625,86.875,5.125,0,heldout,llm_direct_prior_domain_knowledge_polar_surface_control_noprior
real_moleculenet_lipophilicity,llm_semantic_domain_knowledge_polar_surface_control_noprior,29255,84.25,84.25,9.5,0,heldout,
real_moleculenet_lipophilicity,mixed_kernel_gp_ei,29255,86.75,85.25,7.0,0,heldout,
real_moleculenet_lipophilicity,target_acquisition_portfolio,29255,86.75,85.25,7.0,0,heldout,
real_moleculenet_lipophilicity,care_strategy_router,29256,88.75,88.6375,5.0,0,heldout,llm_semantic_domain_knowledge_polar_surface_control_noprior
real_moleculenet_lipophilicity,gp_ucb,29256,88.75,86.7875,5.0,0,heldout,
real_moleculenet_lipophilicity,llambo_warmstart_domain_knowledge_polar_surface_control_noprior,29256,93.75,88.1875,0.0,1,heldout,
real_moleculenet_lipophilicity,llambo_warmstart_selector,29256,93.75,88.1875,0.0,1,heldout,llambo_warmstart_domain_knowledge_polar_surface_control_noprior
real_moleculenet_lipophilicity,llm_calibrated_selector,29256,88.75,88.6375,5.0,0,heldout,llm_semantic_domain_knowledge_polar_surface_control_noprior
real_moleculenet_lipophilicity,llm_direct_prior_domain_knowledge_polar_surface_control_noprior,29256,88.625,86.525,5.125,0,heldout,
real_moleculenet_lipophilicity,llm_direct_prior_selector,29256,88.625,86.525,5.125,0,heldout,llm_direct_prior_domain_knowledge_polar_surface_control_noprior
real_moleculenet_lipophilicity,llm_semantic_domain_knowledge_polar_surface_control_noprior,29256,88.75,88.6375,5.0,0,heldout,
real_moleculenet_lipophilicity,mixed_kernel_gp_ei,29256,88.75,86.7875,5.0,0,heldout,
real_moleculenet_lipophilicity,target_acquisition_portfolio,29256,88.75,86.7875,5.0,0,heldout,
real_moleculenet_lipophilicity,care_strategy_router,29257,93.5,91.8125,0.25,1,heldout,llm_semantic_domain_knowledge_polar_surface_control_noprior
real_moleculenet_lipophilicity,gp_ucb,29257,91.25,91.25,2.5,0,heldout,
real_moleculenet_lipophilicity,llambo_warmstart_domain_knowledge_polar_surface_control_noprior,29257,82.875,81.675,10.875,0,heldout,
real_moleculenet_lipophilicity,llambo_warmstart_selector,29257,82.875,81.675,10.875,0,heldout,llambo_warmstart_domain_knowledge_polar_surface_control_noprior
real_moleculenet_lipophilicity,llm_calibrated_selector,29257,93.5,91.8125,0.25,1,heldout,llm_semantic_domain_knowledge_polar_surface_control_noprior
real_moleculenet_lipophilicity,llm_direct_prior_domain_knowledge_polar_surface_control_noprior,29257,91.25,91.25,2.5,0,heldout,
real_moleculenet_lipophilicity,llm_direct_prior_selector,29257,91.25,91.25,2.5,0,heldout,llm_direct_prior_domain_knowledge_polar_surface_control_noprior
real_moleculenet_lipophilicity,llm_semantic_domain_knowledge_polar_surface_control_noprior,29257,93.5,91.8125,0.25,1,heldout,
real_moleculenet_lipophilicity,mixed_kernel_gp_ei,29257,91.25,91.25,2.5,0,heldout,
real_moleculenet_lipophilicity,target_acquisition_portfolio,29257,91.25,91.25,2.5,0,heldout,
real_moleculenet_lipophilicity,care_strategy_router,29258,90.0,86.75,3.75,0,heldout,llm_semantic_domain_knowledge_polar_surface_control_noprior
real_moleculenet_lipophilicity,gp_ucb,29258,93.75,84.75,0.0,1,heldout,
real_moleculenet_lipophilicity,llambo_warmstart_domain_knowledge_polar_surface_control_noprior,29258,86.25,82.15,7.5,0,heldout,
real_moleculenet_lipophilicity,llambo_warmstart_selector,29258,86.25,82.15,7.5,0,heldout,llambo_warmstart_domain_knowledge_polar_surface_control_noprior
real_moleculenet_lipophilicity,llm_calibrated_selector,29258,90.0,86.75,3.75,0,heldout,llm_semantic_domain_knowledge_polar_surface_control_noprior
real_moleculenet_lipophilicity,llm_direct_prior_domain_knowledge_polar_surface_control_noprior,29258,86.25,86.25,7.5,0,heldout,
real_moleculenet_lipophilicity,llm_direct_prior_selector,29258,86.25,86.25,7.5,0,heldout,llm_direct_prior_domain_knowledge_polar_surface_control_noprior
real_moleculenet_lipophilicity,llm_semantic_domain_knowledge_polar_surface_control_noprior,29258,90.0,86.75,3.75,0,heldout,
real_moleculenet_lipophilicity,mixed_kernel_gp_ei,29258,93.75,85.75,0.0,1,heldout,
real_moleculenet_lipophilicity,target_acquisition_portfolio,29258,93.75,85.75,0.0,1,heldout,
real_moleculenet_lipophilicity,care_strategy_router,29259,93.75,86.9,0.0,1,heldout,llm_semantic_domain_knowledge_polar_surface_control_noprior
real_moleculenet_lipophilicity,gp_ucb,29259,83.75,83.525,10.0,0,heldout,
real_moleculenet_lipophilicity,llambo_warmstart_domain_knowledge_polar_surface_control_noprior,29259,81.0,79.85,12.75,0,heldout,
real_moleculenet_lipophilicity,llambo_warmstart_selector,29259,81.0,79.85,12.75,0,heldout,llambo_warmstart_domain_knowledge_polar_surface_control_noprior
real_moleculenet_lipophilicity,llm_calibrated_selector,29259,93.75,86.9,0.0,1,heldout,llm_semantic_domain_knowledge_polar_surface_control_noprior
real_moleculenet_lipophilicity,llm_direct_prior_domain_knowledge_polar_surface_control_noprior,29259,83.625,81.7125,10.125,0,heldout,
real_moleculenet_lipophilicity,llm_direct_prior_selector,29259,83.625,81.7125,10.125,0,heldout,llm_direct_prior_domain_knowledge_polar_surface_control_noprior
real_moleculenet_lipophilicity,llm_semantic_domain_knowledge_polar_surface_control_noprior,29259,93.75,86.9,0.0,1,heldout,
real_moleculenet_lipophilicity,mixed_kernel_gp_ei,29259,83.75,83.525,10.0,0,heldout,
real_moleculenet_lipophilicity,target_acquisition_portfolio,29259,83.75,83.525,10.0,0,heldout,
real_moleculenet_lipophilicity,care_strategy_router,29260,90.0,84.875,3.75,0,heldout,llm_semantic_domain_knowledge_polar_surface_control_noprior
real_moleculenet_lipophilicity,gp_ucb,29260,87.5,86.625,6.25,0,heldout,
real_moleculenet_lipophilicity,llambo_warmstart_domain_knowledge_polar_surface_control_noprior,29260,93.75,91.725,0.0,1,heldout,
real_moleculenet_lipophilicity,llambo_warmstart_selector,29260,93.75,91.725,0.0,1,heldout,llambo_warmstart_domain_knowledge_polar_surface_control_noprior
real_moleculenet_lipophilicity,llm_calibrated_selector,29260,90.0,84.875,3.75,0,heldout,llm_semantic_domain_knowledge_polar_surface_control_noprior
real_moleculenet_lipophilicity,llm_direct_prior_domain_knowledge_polar_surface_control_noprior,29260,86.25,83.25,7.5,0,heldout,
real_moleculenet_lipophilicity,llm_direct_prior_selector,29260,86.25,83.25,7.5,0,heldout,llm_direct_prior_domain_knowledge_polar_surface_control_noprior
real_moleculenet_lipophilicity,llm_semantic_domain_knowledge_polar_surface_control_noprior,29260,90.0,84.875,3.75,0,heldout,
real_moleculenet_lipophilicity,mixed_kernel_gp_ei,29260,87.5,86.625,6.25,0,heldout,
real_moleculenet_lipophilicity,target_acquisition_portfolio,29260,87.5,86.625,6.25,0,heldout,
real_moleculenet_lipophilicity,care_strategy_router,29261,93.75,93.75,0.0,1,heldout,llm_semantic_domain_knowledge_polar_surface_control_noprior
real_moleculenet_lipophilicity,gp_ucb,29261,87.125,86.675,6.625,0,heldout,
real_moleculenet_lipophilicity,llambo_warmstart_domain_knowledge_polar_surface_control_noprior,29261,86.75,83.65,7.0,0,heldout,
real_moleculenet_lipophilicity,llambo_warmstart_selector,29261,86.75,83.65,7.0,0,heldout,llambo_warmstart_domain_knowledge_polar_surface_control_noprior
real_moleculenet_lipophilicity,llm_calibrated_selector,29261,93.75,93.75,0.0,1,heldout,llm_semantic_domain_knowledge_polar_surface_control_noprior
real_moleculenet_lipophilicity,llm_direct_prior_domain_knowledge_polar_surface_control_noprior,29261,88.625,86.9375,5.125,0,heldout,
real_moleculenet_lipophilicity,llm_direct_prior_selector,29261,88.625,86.9375,5.125,0,heldout,llm_direct_prior_domain_knowledge_polar_surface_control_noprior
real_moleculenet_lipophilicity,llm_semantic_domain_knowledge_polar_surface_control_noprior,29261,93.75,93.75,0.0,1,heldout,
real_moleculenet_lipophilicity,mixed_kernel_gp_ei,29261,87.125,86.5625,6.625,0,heldout,
real_moleculenet_lipophilicity,target_acquisition_portfolio,29261,87.125,86.5625,6.625,0,heldout,
real_moleculenet_lipophilicity,care_strategy_router,29262,93.75,93.75,0.0,1,heldout,llm_semantic_domain_knowledge_polar_surface_control_noprior
real_moleculenet_lipophilicity,gp_ucb,29262,91.25,87.9625,2.5,0,heldout,
real_moleculenet_lipophilicity,llambo_warmstart_domain_knowledge_polar_surface_control_noprior,29262,90.0,85.3875,3.75,0,heldout,
real_moleculenet_lipophilicity,llambo_warmstart_selector,29262,90.0,85.3875,3.75,0,heldout,llambo_warmstart_domain_knowledge_polar_surface_control_noprior
real_moleculenet_lipophilicity,llm_calibrated_selector,29262,93.75,93.75,0.0,1,heldout,llm_semantic_domain_knowledge_polar_surface_control_noprior
real_moleculenet_lipophilicity,llm_direct_prior_domain_knowledge_polar_surface_control_noprior,29262,88.625,87.1625,5.125,0,heldout,
real_moleculenet_lipophilicity,llm_direct_prior_selector,29262,88.625,87.1625,5.125,0,heldout,llm_direct_prior_domain_knowledge_polar_surface_control_noprior
real_moleculenet_lipophilicity,llm_semantic_domain_knowledge_polar_surface_control_noprior,29262,93.75,93.75,0.0,1,heldout,
real_moleculenet_lipophilicity,mixed_kernel_gp_ei,29262,88.625,86.425,5.125,0,heldout,
real_moleculenet_lipophilicity,target_acquisition_portfolio,29262,93.5,88.8625,0.25,1,heldout,
real_moleculenet_lipophilicity,care_strategy_router,29263,88.25,87.525,5.5,0,heldout,llm_semantic_domain_knowledge_polar_surface_control_noprior
real_moleculenet_lipophilicity,gp_ucb,29263,90.0,90.0,3.75,0,heldout,
real_moleculenet_lipophilicity,llambo_warmstart_domain_knowledge_polar_surface_control_noprior,29263,82.875,81.4875,10.875,0,heldout,
real_moleculenet_lipophilicity,llambo_warmstart_selector,29263,82.875,81.4875,10.875,0,heldout,llambo_warmstart_domain_knowledge_polar_surface_control_noprior
real_moleculenet_lipophilicity,llm_calibrated_selector,29263,88.25,87.525,5.5,0,heldout,llm_semantic_domain_knowledge_polar_surface_control_noprior
real_moleculenet_lipophilicity,llm_direct_prior_domain_knowledge_polar_surface_control_noprior,29263,88.75,85.75,5.0,0,heldout,
real_moleculenet_lipophilicity,llm_direct_prior_selector,29263,88.75,85.75,5.0,0,heldout,llm_direct_prior_domain_knowledge_polar_surface_control_noprior
real_moleculenet_lipophilicity,llm_semantic_domain_knowledge_polar_surface_control_noprior,29263,88.25,87.525,5.5,0,heldout,
real_moleculenet_lipophilicity,mixed_kernel_gp_ei,29263,90.0,90.0,3.75,0,heldout,
real_moleculenet_lipophilicity,target_acquisition_portfolio,29263,90.0,90.0,3.75,0,heldout,
real_moleculenet_lipophilicity,care_strategy_router,29264,88.625,83.9125,5.125,0,heldout,llm_semantic_domain_knowledge_polar_surface_control_noprior
real_moleculenet_lipophilicity,gp_ucb,29264,89.375,86.1875,4.375,0,heldout,
real_moleculenet_lipophilicity,llambo_warmstart_domain_knowledge_polar_surface_control_noprior,29264,93.75,89.4,0.0,1,heldout,
real_moleculenet_lipophilicity,llambo_warmstart_selector,29264,93.75,89.4,0.0,1,heldout,llambo_warmstart_domain_knowledge_polar_surface_control_noprior
real_moleculenet_lipophilicity,llm_calibrated_selector,29264,88.625,83.9125,5.125,0,heldout,llm_semantic_domain_knowledge_polar_surface_control_noprior
real_moleculenet_lipophilicity,llm_direct_prior_domain_knowledge_polar_surface_control_noprior,29264,88.625,87.975,5.125,0,heldout,
real_moleculenet_lipophilicity,llm_direct_prior_selector,29264,88.625,87.975,5.125,0,heldout,llm_direct_prior_domain_knowledge_polar_surface_control_noprior
real_moleculenet_lipophilicity,llm_semantic_domain_knowledge_polar_surface_control_noprior,29264,88.625,83.9125,5.125,0,heldout,
real_moleculenet_lipophilicity,mixed_kernel_gp_ei,29264,88.625,84.9625,5.125,0,heldout,
real_moleculenet_lipophilicity,target_acquisition_portfolio,29264,93.75,85.375,0.0,1,heldout,
real_moleculenet_lipophilicity,care_strategy_router,29265,90.0,88.725,3.75,0,heldout,llm_semantic_domain_knowledge_polar_surface_control_noprior
real_moleculenet_lipophilicity,gp_ucb,29265,81.375,81.275,12.375,0,heldout,
real_moleculenet_lipophilicity,llambo_warmstart_domain_knowledge_polar_surface_control_noprior,29265,90.0,81.525,3.75,0,heldout,
real_moleculenet_lipophilicity,llambo_warmstart_selector,29265,90.0,81.525,3.75,0,heldout,llambo_warmstart_domain_knowledge_polar_surface_control_noprior
real_moleculenet_lipophilicity,llm_calibrated_selector,29265,90.0,88.725,3.75,0,heldout,llm_semantic_domain_knowledge_polar_surface_control_noprior
real_moleculenet_lipophilicity,llm_direct_prior_domain_knowledge_polar_surface_control_noprior,29265,82.75,82.2625,11.0,0,heldout,
real_moleculenet_lipophilicity,llm_direct_prior_selector,29265,82.75,82.2625,11.0,0,heldout,llm_direct_prior_domain_knowledge_polar_surface_control_noprior
real_moleculenet_lipophilicity,llm_semantic_domain_knowledge_polar_surface_control_noprior,29265,90.0,88.725,3.75,0,heldout,
real_moleculenet_lipophilicity,mixed_kernel_gp_ei,29265,84.875,83.375,8.875,0,heldout,
real_moleculenet_lipophilicity,target_acquisition_portfolio,29265,81.375,81.25,12.375,0,heldout,
real_moleculenet_lipophilicity,care_strategy_router,29266,90.0,86.25,3.75,0,heldout,llm_semantic_domain_knowledge_polar_surface_control_noprior
real_moleculenet_lipophilicity,gp_ucb,29266,73.375,70.6875,20.375,0,heldout,
real_moleculenet_lipophilicity,llambo_warmstart_domain_knowledge_polar_surface_control_noprior,29266,82.875,81.9,10.875,0,heldout,
real_moleculenet_lipophilicity,llambo_warmstart_selector,29266,82.875,81.9,10.875,0,heldout,llambo_warmstart_domain_knowledge_polar_surface_control_noprior
real_moleculenet_lipophilicity,llm_calibrated_selector,29266,90.0,86.25,3.75,0,heldout,llm_semantic_domain_knowledge_polar_surface_control_noprior
real_moleculenet_lipophilicity,llm_direct_prior_domain_knowledge_polar_surface_control_noprior,29266,93.75,86.4125,0.0,1,heldout,
real_moleculenet_lipophilicity,llm_direct_prior_selector,29266,93.75,86.4125,0.0,1,heldout,llm_direct_prior_domain_knowledge_polar_surface_control_noprior
real_moleculenet_lipophilicity,llm_semantic_domain_knowledge_polar_surface_control_noprior,29266,90.0,86.25,3.75,0,heldout,
real_moleculenet_lipophilicity,mixed_kernel_gp_ei,29266,82.5,75.55,11.25,0,heldout,
real_moleculenet_lipophilicity,target_acquisition_portfolio,29266,93.75,85.7,0.0,1,heldout,
real_moleculenet_lipophilicity,care_strategy_router,29267,93.75,92.4,0.0,1,heldout,llm_semantic_domain_knowledge_polar_surface_control_noprior
real_moleculenet_lipophilicity,gp_ucb,29267,89.25,89.25,4.5,0,heldout,
real_moleculenet_lipophilicity,llambo_warmstart_domain_knowledge_polar_surface_control_noprior,29267,90.0,81.875,3.75,0,heldout,
real_moleculenet_lipophilicity,llambo_warmstart_selector,29267,90.0,81.875,3.75,0,heldout,llambo_warmstart_domain_knowledge_polar_surface_control_noprior
real_moleculenet_lipophilicity,llm_calibrated_selector,29267,93.75,92.4,0.0,1,heldout,llm_semantic_domain_knowledge_polar_surface_control_noprior
real_moleculenet_lipophilicity,llm_direct_prior_domain_knowledge_polar_surface_control_noprior,29267,92.5,91.85,1.25,0,heldout,
real_moleculenet_lipophilicity,llm_direct_prior_selector,29267,92.5,91.85,1.25,0,heldout,llm_direct_prior_domain_knowledge_polar_surface_control_noprior
real_moleculenet_lipophilicity,llm_semantic_domain_knowledge_polar_surface_control_noprior,29267,93.75,92.4,0.0,1,heldout,
real_moleculenet_lipophilicity,mixed_kernel_gp_ei,29267,89.25,89.25,4.5,0,heldout,
real_moleculenet_lipophilicity,target_acquisition_portfolio,29267,89.25,89.25,4.5,0,heldout,
real_moleculenet_lipophilicity,care_strategy_router,29268,90.0,87.8625,3.75,0,heldout,llm_semantic_domain_knowledge_polar_surface_control_noprior
real_moleculenet_lipophilicity,gp_ucb,29268,87.375,85.55,6.375,0,heldout,
real_moleculenet_lipophilicity,llambo_warmstart_domain_knowledge_polar_surface_control_noprior,29268,93.75,89.275,0.0,1,heldout,
real_moleculenet_lipophilicity,llambo_warmstart_selector,29268,93.75,89.275,0.0,1,heldout,llambo_warmstart_domain_knowledge_polar_surface_control_noprior
real_moleculenet_lipophilicity,llm_calibrated_selector,29268,90.0,87.8625,3.75,0,heldout,llm_semantic_domain_knowledge_polar_surface_control_noprior
real_moleculenet_lipophilicity,llm_direct_prior_domain_knowledge_polar_surface_control_noprior,29268,82.875,82.875,10.875,0,heldout,
real_moleculenet_lipophilicity,llm_direct_prior_selector,29268,82.875,82.875,10.875,0,heldout,llm_direct_prior_domain_knowledge_polar_surface_control_noprior
real_moleculenet_lipophilicity,llm_semantic_domain_knowledge_polar_surface_control_noprior,29268,90.0,87.8625,3.75,0,heldout,
real_moleculenet_lipophilicity,mixed_kernel_gp_ei,29268,87.375,85.55,6.375,0,heldout,
real_moleculenet_lipophilicity,target_acquisition_portfolio,29268,87.375,85.55,6.375,0,heldout,
real_moleculenet_lipophilicity,care_strategy_router,29269,93.5,93.5,0.25,1,heldout,llm_semantic_domain_knowledge_polar_surface_control_noprior
real_moleculenet_lipophilicity,gp_ucb,29269,93.5,93.5,0.25,1,heldout,
real_moleculenet_lipophilicity,llambo_warmstart_domain_knowledge_polar_surface_control_noprior,29269,87.375,84.1125,6.375,0,heldout,
real_moleculenet_lipophilicity,llambo_warmstart_selector,29269,87.375,84.1125,6.375,0,heldout,llambo_warmstart_domain_knowledge_polar_surface_control_noprior
real_moleculenet_lipophilicity,llm_calibrated_selector,29269,93.5,93.5,0.25,1,heldout,llm_semantic_domain_knowledge_polar_surface_control_noprior
real_moleculenet_lipophilicity,llm_direct_prior_domain_knowledge_polar_surface_control_noprior,29269,93.75,93.525,0.0,1,heldout,
real_moleculenet_lipophilicity,llm_direct_prior_selector,29269,93.75,93.525,0.0,1,heldout,llm_direct_prior_domain_knowledge_polar_surface_control_noprior
real_moleculenet_lipophilicity,llm_semantic_domain_knowledge_polar_surface_control_noprior,29269,93.5,93.5,0.25,1,heldout,
real_moleculenet_lipophilicity,mixed_kernel_gp_ei,29269,93.5,93.5,0.25,1,heldout,
real_moleculenet_lipophilicity,target_acquisition_portfolio,29269,93.5,93.5,0.25,1,heldout,
real_moleculenet_lipophilicity,care_strategy_router,29270,87.375,85.975,6.375,0,heldout,llm_semantic_domain_knowledge_polar_surface_control_noprior
real_moleculenet_lipophilicity,gp_ucb,29270,93.5,82.7125,0.25,1,heldout,
real_moleculenet_lipophilicity,llambo_warmstart_domain_knowledge_polar_surface_control_noprior,29270,88.25,82.45,5.5,0,heldout,
real_moleculenet_lipophilicity,llambo_warmstart_selector,29270,88.25,82.45,5.5,0,heldout,llambo_warmstart_domain_knowledge_polar_surface_control_noprior
real_moleculenet_lipophilicity,llm_calibrated_selector,29270,87.375,85.975,6.375,0,heldout,llm_semantic_domain_knowledge_polar_surface_control_noprior
real_moleculenet_lipophilicity,llm_direct_prior_domain_knowledge_polar_surface_control_noprior,29270,82.75,81.1,11.0,0,heldout,
real_moleculenet_lipophilicity,llm_direct_prior_selector,29270,82.75,81.1,11.0,0,heldout,llm_direct_prior_domain_knowledge_polar_surface_control_noprior
real_moleculenet_lipophilicity,llm_semantic_domain_knowledge_polar_surface_control_noprior,29270,87.375,85.975,6.375,0,heldout,
real_moleculenet_lipophilicity,mixed_kernel_gp_ei,29270,80.375,78.8,13.375,0,heldout,
real_moleculenet_lipophilicity,target_acquisition_portfolio,29270,93.75,84.025,0.0,1,heldout,
real_moleculenet_lipophilicity,care_strategy_router,29271,93.75,90.4125,0.0,1,heldout,llm_semantic_domain_knowledge_polar_surface_control_noprior
real_moleculenet_lipophilicity,gp_ucb,29271,87.0,84.375,6.75,0,heldout,
real_moleculenet_lipophilicity,llambo_warmstart_domain_knowledge_polar_surface_control_noprior,29271,87.125,82.375,6.625,0,heldout,
real_moleculenet_lipophilicity,llambo_warmstart_selector,29271,87.125,82.375,6.625,0,heldout,llambo_warmstart_domain_knowledge_polar_surface_control_noprior
real_moleculenet_lipophilicity,llm_calibrated_selector,29271,93.75,90.4125,0.0,1,heldout,llm_semantic_domain_knowledge_polar_surface_control_noprior
real_moleculenet_lipophilicity,llm_direct_prior_domain_knowledge_polar_surface_control_noprior,29271,88.75,87.8375,5.0,0,heldout,
real_moleculenet_lipophilicity,llm_direct_prior_selector,29271,88.75,87.8375,5.0,0,heldout,llm_direct_prior_domain_knowledge_polar_surface_control_noprior
real_moleculenet_lipophilicity,llm_semantic_domain_knowledge_polar_surface_control_noprior,29271,93.75,90.4125,0.0,1,heldout,
real_moleculenet_lipophilicity,mixed_kernel_gp_ei,29271,87.5,84.0875,6.25,0,heldout,
real_moleculenet_lipophilicity,target_acquisition_portfolio,29271,82.625,82.625,11.125,0,heldout,
real_moleculenet_lipophilicity,care_strategy_router,29272,90.0,87.625,3.75,0,heldout,llm_semantic_domain_knowledge_polar_surface_control_noprior
real_moleculenet_lipophilicity,gp_ucb,29272,83.75,83.225,10.0,0,heldout,
real_moleculenet_lipophilicity,llambo_warmstart_domain_knowledge_polar_surface_control_noprior,29272,81.375,80.3,12.375,0,heldout,
real_moleculenet_lipophilicity,llambo_warmstart_selector,29272,81.375,80.3,12.375,0,heldout,llambo_warmstart_domain_knowledge_polar_surface_control_noprior
real_moleculenet_lipophilicity,llm_calibrated_selector,29272,90.0,87.625,3.75,0,heldout,llm_semantic_domain_knowledge_polar_surface_control_noprior
real_moleculenet_lipophilicity,llm_direct_prior_domain_knowledge_polar_surface_control_noprior,29272,88.75,86.825,5.0,0,heldout,
real_moleculenet_lipophilicity,llm_direct_prior_selector,29272,88.75,86.825,5.0,0,heldout,llm_direct_prior_domain_knowledge_polar_surface_control_noprior
real_moleculenet_lipophilicity,llm_semantic_domain_knowledge_polar_surface_control_noprior,29272,90.0,87.625,3.75,0,heldout,
real_moleculenet_lipophilicity,mixed_kernel_gp_ei,29272,83.75,83.225,10.0,0,heldout,
real_moleculenet_lipophilicity,target_acquisition_portfolio,29272,83.75,83.225,10.0,0,heldout,
real_moleculenet_lipophilicity,care_strategy_router,29273,93.75,92.8,0.0,1,heldout,llm_semantic_domain_knowledge_polar_surface_control_noprior
real_moleculenet_lipophilicity,gp_ucb,29273,91.375,91.375,2.375,0,heldout,
real_moleculenet_lipophilicity,llambo_warmstart_domain_knowledge_polar_surface_control_noprior,29273,93.75,91.725,0.0,1,heldout,
real_moleculenet_lipophilicity,llambo_warmstart_selector,29273,93.75,91.725,0.0,1,heldout,llambo_warmstart_domain_knowledge_polar_surface_control_noprior
real_moleculenet_lipophilicity,llm_calibrated_selector,29273,93.75,92.8,0.0,1,heldout,llm_semantic_domain_knowledge_polar_surface_control_noprior
real_moleculenet_lipophilicity,llm_direct_prior_domain_knowledge_polar_surface_control_noprior,29273,93.75,91.6125,0.0,1,heldout,
real_moleculenet_lipophilicity,llm_direct_prior_selector,29273,93.75,91.6125,0.0,1,heldout,llm_direct_prior_domain_knowledge_polar_surface_control_noprior
real_moleculenet_lipophilicity,llm_semantic_domain_knowledge_polar_surface_control_noprior,29273,93.75,92.8,0.0,1,heldout,
real_moleculenet_lipophilicity,mixed_kernel_gp_ei,29273,93.75,91.85,0.0,1,heldout,
real_moleculenet_lipophilicity,target_acquisition_portfolio,29273,91.375,91.375,2.375,0,heldout,
real_moleculenet_lipophilicity,care_strategy_router,29274,85.75,85.75,8.0,0,heldout,llm_semantic_domain_knowledge_polar_surface_control_noprior
real_moleculenet_lipophilicity,gp_ucb,29274,85.75,85.75,8.0,0,heldout,
real_moleculenet_lipophilicity,llambo_warmstart_domain_knowledge_polar_surface_control_noprior,29274,82.75,80.45,11.0,0,heldout,
real_moleculenet_lipophilicity,llambo_warmstart_selector,29274,82.75,80.45,11.0,0,heldout,llambo_warmstart_domain_knowledge_polar_surface_control_noprior
real_moleculenet_lipophilicity,llm_calibrated_selector,29274,85.75,85.75,8.0,0,heldout,llm_semantic_domain_knowledge_polar_surface_control_noprior
real_moleculenet_lipophilicity,llm_direct_prior_domain_knowledge_polar_surface_control_noprior,29274,85.75,85.75,8.0,0,heldout,
real_moleculenet_lipophilicity,llm_direct_prior_selector,29274,85.75,85.75,8.0,0,heldout,llm_direct_prior_domain_knowledge_polar_surface_control_noprior
real_moleculenet_lipophilicity,llm_semantic_domain_knowledge_polar_surface_control_noprior,29274,85.75,85.75,8.0,0,heldout,
real_moleculenet_lipophilicity,mixed_kernel_gp_ei,29274,85.75,85.75,8.0,0,heldout,
real_moleculenet_lipophilicity,target_acquisition_portfolio,29274,86.25,85.95,7.5,0,heldout,
real_moleculenet_lipophilicity,care_strategy_router,29275,90.0,86.7,3.75,0,heldout,llm_semantic_domain_knowledge_polar_surface_control_noprior
real_moleculenet_lipophilicity,gp_ucb,29275,88.625,84.25,5.125,0,heldout,
real_moleculenet_lipophilicity,llambo_warmstart_domain_knowledge_polar_surface_control_noprior,29275,82.875,82.875,10.875,0,heldout,
real_moleculenet_lipophilicity,llambo_warmstart_selector,29275,82.875,82.875,10.875,0,heldout,llambo_warmstart_domain_knowledge_polar_surface_control_noprior
real_moleculenet_lipophilicity,llm_calibrated_selector,29275,90.0,86.7,3.75,0,heldout,llm_semantic_domain_knowledge_polar_surface_control_noprior
real_moleculenet_lipophilicity,llm_direct_prior_domain_knowledge_polar_surface_control_noprior,29275,93.75,83.0125,0.0,1,heldout,
real_moleculenet_lipophilicity,llm_direct_prior_selector,29275,93.75,83.0125,0.0,1,heldout,llm_direct_prior_domain_knowledge_polar_surface_control_noprior
real_moleculenet_lipophilicity,llm_semantic_domain_knowledge_polar_surface_control_noprior,29275,90.0,86.7,3.75,0,heldout,
real_moleculenet_lipophilicity,mixed_kernel_gp_ei,29275,85.75,83.425,8.0,0,heldout,
real_moleculenet_lipophilicity,target_acquisition_portfolio,29275,85.75,83.425,8.0,0,heldout,
real_moleculenet_lipophilicity,care_strategy_router,29276,87.5,83.25,6.25,0,heldout,llm_semantic_domain_knowledge_polar_surface_control_noprior
real_moleculenet_lipophilicity,gp_ucb,29276,78.75,75.325,15.0,0,heldout,
real_moleculenet_lipophilicity,llambo_warmstart_domain_knowledge_polar_surface_control_noprior,29276,82.875,82.4625,10.875,0,heldout,
real_moleculenet_lipophilicity,llambo_warmstart_selector,29276,82.875,82.4625,10.875,0,heldout,llambo_warmstart_domain_knowledge_polar_surface_control_noprior
real_moleculenet_lipophilicity,llm_calibrated_selector,29276,87.5,83.25,6.25,0,heldout,llm_semantic_domain_knowledge_polar_surface_control_noprior
real_moleculenet_lipophilicity,llm_direct_prior_domain_knowledge_polar_surface_control_noprior,29276,87.25,80.65,6.5,0,heldout,
real_moleculenet_lipophilicity,llm_direct_prior_selector,29276,87.25,80.65,6.5,0,heldout,llm_direct_prior_domain_knowledge_polar_surface_control_noprior
real_moleculenet_lipophilicity,llm_semantic_domain_knowledge_polar_surface_control_noprior,29276,87.5,83.25,6.25,0,heldout,
real_moleculenet_lipophilicity,mixed_kernel_gp_ei,29276,85.25,80.3,8.5,0,heldout,
real_moleculenet_lipophilicity,target_acquisition_portfolio,29276,84.75,82.15,9.0,0,heldout,
real_moleculenet_lipophilicity,care_strategy_router,29277,93.75,92.875,0.0,1,heldout,llm_semantic_domain_knowledge_polar_surface_control_noprior
real_moleculenet_lipophilicity,gp_ucb,29277,91.0,91.0,2.75,0,heldout,
real_moleculenet_lipophilicity,llambo_warmstart_domain_knowledge_polar_surface_control_noprior,29277,93.75,92.375,0.0,1,heldout,
real_moleculenet_lipophilicity,llambo_warmstart_selector,29277,93.75,92.375,0.0,1,heldout,llambo_warmstart_domain_knowledge_polar_surface_control_noprior
real_moleculenet_lipophilicity,llm_calibrated_selector,29277,93.75,92.875,0.0,1,heldout,llm_semantic_domain_knowledge_polar_surface_control_noprior
real_moleculenet_lipophilicity,llm_direct_prior_domain_knowledge_polar_surface_control_noprior,29277,85.0,85.0,8.75,0,heldout,
real_moleculenet_lipophilicity,llm_direct_prior_selector,29277,85.0,85.0,8.75,0,heldout,llm_direct_prior_domain_knowledge_polar_surface_control_noprior
real_moleculenet_lipophilicity,llm_semantic_domain_knowledge_polar_surface_control_noprior,29277,93.75,92.875,0.0,1,heldout,
real_moleculenet_lipophilicity,mixed_kernel_gp_ei,29277,91.0,91.0,2.75,0,heldout,
real_moleculenet_lipophilicity,target_acquisition_portfolio,29277,91.0,91.0,2.75,0,heldout,
real_moleculenet_lipophilicity,care_strategy_router,29278,90.0,86.025,3.75,0,heldout,llm_semantic_domain_knowledge_polar_surface_control_noprior
real_moleculenet_lipophilicity,gp_ucb,29278,93.75,92.25,0.0,1,heldout,
real_moleculenet_lipophilicity,llambo_warmstart_domain_knowledge_polar_surface_control_noprior,29278,83.75,81.725,10.0,0,heldout,
real_moleculenet_lipophilicity,llambo_warmstart_selector,29278,83.75,81.725,10.0,0,heldout,llambo_warmstart_domain_knowledge_polar_surface_control_noprior
real_moleculenet_lipophilicity,llm_calibrated_selector,29278,90.0,86.025,3.75,0,heldout,llm_semantic_domain_knowledge_polar_surface_control_noprior
real_moleculenet_lipophilicity,llm_direct_prior_domain_knowledge_polar_surface_control_noprior,29278,75.0,72.0,18.75,0,heldout,
real_moleculenet_lipophilicity,llm_direct_prior_selector,29278,75.0,72.0,18.75,0,heldout,llm_direct_prior_domain_knowledge_polar_surface_control_noprior
real_moleculenet_lipophilicity,llm_semantic_domain_knowledge_polar_surface_control_noprior,29278,90.0,86.025,3.75,0,heldout,
real_moleculenet_lipophilicity,mixed_kernel_gp_ei,29278,81.25,75.875,12.5,0,heldout,
real_moleculenet_lipophilicity,target_acquisition_portfolio,29278,88.25,76.9875,5.5,0,heldout,
real_moleculenet_lipophilicity,care_strategy_router,29279,89.125,86.675,4.625,0,heldout,llm_semantic_domain_knowledge_polar_surface_control_noprior
real_moleculenet_lipophilicity,gp_ucb,29279,88.25,82.0875,5.5,0,heldout,
real_moleculenet_lipophilicity,llambo_warmstart_domain_knowledge_polar_surface_control_noprior,29279,91.25,87.75,2.5,0,heldout,
real_moleculenet_lipophilicity,llambo_warmstart_selector,29279,91.25,87.75,2.5,0,heldout,llambo_warmstart_domain_knowledge_polar_surface_control_noprior
real_moleculenet_lipophilicity,llm_calibrated_selector,29279,89.125,86.675,4.625,0,heldout,llm_semantic_domain_knowledge_polar_surface_control_noprior
real_moleculenet_lipophilicity,llm_direct_prior_domain_knowledge_polar_surface_control_noprior,29279,93.75,85.45,0.0,1,heldout,
real_moleculenet_lipophilicity,llm_direct_prior_selector,29279,93.75,85.45,0.0,1,heldout,llm_direct_prior_domain_knowledge_polar_surface_control_noprior
real_moleculenet_lipophilicity,llm_semantic_domain_knowledge_polar_surface_control_noprior,29279,89.125,86.675,4.625,0,heldout,
real_moleculenet_lipophilicity,mixed_kernel_gp_ei,29279,81.25,81.25,12.5,0,heldout,
real_moleculenet_lipophilicity,target_acquisition_portfolio,29279,81.25,81.25,12.5,0,heldout,
real_moleculenet_lipophilicity,care_strategy_router,29280,88.625,86.3625,5.125,0,heldout,llm_semantic_domain_knowledge_polar_surface_control_noprior
real_moleculenet_lipophilicity,gp_ucb,29280,93.75,93.75,0.0,1,heldout,
real_moleculenet_lipophilicity,llambo_warmstart_domain_knowledge_polar_surface_control_noprior,29280,93.5,80.9875,0.25,1,heldout,
real_moleculenet_lipophilicity,llambo_warmstart_selector,29280,93.5,80.9875,0.25,1,heldout,llambo_warmstart_domain_knowledge_polar_surface_control_noprior
real_moleculenet_lipophilicity,llm_calibrated_selector,29280,88.625,86.3625,5.125,0,heldout,llm_semantic_domain_knowledge_polar_surface_control_noprior
real_moleculenet_lipophilicity,llm_direct_prior_domain_knowledge_polar_surface_control_noprior,29280,87.25,86.35,6.5,0,heldout,
real_moleculenet_lipophilicity,llm_direct_prior_selector,29280,87.25,86.35,6.5,0,heldout,llm_direct_prior_domain_knowledge_polar_surface_control_noprior
real_moleculenet_lipophilicity,llm_semantic_domain_knowledge_polar_surface_control_noprior,29280,88.625,86.3625,5.125,0,heldout,
real_moleculenet_lipophilicity,mixed_kernel_gp_ei,29280,93.75,93.75,0.0,1,heldout,
real_moleculenet_lipophilicity,target_acquisition_portfolio,29280,93.75,93.75,0.0,1,heldout,
real_moleculenet_lipophilicity,care_strategy_router,29281,93.75,85.375,0.0,1,heldout,llm_semantic_domain_knowledge_polar_surface_control_noprior
real_moleculenet_lipophilicity,gp_ucb,29281,78.0,78.0,15.75,0,heldout,
real_moleculenet_lipophilicity,llambo_warmstart_domain_knowledge_polar_surface_control_noprior,29281,88.125,83.925,5.625,0,heldout,
real_moleculenet_lipophilicity,llambo_warmstart_selector,29281,88.125,83.925,5.625,0,heldout,llambo_warmstart_domain_knowledge_polar_surface_control_noprior
real_moleculenet_lipophilicity,llm_calibrated_selector,29281,93.75,85.375,0.0,1,heldout,llm_semantic_domain_knowledge_polar_surface_control_noprior
real_moleculenet_lipophilicity,llm_direct_prior_domain_knowledge_polar_surface_control_noprior,29281,83.75,82.175,10.0,0,heldout,
real_moleculenet_lipophilicity,llm_direct_prior_selector,29281,83.75,82.175,10.0,0,heldout,llm_direct_prior_domain_knowledge_polar_surface_control_noprior
real_moleculenet_lipophilicity,llm_semantic_domain_knowledge_polar_surface_control_noprior,29281,93.75,85.375,0.0,1,heldout,
real_moleculenet_lipophilicity,mixed_kernel_gp_ei,29281,80.375,78.475,13.375,0,heldout,
real_moleculenet_lipophilicity,target_acquisition_portfolio,29281,78.0,78.0,15.75,0,heldout,
real_moleculenet_lipophilicity,care_strategy_router,29282,81.25,81.25,12.5,0,heldout,llm_semantic_domain_knowledge_polar_surface_control_noprior
real_moleculenet_lipophilicity,gp_ucb,29282,86.875,86.875,6.875,0,heldout,
real_moleculenet_lipophilicity,llambo_warmstart_domain_knowledge_polar_surface_control_noprior,29282,80.0,77.6,13.75,0,heldout,
real_moleculenet_lipophilicity,llambo_warmstart_selector,29282,80.0,77.6,13.75,0,heldout,llambo_warmstart_domain_knowledge_polar_surface_control_noprior
real_moleculenet_lipophilicity,llm_calibrated_selector,29282,81.25,81.25,12.5,0,heldout,llm_semantic_domain_knowledge_polar_surface_control_noprior
real_moleculenet_lipophilicity,llm_direct_prior_domain_knowledge_polar_surface_control_noprior,29282,82.875,82.7125,10.875,0,heldout,
real_moleculenet_lipophilicity,llm_direct_prior_selector,29282,82.875,82.7125,10.875,0,heldout,llm_direct_prior_domain_knowledge_polar_surface_control_noprior
real_moleculenet_lipophilicity,llm_semantic_domain_knowledge_polar_surface_control_noprior,29282,81.25,81.25,12.5,0,heldout,
real_moleculenet_lipophilicity,mixed_kernel_gp_ei,29282,91.25,89.0625,2.5,0,heldout,
real_moleculenet_lipophilicity,target_acquisition_portfolio,29282,85.0,82.8875,8.75,0,heldout,
real_moleculenet_lipophilicity,care_strategy_router,29283,90.0,88.0,3.75,0,heldout,llm_semantic_domain_knowledge_polar_surface_control_noprior
real_moleculenet_lipophilicity,gp_ucb,29283,93.75,86.55,0.0,1,heldout,
real_moleculenet_lipophilicity,llambo_warmstart_domain_knowledge_polar_surface_control_noprior,29283,93.75,92.3,0.0,1,heldout,
real_moleculenet_lipophilicity,llambo_warmstart_selector,29283,93.75,92.3,0.0,1,heldout,llambo_warmstart_domain_knowledge_polar_surface_control_noprior
real_moleculenet_lipophilicity,llm_calibrated_selector,29283,90.0,88.0,3.75,0,heldout,llm_semantic_domain_knowledge_polar_surface_control_noprior
real_moleculenet_lipophilicity,llm_direct_prior_domain_knowledge_polar_surface_control_noprior,29283,93.75,92.375,0.0,1,heldout,
real_moleculenet_lipophilicity,llm_direct_prior_selector,29283,93.75,92.375,0.0,1,heldout,llm_direct_prior_domain_knowledge_polar_surface_control_noprior
real_moleculenet_lipophilicity,llm_semantic_domain_knowledge_polar_surface_control_noprior,29283,90.0,88.0,3.75,0,heldout,
real_moleculenet_lipophilicity,mixed_kernel_gp_ei,29283,85.5,85.5,8.25,0,heldout,
real_moleculenet_lipophilicity,target_acquisition_portfolio,29283,93.75,86.55,0.0,1,heldout,
real_moleculenet_lipophilicity,care_strategy_router,29284,93.5,86.825,0.25,1,heldout,llm_semantic_domain_knowledge_polar_surface_control_noprior
real_moleculenet_lipophilicity,gp_ucb,29284,87.5,85.8125,6.25,0,heldout,
real_moleculenet_lipophilicity,llambo_warmstart_domain_knowledge_polar_surface_control_noprior,29284,82.875,82.875,10.875,0,heldout,
real_moleculenet_lipophilicity,llambo_warmstart_selector,29284,82.875,82.875,10.875,0,heldout,llambo_warmstart_domain_knowledge_polar_surface_control_noprior
real_moleculenet_lipophilicity,llm_calibrated_selector,29284,93.5,86.825,0.25,1,heldout,llm_semantic_domain_knowledge_polar_surface_control_noprior
real_moleculenet_lipophilicity,llm_direct_prior_domain_knowledge_polar_surface_control_noprior,29284,90.125,84.875,3.625,0,heldout,
real_moleculenet_lipophilicity,llm_direct_prior_selector,29284,90.125,84.875,3.625,0,heldout,llm_direct_prior_domain_knowledge_polar_surface_control_noprior
real_moleculenet_lipophilicity,llm_semantic_domain_knowledge_polar_surface_control_noprior,29284,93.5,86.825,0.25,1,heldout,
real_moleculenet_lipophilicity,mixed_kernel_gp_ei,29284,87.5,84.8125,6.25,0,heldout,
real_moleculenet_lipophilicity,target_acquisition_portfolio,29284,87.5,83.3125,6.25,0,heldout,
real_moleculenet_lipophilicity,care_strategy_router,29285,90.0,85.0,3.75,0,heldout,llm_semantic_domain_knowledge_polar_surface_control_noprior
real_moleculenet_lipophilicity,gp_ucb,29285,82.25,80.625,11.5,0,heldout,
real_moleculenet_lipophilicity,llambo_warmstart_domain_knowledge_polar_surface_control_noprior,29285,82.75,80.4125,11.0,0,heldout,
real_moleculenet_lipophilicity,llambo_warmstart_selector,29285,82.75,80.4125,11.0,0,heldout,llambo_warmstart_domain_knowledge_polar_surface_control_noprior
real_moleculenet_lipophilicity,llm_calibrated_selector,29285,90.0,85.0,3.75,0,heldout,llm_semantic_domain_knowledge_polar_surface_control_noprior
real_moleculenet_lipophilicity,llm_direct_prior_domain_knowledge_polar_surface_control_noprior,29285,82.875,79.95,10.875,0,heldout,
real_moleculenet_lipophilicity,llm_direct_prior_selector,29285,82.875,79.95,10.875,0,heldout,llm_direct_prior_domain_knowledge_polar_surface_control_noprior
real_moleculenet_lipophilicity,llm_semantic_domain_knowledge_polar_surface_control_noprior,29285,90.0,85.0,3.75,0,heldout,
real_moleculenet_lipophilicity,mixed_kernel_gp_ei,29285,83.75,83.75,10.0,0,heldout,
real_moleculenet_lipophilicity,target_acquisition_portfolio,29285,93.75,86.75,0.0,1,heldout,
real_moleculenet_lipophilicity,care_strategy_router,29286,93.75,89.2375,0.0,1,heldout,llm_semantic_domain_knowledge_polar_surface_control_noprior
real_moleculenet_lipophilicity,gp_ucb,29286,81.5,81.5,12.25,0,heldout,
real_moleculenet_lipophilicity,llambo_warmstart_domain_knowledge_polar_surface_control_noprior,29286,88.75,84.6375,5.0,0,heldout,
real_moleculenet_lipophilicity,llambo_warmstart_selector,29286,88.75,84.6375,5.0,0,heldout,llambo_warmstart_domain_knowledge_polar_surface_control_noprior
real_moleculenet_lipophilicity,llm_calibrated_selector,29286,93.75,89.2375,0.0,1,heldout,llm_semantic_domain_knowledge_polar_surface_control_noprior
real_moleculenet_lipophilicity,llm_direct_prior_domain_knowledge_polar_surface_control_noprior,29286,88.75,85.85,5.0,0,heldout,
real_moleculenet_lipophilicity,llm_direct_prior_selector,29286,88.75,85.85,5.0,0,heldout,llm_direct_prior_domain_knowledge_polar_surface_control_noprior
real_moleculenet_lipophilicity,llm_semantic_domain_knowledge_polar_surface_control_noprior,29286,93.75,89.2375,0.0,1,heldout,
real_moleculenet_lipophilicity,mixed_kernel_gp_ei,29286,82.5,81.6,11.25,0,heldout,
real_moleculenet_lipophilicity,target_acquisition_portfolio,29286,82.5,81.6,11.25,0,heldout,
real_moleculenet_lipophilicity,care_strategy_router,29287,85.0,79.9,8.75,0,heldout,llm_semantic_domain_knowledge_polar_surface_control_noprior
real_moleculenet_lipophilicity,gp_ucb,29287,91.375,91.375,2.375,0,heldout,
real_moleculenet_lipophilicity,llambo_warmstart_domain_knowledge_polar_surface_control_noprior,29287,93.75,93.75,0.0,1,heldout,
real_moleculenet_lipophilicity,llambo_warmstart_selector,29287,93.75,93.75,0.0,1,heldout,llambo_warmstart_domain_knowledge_polar_surface_control_noprior
real_moleculenet_lipophilicity,llm_calibrated_selector,29287,85.0,79.9,8.75,0,heldout,llm_semantic_domain_knowledge_polar_surface_control_noprior
real_moleculenet_lipophilicity,llm_direct_prior_domain_knowledge_polar_surface_control_noprior,29287,88.625,82.1375,5.125,0,heldout,
real_moleculenet_lipophilicity,llm_direct_prior_selector,29287,88.625,82.1375,5.125,0,heldout,llm_direct_prior_domain_knowledge_polar_surface_control_noprior
real_moleculenet_lipophilicity,llm_semantic_domain_knowledge_polar_surface_control_noprior,29287,85.0,79.9,8.75,0,heldout,
real_moleculenet_lipophilicity,mixed_kernel_gp_ei,29287,91.375,91.375,2.375,0,heldout,
real_moleculenet_lipophilicity,target_acquisition_portfolio,29287,91.375,91.375,2.375,0,heldout,
real_moleculenet_lipophilicity,care_strategy_router,29288,88.25,81.0,5.5,0,heldout,llm_semantic_domain_knowledge_polar_surface_control_noprior
real_moleculenet_lipophilicity,gp_ucb,29288,88.25,78.85,5.5,0,heldout,
real_moleculenet_lipophilicity,llambo_warmstart_domain_knowledge_polar_surface_control_noprior,29288,88.625,87.3125,5.125,0,heldout,
real_moleculenet_lipophilicity,llambo_warmstart_selector,29288,88.625,87.3125,5.125,0,heldout,llambo_warmstart_domain_knowledge_polar_surface_control_noprior
real_moleculenet_lipophilicity,llm_calibrated_selector,29288,88.25,81.0,5.5,0,heldout,llm_semantic_domain_knowledge_polar_surface_control_noprior
real_moleculenet_lipophilicity,llm_direct_prior_domain_knowledge_polar_surface_control_noprior,29288,82.875,78.3125,10.875,0,heldout,
real_moleculenet_lipophilicity,llm_direct_prior_selector,29288,82.875,78.3125,10.875,0,heldout,llm_direct_prior_domain_knowledge_polar_surface_control_noprior
real_moleculenet_lipophilicity,llm_semantic_domain_knowledge_polar_surface_control_noprior,29288,88.25,81.0,5.5,0,heldout,
real_moleculenet_lipophilicity,mixed_kernel_gp_ei,29288,88.25,80.2875,5.5,0,heldout,
real_moleculenet_lipophilicity,target_acquisition_portfolio,29288,88.25,79.3875,5.5,0,heldout,
real_moleculenet_lipophilicity,care_strategy_router,29289,90.0,89.0,3.75,0,heldout,llm_semantic_domain_knowledge_polar_surface_control_noprior
real_moleculenet_lipophilicity,gp_ucb,29289,88.75,88.75,5.0,0,heldout,
real_moleculenet_lipophilicity,llambo_warmstart_domain_knowledge_polar_surface_control_noprior,29289,80.75,78.9,13.0,0,heldout,
real_moleculenet_lipophilicity,llambo_warmstart_selector,29289,80.75,78.9,13.0,0,heldout,llambo_warmstart_domain_knowledge_polar_surface_control_noprior
real_moleculenet_lipophilicity,llm_calibrated_selector,29289,90.0,89.0,3.75,0,heldout,llm_semantic_domain_knowledge_polar_surface_control_noprior
real_moleculenet_lipophilicity,llm_direct_prior_domain_knowledge_polar_surface_control_noprior,29289,88.75,88.75,5.0,0,heldout,
real_moleculenet_lipophilicity,llm_direct_prior_selector,29289,88.75,88.75,5.0,0,heldout,llm_direct_prior_domain_knowledge_polar_surface_control_noprior
real_moleculenet_lipophilicity,llm_semantic_domain_knowledge_polar_surface_control_noprior,29289,90.0,89.0,3.75,0,heldout,
real_moleculenet_lipophilicity,mixed_kernel_gp_ei,29289,88.75,88.75,5.0,0,heldout,
real_moleculenet_lipophilicity,target_acquisition_portfolio,29289,93.5,90.175,0.25,1,heldout,
real_moleculenet_lipophilicity,care_strategy_router,29290,93.5,88.7,0.25,1,heldout,llm_semantic_domain_knowledge_polar_surface_control_noprior
real_moleculenet_lipophilicity,gp_ucb,29290,85.5,85.5,8.25,0,heldout,
real_moleculenet_lipophilicity,llambo_warmstart_domain_knowledge_polar_surface_control_noprior,29290,83.75,83.75,10.0,0,heldout,
real_moleculenet_lipophilicity,llambo_warmstart_selector,29290,83.75,83.75,10.0,0,heldout,llambo_warmstart_domain_knowledge_polar_surface_control_noprior
real_moleculenet_lipophilicity,llm_calibrated_selector,29290,93.5,88.7,0.25,1,heldout,llm_semantic_domain_knowledge_polar_surface_control_noprior
real_moleculenet_lipophilicity,llm_direct_prior_domain_knowledge_polar_surface_control_noprior,29290,85.5,85.5,8.25,0,heldout,
real_moleculenet_lipophilicity,llm_direct_prior_selector,29290,85.5,85.5,8.25,0,heldout,llm_direct_prior_domain_knowledge_polar_surface_control_noprior
real_moleculenet_lipophilicity,llm_semantic_domain_knowledge_polar_surface_control_noprior,29290,93.5,88.7,0.25,1,heldout,
real_moleculenet_lipophilicity,mixed_kernel_gp_ei,29290,85.5,85.5,8.25,0,heldout,
real_moleculenet_lipophilicity,target_acquisition_portfolio,29290,85.5,85.5,8.25,0,heldout,
real_moleculenet_lipophilicity,care_strategy_router,29291,86.25,86.25,7.5,0,heldout,llm_semantic_domain_knowledge_polar_surface_control_noprior
real_moleculenet_lipophilicity,gp_ucb,29291,93.75,93.0,0.0,1,heldout,
real_moleculenet_lipophilicity,llambo_warmstart_domain_knowledge_polar_surface_control_noprior,29291,80.375,79.2125,13.375,0,heldout,
real_moleculenet_lipophilicity,llambo_warmstart_selector,29291,80.375,79.2125,13.375,0,heldout,llambo_warmstart_domain_knowledge_polar_surface_control_noprior
real_moleculenet_lipophilicity,llm_calibrated_selector,29291,86.25,86.25,7.5,0,heldout,llm_semantic_domain_knowledge_polar_surface_control_noprior
real_moleculenet_lipophilicity,llm_direct_prior_domain_knowledge_polar_surface_control_noprior,29291,90.0,90.0,3.75,0,heldout,
real_moleculenet_lipophilicity,llm_direct_prior_selector,29291,90.0,90.0,3.75,0,heldout,llm_direct_prior_domain_knowledge_polar_surface_control_noprior
real_moleculenet_lipophilicity,llm_semantic_domain_knowledge_polar_surface_control_noprior,29291,86.25,86.25,7.5,0,heldout,
real_moleculenet_lipophilicity,mixed_kernel_gp_ei,29291,93.75,93.0,0.0,1,heldout,
real_moleculenet_lipophilicity,target_acquisition_portfolio,29291,93.75,93.0,0.0,1,heldout,
real_moleculenet_lipophilicity,care_strategy_router,29292,88.25,81.175,5.5,0,heldout,llm_semantic_domain_knowledge_polar_surface_control_noprior
real_moleculenet_lipophilicity,gp_ucb,29292,84.875,82.35,8.875,0,heldout,
real_moleculenet_lipophilicity,llambo_warmstart_domain_knowledge_polar_surface_control_noprior,29292,93.75,93.75,0.0,1,heldout,
real_moleculenet_lipophilicity,llambo_warmstart_selector,29292,93.75,93.75,0.0,1,heldout,llambo_warmstart_domain_knowledge_polar_surface_control_noprior
real_moleculenet_lipophilicity,llm_calibrated_selector,29292,88.25,81.175,5.5,0,heldout,llm_semantic_domain_knowledge_polar_surface_control_noprior
real_moleculenet_lipophilicity,llm_direct_prior_domain_knowledge_polar_surface_control_noprior,29292,82.75,82.75,11.0,0,heldout,
real_moleculenet_lipophilicity,llm_direct_prior_selector,29292,82.75,82.75,11.0,0,heldout,llm_direct_prior_domain_knowledge_polar_surface_control_noprior
real_moleculenet_lipophilicity,llm_semantic_domain_knowledge_polar_surface_control_noprior,29292,88.25,81.175,5.5,0,heldout,
real_moleculenet_lipophilicity,mixed_kernel_gp_ei,29292,84.875,82.725,8.875,0,heldout,
real_moleculenet_lipophilicity,target_acquisition_portfolio,29292,84.875,82.35,8.875,0,heldout,
real_moleculenet_lipophilicity,care_strategy_router,29293,90.0,87.15,3.75,0,heldout,llm_semantic_domain_knowledge_polar_surface_control_noprior
real_moleculenet_lipophilicity,gp_ucb,29293,82.5,76.7625,11.25,0,heldout,
real_moleculenet_lipophilicity,llambo_warmstart_domain_knowledge_polar_surface_control_noprior,29293,93.75,93.75,0.0,1,heldout,
real_moleculenet_lipophilicity,llambo_warmstart_selector,29293,93.75,93.75,0.0,1,heldout,llambo_warmstart_domain_knowledge_polar_surface_control_noprior
real_moleculenet_lipophilicity,llm_calibrated_selector,29293,90.0,87.15,3.75,0,heldout,llm_semantic_domain_knowledge_polar_surface_control_noprior
real_moleculenet_lipophilicity,llm_direct_prior_domain_knowledge_polar_surface_control_noprior,29293,88.625,86.25,5.125,0,heldout,
real_moleculenet_lipophilicity,llm_direct_prior_selector,29293,88.625,86.25,5.125,0,heldout,llm_direct_prior_domain_knowledge_polar_surface_control_noprior
real_moleculenet_lipophilicity,llm_semantic_domain_knowledge_polar_surface_control_noprior,29293,90.0,87.15,3.75,0,heldout,
real_moleculenet_lipophilicity,mixed_kernel_gp_ei,29293,82.5,76.7625,11.25,0,heldout,
real_moleculenet_lipophilicity,target_acquisition_portfolio,29293,82.5,76.7625,11.25,0,heldout,
real_moleculenet_lipophilicity,care_strategy_router,29294,81.25,81.25,12.5,0,heldout,llm_semantic_domain_knowledge_polar_surface_control_noprior
real_moleculenet_lipophilicity,gp_ucb,29294,83.75,81.8625,10.0,0,heldout,
real_moleculenet_lipophilicity,llambo_warmstart_domain_knowledge_polar_surface_control_noprior,29294,88.75,86.25,5.0,0,heldout,
real_moleculenet_lipophilicity,llambo_warmstart_selector,29294,88.75,86.25,5.0,0,heldout,llambo_warmstart_domain_knowledge_polar_surface_control_noprior
real_moleculenet_lipophilicity,llm_calibrated_selector,29294,81.25,81.25,12.5,0,heldout,llm_semantic_domain_knowledge_polar_surface_control_noprior
real_moleculenet_lipophilicity,llm_direct_prior_domain_knowledge_polar_surface_control_noprior,29294,88.625,81.7875,5.125,0,heldout,
real_moleculenet_lipophilicity,llm_direct_prior_selector,29294,88.625,81.7875,5.125,0,heldout,llm_direct_prior_domain_knowledge_polar_surface_control_noprior
real_moleculenet_lipophilicity,llm_semantic_domain_knowledge_polar_surface_control_noprior,29294,81.25,81.25,12.5,0,heldout,
real_moleculenet_lipophilicity,mixed_kernel_gp_ei,29294,81.25,79.8625,12.5,0,heldout,
real_moleculenet_lipophilicity,target_acquisition_portfolio,29294,83.75,81.8625,10.0,0,heldout,
real_moleculenet_lipophilicity,care_strategy_router,29295,93.75,93.75,0.0,1,heldout,llm_semantic_domain_knowledge_polar_surface_control_noprior
real_moleculenet_lipophilicity,gp_ucb,29295,88.75,88.5875,5.0,0,heldout,
real_moleculenet_lipophilicity,llambo_warmstart_domain_knowledge_polar_surface_control_noprior,29295,83.75,83.75,10.0,0,heldout,
real_moleculenet_lipophilicity,llambo_warmstart_selector,29295,83.75,83.75,10.0,0,heldout,llambo_warmstart_domain_knowledge_polar_surface_control_noprior
real_moleculenet_lipophilicity,llm_calibrated_selector,29295,93.75,93.75,0.0,1,heldout,llm_semantic_domain_knowledge_polar_surface_control_noprior
real_moleculenet_lipophilicity,llm_direct_prior_domain_knowledge_polar_surface_control_noprior,29295,87.125,87.125,6.625,0,heldout,
real_moleculenet_lipophilicity,llm_direct_prior_selector,29295,87.125,87.125,6.625,0,heldout,llm_direct_prior_domain_knowledge_polar_surface_control_noprior
real_moleculenet_lipophilicity,llm_semantic_domain_knowledge_polar_surface_control_noprior,29295,93.75,93.75,0.0,1,heldout,
real_moleculenet_lipophilicity,mixed_kernel_gp_ei,29295,91.875,89.8375,1.875,0,heldout,
real_moleculenet_lipophilicity,target_acquisition_portfolio,29295,91.875,89.8375,1.875,0,heldout,
real_moleculenet_lipophilicity,care_strategy_router,29296,93.75,93.75,0.0,1,heldout,llm_semantic_domain_knowledge_polar_surface_control_noprior
real_moleculenet_lipophilicity,gp_ucb,29296,93.75,92.3,0.0,1,heldout,
real_moleculenet_lipophilicity,llambo_warmstart_domain_knowledge_polar_surface_control_noprior,29296,83.625,82.2875,10.125,0,heldout,
real_moleculenet_lipophilicity,llambo_warmstart_selector,29296,83.625,82.2875,10.125,0,heldout,llambo_warmstart_domain_knowledge_polar_surface_control_noprior
real_moleculenet_lipophilicity,llm_calibrated_selector,29296,93.75,93.75,0.0,1,heldout,llm_semantic_domain_knowledge_polar_surface_control_noprior
real_moleculenet_lipophilicity,llm_direct_prior_domain_knowledge_polar_surface_control_noprior,29296,88.75,88.3,5.0,0,heldout,
real_moleculenet_lipophilicity,llm_direct_prior_selector,29296,88.75,88.3,5.0,0,heldout,llm_direct_prior_domain_knowledge_polar_surface_control_noprior
real_moleculenet_lipophilicity,llm_semantic_domain_knowledge_polar_surface_control_noprior,29296,93.75,93.75,0.0,1,heldout,
real_moleculenet_lipophilicity,mixed_kernel_gp_ei,29296,93.75,90.875,0.0,1,heldout,
real_moleculenet_lipophilicity,target_acquisition_portfolio,29296,93.75,90.675,0.0,1,heldout,
real_moleculenet_lipophilicity,care_strategy_router,29297,93.75,89.7375,0.0,1,heldout,llm_semantic_domain_knowledge_polar_surface_control_noprior
real_moleculenet_lipophilicity,gp_ucb,29297,93.75,87.05,0.0,1,heldout,
real_moleculenet_lipophilicity,llambo_warmstart_domain_knowledge_polar_surface_control_noprior,29297,76.25,76.25,17.5,0,heldout,
real_moleculenet_lipophilicity,llambo_warmstart_selector,29297,76.25,76.25,17.5,0,heldout,llambo_warmstart_domain_knowledge_polar_surface_control_noprior
real_moleculenet_lipophilicity,llm_calibrated_selector,29297,93.75,89.7375,0.0,1,heldout,llm_semantic_domain_knowledge_polar_surface_control_noprior
real_moleculenet_lipophilicity,llm_direct_prior_domain_knowledge_polar_surface_control_noprior,29297,90.0,84.25,3.75,0,heldout,
real_moleculenet_lipophilicity,llm_direct_prior_selector,29297,90.0,84.25,3.75,0,heldout,llm_direct_prior_domain_knowledge_polar_surface_control_noprior
real_moleculenet_lipophilicity,llm_semantic_domain_knowledge_polar_surface_control_noprior,29297,93.75,89.7375,0.0,1,heldout,
real_moleculenet_lipophilicity,mixed_kernel_gp_ei,29297,86.625,85.4875,7.125,0,heldout,
real_moleculenet_lipophilicity,target_acquisition_portfolio,29297,80.75,80.375,13.0,0,heldout,
real_moleculenet_lipophilicity,care_strategy_router,29298,88.625,85.45,5.125,0,heldout,llm_semantic_domain_knowledge_polar_surface_control_noprior
real_moleculenet_lipophilicity,gp_ucb,29298,82.5,80.25,11.25,0,heldout,
real_moleculenet_lipophilicity,llambo_warmstart_domain_knowledge_polar_surface_control_noprior,29298,82.875,81.175,10.875,0,heldout,
real_moleculenet_lipophilicity,llambo_warmstart_selector,29298,82.875,81.175,10.875,0,heldout,llambo_warmstart_domain_knowledge_polar_surface_control_noprior
real_moleculenet_lipophilicity,llm_calibrated_selector,29298,88.625,85.45,5.125,0,heldout,llm_semantic_domain_knowledge_polar_surface_control_noprior
real_moleculenet_lipophilicity,llm_direct_prior_domain_knowledge_polar_surface_control_noprior,29298,88.625,87.55,5.125,0,heldout,
real_moleculenet_lipophilicity,llm_direct_prior_selector,29298,88.625,87.55,5.125,0,heldout,llm_direct_prior_domain_knowledge_polar_surface_control_noprior
real_moleculenet_lipophilicity,llm_semantic_domain_knowledge_polar_surface_control_noprior,29298,88.625,85.45,5.125,0,heldout,
real_moleculenet_lipophilicity,mixed_kernel_gp_ei,29298,88.625,83.45,5.125,0,heldout,
real_moleculenet_lipophilicity,target_acquisition_portfolio,29298,88.625,83.45,5.125,0,heldout,
real_moleculenet_lipophilicity,care_strategy_router,29299,90.0,90.0,3.75,0,heldout,llm_semantic_domain_knowledge_polar_surface_control_noprior
real_moleculenet_lipophilicity,gp_ucb,29299,86.625,86.625,7.125,0,heldout,
real_moleculenet_lipophilicity,llambo_warmstart_domain_knowledge_polar_surface_control_noprior,29299,88.25,85.6,5.5,0,heldout,
real_moleculenet_lipophilicity,llambo_warmstart_selector,29299,88.25,85.6,5.5,0,heldout,llambo_warmstart_domain_knowledge_polar_surface_control_noprior
real_moleculenet_lipophilicity,llm_calibrated_selector,29299,90.0,90.0,3.75,0,heldout,llm_semantic_domain_knowledge_polar_surface_control_noprior
real_moleculenet_lipophilicity,llm_direct_prior_domain_knowledge_polar_surface_control_noprior,29299,93.75,90.1125,0.0,1,heldout,
real_moleculenet_lipophilicity,llm_direct_prior_selector,29299,93.75,90.1125,0.0,1,heldout,llm_direct_prior_domain_knowledge_polar_surface_control_noprior
real_moleculenet_lipophilicity,llm_semantic_domain_knowledge_polar_surface_control_noprior,29299,90.0,90.0,3.75,0,heldout,
real_moleculenet_lipophilicity,mixed_kernel_gp_ei,29299,86.625,86.625,7.125,0,heldout,
real_moleculenet_lipophilicity,target_acquisition_portfolio,29299,86.625,86.625,7.125,0,heldout,
