dataset,mode,seed,final_best,best_so_far_auc,simple_regret,top10_hit,split,selected_source_mode
real_moleculenet_freesolv,gp_ucb,28000,76.8667,68.46,23.1333,1,calibration,
real_moleculenet_freesolv,llambo_warmstart_polar_surface_optimizer_noprior,28000,64.0333,61.2466,35.9667,0,calibration,
real_moleculenet_freesolv,llm_direct_prior_polar_surface_optimizer_noprior,28000,77.2333,75.0967,22.7667,1,calibration,
real_moleculenet_freesolv,llm_semantic_polar_surface_optimizer_noprior,28000,58.8,55.61,41.2,0,calibration,
real_moleculenet_freesolv,mixed_kernel_gp_ei,28000,76.8667,68.46,23.1333,1,calibration,
real_moleculenet_freesolv,target_acquisition_portfolio,28000,71.4333,67.2866,28.5667,1,calibration,
real_moleculenet_freesolv,gp_ucb,28001,50.0,50.0,50.0,0,calibration,
real_moleculenet_freesolv,llambo_warmstart_polar_surface_optimizer_noprior,28001,64.0333,61.2466,35.9667,0,calibration,
real_moleculenet_freesolv,llm_direct_prior_polar_surface_optimizer_noprior,28001,50.0,50.0,50.0,0,calibration,
real_moleculenet_freesolv,llm_semantic_polar_surface_optimizer_noprior,28001,50.0,50.0,50.0,0,calibration,
real_moleculenet_freesolv,mixed_kernel_gp_ei,28001,50.0,50.0,50.0,0,calibration,
real_moleculenet_freesolv,target_acquisition_portfolio,28001,50.0,50.0,50.0,0,calibration,
real_moleculenet_freesolv,gp_ucb,28002,53.3333,48.64,46.6667,0,calibration,
real_moleculenet_freesolv,llambo_warmstart_polar_surface_optimizer_noprior,28002,76.8667,76.8667,23.1333,1,calibration,
real_moleculenet_freesolv,llm_direct_prior_polar_surface_optimizer_noprior,28002,100.0,81.73,0.0,1,calibration,
real_moleculenet_freesolv,llm_semantic_polar_surface_optimizer_noprior,28002,100.0,81.04,0.0,1,calibration,
real_moleculenet_freesolv,mixed_kernel_gp_ei,28002,53.3333,48.64,46.6667,0,calibration,
real_moleculenet_freesolv,target_acquisition_portfolio,28002,100.0,48.98,0.0,1,calibration,
real_moleculenet_freesolv,gp_ucb,28003,56.1667,47.3467,43.8333,0,calibration,
real_moleculenet_freesolv,llambo_warmstart_polar_surface_optimizer_noprior,28003,64.0333,61.49,35.9667,0,calibration,
real_moleculenet_freesolv,llm_direct_prior_polar_surface_optimizer_noprior,28003,59.1333,56.98,40.8667,0,calibration,
real_moleculenet_freesolv,llm_semantic_polar_surface_optimizer_noprior,28003,100.0,87.7867,0.0,1,calibration,
real_moleculenet_freesolv,mixed_kernel_gp_ei,28003,64.0333,49.5633,35.9667,0,calibration,
real_moleculenet_freesolv,target_acquisition_portfolio,28003,64.0333,49.5633,35.9667,0,calibration,
real_moleculenet_freesolv,gp_ucb,28004,71.4333,52.69,28.5667,1,calibration,
real_moleculenet_freesolv,llambo_warmstart_polar_surface_optimizer_noprior,28004,71.4333,63.0866,28.5667,1,calibration,
real_moleculenet_freesolv,llm_direct_prior_polar_surface_optimizer_noprior,28004,100.0,61.8433,0.0,1,calibration,
real_moleculenet_freesolv,llm_semantic_polar_surface_optimizer_noprior,28004,50.1,49.8933,49.9,0,calibration,
real_moleculenet_freesolv,mixed_kernel_gp_ei,28004,49.2,49.2,50.8,0,calibration,
real_moleculenet_freesolv,target_acquisition_portfolio,28004,71.4333,59.9833,28.5667,1,calibration,
real_moleculenet_freesolv,gp_ucb,28005,45.6667,39.5133,54.3333,0,calibration,
real_moleculenet_freesolv,llambo_warmstart_polar_surface_optimizer_noprior,28005,64.0333,63.51,35.9667,0,calibration,
real_moleculenet_freesolv,llm_direct_prior_polar_surface_optimizer_noprior,28005,58.8,42.95,41.2,0,calibration,
real_moleculenet_freesolv,llm_semantic_polar_surface_optimizer_noprior,28005,50.1,42.7633,49.9,0,calibration,
real_moleculenet_freesolv,mixed_kernel_gp_ei,28005,50.7333,39.6733,49.2667,0,calibration,
real_moleculenet_freesolv,target_acquisition_portfolio,28005,48.3667,39.4367,51.6333,0,calibration,
real_moleculenet_freesolv,gp_ucb,28006,52.1333,48.84,47.8667,0,calibration,
real_moleculenet_freesolv,llambo_warmstart_polar_surface_optimizer_noprior,28006,53.8,51.7033,46.2,0,calibration,
real_moleculenet_freesolv,llm_direct_prior_polar_surface_optimizer_noprior,28006,53.3667,46.2367,46.6333,0,calibration,
real_moleculenet_freesolv,llm_semantic_polar_surface_optimizer_noprior,28006,71.4333,61.1867,28.5667,1,calibration,
real_moleculenet_freesolv,mixed_kernel_gp_ei,28006,69.4333,54.86,30.5667,1,calibration,
real_moleculenet_freesolv,target_acquisition_portfolio,28006,79.0667,56.5767,20.9333,1,calibration,
real_moleculenet_freesolv,gp_ucb,28007,42.1,41.3133,57.9,0,calibration,
real_moleculenet_freesolv,llambo_warmstart_polar_surface_optimizer_noprior,28007,69.4333,65.6,30.5667,1,calibration,
real_moleculenet_freesolv,llm_direct_prior_polar_surface_optimizer_noprior,28007,76.8667,76.8667,23.1333,1,calibration,
real_moleculenet_freesolv,llm_semantic_polar_surface_optimizer_noprior,28007,71.4333,59.7733,28.5667,1,calibration,
real_moleculenet_freesolv,mixed_kernel_gp_ei,28007,42.1,41.3133,57.9,0,calibration,
real_moleculenet_freesolv,target_acquisition_portfolio,28007,50.7,44.7533,49.3,0,calibration,
real_moleculenet_freesolv,gp_ucb,28008,75.8,56.67,24.2,1,calibration,
real_moleculenet_freesolv,llambo_warmstart_polar_surface_optimizer_noprior,28008,50.0,50.0,50.0,0,calibration,
real_moleculenet_freesolv,llm_direct_prior_polar_surface_optimizer_noprior,28008,100.0,79.4,0.0,1,calibration,
real_moleculenet_freesolv,llm_semantic_polar_surface_optimizer_noprior,28008,58.8,57.13,41.2,0,calibration,
real_moleculenet_freesolv,mixed_kernel_gp_ei,28008,42.1,42.1,57.9,0,calibration,
real_moleculenet_freesolv,target_acquisition_portfolio,28008,42.1,42.1,57.9,0,calibration,
real_moleculenet_freesolv,gp_ucb,28009,40.9667,40.1367,59.0333,0,calibration,
real_moleculenet_freesolv,llambo_warmstart_polar_surface_optimizer_noprior,28009,79.0667,71.8467,20.9333,1,calibration,
real_moleculenet_freesolv,llm_direct_prior_polar_surface_optimizer_noprior,28009,100.0,98.62,0.0,1,calibration,
real_moleculenet_freesolv,llm_semantic_polar_surface_optimizer_noprior,28009,100.0,76.28,0.0,1,calibration,
real_moleculenet_freesolv,mixed_kernel_gp_ei,28009,40.9667,40.1367,59.0333,0,calibration,
real_moleculenet_freesolv,target_acquisition_portfolio,28009,43.2667,39.81,56.7333,0,calibration,
real_moleculenet_freesolv,gp_ucb,28010,71.4333,67.2866,28.5667,1,calibration,
real_moleculenet_freesolv,llambo_warmstart_polar_surface_optimizer_noprior,28010,64.0333,61.2466,35.9667,0,calibration,
real_moleculenet_freesolv,llm_direct_prior_polar_surface_optimizer_noprior,28010,100.0,79.4,0.0,1,calibration,
real_moleculenet_freesolv,llm_semantic_polar_surface_optimizer_noprior,28010,58.8,57.7633,41.2,0,calibration,
real_moleculenet_freesolv,mixed_kernel_gp_ei,28010,71.4333,67.2866,28.5667,1,calibration,
real_moleculenet_freesolv,target_acquisition_portfolio,28010,71.4333,67.2866,28.5667,1,calibration,
real_moleculenet_freesolv,gp_ucb,28011,100.0,91.55,0.0,1,calibration,
real_moleculenet_freesolv,llambo_warmstart_polar_surface_optimizer_noprior,28011,100.0,100.0,0.0,1,calibration,
real_moleculenet_freesolv,llm_direct_prior_polar_surface_optimizer_noprior,28011,100.0,98.62,0.0,1,calibration,
real_moleculenet_freesolv,llm_semantic_polar_surface_optimizer_noprior,28011,100.0,100.0,0.0,1,calibration,
real_moleculenet_freesolv,mixed_kernel_gp_ei,28011,100.0,91.55,0.0,1,calibration,
real_moleculenet_freesolv,target_acquisition_portfolio,28011,100.0,91.55,0.0,1,calibration,
real_moleculenet_freesolv,gp_ucb,28012,100.0,59.0134,0.0,1,calibration,
real_moleculenet_freesolv,llambo_warmstart_polar_surface_optimizer_noprior,28012,59.1333,59.1333,40.8667,0,calibration,
real_moleculenet_freesolv,llm_direct_prior_polar_surface_optimizer_noprior,28012,76.8667,76.8667,23.1333,1,calibration,
real_moleculenet_freesolv,llm_semantic_polar_surface_optimizer_noprior,28012,100.0,59.8,0.0,1,calibration,
real_moleculenet_freesolv,mixed_kernel_gp_ei,28012,100.0,53.89,0.0,1,calibration,
real_moleculenet_freesolv,target_acquisition_portfolio,28012,77.2333,54.27,22.7667,1,calibration,
real_moleculenet_freesolv,gp_ucb,28013,50.2667,50.2667,49.7333,0,calibration,
real_moleculenet_freesolv,llambo_warmstart_polar_surface_optimizer_noprior,28013,79.0667,67.74,20.9333,1,calibration,
real_moleculenet_freesolv,llm_direct_prior_polar_surface_optimizer_noprior,28013,100.0,56.0934,0.0,1,calibration,
real_moleculenet_freesolv,llm_semantic_polar_surface_optimizer_noprior,28013,59.1333,55.5867,40.8667,0,calibration,
real_moleculenet_freesolv,mixed_kernel_gp_ei,28013,50.2667,50.2667,49.7333,0,calibration,
real_moleculenet_freesolv,target_acquisition_portfolio,28013,50.2667,50.2667,49.7333,0,calibration,
real_moleculenet_freesolv,gp_ucb,28014,73.0667,48.7334,26.9333,1,calibration,
real_moleculenet_freesolv,llambo_warmstart_polar_surface_optimizer_noprior,28014,64.0333,61.2466,35.9667,0,calibration,
real_moleculenet_freesolv,llm_direct_prior_polar_surface_optimizer_noprior,28014,100.0,48.65,0.0,1,calibration,
real_moleculenet_freesolv,llm_semantic_polar_surface_optimizer_noprior,28014,69.4333,47.15,30.5667,1,calibration,
real_moleculenet_freesolv,mixed_kernel_gp_ei,28014,42.1,41.22,57.9,0,calibration,
real_moleculenet_freesolv,target_acquisition_portfolio,28014,42.1,41.22,57.9,0,calibration,
real_moleculenet_freesolv,gp_ucb,28015,76.8667,66.2433,23.1333,1,calibration,
real_moleculenet_freesolv,llambo_warmstart_polar_surface_optimizer_noprior,28015,50.7,44.6467,49.3,0,calibration,
real_moleculenet_freesolv,llm_direct_prior_polar_surface_optimizer_noprior,28015,76.8667,76.8667,23.1333,1,calibration,
real_moleculenet_freesolv,llm_semantic_polar_surface_optimizer_noprior,28015,58.8,55.98,41.2,0,calibration,
real_moleculenet_freesolv,mixed_kernel_gp_ei,28015,69.4333,67.47,30.5667,1,calibration,
real_moleculenet_freesolv,target_acquisition_portfolio,28015,68.2,65.19,31.8,0,calibration,
real_moleculenet_freesolv,gp_ucb,28016,68.2,57.48,31.8,0,calibration,
real_moleculenet_freesolv,llambo_warmstart_polar_surface_optimizer_noprior,28016,100.0,87.3467,0.0,1,calibration,
real_moleculenet_freesolv,llm_direct_prior_polar_surface_optimizer_noprior,28016,100.0,68.5467,0.0,1,calibration,
real_moleculenet_freesolv,llm_semantic_polar_surface_optimizer_noprior,28016,71.4333,57.0333,28.5667,1,calibration,
real_moleculenet_freesolv,mixed_kernel_gp_ei,28016,68.2,57.48,31.8,0,calibration,
real_moleculenet_freesolv,target_acquisition_portfolio,28016,68.2,57.48,31.8,0,calibration,
real_moleculenet_freesolv,gp_ucb,28017,100.0,100.0,0.0,1,calibration,
real_moleculenet_freesolv,llambo_warmstart_polar_surface_optimizer_noprior,28017,47.6667,45.68,52.3333,0,calibration,
real_moleculenet_freesolv,llm_direct_prior_polar_surface_optimizer_noprior,28017,100.0,100.0,0.0,1,calibration,
real_moleculenet_freesolv,llm_semantic_polar_surface_optimizer_noprior,28017,100.0,100.0,0.0,1,calibration,
real_moleculenet_freesolv,mixed_kernel_gp_ei,28017,100.0,100.0,0.0,1,calibration,
real_moleculenet_freesolv,target_acquisition_portfolio,28017,100.0,100.0,0.0,1,calibration,
real_moleculenet_freesolv,gp_ucb,28018,100.0,71.6334,0.0,1,calibration,
real_moleculenet_freesolv,llambo_warmstart_polar_surface_optimizer_noprior,28018,69.4333,65.6,30.5667,1,calibration,
real_moleculenet_freesolv,llm_direct_prior_polar_surface_optimizer_noprior,28018,100.0,94.3267,0.0,1,calibration,
real_moleculenet_freesolv,llm_semantic_polar_surface_optimizer_noprior,28018,100.0,77.3067,0.0,1,calibration,
real_moleculenet_freesolv,mixed_kernel_gp_ei,28018,64.0333,52.4167,35.9667,0,calibration,
real_moleculenet_freesolv,target_acquisition_portfolio,28018,64.0333,51.7333,35.9667,0,calibration,
real_moleculenet_freesolv,gp_ucb,28019,100.0,97.0133,0.0,1,calibration,
real_moleculenet_freesolv,llambo_warmstart_polar_surface_optimizer_noprior,28019,59.1333,59.1333,40.8667,0,calibration,
real_moleculenet_freesolv,llm_direct_prior_polar_surface_optimizer_noprior,28019,100.0,99.08,0.0,1,calibration,
real_moleculenet_freesolv,llm_semantic_polar_surface_optimizer_noprior,28019,100.0,94.0267,0.0,1,calibration,
real_moleculenet_freesolv,mixed_kernel_gp_ei,28019,100.0,98.5067,0.0,1,calibration,
real_moleculenet_freesolv,target_acquisition_portfolio,28019,100.0,98.5067,0.0,1,calibration,
real_moleculenet_freesolv,gp_ucb,28020,40.9667,39.6767,59.0333,0,calibration,
real_moleculenet_freesolv,llambo_warmstart_polar_surface_optimizer_noprior,28020,58.8,53.5033,41.2,0,calibration,
real_moleculenet_freesolv,llm_direct_prior_polar_surface_optimizer_noprior,28020,76.8667,52.85,23.1333,1,calibration,
real_moleculenet_freesolv,llm_semantic_polar_surface_optimizer_noprior,28020,71.4333,42.9267,28.5667,1,calibration,
real_moleculenet_freesolv,mixed_kernel_gp_ei,28020,40.9667,39.6767,59.0333,0,calibration,
real_moleculenet_freesolv,target_acquisition_portfolio,28020,50.2667,42.4333,49.7333,0,calibration,
real_moleculenet_freesolv,gp_ucb,28021,47.8,42.76,52.2,0,calibration,
real_moleculenet_freesolv,llambo_warmstart_polar_surface_optimizer_noprior,28021,59.1333,59.1333,40.8667,0,calibration,
real_moleculenet_freesolv,llm_direct_prior_polar_surface_optimizer_noprior,28021,100.0,99.08,0.0,1,calibration,
real_moleculenet_freesolv,llm_semantic_polar_surface_optimizer_noprior,28021,100.0,100.0,0.0,1,calibration,
real_moleculenet_freesolv,mixed_kernel_gp_ei,28021,47.8,43.13,52.2,0,calibration,
real_moleculenet_freesolv,target_acquisition_portfolio,28021,47.8,43.13,52.2,0,calibration,
real_moleculenet_freesolv,gp_ucb,28022,48.7667,48.7667,51.2333,0,calibration,
real_moleculenet_freesolv,llambo_warmstart_polar_surface_optimizer_noprior,28022,69.4333,65.6,30.5667,1,calibration,
real_moleculenet_freesolv,llm_direct_prior_polar_surface_optimizer_noprior,28022,48.7667,48.7667,51.2333,0,calibration,
real_moleculenet_freesolv,llm_semantic_polar_surface_optimizer_noprior,28022,48.7667,48.7667,51.2333,0,calibration,
real_moleculenet_freesolv,mixed_kernel_gp_ei,28022,48.7667,48.7667,51.2333,0,calibration,
real_moleculenet_freesolv,target_acquisition_portfolio,28022,48.7667,48.7667,51.2333,0,calibration,
real_moleculenet_freesolv,gp_ucb,28023,71.4333,69.36,28.5667,1,calibration,
real_moleculenet_freesolv,llambo_warmstart_polar_surface_optimizer_noprior,28023,69.4333,65.4566,30.5667,1,calibration,
real_moleculenet_freesolv,llm_direct_prior_polar_surface_optimizer_noprior,28023,100.0,83.52,0.0,1,calibration,
real_moleculenet_freesolv,llm_semantic_polar_surface_optimizer_noprior,28023,100.0,79.4,0.0,1,calibration,
real_moleculenet_freesolv,mixed_kernel_gp_ei,28023,71.4333,69.36,28.5667,1,calibration,
real_moleculenet_freesolv,target_acquisition_portfolio,28023,71.4333,69.36,28.5667,1,calibration,
real_moleculenet_freesolv,gp_ucb,28024,56.5,54.2833,43.5,0,calibration,
real_moleculenet_freesolv,llambo_warmstart_polar_surface_optimizer_noprior,28024,76.8667,72.4467,23.1333,1,calibration,
real_moleculenet_freesolv,llm_direct_prior_polar_surface_optimizer_noprior,28024,76.8667,58.9667,23.1333,1,calibration,
real_moleculenet_freesolv,llm_semantic_polar_surface_optimizer_noprior,28024,53.3333,53.3333,46.6667,0,calibration,
real_moleculenet_freesolv,mixed_kernel_gp_ei,28024,69.4333,59.7733,30.5667,1,calibration,
real_moleculenet_freesolv,target_acquisition_portfolio,28024,69.4333,59.7733,30.5667,1,calibration,
real_moleculenet_freesolv,gp_ucb,28025,47.6667,47.17,52.3333,0,calibration,
real_moleculenet_freesolv,llambo_warmstart_polar_surface_optimizer_noprior,28025,69.4333,69.4333,30.5667,1,calibration,
real_moleculenet_freesolv,llm_direct_prior_polar_surface_optimizer_noprior,28025,76.8667,67.3567,23.1333,1,calibration,
real_moleculenet_freesolv,llm_semantic_polar_surface_optimizer_noprior,28025,100.0,98.16,0.0,1,calibration,
real_moleculenet_freesolv,mixed_kernel_gp_ei,28025,47.6667,46.6734,52.3333,0,calibration,
real_moleculenet_freesolv,target_acquisition_portfolio,28025,47.6667,46.6734,52.3333,0,calibration,
real_moleculenet_freesolv,gp_ucb,28026,42.1,40.1367,57.9,0,calibration,
real_moleculenet_freesolv,llambo_warmstart_polar_surface_optimizer_noprior,28026,64.0333,63.51,35.9667,0,calibration,
real_moleculenet_freesolv,llm_direct_prior_polar_surface_optimizer_noprior,28026,100.0,63.35,0.0,1,calibration,
real_moleculenet_freesolv,llm_semantic_polar_surface_optimizer_noprior,28026,100.0,82.1733,0.0,1,calibration,
real_moleculenet_freesolv,mixed_kernel_gp_ei,28026,42.1,42.0,57.9,0,calibration,
real_moleculenet_freesolv,target_acquisition_portfolio,28026,42.1,41.9833,57.9,0,calibration,
real_moleculenet_freesolv,gp_ucb,28027,56.5,50.47,43.5,0,calibration,
real_moleculenet_freesolv,llambo_warmstart_polar_surface_optimizer_noprior,28027,79.0667,70.2267,20.9333,1,calibration,
real_moleculenet_freesolv,llm_direct_prior_polar_surface_optimizer_noprior,28027,59.1333,57.7867,40.8667,0,calibration,
real_moleculenet_freesolv,llm_semantic_polar_surface_optimizer_noprior,28027,71.4333,59.89,28.5667,1,calibration,
real_moleculenet_freesolv,mixed_kernel_gp_ei,28027,79.0667,60.1633,20.9333,1,calibration,
real_moleculenet_freesolv,target_acquisition_portfolio,28027,71.4333,50.3633,28.5667,1,calibration,
real_moleculenet_freesolv,gp_ucb,28028,69.4333,52.69,30.5667,1,calibration,
real_moleculenet_freesolv,llambo_warmstart_polar_surface_optimizer_noprior,28028,64.0333,60.15,35.9667,0,calibration,
real_moleculenet_freesolv,llm_direct_prior_polar_surface_optimizer_noprior,28028,100.0,73.78,0.0,1,calibration,
real_moleculenet_freesolv,llm_semantic_polar_surface_optimizer_noprior,28028,56.5,52.32,43.5,0,calibration,
real_moleculenet_freesolv,mixed_kernel_gp_ei,28028,69.4333,52.69,30.5667,1,calibration,
real_moleculenet_freesolv,target_acquisition_portfolio,28028,52.1333,50.96,47.8667,0,calibration,
real_moleculenet_freesolv,gp_ucb,28029,58.8,50.5367,41.2,0,calibration,
real_moleculenet_freesolv,llambo_warmstart_polar_surface_optimizer_noprior,28029,59.1333,59.1333,40.8667,0,calibration,
real_moleculenet_freesolv,llm_direct_prior_polar_surface_optimizer_noprior,28029,100.0,99.08,0.0,1,calibration,
real_moleculenet_freesolv,llm_semantic_polar_surface_optimizer_noprior,28029,100.0,80.2933,0.0,1,calibration,
real_moleculenet_freesolv,mixed_kernel_gp_ei,28029,58.8,50.5367,41.2,0,calibration,
real_moleculenet_freesolv,target_acquisition_portfolio,28029,71.4333,53.0467,28.5667,1,calibration,
real_moleculenet_freesolv,gp_ucb,28030,68.2,65.2833,31.8,0,calibration,
real_moleculenet_freesolv,llambo_warmstart_polar_surface_optimizer_noprior,28030,71.4333,65.2833,28.5667,1,calibration,
real_moleculenet_freesolv,llm_direct_prior_polar_surface_optimizer_noprior,28030,100.0,78.42,0.0,1,calibration,
real_moleculenet_freesolv,llm_semantic_polar_surface_optimizer_noprior,28030,71.4333,66.2533,28.5667,1,calibration,
real_moleculenet_freesolv,mixed_kernel_gp_ei,28030,64.0333,64.0333,35.9667,0,calibration,
real_moleculenet_freesolv,target_acquisition_portfolio,28030,79.0667,65.5366,20.9333,1,calibration,
real_moleculenet_freesolv,gp_ucb,28031,52.6,46.2867,47.4,0,calibration,
real_moleculenet_freesolv,llambo_warmstart_polar_surface_optimizer_noprior,28031,64.0333,58.5433,35.9667,0,calibration,
real_moleculenet_freesolv,llm_direct_prior_polar_surface_optimizer_noprior,28031,76.8667,69.2667,23.1333,1,calibration,
real_moleculenet_freesolv,llm_semantic_polar_surface_optimizer_noprior,28031,71.4333,59.4567,28.5667,1,calibration,
real_moleculenet_freesolv,mixed_kernel_gp_ei,28031,58.8,45.55,41.2,0,calibration,
real_moleculenet_freesolv,target_acquisition_portfolio,28031,42.1,39.5333,57.9,0,calibration,
real_moleculenet_freesolv,gp_ucb,28032,64.0333,57.1366,35.9667,0,calibration,
real_moleculenet_freesolv,llambo_warmstart_polar_surface_optimizer_noprior,28032,79.0667,60.2933,20.9333,1,calibration,
real_moleculenet_freesolv,llm_direct_prior_polar_surface_optimizer_noprior,28032,100.0,81.5533,0.0,1,calibration,
real_moleculenet_freesolv,llm_semantic_polar_surface_optimizer_noprior,28032,100.0,77.3067,0.0,1,calibration,
real_moleculenet_freesolv,mixed_kernel_gp_ei,28032,64.0333,55.5166,35.9667,0,calibration,
real_moleculenet_freesolv,target_acquisition_portfolio,28032,64.0333,55.5166,35.9667,0,calibration,
real_moleculenet_freesolv,gp_ucb,28033,100.0,100.0,0.0,1,calibration,
real_moleculenet_freesolv,llambo_warmstart_polar_surface_optimizer_noprior,28033,52.6,50.91,47.4,0,calibration,
real_moleculenet_freesolv,llm_direct_prior_polar_surface_optimizer_noprior,28033,100.0,100.0,0.0,1,calibration,
real_moleculenet_freesolv,llm_semantic_polar_surface_optimizer_noprior,28033,100.0,100.0,0.0,1,calibration,
real_moleculenet_freesolv,mixed_kernel_gp_ei,28033,100.0,100.0,0.0,1,calibration,
real_moleculenet_freesolv,target_acquisition_portfolio,28033,100.0,100.0,0.0,1,calibration,
real_moleculenet_freesolv,gp_ucb,28034,77.2333,77.2333,22.7667,1,calibration,
real_moleculenet_freesolv,llambo_warmstart_polar_surface_optimizer_noprior,28034,76.8667,75.06,23.1333,1,calibration,
real_moleculenet_freesolv,llm_direct_prior_polar_surface_optimizer_noprior,28034,77.2333,77.2333,22.7667,1,calibration,
real_moleculenet_freesolv,llm_semantic_polar_surface_optimizer_noprior,28034,77.2333,77.2333,22.7667,1,calibration,
real_moleculenet_freesolv,mixed_kernel_gp_ei,28034,77.2333,77.2333,22.7667,1,calibration,
real_moleculenet_freesolv,target_acquisition_portfolio,28034,77.2333,77.2333,22.7667,1,calibration,
real_moleculenet_freesolv,gp_ucb,28035,52.6,52.2266,47.4,0,calibration,
real_moleculenet_freesolv,llambo_warmstart_polar_surface_optimizer_noprior,28035,71.4333,54.75,28.5667,1,calibration,
real_moleculenet_freesolv,llm_direct_prior_polar_surface_optimizer_noprior,28035,59.1333,55.6033,40.8667,0,calibration,
real_moleculenet_freesolv,llm_semantic_polar_surface_optimizer_noprior,28035,71.4333,54.68,28.5667,1,calibration,
real_moleculenet_freesolv,mixed_kernel_gp_ei,28035,69.4333,64.2433,30.5667,1,calibration,
real_moleculenet_freesolv,target_acquisition_portfolio,28035,79.0667,68.0967,20.9333,1,calibration,
real_moleculenet_freesolv,gp_ucb,28036,47.6667,47.6667,52.3333,0,calibration,
real_moleculenet_freesolv,llambo_warmstart_polar_surface_optimizer_noprior,28036,71.4333,69.43,28.5667,1,calibration,
real_moleculenet_freesolv,llm_direct_prior_polar_surface_optimizer_noprior,28036,100.0,80.94,0.0,1,calibration,
real_moleculenet_freesolv,llm_semantic_polar_surface_optimizer_noprior,28036,50.1,43.3233,49.9,0,calibration,
real_moleculenet_freesolv,mixed_kernel_gp_ei,28036,47.6667,47.6667,52.3333,0,calibration,
real_moleculenet_freesolv,target_acquisition_portfolio,28036,47.6667,47.6667,52.3333,0,calibration,
real_moleculenet_freesolv,gp_ucb,28037,76.8667,65.7833,23.1333,1,calibration,
real_moleculenet_freesolv,llambo_warmstart_polar_surface_optimizer_noprior,28037,71.4333,69.43,28.5667,1,calibration,
real_moleculenet_freesolv,llm_direct_prior_polar_surface_optimizer_noprior,28037,76.8667,75.06,23.1333,1,calibration,
real_moleculenet_freesolv,llm_semantic_polar_surface_optimizer_noprior,28037,58.8,58.8,41.2,0,calibration,
real_moleculenet_freesolv,mixed_kernel_gp_ei,28037,71.4333,65.5933,28.5667,1,calibration,
real_moleculenet_freesolv,target_acquisition_portfolio,28037,76.8667,65.7833,23.1333,1,calibration,
real_moleculenet_freesolv,gp_ucb,28038,100.0,99.54,0.0,1,calibration,
real_moleculenet_freesolv,llambo_warmstart_polar_surface_optimizer_noprior,28038,76.8667,76.8667,23.1333,1,calibration,
real_moleculenet_freesolv,llm_direct_prior_polar_surface_optimizer_noprior,28038,76.8667,76.8667,23.1333,1,calibration,
real_moleculenet_freesolv,llm_semantic_polar_surface_optimizer_noprior,28038,58.8,51.84,41.2,0,calibration,
real_moleculenet_freesolv,mixed_kernel_gp_ei,28038,100.0,94.1533,0.0,1,calibration,
real_moleculenet_freesolv,target_acquisition_portfolio,28038,100.0,99.54,0.0,1,calibration,
real_moleculenet_freesolv,gp_ucb,28039,44.7,41.9667,55.3,0,calibration,
real_moleculenet_freesolv,llambo_warmstart_polar_surface_optimizer_noprior,28039,59.1333,59.1333,40.8667,0,calibration,
real_moleculenet_freesolv,llm_direct_prior_polar_surface_optimizer_noprior,28039,100.0,73.6633,0.0,1,calibration,
real_moleculenet_freesolv,llm_semantic_polar_surface_optimizer_noprior,28039,100.0,57.6067,0.0,1,calibration,
real_moleculenet_freesolv,mixed_kernel_gp_ei,28039,44.7,39.4567,55.3,0,calibration,
real_moleculenet_freesolv,target_acquisition_portfolio,28039,44.7,41.9667,55.3,0,calibration,
real_moleculenet_freesolv,gp_ucb,28040,64.0333,60.0966,35.9667,0,calibration,
real_moleculenet_freesolv,llambo_warmstart_polar_surface_optimizer_noprior,28040,64.0333,61.2466,35.9667,0,calibration,
real_moleculenet_freesolv,llm_direct_prior_polar_surface_optimizer_noprior,28040,76.8667,76.8667,23.1333,1,calibration,
real_moleculenet_freesolv,llm_semantic_polar_surface_optimizer_noprior,28040,58.8,54.45,41.2,0,calibration,
real_moleculenet_freesolv,mixed_kernel_gp_ei,28040,64.0333,60.0966,35.9667,0,calibration,
real_moleculenet_freesolv,target_acquisition_portfolio,28040,71.4333,61.5766,28.5667,1,calibration,
real_moleculenet_freesolv,gp_ucb,28041,42.5667,42.5667,57.4333,0,calibration,
real_moleculenet_freesolv,llambo_warmstart_polar_surface_optimizer_noprior,28041,69.4333,67.43,30.5667,1,calibration,
real_moleculenet_freesolv,llm_direct_prior_polar_surface_optimizer_noprior,28041,100.0,77.2367,0.0,1,calibration,
real_moleculenet_freesolv,llm_semantic_polar_surface_optimizer_noprior,28041,100.0,77.1667,0.0,1,calibration,
real_moleculenet_freesolv,mixed_kernel_gp_ei,28041,50.1,43.32,49.9,0,calibration,
real_moleculenet_freesolv,target_acquisition_portfolio,28041,42.5667,42.5667,57.4333,0,calibration,
real_moleculenet_freesolv,gp_ucb,28042,56.5,45.9933,43.5,0,calibration,
real_moleculenet_freesolv,llambo_warmstart_polar_surface_optimizer_noprior,28042,59.1333,59.1333,40.8667,0,calibration,
real_moleculenet_freesolv,llm_direct_prior_polar_surface_optimizer_noprior,28042,77.2333,76.9034,22.7667,1,calibration,
real_moleculenet_freesolv,llm_semantic_polar_surface_optimizer_noprior,28042,58.8,51.5267,41.2,0,calibration,
real_moleculenet_freesolv,mixed_kernel_gp_ei,28042,71.4333,47.0767,28.5667,1,calibration,
real_moleculenet_freesolv,target_acquisition_portfolio,28042,48.4333,42.22,51.5667,0,calibration,
real_moleculenet_freesolv,gp_ucb,28043,64.0333,54.56,35.9667,0,calibration,
real_moleculenet_freesolv,llambo_warmstart_polar_surface_optimizer_noprior,28043,79.0667,70.2733,20.9333,1,calibration,
real_moleculenet_freesolv,llm_direct_prior_polar_surface_optimizer_noprior,28043,77.2333,64.2167,22.7667,1,calibration,
real_moleculenet_freesolv,llm_semantic_polar_surface_optimizer_noprior,28043,76.8667,55.7533,23.1333,1,calibration,
real_moleculenet_freesolv,mixed_kernel_gp_ei,28043,64.0333,54.56,35.9667,0,calibration,
real_moleculenet_freesolv,target_acquisition_portfolio,28043,64.0333,54.56,35.9667,0,calibration,
real_moleculenet_freesolv,gp_ucb,28044,79.0667,79.0667,20.9333,1,calibration,
real_moleculenet_freesolv,llambo_warmstart_polar_surface_optimizer_noprior,28044,59.1333,59.1333,40.8667,0,calibration,
real_moleculenet_freesolv,llm_direct_prior_polar_surface_optimizer_noprior,28044,100.0,87.44,0.0,1,calibration,
real_moleculenet_freesolv,llm_semantic_polar_surface_optimizer_noprior,28044,79.0667,79.0667,20.9333,1,calibration,
real_moleculenet_freesolv,mixed_kernel_gp_ei,28044,79.0667,79.0667,20.9333,1,calibration,
real_moleculenet_freesolv,target_acquisition_portfolio,28044,79.0667,79.0667,20.9333,1,calibration,
real_moleculenet_freesolv,gp_ucb,28045,79.0667,64.8033,20.9333,1,calibration,
real_moleculenet_freesolv,llambo_warmstart_polar_surface_optimizer_noprior,28045,100.0,100.0,0.0,1,calibration,
real_moleculenet_freesolv,llm_direct_prior_polar_surface_optimizer_noprior,28045,100.0,75.35,0.0,1,calibration,
real_moleculenet_freesolv,llm_semantic_polar_surface_optimizer_noprior,28045,100.0,84.51,0.0,1,calibration,
real_moleculenet_freesolv,mixed_kernel_gp_ei,28045,69.4333,64.2433,30.5667,1,calibration,
real_moleculenet_freesolv,target_acquisition_portfolio,28045,79.0667,65.4033,20.9333,1,calibration,
real_moleculenet_freesolv,gp_ucb,28046,69.4333,58.0533,30.5667,1,calibration,
real_moleculenet_freesolv,llambo_warmstart_polar_surface_optimizer_noprior,28046,64.0333,61.2466,35.9667,0,calibration,
real_moleculenet_freesolv,llm_direct_prior_polar_surface_optimizer_noprior,28046,100.0,58.8533,0.0,1,calibration,
real_moleculenet_freesolv,llm_semantic_polar_surface_optimizer_noprior,28046,58.8,44.4367,41.2,0,calibration,
real_moleculenet_freesolv,mixed_kernel_gp_ei,28046,69.4333,58.0533,30.5667,1,calibration,
real_moleculenet_freesolv,target_acquisition_portfolio,28046,69.4333,58.0533,30.5667,1,calibration,
real_moleculenet_freesolv,gp_ucb,28047,71.4333,59.8866,28.5667,1,calibration,
real_moleculenet_freesolv,llambo_warmstart_polar_surface_optimizer_noprior,28047,71.4333,61.8033,28.5667,1,calibration,
real_moleculenet_freesolv,llm_direct_prior_polar_surface_optimizer_noprior,28047,100.0,90.02,0.0,1,calibration,
real_moleculenet_freesolv,llm_semantic_polar_surface_optimizer_noprior,28047,100.0,79.7,0.0,1,calibration,
real_moleculenet_freesolv,mixed_kernel_gp_ei,28047,64.0333,56.3533,35.9667,0,calibration,
real_moleculenet_freesolv,target_acquisition_portfolio,28047,64.0333,59.6366,35.9667,0,calibration,
real_moleculenet_freesolv,gp_ucb,28048,71.4333,67.6666,28.5667,1,calibration,
real_moleculenet_freesolv,llambo_warmstart_polar_surface_optimizer_noprior,28048,69.4333,63.3233,30.5667,1,calibration,
real_moleculenet_freesolv,llm_direct_prior_polar_surface_optimizer_noprior,28048,77.2333,75.0967,22.7667,1,calibration,
real_moleculenet_freesolv,llm_semantic_polar_surface_optimizer_noprior,28048,71.4333,58.25,28.5667,1,calibration,
real_moleculenet_freesolv,mixed_kernel_gp_ei,28048,68.2,64.59,31.8,0,calibration,
real_moleculenet_freesolv,target_acquisition_portfolio,28048,56.5,55.33,43.5,0,calibration,
real_moleculenet_freesolv,gp_ucb,28049,73.0667,58.2433,26.9333,1,calibration,
real_moleculenet_freesolv,llambo_warmstart_polar_surface_optimizer_noprior,28049,71.4333,69.43,28.5667,1,calibration,
real_moleculenet_freesolv,llm_direct_prior_polar_surface_optimizer_noprior,28049,76.8667,73.0134,23.1333,1,calibration,
real_moleculenet_freesolv,llm_semantic_polar_surface_optimizer_noprior,28049,58.8,57.0633,41.2,0,calibration,
real_moleculenet_freesolv,mixed_kernel_gp_ei,28049,73.0667,60.1133,26.9333,1,calibration,
real_moleculenet_freesolv,target_acquisition_portfolio,28049,79.0667,54.44,20.9333,1,calibration,
real_moleculenet_freesolv,care_strategy_router,29000,76.8667,76.8667,23.1333,1,heldout,llm_direct_prior_polar_surface_optimizer_noprior
real_moleculenet_freesolv,gp_ucb,29000,59.1333,49.8034,40.8667,0,heldout,
real_moleculenet_freesolv,llambo_warmstart_polar_surface_optimizer_noprior,29000,59.1333,59.1333,40.8667,0,heldout,
real_moleculenet_freesolv,llambo_warmstart_selector,29000,59.1333,59.1333,40.8667,0,heldout,llambo_warmstart_polar_surface_optimizer_noprior
real_moleculenet_freesolv,llm_calibrated_selector,29000,76.8667,76.8667,23.1333,1,heldout,llm_semantic_polar_surface_optimizer_noprior
real_moleculenet_freesolv,llm_direct_prior_polar_surface_optimizer_noprior,29000,76.8667,76.8667,23.1333,1,heldout,
real_moleculenet_freesolv,llm_direct_prior_selector,29000,76.8667,76.8667,23.1333,1,heldout,llm_direct_prior_polar_surface_optimizer_noprior
real_moleculenet_freesolv,llm_semantic_polar_surface_optimizer_noprior,29000,76.8667,76.8667,23.1333,1,heldout,
real_moleculenet_freesolv,mixed_kernel_gp_ei,29000,48.7667,48.7667,51.2333,0,heldout,
real_moleculenet_freesolv,target_acquisition_portfolio,29000,48.7667,48.7667,51.2333,0,heldout,
real_moleculenet_freesolv,care_strategy_router,29001,76.8667,53.24,23.1333,1,heldout,llm_direct_prior_polar_surface_optimizer_noprior
real_moleculenet_freesolv,gp_ucb,29001,49.4,46.4333,50.6,0,heldout,
real_moleculenet_freesolv,llambo_warmstart_polar_surface_optimizer_noprior,29001,79.0667,69.43,20.9333,1,heldout,
real_moleculenet_freesolv,llambo_warmstart_selector,29001,79.0667,69.43,20.9333,1,heldout,llambo_warmstart_polar_surface_optimizer_noprior
real_moleculenet_freesolv,llm_calibrated_selector,29001,59.1333,57.6133,40.8667,0,heldout,llm_semantic_polar_surface_optimizer_noprior
real_moleculenet_freesolv,llm_direct_prior_polar_surface_optimizer_noprior,29001,76.8667,53.24,23.1333,1,heldout,
real_moleculenet_freesolv,llm_direct_prior_selector,29001,76.8667,53.24,23.1333,1,heldout,llm_direct_prior_polar_surface_optimizer_noprior
real_moleculenet_freesolv,llm_semantic_polar_surface_optimizer_noprior,29001,59.1333,57.6133,40.8667,0,heldout,
real_moleculenet_freesolv,mixed_kernel_gp_ei,29001,56.5,48.53,43.5,0,heldout,
real_moleculenet_freesolv,target_acquisition_portfolio,29001,77.2333,52.1633,22.7667,1,heldout,
real_moleculenet_freesolv,care_strategy_router,29002,76.8667,66.2267,23.1333,1,heldout,llm_direct_prior_polar_surface_optimizer_noprior
real_moleculenet_freesolv,gp_ucb,29002,59.1333,59.1333,40.8667,0,heldout,
real_moleculenet_freesolv,llambo_warmstart_polar_surface_optimizer_noprior,29002,69.4333,59.04,30.5667,1,heldout,
real_moleculenet_freesolv,llambo_warmstart_selector,29002,69.4333,59.04,30.5667,1,heldout,llambo_warmstart_polar_surface_optimizer_noprior
real_moleculenet_freesolv,llm_calibrated_selector,29002,68.2,61.8533,31.8,0,heldout,llm_semantic_polar_surface_optimizer_noprior
real_moleculenet_freesolv,llm_direct_prior_polar_surface_optimizer_noprior,29002,76.8667,66.2267,23.1333,1,heldout,
real_moleculenet_freesolv,llm_direct_prior_selector,29002,76.8667,66.2267,23.1333,1,heldout,llm_direct_prior_polar_surface_optimizer_noprior
real_moleculenet_freesolv,llm_semantic_polar_surface_optimizer_noprior,29002,68.2,61.8533,31.8,0,heldout,
real_moleculenet_freesolv,mixed_kernel_gp_ei,29002,59.1333,59.1333,40.8667,0,heldout,
real_moleculenet_freesolv,target_acquisition_portfolio,29002,59.1333,59.1333,40.8667,0,heldout,
real_moleculenet_freesolv,care_strategy_router,29003,76.8667,71.1,23.1333,1,heldout,llm_direct_prior_polar_surface_optimizer_noprior
real_moleculenet_freesolv,gp_ucb,29003,43.2667,42.45,56.7333,0,heldout,
real_moleculenet_freesolv,llambo_warmstart_polar_surface_optimizer_noprior,29003,59.1333,59.1333,40.8667,0,heldout,
real_moleculenet_freesolv,llambo_warmstart_selector,29003,59.1333,59.1333,40.8667,0,heldout,llambo_warmstart_polar_surface_optimizer_noprior
real_moleculenet_freesolv,llm_calibrated_selector,29003,50.1,49.2333,49.9,0,heldout,llm_semantic_polar_surface_optimizer_noprior
real_moleculenet_freesolv,llm_direct_prior_polar_surface_optimizer_noprior,29003,76.8667,71.1,23.1333,1,heldout,
real_moleculenet_freesolv,llm_direct_prior_selector,29003,76.8667,71.1,23.1333,1,heldout,llm_direct_prior_polar_surface_optimizer_noprior
real_moleculenet_freesolv,llm_semantic_polar_surface_optimizer_noprior,29003,50.1,49.2333,49.9,0,heldout,
real_moleculenet_freesolv,mixed_kernel_gp_ei,29003,40.9667,37.61,59.0333,0,heldout,
real_moleculenet_freesolv,target_acquisition_portfolio,29003,50.7333,38.5867,49.2667,0,heldout,
real_moleculenet_freesolv,care_strategy_router,29004,76.8667,68.7234,23.1333,1,heldout,llm_direct_prior_polar_surface_optimizer_noprior
real_moleculenet_freesolv,gp_ucb,29004,76.8667,57.6033,23.1333,1,heldout,
real_moleculenet_freesolv,llambo_warmstart_polar_surface_optimizer_noprior,29004,71.4333,69.43,28.5667,1,heldout,
real_moleculenet_freesolv,llambo_warmstart_selector,29004,71.4333,69.43,28.5667,1,heldout,llambo_warmstart_polar_surface_optimizer_noprior
real_moleculenet_freesolv,llm_calibrated_selector,29004,76.8667,63.2833,23.1333,1,heldout,llm_semantic_polar_surface_optimizer_noprior
real_moleculenet_freesolv,llm_direct_prior_polar_surface_optimizer_noprior,29004,76.8667,68.7234,23.1333,1,heldout,
real_moleculenet_freesolv,llm_direct_prior_selector,29004,76.8667,68.7234,23.1333,1,heldout,llm_direct_prior_polar_surface_optimizer_noprior
real_moleculenet_freesolv,llm_semantic_polar_surface_optimizer_noprior,29004,76.8667,63.2833,23.1333,1,heldout,
real_moleculenet_freesolv,mixed_kernel_gp_ei,29004,76.8667,57.6033,23.1333,1,heldout,
real_moleculenet_freesolv,target_acquisition_portfolio,29004,76.8667,57.6033,23.1333,1,heldout,
real_moleculenet_freesolv,care_strategy_router,29005,59.1333,56.88,40.8667,0,heldout,llm_direct_prior_polar_surface_optimizer_noprior
real_moleculenet_freesolv,gp_ucb,29005,56.5,41.48,43.5,0,heldout,
real_moleculenet_freesolv,llambo_warmstart_polar_surface_optimizer_noprior,29005,64.0333,61.2466,35.9667,0,heldout,
real_moleculenet_freesolv,llambo_warmstart_selector,29005,64.0333,61.2466,35.9667,0,heldout,llambo_warmstart_polar_surface_optimizer_noprior
real_moleculenet_freesolv,llm_calibrated_selector,29005,71.4333,55.4333,28.5667,1,heldout,llm_semantic_polar_surface_optimizer_noprior
real_moleculenet_freesolv,llm_direct_prior_polar_surface_optimizer_noprior,29005,59.1333,56.88,40.8667,0,heldout,
real_moleculenet_freesolv,llm_direct_prior_selector,29005,59.1333,56.88,40.8667,0,heldout,llm_direct_prior_polar_surface_optimizer_noprior
real_moleculenet_freesolv,llm_semantic_polar_surface_optimizer_noprior,29005,71.4333,55.4333,28.5667,1,heldout,
real_moleculenet_freesolv,mixed_kernel_gp_ei,29005,56.5,41.48,43.5,0,heldout,
real_moleculenet_freesolv,target_acquisition_portfolio,29005,56.5,41.48,43.5,0,heldout,
real_moleculenet_freesolv,care_strategy_router,29006,77.2333,75.17,22.7667,1,heldout,llm_direct_prior_polar_surface_optimizer_noprior
real_moleculenet_freesolv,gp_ucb,29006,71.4333,67.2866,28.5667,1,heldout,
real_moleculenet_freesolv,llambo_warmstart_polar_surface_optimizer_noprior,29006,47.6,47.6,52.4,0,heldout,
real_moleculenet_freesolv,llambo_warmstart_selector,29006,47.6,47.6,52.4,0,heldout,llambo_warmstart_polar_surface_optimizer_noprior
real_moleculenet_freesolv,llm_calibrated_selector,29006,58.8,57.7633,41.2,0,heldout,llm_semantic_polar_surface_optimizer_noprior
real_moleculenet_freesolv,llm_direct_prior_polar_surface_optimizer_noprior,29006,77.2333,75.17,22.7667,1,heldout,
real_moleculenet_freesolv,llm_direct_prior_selector,29006,77.2333,75.17,22.7667,1,heldout,llm_direct_prior_polar_surface_optimizer_noprior
real_moleculenet_freesolv,llm_semantic_polar_surface_optimizer_noprior,29006,58.8,57.7633,41.2,0,heldout,
real_moleculenet_freesolv,mixed_kernel_gp_ei,29006,71.4333,67.2866,28.5667,1,heldout,
real_moleculenet_freesolv,target_acquisition_portfolio,29006,71.4333,67.2866,28.5667,1,heldout,
real_moleculenet_freesolv,care_strategy_router,29007,100.0,76.56,0.0,1,heldout,llm_direct_prior_polar_surface_optimizer_noprior
real_moleculenet_freesolv,gp_ucb,29007,100.0,66.3867,0.0,1,heldout,
real_moleculenet_freesolv,llambo_warmstart_polar_surface_optimizer_noprior,29007,64.0333,61.2466,35.9667,0,heldout,
real_moleculenet_freesolv,llambo_warmstart_selector,29007,64.0333,61.2466,35.9667,0,heldout,llambo_warmstart_polar_surface_optimizer_noprior
real_moleculenet_freesolv,llm_calibrated_selector,29007,71.4333,64.7633,28.5667,1,heldout,llm_semantic_polar_surface_optimizer_noprior
real_moleculenet_freesolv,llm_direct_prior_polar_surface_optimizer_noprior,29007,100.0,76.56,0.0,1,heldout,
real_moleculenet_freesolv,llm_direct_prior_selector,29007,100.0,76.56,0.0,1,heldout,llm_direct_prior_polar_surface_optimizer_noprior
real_moleculenet_freesolv,llm_semantic_polar_surface_optimizer_noprior,29007,71.4333,64.7633,28.5667,1,heldout,
real_moleculenet_freesolv,mixed_kernel_gp_ei,29007,100.0,66.0734,0.0,1,heldout,
real_moleculenet_freesolv,target_acquisition_portfolio,29007,100.0,66.0734,0.0,1,heldout,
real_moleculenet_freesolv,care_strategy_router,29008,100.0,83.52,0.0,1,heldout,llm_direct_prior_polar_surface_optimizer_noprior
real_moleculenet_freesolv,gp_ucb,29008,71.4333,55.98,28.5667,1,heldout,
real_moleculenet_freesolv,llambo_warmstart_polar_surface_optimizer_noprior,29008,47.6,47.6,52.4,0,heldout,
real_moleculenet_freesolv,llambo_warmstart_selector,29008,47.6,47.6,52.4,0,heldout,llambo_warmstart_polar_surface_optimizer_noprior
real_moleculenet_freesolv,llm_calibrated_selector,29008,58.8,58.8,41.2,0,heldout,llm_semantic_polar_surface_optimizer_noprior
real_moleculenet_freesolv,llm_direct_prior_polar_surface_optimizer_noprior,29008,100.0,83.52,0.0,1,heldout,
real_moleculenet_freesolv,llm_direct_prior_selector,29008,100.0,83.52,0.0,1,heldout,llm_direct_prior_polar_surface_optimizer_noprior
real_moleculenet_freesolv,llm_semantic_polar_surface_optimizer_noprior,29008,58.8,58.8,41.2,0,heldout,
real_moleculenet_freesolv,mixed_kernel_gp_ei,29008,71.4333,60.0933,28.5667,1,heldout,
real_moleculenet_freesolv,target_acquisition_portfolio,29008,71.4333,60.0933,28.5667,1,heldout,
real_moleculenet_freesolv,care_strategy_router,29009,77.2333,77.2333,22.7667,1,heldout,llm_direct_prior_polar_surface_optimizer_noprior
real_moleculenet_freesolv,gp_ucb,29009,79.0667,77.4166,20.9333,1,heldout,
real_moleculenet_freesolv,llambo_warmstart_polar_surface_optimizer_noprior,29009,64.0333,60.3,35.9667,0,heldout,
real_moleculenet_freesolv,llambo_warmstart_selector,29009,64.0333,60.3,35.9667,0,heldout,llambo_warmstart_polar_surface_optimizer_noprior
real_moleculenet_freesolv,llm_calibrated_selector,29009,77.2333,77.2333,22.7667,1,heldout,llm_semantic_polar_surface_optimizer_noprior
real_moleculenet_freesolv,llm_direct_prior_polar_surface_optimizer_noprior,29009,77.2333,77.2333,22.7667,1,heldout,
real_moleculenet_freesolv,llm_direct_prior_selector,29009,77.2333,77.2333,22.7667,1,heldout,llm_direct_prior_polar_surface_optimizer_noprior
real_moleculenet_freesolv,llm_semantic_polar_surface_optimizer_noprior,29009,77.2333,77.2333,22.7667,1,heldout,
real_moleculenet_freesolv,mixed_kernel_gp_ei,29009,77.2333,77.2333,22.7667,1,heldout,
real_moleculenet_freesolv,target_acquisition_portfolio,29009,79.0667,77.7833,20.9333,1,heldout,
real_moleculenet_freesolv,care_strategy_router,29010,100.0,93.2733,0.0,1,heldout,llm_direct_prior_polar_surface_optimizer_noprior
real_moleculenet_freesolv,gp_ucb,29010,69.4333,54.15,30.5667,1,heldout,
real_moleculenet_freesolv,llambo_warmstart_polar_surface_optimizer_noprior,29010,59.1333,59.1333,40.8667,0,heldout,
real_moleculenet_freesolv,llambo_warmstart_selector,29010,59.1333,59.1333,40.8667,0,heldout,llambo_warmstart_polar_surface_optimizer_noprior
real_moleculenet_freesolv,llm_calibrated_selector,29010,100.0,88.3867,0.0,1,heldout,llm_semantic_polar_surface_optimizer_noprior
real_moleculenet_freesolv,llm_direct_prior_polar_surface_optimizer_noprior,29010,100.0,93.2733,0.0,1,heldout,
real_moleculenet_freesolv,llm_direct_prior_selector,29010,100.0,93.2733,0.0,1,heldout,llm_direct_prior_polar_surface_optimizer_noprior
real_moleculenet_freesolv,llm_semantic_polar_surface_optimizer_noprior,29010,100.0,88.3867,0.0,1,heldout,
real_moleculenet_freesolv,mixed_kernel_gp_ei,29010,69.4333,52.42,30.5667,1,heldout,
real_moleculenet_freesolv,target_acquisition_portfolio,29010,69.4333,52.42,30.5667,1,heldout,
real_moleculenet_freesolv,care_strategy_router,29011,59.1333,56.4467,40.8667,0,heldout,llm_direct_prior_polar_surface_optimizer_noprior
real_moleculenet_freesolv,gp_ucb,29011,71.4333,60.35,28.5667,1,heldout,
real_moleculenet_freesolv,llambo_warmstart_polar_surface_optimizer_noprior,29011,68.2,52.52,31.8,0,heldout,
real_moleculenet_freesolv,llambo_warmstart_selector,29011,68.2,52.52,31.8,0,heldout,llambo_warmstart_polar_surface_optimizer_noprior
real_moleculenet_freesolv,llm_calibrated_selector,29011,71.4333,55.7966,28.5667,1,heldout,llm_semantic_polar_surface_optimizer_noprior
real_moleculenet_freesolv,llm_direct_prior_polar_surface_optimizer_noprior,29011,59.1333,56.4467,40.8667,0,heldout,
real_moleculenet_freesolv,llm_direct_prior_selector,29011,59.1333,56.4467,40.8667,0,heldout,llm_direct_prior_polar_surface_optimizer_noprior
real_moleculenet_freesolv,llm_semantic_polar_surface_optimizer_noprior,29011,71.4333,55.7966,28.5667,1,heldout,
real_moleculenet_freesolv,mixed_kernel_gp_ei,29011,71.4333,60.35,28.5667,1,heldout,
real_moleculenet_freesolv,target_acquisition_portfolio,29011,71.4333,60.35,28.5667,1,heldout,
real_moleculenet_freesolv,care_strategy_router,29012,76.8667,59.39,23.1333,1,heldout,llm_direct_prior_polar_surface_optimizer_noprior
real_moleculenet_freesolv,gp_ucb,29012,38.6667,38.6667,61.3333,0,heldout,
real_moleculenet_freesolv,llambo_warmstart_polar_surface_optimizer_noprior,29012,64.0333,63.51,35.9667,0,heldout,
real_moleculenet_freesolv,llambo_warmstart_selector,29012,64.0333,63.51,35.9667,0,heldout,llambo_warmstart_polar_surface_optimizer_noprior
real_moleculenet_freesolv,llm_calibrated_selector,29012,58.8,48.1367,41.2,0,heldout,llm_semantic_polar_surface_optimizer_noprior
real_moleculenet_freesolv,llm_direct_prior_polar_surface_optimizer_noprior,29012,76.8667,59.39,23.1333,1,heldout,
real_moleculenet_freesolv,llm_direct_prior_selector,29012,76.8667,59.39,23.1333,1,heldout,llm_direct_prior_polar_surface_optimizer_noprior
real_moleculenet_freesolv,llm_semantic_polar_surface_optimizer_noprior,29012,58.8,48.1367,41.2,0,heldout,
real_moleculenet_freesolv,mixed_kernel_gp_ei,29012,49.2,48.1467,50.8,0,heldout,
real_moleculenet_freesolv,target_acquisition_portfolio,29012,76.8667,59.2133,23.1333,1,heldout,
real_moleculenet_freesolv,care_strategy_router,29013,59.1333,55.5733,40.8667,0,heldout,llm_direct_prior_polar_surface_optimizer_noprior
real_moleculenet_freesolv,gp_ucb,29013,100.0,60.4534,0.0,1,heldout,
real_moleculenet_freesolv,llambo_warmstart_polar_surface_optimizer_noprior,29013,79.0667,55.5567,20.9333,1,heldout,
real_moleculenet_freesolv,llambo_warmstart_selector,29013,79.0667,55.5567,20.9333,1,heldout,llambo_warmstart_polar_surface_optimizer_noprior
real_moleculenet_freesolv,llm_calibrated_selector,29013,85.0667,66.4433,14.9333,1,heldout,llm_semantic_polar_surface_optimizer_noprior
real_moleculenet_freesolv,llm_direct_prior_polar_surface_optimizer_noprior,29013,59.1333,55.5733,40.8667,0,heldout,
real_moleculenet_freesolv,llm_direct_prior_selector,29013,59.1333,55.5733,40.8667,0,heldout,llm_direct_prior_polar_surface_optimizer_noprior
real_moleculenet_freesolv,llm_semantic_polar_surface_optimizer_noprior,29013,85.0667,66.4433,14.9333,1,heldout,
real_moleculenet_freesolv,mixed_kernel_gp_ei,29013,53.3333,52.2267,46.6667,0,heldout,
real_moleculenet_freesolv,target_acquisition_portfolio,29013,50.1,41.8533,49.9,0,heldout,
real_moleculenet_freesolv,care_strategy_router,29014,100.0,64.6767,0.0,1,heldout,llm_direct_prior_polar_surface_optimizer_noprior
real_moleculenet_freesolv,gp_ucb,29014,73.0667,56.0533,26.9333,1,heldout,
real_moleculenet_freesolv,llambo_warmstart_polar_surface_optimizer_noprior,29014,100.0,66.9467,0.0,1,heldout,
real_moleculenet_freesolv,llambo_warmstart_selector,29014,100.0,66.9467,0.0,1,heldout,llambo_warmstart_polar_surface_optimizer_noprior
real_moleculenet_freesolv,llm_calibrated_selector,29014,100.0,64.54,0.0,1,heldout,llm_semantic_polar_surface_optimizer_noprior
real_moleculenet_freesolv,llm_direct_prior_polar_surface_optimizer_noprior,29014,100.0,64.6767,0.0,1,heldout,
real_moleculenet_freesolv,llm_direct_prior_selector,29014,100.0,64.6767,0.0,1,heldout,llm_direct_prior_polar_surface_optimizer_noprior
real_moleculenet_freesolv,llm_semantic_polar_surface_optimizer_noprior,29014,100.0,64.54,0.0,1,heldout,
real_moleculenet_freesolv,mixed_kernel_gp_ei,29014,73.0667,56.0533,26.9333,1,heldout,
real_moleculenet_freesolv,target_acquisition_portfolio,29014,79.0667,61.9133,20.9333,1,heldout,
real_moleculenet_freesolv,care_strategy_router,29015,59.1333,54.89,40.8667,0,heldout,llm_direct_prior_polar_surface_optimizer_noprior
real_moleculenet_freesolv,gp_ucb,29015,100.0,99.54,0.0,1,heldout,
real_moleculenet_freesolv,llambo_warmstart_polar_surface_optimizer_noprior,29015,69.4333,47.4633,30.5667,1,heldout,
real_moleculenet_freesolv,llambo_warmstart_selector,29015,69.4333,47.4633,30.5667,1,heldout,llambo_warmstart_polar_surface_optimizer_noprior
real_moleculenet_freesolv,llm_calibrated_selector,29015,76.8667,68.6467,23.1333,1,heldout,llm_semantic_polar_surface_optimizer_noprior
real_moleculenet_freesolv,llm_direct_prior_polar_surface_optimizer_noprior,29015,59.1333,54.89,40.8667,0,heldout,
real_moleculenet_freesolv,llm_direct_prior_selector,29015,59.1333,54.89,40.8667,0,heldout,llm_direct_prior_polar_surface_optimizer_noprior
real_moleculenet_freesolv,llm_semantic_polar_surface_optimizer_noprior,29015,76.8667,68.6467,23.1333,1,heldout,
real_moleculenet_freesolv,mixed_kernel_gp_ei,29015,100.0,99.54,0.0,1,heldout,
real_moleculenet_freesolv,target_acquisition_portfolio,29015,100.0,99.54,0.0,1,heldout,
real_moleculenet_freesolv,care_strategy_router,29016,100.0,73.87,0.0,1,heldout,llm_direct_prior_polar_surface_optimizer_noprior
real_moleculenet_freesolv,gp_ucb,29016,64.0333,54.4933,35.9667,0,heldout,
real_moleculenet_freesolv,llambo_warmstart_polar_surface_optimizer_noprior,29016,64.0333,60.3,35.9667,0,heldout,
real_moleculenet_freesolv,llambo_warmstart_selector,29016,64.0333,60.3,35.9667,0,heldout,llambo_warmstart_polar_surface_optimizer_noprior
real_moleculenet_freesolv,llm_calibrated_selector,29016,76.8667,66.7867,23.1333,1,heldout,llm_semantic_polar_surface_optimizer_noprior
real_moleculenet_freesolv,llm_direct_prior_polar_surface_optimizer_noprior,29016,100.0,73.87,0.0,1,heldout,
real_moleculenet_freesolv,llm_direct_prior_selector,29016,100.0,73.87,0.0,1,heldout,llm_direct_prior_polar_surface_optimizer_noprior
real_moleculenet_freesolv,llm_semantic_polar_surface_optimizer_noprior,29016,76.8667,66.7867,23.1333,1,heldout,
real_moleculenet_freesolv,mixed_kernel_gp_ei,29016,64.0333,57.9633,35.9667,0,heldout,
real_moleculenet_freesolv,target_acquisition_portfolio,29016,64.0333,57.9633,35.9667,0,heldout,
real_moleculenet_freesolv,care_strategy_router,29017,76.8667,66.1767,23.1333,1,heldout,llm_direct_prior_polar_surface_optimizer_noprior
real_moleculenet_freesolv,gp_ucb,29017,42.1,41.62,57.9,0,heldout,
real_moleculenet_freesolv,llambo_warmstart_polar_surface_optimizer_noprior,29017,71.4333,69.43,28.5667,1,heldout,
real_moleculenet_freesolv,llambo_warmstart_selector,29017,71.4333,69.43,28.5667,1,heldout,llambo_warmstart_polar_surface_optimizer_noprior
real_moleculenet_freesolv,llm_calibrated_selector,29017,76.8667,59.1167,23.1333,1,heldout,llm_semantic_polar_surface_optimizer_noprior
real_moleculenet_freesolv,llm_direct_prior_polar_surface_optimizer_noprior,29017,76.8667,66.1767,23.1333,1,heldout,
real_moleculenet_freesolv,llm_direct_prior_selector,29017,76.8667,66.1767,23.1333,1,heldout,llm_direct_prior_polar_surface_optimizer_noprior
real_moleculenet_freesolv,llm_semantic_polar_surface_optimizer_noprior,29017,76.8667,59.1167,23.1333,1,heldout,
real_moleculenet_freesolv,mixed_kernel_gp_ei,29017,41.5667,41.5667,58.4333,0,heldout,
real_moleculenet_freesolv,target_acquisition_portfolio,29017,47.9,43.44,52.1,0,heldout,
real_moleculenet_freesolv,care_strategy_router,29018,50.1,50.01,49.9,0,heldout,llm_direct_prior_polar_surface_optimizer_noprior
real_moleculenet_freesolv,gp_ucb,29018,59.1333,59.1333,40.8667,0,heldout,
real_moleculenet_freesolv,llambo_warmstart_polar_surface_optimizer_noprior,29018,79.0667,76.14,20.9333,1,heldout,
real_moleculenet_freesolv,llambo_warmstart_selector,29018,79.0667,76.14,20.9333,1,heldout,llambo_warmstart_polar_surface_optimizer_noprior
real_moleculenet_freesolv,llm_calibrated_selector,29018,50.0,50.0,50.0,0,heldout,llm_semantic_polar_surface_optimizer_noprior
real_moleculenet_freesolv,llm_direct_prior_polar_surface_optimizer_noprior,29018,50.1,50.01,49.9,0,heldout,
real_moleculenet_freesolv,llm_direct_prior_selector,29018,50.1,50.01,49.9,0,heldout,llm_direct_prior_polar_surface_optimizer_noprior
real_moleculenet_freesolv,llm_semantic_polar_surface_optimizer_noprior,29018,50.0,50.0,50.0,0,heldout,
real_moleculenet_freesolv,mixed_kernel_gp_ei,29018,71.4333,65.2833,28.5667,1,heldout,
real_moleculenet_freesolv,target_acquisition_portfolio,29018,59.1333,59.1333,40.8667,0,heldout,
real_moleculenet_freesolv,care_strategy_router,29019,100.0,93.2967,0.0,1,heldout,llm_direct_prior_polar_surface_optimizer_noprior
real_moleculenet_freesolv,gp_ucb,29019,53.3667,50.3634,46.6333,0,heldout,
real_moleculenet_freesolv,llambo_warmstart_polar_surface_optimizer_noprior,29019,64.0333,60.15,35.9667,0,heldout,
real_moleculenet_freesolv,llambo_warmstart_selector,29019,64.0333,60.15,35.9667,0,heldout,llambo_warmstart_polar_surface_optimizer_noprior
real_moleculenet_freesolv,llm_calibrated_selector,29019,45.3667,41.89,54.6333,0,heldout,llm_semantic_polar_surface_optimizer_noprior
real_moleculenet_freesolv,llm_direct_prior_polar_surface_optimizer_noprior,29019,100.0,93.2967,0.0,1,heldout,
real_moleculenet_freesolv,llm_direct_prior_selector,29019,100.0,93.2967,0.0,1,heldout,llm_direct_prior_polar_surface_optimizer_noprior
real_moleculenet_freesolv,llm_semantic_polar_surface_optimizer_noprior,29019,45.3667,41.89,54.6333,0,heldout,
real_moleculenet_freesolv,mixed_kernel_gp_ei,29019,56.5,52.0333,43.5,0,heldout,
real_moleculenet_freesolv,target_acquisition_portfolio,29019,56.5,52.0333,43.5,0,heldout,
real_moleculenet_freesolv,care_strategy_router,29020,100.0,74.55,0.0,1,heldout,llm_direct_prior_polar_surface_optimizer_noprior
real_moleculenet_freesolv,gp_ucb,29020,69.4333,66.3066,30.5667,1,heldout,
real_moleculenet_freesolv,llambo_warmstart_polar_surface_optimizer_noprior,29020,71.4333,65.2833,28.5667,1,heldout,
real_moleculenet_freesolv,llambo_warmstart_selector,29020,71.4333,65.2833,28.5667,1,heldout,llambo_warmstart_polar_surface_optimizer_noprior
real_moleculenet_freesolv,llm_calibrated_selector,29020,71.4333,58.0333,28.5667,1,heldout,llm_semantic_polar_surface_optimizer_noprior
real_moleculenet_freesolv,llm_direct_prior_polar_surface_optimizer_noprior,29020,100.0,74.55,0.0,1,heldout,
real_moleculenet_freesolv,llm_direct_prior_selector,29020,100.0,74.55,0.0,1,heldout,llm_direct_prior_polar_surface_optimizer_noprior
real_moleculenet_freesolv,llm_semantic_polar_surface_optimizer_noprior,29020,71.4333,58.0333,28.5667,1,heldout,
real_moleculenet_freesolv,mixed_kernel_gp_ei,29020,69.4333,66.3066,30.5667,1,heldout,
real_moleculenet_freesolv,target_acquisition_portfolio,29020,69.4333,66.3066,30.5667,1,heldout,
real_moleculenet_freesolv,care_strategy_router,29021,76.8667,59.6467,23.1333,1,heldout,llm_direct_prior_polar_surface_optimizer_noprior
real_moleculenet_freesolv,gp_ucb,29021,58.8,54.9767,41.2,0,heldout,
real_moleculenet_freesolv,llambo_warmstart_polar_surface_optimizer_noprior,29021,68.2,57.34,31.8,0,heldout,
real_moleculenet_freesolv,llambo_warmstart_selector,29021,68.2,57.34,31.8,0,heldout,llambo_warmstart_polar_surface_optimizer_noprior
real_moleculenet_freesolv,llm_calibrated_selector,29021,58.8,56.88,41.2,0,heldout,llm_semantic_polar_surface_optimizer_noprior
real_moleculenet_freesolv,llm_direct_prior_polar_surface_optimizer_noprior,29021,76.8667,59.6467,23.1333,1,heldout,
real_moleculenet_freesolv,llm_direct_prior_selector,29021,76.8667,59.6467,23.1333,1,heldout,llm_direct_prior_polar_surface_optimizer_noprior
real_moleculenet_freesolv,llm_semantic_polar_surface_optimizer_noprior,29021,58.8,56.88,41.2,0,heldout,
real_moleculenet_freesolv,mixed_kernel_gp_ei,29021,58.8,55.29,41.2,0,heldout,
real_moleculenet_freesolv,target_acquisition_portfolio,29021,68.2,56.8567,31.8,0,heldout,
real_moleculenet_freesolv,care_strategy_router,29022,100.0,93.8967,0.0,1,heldout,llm_direct_prior_polar_surface_optimizer_noprior
real_moleculenet_freesolv,gp_ucb,29022,50.9,46.1267,49.1,0,heldout,
real_moleculenet_freesolv,llambo_warmstart_polar_surface_optimizer_noprior,29022,64.0333,58.9633,35.9667,0,heldout,
real_moleculenet_freesolv,llambo_warmstart_selector,29022,64.0333,58.9633,35.9667,0,heldout,llambo_warmstart_polar_surface_optimizer_noprior
real_moleculenet_freesolv,llm_calibrated_selector,29022,100.0,93.8967,0.0,1,heldout,llm_semantic_polar_surface_optimizer_noprior
real_moleculenet_freesolv,llm_direct_prior_polar_surface_optimizer_noprior,29022,100.0,93.8967,0.0,1,heldout,
real_moleculenet_freesolv,llm_direct_prior_selector,29022,100.0,93.8967,0.0,1,heldout,llm_direct_prior_polar_surface_optimizer_noprior
real_moleculenet_freesolv,llm_semantic_polar_surface_optimizer_noprior,29022,100.0,93.8967,0.0,1,heldout,
real_moleculenet_freesolv,mixed_kernel_gp_ei,29022,50.9,44.9334,49.1,0,heldout,
real_moleculenet_freesolv,target_acquisition_portfolio,29022,50.9,46.1267,49.1,0,heldout,
real_moleculenet_freesolv,care_strategy_router,29023,76.8667,76.8667,23.1333,1,heldout,llm_direct_prior_polar_surface_optimizer_noprior
real_moleculenet_freesolv,gp_ucb,29023,79.0667,75.4667,20.9333,1,heldout,
real_moleculenet_freesolv,llambo_warmstart_polar_surface_optimizer_noprior,29023,71.4333,65.6366,28.5667,1,heldout,
real_moleculenet_freesolv,llambo_warmstart_selector,29023,71.4333,65.6366,28.5667,1,heldout,llambo_warmstart_polar_surface_optimizer_noprior
real_moleculenet_freesolv,llm_calibrated_selector,29023,73.0667,73.0667,26.9333,1,heldout,llm_semantic_polar_surface_optimizer_noprior
real_moleculenet_freesolv,llm_direct_prior_polar_surface_optimizer_noprior,29023,76.8667,76.8667,23.1333,1,heldout,
real_moleculenet_freesolv,llm_direct_prior_selector,29023,76.8667,76.8667,23.1333,1,heldout,llm_direct_prior_polar_surface_optimizer_noprior
real_moleculenet_freesolv,llm_semantic_polar_surface_optimizer_noprior,29023,73.0667,73.0667,26.9333,1,heldout,
real_moleculenet_freesolv,mixed_kernel_gp_ei,29023,79.0667,73.6667,20.9333,1,heldout,
real_moleculenet_freesolv,target_acquisition_portfolio,29023,79.0667,73.6667,20.9333,1,heldout,
real_moleculenet_freesolv,care_strategy_router,29024,76.8667,68.28,23.1333,1,heldout,llm_direct_prior_polar_surface_optimizer_noprior
real_moleculenet_freesolv,gp_ucb,29024,75.8,52.2966,24.2,1,heldout,
real_moleculenet_freesolv,llambo_warmstart_polar_surface_optimizer_noprior,29024,79.0667,68.16,20.9333,1,heldout,
real_moleculenet_freesolv,llambo_warmstart_selector,29024,79.0667,68.16,20.9333,1,heldout,llambo_warmstart_polar_surface_optimizer_noprior
real_moleculenet_freesolv,llm_calibrated_selector,29024,71.4333,55.22,28.5667,1,heldout,llm_semantic_polar_surface_optimizer_noprior
real_moleculenet_freesolv,llm_direct_prior_polar_surface_optimizer_noprior,29024,76.8667,68.28,23.1333,1,heldout,
real_moleculenet_freesolv,llm_direct_prior_selector,29024,76.8667,68.28,23.1333,1,heldout,llm_direct_prior_polar_surface_optimizer_noprior
real_moleculenet_freesolv,llm_semantic_polar_surface_optimizer_noprior,29024,71.4333,55.22,28.5667,1,heldout,
real_moleculenet_freesolv,mixed_kernel_gp_ei,29024,75.8,52.2966,24.2,1,heldout,
real_moleculenet_freesolv,target_acquisition_portfolio,29024,77.2333,52.5833,22.7667,1,heldout,
real_moleculenet_freesolv,care_strategy_router,29025,71.4333,60.7267,28.5667,1,heldout,llm_direct_prior_polar_surface_optimizer_noprior
real_moleculenet_freesolv,gp_ucb,29025,53.3333,52.5033,46.6667,0,heldout,
real_moleculenet_freesolv,llambo_warmstart_polar_surface_optimizer_noprior,29025,71.4333,69.43,28.5667,1,heldout,
real_moleculenet_freesolv,llambo_warmstart_selector,29025,71.4333,69.43,28.5667,1,heldout,llambo_warmstart_polar_surface_optimizer_noprior
real_moleculenet_freesolv,llm_calibrated_selector,29025,50.5667,50.5667,49.4333,0,heldout,llm_semantic_polar_surface_optimizer_noprior
real_moleculenet_freesolv,llm_direct_prior_polar_surface_optimizer_noprior,29025,71.4333,60.7267,28.5667,1,heldout,
real_moleculenet_freesolv,llm_direct_prior_selector,29025,71.4333,60.7267,28.5667,1,heldout,llm_direct_prior_polar_surface_optimizer_noprior
real_moleculenet_freesolv,llm_semantic_polar_surface_optimizer_noprior,29025,50.5667,50.5667,49.4333,0,heldout,
real_moleculenet_freesolv,mixed_kernel_gp_ei,29025,50.5667,50.5667,49.4333,0,heldout,
real_moleculenet_freesolv,target_acquisition_portfolio,29025,50.5667,50.5667,49.4333,0,heldout,
real_moleculenet_freesolv,care_strategy_router,29026,76.8667,76.8667,23.1333,1,heldout,llm_direct_prior_polar_surface_optimizer_noprior
real_moleculenet_freesolv,gp_ucb,29026,53.3667,47.7967,46.6333,0,heldout,
real_moleculenet_freesolv,llambo_warmstart_polar_surface_optimizer_noprior,29026,71.4333,65.8,28.5667,1,heldout,
real_moleculenet_freesolv,llambo_warmstart_selector,29026,71.4333,65.8,28.5667,1,heldout,llambo_warmstart_polar_surface_optimizer_noprior
real_moleculenet_freesolv,llm_calibrated_selector,29026,50.1,46.9533,49.9,0,heldout,llm_semantic_polar_surface_optimizer_noprior
real_moleculenet_freesolv,llm_direct_prior_polar_surface_optimizer_noprior,29026,76.8667,76.8667,23.1333,1,heldout,
real_moleculenet_freesolv,llm_direct_prior_selector,29026,76.8667,76.8667,23.1333,1,heldout,llm_direct_prior_polar_surface_optimizer_noprior
real_moleculenet_freesolv,llm_semantic_polar_surface_optimizer_noprior,29026,50.1,46.9533,49.9,0,heldout,
real_moleculenet_freesolv,mixed_kernel_gp_ei,29026,58.8,45.9733,41.2,0,heldout,
real_moleculenet_freesolv,target_acquisition_portfolio,29026,64.0333,50.95,35.9667,0,heldout,
real_moleculenet_freesolv,care_strategy_router,29027,76.8667,58.16,23.1333,1,heldout,llm_direct_prior_polar_surface_optimizer_noprior
real_moleculenet_freesolv,gp_ucb,29027,48.0,48.0,52.0,0,heldout,
real_moleculenet_freesolv,llambo_warmstart_polar_surface_optimizer_noprior,29027,64.0333,61.2466,35.9667,0,heldout,
real_moleculenet_freesolv,llambo_warmstart_selector,29027,64.0333,61.2466,35.9667,0,heldout,llambo_warmstart_polar_surface_optimizer_noprior
real_moleculenet_freesolv,llm_calibrated_selector,29027,71.4333,50.6567,28.5667,1,heldout,llm_semantic_polar_surface_optimizer_noprior
real_moleculenet_freesolv,llm_direct_prior_polar_surface_optimizer_noprior,29027,76.8667,58.16,23.1333,1,heldout,
real_moleculenet_freesolv,llm_direct_prior_selector,29027,76.8667,58.16,23.1333,1,heldout,llm_direct_prior_polar_surface_optimizer_noprior
real_moleculenet_freesolv,llm_semantic_polar_surface_optimizer_noprior,29027,71.4333,50.6567,28.5667,1,heldout,
real_moleculenet_freesolv,mixed_kernel_gp_ei,29027,48.0,48.0,52.0,0,heldout,
real_moleculenet_freesolv,target_acquisition_portfolio,29027,48.0,48.0,52.0,0,heldout,
real_moleculenet_freesolv,care_strategy_router,29028,76.8667,73.0134,23.1333,1,heldout,llm_direct_prior_polar_surface_optimizer_noprior
real_moleculenet_freesolv,gp_ucb,29028,53.3667,51.23,46.6333,0,heldout,
real_moleculenet_freesolv,llambo_warmstart_polar_surface_optimizer_noprior,29028,79.0667,70.79,20.9333,1,heldout,
real_moleculenet_freesolv,llambo_warmstart_selector,29028,79.0667,70.79,20.9333,1,heldout,llambo_warmstart_polar_surface_optimizer_noprior
real_moleculenet_freesolv,llm_calibrated_selector,29028,59.1333,44.28,40.8667,0,heldout,llm_semantic_polar_surface_optimizer_noprior
real_moleculenet_freesolv,llm_direct_prior_polar_surface_optimizer_noprior,29028,76.8667,73.0134,23.1333,1,heldout,
real_moleculenet_freesolv,llm_direct_prior_selector,29028,76.8667,73.0134,23.1333,1,heldout,llm_direct_prior_polar_surface_optimizer_noprior
real_moleculenet_freesolv,llm_semantic_polar_surface_optimizer_noprior,29028,59.1333,44.28,40.8667,0,heldout,
real_moleculenet_freesolv,mixed_kernel_gp_ei,29028,53.3667,51.23,46.6333,0,heldout,
real_moleculenet_freesolv,target_acquisition_portfolio,29028,53.3667,51.23,46.6333,0,heldout,
real_moleculenet_freesolv,care_strategy_router,29029,77.2333,76.94,22.7667,1,heldout,llm_direct_prior_polar_surface_optimizer_noprior
real_moleculenet_freesolv,gp_ucb,29029,76.8667,76.8667,23.1333,1,heldout,
real_moleculenet_freesolv,llambo_warmstart_polar_surface_optimizer_noprior,29029,64.0333,63.51,35.9667,0,heldout,
real_moleculenet_freesolv,llambo_warmstart_selector,29029,64.0333,63.51,35.9667,0,heldout,llambo_warmstart_polar_surface_optimizer_noprior
real_moleculenet_freesolv,llm_calibrated_selector,29029,100.0,75.2733,0.0,1,heldout,llm_semantic_polar_surface_optimizer_noprior
real_moleculenet_freesolv,llm_direct_prior_polar_surface_optimizer_noprior,29029,77.2333,76.94,22.7667,1,heldout,
real_moleculenet_freesolv,llm_direct_prior_selector,29029,77.2333,76.94,22.7667,1,heldout,llm_direct_prior_polar_surface_optimizer_noprior
real_moleculenet_freesolv,llm_semantic_polar_surface_optimizer_noprior,29029,100.0,75.2733,0.0,1,heldout,
real_moleculenet_freesolv,mixed_kernel_gp_ei,29029,76.8667,76.8667,23.1333,1,heldout,
real_moleculenet_freesolv,target_acquisition_portfolio,29029,76.8667,76.8667,23.1333,1,heldout,
real_moleculenet_freesolv,care_strategy_router,29030,58.8,51.8067,41.2,0,heldout,llm_direct_prior_polar_surface_optimizer_noprior
real_moleculenet_freesolv,gp_ucb,29030,69.4333,59.31,30.5667,1,heldout,
real_moleculenet_freesolv,llambo_warmstart_polar_surface_optimizer_noprior,29030,69.4333,67.43,30.5667,1,heldout,
real_moleculenet_freesolv,llambo_warmstart_selector,29030,69.4333,67.43,30.5667,1,heldout,llambo_warmstart_polar_surface_optimizer_noprior
real_moleculenet_freesolv,llm_calibrated_selector,29030,59.1333,55.0767,40.8667,0,heldout,llm_semantic_polar_surface_optimizer_noprior
real_moleculenet_freesolv,llm_direct_prior_polar_surface_optimizer_noprior,29030,58.8,51.8067,41.2,0,heldout,
real_moleculenet_freesolv,llm_direct_prior_selector,29030,58.8,51.8067,41.2,0,heldout,llm_direct_prior_polar_surface_optimizer_noprior
real_moleculenet_freesolv,llm_semantic_polar_surface_optimizer_noprior,29030,59.1333,55.0767,40.8667,0,heldout,
real_moleculenet_freesolv,mixed_kernel_gp_ei,29030,69.4333,59.31,30.5667,1,heldout,
real_moleculenet_freesolv,target_acquisition_portfolio,29030,69.4333,59.31,30.5667,1,heldout,
real_moleculenet_freesolv,care_strategy_router,29031,77.2333,73.05,22.7667,1,heldout,llm_direct_prior_polar_surface_optimizer_noprior
real_moleculenet_freesolv,gp_ucb,29031,79.0667,72.9833,20.9333,1,heldout,
real_moleculenet_freesolv,llambo_warmstart_polar_surface_optimizer_noprior,29031,71.4333,65.48,28.5667,1,heldout,
real_moleculenet_freesolv,llambo_warmstart_selector,29031,71.4333,65.48,28.5667,1,heldout,llambo_warmstart_polar_surface_optimizer_noprior
real_moleculenet_freesolv,llm_calibrated_selector,29031,100.0,85.22,0.0,1,heldout,llm_semantic_polar_surface_optimizer_noprior
real_moleculenet_freesolv,llm_direct_prior_polar_surface_optimizer_noprior,29031,77.2333,73.05,22.7667,1,heldout,
real_moleculenet_freesolv,llm_direct_prior_selector,29031,77.2333,73.05,22.7667,1,heldout,llm_direct_prior_polar_surface_optimizer_noprior
real_moleculenet_freesolv,llm_semantic_polar_surface_optimizer_noprior,29031,100.0,85.22,0.0,1,heldout,
real_moleculenet_freesolv,mixed_kernel_gp_ei,29031,75.8,68.4867,24.2,1,heldout,
real_moleculenet_freesolv,target_acquisition_portfolio,29031,79.0667,70.04,20.9333,1,heldout,
real_moleculenet_freesolv,care_strategy_router,29032,100.0,64.78,0.0,1,heldout,llm_direct_prior_polar_surface_optimizer_noprior
real_moleculenet_freesolv,gp_ucb,29032,43.2667,38.9767,56.7333,0,heldout,
real_moleculenet_freesolv,llambo_warmstart_polar_surface_optimizer_noprior,29032,71.4333,65.48,28.5667,1,heldout,
real_moleculenet_freesolv,llambo_warmstart_selector,29032,71.4333,65.48,28.5667,1,heldout,llambo_warmstart_polar_surface_optimizer_noprior
real_moleculenet_freesolv,llm_calibrated_selector,29032,100.0,82.5033,0.0,1,heldout,llm_semantic_polar_surface_optimizer_noprior
real_moleculenet_freesolv,llm_direct_prior_polar_surface_optimizer_noprior,29032,100.0,64.78,0.0,1,heldout,
real_moleculenet_freesolv,llm_direct_prior_selector,29032,100.0,64.78,0.0,1,heldout,llm_direct_prior_polar_surface_optimizer_noprior
real_moleculenet_freesolv,llm_semantic_polar_surface_optimizer_noprior,29032,100.0,82.5033,0.0,1,heldout,
real_moleculenet_freesolv,mixed_kernel_gp_ei,29032,47.8,41.8767,52.2,0,heldout,
real_moleculenet_freesolv,target_acquisition_portfolio,29032,42.5667,42.16,57.4333,0,heldout,
real_moleculenet_freesolv,care_strategy_router,29033,59.1333,57.27,40.8667,0,heldout,llm_direct_prior_polar_surface_optimizer_noprior
real_moleculenet_freesolv,gp_ucb,29033,73.0667,54.0567,26.9333,1,heldout,
real_moleculenet_freesolv,llambo_warmstart_polar_surface_optimizer_noprior,29033,85.0667,65.4533,14.9333,1,heldout,
real_moleculenet_freesolv,llambo_warmstart_selector,29033,85.0667,65.4533,14.9333,1,heldout,llambo_warmstart_polar_surface_optimizer_noprior
real_moleculenet_freesolv,llm_calibrated_selector,29033,100.0,87.7867,0.0,1,heldout,llm_semantic_polar_surface_optimizer_noprior
real_moleculenet_freesolv,llm_direct_prior_polar_surface_optimizer_noprior,29033,59.1333,57.27,40.8667,0,heldout,
real_moleculenet_freesolv,llm_direct_prior_selector,29033,59.1333,57.27,40.8667,0,heldout,llm_direct_prior_polar_surface_optimizer_noprior
real_moleculenet_freesolv,llm_semantic_polar_surface_optimizer_noprior,29033,100.0,87.7867,0.0,1,heldout,
real_moleculenet_freesolv,mixed_kernel_gp_ei,29033,73.0667,54.0567,26.9333,1,heldout,
real_moleculenet_freesolv,target_acquisition_portfolio,29033,79.0667,56.83,20.9333,1,heldout,
real_moleculenet_freesolv,care_strategy_router,29034,77.2333,76.9034,22.7667,1,heldout,llm_direct_prior_polar_surface_optimizer_noprior
real_moleculenet_freesolv,gp_ucb,29034,73.0667,55.0833,26.9333,1,heldout,
real_moleculenet_freesolv,llambo_warmstart_polar_surface_optimizer_noprior,29034,64.0333,60.62,35.9667,0,heldout,
real_moleculenet_freesolv,llambo_warmstart_selector,29034,64.0333,60.62,35.9667,0,heldout,llambo_warmstart_polar_surface_optimizer_noprior
real_moleculenet_freesolv,llm_calibrated_selector,29034,71.4333,55.4,28.5667,1,heldout,llm_semantic_polar_surface_optimizer_noprior
real_moleculenet_freesolv,llm_direct_prior_polar_surface_optimizer_noprior,29034,77.2333,76.9034,22.7667,1,heldout,
real_moleculenet_freesolv,llm_direct_prior_selector,29034,77.2333,76.9034,22.7667,1,heldout,llm_direct_prior_polar_surface_optimizer_noprior
real_moleculenet_freesolv,llm_semantic_polar_surface_optimizer_noprior,29034,71.4333,55.4,28.5667,1,heldout,
real_moleculenet_freesolv,mixed_kernel_gp_ei,29034,69.4333,56.81,30.5667,1,heldout,
real_moleculenet_freesolv,target_acquisition_portfolio,29034,79.0667,60.6633,20.9333,1,heldout,
real_moleculenet_freesolv,care_strategy_router,29035,59.1333,53.91,40.8667,0,heldout,llm_direct_prior_polar_surface_optimizer_noprior
real_moleculenet_freesolv,gp_ucb,29035,56.5,50.8034,43.5,0,heldout,
real_moleculenet_freesolv,llambo_warmstart_polar_surface_optimizer_noprior,29035,71.4333,65.2833,28.5667,1,heldout,
real_moleculenet_freesolv,llambo_warmstart_selector,29035,71.4333,65.2833,28.5667,1,heldout,llambo_warmstart_polar_surface_optimizer_noprior
real_moleculenet_freesolv,llm_calibrated_selector,29035,71.4333,54.1666,28.5667,1,heldout,llm_semantic_polar_surface_optimizer_noprior
real_moleculenet_freesolv,llm_direct_prior_polar_surface_optimizer_noprior,29035,59.1333,53.91,40.8667,0,heldout,
real_moleculenet_freesolv,llm_direct_prior_selector,29035,59.1333,53.91,40.8667,0,heldout,llm_direct_prior_polar_surface_optimizer_noprior
real_moleculenet_freesolv,llm_semantic_polar_surface_optimizer_noprior,29035,71.4333,54.1666,28.5667,1,heldout,
real_moleculenet_freesolv,mixed_kernel_gp_ei,29035,76.8667,58.51,23.1333,1,heldout,
real_moleculenet_freesolv,target_acquisition_portfolio,29035,56.5,50.8034,43.5,0,heldout,
real_moleculenet_freesolv,care_strategy_router,29036,100.0,79.4,0.0,1,heldout,llm_direct_prior_polar_surface_optimizer_noprior
real_moleculenet_freesolv,gp_ucb,29036,76.8667,61.6733,23.1333,1,heldout,
real_moleculenet_freesolv,llambo_warmstart_polar_surface_optimizer_noprior,29036,71.4333,69.43,28.5667,1,heldout,
real_moleculenet_freesolv,llambo_warmstart_selector,29036,71.4333,69.43,28.5667,1,heldout,llambo_warmstart_polar_surface_optimizer_noprior
real_moleculenet_freesolv,llm_calibrated_selector,29036,71.4333,66.5333,28.5667,1,heldout,llm_semantic_polar_surface_optimizer_noprior
real_moleculenet_freesolv,llm_direct_prior_polar_surface_optimizer_noprior,29036,100.0,79.4,0.0,1,heldout,
real_moleculenet_freesolv,llm_direct_prior_selector,29036,100.0,79.4,0.0,1,heldout,llm_direct_prior_polar_surface_optimizer_noprior
real_moleculenet_freesolv,llm_semantic_polar_surface_optimizer_noprior,29036,71.4333,66.5333,28.5667,1,heldout,
real_moleculenet_freesolv,mixed_kernel_gp_ei,29036,76.8667,68.9,23.1333,1,heldout,
real_moleculenet_freesolv,target_acquisition_portfolio,29036,76.8667,61.6733,23.1333,1,heldout,
real_moleculenet_freesolv,care_strategy_router,29037,100.0,93.2967,0.0,1,heldout,llm_direct_prior_polar_surface_optimizer_noprior
real_moleculenet_freesolv,gp_ucb,29037,73.0667,56.4,26.9333,1,heldout,
real_moleculenet_freesolv,llambo_warmstart_polar_surface_optimizer_noprior,29037,59.1333,59.1333,40.8667,0,heldout,
real_moleculenet_freesolv,llambo_warmstart_selector,29037,59.1333,59.1333,40.8667,0,heldout,llambo_warmstart_polar_surface_optimizer_noprior
real_moleculenet_freesolv,llm_calibrated_selector,29037,100.0,67.76,0.0,1,heldout,llm_semantic_polar_surface_optimizer_noprior
real_moleculenet_freesolv,llm_direct_prior_polar_surface_optimizer_noprior,29037,100.0,93.2967,0.0,1,heldout,
real_moleculenet_freesolv,llm_direct_prior_selector,29037,100.0,93.2967,0.0,1,heldout,llm_direct_prior_polar_surface_optimizer_noprior
real_moleculenet_freesolv,llm_semantic_polar_surface_optimizer_noprior,29037,100.0,67.76,0.0,1,heldout,
real_moleculenet_freesolv,mixed_kernel_gp_ei,29037,49.8,42.4667,50.2,0,heldout,
real_moleculenet_freesolv,target_acquisition_portfolio,29037,69.4333,48.9133,30.5667,1,heldout,
real_moleculenet_freesolv,care_strategy_router,29038,59.1333,57.8566,40.8667,0,heldout,llm_direct_prior_polar_surface_optimizer_noprior
real_moleculenet_freesolv,gp_ucb,29038,73.0667,62.6866,26.9333,1,heldout,
real_moleculenet_freesolv,llambo_warmstart_polar_surface_optimizer_noprior,29038,71.4333,65.48,28.5667,1,heldout,
real_moleculenet_freesolv,llambo_warmstart_selector,29038,71.4333,65.48,28.5667,1,heldout,llambo_warmstart_polar_surface_optimizer_noprior
real_moleculenet_freesolv,llm_calibrated_selector,29038,50.1,49.8933,49.9,0,heldout,llm_semantic_polar_surface_optimizer_noprior
real_moleculenet_freesolv,llm_direct_prior_polar_surface_optimizer_noprior,29038,59.1333,57.8566,40.8667,0,heldout,
real_moleculenet_freesolv,llm_direct_prior_selector,29038,59.1333,57.8566,40.8667,0,heldout,llm_direct_prior_polar_surface_optimizer_noprior
real_moleculenet_freesolv,llm_semantic_polar_surface_optimizer_noprior,29038,50.1,49.8933,49.9,0,heldout,
real_moleculenet_freesolv,mixed_kernel_gp_ei,29038,69.4333,62.3233,30.5667,1,heldout,
real_moleculenet_freesolv,target_acquisition_portfolio,29038,69.4333,62.3233,30.5667,1,heldout,
real_moleculenet_freesolv,care_strategy_router,29039,58.8,56.8,41.2,0,heldout,llm_direct_prior_polar_surface_optimizer_noprior
real_moleculenet_freesolv,gp_ucb,29039,58.8,54.94,41.2,0,heldout,
real_moleculenet_freesolv,llambo_warmstart_polar_surface_optimizer_noprior,29039,64.0333,61.2466,35.9667,0,heldout,
real_moleculenet_freesolv,llambo_warmstart_selector,29039,64.0333,61.2466,35.9667,0,heldout,llambo_warmstart_polar_surface_optimizer_noprior
real_moleculenet_freesolv,llm_calibrated_selector,29039,76.8667,56.6066,23.1333,1,heldout,llm_semantic_polar_surface_optimizer_noprior
real_moleculenet_freesolv,llm_direct_prior_polar_surface_optimizer_noprior,29039,58.8,56.8,41.2,0,heldout,
real_moleculenet_freesolv,llm_direct_prior_selector,29039,58.8,56.8,41.2,0,heldout,llm_direct_prior_polar_surface_optimizer_noprior
real_moleculenet_freesolv,llm_semantic_polar_surface_optimizer_noprior,29039,76.8667,56.6066,23.1333,1,heldout,
real_moleculenet_freesolv,mixed_kernel_gp_ei,29039,56.1667,54.15,43.8333,0,heldout,
real_moleculenet_freesolv,target_acquisition_portfolio,29039,53.8,52.6333,46.2,0,heldout,
real_moleculenet_freesolv,care_strategy_router,29040,100.0,100.0,0.0,1,heldout,llm_direct_prior_polar_surface_optimizer_noprior
real_moleculenet_freesolv,gp_ucb,29040,100.0,79.7333,0.0,1,heldout,
real_moleculenet_freesolv,llambo_warmstart_polar_surface_optimizer_noprior,29040,68.2,62.9467,31.8,0,heldout,
real_moleculenet_freesolv,llambo_warmstart_selector,29040,68.2,62.9467,31.8,0,heldout,llambo_warmstart_polar_surface_optimizer_noprior
real_moleculenet_freesolv,llm_calibrated_selector,29040,50.1,49.5633,49.9,0,heldout,llm_semantic_polar_surface_optimizer_noprior
real_moleculenet_freesolv,llm_direct_prior_polar_surface_optimizer_noprior,29040,100.0,100.0,0.0,1,heldout,
real_moleculenet_freesolv,llm_direct_prior_selector,29040,100.0,100.0,0.0,1,heldout,llm_direct_prior_polar_surface_optimizer_noprior
real_moleculenet_freesolv,llm_semantic_polar_surface_optimizer_noprior,29040,50.1,49.5633,49.9,0,heldout,
real_moleculenet_freesolv,mixed_kernel_gp_ei,29040,53.8,49.78,46.2,0,heldout,
real_moleculenet_freesolv,target_acquisition_portfolio,29040,100.0,59.4666,0.0,1,heldout,
real_moleculenet_freesolv,care_strategy_router,29041,50.1,47.85,49.9,0,heldout,llm_direct_prior_polar_surface_optimizer_noprior
real_moleculenet_freesolv,gp_ucb,29041,49.4,47.8567,50.6,0,heldout,
real_moleculenet_freesolv,llambo_warmstart_polar_surface_optimizer_noprior,29041,59.1333,59.1333,40.8667,0,heldout,
real_moleculenet_freesolv,llambo_warmstart_selector,29041,59.1333,59.1333,40.8667,0,heldout,llambo_warmstart_polar_surface_optimizer_noprior
real_moleculenet_freesolv,llm_calibrated_selector,29041,71.4333,50.0667,28.5667,1,heldout,llm_semantic_polar_surface_optimizer_noprior
real_moleculenet_freesolv,llm_direct_prior_polar_surface_optimizer_noprior,29041,50.1,47.85,49.9,0,heldout,
real_moleculenet_freesolv,llm_direct_prior_selector,29041,50.1,47.85,49.9,0,heldout,llm_direct_prior_polar_surface_optimizer_noprior
real_moleculenet_freesolv,llm_semantic_polar_surface_optimizer_noprior,29041,71.4333,50.0667,28.5667,1,heldout,
real_moleculenet_freesolv,mixed_kernel_gp_ei,29041,56.1667,50.1233,43.8333,0,heldout,
real_moleculenet_freesolv,target_acquisition_portfolio,29041,53.8,48.9167,46.2,0,heldout,
real_moleculenet_freesolv,care_strategy_router,29042,76.8667,66.6033,23.1333,1,heldout,llm_direct_prior_polar_surface_optimizer_noprior
real_moleculenet_freesolv,gp_ucb,29042,53.3333,48.7533,46.6667,0,heldout,
real_moleculenet_freesolv,llambo_warmstart_polar_surface_optimizer_noprior,29042,64.0333,61.72,35.9667,0,heldout,
real_moleculenet_freesolv,llambo_warmstart_selector,29042,64.0333,61.72,35.9667,0,heldout,llambo_warmstart_polar_surface_optimizer_noprior
real_moleculenet_freesolv,llm_calibrated_selector,29042,58.8,53.14,41.2,0,heldout,llm_semantic_polar_surface_optimizer_noprior
real_moleculenet_freesolv,llm_direct_prior_polar_surface_optimizer_noprior,29042,76.8667,66.6033,23.1333,1,heldout,
real_moleculenet_freesolv,llm_direct_prior_selector,29042,76.8667,66.6033,23.1333,1,heldout,llm_direct_prior_polar_surface_optimizer_noprior
real_moleculenet_freesolv,llm_semantic_polar_surface_optimizer_noprior,29042,58.8,53.14,41.2,0,heldout,
real_moleculenet_freesolv,mixed_kernel_gp_ei,29042,68.2,54.0067,31.8,0,heldout,
real_moleculenet_freesolv,target_acquisition_portfolio,29042,68.2,54.0067,31.8,0,heldout,
real_moleculenet_freesolv,care_strategy_router,29043,59.1333,53.91,40.8667,0,heldout,llm_direct_prior_polar_surface_optimizer_noprior
real_moleculenet_freesolv,gp_ucb,29043,40.9667,39.8167,59.0333,0,heldout,
real_moleculenet_freesolv,llambo_warmstart_polar_surface_optimizer_noprior,29043,64.0333,61.2466,35.9667,0,heldout,
real_moleculenet_freesolv,llambo_warmstart_selector,29043,64.0333,61.2466,35.9667,0,heldout,llambo_warmstart_polar_surface_optimizer_noprior
real_moleculenet_freesolv,llm_calibrated_selector,29043,58.8,53.81,41.2,0,heldout,llm_semantic_polar_surface_optimizer_noprior
real_moleculenet_freesolv,llm_direct_prior_polar_surface_optimizer_noprior,29043,59.1333,53.91,40.8667,0,heldout,
real_moleculenet_freesolv,llm_direct_prior_selector,29043,59.1333,53.91,40.8667,0,heldout,llm_direct_prior_polar_surface_optimizer_noprior
real_moleculenet_freesolv,llm_semantic_polar_surface_optimizer_noprior,29043,58.8,53.81,41.2,0,heldout,
real_moleculenet_freesolv,mixed_kernel_gp_ei,29043,40.9667,39.5867,59.0333,0,heldout,
real_moleculenet_freesolv,target_acquisition_portfolio,29043,47.8,43.3533,52.2,0,heldout,
real_moleculenet_freesolv,care_strategy_router,29044,58.8,53.4533,41.2,0,heldout,llm_direct_prior_polar_surface_optimizer_noprior
real_moleculenet_freesolv,gp_ucb,29044,35.5333,33.23,64.4667,0,heldout,
real_moleculenet_freesolv,llambo_warmstart_polar_surface_optimizer_noprior,29044,71.4333,49.8066,28.5667,1,heldout,
real_moleculenet_freesolv,llambo_warmstart_selector,29044,71.4333,49.8066,28.5667,1,heldout,llambo_warmstart_polar_surface_optimizer_noprior
real_moleculenet_freesolv,llm_calibrated_selector,29044,71.4333,45.4467,28.5667,1,heldout,llm_semantic_polar_surface_optimizer_noprior
real_moleculenet_freesolv,llm_direct_prior_polar_surface_optimizer_noprior,29044,58.8,53.4533,41.2,0,heldout,
real_moleculenet_freesolv,llm_direct_prior_selector,29044,58.8,53.4533,41.2,0,heldout,llm_direct_prior_polar_surface_optimizer_noprior
real_moleculenet_freesolv,llm_semantic_polar_surface_optimizer_noprior,29044,71.4333,45.4467,28.5667,1,heldout,
real_moleculenet_freesolv,mixed_kernel_gp_ei,29044,43.2667,33.81,56.7333,0,heldout,
real_moleculenet_freesolv,target_acquisition_portfolio,29044,35.5333,31.4234,64.4667,0,heldout,
real_moleculenet_freesolv,care_strategy_router,29045,100.0,82.9767,0.0,1,heldout,llm_direct_prior_polar_surface_optimizer_noprior
real_moleculenet_freesolv,gp_ucb,29045,68.2,67.03,31.8,0,heldout,
real_moleculenet_freesolv,llambo_warmstart_polar_surface_optimizer_noprior,29045,59.1333,59.1333,40.8667,0,heldout,
real_moleculenet_freesolv,llambo_warmstart_selector,29045,59.1333,59.1333,40.8667,0,heldout,llambo_warmstart_polar_surface_optimizer_noprior
real_moleculenet_freesolv,llm_calibrated_selector,29045,58.8,56.0833,41.2,0,heldout,llm_semantic_polar_surface_optimizer_noprior
real_moleculenet_freesolv,llm_direct_prior_polar_surface_optimizer_noprior,29045,100.0,82.9767,0.0,1,heldout,
real_moleculenet_freesolv,llm_direct_prior_selector,29045,100.0,82.9767,0.0,1,heldout,llm_direct_prior_polar_surface_optimizer_noprior
real_moleculenet_freesolv,llm_semantic_polar_surface_optimizer_noprior,29045,58.8,56.0833,41.2,0,heldout,
real_moleculenet_freesolv,mixed_kernel_gp_ei,29045,68.2,67.03,31.8,0,heldout,
real_moleculenet_freesolv,target_acquisition_portfolio,29045,68.2,67.03,31.8,0,heldout,
real_moleculenet_freesolv,care_strategy_router,29046,76.8667,76.8667,23.1333,1,heldout,llm_direct_prior_polar_surface_optimizer_noprior
real_moleculenet_freesolv,gp_ucb,29046,50.5667,50.5667,49.4333,0,heldout,
real_moleculenet_freesolv,llambo_warmstart_polar_surface_optimizer_noprior,29046,68.2,63.08,31.8,0,heldout,
real_moleculenet_freesolv,llambo_warmstart_selector,29046,68.2,63.08,31.8,0,heldout,llambo_warmstart_polar_surface_optimizer_noprior
real_moleculenet_freesolv,llm_calibrated_selector,29046,100.0,80.2267,0.0,1,heldout,llm_semantic_polar_surface_optimizer_noprior
real_moleculenet_freesolv,llm_direct_prior_polar_surface_optimizer_noprior,29046,76.8667,76.8667,23.1333,1,heldout,
real_moleculenet_freesolv,llm_direct_prior_selector,29046,76.8667,76.8667,23.1333,1,heldout,llm_direct_prior_polar_surface_optimizer_noprior
real_moleculenet_freesolv,llm_semantic_polar_surface_optimizer_noprior,29046,100.0,80.2267,0.0,1,heldout,
real_moleculenet_freesolv,mixed_kernel_gp_ei,29046,50.5667,50.5667,49.4333,0,heldout,
real_moleculenet_freesolv,target_acquisition_portfolio,29046,100.0,55.51,0.0,1,heldout,
real_moleculenet_freesolv,care_strategy_router,29047,76.8667,75.06,23.1333,1,heldout,llm_direct_prior_polar_surface_optimizer_noprior
real_moleculenet_freesolv,gp_ucb,29047,71.4333,57.2533,28.5667,1,heldout,
real_moleculenet_freesolv,llambo_warmstart_polar_surface_optimizer_noprior,29047,71.4333,49.8066,28.5667,1,heldout,
real_moleculenet_freesolv,llambo_warmstart_selector,29047,71.4333,49.8066,28.5667,1,heldout,llambo_warmstart_polar_surface_optimizer_noprior
real_moleculenet_freesolv,llm_calibrated_selector,29047,58.8,57.13,41.2,0,heldout,llm_semantic_polar_surface_optimizer_noprior
real_moleculenet_freesolv,llm_direct_prior_polar_surface_optimizer_noprior,29047,76.8667,75.06,23.1333,1,heldout,
real_moleculenet_freesolv,llm_direct_prior_selector,29047,76.8667,75.06,23.1333,1,heldout,llm_direct_prior_polar_surface_optimizer_noprior
real_moleculenet_freesolv,llm_semantic_polar_surface_optimizer_noprior,29047,58.8,57.13,41.2,0,heldout,
real_moleculenet_freesolv,mixed_kernel_gp_ei,29047,45.6,42.9,54.4,0,heldout,
real_moleculenet_freesolv,target_acquisition_portfolio,29047,77.2333,59.75,22.7667,1,heldout,
real_moleculenet_freesolv,care_strategy_router,29048,76.8667,76.8667,23.1333,1,heldout,llm_direct_prior_polar_surface_optimizer_noprior
real_moleculenet_freesolv,gp_ucb,29048,64.0333,59.4333,35.9667,0,heldout,
real_moleculenet_freesolv,llambo_warmstart_polar_surface_optimizer_noprior,29048,71.4333,65.2833,28.5667,1,heldout,
real_moleculenet_freesolv,llambo_warmstart_selector,29048,71.4333,65.2833,28.5667,1,heldout,llambo_warmstart_polar_surface_optimizer_noprior
real_moleculenet_freesolv,llm_calibrated_selector,29048,100.0,62.4233,0.0,1,heldout,llm_semantic_polar_surface_optimizer_noprior
real_moleculenet_freesolv,llm_direct_prior_polar_surface_optimizer_noprior,29048,76.8667,76.8667,23.1333,1,heldout,
real_moleculenet_freesolv,llm_direct_prior_selector,29048,76.8667,76.8667,23.1333,1,heldout,llm_direct_prior_polar_surface_optimizer_noprior
real_moleculenet_freesolv,llm_semantic_polar_surface_optimizer_noprior,29048,100.0,62.4233,0.0,1,heldout,
real_moleculenet_freesolv,mixed_kernel_gp_ei,29048,76.8667,64.7733,23.1333,1,heldout,
real_moleculenet_freesolv,target_acquisition_portfolio,29048,77.2333,65.3833,22.7667,1,heldout,
real_moleculenet_freesolv,care_strategy_router,29049,100.0,79.4,0.0,1,heldout,llm_direct_prior_polar_surface_optimizer_noprior
real_moleculenet_freesolv,gp_ucb,29049,71.4333,71.4333,28.5667,1,heldout,
real_moleculenet_freesolv,llambo_warmstart_polar_surface_optimizer_noprior,29049,64.0333,61.2466,35.9667,0,heldout,
real_moleculenet_freesolv,llambo_warmstart_selector,29049,64.0333,61.2466,35.9667,0,heldout,llambo_warmstart_polar_surface_optimizer_noprior
real_moleculenet_freesolv,llm_calibrated_selector,29049,58.8,50.97,41.2,0,heldout,llm_semantic_polar_surface_optimizer_noprior
real_moleculenet_freesolv,llm_direct_prior_polar_surface_optimizer_noprior,29049,100.0,79.4,0.0,1,heldout,
real_moleculenet_freesolv,llm_direct_prior_selector,29049,100.0,79.4,0.0,1,heldout,llm_direct_prior_polar_surface_optimizer_noprior
real_moleculenet_freesolv,llm_semantic_polar_surface_optimizer_noprior,29049,58.8,50.97,41.2,0,heldout,
real_moleculenet_freesolv,mixed_kernel_gp_ei,29049,71.4333,71.4333,28.5667,1,heldout,
real_moleculenet_freesolv,target_acquisition_portfolio,29049,71.4333,71.4333,28.5667,1,heldout,
real_moleculenet_freesolv,care_strategy_router,29050,100.0,80.2267,0.0,1,heldout,llm_direct_prior_polar_surface_optimizer_noprior
real_moleculenet_freesolv,gp_ucb,29050,100.0,70.34,0.0,1,heldout,
real_moleculenet_freesolv,llambo_warmstart_polar_surface_optimizer_noprior,29050,76.8667,75.06,23.1333,1,heldout,
real_moleculenet_freesolv,llambo_warmstart_selector,29050,76.8667,75.06,23.1333,1,heldout,llambo_warmstart_polar_surface_optimizer_noprior
real_moleculenet_freesolv,llm_calibrated_selector,29050,100.0,85.17,0.0,1,heldout,llm_semantic_polar_surface_optimizer_noprior
real_moleculenet_freesolv,llm_direct_prior_polar_surface_optimizer_noprior,29050,100.0,80.2267,0.0,1,heldout,
real_moleculenet_freesolv,llm_direct_prior_selector,29050,100.0,80.2267,0.0,1,heldout,llm_direct_prior_polar_surface_optimizer_noprior
real_moleculenet_freesolv,llm_semantic_polar_surface_optimizer_noprior,29050,100.0,85.17,0.0,1,heldout,
real_moleculenet_freesolv,mixed_kernel_gp_ei,29050,50.5667,50.5667,49.4333,0,heldout,
real_moleculenet_freesolv,target_acquisition_portfolio,29050,76.8667,53.1967,23.1333,1,heldout,
real_moleculenet_freesolv,care_strategy_router,29051,100.0,66.17,0.0,1,heldout,llm_direct_prior_polar_surface_optimizer_noprior
real_moleculenet_freesolv,gp_ucb,29051,76.8667,50.1267,23.1333,1,heldout,
real_moleculenet_freesolv,llambo_warmstart_polar_surface_optimizer_noprior,29051,85.0667,56.6634,14.9333,1,heldout,
real_moleculenet_freesolv,llambo_warmstart_selector,29051,85.0667,56.6634,14.9333,1,heldout,llambo_warmstart_polar_surface_optimizer_noprior
real_moleculenet_freesolv,llm_calibrated_selector,29051,71.4333,58.97,28.5667,1,heldout,llm_semantic_polar_surface_optimizer_noprior
real_moleculenet_freesolv,llm_direct_prior_polar_surface_optimizer_noprior,29051,100.0,66.17,0.0,1,heldout,
real_moleculenet_freesolv,llm_direct_prior_selector,29051,100.0,66.17,0.0,1,heldout,llm_direct_prior_polar_surface_optimizer_noprior
real_moleculenet_freesolv,llm_semantic_polar_surface_optimizer_noprior,29051,71.4333,58.97,28.5667,1,heldout,
real_moleculenet_freesolv,mixed_kernel_gp_ei,29051,49.2,46.7,50.8,0,heldout,
real_moleculenet_freesolv,target_acquisition_portfolio,29051,52.1333,49.57,47.8667,0,heldout,
real_moleculenet_freesolv,care_strategy_router,29052,76.8667,67.9334,23.1333,1,heldout,llm_direct_prior_polar_surface_optimizer_noprior
real_moleculenet_freesolv,gp_ucb,29052,45.6667,38.73,54.3333,0,heldout,
real_moleculenet_freesolv,llambo_warmstart_polar_surface_optimizer_noprior,29052,58.8,57.69,41.2,0,heldout,
real_moleculenet_freesolv,llambo_warmstart_selector,29052,58.8,57.69,41.2,0,heldout,llambo_warmstart_polar_surface_optimizer_noprior
real_moleculenet_freesolv,llm_calibrated_selector,29052,58.8,49.5133,41.2,0,heldout,llm_semantic_polar_surface_optimizer_noprior
real_moleculenet_freesolv,llm_direct_prior_polar_surface_optimizer_noprior,29052,76.8667,67.9334,23.1333,1,heldout,
real_moleculenet_freesolv,llm_direct_prior_selector,29052,76.8667,67.9334,23.1333,1,heldout,llm_direct_prior_polar_surface_optimizer_noprior
real_moleculenet_freesolv,llm_semantic_polar_surface_optimizer_noprior,29052,58.8,49.5133,41.2,0,heldout,
real_moleculenet_freesolv,mixed_kernel_gp_ei,29052,49.4,39.2,50.6,0,heldout,
real_moleculenet_freesolv,target_acquisition_portfolio,29052,48.3667,39.0,51.6333,0,heldout,
real_moleculenet_freesolv,care_strategy_router,29053,100.0,92.8933,0.0,1,heldout,llm_direct_prior_polar_surface_optimizer_noprior
real_moleculenet_freesolv,gp_ucb,29053,68.2,68.2,31.8,0,heldout,
real_moleculenet_freesolv,llambo_warmstart_polar_surface_optimizer_noprior,29053,76.8667,75.06,23.1333,1,heldout,
real_moleculenet_freesolv,llambo_warmstart_selector,29053,76.8667,75.06,23.1333,1,heldout,llambo_warmstart_polar_surface_optimizer_noprior
real_moleculenet_freesolv,llm_calibrated_selector,29053,71.4333,56.56,28.5667,1,heldout,llm_semantic_polar_surface_optimizer_noprior
real_moleculenet_freesolv,llm_direct_prior_polar_surface_optimizer_noprior,29053,100.0,92.8933,0.0,1,heldout,
real_moleculenet_freesolv,llm_direct_prior_selector,29053,100.0,92.8933,0.0,1,heldout,llm_direct_prior_polar_surface_optimizer_noprior
real_moleculenet_freesolv,llm_semantic_polar_surface_optimizer_noprior,29053,71.4333,56.56,28.5667,1,heldout,
real_moleculenet_freesolv,mixed_kernel_gp_ei,29053,68.2,68.2,31.8,0,heldout,
real_moleculenet_freesolv,target_acquisition_portfolio,29053,68.2,68.2,31.8,0,heldout,
real_moleculenet_freesolv,care_strategy_router,29054,76.8667,75.06,23.1333,1,heldout,llm_direct_prior_polar_surface_optimizer_noprior
real_moleculenet_freesolv,gp_ucb,29054,71.4333,65.2133,28.5667,1,heldout,
real_moleculenet_freesolv,llambo_warmstart_polar_surface_optimizer_noprior,29054,64.0333,61.2466,35.9667,0,heldout,
real_moleculenet_freesolv,llambo_warmstart_selector,29054,64.0333,61.2466,35.9667,0,heldout,llambo_warmstart_polar_surface_optimizer_noprior
real_moleculenet_freesolv,llm_calibrated_selector,29054,100.0,85.03,0.0,1,heldout,llm_semantic_polar_surface_optimizer_noprior
real_moleculenet_freesolv,llm_direct_prior_polar_surface_optimizer_noprior,29054,76.8667,75.06,23.1333,1,heldout,
real_moleculenet_freesolv,llm_direct_prior_selector,29054,76.8667,75.06,23.1333,1,heldout,llm_direct_prior_polar_surface_optimizer_noprior
real_moleculenet_freesolv,llm_semantic_polar_surface_optimizer_noprior,29054,100.0,85.03,0.0,1,heldout,
real_moleculenet_freesolv,mixed_kernel_gp_ei,29054,100.0,70.1433,0.0,1,heldout,
real_moleculenet_freesolv,target_acquisition_portfolio,29054,71.4333,65.2133,28.5667,1,heldout,
real_moleculenet_freesolv,care_strategy_router,29055,76.8667,75.06,23.1333,1,heldout,llm_direct_prior_polar_surface_optimizer_noprior
real_moleculenet_freesolv,gp_ucb,29055,43.7,43.7,56.3,0,heldout,
real_moleculenet_freesolv,llambo_warmstart_polar_surface_optimizer_noprior,29055,69.4333,66.45,30.5667,1,heldout,
real_moleculenet_freesolv,llambo_warmstart_selector,29055,69.4333,66.45,30.5667,1,heldout,llambo_warmstart_polar_surface_optimizer_noprior
real_moleculenet_freesolv,llm_calibrated_selector,29055,58.8,54.27,41.2,0,heldout,llm_semantic_polar_surface_optimizer_noprior
real_moleculenet_freesolv,llm_direct_prior_polar_surface_optimizer_noprior,29055,76.8667,75.06,23.1333,1,heldout,
real_moleculenet_freesolv,llm_direct_prior_selector,29055,76.8667,75.06,23.1333,1,heldout,llm_direct_prior_polar_surface_optimizer_noprior
real_moleculenet_freesolv,llm_semantic_polar_surface_optimizer_noprior,29055,58.8,54.27,41.2,0,heldout,
real_moleculenet_freesolv,mixed_kernel_gp_ei,29055,43.7,43.7,56.3,0,heldout,
real_moleculenet_freesolv,target_acquisition_portfolio,29055,43.7,43.7,56.3,0,heldout,
real_moleculenet_freesolv,care_strategy_router,29056,76.8667,71.1,23.1333,1,heldout,llm_direct_prior_polar_surface_optimizer_noprior
real_moleculenet_freesolv,gp_ucb,29056,69.4333,55.7666,30.5667,1,heldout,
real_moleculenet_freesolv,llambo_warmstart_polar_surface_optimizer_noprior,29056,100.0,100.0,0.0,1,heldout,
real_moleculenet_freesolv,llambo_warmstart_selector,29056,100.0,100.0,0.0,1,heldout,llambo_warmstart_polar_surface_optimizer_noprior
real_moleculenet_freesolv,llm_calibrated_selector,29056,71.4333,59.7733,28.5667,1,heldout,llm_semantic_polar_surface_optimizer_noprior
real_moleculenet_freesolv,llm_direct_prior_polar_surface_optimizer_noprior,29056,76.8667,71.1,23.1333,1,heldout,
real_moleculenet_freesolv,llm_direct_prior_selector,29056,76.8667,71.1,23.1333,1,heldout,llm_direct_prior_polar_surface_optimizer_noprior
real_moleculenet_freesolv,llm_semantic_polar_surface_optimizer_noprior,29056,71.4333,59.7733,28.5667,1,heldout,
real_moleculenet_freesolv,mixed_kernel_gp_ei,29056,69.4333,55.7666,30.5667,1,heldout,
real_moleculenet_freesolv,target_acquisition_portfolio,29056,79.0667,56.73,20.9333,1,heldout,
real_moleculenet_freesolv,care_strategy_router,29057,76.8667,75.06,23.1333,1,heldout,llm_direct_prior_polar_surface_optimizer_noprior
real_moleculenet_freesolv,gp_ucb,29057,58.8,56.75,41.2,0,heldout,
real_moleculenet_freesolv,llambo_warmstart_polar_surface_optimizer_noprior,29057,85.0667,65.4533,14.9333,1,heldout,
real_moleculenet_freesolv,llambo_warmstart_selector,29057,85.0667,65.4533,14.9333,1,heldout,llambo_warmstart_polar_surface_optimizer_noprior
real_moleculenet_freesolv,llm_calibrated_selector,29057,58.8,58.8,41.2,0,heldout,llm_semantic_polar_surface_optimizer_noprior
real_moleculenet_freesolv,llm_direct_prior_polar_surface_optimizer_noprior,29057,76.8667,75.06,23.1333,1,heldout,
real_moleculenet_freesolv,llm_direct_prior_selector,29057,76.8667,75.06,23.1333,1,heldout,llm_direct_prior_polar_surface_optimizer_noprior
real_moleculenet_freesolv,llm_semantic_polar_surface_optimizer_noprior,29057,58.8,58.8,41.2,0,heldout,
real_moleculenet_freesolv,mixed_kernel_gp_ei,29057,71.4333,65.5933,28.5667,1,heldout,
real_moleculenet_freesolv,target_acquisition_portfolio,29057,58.8,56.75,41.2,0,heldout,
real_moleculenet_freesolv,care_strategy_router,29058,100.0,83.52,0.0,1,heldout,llm_direct_prior_polar_surface_optimizer_noprior
real_moleculenet_freesolv,gp_ucb,29058,76.8667,65.7833,23.1333,1,heldout,
real_moleculenet_freesolv,llambo_warmstart_polar_surface_optimizer_noprior,29058,58.8,53.58,41.2,0,heldout,
real_moleculenet_freesolv,llambo_warmstart_selector,29058,58.8,53.58,41.2,0,heldout,llambo_warmstart_polar_surface_optimizer_noprior
real_moleculenet_freesolv,llm_calibrated_selector,29058,59.1333,58.8667,40.8667,0,heldout,llm_semantic_polar_surface_optimizer_noprior
real_moleculenet_freesolv,llm_direct_prior_polar_surface_optimizer_noprior,29058,100.0,83.52,0.0,1,heldout,
real_moleculenet_freesolv,llm_direct_prior_selector,29058,100.0,83.52,0.0,1,heldout,llm_direct_prior_polar_surface_optimizer_noprior
real_moleculenet_freesolv,llm_semantic_polar_surface_optimizer_noprior,29058,59.1333,58.8667,40.8667,0,heldout,
real_moleculenet_freesolv,mixed_kernel_gp_ei,29058,76.8667,65.7833,23.1333,1,heldout,
real_moleculenet_freesolv,target_acquisition_portfolio,29058,76.8667,65.7833,23.1333,1,heldout,
real_moleculenet_freesolv,care_strategy_router,29059,100.0,99.08,0.0,1,heldout,llm_direct_prior_polar_surface_optimizer_noprior
real_moleculenet_freesolv,gp_ucb,29059,69.4333,56.2567,30.5667,1,heldout,
real_moleculenet_freesolv,llambo_warmstart_polar_surface_optimizer_noprior,29059,76.8667,76.8667,23.1333,1,heldout,
real_moleculenet_freesolv,llambo_warmstart_selector,29059,76.8667,76.8667,23.1333,1,heldout,llambo_warmstart_polar_surface_optimizer_noprior
real_moleculenet_freesolv,llm_calibrated_selector,29059,100.0,100.0,0.0,1,heldout,llm_semantic_polar_surface_optimizer_noprior
real_moleculenet_freesolv,llm_direct_prior_polar_surface_optimizer_noprior,29059,100.0,99.08,0.0,1,heldout,
real_moleculenet_freesolv,llm_direct_prior_selector,29059,100.0,99.08,0.0,1,heldout,llm_direct_prior_polar_surface_optimizer_noprior
real_moleculenet_freesolv,llm_semantic_polar_surface_optimizer_noprior,29059,100.0,100.0,0.0,1,heldout,
real_moleculenet_freesolv,mixed_kernel_gp_ei,29059,73.0667,57.3467,26.9333,1,heldout,
real_moleculenet_freesolv,target_acquisition_portfolio,29059,69.4333,56.2567,30.5667,1,heldout,
real_moleculenet_freesolv,care_strategy_router,29060,76.8667,54.16,23.1333,1,heldout,llm_direct_prior_polar_surface_optimizer_noprior
real_moleculenet_freesolv,gp_ucb,29060,42.6,38.5267,57.4,0,heldout,
real_moleculenet_freesolv,llambo_warmstart_polar_surface_optimizer_noprior,29060,59.1333,59.1333,40.8667,0,heldout,
real_moleculenet_freesolv,llambo_warmstart_selector,29060,59.1333,59.1333,40.8667,0,heldout,llambo_warmstart_polar_surface_optimizer_noprior
real_moleculenet_freesolv,llm_calibrated_selector,29060,58.8,48.4,41.2,0,heldout,llm_semantic_polar_surface_optimizer_noprior
real_moleculenet_freesolv,llm_direct_prior_polar_surface_optimizer_noprior,29060,76.8667,54.16,23.1333,1,heldout,
real_moleculenet_freesolv,llm_direct_prior_selector,29060,76.8667,54.16,23.1333,1,heldout,llm_direct_prior_polar_surface_optimizer_noprior
real_moleculenet_freesolv,llm_semantic_polar_surface_optimizer_noprior,29060,58.8,48.4,41.2,0,heldout,
real_moleculenet_freesolv,mixed_kernel_gp_ei,29060,64.0333,51.7033,35.9667,0,heldout,
real_moleculenet_freesolv,target_acquisition_portfolio,29060,42.6,38.5267,57.4,0,heldout,
real_moleculenet_freesolv,care_strategy_router,29061,100.0,58.2533,0.0,1,heldout,llm_direct_prior_polar_surface_optimizer_noprior
real_moleculenet_freesolv,gp_ucb,29061,79.0667,71.6833,20.9333,1,heldout,
real_moleculenet_freesolv,llambo_warmstart_polar_surface_optimizer_noprior,29061,50.7,50.28,49.3,0,heldout,
real_moleculenet_freesolv,llambo_warmstart_selector,29061,50.7,50.28,49.3,0,heldout,llambo_warmstart_polar_surface_optimizer_noprior
real_moleculenet_freesolv,llm_calibrated_selector,29061,59.1333,57.0333,40.8667,0,heldout,llm_semantic_polar_surface_optimizer_noprior
real_moleculenet_freesolv,llm_direct_prior_polar_surface_optimizer_noprior,29061,100.0,58.2533,0.0,1,heldout,
real_moleculenet_freesolv,llm_direct_prior_selector,29061,100.0,58.2533,0.0,1,heldout,llm_direct_prior_polar_surface_optimizer_noprior
real_moleculenet_freesolv,llm_semantic_polar_surface_optimizer_noprior,29061,59.1333,57.0333,40.8667,0,heldout,
real_moleculenet_freesolv,mixed_kernel_gp_ei,29061,73.0667,69.8833,26.9333,1,heldout,
real_moleculenet_freesolv,target_acquisition_portfolio,29061,79.0667,73.4833,20.9333,1,heldout,
real_moleculenet_freesolv,care_strategy_router,29062,76.8667,76.8667,23.1333,1,heldout,llm_direct_prior_polar_surface_optimizer_noprior
real_moleculenet_freesolv,gp_ucb,29062,69.4333,69.4333,30.5667,1,heldout,
real_moleculenet_freesolv,llambo_warmstart_polar_surface_optimizer_noprior,29062,64.0333,61.2466,35.9667,0,heldout,
real_moleculenet_freesolv,llambo_warmstart_selector,29062,64.0333,61.2466,35.9667,0,heldout,llambo_warmstart_polar_surface_optimizer_noprior
real_moleculenet_freesolv,llm_calibrated_selector,29062,76.8667,76.8667,23.1333,1,heldout,llm_semantic_polar_surface_optimizer_noprior
real_moleculenet_freesolv,llm_direct_prior_polar_surface_optimizer_noprior,29062,76.8667,76.8667,23.1333,1,heldout,
real_moleculenet_freesolv,llm_direct_prior_selector,29062,76.8667,76.8667,23.1333,1,heldout,llm_direct_prior_polar_surface_optimizer_noprior
real_moleculenet_freesolv,llm_semantic_polar_surface_optimizer_noprior,29062,76.8667,76.8667,23.1333,1,heldout,
real_moleculenet_freesolv,mixed_kernel_gp_ei,29062,69.4333,69.4333,30.5667,1,heldout,
real_moleculenet_freesolv,target_acquisition_portfolio,29062,69.4333,69.4333,30.5667,1,heldout,
real_moleculenet_freesolv,care_strategy_router,29063,76.8667,58.4533,23.1333,1,heldout,llm_direct_prior_polar_surface_optimizer_noprior
real_moleculenet_freesolv,gp_ucb,29063,71.4333,45.67,28.5667,1,heldout,
real_moleculenet_freesolv,llambo_warmstart_polar_surface_optimizer_noprior,29063,76.8667,76.8667,23.1333,1,heldout,
real_moleculenet_freesolv,llambo_warmstart_selector,29063,76.8667,76.8667,23.1333,1,heldout,llambo_warmstart_polar_surface_optimizer_noprior
real_moleculenet_freesolv,llm_calibrated_selector,29063,76.8667,63.4267,23.1333,1,heldout,llm_semantic_polar_surface_optimizer_noprior
real_moleculenet_freesolv,llm_direct_prior_polar_surface_optimizer_noprior,29063,76.8667,58.4533,23.1333,1,heldout,
real_moleculenet_freesolv,llm_direct_prior_selector,29063,76.8667,58.4533,23.1333,1,heldout,llm_direct_prior_polar_surface_optimizer_noprior
real_moleculenet_freesolv,llm_semantic_polar_surface_optimizer_noprior,29063,76.8667,63.4267,23.1333,1,heldout,
real_moleculenet_freesolv,mixed_kernel_gp_ei,29063,45.6,43.4834,54.4,0,heldout,
real_moleculenet_freesolv,target_acquisition_portfolio,29063,71.4333,45.67,28.5667,1,heldout,
real_moleculenet_freesolv,care_strategy_router,29064,100.0,87.64,0.0,1,heldout,llm_direct_prior_polar_surface_optimizer_noprior
real_moleculenet_freesolv,gp_ucb,29064,64.0333,55.5166,35.9667,0,heldout,
real_moleculenet_freesolv,llambo_warmstart_polar_surface_optimizer_noprior,29064,59.1333,59.1333,40.8667,0,heldout,
real_moleculenet_freesolv,llambo_warmstart_selector,29064,59.1333,59.1333,40.8667,0,heldout,llambo_warmstart_polar_surface_optimizer_noprior
real_moleculenet_freesolv,llm_calibrated_selector,29064,100.0,87.4733,0.0,1,heldout,llm_semantic_polar_surface_optimizer_noprior
real_moleculenet_freesolv,llm_direct_prior_polar_surface_optimizer_noprior,29064,100.0,87.64,0.0,1,heldout,
real_moleculenet_freesolv,llm_direct_prior_selector,29064,100.0,87.64,0.0,1,heldout,llm_direct_prior_polar_surface_optimizer_noprior
real_moleculenet_freesolv,llm_semantic_polar_surface_optimizer_noprior,29064,100.0,87.4733,0.0,1,heldout,
real_moleculenet_freesolv,mixed_kernel_gp_ei,29064,64.0333,53.0266,35.9667,0,heldout,
real_moleculenet_freesolv,target_acquisition_portfolio,29064,64.0333,53.0266,35.9667,0,heldout,
real_moleculenet_freesolv,care_strategy_router,29065,76.8667,43.1967,23.1333,1,heldout,llm_direct_prior_polar_surface_optimizer_noprior
real_moleculenet_freesolv,gp_ucb,29065,49.4,37.36,50.6,0,heldout,
real_moleculenet_freesolv,llambo_warmstart_polar_surface_optimizer_noprior,29065,71.4333,65.51,28.5667,1,heldout,
real_moleculenet_freesolv,llambo_warmstart_selector,29065,71.4333,65.51,28.5667,1,heldout,llambo_warmstart_polar_surface_optimizer_noprior
real_moleculenet_freesolv,llm_calibrated_selector,29065,76.8667,57.7667,23.1333,1,heldout,llm_semantic_polar_surface_optimizer_noprior
real_moleculenet_freesolv,llm_direct_prior_polar_surface_optimizer_noprior,29065,76.8667,43.1967,23.1333,1,heldout,
real_moleculenet_freesolv,llm_direct_prior_selector,29065,76.8667,43.1967,23.1333,1,heldout,llm_direct_prior_polar_surface_optimizer_noprior
real_moleculenet_freesolv,llm_semantic_polar_surface_optimizer_noprior,29065,76.8667,57.7667,23.1333,1,heldout,
real_moleculenet_freesolv,mixed_kernel_gp_ei,29065,49.8,39.8933,50.2,0,heldout,
real_moleculenet_freesolv,target_acquisition_portfolio,29065,38.3333,35.9067,61.6667,0,heldout,
real_moleculenet_freesolv,care_strategy_router,29066,58.8,53.2334,41.2,0,heldout,llm_direct_prior_polar_surface_optimizer_noprior
real_moleculenet_freesolv,gp_ucb,29066,49.8,48.0534,50.2,0,heldout,
real_moleculenet_freesolv,llambo_warmstart_polar_surface_optimizer_noprior,29066,100.0,76.48,0.0,1,heldout,
real_moleculenet_freesolv,llambo_warmstart_selector,29066,100.0,76.48,0.0,1,heldout,llambo_warmstart_polar_surface_optimizer_noprior
real_moleculenet_freesolv,llm_calibrated_selector,29066,100.0,79.0667,0.0,1,heldout,llm_semantic_polar_surface_optimizer_noprior
real_moleculenet_freesolv,llm_direct_prior_polar_surface_optimizer_noprior,29066,58.8,53.2334,41.2,0,heldout,
real_moleculenet_freesolv,llm_direct_prior_selector,29066,58.8,53.2334,41.2,0,heldout,llm_direct_prior_polar_surface_optimizer_noprior
real_moleculenet_freesolv,llm_semantic_polar_surface_optimizer_noprior,29066,100.0,79.0667,0.0,1,heldout,
real_moleculenet_freesolv,mixed_kernel_gp_ei,29066,48.7,47.77,51.3,0,heldout,
real_moleculenet_freesolv,target_acquisition_portfolio,29066,52.6,48.73,47.4,0,heldout,
real_moleculenet_freesolv,care_strategy_router,29067,59.1333,55.67,40.8667,0,heldout,llm_direct_prior_polar_surface_optimizer_noprior
real_moleculenet_freesolv,gp_ucb,29067,79.0667,65.9333,20.9333,1,heldout,
real_moleculenet_freesolv,llambo_warmstart_polar_surface_optimizer_noprior,29067,64.0333,63.51,35.9667,0,heldout,
real_moleculenet_freesolv,llambo_warmstart_selector,29067,64.0333,63.51,35.9667,0,heldout,llambo_warmstart_polar_surface_optimizer_noprior
real_moleculenet_freesolv,llm_calibrated_selector,29067,71.4333,51.24,28.5667,1,heldout,llm_semantic_polar_surface_optimizer_noprior
real_moleculenet_freesolv,llm_direct_prior_polar_surface_optimizer_noprior,29067,59.1333,55.67,40.8667,0,heldout,
real_moleculenet_freesolv,llm_direct_prior_selector,29067,59.1333,55.67,40.8667,0,heldout,llm_direct_prior_polar_surface_optimizer_noprior
real_moleculenet_freesolv,llm_semantic_polar_surface_optimizer_noprior,29067,71.4333,51.24,28.5667,1,heldout,
real_moleculenet_freesolv,mixed_kernel_gp_ei,29067,69.4333,64.2433,30.5667,1,heldout,
real_moleculenet_freesolv,target_acquisition_portfolio,29067,79.0667,62.71,20.9333,1,heldout,
real_moleculenet_freesolv,care_strategy_router,29068,100.0,75.28,0.0,1,heldout,llm_direct_prior_polar_surface_optimizer_noprior
real_moleculenet_freesolv,gp_ucb,29068,43.7,43.7,56.3,0,heldout,
real_moleculenet_freesolv,llambo_warmstart_polar_surface_optimizer_noprior,29068,71.4333,65.48,28.5667,1,heldout,
real_moleculenet_freesolv,llambo_warmstart_selector,29068,71.4333,65.48,28.5667,1,heldout,llambo_warmstart_polar_surface_optimizer_noprior
real_moleculenet_freesolv,llm_calibrated_selector,29068,76.8667,64.5167,23.1333,1,heldout,llm_semantic_polar_surface_optimizer_noprior
real_moleculenet_freesolv,llm_direct_prior_polar_surface_optimizer_noprior,29068,100.0,75.28,0.0,1,heldout,
real_moleculenet_freesolv,llm_direct_prior_selector,29068,100.0,75.28,0.0,1,heldout,llm_direct_prior_polar_surface_optimizer_noprior
real_moleculenet_freesolv,llm_semantic_polar_surface_optimizer_noprior,29068,76.8667,64.5167,23.1333,1,heldout,
real_moleculenet_freesolv,mixed_kernel_gp_ei,29068,43.7,43.7,56.3,0,heldout,
real_moleculenet_freesolv,target_acquisition_portfolio,29068,50.7333,44.4033,49.2667,0,heldout,
real_moleculenet_freesolv,care_strategy_router,29069,76.8667,75.06,23.1333,1,heldout,llm_direct_prior_polar_surface_optimizer_noprior
real_moleculenet_freesolv,gp_ucb,29069,71.4333,67.2866,28.5667,1,heldout,
real_moleculenet_freesolv,llambo_warmstart_polar_surface_optimizer_noprior,29069,58.8,52.6333,41.2,0,heldout,
real_moleculenet_freesolv,llambo_warmstart_selector,29069,58.8,52.6333,41.2,0,heldout,llambo_warmstart_polar_surface_optimizer_noprior
real_moleculenet_freesolv,llm_calibrated_selector,29069,58.8,56.19,41.2,0,heldout,llm_semantic_polar_surface_optimizer_noprior
real_moleculenet_freesolv,llm_direct_prior_polar_surface_optimizer_noprior,29069,76.8667,75.06,23.1333,1,heldout,
real_moleculenet_freesolv,llm_direct_prior_selector,29069,76.8667,75.06,23.1333,1,heldout,llm_direct_prior_polar_surface_optimizer_noprior
real_moleculenet_freesolv,llm_semantic_polar_surface_optimizer_noprior,29069,58.8,56.19,41.2,0,heldout,
real_moleculenet_freesolv,mixed_kernel_gp_ei,29069,71.4333,67.2866,28.5667,1,heldout,
real_moleculenet_freesolv,target_acquisition_portfolio,29069,71.4333,67.2866,28.5667,1,heldout,
real_moleculenet_freesolv,care_strategy_router,29070,100.0,98.62,0.0,1,heldout,llm_direct_prior_polar_surface_optimizer_noprior
real_moleculenet_freesolv,gp_ucb,29070,50.2667,37.83,49.7333,0,heldout,
real_moleculenet_freesolv,llambo_warmstart_polar_surface_optimizer_noprior,29070,59.1333,59.1333,40.8667,0,heldout,
real_moleculenet_freesolv,llambo_warmstart_selector,29070,59.1333,59.1333,40.8667,0,heldout,llambo_warmstart_polar_surface_optimizer_noprior
real_moleculenet_freesolv,llm_calibrated_selector,29070,100.0,70.06,0.0,1,heldout,llm_semantic_polar_surface_optimizer_noprior
real_moleculenet_freesolv,llm_direct_prior_polar_surface_optimizer_noprior,29070,100.0,98.62,0.0,1,heldout,
real_moleculenet_freesolv,llm_direct_prior_selector,29070,100.0,98.62,0.0,1,heldout,llm_direct_prior_polar_surface_optimizer_noprior
real_moleculenet_freesolv,llm_semantic_polar_surface_optimizer_noprior,29070,100.0,70.06,0.0,1,heldout,
real_moleculenet_freesolv,mixed_kernel_gp_ei,29070,49.8,37.65,50.2,0,heldout,
real_moleculenet_freesolv,target_acquisition_portfolio,29070,49.8,37.65,50.2,0,heldout,
real_moleculenet_freesolv,care_strategy_router,29071,59.1333,57.59,40.8667,0,heldout,llm_direct_prior_polar_surface_optimizer_noprior
real_moleculenet_freesolv,gp_ucb,29071,100.0,97.0133,0.0,1,heldout,
real_moleculenet_freesolv,llambo_warmstart_polar_surface_optimizer_noprior,29071,79.0667,63.89,20.9333,1,heldout,
real_moleculenet_freesolv,llambo_warmstart_selector,29071,79.0667,63.89,20.9333,1,heldout,llambo_warmstart_polar_surface_optimizer_noprior
real_moleculenet_freesolv,llm_calibrated_selector,29071,68.2,62.5833,31.8,0,heldout,llm_semantic_polar_surface_optimizer_noprior
real_moleculenet_freesolv,llm_direct_prior_polar_surface_optimizer_noprior,29071,59.1333,57.59,40.8667,0,heldout,
real_moleculenet_freesolv,llm_direct_prior_selector,29071,59.1333,57.59,40.8667,0,heldout,llm_direct_prior_polar_surface_optimizer_noprior
real_moleculenet_freesolv,llm_semantic_polar_surface_optimizer_noprior,29071,68.2,62.5833,31.8,0,heldout,
real_moleculenet_freesolv,mixed_kernel_gp_ei,29071,100.0,97.0133,0.0,1,heldout,
real_moleculenet_freesolv,target_acquisition_portfolio,29071,100.0,97.0133,0.0,1,heldout,
real_moleculenet_freesolv,care_strategy_router,29072,76.8667,67.03,23.1333,1,heldout,llm_direct_prior_polar_surface_optimizer_noprior
real_moleculenet_freesolv,gp_ucb,29072,71.4333,64.9633,28.5667,1,heldout,
real_moleculenet_freesolv,llambo_warmstart_polar_surface_optimizer_noprior,29072,53.8,49.9866,46.2,0,heldout,
real_moleculenet_freesolv,llambo_warmstart_selector,29072,53.8,49.9866,46.2,0,heldout,llambo_warmstart_polar_surface_optimizer_noprior
real_moleculenet_freesolv,llm_calibrated_selector,29072,71.4333,55.0433,28.5667,1,heldout,llm_semantic_polar_surface_optimizer_noprior
real_moleculenet_freesolv,llm_direct_prior_polar_surface_optimizer_noprior,29072,76.8667,67.03,23.1333,1,heldout,
real_moleculenet_freesolv,llm_direct_prior_selector,29072,76.8667,67.03,23.1333,1,heldout,llm_direct_prior_polar_surface_optimizer_noprior
real_moleculenet_freesolv,llm_semantic_polar_surface_optimizer_noprior,29072,71.4333,55.0433,28.5667,1,heldout,
real_moleculenet_freesolv,mixed_kernel_gp_ei,29072,71.4333,56.3833,28.5667,1,heldout,
real_moleculenet_freesolv,target_acquisition_portfolio,29072,71.4333,60.9467,28.5667,1,heldout,
real_moleculenet_freesolv,care_strategy_router,29073,100.0,73.4767,0.0,1,heldout,llm_direct_prior_polar_surface_optimizer_noprior
real_moleculenet_freesolv,gp_ucb,29073,76.8667,64.4534,23.1333,1,heldout,
real_moleculenet_freesolv,llambo_warmstart_polar_surface_optimizer_noprior,29073,59.1333,59.1333,40.8667,0,heldout,
real_moleculenet_freesolv,llambo_warmstart_selector,29073,59.1333,59.1333,40.8667,0,heldout,llambo_warmstart_polar_surface_optimizer_noprior
real_moleculenet_freesolv,llm_calibrated_selector,29073,95.4,63.71,4.6,1,heldout,llm_semantic_polar_surface_optimizer_noprior
real_moleculenet_freesolv,llm_direct_prior_polar_surface_optimizer_noprior,29073,100.0,73.4767,0.0,1,heldout,
real_moleculenet_freesolv,llm_direct_prior_selector,29073,100.0,73.4767,0.0,1,heldout,llm_direct_prior_polar_surface_optimizer_noprior
real_moleculenet_freesolv,llm_semantic_polar_surface_optimizer_noprior,29073,95.4,63.71,4.6,1,heldout,
real_moleculenet_freesolv,mixed_kernel_gp_ei,29073,64.0333,59.57,35.9667,0,heldout,
real_moleculenet_freesolv,target_acquisition_portfolio,29073,76.8667,64.4534,23.1333,1,heldout,
real_moleculenet_freesolv,care_strategy_router,29074,58.8,51.5333,41.2,0,heldout,llm_direct_prior_polar_surface_optimizer_noprior
real_moleculenet_freesolv,gp_ucb,29074,49.3333,49.3333,50.6667,0,heldout,
real_moleculenet_freesolv,llambo_warmstart_polar_surface_optimizer_noprior,29074,85.0667,63.35,14.9333,1,heldout,
real_moleculenet_freesolv,llambo_warmstart_selector,29074,85.0667,63.35,14.9333,1,heldout,llambo_warmstart_polar_surface_optimizer_noprior
real_moleculenet_freesolv,llm_calibrated_selector,29074,100.0,89.8667,0.0,1,heldout,llm_semantic_polar_surface_optimizer_noprior
real_moleculenet_freesolv,llm_direct_prior_polar_surface_optimizer_noprior,29074,58.8,51.5333,41.2,0,heldout,
real_moleculenet_freesolv,llm_direct_prior_selector,29074,58.8,51.5333,41.2,0,heldout,llm_direct_prior_polar_surface_optimizer_noprior
real_moleculenet_freesolv,llm_semantic_polar_surface_optimizer_noprior,29074,100.0,89.8667,0.0,1,heldout,
real_moleculenet_freesolv,mixed_kernel_gp_ei,29074,73.0667,58.24,26.9333,1,heldout,
real_moleculenet_freesolv,target_acquisition_portfolio,29074,79.0667,60.4033,20.9333,1,heldout,
real_moleculenet_freesolv,care_strategy_router,29075,64.0333,56.2467,35.9667,0,heldout,llm_direct_prior_polar_surface_optimizer_noprior
real_moleculenet_freesolv,gp_ucb,29075,79.0667,76.1433,20.9333,1,heldout,
real_moleculenet_freesolv,llambo_warmstart_polar_surface_optimizer_noprior,29075,85.0667,63.35,14.9333,1,heldout,
real_moleculenet_freesolv,llambo_warmstart_selector,29075,85.0667,63.35,14.9333,1,heldout,llambo_warmstart_polar_surface_optimizer_noprior
real_moleculenet_freesolv,llm_calibrated_selector,29075,79.0667,54.69,20.9333,1,heldout,llm_semantic_polar_surface_optimizer_noprior
real_moleculenet_freesolv,llm_direct_prior_polar_surface_optimizer_noprior,29075,64.0333,56.2467,35.9667,0,heldout,
real_moleculenet_freesolv,llm_direct_prior_selector,29075,64.0333,56.2467,35.9667,0,heldout,llm_direct_prior_polar_surface_optimizer_noprior
real_moleculenet_freesolv,llm_semantic_polar_surface_optimizer_noprior,29075,79.0667,54.69,20.9333,1,heldout,
real_moleculenet_freesolv,mixed_kernel_gp_ei,29075,75.8,75.1633,24.2,1,heldout,
real_moleculenet_freesolv,target_acquisition_portfolio,29075,79.0667,77.0033,20.9333,1,heldout,
real_moleculenet_freesolv,care_strategy_router,29076,58.8,49.21,41.2,0,heldout,llm_direct_prior_polar_surface_optimizer_noprior
real_moleculenet_freesolv,gp_ucb,29076,79.0667,65.9333,20.9333,1,heldout,
real_moleculenet_freesolv,llambo_warmstart_polar_surface_optimizer_noprior,29076,58.8,57.68,41.2,0,heldout,
real_moleculenet_freesolv,llambo_warmstart_selector,29076,58.8,57.68,41.2,0,heldout,llambo_warmstart_polar_surface_optimizer_noprior
real_moleculenet_freesolv,llm_calibrated_selector,29076,58.8,53.4833,41.2,0,heldout,llm_semantic_polar_surface_optimizer_noprior
real_moleculenet_freesolv,llm_direct_prior_polar_surface_optimizer_noprior,29076,58.8,49.21,41.2,0,heldout,
real_moleculenet_freesolv,llm_direct_prior_selector,29076,58.8,49.21,41.2,0,heldout,llm_direct_prior_polar_surface_optimizer_noprior
real_moleculenet_freesolv,llm_semantic_polar_surface_optimizer_noprior,29076,58.8,53.4833,41.2,0,heldout,
real_moleculenet_freesolv,mixed_kernel_gp_ei,29076,69.4333,64.2433,30.5667,1,heldout,
real_moleculenet_freesolv,target_acquisition_portfolio,29076,79.0667,66.17,20.9333,1,heldout,
real_moleculenet_freesolv,care_strategy_router,29077,100.0,93.4833,0.0,1,heldout,llm_direct_prior_polar_surface_optimizer_noprior
real_moleculenet_freesolv,gp_ucb,29077,71.4333,53.59,28.5667,1,heldout,
real_moleculenet_freesolv,llambo_warmstart_polar_surface_optimizer_noprior,29077,76.8667,76.8667,23.1333,1,heldout,
real_moleculenet_freesolv,llambo_warmstart_selector,29077,76.8667,76.8667,23.1333,1,heldout,llambo_warmstart_polar_surface_optimizer_noprior
real_moleculenet_freesolv,llm_calibrated_selector,29077,71.4333,68.6933,28.5667,1,heldout,llm_semantic_polar_surface_optimizer_noprior
real_moleculenet_freesolv,llm_direct_prior_polar_surface_optimizer_noprior,29077,100.0,93.4833,0.0,1,heldout,
real_moleculenet_freesolv,llm_direct_prior_selector,29077,100.0,93.4833,0.0,1,heldout,llm_direct_prior_polar_surface_optimizer_noprior
real_moleculenet_freesolv,llm_semantic_polar_surface_optimizer_noprior,29077,71.4333,68.6933,28.5667,1,heldout,
real_moleculenet_freesolv,mixed_kernel_gp_ei,29077,59.1333,56.2533,40.8667,0,heldout,
real_moleculenet_freesolv,target_acquisition_portfolio,29077,59.1333,56.2533,40.8667,0,heldout,
real_moleculenet_freesolv,care_strategy_router,29078,58.8,49.1967,41.2,0,heldout,llm_direct_prior_polar_surface_optimizer_noprior
real_moleculenet_freesolv,gp_ucb,29078,48.3667,46.7467,51.6333,0,heldout,
real_moleculenet_freesolv,llambo_warmstart_polar_surface_optimizer_noprior,29078,71.4333,69.43,28.5667,1,heldout,
real_moleculenet_freesolv,llambo_warmstart_selector,29078,71.4333,69.43,28.5667,1,heldout,llambo_warmstart_polar_surface_optimizer_noprior
real_moleculenet_freesolv,llm_calibrated_selector,29078,58.8,50.0667,41.2,0,heldout,llm_semantic_polar_surface_optimizer_noprior
real_moleculenet_freesolv,llm_direct_prior_polar_surface_optimizer_noprior,29078,58.8,49.1967,41.2,0,heldout,
real_moleculenet_freesolv,llm_direct_prior_selector,29078,58.8,49.1967,41.2,0,heldout,llm_direct_prior_polar_surface_optimizer_noprior
real_moleculenet_freesolv,llm_semantic_polar_surface_optimizer_noprior,29078,58.8,50.0667,41.2,0,heldout,
real_moleculenet_freesolv,mixed_kernel_gp_ei,29078,48.3667,47.2867,51.6333,0,heldout,
real_moleculenet_freesolv,target_acquisition_portfolio,29078,53.8,48.58,46.2,0,heldout,
real_moleculenet_freesolv,care_strategy_router,29079,100.0,69.4233,0.0,1,heldout,llm_direct_prior_polar_surface_optimizer_noprior
real_moleculenet_freesolv,gp_ucb,29079,47.6667,47.6667,52.3333,0,heldout,
real_moleculenet_freesolv,llambo_warmstart_polar_surface_optimizer_noprior,29079,59.1333,55.4033,40.8667,0,heldout,
real_moleculenet_freesolv,llambo_warmstart_selector,29079,59.1333,55.4033,40.8667,0,heldout,llambo_warmstart_polar_surface_optimizer_noprior
real_moleculenet_freesolv,llm_calibrated_selector,29079,100.0,58.5733,0.0,1,heldout,llm_semantic_polar_surface_optimizer_noprior
real_moleculenet_freesolv,llm_direct_prior_polar_surface_optimizer_noprior,29079,100.0,69.4233,0.0,1,heldout,
real_moleculenet_freesolv,llm_direct_prior_selector,29079,100.0,69.4233,0.0,1,heldout,llm_direct_prior_polar_surface_optimizer_noprior
real_moleculenet_freesolv,llm_semantic_polar_surface_optimizer_noprior,29079,100.0,58.5733,0.0,1,heldout,
real_moleculenet_freesolv,mixed_kernel_gp_ei,29079,100.0,69.3534,0.0,1,heldout,
real_moleculenet_freesolv,target_acquisition_portfolio,29079,58.8,49.0234,41.2,0,heldout,
real_moleculenet_freesolv,care_strategy_router,29080,76.8667,74.19,23.1333,1,heldout,llm_direct_prior_polar_surface_optimizer_noprior
real_moleculenet_freesolv,gp_ucb,29080,76.8667,68.6433,23.1333,1,heldout,
real_moleculenet_freesolv,llambo_warmstart_polar_surface_optimizer_noprior,29080,64.0333,60.62,35.9667,0,heldout,
real_moleculenet_freesolv,llambo_warmstart_selector,29080,64.0333,60.62,35.9667,0,heldout,llambo_warmstart_polar_surface_optimizer_noprior
real_moleculenet_freesolv,llm_calibrated_selector,29080,58.8,56.19,41.2,0,heldout,llm_semantic_polar_surface_optimizer_noprior
real_moleculenet_freesolv,llm_direct_prior_polar_surface_optimizer_noprior,29080,76.8667,74.19,23.1333,1,heldout,
real_moleculenet_freesolv,llm_direct_prior_selector,29080,76.8667,74.19,23.1333,1,heldout,llm_direct_prior_polar_surface_optimizer_noprior
real_moleculenet_freesolv,llm_semantic_polar_surface_optimizer_noprior,29080,58.8,56.19,41.2,0,heldout,
real_moleculenet_freesolv,mixed_kernel_gp_ei,29080,64.0333,63.51,35.9667,0,heldout,
real_moleculenet_freesolv,target_acquisition_portfolio,29080,64.0333,63.51,35.9667,0,heldout,
real_moleculenet_freesolv,care_strategy_router,29081,76.8667,76.8667,23.1333,1,heldout,llm_direct_prior_polar_surface_optimizer_noprior
real_moleculenet_freesolv,gp_ucb,29081,64.0333,52.4966,35.9667,0,heldout,
real_moleculenet_freesolv,llambo_warmstart_polar_surface_optimizer_noprior,29081,68.2,60.5666,31.8,0,heldout,
real_moleculenet_freesolv,llambo_warmstart_selector,29081,68.2,60.5666,31.8,0,heldout,llambo_warmstart_polar_surface_optimizer_noprior
real_moleculenet_freesolv,llm_calibrated_selector,29081,71.4333,53.7667,28.5667,1,heldout,llm_semantic_polar_surface_optimizer_noprior
real_moleculenet_freesolv,llm_direct_prior_polar_surface_optimizer_noprior,29081,76.8667,76.8667,23.1333,1,heldout,
real_moleculenet_freesolv,llm_direct_prior_selector,29081,76.8667,76.8667,23.1333,1,heldout,llm_direct_prior_polar_surface_optimizer_noprior
real_moleculenet_freesolv,llm_semantic_polar_surface_optimizer_noprior,29081,71.4333,53.7667,28.5667,1,heldout,
real_moleculenet_freesolv,mixed_kernel_gp_ei,29081,64.0333,55.5166,35.9667,0,heldout,
real_moleculenet_freesolv,target_acquisition_portfolio,29081,64.0333,55.5166,35.9667,0,heldout,
real_moleculenet_freesolv,care_strategy_router,29082,59.1333,57.8133,40.8667,0,heldout,llm_direct_prior_polar_surface_optimizer_noprior
real_moleculenet_freesolv,gp_ucb,29082,56.5,54.5534,43.5,0,heldout,
real_moleculenet_freesolv,llambo_warmstart_polar_surface_optimizer_noprior,29082,76.8667,75.06,23.1333,1,heldout,
real_moleculenet_freesolv,llambo_warmstart_selector,29082,76.8667,75.06,23.1333,1,heldout,llambo_warmstart_polar_surface_optimizer_noprior
real_moleculenet_freesolv,llm_calibrated_selector,29082,71.4333,60.5933,28.5667,1,heldout,llm_semantic_polar_surface_optimizer_noprior
real_moleculenet_freesolv,llm_direct_prior_polar_surface_optimizer_noprior,29082,59.1333,57.8133,40.8667,0,heldout,
real_moleculenet_freesolv,llm_direct_prior_selector,29082,59.1333,57.8133,40.8667,0,heldout,llm_direct_prior_polar_surface_optimizer_noprior
real_moleculenet_freesolv,llm_semantic_polar_surface_optimizer_noprior,29082,71.4333,60.5933,28.5667,1,heldout,
real_moleculenet_freesolv,mixed_kernel_gp_ei,29082,73.0667,59.59,26.9333,1,heldout,
real_moleculenet_freesolv,target_acquisition_portfolio,29082,71.4333,58.7867,28.5667,1,heldout,
real_moleculenet_freesolv,care_strategy_router,29083,59.1333,58.9667,40.8667,0,heldout,llm_direct_prior_polar_surface_optimizer_noprior
real_moleculenet_freesolv,gp_ucb,29083,71.4333,63.02,28.5667,1,heldout,
real_moleculenet_freesolv,llambo_warmstart_polar_surface_optimizer_noprior,29083,71.4333,50.8667,28.5667,1,heldout,
real_moleculenet_freesolv,llambo_warmstart_selector,29083,71.4333,50.8667,28.5667,1,heldout,llambo_warmstart_polar_surface_optimizer_noprior
real_moleculenet_freesolv,llm_calibrated_selector,29083,68.2,59.74,31.8,0,heldout,llm_semantic_polar_surface_optimizer_noprior
real_moleculenet_freesolv,llm_direct_prior_polar_surface_optimizer_noprior,29083,59.1333,58.9667,40.8667,0,heldout,
real_moleculenet_freesolv,llm_direct_prior_selector,29083,59.1333,58.9667,40.8667,0,heldout,llm_direct_prior_polar_surface_optimizer_noprior
real_moleculenet_freesolv,llm_semantic_polar_surface_optimizer_noprior,29083,68.2,59.74,31.8,0,heldout,
real_moleculenet_freesolv,mixed_kernel_gp_ei,29083,64.0333,58.1866,35.9667,0,heldout,
real_moleculenet_freesolv,target_acquisition_portfolio,29083,71.4333,57.1667,28.5667,1,heldout,
real_moleculenet_freesolv,care_strategy_router,29084,100.0,74.8233,0.0,1,heldout,llm_direct_prior_polar_surface_optimizer_noprior
real_moleculenet_freesolv,gp_ucb,29084,64.0333,64.0333,35.9667,0,heldout,
real_moleculenet_freesolv,llambo_warmstart_polar_surface_optimizer_noprior,29084,64.0333,61.7733,35.9667,0,heldout,
real_moleculenet_freesolv,llambo_warmstart_selector,29084,64.0333,61.7733,35.9667,0,heldout,llambo_warmstart_polar_surface_optimizer_noprior
real_moleculenet_freesolv,llm_calibrated_selector,29084,71.4333,68.4733,28.5667,1,heldout,llm_semantic_polar_surface_optimizer_noprior
real_moleculenet_freesolv,llm_direct_prior_polar_surface_optimizer_noprior,29084,100.0,74.8233,0.0,1,heldout,
real_moleculenet_freesolv,llm_direct_prior_selector,29084,100.0,74.8233,0.0,1,heldout,llm_direct_prior_polar_surface_optimizer_noprior
real_moleculenet_freesolv,llm_semantic_polar_surface_optimizer_noprior,29084,71.4333,68.4733,28.5667,1,heldout,
real_moleculenet_freesolv,mixed_kernel_gp_ei,29084,64.0333,64.0333,35.9667,0,heldout,
real_moleculenet_freesolv,target_acquisition_portfolio,29084,64.0333,64.0333,35.9667,0,heldout,
real_moleculenet_freesolv,care_strategy_router,29085,76.8667,75.06,23.1333,1,heldout,llm_direct_prior_polar_surface_optimizer_noprior
real_moleculenet_freesolv,gp_ucb,29085,42.2333,42.2333,57.7667,0,heldout,
real_moleculenet_freesolv,llambo_warmstart_polar_surface_optimizer_noprior,29085,64.0333,61.2466,35.9667,0,heldout,
real_moleculenet_freesolv,llambo_warmstart_selector,29085,64.0333,61.2466,35.9667,0,heldout,llambo_warmstart_polar_surface_optimizer_noprior
real_moleculenet_freesolv,llm_calibrated_selector,29085,71.4333,58.0133,28.5667,1,heldout,llm_semantic_polar_surface_optimizer_noprior
real_moleculenet_freesolv,llm_direct_prior_polar_surface_optimizer_noprior,29085,76.8667,75.06,23.1333,1,heldout,
real_moleculenet_freesolv,llm_direct_prior_selector,29085,76.8667,75.06,23.1333,1,heldout,llm_direct_prior_polar_surface_optimizer_noprior
real_moleculenet_freesolv,llm_semantic_polar_surface_optimizer_noprior,29085,71.4333,58.0133,28.5667,1,heldout,
real_moleculenet_freesolv,mixed_kernel_gp_ei,29085,64.0333,46.8566,35.9667,0,heldout,
real_moleculenet_freesolv,target_acquisition_portfolio,29085,58.8,44.6766,41.2,0,heldout,
real_moleculenet_freesolv,care_strategy_router,29086,76.8667,76.8667,23.1333,1,heldout,llm_direct_prior_polar_surface_optimizer_noprior
real_moleculenet_freesolv,gp_ucb,29086,75.8,59.2,24.2,1,heldout,
real_moleculenet_freesolv,llambo_warmstart_polar_surface_optimizer_noprior,29086,50.1,48.6,49.9,0,heldout,
real_moleculenet_freesolv,llambo_warmstart_selector,29086,50.1,48.6,49.9,0,heldout,llambo_warmstart_polar_surface_optimizer_noprior
real_moleculenet_freesolv,llm_calibrated_selector,29086,100.0,76.5133,0.0,1,heldout,llm_semantic_polar_surface_optimizer_noprior
real_moleculenet_freesolv,llm_direct_prior_polar_surface_optimizer_noprior,29086,76.8667,76.8667,23.1333,1,heldout,
real_moleculenet_freesolv,llm_direct_prior_selector,29086,76.8667,76.8667,23.1333,1,heldout,llm_direct_prior_polar_surface_optimizer_noprior
real_moleculenet_freesolv,llm_semantic_polar_surface_optimizer_noprior,29086,100.0,76.5133,0.0,1,heldout,
real_moleculenet_freesolv,mixed_kernel_gp_ei,29086,75.8,61.07,24.2,1,heldout,
real_moleculenet_freesolv,target_acquisition_portfolio,29086,50.1,41.9667,49.9,0,heldout,
real_moleculenet_freesolv,care_strategy_router,29087,58.8,46.25,41.2,0,heldout,llm_direct_prior_polar_surface_optimizer_noprior
real_moleculenet_freesolv,gp_ucb,29087,69.4333,60.36,30.5667,1,heldout,
real_moleculenet_freesolv,llambo_warmstart_polar_surface_optimizer_noprior,29087,71.4333,65.7733,28.5667,1,heldout,
real_moleculenet_freesolv,llambo_warmstart_selector,29087,71.4333,65.7733,28.5667,1,heldout,llambo_warmstart_polar_surface_optimizer_noprior
real_moleculenet_freesolv,llm_calibrated_selector,29087,59.1333,56.1466,40.8667,0,heldout,llm_semantic_polar_surface_optimizer_noprior
real_moleculenet_freesolv,llm_direct_prior_polar_surface_optimizer_noprior,29087,58.8,46.25,41.2,0,heldout,
real_moleculenet_freesolv,llm_direct_prior_selector,29087,58.8,46.25,41.2,0,heldout,llm_direct_prior_polar_surface_optimizer_noprior
real_moleculenet_freesolv,llm_semantic_polar_surface_optimizer_noprior,29087,59.1333,56.1466,40.8667,0,heldout,
real_moleculenet_freesolv,mixed_kernel_gp_ei,29087,69.4333,60.36,30.5667,1,heldout,
real_moleculenet_freesolv,target_acquisition_portfolio,29087,79.0667,61.3233,20.9333,1,heldout,
real_moleculenet_freesolv,care_strategy_router,29088,76.8667,75.06,23.1333,1,heldout,llm_direct_prior_polar_surface_optimizer_noprior
real_moleculenet_freesolv,gp_ucb,29088,71.4333,68.7633,28.5667,1,heldout,
real_moleculenet_freesolv,llambo_warmstart_polar_surface_optimizer_noprior,29088,64.0333,60.3,35.9667,0,heldout,
real_moleculenet_freesolv,llambo_warmstart_selector,29088,64.0333,60.3,35.9667,0,heldout,llambo_warmstart_polar_surface_optimizer_noprior
real_moleculenet_freesolv,llm_calibrated_selector,29088,71.4333,62.9,28.5667,1,heldout,llm_semantic_polar_surface_optimizer_noprior
real_moleculenet_freesolv,llm_direct_prior_polar_surface_optimizer_noprior,29088,76.8667,75.06,23.1333,1,heldout,
real_moleculenet_freesolv,llm_direct_prior_selector,29088,76.8667,75.06,23.1333,1,heldout,llm_direct_prior_polar_surface_optimizer_noprior
real_moleculenet_freesolv,llm_semantic_polar_surface_optimizer_noprior,29088,71.4333,62.9,28.5667,1,heldout,
real_moleculenet_freesolv,mixed_kernel_gp_ei,29088,71.4333,68.7633,28.5667,1,heldout,
real_moleculenet_freesolv,target_acquisition_portfolio,29088,71.4333,68.7633,28.5667,1,heldout,
real_moleculenet_freesolv,care_strategy_router,29089,100.0,65.2,0.0,1,heldout,llm_direct_prior_polar_surface_optimizer_noprior
real_moleculenet_freesolv,gp_ucb,29089,40.9667,40.0733,59.0333,0,heldout,
real_moleculenet_freesolv,llambo_warmstart_polar_surface_optimizer_noprior,29089,64.0333,52.5367,35.9667,0,heldout,
real_moleculenet_freesolv,llambo_warmstart_selector,29089,64.0333,52.5367,35.9667,0,heldout,llambo_warmstart_polar_surface_optimizer_noprior
real_moleculenet_freesolv,llm_calibrated_selector,29089,71.4333,53.0233,28.5667,1,heldout,llm_semantic_polar_surface_optimizer_noprior
real_moleculenet_freesolv,llm_direct_prior_polar_surface_optimizer_noprior,29089,100.0,65.2,0.0,1,heldout,
real_moleculenet_freesolv,llm_direct_prior_selector,29089,100.0,65.2,0.0,1,heldout,llm_direct_prior_polar_surface_optimizer_noprior
real_moleculenet_freesolv,llm_semantic_polar_surface_optimizer_noprior,29089,71.4333,53.0233,28.5667,1,heldout,
real_moleculenet_freesolv,mixed_kernel_gp_ei,29089,40.9667,40.0733,59.0333,0,heldout,
real_moleculenet_freesolv,target_acquisition_portfolio,29089,53.8,48.8267,46.2,0,heldout,
real_moleculenet_freesolv,care_strategy_router,29090,59.1333,55.5733,40.8667,0,heldout,llm_direct_prior_polar_surface_optimizer_noprior
real_moleculenet_freesolv,gp_ucb,29090,50.1,42.1833,49.9,0,heldout,
real_moleculenet_freesolv,llambo_warmstart_polar_surface_optimizer_noprior,29090,58.8,50.97,41.2,0,heldout,
real_moleculenet_freesolv,llambo_warmstart_selector,29090,58.8,50.97,41.2,0,heldout,llambo_warmstart_polar_surface_optimizer_noprior
real_moleculenet_freesolv,llm_calibrated_selector,29090,100.0,76.8667,0.0,1,heldout,llm_semantic_polar_surface_optimizer_noprior
real_moleculenet_freesolv,llm_direct_prior_polar_surface_optimizer_noprior,29090,59.1333,55.5733,40.8667,0,heldout,
real_moleculenet_freesolv,llm_direct_prior_selector,29090,59.1333,55.5733,40.8667,0,heldout,llm_direct_prior_polar_surface_optimizer_noprior
real_moleculenet_freesolv,llm_semantic_polar_surface_optimizer_noprior,29090,100.0,76.8667,0.0,1,heldout,
real_moleculenet_freesolv,mixed_kernel_gp_ei,29090,49.8,43.6533,50.2,0,heldout,
real_moleculenet_freesolv,target_acquisition_portfolio,29090,52.1333,43.52,47.8667,0,heldout,
real_moleculenet_freesolv,care_strategy_router,29091,76.8667,58.5467,23.1333,1,heldout,llm_direct_prior_polar_surface_optimizer_noprior
real_moleculenet_freesolv,gp_ucb,29091,39.0667,38.8067,60.9333,0,heldout,
real_moleculenet_freesolv,llambo_warmstart_polar_surface_optimizer_noprior,29091,52.1333,50.89,47.8667,0,heldout,
real_moleculenet_freesolv,llambo_warmstart_selector,29091,52.1333,50.89,47.8667,0,heldout,llambo_warmstart_polar_surface_optimizer_noprior
real_moleculenet_freesolv,llm_calibrated_selector,29091,71.4333,57.1,28.5667,1,heldout,llm_semantic_polar_surface_optimizer_noprior
real_moleculenet_freesolv,llm_direct_prior_polar_surface_optimizer_noprior,29091,76.8667,58.5467,23.1333,1,heldout,
real_moleculenet_freesolv,llm_direct_prior_selector,29091,76.8667,58.5467,23.1333,1,heldout,llm_direct_prior_polar_surface_optimizer_noprior
real_moleculenet_freesolv,llm_semantic_polar_surface_optimizer_noprior,29091,71.4333,57.1,28.5667,1,heldout,
real_moleculenet_freesolv,mixed_kernel_gp_ei,29091,50.2667,45.6134,49.7333,0,heldout,
real_moleculenet_freesolv,target_acquisition_portfolio,29091,39.0667,38.8067,60.9333,0,heldout,
real_moleculenet_freesolv,care_strategy_router,29092,100.0,68.4733,0.0,1,heldout,llm_direct_prior_polar_surface_optimizer_noprior
real_moleculenet_freesolv,gp_ucb,29092,79.0667,54.62,20.9333,1,heldout,
real_moleculenet_freesolv,llambo_warmstart_polar_surface_optimizer_noprior,29092,71.4333,69.43,28.5667,1,heldout,
real_moleculenet_freesolv,llambo_warmstart_selector,29092,71.4333,69.43,28.5667,1,heldout,llambo_warmstart_polar_surface_optimizer_noprior
real_moleculenet_freesolv,llm_calibrated_selector,29092,100.0,87.7867,0.0,1,heldout,llm_semantic_polar_surface_optimizer_noprior
real_moleculenet_freesolv,llm_direct_prior_polar_surface_optimizer_noprior,29092,100.0,68.4733,0.0,1,heldout,
real_moleculenet_freesolv,llm_direct_prior_selector,29092,100.0,68.4733,0.0,1,heldout,llm_direct_prior_polar_surface_optimizer_noprior
real_moleculenet_freesolv,llm_semantic_polar_surface_optimizer_noprior,29092,100.0,87.7867,0.0,1,heldout,
real_moleculenet_freesolv,mixed_kernel_gp_ei,29092,69.4333,49.6633,30.5667,1,heldout,
real_moleculenet_freesolv,target_acquisition_portfolio,29092,69.4333,47.66,30.5667,1,heldout,
real_moleculenet_freesolv,care_strategy_router,29093,100.0,65.17,0.0,1,heldout,llm_direct_prior_polar_surface_optimizer_noprior
real_moleculenet_freesolv,gp_ucb,29093,76.8667,68.0934,23.1333,1,heldout,
real_moleculenet_freesolv,llambo_warmstart_polar_surface_optimizer_noprior,29093,64.0333,58.9633,35.9667,0,heldout,
real_moleculenet_freesolv,llambo_warmstart_selector,29093,64.0333,58.9633,35.9667,0,heldout,llambo_warmstart_polar_surface_optimizer_noprior
real_moleculenet_freesolv,llm_calibrated_selector,29093,58.8,53.5367,41.2,0,heldout,llm_semantic_polar_surface_optimizer_noprior
real_moleculenet_freesolv,llm_direct_prior_polar_surface_optimizer_noprior,29093,100.0,65.17,0.0,1,heldout,
real_moleculenet_freesolv,llm_direct_prior_selector,29093,100.0,65.17,0.0,1,heldout,llm_direct_prior_polar_surface_optimizer_noprior
real_moleculenet_freesolv,llm_semantic_polar_surface_optimizer_noprior,29093,58.8,53.5367,41.2,0,heldout,
real_moleculenet_freesolv,mixed_kernel_gp_ei,29093,76.8667,68.0934,23.1333,1,heldout,
real_moleculenet_freesolv,target_acquisition_portfolio,29093,76.8667,68.0934,23.1333,1,heldout,
real_moleculenet_freesolv,care_strategy_router,29094,100.0,55.0967,0.0,1,heldout,llm_direct_prior_polar_surface_optimizer_noprior
real_moleculenet_freesolv,gp_ucb,29094,49.4,41.84,50.6,0,heldout,
real_moleculenet_freesolv,llambo_warmstart_polar_surface_optimizer_noprior,29094,59.1333,59.1333,40.8667,0,heldout,
real_moleculenet_freesolv,llambo_warmstart_selector,29094,59.1333,59.1333,40.8667,0,heldout,llambo_warmstart_polar_surface_optimizer_noprior
real_moleculenet_freesolv,llm_calibrated_selector,29094,71.4333,54.71,28.5667,1,heldout,llm_semantic_polar_surface_optimizer_noprior
real_moleculenet_freesolv,llm_direct_prior_polar_surface_optimizer_noprior,29094,100.0,55.0967,0.0,1,heldout,
real_moleculenet_freesolv,llm_direct_prior_selector,29094,100.0,55.0967,0.0,1,heldout,llm_direct_prior_polar_surface_optimizer_noprior
real_moleculenet_freesolv,llm_semantic_polar_surface_optimizer_noprior,29094,71.4333,54.71,28.5667,1,heldout,
real_moleculenet_freesolv,mixed_kernel_gp_ei,29094,49.8,42.6266,50.2,0,heldout,
real_moleculenet_freesolv,target_acquisition_portfolio,29094,44.7,43.2567,55.3,0,heldout,
real_moleculenet_freesolv,care_strategy_router,29095,76.8667,71.4467,23.1333,1,heldout,llm_direct_prior_polar_surface_optimizer_noprior
real_moleculenet_freesolv,gp_ucb,29095,52.1333,46.96,47.8667,0,heldout,
real_moleculenet_freesolv,llambo_warmstart_polar_surface_optimizer_noprior,29095,71.4333,58.6933,28.5667,1,heldout,
real_moleculenet_freesolv,llambo_warmstart_selector,29095,71.4333,58.6933,28.5667,1,heldout,llambo_warmstart_polar_surface_optimizer_noprior
real_moleculenet_freesolv,llm_calibrated_selector,29095,58.8,58.8,41.2,0,heldout,llm_semantic_polar_surface_optimizer_noprior
real_moleculenet_freesolv,llm_direct_prior_polar_surface_optimizer_noprior,29095,76.8667,71.4467,23.1333,1,heldout,
real_moleculenet_freesolv,llm_direct_prior_selector,29095,76.8667,71.4467,23.1333,1,heldout,llm_direct_prior_polar_surface_optimizer_noprior
real_moleculenet_freesolv,llm_semantic_polar_surface_optimizer_noprior,29095,58.8,58.8,41.2,0,heldout,
real_moleculenet_freesolv,mixed_kernel_gp_ei,29095,64.0333,55.5367,35.9667,0,heldout,
real_moleculenet_freesolv,target_acquisition_portfolio,29095,64.0333,57.73,35.9667,0,heldout,
real_moleculenet_freesolv,care_strategy_router,29096,100.0,69.0233,0.0,1,heldout,llm_direct_prior_polar_surface_optimizer_noprior
real_moleculenet_freesolv,gp_ucb,29096,36.2667,35.8267,63.7333,0,heldout,
real_moleculenet_freesolv,llambo_warmstart_polar_surface_optimizer_noprior,29096,64.0333,60.5666,35.9667,0,heldout,
real_moleculenet_freesolv,llambo_warmstart_selector,29096,64.0333,60.5666,35.9667,0,heldout,llambo_warmstart_polar_surface_optimizer_noprior
real_moleculenet_freesolv,llm_calibrated_selector,29096,58.8,52.39,41.2,0,heldout,llm_semantic_polar_surface_optimizer_noprior
real_moleculenet_freesolv,llm_direct_prior_polar_surface_optimizer_noprior,29096,100.0,69.0233,0.0,1,heldout,
real_moleculenet_freesolv,llm_direct_prior_selector,29096,100.0,69.0233,0.0,1,heldout,llm_direct_prior_polar_surface_optimizer_noprior
real_moleculenet_freesolv,llm_semantic_polar_surface_optimizer_noprior,29096,58.8,52.39,41.2,0,heldout,
real_moleculenet_freesolv,mixed_kernel_gp_ei,29096,76.8667,49.6,23.1333,1,heldout,
real_moleculenet_freesolv,target_acquisition_portfolio,29096,52.6,41.8533,47.4,0,heldout,
real_moleculenet_freesolv,care_strategy_router,29097,76.8667,72.4067,23.1333,1,heldout,llm_direct_prior_polar_surface_optimizer_noprior
real_moleculenet_freesolv,gp_ucb,29097,79.0667,77.1067,20.9333,1,heldout,
real_moleculenet_freesolv,llambo_warmstart_polar_surface_optimizer_noprior,29097,79.0667,71.7533,20.9333,1,heldout,
real_moleculenet_freesolv,llambo_warmstart_selector,29097,79.0667,71.7533,20.9333,1,heldout,llambo_warmstart_polar_surface_optimizer_noprior
real_moleculenet_freesolv,llm_calibrated_selector,29097,69.4333,69.4333,30.5667,1,heldout,llm_semantic_polar_surface_optimizer_noprior
real_moleculenet_freesolv,llm_direct_prior_polar_surface_optimizer_noprior,29097,76.8667,72.4067,23.1333,1,heldout,
real_moleculenet_freesolv,llm_direct_prior_selector,29097,76.8667,72.4067,23.1333,1,heldout,llm_direct_prior_polar_surface_optimizer_noprior
real_moleculenet_freesolv,llm_semantic_polar_surface_optimizer_noprior,29097,69.4333,69.4333,30.5667,1,heldout,
real_moleculenet_freesolv,mixed_kernel_gp_ei,29097,75.8,75.8,24.2,1,heldout,
real_moleculenet_freesolv,target_acquisition_portfolio,29097,79.0667,77.7833,20.9333,1,heldout,
real_moleculenet_freesolv,care_strategy_router,29098,76.8667,76.8667,23.1333,1,heldout,llm_direct_prior_polar_surface_optimizer_noprior
real_moleculenet_freesolv,gp_ucb,29098,79.0667,70.5767,20.9333,1,heldout,
real_moleculenet_freesolv,llambo_warmstart_polar_surface_optimizer_noprior,29098,69.4333,65.6,30.5667,1,heldout,
real_moleculenet_freesolv,llambo_warmstart_selector,29098,69.4333,65.6,30.5667,1,heldout,llambo_warmstart_polar_surface_optimizer_noprior
real_moleculenet_freesolv,llm_calibrated_selector,29098,76.8667,76.8667,23.1333,1,heldout,llm_semantic_polar_surface_optimizer_noprior
real_moleculenet_freesolv,llm_direct_prior_polar_surface_optimizer_noprior,29098,76.8667,76.8667,23.1333,1,heldout,
real_moleculenet_freesolv,llm_direct_prior_selector,29098,76.8667,76.8667,23.1333,1,heldout,llm_direct_prior_polar_surface_optimizer_noprior
real_moleculenet_freesolv,llm_semantic_polar_surface_optimizer_noprior,29098,76.8667,76.8667,23.1333,1,heldout,
real_moleculenet_freesolv,mixed_kernel_gp_ei,29098,69.4333,65.4666,30.5667,1,heldout,
real_moleculenet_freesolv,target_acquisition_portfolio,29098,79.0667,71.2933,20.9333,1,heldout,
real_moleculenet_freesolv,care_strategy_router,29099,59.1333,57.8933,40.8667,0,heldout,llm_direct_prior_polar_surface_optimizer_noprior
real_moleculenet_freesolv,gp_ucb,29099,64.0333,60.2433,35.9667,0,heldout,
real_moleculenet_freesolv,llambo_warmstart_polar_surface_optimizer_noprior,29099,64.0333,63.51,35.9667,0,heldout,
real_moleculenet_freesolv,llambo_warmstart_selector,29099,64.0333,63.51,35.9667,0,heldout,llambo_warmstart_polar_surface_optimizer_noprior
real_moleculenet_freesolv,llm_calibrated_selector,29099,71.4333,66.8933,28.5667,1,heldout,llm_semantic_polar_surface_optimizer_noprior
real_moleculenet_freesolv,llm_direct_prior_polar_surface_optimizer_noprior,29099,59.1333,57.8933,40.8667,0,heldout,
real_moleculenet_freesolv,llm_direct_prior_selector,29099,59.1333,57.8933,40.8667,0,heldout,llm_direct_prior_polar_surface_optimizer_noprior
real_moleculenet_freesolv,llm_semantic_polar_surface_optimizer_noprior,29099,71.4333,66.8933,28.5667,1,heldout,
real_moleculenet_freesolv,mixed_kernel_gp_ei,29099,68.2,67.03,31.8,0,heldout,
real_moleculenet_freesolv,target_acquisition_portfolio,29099,68.2,67.03,31.8,0,heldout,
real_moleculenet_freesolv,care_strategy_router,29100,100.0,78.42,0.0,1,heldout,llm_direct_prior_polar_surface_optimizer_noprior
real_moleculenet_freesolv,gp_ucb,29100,71.4333,65.5133,28.5667,1,heldout,
real_moleculenet_freesolv,llambo_warmstart_polar_surface_optimizer_noprior,29100,79.0667,63.1866,20.9333,1,heldout,
real_moleculenet_freesolv,llambo_warmstart_selector,29100,79.0667,63.1866,20.9333,1,heldout,llambo_warmstart_polar_surface_optimizer_noprior
real_moleculenet_freesolv,llm_calibrated_selector,29100,71.4333,68.4733,28.5667,1,heldout,llm_semantic_polar_surface_optimizer_noprior
real_moleculenet_freesolv,llm_direct_prior_polar_surface_optimizer_noprior,29100,100.0,78.42,0.0,1,heldout,
real_moleculenet_freesolv,llm_direct_prior_selector,29100,100.0,78.42,0.0,1,heldout,llm_direct_prior_polar_surface_optimizer_noprior
real_moleculenet_freesolv,llm_semantic_polar_surface_optimizer_noprior,29100,71.4333,68.4733,28.5667,1,heldout,
real_moleculenet_freesolv,mixed_kernel_gp_ei,29100,64.0333,64.0333,35.9667,0,heldout,
real_moleculenet_freesolv,target_acquisition_portfolio,29100,64.0333,64.0333,35.9667,0,heldout,
real_moleculenet_freesolv,care_strategy_router,29101,58.8,52.75,41.2,0,heldout,llm_direct_prior_polar_surface_optimizer_noprior
real_moleculenet_freesolv,gp_ucb,29101,71.4333,62.8233,28.5667,1,heldout,
real_moleculenet_freesolv,llambo_warmstart_polar_surface_optimizer_noprior,29101,68.2,64.6133,31.8,0,heldout,
real_moleculenet_freesolv,llambo_warmstart_selector,29101,68.2,64.6133,31.8,0,heldout,llambo_warmstart_polar_surface_optimizer_noprior
real_moleculenet_freesolv,llm_calibrated_selector,29101,59.1333,55.4033,40.8667,0,heldout,llm_semantic_polar_surface_optimizer_noprior
real_moleculenet_freesolv,llm_direct_prior_polar_surface_optimizer_noprior,29101,58.8,52.75,41.2,0,heldout,
real_moleculenet_freesolv,llm_direct_prior_selector,29101,58.8,52.75,41.2,0,heldout,llm_direct_prior_polar_surface_optimizer_noprior
real_moleculenet_freesolv,llm_semantic_polar_surface_optimizer_noprior,29101,59.1333,55.4033,40.8667,0,heldout,
real_moleculenet_freesolv,mixed_kernel_gp_ei,29101,59.1333,59.1333,40.8667,0,heldout,
real_moleculenet_freesolv,target_acquisition_portfolio,29101,71.4333,61.5933,28.5667,1,heldout,
real_moleculenet_freesolv,care_strategy_router,29102,100.0,60.23,0.0,1,heldout,llm_direct_prior_polar_surface_optimizer_noprior
real_moleculenet_freesolv,gp_ucb,29102,53.3333,49.52,46.6667,0,heldout,
real_moleculenet_freesolv,llambo_warmstart_polar_surface_optimizer_noprior,29102,64.0333,63.51,35.9667,0,heldout,
real_moleculenet_freesolv,llambo_warmstart_selector,29102,64.0333,63.51,35.9667,0,heldout,llambo_warmstart_polar_surface_optimizer_noprior
real_moleculenet_freesolv,llm_calibrated_selector,29102,58.8,47.28,41.2,0,heldout,llm_semantic_polar_surface_optimizer_noprior
real_moleculenet_freesolv,llm_direct_prior_polar_surface_optimizer_noprior,29102,100.0,60.23,0.0,1,heldout,
real_moleculenet_freesolv,llm_direct_prior_selector,29102,100.0,60.23,0.0,1,heldout,llm_direct_prior_polar_surface_optimizer_noprior
real_moleculenet_freesolv,llm_semantic_polar_surface_optimizer_noprior,29102,58.8,47.28,41.2,0,heldout,
real_moleculenet_freesolv,mixed_kernel_gp_ei,29102,49.2,47.4267,50.8,0,heldout,
real_moleculenet_freesolv,target_acquisition_portfolio,29102,49.2,47.4267,50.8,0,heldout,
real_moleculenet_freesolv,care_strategy_router,29103,76.8667,72.88,23.1333,1,heldout,llm_direct_prior_polar_surface_optimizer_noprior
real_moleculenet_freesolv,gp_ucb,29103,42.1,35.2967,57.9,0,heldout,
real_moleculenet_freesolv,llambo_warmstart_polar_surface_optimizer_noprior,29103,69.4333,65.6,30.5667,1,heldout,
real_moleculenet_freesolv,llambo_warmstart_selector,29103,69.4333,65.6,30.5667,1,heldout,llambo_warmstart_polar_surface_optimizer_noprior
real_moleculenet_freesolv,llm_calibrated_selector,29103,59.1333,54.7066,40.8667,0,heldout,llm_semantic_polar_surface_optimizer_noprior
real_moleculenet_freesolv,llm_direct_prior_polar_surface_optimizer_noprior,29103,76.8667,72.88,23.1333,1,heldout,
real_moleculenet_freesolv,llm_direct_prior_selector,29103,76.8667,72.88,23.1333,1,heldout,llm_direct_prior_polar_surface_optimizer_noprior
real_moleculenet_freesolv,llm_semantic_polar_surface_optimizer_noprior,29103,59.1333,54.7066,40.8667,0,heldout,
real_moleculenet_freesolv,mixed_kernel_gp_ei,29103,71.4333,47.85,28.5667,1,heldout,
real_moleculenet_freesolv,target_acquisition_portfolio,29103,71.4333,46.6967,28.5667,1,heldout,
real_moleculenet_freesolv,care_strategy_router,29104,100.0,68.56,0.0,1,heldout,llm_direct_prior_polar_surface_optimizer_noprior
real_moleculenet_freesolv,gp_ucb,29104,47.6,47.6,52.4,0,heldout,
real_moleculenet_freesolv,llambo_warmstart_polar_surface_optimizer_noprior,29104,64.0333,60.3,35.9667,0,heldout,
real_moleculenet_freesolv,llambo_warmstart_selector,29104,64.0333,60.3,35.9667,0,heldout,llambo_warmstart_polar_surface_optimizer_noprior
real_moleculenet_freesolv,llm_calibrated_selector,29104,79.0667,58.26,20.9333,1,heldout,llm_semantic_polar_surface_optimizer_noprior
real_moleculenet_freesolv,llm_direct_prior_polar_surface_optimizer_noprior,29104,100.0,68.56,0.0,1,heldout,
real_moleculenet_freesolv,llm_direct_prior_selector,29104,100.0,68.56,0.0,1,heldout,llm_direct_prior_polar_surface_optimizer_noprior
real_moleculenet_freesolv,llm_semantic_polar_surface_optimizer_noprior,29104,79.0667,58.26,20.9333,1,heldout,
real_moleculenet_freesolv,mixed_kernel_gp_ei,29104,47.6667,47.6534,52.3333,0,heldout,
real_moleculenet_freesolv,target_acquisition_portfolio,29104,47.6667,47.6334,52.3333,0,heldout,
real_moleculenet_freesolv,care_strategy_router,29105,76.8667,76.8667,23.1333,1,heldout,llm_direct_prior_polar_surface_optimizer_noprior
real_moleculenet_freesolv,gp_ucb,29105,64.0333,52.57,35.9667,0,heldout,
real_moleculenet_freesolv,llambo_warmstart_polar_surface_optimizer_noprior,29105,71.4333,55.9333,28.5667,1,heldout,
real_moleculenet_freesolv,llambo_warmstart_selector,29105,71.4333,55.9333,28.5667,1,heldout,llambo_warmstart_polar_surface_optimizer_noprior
real_moleculenet_freesolv,llm_calibrated_selector,29105,100.0,87.7867,0.0,1,heldout,llm_semantic_polar_surface_optimizer_noprior
real_moleculenet_freesolv,llm_direct_prior_polar_surface_optimizer_noprior,29105,76.8667,76.8667,23.1333,1,heldout,
real_moleculenet_freesolv,llm_direct_prior_selector,29105,76.8667,76.8667,23.1333,1,heldout,llm_direct_prior_polar_surface_optimizer_noprior
real_moleculenet_freesolv,llm_semantic_polar_surface_optimizer_noprior,29105,100.0,87.7867,0.0,1,heldout,
real_moleculenet_freesolv,mixed_kernel_gp_ei,29105,64.0333,50.4933,35.9667,0,heldout,
real_moleculenet_freesolv,target_acquisition_portfolio,29105,64.0333,50.4933,35.9667,0,heldout,
real_moleculenet_freesolv,care_strategy_router,29106,100.0,86.72,0.0,1,heldout,llm_direct_prior_polar_surface_optimizer_noprior
real_moleculenet_freesolv,gp_ucb,29106,58.8,42.0034,41.2,0,heldout,
real_moleculenet_freesolv,llambo_warmstart_polar_surface_optimizer_noprior,29106,47.6667,47.6534,52.3333,0,heldout,
real_moleculenet_freesolv,llambo_warmstart_selector,29106,47.6667,47.6534,52.3333,0,heldout,llambo_warmstart_polar_surface_optimizer_noprior
real_moleculenet_freesolv,llm_calibrated_selector,29106,100.0,80.3467,0.0,1,heldout,llm_semantic_polar_surface_optimizer_noprior
real_moleculenet_freesolv,llm_direct_prior_polar_surface_optimizer_noprior,29106,100.0,86.72,0.0,1,heldout,
real_moleculenet_freesolv,llm_direct_prior_selector,29106,100.0,86.72,0.0,1,heldout,llm_direct_prior_polar_surface_optimizer_noprior
real_moleculenet_freesolv,llm_semantic_polar_surface_optimizer_noprior,29106,100.0,80.3467,0.0,1,heldout,
real_moleculenet_freesolv,mixed_kernel_gp_ei,29106,50.1,39.75,49.9,0,heldout,
real_moleculenet_freesolv,target_acquisition_portfolio,29106,76.8667,48.54,23.1333,1,heldout,
real_moleculenet_freesolv,care_strategy_router,29107,76.8667,71.4467,23.1333,1,heldout,llm_direct_prior_polar_surface_optimizer_noprior
real_moleculenet_freesolv,gp_ucb,29107,76.8667,54.9033,23.1333,1,heldout,
real_moleculenet_freesolv,llambo_warmstart_polar_surface_optimizer_noprior,29107,52.1333,50.8533,47.8667,0,heldout,
real_moleculenet_freesolv,llambo_warmstart_selector,29107,52.1333,50.8533,47.8667,0,heldout,llambo_warmstart_polar_surface_optimizer_noprior
real_moleculenet_freesolv,llm_calibrated_selector,29107,58.8,53.2933,41.2,0,heldout,llm_semantic_polar_surface_optimizer_noprior
real_moleculenet_freesolv,llm_direct_prior_polar_surface_optimizer_noprior,29107,76.8667,71.4467,23.1333,1,heldout,
real_moleculenet_freesolv,llm_direct_prior_selector,29107,76.8667,71.4467,23.1333,1,heldout,llm_direct_prior_polar_surface_optimizer_noprior
real_moleculenet_freesolv,llm_semantic_polar_surface_optimizer_noprior,29107,58.8,53.2933,41.2,0,heldout,
real_moleculenet_freesolv,mixed_kernel_gp_ei,29107,100.0,76.8933,0.0,1,heldout,
real_moleculenet_freesolv,target_acquisition_portfolio,29107,100.0,76.8933,0.0,1,heldout,
real_moleculenet_freesolv,care_strategy_router,29108,59.1333,57.28,40.8667,0,heldout,llm_direct_prior_polar_surface_optimizer_noprior
real_moleculenet_freesolv,gp_ucb,29108,69.4333,61.59,30.5667,1,heldout,
real_moleculenet_freesolv,llambo_warmstart_polar_surface_optimizer_noprior,29108,59.1333,59.1333,40.8667,0,heldout,
real_moleculenet_freesolv,llambo_warmstart_selector,29108,59.1333,59.1333,40.8667,0,heldout,llambo_warmstart_polar_surface_optimizer_noprior
real_moleculenet_freesolv,llm_calibrated_selector,29108,71.4333,68.55,28.5667,1,heldout,llm_semantic_polar_surface_optimizer_noprior
real_moleculenet_freesolv,llm_direct_prior_polar_surface_optimizer_noprior,29108,59.1333,57.28,40.8667,0,heldout,
real_moleculenet_freesolv,llm_direct_prior_selector,29108,59.1333,57.28,40.8667,0,heldout,llm_direct_prior_polar_surface_optimizer_noprior
real_moleculenet_freesolv,llm_semantic_polar_surface_optimizer_noprior,29108,71.4333,68.55,28.5667,1,heldout,
real_moleculenet_freesolv,mixed_kernel_gp_ei,29108,69.4333,61.59,30.5667,1,heldout,
real_moleculenet_freesolv,target_acquisition_portfolio,29108,68.2,63.38,31.8,0,heldout,
real_moleculenet_freesolv,care_strategy_router,29109,76.8667,76.8667,23.1333,1,heldout,llm_direct_prior_polar_surface_optimizer_noprior
real_moleculenet_freesolv,gp_ucb,29109,73.0667,56.8233,26.9333,1,heldout,
real_moleculenet_freesolv,llambo_warmstart_polar_surface_optimizer_noprior,29109,64.0333,61.2466,35.9667,0,heldout,
real_moleculenet_freesolv,llambo_warmstart_selector,29109,64.0333,61.2466,35.9667,0,heldout,llambo_warmstart_polar_surface_optimizer_noprior
real_moleculenet_freesolv,llm_calibrated_selector,29109,100.0,80.36,0.0,1,heldout,llm_semantic_polar_surface_optimizer_noprior
real_moleculenet_freesolv,llm_direct_prior_polar_surface_optimizer_noprior,29109,76.8667,76.8667,23.1333,1,heldout,
real_moleculenet_freesolv,llm_direct_prior_selector,29109,76.8667,76.8667,23.1333,1,heldout,llm_direct_prior_polar_surface_optimizer_noprior
real_moleculenet_freesolv,llm_semantic_polar_surface_optimizer_noprior,29109,100.0,80.36,0.0,1,heldout,
real_moleculenet_freesolv,mixed_kernel_gp_ei,29109,50.9,50.9,49.1,0,heldout,
real_moleculenet_freesolv,target_acquisition_portfolio,29109,50.9,50.9,49.1,0,heldout,
real_moleculenet_freesolv,care_strategy_router,29110,100.0,59.5067,0.0,1,heldout,llm_direct_prior_polar_surface_optimizer_noprior
real_moleculenet_freesolv,gp_ucb,29110,64.0333,59.9033,35.9667,0,heldout,
real_moleculenet_freesolv,llambo_warmstart_polar_surface_optimizer_noprior,29110,79.0667,62.65,20.9333,1,heldout,
real_moleculenet_freesolv,llambo_warmstart_selector,29110,79.0667,62.65,20.9333,1,heldout,llambo_warmstart_polar_surface_optimizer_noprior
real_moleculenet_freesolv,llm_calibrated_selector,29110,71.4333,67.0966,28.5667,1,heldout,llm_semantic_polar_surface_optimizer_noprior
real_moleculenet_freesolv,llm_direct_prior_polar_surface_optimizer_noprior,29110,100.0,59.5067,0.0,1,heldout,
real_moleculenet_freesolv,llm_direct_prior_selector,29110,100.0,59.5067,0.0,1,heldout,llm_direct_prior_polar_surface_optimizer_noprior
real_moleculenet_freesolv,llm_semantic_polar_surface_optimizer_noprior,29110,71.4333,67.0966,28.5667,1,heldout,
real_moleculenet_freesolv,mixed_kernel_gp_ei,29110,64.0333,58.5267,35.9667,0,heldout,
real_moleculenet_freesolv,target_acquisition_portfolio,29110,79.0667,68.5,20.9333,1,heldout,
real_moleculenet_freesolv,care_strategy_router,29111,100.0,95.0733,0.0,1,heldout,llm_direct_prior_polar_surface_optimizer_noprior
real_moleculenet_freesolv,gp_ucb,29111,79.0667,73.6367,20.9333,1,heldout,
real_moleculenet_freesolv,llambo_warmstart_polar_surface_optimizer_noprior,29111,76.8667,76.8667,23.1333,1,heldout,
real_moleculenet_freesolv,llambo_warmstart_selector,29111,76.8667,76.8667,23.1333,1,heldout,llambo_warmstart_polar_surface_optimizer_noprior
real_moleculenet_freesolv,llm_calibrated_selector,29111,79.0667,73.2867,20.9333,1,heldout,llm_semantic_polar_surface_optimizer_noprior
real_moleculenet_freesolv,llm_direct_prior_polar_surface_optimizer_noprior,29111,100.0,95.0733,0.0,1,heldout,
real_moleculenet_freesolv,llm_direct_prior_selector,29111,100.0,95.0733,0.0,1,heldout,llm_direct_prior_polar_surface_optimizer_noprior
real_moleculenet_freesolv,llm_semantic_polar_surface_optimizer_noprior,29111,79.0667,73.2867,20.9333,1,heldout,
real_moleculenet_freesolv,mixed_kernel_gp_ei,29111,75.8,72.6567,24.2,1,heldout,
real_moleculenet_freesolv,target_acquisition_portfolio,29111,79.0667,74.3533,20.9333,1,heldout,
real_moleculenet_freesolv,care_strategy_router,29112,100.0,68.1833,0.0,1,heldout,llm_direct_prior_polar_surface_optimizer_noprior
real_moleculenet_freesolv,gp_ucb,29112,49.8,42.0266,50.2,0,heldout,
real_moleculenet_freesolv,llambo_warmstart_polar_surface_optimizer_noprior,29112,64.0333,61.2466,35.9667,0,heldout,
real_moleculenet_freesolv,llambo_warmstart_selector,29112,64.0333,61.2466,35.9667,0,heldout,llambo_warmstart_polar_surface_optimizer_noprior
real_moleculenet_freesolv,llm_calibrated_selector,29112,71.4333,59.5833,28.5667,1,heldout,llm_semantic_polar_surface_optimizer_noprior
real_moleculenet_freesolv,llm_direct_prior_polar_surface_optimizer_noprior,29112,100.0,68.1833,0.0,1,heldout,
real_moleculenet_freesolv,llm_direct_prior_selector,29112,100.0,68.1833,0.0,1,heldout,llm_direct_prior_polar_surface_optimizer_noprior
real_moleculenet_freesolv,llm_semantic_polar_surface_optimizer_noprior,29112,71.4333,59.5833,28.5667,1,heldout,
real_moleculenet_freesolv,mixed_kernel_gp_ei,29112,42.1,41.31,57.9,0,heldout,
real_moleculenet_freesolv,target_acquisition_portfolio,29112,42.1,40.56,57.9,0,heldout,
real_moleculenet_freesolv,care_strategy_router,29113,100.0,77.64,0.0,1,heldout,llm_direct_prior_polar_surface_optimizer_noprior
real_moleculenet_freesolv,gp_ucb,29113,79.0667,73.31,20.9333,1,heldout,
real_moleculenet_freesolv,llambo_warmstart_polar_surface_optimizer_noprior,29113,64.0333,57.96,35.9667,0,heldout,
real_moleculenet_freesolv,llambo_warmstart_selector,29113,64.0333,57.96,35.9667,0,heldout,llambo_warmstart_polar_surface_optimizer_noprior
real_moleculenet_freesolv,llm_calibrated_selector,29113,100.0,64.2267,0.0,1,heldout,llm_semantic_polar_surface_optimizer_noprior
real_moleculenet_freesolv,llm_direct_prior_polar_surface_optimizer_noprior,29113,100.0,77.64,0.0,1,heldout,
real_moleculenet_freesolv,llm_direct_prior_selector,29113,100.0,77.64,0.0,1,heldout,llm_direct_prior_polar_surface_optimizer_noprior
real_moleculenet_freesolv,llm_semantic_polar_surface_optimizer_noprior,29113,100.0,64.2267,0.0,1,heldout,
real_moleculenet_freesolv,mixed_kernel_gp_ei,29113,75.8,72.6567,24.2,1,heldout,
real_moleculenet_freesolv,target_acquisition_portfolio,29113,79.0667,74.3533,20.9333,1,heldout,
real_moleculenet_freesolv,care_strategy_router,29114,76.8667,75.06,23.1333,1,heldout,llm_direct_prior_polar_surface_optimizer_noprior
real_moleculenet_freesolv,gp_ucb,29114,71.4333,69.36,28.5667,1,heldout,
real_moleculenet_freesolv,llambo_warmstart_polar_surface_optimizer_noprior,29114,100.0,100.0,0.0,1,heldout,
real_moleculenet_freesolv,llambo_warmstart_selector,29114,100.0,100.0,0.0,1,heldout,llambo_warmstart_polar_surface_optimizer_noprior
real_moleculenet_freesolv,llm_calibrated_selector,29114,58.8,58.8,41.2,0,heldout,llm_semantic_polar_surface_optimizer_noprior
real_moleculenet_freesolv,llm_direct_prior_polar_surface_optimizer_noprior,29114,76.8667,75.06,23.1333,1,heldout,
real_moleculenet_freesolv,llm_direct_prior_selector,29114,76.8667,75.06,23.1333,1,heldout,llm_direct_prior_polar_surface_optimizer_noprior
real_moleculenet_freesolv,llm_semantic_polar_surface_optimizer_noprior,29114,58.8,58.8,41.2,0,heldout,
real_moleculenet_freesolv,mixed_kernel_gp_ei,29114,71.4333,69.36,28.5667,1,heldout,
real_moleculenet_freesolv,target_acquisition_portfolio,29114,71.4333,69.36,28.5667,1,heldout,
real_moleculenet_freesolv,care_strategy_router,29115,100.0,67.7933,0.0,1,heldout,llm_direct_prior_polar_surface_optimizer_noprior
real_moleculenet_freesolv,gp_ucb,29115,38.3333,36.0933,61.6667,0,heldout,
real_moleculenet_freesolv,llambo_warmstart_polar_surface_optimizer_noprior,29115,64.0333,63.51,35.9667,0,heldout,
real_moleculenet_freesolv,llambo_warmstart_selector,29115,64.0333,63.51,35.9667,0,heldout,llambo_warmstart_polar_surface_optimizer_noprior
real_moleculenet_freesolv,llm_calibrated_selector,29115,71.4333,53.9333,28.5667,1,heldout,llm_semantic_polar_surface_optimizer_noprior
real_moleculenet_freesolv,llm_direct_prior_polar_surface_optimizer_noprior,29115,100.0,67.7933,0.0,1,heldout,
real_moleculenet_freesolv,llm_direct_prior_selector,29115,100.0,67.7933,0.0,1,heldout,llm_direct_prior_polar_surface_optimizer_noprior
real_moleculenet_freesolv,llm_semantic_polar_surface_optimizer_noprior,29115,71.4333,53.9333,28.5667,1,heldout,
real_moleculenet_freesolv,mixed_kernel_gp_ei,29115,44.7,43.5833,55.3,0,heldout,
real_moleculenet_freesolv,target_acquisition_portfolio,29115,44.7,44.3633,55.3,0,heldout,
real_moleculenet_freesolv,care_strategy_router,29116,76.8667,75.06,23.1333,1,heldout,llm_direct_prior_polar_surface_optimizer_noprior
real_moleculenet_freesolv,gp_ucb,29116,58.8,50.97,41.2,0,heldout,
real_moleculenet_freesolv,llambo_warmstart_polar_surface_optimizer_noprior,29116,69.4333,65.6,30.5667,1,heldout,
real_moleculenet_freesolv,llambo_warmstart_selector,29116,69.4333,65.6,30.5667,1,heldout,llambo_warmstart_polar_surface_optimizer_noprior
real_moleculenet_freesolv,llm_calibrated_selector,29116,58.8,53.4133,41.2,0,heldout,llm_semantic_polar_surface_optimizer_noprior
real_moleculenet_freesolv,llm_direct_prior_polar_surface_optimizer_noprior,29116,76.8667,75.06,23.1333,1,heldout,
real_moleculenet_freesolv,llm_direct_prior_selector,29116,76.8667,75.06,23.1333,1,heldout,llm_direct_prior_polar_surface_optimizer_noprior
real_moleculenet_freesolv,llm_semantic_polar_surface_optimizer_noprior,29116,58.8,53.4133,41.2,0,heldout,
real_moleculenet_freesolv,mixed_kernel_gp_ei,29116,76.8667,55.6567,23.1333,1,heldout,
real_moleculenet_freesolv,target_acquisition_portfolio,29116,76.8667,54.2267,23.1333,1,heldout,
real_moleculenet_freesolv,care_strategy_router,29117,58.8,47.0567,41.2,0,heldout,llm_direct_prior_polar_surface_optimizer_noprior
real_moleculenet_freesolv,gp_ucb,29117,53.8,49.46,46.2,0,heldout,
real_moleculenet_freesolv,llambo_warmstart_polar_surface_optimizer_noprior,29117,64.0333,61.2466,35.9667,0,heldout,
real_moleculenet_freesolv,llambo_warmstart_selector,29117,64.0333,61.2466,35.9667,0,heldout,llambo_warmstart_polar_surface_optimizer_noprior
real_moleculenet_freesolv,llm_calibrated_selector,29117,100.0,77.3067,0.0,1,heldout,llm_semantic_polar_surface_optimizer_noprior
real_moleculenet_freesolv,llm_direct_prior_polar_surface_optimizer_noprior,29117,58.8,47.0567,41.2,0,heldout,
real_moleculenet_freesolv,llm_direct_prior_selector,29117,58.8,47.0567,41.2,0,heldout,llm_direct_prior_polar_surface_optimizer_noprior
real_moleculenet_freesolv,llm_semantic_polar_surface_optimizer_noprior,29117,100.0,77.3067,0.0,1,heldout,
real_moleculenet_freesolv,mixed_kernel_gp_ei,29117,69.4333,56.3933,30.5667,1,heldout,
real_moleculenet_freesolv,target_acquisition_portfolio,29117,53.8,49.46,46.2,0,heldout,
real_moleculenet_freesolv,care_strategy_router,29118,100.0,62.6067,0.0,1,heldout,llm_direct_prior_polar_surface_optimizer_noprior
real_moleculenet_freesolv,gp_ucb,29118,47.8,43.47,52.2,0,heldout,
real_moleculenet_freesolv,llambo_warmstart_polar_surface_optimizer_noprior,29118,100.0,100.0,0.0,1,heldout,
real_moleculenet_freesolv,llambo_warmstart_selector,29118,100.0,100.0,0.0,1,heldout,llambo_warmstart_polar_surface_optimizer_noprior
real_moleculenet_freesolv,llm_calibrated_selector,29118,71.4333,54.2666,28.5667,1,heldout,llm_semantic_polar_surface_optimizer_noprior
real_moleculenet_freesolv,llm_direct_prior_polar_surface_optimizer_noprior,29118,100.0,62.6067,0.0,1,heldout,
real_moleculenet_freesolv,llm_direct_prior_selector,29118,100.0,62.6067,0.0,1,heldout,llm_direct_prior_polar_surface_optimizer_noprior
real_moleculenet_freesolv,llm_semantic_polar_surface_optimizer_noprior,29118,71.4333,54.2666,28.5667,1,heldout,
real_moleculenet_freesolv,mixed_kernel_gp_ei,29118,42.1,41.76,57.9,0,heldout,
real_moleculenet_freesolv,target_acquisition_portfolio,29118,49.4,44.3533,50.6,0,heldout,
real_moleculenet_freesolv,care_strategy_router,29119,59.1333,56.34,40.8667,0,heldout,llm_direct_prior_polar_surface_optimizer_noprior
real_moleculenet_freesolv,gp_ucb,29119,59.1333,59.1333,40.8667,0,heldout,
real_moleculenet_freesolv,llambo_warmstart_polar_surface_optimizer_noprior,29119,59.1333,56.36,40.8667,0,heldout,
real_moleculenet_freesolv,llambo_warmstart_selector,29119,59.1333,56.36,40.8667,0,heldout,llambo_warmstart_polar_surface_optimizer_noprior
real_moleculenet_freesolv,llm_calibrated_selector,29119,71.4333,56.4833,28.5667,1,heldout,llm_semantic_polar_surface_optimizer_noprior
real_moleculenet_freesolv,llm_direct_prior_polar_surface_optimizer_noprior,29119,59.1333,56.34,40.8667,0,heldout,
real_moleculenet_freesolv,llm_direct_prior_selector,29119,59.1333,56.34,40.8667,0,heldout,llm_direct_prior_polar_surface_optimizer_noprior
real_moleculenet_freesolv,llm_semantic_polar_surface_optimizer_noprior,29119,71.4333,56.4833,28.5667,1,heldout,
real_moleculenet_freesolv,mixed_kernel_gp_ei,29119,59.1333,59.1333,40.8667,0,heldout,
real_moleculenet_freesolv,target_acquisition_portfolio,29119,59.1333,59.1333,40.8667,0,heldout,
real_moleculenet_freesolv,care_strategy_router,29120,100.0,79.4,0.0,1,heldout,llm_direct_prior_polar_surface_optimizer_noprior
real_moleculenet_freesolv,gp_ucb,29120,58.8,47.56,41.2,0,heldout,
real_moleculenet_freesolv,llambo_warmstart_polar_surface_optimizer_noprior,29120,71.4333,66.5133,28.5667,1,heldout,
real_moleculenet_freesolv,llambo_warmstart_selector,29120,71.4333,66.5133,28.5667,1,heldout,llambo_warmstart_polar_surface_optimizer_noprior
real_moleculenet_freesolv,llm_calibrated_selector,29120,58.8,55.1533,41.2,0,heldout,llm_semantic_polar_surface_optimizer_noprior
real_moleculenet_freesolv,llm_direct_prior_polar_surface_optimizer_noprior,29120,100.0,79.4,0.0,1,heldout,
real_moleculenet_freesolv,llm_direct_prior_selector,29120,100.0,79.4,0.0,1,heldout,llm_direct_prior_polar_surface_optimizer_noprior
real_moleculenet_freesolv,llm_semantic_polar_surface_optimizer_noprior,29120,58.8,55.1533,41.2,0,heldout,
real_moleculenet_freesolv,mixed_kernel_gp_ei,29120,76.8667,51.2767,23.1333,1,heldout,
real_moleculenet_freesolv,target_acquisition_portfolio,29120,76.8667,51.2767,23.1333,1,heldout,
real_moleculenet_freesolv,care_strategy_router,29121,76.8667,73.7934,23.1333,1,heldout,llm_direct_prior_polar_surface_optimizer_noprior
real_moleculenet_freesolv,gp_ucb,29121,100.0,94.1533,0.0,1,heldout,
real_moleculenet_freesolv,llambo_warmstart_polar_surface_optimizer_noprior,29121,76.8667,76.8667,23.1333,1,heldout,
real_moleculenet_freesolv,llambo_warmstart_selector,29121,76.8667,76.8667,23.1333,1,heldout,llambo_warmstart_polar_surface_optimizer_noprior
real_moleculenet_freesolv,llm_calibrated_selector,29121,68.2,57.2,31.8,0,heldout,llm_semantic_polar_surface_optimizer_noprior
real_moleculenet_freesolv,llm_direct_prior_polar_surface_optimizer_noprior,29121,76.8667,73.7934,23.1333,1,heldout,
real_moleculenet_freesolv,llm_direct_prior_selector,29121,76.8667,73.7934,23.1333,1,heldout,llm_direct_prior_polar_surface_optimizer_noprior
real_moleculenet_freesolv,llm_semantic_polar_surface_optimizer_noprior,29121,68.2,57.2,31.8,0,heldout,
real_moleculenet_freesolv,mixed_kernel_gp_ei,29121,100.0,94.1533,0.0,1,heldout,
real_moleculenet_freesolv,target_acquisition_portfolio,29121,100.0,94.1533,0.0,1,heldout,
real_moleculenet_freesolv,care_strategy_router,29122,59.1333,58.8667,40.8667,0,heldout,llm_direct_prior_polar_surface_optimizer_noprior
real_moleculenet_freesolv,gp_ucb,29122,64.0333,55.26,35.9667,0,heldout,
real_moleculenet_freesolv,llambo_warmstart_polar_surface_optimizer_noprior,29122,69.4333,51.5667,30.5667,1,heldout,
real_moleculenet_freesolv,llambo_warmstart_selector,29122,69.4333,51.5667,30.5667,1,heldout,llambo_warmstart_polar_surface_optimizer_noprior
real_moleculenet_freesolv,llm_calibrated_selector,29122,50.1,49.5633,49.9,0,heldout,llm_semantic_polar_surface_optimizer_noprior
real_moleculenet_freesolv,llm_direct_prior_polar_surface_optimizer_noprior,29122,59.1333,58.8667,40.8667,0,heldout,
real_moleculenet_freesolv,llm_direct_prior_selector,29122,59.1333,58.8667,40.8667,0,heldout,llm_direct_prior_polar_surface_optimizer_noprior
real_moleculenet_freesolv,llm_semantic_polar_surface_optimizer_noprior,29122,50.1,49.5633,49.9,0,heldout,
real_moleculenet_freesolv,mixed_kernel_gp_ei,29122,76.8667,59.0433,23.1333,1,heldout,
real_moleculenet_freesolv,target_acquisition_portfolio,29122,58.8,48.4767,41.2,0,heldout,
real_moleculenet_freesolv,care_strategy_router,29123,100.0,70.7833,0.0,1,heldout,llm_direct_prior_polar_surface_optimizer_noprior
real_moleculenet_freesolv,gp_ucb,29123,49.4,44.13,50.6,0,heldout,
real_moleculenet_freesolv,llambo_warmstart_polar_surface_optimizer_noprior,29123,79.0667,76.14,20.9333,1,heldout,
real_moleculenet_freesolv,llambo_warmstart_selector,29123,79.0667,76.14,20.9333,1,heldout,llambo_warmstart_polar_surface_optimizer_noprior
real_moleculenet_freesolv,llm_calibrated_selector,29123,71.4333,48.5433,28.5667,1,heldout,llm_semantic_polar_surface_optimizer_noprior
real_moleculenet_freesolv,llm_direct_prior_polar_surface_optimizer_noprior,29123,100.0,70.7833,0.0,1,heldout,
real_moleculenet_freesolv,llm_direct_prior_selector,29123,100.0,70.7833,0.0,1,heldout,llm_direct_prior_polar_surface_optimizer_noprior
real_moleculenet_freesolv,llm_semantic_polar_surface_optimizer_noprior,29123,71.4333,48.5433,28.5667,1,heldout,
real_moleculenet_freesolv,mixed_kernel_gp_ei,29123,75.8,57.1067,24.2,1,heldout,
real_moleculenet_freesolv,target_acquisition_portfolio,29123,79.0667,52.06,20.9333,1,heldout,
real_moleculenet_freesolv,care_strategy_router,29124,76.8667,75.06,23.1333,1,heldout,llm_direct_prior_polar_surface_optimizer_noprior
real_moleculenet_freesolv,gp_ucb,29124,71.4333,71.4333,28.5667,1,heldout,
real_moleculenet_freesolv,llambo_warmstart_polar_surface_optimizer_noprior,29124,64.0333,61.2466,35.9667,0,heldout,
real_moleculenet_freesolv,llambo_warmstart_selector,29124,64.0333,61.2466,35.9667,0,heldout,llambo_warmstart_polar_surface_optimizer_noprior
real_moleculenet_freesolv,llm_calibrated_selector,29124,58.8,57.7633,41.2,0,heldout,llm_semantic_polar_surface_optimizer_noprior
real_moleculenet_freesolv,llm_direct_prior_polar_surface_optimizer_noprior,29124,76.8667,75.06,23.1333,1,heldout,
real_moleculenet_freesolv,llm_direct_prior_selector,29124,76.8667,75.06,23.1333,1,heldout,llm_direct_prior_polar_surface_optimizer_noprior
real_moleculenet_freesolv,llm_semantic_polar_surface_optimizer_noprior,29124,58.8,57.7633,41.2,0,heldout,
real_moleculenet_freesolv,mixed_kernel_gp_ei,29124,71.4333,71.4333,28.5667,1,heldout,
real_moleculenet_freesolv,target_acquisition_portfolio,29124,71.4333,71.4333,28.5667,1,heldout,
real_moleculenet_freesolv,care_strategy_router,29125,100.0,56.0934,0.0,1,heldout,llm_direct_prior_polar_surface_optimizer_noprior
real_moleculenet_freesolv,gp_ucb,29125,50.9,43.8267,49.1,0,heldout,
real_moleculenet_freesolv,llambo_warmstart_polar_surface_optimizer_noprior,29125,100.0,100.0,0.0,1,heldout,
real_moleculenet_freesolv,llambo_warmstart_selector,29125,100.0,100.0,0.0,1,heldout,llambo_warmstart_polar_surface_optimizer_noprior
real_moleculenet_freesolv,llm_calibrated_selector,29125,100.0,70.8234,0.0,1,heldout,llm_semantic_polar_surface_optimizer_noprior
real_moleculenet_freesolv,llm_direct_prior_polar_surface_optimizer_noprior,29125,100.0,56.0934,0.0,1,heldout,
real_moleculenet_freesolv,llm_direct_prior_selector,29125,100.0,56.0934,0.0,1,heldout,llm_direct_prior_polar_surface_optimizer_noprior
real_moleculenet_freesolv,llm_semantic_polar_surface_optimizer_noprior,29125,100.0,70.8234,0.0,1,heldout,
real_moleculenet_freesolv,mixed_kernel_gp_ei,29125,58.8,49.0234,41.2,0,heldout,
real_moleculenet_freesolv,target_acquisition_portfolio,29125,42.5667,42.5667,57.4333,0,heldout,
real_moleculenet_freesolv,care_strategy_router,29126,76.8667,65.8767,23.1333,1,heldout,llm_direct_prior_polar_surface_optimizer_noprior
real_moleculenet_freesolv,gp_ucb,29126,71.4333,58.7567,28.5667,1,heldout,
real_moleculenet_freesolv,llambo_warmstart_polar_surface_optimizer_noprior,29126,71.4333,69.43,28.5667,1,heldout,
real_moleculenet_freesolv,llambo_warmstart_selector,29126,71.4333,69.43,28.5667,1,heldout,llambo_warmstart_polar_surface_optimizer_noprior
real_moleculenet_freesolv,llm_calibrated_selector,29126,71.4333,57.43,28.5667,1,heldout,llm_semantic_polar_surface_optimizer_noprior
real_moleculenet_freesolv,llm_direct_prior_polar_surface_optimizer_noprior,29126,76.8667,65.8767,23.1333,1,heldout,
real_moleculenet_freesolv,llm_direct_prior_selector,29126,76.8667,65.8767,23.1333,1,heldout,llm_direct_prior_polar_surface_optimizer_noprior
real_moleculenet_freesolv,llm_semantic_polar_surface_optimizer_noprior,29126,71.4333,57.43,28.5667,1,heldout,
real_moleculenet_freesolv,mixed_kernel_gp_ei,29126,71.4333,58.7567,28.5667,1,heldout,
real_moleculenet_freesolv,target_acquisition_portfolio,29126,71.4333,58.7567,28.5667,1,heldout,
real_moleculenet_freesolv,care_strategy_router,29127,59.1333,55.5733,40.8667,0,heldout,llm_direct_prior_polar_surface_optimizer_noprior
real_moleculenet_freesolv,gp_ucb,29127,47.8,43.9267,52.2,0,heldout,
real_moleculenet_freesolv,llambo_warmstart_polar_surface_optimizer_noprior,29127,64.0333,61.2466,35.9667,0,heldout,
real_moleculenet_freesolv,llambo_warmstart_selector,29127,64.0333,61.2466,35.9667,0,heldout,llambo_warmstart_polar_surface_optimizer_noprior
real_moleculenet_freesolv,llm_calibrated_selector,29127,100.0,81.68,0.0,1,heldout,llm_semantic_polar_surface_optimizer_noprior
real_moleculenet_freesolv,llm_direct_prior_polar_surface_optimizer_noprior,29127,59.1333,55.5733,40.8667,0,heldout,
real_moleculenet_freesolv,llm_direct_prior_selector,29127,59.1333,55.5733,40.8667,0,heldout,llm_direct_prior_polar_surface_optimizer_noprior
real_moleculenet_freesolv,llm_semantic_polar_surface_optimizer_noprior,29127,100.0,81.68,0.0,1,heldout,
real_moleculenet_freesolv,mixed_kernel_gp_ei,29127,47.8,43.9267,52.2,0,heldout,
real_moleculenet_freesolv,target_acquisition_portfolio,29127,52.6,44.9767,47.4,0,heldout,
real_moleculenet_freesolv,care_strategy_router,29128,76.8667,70.72,23.1333,1,heldout,llm_direct_prior_polar_surface_optimizer_noprior
real_moleculenet_freesolv,gp_ucb,29128,75.8,66.01,24.2,1,heldout,
real_moleculenet_freesolv,llambo_warmstart_polar_surface_optimizer_noprior,29128,50.1,49.89,49.9,0,heldout,
real_moleculenet_freesolv,llambo_warmstart_selector,29128,50.1,49.89,49.9,0,heldout,llambo_warmstart_polar_surface_optimizer_noprior
real_moleculenet_freesolv,llm_calibrated_selector,29128,68.2,51.43,31.8,0,heldout,llm_semantic_polar_surface_optimizer_noprior
real_moleculenet_freesolv,llm_direct_prior_polar_surface_optimizer_noprior,29128,76.8667,70.72,23.1333,1,heldout,
real_moleculenet_freesolv,llm_direct_prior_selector,29128,76.8667,70.72,23.1333,1,heldout,llm_direct_prior_polar_surface_optimizer_noprior
real_moleculenet_freesolv,llm_semantic_polar_surface_optimizer_noprior,29128,68.2,51.43,31.8,0,heldout,
real_moleculenet_freesolv,mixed_kernel_gp_ei,29128,69.4333,62.19,30.5667,1,heldout,
real_moleculenet_freesolv,target_acquisition_portfolio,29128,79.0667,67.2367,20.9333,1,heldout,
real_moleculenet_freesolv,care_strategy_router,29129,95.4,57.5367,4.6,1,heldout,llm_direct_prior_polar_surface_optimizer_noprior
real_moleculenet_freesolv,gp_ucb,29129,47.8,42.7867,52.2,0,heldout,
real_moleculenet_freesolv,llambo_warmstart_polar_surface_optimizer_noprior,29129,59.1333,58.1666,40.8667,0,heldout,
real_moleculenet_freesolv,llambo_warmstart_selector,29129,59.1333,58.1666,40.8667,0,heldout,llambo_warmstart_polar_surface_optimizer_noprior
real_moleculenet_freesolv,llm_calibrated_selector,29129,100.0,72.81,0.0,1,heldout,llm_semantic_polar_surface_optimizer_noprior
real_moleculenet_freesolv,llm_direct_prior_polar_surface_optimizer_noprior,29129,95.4,57.5367,4.6,1,heldout,
real_moleculenet_freesolv,llm_direct_prior_selector,29129,95.4,57.5367,4.6,1,heldout,llm_direct_prior_polar_surface_optimizer_noprior
real_moleculenet_freesolv,llm_semantic_polar_surface_optimizer_noprior,29129,100.0,72.81,0.0,1,heldout,
real_moleculenet_freesolv,mixed_kernel_gp_ei,29129,75.8,69.0867,24.2,1,heldout,
real_moleculenet_freesolv,target_acquisition_portfolio,29129,79.0667,70.4566,20.9333,1,heldout,
real_moleculenet_freesolv,care_strategy_router,29130,76.8667,63.3134,23.1333,1,heldout,llm_direct_prior_polar_surface_optimizer_noprior
real_moleculenet_freesolv,gp_ucb,29130,49.8,43.41,50.2,0,heldout,
real_moleculenet_freesolv,llambo_warmstart_polar_surface_optimizer_noprior,29130,71.4333,69.43,28.5667,1,heldout,
real_moleculenet_freesolv,llambo_warmstart_selector,29130,71.4333,69.43,28.5667,1,heldout,llambo_warmstart_polar_surface_optimizer_noprior
real_moleculenet_freesolv,llm_calibrated_selector,29130,100.0,71.4633,0.0,1,heldout,llm_semantic_polar_surface_optimizer_noprior
real_moleculenet_freesolv,llm_direct_prior_polar_surface_optimizer_noprior,29130,76.8667,63.3134,23.1333,1,heldout,
real_moleculenet_freesolv,llm_direct_prior_selector,29130,76.8667,63.3134,23.1333,1,heldout,llm_direct_prior_polar_surface_optimizer_noprior
real_moleculenet_freesolv,llm_semantic_polar_surface_optimizer_noprior,29130,100.0,71.4633,0.0,1,heldout,
real_moleculenet_freesolv,mixed_kernel_gp_ei,29130,43.2667,42.9834,56.7333,0,heldout,
real_moleculenet_freesolv,target_acquisition_portfolio,29130,43.2667,42.9267,56.7333,0,heldout,
real_moleculenet_freesolv,care_strategy_router,29131,100.0,82.48,0.0,1,heldout,llm_direct_prior_polar_surface_optimizer_noprior
real_moleculenet_freesolv,gp_ucb,29131,49.2,49.2,50.8,0,heldout,
real_moleculenet_freesolv,llambo_warmstart_polar_surface_optimizer_noprior,29131,59.1333,59.1333,40.8667,0,heldout,
real_moleculenet_freesolv,llambo_warmstart_selector,29131,59.1333,59.1333,40.8667,0,heldout,llambo_warmstart_polar_surface_optimizer_noprior
real_moleculenet_freesolv,llm_calibrated_selector,29131,71.4333,58.1233,28.5667,1,heldout,llm_semantic_polar_surface_optimizer_noprior
real_moleculenet_freesolv,llm_direct_prior_polar_surface_optimizer_noprior,29131,100.0,82.48,0.0,1,heldout,
real_moleculenet_freesolv,llm_direct_prior_selector,29131,100.0,82.48,0.0,1,heldout,llm_direct_prior_polar_surface_optimizer_noprior
real_moleculenet_freesolv,llm_semantic_polar_surface_optimizer_noprior,29131,71.4333,58.1233,28.5667,1,heldout,
real_moleculenet_freesolv,mixed_kernel_gp_ei,29131,49.2,49.2,50.8,0,heldout,
real_moleculenet_freesolv,target_acquisition_portfolio,29131,49.2,49.2,50.8,0,heldout,
real_moleculenet_freesolv,care_strategy_router,29132,76.8667,75.06,23.1333,1,heldout,llm_direct_prior_polar_surface_optimizer_noprior
real_moleculenet_freesolv,gp_ucb,29132,58.8,57.56,41.2,0,heldout,
real_moleculenet_freesolv,llambo_warmstart_polar_surface_optimizer_noprior,29132,64.0333,61.2466,35.9667,0,heldout,
real_moleculenet_freesolv,llambo_warmstart_selector,29132,64.0333,61.2466,35.9667,0,heldout,llambo_warmstart_polar_surface_optimizer_noprior
real_moleculenet_freesolv,llm_calibrated_selector,29132,58.8,53.22,41.2,0,heldout,llm_semantic_polar_surface_optimizer_noprior
real_moleculenet_freesolv,llm_direct_prior_polar_surface_optimizer_noprior,29132,76.8667,75.06,23.1333,1,heldout,
real_moleculenet_freesolv,llm_direct_prior_selector,29132,76.8667,75.06,23.1333,1,heldout,llm_direct_prior_polar_surface_optimizer_noprior
real_moleculenet_freesolv,llm_semantic_polar_surface_optimizer_noprior,29132,58.8,53.22,41.2,0,heldout,
real_moleculenet_freesolv,mixed_kernel_gp_ei,29132,71.4333,67.6666,28.5667,1,heldout,
real_moleculenet_freesolv,target_acquisition_portfolio,29132,58.8,57.56,41.2,0,heldout,
real_moleculenet_freesolv,care_strategy_router,29133,77.2333,76.9034,22.7667,1,heldout,llm_direct_prior_polar_surface_optimizer_noprior
real_moleculenet_freesolv,gp_ucb,29133,53.3667,52.1167,46.6333,0,heldout,
real_moleculenet_freesolv,llambo_warmstart_polar_surface_optimizer_noprior,29133,59.1333,59.1333,40.8667,0,heldout,
real_moleculenet_freesolv,llambo_warmstart_selector,29133,59.1333,59.1333,40.8667,0,heldout,llambo_warmstart_polar_surface_optimizer_noprior
real_moleculenet_freesolv,llm_calibrated_selector,29133,53.8,50.58,46.2,0,heldout,llm_semantic_polar_surface_optimizer_noprior
real_moleculenet_freesolv,llm_direct_prior_polar_surface_optimizer_noprior,29133,77.2333,76.9034,22.7667,1,heldout,
real_moleculenet_freesolv,llm_direct_prior_selector,29133,77.2333,76.9034,22.7667,1,heldout,llm_direct_prior_polar_surface_optimizer_noprior
real_moleculenet_freesolv,llm_semantic_polar_surface_optimizer_noprior,29133,53.8,50.58,46.2,0,heldout,
real_moleculenet_freesolv,mixed_kernel_gp_ei,29133,76.8667,59.48,23.1333,1,heldout,
real_moleculenet_freesolv,target_acquisition_portfolio,29133,76.8667,59.48,23.1333,1,heldout,
real_moleculenet_freesolv,care_strategy_router,29134,76.8667,75.06,23.1333,1,heldout,llm_direct_prior_polar_surface_optimizer_noprior
real_moleculenet_freesolv,gp_ucb,29134,76.8667,69.27,23.1333,1,heldout,
real_moleculenet_freesolv,llambo_warmstart_polar_surface_optimizer_noprior,29134,71.4333,69.2,28.5667,1,heldout,
real_moleculenet_freesolv,llambo_warmstart_selector,29134,71.4333,69.2,28.5667,1,heldout,llambo_warmstart_polar_surface_optimizer_noprior
real_moleculenet_freesolv,llm_calibrated_selector,29134,100.0,75.28,0.0,1,heldout,llm_semantic_polar_surface_optimizer_noprior
real_moleculenet_freesolv,llm_direct_prior_polar_surface_optimizer_noprior,29134,76.8667,75.06,23.1333,1,heldout,
real_moleculenet_freesolv,llm_direct_prior_selector,29134,76.8667,75.06,23.1333,1,heldout,llm_direct_prior_polar_surface_optimizer_noprior
real_moleculenet_freesolv,llm_semantic_polar_surface_optimizer_noprior,29134,100.0,75.28,0.0,1,heldout,
real_moleculenet_freesolv,mixed_kernel_gp_ei,29134,76.8667,69.27,23.1333,1,heldout,
real_moleculenet_freesolv,target_acquisition_portfolio,29134,71.4333,61.0667,28.5667,1,heldout,
real_moleculenet_freesolv,care_strategy_router,29135,77.2333,75.0967,22.7667,1,heldout,llm_direct_prior_polar_surface_optimizer_noprior
real_moleculenet_freesolv,gp_ucb,29135,71.4333,59.7633,28.5667,1,heldout,
real_moleculenet_freesolv,llambo_warmstart_polar_surface_optimizer_noprior,29135,59.1333,59.1333,40.8667,0,heldout,
real_moleculenet_freesolv,llambo_warmstart_selector,29135,59.1333,59.1333,40.8667,0,heldout,llambo_warmstart_polar_surface_optimizer_noprior
real_moleculenet_freesolv,llm_calibrated_selector,29135,58.8,54.4,41.2,0,heldout,llm_semantic_polar_surface_optimizer_noprior
real_moleculenet_freesolv,llm_direct_prior_polar_surface_optimizer_noprior,29135,77.2333,75.0967,22.7667,1,heldout,
real_moleculenet_freesolv,llm_direct_prior_selector,29135,77.2333,75.0967,22.7667,1,heldout,llm_direct_prior_polar_surface_optimizer_noprior
real_moleculenet_freesolv,llm_semantic_polar_surface_optimizer_noprior,29135,58.8,54.4,41.2,0,heldout,
real_moleculenet_freesolv,mixed_kernel_gp_ei,29135,71.4333,59.7633,28.5667,1,heldout,
real_moleculenet_freesolv,target_acquisition_portfolio,29135,79.0667,59.1,20.9333,1,heldout,
real_moleculenet_freesolv,care_strategy_router,29136,95.4,50.36,4.6,1,heldout,llm_direct_prior_polar_surface_optimizer_noprior
real_moleculenet_freesolv,gp_ucb,29136,79.0667,72.9833,20.9333,1,heldout,
real_moleculenet_freesolv,llambo_warmstart_polar_surface_optimizer_noprior,29136,69.4333,69.4333,30.5667,1,heldout,
real_moleculenet_freesolv,llambo_warmstart_selector,29136,69.4333,69.4333,30.5667,1,heldout,llambo_warmstart_polar_surface_optimizer_noprior
real_moleculenet_freesolv,llm_calibrated_selector,29136,58.8,45.0733,41.2,0,heldout,llm_semantic_polar_surface_optimizer_noprior
real_moleculenet_freesolv,llm_direct_prior_polar_surface_optimizer_noprior,29136,95.4,50.36,4.6,1,heldout,
real_moleculenet_freesolv,llm_direct_prior_selector,29136,95.4,50.36,4.6,1,heldout,llm_direct_prior_polar_surface_optimizer_noprior
real_moleculenet_freesolv,llm_semantic_polar_surface_optimizer_noprior,29136,58.8,45.0733,41.2,0,heldout,
real_moleculenet_freesolv,mixed_kernel_gp_ei,29136,75.8,72.6567,24.2,1,heldout,
real_moleculenet_freesolv,target_acquisition_portfolio,29136,79.0667,74.17,20.9333,1,heldout,
real_moleculenet_freesolv,care_strategy_router,29137,100.0,99.54,0.0,1,heldout,llm_direct_prior_polar_surface_optimizer_noprior
real_moleculenet_freesolv,gp_ucb,29137,64.0333,55.68,35.9667,0,heldout,
real_moleculenet_freesolv,llambo_warmstart_polar_surface_optimizer_noprior,29137,68.2,56.81,31.8,0,heldout,
real_moleculenet_freesolv,llambo_warmstart_selector,29137,68.2,56.81,31.8,0,heldout,llambo_warmstart_polar_surface_optimizer_noprior
real_moleculenet_freesolv,llm_calibrated_selector,29137,71.4333,60.7666,28.5667,1,heldout,llm_semantic_polar_surface_optimizer_noprior
real_moleculenet_freesolv,llm_direct_prior_polar_surface_optimizer_noprior,29137,100.0,99.54,0.0,1,heldout,
real_moleculenet_freesolv,llm_direct_prior_selector,29137,100.0,99.54,0.0,1,heldout,llm_direct_prior_polar_surface_optimizer_noprior
real_moleculenet_freesolv,llm_semantic_polar_surface_optimizer_noprior,29137,71.4333,60.7666,28.5667,1,heldout,
real_moleculenet_freesolv,mixed_kernel_gp_ei,29137,64.0333,59.4133,35.9667,0,heldout,
real_moleculenet_freesolv,target_acquisition_portfolio,29137,64.0333,55.68,35.9667,0,heldout,
real_moleculenet_freesolv,care_strategy_router,29138,79.0667,79.0667,20.9333,1,heldout,llm_direct_prior_polar_surface_optimizer_noprior
real_moleculenet_freesolv,gp_ucb,29138,79.0667,79.0667,20.9333,1,heldout,
real_moleculenet_freesolv,llambo_warmstart_polar_surface_optimizer_noprior,29138,71.4333,69.43,28.5667,1,heldout,
real_moleculenet_freesolv,llambo_warmstart_selector,29138,71.4333,69.43,28.5667,1,heldout,llambo_warmstart_polar_surface_optimizer_noprior
real_moleculenet_freesolv,llm_calibrated_selector,29138,79.0667,79.0667,20.9333,1,heldout,llm_semantic_polar_surface_optimizer_noprior
real_moleculenet_freesolv,llm_direct_prior_polar_surface_optimizer_noprior,29138,79.0667,79.0667,20.9333,1,heldout,
real_moleculenet_freesolv,llm_direct_prior_selector,29138,79.0667,79.0667,20.9333,1,heldout,llm_direct_prior_polar_surface_optimizer_noprior
real_moleculenet_freesolv,llm_semantic_polar_surface_optimizer_noprior,29138,79.0667,79.0667,20.9333,1,heldout,
real_moleculenet_freesolv,mixed_kernel_gp_ei,29138,79.0667,79.0667,20.9333,1,heldout,
real_moleculenet_freesolv,target_acquisition_portfolio,29138,79.0667,79.0667,20.9333,1,heldout,
real_moleculenet_freesolv,care_strategy_router,29139,77.2333,75.0967,22.7667,1,heldout,llm_direct_prior_polar_surface_optimizer_noprior
real_moleculenet_freesolv,gp_ucb,29139,68.2,65.19,31.8,0,heldout,
real_moleculenet_freesolv,llambo_warmstart_polar_surface_optimizer_noprior,29139,59.1333,59.1333,40.8667,0,heldout,
real_moleculenet_freesolv,llambo_warmstart_selector,29139,59.1333,59.1333,40.8667,0,heldout,llambo_warmstart_polar_surface_optimizer_noprior
real_moleculenet_freesolv,llm_calibrated_selector,29139,58.8,54.76,41.2,0,heldout,llm_semantic_polar_surface_optimizer_noprior
real_moleculenet_freesolv,llm_direct_prior_polar_surface_optimizer_noprior,29139,77.2333,75.0967,22.7667,1,heldout,
real_moleculenet_freesolv,llm_direct_prior_selector,29139,77.2333,75.0967,22.7667,1,heldout,llm_direct_prior_polar_surface_optimizer_noprior
real_moleculenet_freesolv,llm_semantic_polar_surface_optimizer_noprior,29139,58.8,54.76,41.2,0,heldout,
real_moleculenet_freesolv,mixed_kernel_gp_ei,29139,68.2,65.19,31.8,0,heldout,
real_moleculenet_freesolv,target_acquisition_portfolio,29139,68.2,65.19,31.8,0,heldout,
real_moleculenet_freesolv,care_strategy_router,29140,100.0,100.0,0.0,1,heldout,llm_direct_prior_polar_surface_optimizer_noprior
real_moleculenet_freesolv,gp_ucb,29140,53.3333,48.29,46.6667,0,heldout,
real_moleculenet_freesolv,llambo_warmstart_polar_surface_optimizer_noprior,29140,71.4333,60.6266,28.5667,1,heldout,
real_moleculenet_freesolv,llambo_warmstart_selector,29140,71.4333,60.6266,28.5667,1,heldout,llambo_warmstart_polar_surface_optimizer_noprior
real_moleculenet_freesolv,llm_calibrated_selector,29140,100.0,100.0,0.0,1,heldout,llm_semantic_polar_surface_optimizer_noprior
real_moleculenet_freesolv,llm_direct_prior_polar_surface_optimizer_noprior,29140,100.0,100.0,0.0,1,heldout,
real_moleculenet_freesolv,llm_direct_prior_selector,29140,100.0,100.0,0.0,1,heldout,llm_direct_prior_polar_surface_optimizer_noprior
real_moleculenet_freesolv,llm_semantic_polar_surface_optimizer_noprior,29140,100.0,100.0,0.0,1,heldout,
real_moleculenet_freesolv,mixed_kernel_gp_ei,29140,47.6667,46.1367,52.3333,0,heldout,
real_moleculenet_freesolv,target_acquisition_portfolio,29140,77.2333,52.5033,22.7667,1,heldout,
real_moleculenet_freesolv,care_strategy_router,29141,76.8667,76.8667,23.1333,1,heldout,llm_direct_prior_polar_surface_optimizer_noprior
real_moleculenet_freesolv,gp_ucb,29141,100.0,93.9233,0.0,1,heldout,
real_moleculenet_freesolv,llambo_warmstart_polar_surface_optimizer_noprior,29141,59.1333,59.1333,40.8667,0,heldout,
real_moleculenet_freesolv,llambo_warmstart_selector,29141,59.1333,59.1333,40.8667,0,heldout,llambo_warmstart_polar_surface_optimizer_noprior
real_moleculenet_freesolv,llm_calibrated_selector,29141,100.0,84.4033,0.0,1,heldout,llm_semantic_polar_surface_optimizer_noprior
real_moleculenet_freesolv,llm_direct_prior_polar_surface_optimizer_noprior,29141,76.8667,76.8667,23.1333,1,heldout,
real_moleculenet_freesolv,llm_direct_prior_selector,29141,76.8667,76.8667,23.1333,1,heldout,llm_direct_prior_polar_surface_optimizer_noprior
real_moleculenet_freesolv,llm_semantic_polar_surface_optimizer_noprior,29141,100.0,84.4033,0.0,1,heldout,
real_moleculenet_freesolv,mixed_kernel_gp_ei,29141,100.0,93.9233,0.0,1,heldout,
real_moleculenet_freesolv,target_acquisition_portfolio,29141,100.0,93.9233,0.0,1,heldout,
real_moleculenet_freesolv,care_strategy_router,29142,100.0,83.52,0.0,1,heldout,llm_direct_prior_polar_surface_optimizer_noprior
real_moleculenet_freesolv,gp_ucb,29142,68.2,53.63,31.8,0,heldout,
real_moleculenet_freesolv,llambo_warmstart_polar_surface_optimizer_noprior,29142,76.8667,76.8667,23.1333,1,heldout,
real_moleculenet_freesolv,llambo_warmstart_selector,29142,76.8667,76.8667,23.1333,1,heldout,llambo_warmstart_polar_surface_optimizer_noprior
real_moleculenet_freesolv,llm_calibrated_selector,29142,100.0,82.98,0.0,1,heldout,llm_semantic_polar_surface_optimizer_noprior
real_moleculenet_freesolv,llm_direct_prior_polar_surface_optimizer_noprior,29142,100.0,83.52,0.0,1,heldout,
real_moleculenet_freesolv,llm_direct_prior_selector,29142,100.0,83.52,0.0,1,heldout,llm_direct_prior_polar_surface_optimizer_noprior
real_moleculenet_freesolv,llm_semantic_polar_surface_optimizer_noprior,29142,100.0,82.98,0.0,1,heldout,
real_moleculenet_freesolv,mixed_kernel_gp_ei,29142,56.5,51.29,43.5,0,heldout,
real_moleculenet_freesolv,target_acquisition_portfolio,29142,56.5,51.29,43.5,0,heldout,
real_moleculenet_freesolv,care_strategy_router,29143,76.8667,55.0733,23.1333,1,heldout,llm_direct_prior_polar_surface_optimizer_noprior
real_moleculenet_freesolv,gp_ucb,29143,47.6667,47.64,52.3333,0,heldout,
real_moleculenet_freesolv,llambo_warmstart_polar_surface_optimizer_noprior,29143,64.0333,63.51,35.9667,0,heldout,
real_moleculenet_freesolv,llambo_warmstart_selector,29143,64.0333,63.51,35.9667,0,heldout,llambo_warmstart_polar_surface_optimizer_noprior
real_moleculenet_freesolv,llm_calibrated_selector,29143,76.8667,55.3233,23.1333,1,heldout,llm_semantic_polar_surface_optimizer_noprior
real_moleculenet_freesolv,llm_direct_prior_polar_surface_optimizer_noprior,29143,76.8667,55.0733,23.1333,1,heldout,
real_moleculenet_freesolv,llm_direct_prior_selector,29143,76.8667,55.0733,23.1333,1,heldout,llm_direct_prior_polar_surface_optimizer_noprior
real_moleculenet_freesolv,llm_semantic_polar_surface_optimizer_noprior,29143,76.8667,55.3233,23.1333,1,heldout,
real_moleculenet_freesolv,mixed_kernel_gp_ei,29143,64.0333,50.6133,35.9667,0,heldout,
real_moleculenet_freesolv,target_acquisition_portfolio,29143,47.6,47.6,52.4,0,heldout,
real_moleculenet_freesolv,care_strategy_router,29144,76.8667,66.6533,23.1333,1,heldout,llm_direct_prior_polar_surface_optimizer_noprior
real_moleculenet_freesolv,gp_ucb,29144,44.7,44.7,55.3,0,heldout,
real_moleculenet_freesolv,llambo_warmstart_polar_surface_optimizer_noprior,29144,76.8667,76.8667,23.1333,1,heldout,
real_moleculenet_freesolv,llambo_warmstart_selector,29144,76.8667,76.8667,23.1333,1,heldout,llambo_warmstart_polar_surface_optimizer_noprior
real_moleculenet_freesolv,llm_calibrated_selector,29144,58.8,57.0633,41.2,0,heldout,llm_semantic_polar_surface_optimizer_noprior
real_moleculenet_freesolv,llm_direct_prior_polar_surface_optimizer_noprior,29144,76.8667,66.6533,23.1333,1,heldout,
real_moleculenet_freesolv,llm_direct_prior_selector,29144,76.8667,66.6533,23.1333,1,heldout,llm_direct_prior_polar_surface_optimizer_noprior
real_moleculenet_freesolv,llm_semantic_polar_surface_optimizer_noprior,29144,58.8,57.0633,41.2,0,heldout,
real_moleculenet_freesolv,mixed_kernel_gp_ei,29144,69.4333,48.5133,30.5667,1,heldout,
real_moleculenet_freesolv,target_acquisition_portfolio,29144,44.7,44.7,55.3,0,heldout,
real_moleculenet_freesolv,care_strategy_router,29145,71.4333,68.8467,28.5667,1,heldout,llm_direct_prior_polar_surface_optimizer_noprior
real_moleculenet_freesolv,gp_ucb,29145,68.2,68.2,31.8,0,heldout,
real_moleculenet_freesolv,llambo_warmstart_polar_surface_optimizer_noprior,29145,42.1,40.9433,57.9,0,heldout,
real_moleculenet_freesolv,llambo_warmstart_selector,29145,42.1,40.9433,57.9,0,heldout,llambo_warmstart_polar_surface_optimizer_noprior
real_moleculenet_freesolv,llm_calibrated_selector,29145,79.0667,70.3733,20.9333,1,heldout,llm_semantic_polar_surface_optimizer_noprior
real_moleculenet_freesolv,llm_direct_prior_polar_surface_optimizer_noprior,29145,71.4333,68.8467,28.5667,1,heldout,
real_moleculenet_freesolv,llm_direct_prior_selector,29145,71.4333,68.8467,28.5667,1,heldout,llm_direct_prior_polar_surface_optimizer_noprior
real_moleculenet_freesolv,llm_semantic_polar_surface_optimizer_noprior,29145,79.0667,70.3733,20.9333,1,heldout,
real_moleculenet_freesolv,mixed_kernel_gp_ei,29145,68.2,68.2,31.8,0,heldout,
real_moleculenet_freesolv,target_acquisition_portfolio,29145,68.2,68.2,31.8,0,heldout,
real_moleculenet_freesolv,care_strategy_router,29146,100.0,83.52,0.0,1,heldout,llm_direct_prior_polar_surface_optimizer_noprior
real_moleculenet_freesolv,gp_ucb,29146,71.4333,69.9066,28.5667,1,heldout,
real_moleculenet_freesolv,llambo_warmstart_polar_surface_optimizer_noprior,29146,79.0667,76.14,20.9333,1,heldout,
real_moleculenet_freesolv,llambo_warmstart_selector,29146,79.0667,76.14,20.9333,1,heldout,llambo_warmstart_polar_surface_optimizer_noprior
real_moleculenet_freesolv,llm_calibrated_selector,29146,76.8667,66.78,23.1333,1,heldout,llm_semantic_polar_surface_optimizer_noprior
real_moleculenet_freesolv,llm_direct_prior_polar_surface_optimizer_noprior,29146,100.0,83.52,0.0,1,heldout,
real_moleculenet_freesolv,llm_direct_prior_selector,29146,100.0,83.52,0.0,1,heldout,llm_direct_prior_polar_surface_optimizer_noprior
real_moleculenet_freesolv,llm_semantic_polar_surface_optimizer_noprior,29146,76.8667,66.78,23.1333,1,heldout,
real_moleculenet_freesolv,mixed_kernel_gp_ei,29146,76.8667,58.93,23.1333,1,heldout,
real_moleculenet_freesolv,target_acquisition_portfolio,29146,71.4333,69.9066,28.5667,1,heldout,
real_moleculenet_freesolv,care_strategy_router,29147,100.0,92.78,0.0,1,heldout,llm_direct_prior_polar_surface_optimizer_noprior
real_moleculenet_freesolv,gp_ucb,29147,75.8,49.1467,24.2,1,heldout,
real_moleculenet_freesolv,llambo_warmstart_polar_surface_optimizer_noprior,29147,64.0333,63.51,35.9667,0,heldout,
real_moleculenet_freesolv,llambo_warmstart_selector,29147,64.0333,63.51,35.9667,0,heldout,llambo_warmstart_polar_surface_optimizer_noprior
real_moleculenet_freesolv,llm_calibrated_selector,29147,100.0,68.91,0.0,1,heldout,llm_semantic_polar_surface_optimizer_noprior
real_moleculenet_freesolv,llm_direct_prior_polar_surface_optimizer_noprior,29147,100.0,92.78,0.0,1,heldout,
real_moleculenet_freesolv,llm_direct_prior_selector,29147,100.0,92.78,0.0,1,heldout,llm_direct_prior_polar_surface_optimizer_noprior
real_moleculenet_freesolv,llm_semantic_polar_surface_optimizer_noprior,29147,100.0,68.91,0.0,1,heldout,
real_moleculenet_freesolv,mixed_kernel_gp_ei,29147,64.0333,48.1267,35.9667,0,heldout,
real_moleculenet_freesolv,target_acquisition_portfolio,29147,64.0333,46.29,35.9667,0,heldout,
real_moleculenet_freesolv,care_strategy_router,29148,100.0,82.6,0.0,1,heldout,llm_direct_prior_polar_surface_optimizer_noprior
real_moleculenet_freesolv,gp_ucb,29148,79.0667,72.87,20.9333,1,heldout,
real_moleculenet_freesolv,llambo_warmstart_polar_surface_optimizer_noprior,29148,79.0667,70.0867,20.9333,1,heldout,
real_moleculenet_freesolv,llambo_warmstart_selector,29148,79.0667,70.0867,20.9333,1,heldout,llambo_warmstart_polar_surface_optimizer_noprior
real_moleculenet_freesolv,llm_calibrated_selector,29148,49.4,44.76,50.6,0,heldout,llm_semantic_polar_surface_optimizer_noprior
real_moleculenet_freesolv,llm_direct_prior_polar_surface_optimizer_noprior,29148,100.0,82.6,0.0,1,heldout,
real_moleculenet_freesolv,llm_direct_prior_selector,29148,100.0,82.6,0.0,1,heldout,llm_direct_prior_polar_surface_optimizer_noprior
real_moleculenet_freesolv,llm_semantic_polar_surface_optimizer_noprior,29148,49.4,44.76,50.6,0,heldout,
real_moleculenet_freesolv,mixed_kernel_gp_ei,29148,73.0667,67.33,26.9333,1,heldout,
real_moleculenet_freesolv,target_acquisition_portfolio,29148,79.0667,75.27,20.9333,1,heldout,
real_moleculenet_freesolv,care_strategy_router,29149,100.0,100.0,0.0,1,heldout,llm_direct_prior_polar_surface_optimizer_noprior
real_moleculenet_freesolv,gp_ucb,29149,100.0,100.0,0.0,1,heldout,
real_moleculenet_freesolv,llambo_warmstart_polar_surface_optimizer_noprior,29149,76.8667,76.8667,23.1333,1,heldout,
real_moleculenet_freesolv,llambo_warmstart_selector,29149,76.8667,76.8667,23.1333,1,heldout,llambo_warmstart_polar_surface_optimizer_noprior
real_moleculenet_freesolv,llm_calibrated_selector,29149,100.0,100.0,0.0,1,heldout,llm_semantic_polar_surface_optimizer_noprior
real_moleculenet_freesolv,llm_direct_prior_polar_surface_optimizer_noprior,29149,100.0,100.0,0.0,1,heldout,
real_moleculenet_freesolv,llm_direct_prior_selector,29149,100.0,100.0,0.0,1,heldout,llm_direct_prior_polar_surface_optimizer_noprior
real_moleculenet_freesolv,llm_semantic_polar_surface_optimizer_noprior,29149,100.0,100.0,0.0,1,heldout,
real_moleculenet_freesolv,mixed_kernel_gp_ei,29149,100.0,100.0,0.0,1,heldout,
real_moleculenet_freesolv,target_acquisition_portfolio,29149,100.0,100.0,0.0,1,heldout,
real_moleculenet_freesolv,care_strategy_router,29150,77.2333,75.0967,22.7667,1,heldout,llm_direct_prior_polar_surface_optimizer_noprior
real_moleculenet_freesolv,gp_ucb,29150,71.4333,64.96,28.5667,1,heldout,
real_moleculenet_freesolv,llambo_warmstart_polar_surface_optimizer_noprior,29150,71.4333,55.6133,28.5667,1,heldout,
real_moleculenet_freesolv,llambo_warmstart_selector,29150,71.4333,55.6133,28.5667,1,heldout,llambo_warmstart_polar_surface_optimizer_noprior
real_moleculenet_freesolv,llm_calibrated_selector,29150,58.8,55.1533,41.2,0,heldout,llm_semantic_polar_surface_optimizer_noprior
real_moleculenet_freesolv,llm_direct_prior_polar_surface_optimizer_noprior,29150,77.2333,75.0967,22.7667,1,heldout,
real_moleculenet_freesolv,llm_direct_prior_selector,29150,77.2333,75.0967,22.7667,1,heldout,llm_direct_prior_polar_surface_optimizer_noprior
real_moleculenet_freesolv,llm_semantic_polar_surface_optimizer_noprior,29150,58.8,55.1533,41.2,0,heldout,
real_moleculenet_freesolv,mixed_kernel_gp_ei,29150,71.4333,64.96,28.5667,1,heldout,
real_moleculenet_freesolv,target_acquisition_portfolio,29150,71.4333,64.96,28.5667,1,heldout,
real_moleculenet_freesolv,care_strategy_router,29151,76.8667,64.4533,23.1333,1,heldout,llm_direct_prior_polar_surface_optimizer_noprior
real_moleculenet_freesolv,gp_ucb,29151,71.4333,62.8233,28.5667,1,heldout,
real_moleculenet_freesolv,llambo_warmstart_polar_surface_optimizer_noprior,29151,71.4333,62.0933,28.5667,1,heldout,
real_moleculenet_freesolv,llambo_warmstart_selector,29151,71.4333,62.0933,28.5667,1,heldout,llambo_warmstart_polar_surface_optimizer_noprior
real_moleculenet_freesolv,llm_calibrated_selector,29151,59.1333,59.1333,40.8667,0,heldout,llm_semantic_polar_surface_optimizer_noprior
real_moleculenet_freesolv,llm_direct_prior_polar_surface_optimizer_noprior,29151,76.8667,64.4533,23.1333,1,heldout,
real_moleculenet_freesolv,llm_direct_prior_selector,29151,76.8667,64.4533,23.1333,1,heldout,llm_direct_prior_polar_surface_optimizer_noprior
real_moleculenet_freesolv,llm_semantic_polar_surface_optimizer_noprior,29151,59.1333,59.1333,40.8667,0,heldout,
real_moleculenet_freesolv,mixed_kernel_gp_ei,29151,71.4333,61.5933,28.5667,1,heldout,
real_moleculenet_freesolv,target_acquisition_portfolio,29151,71.4333,61.5933,28.5667,1,heldout,
real_moleculenet_freesolv,care_strategy_router,29152,76.8667,61.5867,23.1333,1,heldout,llm_direct_prior_polar_surface_optimizer_noprior
real_moleculenet_freesolv,gp_ucb,29152,64.0333,46.8067,35.9667,0,heldout,
real_moleculenet_freesolv,llambo_warmstart_polar_surface_optimizer_noprior,29152,58.8,57.8233,41.2,0,heldout,
real_moleculenet_freesolv,llambo_warmstart_selector,29152,58.8,57.8233,41.2,0,heldout,llambo_warmstart_polar_surface_optimizer_noprior
real_moleculenet_freesolv,llm_calibrated_selector,29152,100.0,80.3467,0.0,1,heldout,llm_semantic_polar_surface_optimizer_noprior
real_moleculenet_freesolv,llm_direct_prior_polar_surface_optimizer_noprior,29152,76.8667,61.5867,23.1333,1,heldout,
real_moleculenet_freesolv,llm_direct_prior_selector,29152,76.8667,61.5867,23.1333,1,heldout,llm_direct_prior_polar_surface_optimizer_noprior
real_moleculenet_freesolv,llm_semantic_polar_surface_optimizer_noprior,29152,100.0,80.3467,0.0,1,heldout,
real_moleculenet_freesolv,mixed_kernel_gp_ei,29152,64.0333,48.8833,35.9667,0,heldout,
real_moleculenet_freesolv,target_acquisition_portfolio,29152,64.0333,48.8833,35.9667,0,heldout,
real_moleculenet_freesolv,care_strategy_router,29153,100.0,56.6467,0.0,1,heldout,llm_direct_prior_polar_surface_optimizer_noprior
real_moleculenet_freesolv,gp_ucb,29153,42.1,41.6467,57.9,0,heldout,
real_moleculenet_freesolv,llambo_warmstart_polar_surface_optimizer_noprior,29153,79.0667,62.43,20.9333,1,heldout,
real_moleculenet_freesolv,llambo_warmstart_selector,29153,79.0667,62.43,20.9333,1,heldout,llambo_warmstart_polar_surface_optimizer_noprior
real_moleculenet_freesolv,llm_calibrated_selector,29153,71.4333,63.0933,28.5667,1,heldout,llm_semantic_polar_surface_optimizer_noprior
real_moleculenet_freesolv,llm_direct_prior_polar_surface_optimizer_noprior,29153,100.0,56.6467,0.0,1,heldout,
real_moleculenet_freesolv,llm_direct_prior_selector,29153,100.0,56.6467,0.0,1,heldout,llm_direct_prior_polar_surface_optimizer_noprior
real_moleculenet_freesolv,llm_semantic_polar_surface_optimizer_noprior,29153,71.4333,63.0933,28.5667,1,heldout,
real_moleculenet_freesolv,mixed_kernel_gp_ei,29153,42.1,41.6467,57.9,0,heldout,
real_moleculenet_freesolv,target_acquisition_portfolio,29153,42.1,41.6467,57.9,0,heldout,
real_moleculenet_freesolv,care_strategy_router,29154,100.0,81.3333,0.0,1,heldout,llm_direct_prior_polar_surface_optimizer_noprior
real_moleculenet_freesolv,gp_ucb,29154,69.4333,54.9433,30.5667,1,heldout,
real_moleculenet_freesolv,llambo_warmstart_polar_surface_optimizer_noprior,29154,71.4333,49.6333,28.5667,1,heldout,
real_moleculenet_freesolv,llambo_warmstart_selector,29154,71.4333,49.6333,28.5667,1,heldout,llambo_warmstart_polar_surface_optimizer_noprior
real_moleculenet_freesolv,llm_calibrated_selector,29154,53.3333,53.3333,46.6667,0,heldout,llm_semantic_polar_surface_optimizer_noprior
real_moleculenet_freesolv,llm_direct_prior_polar_surface_optimizer_noprior,29154,100.0,81.3333,0.0,1,heldout,
real_moleculenet_freesolv,llm_direct_prior_selector,29154,100.0,81.3333,0.0,1,heldout,llm_direct_prior_polar_surface_optimizer_noprior
real_moleculenet_freesolv,llm_semantic_polar_surface_optimizer_noprior,29154,53.3333,53.3333,46.6667,0,heldout,
real_moleculenet_freesolv,mixed_kernel_gp_ei,29154,53.3333,53.3333,46.6667,0,heldout,
real_moleculenet_freesolv,target_acquisition_portfolio,29154,77.2333,62.1133,22.7667,1,heldout,
real_moleculenet_freesolv,care_strategy_router,29155,100.0,73.5533,0.0,1,heldout,llm_direct_prior_polar_surface_optimizer_noprior
real_moleculenet_freesolv,gp_ucb,29155,64.0333,52.6733,35.9667,0,heldout,
real_moleculenet_freesolv,llambo_warmstart_polar_surface_optimizer_noprior,29155,59.1333,57.2,40.8667,0,heldout,
real_moleculenet_freesolv,llambo_warmstart_selector,29155,59.1333,57.2,40.8667,0,heldout,llambo_warmstart_polar_surface_optimizer_noprior
real_moleculenet_freesolv,llm_calibrated_selector,29155,71.4333,57.36,28.5667,1,heldout,llm_semantic_polar_surface_optimizer_noprior
real_moleculenet_freesolv,llm_direct_prior_polar_surface_optimizer_noprior,29155,100.0,73.5533,0.0,1,heldout,
real_moleculenet_freesolv,llm_direct_prior_selector,29155,100.0,73.5533,0.0,1,heldout,llm_direct_prior_polar_surface_optimizer_noprior
real_moleculenet_freesolv,llm_semantic_polar_surface_optimizer_noprior,29155,71.4333,57.36,28.5667,1,heldout,
real_moleculenet_freesolv,mixed_kernel_gp_ei,29155,58.8,52.2933,41.2,0,heldout,
real_moleculenet_freesolv,target_acquisition_portfolio,29155,58.8,52.8666,41.2,0,heldout,
real_moleculenet_freesolv,care_strategy_router,29156,100.0,93.2967,0.0,1,heldout,llm_direct_prior_polar_surface_optimizer_noprior
real_moleculenet_freesolv,gp_ucb,29156,76.8667,76.8667,23.1333,1,heldout,
real_moleculenet_freesolv,llambo_warmstart_polar_surface_optimizer_noprior,29156,64.0333,61.2466,35.9667,0,heldout,
real_moleculenet_freesolv,llambo_warmstart_selector,29156,64.0333,61.2466,35.9667,0,heldout,llambo_warmstart_polar_surface_optimizer_noprior
real_moleculenet_freesolv,llm_calibrated_selector,29156,100.0,88.4333,0.0,1,heldout,llm_semantic_polar_surface_optimizer_noprior
real_moleculenet_freesolv,llm_direct_prior_polar_surface_optimizer_noprior,29156,100.0,93.2967,0.0,1,heldout,
real_moleculenet_freesolv,llm_direct_prior_selector,29156,100.0,93.2967,0.0,1,heldout,llm_direct_prior_polar_surface_optimizer_noprior
real_moleculenet_freesolv,llm_semantic_polar_surface_optimizer_noprior,29156,100.0,88.4333,0.0,1,heldout,
real_moleculenet_freesolv,mixed_kernel_gp_ei,29156,76.8667,76.8667,23.1333,1,heldout,
real_moleculenet_freesolv,target_acquisition_portfolio,29156,76.8667,76.8667,23.1333,1,heldout,
real_moleculenet_freesolv,care_strategy_router,29157,76.8667,75.06,23.1333,1,heldout,llm_direct_prior_polar_surface_optimizer_noprior
real_moleculenet_freesolv,gp_ucb,29157,68.2,64.69,31.8,0,heldout,
real_moleculenet_freesolv,llambo_warmstart_polar_surface_optimizer_noprior,29157,85.0667,63.35,14.9333,1,heldout,
real_moleculenet_freesolv,llambo_warmstart_selector,29157,85.0667,63.35,14.9333,1,heldout,llambo_warmstart_polar_surface_optimizer_noprior
real_moleculenet_freesolv,llm_calibrated_selector,29157,58.8,58.8,41.2,0,heldout,llm_semantic_polar_surface_optimizer_noprior
real_moleculenet_freesolv,llm_direct_prior_polar_surface_optimizer_noprior,29157,76.8667,75.06,23.1333,1,heldout,
real_moleculenet_freesolv,llm_direct_prior_selector,29157,76.8667,75.06,23.1333,1,heldout,llm_direct_prior_polar_surface_optimizer_noprior
real_moleculenet_freesolv,llm_semantic_polar_surface_optimizer_noprior,29157,58.8,58.8,41.2,0,heldout,
real_moleculenet_freesolv,mixed_kernel_gp_ei,29157,68.2,64.69,31.8,0,heldout,
real_moleculenet_freesolv,target_acquisition_portfolio,29157,68.2,64.69,31.8,0,heldout,
real_moleculenet_freesolv,care_strategy_router,29158,100.0,60.62,0.0,1,heldout,llm_direct_prior_polar_surface_optimizer_noprior
real_moleculenet_freesolv,gp_ucb,29158,47.8,43.8167,52.2,0,heldout,
real_moleculenet_freesolv,llambo_warmstart_polar_surface_optimizer_noprior,29158,68.2,59.3233,31.8,0,heldout,
real_moleculenet_freesolv,llambo_warmstart_selector,29158,68.2,59.3233,31.8,0,heldout,llambo_warmstart_polar_surface_optimizer_noprior
real_moleculenet_freesolv,llm_calibrated_selector,29158,71.4333,58.97,28.5667,1,heldout,llm_semantic_polar_surface_optimizer_noprior
real_moleculenet_freesolv,llm_direct_prior_polar_surface_optimizer_noprior,29158,100.0,60.62,0.0,1,heldout,
real_moleculenet_freesolv,llm_direct_prior_selector,29158,100.0,60.62,0.0,1,heldout,llm_direct_prior_polar_surface_optimizer_noprior
real_moleculenet_freesolv,llm_semantic_polar_surface_optimizer_noprior,29158,71.4333,58.97,28.5667,1,heldout,
real_moleculenet_freesolv,mixed_kernel_gp_ei,29158,52.6,44.2967,47.4,0,heldout,
real_moleculenet_freesolv,target_acquisition_portfolio,29158,52.6,44.2967,47.4,0,heldout,
real_moleculenet_freesolv,care_strategy_router,29159,100.0,58.98,0.0,1,heldout,llm_direct_prior_polar_surface_optimizer_noprior
real_moleculenet_freesolv,gp_ucb,29159,39.1667,39.1667,60.8333,0,heldout,
real_moleculenet_freesolv,llambo_warmstart_polar_surface_optimizer_noprior,29159,59.1333,56.6466,40.8667,0,heldout,
real_moleculenet_freesolv,llambo_warmstart_selector,29159,59.1333,56.6466,40.8667,0,heldout,llambo_warmstart_polar_surface_optimizer_noprior
real_moleculenet_freesolv,llm_calibrated_selector,29159,100.0,88.4333,0.0,1,heldout,llm_semantic_polar_surface_optimizer_noprior
real_moleculenet_freesolv,llm_direct_prior_polar_surface_optimizer_noprior,29159,100.0,58.98,0.0,1,heldout,
real_moleculenet_freesolv,llm_direct_prior_selector,29159,100.0,58.98,0.0,1,heldout,llm_direct_prior_polar_surface_optimizer_noprior
real_moleculenet_freesolv,llm_semantic_polar_surface_optimizer_noprior,29159,100.0,88.4333,0.0,1,heldout,
real_moleculenet_freesolv,mixed_kernel_gp_ei,29159,48.0333,42.0533,51.9667,0,heldout,
real_moleculenet_freesolv,target_acquisition_portfolio,29159,43.2667,39.9867,56.7333,0,heldout,
real_moleculenet_freesolv,care_strategy_router,29160,76.8667,76.8667,23.1333,1,heldout,llm_direct_prior_polar_surface_optimizer_noprior
real_moleculenet_freesolv,gp_ucb,29160,40.9667,37.72,59.0333,0,heldout,
real_moleculenet_freesolv,llambo_warmstart_polar_surface_optimizer_noprior,29160,79.0667,70.2733,20.9333,1,heldout,
real_moleculenet_freesolv,llambo_warmstart_selector,29160,79.0667,70.2733,20.9333,1,heldout,llambo_warmstart_polar_surface_optimizer_noprior
real_moleculenet_freesolv,llm_calibrated_selector,29160,76.8667,76.8667,23.1333,1,heldout,llm_semantic_polar_surface_optimizer_noprior
real_moleculenet_freesolv,llm_direct_prior_polar_surface_optimizer_noprior,29160,76.8667,76.8667,23.1333,1,heldout,
real_moleculenet_freesolv,llm_direct_prior_selector,29160,76.8667,76.8667,23.1333,1,heldout,llm_direct_prior_polar_surface_optimizer_noprior
real_moleculenet_freesolv,llm_semantic_polar_surface_optimizer_noprior,29160,76.8667,76.8667,23.1333,1,heldout,
real_moleculenet_freesolv,mixed_kernel_gp_ei,29160,50.7333,38.6967,49.2667,0,heldout,
real_moleculenet_freesolv,target_acquisition_portfolio,29160,40.9667,38.4067,59.0333,0,heldout,
real_moleculenet_freesolv,care_strategy_router,29161,100.0,98.62,0.0,1,heldout,llm_direct_prior_polar_surface_optimizer_noprior
real_moleculenet_freesolv,gp_ucb,29161,42.1,41.5733,57.9,0,heldout,
real_moleculenet_freesolv,llambo_warmstart_polar_surface_optimizer_noprior,29161,64.0333,60.3033,35.9667,0,heldout,
real_moleculenet_freesolv,llambo_warmstart_selector,29161,64.0333,60.3033,35.9667,0,heldout,llambo_warmstart_polar_surface_optimizer_noprior
real_moleculenet_freesolv,llm_calibrated_selector,29161,100.0,99.08,0.0,1,heldout,llm_semantic_polar_surface_optimizer_noprior
real_moleculenet_freesolv,llm_direct_prior_polar_surface_optimizer_noprior,29161,100.0,98.62,0.0,1,heldout,
real_moleculenet_freesolv,llm_direct_prior_selector,29161,100.0,98.62,0.0,1,heldout,llm_direct_prior_polar_surface_optimizer_noprior
real_moleculenet_freesolv,llm_semantic_polar_surface_optimizer_noprior,29161,100.0,99.08,0.0,1,heldout,
real_moleculenet_freesolv,mixed_kernel_gp_ei,29161,71.4333,53.6867,28.5667,1,heldout,
real_moleculenet_freesolv,target_acquisition_portfolio,29161,71.4333,53.0467,28.5667,1,heldout,
real_moleculenet_freesolv,care_strategy_router,29162,76.8667,72.88,23.1333,1,heldout,llm_direct_prior_polar_surface_optimizer_noprior
real_moleculenet_freesolv,gp_ucb,29162,79.0667,70.5767,20.9333,1,heldout,
real_moleculenet_freesolv,llambo_warmstart_polar_surface_optimizer_noprior,29162,100.0,56.6033,0.0,1,heldout,
real_moleculenet_freesolv,llambo_warmstart_selector,29162,100.0,56.6033,0.0,1,heldout,llambo_warmstart_polar_surface_optimizer_noprior
real_moleculenet_freesolv,llm_calibrated_selector,29162,58.8,46.0867,41.2,0,heldout,llm_semantic_polar_surface_optimizer_noprior
real_moleculenet_freesolv,llm_direct_prior_polar_surface_optimizer_noprior,29162,76.8667,72.88,23.1333,1,heldout,
real_moleculenet_freesolv,llm_direct_prior_selector,29162,76.8667,72.88,23.1333,1,heldout,llm_direct_prior_polar_surface_optimizer_noprior
real_moleculenet_freesolv,llm_semantic_polar_surface_optimizer_noprior,29162,58.8,46.0867,41.2,0,heldout,
real_moleculenet_freesolv,mixed_kernel_gp_ei,29162,75.8,69.9233,24.2,1,heldout,
real_moleculenet_freesolv,target_acquisition_portfolio,29162,79.0667,71.66,20.9333,1,heldout,
real_moleculenet_freesolv,care_strategy_router,29163,100.0,94.2567,0.0,1,heldout,llm_direct_prior_polar_surface_optimizer_noprior
real_moleculenet_freesolv,gp_ucb,29163,47.6667,46.1367,52.3333,0,heldout,
real_moleculenet_freesolv,llambo_warmstart_polar_surface_optimizer_noprior,29163,100.0,68.0434,0.0,1,heldout,
real_moleculenet_freesolv,llambo_warmstart_selector,29163,100.0,68.0434,0.0,1,heldout,llambo_warmstart_polar_surface_optimizer_noprior
real_moleculenet_freesolv,llm_calibrated_selector,29163,58.8,48.9433,41.2,0,heldout,llm_semantic_polar_surface_optimizer_noprior
real_moleculenet_freesolv,llm_direct_prior_polar_surface_optimizer_noprior,29163,100.0,94.2567,0.0,1,heldout,
real_moleculenet_freesolv,llm_direct_prior_selector,29163,100.0,94.2567,0.0,1,heldout,llm_direct_prior_polar_surface_optimizer_noprior
real_moleculenet_freesolv,llm_semantic_polar_surface_optimizer_noprior,29163,58.8,48.9433,41.2,0,heldout,
real_moleculenet_freesolv,mixed_kernel_gp_ei,29163,64.0333,47.09,35.9667,0,heldout,
real_moleculenet_freesolv,target_acquisition_portfolio,29163,42.5667,42.5667,57.4333,0,heldout,
real_moleculenet_freesolv,care_strategy_router,29164,100.0,60.62,0.0,1,heldout,llm_direct_prior_polar_surface_optimizer_noprior
real_moleculenet_freesolv,gp_ucb,29164,76.8667,62.8233,23.1333,1,heldout,
real_moleculenet_freesolv,llambo_warmstart_polar_surface_optimizer_noprior,29164,59.1333,56.6466,40.8667,0,heldout,
real_moleculenet_freesolv,llambo_warmstart_selector,29164,59.1333,56.6466,40.8667,0,heldout,llambo_warmstart_polar_surface_optimizer_noprior
real_moleculenet_freesolv,llm_calibrated_selector,29164,100.0,72.9433,0.0,1,heldout,llm_semantic_polar_surface_optimizer_noprior
real_moleculenet_freesolv,llm_direct_prior_polar_surface_optimizer_noprior,29164,100.0,60.62,0.0,1,heldout,
real_moleculenet_freesolv,llm_direct_prior_selector,29164,100.0,60.62,0.0,1,heldout,llm_direct_prior_polar_surface_optimizer_noprior
real_moleculenet_freesolv,llm_semantic_polar_surface_optimizer_noprior,29164,100.0,72.9433,0.0,1,heldout,
real_moleculenet_freesolv,mixed_kernel_gp_ei,29164,59.1333,43.36,40.8667,0,heldout,
real_moleculenet_freesolv,target_acquisition_portfolio,29164,76.8667,56.4733,23.1333,1,heldout,
real_moleculenet_freesolv,care_strategy_router,29165,77.2333,77.2333,22.7667,1,heldout,llm_direct_prior_polar_surface_optimizer_noprior
real_moleculenet_freesolv,gp_ucb,29165,79.0667,77.7833,20.9333,1,heldout,
real_moleculenet_freesolv,llambo_warmstart_polar_surface_optimizer_noprior,29165,100.0,100.0,0.0,1,heldout,
real_moleculenet_freesolv,llambo_warmstart_selector,29165,100.0,100.0,0.0,1,heldout,llambo_warmstart_polar_surface_optimizer_noprior
real_moleculenet_freesolv,llm_calibrated_selector,29165,77.2333,77.2333,22.7667,1,heldout,llm_semantic_polar_surface_optimizer_noprior
real_moleculenet_freesolv,llm_direct_prior_polar_surface_optimizer_noprior,29165,77.2333,77.2333,22.7667,1,heldout,
real_moleculenet_freesolv,llm_direct_prior_selector,29165,77.2333,77.2333,22.7667,1,heldout,llm_direct_prior_polar_surface_optimizer_noprior
real_moleculenet_freesolv,llm_semantic_polar_surface_optimizer_noprior,29165,77.2333,77.2333,22.7667,1,heldout,
real_moleculenet_freesolv,mixed_kernel_gp_ei,29165,77.2333,77.2333,22.7667,1,heldout,
real_moleculenet_freesolv,target_acquisition_portfolio,29165,79.0667,77.4166,20.9333,1,heldout,
real_moleculenet_freesolv,care_strategy_router,29166,58.8,56.6467,41.2,0,heldout,llm_direct_prior_polar_surface_optimizer_noprior
real_moleculenet_freesolv,gp_ucb,29166,50.7,47.4533,49.3,0,heldout,
real_moleculenet_freesolv,llambo_warmstart_polar_surface_optimizer_noprior,29166,79.0667,76.14,20.9333,1,heldout,
real_moleculenet_freesolv,llambo_warmstart_selector,29166,79.0667,76.14,20.9333,1,heldout,llambo_warmstart_polar_surface_optimizer_noprior
real_moleculenet_freesolv,llm_calibrated_selector,29166,71.4333,62.1133,28.5667,1,heldout,llm_semantic_polar_surface_optimizer_noprior
real_moleculenet_freesolv,llm_direct_prior_polar_surface_optimizer_noprior,29166,58.8,56.6467,41.2,0,heldout,
real_moleculenet_freesolv,llm_direct_prior_selector,29166,58.8,56.6467,41.2,0,heldout,llm_direct_prior_polar_surface_optimizer_noprior
real_moleculenet_freesolv,llm_semantic_polar_surface_optimizer_noprior,29166,71.4333,62.1133,28.5667,1,heldout,
real_moleculenet_freesolv,mixed_kernel_gp_ei,29166,50.2667,44.4067,49.7333,0,heldout,
real_moleculenet_freesolv,target_acquisition_portfolio,29166,64.0333,50.41,35.9667,0,heldout,
real_moleculenet_freesolv,care_strategy_router,29167,100.0,79.4,0.0,1,heldout,llm_direct_prior_polar_surface_optimizer_noprior
real_moleculenet_freesolv,gp_ucb,29167,71.4333,50.3633,28.5667,1,heldout,
real_moleculenet_freesolv,llambo_warmstart_polar_surface_optimizer_noprior,29167,79.0667,70.17,20.9333,1,heldout,
real_moleculenet_freesolv,llambo_warmstart_selector,29167,79.0667,70.17,20.9333,1,heldout,llambo_warmstart_polar_surface_optimizer_noprior
real_moleculenet_freesolv,llm_calibrated_selector,29167,58.8,55.14,41.2,0,heldout,llm_semantic_polar_surface_optimizer_noprior
real_moleculenet_freesolv,llm_direct_prior_polar_surface_optimizer_noprior,29167,100.0,79.4,0.0,1,heldout,
real_moleculenet_freesolv,llm_direct_prior_selector,29167,100.0,79.4,0.0,1,heldout,llm_direct_prior_polar_surface_optimizer_noprior
real_moleculenet_freesolv,llm_semantic_polar_surface_optimizer_noprior,29167,58.8,55.14,41.2,0,heldout,
real_moleculenet_freesolv,mixed_kernel_gp_ei,29167,76.8667,56.2033,23.1333,1,heldout,
real_moleculenet_freesolv,target_acquisition_portfolio,29167,58.8,50.3333,41.2,0,heldout,
real_moleculenet_freesolv,care_strategy_router,29168,76.8667,65.8333,23.1333,1,heldout,llm_direct_prior_polar_surface_optimizer_noprior
real_moleculenet_freesolv,gp_ucb,29168,79.0667,69.2267,20.9333,1,heldout,
real_moleculenet_freesolv,llambo_warmstart_polar_surface_optimizer_noprior,29168,69.4333,67.43,30.5667,1,heldout,
real_moleculenet_freesolv,llambo_warmstart_selector,29168,69.4333,67.43,30.5667,1,heldout,llambo_warmstart_polar_surface_optimizer_noprior
real_moleculenet_freesolv,llm_calibrated_selector,29168,59.1333,57.7333,40.8667,0,heldout,llm_semantic_polar_surface_optimizer_noprior
real_moleculenet_freesolv,llm_direct_prior_polar_surface_optimizer_noprior,29168,76.8667,65.8333,23.1333,1,heldout,
real_moleculenet_freesolv,llm_direct_prior_selector,29168,76.8667,65.8333,23.1333,1,heldout,llm_direct_prior_polar_surface_optimizer_noprior
real_moleculenet_freesolv,llm_semantic_polar_surface_optimizer_noprior,29168,59.1333,57.7333,40.8667,0,heldout,
real_moleculenet_freesolv,mixed_kernel_gp_ei,29168,69.4333,65.9733,30.5667,1,heldout,
real_moleculenet_freesolv,target_acquisition_portfolio,29168,79.0667,73.4833,20.9333,1,heldout,
real_moleculenet_freesolv,care_strategy_router,29169,76.8667,59.1333,23.1333,1,heldout,llm_direct_prior_polar_surface_optimizer_noprior
real_moleculenet_freesolv,gp_ucb,29169,69.4333,54.9433,30.5667,1,heldout,
real_moleculenet_freesolv,llambo_warmstart_polar_surface_optimizer_noprior,29169,59.1333,59.1333,40.8667,0,heldout,
real_moleculenet_freesolv,llambo_warmstart_selector,29169,59.1333,59.1333,40.8667,0,heldout,llambo_warmstart_polar_surface_optimizer_noprior
real_moleculenet_freesolv,llm_calibrated_selector,29169,58.8,54.4266,41.2,0,heldout,llm_semantic_polar_surface_optimizer_noprior
real_moleculenet_freesolv,llm_direct_prior_polar_surface_optimizer_noprior,29169,76.8667,59.1333,23.1333,1,heldout,
real_moleculenet_freesolv,llm_direct_prior_selector,29169,76.8667,59.1333,23.1333,1,heldout,llm_direct_prior_polar_surface_optimizer_noprior
real_moleculenet_freesolv,llm_semantic_polar_surface_optimizer_noprior,29169,58.8,54.4266,41.2,0,heldout,
real_moleculenet_freesolv,mixed_kernel_gp_ei,29169,53.3333,53.3333,46.6667,0,heldout,
real_moleculenet_freesolv,target_acquisition_portfolio,29169,53.3333,53.3333,46.6667,0,heldout,
real_moleculenet_freesolv,care_strategy_router,29170,76.8667,60.5334,23.1333,1,heldout,llm_direct_prior_polar_surface_optimizer_noprior
real_moleculenet_freesolv,gp_ucb,29170,50.5667,43.2967,49.4333,0,heldout,
real_moleculenet_freesolv,llambo_warmstart_polar_surface_optimizer_noprior,29170,59.1333,57.2,40.8667,0,heldout,
real_moleculenet_freesolv,llambo_warmstart_selector,29170,59.1333,57.2,40.8667,0,heldout,llambo_warmstart_polar_surface_optimizer_noprior
real_moleculenet_freesolv,llm_calibrated_selector,29170,71.4333,62.3566,28.5667,1,heldout,llm_semantic_polar_surface_optimizer_noprior
real_moleculenet_freesolv,llm_direct_prior_polar_surface_optimizer_noprior,29170,76.8667,60.5334,23.1333,1,heldout,
real_moleculenet_freesolv,llm_direct_prior_selector,29170,76.8667,60.5334,23.1333,1,heldout,llm_direct_prior_polar_surface_optimizer_noprior
real_moleculenet_freesolv,llm_semantic_polar_surface_optimizer_noprior,29170,71.4333,62.3566,28.5667,1,heldout,
real_moleculenet_freesolv,mixed_kernel_gp_ei,29170,49.8,41.6367,50.2,0,heldout,
real_moleculenet_freesolv,target_acquisition_portfolio,29170,47.8,39.86,52.2,0,heldout,
real_moleculenet_freesolv,care_strategy_router,29171,100.0,74.2267,0.0,1,heldout,llm_direct_prior_polar_surface_optimizer_noprior
real_moleculenet_freesolv,gp_ucb,29171,44.7333,32.4767,55.2667,0,heldout,
real_moleculenet_freesolv,llambo_warmstart_polar_surface_optimizer_noprior,29171,79.0667,56.4367,20.9333,1,heldout,
real_moleculenet_freesolv,llambo_warmstart_selector,29171,79.0667,56.4367,20.9333,1,heldout,llambo_warmstart_polar_surface_optimizer_noprior
real_moleculenet_freesolv,llm_calibrated_selector,29171,71.4333,52.06,28.5667,1,heldout,llm_semantic_polar_surface_optimizer_noprior
real_moleculenet_freesolv,llm_direct_prior_polar_surface_optimizer_noprior,29171,100.0,74.2267,0.0,1,heldout,
real_moleculenet_freesolv,llm_direct_prior_selector,29171,100.0,74.2267,0.0,1,heldout,llm_direct_prior_polar_surface_optimizer_noprior
real_moleculenet_freesolv,llm_semantic_polar_surface_optimizer_noprior,29171,71.4333,52.06,28.5667,1,heldout,
real_moleculenet_freesolv,mixed_kernel_gp_ei,29171,52.6,42.3933,47.4,0,heldout,
real_moleculenet_freesolv,target_acquisition_portfolio,29171,40.6333,34.43,59.3667,0,heldout,
real_moleculenet_freesolv,care_strategy_router,29172,58.8,53.0467,41.2,0,heldout,llm_direct_prior_polar_surface_optimizer_noprior
real_moleculenet_freesolv,gp_ucb,29172,75.8,60.6933,24.2,1,heldout,
real_moleculenet_freesolv,llambo_warmstart_polar_surface_optimizer_noprior,29172,50.1,48.21,49.9,0,heldout,
real_moleculenet_freesolv,llambo_warmstart_selector,29172,50.1,48.21,49.9,0,heldout,llambo_warmstart_polar_surface_optimizer_noprior
real_moleculenet_freesolv,llm_calibrated_selector,29172,100.0,79.5067,0.0,1,heldout,llm_semantic_polar_surface_optimizer_noprior
real_moleculenet_freesolv,llm_direct_prior_polar_surface_optimizer_noprior,29172,58.8,53.0467,41.2,0,heldout,
real_moleculenet_freesolv,llm_direct_prior_selector,29172,58.8,53.0467,41.2,0,heldout,llm_direct_prior_polar_surface_optimizer_noprior
real_moleculenet_freesolv,llm_semantic_polar_surface_optimizer_noprior,29172,100.0,79.5067,0.0,1,heldout,
real_moleculenet_freesolv,mixed_kernel_gp_ei,29172,73.0667,60.42,26.9333,1,heldout,
real_moleculenet_freesolv,target_acquisition_portfolio,29172,79.0667,62.22,20.9333,1,heldout,
real_moleculenet_freesolv,care_strategy_router,29173,64.0333,59.3233,35.9667,0,heldout,llm_direct_prior_polar_surface_optimizer_noprior
real_moleculenet_freesolv,gp_ucb,29173,64.0333,64.0333,35.9667,0,heldout,
real_moleculenet_freesolv,llambo_warmstart_polar_surface_optimizer_noprior,29173,69.4333,65.6,30.5667,1,heldout,
real_moleculenet_freesolv,llambo_warmstart_selector,29173,69.4333,65.6,30.5667,1,heldout,llambo_warmstart_polar_surface_optimizer_noprior
real_moleculenet_freesolv,llm_calibrated_selector,29173,68.2,62.56,31.8,0,heldout,llm_semantic_polar_surface_optimizer_noprior
real_moleculenet_freesolv,llm_direct_prior_polar_surface_optimizer_noprior,29173,64.0333,59.3233,35.9667,0,heldout,
real_moleculenet_freesolv,llm_direct_prior_selector,29173,64.0333,59.3233,35.9667,0,heldout,llm_direct_prior_polar_surface_optimizer_noprior
real_moleculenet_freesolv,llm_semantic_polar_surface_optimizer_noprior,29173,68.2,62.56,31.8,0,heldout,
real_moleculenet_freesolv,mixed_kernel_gp_ei,29173,64.0333,64.0333,35.9667,0,heldout,
real_moleculenet_freesolv,target_acquisition_portfolio,29173,64.0333,64.0333,35.9667,0,heldout,
real_moleculenet_freesolv,care_strategy_router,29174,64.0333,54.7467,35.9667,0,heldout,llm_direct_prior_polar_surface_optimizer_noprior
real_moleculenet_freesolv,gp_ucb,29174,64.0333,52.2567,35.9667,0,heldout,
real_moleculenet_freesolv,llambo_warmstart_polar_surface_optimizer_noprior,29174,64.0333,61.2466,35.9667,0,heldout,
real_moleculenet_freesolv,llambo_warmstart_selector,29174,64.0333,61.2466,35.9667,0,heldout,llambo_warmstart_polar_surface_optimizer_noprior
real_moleculenet_freesolv,llm_calibrated_selector,29174,59.1333,54.52,40.8667,0,heldout,llm_semantic_polar_surface_optimizer_noprior
real_moleculenet_freesolv,llm_direct_prior_polar_surface_optimizer_noprior,29174,64.0333,54.7467,35.9667,0,heldout,
real_moleculenet_freesolv,llm_direct_prior_selector,29174,64.0333,54.7467,35.9667,0,heldout,llm_direct_prior_polar_surface_optimizer_noprior
real_moleculenet_freesolv,llm_semantic_polar_surface_optimizer_noprior,29174,59.1333,54.52,40.8667,0,heldout,
real_moleculenet_freesolv,mixed_kernel_gp_ei,29174,68.2,53.1767,31.8,0,heldout,
real_moleculenet_freesolv,target_acquisition_portfolio,29174,71.4333,57.1333,28.5667,1,heldout,
real_moleculenet_freesolv,care_strategy_router,29175,76.8667,75.06,23.1333,1,heldout,llm_direct_prior_polar_surface_optimizer_noprior
real_moleculenet_freesolv,gp_ucb,29175,71.4333,69.36,28.5667,1,heldout,
real_moleculenet_freesolv,llambo_warmstart_polar_surface_optimizer_noprior,29175,76.8667,76.8667,23.1333,1,heldout,
real_moleculenet_freesolv,llambo_warmstart_selector,29175,76.8667,76.8667,23.1333,1,heldout,llambo_warmstart_polar_surface_optimizer_noprior
real_moleculenet_freesolv,llm_calibrated_selector,29175,58.8,58.8,41.2,0,heldout,llm_semantic_polar_surface_optimizer_noprior
real_moleculenet_freesolv,llm_direct_prior_polar_surface_optimizer_noprior,29175,76.8667,75.06,23.1333,1,heldout,
real_moleculenet_freesolv,llm_direct_prior_selector,29175,76.8667,75.06,23.1333,1,heldout,llm_direct_prior_polar_surface_optimizer_noprior
real_moleculenet_freesolv,llm_semantic_polar_surface_optimizer_noprior,29175,58.8,58.8,41.2,0,heldout,
real_moleculenet_freesolv,mixed_kernel_gp_ei,29175,71.4333,69.36,28.5667,1,heldout,
real_moleculenet_freesolv,target_acquisition_portfolio,29175,71.4333,69.36,28.5667,1,heldout,
real_moleculenet_freesolv,care_strategy_router,29176,76.8667,76.8667,23.1333,1,heldout,llm_direct_prior_polar_surface_optimizer_noprior
real_moleculenet_freesolv,gp_ucb,29176,42.1,41.22,57.9,0,heldout,
real_moleculenet_freesolv,llambo_warmstart_polar_surface_optimizer_noprior,29176,71.4333,69.43,28.5667,1,heldout,
real_moleculenet_freesolv,llambo_warmstart_selector,29176,71.4333,69.43,28.5667,1,heldout,llambo_warmstart_polar_surface_optimizer_noprior
real_moleculenet_freesolv,llm_calibrated_selector,29176,71.4333,58.97,28.5667,1,heldout,llm_semantic_polar_surface_optimizer_noprior
real_moleculenet_freesolv,llm_direct_prior_polar_surface_optimizer_noprior,29176,76.8667,76.8667,23.1333,1,heldout,
real_moleculenet_freesolv,llm_direct_prior_selector,29176,76.8667,76.8667,23.1333,1,heldout,llm_direct_prior_polar_surface_optimizer_noprior
real_moleculenet_freesolv,llm_semantic_polar_surface_optimizer_noprior,29176,71.4333,58.97,28.5667,1,heldout,
real_moleculenet_freesolv,mixed_kernel_gp_ei,29176,40.9667,40.54,59.0333,0,heldout,
real_moleculenet_freesolv,target_acquisition_portfolio,29176,77.2333,57.0833,22.7667,1,heldout,
real_moleculenet_freesolv,care_strategy_router,29177,100.0,98.62,0.0,1,heldout,llm_direct_prior_polar_surface_optimizer_noprior
real_moleculenet_freesolv,gp_ucb,29177,100.0,79.15,0.0,1,heldout,
real_moleculenet_freesolv,llambo_warmstart_polar_surface_optimizer_noprior,29177,85.0667,63.35,14.9333,1,heldout,
real_moleculenet_freesolv,llambo_warmstart_selector,29177,85.0667,63.35,14.9333,1,heldout,llambo_warmstart_polar_surface_optimizer_noprior
real_moleculenet_freesolv,llm_calibrated_selector,29177,100.0,99.08,0.0,1,heldout,llm_semantic_polar_surface_optimizer_noprior
real_moleculenet_freesolv,llm_direct_prior_polar_surface_optimizer_noprior,29177,100.0,98.62,0.0,1,heldout,
real_moleculenet_freesolv,llm_direct_prior_selector,29177,100.0,98.62,0.0,1,heldout,llm_direct_prior_polar_surface_optimizer_noprior
real_moleculenet_freesolv,llm_semantic_polar_surface_optimizer_noprior,29177,100.0,99.08,0.0,1,heldout,
real_moleculenet_freesolv,mixed_kernel_gp_ei,29177,100.0,79.15,0.0,1,heldout,
real_moleculenet_freesolv,target_acquisition_portfolio,29177,100.0,79.15,0.0,1,heldout,
real_moleculenet_freesolv,care_strategy_router,29178,64.0333,56.0933,35.9667,0,heldout,llm_direct_prior_polar_surface_optimizer_noprior
real_moleculenet_freesolv,gp_ucb,29178,79.0667,63.6933,20.9333,1,heldout,
real_moleculenet_freesolv,llambo_warmstart_polar_surface_optimizer_noprior,29178,64.0333,58.9066,35.9667,0,heldout,
real_moleculenet_freesolv,llambo_warmstart_selector,29178,64.0333,58.9066,35.9667,0,heldout,llambo_warmstart_polar_surface_optimizer_noprior
real_moleculenet_freesolv,llm_calibrated_selector,29178,71.4333,57.2733,28.5667,1,heldout,llm_semantic_polar_surface_optimizer_noprior
real_moleculenet_freesolv,llm_direct_prior_polar_surface_optimizer_noprior,29178,64.0333,56.0933,35.9667,0,heldout,
real_moleculenet_freesolv,llm_direct_prior_selector,29178,64.0333,56.0933,35.9667,0,heldout,llm_direct_prior_polar_surface_optimizer_noprior
real_moleculenet_freesolv,llm_semantic_polar_surface_optimizer_noprior,29178,71.4333,57.2733,28.5667,1,heldout,
real_moleculenet_freesolv,mixed_kernel_gp_ei,29178,73.0667,63.0933,26.9333,1,heldout,
real_moleculenet_freesolv,target_acquisition_portfolio,29178,79.0667,65.4933,20.9333,1,heldout,
real_moleculenet_freesolv,care_strategy_router,29179,47.3333,47.3333,52.6667,0,heldout,llm_direct_prior_polar_surface_optimizer_noprior
real_moleculenet_freesolv,gp_ucb,29179,73.0667,61.51,26.9333,1,heldout,
real_moleculenet_freesolv,llambo_warmstart_polar_surface_optimizer_noprior,29179,64.0333,61.07,35.9667,0,heldout,
real_moleculenet_freesolv,llambo_warmstart_selector,29179,64.0333,61.07,35.9667,0,heldout,llambo_warmstart_polar_surface_optimizer_noprior
real_moleculenet_freesolv,llm_calibrated_selector,29179,48.0333,47.4733,51.9667,0,heldout,llm_semantic_polar_surface_optimizer_noprior
real_moleculenet_freesolv,llm_direct_prior_polar_surface_optimizer_noprior,29179,47.3333,47.3333,52.6667,0,heldout,
real_moleculenet_freesolv,llm_direct_prior_selector,29179,47.3333,47.3333,52.6667,0,heldout,llm_direct_prior_polar_surface_optimizer_noprior
real_moleculenet_freesolv,llm_semantic_polar_surface_optimizer_noprior,29179,48.0333,47.4733,51.9667,0,heldout,
real_moleculenet_freesolv,mixed_kernel_gp_ei,29179,69.4333,59.0533,30.5667,1,heldout,
real_moleculenet_freesolv,target_acquisition_portfolio,29179,79.0667,56.89,20.9333,1,heldout,
real_moleculenet_freesolv,care_strategy_router,29180,100.0,92.42,0.0,1,heldout,llm_direct_prior_polar_surface_optimizer_noprior
real_moleculenet_freesolv,gp_ucb,29180,56.5,45.9834,43.5,0,heldout,
real_moleculenet_freesolv,llambo_warmstart_polar_surface_optimizer_noprior,29180,71.4333,69.43,28.5667,1,heldout,
real_moleculenet_freesolv,llambo_warmstart_selector,29180,71.4333,69.43,28.5667,1,heldout,llambo_warmstart_polar_surface_optimizer_noprior
real_moleculenet_freesolv,llm_calibrated_selector,29180,100.0,92.88,0.0,1,heldout,llm_semantic_polar_surface_optimizer_noprior
real_moleculenet_freesolv,llm_direct_prior_polar_surface_optimizer_noprior,29180,100.0,92.42,0.0,1,heldout,
real_moleculenet_freesolv,llm_direct_prior_selector,29180,100.0,92.42,0.0,1,heldout,llm_direct_prior_polar_surface_optimizer_noprior
real_moleculenet_freesolv,llm_semantic_polar_surface_optimizer_noprior,29180,100.0,92.88,0.0,1,heldout,
real_moleculenet_freesolv,mixed_kernel_gp_ei,29180,73.0667,51.2533,26.9333,1,heldout,
real_moleculenet_freesolv,target_acquisition_portfolio,29180,77.2333,52.45,22.7667,1,heldout,
real_moleculenet_freesolv,care_strategy_router,29181,100.0,52.6867,0.0,1,heldout,llm_direct_prior_polar_surface_optimizer_noprior
real_moleculenet_freesolv,gp_ucb,29181,75.8,64.3567,24.2,1,heldout,
real_moleculenet_freesolv,llambo_warmstart_polar_surface_optimizer_noprior,29181,79.0667,60.1033,20.9333,1,heldout,
real_moleculenet_freesolv,llambo_warmstart_selector,29181,79.0667,60.1033,20.9333,1,heldout,llambo_warmstart_polar_surface_optimizer_noprior
real_moleculenet_freesolv,llm_calibrated_selector,29181,100.0,81.0833,0.0,1,heldout,llm_semantic_polar_surface_optimizer_noprior
real_moleculenet_freesolv,llm_direct_prior_polar_surface_optimizer_noprior,29181,100.0,52.6867,0.0,1,heldout,
real_moleculenet_freesolv,llm_direct_prior_selector,29181,100.0,52.6867,0.0,1,heldout,llm_direct_prior_polar_surface_optimizer_noprior
real_moleculenet_freesolv,llm_semantic_polar_surface_optimizer_noprior,29181,100.0,81.0833,0.0,1,heldout,
real_moleculenet_freesolv,mixed_kernel_gp_ei,29181,75.8,64.3567,24.2,1,heldout,
real_moleculenet_freesolv,target_acquisition_portfolio,29181,79.0667,58.0333,20.9333,1,heldout,
real_moleculenet_freesolv,care_strategy_router,29182,50.1,43.44,49.9,0,heldout,llm_direct_prior_polar_surface_optimizer_noprior
real_moleculenet_freesolv,gp_ucb,29182,47.6667,47.6667,52.3333,0,heldout,
real_moleculenet_freesolv,llambo_warmstart_polar_surface_optimizer_noprior,29182,71.4333,69.43,28.5667,1,heldout,
real_moleculenet_freesolv,llambo_warmstart_selector,29182,71.4333,69.43,28.5667,1,heldout,llambo_warmstart_polar_surface_optimizer_noprior
real_moleculenet_freesolv,llm_calibrated_selector,29182,100.0,81.8333,0.0,1,heldout,llm_semantic_polar_surface_optimizer_noprior
real_moleculenet_freesolv,llm_direct_prior_polar_surface_optimizer_noprior,29182,50.1,43.44,49.9,0,heldout,
real_moleculenet_freesolv,llm_direct_prior_selector,29182,50.1,43.44,49.9,0,heldout,llm_direct_prior_polar_surface_optimizer_noprior
real_moleculenet_freesolv,llm_semantic_polar_surface_optimizer_noprior,29182,100.0,81.8333,0.0,1,heldout,
real_moleculenet_freesolv,mixed_kernel_gp_ei,29182,47.6667,47.6667,52.3333,0,heldout,
real_moleculenet_freesolv,target_acquisition_portfolio,29182,47.6667,47.6667,52.3333,0,heldout,
real_moleculenet_freesolv,care_strategy_router,29183,79.0667,79.0667,20.9333,1,heldout,llm_direct_prior_polar_surface_optimizer_noprior
real_moleculenet_freesolv,gp_ucb,29183,79.0667,79.0667,20.9333,1,heldout,
real_moleculenet_freesolv,llambo_warmstart_polar_surface_optimizer_noprior,29183,64.0333,58.9066,35.9667,0,heldout,
real_moleculenet_freesolv,llambo_warmstart_selector,29183,64.0333,58.9066,35.9667,0,heldout,llambo_warmstart_polar_surface_optimizer_noprior
real_moleculenet_freesolv,llm_calibrated_selector,29183,79.0667,79.0667,20.9333,1,heldout,llm_semantic_polar_surface_optimizer_noprior
real_moleculenet_freesolv,llm_direct_prior_polar_surface_optimizer_noprior,29183,79.0667,79.0667,20.9333,1,heldout,
real_moleculenet_freesolv,llm_direct_prior_selector,29183,79.0667,79.0667,20.9333,1,heldout,llm_direct_prior_polar_surface_optimizer_noprior
real_moleculenet_freesolv,llm_semantic_polar_surface_optimizer_noprior,29183,79.0667,79.0667,20.9333,1,heldout,
real_moleculenet_freesolv,mixed_kernel_gp_ei,29183,79.0667,79.0667,20.9333,1,heldout,
real_moleculenet_freesolv,target_acquisition_portfolio,29183,79.0667,79.0667,20.9333,1,heldout,
real_moleculenet_freesolv,care_strategy_router,29184,100.0,63.22,0.0,1,heldout,llm_direct_prior_polar_surface_optimizer_noprior
real_moleculenet_freesolv,gp_ucb,29184,71.4333,62.8233,28.5667,1,heldout,
real_moleculenet_freesolv,llambo_warmstart_polar_surface_optimizer_noprior,29184,85.0667,63.35,14.9333,1,heldout,
real_moleculenet_freesolv,llambo_warmstart_selector,29184,85.0667,63.35,14.9333,1,heldout,llambo_warmstart_polar_surface_optimizer_noprior
real_moleculenet_freesolv,llm_calibrated_selector,29184,59.1333,59.1333,40.8667,0,heldout,llm_semantic_polar_surface_optimizer_noprior
real_moleculenet_freesolv,llm_direct_prior_polar_surface_optimizer_noprior,29184,100.0,63.22,0.0,1,heldout,
real_moleculenet_freesolv,llm_direct_prior_selector,29184,100.0,63.22,0.0,1,heldout,llm_direct_prior_polar_surface_optimizer_noprior
real_moleculenet_freesolv,llm_semantic_polar_surface_optimizer_noprior,29184,59.1333,59.1333,40.8667,0,heldout,
real_moleculenet_freesolv,mixed_kernel_gp_ei,29184,71.4333,62.8233,28.5667,1,heldout,
real_moleculenet_freesolv,target_acquisition_portfolio,29184,71.4333,62.8233,28.5667,1,heldout,
real_moleculenet_freesolv,care_strategy_router,29185,76.8667,76.8667,23.1333,1,heldout,llm_direct_prior_polar_surface_optimizer_noprior
real_moleculenet_freesolv,gp_ucb,29185,50.7333,41.87,49.2667,0,heldout,
real_moleculenet_freesolv,llambo_warmstart_polar_surface_optimizer_noprior,29185,64.0333,56.26,35.9667,0,heldout,
real_moleculenet_freesolv,llambo_warmstart_selector,29185,64.0333,56.26,35.9667,0,heldout,llambo_warmstart_polar_surface_optimizer_noprior
real_moleculenet_freesolv,llm_calibrated_selector,29185,76.8667,76.8667,23.1333,1,heldout,llm_semantic_polar_surface_optimizer_noprior
real_moleculenet_freesolv,llm_direct_prior_polar_surface_optimizer_noprior,29185,76.8667,76.8667,23.1333,1,heldout,
real_moleculenet_freesolv,llm_direct_prior_selector,29185,76.8667,76.8667,23.1333,1,heldout,llm_direct_prior_polar_surface_optimizer_noprior
real_moleculenet_freesolv,llm_semantic_polar_surface_optimizer_noprior,29185,76.8667,76.8667,23.1333,1,heldout,
real_moleculenet_freesolv,mixed_kernel_gp_ei,29185,100.0,70.2467,0.0,1,heldout,
real_moleculenet_freesolv,target_acquisition_portfolio,29185,49.4,41.6,50.6,0,heldout,
real_moleculenet_freesolv,care_strategy_router,29186,77.2333,70.7567,22.7667,1,heldout,llm_direct_prior_polar_surface_optimizer_noprior
real_moleculenet_freesolv,gp_ucb,29186,75.8,54.95,24.2,1,heldout,
real_moleculenet_freesolv,llambo_warmstart_polar_surface_optimizer_noprior,29186,76.8667,73.7934,23.1333,1,heldout,
real_moleculenet_freesolv,llambo_warmstart_selector,29186,76.8667,73.7934,23.1333,1,heldout,llambo_warmstart_polar_surface_optimizer_noprior
real_moleculenet_freesolv,llm_calibrated_selector,29186,100.0,76.4967,0.0,1,heldout,llm_semantic_polar_surface_optimizer_noprior
real_moleculenet_freesolv,llm_direct_prior_polar_surface_optimizer_noprior,29186,77.2333,70.7567,22.7667,1,heldout,
real_moleculenet_freesolv,llm_direct_prior_selector,29186,77.2333,70.7567,22.7667,1,heldout,llm_direct_prior_polar_surface_optimizer_noprior
real_moleculenet_freesolv,llm_semantic_polar_surface_optimizer_noprior,29186,100.0,76.4967,0.0,1,heldout,
real_moleculenet_freesolv,mixed_kernel_gp_ei,29186,69.4333,52.22,30.5667,1,heldout,
real_moleculenet_freesolv,target_acquisition_portfolio,29186,77.2333,55.38,22.7667,1,heldout,
real_moleculenet_freesolv,care_strategy_router,29187,76.8667,64.4533,23.1333,1,heldout,llm_direct_prior_polar_surface_optimizer_noprior
real_moleculenet_freesolv,gp_ucb,29187,71.4333,62.8233,28.5667,1,heldout,
real_moleculenet_freesolv,llambo_warmstart_polar_surface_optimizer_noprior,29187,64.0333,58.9633,35.9667,0,heldout,
real_moleculenet_freesolv,llambo_warmstart_selector,29187,64.0333,58.9633,35.9667,0,heldout,llambo_warmstart_polar_surface_optimizer_noprior
real_moleculenet_freesolv,llm_calibrated_selector,29187,59.1333,59.1333,40.8667,0,heldout,llm_semantic_polar_surface_optimizer_noprior
real_moleculenet_freesolv,llm_direct_prior_polar_surface_optimizer_noprior,29187,76.8667,64.4533,23.1333,1,heldout,
real_moleculenet_freesolv,llm_direct_prior_selector,29187,76.8667,64.4533,23.1333,1,heldout,llm_direct_prior_polar_surface_optimizer_noprior
real_moleculenet_freesolv,llm_semantic_polar_surface_optimizer_noprior,29187,59.1333,59.1333,40.8667,0,heldout,
real_moleculenet_freesolv,mixed_kernel_gp_ei,29187,59.1333,59.1333,40.8667,0,heldout,
real_moleculenet_freesolv,target_acquisition_portfolio,29187,71.4333,60.3633,28.5667,1,heldout,
real_moleculenet_freesolv,care_strategy_router,29188,76.8667,76.8667,23.1333,1,heldout,llm_direct_prior_polar_surface_optimizer_noprior
real_moleculenet_freesolv,gp_ucb,29188,79.0667,68.6267,20.9333,1,heldout,
real_moleculenet_freesolv,llambo_warmstart_polar_surface_optimizer_noprior,29188,68.2,60.9833,31.8,0,heldout,
real_moleculenet_freesolv,llambo_warmstart_selector,29188,68.2,60.9833,31.8,0,heldout,llambo_warmstart_polar_surface_optimizer_noprior
real_moleculenet_freesolv,llm_calibrated_selector,29188,79.0667,60.98,20.9333,1,heldout,llm_semantic_polar_surface_optimizer_noprior
real_moleculenet_freesolv,llm_direct_prior_polar_surface_optimizer_noprior,29188,76.8667,76.8667,23.1333,1,heldout,
real_moleculenet_freesolv,llm_direct_prior_selector,29188,76.8667,76.8667,23.1333,1,heldout,llm_direct_prior_polar_surface_optimizer_noprior
real_moleculenet_freesolv,llm_semantic_polar_surface_optimizer_noprior,29188,79.0667,60.98,20.9333,1,heldout,
real_moleculenet_freesolv,mixed_kernel_gp_ei,29188,69.4333,65.9733,30.5667,1,heldout,
real_moleculenet_freesolv,target_acquisition_portfolio,29188,79.0667,70.79,20.9333,1,heldout,
real_moleculenet_freesolv,care_strategy_router,29189,100.0,60.9333,0.0,1,heldout,llm_direct_prior_polar_surface_optimizer_noprior
real_moleculenet_freesolv,gp_ucb,29189,71.4333,58.5766,28.5667,1,heldout,
real_moleculenet_freesolv,llambo_warmstart_polar_surface_optimizer_noprior,29189,85.0667,63.35,14.9333,1,heldout,
real_moleculenet_freesolv,llambo_warmstart_selector,29189,85.0667,63.35,14.9333,1,heldout,llambo_warmstart_polar_surface_optimizer_noprior
real_moleculenet_freesolv,llm_calibrated_selector,29189,100.0,88.6533,0.0,1,heldout,llm_semantic_polar_surface_optimizer_noprior
real_moleculenet_freesolv,llm_direct_prior_polar_surface_optimizer_noprior,29189,100.0,60.9333,0.0,1,heldout,
real_moleculenet_freesolv,llm_direct_prior_selector,29189,100.0,60.9333,0.0,1,heldout,llm_direct_prior_polar_surface_optimizer_noprior
real_moleculenet_freesolv,llm_semantic_polar_surface_optimizer_noprior,29189,100.0,88.6533,0.0,1,heldout,
real_moleculenet_freesolv,mixed_kernel_gp_ei,29189,64.0333,54.6266,35.9667,0,heldout,
real_moleculenet_freesolv,target_acquisition_portfolio,29189,64.0333,54.6266,35.9667,0,heldout,
real_moleculenet_freesolv,care_strategy_router,29190,76.8667,58.7633,23.1333,1,heldout,llm_direct_prior_polar_surface_optimizer_noprior
real_moleculenet_freesolv,gp_ucb,29190,32.7333,32.3333,67.2667,0,heldout,
real_moleculenet_freesolv,llambo_warmstart_polar_surface_optimizer_noprior,29190,69.4333,65.4266,30.5667,1,heldout,
real_moleculenet_freesolv,llambo_warmstart_selector,29190,69.4333,65.4266,30.5667,1,heldout,llambo_warmstart_polar_surface_optimizer_noprior
real_moleculenet_freesolv,llm_calibrated_selector,29190,58.8,41.75,41.2,0,heldout,llm_semantic_polar_surface_optimizer_noprior
real_moleculenet_freesolv,llm_direct_prior_polar_surface_optimizer_noprior,29190,76.8667,58.7633,23.1333,1,heldout,
real_moleculenet_freesolv,llm_direct_prior_selector,29190,76.8667,58.7633,23.1333,1,heldout,llm_direct_prior_polar_surface_optimizer_noprior
real_moleculenet_freesolv,llm_semantic_polar_surface_optimizer_noprior,29190,58.8,41.75,41.2,0,heldout,
real_moleculenet_freesolv,mixed_kernel_gp_ei,29190,32.7333,32.3333,67.2667,0,heldout,
real_moleculenet_freesolv,target_acquisition_portfolio,29190,32.7333,32.3333,67.2667,0,heldout,
real_moleculenet_freesolv,care_strategy_router,29191,100.0,77.0867,0.0,1,heldout,llm_direct_prior_polar_surface_optimizer_noprior
real_moleculenet_freesolv,gp_ucb,29191,50.1,41.0667,49.9,0,heldout,
real_moleculenet_freesolv,llambo_warmstart_polar_surface_optimizer_noprior,29191,79.0667,76.14,20.9333,1,heldout,
real_moleculenet_freesolv,llambo_warmstart_selector,29191,79.0667,76.14,20.9333,1,heldout,llambo_warmstart_polar_surface_optimizer_noprior
real_moleculenet_freesolv,llm_calibrated_selector,29191,58.8,48.7167,41.2,0,heldout,llm_semantic_polar_surface_optimizer_noprior
real_moleculenet_freesolv,llm_direct_prior_polar_surface_optimizer_noprior,29191,100.0,77.0867,0.0,1,heldout,
real_moleculenet_freesolv,llm_direct_prior_selector,29191,100.0,77.0867,0.0,1,heldout,llm_direct_prior_polar_surface_optimizer_noprior
real_moleculenet_freesolv,llm_semantic_polar_surface_optimizer_noprior,29191,58.8,48.7167,41.2,0,heldout,
real_moleculenet_freesolv,mixed_kernel_gp_ei,29191,58.8,43.1967,41.2,0,heldout,
real_moleculenet_freesolv,target_acquisition_portfolio,29191,77.2333,59.2333,22.7667,1,heldout,
real_moleculenet_freesolv,care_strategy_router,29192,100.0,69.3,0.0,1,heldout,llm_direct_prior_polar_surface_optimizer_noprior
real_moleculenet_freesolv,gp_ucb,29192,75.8,53.2733,24.2,1,heldout,
real_moleculenet_freesolv,llambo_warmstart_polar_surface_optimizer_noprior,29192,64.0333,60.3,35.9667,0,heldout,
real_moleculenet_freesolv,llambo_warmstart_selector,29192,64.0333,60.3,35.9667,0,heldout,llambo_warmstart_polar_surface_optimizer_noprior
real_moleculenet_freesolv,llm_calibrated_selector,29192,71.4333,46.1366,28.5667,1,heldout,llm_semantic_polar_surface_optimizer_noprior
real_moleculenet_freesolv,llm_direct_prior_polar_surface_optimizer_noprior,29192,100.0,69.3,0.0,1,heldout,
real_moleculenet_freesolv,llm_direct_prior_selector,29192,100.0,69.3,0.0,1,heldout,llm_direct_prior_polar_surface_optimizer_noprior
real_moleculenet_freesolv,llm_semantic_polar_surface_optimizer_noprior,29192,71.4333,46.1366,28.5667,1,heldout,
real_moleculenet_freesolv,mixed_kernel_gp_ei,29192,42.1,39.9967,57.9,0,heldout,
real_moleculenet_freesolv,target_acquisition_portfolio,29192,43.2667,40.35,56.7333,0,heldout,
real_moleculenet_freesolv,care_strategy_router,29193,100.0,60.1633,0.0,1,heldout,llm_direct_prior_polar_surface_optimizer_noprior
real_moleculenet_freesolv,gp_ucb,29193,100.0,71.7467,0.0,1,heldout,
real_moleculenet_freesolv,llambo_warmstart_polar_surface_optimizer_noprior,29193,59.1333,59.1333,40.8667,0,heldout,
real_moleculenet_freesolv,llambo_warmstart_selector,29193,59.1333,59.1333,40.8667,0,heldout,llambo_warmstart_polar_surface_optimizer_noprior
real_moleculenet_freesolv,llm_calibrated_selector,29193,58.8,54.3033,41.2,0,heldout,llm_semantic_polar_surface_optimizer_noprior
real_moleculenet_freesolv,llm_direct_prior_polar_surface_optimizer_noprior,29193,100.0,60.1633,0.0,1,heldout,
real_moleculenet_freesolv,llm_direct_prior_selector,29193,100.0,60.1633,0.0,1,heldout,llm_direct_prior_polar_surface_optimizer_noprior
real_moleculenet_freesolv,llm_semantic_polar_surface_optimizer_noprior,29193,58.8,54.3033,41.2,0,heldout,
real_moleculenet_freesolv,mixed_kernel_gp_ei,29193,71.4333,58.97,28.5667,1,heldout,
real_moleculenet_freesolv,target_acquisition_portfolio,29193,100.0,71.7467,0.0,1,heldout,
real_moleculenet_freesolv,care_strategy_router,29194,76.8667,76.8667,23.1333,1,heldout,llm_direct_prior_polar_surface_optimizer_noprior
real_moleculenet_freesolv,gp_ucb,29194,55.1,51.37,44.9,0,heldout,
real_moleculenet_freesolv,llambo_warmstart_polar_surface_optimizer_noprior,29194,71.4333,66.67,28.5667,1,heldout,
real_moleculenet_freesolv,llambo_warmstart_selector,29194,71.4333,66.67,28.5667,1,heldout,llambo_warmstart_polar_surface_optimizer_noprior
real_moleculenet_freesolv,llm_calibrated_selector,29194,100.0,75.5733,0.0,1,heldout,llm_semantic_polar_surface_optimizer_noprior
real_moleculenet_freesolv,llm_direct_prior_polar_surface_optimizer_noprior,29194,76.8667,76.8667,23.1333,1,heldout,
real_moleculenet_freesolv,llm_direct_prior_selector,29194,76.8667,76.8667,23.1333,1,heldout,llm_direct_prior_polar_surface_optimizer_noprior
real_moleculenet_freesolv,llm_semantic_polar_surface_optimizer_noprior,29194,100.0,75.5733,0.0,1,heldout,
real_moleculenet_freesolv,mixed_kernel_gp_ei,29194,73.0667,55.28,26.9333,1,heldout,
real_moleculenet_freesolv,target_acquisition_portfolio,29194,79.0667,56.3633,20.9333,1,heldout,
real_moleculenet_freesolv,care_strategy_router,29195,100.0,82.65,0.0,1,heldout,llm_direct_prior_polar_surface_optimizer_noprior
real_moleculenet_freesolv,gp_ucb,29195,40.9667,40.9667,59.0333,0,heldout,
real_moleculenet_freesolv,llambo_warmstart_polar_surface_optimizer_noprior,29195,64.0333,63.51,35.9667,0,heldout,
real_moleculenet_freesolv,llambo_warmstart_selector,29195,64.0333,63.51,35.9667,0,heldout,llambo_warmstart_polar_surface_optimizer_noprior
real_moleculenet_freesolv,llm_calibrated_selector,29195,100.0,82.65,0.0,1,heldout,llm_semantic_polar_surface_optimizer_noprior
real_moleculenet_freesolv,llm_direct_prior_polar_surface_optimizer_noprior,29195,100.0,82.65,0.0,1,heldout,
real_moleculenet_freesolv,llm_direct_prior_selector,29195,100.0,82.65,0.0,1,heldout,llm_direct_prior_polar_surface_optimizer_noprior
real_moleculenet_freesolv,llm_semantic_polar_surface_optimizer_noprior,29195,100.0,82.65,0.0,1,heldout,
real_moleculenet_freesolv,mixed_kernel_gp_ei,29195,40.9667,40.9667,59.0333,0,heldout,
real_moleculenet_freesolv,target_acquisition_portfolio,29195,47.6333,44.9667,52.3667,0,heldout,
real_moleculenet_freesolv,care_strategy_router,29196,59.1333,57.94,40.8667,0,heldout,llm_direct_prior_polar_surface_optimizer_noprior
real_moleculenet_freesolv,gp_ucb,29196,76.8667,67.3634,23.1333,1,heldout,
real_moleculenet_freesolv,llambo_warmstart_polar_surface_optimizer_noprior,29196,68.2,51.91,31.8,0,heldout,
real_moleculenet_freesolv,llambo_warmstart_selector,29196,68.2,51.91,31.8,0,heldout,llambo_warmstart_polar_surface_optimizer_noprior
real_moleculenet_freesolv,llm_calibrated_selector,29196,71.4333,60.4667,28.5667,1,heldout,llm_semantic_polar_surface_optimizer_noprior
real_moleculenet_freesolv,llm_direct_prior_polar_surface_optimizer_noprior,29196,59.1333,57.94,40.8667,0,heldout,
real_moleculenet_freesolv,llm_direct_prior_selector,29196,59.1333,57.94,40.8667,0,heldout,llm_direct_prior_polar_surface_optimizer_noprior
real_moleculenet_freesolv,llm_semantic_polar_surface_optimizer_noprior,29196,71.4333,60.4667,28.5667,1,heldout,
real_moleculenet_freesolv,mixed_kernel_gp_ei,29196,76.8667,65.3267,23.1333,1,heldout,
real_moleculenet_freesolv,target_acquisition_portfolio,29196,76.8667,67.3634,23.1333,1,heldout,
real_moleculenet_freesolv,care_strategy_router,29197,100.0,92.78,0.0,1,heldout,llm_direct_prior_polar_surface_optimizer_noprior
real_moleculenet_freesolv,gp_ucb,29197,85.0667,50.0434,14.9333,1,heldout,
real_moleculenet_freesolv,llambo_warmstart_polar_surface_optimizer_noprior,29197,59.1333,58.1666,40.8667,0,heldout,
real_moleculenet_freesolv,llambo_warmstart_selector,29197,59.1333,58.1666,40.8667,0,heldout,llambo_warmstart_polar_surface_optimizer_noprior
real_moleculenet_freesolv,llm_calibrated_selector,29197,71.4333,55.19,28.5667,1,heldout,llm_semantic_polar_surface_optimizer_noprior
real_moleculenet_freesolv,llm_direct_prior_polar_surface_optimizer_noprior,29197,100.0,92.78,0.0,1,heldout,
real_moleculenet_freesolv,llm_direct_prior_selector,29197,100.0,92.78,0.0,1,heldout,llm_direct_prior_polar_surface_optimizer_noprior
real_moleculenet_freesolv,llm_semantic_polar_surface_optimizer_noprior,29197,71.4333,55.19,28.5667,1,heldout,
real_moleculenet_freesolv,mixed_kernel_gp_ei,29197,75.8,58.0033,24.2,1,heldout,
real_moleculenet_freesolv,target_acquisition_portfolio,29197,85.0667,50.0434,14.9333,1,heldout,
real_moleculenet_freesolv,care_strategy_router,29198,100.0,81.73,0.0,1,heldout,llm_direct_prior_polar_surface_optimizer_noprior
real_moleculenet_freesolv,gp_ucb,29198,40.9667,37.2867,59.0333,0,heldout,
real_moleculenet_freesolv,llambo_warmstart_polar_surface_optimizer_noprior,29198,100.0,94.0267,0.0,1,heldout,
real_moleculenet_freesolv,llambo_warmstart_selector,29198,100.0,94.0267,0.0,1,heldout,llambo_warmstart_polar_surface_optimizer_noprior
real_moleculenet_freesolv,llm_calibrated_selector,29198,100.0,94.2167,0.0,1,heldout,llm_semantic_polar_surface_optimizer_noprior
real_moleculenet_freesolv,llm_direct_prior_polar_surface_optimizer_noprior,29198,100.0,81.73,0.0,1,heldout,
real_moleculenet_freesolv,llm_direct_prior_selector,29198,100.0,81.73,0.0,1,heldout,llm_direct_prior_polar_surface_optimizer_noprior
real_moleculenet_freesolv,llm_semantic_polar_surface_optimizer_noprior,29198,100.0,94.2167,0.0,1,heldout,
real_moleculenet_freesolv,mixed_kernel_gp_ei,29198,56.5,49.3334,43.5,0,heldout,
real_moleculenet_freesolv,target_acquisition_portfolio,29198,43.2667,36.9434,56.7333,0,heldout,
real_moleculenet_freesolv,care_strategy_router,29199,77.2333,75.1333,22.7667,1,heldout,llm_direct_prior_polar_surface_optimizer_noprior
real_moleculenet_freesolv,gp_ucb,29199,71.4333,44.3267,28.5667,1,heldout,
real_moleculenet_freesolv,llambo_warmstart_polar_surface_optimizer_noprior,29199,59.1333,59.1333,40.8667,0,heldout,
real_moleculenet_freesolv,llambo_warmstart_selector,29199,59.1333,59.1333,40.8667,0,heldout,llambo_warmstart_polar_surface_optimizer_noprior
real_moleculenet_freesolv,llm_calibrated_selector,29199,50.7,50.22,49.3,0,heldout,llm_semantic_polar_surface_optimizer_noprior
real_moleculenet_freesolv,llm_direct_prior_polar_surface_optimizer_noprior,29199,77.2333,75.1333,22.7667,1,heldout,
real_moleculenet_freesolv,llm_direct_prior_selector,29199,77.2333,75.1333,22.7667,1,heldout,llm_direct_prior_polar_surface_optimizer_noprior
real_moleculenet_freesolv,llm_semantic_polar_surface_optimizer_noprior,29199,50.7,50.22,49.3,0,heldout,
real_moleculenet_freesolv,mixed_kernel_gp_ei,29199,71.4333,57.9066,28.5667,1,heldout,
real_moleculenet_freesolv,target_acquisition_portfolio,29199,71.4333,60.5766,28.5667,1,heldout,
real_moleculenet_freesolv,care_strategy_router,29200,100.0,57.64,0.0,1,heldout,llm_direct_prior_polar_surface_optimizer_noprior
real_moleculenet_freesolv,gp_ucb,29200,38.3333,37.08,61.6667,0,heldout,
real_moleculenet_freesolv,llambo_warmstart_polar_surface_optimizer_noprior,29200,76.8667,69.2067,23.1333,1,heldout,
real_moleculenet_freesolv,llambo_warmstart_selector,29200,76.8667,69.2067,23.1333,1,heldout,llambo_warmstart_polar_surface_optimizer_noprior
real_moleculenet_freesolv,llm_calibrated_selector,29200,58.8,47.78,41.2,0,heldout,llm_semantic_polar_surface_optimizer_noprior
real_moleculenet_freesolv,llm_direct_prior_polar_surface_optimizer_noprior,29200,100.0,57.64,0.0,1,heldout,
real_moleculenet_freesolv,llm_direct_prior_selector,29200,100.0,57.64,0.0,1,heldout,llm_direct_prior_polar_surface_optimizer_noprior
real_moleculenet_freesolv,llm_semantic_polar_surface_optimizer_noprior,29200,58.8,47.78,41.2,0,heldout,
real_moleculenet_freesolv,mixed_kernel_gp_ei,29200,38.3333,37.08,61.6667,0,heldout,
real_moleculenet_freesolv,target_acquisition_portfolio,29200,38.3333,37.08,61.6667,0,heldout,
real_moleculenet_freesolv,care_strategy_router,29201,100.0,77.3133,0.0,1,heldout,llm_direct_prior_polar_surface_optimizer_noprior
real_moleculenet_freesolv,gp_ucb,29201,68.2,59.3833,31.8,0,heldout,
real_moleculenet_freesolv,llambo_warmstart_polar_surface_optimizer_noprior,29201,85.0667,65.5333,14.9333,1,heldout,
real_moleculenet_freesolv,llambo_warmstart_selector,29201,85.0667,65.5333,14.9333,1,heldout,llambo_warmstart_polar_surface_optimizer_noprior
real_moleculenet_freesolv,llm_calibrated_selector,29201,76.8667,57.45,23.1333,1,heldout,llm_semantic_polar_surface_optimizer_noprior
real_moleculenet_freesolv,llm_direct_prior_polar_surface_optimizer_noprior,29201,100.0,77.3133,0.0,1,heldout,
real_moleculenet_freesolv,llm_direct_prior_selector,29201,100.0,77.3133,0.0,1,heldout,llm_direct_prior_polar_surface_optimizer_noprior
real_moleculenet_freesolv,llm_semantic_polar_surface_optimizer_noprior,29201,76.8667,57.45,23.1333,1,heldout,
real_moleculenet_freesolv,mixed_kernel_gp_ei,29201,69.4333,53.1533,30.5667,1,heldout,
real_moleculenet_freesolv,target_acquisition_portfolio,29201,69.4333,53.1533,30.5667,1,heldout,
real_moleculenet_freesolv,care_strategy_router,29202,100.0,77.7367,0.0,1,heldout,llm_direct_prior_polar_surface_optimizer_noprior
real_moleculenet_freesolv,gp_ucb,29202,100.0,93.2967,0.0,1,heldout,
real_moleculenet_freesolv,llambo_warmstart_polar_surface_optimizer_noprior,29202,68.2,61.9667,31.8,0,heldout,
real_moleculenet_freesolv,llambo_warmstart_selector,29202,68.2,61.9667,31.8,0,heldout,llambo_warmstart_polar_surface_optimizer_noprior
real_moleculenet_freesolv,llm_calibrated_selector,29202,100.0,94.2167,0.0,1,heldout,llm_semantic_polar_surface_optimizer_noprior
real_moleculenet_freesolv,llm_direct_prior_polar_surface_optimizer_noprior,29202,100.0,77.7367,0.0,1,heldout,
real_moleculenet_freesolv,llm_direct_prior_selector,29202,100.0,77.7367,0.0,1,heldout,llm_direct_prior_polar_surface_optimizer_noprior
real_moleculenet_freesolv,llm_semantic_polar_surface_optimizer_noprior,29202,100.0,94.2167,0.0,1,heldout,
real_moleculenet_freesolv,mixed_kernel_gp_ei,29202,100.0,92.8367,0.0,1,heldout,
real_moleculenet_freesolv,target_acquisition_portfolio,29202,100.0,92.8367,0.0,1,heldout,
real_moleculenet_freesolv,care_strategy_router,29203,58.8,49.9033,41.2,0,heldout,llm_direct_prior_polar_surface_optimizer_noprior
real_moleculenet_freesolv,gp_ucb,29203,48.8333,48.8333,51.1667,0,heldout,
real_moleculenet_freesolv,llambo_warmstart_polar_surface_optimizer_noprior,29203,50.1,43.5467,49.9,0,heldout,
real_moleculenet_freesolv,llambo_warmstart_selector,29203,50.1,43.5467,49.9,0,heldout,llambo_warmstart_polar_surface_optimizer_noprior
real_moleculenet_freesolv,llm_calibrated_selector,29203,100.0,55.28,0.0,1,heldout,llm_semantic_polar_surface_optimizer_noprior
real_moleculenet_freesolv,llm_direct_prior_polar_surface_optimizer_noprior,29203,58.8,49.9033,41.2,0,heldout,
real_moleculenet_freesolv,llm_direct_prior_selector,29203,58.8,49.9033,41.2,0,heldout,llm_direct_prior_polar_surface_optimizer_noprior
real_moleculenet_freesolv,llm_semantic_polar_surface_optimizer_noprior,29203,100.0,55.28,0.0,1,heldout,
real_moleculenet_freesolv,mixed_kernel_gp_ei,29203,48.8333,48.8333,51.1667,0,heldout,
real_moleculenet_freesolv,target_acquisition_portfolio,29203,69.4333,54.69,30.5667,1,heldout,
real_moleculenet_freesolv,care_strategy_router,29204,100.0,88.7667,0.0,1,heldout,llm_direct_prior_polar_surface_optimizer_noprior
real_moleculenet_freesolv,gp_ucb,29204,52.1333,45.9567,47.8667,0,heldout,
real_moleculenet_freesolv,llambo_warmstart_polar_surface_optimizer_noprior,29204,64.0333,60.15,35.9667,0,heldout,
real_moleculenet_freesolv,llambo_warmstart_selector,29204,64.0333,60.15,35.9667,0,heldout,llambo_warmstart_polar_surface_optimizer_noprior
real_moleculenet_freesolv,llm_calibrated_selector,29204,100.0,70.3567,0.0,1,heldout,llm_semantic_polar_surface_optimizer_noprior
real_moleculenet_freesolv,llm_direct_prior_polar_surface_optimizer_noprior,29204,100.0,88.7667,0.0,1,heldout,
real_moleculenet_freesolv,llm_direct_prior_selector,29204,100.0,88.7667,0.0,1,heldout,llm_direct_prior_polar_surface_optimizer_noprior
real_moleculenet_freesolv,llm_semantic_polar_surface_optimizer_noprior,29204,100.0,70.3567,0.0,1,heldout,
real_moleculenet_freesolv,mixed_kernel_gp_ei,29204,53.3667,45.6267,46.6333,0,heldout,
real_moleculenet_freesolv,target_acquisition_portfolio,29204,53.3667,45.6267,46.6333,0,heldout,
real_moleculenet_freesolv,care_strategy_router,29205,58.8,49.71,41.2,0,heldout,llm_direct_prior_polar_surface_optimizer_noprior
real_moleculenet_freesolv,gp_ucb,29205,48.0,48.0,52.0,0,heldout,
real_moleculenet_freesolv,llambo_warmstart_polar_surface_optimizer_noprior,29205,50.1,42.66,49.9,0,heldout,
real_moleculenet_freesolv,llambo_warmstart_selector,29205,50.1,42.66,49.9,0,heldout,llambo_warmstart_polar_surface_optimizer_noprior
real_moleculenet_freesolv,llm_calibrated_selector,29205,58.8,49.29,41.2,0,heldout,llm_semantic_polar_surface_optimizer_noprior
real_moleculenet_freesolv,llm_direct_prior_polar_surface_optimizer_noprior,29205,58.8,49.71,41.2,0,heldout,
real_moleculenet_freesolv,llm_direct_prior_selector,29205,58.8,49.71,41.2,0,heldout,llm_direct_prior_polar_surface_optimizer_noprior
real_moleculenet_freesolv,llm_semantic_polar_surface_optimizer_noprior,29205,58.8,49.29,41.2,0,heldout,
real_moleculenet_freesolv,mixed_kernel_gp_ei,29205,50.1,48.21,49.9,0,heldout,
real_moleculenet_freesolv,target_acquisition_portfolio,29205,48.0,48.0,52.0,0,heldout,
real_moleculenet_freesolv,care_strategy_router,29206,100.0,100.0,0.0,1,heldout,llm_direct_prior_polar_surface_optimizer_noprior
real_moleculenet_freesolv,gp_ucb,29206,52.1333,45.0333,47.8667,0,heldout,
real_moleculenet_freesolv,llambo_warmstart_polar_surface_optimizer_noprior,29206,76.8667,76.8667,23.1333,1,heldout,
real_moleculenet_freesolv,llambo_warmstart_selector,29206,76.8667,76.8667,23.1333,1,heldout,llambo_warmstart_polar_surface_optimizer_noprior
real_moleculenet_freesolv,llm_calibrated_selector,29206,100.0,100.0,0.0,1,heldout,llm_semantic_polar_surface_optimizer_noprior
real_moleculenet_freesolv,llm_direct_prior_polar_surface_optimizer_noprior,29206,100.0,100.0,0.0,1,heldout,
real_moleculenet_freesolv,llm_direct_prior_selector,29206,100.0,100.0,0.0,1,heldout,llm_direct_prior_polar_surface_optimizer_noprior
real_moleculenet_freesolv,llm_semantic_polar_surface_optimizer_noprior,29206,100.0,100.0,0.0,1,heldout,
real_moleculenet_freesolv,mixed_kernel_gp_ei,29206,44.7,43.75,55.3,0,heldout,
real_moleculenet_freesolv,target_acquisition_portfolio,29206,50.1,40.2467,49.9,0,heldout,
real_moleculenet_freesolv,care_strategy_router,29207,58.8,54.3067,41.2,0,heldout,llm_direct_prior_polar_surface_optimizer_noprior
real_moleculenet_freesolv,gp_ucb,29207,49.5333,41.9267,50.4667,0,heldout,
real_moleculenet_freesolv,llambo_warmstart_polar_surface_optimizer_noprior,29207,64.0333,61.2466,35.9667,0,heldout,
real_moleculenet_freesolv,llambo_warmstart_selector,29207,64.0333,61.2466,35.9667,0,heldout,llambo_warmstart_polar_surface_optimizer_noprior
real_moleculenet_freesolv,llm_calibrated_selector,29207,58.8,48.1833,41.2,0,heldout,llm_semantic_polar_surface_optimizer_noprior
real_moleculenet_freesolv,llm_direct_prior_polar_surface_optimizer_noprior,29207,58.8,54.3067,41.2,0,heldout,
real_moleculenet_freesolv,llm_direct_prior_selector,29207,58.8,54.3067,41.2,0,heldout,llm_direct_prior_polar_surface_optimizer_noprior
real_moleculenet_freesolv,llm_semantic_polar_surface_optimizer_noprior,29207,58.8,48.1833,41.2,0,heldout,
real_moleculenet_freesolv,mixed_kernel_gp_ei,29207,53.3667,45.23,46.6333,0,heldout,
real_moleculenet_freesolv,target_acquisition_portfolio,29207,49.5333,41.9267,50.4667,0,heldout,
real_moleculenet_freesolv,care_strategy_router,29208,95.4,57.5367,4.6,1,heldout,llm_direct_prior_polar_surface_optimizer_noprior
real_moleculenet_freesolv,gp_ucb,29208,49.4,41.79,50.6,0,heldout,
real_moleculenet_freesolv,llambo_warmstart_polar_surface_optimizer_noprior,29208,64.0333,63.51,35.9667,0,heldout,
real_moleculenet_freesolv,llambo_warmstart_selector,29208,64.0333,63.51,35.9667,0,heldout,llambo_warmstart_polar_surface_optimizer_noprior
real_moleculenet_freesolv,llm_calibrated_selector,29208,100.0,75.8967,0.0,1,heldout,llm_semantic_polar_surface_optimizer_noprior
real_moleculenet_freesolv,llm_direct_prior_polar_surface_optimizer_noprior,29208,95.4,57.5367,4.6,1,heldout,
real_moleculenet_freesolv,llm_direct_prior_selector,29208,95.4,57.5367,4.6,1,heldout,llm_direct_prior_polar_surface_optimizer_noprior
real_moleculenet_freesolv,llm_semantic_polar_surface_optimizer_noprior,29208,100.0,75.8967,0.0,1,heldout,
real_moleculenet_freesolv,mixed_kernel_gp_ei,29208,49.4,41.5767,50.6,0,heldout,
real_moleculenet_freesolv,target_acquisition_portfolio,29208,53.3667,45.8467,46.6333,0,heldout,
real_moleculenet_freesolv,care_strategy_router,29209,76.8667,76.8667,23.1333,1,heldout,llm_direct_prior_polar_surface_optimizer_noprior
real_moleculenet_freesolv,gp_ucb,29209,49.2,48.28,50.8,0,heldout,
real_moleculenet_freesolv,llambo_warmstart_polar_surface_optimizer_noprior,29209,59.1333,55.4033,40.8667,0,heldout,
real_moleculenet_freesolv,llambo_warmstart_selector,29209,59.1333,55.4033,40.8667,0,heldout,llambo_warmstart_polar_surface_optimizer_noprior
real_moleculenet_freesolv,llm_calibrated_selector,29209,100.0,70.8067,0.0,1,heldout,llm_semantic_polar_surface_optimizer_noprior
real_moleculenet_freesolv,llm_direct_prior_polar_surface_optimizer_noprior,29209,76.8667,76.8667,23.1333,1,heldout,
real_moleculenet_freesolv,llm_direct_prior_selector,29209,76.8667,76.8667,23.1333,1,heldout,llm_direct_prior_polar_surface_optimizer_noprior
real_moleculenet_freesolv,llm_semantic_polar_surface_optimizer_noprior,29209,100.0,70.8067,0.0,1,heldout,
real_moleculenet_freesolv,mixed_kernel_gp_ei,29209,49.2,48.28,50.8,0,heldout,
real_moleculenet_freesolv,target_acquisition_portfolio,29209,76.8667,59.3467,23.1333,1,heldout,
real_moleculenet_freesolv,care_strategy_router,29210,100.0,79.4,0.0,1,heldout,llm_direct_prior_polar_surface_optimizer_noprior
real_moleculenet_freesolv,gp_ucb,29210,58.8,47.9733,41.2,0,heldout,
real_moleculenet_freesolv,llambo_warmstart_polar_surface_optimizer_noprior,29210,68.2,64.3433,31.8,0,heldout,
real_moleculenet_freesolv,llambo_warmstart_selector,29210,68.2,64.3433,31.8,0,heldout,llambo_warmstart_polar_surface_optimizer_noprior
real_moleculenet_freesolv,llm_calibrated_selector,29210,71.4333,60.6367,28.5667,1,heldout,llm_semantic_polar_surface_optimizer_noprior
real_moleculenet_freesolv,llm_direct_prior_polar_surface_optimizer_noprior,29210,100.0,79.4,0.0,1,heldout,
real_moleculenet_freesolv,llm_direct_prior_selector,29210,100.0,79.4,0.0,1,heldout,llm_direct_prior_polar_surface_optimizer_noprior
real_moleculenet_freesolv,llm_semantic_polar_surface_optimizer_noprior,29210,71.4333,60.6367,28.5667,1,heldout,
real_moleculenet_freesolv,mixed_kernel_gp_ei,29210,76.8667,51.1433,23.1333,1,heldout,
real_moleculenet_freesolv,target_acquisition_portfolio,29210,76.8667,51.1433,23.1333,1,heldout,
real_moleculenet_freesolv,care_strategy_router,29211,100.0,79.4,0.0,1,heldout,llm_direct_prior_polar_surface_optimizer_noprior
real_moleculenet_freesolv,gp_ucb,29211,76.8667,66.76,23.1333,1,heldout,
real_moleculenet_freesolv,llambo_warmstart_polar_surface_optimizer_noprior,29211,64.0333,61.2466,35.9667,0,heldout,
real_moleculenet_freesolv,llambo_warmstart_selector,29211,64.0333,61.2466,35.9667,0,heldout,llambo_warmstart_polar_surface_optimizer_noprior
real_moleculenet_freesolv,llm_calibrated_selector,29211,59.1333,55.76,40.8667,0,heldout,llm_semantic_polar_surface_optimizer_noprior
real_moleculenet_freesolv,llm_direct_prior_polar_surface_optimizer_noprior,29211,100.0,79.4,0.0,1,heldout,
real_moleculenet_freesolv,llm_direct_prior_selector,29211,100.0,79.4,0.0,1,heldout,llm_direct_prior_polar_surface_optimizer_noprior
real_moleculenet_freesolv,llm_semantic_polar_surface_optimizer_noprior,29211,59.1333,55.76,40.8667,0,heldout,
real_moleculenet_freesolv,mixed_kernel_gp_ei,29211,64.0333,62.7,35.9667,0,heldout,
real_moleculenet_freesolv,target_acquisition_portfolio,29211,71.4333,67.2866,28.5667,1,heldout,
real_moleculenet_freesolv,care_strategy_router,29212,58.8,45.5467,41.2,0,heldout,llm_direct_prior_polar_surface_optimizer_noprior
real_moleculenet_freesolv,gp_ucb,29212,68.2,53.2234,31.8,0,heldout,
real_moleculenet_freesolv,llambo_warmstart_polar_surface_optimizer_noprior,29212,64.0333,61.2466,35.9667,0,heldout,
real_moleculenet_freesolv,llambo_warmstart_selector,29212,64.0333,61.2466,35.9667,0,heldout,llambo_warmstart_polar_surface_optimizer_noprior
real_moleculenet_freesolv,llm_calibrated_selector,29212,71.4333,49.5367,28.5667,1,heldout,llm_semantic_polar_surface_optimizer_noprior
real_moleculenet_freesolv,llm_direct_prior_polar_surface_optimizer_noprior,29212,58.8,45.5467,41.2,0,heldout,
real_moleculenet_freesolv,llm_direct_prior_selector,29212,58.8,45.5467,41.2,0,heldout,llm_direct_prior_polar_surface_optimizer_noprior
real_moleculenet_freesolv,llm_semantic_polar_surface_optimizer_noprior,29212,71.4333,49.5367,28.5667,1,heldout,
real_moleculenet_freesolv,mixed_kernel_gp_ei,29212,68.2,53.2234,31.8,0,heldout,
real_moleculenet_freesolv,target_acquisition_portfolio,29212,68.2,53.2234,31.8,0,heldout,
real_moleculenet_freesolv,care_strategy_router,29213,100.0,99.08,0.0,1,heldout,llm_direct_prior_polar_surface_optimizer_noprior
real_moleculenet_freesolv,gp_ucb,29213,76.8667,57.4333,23.1333,1,heldout,
real_moleculenet_freesolv,llambo_warmstart_polar_surface_optimizer_noprior,29213,64.0333,61.2466,35.9667,0,heldout,
real_moleculenet_freesolv,llambo_warmstart_selector,29213,64.0333,61.2466,35.9667,0,heldout,llambo_warmstart_polar_surface_optimizer_noprior
real_moleculenet_freesolv,llm_calibrated_selector,29213,100.0,82.65,0.0,1,heldout,llm_semantic_polar_surface_optimizer_noprior
real_moleculenet_freesolv,llm_direct_prior_polar_surface_optimizer_noprior,29213,100.0,99.08,0.0,1,heldout,
real_moleculenet_freesolv,llm_direct_prior_selector,29213,100.0,99.08,0.0,1,heldout,llm_direct_prior_polar_surface_optimizer_noprior
real_moleculenet_freesolv,llm_semantic_polar_surface_optimizer_noprior,29213,100.0,82.65,0.0,1,heldout,
real_moleculenet_freesolv,mixed_kernel_gp_ei,29213,76.8667,55.3967,23.1333,1,heldout,
real_moleculenet_freesolv,target_acquisition_portfolio,29213,76.8667,55.3967,23.1333,1,heldout,
real_moleculenet_freesolv,care_strategy_router,29214,100.0,68.79,0.0,1,heldout,llm_direct_prior_polar_surface_optimizer_noprior
real_moleculenet_freesolv,gp_ucb,29214,75.8,57.7333,24.2,1,heldout,
real_moleculenet_freesolv,llambo_warmstart_polar_surface_optimizer_noprior,29214,68.2,64.3433,31.8,0,heldout,
real_moleculenet_freesolv,llambo_warmstart_selector,29214,68.2,64.3433,31.8,0,heldout,llambo_warmstart_polar_surface_optimizer_noprior
real_moleculenet_freesolv,llm_calibrated_selector,29214,71.4333,55.0067,28.5667,1,heldout,llm_semantic_polar_surface_optimizer_noprior
real_moleculenet_freesolv,llm_direct_prior_polar_surface_optimizer_noprior,29214,100.0,68.79,0.0,1,heldout,
real_moleculenet_freesolv,llm_direct_prior_selector,29214,100.0,68.79,0.0,1,heldout,llm_direct_prior_polar_surface_optimizer_noprior
real_moleculenet_freesolv,llm_semantic_polar_surface_optimizer_noprior,29214,71.4333,55.0067,28.5667,1,heldout,
real_moleculenet_freesolv,mixed_kernel_gp_ei,29214,73.0667,59.4033,26.9333,1,heldout,
real_moleculenet_freesolv,target_acquisition_portfolio,29214,69.4333,52.7533,30.5667,1,heldout,
real_moleculenet_freesolv,care_strategy_router,29215,100.0,73.8333,0.0,1,heldout,llm_direct_prior_polar_surface_optimizer_noprior
real_moleculenet_freesolv,gp_ucb,29215,58.8,49.0234,41.2,0,heldout,
real_moleculenet_freesolv,llambo_warmstart_polar_surface_optimizer_noprior,29215,59.1333,57.2,40.8667,0,heldout,
real_moleculenet_freesolv,llambo_warmstart_selector,29215,59.1333,57.2,40.8667,0,heldout,llambo_warmstart_polar_surface_optimizer_noprior
real_moleculenet_freesolv,llm_calibrated_selector,29215,100.0,68.6,0.0,1,heldout,llm_semantic_polar_surface_optimizer_noprior
real_moleculenet_freesolv,llm_direct_prior_polar_surface_optimizer_noprior,29215,100.0,73.8333,0.0,1,heldout,
real_moleculenet_freesolv,llm_direct_prior_selector,29215,100.0,73.8333,0.0,1,heldout,llm_direct_prior_polar_surface_optimizer_noprior
real_moleculenet_freesolv,llm_semantic_polar_surface_optimizer_noprior,29215,100.0,68.6,0.0,1,heldout,
real_moleculenet_freesolv,mixed_kernel_gp_ei,29215,58.8,49.0234,41.2,0,heldout,
real_moleculenet_freesolv,target_acquisition_portfolio,29215,47.6667,47.6667,52.3333,0,heldout,
real_moleculenet_freesolv,care_strategy_router,29216,76.8667,75.06,23.1333,1,heldout,llm_direct_prior_polar_surface_optimizer_noprior
real_moleculenet_freesolv,gp_ucb,29216,76.8667,59.2,23.1333,1,heldout,
real_moleculenet_freesolv,llambo_warmstart_polar_surface_optimizer_noprior,29216,76.8667,76.8667,23.1333,1,heldout,
real_moleculenet_freesolv,llambo_warmstart_selector,29216,76.8667,76.8667,23.1333,1,heldout,llambo_warmstart_polar_surface_optimizer_noprior
real_moleculenet_freesolv,llm_calibrated_selector,29216,58.8,58.8,41.2,0,heldout,llm_semantic_polar_surface_optimizer_noprior
real_moleculenet_freesolv,llm_direct_prior_polar_surface_optimizer_noprior,29216,76.8667,75.06,23.1333,1,heldout,
real_moleculenet_freesolv,llm_direct_prior_selector,29216,76.8667,75.06,23.1333,1,heldout,llm_direct_prior_polar_surface_optimizer_noprior
real_moleculenet_freesolv,llm_semantic_polar_surface_optimizer_noprior,29216,58.8,58.8,41.2,0,heldout,
real_moleculenet_freesolv,mixed_kernel_gp_ei,29216,76.8667,59.2,23.1333,1,heldout,
real_moleculenet_freesolv,target_acquisition_portfolio,29216,76.8667,59.2,23.1333,1,heldout,
real_moleculenet_freesolv,care_strategy_router,29217,76.8667,76.8667,23.1333,1,heldout,llm_direct_prior_polar_surface_optimizer_noprior
real_moleculenet_freesolv,gp_ucb,29217,79.0667,70.46,20.9333,1,heldout,
real_moleculenet_freesolv,llambo_warmstart_polar_surface_optimizer_noprior,29217,64.0333,61.2466,35.9667,0,heldout,
real_moleculenet_freesolv,llambo_warmstart_selector,29217,64.0333,61.2466,35.9667,0,heldout,llambo_warmstart_polar_surface_optimizer_noprior
real_moleculenet_freesolv,llm_calibrated_selector,29217,71.4333,59.8833,28.5667,1,heldout,llm_semantic_polar_surface_optimizer_noprior
real_moleculenet_freesolv,llm_direct_prior_polar_surface_optimizer_noprior,29217,76.8667,76.8667,23.1333,1,heldout,
real_moleculenet_freesolv,llm_direct_prior_selector,29217,76.8667,76.8667,23.1333,1,heldout,llm_direct_prior_polar_surface_optimizer_noprior
real_moleculenet_freesolv,llm_semantic_polar_surface_optimizer_noprior,29217,71.4333,59.8833,28.5667,1,heldout,
real_moleculenet_freesolv,mixed_kernel_gp_ei,29217,75.8,70.1333,24.2,1,heldout,
real_moleculenet_freesolv,target_acquisition_portfolio,29217,77.2333,71.1366,22.7667,1,heldout,
real_moleculenet_freesolv,care_strategy_router,29218,100.0,60.4633,0.0,1,heldout,llm_direct_prior_polar_surface_optimizer_noprior
real_moleculenet_freesolv,gp_ucb,29218,50.7333,48.1834,49.2667,0,heldout,
real_moleculenet_freesolv,llambo_warmstart_polar_surface_optimizer_noprior,29218,58.8,49.03,41.2,0,heldout,
real_moleculenet_freesolv,llambo_warmstart_selector,29218,58.8,49.03,41.2,0,heldout,llambo_warmstart_polar_surface_optimizer_noprior
real_moleculenet_freesolv,llm_calibrated_selector,29218,76.8667,58.0267,23.1333,1,heldout,llm_semantic_polar_surface_optimizer_noprior
real_moleculenet_freesolv,llm_direct_prior_polar_surface_optimizer_noprior,29218,100.0,60.4633,0.0,1,heldout,
real_moleculenet_freesolv,llm_direct_prior_selector,29218,100.0,60.4633,0.0,1,heldout,llm_direct_prior_polar_surface_optimizer_noprior
real_moleculenet_freesolv,llm_semantic_polar_surface_optimizer_noprior,29218,76.8667,58.0267,23.1333,1,heldout,
real_moleculenet_freesolv,mixed_kernel_gp_ei,29218,71.4333,54.12,28.5667,1,heldout,
real_moleculenet_freesolv,target_acquisition_portfolio,29218,47.6667,47.6667,52.3333,0,heldout,
real_moleculenet_freesolv,care_strategy_router,29219,76.8667,75.06,23.1333,1,heldout,llm_direct_prior_polar_surface_optimizer_noprior
real_moleculenet_freesolv,gp_ucb,29219,68.2,65.72,31.8,0,heldout,
real_moleculenet_freesolv,llambo_warmstart_polar_surface_optimizer_noprior,29219,64.0333,63.51,35.9667,0,heldout,
real_moleculenet_freesolv,llambo_warmstart_selector,29219,64.0333,63.51,35.9667,0,heldout,llambo_warmstart_polar_surface_optimizer_noprior
real_moleculenet_freesolv,llm_calibrated_selector,29219,68.2,59.74,31.8,0,heldout,llm_semantic_polar_surface_optimizer_noprior
real_moleculenet_freesolv,llm_direct_prior_polar_surface_optimizer_noprior,29219,76.8667,75.06,23.1333,1,heldout,
real_moleculenet_freesolv,llm_direct_prior_selector,29219,76.8667,75.06,23.1333,1,heldout,llm_direct_prior_polar_surface_optimizer_noprior
real_moleculenet_freesolv,llm_semantic_polar_surface_optimizer_noprior,29219,68.2,59.74,31.8,0,heldout,
real_moleculenet_freesolv,mixed_kernel_gp_ei,29219,68.2,65.72,31.8,0,heldout,
real_moleculenet_freesolv,target_acquisition_portfolio,29219,68.2,65.72,31.8,0,heldout,
real_moleculenet_freesolv,care_strategy_router,29220,76.8667,76.8667,23.1333,1,heldout,llm_direct_prior_polar_surface_optimizer_noprior
real_moleculenet_freesolv,gp_ucb,29220,41.5667,41.2,58.4333,0,heldout,
real_moleculenet_freesolv,llambo_warmstart_polar_surface_optimizer_noprior,29220,64.0333,63.51,35.9667,0,heldout,
real_moleculenet_freesolv,llambo_warmstart_selector,29220,64.0333,63.51,35.9667,0,heldout,llambo_warmstart_polar_surface_optimizer_noprior
real_moleculenet_freesolv,llm_calibrated_selector,29220,71.4333,63.0933,28.5667,1,heldout,llm_semantic_polar_surface_optimizer_noprior
real_moleculenet_freesolv,llm_direct_prior_polar_surface_optimizer_noprior,29220,76.8667,76.8667,23.1333,1,heldout,
real_moleculenet_freesolv,llm_direct_prior_selector,29220,76.8667,76.8667,23.1333,1,heldout,llm_direct_prior_polar_surface_optimizer_noprior
real_moleculenet_freesolv,llm_semantic_polar_surface_optimizer_noprior,29220,71.4333,63.0933,28.5667,1,heldout,
real_moleculenet_freesolv,mixed_kernel_gp_ei,29220,41.5667,41.2,58.4333,0,heldout,
real_moleculenet_freesolv,target_acquisition_portfolio,29220,43.7,42.9067,56.3,0,heldout,
real_moleculenet_freesolv,care_strategy_router,29221,100.0,72.6667,0.0,1,heldout,llm_direct_prior_polar_surface_optimizer_noprior
real_moleculenet_freesolv,gp_ucb,29221,79.0667,68.7167,20.9333,1,heldout,
real_moleculenet_freesolv,llambo_warmstart_polar_surface_optimizer_noprior,29221,64.0333,61.2466,35.9667,0,heldout,
real_moleculenet_freesolv,llambo_warmstart_selector,29221,64.0333,61.2466,35.9667,0,heldout,llambo_warmstart_polar_surface_optimizer_noprior
real_moleculenet_freesolv,llm_calibrated_selector,29221,71.4333,64.4533,28.5667,1,heldout,llm_semantic_polar_surface_optimizer_noprior
real_moleculenet_freesolv,llm_direct_prior_polar_surface_optimizer_noprior,29221,100.0,72.6667,0.0,1,heldout,
real_moleculenet_freesolv,llm_direct_prior_selector,29221,100.0,72.6667,0.0,1,heldout,llm_direct_prior_polar_surface_optimizer_noprior
real_moleculenet_freesolv,llm_semantic_polar_surface_optimizer_noprior,29221,71.4333,64.4533,28.5667,1,heldout,
real_moleculenet_freesolv,mixed_kernel_gp_ei,29221,79.0667,66.4266,20.9333,1,heldout,
real_moleculenet_freesolv,target_acquisition_portfolio,29221,71.4333,61.99,28.5667,1,heldout,
real_moleculenet_freesolv,care_strategy_router,29222,100.0,94.1933,0.0,1,heldout,llm_direct_prior_polar_surface_optimizer_noprior
real_moleculenet_freesolv,gp_ucb,29222,50.1,45.6167,49.9,0,heldout,
real_moleculenet_freesolv,llambo_warmstart_polar_surface_optimizer_noprior,29222,68.2,61.4,31.8,0,heldout,
real_moleculenet_freesolv,llambo_warmstart_selector,29222,68.2,61.4,31.8,0,heldout,llambo_warmstart_polar_surface_optimizer_noprior
real_moleculenet_freesolv,llm_calibrated_selector,29222,100.0,100.0,0.0,1,heldout,llm_semantic_polar_surface_optimizer_noprior
real_moleculenet_freesolv,llm_direct_prior_polar_surface_optimizer_noprior,29222,100.0,94.1933,0.0,1,heldout,
real_moleculenet_freesolv,llm_direct_prior_selector,29222,100.0,94.1933,0.0,1,heldout,llm_direct_prior_polar_surface_optimizer_noprior
real_moleculenet_freesolv,llm_semantic_polar_surface_optimizer_noprior,29222,100.0,100.0,0.0,1,heldout,
real_moleculenet_freesolv,mixed_kernel_gp_ei,29222,47.6667,43.7033,52.3333,0,heldout,
real_moleculenet_freesolv,target_acquisition_portfolio,29222,47.6667,45.3733,52.3333,0,heldout,
real_moleculenet_freesolv,care_strategy_router,29223,77.2333,75.0967,22.7667,1,heldout,llm_direct_prior_polar_surface_optimizer_noprior
real_moleculenet_freesolv,gp_ucb,29223,58.8,51.3167,41.2,0,heldout,
real_moleculenet_freesolv,llambo_warmstart_polar_surface_optimizer_noprior,29223,71.4333,69.43,28.5667,1,heldout,
real_moleculenet_freesolv,llambo_warmstart_selector,29223,71.4333,69.43,28.5667,1,heldout,llambo_warmstart_polar_surface_optimizer_noprior
real_moleculenet_freesolv,llm_calibrated_selector,29223,58.8,55.1533,41.2,0,heldout,llm_semantic_polar_surface_optimizer_noprior
real_moleculenet_freesolv,llm_direct_prior_polar_surface_optimizer_noprior,29223,77.2333,75.0967,22.7667,1,heldout,
real_moleculenet_freesolv,llm_direct_prior_selector,29223,77.2333,75.0967,22.7667,1,heldout,llm_direct_prior_polar_surface_optimizer_noprior
real_moleculenet_freesolv,llm_semantic_polar_surface_optimizer_noprior,29223,58.8,55.1533,41.2,0,heldout,
real_moleculenet_freesolv,mixed_kernel_gp_ei,29223,76.8667,56.7733,23.1333,1,heldout,
real_moleculenet_freesolv,target_acquisition_portfolio,29223,76.8667,56.7733,23.1333,1,heldout,
real_moleculenet_freesolv,care_strategy_router,29224,76.8667,75.06,23.1333,1,heldout,llm_direct_prior_polar_surface_optimizer_noprior
real_moleculenet_freesolv,gp_ucb,29224,75.8,62.5467,24.2,1,heldout,
real_moleculenet_freesolv,llambo_warmstart_polar_surface_optimizer_noprior,29224,47.6,47.6,52.4,0,heldout,
real_moleculenet_freesolv,llambo_warmstart_selector,29224,47.6,47.6,52.4,0,heldout,llambo_warmstart_polar_surface_optimizer_noprior
real_moleculenet_freesolv,llm_calibrated_selector,29224,58.8,58.8,41.2,0,heldout,llm_semantic_polar_surface_optimizer_noprior
real_moleculenet_freesolv,llm_direct_prior_polar_surface_optimizer_noprior,29224,76.8667,75.06,23.1333,1,heldout,
real_moleculenet_freesolv,llm_direct_prior_selector,29224,76.8667,75.06,23.1333,1,heldout,llm_direct_prior_polar_surface_optimizer_noprior
real_moleculenet_freesolv,llm_semantic_polar_surface_optimizer_noprior,29224,58.8,58.8,41.2,0,heldout,
real_moleculenet_freesolv,mixed_kernel_gp_ei,29224,75.8,65.9167,24.2,1,heldout,
real_moleculenet_freesolv,target_acquisition_portfolio,29224,79.0667,66.96,20.9333,1,heldout,
real_moleculenet_freesolv,care_strategy_router,29225,58.8,51.3367,41.2,0,heldout,llm_direct_prior_polar_surface_optimizer_noprior
real_moleculenet_freesolv,gp_ucb,29225,69.4333,52.09,30.5667,1,heldout,
real_moleculenet_freesolv,llambo_warmstart_polar_surface_optimizer_noprior,29225,59.1333,59.1333,40.8667,0,heldout,
real_moleculenet_freesolv,llambo_warmstart_selector,29225,59.1333,59.1333,40.8667,0,heldout,llambo_warmstart_polar_surface_optimizer_noprior
real_moleculenet_freesolv,llm_calibrated_selector,29225,71.4333,50.77,28.5667,1,heldout,llm_semantic_polar_surface_optimizer_noprior
real_moleculenet_freesolv,llm_direct_prior_polar_surface_optimizer_noprior,29225,58.8,51.3367,41.2,0,heldout,
real_moleculenet_freesolv,llm_direct_prior_selector,29225,58.8,51.3367,41.2,0,heldout,llm_direct_prior_polar_surface_optimizer_noprior
real_moleculenet_freesolv,llm_semantic_polar_surface_optimizer_noprior,29225,71.4333,50.77,28.5667,1,heldout,
real_moleculenet_freesolv,mixed_kernel_gp_ei,29225,73.0667,58.4367,26.9333,1,heldout,
real_moleculenet_freesolv,target_acquisition_portfolio,29225,79.0667,55.8633,20.9333,1,heldout,
real_moleculenet_freesolv,care_strategy_router,29226,76.8667,76.8667,23.1333,1,heldout,llm_direct_prior_polar_surface_optimizer_noprior
real_moleculenet_freesolv,gp_ucb,29226,76.8667,73.8267,23.1333,1,heldout,
real_moleculenet_freesolv,llambo_warmstart_polar_surface_optimizer_noprior,29226,69.4333,69.4333,30.5667,1,heldout,
real_moleculenet_freesolv,llambo_warmstart_selector,29226,69.4333,69.4333,30.5667,1,heldout,llambo_warmstart_polar_surface_optimizer_noprior
real_moleculenet_freesolv,llm_calibrated_selector,29226,73.0667,73.0667,26.9333,1,heldout,llm_semantic_polar_surface_optimizer_noprior
real_moleculenet_freesolv,llm_direct_prior_polar_surface_optimizer_noprior,29226,76.8667,76.8667,23.1333,1,heldout,
real_moleculenet_freesolv,llm_direct_prior_selector,29226,76.8667,76.8667,23.1333,1,heldout,llm_direct_prior_polar_surface_optimizer_noprior
real_moleculenet_freesolv,llm_semantic_polar_surface_optimizer_noprior,29226,73.0667,73.0667,26.9333,1,heldout,
real_moleculenet_freesolv,mixed_kernel_gp_ei,29226,73.0667,73.0667,26.9333,1,heldout,
real_moleculenet_freesolv,target_acquisition_portfolio,29226,79.0667,74.2667,20.9333,1,heldout,
real_moleculenet_freesolv,care_strategy_router,29227,100.0,70.3767,0.0,1,heldout,llm_direct_prior_polar_surface_optimizer_noprior
real_moleculenet_freesolv,gp_ucb,29227,48.3667,47.85,51.6333,0,heldout,
real_moleculenet_freesolv,llambo_warmstart_polar_surface_optimizer_noprior,29227,64.0333,61.2466,35.9667,0,heldout,
real_moleculenet_freesolv,llambo_warmstart_selector,29227,64.0333,61.2466,35.9667,0,heldout,llambo_warmstart_polar_surface_optimizer_noprior
real_moleculenet_freesolv,llm_calibrated_selector,29227,71.4333,63.7666,28.5667,1,heldout,llm_semantic_polar_surface_optimizer_noprior
real_moleculenet_freesolv,llm_direct_prior_polar_surface_optimizer_noprior,29227,100.0,70.3767,0.0,1,heldout,
real_moleculenet_freesolv,llm_direct_prior_selector,29227,100.0,70.3767,0.0,1,heldout,llm_direct_prior_polar_surface_optimizer_noprior
real_moleculenet_freesolv,llm_semantic_polar_surface_optimizer_noprior,29227,71.4333,63.7666,28.5667,1,heldout,
real_moleculenet_freesolv,mixed_kernel_gp_ei,29227,47.3333,47.3333,52.6667,0,heldout,
real_moleculenet_freesolv,target_acquisition_portfolio,29227,79.0667,56.4566,20.9333,1,heldout,
real_moleculenet_freesolv,care_strategy_router,29228,76.8667,76.8667,23.1333,1,heldout,llm_direct_prior_polar_surface_optimizer_noprior
real_moleculenet_freesolv,gp_ucb,29228,79.0667,69.4867,20.9333,1,heldout,
real_moleculenet_freesolv,llambo_warmstart_polar_surface_optimizer_noprior,29228,76.8667,76.8667,23.1333,1,heldout,
real_moleculenet_freesolv,llambo_warmstart_selector,29228,76.8667,76.8667,23.1333,1,heldout,llambo_warmstart_polar_surface_optimizer_noprior
real_moleculenet_freesolv,llm_calibrated_selector,29228,58.8,52.5,41.2,0,heldout,llm_semantic_polar_surface_optimizer_noprior
real_moleculenet_freesolv,llm_direct_prior_polar_surface_optimizer_noprior,29228,76.8667,76.8667,23.1333,1,heldout,
real_moleculenet_freesolv,llm_direct_prior_selector,29228,76.8667,76.8667,23.1333,1,heldout,llm_direct_prior_polar_surface_optimizer_noprior
real_moleculenet_freesolv,llm_semantic_polar_surface_optimizer_noprior,29228,58.8,52.5,41.2,0,heldout,
real_moleculenet_freesolv,mixed_kernel_gp_ei,29228,79.0667,68.2867,20.9333,1,heldout,
real_moleculenet_freesolv,target_acquisition_portfolio,29228,79.0667,71.2867,20.9333,1,heldout,
real_moleculenet_freesolv,care_strategy_router,29229,76.8667,76.8667,23.1333,1,heldout,llm_direct_prior_polar_surface_optimizer_noprior
real_moleculenet_freesolv,gp_ucb,29229,48.8333,48.8333,51.1667,0,heldout,
real_moleculenet_freesolv,llambo_warmstart_polar_surface_optimizer_noprior,29229,100.0,66.9467,0.0,1,heldout,
real_moleculenet_freesolv,llambo_warmstart_selector,29229,100.0,66.9467,0.0,1,heldout,llambo_warmstart_polar_surface_optimizer_noprior
real_moleculenet_freesolv,llm_calibrated_selector,29229,58.8,51.2067,41.2,0,heldout,llm_semantic_polar_surface_optimizer_noprior
real_moleculenet_freesolv,llm_direct_prior_polar_surface_optimizer_noprior,29229,76.8667,76.8667,23.1333,1,heldout,
real_moleculenet_freesolv,llm_direct_prior_selector,29229,76.8667,76.8667,23.1333,1,heldout,llm_direct_prior_polar_surface_optimizer_noprior
real_moleculenet_freesolv,llm_semantic_polar_surface_optimizer_noprior,29229,58.8,51.2067,41.2,0,heldout,
real_moleculenet_freesolv,mixed_kernel_gp_ei,29229,49.8,48.93,50.2,0,heldout,
real_moleculenet_freesolv,target_acquisition_portfolio,29229,52.1333,50.8133,47.8667,0,heldout,
real_moleculenet_freesolv,care_strategy_router,29230,100.0,76.3267,0.0,1,heldout,llm_direct_prior_polar_surface_optimizer_noprior
real_moleculenet_freesolv,gp_ucb,29230,52.1333,44.58,47.8667,0,heldout,
real_moleculenet_freesolv,llambo_warmstart_polar_surface_optimizer_noprior,29230,50.0,50.0,50.0,0,heldout,
real_moleculenet_freesolv,llambo_warmstart_selector,29230,50.0,50.0,50.0,0,heldout,llambo_warmstart_polar_surface_optimizer_noprior
real_moleculenet_freesolv,llm_calibrated_selector,29230,100.0,77.0133,0.0,1,heldout,llm_semantic_polar_surface_optimizer_noprior
real_moleculenet_freesolv,llm_direct_prior_polar_surface_optimizer_noprior,29230,100.0,76.3267,0.0,1,heldout,
real_moleculenet_freesolv,llm_direct_prior_selector,29230,100.0,76.3267,0.0,1,heldout,llm_direct_prior_polar_surface_optimizer_noprior
real_moleculenet_freesolv,llm_semantic_polar_surface_optimizer_noprior,29230,100.0,77.0133,0.0,1,heldout,
real_moleculenet_freesolv,mixed_kernel_gp_ei,29230,71.4333,47.8633,28.5667,1,heldout,
real_moleculenet_freesolv,target_acquisition_portfolio,29230,71.4333,44.8167,28.5667,1,heldout,
real_moleculenet_freesolv,care_strategy_router,29231,76.8667,58.94,23.1333,1,heldout,llm_direct_prior_polar_surface_optimizer_noprior
real_moleculenet_freesolv,gp_ucb,29231,50.0,50.0,50.0,0,heldout,
real_moleculenet_freesolv,llambo_warmstart_polar_surface_optimizer_noprior,29231,71.4333,63.0866,28.5667,1,heldout,
real_moleculenet_freesolv,llambo_warmstart_selector,29231,71.4333,63.0866,28.5667,1,heldout,llambo_warmstart_polar_surface_optimizer_noprior
real_moleculenet_freesolv,llm_calibrated_selector,29231,56.5,53.25,43.5,0,heldout,llm_semantic_polar_surface_optimizer_noprior
real_moleculenet_freesolv,llm_direct_prior_polar_surface_optimizer_noprior,29231,76.8667,58.94,23.1333,1,heldout,
real_moleculenet_freesolv,llm_direct_prior_selector,29231,76.8667,58.94,23.1333,1,heldout,llm_direct_prior_polar_surface_optimizer_noprior
real_moleculenet_freesolv,llm_semantic_polar_surface_optimizer_noprior,29231,56.5,53.25,43.5,0,heldout,
real_moleculenet_freesolv,mixed_kernel_gp_ei,29231,50.0,50.0,50.0,0,heldout,
real_moleculenet_freesolv,target_acquisition_portfolio,29231,50.0,50.0,50.0,0,heldout,
real_moleculenet_freesolv,care_strategy_router,29232,76.8667,68.8767,23.1333,1,heldout,llm_direct_prior_polar_surface_optimizer_noprior
real_moleculenet_freesolv,gp_ucb,29232,73.0667,57.5566,26.9333,1,heldout,
real_moleculenet_freesolv,llambo_warmstart_polar_surface_optimizer_noprior,29232,79.0667,54.51,20.9333,1,heldout,
real_moleculenet_freesolv,llambo_warmstart_selector,29232,79.0667,54.51,20.9333,1,heldout,llambo_warmstart_polar_surface_optimizer_noprior
real_moleculenet_freesolv,llm_calibrated_selector,29232,71.4333,57.8066,28.5667,1,heldout,llm_semantic_polar_surface_optimizer_noprior
real_moleculenet_freesolv,llm_direct_prior_polar_surface_optimizer_noprior,29232,76.8667,68.8767,23.1333,1,heldout,
real_moleculenet_freesolv,llm_direct_prior_selector,29232,76.8667,68.8767,23.1333,1,heldout,llm_direct_prior_polar_surface_optimizer_noprior
real_moleculenet_freesolv,llm_semantic_polar_surface_optimizer_noprior,29232,71.4333,57.8066,28.5667,1,heldout,
real_moleculenet_freesolv,mixed_kernel_gp_ei,29232,76.8667,55.1867,23.1333,1,heldout,
real_moleculenet_freesolv,target_acquisition_portfolio,29232,76.8667,51.5,23.1333,1,heldout,
real_moleculenet_freesolv,care_strategy_router,29233,100.0,58.96,0.0,1,heldout,llm_direct_prior_polar_surface_optimizer_noprior
real_moleculenet_freesolv,gp_ucb,29233,58.8,53.7433,41.2,0,heldout,
real_moleculenet_freesolv,llambo_warmstart_polar_surface_optimizer_noprior,29233,68.2,57.34,31.8,0,heldout,
real_moleculenet_freesolv,llambo_warmstart_selector,29233,68.2,57.34,31.8,0,heldout,llambo_warmstart_polar_surface_optimizer_noprior
real_moleculenet_freesolv,llm_calibrated_selector,29233,59.1333,59.1333,40.8667,0,heldout,llm_semantic_polar_surface_optimizer_noprior
real_moleculenet_freesolv,llm_direct_prior_polar_surface_optimizer_noprior,29233,100.0,58.96,0.0,1,heldout,
real_moleculenet_freesolv,llm_direct_prior_selector,29233,100.0,58.96,0.0,1,heldout,llm_direct_prior_polar_surface_optimizer_noprior
real_moleculenet_freesolv,llm_semantic_polar_surface_optimizer_noprior,29233,59.1333,59.1333,40.8667,0,heldout,
real_moleculenet_freesolv,mixed_kernel_gp_ei,29233,58.8,53.9,41.2,0,heldout,
real_moleculenet_freesolv,target_acquisition_portfolio,29233,71.4333,55.63,28.5667,1,heldout,
real_moleculenet_freesolv,care_strategy_router,29234,76.8667,75.06,23.1333,1,heldout,llm_direct_prior_polar_surface_optimizer_noprior
real_moleculenet_freesolv,gp_ucb,29234,71.4333,69.8,28.5667,1,heldout,
real_moleculenet_freesolv,llambo_warmstart_polar_surface_optimizer_noprior,29234,64.0333,53.3133,35.9667,0,heldout,
real_moleculenet_freesolv,llambo_warmstart_selector,29234,64.0333,53.3133,35.9667,0,heldout,llambo_warmstart_polar_surface_optimizer_noprior
real_moleculenet_freesolv,llm_calibrated_selector,29234,58.8,58.8,41.2,0,heldout,llm_semantic_polar_surface_optimizer_noprior
real_moleculenet_freesolv,llm_direct_prior_polar_surface_optimizer_noprior,29234,76.8667,75.06,23.1333,1,heldout,
real_moleculenet_freesolv,llm_direct_prior_selector,29234,76.8667,75.06,23.1333,1,heldout,llm_direct_prior_polar_surface_optimizer_noprior
real_moleculenet_freesolv,llm_semantic_polar_surface_optimizer_noprior,29234,58.8,58.8,41.2,0,heldout,
real_moleculenet_freesolv,mixed_kernel_gp_ei,29234,71.4333,69.8,28.5667,1,heldout,
real_moleculenet_freesolv,target_acquisition_portfolio,29234,71.4333,67.2866,28.5667,1,heldout,
real_moleculenet_freesolv,care_strategy_router,29235,100.0,54.88,0.0,1,heldout,llm_direct_prior_polar_surface_optimizer_noprior
real_moleculenet_freesolv,gp_ucb,29235,47.8,42.5366,52.2,0,heldout,
real_moleculenet_freesolv,llambo_warmstart_polar_surface_optimizer_noprior,29235,71.4333,69.43,28.5667,1,heldout,
real_moleculenet_freesolv,llambo_warmstart_selector,29235,71.4333,69.43,28.5667,1,heldout,llambo_warmstart_polar_surface_optimizer_noprior
real_moleculenet_freesolv,llm_calibrated_selector,29235,58.8,53.81,41.2,0,heldout,llm_semantic_polar_surface_optimizer_noprior
real_moleculenet_freesolv,llm_direct_prior_polar_surface_optimizer_noprior,29235,100.0,54.88,0.0,1,heldout,
real_moleculenet_freesolv,llm_direct_prior_selector,29235,100.0,54.88,0.0,1,heldout,llm_direct_prior_polar_surface_optimizer_noprior
real_moleculenet_freesolv,llm_semantic_polar_surface_optimizer_noprior,29235,58.8,53.81,41.2,0,heldout,
real_moleculenet_freesolv,mixed_kernel_gp_ei,29235,47.8,42.5366,52.2,0,heldout,
real_moleculenet_freesolv,target_acquisition_portfolio,29235,44.7,43.5933,55.3,0,heldout,
real_moleculenet_freesolv,care_strategy_router,29236,100.0,71.3267,0.0,1,heldout,llm_direct_prior_polar_surface_optimizer_noprior
real_moleculenet_freesolv,gp_ucb,29236,71.4333,46.5333,28.5667,1,heldout,
real_moleculenet_freesolv,llambo_warmstart_polar_surface_optimizer_noprior,29236,79.0667,70.2267,20.9333,1,heldout,
real_moleculenet_freesolv,llambo_warmstart_selector,29236,79.0667,70.2267,20.9333,1,heldout,llambo_warmstart_polar_surface_optimizer_noprior
real_moleculenet_freesolv,llm_calibrated_selector,29236,71.4333,63.0933,28.5667,1,heldout,llm_semantic_polar_surface_optimizer_noprior
real_moleculenet_freesolv,llm_direct_prior_polar_surface_optimizer_noprior,29236,100.0,71.3267,0.0,1,heldout,
real_moleculenet_freesolv,llm_direct_prior_selector,29236,100.0,71.3267,0.0,1,heldout,llm_direct_prior_polar_surface_optimizer_noprior
real_moleculenet_freesolv,llm_semantic_polar_surface_optimizer_noprior,29236,71.4333,63.0933,28.5667,1,heldout,
real_moleculenet_freesolv,mixed_kernel_gp_ei,29236,71.4333,45.2,28.5667,1,heldout,
real_moleculenet_freesolv,target_acquisition_portfolio,29236,71.4333,44.9,28.5667,1,heldout,
real_moleculenet_freesolv,care_strategy_router,29237,76.8667,76.8667,23.1333,1,heldout,llm_direct_prior_polar_surface_optimizer_noprior
real_moleculenet_freesolv,gp_ucb,29237,69.4333,66.3066,30.5667,1,heldout,
real_moleculenet_freesolv,llambo_warmstart_polar_surface_optimizer_noprior,29237,69.4333,67.43,30.5667,1,heldout,
real_moleculenet_freesolv,llambo_warmstart_selector,29237,69.4333,67.43,30.5667,1,heldout,llambo_warmstart_polar_surface_optimizer_noprior
real_moleculenet_freesolv,llm_calibrated_selector,29237,71.4333,64.38,28.5667,1,heldout,llm_semantic_polar_surface_optimizer_noprior
real_moleculenet_freesolv,llm_direct_prior_polar_surface_optimizer_noprior,29237,76.8667,76.8667,23.1333,1,heldout,
real_moleculenet_freesolv,llm_direct_prior_selector,29237,76.8667,76.8667,23.1333,1,heldout,llm_direct_prior_polar_surface_optimizer_noprior
real_moleculenet_freesolv,llm_semantic_polar_surface_optimizer_noprior,29237,71.4333,64.38,28.5667,1,heldout,
real_moleculenet_freesolv,mixed_kernel_gp_ei,29237,69.4333,66.3066,30.5667,1,heldout,
real_moleculenet_freesolv,target_acquisition_portfolio,29237,69.4333,66.3066,30.5667,1,heldout,
real_moleculenet_freesolv,care_strategy_router,29238,76.8667,47.5533,23.1333,1,heldout,llm_direct_prior_polar_surface_optimizer_noprior
real_moleculenet_freesolv,gp_ucb,29238,52.6,46.4667,47.4,0,heldout,
real_moleculenet_freesolv,llambo_warmstart_polar_surface_optimizer_noprior,29238,68.2,63.9266,31.8,0,heldout,
real_moleculenet_freesolv,llambo_warmstart_selector,29238,68.2,63.9266,31.8,0,heldout,llambo_warmstart_polar_surface_optimizer_noprior
real_moleculenet_freesolv,llm_calibrated_selector,29238,58.8,52.56,41.2,0,heldout,llm_semantic_polar_surface_optimizer_noprior
real_moleculenet_freesolv,llm_direct_prior_polar_surface_optimizer_noprior,29238,76.8667,47.5533,23.1333,1,heldout,
real_moleculenet_freesolv,llm_direct_prior_selector,29238,76.8667,47.5533,23.1333,1,heldout,llm_direct_prior_polar_surface_optimizer_noprior
real_moleculenet_freesolv,llm_semantic_polar_surface_optimizer_noprior,29238,58.8,52.56,41.2,0,heldout,
real_moleculenet_freesolv,mixed_kernel_gp_ei,29238,56.5,43.9233,43.5,0,heldout,
real_moleculenet_freesolv,target_acquisition_portfolio,29238,52.6,47.1367,47.4,0,heldout,
real_moleculenet_freesolv,care_strategy_router,29239,77.2333,76.9034,22.7667,1,heldout,llm_direct_prior_polar_surface_optimizer_noprior
real_moleculenet_freesolv,gp_ucb,29239,76.8667,62.5867,23.1333,1,heldout,
real_moleculenet_freesolv,llambo_warmstart_polar_surface_optimizer_noprior,29239,68.2,57.98,31.8,0,heldout,
real_moleculenet_freesolv,llambo_warmstart_selector,29239,68.2,57.98,31.8,0,heldout,llambo_warmstart_polar_surface_optimizer_noprior
real_moleculenet_freesolv,llm_calibrated_selector,29239,100.0,85.27,0.0,1,heldout,llm_semantic_polar_surface_optimizer_noprior
real_moleculenet_freesolv,llm_direct_prior_polar_surface_optimizer_noprior,29239,77.2333,76.9034,22.7667,1,heldout,
real_moleculenet_freesolv,llm_direct_prior_selector,29239,77.2333,76.9034,22.7667,1,heldout,llm_direct_prior_polar_surface_optimizer_noprior
real_moleculenet_freesolv,llm_semantic_polar_surface_optimizer_noprior,29239,100.0,85.27,0.0,1,heldout,
real_moleculenet_freesolv,mixed_kernel_gp_ei,29239,52.1333,51.8866,47.8667,0,heldout,
real_moleculenet_freesolv,target_acquisition_portfolio,29239,52.1333,51.64,47.8667,0,heldout,
real_moleculenet_freesolv,care_strategy_router,29240,59.1333,52.94,40.8667,0,heldout,llm_direct_prior_polar_surface_optimizer_noprior
real_moleculenet_freesolv,gp_ucb,29240,68.2,59.0867,31.8,0,heldout,
real_moleculenet_freesolv,llambo_warmstart_polar_surface_optimizer_noprior,29240,85.0667,63.35,14.9333,1,heldout,
real_moleculenet_freesolv,llambo_warmstart_selector,29240,85.0667,63.35,14.9333,1,heldout,llambo_warmstart_polar_surface_optimizer_noprior
real_moleculenet_freesolv,llm_calibrated_selector,29240,100.0,81.68,0.0,1,heldout,llm_semantic_polar_surface_optimizer_noprior
real_moleculenet_freesolv,llm_direct_prior_polar_surface_optimizer_noprior,29240,59.1333,52.94,40.8667,0,heldout,
real_moleculenet_freesolv,llm_direct_prior_selector,29240,59.1333,52.94,40.8667,0,heldout,llm_direct_prior_polar_surface_optimizer_noprior
real_moleculenet_freesolv,llm_semantic_polar_surface_optimizer_noprior,29240,100.0,81.68,0.0,1,heldout,
real_moleculenet_freesolv,mixed_kernel_gp_ei,29240,68.2,59.0867,31.8,0,heldout,
real_moleculenet_freesolv,target_acquisition_portfolio,29240,68.2,59.0867,31.8,0,heldout,
real_moleculenet_freesolv,care_strategy_router,29241,100.0,99.08,0.0,1,heldout,llm_direct_prior_polar_surface_optimizer_noprior
real_moleculenet_freesolv,gp_ucb,29241,100.0,94.1533,0.0,1,heldout,
real_moleculenet_freesolv,llambo_warmstart_polar_surface_optimizer_noprior,29241,59.1333,59.1333,40.8667,0,heldout,
real_moleculenet_freesolv,llambo_warmstart_selector,29241,59.1333,59.1333,40.8667,0,heldout,llambo_warmstart_polar_surface_optimizer_noprior
real_moleculenet_freesolv,llm_calibrated_selector,29241,76.8667,66.16,23.1333,1,heldout,llm_semantic_polar_surface_optimizer_noprior
real_moleculenet_freesolv,llm_direct_prior_polar_surface_optimizer_noprior,29241,100.0,99.08,0.0,1,heldout,
real_moleculenet_freesolv,llm_direct_prior_selector,29241,100.0,99.08,0.0,1,heldout,llm_direct_prior_polar_surface_optimizer_noprior
real_moleculenet_freesolv,llm_semantic_polar_surface_optimizer_noprior,29241,76.8667,66.16,23.1333,1,heldout,
real_moleculenet_freesolv,mixed_kernel_gp_ei,29241,100.0,94.1533,0.0,1,heldout,
real_moleculenet_freesolv,target_acquisition_portfolio,29241,100.0,94.1533,0.0,1,heldout,
real_moleculenet_freesolv,care_strategy_router,29242,76.8667,75.06,23.1333,1,heldout,llm_direct_prior_polar_surface_optimizer_noprior
real_moleculenet_freesolv,gp_ucb,29242,56.5,49.92,43.5,0,heldout,
real_moleculenet_freesolv,llambo_warmstart_polar_surface_optimizer_noprior,29242,76.8667,76.8667,23.1333,1,heldout,
real_moleculenet_freesolv,llambo_warmstart_selector,29242,76.8667,76.8667,23.1333,1,heldout,llambo_warmstart_polar_surface_optimizer_noprior
real_moleculenet_freesolv,llm_calibrated_selector,29242,71.4333,60.2267,28.5667,1,heldout,llm_semantic_polar_surface_optimizer_noprior
real_moleculenet_freesolv,llm_direct_prior_polar_surface_optimizer_noprior,29242,76.8667,75.06,23.1333,1,heldout,
real_moleculenet_freesolv,llm_direct_prior_selector,29242,76.8667,75.06,23.1333,1,heldout,llm_direct_prior_polar_surface_optimizer_noprior
real_moleculenet_freesolv,llm_semantic_polar_surface_optimizer_noprior,29242,71.4333,60.2267,28.5667,1,heldout,
real_moleculenet_freesolv,mixed_kernel_gp_ei,29242,64.0333,55.9166,35.9667,0,heldout,
real_moleculenet_freesolv,target_acquisition_portfolio,29242,76.8667,53.8667,23.1333,1,heldout,
real_moleculenet_freesolv,care_strategy_router,29243,58.8,55.57,41.2,0,heldout,llm_direct_prior_polar_surface_optimizer_noprior
real_moleculenet_freesolv,gp_ucb,29243,75.8,53.0233,24.2,1,heldout,
real_moleculenet_freesolv,llambo_warmstart_polar_surface_optimizer_noprior,29243,58.8,50.4367,41.2,0,heldout,
real_moleculenet_freesolv,llambo_warmstart_selector,29243,58.8,50.4367,41.2,0,heldout,llambo_warmstart_polar_surface_optimizer_noprior
real_moleculenet_freesolv,llm_calibrated_selector,29243,100.0,73.8166,0.0,1,heldout,llm_semantic_polar_surface_optimizer_noprior
real_moleculenet_freesolv,llm_direct_prior_polar_surface_optimizer_noprior,29243,58.8,55.57,41.2,0,heldout,
real_moleculenet_freesolv,llm_direct_prior_selector,29243,58.8,55.57,41.2,0,heldout,llm_direct_prior_polar_surface_optimizer_noprior
real_moleculenet_freesolv,llm_semantic_polar_surface_optimizer_noprior,29243,100.0,73.8166,0.0,1,heldout,
real_moleculenet_freesolv,mixed_kernel_gp_ei,29243,69.4333,50.61,30.5667,1,heldout,
real_moleculenet_freesolv,target_acquisition_portfolio,29243,69.4333,50.3833,30.5667,1,heldout,
real_moleculenet_freesolv,care_strategy_router,29244,76.8667,66.2267,23.1333,1,heldout,llm_direct_prior_polar_surface_optimizer_noprior
real_moleculenet_freesolv,gp_ucb,29244,71.4333,64.0533,28.5667,1,heldout,
real_moleculenet_freesolv,llambo_warmstart_polar_surface_optimizer_noprior,29244,71.4333,69.43,28.5667,1,heldout,
real_moleculenet_freesolv,llambo_warmstart_selector,29244,71.4333,69.43,28.5667,1,heldout,llambo_warmstart_polar_surface_optimizer_noprior
real_moleculenet_freesolv,llm_calibrated_selector,29244,71.4333,61.5933,28.5667,1,heldout,llm_semantic_polar_surface_optimizer_noprior
real_moleculenet_freesolv,llm_direct_prior_polar_surface_optimizer_noprior,29244,76.8667,66.2267,23.1333,1,heldout,
real_moleculenet_freesolv,llm_direct_prior_selector,29244,76.8667,66.2267,23.1333,1,heldout,llm_direct_prior_polar_surface_optimizer_noprior
real_moleculenet_freesolv,llm_semantic_polar_surface_optimizer_noprior,29244,71.4333,61.5933,28.5667,1,heldout,
real_moleculenet_freesolv,mixed_kernel_gp_ei,29244,59.1333,59.1333,40.8667,0,heldout,
real_moleculenet_freesolv,target_acquisition_portfolio,29244,71.4333,60.3633,28.5667,1,heldout,
real_moleculenet_freesolv,care_strategy_router,29245,100.0,100.0,0.0,1,heldout,llm_direct_prior_polar_surface_optimizer_noprior
real_moleculenet_freesolv,gp_ucb,29245,42.1,40.9567,57.9,0,heldout,
real_moleculenet_freesolv,llambo_warmstart_polar_surface_optimizer_noprior,29245,64.0333,63.51,35.9667,0,heldout,
real_moleculenet_freesolv,llambo_warmstart_selector,29245,64.0333,63.51,35.9667,0,heldout,llambo_warmstart_polar_surface_optimizer_noprior
real_moleculenet_freesolv,llm_calibrated_selector,29245,100.0,93.4867,0.0,1,heldout,llm_semantic_polar_surface_optimizer_noprior
real_moleculenet_freesolv,llm_direct_prior_polar_surface_optimizer_noprior,29245,100.0,100.0,0.0,1,heldout,
real_moleculenet_freesolv,llm_direct_prior_selector,29245,100.0,100.0,0.0,1,heldout,llm_direct_prior_polar_surface_optimizer_noprior
real_moleculenet_freesolv,llm_semantic_polar_surface_optimizer_noprior,29245,100.0,93.4867,0.0,1,heldout,
real_moleculenet_freesolv,mixed_kernel_gp_ei,29245,58.8,43.4267,41.2,0,heldout,
real_moleculenet_freesolv,target_acquisition_portfolio,29245,38.3333,37.64,61.6667,0,heldout,
real_moleculenet_freesolv,care_strategy_router,29246,100.0,66.17,0.0,1,heldout,llm_direct_prior_polar_surface_optimizer_noprior
real_moleculenet_freesolv,gp_ucb,29246,73.0667,57.5566,26.9333,1,heldout,
real_moleculenet_freesolv,llambo_warmstart_polar_surface_optimizer_noprior,29246,64.0333,61.49,35.9667,0,heldout,
real_moleculenet_freesolv,llambo_warmstart_selector,29246,64.0333,61.49,35.9667,0,heldout,llambo_warmstart_polar_surface_optimizer_noprior
real_moleculenet_freesolv,llm_calibrated_selector,29246,58.8,52.6133,41.2,0,heldout,llm_semantic_polar_surface_optimizer_noprior
real_moleculenet_freesolv,llm_direct_prior_polar_surface_optimizer_noprior,29246,100.0,66.17,0.0,1,heldout,
real_moleculenet_freesolv,llm_direct_prior_selector,29246,100.0,66.17,0.0,1,heldout,llm_direct_prior_polar_surface_optimizer_noprior
real_moleculenet_freesolv,llm_semantic_polar_surface_optimizer_noprior,29246,58.8,52.6133,41.2,0,heldout,
real_moleculenet_freesolv,mixed_kernel_gp_ei,29246,75.8,58.1033,24.2,1,heldout,
real_moleculenet_freesolv,target_acquisition_portfolio,29246,76.8667,55.66,23.1333,1,heldout,
real_moleculenet_freesolv,care_strategy_router,29247,76.8667,73.9834,23.1333,1,heldout,llm_direct_prior_polar_surface_optimizer_noprior
real_moleculenet_freesolv,gp_ucb,29247,76.8667,73.9834,23.1333,1,heldout,
real_moleculenet_freesolv,llambo_warmstart_polar_surface_optimizer_noprior,29247,64.0333,58.2067,35.9667,0,heldout,
real_moleculenet_freesolv,llambo_warmstart_selector,29247,64.0333,58.2067,35.9667,0,heldout,llambo_warmstart_polar_surface_optimizer_noprior
real_moleculenet_freesolv,llm_calibrated_selector,29247,71.4333,66.7933,28.5667,1,heldout,llm_semantic_polar_surface_optimizer_noprior
real_moleculenet_freesolv,llm_direct_prior_polar_surface_optimizer_noprior,29247,76.8667,73.9834,23.1333,1,heldout,
real_moleculenet_freesolv,llm_direct_prior_selector,29247,76.8667,73.9834,23.1333,1,heldout,llm_direct_prior_polar_surface_optimizer_noprior
real_moleculenet_freesolv,llm_semantic_polar_surface_optimizer_noprior,29247,71.4333,66.7933,28.5667,1,heldout,
real_moleculenet_freesolv,mixed_kernel_gp_ei,29247,76.8667,73.9834,23.1333,1,heldout,
real_moleculenet_freesolv,target_acquisition_portfolio,29247,76.8667,73.9834,23.1333,1,heldout,
real_moleculenet_freesolv,care_strategy_router,29248,100.0,64.8,0.0,1,heldout,llm_direct_prior_polar_surface_optimizer_noprior
real_moleculenet_freesolv,gp_ucb,29248,64.0333,48.5833,35.9667,0,heldout,
real_moleculenet_freesolv,llambo_warmstart_polar_surface_optimizer_noprior,29248,76.8667,76.8667,23.1333,1,heldout,
real_moleculenet_freesolv,llambo_warmstart_selector,29248,76.8667,76.8667,23.1333,1,heldout,llambo_warmstart_polar_surface_optimizer_noprior
real_moleculenet_freesolv,llm_calibrated_selector,29248,100.0,82.7867,0.0,1,heldout,llm_semantic_polar_surface_optimizer_noprior
real_moleculenet_freesolv,llm_direct_prior_polar_surface_optimizer_noprior,29248,100.0,64.8,0.0,1,heldout,
real_moleculenet_freesolv,llm_direct_prior_selector,29248,100.0,64.8,0.0,1,heldout,llm_direct_prior_polar_surface_optimizer_noprior
real_moleculenet_freesolv,llm_semantic_polar_surface_optimizer_noprior,29248,100.0,82.7867,0.0,1,heldout,
real_moleculenet_freesolv,mixed_kernel_gp_ei,29248,58.8,47.52,41.2,0,heldout,
real_moleculenet_freesolv,target_acquisition_portfolio,29248,64.0333,48.5833,35.9667,0,heldout,
real_moleculenet_freesolv,care_strategy_router,29249,76.8667,73.5834,23.1333,1,heldout,llm_direct_prior_polar_surface_optimizer_noprior
real_moleculenet_freesolv,gp_ucb,29249,69.4333,61.7333,30.5667,1,heldout,
real_moleculenet_freesolv,llambo_warmstart_polar_surface_optimizer_noprior,29249,64.0333,60.62,35.9667,0,heldout,
real_moleculenet_freesolv,llambo_warmstart_selector,29249,64.0333,60.62,35.9667,0,heldout,llambo_warmstart_polar_surface_optimizer_noprior
real_moleculenet_freesolv,llm_calibrated_selector,29249,71.4333,57.7333,28.5667,1,heldout,llm_semantic_polar_surface_optimizer_noprior
real_moleculenet_freesolv,llm_direct_prior_polar_surface_optimizer_noprior,29249,76.8667,73.5834,23.1333,1,heldout,
real_moleculenet_freesolv,llm_direct_prior_selector,29249,76.8667,73.5834,23.1333,1,heldout,llm_direct_prior_polar_surface_optimizer_noprior
real_moleculenet_freesolv,llm_semantic_polar_surface_optimizer_noprior,29249,71.4333,57.7333,28.5667,1,heldout,
real_moleculenet_freesolv,mixed_kernel_gp_ei,29249,69.4333,61.7333,30.5667,1,heldout,
real_moleculenet_freesolv,target_acquisition_portfolio,29249,69.4333,61.7333,30.5667,1,heldout,
real_moleculenet_freesolv,care_strategy_router,29250,100.0,79.4,0.0,1,heldout,llm_direct_prior_polar_surface_optimizer_noprior
real_moleculenet_freesolv,gp_ucb,29250,71.4333,71.4333,28.5667,1,heldout,
real_moleculenet_freesolv,llambo_warmstart_polar_surface_optimizer_noprior,29250,59.1333,59.1333,40.8667,0,heldout,
real_moleculenet_freesolv,llambo_warmstart_selector,29250,59.1333,59.1333,40.8667,0,heldout,llambo_warmstart_polar_surface_optimizer_noprior
real_moleculenet_freesolv,llm_calibrated_selector,29250,58.8,57.7633,41.2,0,heldout,llm_semantic_polar_surface_optimizer_noprior
real_moleculenet_freesolv,llm_direct_prior_polar_surface_optimizer_noprior,29250,100.0,79.4,0.0,1,heldout,
real_moleculenet_freesolv,llm_direct_prior_selector,29250,100.0,79.4,0.0,1,heldout,llm_direct_prior_polar_surface_optimizer_noprior
real_moleculenet_freesolv,llm_semantic_polar_surface_optimizer_noprior,29250,58.8,57.7633,41.2,0,heldout,
real_moleculenet_freesolv,mixed_kernel_gp_ei,29250,71.4333,71.4333,28.5667,1,heldout,
real_moleculenet_freesolv,target_acquisition_portfolio,29250,71.4333,71.4333,28.5667,1,heldout,
real_moleculenet_freesolv,care_strategy_router,29251,100.0,61.8433,0.0,1,heldout,llm_direct_prior_polar_surface_optimizer_noprior
real_moleculenet_freesolv,gp_ucb,29251,49.2,49.2,50.8,0,heldout,
real_moleculenet_freesolv,llambo_warmstart_polar_surface_optimizer_noprior,29251,68.2,62.08,31.8,0,heldout,
real_moleculenet_freesolv,llambo_warmstart_selector,29251,68.2,62.08,31.8,0,heldout,llambo_warmstart_polar_surface_optimizer_noprior
real_moleculenet_freesolv,llm_calibrated_selector,29251,71.4333,63.1566,28.5667,1,heldout,llm_semantic_polar_surface_optimizer_noprior
real_moleculenet_freesolv,llm_direct_prior_polar_surface_optimizer_noprior,29251,100.0,61.8433,0.0,1,heldout,
real_moleculenet_freesolv,llm_direct_prior_selector,29251,100.0,61.8433,0.0,1,heldout,llm_direct_prior_polar_surface_optimizer_noprior
real_moleculenet_freesolv,llm_semantic_polar_surface_optimizer_noprior,29251,71.4333,63.1566,28.5667,1,heldout,
real_moleculenet_freesolv,mixed_kernel_gp_ei,29251,49.2,48.4867,50.8,0,heldout,
real_moleculenet_freesolv,target_acquisition_portfolio,29251,49.2,48.4867,50.8,0,heldout,
real_moleculenet_freesolv,care_strategy_router,29252,100.0,93.4633,0.0,1,heldout,llm_direct_prior_polar_surface_optimizer_noprior
real_moleculenet_freesolv,gp_ucb,29252,49.4,40.5566,50.6,0,heldout,
real_moleculenet_freesolv,llambo_warmstart_polar_surface_optimizer_noprior,29252,76.8667,73.2534,23.1333,1,heldout,
real_moleculenet_freesolv,llambo_warmstart_selector,29252,76.8667,73.2534,23.1333,1,heldout,llambo_warmstart_polar_surface_optimizer_noprior
real_moleculenet_freesolv,llm_calibrated_selector,29252,71.4333,45.5433,28.5667,1,heldout,llm_semantic_polar_surface_optimizer_noprior
real_moleculenet_freesolv,llm_direct_prior_polar_surface_optimizer_noprior,29252,100.0,93.4633,0.0,1,heldout,
real_moleculenet_freesolv,llm_direct_prior_selector,29252,100.0,93.4633,0.0,1,heldout,llm_direct_prior_polar_surface_optimizer_noprior
real_moleculenet_freesolv,llm_semantic_polar_surface_optimizer_noprior,29252,71.4333,45.5433,28.5667,1,heldout,
real_moleculenet_freesolv,mixed_kernel_gp_ei,29252,42.1,39.8433,57.9,0,heldout,
real_moleculenet_freesolv,target_acquisition_portfolio,29252,44.7,41.0267,55.3,0,heldout,
real_moleculenet_freesolv,care_strategy_router,29253,59.1333,55.84,40.8667,0,heldout,llm_direct_prior_polar_surface_optimizer_noprior
real_moleculenet_freesolv,gp_ucb,29253,50.9,50.9,49.1,0,heldout,
real_moleculenet_freesolv,llambo_warmstart_polar_surface_optimizer_noprior,29253,50.7,50.21,49.3,0,heldout,
real_moleculenet_freesolv,llambo_warmstart_selector,29253,50.7,50.21,49.3,0,heldout,llambo_warmstart_polar_surface_optimizer_noprior
real_moleculenet_freesolv,llm_calibrated_selector,29253,59.1333,56.6633,40.8667,0,heldout,llm_semantic_polar_surface_optimizer_noprior
real_moleculenet_freesolv,llm_direct_prior_polar_surface_optimizer_noprior,29253,59.1333,55.84,40.8667,0,heldout,
real_moleculenet_freesolv,llm_direct_prior_selector,29253,59.1333,55.84,40.8667,0,heldout,llm_direct_prior_polar_surface_optimizer_noprior
real_moleculenet_freesolv,llm_semantic_polar_surface_optimizer_noprior,29253,59.1333,56.6633,40.8667,0,heldout,
real_moleculenet_freesolv,mixed_kernel_gp_ei,29253,75.8,68.33,24.2,1,heldout,
real_moleculenet_freesolv,target_acquisition_portfolio,29253,59.1333,57.4866,40.8667,0,heldout,
real_moleculenet_freesolv,care_strategy_router,29254,64.0333,57.2367,35.9667,0,heldout,llm_direct_prior_polar_surface_optimizer_noprior
real_moleculenet_freesolv,gp_ucb,29254,68.2,63.38,31.8,0,heldout,
real_moleculenet_freesolv,llambo_warmstart_polar_surface_optimizer_noprior,29254,58.8,50.92,41.2,0,heldout,
real_moleculenet_freesolv,llambo_warmstart_selector,29254,58.8,50.92,41.2,0,heldout,llambo_warmstart_polar_surface_optimizer_noprior
real_moleculenet_freesolv,llm_calibrated_selector,29254,100.0,88.6533,0.0,1,heldout,llm_semantic_polar_surface_optimizer_noprior
real_moleculenet_freesolv,llm_direct_prior_polar_surface_optimizer_noprior,29254,64.0333,57.2367,35.9667,0,heldout,
real_moleculenet_freesolv,llm_direct_prior_selector,29254,64.0333,57.2367,35.9667,0,heldout,llm_direct_prior_polar_surface_optimizer_noprior
real_moleculenet_freesolv,llm_semantic_polar_surface_optimizer_noprior,29254,100.0,88.6533,0.0,1,heldout,
real_moleculenet_freesolv,mixed_kernel_gp_ei,29254,68.2,63.38,31.8,0,heldout,
real_moleculenet_freesolv,target_acquisition_portfolio,29254,68.2,63.38,31.8,0,heldout,
real_moleculenet_freesolv,care_strategy_router,29255,100.0,65.4433,0.0,1,heldout,llm_direct_prior_polar_surface_optimizer_noprior
real_moleculenet_freesolv,gp_ucb,29255,73.0667,55.0433,26.9333,1,heldout,
real_moleculenet_freesolv,llambo_warmstart_polar_surface_optimizer_noprior,29255,64.0333,61.2466,35.9667,0,heldout,
real_moleculenet_freesolv,llambo_warmstart_selector,29255,64.0333,61.2466,35.9667,0,heldout,llambo_warmstart_polar_surface_optimizer_noprior
real_moleculenet_freesolv,llm_calibrated_selector,29255,58.8,57.0633,41.2,0,heldout,llm_semantic_polar_surface_optimizer_noprior
real_moleculenet_freesolv,llm_direct_prior_polar_surface_optimizer_noprior,29255,100.0,65.4433,0.0,1,heldout,
real_moleculenet_freesolv,llm_direct_prior_selector,29255,100.0,65.4433,0.0,1,heldout,llm_direct_prior_polar_surface_optimizer_noprior
real_moleculenet_freesolv,llm_semantic_polar_surface_optimizer_noprior,29255,58.8,57.0633,41.2,0,heldout,
real_moleculenet_freesolv,mixed_kernel_gp_ei,29255,73.0667,54.68,26.9333,1,heldout,
real_moleculenet_freesolv,target_acquisition_portfolio,29255,79.0667,56.2433,20.9333,1,heldout,
real_moleculenet_freesolv,care_strategy_router,29256,76.8667,50.9867,23.1333,1,heldout,llm_direct_prior_polar_surface_optimizer_noprior
real_moleculenet_freesolv,gp_ucb,29256,45.6667,45.6667,54.3333,0,heldout,
real_moleculenet_freesolv,llambo_warmstart_polar_surface_optimizer_noprior,29256,71.4333,66.5133,28.5667,1,heldout,
real_moleculenet_freesolv,llambo_warmstart_selector,29256,71.4333,66.5133,28.5667,1,heldout,llambo_warmstart_polar_surface_optimizer_noprior
real_moleculenet_freesolv,llm_calibrated_selector,29256,59.1333,56.44,40.8667,0,heldout,llm_semantic_polar_surface_optimizer_noprior
real_moleculenet_freesolv,llm_direct_prior_polar_surface_optimizer_noprior,29256,76.8667,50.9867,23.1333,1,heldout,
real_moleculenet_freesolv,llm_direct_prior_selector,29256,76.8667,50.9867,23.1333,1,heldout,llm_direct_prior_polar_surface_optimizer_noprior
real_moleculenet_freesolv,llm_semantic_polar_surface_optimizer_noprior,29256,59.1333,56.44,40.8667,0,heldout,
real_moleculenet_freesolv,mixed_kernel_gp_ei,29256,45.6667,45.6667,54.3333,0,heldout,
real_moleculenet_freesolv,target_acquisition_portfolio,29256,45.6667,45.6667,54.3333,0,heldout,
real_moleculenet_freesolv,care_strategy_router,29257,100.0,84.1,0.0,1,heldout,llm_direct_prior_polar_surface_optimizer_noprior
real_moleculenet_freesolv,gp_ucb,29257,68.2,68.2,31.8,0,heldout,
real_moleculenet_freesolv,llambo_warmstart_polar_surface_optimizer_noprior,29257,76.8667,76.8667,23.1333,1,heldout,
real_moleculenet_freesolv,llambo_warmstart_selector,29257,76.8667,76.8667,23.1333,1,heldout,llambo_warmstart_polar_surface_optimizer_noprior
real_moleculenet_freesolv,llm_calibrated_selector,29257,79.0667,69.2867,20.9333,1,heldout,llm_semantic_polar_surface_optimizer_noprior
real_moleculenet_freesolv,llm_direct_prior_polar_surface_optimizer_noprior,29257,100.0,84.1,0.0,1,heldout,
real_moleculenet_freesolv,llm_direct_prior_selector,29257,100.0,84.1,0.0,1,heldout,llm_direct_prior_polar_surface_optimizer_noprior
real_moleculenet_freesolv,llm_semantic_polar_surface_optimizer_noprior,29257,79.0667,69.2867,20.9333,1,heldout,
real_moleculenet_freesolv,mixed_kernel_gp_ei,29257,68.2,68.2,31.8,0,heldout,
real_moleculenet_freesolv,target_acquisition_portfolio,29257,68.2,68.2,31.8,0,heldout,
real_moleculenet_freesolv,care_strategy_router,29258,76.8667,73.2534,23.1333,1,heldout,llm_direct_prior_polar_surface_optimizer_noprior
real_moleculenet_freesolv,gp_ucb,29258,71.4333,50.7867,28.5667,1,heldout,
real_moleculenet_freesolv,llambo_warmstart_polar_surface_optimizer_noprior,29258,64.0333,61.2466,35.9667,0,heldout,
real_moleculenet_freesolv,llambo_warmstart_selector,29258,64.0333,61.2466,35.9667,0,heldout,llambo_warmstart_polar_surface_optimizer_noprior
real_moleculenet_freesolv,llm_calibrated_selector,29258,71.4333,40.9633,28.5667,1,heldout,llm_semantic_polar_surface_optimizer_noprior
real_moleculenet_freesolv,llm_direct_prior_polar_surface_optimizer_noprior,29258,76.8667,73.2534,23.1333,1,heldout,
real_moleculenet_freesolv,llm_direct_prior_selector,29258,76.8667,73.2534,23.1333,1,heldout,llm_direct_prior_polar_surface_optimizer_noprior
real_moleculenet_freesolv,llm_semantic_polar_surface_optimizer_noprior,29258,71.4333,40.9633,28.5667,1,heldout,
real_moleculenet_freesolv,mixed_kernel_gp_ei,29258,71.4333,50.7867,28.5667,1,heldout,
real_moleculenet_freesolv,target_acquisition_portfolio,29258,52.6,32.2533,47.4,0,heldout,
real_moleculenet_freesolv,care_strategy_router,29259,100.0,79.4,0.0,1,heldout,llm_direct_prior_polar_surface_optimizer_noprior
real_moleculenet_freesolv,gp_ucb,29259,71.4333,67.2866,28.5667,1,heldout,
real_moleculenet_freesolv,llambo_warmstart_polar_surface_optimizer_noprior,29259,77.2333,74.49,22.7667,1,heldout,
real_moleculenet_freesolv,llambo_warmstart_selector,29259,77.2333,74.49,22.7667,1,heldout,llambo_warmstart_polar_surface_optimizer_noprior
real_moleculenet_freesolv,llm_calibrated_selector,29259,58.8,52.71,41.2,0,heldout,llm_semantic_polar_surface_optimizer_noprior
real_moleculenet_freesolv,llm_direct_prior_polar_surface_optimizer_noprior,29259,100.0,79.4,0.0,1,heldout,
real_moleculenet_freesolv,llm_direct_prior_selector,29259,100.0,79.4,0.0,1,heldout,llm_direct_prior_polar_surface_optimizer_noprior
real_moleculenet_freesolv,llm_semantic_polar_surface_optimizer_noprior,29259,58.8,52.71,41.2,0,heldout,
real_moleculenet_freesolv,mixed_kernel_gp_ei,29259,71.4333,67.2866,28.5667,1,heldout,
real_moleculenet_freesolv,target_acquisition_portfolio,29259,71.4333,67.2866,28.5667,1,heldout,
real_moleculenet_freesolv,care_strategy_router,29260,100.0,57.9933,0.0,1,heldout,llm_direct_prior_polar_surface_optimizer_noprior
real_moleculenet_freesolv,gp_ucb,29260,58.8,43.75,41.2,0,heldout,
real_moleculenet_freesolv,llambo_warmstart_polar_surface_optimizer_noprior,29260,64.0333,61.07,35.9667,0,heldout,
real_moleculenet_freesolv,llambo_warmstart_selector,29260,64.0333,61.07,35.9667,0,heldout,llambo_warmstart_polar_surface_optimizer_noprior
real_moleculenet_freesolv,llm_calibrated_selector,29260,100.0,81.5167,0.0,1,heldout,llm_semantic_polar_surface_optimizer_noprior
real_moleculenet_freesolv,llm_direct_prior_polar_surface_optimizer_noprior,29260,100.0,57.9933,0.0,1,heldout,
real_moleculenet_freesolv,llm_direct_prior_selector,29260,100.0,57.9933,0.0,1,heldout,llm_direct_prior_polar_surface_optimizer_noprior
real_moleculenet_freesolv,llm_semantic_polar_surface_optimizer_noprior,29260,100.0,81.5167,0.0,1,heldout,
real_moleculenet_freesolv,mixed_kernel_gp_ei,29260,43.2667,40.83,56.7333,0,heldout,
real_moleculenet_freesolv,target_acquisition_portfolio,29260,58.8,43.75,41.2,0,heldout,
real_moleculenet_freesolv,care_strategy_router,29261,76.8667,75.06,23.1333,1,heldout,llm_direct_prior_polar_surface_optimizer_noprior
real_moleculenet_freesolv,gp_ucb,29261,68.2,65.19,31.8,0,heldout,
real_moleculenet_freesolv,llambo_warmstart_polar_surface_optimizer_noprior,29261,69.4333,60.1633,30.5667,1,heldout,
real_moleculenet_freesolv,llambo_warmstart_selector,29261,69.4333,60.1633,30.5667,1,heldout,llambo_warmstart_polar_surface_optimizer_noprior
real_moleculenet_freesolv,llm_calibrated_selector,29261,58.8,58.8,41.2,0,heldout,llm_semantic_polar_surface_optimizer_noprior
real_moleculenet_freesolv,llm_direct_prior_polar_surface_optimizer_noprior,29261,76.8667,75.06,23.1333,1,heldout,
real_moleculenet_freesolv,llm_direct_prior_selector,29261,76.8667,75.06,23.1333,1,heldout,llm_direct_prior_polar_surface_optimizer_noprior
real_moleculenet_freesolv,llm_semantic_polar_surface_optimizer_noprior,29261,58.8,58.8,41.2,0,heldout,
real_moleculenet_freesolv,mixed_kernel_gp_ei,29261,68.2,65.19,31.8,0,heldout,
real_moleculenet_freesolv,target_acquisition_portfolio,29261,68.2,65.19,31.8,0,heldout,
real_moleculenet_freesolv,care_strategy_router,29262,76.8667,75.06,23.1333,1,heldout,llm_direct_prior_polar_surface_optimizer_noprior
real_moleculenet_freesolv,gp_ucb,29262,76.8667,66.2934,23.1333,1,heldout,
real_moleculenet_freesolv,llambo_warmstart_polar_surface_optimizer_noprior,29262,69.4333,65.6,30.5667,1,heldout,
real_moleculenet_freesolv,llambo_warmstart_selector,29262,69.4333,65.6,30.5667,1,heldout,llambo_warmstart_polar_surface_optimizer_noprior
real_moleculenet_freesolv,llm_calibrated_selector,29262,59.1333,57.8266,40.8667,0,heldout,llm_semantic_polar_surface_optimizer_noprior
real_moleculenet_freesolv,llm_direct_prior_polar_surface_optimizer_noprior,29262,76.8667,75.06,23.1333,1,heldout,
real_moleculenet_freesolv,llm_direct_prior_selector,29262,76.8667,75.06,23.1333,1,heldout,llm_direct_prior_polar_surface_optimizer_noprior
real_moleculenet_freesolv,llm_semantic_polar_surface_optimizer_noprior,29262,59.1333,57.8266,40.8667,0,heldout,
real_moleculenet_freesolv,mixed_kernel_gp_ei,29262,56.5,55.72,43.5,0,heldout,
real_moleculenet_freesolv,target_acquisition_portfolio,29262,58.8,56.18,41.2,0,heldout,
real_moleculenet_freesolv,care_strategy_router,29263,100.0,82.0267,0.0,1,heldout,llm_direct_prior_polar_surface_optimizer_noprior
real_moleculenet_freesolv,gp_ucb,29263,73.0667,48.17,26.9333,1,heldout,
real_moleculenet_freesolv,llambo_warmstart_polar_surface_optimizer_noprior,29263,71.4333,69.43,28.5667,1,heldout,
real_moleculenet_freesolv,llambo_warmstart_selector,29263,71.4333,69.43,28.5667,1,heldout,llambo_warmstart_polar_surface_optimizer_noprior
real_moleculenet_freesolv,llm_calibrated_selector,29263,71.4333,59.1166,28.5667,1,heldout,llm_semantic_polar_surface_optimizer_noprior
real_moleculenet_freesolv,llm_direct_prior_polar_surface_optimizer_noprior,29263,100.0,82.0267,0.0,1,heldout,
real_moleculenet_freesolv,llm_direct_prior_selector,29263,100.0,82.0267,0.0,1,heldout,llm_direct_prior_polar_surface_optimizer_noprior
real_moleculenet_freesolv,llm_semantic_polar_surface_optimizer_noprior,29263,71.4333,59.1166,28.5667,1,heldout,
real_moleculenet_freesolv,mixed_kernel_gp_ei,29263,58.8,47.0667,41.2,0,heldout,
real_moleculenet_freesolv,target_acquisition_portfolio,29263,69.4333,48.6433,30.5667,1,heldout,
real_moleculenet_freesolv,care_strategy_router,29264,76.8667,76.8667,23.1333,1,heldout,llm_direct_prior_polar_surface_optimizer_noprior
real_moleculenet_freesolv,gp_ucb,29264,69.4333,64.2733,30.5667,1,heldout,
real_moleculenet_freesolv,llambo_warmstart_polar_surface_optimizer_noprior,29264,47.6,47.6,52.4,0,heldout,
real_moleculenet_freesolv,llambo_warmstart_selector,29264,47.6,47.6,52.4,0,heldout,llambo_warmstart_polar_surface_optimizer_noprior
real_moleculenet_freesolv,llm_calibrated_selector,29264,71.4333,59.55,28.5667,1,heldout,llm_semantic_polar_surface_optimizer_noprior
real_moleculenet_freesolv,llm_direct_prior_polar_surface_optimizer_noprior,29264,76.8667,76.8667,23.1333,1,heldout,
real_moleculenet_freesolv,llm_direct_prior_selector,29264,76.8667,76.8667,23.1333,1,heldout,llm_direct_prior_polar_surface_optimizer_noprior
real_moleculenet_freesolv,llm_semantic_polar_surface_optimizer_noprior,29264,71.4333,59.55,28.5667,1,heldout,
real_moleculenet_freesolv,mixed_kernel_gp_ei,29264,69.4333,64.2733,30.5667,1,heldout,
real_moleculenet_freesolv,target_acquisition_portfolio,29264,69.4333,64.2733,30.5667,1,heldout,
real_moleculenet_freesolv,care_strategy_router,29265,76.8667,76.8667,23.1333,1,heldout,llm_direct_prior_polar_surface_optimizer_noprior
real_moleculenet_freesolv,gp_ucb,29265,49.2,48.3133,50.8,0,heldout,
real_moleculenet_freesolv,llambo_warmstart_polar_surface_optimizer_noprior,29265,50.0,50.0,50.0,0,heldout,
real_moleculenet_freesolv,llambo_warmstart_selector,29265,50.0,50.0,50.0,0,heldout,llambo_warmstart_polar_surface_optimizer_noprior
real_moleculenet_freesolv,llm_calibrated_selector,29265,58.8,57.0633,41.2,0,heldout,llm_semantic_polar_surface_optimizer_noprior
real_moleculenet_freesolv,llm_direct_prior_polar_surface_optimizer_noprior,29265,76.8667,76.8667,23.1333,1,heldout,
real_moleculenet_freesolv,llm_direct_prior_selector,29265,76.8667,76.8667,23.1333,1,heldout,llm_direct_prior_polar_surface_optimizer_noprior
real_moleculenet_freesolv,llm_semantic_polar_surface_optimizer_noprior,29265,58.8,57.0633,41.2,0,heldout,
real_moleculenet_freesolv,mixed_kernel_gp_ei,29265,58.8,49.2733,41.2,0,heldout,
real_moleculenet_freesolv,target_acquisition_portfolio,29265,76.8667,59.38,23.1333,1,heldout,
real_moleculenet_freesolv,care_strategy_router,29266,100.0,68.0167,0.0,1,heldout,llm_direct_prior_polar_surface_optimizer_noprior
real_moleculenet_freesolv,gp_ucb,29266,71.4333,41.4167,28.5667,1,heldout,
real_moleculenet_freesolv,llambo_warmstart_polar_surface_optimizer_noprior,29266,76.8667,76.8667,23.1333,1,heldout,
real_moleculenet_freesolv,llambo_warmstart_selector,29266,76.8667,76.8667,23.1333,1,heldout,llambo_warmstart_polar_surface_optimizer_noprior
real_moleculenet_freesolv,llm_calibrated_selector,29266,100.0,87.4067,0.0,1,heldout,llm_semantic_polar_surface_optimizer_noprior
real_moleculenet_freesolv,llm_direct_prior_polar_surface_optimizer_noprior,29266,100.0,68.0167,0.0,1,heldout,
real_moleculenet_freesolv,llm_direct_prior_selector,29266,100.0,68.0167,0.0,1,heldout,llm_direct_prior_polar_surface_optimizer_noprior
real_moleculenet_freesolv,llm_semantic_polar_surface_optimizer_noprior,29266,100.0,87.4067,0.0,1,heldout,
real_moleculenet_freesolv,mixed_kernel_gp_ei,29266,71.4333,41.4167,28.5667,1,heldout,
real_moleculenet_freesolv,target_acquisition_portfolio,29266,71.4333,41.4167,28.5667,1,heldout,
real_moleculenet_freesolv,care_strategy_router,29267,59.1333,57.81,40.8667,0,heldout,llm_direct_prior_polar_surface_optimizer_noprior
real_moleculenet_freesolv,gp_ucb,29267,73.0667,64.29,26.9333,1,heldout,
real_moleculenet_freesolv,llambo_warmstart_polar_surface_optimizer_noprior,29267,79.0667,62.6567,20.9333,1,heldout,
real_moleculenet_freesolv,llambo_warmstart_selector,29267,79.0667,62.6567,20.9333,1,heldout,llambo_warmstart_polar_surface_optimizer_noprior
real_moleculenet_freesolv,llm_calibrated_selector,29267,71.4333,53.8133,28.5667,1,heldout,llm_semantic_polar_surface_optimizer_noprior
real_moleculenet_freesolv,llm_direct_prior_polar_surface_optimizer_noprior,29267,59.1333,57.81,40.8667,0,heldout,
real_moleculenet_freesolv,llm_direct_prior_selector,29267,59.1333,57.81,40.8667,0,heldout,llm_direct_prior_polar_surface_optimizer_noprior
real_moleculenet_freesolv,llm_semantic_polar_surface_optimizer_noprior,29267,71.4333,53.8133,28.5667,1,heldout,
real_moleculenet_freesolv,mixed_kernel_gp_ei,29267,79.0667,64.5667,20.9333,1,heldout,
real_moleculenet_freesolv,target_acquisition_portfolio,29267,79.0667,66.3667,20.9333,1,heldout,
real_moleculenet_freesolv,care_strategy_router,29268,58.8,54.4967,41.2,0,heldout,llm_direct_prior_polar_surface_optimizer_noprior
real_moleculenet_freesolv,gp_ucb,29268,37.5,33.7634,62.5,0,heldout,
real_moleculenet_freesolv,llambo_warmstart_polar_surface_optimizer_noprior,29268,71.4333,68.1666,28.5667,1,heldout,
real_moleculenet_freesolv,llambo_warmstart_selector,29268,71.4333,68.1666,28.5667,1,heldout,llambo_warmstart_polar_surface_optimizer_noprior
real_moleculenet_freesolv,llm_calibrated_selector,29268,100.0,69.4333,0.0,1,heldout,llm_semantic_polar_surface_optimizer_noprior
real_moleculenet_freesolv,llm_direct_prior_polar_surface_optimizer_noprior,29268,58.8,54.4967,41.2,0,heldout,
real_moleculenet_freesolv,llm_direct_prior_selector,29268,58.8,54.4967,41.2,0,heldout,llm_direct_prior_polar_surface_optimizer_noprior
real_moleculenet_freesolv,llm_semantic_polar_surface_optimizer_noprior,29268,100.0,69.4333,0.0,1,heldout,
real_moleculenet_freesolv,mixed_kernel_gp_ei,29268,76.8667,47.8133,23.1333,1,heldout,
real_moleculenet_freesolv,target_acquisition_portfolio,29268,76.8667,47.8133,23.1333,1,heldout,
real_moleculenet_freesolv,care_strategy_router,29269,76.8667,53.4267,23.1333,1,heldout,llm_direct_prior_polar_surface_optimizer_noprior
real_moleculenet_freesolv,gp_ucb,29269,48.3667,40.7033,51.6333,0,heldout,
real_moleculenet_freesolv,llambo_warmstart_polar_surface_optimizer_noprior,29269,68.2,52.6967,31.8,0,heldout,
real_moleculenet_freesolv,llambo_warmstart_selector,29269,68.2,52.6967,31.8,0,heldout,llambo_warmstart_polar_surface_optimizer_noprior
real_moleculenet_freesolv,llm_calibrated_selector,29269,100.0,54.2167,0.0,1,heldout,llm_semantic_polar_surface_optimizer_noprior
real_moleculenet_freesolv,llm_direct_prior_polar_surface_optimizer_noprior,29269,76.8667,53.4267,23.1333,1,heldout,
real_moleculenet_freesolv,llm_direct_prior_selector,29269,76.8667,53.4267,23.1333,1,heldout,llm_direct_prior_polar_surface_optimizer_noprior
real_moleculenet_freesolv,llm_semantic_polar_surface_optimizer_noprior,29269,100.0,54.2167,0.0,1,heldout,
real_moleculenet_freesolv,mixed_kernel_gp_ei,29269,48.3667,41.2433,51.6333,0,heldout,
real_moleculenet_freesolv,target_acquisition_portfolio,29269,69.4333,45.9367,30.5667,1,heldout,
real_moleculenet_freesolv,care_strategy_router,29270,100.0,57.4533,0.0,1,heldout,llm_direct_prior_polar_surface_optimizer_noprior
real_moleculenet_freesolv,gp_ucb,29270,79.0667,73.31,20.9333,1,heldout,
real_moleculenet_freesolv,llambo_warmstart_polar_surface_optimizer_noprior,29270,76.8667,76.8667,23.1333,1,heldout,
real_moleculenet_freesolv,llambo_warmstart_selector,29270,76.8667,76.8667,23.1333,1,heldout,llambo_warmstart_polar_surface_optimizer_noprior
real_moleculenet_freesolv,llm_calibrated_selector,29270,76.8667,72.6767,23.1333,1,heldout,llm_semantic_polar_surface_optimizer_noprior
real_moleculenet_freesolv,llm_direct_prior_polar_surface_optimizer_noprior,29270,100.0,57.4533,0.0,1,heldout,
real_moleculenet_freesolv,llm_direct_prior_selector,29270,100.0,57.4533,0.0,1,heldout,llm_direct_prior_polar_surface_optimizer_noprior
real_moleculenet_freesolv,llm_semantic_polar_surface_optimizer_noprior,29270,76.8667,72.6767,23.1333,1,heldout,
real_moleculenet_freesolv,mixed_kernel_gp_ei,29270,100.0,49.3767,0.0,1,heldout,
real_moleculenet_freesolv,target_acquisition_portfolio,29270,58.8,47.85,41.2,0,heldout,
real_moleculenet_freesolv,care_strategy_router,29271,100.0,68.6,0.0,1,heldout,llm_direct_prior_polar_surface_optimizer_noprior
real_moleculenet_freesolv,gp_ucb,29271,49.8,47.88,50.2,0,heldout,
real_moleculenet_freesolv,llambo_warmstart_polar_surface_optimizer_noprior,29271,69.4333,65.6,30.5667,1,heldout,
real_moleculenet_freesolv,llambo_warmstart_selector,29271,69.4333,65.6,30.5667,1,heldout,llambo_warmstart_polar_surface_optimizer_noprior
real_moleculenet_freesolv,llm_calibrated_selector,29271,100.0,100.0,0.0,1,heldout,llm_semantic_polar_surface_optimizer_noprior
real_moleculenet_freesolv,llm_direct_prior_polar_surface_optimizer_noprior,29271,100.0,68.6,0.0,1,heldout,
real_moleculenet_freesolv,llm_direct_prior_selector,29271,100.0,68.6,0.0,1,heldout,llm_direct_prior_polar_surface_optimizer_noprior
real_moleculenet_freesolv,llm_semantic_polar_surface_optimizer_noprior,29271,100.0,100.0,0.0,1,heldout,
real_moleculenet_freesolv,mixed_kernel_gp_ei,29271,69.4333,53.2467,30.5667,1,heldout,
real_moleculenet_freesolv,target_acquisition_portfolio,29271,49.8,47.9834,50.2,0,heldout,
real_moleculenet_freesolv,care_strategy_router,29272,76.8667,73.7934,23.1333,1,heldout,llm_direct_prior_polar_surface_optimizer_noprior
real_moleculenet_freesolv,gp_ucb,29272,68.2,63.31,31.8,0,heldout,
real_moleculenet_freesolv,llambo_warmstart_polar_surface_optimizer_noprior,29272,64.0333,62.9866,35.9667,0,heldout,
real_moleculenet_freesolv,llambo_warmstart_selector,29272,64.0333,62.9866,35.9667,0,heldout,llambo_warmstart_polar_surface_optimizer_noprior
real_moleculenet_freesolv,llm_calibrated_selector,29272,71.4333,56.3067,28.5667,1,heldout,llm_semantic_polar_surface_optimizer_noprior
real_moleculenet_freesolv,llm_direct_prior_polar_surface_optimizer_noprior,29272,76.8667,73.7934,23.1333,1,heldout,
real_moleculenet_freesolv,llm_direct_prior_selector,29272,76.8667,73.7934,23.1333,1,heldout,llm_direct_prior_polar_surface_optimizer_noprior
real_moleculenet_freesolv,llm_semantic_polar_surface_optimizer_noprior,29272,71.4333,56.3067,28.5667,1,heldout,
real_moleculenet_freesolv,mixed_kernel_gp_ei,29272,73.0667,61.7933,26.9333,1,heldout,
real_moleculenet_freesolv,target_acquisition_portfolio,29272,68.2,63.31,31.8,0,heldout,
real_moleculenet_freesolv,care_strategy_router,29273,100.0,99.08,0.0,1,heldout,llm_direct_prior_polar_surface_optimizer_noprior
real_moleculenet_freesolv,gp_ucb,29273,100.0,99.54,0.0,1,heldout,
real_moleculenet_freesolv,llambo_warmstart_polar_surface_optimizer_noprior,29273,43.2667,40.7934,56.7333,0,heldout,
real_moleculenet_freesolv,llambo_warmstart_selector,29273,43.2667,40.7934,56.7333,0,heldout,llambo_warmstart_polar_surface_optimizer_noprior
real_moleculenet_freesolv,llm_calibrated_selector,29273,100.0,99.54,0.0,1,heldout,llm_semantic_polar_surface_optimizer_noprior
real_moleculenet_freesolv,llm_direct_prior_polar_surface_optimizer_noprior,29273,100.0,99.08,0.0,1,heldout,
real_moleculenet_freesolv,llm_direct_prior_selector,29273,100.0,99.08,0.0,1,heldout,llm_direct_prior_polar_surface_optimizer_noprior
real_moleculenet_freesolv,llm_semantic_polar_surface_optimizer_noprior,29273,100.0,99.54,0.0,1,heldout,
real_moleculenet_freesolv,mixed_kernel_gp_ei,29273,100.0,99.54,0.0,1,heldout,
real_moleculenet_freesolv,target_acquisition_portfolio,29273,100.0,99.54,0.0,1,heldout,
real_moleculenet_freesolv,care_strategy_router,29274,100.0,78.7533,0.0,1,heldout,llm_direct_prior_polar_surface_optimizer_noprior
real_moleculenet_freesolv,gp_ucb,29274,56.5,53.02,43.5,0,heldout,
real_moleculenet_freesolv,llambo_warmstart_polar_surface_optimizer_noprior,29274,76.8667,76.8667,23.1333,1,heldout,
real_moleculenet_freesolv,llambo_warmstart_selector,29274,76.8667,76.8667,23.1333,1,heldout,llambo_warmstart_polar_surface_optimizer_noprior
real_moleculenet_freesolv,llm_calibrated_selector,29274,100.0,65.0866,0.0,1,heldout,llm_semantic_polar_surface_optimizer_noprior
real_moleculenet_freesolv,llm_direct_prior_polar_surface_optimizer_noprior,29274,100.0,78.7533,0.0,1,heldout,
real_moleculenet_freesolv,llm_direct_prior_selector,29274,100.0,78.7533,0.0,1,heldout,llm_direct_prior_polar_surface_optimizer_noprior
real_moleculenet_freesolv,llm_semantic_polar_surface_optimizer_noprior,29274,100.0,65.0866,0.0,1,heldout,
real_moleculenet_freesolv,mixed_kernel_gp_ei,29274,100.0,78.2933,0.0,1,heldout,
real_moleculenet_freesolv,target_acquisition_portfolio,29274,100.0,83.49,0.0,1,heldout,
real_moleculenet_freesolv,care_strategy_router,29275,76.8667,59.45,23.1333,1,heldout,llm_direct_prior_polar_surface_optimizer_noprior
real_moleculenet_freesolv,gp_ucb,29275,47.6667,45.0567,52.3333,0,heldout,
real_moleculenet_freesolv,llambo_warmstart_polar_surface_optimizer_noprior,29275,71.4333,60.6266,28.5667,1,heldout,
real_moleculenet_freesolv,llambo_warmstart_selector,29275,71.4333,60.6266,28.5667,1,heldout,llambo_warmstart_polar_surface_optimizer_noprior
real_moleculenet_freesolv,llm_calibrated_selector,29275,58.8,48.2567,41.2,0,heldout,llm_semantic_polar_surface_optimizer_noprior
real_moleculenet_freesolv,llm_direct_prior_polar_surface_optimizer_noprior,29275,76.8667,59.45,23.1333,1,heldout,
real_moleculenet_freesolv,llm_direct_prior_selector,29275,76.8667,59.45,23.1333,1,heldout,llm_direct_prior_polar_surface_optimizer_noprior
real_moleculenet_freesolv,llm_semantic_polar_surface_optimizer_noprior,29275,58.8,48.2567,41.2,0,heldout,
real_moleculenet_freesolv,mixed_kernel_gp_ei,29275,45.6,39.7567,54.4,0,heldout,
real_moleculenet_freesolv,target_acquisition_portfolio,29275,41.3333,40.86,58.6667,0,heldout,
real_moleculenet_freesolv,care_strategy_router,29276,100.0,65.81,0.0,1,heldout,llm_direct_prior_polar_surface_optimizer_noprior
real_moleculenet_freesolv,gp_ucb,29276,48.3667,43.06,51.6333,0,heldout,
real_moleculenet_freesolv,llambo_warmstart_polar_surface_optimizer_noprior,29276,59.1333,59.1333,40.8667,0,heldout,
real_moleculenet_freesolv,llambo_warmstart_selector,29276,59.1333,59.1333,40.8667,0,heldout,llambo_warmstart_polar_surface_optimizer_noprior
real_moleculenet_freesolv,llm_calibrated_selector,29276,58.8,53.2833,41.2,0,heldout,llm_semantic_polar_surface_optimizer_noprior
real_moleculenet_freesolv,llm_direct_prior_polar_surface_optimizer_noprior,29276,100.0,65.81,0.0,1,heldout,
real_moleculenet_freesolv,llm_direct_prior_selector,29276,100.0,65.81,0.0,1,heldout,llm_direct_prior_polar_surface_optimizer_noprior
real_moleculenet_freesolv,llm_semantic_polar_surface_optimizer_noprior,29276,58.8,53.2833,41.2,0,heldout,
real_moleculenet_freesolv,mixed_kernel_gp_ei,29276,69.4333,52.18,30.5667,1,heldout,
real_moleculenet_freesolv,target_acquisition_portfolio,29276,53.8,48.7133,46.2,0,heldout,
real_moleculenet_freesolv,care_strategy_router,29277,76.8667,72.1334,23.1333,1,heldout,llm_direct_prior_polar_surface_optimizer_noprior
real_moleculenet_freesolv,gp_ucb,29277,56.5,51.7433,43.5,0,heldout,
real_moleculenet_freesolv,llambo_warmstart_polar_surface_optimizer_noprior,29277,71.4333,66.5133,28.5667,1,heldout,
real_moleculenet_freesolv,llambo_warmstart_selector,29277,71.4333,66.5133,28.5667,1,heldout,llambo_warmstart_polar_surface_optimizer_noprior
real_moleculenet_freesolv,llm_calibrated_selector,29277,58.8,54.32,41.2,0,heldout,llm_semantic_polar_surface_optimizer_noprior
real_moleculenet_freesolv,llm_direct_prior_polar_surface_optimizer_noprior,29277,76.8667,72.1334,23.1333,1,heldout,
real_moleculenet_freesolv,llm_direct_prior_selector,29277,76.8667,72.1334,23.1333,1,heldout,llm_direct_prior_polar_surface_optimizer_noprior
real_moleculenet_freesolv,llm_semantic_polar_surface_optimizer_noprior,29277,58.8,54.32,41.2,0,heldout,
real_moleculenet_freesolv,mixed_kernel_gp_ei,29277,53.3333,50.4667,46.6667,0,heldout,
real_moleculenet_freesolv,target_acquisition_portfolio,29277,50.1,47.85,49.9,0,heldout,
real_moleculenet_freesolv,care_strategy_router,29278,76.8667,68.32,23.1333,1,heldout,llm_direct_prior_polar_surface_optimizer_noprior
real_moleculenet_freesolv,gp_ucb,29278,71.4333,53.6167,28.5667,1,heldout,
real_moleculenet_freesolv,llambo_warmstart_polar_surface_optimizer_noprior,29278,71.4333,69.2,28.5667,1,heldout,
real_moleculenet_freesolv,llambo_warmstart_selector,29278,71.4333,69.2,28.5667,1,heldout,llambo_warmstart_polar_surface_optimizer_noprior
real_moleculenet_freesolv,llm_calibrated_selector,29278,58.8,55.16,41.2,0,heldout,llm_semantic_polar_surface_optimizer_noprior
real_moleculenet_freesolv,llm_direct_prior_polar_surface_optimizer_noprior,29278,76.8667,68.32,23.1333,1,heldout,
real_moleculenet_freesolv,llm_direct_prior_selector,29278,76.8667,68.32,23.1333,1,heldout,llm_direct_prior_polar_surface_optimizer_noprior
real_moleculenet_freesolv,llm_semantic_polar_surface_optimizer_noprior,29278,58.8,55.16,41.2,0,heldout,
real_moleculenet_freesolv,mixed_kernel_gp_ei,29278,71.4333,61.34,28.5667,1,heldout,
real_moleculenet_freesolv,target_acquisition_portfolio,29278,71.4333,51.0333,28.5667,1,heldout,
real_moleculenet_freesolv,care_strategy_router,29279,76.8667,75.06,23.1333,1,heldout,llm_direct_prior_polar_surface_optimizer_noprior
real_moleculenet_freesolv,gp_ucb,29279,71.4333,65.2133,28.5667,1,heldout,
real_moleculenet_freesolv,llambo_warmstart_polar_surface_optimizer_noprior,29279,64.0333,61.2466,35.9667,0,heldout,
real_moleculenet_freesolv,llambo_warmstart_selector,29279,64.0333,61.2466,35.9667,0,heldout,llambo_warmstart_polar_surface_optimizer_noprior
real_moleculenet_freesolv,llm_calibrated_selector,29279,76.8667,64.22,23.1333,1,heldout,llm_semantic_polar_surface_optimizer_noprior
real_moleculenet_freesolv,llm_direct_prior_polar_surface_optimizer_noprior,29279,76.8667,75.06,23.1333,1,heldout,
real_moleculenet_freesolv,llm_direct_prior_selector,29279,76.8667,75.06,23.1333,1,heldout,llm_direct_prior_polar_surface_optimizer_noprior
real_moleculenet_freesolv,llm_semantic_polar_surface_optimizer_noprior,29279,76.8667,64.22,23.1333,1,heldout,
real_moleculenet_freesolv,mixed_kernel_gp_ei,29279,71.4333,65.2133,28.5667,1,heldout,
real_moleculenet_freesolv,target_acquisition_portfolio,29279,71.4333,65.2133,28.5667,1,heldout,
real_moleculenet_freesolv,care_strategy_router,29280,100.0,88.7667,0.0,1,heldout,llm_direct_prior_polar_surface_optimizer_noprior
real_moleculenet_freesolv,gp_ucb,29280,79.0667,75.8167,20.9333,1,heldout,
real_moleculenet_freesolv,llambo_warmstart_polar_surface_optimizer_noprior,29280,100.0,65.28,0.0,1,heldout,
real_moleculenet_freesolv,llambo_warmstart_selector,29280,100.0,65.28,0.0,1,heldout,llambo_warmstart_polar_surface_optimizer_noprior
real_moleculenet_freesolv,llm_calibrated_selector,29280,100.0,76.1433,0.0,1,heldout,llm_semantic_polar_surface_optimizer_noprior
real_moleculenet_freesolv,llm_direct_prior_polar_surface_optimizer_noprior,29280,100.0,88.7667,0.0,1,heldout,
real_moleculenet_freesolv,llm_direct_prior_selector,29280,100.0,88.7667,0.0,1,heldout,llm_direct_prior_polar_surface_optimizer_noprior
real_moleculenet_freesolv,llm_semantic_polar_surface_optimizer_noprior,29280,100.0,76.1433,0.0,1,heldout,
real_moleculenet_freesolv,mixed_kernel_gp_ei,29280,75.8,70.8733,24.2,1,heldout,
real_moleculenet_freesolv,target_acquisition_portfolio,29280,77.2333,72.02,22.7667,1,heldout,
real_moleculenet_freesolv,care_strategy_router,29281,58.8,54.42,41.2,0,heldout,llm_direct_prior_polar_surface_optimizer_noprior
real_moleculenet_freesolv,gp_ucb,29281,58.8,52.3167,41.2,0,heldout,
real_moleculenet_freesolv,llambo_warmstart_polar_surface_optimizer_noprior,29281,76.8667,76.8667,23.1333,1,heldout,
real_moleculenet_freesolv,llambo_warmstart_selector,29281,76.8667,76.8667,23.1333,1,heldout,llambo_warmstart_polar_surface_optimizer_noprior
real_moleculenet_freesolv,llm_calibrated_selector,29281,58.8,53.4133,41.2,0,heldout,llm_semantic_polar_surface_optimizer_noprior
real_moleculenet_freesolv,llm_direct_prior_polar_surface_optimizer_noprior,29281,58.8,54.42,41.2,0,heldout,
real_moleculenet_freesolv,llm_direct_prior_selector,29281,58.8,54.42,41.2,0,heldout,llm_direct_prior_polar_surface_optimizer_noprior
real_moleculenet_freesolv,llm_semantic_polar_surface_optimizer_noprior,29281,58.8,53.4133,41.2,0,heldout,
real_moleculenet_freesolv,mixed_kernel_gp_ei,29281,58.8,52.3167,41.2,0,heldout,
real_moleculenet_freesolv,target_acquisition_portfolio,29281,76.8667,54.1234,23.1333,1,heldout,
real_moleculenet_freesolv,care_strategy_router,29282,76.8667,74.2667,23.1333,1,heldout,llm_direct_prior_polar_surface_optimizer_noprior
real_moleculenet_freesolv,gp_ucb,29282,68.2,68.2,31.8,0,heldout,
real_moleculenet_freesolv,llambo_warmstart_polar_surface_optimizer_noprior,29282,50.0,50.0,50.0,0,heldout,
real_moleculenet_freesolv,llambo_warmstart_selector,29282,50.0,50.0,50.0,0,heldout,llambo_warmstart_polar_surface_optimizer_noprior
real_moleculenet_freesolv,llm_calibrated_selector,29282,79.0667,69.2867,20.9333,1,heldout,llm_semantic_polar_surface_optimizer_noprior
real_moleculenet_freesolv,llm_direct_prior_polar_surface_optimizer_noprior,29282,76.8667,74.2667,23.1333,1,heldout,
real_moleculenet_freesolv,llm_direct_prior_selector,29282,76.8667,74.2667,23.1333,1,heldout,llm_direct_prior_polar_surface_optimizer_noprior
real_moleculenet_freesolv,llm_semantic_polar_surface_optimizer_noprior,29282,79.0667,69.2867,20.9333,1,heldout,
real_moleculenet_freesolv,mixed_kernel_gp_ei,29282,68.2,68.2,31.8,0,heldout,
real_moleculenet_freesolv,target_acquisition_portfolio,29282,68.2,68.2,31.8,0,heldout,
real_moleculenet_freesolv,care_strategy_router,29283,100.0,82.2533,0.0,1,heldout,llm_direct_prior_polar_surface_optimizer_noprior
real_moleculenet_freesolv,gp_ucb,29283,49.2,49.2,50.8,0,heldout,
real_moleculenet_freesolv,llambo_warmstart_polar_surface_optimizer_noprior,29283,79.0667,69.6733,20.9333,1,heldout,
real_moleculenet_freesolv,llambo_warmstart_selector,29283,79.0667,69.6733,20.9333,1,heldout,llambo_warmstart_polar_surface_optimizer_noprior
real_moleculenet_freesolv,llm_calibrated_selector,29283,50.1,49.4733,49.9,0,heldout,llm_semantic_polar_surface_optimizer_noprior
real_moleculenet_freesolv,llm_direct_prior_polar_surface_optimizer_noprior,29283,100.0,82.2533,0.0,1,heldout,
real_moleculenet_freesolv,llm_direct_prior_selector,29283,100.0,82.2533,0.0,1,heldout,llm_direct_prior_polar_surface_optimizer_noprior
real_moleculenet_freesolv,llm_semantic_polar_surface_optimizer_noprior,29283,50.1,49.4733,49.9,0,heldout,
real_moleculenet_freesolv,mixed_kernel_gp_ei,29283,58.8,50.16,41.2,0,heldout,
real_moleculenet_freesolv,target_acquisition_portfolio,29283,76.8667,63.0333,23.1333,1,heldout,
real_moleculenet_freesolv,care_strategy_router,29284,59.1333,53.91,40.8667,0,heldout,llm_direct_prior_polar_surface_optimizer_noprior
real_moleculenet_freesolv,gp_ucb,29284,76.8667,60.91,23.1333,1,heldout,
real_moleculenet_freesolv,llambo_warmstart_polar_surface_optimizer_noprior,29284,59.1333,58.1666,40.8667,0,heldout,
real_moleculenet_freesolv,llambo_warmstart_selector,29284,59.1333,58.1666,40.8667,0,heldout,llambo_warmstart_polar_surface_optimizer_noprior
real_moleculenet_freesolv,llm_calibrated_selector,29284,71.4333,55.2833,28.5667,1,heldout,llm_semantic_polar_surface_optimizer_noprior
real_moleculenet_freesolv,llm_direct_prior_polar_surface_optimizer_noprior,29284,59.1333,53.91,40.8667,0,heldout,
real_moleculenet_freesolv,llm_direct_prior_selector,29284,59.1333,53.91,40.8667,0,heldout,llm_direct_prior_polar_surface_optimizer_noprior
real_moleculenet_freesolv,llm_semantic_polar_surface_optimizer_noprior,29284,71.4333,55.2833,28.5667,1,heldout,
real_moleculenet_freesolv,mixed_kernel_gp_ei,29284,69.4333,54.6067,30.5667,1,heldout,
real_moleculenet_freesolv,target_acquisition_portfolio,29284,69.4333,52.7533,30.5667,1,heldout,
real_moleculenet_freesolv,care_strategy_router,29285,59.1333,57.8933,40.8667,0,heldout,llm_direct_prior_polar_surface_optimizer_noprior
real_moleculenet_freesolv,gp_ucb,29285,76.8667,69.98,23.1333,1,heldout,
real_moleculenet_freesolv,llambo_warmstart_polar_surface_optimizer_noprior,29285,58.8,49.3767,41.2,0,heldout,
real_moleculenet_freesolv,llambo_warmstart_selector,29285,58.8,49.3767,41.2,0,heldout,llambo_warmstart_polar_surface_optimizer_noprior
real_moleculenet_freesolv,llm_calibrated_selector,29285,76.8667,60.67,23.1333,1,heldout,llm_semantic_polar_surface_optimizer_noprior
real_moleculenet_freesolv,llm_direct_prior_polar_surface_optimizer_noprior,29285,59.1333,57.8933,40.8667,0,heldout,
real_moleculenet_freesolv,llm_direct_prior_selector,29285,59.1333,57.8933,40.8667,0,heldout,llm_direct_prior_polar_surface_optimizer_noprior
real_moleculenet_freesolv,llm_semantic_polar_surface_optimizer_noprior,29285,76.8667,60.67,23.1333,1,heldout,
real_moleculenet_freesolv,mixed_kernel_gp_ei,29285,85.0667,60.66,14.9333,1,heldout,
real_moleculenet_freesolv,target_acquisition_portfolio,29285,85.0667,57.8033,14.9333,1,heldout,
real_moleculenet_freesolv,care_strategy_router,29286,58.8,51.76,41.2,0,heldout,llm_direct_prior_polar_surface_optimizer_noprior
real_moleculenet_freesolv,gp_ucb,29286,50.0,50.0,50.0,0,heldout,
real_moleculenet_freesolv,llambo_warmstart_polar_surface_optimizer_noprior,29286,71.4333,69.43,28.5667,1,heldout,
real_moleculenet_freesolv,llambo_warmstart_selector,29286,71.4333,69.43,28.5667,1,heldout,llambo_warmstart_polar_surface_optimizer_noprior
real_moleculenet_freesolv,llm_calibrated_selector,29286,50.0,50.0,50.0,0,heldout,llm_semantic_polar_surface_optimizer_noprior
real_moleculenet_freesolv,llm_direct_prior_polar_surface_optimizer_noprior,29286,58.8,51.76,41.2,0,heldout,
real_moleculenet_freesolv,llm_direct_prior_selector,29286,58.8,51.76,41.2,0,heldout,llm_direct_prior_polar_surface_optimizer_noprior
real_moleculenet_freesolv,llm_semantic_polar_surface_optimizer_noprior,29286,50.0,50.0,50.0,0,heldout,
real_moleculenet_freesolv,mixed_kernel_gp_ei,29286,52.1333,50.2133,47.8667,0,heldout,
real_moleculenet_freesolv,target_acquisition_portfolio,29286,52.1333,50.2133,47.8667,0,heldout,
real_moleculenet_freesolv,care_strategy_router,29287,100.0,61.59,0.0,1,heldout,llm_direct_prior_polar_surface_optimizer_noprior
real_moleculenet_freesolv,gp_ucb,29287,42.1,42.0,57.9,0,heldout,
real_moleculenet_freesolv,llambo_warmstart_polar_surface_optimizer_noprior,29287,79.0667,76.14,20.9333,1,heldout,
real_moleculenet_freesolv,llambo_warmstart_selector,29287,79.0667,76.14,20.9333,1,heldout,llambo_warmstart_polar_surface_optimizer_noprior
real_moleculenet_freesolv,llm_calibrated_selector,29287,56.5,50.54,43.5,0,heldout,llm_semantic_polar_surface_optimizer_noprior
real_moleculenet_freesolv,llm_direct_prior_polar_surface_optimizer_noprior,29287,100.0,61.59,0.0,1,heldout,
real_moleculenet_freesolv,llm_direct_prior_selector,29287,100.0,61.59,0.0,1,heldout,llm_direct_prior_polar_surface_optimizer_noprior
real_moleculenet_freesolv,llm_semantic_polar_surface_optimizer_noprior,29287,56.5,50.54,43.5,0,heldout,
real_moleculenet_freesolv,mixed_kernel_gp_ei,29287,42.1,42.0,57.9,0,heldout,
real_moleculenet_freesolv,target_acquisition_portfolio,29287,49.2,49.0433,50.8,0,heldout,
real_moleculenet_freesolv,care_strategy_router,29288,100.0,79.4,0.0,1,heldout,llm_direct_prior_polar_surface_optimizer_noprior
real_moleculenet_freesolv,gp_ucb,29288,76.8667,66.0767,23.1333,1,heldout,
real_moleculenet_freesolv,llambo_warmstart_polar_surface_optimizer_noprior,29288,71.4333,69.43,28.5667,1,heldout,
real_moleculenet_freesolv,llambo_warmstart_selector,29288,71.4333,69.43,28.5667,1,heldout,llambo_warmstart_polar_surface_optimizer_noprior
real_moleculenet_freesolv,llm_calibrated_selector,29288,59.1333,58.9333,40.8667,0,heldout,llm_semantic_polar_surface_optimizer_noprior
real_moleculenet_freesolv,llm_direct_prior_polar_surface_optimizer_noprior,29288,100.0,79.4,0.0,1,heldout,
real_moleculenet_freesolv,llm_direct_prior_selector,29288,100.0,79.4,0.0,1,heldout,llm_direct_prior_polar_surface_optimizer_noprior
real_moleculenet_freesolv,llm_semantic_polar_surface_optimizer_noprior,29288,59.1333,58.9333,40.8667,0,heldout,
real_moleculenet_freesolv,mixed_kernel_gp_ei,29288,64.0333,63.51,35.9667,0,heldout,
real_moleculenet_freesolv,target_acquisition_portfolio,29288,64.0333,63.51,35.9667,0,heldout,
real_moleculenet_freesolv,care_strategy_router,29289,76.8667,67.0034,23.1333,1,heldout,llm_direct_prior_polar_surface_optimizer_noprior
real_moleculenet_freesolv,gp_ucb,29289,69.4333,40.5567,30.5667,1,heldout,
real_moleculenet_freesolv,llambo_warmstart_polar_surface_optimizer_noprior,29289,100.0,100.0,0.0,1,heldout,
real_moleculenet_freesolv,llambo_warmstart_selector,29289,100.0,100.0,0.0,1,heldout,llambo_warmstart_polar_surface_optimizer_noprior
real_moleculenet_freesolv,llm_calibrated_selector,29289,71.4333,58.2566,28.5667,1,heldout,llm_semantic_polar_surface_optimizer_noprior
real_moleculenet_freesolv,llm_direct_prior_polar_surface_optimizer_noprior,29289,76.8667,67.0034,23.1333,1,heldout,
real_moleculenet_freesolv,llm_direct_prior_selector,29289,76.8667,67.0034,23.1333,1,heldout,llm_direct_prior_polar_surface_optimizer_noprior
real_moleculenet_freesolv,llm_semantic_polar_surface_optimizer_noprior,29289,71.4333,58.2566,28.5667,1,heldout,
real_moleculenet_freesolv,mixed_kernel_gp_ei,29289,69.4333,40.5567,30.5667,1,heldout,
real_moleculenet_freesolv,target_acquisition_portfolio,29289,69.4333,40.5567,30.5667,1,heldout,
real_moleculenet_freesolv,care_strategy_router,29290,100.0,57.8333,0.0,1,heldout,llm_direct_prior_polar_surface_optimizer_noprior
real_moleculenet_freesolv,gp_ucb,29290,56.1667,41.6867,43.8333,0,heldout,
real_moleculenet_freesolv,llambo_warmstart_polar_surface_optimizer_noprior,29290,76.8667,73.7934,23.1333,1,heldout,
real_moleculenet_freesolv,llambo_warmstart_selector,29290,76.8667,73.7934,23.1333,1,heldout,llambo_warmstart_polar_surface_optimizer_noprior
real_moleculenet_freesolv,llm_calibrated_selector,29290,71.4333,41.7633,28.5667,1,heldout,llm_semantic_polar_surface_optimizer_noprior
real_moleculenet_freesolv,llm_direct_prior_polar_surface_optimizer_noprior,29290,100.0,57.8333,0.0,1,heldout,
real_moleculenet_freesolv,llm_direct_prior_selector,29290,100.0,57.8333,0.0,1,heldout,llm_direct_prior_polar_surface_optimizer_noprior
real_moleculenet_freesolv,llm_semantic_polar_surface_optimizer_noprior,29290,71.4333,41.7633,28.5667,1,heldout,
real_moleculenet_freesolv,mixed_kernel_gp_ei,29290,71.4333,52.62,28.5667,1,heldout,
real_moleculenet_freesolv,target_acquisition_portfolio,29290,71.4333,41.7266,28.5667,1,heldout,
real_moleculenet_freesolv,care_strategy_router,29291,77.2333,75.0967,22.7667,1,heldout,llm_direct_prior_polar_surface_optimizer_noprior
real_moleculenet_freesolv,gp_ucb,29291,50.7,48.09,49.3,0,heldout,
real_moleculenet_freesolv,llambo_warmstart_polar_surface_optimizer_noprior,29291,64.0333,58.9633,35.9667,0,heldout,
real_moleculenet_freesolv,llambo_warmstart_selector,29291,64.0333,58.9633,35.9667,0,heldout,llambo_warmstart_polar_surface_optimizer_noprior
real_moleculenet_freesolv,llm_calibrated_selector,29291,58.8,57.0633,41.2,0,heldout,llm_semantic_polar_surface_optimizer_noprior
real_moleculenet_freesolv,llm_direct_prior_polar_surface_optimizer_noprior,29291,77.2333,75.0967,22.7667,1,heldout,
real_moleculenet_freesolv,llm_direct_prior_selector,29291,77.2333,75.0967,22.7667,1,heldout,llm_direct_prior_polar_surface_optimizer_noprior
real_moleculenet_freesolv,llm_semantic_polar_surface_optimizer_noprior,29291,58.8,57.0633,41.2,0,heldout,
real_moleculenet_freesolv,mixed_kernel_gp_ei,29291,40.9333,40.9333,59.0667,0,heldout,
real_moleculenet_freesolv,target_acquisition_portfolio,29291,49.8,45.3733,50.2,0,heldout,
real_moleculenet_freesolv,care_strategy_router,29292,100.0,70.93,0.0,1,heldout,llm_direct_prior_polar_surface_optimizer_noprior
real_moleculenet_freesolv,gp_ucb,29292,100.0,88.0433,0.0,1,heldout,
real_moleculenet_freesolv,llambo_warmstart_polar_surface_optimizer_noprior,29292,64.0333,61.49,35.9667,0,heldout,
real_moleculenet_freesolv,llambo_warmstart_selector,29292,64.0333,61.49,35.9667,0,heldout,llambo_warmstart_polar_surface_optimizer_noprior
real_moleculenet_freesolv,llm_calibrated_selector,29292,100.0,88.6533,0.0,1,heldout,llm_semantic_polar_surface_optimizer_noprior
real_moleculenet_freesolv,llm_direct_prior_polar_surface_optimizer_noprior,29292,100.0,70.93,0.0,1,heldout,
real_moleculenet_freesolv,llm_direct_prior_selector,29292,100.0,70.93,0.0,1,heldout,llm_direct_prior_polar_surface_optimizer_noprior
real_moleculenet_freesolv,llm_semantic_polar_surface_optimizer_noprior,29292,100.0,88.6533,0.0,1,heldout,
real_moleculenet_freesolv,mixed_kernel_gp_ei,29292,64.0333,55.39,35.9667,0,heldout,
real_moleculenet_freesolv,target_acquisition_portfolio,29292,64.0333,55.39,35.9667,0,heldout,
real_moleculenet_freesolv,care_strategy_router,29293,58.8,49.71,41.2,0,heldout,llm_direct_prior_polar_surface_optimizer_noprior
real_moleculenet_freesolv,gp_ucb,29293,48.0,48.0,52.0,0,heldout,
real_moleculenet_freesolv,llambo_warmstart_polar_surface_optimizer_noprior,29293,59.1333,59.1333,40.8667,0,heldout,
real_moleculenet_freesolv,llambo_warmstart_selector,29293,59.1333,59.1333,40.8667,0,heldout,llambo_warmstart_polar_surface_optimizer_noprior
real_moleculenet_freesolv,llm_calibrated_selector,29293,68.2,53.1333,31.8,0,heldout,llm_semantic_polar_surface_optimizer_noprior
real_moleculenet_freesolv,llm_direct_prior_polar_surface_optimizer_noprior,29293,58.8,49.71,41.2,0,heldout,
real_moleculenet_freesolv,llm_direct_prior_selector,29293,58.8,49.71,41.2,0,heldout,llm_direct_prior_polar_surface_optimizer_noprior
real_moleculenet_freesolv,llm_semantic_polar_surface_optimizer_noprior,29293,68.2,53.1333,31.8,0,heldout,
real_moleculenet_freesolv,mixed_kernel_gp_ei,29293,48.1667,48.05,51.8333,0,heldout,
real_moleculenet_freesolv,target_acquisition_portfolio,29293,48.0,48.0,52.0,0,heldout,
real_moleculenet_freesolv,care_strategy_router,29294,53.3667,48.53,46.6333,0,heldout,llm_direct_prior_polar_surface_optimizer_noprior
real_moleculenet_freesolv,gp_ucb,29294,73.0667,57.2167,26.9333,1,heldout,
real_moleculenet_freesolv,llambo_warmstart_polar_surface_optimizer_noprior,29294,85.0667,63.35,14.9333,1,heldout,
real_moleculenet_freesolv,llambo_warmstart_selector,29294,85.0667,63.35,14.9333,1,heldout,llambo_warmstart_polar_surface_optimizer_noprior
real_moleculenet_freesolv,llm_calibrated_selector,29294,58.8,53.6166,41.2,0,heldout,llm_semantic_polar_surface_optimizer_noprior
real_moleculenet_freesolv,llm_direct_prior_polar_surface_optimizer_noprior,29294,53.3667,48.53,46.6333,0,heldout,
real_moleculenet_freesolv,llm_direct_prior_selector,29294,53.3667,48.53,46.6333,0,heldout,llm_direct_prior_polar_surface_optimizer_noprior
real_moleculenet_freesolv,llm_semantic_polar_surface_optimizer_noprior,29294,58.8,53.6166,41.2,0,heldout,
real_moleculenet_freesolv,mixed_kernel_gp_ei,29294,69.4333,51.55,30.5667,1,heldout,
real_moleculenet_freesolv,target_acquisition_portfolio,29294,79.0667,55.64,20.9333,1,heldout,
real_moleculenet_freesolv,care_strategy_router,29295,100.0,88.5733,0.0,1,heldout,llm_direct_prior_polar_surface_optimizer_noprior
real_moleculenet_freesolv,gp_ucb,29295,71.4333,71.4333,28.5667,1,heldout,
real_moleculenet_freesolv,llambo_warmstart_polar_surface_optimizer_noprior,29295,59.1333,59.1333,40.8667,0,heldout,
real_moleculenet_freesolv,llambo_warmstart_selector,29295,59.1333,59.1333,40.8667,0,heldout,llambo_warmstart_polar_surface_optimizer_noprior
real_moleculenet_freesolv,llm_calibrated_selector,29295,71.4333,71.4333,28.5667,1,heldout,llm_semantic_polar_surface_optimizer_noprior
real_moleculenet_freesolv,llm_direct_prior_polar_surface_optimizer_noprior,29295,100.0,88.5733,0.0,1,heldout,
real_moleculenet_freesolv,llm_direct_prior_selector,29295,100.0,88.5733,0.0,1,heldout,llm_direct_prior_polar_surface_optimizer_noprior
real_moleculenet_freesolv,llm_semantic_polar_surface_optimizer_noprior,29295,71.4333,71.4333,28.5667,1,heldout,
real_moleculenet_freesolv,mixed_kernel_gp_ei,29295,71.4333,71.4333,28.5667,1,heldout,
real_moleculenet_freesolv,target_acquisition_portfolio,29295,71.4333,71.4333,28.5667,1,heldout,
real_moleculenet_freesolv,care_strategy_router,29296,100.0,71.1633,0.0,1,heldout,llm_direct_prior_polar_surface_optimizer_noprior
real_moleculenet_freesolv,gp_ucb,29296,50.5667,50.5667,49.4333,0,heldout,
real_moleculenet_freesolv,llambo_warmstart_polar_surface_optimizer_noprior,29296,64.0333,61.2466,35.9667,0,heldout,
real_moleculenet_freesolv,llambo_warmstart_selector,29296,64.0333,61.2466,35.9667,0,heldout,llambo_warmstart_polar_surface_optimizer_noprior
real_moleculenet_freesolv,llm_calibrated_selector,29296,50.5667,50.5667,49.4333,0,heldout,llm_semantic_polar_surface_optimizer_noprior
real_moleculenet_freesolv,llm_direct_prior_polar_surface_optimizer_noprior,29296,100.0,71.1633,0.0,1,heldout,
real_moleculenet_freesolv,llm_direct_prior_selector,29296,100.0,71.1633,0.0,1,heldout,llm_direct_prior_polar_surface_optimizer_noprior
real_moleculenet_freesolv,llm_semantic_polar_surface_optimizer_noprior,29296,50.5667,50.5667,49.4333,0,heldout,
real_moleculenet_freesolv,mixed_kernel_gp_ei,29296,56.5,51.16,43.5,0,heldout,
real_moleculenet_freesolv,target_acquisition_portfolio,29296,50.5667,50.5667,49.4333,0,heldout,
real_moleculenet_freesolv,care_strategy_router,29297,100.0,70.2133,0.0,1,heldout,llm_direct_prior_polar_surface_optimizer_noprior
real_moleculenet_freesolv,gp_ucb,29297,32.7333,32.1733,67.2667,0,heldout,
real_moleculenet_freesolv,llambo_warmstart_polar_surface_optimizer_noprior,29297,76.8667,73.2534,23.1333,1,heldout,
real_moleculenet_freesolv,llambo_warmstart_selector,29297,76.8667,73.2534,23.1333,1,heldout,llambo_warmstart_polar_surface_optimizer_noprior
real_moleculenet_freesolv,llm_calibrated_selector,29297,71.4333,52.0433,28.5667,1,heldout,llm_semantic_polar_surface_optimizer_noprior
real_moleculenet_freesolv,llm_direct_prior_polar_surface_optimizer_noprior,29297,100.0,70.2133,0.0,1,heldout,
real_moleculenet_freesolv,llm_direct_prior_selector,29297,100.0,70.2133,0.0,1,heldout,llm_direct_prior_polar_surface_optimizer_noprior
real_moleculenet_freesolv,llm_semantic_polar_surface_optimizer_noprior,29297,71.4333,52.0433,28.5667,1,heldout,
real_moleculenet_freesolv,mixed_kernel_gp_ei,29297,32.7333,32.3133,67.2667,0,heldout,
real_moleculenet_freesolv,target_acquisition_portfolio,29297,71.4333,37.3133,28.5667,1,heldout,
real_moleculenet_freesolv,care_strategy_router,29298,76.8667,76.8667,23.1333,1,heldout,llm_direct_prior_polar_surface_optimizer_noprior
real_moleculenet_freesolv,gp_ucb,29298,79.0667,76.0667,20.9333,1,heldout,
real_moleculenet_freesolv,llambo_warmstart_polar_surface_optimizer_noprior,29298,69.4333,69.4333,30.5667,1,heldout,
real_moleculenet_freesolv,llambo_warmstart_selector,29298,69.4333,69.4333,30.5667,1,heldout,llambo_warmstart_polar_surface_optimizer_noprior
real_moleculenet_freesolv,llm_calibrated_selector,29298,71.4333,62.4733,28.5667,1,heldout,llm_semantic_polar_surface_optimizer_noprior
real_moleculenet_freesolv,llm_direct_prior_polar_surface_optimizer_noprior,29298,76.8667,76.8667,23.1333,1,heldout,
real_moleculenet_freesolv,llm_direct_prior_selector,29298,76.8667,76.8667,23.1333,1,heldout,llm_direct_prior_polar_surface_optimizer_noprior
real_moleculenet_freesolv,llm_semantic_polar_surface_optimizer_noprior,29298,71.4333,62.4733,28.5667,1,heldout,
real_moleculenet_freesolv,mixed_kernel_gp_ei,29298,79.0667,73.6667,20.9333,1,heldout,
real_moleculenet_freesolv,target_acquisition_portfolio,29298,79.0667,79.0667,20.9333,1,heldout,
real_moleculenet_freesolv,care_strategy_router,29299,77.2333,75.0967,22.7667,1,heldout,llm_direct_prior_polar_surface_optimizer_noprior
real_moleculenet_freesolv,gp_ucb,29299,71.4333,64.96,28.5667,1,heldout,
real_moleculenet_freesolv,llambo_warmstart_polar_surface_optimizer_noprior,29299,100.0,100.0,0.0,1,heldout,
real_moleculenet_freesolv,llambo_warmstart_selector,29299,100.0,100.0,0.0,1,heldout,llambo_warmstart_polar_surface_optimizer_noprior
real_moleculenet_freesolv,llm_calibrated_selector,29299,68.2,56.0933,31.8,0,heldout,llm_semantic_polar_surface_optimizer_noprior
real_moleculenet_freesolv,llm_direct_prior_polar_surface_optimizer_noprior,29299,77.2333,75.0967,22.7667,1,heldout,
real_moleculenet_freesolv,llm_direct_prior_selector,29299,77.2333,75.0967,22.7667,1,heldout,llm_direct_prior_polar_surface_optimizer_noprior
real_moleculenet_freesolv,llm_semantic_polar_surface_optimizer_noprior,29299,68.2,56.0933,31.8,0,heldout,
real_moleculenet_freesolv,mixed_kernel_gp_ei,29299,71.4333,64.96,28.5667,1,heldout,
real_moleculenet_freesolv,target_acquisition_portfolio,29299,71.4333,64.96,28.5667,1,heldout,
