dataset,mode,seed,final_best,best_so_far_auc,simple_regret,top10_hit,split,selected_source_mode
real_buchwald_hartwig,gp_ucb,28000,97.5685,86.8757,2.4315,1,calibration,
real_buchwald_hartwig,llambo_warmstart_counter_source_acid_halide_reversal_noprior,28000,89.6142,78.5836,10.3858,0,calibration,
real_buchwald_hartwig,llm_direct_prior_counter_source_acid_halide_reversal_noprior,28000,97.5685,92.7547,2.4315,1,calibration,
real_buchwald_hartwig,llm_semantic_counter_source_acid_halide_reversal_noprior,28000,100.0,97.1068,0.0,1,calibration,
real_buchwald_hartwig,mixed_kernel_gp_ei,28000,100.0,87.1189,0.0,1,calibration,
real_buchwald_hartwig,target_acquisition_portfolio,28000,97.5685,89.1905,2.4315,1,calibration,
real_buchwald_hartwig,gp_ucb,28001,93.0995,73.3012,6.9005,0,calibration,
real_buchwald_hartwig,llambo_warmstart_counter_source_acid_halide_reversal_noprior,28001,89.6142,81.9575,10.3858,0,calibration,
real_buchwald_hartwig,llm_direct_prior_counter_source_acid_halide_reversal_noprior,28001,98.7313,98.7313,1.2687,1,calibration,
real_buchwald_hartwig,llm_semantic_counter_source_acid_halide_reversal_noprior,28001,93.4211,74.2202,6.5789,0,calibration,
real_buchwald_hartwig,mixed_kernel_gp_ei,28001,93.0995,76.1949,6.9005,0,calibration,
real_buchwald_hartwig,target_acquisition_portfolio,28001,93.0995,67.381,6.9005,0,calibration,
real_buchwald_hartwig,gp_ucb,28002,68.765,63.5581,31.235,0,calibration,
real_buchwald_hartwig,llambo_warmstart_counter_source_acid_halide_reversal_noprior,28002,100.0,94.3129,0.0,1,calibration,
real_buchwald_hartwig,llm_direct_prior_counter_source_acid_halide_reversal_noprior,28002,100.0,91.8882,0.0,1,calibration,
real_buchwald_hartwig,llm_semantic_counter_source_acid_halide_reversal_noprior,28002,77.6669,73.0434,22.3331,0,calibration,
real_buchwald_hartwig,mixed_kernel_gp_ei,28002,91.3906,60.1513,8.6094,0,calibration,
real_buchwald_hartwig,target_acquisition_portfolio,28002,86.6896,63.0455,13.3104,0,calibration,
real_buchwald_hartwig,gp_ucb,28003,91.3733,85.0004,8.6267,0,calibration,
real_buchwald_hartwig,llambo_warmstart_counter_source_acid_halide_reversal_noprior,28003,99.6191,94.4105,0.3809,1,calibration,
real_buchwald_hartwig,llm_direct_prior_counter_source_acid_halide_reversal_noprior,28003,100.0,89.3105,0.0,1,calibration,
real_buchwald_hartwig,llm_semantic_counter_source_acid_halide_reversal_noprior,28003,83.3036,72.8693,16.6964,0,calibration,
real_buchwald_hartwig,mixed_kernel_gp_ei,28003,94.2969,85.8774,5.7031,0,calibration,
real_buchwald_hartwig,target_acquisition_portfolio,28003,91.3733,84.1094,8.6267,0,calibration,
real_buchwald_hartwig,gp_ucb,28004,89.9742,81.4404,10.0258,0,calibration,
real_buchwald_hartwig,llambo_warmstart_counter_source_acid_halide_reversal_noprior,28004,94.8799,94.5063,5.1201,0,calibration,
real_buchwald_hartwig,llm_direct_prior_counter_source_acid_halide_reversal_noprior,28004,88.5139,74.9961,11.4861,0,calibration,
real_buchwald_hartwig,llm_semantic_counter_source_acid_halide_reversal_noprior,28004,83.9556,74.4298,16.0444,0,calibration,
real_buchwald_hartwig,mixed_kernel_gp_ei,28004,89.9742,75.1219,10.0258,0,calibration,
real_buchwald_hartwig,target_acquisition_portfolio,28004,89.9742,79.4788,10.0258,0,calibration,
real_buchwald_hartwig,gp_ucb,28005,93.5878,83.3823,6.4122,0,calibration,
real_buchwald_hartwig,llambo_warmstart_counter_source_acid_halide_reversal_noprior,28005,98.7313,88.3658,1.2687,1,calibration,
real_buchwald_hartwig,llm_direct_prior_counter_source_acid_halide_reversal_noprior,28005,93.4211,76.8614,6.5789,0,calibration,
real_buchwald_hartwig,llm_semantic_counter_source_acid_halide_reversal_noprior,28005,93.0289,72.7957,6.9711,0,calibration,
real_buchwald_hartwig,mixed_kernel_gp_ei,28005,93.5878,83.3823,6.4122,0,calibration,
real_buchwald_hartwig,target_acquisition_portfolio,28005,93.5878,83.3823,6.4122,0,calibration,
real_buchwald_hartwig,gp_ucb,28006,98.8492,95.6626,1.1508,1,calibration,
real_buchwald_hartwig,llambo_warmstart_counter_source_acid_halide_reversal_noprior,28006,93.5878,91.451,6.4122,0,calibration,
real_buchwald_hartwig,llm_direct_prior_counter_source_acid_halide_reversal_noprior,28006,94.2969,94.2969,5.7031,0,calibration,
real_buchwald_hartwig,llm_semantic_counter_source_acid_halide_reversal_noprior,28006,94.2969,94.2969,5.7031,0,calibration,
real_buchwald_hartwig,mixed_kernel_gp_ei,28006,98.8492,95.6626,1.1508,1,calibration,
real_buchwald_hartwig,target_acquisition_portfolio,28006,98.8492,95.6626,1.1508,1,calibration,
real_buchwald_hartwig,gp_ucb,28007,90.9905,90.9905,9.0095,0,calibration,
real_buchwald_hartwig,llambo_warmstart_counter_source_acid_halide_reversal_noprior,28007,85.1332,85.1332,14.8668,0,calibration,
real_buchwald_hartwig,llm_direct_prior_counter_source_acid_halide_reversal_noprior,28007,97.5685,97.5685,2.4315,1,calibration,
real_buchwald_hartwig,llm_semantic_counter_source_acid_halide_reversal_noprior,28007,97.5685,90.3973,2.4315,1,calibration,
real_buchwald_hartwig,mixed_kernel_gp_ei,28007,90.9905,90.9905,9.0095,0,calibration,
real_buchwald_hartwig,target_acquisition_portfolio,28007,90.9905,90.9905,9.0095,0,calibration,
real_buchwald_hartwig,gp_ucb,28008,95.7526,83.3232,4.2474,0,calibration,
real_buchwald_hartwig,llambo_warmstart_counter_source_acid_halide_reversal_noprior,28008,98.1771,96.7818,1.8229,1,calibration,
real_buchwald_hartwig,llm_direct_prior_counter_source_acid_halide_reversal_noprior,28008,88.5139,78.4776,11.4861,0,calibration,
real_buchwald_hartwig,llm_semantic_counter_source_acid_halide_reversal_noprior,28008,100.0,86.2758,0.0,1,calibration,
real_buchwald_hartwig,mixed_kernel_gp_ei,28008,95.7526,83.3232,4.2474,0,calibration,
real_buchwald_hartwig,target_acquisition_portfolio,28008,95.7526,83.3232,4.2474,0,calibration,
real_buchwald_hartwig,gp_ucb,28009,91.9334,84.3641,8.0666,0,calibration,
real_buchwald_hartwig,llambo_warmstart_counter_source_acid_halide_reversal_noprior,28009,94.5498,91.7163,5.4502,0,calibration,
real_buchwald_hartwig,llm_direct_prior_counter_source_acid_halide_reversal_noprior,28009,97.2929,87.6796,2.7071,0,calibration,
real_buchwald_hartwig,llm_semantic_counter_source_acid_halide_reversal_noprior,28009,78.005,73.5318,21.995,0,calibration,
real_buchwald_hartwig,mixed_kernel_gp_ei,28009,95.3865,86.0671,4.6135,0,calibration,
real_buchwald_hartwig,target_acquisition_portfolio,28009,91.9334,84.3641,8.0666,0,calibration,
real_buchwald_hartwig,gp_ucb,28010,92.9567,60.9366,7.0433,0,calibration,
real_buchwald_hartwig,llambo_warmstart_counter_source_acid_halide_reversal_noprior,28010,49.31,48.1869,50.69,0,calibration,
real_buchwald_hartwig,llm_direct_prior_counter_source_acid_halide_reversal_noprior,28010,93.4211,89.0684,6.5789,0,calibration,
real_buchwald_hartwig,llm_semantic_counter_source_acid_halide_reversal_noprior,28010,98.2872,61.9285,1.7128,1,calibration,
real_buchwald_hartwig,mixed_kernel_gp_ei,28010,93.1012,82.4742,6.8988,0,calibration,
real_buchwald_hartwig,target_acquisition_portfolio,28010,93.1012,82.4597,6.8988,0,calibration,
real_buchwald_hartwig,gp_ucb,28011,98.2872,76.7026,1.7128,1,calibration,
real_buchwald_hartwig,llambo_warmstart_counter_source_acid_halide_reversal_noprior,28011,86.7621,79.6448,13.2379,0,calibration,
real_buchwald_hartwig,llm_direct_prior_counter_source_acid_halide_reversal_noprior,28011,94.6911,92.827,5.3089,0,calibration,
real_buchwald_hartwig,llm_semantic_counter_source_acid_halide_reversal_noprior,28011,100.0,65.9487,0.0,1,calibration,
real_buchwald_hartwig,mixed_kernel_gp_ei,28011,98.2872,69.5306,1.7128,1,calibration,
real_buchwald_hartwig,target_acquisition_portfolio,28011,94.6911,65.1504,5.3089,0,calibration,
real_buchwald_hartwig,gp_ucb,28012,93.0289,85.191,6.9711,0,calibration,
real_buchwald_hartwig,llambo_warmstart_counter_source_acid_halide_reversal_noprior,28012,98.8492,96.404,1.1508,1,calibration,
real_buchwald_hartwig,llm_direct_prior_counter_source_acid_halide_reversal_noprior,28012,93.4211,93.3819,6.5789,0,calibration,
real_buchwald_hartwig,llm_semantic_counter_source_acid_halide_reversal_noprior,28012,91.4851,60.4347,8.5149,0,calibration,
real_buchwald_hartwig,mixed_kernel_gp_ei,28012,93.0289,85.191,6.9711,0,calibration,
real_buchwald_hartwig,target_acquisition_portfolio,28012,93.0289,85.191,6.9711,0,calibration,
real_buchwald_hartwig,gp_ucb,28013,98.8492,96.409,1.1508,1,calibration,
real_buchwald_hartwig,llambo_warmstart_counter_source_acid_halide_reversal_noprior,28013,96.1323,85.1257,3.8677,0,calibration,
real_buchwald_hartwig,llm_direct_prior_counter_source_acid_halide_reversal_noprior,28013,97.5685,94.9512,2.4315,1,calibration,
real_buchwald_hartwig,llm_semantic_counter_source_acid_halide_reversal_noprior,28013,100.0,97.1484,0.0,1,calibration,
real_buchwald_hartwig,mixed_kernel_gp_ei,28013,98.8492,95.9537,1.1508,1,calibration,
real_buchwald_hartwig,target_acquisition_portfolio,28013,98.8492,96.409,1.1508,1,calibration,
real_buchwald_hartwig,gp_ucb,28014,93.5641,93.5641,6.4359,0,calibration,
real_buchwald_hartwig,llambo_warmstart_counter_source_acid_halide_reversal_noprior,28014,100.0,95.54,0.0,1,calibration,
real_buchwald_hartwig,llm_direct_prior_counter_source_acid_halide_reversal_noprior,28014,92.127,84.0953,7.873,0,calibration,
real_buchwald_hartwig,llm_semantic_counter_source_acid_halide_reversal_noprior,28014,85.4018,81.8916,14.5982,0,calibration,
real_buchwald_hartwig,mixed_kernel_gp_ei,28014,93.5641,93.5641,6.4359,0,calibration,
real_buchwald_hartwig,target_acquisition_portfolio,28014,93.5641,93.5641,6.4359,0,calibration,
real_buchwald_hartwig,gp_ucb,28015,96.5912,95.8644,3.4088,0,calibration,
real_buchwald_hartwig,llambo_warmstart_counter_source_acid_halide_reversal_noprior,28015,97.948,74.3247,2.052,1,calibration,
real_buchwald_hartwig,llm_direct_prior_counter_source_acid_halide_reversal_noprior,28015,98.7313,98.7313,1.2687,1,calibration,
real_buchwald_hartwig,llm_semantic_counter_source_acid_halide_reversal_noprior,28015,94.6911,91.4702,5.3089,0,calibration,
real_buchwald_hartwig,mixed_kernel_gp_ei,28015,96.5912,95.8644,3.4088,0,calibration,
real_buchwald_hartwig,target_acquisition_portfolio,28015,96.5912,95.8644,3.4088,0,calibration,
real_buchwald_hartwig,gp_ucb,28016,91.9334,80.5082,8.0666,0,calibration,
real_buchwald_hartwig,llambo_warmstart_counter_source_acid_halide_reversal_noprior,28016,82.1848,82.1848,17.8152,0,calibration,
real_buchwald_hartwig,llm_direct_prior_counter_source_acid_halide_reversal_noprior,28016,97.5685,88.4739,2.4315,1,calibration,
real_buchwald_hartwig,llm_semantic_counter_source_acid_halide_reversal_noprior,28016,74.1058,66.0542,25.8942,0,calibration,
real_buchwald_hartwig,mixed_kernel_gp_ei,28016,94.1517,87.0887,5.8483,0,calibration,
real_buchwald_hartwig,target_acquisition_portfolio,28016,94.1517,87.0887,5.8483,0,calibration,
real_buchwald_hartwig,gp_ucb,28017,95.6759,86.7574,4.3241,0,calibration,
real_buchwald_hartwig,llambo_warmstart_counter_source_acid_halide_reversal_noprior,28017,90.7313,88.3678,9.2687,0,calibration,
real_buchwald_hartwig,llm_direct_prior_counter_source_acid_halide_reversal_noprior,28017,97.5685,92.1314,2.4315,1,calibration,
real_buchwald_hartwig,llm_semantic_counter_source_acid_halide_reversal_noprior,28017,99.6191,83.2188,0.3809,1,calibration,
real_buchwald_hartwig,mixed_kernel_gp_ei,28017,80.3959,78.9332,19.6041,0,calibration,
real_buchwald_hartwig,target_acquisition_portfolio,28017,84.8561,82.9798,15.1439,0,calibration,
real_buchwald_hartwig,gp_ucb,28018,93.5641,90.7548,6.4359,0,calibration,
real_buchwald_hartwig,llambo_warmstart_counter_source_acid_halide_reversal_noprior,28018,93.1012,92.1749,6.8988,0,calibration,
real_buchwald_hartwig,llm_direct_prior_counter_source_acid_halide_reversal_noprior,28018,86.0741,74.3064,13.9259,0,calibration,
real_buchwald_hartwig,llm_semantic_counter_source_acid_halide_reversal_noprior,28018,93.5878,90.4829,6.4122,0,calibration,
real_buchwald_hartwig,mixed_kernel_gp_ei,28018,93.5641,90.7548,6.4359,0,calibration,
real_buchwald_hartwig,target_acquisition_portfolio,28018,93.5641,90.7548,6.4359,0,calibration,
real_buchwald_hartwig,gp_ucb,28019,100.0,95.3515,0.0,1,calibration,
real_buchwald_hartwig,llambo_warmstart_counter_source_acid_halide_reversal_noprior,28019,94.1485,90.1087,5.8515,0,calibration,
real_buchwald_hartwig,llm_direct_prior_counter_source_acid_halide_reversal_noprior,28019,100.0,94.9164,0.0,1,calibration,
real_buchwald_hartwig,llm_semantic_counter_source_acid_halide_reversal_noprior,28019,92.659,75.062,7.341,0,calibration,
real_buchwald_hartwig,mixed_kernel_gp_ei,28019,100.0,95.3515,0.0,1,calibration,
real_buchwald_hartwig,target_acquisition_portfolio,28019,100.0,95.3515,0.0,1,calibration,
real_buchwald_hartwig,gp_ucb,28020,92.5725,82.431,7.4275,0,calibration,
real_buchwald_hartwig,llambo_warmstart_counter_source_acid_halide_reversal_noprior,28020,100.0,100.0,0.0,1,calibration,
real_buchwald_hartwig,llm_direct_prior_counter_source_acid_halide_reversal_noprior,28020,94.6911,87.2724,5.3089,0,calibration,
real_buchwald_hartwig,llm_semantic_counter_source_acid_halide_reversal_noprior,28020,74.0779,73.3369,25.9221,0,calibration,
real_buchwald_hartwig,mixed_kernel_gp_ei,28020,94.8799,81.2129,5.1201,0,calibration,
real_buchwald_hartwig,target_acquisition_portfolio,28020,92.5725,82.431,7.4275,0,calibration,
real_buchwald_hartwig,gp_ucb,28021,98.8492,95.8678,1.1508,1,calibration,
real_buchwald_hartwig,llambo_warmstart_counter_source_acid_halide_reversal_noprior,28021,98.8492,97.1256,1.1508,1,calibration,
real_buchwald_hartwig,llm_direct_prior_counter_source_acid_halide_reversal_noprior,28021,100.0,97.0075,0.0,1,calibration,
real_buchwald_hartwig,llm_semantic_counter_source_acid_halide_reversal_noprior,28021,96.1323,93.1787,3.8677,0,calibration,
real_buchwald_hartwig,mixed_kernel_gp_ei,28021,98.8492,96.4501,1.1508,1,calibration,
real_buchwald_hartwig,target_acquisition_portfolio,28021,98.8492,92.8889,1.1508,1,calibration,
real_buchwald_hartwig,gp_ucb,28022,93.7486,88.0701,6.2514,0,calibration,
real_buchwald_hartwig,llambo_warmstart_counter_source_acid_halide_reversal_noprior,28022,93.3108,93.1064,6.6892,0,calibration,
real_buchwald_hartwig,llm_direct_prior_counter_source_acid_halide_reversal_noprior,28022,93.0995,90.4851,6.9005,0,calibration,
real_buchwald_hartwig,llm_semantic_counter_source_acid_halide_reversal_noprior,28022,80.0277,80.0277,19.9723,0,calibration,
real_buchwald_hartwig,mixed_kernel_gp_ei,28022,93.7486,89.2484,6.2514,0,calibration,
real_buchwald_hartwig,target_acquisition_portfolio,28022,93.0326,89.1768,6.9674,0,calibration,
real_buchwald_hartwig,gp_ucb,28023,95.7526,88.1907,4.2474,0,calibration,
real_buchwald_hartwig,llambo_warmstart_counter_source_acid_halide_reversal_noprior,28023,93.7486,84.0473,6.2514,0,calibration,
real_buchwald_hartwig,llm_direct_prior_counter_source_acid_halide_reversal_noprior,28023,90.2279,90.2279,9.7721,0,calibration,
real_buchwald_hartwig,llm_semantic_counter_source_acid_halide_reversal_noprior,28023,95.6759,69.5381,4.3241,0,calibration,
real_buchwald_hartwig,mixed_kernel_gp_ei,28023,94.2969,85.0024,5.7031,0,calibration,
real_buchwald_hartwig,target_acquisition_portfolio,28023,95.7526,88.1907,4.2474,0,calibration,
real_buchwald_hartwig,gp_ucb,28024,73.3193,69.3916,26.6807,0,calibration,
real_buchwald_hartwig,llambo_warmstart_counter_source_acid_halide_reversal_noprior,28024,100.0,96.8152,0.0,1,calibration,
real_buchwald_hartwig,llm_direct_prior_counter_source_acid_halide_reversal_noprior,28024,100.0,84.9018,0.0,1,calibration,
real_buchwald_hartwig,llm_semantic_counter_source_acid_halide_reversal_noprior,28024,85.1402,75.8896,14.8598,0,calibration,
real_buchwald_hartwig,mixed_kernel_gp_ei,28024,75.5938,70.074,24.4062,0,calibration,
real_buchwald_hartwig,target_acquisition_portfolio,28024,75.5938,70.074,24.4062,0,calibration,
real_buchwald_hartwig,gp_ucb,28025,94.3462,78.1498,5.6538,0,calibration,
real_buchwald_hartwig,llambo_warmstart_counter_source_acid_halide_reversal_noprior,28025,92.2093,91.1199,7.7907,0,calibration,
real_buchwald_hartwig,llm_direct_prior_counter_source_acid_halide_reversal_noprior,28025,93.4211,90.2594,6.5789,0,calibration,
real_buchwald_hartwig,llm_semantic_counter_source_acid_halide_reversal_noprior,28025,94.3462,83.7975,5.6538,0,calibration,
real_buchwald_hartwig,mixed_kernel_gp_ei,28025,80.0277,72.5961,19.9723,0,calibration,
real_buchwald_hartwig,target_acquisition_portfolio,28025,94.3462,83.4725,5.6538,0,calibration,
real_buchwald_hartwig,gp_ucb,28026,88.4449,88.4449,11.5551,0,calibration,
real_buchwald_hartwig,llambo_warmstart_counter_source_acid_halide_reversal_noprior,28026,90.2279,89.5147,9.7721,0,calibration,
real_buchwald_hartwig,llm_direct_prior_counter_source_acid_halide_reversal_noprior,28026,97.2929,92.8689,2.7071,0,calibration,
real_buchwald_hartwig,llm_semantic_counter_source_acid_halide_reversal_noprior,28026,93.0995,89.3758,6.9005,0,calibration,
real_buchwald_hartwig,mixed_kernel_gp_ei,28026,88.4449,88.4449,11.5551,0,calibration,
real_buchwald_hartwig,target_acquisition_portfolio,28026,88.4449,88.4449,11.5551,0,calibration,
real_buchwald_hartwig,gp_ucb,28027,99.6191,89.5385,0.3809,1,calibration,
real_buchwald_hartwig,llambo_warmstart_counter_source_acid_halide_reversal_noprior,28027,99.0345,96.1258,0.9655,1,calibration,
real_buchwald_hartwig,llm_direct_prior_counter_source_acid_halide_reversal_noprior,28027,97.5685,94.39,2.4315,1,calibration,
real_buchwald_hartwig,llm_semantic_counter_source_acid_halide_reversal_noprior,28027,96.1323,75.9852,3.8677,0,calibration,
real_buchwald_hartwig,mixed_kernel_gp_ei,28027,85.8947,83.1802,14.1053,0,calibration,
real_buchwald_hartwig,target_acquisition_portfolio,28027,99.6191,88.57,0.3809,1,calibration,
real_buchwald_hartwig,gp_ucb,28028,89.4195,84.6573,10.5805,0,calibration,
real_buchwald_hartwig,llambo_warmstart_counter_source_acid_halide_reversal_noprior,28028,92.2093,92.2093,7.7907,0,calibration,
real_buchwald_hartwig,llm_direct_prior_counter_source_acid_halide_reversal_noprior,28028,93.4211,86.0928,6.5789,0,calibration,
real_buchwald_hartwig,llm_semantic_counter_source_acid_halide_reversal_noprior,28028,85.6592,81.7903,14.3408,0,calibration,
real_buchwald_hartwig,mixed_kernel_gp_ei,28028,89.4195,85.6337,10.5805,0,calibration,
real_buchwald_hartwig,target_acquisition_portfolio,28028,89.4195,84.8464,10.5805,0,calibration,
real_buchwald_hartwig,gp_ucb,28029,92.9567,63.4655,7.0433,0,calibration,
real_buchwald_hartwig,llambo_warmstart_counter_source_acid_halide_reversal_noprior,28029,86.8997,86.8997,13.1003,0,calibration,
real_buchwald_hartwig,llm_direct_prior_counter_source_acid_halide_reversal_noprior,28029,93.4211,91.5215,6.5789,0,calibration,
real_buchwald_hartwig,llm_semantic_counter_source_acid_halide_reversal_noprior,28029,95.3865,78.1563,4.6135,0,calibration,
real_buchwald_hartwig,mixed_kernel_gp_ei,28029,94.3462,56.7728,5.6538,0,calibration,
real_buchwald_hartwig,target_acquisition_portfolio,28029,94.3462,56.2784,5.6538,0,calibration,
real_buchwald_hartwig,gp_ucb,28030,94.1517,86.1667,5.8483,0,calibration,
real_buchwald_hartwig,llambo_warmstart_counter_source_acid_halide_reversal_noprior,28030,91.5286,90.9142,8.4714,0,calibration,
real_buchwald_hartwig,llm_direct_prior_counter_source_acid_halide_reversal_noprior,28030,100.0,92.7709,0.0,1,calibration,
real_buchwald_hartwig,llm_semantic_counter_source_acid_halide_reversal_noprior,28030,81.1512,80.3839,18.8488,0,calibration,
real_buchwald_hartwig,mixed_kernel_gp_ei,28030,82.6307,77.4211,17.3693,0,calibration,
real_buchwald_hartwig,target_acquisition_portfolio,28030,94.1517,83.5507,5.8483,0,calibration,
real_buchwald_hartwig,gp_ucb,28031,100.0,92.1671,0.0,1,calibration,
real_buchwald_hartwig,llambo_warmstart_counter_source_acid_halide_reversal_noprior,28031,100.0,92.4605,0.0,1,calibration,
real_buchwald_hartwig,llm_direct_prior_counter_source_acid_halide_reversal_noprior,28031,83.2944,78.5452,16.7056,0,calibration,
real_buchwald_hartwig,llm_semantic_counter_source_acid_halide_reversal_noprior,28031,80.5828,76.0784,19.4172,0,calibration,
real_buchwald_hartwig,mixed_kernel_gp_ei,28031,81.787,80.284,18.213,0,calibration,
real_buchwald_hartwig,target_acquisition_portfolio,28031,78.7707,78.7707,21.2293,0,calibration,
real_buchwald_hartwig,gp_ucb,28032,93.1012,90.7705,6.8988,0,calibration,
real_buchwald_hartwig,llambo_warmstart_counter_source_acid_halide_reversal_noprior,28032,94.5498,92.3558,5.4502,0,calibration,
real_buchwald_hartwig,llm_direct_prior_counter_source_acid_halide_reversal_noprior,28032,66.4828,57.7554,33.5172,0,calibration,
real_buchwald_hartwig,llm_semantic_counter_source_acid_halide_reversal_noprior,28032,88.4043,71.4205,11.5957,0,calibration,
real_buchwald_hartwig,mixed_kernel_gp_ei,28032,93.1012,89.9936,6.8988,0,calibration,
real_buchwald_hartwig,target_acquisition_portfolio,28032,93.1012,90.3821,6.8988,0,calibration,
real_buchwald_hartwig,gp_ucb,28033,100.0,94.2828,0.0,1,calibration,
real_buchwald_hartwig,llambo_warmstart_counter_source_acid_halide_reversal_noprior,28033,95.129,94.3621,4.871,0,calibration,
real_buchwald_hartwig,llm_direct_prior_counter_source_acid_halide_reversal_noprior,28033,97.5685,96.357,2.4315,1,calibration,
real_buchwald_hartwig,llm_semantic_counter_source_acid_halide_reversal_noprior,28033,91.511,87.6496,8.489,0,calibration,
real_buchwald_hartwig,mixed_kernel_gp_ei,28033,100.0,94.1124,0.0,1,calibration,
real_buchwald_hartwig,target_acquisition_portfolio,28033,100.0,94.3979,0.0,1,calibration,
real_buchwald_hartwig,gp_ucb,28034,81.0209,50.4759,18.9791,0,calibration,
real_buchwald_hartwig,llambo_warmstart_counter_source_acid_halide_reversal_noprior,28034,96.1323,94.5609,3.8677,0,calibration,
real_buchwald_hartwig,llm_direct_prior_counter_source_acid_halide_reversal_noprior,28034,100.0,84.177,0.0,1,calibration,
real_buchwald_hartwig,llm_semantic_counter_source_acid_halide_reversal_noprior,28034,86.0034,66.5057,13.9966,0,calibration,
real_buchwald_hartwig,mixed_kernel_gp_ei,28034,90.2279,51.3966,9.7721,0,calibration,
real_buchwald_hartwig,target_acquisition_portfolio,28034,81.3785,54.1816,18.6215,0,calibration,
real_buchwald_hartwig,gp_ucb,28035,99.6191,99.6191,0.3809,1,calibration,
real_buchwald_hartwig,llambo_warmstart_counter_source_acid_halide_reversal_noprior,28035,89.6142,89.6142,10.3858,0,calibration,
real_buchwald_hartwig,llm_direct_prior_counter_source_acid_halide_reversal_noprior,28035,99.6191,99.6191,0.3809,1,calibration,
real_buchwald_hartwig,llm_semantic_counter_source_acid_halide_reversal_noprior,28035,99.6191,99.6191,0.3809,1,calibration,
real_buchwald_hartwig,mixed_kernel_gp_ei,28035,100.0,99.6572,0.0,1,calibration,
real_buchwald_hartwig,target_acquisition_portfolio,28035,99.6191,99.6191,0.3809,1,calibration,
real_buchwald_hartwig,gp_ucb,28036,82.7105,79.9373,17.2895,0,calibration,
real_buchwald_hartwig,llambo_warmstart_counter_source_acid_halide_reversal_noprior,28036,99.6191,89.6648,0.3809,1,calibration,
real_buchwald_hartwig,llm_direct_prior_counter_source_acid_halide_reversal_noprior,28036,97.2929,92.3339,2.7071,0,calibration,
real_buchwald_hartwig,llm_semantic_counter_source_acid_halide_reversal_noprior,28036,93.0289,60.3466,6.9711,0,calibration,
real_buchwald_hartwig,mixed_kernel_gp_ei,28036,82.7105,79.9373,17.2895,0,calibration,
real_buchwald_hartwig,target_acquisition_portfolio,28036,82.7105,79.9373,17.2895,0,calibration,
real_buchwald_hartwig,gp_ucb,28037,98.2872,92.1227,1.7128,1,calibration,
real_buchwald_hartwig,llambo_warmstart_counter_source_acid_halide_reversal_noprior,28037,97.5685,92.8654,2.4315,1,calibration,
real_buchwald_hartwig,llm_direct_prior_counter_source_acid_halide_reversal_noprior,28037,94.6911,89.3262,5.3089,0,calibration,
real_buchwald_hartwig,llm_semantic_counter_source_acid_halide_reversal_noprior,28037,83.4092,80.0746,16.5908,0,calibration,
real_buchwald_hartwig,mixed_kernel_gp_ei,28037,98.2872,91.7631,1.7128,1,calibration,
real_buchwald_hartwig,target_acquisition_portfolio,28037,98.2872,92.1227,1.7128,1,calibration,
real_buchwald_hartwig,gp_ucb,28038,95.129,92.9688,4.871,0,calibration,
real_buchwald_hartwig,llambo_warmstart_counter_source_acid_halide_reversal_noprior,28038,86.4971,60.1224,13.5029,0,calibration,
real_buchwald_hartwig,llm_direct_prior_counter_source_acid_halide_reversal_noprior,28038,93.4211,88.465,6.5789,0,calibration,
real_buchwald_hartwig,llm_semantic_counter_source_acid_halide_reversal_noprior,28038,93.0289,68.9315,6.9711,0,calibration,
real_buchwald_hartwig,mixed_kernel_gp_ei,28038,93.3108,91.885,6.6892,0,calibration,
real_buchwald_hartwig,target_acquisition_portfolio,28038,92.8977,91.8024,7.1023,0,calibration,
real_buchwald_hartwig,gp_ucb,28039,91.9334,90.799,8.0666,0,calibration,
real_buchwald_hartwig,llambo_warmstart_counter_source_acid_halide_reversal_noprior,28039,93.5878,90.3237,6.4122,0,calibration,
real_buchwald_hartwig,llm_direct_prior_counter_source_acid_halide_reversal_noprior,28039,100.0,90.2946,0.0,1,calibration,
real_buchwald_hartwig,llm_semantic_counter_source_acid_halide_reversal_noprior,28039,98.7313,89.9888,1.2687,1,calibration,
real_buchwald_hartwig,mixed_kernel_gp_ei,28039,91.9334,90.799,8.0666,0,calibration,
real_buchwald_hartwig,target_acquisition_portfolio,28039,97.5685,82.3995,2.4315,1,calibration,
real_buchwald_hartwig,gp_ucb,28040,88.5139,67.4877,11.4861,0,calibration,
real_buchwald_hartwig,llambo_warmstart_counter_source_acid_halide_reversal_noprior,28040,91.4851,76.8138,8.5149,0,calibration,
real_buchwald_hartwig,llm_direct_prior_counter_source_acid_halide_reversal_noprior,28040,88.5139,82.9428,11.4861,0,calibration,
real_buchwald_hartwig,llm_semantic_counter_source_acid_halide_reversal_noprior,28040,88.5139,76.2277,11.4861,0,calibration,
real_buchwald_hartwig,mixed_kernel_gp_ei,28040,65.1515,65.1515,34.8485,0,calibration,
real_buchwald_hartwig,target_acquisition_portfolio,28040,86.4971,69.4206,13.5029,0,calibration,
real_buchwald_hartwig,gp_ucb,28041,93.5878,77.9991,6.4122,0,calibration,
real_buchwald_hartwig,llambo_warmstart_counter_source_acid_halide_reversal_noprior,28041,85.1332,84.6731,14.8668,0,calibration,
real_buchwald_hartwig,llm_direct_prior_counter_source_acid_halide_reversal_noprior,28041,94.6911,76.5922,5.3089,0,calibration,
real_buchwald_hartwig,llm_semantic_counter_source_acid_halide_reversal_noprior,28041,88.4043,73.7278,11.5957,0,calibration,
real_buchwald_hartwig,mixed_kernel_gp_ei,28041,87.2375,64.5273,12.7625,0,calibration,
real_buchwald_hartwig,target_acquisition_portfolio,28041,92.2093,67.1,7.7907,0,calibration,
real_buchwald_hartwig,gp_ucb,28042,93.1012,93.1012,6.8988,0,calibration,
real_buchwald_hartwig,llambo_warmstart_counter_source_acid_halide_reversal_noprior,28042,95.0702,90.442,4.9298,0,calibration,
real_buchwald_hartwig,llm_direct_prior_counter_source_acid_halide_reversal_noprior,28042,98.2872,94.3551,1.7128,1,calibration,
real_buchwald_hartwig,llm_semantic_counter_source_acid_halide_reversal_noprior,28042,98.2872,89.7829,1.7128,1,calibration,
real_buchwald_hartwig,mixed_kernel_gp_ei,28042,93.1012,93.1012,6.8988,0,calibration,
real_buchwald_hartwig,target_acquisition_portfolio,28042,93.1012,93.1012,6.8988,0,calibration,
real_buchwald_hartwig,gp_ucb,28043,89.3231,86.956,10.6769,0,calibration,
real_buchwald_hartwig,llambo_warmstart_counter_source_acid_halide_reversal_noprior,28043,92.9142,87.2059,7.0858,0,calibration,
real_buchwald_hartwig,llm_direct_prior_counter_source_acid_halide_reversal_noprior,28043,88.5139,88.1214,11.4861,0,calibration,
real_buchwald_hartwig,llm_semantic_counter_source_acid_halide_reversal_noprior,28043,84.5889,84.5889,15.4111,0,calibration,
real_buchwald_hartwig,mixed_kernel_gp_ei,28043,84.5889,84.5889,15.4111,0,calibration,
real_buchwald_hartwig,target_acquisition_portfolio,28043,84.5889,84.5889,15.4111,0,calibration,
real_buchwald_hartwig,gp_ucb,28044,68.765,68.765,31.235,0,calibration,
real_buchwald_hartwig,llambo_warmstart_counter_source_acid_halide_reversal_noprior,28044,88.1675,86.7238,11.8325,0,calibration,
real_buchwald_hartwig,llm_direct_prior_counter_source_acid_halide_reversal_noprior,28044,100.0,91.0455,0.0,1,calibration,
real_buchwald_hartwig,llm_semantic_counter_source_acid_halide_reversal_noprior,28044,86.4971,71.4287,13.5029,0,calibration,
real_buchwald_hartwig,mixed_kernel_gp_ei,28044,70.5651,68.945,29.4349,0,calibration,
real_buchwald_hartwig,target_acquisition_portfolio,28044,68.765,68.765,31.235,0,calibration,
real_buchwald_hartwig,gp_ucb,28045,93.0326,89.4776,6.9674,0,calibration,
real_buchwald_hartwig,llambo_warmstart_counter_source_acid_halide_reversal_noprior,28045,85.8123,74.9185,14.1877,0,calibration,
real_buchwald_hartwig,llm_direct_prior_counter_source_acid_halide_reversal_noprior,28045,93.4211,93.3819,6.5789,0,calibration,
real_buchwald_hartwig,llm_semantic_counter_source_acid_halide_reversal_noprior,28045,87.2375,85.3436,12.7625,0,calibration,
real_buchwald_hartwig,mixed_kernel_gp_ei,28045,93.0326,89.4776,6.9674,0,calibration,
real_buchwald_hartwig,target_acquisition_portfolio,28045,93.0326,89.4776,6.9674,0,calibration,
real_buchwald_hartwig,gp_ucb,28046,89.6142,74.4393,10.3858,0,calibration,
real_buchwald_hartwig,llambo_warmstart_counter_source_acid_halide_reversal_noprior,28046,99.0345,94.6169,0.9655,1,calibration,
real_buchwald_hartwig,llm_direct_prior_counter_source_acid_halide_reversal_noprior,28046,100.0,74.582,0.0,1,calibration,
real_buchwald_hartwig,llm_semantic_counter_source_acid_halide_reversal_noprior,28046,86.4971,72.8146,13.5029,0,calibration,
real_buchwald_hartwig,mixed_kernel_gp_ei,28046,89.6142,71.8673,10.3858,0,calibration,
real_buchwald_hartwig,target_acquisition_portfolio,28046,89.6142,71.8032,10.3858,0,calibration,
real_buchwald_hartwig,gp_ucb,28047,89.5592,81.6844,10.4408,0,calibration,
real_buchwald_hartwig,llambo_warmstart_counter_source_acid_halide_reversal_noprior,28047,92.3538,92.3538,7.6462,0,calibration,
real_buchwald_hartwig,llm_direct_prior_counter_source_acid_halide_reversal_noprior,28047,100.0,78.7172,0.0,1,calibration,
real_buchwald_hartwig,llm_semantic_counter_source_acid_halide_reversal_noprior,28047,100.0,77.7726,0.0,1,calibration,
real_buchwald_hartwig,mixed_kernel_gp_ei,28047,96.1323,84.6273,3.8677,0,calibration,
real_buchwald_hartwig,target_acquisition_portfolio,28047,96.1323,84.6273,3.8677,0,calibration,
real_buchwald_hartwig,gp_ucb,28048,86.4971,77.4853,13.5029,0,calibration,
real_buchwald_hartwig,llambo_warmstart_counter_source_acid_halide_reversal_noprior,28048,98.7313,93.2641,1.2687,1,calibration,
real_buchwald_hartwig,llm_direct_prior_counter_source_acid_halide_reversal_noprior,28048,88.5139,87.0558,11.4861,0,calibration,
real_buchwald_hartwig,llm_semantic_counter_source_acid_halide_reversal_noprior,28048,100.0,89.4158,0.0,1,calibration,
real_buchwald_hartwig,mixed_kernel_gp_ei,28048,89.3231,85.2195,10.6769,0,calibration,
real_buchwald_hartwig,target_acquisition_portfolio,28048,89.3231,84.7461,10.6769,0,calibration,
real_buchwald_hartwig,gp_ucb,28049,97.2929,97.2929,2.7071,0,calibration,
real_buchwald_hartwig,llambo_warmstart_counter_source_acid_halide_reversal_noprior,28049,97.2929,94.1955,2.7071,0,calibration,
real_buchwald_hartwig,llm_direct_prior_counter_source_acid_halide_reversal_noprior,28049,97.2929,96.6614,2.7071,0,calibration,
real_buchwald_hartwig,llm_semantic_counter_source_acid_halide_reversal_noprior,28049,96.5912,96.5912,3.4088,0,calibration,
real_buchwald_hartwig,mixed_kernel_gp_ei,28049,97.2929,97.2929,2.7071,0,calibration,
real_buchwald_hartwig,target_acquisition_portfolio,28049,97.2929,97.2929,2.7071,0,calibration,
real_buchwald_hartwig,care_strategy_router,29000,97.5685,83.3245,2.4315,1,heldout,llm_direct_prior_counter_source_acid_halide_reversal_noprior
real_buchwald_hartwig,gp_ucb,29000,91.3906,83.9005,8.6094,0,heldout,
real_buchwald_hartwig,llambo_warmstart_counter_source_acid_halide_reversal_noprior,29000,89.5592,89.0737,10.4408,0,heldout,
real_buchwald_hartwig,llambo_warmstart_selector,29000,89.5592,89.0737,10.4408,0,heldout,llambo_warmstart_counter_source_acid_halide_reversal_noprior
real_buchwald_hartwig,llm_calibrated_selector,29000,86.7621,54.346,13.2379,0,heldout,llm_semantic_counter_source_acid_halide_reversal_noprior
real_buchwald_hartwig,llm_direct_prior_counter_source_acid_halide_reversal_noprior,29000,97.5685,83.3245,2.4315,1,heldout,
real_buchwald_hartwig,llm_direct_prior_selector,29000,97.5685,83.3245,2.4315,1,heldout,llm_direct_prior_counter_source_acid_halide_reversal_noprior
real_buchwald_hartwig,llm_semantic_counter_source_acid_halide_reversal_noprior,29000,86.7621,54.346,13.2379,0,heldout,
real_buchwald_hartwig,mixed_kernel_gp_ei,29000,95.3865,74.3148,4.6135,0,heldout,
real_buchwald_hartwig,target_acquisition_portfolio,29000,99.6191,70.895,0.3809,1,heldout,
real_buchwald_hartwig,care_strategy_router,29001,93.4211,82.3827,6.5789,0,heldout,llm_direct_prior_counter_source_acid_halide_reversal_noprior
real_buchwald_hartwig,gp_ucb,29001,89.4195,87.7681,10.5805,0,heldout,
real_buchwald_hartwig,llambo_warmstart_counter_source_acid_halide_reversal_noprior,29001,93.7486,93.7486,6.2514,0,heldout,
real_buchwald_hartwig,llambo_warmstart_selector,29001,93.7486,93.7486,6.2514,0,heldout,llambo_warmstart_counter_source_acid_halide_reversal_noprior
real_buchwald_hartwig,llm_calibrated_selector,29001,73.6009,73.6009,26.3991,0,heldout,llm_semantic_counter_source_acid_halide_reversal_noprior
real_buchwald_hartwig,llm_direct_prior_counter_source_acid_halide_reversal_noprior,29001,93.4211,82.3827,6.5789,0,heldout,
real_buchwald_hartwig,llm_direct_prior_selector,29001,93.4211,82.3827,6.5789,0,heldout,llm_direct_prior_counter_source_acid_halide_reversal_noprior
real_buchwald_hartwig,llm_semantic_counter_source_acid_halide_reversal_noprior,29001,73.6009,73.6009,26.3991,0,heldout,
real_buchwald_hartwig,mixed_kernel_gp_ei,29001,89.4195,87.7681,10.5805,0,heldout,
real_buchwald_hartwig,target_acquisition_portfolio,29001,89.4195,87.7681,10.5805,0,heldout,
real_buchwald_hartwig,care_strategy_router,29002,88.5139,86.8961,11.4861,0,heldout,llm_direct_prior_counter_source_acid_halide_reversal_noprior
real_buchwald_hartwig,gp_ucb,29002,89.4195,85.6598,10.5805,0,heldout,
real_buchwald_hartwig,llambo_warmstart_counter_source_acid_halide_reversal_noprior,29002,94.3462,93.8084,5.6538,0,heldout,
real_buchwald_hartwig,llambo_warmstart_selector,29002,94.3462,93.8084,5.6538,0,heldout,llambo_warmstart_counter_source_acid_halide_reversal_noprior
real_buchwald_hartwig,llm_calibrated_selector,29002,93.0289,81.1901,6.9711,0,heldout,llm_semantic_counter_source_acid_halide_reversal_noprior
real_buchwald_hartwig,llm_direct_prior_counter_source_acid_halide_reversal_noprior,29002,88.5139,86.8961,11.4861,0,heldout,
real_buchwald_hartwig,llm_direct_prior_selector,29002,88.5139,86.8961,11.4861,0,heldout,llm_direct_prior_counter_source_acid_halide_reversal_noprior
real_buchwald_hartwig,llm_semantic_counter_source_acid_halide_reversal_noprior,29002,93.0289,81.1901,6.9711,0,heldout,
real_buchwald_hartwig,mixed_kernel_gp_ei,29002,89.4195,85.6598,10.5805,0,heldout,
real_buchwald_hartwig,target_acquisition_portfolio,29002,89.4195,85.6598,10.5805,0,heldout,
real_buchwald_hartwig,care_strategy_router,29003,94.6911,89.1061,5.3089,0,heldout,llm_direct_prior_counter_source_acid_halide_reversal_noprior
real_buchwald_hartwig,gp_ucb,29003,86.6997,65.7274,13.3003,0,heldout,
real_buchwald_hartwig,llambo_warmstart_counter_source_acid_halide_reversal_noprior,29003,89.6142,89.6142,10.3858,0,heldout,
real_buchwald_hartwig,llambo_warmstart_selector,29003,89.6142,89.6142,10.3858,0,heldout,llambo_warmstart_counter_source_acid_halide_reversal_noprior
real_buchwald_hartwig,llm_calibrated_selector,29003,80.5828,68.4333,19.4172,0,heldout,llm_semantic_counter_source_acid_halide_reversal_noprior
real_buchwald_hartwig,llm_direct_prior_counter_source_acid_halide_reversal_noprior,29003,94.6911,89.1061,5.3089,0,heldout,
real_buchwald_hartwig,llm_direct_prior_selector,29003,94.6911,89.1061,5.3089,0,heldout,llm_direct_prior_counter_source_acid_halide_reversal_noprior
real_buchwald_hartwig,llm_semantic_counter_source_acid_halide_reversal_noprior,29003,80.5828,68.4333,19.4172,0,heldout,
real_buchwald_hartwig,mixed_kernel_gp_ei,29003,65.7347,59.763,34.2653,0,heldout,
real_buchwald_hartwig,target_acquisition_portfolio,29003,86.0741,71.8235,13.9259,0,heldout,
real_buchwald_hartwig,care_strategy_router,29004,100.0,96.8994,0.0,1,heldout,llm_direct_prior_counter_source_acid_halide_reversal_noprior
real_buchwald_hartwig,gp_ucb,29004,88.4464,88.4464,11.5536,0,heldout,
real_buchwald_hartwig,llambo_warmstart_counter_source_acid_halide_reversal_noprior,29004,94.8799,94.3996,5.1201,0,heldout,
real_buchwald_hartwig,llambo_warmstart_selector,29004,94.8799,94.3996,5.1201,0,heldout,llambo_warmstart_counter_source_acid_halide_reversal_noprior
real_buchwald_hartwig,llm_calibrated_selector,29004,88.4464,88.4464,11.5536,0,heldout,llm_semantic_counter_source_acid_halide_reversal_noprior
real_buchwald_hartwig,llm_direct_prior_counter_source_acid_halide_reversal_noprior,29004,100.0,96.8994,0.0,1,heldout,
real_buchwald_hartwig,llm_direct_prior_selector,29004,100.0,96.8994,0.0,1,heldout,llm_direct_prior_counter_source_acid_halide_reversal_noprior
real_buchwald_hartwig,llm_semantic_counter_source_acid_halide_reversal_noprior,29004,88.4464,88.4464,11.5536,0,heldout,
real_buchwald_hartwig,mixed_kernel_gp_ei,29004,100.0,89.6018,0.0,1,heldout,
real_buchwald_hartwig,target_acquisition_portfolio,29004,88.4464,88.4464,11.5536,0,heldout,
real_buchwald_hartwig,care_strategy_router,29005,97.5685,88.0102,2.4315,1,heldout,llm_direct_prior_counter_source_acid_halide_reversal_noprior
real_buchwald_hartwig,gp_ucb,29005,82.3289,80.8141,17.6711,0,heldout,
real_buchwald_hartwig,llambo_warmstart_counter_source_acid_halide_reversal_noprior,29005,93.3108,93.3108,6.6892,0,heldout,
real_buchwald_hartwig,llambo_warmstart_selector,29005,93.3108,93.3108,6.6892,0,heldout,llambo_warmstart_counter_source_acid_halide_reversal_noprior
real_buchwald_hartwig,llm_calibrated_selector,29005,84.602,82.5562,15.398,0,heldout,llm_semantic_counter_source_acid_halide_reversal_noprior
real_buchwald_hartwig,llm_direct_prior_counter_source_acid_halide_reversal_noprior,29005,97.5685,88.0102,2.4315,1,heldout,
real_buchwald_hartwig,llm_direct_prior_selector,29005,97.5685,88.0102,2.4315,1,heldout,llm_direct_prior_counter_source_acid_halide_reversal_noprior
real_buchwald_hartwig,llm_semantic_counter_source_acid_halide_reversal_noprior,29005,84.602,82.5562,15.398,0,heldout,
real_buchwald_hartwig,mixed_kernel_gp_ei,29005,82.3289,80.0567,17.6711,0,heldout,
real_buchwald_hartwig,target_acquisition_portfolio,29005,80.9041,77.4083,19.0959,0,heldout,
real_buchwald_hartwig,care_strategy_router,29006,100.0,89.8874,0.0,1,heldout,llm_direct_prior_counter_source_acid_halide_reversal_noprior
real_buchwald_hartwig,gp_ucb,29006,95.129,92.9975,4.871,0,heldout,
real_buchwald_hartwig,llambo_warmstart_counter_source_acid_halide_reversal_noprior,29006,96.1323,85.0328,3.8677,0,heldout,
real_buchwald_hartwig,llambo_warmstart_selector,29006,96.1323,85.0328,3.8677,0,heldout,llambo_warmstart_counter_source_acid_halide_reversal_noprior
real_buchwald_hartwig,llm_calibrated_selector,29006,80.6006,79.341,19.3994,0,heldout,llm_semantic_counter_source_acid_halide_reversal_noprior
real_buchwald_hartwig,llm_direct_prior_counter_source_acid_halide_reversal_noprior,29006,100.0,89.8874,0.0,1,heldout,
real_buchwald_hartwig,llm_direct_prior_selector,29006,100.0,89.8874,0.0,1,heldout,llm_direct_prior_counter_source_acid_halide_reversal_noprior
real_buchwald_hartwig,llm_semantic_counter_source_acid_halide_reversal_noprior,29006,80.6006,79.341,19.3994,0,heldout,
real_buchwald_hartwig,mixed_kernel_gp_ei,29006,95.129,92.9975,4.871,0,heldout,
real_buchwald_hartwig,target_acquisition_portfolio,29006,95.129,92.9975,4.871,0,heldout,
real_buchwald_hartwig,care_strategy_router,29007,100.0,85.8794,0.0,1,heldout,llm_direct_prior_counter_source_acid_halide_reversal_noprior
real_buchwald_hartwig,gp_ucb,29007,80.978,54.1349,19.022,0,heldout,
real_buchwald_hartwig,llambo_warmstart_counter_source_acid_halide_reversal_noprior,29007,91.2669,91.2669,8.7331,0,heldout,
real_buchwald_hartwig,llambo_warmstart_selector,29007,91.2669,91.2669,8.7331,0,heldout,llambo_warmstart_counter_source_acid_halide_reversal_noprior
real_buchwald_hartwig,llm_calibrated_selector,29007,98.2872,77.017,1.7128,1,heldout,llm_semantic_counter_source_acid_halide_reversal_noprior
real_buchwald_hartwig,llm_direct_prior_counter_source_acid_halide_reversal_noprior,29007,100.0,85.8794,0.0,1,heldout,
real_buchwald_hartwig,llm_direct_prior_selector,29007,100.0,85.8794,0.0,1,heldout,llm_direct_prior_counter_source_acid_halide_reversal_noprior
real_buchwald_hartwig,llm_semantic_counter_source_acid_halide_reversal_noprior,29007,98.2872,77.017,1.7128,1,heldout,
real_buchwald_hartwig,mixed_kernel_gp_ei,29007,80.978,55.7574,19.022,0,heldout,
real_buchwald_hartwig,target_acquisition_portfolio,29007,80.978,54.1349,19.022,0,heldout,
real_buchwald_hartwig,care_strategy_router,29008,100.0,90.7455,0.0,1,heldout,llm_direct_prior_counter_source_acid_halide_reversal_noprior
real_buchwald_hartwig,gp_ucb,29008,99.0345,81.4643,0.9655,1,heldout,
real_buchwald_hartwig,llambo_warmstart_counter_source_acid_halide_reversal_noprior,29008,89.4195,89.4195,10.5805,0,heldout,
real_buchwald_hartwig,llambo_warmstart_selector,29008,89.4195,89.4195,10.5805,0,heldout,llambo_warmstart_counter_source_acid_halide_reversal_noprior
real_buchwald_hartwig,llm_calibrated_selector,29008,89.5988,75.2539,10.4012,0,heldout,llm_semantic_counter_source_acid_halide_reversal_noprior
real_buchwald_hartwig,llm_direct_prior_counter_source_acid_halide_reversal_noprior,29008,100.0,90.7455,0.0,1,heldout,
real_buchwald_hartwig,llm_direct_prior_selector,29008,100.0,90.7455,0.0,1,heldout,llm_direct_prior_counter_source_acid_halide_reversal_noprior
real_buchwald_hartwig,llm_semantic_counter_source_acid_halide_reversal_noprior,29008,89.5988,75.2539,10.4012,0,heldout,
real_buchwald_hartwig,mixed_kernel_gp_ei,29008,95.7526,77.9865,4.2474,0,heldout,
real_buchwald_hartwig,target_acquisition_portfolio,29008,99.0345,81.4643,0.9655,1,heldout,
real_buchwald_hartwig,care_strategy_router,29009,93.4211,60.6614,6.5789,0,heldout,llm_direct_prior_counter_source_acid_halide_reversal_noprior
real_buchwald_hartwig,gp_ucb,29009,78.3625,65.9498,21.6375,0,heldout,
real_buchwald_hartwig,llambo_warmstart_counter_source_acid_halide_reversal_noprior,29009,95.7526,86.5772,4.2474,0,heldout,
real_buchwald_hartwig,llambo_warmstart_selector,29009,95.7526,86.5772,4.2474,0,heldout,llambo_warmstart_counter_source_acid_halide_reversal_noprior
real_buchwald_hartwig,llm_calibrated_selector,29009,83.4092,68.3527,16.5908,0,heldout,llm_semantic_counter_source_acid_halide_reversal_noprior
real_buchwald_hartwig,llm_direct_prior_counter_source_acid_halide_reversal_noprior,29009,93.4211,60.6614,6.5789,0,heldout,
real_buchwald_hartwig,llm_direct_prior_selector,29009,93.4211,60.6614,6.5789,0,heldout,llm_direct_prior_counter_source_acid_halide_reversal_noprior
real_buchwald_hartwig,llm_semantic_counter_source_acid_halide_reversal_noprior,29009,83.4092,68.3527,16.5908,0,heldout,
real_buchwald_hartwig,mixed_kernel_gp_ei,29009,94.6911,75.3959,5.3089,0,heldout,
real_buchwald_hartwig,target_acquisition_portfolio,29009,83.5994,66.4734,16.4006,0,heldout,
real_buchwald_hartwig,care_strategy_router,29010,94.6911,78.4697,5.3089,0,heldout,llm_direct_prior_counter_source_acid_halide_reversal_noprior
real_buchwald_hartwig,gp_ucb,29010,93.1012,77.239,6.8988,0,heldout,
real_buchwald_hartwig,llambo_warmstart_counter_source_acid_halide_reversal_noprior,29010,82.4636,80.6722,17.5364,0,heldout,
real_buchwald_hartwig,llambo_warmstart_selector,29010,82.4636,80.6722,17.5364,0,heldout,llambo_warmstart_counter_source_acid_halide_reversal_noprior
real_buchwald_hartwig,llm_calibrated_selector,29010,98.2872,80.1427,1.7128,1,heldout,llm_semantic_counter_source_acid_halide_reversal_noprior
real_buchwald_hartwig,llm_direct_prior_counter_source_acid_halide_reversal_noprior,29010,94.6911,78.4697,5.3089,0,heldout,
real_buchwald_hartwig,llm_direct_prior_selector,29010,94.6911,78.4697,5.3089,0,heldout,llm_direct_prior_counter_source_acid_halide_reversal_noprior
real_buchwald_hartwig,llm_semantic_counter_source_acid_halide_reversal_noprior,29010,98.2872,80.1427,1.7128,1,heldout,
real_buchwald_hartwig,mixed_kernel_gp_ei,29010,98.2872,62.6658,1.7128,1,heldout,
real_buchwald_hartwig,target_acquisition_portfolio,29010,86.9711,61.0828,13.0289,0,heldout,
real_buchwald_hartwig,care_strategy_router,29011,84.2019,74.783,15.7981,0,heldout,llm_direct_prior_counter_source_acid_halide_reversal_noprior
real_buchwald_hartwig,gp_ucb,29011,79.7664,77.351,20.2336,0,heldout,
real_buchwald_hartwig,llambo_warmstart_counter_source_acid_halide_reversal_noprior,29011,81.2283,81.2283,18.7717,0,heldout,
real_buchwald_hartwig,llambo_warmstart_selector,29011,81.2283,81.2283,18.7717,0,heldout,llambo_warmstart_counter_source_acid_halide_reversal_noprior
real_buchwald_hartwig,llm_calibrated_selector,29011,87.9408,83.8036,12.0592,0,heldout,llm_semantic_counter_source_acid_halide_reversal_noprior
real_buchwald_hartwig,llm_direct_prior_counter_source_acid_halide_reversal_noprior,29011,84.2019,74.783,15.7981,0,heldout,
real_buchwald_hartwig,llm_direct_prior_selector,29011,84.2019,74.783,15.7981,0,heldout,llm_direct_prior_counter_source_acid_halide_reversal_noprior
real_buchwald_hartwig,llm_semantic_counter_source_acid_halide_reversal_noprior,29011,87.9408,83.8036,12.0592,0,heldout,
real_buchwald_hartwig,mixed_kernel_gp_ei,29011,74.5985,73.0817,25.4015,0,heldout,
real_buchwald_hartwig,target_acquisition_portfolio,29011,74.5985,72.9382,25.4015,0,heldout,
real_buchwald_hartwig,care_strategy_router,29012,93.4211,78.0318,6.5789,0,heldout,llm_direct_prior_counter_source_acid_halide_reversal_noprior
real_buchwald_hartwig,gp_ucb,29012,45.0805,43.1602,54.9195,0,heldout,
real_buchwald_hartwig,llambo_warmstart_counter_source_acid_halide_reversal_noprior,29012,92.659,86.2718,7.341,0,heldout,
real_buchwald_hartwig,llambo_warmstart_selector,29012,92.659,86.2718,7.341,0,heldout,llambo_warmstart_counter_source_acid_halide_reversal_noprior
real_buchwald_hartwig,llm_calibrated_selector,29012,93.0289,67.6611,6.9711,0,heldout,llm_semantic_counter_source_acid_halide_reversal_noprior
real_buchwald_hartwig,llm_direct_prior_counter_source_acid_halide_reversal_noprior,29012,93.4211,78.0318,6.5789,0,heldout,
real_buchwald_hartwig,llm_direct_prior_selector,29012,93.4211,78.0318,6.5789,0,heldout,llm_direct_prior_counter_source_acid_halide_reversal_noprior
real_buchwald_hartwig,llm_semantic_counter_source_acid_halide_reversal_noprior,29012,93.0289,67.6611,6.9711,0,heldout,
real_buchwald_hartwig,mixed_kernel_gp_ei,29012,42.9468,42.9468,57.0532,0,heldout,
real_buchwald_hartwig,target_acquisition_portfolio,29012,55.5659,44.753,44.4341,0,heldout,
real_buchwald_hartwig,care_strategy_router,29013,93.4211,91.4091,6.5789,0,heldout,llm_direct_prior_counter_source_acid_halide_reversal_noprior
real_buchwald_hartwig,gp_ucb,29013,93.5878,91.5449,6.4122,0,heldout,
real_buchwald_hartwig,llambo_warmstart_counter_source_acid_halide_reversal_noprior,29013,98.1771,93.4233,1.8229,1,heldout,
real_buchwald_hartwig,llambo_warmstart_selector,29013,98.1771,93.4233,1.8229,1,heldout,llambo_warmstart_counter_source_acid_halide_reversal_noprior
real_buchwald_hartwig,llm_calibrated_selector,29013,87.2375,87.2375,12.7625,0,heldout,llm_semantic_counter_source_acid_halide_reversal_noprior
real_buchwald_hartwig,llm_direct_prior_counter_source_acid_halide_reversal_noprior,29013,93.4211,91.4091,6.5789,0,heldout,
real_buchwald_hartwig,llm_direct_prior_selector,29013,93.4211,91.4091,6.5789,0,heldout,llm_direct_prior_counter_source_acid_halide_reversal_noprior
real_buchwald_hartwig,llm_semantic_counter_source_acid_halide_reversal_noprior,29013,87.2375,87.2375,12.7625,0,heldout,
real_buchwald_hartwig,mixed_kernel_gp_ei,29013,93.5878,92.1799,6.4122,0,heldout,
real_buchwald_hartwig,target_acquisition_portfolio,29013,93.5878,91.5449,6.4122,0,heldout,
real_buchwald_hartwig,care_strategy_router,29014,88.5139,86.3301,11.4861,0,heldout,llm_direct_prior_counter_source_acid_halide_reversal_noprior
real_buchwald_hartwig,gp_ucb,29014,89.6142,78.3299,10.3858,0,heldout,
real_buchwald_hartwig,llambo_warmstart_counter_source_acid_halide_reversal_noprior,29014,96.1323,95.3132,3.8677,0,heldout,
real_buchwald_hartwig,llambo_warmstart_selector,29014,96.1323,95.3132,3.8677,0,heldout,llambo_warmstart_counter_source_acid_halide_reversal_noprior
real_buchwald_hartwig,llm_calibrated_selector,29014,86.4971,84.515,13.5029,0,heldout,llm_semantic_counter_source_acid_halide_reversal_noprior
real_buchwald_hartwig,llm_direct_prior_counter_source_acid_halide_reversal_noprior,29014,88.5139,86.3301,11.4861,0,heldout,
real_buchwald_hartwig,llm_direct_prior_selector,29014,88.5139,86.3301,11.4861,0,heldout,llm_direct_prior_counter_source_acid_halide_reversal_noprior
real_buchwald_hartwig,llm_semantic_counter_source_acid_halide_reversal_noprior,29014,86.4971,84.515,13.5029,0,heldout,
real_buchwald_hartwig,mixed_kernel_gp_ei,29014,89.6142,81.29,10.3858,0,heldout,
real_buchwald_hartwig,target_acquisition_portfolio,29014,89.6142,78.3299,10.3858,0,heldout,
real_buchwald_hartwig,care_strategy_router,29015,93.0995,93.0995,6.9005,0,heldout,llm_direct_prior_counter_source_acid_halide_reversal_noprior
real_buchwald_hartwig,gp_ucb,29015,93.3108,91.9581,6.6892,0,heldout,
real_buchwald_hartwig,llambo_warmstart_counter_source_acid_halide_reversal_noprior,29015,93.5878,73.7434,6.4122,0,heldout,
real_buchwald_hartwig,llambo_warmstart_selector,29015,93.5878,73.7434,6.4122,0,heldout,llambo_warmstart_counter_source_acid_halide_reversal_noprior
real_buchwald_hartwig,llm_calibrated_selector,29015,91.0563,91.0563,8.9437,0,heldout,llm_semantic_counter_source_acid_halide_reversal_noprior
real_buchwald_hartwig,llm_direct_prior_counter_source_acid_halide_reversal_noprior,29015,93.0995,93.0995,6.9005,0,heldout,
real_buchwald_hartwig,llm_direct_prior_selector,29015,93.0995,93.0995,6.9005,0,heldout,llm_direct_prior_counter_source_acid_halide_reversal_noprior
real_buchwald_hartwig,llm_semantic_counter_source_acid_halide_reversal_noprior,29015,91.0563,91.0563,8.9437,0,heldout,
real_buchwald_hartwig,mixed_kernel_gp_ei,29015,93.3108,91.7326,6.6892,0,heldout,
real_buchwald_hartwig,target_acquisition_portfolio,29015,93.3108,91.9581,6.6892,0,heldout,
real_buchwald_hartwig,care_strategy_router,29016,98.7313,98.7313,1.2687,1,heldout,llm_direct_prior_counter_source_acid_halide_reversal_noprior
real_buchwald_hartwig,gp_ucb,29016,92.8977,79.2462,7.1023,0,heldout,
real_buchwald_hartwig,llambo_warmstart_counter_source_acid_halide_reversal_noprior,29016,96.5912,96.5912,3.4088,0,heldout,
real_buchwald_hartwig,llambo_warmstart_selector,29016,96.5912,96.5912,3.4088,0,heldout,llambo_warmstart_counter_source_acid_halide_reversal_noprior
real_buchwald_hartwig,llm_calibrated_selector,29016,93.0289,82.2379,6.9711,0,heldout,llm_semantic_counter_source_acid_halide_reversal_noprior
real_buchwald_hartwig,llm_direct_prior_counter_source_acid_halide_reversal_noprior,29016,98.7313,98.7313,1.2687,1,heldout,
real_buchwald_hartwig,llm_direct_prior_selector,29016,98.7313,98.7313,1.2687,1,heldout,llm_direct_prior_counter_source_acid_halide_reversal_noprior
real_buchwald_hartwig,llm_semantic_counter_source_acid_halide_reversal_noprior,29016,93.0289,82.2379,6.9711,0,heldout,
real_buchwald_hartwig,mixed_kernel_gp_ei,29016,92.8977,78.9039,7.1023,0,heldout,
real_buchwald_hartwig,target_acquisition_portfolio,29016,92.8977,79.5886,7.1023,0,heldout,
real_buchwald_hartwig,care_strategy_router,29017,88.5139,77.6605,11.4861,0,heldout,llm_direct_prior_counter_source_acid_halide_reversal_noprior
real_buchwald_hartwig,gp_ucb,29017,85.4018,80.9087,14.5982,0,heldout,
real_buchwald_hartwig,llambo_warmstart_counter_source_acid_halide_reversal_noprior,29017,93.4211,91.7896,6.5789,0,heldout,
real_buchwald_hartwig,llambo_warmstart_selector,29017,93.4211,91.7896,6.5789,0,heldout,llambo_warmstart_counter_source_acid_halide_reversal_noprior
real_buchwald_hartwig,llm_calibrated_selector,29017,88.5139,78.1377,11.4861,0,heldout,llm_semantic_counter_source_acid_halide_reversal_noprior
real_buchwald_hartwig,llm_direct_prior_counter_source_acid_halide_reversal_noprior,29017,88.5139,77.6605,11.4861,0,heldout,
real_buchwald_hartwig,llm_direct_prior_selector,29017,88.5139,77.6605,11.4861,0,heldout,llm_direct_prior_counter_source_acid_halide_reversal_noprior
real_buchwald_hartwig,llm_semantic_counter_source_acid_halide_reversal_noprior,29017,88.5139,78.1377,11.4861,0,heldout,
real_buchwald_hartwig,mixed_kernel_gp_ei,29017,89.4195,81.5232,10.5805,0,heldout,
real_buchwald_hartwig,target_acquisition_portfolio,29017,89.4195,81.5232,10.5805,0,heldout,
real_buchwald_hartwig,care_strategy_router,29018,94.1517,94.1517,5.8483,0,heldout,llm_direct_prior_counter_source_acid_halide_reversal_noprior
real_buchwald_hartwig,gp_ucb,29018,95.6759,94.3041,4.3241,0,heldout,
real_buchwald_hartwig,llambo_warmstart_counter_source_acid_halide_reversal_noprior,29018,86.1051,81.511,13.8949,0,heldout,
real_buchwald_hartwig,llambo_warmstart_selector,29018,86.1051,81.511,13.8949,0,heldout,llambo_warmstart_counter_source_acid_halide_reversal_noprior
real_buchwald_hartwig,llm_calibrated_selector,29018,100.0,95.3214,0.0,1,heldout,llm_semantic_counter_source_acid_halide_reversal_noprior
real_buchwald_hartwig,llm_direct_prior_counter_source_acid_halide_reversal_noprior,29018,94.1517,94.1517,5.8483,0,heldout,
real_buchwald_hartwig,llm_direct_prior_selector,29018,94.1517,94.1517,5.8483,0,heldout,llm_direct_prior_counter_source_acid_halide_reversal_noprior
real_buchwald_hartwig,llm_semantic_counter_source_acid_halide_reversal_noprior,29018,100.0,95.3214,0.0,1,heldout,
real_buchwald_hartwig,mixed_kernel_gp_ei,29018,95.6759,94.3041,4.3241,0,heldout,
real_buchwald_hartwig,target_acquisition_portfolio,29018,95.6759,94.3041,4.3241,0,heldout,
real_buchwald_hartwig,care_strategy_router,29019,88.5139,87.5419,11.4861,0,heldout,llm_direct_prior_counter_source_acid_halide_reversal_noprior
real_buchwald_hartwig,gp_ucb,29019,89.6142,88.9952,10.3858,0,heldout,
real_buchwald_hartwig,llambo_warmstart_counter_source_acid_halide_reversal_noprior,29019,86.7621,84.5937,13.2379,0,heldout,
real_buchwald_hartwig,llambo_warmstart_selector,29019,86.7621,84.5937,13.2379,0,heldout,llambo_warmstart_counter_source_acid_halide_reversal_noprior
real_buchwald_hartwig,llm_calibrated_selector,29019,76.7953,73.0029,23.2047,0,heldout,llm_semantic_counter_source_acid_halide_reversal_noprior
real_buchwald_hartwig,llm_direct_prior_counter_source_acid_halide_reversal_noprior,29019,88.5139,87.5419,11.4861,0,heldout,
real_buchwald_hartwig,llm_direct_prior_selector,29019,88.5139,87.5419,11.4861,0,heldout,llm_direct_prior_counter_source_acid_halide_reversal_noprior
real_buchwald_hartwig,llm_semantic_counter_source_acid_halide_reversal_noprior,29019,76.7953,73.0029,23.2047,0,heldout,
real_buchwald_hartwig,mixed_kernel_gp_ei,29019,89.6142,88.9952,10.3858,0,heldout,
real_buchwald_hartwig,target_acquisition_portfolio,29019,89.6142,88.9952,10.3858,0,heldout,
real_buchwald_hartwig,care_strategy_router,29020,100.0,94.0097,0.0,1,heldout,llm_direct_prior_counter_source_acid_halide_reversal_noprior
real_buchwald_hartwig,gp_ucb,29020,95.7526,92.7952,4.2474,0,heldout,
real_buchwald_hartwig,llambo_warmstart_counter_source_acid_halide_reversal_noprior,29020,93.7486,91.8281,6.2514,0,heldout,
real_buchwald_hartwig,llambo_warmstart_selector,29020,93.7486,91.8281,6.2514,0,heldout,llambo_warmstart_counter_source_acid_halide_reversal_noprior
real_buchwald_hartwig,llm_calibrated_selector,29020,86.5976,79.5319,13.4024,0,heldout,llm_semantic_counter_source_acid_halide_reversal_noprior
real_buchwald_hartwig,llm_direct_prior_counter_source_acid_halide_reversal_noprior,29020,100.0,94.0097,0.0,1,heldout,
real_buchwald_hartwig,llm_direct_prior_selector,29020,100.0,94.0097,0.0,1,heldout,llm_direct_prior_counter_source_acid_halide_reversal_noprior
real_buchwald_hartwig,llm_semantic_counter_source_acid_halide_reversal_noprior,29020,86.5976,79.5319,13.4024,0,heldout,
real_buchwald_hartwig,mixed_kernel_gp_ei,29020,94.1517,89.1975,5.8483,0,heldout,
real_buchwald_hartwig,target_acquisition_portfolio,29020,95.6759,91.7634,4.3241,0,heldout,
real_buchwald_hartwig,care_strategy_router,29021,97.5685,93.7471,2.4315,1,heldout,llm_direct_prior_counter_source_acid_halide_reversal_noprior
real_buchwald_hartwig,gp_ucb,29021,85.5341,80.2188,14.4659,0,heldout,
real_buchwald_hartwig,llambo_warmstart_counter_source_acid_halide_reversal_noprior,29021,92.1197,82.088,7.8803,0,heldout,
real_buchwald_hartwig,llambo_warmstart_selector,29021,92.1197,82.088,7.8803,0,heldout,llambo_warmstart_counter_source_acid_halide_reversal_noprior
real_buchwald_hartwig,llm_calibrated_selector,29021,91.3906,87.0237,8.6094,0,heldout,llm_semantic_counter_source_acid_halide_reversal_noprior
real_buchwald_hartwig,llm_direct_prior_counter_source_acid_halide_reversal_noprior,29021,97.5685,93.7471,2.4315,1,heldout,
real_buchwald_hartwig,llm_direct_prior_selector,29021,97.5685,93.7471,2.4315,1,heldout,llm_direct_prior_counter_source_acid_halide_reversal_noprior
real_buchwald_hartwig,llm_semantic_counter_source_acid_halide_reversal_noprior,29021,91.3906,87.0237,8.6094,0,heldout,
real_buchwald_hartwig,mixed_kernel_gp_ei,29021,85.5341,79.5424,14.4659,0,heldout,
real_buchwald_hartwig,target_acquisition_portfolio,29021,86.2002,78.7391,13.7998,0,heldout,
real_buchwald_hartwig,care_strategy_router,29022,93.3108,86.8133,6.6892,0,heldout,llm_direct_prior_counter_source_acid_halide_reversal_noprior
real_buchwald_hartwig,gp_ucb,29022,95.7526,88.1907,4.2474,0,heldout,
real_buchwald_hartwig,llambo_warmstart_counter_source_acid_halide_reversal_noprior,29022,92.659,92.1894,7.341,0,heldout,
real_buchwald_hartwig,llambo_warmstart_selector,29022,92.659,92.1894,7.341,0,heldout,llambo_warmstart_counter_source_acid_halide_reversal_noprior
real_buchwald_hartwig,llm_calibrated_selector,29022,91.511,85.6579,8.489,0,heldout,llm_semantic_counter_source_acid_halide_reversal_noprior
real_buchwald_hartwig,llm_direct_prior_counter_source_acid_halide_reversal_noprior,29022,93.3108,86.8133,6.6892,0,heldout,
real_buchwald_hartwig,llm_direct_prior_selector,29022,93.3108,86.8133,6.6892,0,heldout,llm_direct_prior_counter_source_acid_halide_reversal_noprior
real_buchwald_hartwig,llm_semantic_counter_source_acid_halide_reversal_noprior,29022,91.511,85.6579,8.489,0,heldout,
real_buchwald_hartwig,mixed_kernel_gp_ei,29022,99.0345,92.0241,0.9655,1,heldout,
real_buchwald_hartwig,target_acquisition_portfolio,29022,98.8492,88.8101,1.1508,1,heldout,
real_buchwald_hartwig,care_strategy_router,29023,93.4211,74.9278,6.5789,0,heldout,llm_direct_prior_counter_source_acid_halide_reversal_noprior
real_buchwald_hartwig,gp_ucb,29023,91.4851,55.841,8.5149,0,heldout,
real_buchwald_hartwig,llambo_warmstart_counter_source_acid_halide_reversal_noprior,29023,100.0,93.878,0.0,1,heldout,
real_buchwald_hartwig,llambo_warmstart_selector,29023,100.0,93.878,0.0,1,heldout,llambo_warmstart_counter_source_acid_halide_reversal_noprior
real_buchwald_hartwig,llm_calibrated_selector,29023,83.9556,61.6478,16.0444,0,heldout,llm_semantic_counter_source_acid_halide_reversal_noprior
real_buchwald_hartwig,llm_direct_prior_counter_source_acid_halide_reversal_noprior,29023,93.4211,74.9278,6.5789,0,heldout,
real_buchwald_hartwig,llm_direct_prior_selector,29023,93.4211,74.9278,6.5789,0,heldout,llm_direct_prior_counter_source_acid_halide_reversal_noprior
real_buchwald_hartwig,llm_semantic_counter_source_acid_halide_reversal_noprior,29023,83.9556,61.6478,16.0444,0,heldout,
real_buchwald_hartwig,mixed_kernel_gp_ei,29023,50.1363,47.0018,49.8637,0,heldout,
real_buchwald_hartwig,target_acquisition_portfolio,29023,92.9567,64.1683,7.0433,0,heldout,
real_buchwald_hartwig,care_strategy_router,29024,92.7237,86.4299,7.2763,0,heldout,llm_direct_prior_counter_source_acid_halide_reversal_noprior
real_buchwald_hartwig,gp_ucb,29024,85.8123,81.6202,14.1877,0,heldout,
real_buchwald_hartwig,llambo_warmstart_counter_source_acid_halide_reversal_noprior,29024,89.5592,89.5592,10.4408,0,heldout,
real_buchwald_hartwig,llambo_warmstart_selector,29024,89.5592,89.5592,10.4408,0,heldout,llambo_warmstart_counter_source_acid_halide_reversal_noprior
real_buchwald_hartwig,llm_calibrated_selector,29024,93.8745,77.4557,6.1255,0,heldout,llm_semantic_counter_source_acid_halide_reversal_noprior
real_buchwald_hartwig,llm_direct_prior_counter_source_acid_halide_reversal_noprior,29024,92.7237,86.4299,7.2763,0,heldout,
real_buchwald_hartwig,llm_direct_prior_selector,29024,92.7237,86.4299,7.2763,0,heldout,llm_direct_prior_counter_source_acid_halide_reversal_noprior
real_buchwald_hartwig,llm_semantic_counter_source_acid_halide_reversal_noprior,29024,93.8745,77.4557,6.1255,0,heldout,
real_buchwald_hartwig,mixed_kernel_gp_ei,29024,85.8123,81.6202,14.1877,0,heldout,
real_buchwald_hartwig,target_acquisition_portfolio,29024,85.8123,81.6202,14.1877,0,heldout,
real_buchwald_hartwig,care_strategy_router,29025,99.0345,99.0345,0.9655,1,heldout,llm_direct_prior_counter_source_acid_halide_reversal_noprior
real_buchwald_hartwig,gp_ucb,29025,99.6191,99.3268,0.3809,1,heldout,
real_buchwald_hartwig,llambo_warmstart_counter_source_acid_halide_reversal_noprior,29025,92.9567,88.667,7.0433,0,heldout,
real_buchwald_hartwig,llambo_warmstart_selector,29025,92.9567,88.667,7.0433,0,heldout,llambo_warmstart_counter_source_acid_halide_reversal_noprior
real_buchwald_hartwig,llm_calibrated_selector,29025,99.0345,99.0345,0.9655,1,heldout,llm_semantic_counter_source_acid_halide_reversal_noprior
real_buchwald_hartwig,llm_direct_prior_counter_source_acid_halide_reversal_noprior,29025,99.0345,99.0345,0.9655,1,heldout,
real_buchwald_hartwig,llm_direct_prior_selector,29025,99.0345,99.0345,0.9655,1,heldout,llm_direct_prior_counter_source_acid_halide_reversal_noprior
real_buchwald_hartwig,llm_semantic_counter_source_acid_halide_reversal_noprior,29025,99.0345,99.0345,0.9655,1,heldout,
real_buchwald_hartwig,mixed_kernel_gp_ei,29025,100.0,99.6138,0.0,1,heldout,
real_buchwald_hartwig,target_acquisition_portfolio,29025,99.6191,99.2683,0.3809,1,heldout,
real_buchwald_hartwig,care_strategy_router,29026,88.5139,73.2996,11.4861,0,heldout,llm_direct_prior_counter_source_acid_halide_reversal_noprior
real_buchwald_hartwig,gp_ucb,29026,98.1771,82.6502,1.8229,1,heldout,
real_buchwald_hartwig,llambo_warmstart_counter_source_acid_halide_reversal_noprior,29026,93.0326,88.9378,6.9674,0,heldout,
real_buchwald_hartwig,llambo_warmstart_selector,29026,93.0326,88.9378,6.9674,0,heldout,llambo_warmstart_counter_source_acid_halide_reversal_noprior
real_buchwald_hartwig,llm_calibrated_selector,29026,86.7621,71.4936,13.2379,0,heldout,llm_semantic_counter_source_acid_halide_reversal_noprior
real_buchwald_hartwig,llm_direct_prior_counter_source_acid_halide_reversal_noprior,29026,88.5139,73.2996,11.4861,0,heldout,
real_buchwald_hartwig,llm_direct_prior_selector,29026,88.5139,73.2996,11.4861,0,heldout,llm_direct_prior_counter_source_acid_halide_reversal_noprior
real_buchwald_hartwig,llm_semantic_counter_source_acid_halide_reversal_noprior,29026,86.7621,71.4936,13.2379,0,heldout,
real_buchwald_hartwig,mixed_kernel_gp_ei,29026,98.1771,82.6502,1.8229,1,heldout,
real_buchwald_hartwig,target_acquisition_portfolio,29026,98.1771,82.6502,1.8229,1,heldout,
real_buchwald_hartwig,care_strategy_router,29027,100.0,86.835,0.0,1,heldout,llm_direct_prior_counter_source_acid_halide_reversal_noprior
real_buchwald_hartwig,gp_ucb,29027,83.3036,69.2593,16.6964,0,heldout,
real_buchwald_hartwig,llambo_warmstart_counter_source_acid_halide_reversal_noprior,29027,98.2872,94.7146,1.7128,1,heldout,
real_buchwald_hartwig,llambo_warmstart_selector,29027,98.2872,94.7146,1.7128,1,heldout,llambo_warmstart_counter_source_acid_halide_reversal_noprior
real_buchwald_hartwig,llm_calibrated_selector,29027,73.9505,66.9252,26.0495,0,heldout,llm_semantic_counter_source_acid_halide_reversal_noprior
real_buchwald_hartwig,llm_direct_prior_counter_source_acid_halide_reversal_noprior,29027,100.0,86.835,0.0,1,heldout,
real_buchwald_hartwig,llm_direct_prior_selector,29027,100.0,86.835,0.0,1,heldout,llm_direct_prior_counter_source_acid_halide_reversal_noprior
real_buchwald_hartwig,llm_semantic_counter_source_acid_halide_reversal_noprior,29027,73.9505,66.9252,26.0495,0,heldout,
real_buchwald_hartwig,mixed_kernel_gp_ei,29027,80.9063,69.8814,19.0937,0,heldout,
real_buchwald_hartwig,target_acquisition_portfolio,29027,66.1446,66.1446,33.8554,0,heldout,
real_buchwald_hartwig,care_strategy_router,29028,97.5685,91.6081,2.4315,1,heldout,llm_direct_prior_counter_source_acid_halide_reversal_noprior
real_buchwald_hartwig,gp_ucb,29028,97.2929,91.6291,2.7071,0,heldout,
real_buchwald_hartwig,llambo_warmstart_counter_source_acid_halide_reversal_noprior,29028,93.5878,88.7717,6.4122,0,heldout,
real_buchwald_hartwig,llambo_warmstart_selector,29028,93.5878,88.7717,6.4122,0,heldout,llambo_warmstart_counter_source_acid_halide_reversal_noprior
real_buchwald_hartwig,llm_calibrated_selector,29028,92.3538,92.2237,7.6462,0,heldout,llm_semantic_counter_source_acid_halide_reversal_noprior
real_buchwald_hartwig,llm_direct_prior_counter_source_acid_halide_reversal_noprior,29028,97.5685,91.6081,2.4315,1,heldout,
real_buchwald_hartwig,llm_direct_prior_selector,29028,97.5685,91.6081,2.4315,1,heldout,llm_direct_prior_counter_source_acid_halide_reversal_noprior
real_buchwald_hartwig,llm_semantic_counter_source_acid_halide_reversal_noprior,29028,92.3538,92.2237,7.6462,0,heldout,
real_buchwald_hartwig,mixed_kernel_gp_ei,29028,97.2929,93.2086,2.7071,0,heldout,
real_buchwald_hartwig,target_acquisition_portfolio,29028,96.5912,93.2853,3.4088,0,heldout,
real_buchwald_hartwig,care_strategy_router,29029,93.4211,93.4211,6.5789,0,heldout,llm_direct_prior_counter_source_acid_halide_reversal_noprior
real_buchwald_hartwig,gp_ucb,29029,94.8799,94.8799,5.1201,0,heldout,
real_buchwald_hartwig,llambo_warmstart_counter_source_acid_halide_reversal_noprior,29029,96.1323,86.2203,3.8677,0,heldout,
real_buchwald_hartwig,llambo_warmstart_selector,29029,96.1323,86.2203,3.8677,0,heldout,llambo_warmstart_counter_source_acid_halide_reversal_noprior
real_buchwald_hartwig,llm_calibrated_selector,29029,97.5685,93.3095,2.4315,1,heldout,llm_semantic_counter_source_acid_halide_reversal_noprior
real_buchwald_hartwig,llm_direct_prior_counter_source_acid_halide_reversal_noprior,29029,93.4211,93.4211,6.5789,0,heldout,
real_buchwald_hartwig,llm_direct_prior_selector,29029,93.4211,93.4211,6.5789,0,heldout,llm_direct_prior_counter_source_acid_halide_reversal_noprior
real_buchwald_hartwig,llm_semantic_counter_source_acid_halide_reversal_noprior,29029,97.5685,93.3095,2.4315,1,heldout,
real_buchwald_hartwig,mixed_kernel_gp_ei,29029,94.8799,94.8799,5.1201,0,heldout,
real_buchwald_hartwig,target_acquisition_portfolio,29029,94.8799,94.8799,5.1201,0,heldout,
real_buchwald_hartwig,care_strategy_router,29030,100.0,88.3379,0.0,1,heldout,llm_direct_prior_counter_source_acid_halide_reversal_noprior
real_buchwald_hartwig,gp_ucb,29030,92.3538,85.5373,7.6462,0,heldout,
real_buchwald_hartwig,llambo_warmstart_counter_source_acid_halide_reversal_noprior,29030,86.0741,86.0741,13.9259,0,heldout,
real_buchwald_hartwig,llambo_warmstart_selector,29030,86.0741,86.0741,13.9259,0,heldout,llambo_warmstart_counter_source_acid_halide_reversal_noprior
real_buchwald_hartwig,llm_calibrated_selector,29030,70.5804,65.5122,29.4196,0,heldout,llm_semantic_counter_source_acid_halide_reversal_noprior
real_buchwald_hartwig,llm_direct_prior_counter_source_acid_halide_reversal_noprior,29030,100.0,88.3379,0.0,1,heldout,
real_buchwald_hartwig,llm_direct_prior_selector,29030,100.0,88.3379,0.0,1,heldout,llm_direct_prior_counter_source_acid_halide_reversal_noprior
real_buchwald_hartwig,llm_semantic_counter_source_acid_halide_reversal_noprior,29030,70.5804,65.5122,29.4196,0,heldout,
real_buchwald_hartwig,mixed_kernel_gp_ei,29030,95.6759,80.8936,4.3241,0,heldout,
real_buchwald_hartwig,target_acquisition_portfolio,29030,95.6759,80.9857,4.3241,0,heldout,
real_buchwald_hartwig,care_strategy_router,29031,94.6911,92.7,5.3089,0,heldout,llm_direct_prior_counter_source_acid_halide_reversal_noprior
real_buchwald_hartwig,gp_ucb,29031,94.5498,94.54,5.4502,0,heldout,
real_buchwald_hartwig,llambo_warmstart_counter_source_acid_halide_reversal_noprior,29031,89.8977,83.2112,10.1023,0,heldout,
real_buchwald_hartwig,llambo_warmstart_selector,29031,89.8977,83.2112,10.1023,0,heldout,llambo_warmstart_counter_source_acid_halide_reversal_noprior
real_buchwald_hartwig,llm_calibrated_selector,29031,86.7621,82.1025,13.2379,0,heldout,llm_semantic_counter_source_acid_halide_reversal_noprior
real_buchwald_hartwig,llm_direct_prior_counter_source_acid_halide_reversal_noprior,29031,94.6911,92.7,5.3089,0,heldout,
real_buchwald_hartwig,llm_direct_prior_selector,29031,94.6911,92.7,5.3089,0,heldout,llm_direct_prior_counter_source_acid_halide_reversal_noprior
real_buchwald_hartwig,llm_semantic_counter_source_acid_halide_reversal_noprior,29031,86.7621,82.1025,13.2379,0,heldout,
real_buchwald_hartwig,mixed_kernel_gp_ei,29031,94.5498,94.5352,5.4502,0,heldout,
real_buchwald_hartwig,target_acquisition_portfolio,29031,94.5498,94.54,5.4502,0,heldout,
real_buchwald_hartwig,care_strategy_router,29032,98.7313,98.7313,1.2687,1,heldout,llm_direct_prior_counter_source_acid_halide_reversal_noprior
real_buchwald_hartwig,gp_ucb,29032,89.4741,87.6389,10.5259,0,heldout,
real_buchwald_hartwig,llambo_warmstart_counter_source_acid_halide_reversal_noprior,29032,94.5498,94.5498,5.4502,0,heldout,
real_buchwald_hartwig,llambo_warmstart_selector,29032,94.5498,94.5498,5.4502,0,heldout,llambo_warmstart_counter_source_acid_halide_reversal_noprior
real_buchwald_hartwig,llm_calibrated_selector,29032,98.2872,79.7347,1.7128,1,heldout,llm_semantic_counter_source_acid_halide_reversal_noprior
real_buchwald_hartwig,llm_direct_prior_counter_source_acid_halide_reversal_noprior,29032,98.7313,98.7313,1.2687,1,heldout,
real_buchwald_hartwig,llm_direct_prior_selector,29032,98.7313,98.7313,1.2687,1,heldout,llm_direct_prior_counter_source_acid_halide_reversal_noprior
real_buchwald_hartwig,llm_semantic_counter_source_acid_halide_reversal_noprior,29032,98.2872,79.7347,1.7128,1,heldout,
real_buchwald_hartwig,mixed_kernel_gp_ei,29032,92.1307,88.13,7.8693,0,heldout,
real_buchwald_hartwig,target_acquisition_portfolio,29032,86.4154,86.4154,13.5846,0,heldout,
real_buchwald_hartwig,care_strategy_router,29033,100.0,100.0,0.0,1,heldout,llm_direct_prior_counter_source_acid_halide_reversal_noprior
real_buchwald_hartwig,gp_ucb,29033,100.0,100.0,0.0,1,heldout,
real_buchwald_hartwig,llambo_warmstart_counter_source_acid_halide_reversal_noprior,29033,82.3289,82.0405,17.6711,0,heldout,
real_buchwald_hartwig,llambo_warmstart_selector,29033,82.3289,82.0405,17.6711,0,heldout,llambo_warmstart_counter_source_acid_halide_reversal_noprior
real_buchwald_hartwig,llm_calibrated_selector,29033,100.0,100.0,0.0,1,heldout,llm_semantic_counter_source_acid_halide_reversal_noprior
real_buchwald_hartwig,llm_direct_prior_counter_source_acid_halide_reversal_noprior,29033,100.0,100.0,0.0,1,heldout,
real_buchwald_hartwig,llm_direct_prior_selector,29033,100.0,100.0,0.0,1,heldout,llm_direct_prior_counter_source_acid_halide_reversal_noprior
real_buchwald_hartwig,llm_semantic_counter_source_acid_halide_reversal_noprior,29033,100.0,100.0,0.0,1,heldout,
real_buchwald_hartwig,mixed_kernel_gp_ei,29033,100.0,100.0,0.0,1,heldout,
real_buchwald_hartwig,target_acquisition_portfolio,29033,100.0,100.0,0.0,1,heldout,
real_buchwald_hartwig,care_strategy_router,29034,100.0,82.0438,0.0,1,heldout,llm_direct_prior_counter_source_acid_halide_reversal_noprior
real_buchwald_hartwig,gp_ucb,29034,53.335,50.5169,46.665,0,heldout,
real_buchwald_hartwig,llambo_warmstart_counter_source_acid_halide_reversal_noprior,29034,95.7526,82.6691,4.2474,0,heldout,
real_buchwald_hartwig,llambo_warmstart_selector,29034,95.7526,82.6691,4.2474,0,heldout,llambo_warmstart_counter_source_acid_halide_reversal_noprior
real_buchwald_hartwig,llm_calibrated_selector,29034,81.5694,71.5318,18.4306,0,heldout,llm_semantic_counter_source_acid_halide_reversal_noprior
real_buchwald_hartwig,llm_direct_prior_counter_source_acid_halide_reversal_noprior,29034,100.0,82.0438,0.0,1,heldout,
real_buchwald_hartwig,llm_direct_prior_selector,29034,100.0,82.0438,0.0,1,heldout,llm_direct_prior_counter_source_acid_halide_reversal_noprior
real_buchwald_hartwig,llm_semantic_counter_source_acid_halide_reversal_noprior,29034,81.5694,71.5318,18.4306,0,heldout,
real_buchwald_hartwig,mixed_kernel_gp_ei,29034,57.5399,52.4046,42.4601,0,heldout,
real_buchwald_hartwig,target_acquisition_portfolio,29034,50.2101,50.2051,49.7899,0,heldout,
real_buchwald_hartwig,care_strategy_router,29035,80.8096,80.3603,19.1904,0,heldout,llm_direct_prior_counter_source_acid_halide_reversal_noprior
real_buchwald_hartwig,gp_ucb,29035,90.9905,88.8129,9.0095,0,heldout,
real_buchwald_hartwig,llambo_warmstart_counter_source_acid_halide_reversal_noprior,29035,93.0995,82.9063,6.9005,0,heldout,
real_buchwald_hartwig,llambo_warmstart_selector,29035,93.0995,82.9063,6.9005,0,heldout,llambo_warmstart_counter_source_acid_halide_reversal_noprior
real_buchwald_hartwig,llm_calibrated_selector,29035,98.1771,84.5795,1.8229,1,heldout,llm_semantic_counter_source_acid_halide_reversal_noprior
real_buchwald_hartwig,llm_direct_prior_counter_source_acid_halide_reversal_noprior,29035,80.8096,80.3603,19.1904,0,heldout,
real_buchwald_hartwig,llm_direct_prior_selector,29035,80.8096,80.3603,19.1904,0,heldout,llm_direct_prior_counter_source_acid_halide_reversal_noprior
real_buchwald_hartwig,llm_semantic_counter_source_acid_halide_reversal_noprior,29035,98.1771,84.5795,1.8229,1,heldout,
real_buchwald_hartwig,mixed_kernel_gp_ei,29035,98.8492,92.2149,1.1508,1,heldout,
real_buchwald_hartwig,target_acquisition_portfolio,29035,90.9905,88.8129,9.0095,0,heldout,
real_buchwald_hartwig,care_strategy_router,29036,100.0,90.2318,0.0,1,heldout,llm_direct_prior_counter_source_acid_halide_reversal_noprior
real_buchwald_hartwig,gp_ucb,29036,100.0,93.4885,0.0,1,heldout,
real_buchwald_hartwig,llambo_warmstart_counter_source_acid_halide_reversal_noprior,29036,100.0,88.0149,0.0,1,heldout,
real_buchwald_hartwig,llambo_warmstart_selector,29036,100.0,88.0149,0.0,1,heldout,llambo_warmstart_counter_source_acid_halide_reversal_noprior
real_buchwald_hartwig,llm_calibrated_selector,29036,100.0,97.2583,0.0,1,heldout,llm_semantic_counter_source_acid_halide_reversal_noprior
real_buchwald_hartwig,llm_direct_prior_counter_source_acid_halide_reversal_noprior,29036,100.0,90.2318,0.0,1,heldout,
real_buchwald_hartwig,llm_direct_prior_selector,29036,100.0,90.2318,0.0,1,heldout,llm_direct_prior_counter_source_acid_halide_reversal_noprior
real_buchwald_hartwig,llm_semantic_counter_source_acid_halide_reversal_noprior,29036,100.0,97.2583,0.0,1,heldout,
real_buchwald_hartwig,mixed_kernel_gp_ei,29036,100.0,91.433,0.0,1,heldout,
real_buchwald_hartwig,target_acquisition_portfolio,29036,100.0,93.4885,0.0,1,heldout,
real_buchwald_hartwig,care_strategy_router,29037,93.0289,85.0837,6.9711,0,heldout,llm_direct_prior_counter_source_acid_halide_reversal_noprior
real_buchwald_hartwig,gp_ucb,29037,66.4828,57.8463,33.5172,0,heldout,
real_buchwald_hartwig,llambo_warmstart_counter_source_acid_halide_reversal_noprior,29037,99.6191,84.929,0.3809,1,heldout,
real_buchwald_hartwig,llambo_warmstart_selector,29037,99.6191,84.929,0.3809,1,heldout,llambo_warmstart_counter_source_acid_halide_reversal_noprior
real_buchwald_hartwig,llm_calibrated_selector,29037,84.4042,58.3749,15.5958,0,heldout,llm_semantic_counter_source_acid_halide_reversal_noprior
real_buchwald_hartwig,llm_direct_prior_counter_source_acid_halide_reversal_noprior,29037,93.0289,85.0837,6.9711,0,heldout,
real_buchwald_hartwig,llm_direct_prior_selector,29037,93.0289,85.0837,6.9711,0,heldout,llm_direct_prior_counter_source_acid_halide_reversal_noprior
real_buchwald_hartwig,llm_semantic_counter_source_acid_halide_reversal_noprior,29037,84.4042,58.3749,15.5958,0,heldout,
real_buchwald_hartwig,mixed_kernel_gp_ei,29037,50.8377,46.9339,49.1623,0,heldout,
real_buchwald_hartwig,target_acquisition_portfolio,29037,66.4828,56.9243,33.5172,0,heldout,
real_buchwald_hartwig,care_strategy_router,29038,98.7313,94.7265,1.2687,1,heldout,llm_direct_prior_counter_source_acid_halide_reversal_noprior
real_buchwald_hartwig,gp_ucb,29038,95.5552,93.9003,4.4448,0,heldout,
real_buchwald_hartwig,llambo_warmstart_counter_source_acid_halide_reversal_noprior,29038,99.0345,87.7151,0.9655,1,heldout,
real_buchwald_hartwig,llambo_warmstart_selector,29038,99.0345,87.7151,0.9655,1,heldout,llambo_warmstart_counter_source_acid_halide_reversal_noprior
real_buchwald_hartwig,llm_calibrated_selector,29038,91.2669,91.2669,8.7331,0,heldout,llm_semantic_counter_source_acid_halide_reversal_noprior
real_buchwald_hartwig,llm_direct_prior_counter_source_acid_halide_reversal_noprior,29038,98.7313,94.7265,1.2687,1,heldout,
real_buchwald_hartwig,llm_direct_prior_selector,29038,98.7313,94.7265,1.2687,1,heldout,llm_direct_prior_counter_source_acid_halide_reversal_noprior
real_buchwald_hartwig,llm_semantic_counter_source_acid_halide_reversal_noprior,29038,91.2669,91.2669,8.7331,0,heldout,
real_buchwald_hartwig,mixed_kernel_gp_ei,29038,97.2929,96.6903,2.7071,0,heldout,
real_buchwald_hartwig,target_acquisition_portfolio,29038,97.2929,96.6903,2.7071,0,heldout,
real_buchwald_hartwig,care_strategy_router,29039,97.5685,93.6595,2.4315,1,heldout,llm_direct_prior_counter_source_acid_halide_reversal_noprior
real_buchwald_hartwig,gp_ucb,29039,98.1771,94.5889,1.8229,1,heldout,
real_buchwald_hartwig,llambo_warmstart_counter_source_acid_halide_reversal_noprior,29039,92.1372,92.1372,7.8628,0,heldout,
real_buchwald_hartwig,llambo_warmstart_selector,29039,92.1372,92.1372,7.8628,0,heldout,llambo_warmstart_counter_source_acid_halide_reversal_noprior
real_buchwald_hartwig,llm_calibrated_selector,29039,87.9408,86.0953,12.0592,0,heldout,llm_semantic_counter_source_acid_halide_reversal_noprior
real_buchwald_hartwig,llm_direct_prior_counter_source_acid_halide_reversal_noprior,29039,97.5685,93.6595,2.4315,1,heldout,
real_buchwald_hartwig,llm_direct_prior_selector,29039,97.5685,93.6595,2.4315,1,heldout,llm_direct_prior_counter_source_acid_halide_reversal_noprior
real_buchwald_hartwig,llm_semantic_counter_source_acid_halide_reversal_noprior,29039,87.9408,86.0953,12.0592,0,heldout,
real_buchwald_hartwig,mixed_kernel_gp_ei,29039,98.8492,95.0836,1.1508,1,heldout,
real_buchwald_hartwig,target_acquisition_portfolio,29039,98.8492,94.7905,1.1508,1,heldout,
real_buchwald_hartwig,care_strategy_router,29040,93.0289,84.7462,6.9711,0,heldout,llm_direct_prior_counter_source_acid_halide_reversal_noprior
real_buchwald_hartwig,gp_ucb,29040,86.1944,86.1944,13.8056,0,heldout,
real_buchwald_hartwig,llambo_warmstart_counter_source_acid_halide_reversal_noprior,29040,93.0289,81.8569,6.9711,0,heldout,
real_buchwald_hartwig,llambo_warmstart_selector,29040,93.0289,81.8569,6.9711,0,heldout,llambo_warmstart_counter_source_acid_halide_reversal_noprior
real_buchwald_hartwig,llm_calibrated_selector,29040,88.5139,88.4599,11.4861,0,heldout,llm_semantic_counter_source_acid_halide_reversal_noprior
real_buchwald_hartwig,llm_direct_prior_counter_source_acid_halide_reversal_noprior,29040,93.0289,84.7462,6.9711,0,heldout,
real_buchwald_hartwig,llm_direct_prior_selector,29040,93.0289,84.7462,6.9711,0,heldout,llm_direct_prior_counter_source_acid_halide_reversal_noprior
real_buchwald_hartwig,llm_semantic_counter_source_acid_halide_reversal_noprior,29040,88.5139,88.4599,11.4861,0,heldout,
real_buchwald_hartwig,mixed_kernel_gp_ei,29040,86.6896,86.298,13.3104,0,heldout,
real_buchwald_hartwig,target_acquisition_portfolio,29040,93.8745,86.0961,6.1255,0,heldout,
real_buchwald_hartwig,care_strategy_router,29041,93.4211,87.9092,6.5789,0,heldout,llm_direct_prior_counter_source_acid_halide_reversal_noprior
real_buchwald_hartwig,gp_ucb,29041,93.1012,79.9169,6.8988,0,heldout,
real_buchwald_hartwig,llambo_warmstart_counter_source_acid_halide_reversal_noprior,29041,94.1517,86.9025,5.8483,0,heldout,
real_buchwald_hartwig,llambo_warmstart_selector,29041,94.1517,86.9025,5.8483,0,heldout,llambo_warmstart_counter_source_acid_halide_reversal_noprior
real_buchwald_hartwig,llm_calibrated_selector,29041,93.0289,85.4175,6.9711,0,heldout,llm_semantic_counter_source_acid_halide_reversal_noprior
real_buchwald_hartwig,llm_direct_prior_counter_source_acid_halide_reversal_noprior,29041,93.4211,87.9092,6.5789,0,heldout,
real_buchwald_hartwig,llm_direct_prior_selector,29041,93.4211,87.9092,6.5789,0,heldout,llm_direct_prior_counter_source_acid_halide_reversal_noprior
real_buchwald_hartwig,llm_semantic_counter_source_acid_halide_reversal_noprior,29041,93.0289,85.4175,6.9711,0,heldout,
real_buchwald_hartwig,mixed_kernel_gp_ei,29041,94.6911,84.8458,5.3089,0,heldout,
real_buchwald_hartwig,target_acquisition_portfolio,29041,93.5878,82.5758,6.4122,0,heldout,
real_buchwald_hartwig,care_strategy_router,29042,93.4211,93.4211,6.5789,0,heldout,llm_direct_prior_counter_source_acid_halide_reversal_noprior
real_buchwald_hartwig,gp_ucb,29042,98.2872,89.7407,1.7128,1,heldout,
real_buchwald_hartwig,llambo_warmstart_counter_source_acid_halide_reversal_noprior,29042,86.8997,86.5735,13.1003,0,heldout,
real_buchwald_hartwig,llambo_warmstart_selector,29042,86.8997,86.5735,13.1003,0,heldout,llambo_warmstart_counter_source_acid_halide_reversal_noprior
real_buchwald_hartwig,llm_calibrated_selector,29042,98.2872,92.4591,1.7128,1,heldout,llm_semantic_counter_source_acid_halide_reversal_noprior
real_buchwald_hartwig,llm_direct_prior_counter_source_acid_halide_reversal_noprior,29042,93.4211,93.4211,6.5789,0,heldout,
real_buchwald_hartwig,llm_direct_prior_selector,29042,93.4211,93.4211,6.5789,0,heldout,llm_direct_prior_counter_source_acid_halide_reversal_noprior
real_buchwald_hartwig,llm_semantic_counter_source_acid_halide_reversal_noprior,29042,98.2872,92.4591,1.7128,1,heldout,
real_buchwald_hartwig,mixed_kernel_gp_ei,29042,93.0289,87.7147,6.9711,0,heldout,
real_buchwald_hartwig,target_acquisition_portfolio,29042,98.2872,89.8572,1.7128,1,heldout,
real_buchwald_hartwig,care_strategy_router,29043,100.0,79.1017,0.0,1,heldout,llm_direct_prior_counter_source_acid_halide_reversal_noprior
real_buchwald_hartwig,gp_ucb,29043,74.2103,70.4083,25.7897,0,heldout,
real_buchwald_hartwig,llambo_warmstart_counter_source_acid_halide_reversal_noprior,29043,92.2093,88.9201,7.7907,0,heldout,
real_buchwald_hartwig,llambo_warmstart_selector,29043,92.2093,88.9201,7.7907,0,heldout,llambo_warmstart_counter_source_acid_halide_reversal_noprior
real_buchwald_hartwig,llm_calibrated_selector,29043,70.8592,66.8756,29.1408,0,heldout,llm_semantic_counter_source_acid_halide_reversal_noprior
real_buchwald_hartwig,llm_direct_prior_counter_source_acid_halide_reversal_noprior,29043,100.0,79.1017,0.0,1,heldout,
real_buchwald_hartwig,llm_direct_prior_selector,29043,100.0,79.1017,0.0,1,heldout,llm_direct_prior_counter_source_acid_halide_reversal_noprior
real_buchwald_hartwig,llm_semantic_counter_source_acid_halide_reversal_noprior,29043,70.8592,66.8756,29.1408,0,heldout,
real_buchwald_hartwig,mixed_kernel_gp_ei,29043,74.2103,70.4083,25.7897,0,heldout,
real_buchwald_hartwig,target_acquisition_portfolio,29043,74.2103,70.4083,25.7897,0,heldout,
real_buchwald_hartwig,care_strategy_router,29044,83.2944,81.4278,16.7056,0,heldout,llm_direct_prior_counter_source_acid_halide_reversal_noprior
real_buchwald_hartwig,gp_ucb,29044,82.8406,75.3649,17.1594,0,heldout,
real_buchwald_hartwig,llambo_warmstart_counter_source_acid_halide_reversal_noprior,29044,98.2872,74.2444,1.7128,1,heldout,
real_buchwald_hartwig,llambo_warmstart_selector,29044,98.2872,74.2444,1.7128,1,heldout,llambo_warmstart_counter_source_acid_halide_reversal_noprior
real_buchwald_hartwig,llm_calibrated_selector,29044,76.3373,75.502,23.6627,0,heldout,llm_semantic_counter_source_acid_halide_reversal_noprior
real_buchwald_hartwig,llm_direct_prior_counter_source_acid_halide_reversal_noprior,29044,83.2944,81.4278,16.7056,0,heldout,
real_buchwald_hartwig,llm_direct_prior_selector,29044,83.2944,81.4278,16.7056,0,heldout,llm_direct_prior_counter_source_acid_halide_reversal_noprior
real_buchwald_hartwig,llm_semantic_counter_source_acid_halide_reversal_noprior,29044,76.3373,75.502,23.6627,0,heldout,
real_buchwald_hartwig,mixed_kernel_gp_ei,29044,93.0326,86.0237,6.9674,0,heldout,
real_buchwald_hartwig,target_acquisition_portfolio,29044,93.0326,86.4961,6.9674,0,heldout,
real_buchwald_hartwig,care_strategy_router,29045,100.0,89.0319,0.0,1,heldout,llm_direct_prior_counter_source_acid_halide_reversal_noprior
real_buchwald_hartwig,gp_ucb,29045,94.5498,80.6942,5.4502,0,heldout,
real_buchwald_hartwig,llambo_warmstart_counter_source_acid_halide_reversal_noprior,29045,86.7621,78.4701,13.2379,0,heldout,
real_buchwald_hartwig,llambo_warmstart_selector,29045,86.7621,78.4701,13.2379,0,heldout,llambo_warmstart_counter_source_acid_halide_reversal_noprior
real_buchwald_hartwig,llm_calibrated_selector,29045,98.2872,76.873,1.7128,1,heldout,llm_semantic_counter_source_acid_halide_reversal_noprior
real_buchwald_hartwig,llm_direct_prior_counter_source_acid_halide_reversal_noprior,29045,100.0,89.0319,0.0,1,heldout,
real_buchwald_hartwig,llm_direct_prior_selector,29045,100.0,89.0319,0.0,1,heldout,llm_direct_prior_counter_source_acid_halide_reversal_noprior
real_buchwald_hartwig,llm_semantic_counter_source_acid_halide_reversal_noprior,29045,98.2872,76.873,1.7128,1,heldout,
real_buchwald_hartwig,mixed_kernel_gp_ei,29045,94.5498,82.9833,5.4502,0,heldout,
real_buchwald_hartwig,target_acquisition_portfolio,29045,95.5552,87.8761,4.4448,0,heldout,
real_buchwald_hartwig,care_strategy_router,29046,98.7313,85.7223,1.2687,1,heldout,llm_direct_prior_counter_source_acid_halide_reversal_noprior
real_buchwald_hartwig,gp_ucb,29046,97.2929,92.5312,2.7071,0,heldout,
real_buchwald_hartwig,llambo_warmstart_counter_source_acid_halide_reversal_noprior,29046,86.7621,86.0501,13.2379,0,heldout,
real_buchwald_hartwig,llambo_warmstart_selector,29046,86.7621,86.0501,13.2379,0,heldout,llambo_warmstart_counter_source_acid_halide_reversal_noprior
real_buchwald_hartwig,llm_calibrated_selector,29046,87.2375,77.7673,12.7625,0,heldout,llm_semantic_counter_source_acid_halide_reversal_noprior
real_buchwald_hartwig,llm_direct_prior_counter_source_acid_halide_reversal_noprior,29046,98.7313,85.7223,1.2687,1,heldout,
real_buchwald_hartwig,llm_direct_prior_selector,29046,98.7313,85.7223,1.2687,1,heldout,llm_direct_prior_counter_source_acid_halide_reversal_noprior
real_buchwald_hartwig,llm_semantic_counter_source_acid_halide_reversal_noprior,29046,87.2375,77.7673,12.7625,0,heldout,
real_buchwald_hartwig,mixed_kernel_gp_ei,29046,80.0255,72.3872,19.9745,0,heldout,
real_buchwald_hartwig,target_acquisition_portfolio,29046,92.1372,87.2262,7.8628,0,heldout,
real_buchwald_hartwig,care_strategy_router,29047,93.4211,92.3134,6.5789,0,heldout,llm_direct_prior_counter_source_acid_halide_reversal_noprior
real_buchwald_hartwig,gp_ucb,29047,97.948,88.9945,2.052,1,heldout,
real_buchwald_hartwig,llambo_warmstart_counter_source_acid_halide_reversal_noprior,29047,96.1323,96.1323,3.8677,0,heldout,
real_buchwald_hartwig,llambo_warmstart_selector,29047,96.1323,96.1323,3.8677,0,heldout,llambo_warmstart_counter_source_acid_halide_reversal_noprior
real_buchwald_hartwig,llm_calibrated_selector,29047,98.2872,92.0021,1.7128,1,heldout,llm_semantic_counter_source_acid_halide_reversal_noprior
real_buchwald_hartwig,llm_direct_prior_counter_source_acid_halide_reversal_noprior,29047,93.4211,92.3134,6.5789,0,heldout,
real_buchwald_hartwig,llm_direct_prior_selector,29047,93.4211,92.3134,6.5789,0,heldout,llm_direct_prior_counter_source_acid_halide_reversal_noprior
real_buchwald_hartwig,llm_semantic_counter_source_acid_halide_reversal_noprior,29047,98.2872,92.0021,1.7128,1,heldout,
real_buchwald_hartwig,mixed_kernel_gp_ei,29047,89.6142,86.9826,10.3858,0,heldout,
real_buchwald_hartwig,target_acquisition_portfolio,29047,98.2872,88.8742,1.7128,1,heldout,
real_buchwald_hartwig,care_strategy_router,29048,93.4211,87.574,6.5789,0,heldout,llm_direct_prior_counter_source_acid_halide_reversal_noprior
real_buchwald_hartwig,gp_ucb,29048,94.501,79.599,5.499,0,heldout,
real_buchwald_hartwig,llambo_warmstart_counter_source_acid_halide_reversal_noprior,29048,98.2872,93.7769,1.7128,1,heldout,
real_buchwald_hartwig,llambo_warmstart_selector,29048,98.2872,93.7769,1.7128,1,heldout,llambo_warmstart_counter_source_acid_halide_reversal_noprior
real_buchwald_hartwig,llm_calibrated_selector,29048,93.0289,84.8498,6.9711,0,heldout,llm_semantic_counter_source_acid_halide_reversal_noprior
real_buchwald_hartwig,llm_direct_prior_counter_source_acid_halide_reversal_noprior,29048,93.4211,87.574,6.5789,0,heldout,
real_buchwald_hartwig,llm_direct_prior_selector,29048,93.4211,87.574,6.5789,0,heldout,llm_direct_prior_counter_source_acid_halide_reversal_noprior
real_buchwald_hartwig,llm_semantic_counter_source_acid_halide_reversal_noprior,29048,93.0289,84.8498,6.9711,0,heldout,
real_buchwald_hartwig,mixed_kernel_gp_ei,29048,93.0289,85.7497,6.9711,0,heldout,
real_buchwald_hartwig,target_acquisition_portfolio,29048,92.256,85.6724,7.744,0,heldout,
real_buchwald_hartwig,care_strategy_router,29049,91.511,89.5865,8.489,0,heldout,llm_direct_prior_counter_source_acid_halide_reversal_noprior
real_buchwald_hartwig,gp_ucb,29049,100.0,96.5454,0.0,1,heldout,
real_buchwald_hartwig,llambo_warmstart_counter_source_acid_halide_reversal_noprior,29049,93.0289,92.1663,6.9711,0,heldout,
real_buchwald_hartwig,llambo_warmstart_selector,29049,93.0289,92.1663,6.9711,0,heldout,llambo_warmstart_counter_source_acid_halide_reversal_noprior
real_buchwald_hartwig,llm_calibrated_selector,29049,88.4464,88.2717,11.5536,0,heldout,llm_semantic_counter_source_acid_halide_reversal_noprior
real_buchwald_hartwig,llm_direct_prior_counter_source_acid_halide_reversal_noprior,29049,91.511,89.5865,8.489,0,heldout,
real_buchwald_hartwig,llm_direct_prior_selector,29049,91.511,89.5865,8.489,0,heldout,llm_direct_prior_counter_source_acid_halide_reversal_noprior
real_buchwald_hartwig,llm_semantic_counter_source_acid_halide_reversal_noprior,29049,88.4464,88.2717,11.5536,0,heldout,
real_buchwald_hartwig,mixed_kernel_gp_ei,29049,87.7641,87.5512,12.2359,0,heldout,
real_buchwald_hartwig,target_acquisition_portfolio,29049,90.9905,90.2388,9.0095,0,heldout,
real_buchwald_hartwig,care_strategy_router,29050,88.5139,82.2361,11.4861,0,heldout,llm_direct_prior_counter_source_acid_halide_reversal_noprior
real_buchwald_hartwig,gp_ucb,29050,80.978,73.7783,19.022,0,heldout,
real_buchwald_hartwig,llambo_warmstart_counter_source_acid_halide_reversal_noprior,29050,92.1307,64.5674,7.8693,0,heldout,
real_buchwald_hartwig,llambo_warmstart_selector,29050,92.1307,64.5674,7.8693,0,heldout,llambo_warmstart_counter_source_acid_halide_reversal_noprior
real_buchwald_hartwig,llm_calibrated_selector,29050,86.4971,76.4778,13.5029,0,heldout,llm_semantic_counter_source_acid_halide_reversal_noprior
real_buchwald_hartwig,llm_direct_prior_counter_source_acid_halide_reversal_noprior,29050,88.5139,82.2361,11.4861,0,heldout,
real_buchwald_hartwig,llm_direct_prior_selector,29050,88.5139,82.2361,11.4861,0,heldout,llm_direct_prior_counter_source_acid_halide_reversal_noprior
real_buchwald_hartwig,llm_semantic_counter_source_acid_halide_reversal_noprior,29050,86.4971,76.4778,13.5029,0,heldout,
real_buchwald_hartwig,mixed_kernel_gp_ei,29050,76.2251,69.1648,23.7749,0,heldout,
real_buchwald_hartwig,target_acquisition_portfolio,29050,95.6759,76.2895,4.3241,0,heldout,
real_buchwald_hartwig,care_strategy_router,29051,89.4195,89.4195,10.5805,0,heldout,llm_direct_prior_counter_source_acid_halide_reversal_noprior
real_buchwald_hartwig,gp_ucb,29051,89.4195,89.4195,10.5805,0,heldout,
real_buchwald_hartwig,llambo_warmstart_counter_source_acid_halide_reversal_noprior,29051,93.3108,89.6976,6.6892,0,heldout,
real_buchwald_hartwig,llambo_warmstart_selector,29051,93.3108,89.6976,6.6892,0,heldout,llambo_warmstart_counter_source_acid_halide_reversal_noprior
real_buchwald_hartwig,llm_calibrated_selector,29051,89.4195,89.4195,10.5805,0,heldout,llm_semantic_counter_source_acid_halide_reversal_noprior
real_buchwald_hartwig,llm_direct_prior_counter_source_acid_halide_reversal_noprior,29051,89.4195,89.4195,10.5805,0,heldout,
real_buchwald_hartwig,llm_direct_prior_selector,29051,89.4195,89.4195,10.5805,0,heldout,llm_direct_prior_counter_source_acid_halide_reversal_noprior
real_buchwald_hartwig,llm_semantic_counter_source_acid_halide_reversal_noprior,29051,89.4195,89.4195,10.5805,0,heldout,
real_buchwald_hartwig,mixed_kernel_gp_ei,29051,89.4195,89.4195,10.5805,0,heldout,
real_buchwald_hartwig,target_acquisition_portfolio,29051,89.4195,89.4195,10.5805,0,heldout,
real_buchwald_hartwig,care_strategy_router,29052,88.4449,88.4449,11.5551,0,heldout,llm_direct_prior_counter_source_acid_halide_reversal_noprior
real_buchwald_hartwig,gp_ucb,29052,94.5498,92.2587,5.4502,0,heldout,
real_buchwald_hartwig,llambo_warmstart_counter_source_acid_halide_reversal_noprior,29052,94.8799,89.8413,5.1201,0,heldout,
real_buchwald_hartwig,llambo_warmstart_selector,29052,94.8799,89.8413,5.1201,0,heldout,llambo_warmstart_counter_source_acid_halide_reversal_noprior
real_buchwald_hartwig,llm_calibrated_selector,29052,98.2872,90.8173,1.7128,1,heldout,llm_semantic_counter_source_acid_halide_reversal_noprior
real_buchwald_hartwig,llm_direct_prior_counter_source_acid_halide_reversal_noprior,29052,88.4449,88.4449,11.5551,0,heldout,
real_buchwald_hartwig,llm_direct_prior_selector,29052,88.4449,88.4449,11.5551,0,heldout,llm_direct_prior_counter_source_acid_halide_reversal_noprior
real_buchwald_hartwig,llm_semantic_counter_source_acid_halide_reversal_noprior,29052,98.2872,90.8173,1.7128,1,heldout,
real_buchwald_hartwig,mixed_kernel_gp_ei,29052,90.7313,90.7313,9.2687,0,heldout,
real_buchwald_hartwig,target_acquisition_portfolio,29052,94.5498,91.2656,5.4502,0,heldout,
real_buchwald_hartwig,care_strategy_router,29053,93.4211,92.6141,6.5789,0,heldout,llm_direct_prior_counter_source_acid_halide_reversal_noprior
real_buchwald_hartwig,gp_ucb,29053,93.5641,91.7691,6.4359,0,heldout,
real_buchwald_hartwig,llambo_warmstart_counter_source_acid_halide_reversal_noprior,29053,98.8492,97.3816,1.1508,1,heldout,
real_buchwald_hartwig,llambo_warmstart_selector,29053,98.8492,97.3816,1.1508,1,heldout,llambo_warmstart_counter_source_acid_halide_reversal_noprior
real_buchwald_hartwig,llm_calibrated_selector,29053,89.9742,89.9742,10.0258,0,heldout,llm_semantic_counter_source_acid_halide_reversal_noprior
real_buchwald_hartwig,llm_direct_prior_counter_source_acid_halide_reversal_noprior,29053,93.4211,92.6141,6.5789,0,heldout,
real_buchwald_hartwig,llm_direct_prior_selector,29053,93.4211,92.6141,6.5789,0,heldout,llm_direct_prior_counter_source_acid_halide_reversal_noprior
real_buchwald_hartwig,llm_semantic_counter_source_acid_halide_reversal_noprior,29053,89.9742,89.9742,10.0258,0,heldout,
real_buchwald_hartwig,mixed_kernel_gp_ei,29053,89.9742,89.9742,10.0258,0,heldout,
real_buchwald_hartwig,target_acquisition_portfolio,29053,93.5641,91.7691,6.4359,0,heldout,
real_buchwald_hartwig,care_strategy_router,29054,83.385,79.9524,16.615,0,heldout,llm_direct_prior_counter_source_acid_halide_reversal_noprior
real_buchwald_hartwig,gp_ucb,29054,86.8997,68.7021,13.1003,0,heldout,
real_buchwald_hartwig,llambo_warmstart_counter_source_acid_halide_reversal_noprior,29054,89.6142,89.6059,10.3858,0,heldout,
real_buchwald_hartwig,llambo_warmstart_selector,29054,89.6142,89.6059,10.3858,0,heldout,llambo_warmstart_counter_source_acid_halide_reversal_noprior
real_buchwald_hartwig,llm_calibrated_selector,29054,93.0289,71.9963,6.9711,0,heldout,llm_semantic_counter_source_acid_halide_reversal_noprior
real_buchwald_hartwig,llm_direct_prior_counter_source_acid_halide_reversal_noprior,29054,83.385,79.9524,16.615,0,heldout,
real_buchwald_hartwig,llm_direct_prior_selector,29054,83.385,79.9524,16.615,0,heldout,llm_direct_prior_counter_source_acid_halide_reversal_noprior
real_buchwald_hartwig,llm_semantic_counter_source_acid_halide_reversal_noprior,29054,93.0289,71.9963,6.9711,0,heldout,
real_buchwald_hartwig,mixed_kernel_gp_ei,29054,89.9742,69.0095,10.0258,0,heldout,
real_buchwald_hartwig,target_acquisition_portfolio,29054,86.8997,68.7021,13.1003,0,heldout,
real_buchwald_hartwig,care_strategy_router,29055,97.2929,97.2929,2.7071,0,heldout,llm_direct_prior_counter_source_acid_halide_reversal_noprior
real_buchwald_hartwig,gp_ucb,29055,92.1372,90.1762,7.8628,0,heldout,
real_buchwald_hartwig,llambo_warmstart_counter_source_acid_halide_reversal_noprior,29055,98.8492,93.6529,1.1508,1,heldout,
real_buchwald_hartwig,llambo_warmstart_selector,29055,98.8492,93.6529,1.1508,1,heldout,llambo_warmstart_counter_source_acid_halide_reversal_noprior
real_buchwald_hartwig,llm_calibrated_selector,29055,92.256,91.664,7.744,0,heldout,llm_semantic_counter_source_acid_halide_reversal_noprior
real_buchwald_hartwig,llm_direct_prior_counter_source_acid_halide_reversal_noprior,29055,97.2929,97.2929,2.7071,0,heldout,
real_buchwald_hartwig,llm_direct_prior_selector,29055,97.2929,97.2929,2.7071,0,heldout,llm_direct_prior_counter_source_acid_halide_reversal_noprior
real_buchwald_hartwig,llm_semantic_counter_source_acid_halide_reversal_noprior,29055,92.256,91.664,7.744,0,heldout,
real_buchwald_hartwig,mixed_kernel_gp_ei,29055,93.3108,91.0501,6.6892,0,heldout,
real_buchwald_hartwig,target_acquisition_portfolio,29055,97.2929,95.1209,2.7071,0,heldout,
real_buchwald_hartwig,care_strategy_router,29056,93.4211,81.9686,6.5789,0,heldout,llm_direct_prior_counter_source_acid_halide_reversal_noprior
real_buchwald_hartwig,gp_ucb,29056,91.6984,82.0513,8.3016,0,heldout,
real_buchwald_hartwig,llambo_warmstart_counter_source_acid_halide_reversal_noprior,29056,94.8799,94.8799,5.1201,0,heldout,
real_buchwald_hartwig,llambo_warmstart_selector,29056,94.8799,94.8799,5.1201,0,heldout,llambo_warmstart_counter_source_acid_halide_reversal_noprior
real_buchwald_hartwig,llm_calibrated_selector,29056,88.4043,66.6016,11.5957,0,heldout,llm_semantic_counter_source_acid_halide_reversal_noprior
real_buchwald_hartwig,llm_direct_prior_counter_source_acid_halide_reversal_noprior,29056,93.4211,81.9686,6.5789,0,heldout,
real_buchwald_hartwig,llm_direct_prior_selector,29056,93.4211,81.9686,6.5789,0,heldout,llm_direct_prior_counter_source_acid_halide_reversal_noprior
real_buchwald_hartwig,llm_semantic_counter_source_acid_halide_reversal_noprior,29056,88.4043,66.6016,11.5957,0,heldout,
real_buchwald_hartwig,mixed_kernel_gp_ei,29056,91.6984,83.0386,8.3016,0,heldout,
real_buchwald_hartwig,target_acquisition_portfolio,29056,91.6984,82.0513,8.3016,0,heldout,
real_buchwald_hartwig,care_strategy_router,29057,93.4211,73.6391,6.5789,0,heldout,llm_direct_prior_counter_source_acid_halide_reversal_noprior
real_buchwald_hartwig,gp_ucb,29057,93.1012,63.1757,6.8988,0,heldout,
real_buchwald_hartwig,llambo_warmstart_counter_source_acid_halide_reversal_noprior,29057,93.3108,90.1486,6.6892,0,heldout,
real_buchwald_hartwig,llambo_warmstart_selector,29057,93.3108,90.1486,6.6892,0,heldout,llambo_warmstart_counter_source_acid_halide_reversal_noprior
real_buchwald_hartwig,llm_calibrated_selector,29057,93.0289,78.6591,6.9711,0,heldout,llm_semantic_counter_source_acid_halide_reversal_noprior
real_buchwald_hartwig,llm_direct_prior_counter_source_acid_halide_reversal_noprior,29057,93.4211,73.6391,6.5789,0,heldout,
real_buchwald_hartwig,llm_direct_prior_selector,29057,93.4211,73.6391,6.5789,0,heldout,llm_direct_prior_counter_source_acid_halide_reversal_noprior
real_buchwald_hartwig,llm_semantic_counter_source_acid_halide_reversal_noprior,29057,93.0289,78.6591,6.9711,0,heldout,
real_buchwald_hartwig,mixed_kernel_gp_ei,29057,98.2872,53.4267,1.7128,1,heldout,
real_buchwald_hartwig,target_acquisition_portfolio,29057,98.2872,53.4267,1.7128,1,heldout,
real_buchwald_hartwig,care_strategy_router,29058,93.4211,91.9043,6.5789,0,heldout,llm_direct_prior_counter_source_acid_halide_reversal_noprior
real_buchwald_hartwig,gp_ucb,29058,93.1012,86.7087,6.8988,0,heldout,
real_buchwald_hartwig,llambo_warmstart_counter_source_acid_halide_reversal_noprior,29058,93.5878,88.8086,6.4122,0,heldout,
real_buchwald_hartwig,llambo_warmstart_selector,29058,93.5878,88.8086,6.4122,0,heldout,llambo_warmstart_counter_source_acid_halide_reversal_noprior
real_buchwald_hartwig,llm_calibrated_selector,29058,80.6006,78.3301,19.3994,0,heldout,llm_semantic_counter_source_acid_halide_reversal_noprior
real_buchwald_hartwig,llm_direct_prior_counter_source_acid_halide_reversal_noprior,29058,93.4211,91.9043,6.5789,0,heldout,
real_buchwald_hartwig,llm_direct_prior_selector,29058,93.4211,91.9043,6.5789,0,heldout,llm_direct_prior_counter_source_acid_halide_reversal_noprior
real_buchwald_hartwig,llm_semantic_counter_source_acid_halide_reversal_noprior,29058,80.6006,78.3301,19.3994,0,heldout,
real_buchwald_hartwig,mixed_kernel_gp_ei,29058,93.1012,83.6927,6.8988,0,heldout,
real_buchwald_hartwig,target_acquisition_portfolio,29058,93.1012,83.6927,6.8988,0,heldout,
real_buchwald_hartwig,care_strategy_router,29059,95.3865,90.4058,4.6135,0,heldout,llm_direct_prior_counter_source_acid_halide_reversal_noprior
real_buchwald_hartwig,gp_ucb,29059,95.6759,93.7808,4.3241,0,heldout,
real_buchwald_hartwig,llambo_warmstart_counter_source_acid_halide_reversal_noprior,29059,95.6759,91.2862,4.3241,0,heldout,
real_buchwald_hartwig,llambo_warmstart_selector,29059,95.6759,91.2862,4.3241,0,heldout,llambo_warmstart_counter_source_acid_halide_reversal_noprior
real_buchwald_hartwig,llm_calibrated_selector,29059,100.0,94.9447,0.0,1,heldout,llm_semantic_counter_source_acid_halide_reversal_noprior
real_buchwald_hartwig,llm_direct_prior_counter_source_acid_halide_reversal_noprior,29059,95.3865,90.4058,4.6135,0,heldout,
real_buchwald_hartwig,llm_direct_prior_selector,29059,95.3865,90.4058,4.6135,0,heldout,llm_direct_prior_counter_source_acid_halide_reversal_noprior
real_buchwald_hartwig,llm_semantic_counter_source_acid_halide_reversal_noprior,29059,100.0,94.9447,0.0,1,heldout,
real_buchwald_hartwig,mixed_kernel_gp_ei,29059,89.8895,88.7452,10.1105,0,heldout,
real_buchwald_hartwig,target_acquisition_portfolio,29059,89.8895,88.5826,10.1105,0,heldout,
real_buchwald_hartwig,care_strategy_router,29060,98.7313,93.6401,1.2687,1,heldout,llm_direct_prior_counter_source_acid_halide_reversal_noprior
real_buchwald_hartwig,gp_ucb,29060,98.2872,94.6021,1.7128,1,heldout,
real_buchwald_hartwig,llambo_warmstart_counter_source_acid_halide_reversal_noprior,29060,94.501,80.2865,5.499,0,heldout,
real_buchwald_hartwig,llambo_warmstart_selector,29060,94.501,80.2865,5.499,0,heldout,llambo_warmstart_counter_source_acid_halide_reversal_noprior
real_buchwald_hartwig,llm_calibrated_selector,29060,86.0034,86.0034,13.9966,0,heldout,llm_semantic_counter_source_acid_halide_reversal_noprior
real_buchwald_hartwig,llm_direct_prior_counter_source_acid_halide_reversal_noprior,29060,98.7313,93.6401,1.2687,1,heldout,
real_buchwald_hartwig,llm_direct_prior_selector,29060,98.7313,93.6401,1.2687,1,heldout,llm_direct_prior_counter_source_acid_halide_reversal_noprior
real_buchwald_hartwig,llm_semantic_counter_source_acid_halide_reversal_noprior,29060,86.0034,86.0034,13.9966,0,heldout,
real_buchwald_hartwig,mixed_kernel_gp_ei,29060,98.2872,95.8304,1.7128,1,heldout,
real_buchwald_hartwig,target_acquisition_portfolio,29060,98.2872,94.6021,1.7128,1,heldout,
real_buchwald_hartwig,care_strategy_router,29061,88.5139,88.0279,11.4861,0,heldout,llm_direct_prior_counter_source_acid_halide_reversal_noprior
real_buchwald_hartwig,gp_ucb,29061,99.0345,92.7873,0.9655,1,heldout,
real_buchwald_hartwig,llambo_warmstart_counter_source_acid_halide_reversal_noprior,29061,96.5912,96.5912,3.4088,0,heldout,
real_buchwald_hartwig,llambo_warmstart_selector,29061,96.5912,96.5912,3.4088,0,heldout,llambo_warmstart_counter_source_acid_halide_reversal_noprior
real_buchwald_hartwig,llm_calibrated_selector,29061,79.4448,71.278,20.5552,0,heldout,llm_semantic_counter_source_acid_halide_reversal_noprior
real_buchwald_hartwig,llm_direct_prior_counter_source_acid_halide_reversal_noprior,29061,88.5139,88.0279,11.4861,0,heldout,
real_buchwald_hartwig,llm_direct_prior_selector,29061,88.5139,88.0279,11.4861,0,heldout,llm_direct_prior_counter_source_acid_halide_reversal_noprior
real_buchwald_hartwig,llm_semantic_counter_source_acid_halide_reversal_noprior,29061,79.4448,71.278,20.5552,0,heldout,
real_buchwald_hartwig,mixed_kernel_gp_ei,29061,99.0345,92.7873,0.9655,1,heldout,
real_buchwald_hartwig,target_acquisition_portfolio,29061,99.0345,92.7873,0.9655,1,heldout,
real_buchwald_hartwig,care_strategy_router,29062,93.4211,93.3819,6.5789,0,heldout,llm_direct_prior_counter_source_acid_halide_reversal_noprior
real_buchwald_hartwig,gp_ucb,29062,94.5498,92.5832,5.4502,0,heldout,
real_buchwald_hartwig,llambo_warmstart_counter_source_acid_halide_reversal_noprior,29062,63.2247,50.5149,36.7753,0,heldout,
real_buchwald_hartwig,llambo_warmstart_selector,29062,63.2247,50.5149,36.7753,0,heldout,llambo_warmstart_counter_source_acid_halide_reversal_noprior
real_buchwald_hartwig,llm_calibrated_selector,29062,93.0289,92.4002,6.9711,0,heldout,llm_semantic_counter_source_acid_halide_reversal_noprior
real_buchwald_hartwig,llm_direct_prior_counter_source_acid_halide_reversal_noprior,29062,93.4211,93.3819,6.5789,0,heldout,
real_buchwald_hartwig,llm_direct_prior_selector,29062,93.4211,93.3819,6.5789,0,heldout,llm_direct_prior_counter_source_acid_halide_reversal_noprior
real_buchwald_hartwig,llm_semantic_counter_source_acid_halide_reversal_noprior,29062,93.0289,92.4002,6.9711,0,heldout,
real_buchwald_hartwig,mixed_kernel_gp_ei,29062,94.5498,92.5832,5.4502,0,heldout,
real_buchwald_hartwig,target_acquisition_portfolio,29062,94.5498,92.5832,5.4502,0,heldout,
real_buchwald_hartwig,care_strategy_router,29063,93.4211,90.2359,6.5789,0,heldout,llm_direct_prior_counter_source_acid_halide_reversal_noprior
real_buchwald_hartwig,gp_ucb,29063,97.2929,79.3393,2.7071,0,heldout,
real_buchwald_hartwig,llambo_warmstart_counter_source_acid_halide_reversal_noprior,29063,80.5828,68.1127,19.4172,0,heldout,
real_buchwald_hartwig,llambo_warmstart_selector,29063,80.5828,68.1127,19.4172,0,heldout,llambo_warmstart_counter_source_acid_halide_reversal_noprior
real_buchwald_hartwig,llm_calibrated_selector,29063,100.0,70.4846,0.0,1,heldout,llm_semantic_counter_source_acid_halide_reversal_noprior
real_buchwald_hartwig,llm_direct_prior_counter_source_acid_halide_reversal_noprior,29063,93.4211,90.2359,6.5789,0,heldout,
real_buchwald_hartwig,llm_direct_prior_selector,29063,93.4211,90.2359,6.5789,0,heldout,llm_direct_prior_counter_source_acid_halide_reversal_noprior
real_buchwald_hartwig,llm_semantic_counter_source_acid_halide_reversal_noprior,29063,100.0,70.4846,0.0,1,heldout,
real_buchwald_hartwig,mixed_kernel_gp_ei,29063,94.8799,76.9278,5.1201,0,heldout,
real_buchwald_hartwig,target_acquisition_portfolio,29063,97.2929,78.0524,2.7071,0,heldout,
real_buchwald_hartwig,care_strategy_router,29064,100.0,96.8433,0.0,1,heldout,llm_direct_prior_counter_source_acid_halide_reversal_noprior
real_buchwald_hartwig,gp_ucb,29064,100.0,95.5029,0.0,1,heldout,
real_buchwald_hartwig,llambo_warmstart_counter_source_acid_halide_reversal_noprior,29064,89.9742,83.4046,10.0258,0,heldout,
real_buchwald_hartwig,llambo_warmstart_selector,29064,89.9742,83.4046,10.0258,0,heldout,llambo_warmstart_counter_source_acid_halide_reversal_noprior
real_buchwald_hartwig,llm_calibrated_selector,29064,86.0035,86.0035,13.9965,0,heldout,llm_semantic_counter_source_acid_halide_reversal_noprior
real_buchwald_hartwig,llm_direct_prior_counter_source_acid_halide_reversal_noprior,29064,100.0,96.8433,0.0,1,heldout,
real_buchwald_hartwig,llm_direct_prior_selector,29064,100.0,96.8433,0.0,1,heldout,llm_direct_prior_counter_source_acid_halide_reversal_noprior
real_buchwald_hartwig,llm_semantic_counter_source_acid_halide_reversal_noprior,29064,86.0035,86.0035,13.9965,0,heldout,
real_buchwald_hartwig,mixed_kernel_gp_ei,29064,100.0,95.5029,0.0,1,heldout,
real_buchwald_hartwig,target_acquisition_portfolio,29064,100.0,95.5029,0.0,1,heldout,
real_buchwald_hartwig,care_strategy_router,29065,94.6911,92.8438,5.3089,0,heldout,llm_direct_prior_counter_source_acid_halide_reversal_noprior
real_buchwald_hartwig,gp_ucb,29065,83.8384,83.8384,16.1616,0,heldout,
real_buchwald_hartwig,llambo_warmstart_counter_source_acid_halide_reversal_noprior,29065,96.1323,94.8177,3.8677,0,heldout,
real_buchwald_hartwig,llambo_warmstart_selector,29065,96.1323,94.8177,3.8677,0,heldout,llambo_warmstart_counter_source_acid_halide_reversal_noprior
real_buchwald_hartwig,llm_calibrated_selector,29065,86.7621,85.885,13.2379,0,heldout,llm_semantic_counter_source_acid_halide_reversal_noprior
real_buchwald_hartwig,llm_direct_prior_counter_source_acid_halide_reversal_noprior,29065,94.6911,92.8438,5.3089,0,heldout,
real_buchwald_hartwig,llm_direct_prior_selector,29065,94.6911,92.8438,5.3089,0,heldout,llm_direct_prior_counter_source_acid_halide_reversal_noprior
real_buchwald_hartwig,llm_semantic_counter_source_acid_halide_reversal_noprior,29065,86.7621,85.885,13.2379,0,heldout,
real_buchwald_hartwig,mixed_kernel_gp_ei,29065,94.6911,89.7834,5.3089,0,heldout,
real_buchwald_hartwig,target_acquisition_portfolio,29065,98.2872,89.6051,1.7128,1,heldout,
real_buchwald_hartwig,care_strategy_router,29066,100.0,92.6495,0.0,1,heldout,llm_direct_prior_counter_source_acid_halide_reversal_noprior
real_buchwald_hartwig,gp_ucb,29066,98.1771,89.15,1.8229,1,heldout,
real_buchwald_hartwig,llambo_warmstart_counter_source_acid_halide_reversal_noprior,29066,98.7313,94.4201,1.2687,1,heldout,
real_buchwald_hartwig,llambo_warmstart_selector,29066,98.7313,94.4201,1.2687,1,heldout,llambo_warmstart_counter_source_acid_halide_reversal_noprior
real_buchwald_hartwig,llm_calibrated_selector,29066,90.2279,82.4841,9.7721,0,heldout,llm_semantic_counter_source_acid_halide_reversal_noprior
real_buchwald_hartwig,llm_direct_prior_counter_source_acid_halide_reversal_noprior,29066,100.0,92.6495,0.0,1,heldout,
real_buchwald_hartwig,llm_direct_prior_selector,29066,100.0,92.6495,0.0,1,heldout,llm_direct_prior_counter_source_acid_halide_reversal_noprior
real_buchwald_hartwig,llm_semantic_counter_source_acid_halide_reversal_noprior,29066,90.2279,82.4841,9.7721,0,heldout,
real_buchwald_hartwig,mixed_kernel_gp_ei,29066,93.1012,86.7291,6.8988,0,heldout,
real_buchwald_hartwig,target_acquisition_portfolio,29066,93.8745,82.8488,6.1255,0,heldout,
real_buchwald_hartwig,care_strategy_router,29067,93.4211,91.6177,6.5789,0,heldout,llm_direct_prior_counter_source_acid_halide_reversal_noprior
real_buchwald_hartwig,gp_ucb,29067,92.127,88.3746,7.873,0,heldout,
real_buchwald_hartwig,llambo_warmstart_counter_source_acid_halide_reversal_noprior,29067,90.3173,85.8348,9.6827,0,heldout,
real_buchwald_hartwig,llambo_warmstart_selector,29067,90.3173,85.8348,9.6827,0,heldout,llambo_warmstart_counter_source_acid_halide_reversal_noprior
real_buchwald_hartwig,llm_calibrated_selector,29067,98.2872,93.2181,1.7128,1,heldout,llm_semantic_counter_source_acid_halide_reversal_noprior
real_buchwald_hartwig,llm_direct_prior_counter_source_acid_halide_reversal_noprior,29067,93.4211,91.6177,6.5789,0,heldout,
real_buchwald_hartwig,llm_direct_prior_selector,29067,93.4211,91.6177,6.5789,0,heldout,llm_direct_prior_counter_source_acid_halide_reversal_noprior
real_buchwald_hartwig,llm_semantic_counter_source_acid_halide_reversal_noprior,29067,98.2872,93.2181,1.7128,1,heldout,
real_buchwald_hartwig,mixed_kernel_gp_ei,29067,92.127,88.3746,7.873,0,heldout,
real_buchwald_hartwig,target_acquisition_portfolio,29067,92.127,88.3746,7.873,0,heldout,
real_buchwald_hartwig,care_strategy_router,29068,94.6911,90.9716,5.3089,0,heldout,llm_direct_prior_counter_source_acid_halide_reversal_noprior
real_buchwald_hartwig,gp_ucb,29068,89.4807,88.1305,10.5193,0,heldout,
real_buchwald_hartwig,llambo_warmstart_counter_source_acid_halide_reversal_noprior,29068,94.3462,90.425,5.6538,0,heldout,
real_buchwald_hartwig,llambo_warmstart_selector,29068,94.3462,90.425,5.6538,0,heldout,llambo_warmstart_counter_source_acid_halide_reversal_noprior
real_buchwald_hartwig,llm_calibrated_selector,29068,100.0,95.3702,0.0,1,heldout,llm_semantic_counter_source_acid_halide_reversal_noprior
real_buchwald_hartwig,llm_direct_prior_counter_source_acid_halide_reversal_noprior,29068,94.6911,90.9716,5.3089,0,heldout,
real_buchwald_hartwig,llm_direct_prior_selector,29068,94.6911,90.9716,5.3089,0,heldout,llm_direct_prior_counter_source_acid_halide_reversal_noprior
real_buchwald_hartwig,llm_semantic_counter_source_acid_halide_reversal_noprior,29068,100.0,95.3702,0.0,1,heldout,
real_buchwald_hartwig,mixed_kernel_gp_ei,29068,98.7313,91.8174,1.2687,1,heldout,
real_buchwald_hartwig,target_acquisition_portfolio,29068,92.7237,88.0907,7.2763,0,heldout,
real_buchwald_hartwig,care_strategy_router,29069,100.0,90.535,0.0,1,heldout,llm_direct_prior_counter_source_acid_halide_reversal_noprior
real_buchwald_hartwig,gp_ucb,29069,88.2464,76.4286,11.7536,0,heldout,
real_buchwald_hartwig,llambo_warmstart_counter_source_acid_halide_reversal_noprior,29069,94.1485,94.1485,5.8515,0,heldout,
real_buchwald_hartwig,llambo_warmstart_selector,29069,94.1485,94.1485,5.8515,0,heldout,llambo_warmstart_counter_source_acid_halide_reversal_noprior
real_buchwald_hartwig,llm_calibrated_selector,29069,93.8745,83.6239,6.1255,0,heldout,llm_semantic_counter_source_acid_halide_reversal_noprior
real_buchwald_hartwig,llm_direct_prior_counter_source_acid_halide_reversal_noprior,29069,100.0,90.535,0.0,1,heldout,
real_buchwald_hartwig,llm_direct_prior_selector,29069,100.0,90.535,0.0,1,heldout,llm_direct_prior_counter_source_acid_halide_reversal_noprior
real_buchwald_hartwig,llm_semantic_counter_source_acid_halide_reversal_noprior,29069,93.8745,83.6239,6.1255,0,heldout,
real_buchwald_hartwig,mixed_kernel_gp_ei,29069,88.2464,76.4286,11.7536,0,heldout,
real_buchwald_hartwig,target_acquisition_portfolio,29069,88.2464,76.4286,11.7536,0,heldout,
real_buchwald_hartwig,care_strategy_router,29070,93.4211,88.7138,6.5789,0,heldout,llm_direct_prior_counter_source_acid_halide_reversal_noprior
real_buchwald_hartwig,gp_ucb,29070,98.7313,78.4295,1.2687,1,heldout,
real_buchwald_hartwig,llambo_warmstart_counter_source_acid_halide_reversal_noprior,29070,99.6191,86.5258,0.3809,1,heldout,
real_buchwald_hartwig,llambo_warmstart_selector,29070,99.6191,86.5258,0.3809,1,heldout,llambo_warmstart_counter_source_acid_halide_reversal_noprior
real_buchwald_hartwig,llm_calibrated_selector,29070,93.0289,81.8441,6.9711,0,heldout,llm_semantic_counter_source_acid_halide_reversal_noprior
real_buchwald_hartwig,llm_direct_prior_counter_source_acid_halide_reversal_noprior,29070,93.4211,88.7138,6.5789,0,heldout,
real_buchwald_hartwig,llm_direct_prior_selector,29070,93.4211,88.7138,6.5789,0,heldout,llm_direct_prior_counter_source_acid_halide_reversal_noprior
real_buchwald_hartwig,llm_semantic_counter_source_acid_halide_reversal_noprior,29070,93.0289,81.8441,6.9711,0,heldout,
real_buchwald_hartwig,mixed_kernel_gp_ei,29070,98.7313,83.9521,1.2687,1,heldout,
real_buchwald_hartwig,target_acquisition_portfolio,29070,98.7313,78.4295,1.2687,1,heldout,
real_buchwald_hartwig,care_strategy_router,29071,100.0,90.7818,0.0,1,heldout,llm_direct_prior_counter_source_acid_halide_reversal_noprior
real_buchwald_hartwig,gp_ucb,29071,100.0,86.4028,0.0,1,heldout,
real_buchwald_hartwig,llambo_warmstart_counter_source_acid_halide_reversal_noprior,29071,94.8799,90.8762,5.1201,0,heldout,
real_buchwald_hartwig,llambo_warmstart_selector,29071,94.8799,90.8762,5.1201,0,heldout,llambo_warmstart_counter_source_acid_halide_reversal_noprior
real_buchwald_hartwig,llm_calibrated_selector,29071,100.0,88.9489,0.0,1,heldout,llm_semantic_counter_source_acid_halide_reversal_noprior
real_buchwald_hartwig,llm_direct_prior_counter_source_acid_halide_reversal_noprior,29071,100.0,90.7818,0.0,1,heldout,
real_buchwald_hartwig,llm_direct_prior_selector,29071,100.0,90.7818,0.0,1,heldout,llm_direct_prior_counter_source_acid_halide_reversal_noprior
real_buchwald_hartwig,llm_semantic_counter_source_acid_halide_reversal_noprior,29071,100.0,88.9489,0.0,1,heldout,
real_buchwald_hartwig,mixed_kernel_gp_ei,29071,100.0,85.0364,0.0,1,heldout,
real_buchwald_hartwig,target_acquisition_portfolio,29071,78.5056,77.1276,21.4944,0,heldout,
real_buchwald_hartwig,care_strategy_router,29072,88.5139,88.5139,11.4861,0,heldout,llm_direct_prior_counter_source_acid_halide_reversal_noprior
real_buchwald_hartwig,gp_ucb,29072,89.5592,88.6334,10.4408,0,heldout,
real_buchwald_hartwig,llambo_warmstart_counter_source_acid_halide_reversal_noprior,29072,86.8997,84.9029,13.1003,0,heldout,
real_buchwald_hartwig,llambo_warmstart_selector,29072,86.8997,84.9029,13.1003,0,heldout,llambo_warmstart_counter_source_acid_halide_reversal_noprior
real_buchwald_hartwig,llm_calibrated_selector,29072,89.5592,87.7075,10.4408,0,heldout,llm_semantic_counter_source_acid_halide_reversal_noprior
real_buchwald_hartwig,llm_direct_prior_counter_source_acid_halide_reversal_noprior,29072,88.5139,88.5139,11.4861,0,heldout,
real_buchwald_hartwig,llm_direct_prior_selector,29072,88.5139,88.5139,11.4861,0,heldout,llm_direct_prior_counter_source_acid_halide_reversal_noprior
real_buchwald_hartwig,llm_semantic_counter_source_acid_halide_reversal_noprior,29072,89.5592,87.7075,10.4408,0,heldout,
real_buchwald_hartwig,mixed_kernel_gp_ei,29072,89.5592,88.6334,10.4408,0,heldout,
real_buchwald_hartwig,target_acquisition_portfolio,29072,89.5592,88.6334,10.4408,0,heldout,
real_buchwald_hartwig,care_strategy_router,29073,100.0,99.0274,0.0,1,heldout,llm_direct_prior_counter_source_acid_halide_reversal_noprior
real_buchwald_hartwig,gp_ucb,29073,95.7526,95.6161,4.2474,0,heldout,
real_buchwald_hartwig,llambo_warmstart_counter_source_acid_halide_reversal_noprior,29073,58.0174,58.0174,41.9826,0,heldout,
real_buchwald_hartwig,llambo_warmstart_selector,29073,58.0174,58.0174,41.9826,0,heldout,llambo_warmstart_counter_source_acid_halide_reversal_noprior
real_buchwald_hartwig,llm_calibrated_selector,29073,97.5685,94.8325,2.4315,1,heldout,llm_semantic_counter_source_acid_halide_reversal_noprior
real_buchwald_hartwig,llm_direct_prior_counter_source_acid_halide_reversal_noprior,29073,100.0,99.0274,0.0,1,heldout,
real_buchwald_hartwig,llm_direct_prior_selector,29073,100.0,99.0274,0.0,1,heldout,llm_direct_prior_counter_source_acid_halide_reversal_noprior
real_buchwald_hartwig,llm_semantic_counter_source_acid_halide_reversal_noprior,29073,97.5685,94.8325,2.4315,1,heldout,
real_buchwald_hartwig,mixed_kernel_gp_ei,29073,95.7526,95.5325,4.2474,0,heldout,
real_buchwald_hartwig,target_acquisition_portfolio,29073,95.7526,95.4796,4.2474,0,heldout,
real_buchwald_hartwig,care_strategy_router,29074,97.5685,89.4239,2.4315,1,heldout,llm_direct_prior_counter_source_acid_halide_reversal_noprior
real_buchwald_hartwig,gp_ucb,29074,82.8406,82.4312,17.1594,0,heldout,
real_buchwald_hartwig,llambo_warmstart_counter_source_acid_halide_reversal_noprior,29074,98.2872,96.3408,1.7128,1,heldout,
real_buchwald_hartwig,llambo_warmstart_selector,29074,98.2872,96.3408,1.7128,1,heldout,llambo_warmstart_counter_source_acid_halide_reversal_noprior
real_buchwald_hartwig,llm_calibrated_selector,29074,93.8745,85.0271,6.1255,0,heldout,llm_semantic_counter_source_acid_halide_reversal_noprior
real_buchwald_hartwig,llm_direct_prior_counter_source_acid_halide_reversal_noprior,29074,97.5685,89.4239,2.4315,1,heldout,
real_buchwald_hartwig,llm_direct_prior_selector,29074,97.5685,89.4239,2.4315,1,heldout,llm_direct_prior_counter_source_acid_halide_reversal_noprior
real_buchwald_hartwig,llm_semantic_counter_source_acid_halide_reversal_noprior,29074,93.8745,85.0271,6.1255,0,heldout,
real_buchwald_hartwig,mixed_kernel_gp_ei,29074,82.3289,82.3289,17.6711,0,heldout,
real_buchwald_hartwig,target_acquisition_portfolio,29074,82.3289,82.3289,17.6711,0,heldout,
real_buchwald_hartwig,care_strategy_router,29075,97.5685,91.2135,2.4315,1,heldout,llm_direct_prior_counter_source_acid_halide_reversal_noprior
real_buchwald_hartwig,gp_ucb,29075,99.6191,85.7726,0.3809,1,heldout,
real_buchwald_hartwig,llambo_warmstart_counter_source_acid_halide_reversal_noprior,29075,96.1323,90.1601,3.8677,0,heldout,
real_buchwald_hartwig,llambo_warmstart_selector,29075,96.1323,90.1601,3.8677,0,heldout,llambo_warmstart_counter_source_acid_halide_reversal_noprior
real_buchwald_hartwig,llm_calibrated_selector,29075,80.5828,71.6256,19.4172,0,heldout,llm_semantic_counter_source_acid_halide_reversal_noprior
real_buchwald_hartwig,llm_direct_prior_counter_source_acid_halide_reversal_noprior,29075,97.5685,91.2135,2.4315,1,heldout,
real_buchwald_hartwig,llm_direct_prior_selector,29075,97.5685,91.2135,2.4315,1,heldout,llm_direct_prior_counter_source_acid_halide_reversal_noprior
real_buchwald_hartwig,llm_semantic_counter_source_acid_halide_reversal_noprior,29075,80.5828,71.6256,19.4172,0,heldout,
real_buchwald_hartwig,mixed_kernel_gp_ei,29075,99.6191,87.5337,0.3809,1,heldout,
real_buchwald_hartwig,target_acquisition_portfolio,29075,99.6191,87.8245,0.3809,1,heldout,
real_buchwald_hartwig,care_strategy_router,29076,94.6911,90.6688,5.3089,0,heldout,llm_direct_prior_counter_source_acid_halide_reversal_noprior
real_buchwald_hartwig,gp_ucb,29076,83.7372,80.1144,16.2628,0,heldout,
real_buchwald_hartwig,llambo_warmstart_counter_source_acid_halide_reversal_noprior,29076,71.0972,70.0645,28.9028,0,heldout,
real_buchwald_hartwig,llambo_warmstart_selector,29076,71.0972,70.0645,28.9028,0,heldout,llambo_warmstart_counter_source_acid_halide_reversal_noprior
real_buchwald_hartwig,llm_calibrated_selector,29076,81.6307,75.5798,18.3693,0,heldout,llm_semantic_counter_source_acid_halide_reversal_noprior
real_buchwald_hartwig,llm_direct_prior_counter_source_acid_halide_reversal_noprior,29076,94.6911,90.6688,5.3089,0,heldout,
real_buchwald_hartwig,llm_direct_prior_selector,29076,94.6911,90.6688,5.3089,0,heldout,llm_direct_prior_counter_source_acid_halide_reversal_noprior
real_buchwald_hartwig,llm_semantic_counter_source_acid_halide_reversal_noprior,29076,81.6307,75.5798,18.3693,0,heldout,
real_buchwald_hartwig,mixed_kernel_gp_ei,29076,83.7372,80.1144,16.2628,0,heldout,
real_buchwald_hartwig,target_acquisition_portfolio,29076,83.7372,80.1144,16.2628,0,heldout,
real_buchwald_hartwig,care_strategy_router,29077,97.5685,95.5606,2.4315,1,heldout,llm_direct_prior_counter_source_acid_halide_reversal_noprior
real_buchwald_hartwig,gp_ucb,29077,89.4195,88.4743,10.5805,0,heldout,
real_buchwald_hartwig,llambo_warmstart_counter_source_acid_halide_reversal_noprior,29077,100.0,86.7441,0.0,1,heldout,
real_buchwald_hartwig,llambo_warmstart_selector,29077,100.0,86.7441,0.0,1,heldout,llambo_warmstart_counter_source_acid_halide_reversal_noprior
real_buchwald_hartwig,llm_calibrated_selector,29077,100.0,97.5058,0.0,1,heldout,llm_semantic_counter_source_acid_halide_reversal_noprior
real_buchwald_hartwig,llm_direct_prior_counter_source_acid_halide_reversal_noprior,29077,97.5685,95.5606,2.4315,1,heldout,
real_buchwald_hartwig,llm_direct_prior_selector,29077,97.5685,95.5606,2.4315,1,heldout,llm_direct_prior_counter_source_acid_halide_reversal_noprior
real_buchwald_hartwig,llm_semantic_counter_source_acid_halide_reversal_noprior,29077,100.0,97.5058,0.0,1,heldout,
real_buchwald_hartwig,mixed_kernel_gp_ei,29077,89.4195,88.4743,10.5805,0,heldout,
real_buchwald_hartwig,target_acquisition_portfolio,29077,89.4195,88.4743,10.5805,0,heldout,
real_buchwald_hartwig,care_strategy_router,29078,97.5685,86.0306,2.4315,1,heldout,llm_direct_prior_counter_source_acid_halide_reversal_noprior
real_buchwald_hartwig,gp_ucb,29078,100.0,86.402,0.0,1,heldout,
real_buchwald_hartwig,llambo_warmstart_counter_source_acid_halide_reversal_noprior,29078,100.0,100.0,0.0,1,heldout,
real_buchwald_hartwig,llambo_warmstart_selector,29078,100.0,100.0,0.0,1,heldout,llambo_warmstart_counter_source_acid_halide_reversal_noprior
real_buchwald_hartwig,llm_calibrated_selector,29078,100.0,81.5976,0.0,1,heldout,llm_semantic_counter_source_acid_halide_reversal_noprior
real_buchwald_hartwig,llm_direct_prior_counter_source_acid_halide_reversal_noprior,29078,97.5685,86.0306,2.4315,1,heldout,
real_buchwald_hartwig,llm_direct_prior_selector,29078,97.5685,86.0306,2.4315,1,heldout,llm_direct_prior_counter_source_acid_halide_reversal_noprior
real_buchwald_hartwig,llm_semantic_counter_source_acid_halide_reversal_noprior,29078,100.0,81.5976,0.0,1,heldout,
real_buchwald_hartwig,mixed_kernel_gp_ei,29078,83.2944,82.8273,16.7056,0,heldout,
real_buchwald_hartwig,target_acquisition_portfolio,29078,98.8492,87.3655,1.1508,1,heldout,
real_buchwald_hartwig,care_strategy_router,29079,97.5685,84.7159,2.4315,1,heldout,llm_direct_prior_counter_source_acid_halide_reversal_noprior
real_buchwald_hartwig,gp_ucb,29079,100.0,95.7927,0.0,1,heldout,
real_buchwald_hartwig,llambo_warmstart_counter_source_acid_halide_reversal_noprior,29079,93.5641,88.8046,6.4359,0,heldout,
real_buchwald_hartwig,llambo_warmstart_selector,29079,93.5641,88.8046,6.4359,0,heldout,llambo_warmstart_counter_source_acid_halide_reversal_noprior
real_buchwald_hartwig,llm_calibrated_selector,29079,80.7866,80.7866,19.2134,0,heldout,llm_semantic_counter_source_acid_halide_reversal_noprior
real_buchwald_hartwig,llm_direct_prior_counter_source_acid_halide_reversal_noprior,29079,97.5685,84.7159,2.4315,1,heldout,
real_buchwald_hartwig,llm_direct_prior_selector,29079,97.5685,84.7159,2.4315,1,heldout,llm_direct_prior_counter_source_acid_halide_reversal_noprior
real_buchwald_hartwig,llm_semantic_counter_source_acid_halide_reversal_noprior,29079,80.7866,80.7866,19.2134,0,heldout,
real_buchwald_hartwig,mixed_kernel_gp_ei,29079,100.0,95.7927,0.0,1,heldout,
real_buchwald_hartwig,target_acquisition_portfolio,29079,100.0,95.7927,0.0,1,heldout,
real_buchwald_hartwig,care_strategy_router,29080,93.4211,89.8143,6.5789,0,heldout,llm_direct_prior_counter_source_acid_halide_reversal_noprior
real_buchwald_hartwig,gp_ucb,29080,86.8997,86.7346,13.1003,0,heldout,
real_buchwald_hartwig,llambo_warmstart_counter_source_acid_halide_reversal_noprior,29080,93.5641,92.7479,6.4359,0,heldout,
real_buchwald_hartwig,llambo_warmstart_selector,29080,93.5641,92.7479,6.4359,0,heldout,llambo_warmstart_counter_source_acid_halide_reversal_noprior
real_buchwald_hartwig,llm_calibrated_selector,29080,86.7621,70.3944,13.2379,0,heldout,llm_semantic_counter_source_acid_halide_reversal_noprior
real_buchwald_hartwig,llm_direct_prior_counter_source_acid_halide_reversal_noprior,29080,93.4211,89.8143,6.5789,0,heldout,
real_buchwald_hartwig,llm_direct_prior_selector,29080,93.4211,89.8143,6.5789,0,heldout,llm_direct_prior_counter_source_acid_halide_reversal_noprior
real_buchwald_hartwig,llm_semantic_counter_source_acid_halide_reversal_noprior,29080,86.7621,70.3944,13.2379,0,heldout,
real_buchwald_hartwig,mixed_kernel_gp_ei,29080,86.8997,86.7346,13.1003,0,heldout,
real_buchwald_hartwig,target_acquisition_portfolio,29080,86.8997,86.7346,13.1003,0,heldout,
real_buchwald_hartwig,care_strategy_router,29081,94.3462,93.8681,5.6538,0,heldout,llm_direct_prior_counter_source_acid_halide_reversal_noprior
real_buchwald_hartwig,gp_ucb,29081,93.7486,93.7486,6.2514,0,heldout,
real_buchwald_hartwig,llambo_warmstart_counter_source_acid_halide_reversal_noprior,29081,99.6191,94.4352,0.3809,1,heldout,
real_buchwald_hartwig,llambo_warmstart_selector,29081,99.6191,94.4352,0.3809,1,heldout,llambo_warmstart_counter_source_acid_halide_reversal_noprior
real_buchwald_hartwig,llm_calibrated_selector,29081,93.7486,93.7486,6.2514,0,heldout,llm_semantic_counter_source_acid_halide_reversal_noprior
real_buchwald_hartwig,llm_direct_prior_counter_source_acid_halide_reversal_noprior,29081,94.3462,93.8681,5.6538,0,heldout,
real_buchwald_hartwig,llm_direct_prior_selector,29081,94.3462,93.8681,5.6538,0,heldout,llm_direct_prior_counter_source_acid_halide_reversal_noprior
real_buchwald_hartwig,llm_semantic_counter_source_acid_halide_reversal_noprior,29081,93.7486,93.7486,6.2514,0,heldout,
real_buchwald_hartwig,mixed_kernel_gp_ei,29081,94.8799,93.8617,5.1201,0,heldout,
real_buchwald_hartwig,target_acquisition_portfolio,29081,93.7486,93.7486,6.2514,0,heldout,
real_buchwald_hartwig,care_strategy_router,29082,98.7313,92.1613,1.2687,1,heldout,llm_direct_prior_counter_source_acid_halide_reversal_noprior
real_buchwald_hartwig,gp_ucb,29082,93.5641,88.2634,6.4359,0,heldout,
real_buchwald_hartwig,llambo_warmstart_counter_source_acid_halide_reversal_noprior,29082,89.5592,82.1425,10.4408,0,heldout,
real_buchwald_hartwig,llambo_warmstart_selector,29082,89.5592,82.1425,10.4408,0,heldout,llambo_warmstart_counter_source_acid_halide_reversal_noprior
real_buchwald_hartwig,llm_calibrated_selector,29082,93.0995,86.9922,6.9005,0,heldout,llm_semantic_counter_source_acid_halide_reversal_noprior
real_buchwald_hartwig,llm_direct_prior_counter_source_acid_halide_reversal_noprior,29082,98.7313,92.1613,1.2687,1,heldout,
real_buchwald_hartwig,llm_direct_prior_selector,29082,98.7313,92.1613,1.2687,1,heldout,llm_direct_prior_counter_source_acid_halide_reversal_noprior
real_buchwald_hartwig,llm_semantic_counter_source_acid_halide_reversal_noprior,29082,93.0995,86.9922,6.9005,0,heldout,
real_buchwald_hartwig,mixed_kernel_gp_ei,29082,93.5641,88.2634,6.4359,0,heldout,
real_buchwald_hartwig,target_acquisition_portfolio,29082,93.5641,88.2634,6.4359,0,heldout,
real_buchwald_hartwig,care_strategy_router,29083,97.5685,88.5617,2.4315,1,heldout,llm_direct_prior_counter_source_acid_halide_reversal_noprior
real_buchwald_hartwig,gp_ucb,29083,99.0345,93.5547,0.9655,1,heldout,
real_buchwald_hartwig,llambo_warmstart_counter_source_acid_halide_reversal_noprior,29083,93.0326,87.3713,6.9674,0,heldout,
real_buchwald_hartwig,llambo_warmstart_selector,29083,93.0326,87.3713,6.9674,0,heldout,llambo_warmstart_counter_source_acid_halide_reversal_noprior
real_buchwald_hartwig,llm_calibrated_selector,29083,90.3173,89.7557,9.6827,0,heldout,llm_semantic_counter_source_acid_halide_reversal_noprior
real_buchwald_hartwig,llm_direct_prior_counter_source_acid_halide_reversal_noprior,29083,97.5685,88.5617,2.4315,1,heldout,
real_buchwald_hartwig,llm_direct_prior_selector,29083,97.5685,88.5617,2.4315,1,heldout,llm_direct_prior_counter_source_acid_halide_reversal_noprior
real_buchwald_hartwig,llm_semantic_counter_source_acid_halide_reversal_noprior,29083,90.3173,89.7557,9.6827,0,heldout,
real_buchwald_hartwig,mixed_kernel_gp_ei,29083,91.0563,85.5529,8.9437,0,heldout,
real_buchwald_hartwig,target_acquisition_portfolio,29083,90.9905,90.9905,9.0095,0,heldout,
real_buchwald_hartwig,care_strategy_router,29084,98.7313,94.3474,1.2687,1,heldout,llm_direct_prior_counter_source_acid_halide_reversal_noprior
real_buchwald_hartwig,gp_ucb,29084,94.1517,77.0719,5.8483,0,heldout,
real_buchwald_hartwig,llambo_warmstart_counter_source_acid_halide_reversal_noprior,29084,100.0,87.7916,0.0,1,heldout,
real_buchwald_hartwig,llambo_warmstart_selector,29084,100.0,87.7916,0.0,1,heldout,llambo_warmstart_counter_source_acid_halide_reversal_noprior
real_buchwald_hartwig,llm_calibrated_selector,29084,93.0289,76.9862,6.9711,0,heldout,llm_semantic_counter_source_acid_halide_reversal_noprior
real_buchwald_hartwig,llm_direct_prior_counter_source_acid_halide_reversal_noprior,29084,98.7313,94.3474,1.2687,1,heldout,
real_buchwald_hartwig,llm_direct_prior_selector,29084,98.7313,94.3474,1.2687,1,heldout,llm_direct_prior_counter_source_acid_halide_reversal_noprior
real_buchwald_hartwig,llm_semantic_counter_source_acid_halide_reversal_noprior,29084,93.0289,76.9862,6.9711,0,heldout,
real_buchwald_hartwig,mixed_kernel_gp_ei,29084,98.1771,80.6072,1.8229,1,heldout,
real_buchwald_hartwig,target_acquisition_portfolio,29084,94.1517,77.0719,5.8483,0,heldout,
real_buchwald_hartwig,care_strategy_router,29085,100.0,94.7211,0.0,1,heldout,llm_direct_prior_counter_source_acid_halide_reversal_noprior
real_buchwald_hartwig,gp_ucb,29085,100.0,95.2188,0.0,1,heldout,
real_buchwald_hartwig,llambo_warmstart_counter_source_acid_halide_reversal_noprior,29085,85.6836,85.6836,14.3164,0,heldout,
real_buchwald_hartwig,llambo_warmstart_selector,29085,85.6836,85.6836,14.3164,0,heldout,llambo_warmstart_counter_source_acid_halide_reversal_noprior
real_buchwald_hartwig,llm_calibrated_selector,29085,100.0,82.6811,0.0,1,heldout,llm_semantic_counter_source_acid_halide_reversal_noprior
real_buchwald_hartwig,llm_direct_prior_counter_source_acid_halide_reversal_noprior,29085,100.0,94.7211,0.0,1,heldout,
real_buchwald_hartwig,llm_direct_prior_selector,29085,100.0,94.7211,0.0,1,heldout,llm_direct_prior_counter_source_acid_halide_reversal_noprior
real_buchwald_hartwig,llm_semantic_counter_source_acid_halide_reversal_noprior,29085,100.0,82.6811,0.0,1,heldout,
real_buchwald_hartwig,mixed_kernel_gp_ei,29085,100.0,94.4121,0.0,1,heldout,
real_buchwald_hartwig,target_acquisition_portfolio,29085,100.0,94.4121,0.0,1,heldout,
real_buchwald_hartwig,care_strategy_router,29086,97.5685,91.5997,2.4315,1,heldout,llm_direct_prior_counter_source_acid_halide_reversal_noprior
real_buchwald_hartwig,gp_ucb,29086,95.7526,81.8468,4.2474,0,heldout,
real_buchwald_hartwig,llambo_warmstart_counter_source_acid_halide_reversal_noprior,29086,100.0,97.6594,0.0,1,heldout,
real_buchwald_hartwig,llambo_warmstart_selector,29086,100.0,97.6594,0.0,1,heldout,llambo_warmstart_counter_source_acid_halide_reversal_noprior
real_buchwald_hartwig,llm_calibrated_selector,29086,88.5139,72.4393,11.4861,0,heldout,llm_semantic_counter_source_acid_halide_reversal_noprior
real_buchwald_hartwig,llm_direct_prior_counter_source_acid_halide_reversal_noprior,29086,97.5685,91.5997,2.4315,1,heldout,
real_buchwald_hartwig,llm_direct_prior_selector,29086,97.5685,91.5997,2.4315,1,heldout,llm_direct_prior_counter_source_acid_halide_reversal_noprior
real_buchwald_hartwig,llm_semantic_counter_source_acid_halide_reversal_noprior,29086,88.5139,72.4393,11.4861,0,heldout,
real_buchwald_hartwig,mixed_kernel_gp_ei,29086,95.7526,81.8468,4.2474,0,heldout,
real_buchwald_hartwig,target_acquisition_portfolio,29086,95.0702,81.7103,4.9298,0,heldout,
real_buchwald_hartwig,care_strategy_router,29087,79.8903,73.9828,20.1097,0,heldout,llm_direct_prior_counter_source_acid_halide_reversal_noprior
real_buchwald_hartwig,gp_ucb,29087,91.6984,86.8123,8.3016,0,heldout,
real_buchwald_hartwig,llambo_warmstart_counter_source_acid_halide_reversal_noprior,29087,94.3462,69.4396,5.6538,0,heldout,
real_buchwald_hartwig,llambo_warmstart_selector,29087,94.3462,69.4396,5.6538,0,heldout,llambo_warmstart_counter_source_acid_halide_reversal_noprior
real_buchwald_hartwig,llm_calibrated_selector,29087,79.3465,74.81,20.6535,0,heldout,llm_semantic_counter_source_acid_halide_reversal_noprior
real_buchwald_hartwig,llm_direct_prior_counter_source_acid_halide_reversal_noprior,29087,79.8903,73.9828,20.1097,0,heldout,
real_buchwald_hartwig,llm_direct_prior_selector,29087,79.8903,73.9828,20.1097,0,heldout,llm_direct_prior_counter_source_acid_halide_reversal_noprior
real_buchwald_hartwig,llm_semantic_counter_source_acid_halide_reversal_noprior,29087,79.3465,74.81,20.6535,0,heldout,
real_buchwald_hartwig,mixed_kernel_gp_ei,29087,86.7621,83.6193,13.2379,0,heldout,
real_buchwald_hartwig,target_acquisition_portfolio,29087,86.7621,83.6193,13.2379,0,heldout,
real_buchwald_hartwig,care_strategy_router,29088,73.0629,72.1262,26.9371,0,heldout,llm_direct_prior_counter_source_acid_halide_reversal_noprior
real_buchwald_hartwig,gp_ucb,29088,83.3036,67.6167,16.6964,0,heldout,
real_buchwald_hartwig,llambo_warmstart_counter_source_acid_halide_reversal_noprior,29088,80.5818,78.7868,19.4182,0,heldout,
real_buchwald_hartwig,llambo_warmstart_selector,29088,80.5818,78.7868,19.4182,0,heldout,llambo_warmstart_counter_source_acid_halide_reversal_noprior
real_buchwald_hartwig,llm_calibrated_selector,29088,64.5617,64.1289,35.4383,0,heldout,llm_semantic_counter_source_acid_halide_reversal_noprior
real_buchwald_hartwig,llm_direct_prior_counter_source_acid_halide_reversal_noprior,29088,73.0629,72.1262,26.9371,0,heldout,
real_buchwald_hartwig,llm_direct_prior_selector,29088,73.0629,72.1262,26.9371,0,heldout,llm_direct_prior_counter_source_acid_halide_reversal_noprior
real_buchwald_hartwig,llm_semantic_counter_source_acid_halide_reversal_noprior,29088,64.5617,64.1289,35.4383,0,heldout,
real_buchwald_hartwig,mixed_kernel_gp_ei,29088,88.2464,69.9256,11.7536,0,heldout,
real_buchwald_hartwig,target_acquisition_portfolio,29088,88.2464,68.79,11.7536,0,heldout,
real_buchwald_hartwig,care_strategy_router,29089,88.5139,88.5139,11.4861,0,heldout,llm_direct_prior_counter_source_acid_halide_reversal_noprior
real_buchwald_hartwig,gp_ucb,29089,96.1323,89.0171,3.8677,0,heldout,
real_buchwald_hartwig,llambo_warmstart_counter_source_acid_halide_reversal_noprior,29089,94.5498,94.3204,5.4502,0,heldout,
real_buchwald_hartwig,llambo_warmstart_selector,29089,94.5498,94.3204,5.4502,0,heldout,llambo_warmstart_counter_source_acid_halide_reversal_noprior
real_buchwald_hartwig,llm_calibrated_selector,29089,86.4971,77.3394,13.5029,0,heldout,llm_semantic_counter_source_acid_halide_reversal_noprior
real_buchwald_hartwig,llm_direct_prior_counter_source_acid_halide_reversal_noprior,29089,88.5139,88.5139,11.4861,0,heldout,
real_buchwald_hartwig,llm_direct_prior_selector,29089,88.5139,88.5139,11.4861,0,heldout,llm_direct_prior_counter_source_acid_halide_reversal_noprior
real_buchwald_hartwig,llm_semantic_counter_source_acid_halide_reversal_noprior,29089,86.4971,77.3394,13.5029,0,heldout,
real_buchwald_hartwig,mixed_kernel_gp_ei,29089,96.1323,88.2553,3.8677,0,heldout,
real_buchwald_hartwig,target_acquisition_portfolio,29089,96.1323,88.2553,3.8677,0,heldout,
real_buchwald_hartwig,care_strategy_router,29090,100.0,96.2375,0.0,1,heldout,llm_direct_prior_counter_source_acid_halide_reversal_noprior
real_buchwald_hartwig,gp_ucb,29090,98.8492,96.9912,1.1508,1,heldout,
real_buchwald_hartwig,llambo_warmstart_counter_source_acid_halide_reversal_noprior,29090,95.3865,88.031,4.6135,0,heldout,
real_buchwald_hartwig,llambo_warmstart_selector,29090,95.3865,88.031,4.6135,0,heldout,llambo_warmstart_counter_source_acid_halide_reversal_noprior
real_buchwald_hartwig,llm_calibrated_selector,29090,91.511,86.5542,8.489,0,heldout,llm_semantic_counter_source_acid_halide_reversal_noprior
real_buchwald_hartwig,llm_direct_prior_counter_source_acid_halide_reversal_noprior,29090,100.0,96.2375,0.0,1,heldout,
real_buchwald_hartwig,llm_direct_prior_selector,29090,100.0,96.2375,0.0,1,heldout,llm_direct_prior_counter_source_acid_halide_reversal_noprior
real_buchwald_hartwig,llm_semantic_counter_source_acid_halide_reversal_noprior,29090,91.511,86.5542,8.489,0,heldout,
real_buchwald_hartwig,mixed_kernel_gp_ei,29090,95.7526,95.7526,4.2474,0,heldout,
real_buchwald_hartwig,target_acquisition_portfolio,29090,95.7526,95.7526,4.2474,0,heldout,
real_buchwald_hartwig,care_strategy_router,29091,97.5685,97.5685,2.4315,1,heldout,llm_direct_prior_counter_source_acid_halide_reversal_noprior
real_buchwald_hartwig,gp_ucb,29091,95.7526,94.9445,4.2474,0,heldout,
real_buchwald_hartwig,llambo_warmstart_counter_source_acid_halide_reversal_noprior,29091,94.6911,94.2199,5.3089,0,heldout,
real_buchwald_hartwig,llambo_warmstart_selector,29091,94.6911,94.2199,5.3089,0,heldout,llambo_warmstart_counter_source_acid_halide_reversal_noprior
real_buchwald_hartwig,llm_calibrated_selector,29091,100.0,98.2455,0.0,1,heldout,llm_semantic_counter_source_acid_halide_reversal_noprior
real_buchwald_hartwig,llm_direct_prior_counter_source_acid_halide_reversal_noprior,29091,97.5685,97.5685,2.4315,1,heldout,
real_buchwald_hartwig,llm_direct_prior_selector,29091,97.5685,97.5685,2.4315,1,heldout,llm_direct_prior_counter_source_acid_halide_reversal_noprior
real_buchwald_hartwig,llm_semantic_counter_source_acid_halide_reversal_noprior,29091,100.0,98.2455,0.0,1,heldout,
real_buchwald_hartwig,mixed_kernel_gp_ei,29091,98.1771,95.6642,1.8229,1,heldout,
real_buchwald_hartwig,target_acquisition_portfolio,29091,98.1771,95.6642,1.8229,1,heldout,
real_buchwald_hartwig,care_strategy_router,29092,93.4211,75.6785,6.5789,0,heldout,llm_direct_prior_counter_source_acid_halide_reversal_noprior
real_buchwald_hartwig,gp_ucb,29092,49.0165,43.8434,50.9835,0,heldout,
real_buchwald_hartwig,llambo_warmstart_counter_source_acid_halide_reversal_noprior,29092,98.1771,95.7403,1.8229,1,heldout,
real_buchwald_hartwig,llambo_warmstart_selector,29092,98.1771,95.7403,1.8229,1,heldout,llambo_warmstart_counter_source_acid_halide_reversal_noprior
real_buchwald_hartwig,llm_calibrated_selector,29092,66.4828,51.1553,33.5172,0,heldout,llm_semantic_counter_source_acid_halide_reversal_noprior
real_buchwald_hartwig,llm_direct_prior_counter_source_acid_halide_reversal_noprior,29092,93.4211,75.6785,6.5789,0,heldout,
real_buchwald_hartwig,llm_direct_prior_selector,29092,93.4211,75.6785,6.5789,0,heldout,llm_direct_prior_counter_source_acid_halide_reversal_noprior
real_buchwald_hartwig,llm_semantic_counter_source_acid_halide_reversal_noprior,29092,66.4828,51.1553,33.5172,0,heldout,
real_buchwald_hartwig,mixed_kernel_gp_ei,29092,79.3705,58.3476,20.6295,0,heldout,
real_buchwald_hartwig,target_acquisition_portfolio,29092,89.2167,65.5637,10.7833,0,heldout,
real_buchwald_hartwig,care_strategy_router,29093,94.6911,94.0561,5.3089,0,heldout,llm_direct_prior_counter_source_acid_halide_reversal_noprior
real_buchwald_hartwig,gp_ucb,29093,93.1012,80.2141,6.8988,0,heldout,
real_buchwald_hartwig,llambo_warmstart_counter_source_acid_halide_reversal_noprior,29093,91.0563,86.8607,8.9437,0,heldout,
real_buchwald_hartwig,llambo_warmstart_selector,29093,91.0563,86.8607,8.9437,0,heldout,llambo_warmstart_counter_source_acid_halide_reversal_noprior
real_buchwald_hartwig,llm_calibrated_selector,29093,98.2872,84.1232,1.7128,1,heldout,llm_semantic_counter_source_acid_halide_reversal_noprior
real_buchwald_hartwig,llm_direct_prior_counter_source_acid_halide_reversal_noprior,29093,94.6911,94.0561,5.3089,0,heldout,
real_buchwald_hartwig,llm_direct_prior_selector,29093,94.6911,94.0561,5.3089,0,heldout,llm_direct_prior_counter_source_acid_halide_reversal_noprior
real_buchwald_hartwig,llm_semantic_counter_source_acid_halide_reversal_noprior,29093,98.2872,84.1232,1.7128,1,heldout,
real_buchwald_hartwig,mixed_kernel_gp_ei,29093,92.659,87.2147,7.341,0,heldout,
real_buchwald_hartwig,target_acquisition_portfolio,29093,93.1012,81.1039,6.8988,0,heldout,
real_buchwald_hartwig,care_strategy_router,29094,79.8903,79.3013,20.1097,0,heldout,llm_direct_prior_counter_source_acid_halide_reversal_noprior
real_buchwald_hartwig,gp_ucb,29094,89.6142,83.2403,10.3858,0,heldout,
real_buchwald_hartwig,llambo_warmstart_counter_source_acid_halide_reversal_noprior,29094,92.0032,86.2907,7.9968,0,heldout,
real_buchwald_hartwig,llambo_warmstart_selector,29094,92.0032,86.2907,7.9968,0,heldout,llambo_warmstart_counter_source_acid_halide_reversal_noprior
real_buchwald_hartwig,llm_calibrated_selector,29094,95.6759,87.9667,4.3241,0,heldout,llm_semantic_counter_source_acid_halide_reversal_noprior
real_buchwald_hartwig,llm_direct_prior_counter_source_acid_halide_reversal_noprior,29094,79.8903,79.3013,20.1097,0,heldout,
real_buchwald_hartwig,llm_direct_prior_selector,29094,79.8903,79.3013,20.1097,0,heldout,llm_direct_prior_counter_source_acid_halide_reversal_noprior
real_buchwald_hartwig,llm_semantic_counter_source_acid_halide_reversal_noprior,29094,95.6759,87.9667,4.3241,0,heldout,
real_buchwald_hartwig,mixed_kernel_gp_ei,29094,89.5592,85.5712,10.4408,0,heldout,
real_buchwald_hartwig,target_acquisition_portfolio,29094,89.5592,85.844,10.4408,0,heldout,
real_buchwald_hartwig,care_strategy_router,29095,97.5685,91.528,2.4315,1,heldout,llm_direct_prior_counter_source_acid_halide_reversal_noprior
real_buchwald_hartwig,gp_ucb,29095,95.7526,89.0987,4.2474,0,heldout,
real_buchwald_hartwig,llambo_warmstart_counter_source_acid_halide_reversal_noprior,29095,92.7237,92.7237,7.2763,0,heldout,
real_buchwald_hartwig,llambo_warmstart_selector,29095,92.7237,92.7237,7.2763,0,heldout,llambo_warmstart_counter_source_acid_halide_reversal_noprior
real_buchwald_hartwig,llm_calibrated_selector,29095,95.3865,83.0218,4.6135,0,heldout,llm_semantic_counter_source_acid_halide_reversal_noprior
real_buchwald_hartwig,llm_direct_prior_counter_source_acid_halide_reversal_noprior,29095,97.5685,91.528,2.4315,1,heldout,
real_buchwald_hartwig,llm_direct_prior_selector,29095,97.5685,91.528,2.4315,1,heldout,llm_direct_prior_counter_source_acid_halide_reversal_noprior
real_buchwald_hartwig,llm_semantic_counter_source_acid_halide_reversal_noprior,29095,95.3865,83.0218,4.6135,0,heldout,
real_buchwald_hartwig,mixed_kernel_gp_ei,29095,95.7526,88.4131,4.2474,0,heldout,
real_buchwald_hartwig,target_acquisition_portfolio,29095,95.7526,92.3296,4.2474,0,heldout,
real_buchwald_hartwig,care_strategy_router,29096,100.0,90.7455,0.0,1,heldout,llm_direct_prior_counter_source_acid_halide_reversal_noprior
real_buchwald_hartwig,gp_ucb,29096,83.3036,78.9796,16.6964,0,heldout,
real_buchwald_hartwig,llambo_warmstart_counter_source_acid_halide_reversal_noprior,29096,88.3083,86.8173,11.6917,0,heldout,
real_buchwald_hartwig,llambo_warmstart_selector,29096,88.3083,86.8173,11.6917,0,heldout,llambo_warmstart_counter_source_acid_halide_reversal_noprior
real_buchwald_hartwig,llm_calibrated_selector,29096,83.3036,83.3036,16.6964,0,heldout,llm_semantic_counter_source_acid_halide_reversal_noprior
real_buchwald_hartwig,llm_direct_prior_counter_source_acid_halide_reversal_noprior,29096,100.0,90.7455,0.0,1,heldout,
real_buchwald_hartwig,llm_direct_prior_selector,29096,100.0,90.7455,0.0,1,heldout,llm_direct_prior_counter_source_acid_halide_reversal_noprior
real_buchwald_hartwig,llm_semantic_counter_source_acid_halide_reversal_noprior,29096,83.3036,83.3036,16.6964,0,heldout,
real_buchwald_hartwig,mixed_kernel_gp_ei,29096,83.3036,78.9796,16.6964,0,heldout,
real_buchwald_hartwig,target_acquisition_portfolio,29096,83.3036,79.9244,16.6964,0,heldout,
real_buchwald_hartwig,care_strategy_router,29097,95.3865,93.139,4.6135,0,heldout,llm_direct_prior_counter_source_acid_halide_reversal_noprior
real_buchwald_hartwig,gp_ucb,29097,100.0,96.9077,0.0,1,heldout,
real_buchwald_hartwig,llambo_warmstart_counter_source_acid_halide_reversal_noprior,29097,83.3036,83.2415,16.6964,0,heldout,
real_buchwald_hartwig,llambo_warmstart_selector,29097,83.3036,83.2415,16.6964,0,heldout,llambo_warmstart_counter_source_acid_halide_reversal_noprior
real_buchwald_hartwig,llm_calibrated_selector,29097,90.3173,86.2721,9.6827,0,heldout,llm_semantic_counter_source_acid_halide_reversal_noprior
real_buchwald_hartwig,llm_direct_prior_counter_source_acid_halide_reversal_noprior,29097,95.3865,93.139,4.6135,0,heldout,
real_buchwald_hartwig,llm_direct_prior_selector,29097,95.3865,93.139,4.6135,0,heldout,llm_direct_prior_counter_source_acid_halide_reversal_noprior
real_buchwald_hartwig,llm_semantic_counter_source_acid_halide_reversal_noprior,29097,90.3173,86.2721,9.6827,0,heldout,
real_buchwald_hartwig,mixed_kernel_gp_ei,29097,100.0,96.9077,0.0,1,heldout,
real_buchwald_hartwig,target_acquisition_portfolio,29097,100.0,96.9077,0.0,1,heldout,
real_buchwald_hartwig,care_strategy_router,29098,93.4211,87.4308,6.5789,0,heldout,llm_direct_prior_counter_source_acid_halide_reversal_noprior
real_buchwald_hartwig,gp_ucb,29098,76.31,67.2735,23.69,0,heldout,
real_buchwald_hartwig,llambo_warmstart_counter_source_acid_halide_reversal_noprior,29098,98.2872,98.2872,1.7128,1,heldout,
real_buchwald_hartwig,llambo_warmstart_selector,29098,98.2872,98.2872,1.7128,1,heldout,llambo_warmstart_counter_source_acid_halide_reversal_noprior
real_buchwald_hartwig,llm_calibrated_selector,29098,83.385,82.0664,16.615,0,heldout,llm_semantic_counter_source_acid_halide_reversal_noprior
real_buchwald_hartwig,llm_direct_prior_counter_source_acid_halide_reversal_noprior,29098,93.4211,87.4308,6.5789,0,heldout,
real_buchwald_hartwig,llm_direct_prior_selector,29098,93.4211,87.4308,6.5789,0,heldout,llm_direct_prior_counter_source_acid_halide_reversal_noprior
real_buchwald_hartwig,llm_semantic_counter_source_acid_halide_reversal_noprior,29098,83.385,82.0664,16.615,0,heldout,
real_buchwald_hartwig,mixed_kernel_gp_ei,29098,85.6592,69.5436,14.3408,0,heldout,
real_buchwald_hartwig,target_acquisition_portfolio,29098,76.31,67.2735,23.69,0,heldout,
real_buchwald_hartwig,care_strategy_router,29099,97.5685,93.6357,2.4315,1,heldout,llm_direct_prior_counter_source_acid_halide_reversal_noprior
real_buchwald_hartwig,gp_ucb,29099,93.0326,81.0772,6.9674,0,heldout,
real_buchwald_hartwig,llambo_warmstart_counter_source_acid_halide_reversal_noprior,29099,97.5685,92.7688,2.4315,1,heldout,
real_buchwald_hartwig,llambo_warmstart_selector,29099,97.5685,92.7688,2.4315,1,heldout,llambo_warmstart_counter_source_acid_halide_reversal_noprior
real_buchwald_hartwig,llm_calibrated_selector,29099,100.0,87.4077,0.0,1,heldout,llm_semantic_counter_source_acid_halide_reversal_noprior
real_buchwald_hartwig,llm_direct_prior_counter_source_acid_halide_reversal_noprior,29099,97.5685,93.6357,2.4315,1,heldout,
real_buchwald_hartwig,llm_direct_prior_selector,29099,97.5685,93.6357,2.4315,1,heldout,llm_direct_prior_counter_source_acid_halide_reversal_noprior
real_buchwald_hartwig,llm_semantic_counter_source_acid_halide_reversal_noprior,29099,100.0,87.4077,0.0,1,heldout,
real_buchwald_hartwig,mixed_kernel_gp_ei,29099,97.2929,92.3062,2.7071,0,heldout,
real_buchwald_hartwig,target_acquisition_portfolio,29099,97.2929,92.3062,2.7071,0,heldout,
real_buchwald_hartwig,care_strategy_router,29100,97.5685,92.0831,2.4315,1,heldout,llm_direct_prior_counter_source_acid_halide_reversal_noprior
real_buchwald_hartwig,gp_ucb,29100,86.5976,86.5976,13.4024,0,heldout,
real_buchwald_hartwig,llambo_warmstart_counter_source_acid_halide_reversal_noprior,29100,100.0,100.0,0.0,1,heldout,
real_buchwald_hartwig,llambo_warmstart_selector,29100,100.0,100.0,0.0,1,heldout,llambo_warmstart_counter_source_acid_halide_reversal_noprior
real_buchwald_hartwig,llm_calibrated_selector,29100,99.6191,87.8997,0.3809,1,heldout,llm_semantic_counter_source_acid_halide_reversal_noprior
real_buchwald_hartwig,llm_direct_prior_counter_source_acid_halide_reversal_noprior,29100,97.5685,92.0831,2.4315,1,heldout,
real_buchwald_hartwig,llm_direct_prior_selector,29100,97.5685,92.0831,2.4315,1,heldout,llm_direct_prior_counter_source_acid_halide_reversal_noprior
real_buchwald_hartwig,llm_semantic_counter_source_acid_halide_reversal_noprior,29100,99.6191,87.8997,0.3809,1,heldout,
real_buchwald_hartwig,mixed_kernel_gp_ei,29100,86.5976,86.5976,13.4024,0,heldout,
real_buchwald_hartwig,target_acquisition_portfolio,29100,86.5976,86.5976,13.4024,0,heldout,
real_buchwald_hartwig,care_strategy_router,29101,100.0,94.8433,0.0,1,heldout,llm_direct_prior_counter_source_acid_halide_reversal_noprior
real_buchwald_hartwig,gp_ucb,29101,83.1495,74.7913,16.8505,0,heldout,
real_buchwald_hartwig,llambo_warmstart_counter_source_acid_halide_reversal_noprior,29101,93.4211,92.8385,6.5789,0,heldout,
real_buchwald_hartwig,llambo_warmstart_selector,29101,93.4211,92.8385,6.5789,0,heldout,llambo_warmstart_counter_source_acid_halide_reversal_noprior
real_buchwald_hartwig,llm_calibrated_selector,29101,91.511,84.5855,8.489,0,heldout,llm_semantic_counter_source_acid_halide_reversal_noprior
real_buchwald_hartwig,llm_direct_prior_counter_source_acid_halide_reversal_noprior,29101,100.0,94.8433,0.0,1,heldout,
real_buchwald_hartwig,llm_direct_prior_selector,29101,100.0,94.8433,0.0,1,heldout,llm_direct_prior_counter_source_acid_halide_reversal_noprior
real_buchwald_hartwig,llm_semantic_counter_source_acid_halide_reversal_noprior,29101,91.511,84.5855,8.489,0,heldout,
real_buchwald_hartwig,mixed_kernel_gp_ei,29101,83.1495,73.3462,16.8505,0,heldout,
real_buchwald_hartwig,target_acquisition_portfolio,29101,83.1495,73.3462,16.8505,0,heldout,
real_buchwald_hartwig,care_strategy_router,29102,88.5139,88.0279,11.4861,0,heldout,llm_direct_prior_counter_source_acid_halide_reversal_noprior
real_buchwald_hartwig,gp_ucb,29102,88.5139,87.4109,11.4861,0,heldout,
real_buchwald_hartwig,llambo_warmstart_counter_source_acid_halide_reversal_noprior,29102,88.5139,85.8667,11.4861,0,heldout,
real_buchwald_hartwig,llambo_warmstart_selector,29102,88.5139,85.8667,11.4861,0,heldout,llambo_warmstart_counter_source_acid_halide_reversal_noprior
real_buchwald_hartwig,llm_calibrated_selector,29102,100.0,95.9491,0.0,1,heldout,llm_semantic_counter_source_acid_halide_reversal_noprior
real_buchwald_hartwig,llm_direct_prior_counter_source_acid_halide_reversal_noprior,29102,88.5139,88.0279,11.4861,0,heldout,
real_buchwald_hartwig,llm_direct_prior_selector,29102,88.5139,88.0279,11.4861,0,heldout,llm_direct_prior_counter_source_acid_halide_reversal_noprior
real_buchwald_hartwig,llm_semantic_counter_source_acid_halide_reversal_noprior,29102,100.0,95.9491,0.0,1,heldout,
real_buchwald_hartwig,mixed_kernel_gp_ei,29102,88.5139,84.5774,11.4861,0,heldout,
real_buchwald_hartwig,target_acquisition_portfolio,29102,88.5139,86.9249,11.4861,0,heldout,
real_buchwald_hartwig,care_strategy_router,29103,98.7313,95.8745,1.2687,1,heldout,llm_direct_prior_counter_source_acid_halide_reversal_noprior
real_buchwald_hartwig,gp_ucb,29103,87.9592,87.5973,12.0408,0,heldout,
real_buchwald_hartwig,llambo_warmstart_counter_source_acid_halide_reversal_noprior,29103,51.1168,50.4305,48.8832,0,heldout,
real_buchwald_hartwig,llambo_warmstart_selector,29103,51.1168,50.4305,48.8832,0,heldout,llambo_warmstart_counter_source_acid_halide_reversal_noprior
real_buchwald_hartwig,llm_calibrated_selector,29103,87.902,86.8746,12.098,0,heldout,llm_semantic_counter_source_acid_halide_reversal_noprior
real_buchwald_hartwig,llm_direct_prior_counter_source_acid_halide_reversal_noprior,29103,98.7313,95.8745,1.2687,1,heldout,
real_buchwald_hartwig,llm_direct_prior_selector,29103,98.7313,95.8745,1.2687,1,heldout,llm_direct_prior_counter_source_acid_halide_reversal_noprior
real_buchwald_hartwig,llm_semantic_counter_source_acid_halide_reversal_noprior,29103,87.902,86.8746,12.098,0,heldout,
real_buchwald_hartwig,mixed_kernel_gp_ei,29103,91.0563,89.0936,8.9437,0,heldout,
real_buchwald_hartwig,target_acquisition_portfolio,29103,93.3108,89.319,6.6892,0,heldout,
real_buchwald_hartwig,care_strategy_router,29104,97.948,97.948,2.052,1,heldout,llm_direct_prior_counter_source_acid_halide_reversal_noprior
real_buchwald_hartwig,gp_ucb,29104,99.0345,99.0345,0.9655,1,heldout,
real_buchwald_hartwig,llambo_warmstart_counter_source_acid_halide_reversal_noprior,29104,98.1771,81.7272,1.8229,1,heldout,
real_buchwald_hartwig,llambo_warmstart_selector,29104,98.1771,81.7272,1.8229,1,heldout,llambo_warmstart_counter_source_acid_halide_reversal_noprior
real_buchwald_hartwig,llm_calibrated_selector,29104,99.6191,98.7835,0.3809,1,heldout,llm_semantic_counter_source_acid_halide_reversal_noprior
real_buchwald_hartwig,llm_direct_prior_counter_source_acid_halide_reversal_noprior,29104,97.948,97.948,2.052,1,heldout,
real_buchwald_hartwig,llm_direct_prior_selector,29104,97.948,97.948,2.052,1,heldout,llm_direct_prior_counter_source_acid_halide_reversal_noprior
real_buchwald_hartwig,llm_semantic_counter_source_acid_halide_reversal_noprior,29104,99.6191,98.7835,0.3809,1,heldout,
real_buchwald_hartwig,mixed_kernel_gp_ei,29104,99.0345,99.0345,0.9655,1,heldout,
real_buchwald_hartwig,target_acquisition_portfolio,29104,99.0345,99.0345,0.9655,1,heldout,
real_buchwald_hartwig,care_strategy_router,29105,97.2929,92.4519,2.7071,0,heldout,llm_direct_prior_counter_source_acid_halide_reversal_noprior
real_buchwald_hartwig,gp_ucb,29105,89.4195,89.1235,10.5805,0,heldout,
real_buchwald_hartwig,llambo_warmstart_counter_source_acid_halide_reversal_noprior,29105,80.1359,80.1359,19.8641,0,heldout,
real_buchwald_hartwig,llambo_warmstart_selector,29105,80.1359,80.1359,19.8641,0,heldout,llambo_warmstart_counter_source_acid_halide_reversal_noprior
real_buchwald_hartwig,llm_calibrated_selector,29105,83.9556,83.1158,16.0444,0,heldout,llm_semantic_counter_source_acid_halide_reversal_noprior
real_buchwald_hartwig,llm_direct_prior_counter_source_acid_halide_reversal_noprior,29105,97.2929,92.4519,2.7071,0,heldout,
real_buchwald_hartwig,llm_direct_prior_selector,29105,97.2929,92.4519,2.7071,0,heldout,llm_direct_prior_counter_source_acid_halide_reversal_noprior
real_buchwald_hartwig,llm_semantic_counter_source_acid_halide_reversal_noprior,29105,83.9556,83.1158,16.0444,0,heldout,
real_buchwald_hartwig,mixed_kernel_gp_ei,29105,93.5641,89.6564,6.4359,0,heldout,
real_buchwald_hartwig,target_acquisition_portfolio,29105,89.4195,88.4979,10.5805,0,heldout,
real_buchwald_hartwig,care_strategy_router,29106,95.129,78.0964,4.871,0,heldout,llm_direct_prior_counter_source_acid_halide_reversal_noprior
real_buchwald_hartwig,gp_ucb,29106,93.5641,90.8067,6.4359,0,heldout,
real_buchwald_hartwig,llambo_warmstart_counter_source_acid_halide_reversal_noprior,29106,95.3865,81.8597,4.6135,0,heldout,
real_buchwald_hartwig,llambo_warmstart_selector,29106,95.3865,81.8597,4.6135,0,heldout,llambo_warmstart_counter_source_acid_halide_reversal_noprior
real_buchwald_hartwig,llm_calibrated_selector,29106,83.1495,75.4941,16.8505,0,heldout,llm_semantic_counter_source_acid_halide_reversal_noprior
real_buchwald_hartwig,llm_direct_prior_counter_source_acid_halide_reversal_noprior,29106,95.129,78.0964,4.871,0,heldout,
real_buchwald_hartwig,llm_direct_prior_selector,29106,95.129,78.0964,4.871,0,heldout,llm_direct_prior_counter_source_acid_halide_reversal_noprior
real_buchwald_hartwig,llm_semantic_counter_source_acid_halide_reversal_noprior,29106,83.1495,75.4941,16.8505,0,heldout,
real_buchwald_hartwig,mixed_kernel_gp_ei,29106,93.5641,90.8067,6.4359,0,heldout,
real_buchwald_hartwig,target_acquisition_portfolio,29106,93.5641,90.8067,6.4359,0,heldout,
real_buchwald_hartwig,care_strategy_router,29107,97.2929,95.9793,2.7071,0,heldout,llm_direct_prior_counter_source_acid_halide_reversal_noprior
real_buchwald_hartwig,gp_ucb,29107,93.3108,93.1073,6.6892,0,heldout,
real_buchwald_hartwig,llambo_warmstart_counter_source_acid_halide_reversal_noprior,29107,89.4195,88.8524,10.5805,0,heldout,
real_buchwald_hartwig,llambo_warmstart_selector,29107,89.4195,88.8524,10.5805,0,heldout,llambo_warmstart_counter_source_acid_halide_reversal_noprior
real_buchwald_hartwig,llm_calibrated_selector,29107,92.9142,92.9142,7.0858,0,heldout,llm_semantic_counter_source_acid_halide_reversal_noprior
real_buchwald_hartwig,llm_direct_prior_counter_source_acid_halide_reversal_noprior,29107,97.2929,95.9793,2.7071,0,heldout,
real_buchwald_hartwig,llm_direct_prior_selector,29107,97.2929,95.9793,2.7071,0,heldout,llm_direct_prior_counter_source_acid_halide_reversal_noprior
real_buchwald_hartwig,llm_semantic_counter_source_acid_halide_reversal_noprior,29107,92.9142,92.9142,7.0858,0,heldout,
real_buchwald_hartwig,mixed_kernel_gp_ei,29107,93.3108,93.1284,6.6892,0,heldout,
real_buchwald_hartwig,target_acquisition_portfolio,29107,93.3108,93.1073,6.6892,0,heldout,
real_buchwald_hartwig,care_strategy_router,29108,100.0,89.4184,0.0,1,heldout,llm_direct_prior_counter_source_acid_halide_reversal_noprior
real_buchwald_hartwig,gp_ucb,29108,90.3714,88.4726,9.6286,0,heldout,
real_buchwald_hartwig,llambo_warmstart_counter_source_acid_halide_reversal_noprior,29108,84.93,82.0467,15.07,0,heldout,
real_buchwald_hartwig,llambo_warmstart_selector,29108,84.93,82.0467,15.07,0,heldout,llambo_warmstart_counter_source_acid_halide_reversal_noprior
real_buchwald_hartwig,llm_calibrated_selector,29108,81.1512,81.0339,18.8488,0,heldout,llm_semantic_counter_source_acid_halide_reversal_noprior
real_buchwald_hartwig,llm_direct_prior_counter_source_acid_halide_reversal_noprior,29108,100.0,89.4184,0.0,1,heldout,
real_buchwald_hartwig,llm_direct_prior_selector,29108,100.0,89.4184,0.0,1,heldout,llm_direct_prior_counter_source_acid_halide_reversal_noprior
real_buchwald_hartwig,llm_semantic_counter_source_acid_halide_reversal_noprior,29108,81.1512,81.0339,18.8488,0,heldout,
real_buchwald_hartwig,mixed_kernel_gp_ei,29108,90.3714,88.4726,9.6286,0,heldout,
real_buchwald_hartwig,target_acquisition_portfolio,29108,90.3714,88.4582,9.6286,0,heldout,
real_buchwald_hartwig,care_strategy_router,29109,100.0,98.8092,0.0,1,heldout,llm_direct_prior_counter_source_acid_halide_reversal_noprior
real_buchwald_hartwig,gp_ucb,29109,99.0345,96.5768,0.9655,1,heldout,
real_buchwald_hartwig,llambo_warmstart_counter_source_acid_halide_reversal_noprior,29109,100.0,92.3146,0.0,1,heldout,
real_buchwald_hartwig,llambo_warmstart_selector,29109,100.0,92.3146,0.0,1,heldout,llambo_warmstart_counter_source_acid_halide_reversal_noprior
real_buchwald_hartwig,llm_calibrated_selector,29109,96.1323,96.1323,3.8677,0,heldout,llm_semantic_counter_source_acid_halide_reversal_noprior
real_buchwald_hartwig,llm_direct_prior_counter_source_acid_halide_reversal_noprior,29109,100.0,98.8092,0.0,1,heldout,
real_buchwald_hartwig,llm_direct_prior_selector,29109,100.0,98.8092,0.0,1,heldout,llm_direct_prior_counter_source_acid_halide_reversal_noprior
real_buchwald_hartwig,llm_semantic_counter_source_acid_halide_reversal_noprior,29109,96.1323,96.1323,3.8677,0,heldout,
real_buchwald_hartwig,mixed_kernel_gp_ei,29109,99.0345,96.5768,0.9655,1,heldout,
real_buchwald_hartwig,target_acquisition_portfolio,29109,99.0345,96.5768,0.9655,1,heldout,
real_buchwald_hartwig,care_strategy_router,29110,93.4211,87.3302,6.5789,0,heldout,llm_direct_prior_counter_source_acid_halide_reversal_noprior
real_buchwald_hartwig,gp_ucb,29110,83.8384,70.465,16.1616,0,heldout,
real_buchwald_hartwig,llambo_warmstart_counter_source_acid_halide_reversal_noprior,29110,99.6191,89.1087,0.3809,1,heldout,
real_buchwald_hartwig,llambo_warmstart_selector,29110,99.6191,89.1087,0.3809,1,heldout,llambo_warmstart_counter_source_acid_halide_reversal_noprior
real_buchwald_hartwig,llm_calibrated_selector,29110,86.7621,71.8195,13.2379,0,heldout,llm_semantic_counter_source_acid_halide_reversal_noprior
real_buchwald_hartwig,llm_direct_prior_counter_source_acid_halide_reversal_noprior,29110,93.4211,87.3302,6.5789,0,heldout,
real_buchwald_hartwig,llm_direct_prior_selector,29110,93.4211,87.3302,6.5789,0,heldout,llm_direct_prior_counter_source_acid_halide_reversal_noprior
real_buchwald_hartwig,llm_semantic_counter_source_acid_halide_reversal_noprior,29110,86.7621,71.8195,13.2379,0,heldout,
real_buchwald_hartwig,mixed_kernel_gp_ei,29110,94.6911,81.0669,5.3089,0,heldout,
real_buchwald_hartwig,target_acquisition_portfolio,29110,77.6669,71.0413,22.3331,0,heldout,
real_buchwald_hartwig,care_strategy_router,29111,93.4211,91.9031,6.5789,0,heldout,llm_direct_prior_counter_source_acid_halide_reversal_noprior
real_buchwald_hartwig,gp_ucb,29111,93.3108,91.7585,6.6892,0,heldout,
real_buchwald_hartwig,llambo_warmstart_counter_source_acid_halide_reversal_noprior,29111,91.6984,91.6984,8.3016,0,heldout,
real_buchwald_hartwig,llambo_warmstart_selector,29111,91.6984,91.6984,8.3016,0,heldout,llambo_warmstart_counter_source_acid_halide_reversal_noprior
real_buchwald_hartwig,llm_calibrated_selector,29111,78.6335,78.6335,21.3665,0,heldout,llm_semantic_counter_source_acid_halide_reversal_noprior
real_buchwald_hartwig,llm_direct_prior_counter_source_acid_halide_reversal_noprior,29111,93.4211,91.9031,6.5789,0,heldout,
real_buchwald_hartwig,llm_direct_prior_selector,29111,93.4211,91.9031,6.5789,0,heldout,llm_direct_prior_counter_source_acid_halide_reversal_noprior
real_buchwald_hartwig,llm_semantic_counter_source_acid_halide_reversal_noprior,29111,78.6335,78.6335,21.3665,0,heldout,
real_buchwald_hartwig,mixed_kernel_gp_ei,29111,94.3462,92.7749,5.6538,0,heldout,
real_buchwald_hartwig,target_acquisition_portfolio,29111,93.3108,91.8008,6.6892,0,heldout,
real_buchwald_hartwig,care_strategy_router,29112,100.0,76.4205,0.0,1,heldout,llm_direct_prior_counter_source_acid_halide_reversal_noprior
real_buchwald_hartwig,gp_ucb,29112,83.385,78.3581,16.615,0,heldout,
real_buchwald_hartwig,llambo_warmstart_counter_source_acid_halide_reversal_noprior,29112,99.6191,98.9507,0.3809,1,heldout,
real_buchwald_hartwig,llambo_warmstart_selector,29112,99.6191,98.9507,0.3809,1,heldout,llambo_warmstart_counter_source_acid_halide_reversal_noprior
real_buchwald_hartwig,llm_calibrated_selector,29112,75.2856,74.2244,24.7144,0,heldout,llm_semantic_counter_source_acid_halide_reversal_noprior
real_buchwald_hartwig,llm_direct_prior_counter_source_acid_halide_reversal_noprior,29112,100.0,76.4205,0.0,1,heldout,
real_buchwald_hartwig,llm_direct_prior_selector,29112,100.0,76.4205,0.0,1,heldout,llm_direct_prior_counter_source_acid_halide_reversal_noprior
real_buchwald_hartwig,llm_semantic_counter_source_acid_halide_reversal_noprior,29112,75.2856,74.2244,24.7144,0,heldout,
real_buchwald_hartwig,mixed_kernel_gp_ei,29112,83.385,78.3581,16.615,0,heldout,
real_buchwald_hartwig,target_acquisition_portfolio,29112,83.385,78.3581,16.615,0,heldout,
real_buchwald_hartwig,care_strategy_router,29113,97.5685,92.1357,2.4315,1,heldout,llm_direct_prior_counter_source_acid_halide_reversal_noprior
real_buchwald_hartwig,gp_ucb,29113,89.6142,89.5977,10.3858,0,heldout,
real_buchwald_hartwig,llambo_warmstart_counter_source_acid_halide_reversal_noprior,29113,83.3133,81.7266,16.6867,0,heldout,
real_buchwald_hartwig,llambo_warmstart_selector,29113,83.3133,81.7266,16.6867,0,heldout,llambo_warmstart_counter_source_acid_halide_reversal_noprior
real_buchwald_hartwig,llm_calibrated_selector,29113,96.1323,90.0376,3.8677,0,heldout,llm_semantic_counter_source_acid_halide_reversal_noprior
real_buchwald_hartwig,llm_direct_prior_counter_source_acid_halide_reversal_noprior,29113,97.5685,92.1357,2.4315,1,heldout,
real_buchwald_hartwig,llm_direct_prior_selector,29113,97.5685,92.1357,2.4315,1,heldout,llm_direct_prior_counter_source_acid_halide_reversal_noprior
real_buchwald_hartwig,llm_semantic_counter_source_acid_halide_reversal_noprior,29113,96.1323,90.0376,3.8677,0,heldout,
real_buchwald_hartwig,mixed_kernel_gp_ei,29113,89.6142,89.5977,10.3858,0,heldout,
real_buchwald_hartwig,target_acquisition_portfolio,29113,89.6142,89.5977,10.3858,0,heldout,
real_buchwald_hartwig,care_strategy_router,29114,79.4448,78.6647,20.5552,0,heldout,llm_direct_prior_counter_source_acid_halide_reversal_noprior
real_buchwald_hartwig,gp_ucb,29114,91.9334,80.625,8.0666,0,heldout,
real_buchwald_hartwig,llambo_warmstart_counter_source_acid_halide_reversal_noprior,29114,95.7526,89.3376,4.2474,0,heldout,
real_buchwald_hartwig,llambo_warmstart_selector,29114,95.7526,89.3376,4.2474,0,heldout,llambo_warmstart_counter_source_acid_halide_reversal_noprior
real_buchwald_hartwig,llm_calibrated_selector,29114,78.4697,78.4697,21.5303,0,heldout,llm_semantic_counter_source_acid_halide_reversal_noprior
real_buchwald_hartwig,llm_direct_prior_counter_source_acid_halide_reversal_noprior,29114,79.4448,78.6647,20.5552,0,heldout,
real_buchwald_hartwig,llm_direct_prior_selector,29114,79.4448,78.6647,20.5552,0,heldout,llm_direct_prior_counter_source_acid_halide_reversal_noprior
real_buchwald_hartwig,llm_semantic_counter_source_acid_halide_reversal_noprior,29114,78.4697,78.4697,21.5303,0,heldout,
real_buchwald_hartwig,mixed_kernel_gp_ei,29114,79.1819,79.1107,20.8181,0,heldout,
real_buchwald_hartwig,target_acquisition_portfolio,29114,91.9334,80.625,8.0666,0,heldout,
real_buchwald_hartwig,care_strategy_router,29115,94.3462,94.3462,5.6538,0,heldout,llm_direct_prior_counter_source_acid_halide_reversal_noprior
real_buchwald_hartwig,gp_ucb,29115,94.3462,94.3462,5.6538,0,heldout,
real_buchwald_hartwig,llambo_warmstart_counter_source_acid_halide_reversal_noprior,29115,93.4211,90.0379,6.5789,0,heldout,
real_buchwald_hartwig,llambo_warmstart_selector,29115,93.4211,90.0379,6.5789,0,heldout,llambo_warmstart_counter_source_acid_halide_reversal_noprior
real_buchwald_hartwig,llm_calibrated_selector,29115,94.3462,94.3462,5.6538,0,heldout,llm_semantic_counter_source_acid_halide_reversal_noprior
real_buchwald_hartwig,llm_direct_prior_counter_source_acid_halide_reversal_noprior,29115,94.3462,94.3462,5.6538,0,heldout,
real_buchwald_hartwig,llm_direct_prior_selector,29115,94.3462,94.3462,5.6538,0,heldout,llm_direct_prior_counter_source_acid_halide_reversal_noprior
real_buchwald_hartwig,llm_semantic_counter_source_acid_halide_reversal_noprior,29115,94.3462,94.3462,5.6538,0,heldout,
real_buchwald_hartwig,mixed_kernel_gp_ei,29115,94.3462,94.3462,5.6538,0,heldout,
real_buchwald_hartwig,target_acquisition_portfolio,29115,94.3462,94.3462,5.6538,0,heldout,
real_buchwald_hartwig,care_strategy_router,29116,93.4211,77.6197,6.5789,0,heldout,llm_direct_prior_counter_source_acid_halide_reversal_noprior
real_buchwald_hartwig,gp_ucb,29116,92.9567,66.1424,7.0433,0,heldout,
real_buchwald_hartwig,llambo_warmstart_counter_source_acid_halide_reversal_noprior,29116,92.659,90.3007,7.341,0,heldout,
real_buchwald_hartwig,llambo_warmstart_selector,29116,92.659,90.3007,7.341,0,heldout,llambo_warmstart_counter_source_acid_halide_reversal_noprior
real_buchwald_hartwig,llm_calibrated_selector,29116,87.2375,54.2357,12.7625,0,heldout,llm_semantic_counter_source_acid_halide_reversal_noprior
real_buchwald_hartwig,llm_direct_prior_counter_source_acid_halide_reversal_noprior,29116,93.4211,77.6197,6.5789,0,heldout,
real_buchwald_hartwig,llm_direct_prior_selector,29116,93.4211,77.6197,6.5789,0,heldout,llm_direct_prior_counter_source_acid_halide_reversal_noprior
real_buchwald_hartwig,llm_semantic_counter_source_acid_halide_reversal_noprior,29116,87.2375,54.2357,12.7625,0,heldout,
real_buchwald_hartwig,mixed_kernel_gp_ei,29116,47.0945,44.1292,52.9055,0,heldout,
real_buchwald_hartwig,target_acquisition_portfolio,29116,92.9567,66.1424,7.0433,0,heldout,
real_buchwald_hartwig,care_strategy_router,29117,100.0,95.1595,0.0,1,heldout,llm_direct_prior_counter_source_acid_halide_reversal_noprior
real_buchwald_hartwig,gp_ucb,29117,95.7526,89.0163,4.2474,0,heldout,
real_buchwald_hartwig,llambo_warmstart_counter_source_acid_halide_reversal_noprior,29117,88.2464,88.2464,11.7536,0,heldout,
real_buchwald_hartwig,llambo_warmstart_selector,29117,88.2464,88.2464,11.7536,0,heldout,llambo_warmstart_counter_source_acid_halide_reversal_noprior
real_buchwald_hartwig,llm_calibrated_selector,29117,75.2094,75.0131,24.7906,0,heldout,llm_semantic_counter_source_acid_halide_reversal_noprior
real_buchwald_hartwig,llm_direct_prior_counter_source_acid_halide_reversal_noprior,29117,100.0,95.1595,0.0,1,heldout,
real_buchwald_hartwig,llm_direct_prior_selector,29117,100.0,95.1595,0.0,1,heldout,llm_direct_prior_counter_source_acid_halide_reversal_noprior
real_buchwald_hartwig,llm_semantic_counter_source_acid_halide_reversal_noprior,29117,75.2094,75.0131,24.7906,0,heldout,
real_buchwald_hartwig,mixed_kernel_gp_ei,29117,85.8947,84.3324,14.1053,0,heldout,
real_buchwald_hartwig,target_acquisition_portfolio,29117,95.7526,89.0768,4.2474,0,heldout,
real_buchwald_hartwig,care_strategy_router,29118,100.0,93.0257,0.0,1,heldout,llm_direct_prior_counter_source_acid_halide_reversal_noprior
real_buchwald_hartwig,gp_ucb,29118,90.3714,81.0366,9.6286,0,heldout,
real_buchwald_hartwig,llambo_warmstart_counter_source_acid_halide_reversal_noprior,29118,100.0,96.9077,0.0,1,heldout,
real_buchwald_hartwig,llambo_warmstart_selector,29118,100.0,96.9077,0.0,1,heldout,llambo_warmstart_counter_source_acid_halide_reversal_noprior
real_buchwald_hartwig,llm_calibrated_selector,29118,93.3108,84.6591,6.6892,0,heldout,llm_semantic_counter_source_acid_halide_reversal_noprior
real_buchwald_hartwig,llm_direct_prior_counter_source_acid_halide_reversal_noprior,29118,100.0,93.0257,0.0,1,heldout,
real_buchwald_hartwig,llm_direct_prior_selector,29118,100.0,93.0257,0.0,1,heldout,llm_direct_prior_counter_source_acid_halide_reversal_noprior
real_buchwald_hartwig,llm_semantic_counter_source_acid_halide_reversal_noprior,29118,93.3108,84.6591,6.6892,0,heldout,
real_buchwald_hartwig,mixed_kernel_gp_ei,29118,89.4741,78.6324,10.5259,0,heldout,
real_buchwald_hartwig,target_acquisition_portfolio,29118,90.3714,81.0223,9.6286,0,heldout,
real_buchwald_hartwig,care_strategy_router,29119,98.7313,83.0967,1.2687,1,heldout,llm_direct_prior_counter_source_acid_halide_reversal_noprior
real_buchwald_hartwig,gp_ucb,29119,42.7152,42.2023,57.2848,0,heldout,
real_buchwald_hartwig,llambo_warmstart_counter_source_acid_halide_reversal_noprior,29119,100.0,85.4639,0.0,1,heldout,
real_buchwald_hartwig,llambo_warmstart_selector,29119,100.0,85.4639,0.0,1,heldout,llambo_warmstart_counter_source_acid_halide_reversal_noprior
real_buchwald_hartwig,llm_calibrated_selector,29119,42.6836,38.4979,57.3164,0,heldout,llm_semantic_counter_source_acid_halide_reversal_noprior
real_buchwald_hartwig,llm_direct_prior_counter_source_acid_halide_reversal_noprior,29119,98.7313,83.0967,1.2687,1,heldout,
real_buchwald_hartwig,llm_direct_prior_selector,29119,98.7313,83.0967,1.2687,1,heldout,llm_direct_prior_counter_source_acid_halide_reversal_noprior
real_buchwald_hartwig,llm_semantic_counter_source_acid_halide_reversal_noprior,29119,42.6836,38.4979,57.3164,0,heldout,
real_buchwald_hartwig,mixed_kernel_gp_ei,29119,55.5659,48.2409,44.4341,0,heldout,
real_buchwald_hartwig,target_acquisition_portfolio,29119,42.7152,42.2023,57.2848,0,heldout,
real_buchwald_hartwig,care_strategy_router,29120,97.2929,92.8399,2.7071,0,heldout,llm_direct_prior_counter_source_acid_halide_reversal_noprior
real_buchwald_hartwig,gp_ucb,29120,93.7486,91.79,6.2514,0,heldout,
real_buchwald_hartwig,llambo_warmstart_counter_source_acid_halide_reversal_noprior,29120,93.5641,87.3314,6.4359,0,heldout,
real_buchwald_hartwig,llambo_warmstart_selector,29120,93.5641,87.3314,6.4359,0,heldout,llambo_warmstart_counter_source_acid_halide_reversal_noprior
real_buchwald_hartwig,llm_calibrated_selector,29120,92.7237,86.4004,7.2763,0,heldout,llm_semantic_counter_source_acid_halide_reversal_noprior
real_buchwald_hartwig,llm_direct_prior_counter_source_acid_halide_reversal_noprior,29120,97.2929,92.8399,2.7071,0,heldout,
real_buchwald_hartwig,llm_direct_prior_selector,29120,97.2929,92.8399,2.7071,0,heldout,llm_direct_prior_counter_source_acid_halide_reversal_noprior
real_buchwald_hartwig,llm_semantic_counter_source_acid_halide_reversal_noprior,29120,92.7237,86.4004,7.2763,0,heldout,
real_buchwald_hartwig,mixed_kernel_gp_ei,29120,93.7486,88.8521,6.2514,0,heldout,
real_buchwald_hartwig,target_acquisition_portfolio,29120,93.7486,87.8728,6.2514,0,heldout,
real_buchwald_hartwig,care_strategy_router,29121,93.4211,91.7243,6.5789,0,heldout,llm_direct_prior_counter_source_acid_halide_reversal_noprior
real_buchwald_hartwig,gp_ucb,29121,93.3108,88.5456,6.6892,0,heldout,
real_buchwald_hartwig,llambo_warmstart_counter_source_acid_halide_reversal_noprior,29121,92.9142,77.8209,7.0858,0,heldout,
real_buchwald_hartwig,llambo_warmstart_selector,29121,92.9142,77.8209,7.0858,0,heldout,llambo_warmstart_counter_source_acid_halide_reversal_noprior
real_buchwald_hartwig,llm_calibrated_selector,29121,85.1332,85.1332,14.8668,0,heldout,llm_semantic_counter_source_acid_halide_reversal_noprior
real_buchwald_hartwig,llm_direct_prior_counter_source_acid_halide_reversal_noprior,29121,93.4211,91.7243,6.5789,0,heldout,
real_buchwald_hartwig,llm_direct_prior_selector,29121,93.4211,91.7243,6.5789,0,heldout,llm_direct_prior_counter_source_acid_halide_reversal_noprior
real_buchwald_hartwig,llm_semantic_counter_source_acid_halide_reversal_noprior,29121,85.1332,85.1332,14.8668,0,heldout,
real_buchwald_hartwig,mixed_kernel_gp_ei,29121,93.3108,89.138,6.6892,0,heldout,
real_buchwald_hartwig,target_acquisition_portfolio,29121,93.3108,89.138,6.6892,0,heldout,
real_buchwald_hartwig,care_strategy_router,29122,88.5139,81.9509,11.4861,0,heldout,llm_direct_prior_counter_source_acid_halide_reversal_noprior
real_buchwald_hartwig,gp_ucb,29122,89.4195,83.9845,10.5805,0,heldout,
real_buchwald_hartwig,llambo_warmstart_counter_source_acid_halide_reversal_noprior,29122,84.3397,83.6734,15.6603,0,heldout,
real_buchwald_hartwig,llambo_warmstart_selector,29122,84.3397,83.6734,15.6603,0,heldout,llambo_warmstart_counter_source_acid_halide_reversal_noprior
real_buchwald_hartwig,llm_calibrated_selector,29122,89.6142,81.2177,10.3858,0,heldout,llm_semantic_counter_source_acid_halide_reversal_noprior
real_buchwald_hartwig,llm_direct_prior_counter_source_acid_halide_reversal_noprior,29122,88.5139,81.9509,11.4861,0,heldout,
real_buchwald_hartwig,llm_direct_prior_selector,29122,88.5139,81.9509,11.4861,0,heldout,llm_direct_prior_counter_source_acid_halide_reversal_noprior
real_buchwald_hartwig,llm_semantic_counter_source_acid_halide_reversal_noprior,29122,89.6142,81.2177,10.3858,0,heldout,
real_buchwald_hartwig,mixed_kernel_gp_ei,29122,89.4195,83.9845,10.5805,0,heldout,
real_buchwald_hartwig,target_acquisition_portfolio,29122,89.4195,83.9845,10.5805,0,heldout,
real_buchwald_hartwig,care_strategy_router,29123,97.5685,97.5685,2.4315,1,heldout,llm_direct_prior_counter_source_acid_halide_reversal_noprior
real_buchwald_hartwig,gp_ucb,29123,99.6191,98.385,0.3809,1,heldout,
real_buchwald_hartwig,llambo_warmstart_counter_source_acid_halide_reversal_noprior,29123,88.5139,78.4713,11.4861,0,heldout,
real_buchwald_hartwig,llambo_warmstart_selector,29123,88.5139,78.4713,11.4861,0,heldout,llambo_warmstart_counter_source_acid_halide_reversal_noprior
real_buchwald_hartwig,llm_calibrated_selector,29123,91.511,91.511,8.489,0,heldout,llm_semantic_counter_source_acid_halide_reversal_noprior
real_buchwald_hartwig,llm_direct_prior_counter_source_acid_halide_reversal_noprior,29123,97.5685,97.5685,2.4315,1,heldout,
real_buchwald_hartwig,llm_direct_prior_selector,29123,97.5685,97.5685,2.4315,1,heldout,llm_direct_prior_counter_source_acid_halide_reversal_noprior
real_buchwald_hartwig,llm_semantic_counter_source_acid_halide_reversal_noprior,29123,91.511,91.511,8.489,0,heldout,
real_buchwald_hartwig,mixed_kernel_gp_ei,29123,100.0,96.6044,0.0,1,heldout,
real_buchwald_hartwig,target_acquisition_portfolio,29123,100.0,96.6044,0.0,1,heldout,
real_buchwald_hartwig,care_strategy_router,29124,100.0,89.5333,0.0,1,heldout,llm_direct_prior_counter_source_acid_halide_reversal_noprior
real_buchwald_hartwig,gp_ucb,29124,83.3036,82.9906,16.6964,0,heldout,
real_buchwald_hartwig,llambo_warmstart_counter_source_acid_halide_reversal_noprior,29124,95.7526,86.5866,4.2474,0,heldout,
real_buchwald_hartwig,llambo_warmstart_selector,29124,95.7526,86.5866,4.2474,0,heldout,llambo_warmstart_counter_source_acid_halide_reversal_noprior
real_buchwald_hartwig,llm_calibrated_selector,29124,83.3036,80.0362,16.6964,0,heldout,llm_semantic_counter_source_acid_halide_reversal_noprior
real_buchwald_hartwig,llm_direct_prior_counter_source_acid_halide_reversal_noprior,29124,100.0,89.5333,0.0,1,heldout,
real_buchwald_hartwig,llm_direct_prior_selector,29124,100.0,89.5333,0.0,1,heldout,llm_direct_prior_counter_source_acid_halide_reversal_noprior
real_buchwald_hartwig,llm_semantic_counter_source_acid_halide_reversal_noprior,29124,83.3036,80.0362,16.6964,0,heldout,
real_buchwald_hartwig,mixed_kernel_gp_ei,29124,95.3865,86.7398,4.6135,0,heldout,
real_buchwald_hartwig,target_acquisition_portfolio,29124,95.3865,85.4486,4.6135,0,heldout,
real_buchwald_hartwig,care_strategy_router,29125,100.0,88.7659,0.0,1,heldout,llm_direct_prior_counter_source_acid_halide_reversal_noprior
real_buchwald_hartwig,gp_ucb,29125,98.1771,94.1545,1.8229,1,heldout,
real_buchwald_hartwig,llambo_warmstart_counter_source_acid_halide_reversal_noprior,29125,91.3906,86.7065,8.6094,0,heldout,
real_buchwald_hartwig,llambo_warmstart_selector,29125,91.3906,86.7065,8.6094,0,heldout,llambo_warmstart_counter_source_acid_halide_reversal_noprior
real_buchwald_hartwig,llm_calibrated_selector,29125,98.1771,89.742,1.8229,1,heldout,llm_semantic_counter_source_acid_halide_reversal_noprior
real_buchwald_hartwig,llm_direct_prior_counter_source_acid_halide_reversal_noprior,29125,100.0,88.7659,0.0,1,heldout,
real_buchwald_hartwig,llm_direct_prior_selector,29125,100.0,88.7659,0.0,1,heldout,llm_direct_prior_counter_source_acid_halide_reversal_noprior
real_buchwald_hartwig,llm_semantic_counter_source_acid_halide_reversal_noprior,29125,98.1771,89.742,1.8229,1,heldout,
real_buchwald_hartwig,mixed_kernel_gp_ei,29125,95.7526,93.6849,4.2474,0,heldout,
real_buchwald_hartwig,target_acquisition_portfolio,29125,95.7526,93.8453,4.2474,0,heldout,
real_buchwald_hartwig,care_strategy_router,29126,100.0,84.7446,0.0,1,heldout,llm_direct_prior_counter_source_acid_halide_reversal_noprior
real_buchwald_hartwig,gp_ucb,29126,100.0,83.6922,0.0,1,heldout,
real_buchwald_hartwig,llambo_warmstart_counter_source_acid_halide_reversal_noprior,29126,98.2872,88.7637,1.7128,1,heldout,
real_buchwald_hartwig,llambo_warmstart_selector,29126,98.2872,88.7637,1.7128,1,heldout,llambo_warmstart_counter_source_acid_halide_reversal_noprior
real_buchwald_hartwig,llm_calibrated_selector,29126,72.3722,70.5147,27.6278,0,heldout,llm_semantic_counter_source_acid_halide_reversal_noprior
real_buchwald_hartwig,llm_direct_prior_counter_source_acid_halide_reversal_noprior,29126,100.0,84.7446,0.0,1,heldout,
real_buchwald_hartwig,llm_direct_prior_selector,29126,100.0,84.7446,0.0,1,heldout,llm_direct_prior_counter_source_acid_halide_reversal_noprior
real_buchwald_hartwig,llm_semantic_counter_source_acid_halide_reversal_noprior,29126,72.3722,70.5147,27.6278,0,heldout,
real_buchwald_hartwig,mixed_kernel_gp_ei,29126,100.0,82.2551,0.0,1,heldout,
real_buchwald_hartwig,target_acquisition_portfolio,29126,100.0,85.3275,0.0,1,heldout,
real_buchwald_hartwig,care_strategy_router,29127,93.4211,93.3819,6.5789,0,heldout,llm_direct_prior_counter_source_acid_halide_reversal_noprior
real_buchwald_hartwig,gp_ucb,29127,93.1012,70.6269,6.8988,0,heldout,
real_buchwald_hartwig,llambo_warmstart_counter_source_acid_halide_reversal_noprior,29127,92.659,92.3068,7.341,0,heldout,
real_buchwald_hartwig,llambo_warmstart_selector,29127,92.659,92.3068,7.341,0,heldout,llambo_warmstart_counter_source_acid_halide_reversal_noprior
real_buchwald_hartwig,llm_calibrated_selector,29127,98.2872,84.3049,1.7128,1,heldout,llm_semantic_counter_source_acid_halide_reversal_noprior
real_buchwald_hartwig,llm_direct_prior_counter_source_acid_halide_reversal_noprior,29127,93.4211,93.3819,6.5789,0,heldout,
real_buchwald_hartwig,llm_direct_prior_selector,29127,93.4211,93.3819,6.5789,0,heldout,llm_direct_prior_counter_source_acid_halide_reversal_noprior
real_buchwald_hartwig,llm_semantic_counter_source_acid_halide_reversal_noprior,29127,98.2872,84.3049,1.7128,1,heldout,
real_buchwald_hartwig,mixed_kernel_gp_ei,29127,93.1012,70.432,6.8988,0,heldout,
real_buchwald_hartwig,target_acquisition_portfolio,29127,93.1012,70.6269,6.8988,0,heldout,
real_buchwald_hartwig,care_strategy_router,29128,98.2872,88.9581,1.7128,1,heldout,llm_direct_prior_counter_source_acid_halide_reversal_noprior
real_buchwald_hartwig,gp_ucb,29128,88.1675,88.1675,11.8325,0,heldout,
real_buchwald_hartwig,llambo_warmstart_counter_source_acid_halide_reversal_noprior,29128,80.0002,79.401,19.9998,0,heldout,
real_buchwald_hartwig,llambo_warmstart_selector,29128,80.0002,79.401,19.9998,0,heldout,llambo_warmstart_counter_source_acid_halide_reversal_noprior
real_buchwald_hartwig,llm_calibrated_selector,29128,80.2899,75.6432,19.7101,0,heldout,llm_semantic_counter_source_acid_halide_reversal_noprior
real_buchwald_hartwig,llm_direct_prior_counter_source_acid_halide_reversal_noprior,29128,98.2872,88.9581,1.7128,1,heldout,
real_buchwald_hartwig,llm_direct_prior_selector,29128,98.2872,88.9581,1.7128,1,heldout,llm_direct_prior_counter_source_acid_halide_reversal_noprior
real_buchwald_hartwig,llm_semantic_counter_source_acid_halide_reversal_noprior,29128,80.2899,75.6432,19.7101,0,heldout,
real_buchwald_hartwig,mixed_kernel_gp_ei,29128,88.1675,86.9615,11.8325,0,heldout,
real_buchwald_hartwig,target_acquisition_portfolio,29128,90.7313,89.193,9.2687,0,heldout,
real_buchwald_hartwig,care_strategy_router,29129,93.4211,93.4211,6.5789,0,heldout,llm_direct_prior_counter_source_acid_halide_reversal_noprior
real_buchwald_hartwig,gp_ucb,29129,88.4043,87.6279,11.5957,0,heldout,
real_buchwald_hartwig,llambo_warmstart_counter_source_acid_halide_reversal_noprior,29129,98.7313,91.1928,1.2687,1,heldout,
real_buchwald_hartwig,llambo_warmstart_selector,29129,98.7313,91.1928,1.2687,1,heldout,llambo_warmstart_counter_source_acid_halide_reversal_noprior
real_buchwald_hartwig,llm_calibrated_selector,29129,92.2093,87.8358,7.7907,0,heldout,llm_semantic_counter_source_acid_halide_reversal_noprior
real_buchwald_hartwig,llm_direct_prior_counter_source_acid_halide_reversal_noprior,29129,93.4211,93.4211,6.5789,0,heldout,
real_buchwald_hartwig,llm_direct_prior_selector,29129,93.4211,93.4211,6.5789,0,heldout,llm_direct_prior_counter_source_acid_halide_reversal_noprior
real_buchwald_hartwig,llm_semantic_counter_source_acid_halide_reversal_noprior,29129,92.2093,87.8358,7.7907,0,heldout,
real_buchwald_hartwig,mixed_kernel_gp_ei,29129,98.2872,91.8859,1.7128,1,heldout,
real_buchwald_hartwig,target_acquisition_portfolio,29129,98.2872,92.419,1.7128,1,heldout,
real_buchwald_hartwig,care_strategy_router,29130,89.3231,84.836,10.6769,0,heldout,llm_direct_prior_counter_source_acid_halide_reversal_noprior
real_buchwald_hartwig,gp_ucb,29130,89.5592,80.7372,10.4408,0,heldout,
real_buchwald_hartwig,llambo_warmstart_counter_source_acid_halide_reversal_noprior,29130,94.6911,94.6911,5.3089,0,heldout,
real_buchwald_hartwig,llambo_warmstart_selector,29130,94.6911,94.6911,5.3089,0,heldout,llambo_warmstart_counter_source_acid_halide_reversal_noprior
real_buchwald_hartwig,llm_calibrated_selector,29130,86.4971,76.6226,13.5029,0,heldout,llm_semantic_counter_source_acid_halide_reversal_noprior
real_buchwald_hartwig,llm_direct_prior_counter_source_acid_halide_reversal_noprior,29130,89.3231,84.836,10.6769,0,heldout,
real_buchwald_hartwig,llm_direct_prior_selector,29130,89.3231,84.836,10.6769,0,heldout,llm_direct_prior_counter_source_acid_halide_reversal_noprior
real_buchwald_hartwig,llm_semantic_counter_source_acid_halide_reversal_noprior,29130,86.4971,76.6226,13.5029,0,heldout,
real_buchwald_hartwig,mixed_kernel_gp_ei,29130,89.5592,81.635,10.4408,0,heldout,
real_buchwald_hartwig,target_acquisition_portfolio,29130,89.5592,80.7372,10.4408,0,heldout,
real_buchwald_hartwig,care_strategy_router,29131,97.5685,95.3399,2.4315,1,heldout,llm_direct_prior_counter_source_acid_halide_reversal_noprior
real_buchwald_hartwig,gp_ucb,29131,100.0,98.0633,0.0,1,heldout,
real_buchwald_hartwig,llambo_warmstart_counter_source_acid_halide_reversal_noprior,29131,94.5498,92.7831,5.4502,0,heldout,
real_buchwald_hartwig,llambo_warmstart_selector,29131,94.5498,92.7831,5.4502,0,heldout,llambo_warmstart_counter_source_acid_halide_reversal_noprior
real_buchwald_hartwig,llm_calibrated_selector,29131,88.5139,88.0554,11.4861,0,heldout,llm_semantic_counter_source_acid_halide_reversal_noprior
real_buchwald_hartwig,llm_direct_prior_counter_source_acid_halide_reversal_noprior,29131,97.5685,95.3399,2.4315,1,heldout,
real_buchwald_hartwig,llm_direct_prior_selector,29131,97.5685,95.3399,2.4315,1,heldout,llm_direct_prior_counter_source_acid_halide_reversal_noprior
real_buchwald_hartwig,llm_semantic_counter_source_acid_halide_reversal_noprior,29131,88.5139,88.0554,11.4861,0,heldout,
real_buchwald_hartwig,mixed_kernel_gp_ei,29131,99.0345,96.5127,0.9655,1,heldout,
real_buchwald_hartwig,target_acquisition_portfolio,29131,98.1771,92.0126,1.8229,1,heldout,
real_buchwald_hartwig,care_strategy_router,29132,100.0,80.4958,0.0,1,heldout,llm_direct_prior_counter_source_acid_halide_reversal_noprior
real_buchwald_hartwig,gp_ucb,29132,83.2944,73.0188,16.7056,0,heldout,
real_buchwald_hartwig,llambo_warmstart_counter_source_acid_halide_reversal_noprior,29132,85.8947,85.1764,14.1053,0,heldout,
real_buchwald_hartwig,llambo_warmstart_selector,29132,85.8947,85.1764,14.1053,0,heldout,llambo_warmstart_counter_source_acid_halide_reversal_noprior
real_buchwald_hartwig,llm_calibrated_selector,29132,100.0,87.5625,0.0,1,heldout,llm_semantic_counter_source_acid_halide_reversal_noprior
real_buchwald_hartwig,llm_direct_prior_counter_source_acid_halide_reversal_noprior,29132,100.0,80.4958,0.0,1,heldout,
real_buchwald_hartwig,llm_direct_prior_selector,29132,100.0,80.4958,0.0,1,heldout,llm_direct_prior_counter_source_acid_halide_reversal_noprior
real_buchwald_hartwig,llm_semantic_counter_source_acid_halide_reversal_noprior,29132,100.0,87.5625,0.0,1,heldout,
real_buchwald_hartwig,mixed_kernel_gp_ei,29132,100.0,73.6182,0.0,1,heldout,
real_buchwald_hartwig,target_acquisition_portfolio,29132,83.2944,73.0188,16.7056,0,heldout,
real_buchwald_hartwig,care_strategy_router,29133,100.0,98.5411,0.0,1,heldout,llm_direct_prior_counter_source_acid_halide_reversal_noprior
real_buchwald_hartwig,gp_ucb,29133,98.1771,89.5713,1.8229,1,heldout,
real_buchwald_hartwig,llambo_warmstart_counter_source_acid_halide_reversal_noprior,29133,80.7866,79.7031,19.2134,0,heldout,
real_buchwald_hartwig,llambo_warmstart_selector,29133,80.7866,79.7031,19.2134,0,heldout,llambo_warmstart_counter_source_acid_halide_reversal_noprior
real_buchwald_hartwig,llm_calibrated_selector,29133,81.5694,79.1883,18.4306,0,heldout,llm_semantic_counter_source_acid_halide_reversal_noprior
real_buchwald_hartwig,llm_direct_prior_counter_source_acid_halide_reversal_noprior,29133,100.0,98.5411,0.0,1,heldout,
real_buchwald_hartwig,llm_direct_prior_selector,29133,100.0,98.5411,0.0,1,heldout,llm_direct_prior_counter_source_acid_halide_reversal_noprior
real_buchwald_hartwig,llm_semantic_counter_source_acid_halide_reversal_noprior,29133,81.5694,79.1883,18.4306,0,heldout,
real_buchwald_hartwig,mixed_kernel_gp_ei,29133,100.0,90.1203,0.0,1,heldout,
real_buchwald_hartwig,target_acquisition_portfolio,29133,98.1771,89.5713,1.8229,1,heldout,
real_buchwald_hartwig,care_strategy_router,29134,97.5685,97.012,2.4315,1,heldout,llm_direct_prior_counter_source_acid_halide_reversal_noprior
real_buchwald_hartwig,gp_ucb,29134,97.948,97.3535,2.052,1,heldout,
real_buchwald_hartwig,llambo_warmstart_counter_source_acid_halide_reversal_noprior,29134,96.1323,96.1323,3.8677,0,heldout,
real_buchwald_hartwig,llambo_warmstart_selector,29134,96.1323,96.1323,3.8677,0,heldout,llambo_warmstart_counter_source_acid_halide_reversal_noprior
real_buchwald_hartwig,llm_calibrated_selector,29134,100.0,96.0016,0.0,1,heldout,llm_semantic_counter_source_acid_halide_reversal_noprior
real_buchwald_hartwig,llm_direct_prior_counter_source_acid_halide_reversal_noprior,29134,97.5685,97.012,2.4315,1,heldout,
real_buchwald_hartwig,llm_direct_prior_selector,29134,97.5685,97.012,2.4315,1,heldout,llm_direct_prior_counter_source_acid_halide_reversal_noprior
real_buchwald_hartwig,llm_semantic_counter_source_acid_halide_reversal_noprior,29134,100.0,96.0016,0.0,1,heldout,
real_buchwald_hartwig,mixed_kernel_gp_ei,29134,97.948,97.3535,2.052,1,heldout,
real_buchwald_hartwig,target_acquisition_portfolio,29134,99.0345,97.7881,0.9655,1,heldout,
real_buchwald_hartwig,care_strategy_router,29135,100.0,98.0548,0.0,1,heldout,llm_direct_prior_counter_source_acid_halide_reversal_noprior
real_buchwald_hartwig,gp_ucb,29135,95.3865,95.2284,4.6135,0,heldout,
real_buchwald_hartwig,llambo_warmstart_counter_source_acid_halide_reversal_noprior,29135,80.711,70.2208,19.289,0,heldout,
real_buchwald_hartwig,llambo_warmstart_selector,29135,80.711,70.2208,19.289,0,heldout,llambo_warmstart_counter_source_acid_halide_reversal_noprior
real_buchwald_hartwig,llm_calibrated_selector,29135,95.7526,95.4566,4.2474,0,heldout,llm_semantic_counter_source_acid_halide_reversal_noprior
real_buchwald_hartwig,llm_direct_prior_counter_source_acid_halide_reversal_noprior,29135,100.0,98.0548,0.0,1,heldout,
real_buchwald_hartwig,llm_direct_prior_selector,29135,100.0,98.0548,0.0,1,heldout,llm_direct_prior_counter_source_acid_halide_reversal_noprior
real_buchwald_hartwig,llm_semantic_counter_source_acid_halide_reversal_noprior,29135,95.7526,95.4566,4.2474,0,heldout,
real_buchwald_hartwig,mixed_kernel_gp_ei,29135,95.7526,95.5479,4.2474,0,heldout,
real_buchwald_hartwig,target_acquisition_portfolio,29135,95.7526,95.1384,4.2474,0,heldout,
real_buchwald_hartwig,care_strategy_router,29136,97.5685,90.0729,2.4315,1,heldout,llm_direct_prior_counter_source_acid_halide_reversal_noprior
real_buchwald_hartwig,gp_ucb,29136,66.4828,65.2412,33.5172,0,heldout,
real_buchwald_hartwig,llambo_warmstart_counter_source_acid_halide_reversal_noprior,29136,83.0885,82.6367,16.9115,0,heldout,
real_buchwald_hartwig,llambo_warmstart_selector,29136,83.0885,82.6367,16.9115,0,heldout,llambo_warmstart_counter_source_acid_halide_reversal_noprior
real_buchwald_hartwig,llm_calibrated_selector,29136,89.6142,67.9157,10.3858,0,heldout,llm_semantic_counter_source_acid_halide_reversal_noprior
real_buchwald_hartwig,llm_direct_prior_counter_source_acid_halide_reversal_noprior,29136,97.5685,90.0729,2.4315,1,heldout,
real_buchwald_hartwig,llm_direct_prior_selector,29136,97.5685,90.0729,2.4315,1,heldout,llm_direct_prior_counter_source_acid_halide_reversal_noprior
real_buchwald_hartwig,llm_semantic_counter_source_acid_halide_reversal_noprior,29136,89.6142,67.9157,10.3858,0,heldout,
real_buchwald_hartwig,mixed_kernel_gp_ei,29136,65.1983,64.7188,34.8017,0,heldout,
real_buchwald_hartwig,target_acquisition_portfolio,29136,80.711,70.9621,19.289,0,heldout,
real_buchwald_hartwig,care_strategy_router,29137,93.0995,93.0995,6.9005,0,heldout,llm_direct_prior_counter_source_acid_halide_reversal_noprior
real_buchwald_hartwig,gp_ucb,29137,92.8977,91.8706,7.1023,0,heldout,
real_buchwald_hartwig,llambo_warmstart_counter_source_acid_halide_reversal_noprior,29137,92.127,90.3889,7.873,0,heldout,
real_buchwald_hartwig,llambo_warmstart_selector,29137,92.127,90.3889,7.873,0,heldout,llambo_warmstart_counter_source_acid_halide_reversal_noprior
real_buchwald_hartwig,llm_calibrated_selector,29137,94.3462,91.0398,5.6538,0,heldout,llm_semantic_counter_source_acid_halide_reversal_noprior
real_buchwald_hartwig,llm_direct_prior_counter_source_acid_halide_reversal_noprior,29137,93.0995,93.0995,6.9005,0,heldout,
real_buchwald_hartwig,llm_direct_prior_selector,29137,93.0995,93.0995,6.9005,0,heldout,llm_direct_prior_counter_source_acid_halide_reversal_noprior
real_buchwald_hartwig,llm_semantic_counter_source_acid_halide_reversal_noprior,29137,94.3462,91.0398,5.6538,0,heldout,
real_buchwald_hartwig,mixed_kernel_gp_ei,29137,92.1372,90.3578,7.8628,0,heldout,
real_buchwald_hartwig,target_acquisition_portfolio,29137,92.8977,90.2859,7.1023,0,heldout,
real_buchwald_hartwig,care_strategy_router,29138,93.4211,93.4101,6.5789,0,heldout,llm_direct_prior_counter_source_acid_halide_reversal_noprior
real_buchwald_hartwig,gp_ucb,29138,93.4211,93.3659,6.5789,0,heldout,
real_buchwald_hartwig,llambo_warmstart_counter_source_acid_halide_reversal_noprior,29138,100.0,99.8849,0.0,1,heldout,
real_buchwald_hartwig,llambo_warmstart_selector,29138,100.0,99.8849,0.0,1,heldout,llambo_warmstart_counter_source_acid_halide_reversal_noprior
real_buchwald_hartwig,llm_calibrated_selector,29138,100.0,96.6554,0.0,1,heldout,llm_semantic_counter_source_acid_halide_reversal_noprior
real_buchwald_hartwig,llm_direct_prior_counter_source_acid_halide_reversal_noprior,29138,93.4211,93.4101,6.5789,0,heldout,
real_buchwald_hartwig,llm_direct_prior_selector,29138,93.4211,93.4101,6.5789,0,heldout,llm_direct_prior_counter_source_acid_halide_reversal_noprior
real_buchwald_hartwig,llm_semantic_counter_source_acid_halide_reversal_noprior,29138,100.0,96.6554,0.0,1,heldout,
real_buchwald_hartwig,mixed_kernel_gp_ei,29138,93.3108,93.3108,6.6892,0,heldout,
real_buchwald_hartwig,target_acquisition_portfolio,29138,93.3108,93.3108,6.6892,0,heldout,
real_buchwald_hartwig,care_strategy_router,29139,93.4211,93.2057,6.5789,0,heldout,llm_direct_prior_counter_source_acid_halide_reversal_noprior
real_buchwald_hartwig,gp_ucb,29139,92.8977,90.9893,7.1023,0,heldout,
real_buchwald_hartwig,llambo_warmstart_counter_source_acid_halide_reversal_noprior,29139,92.7237,89.6455,7.2763,0,heldout,
real_buchwald_hartwig,llambo_warmstart_selector,29139,92.7237,89.6455,7.2763,0,heldout,llambo_warmstart_counter_source_acid_halide_reversal_noprior
real_buchwald_hartwig,llm_calibrated_selector,29139,98.2872,93.7886,1.7128,1,heldout,llm_semantic_counter_source_acid_halide_reversal_noprior
real_buchwald_hartwig,llm_direct_prior_counter_source_acid_halide_reversal_noprior,29139,93.4211,93.2057,6.5789,0,heldout,
real_buchwald_hartwig,llm_direct_prior_selector,29139,93.4211,93.2057,6.5789,0,heldout,llm_direct_prior_counter_source_acid_halide_reversal_noprior
real_buchwald_hartwig,llm_semantic_counter_source_acid_halide_reversal_noprior,29139,98.2872,93.7886,1.7128,1,heldout,
real_buchwald_hartwig,mixed_kernel_gp_ei,29139,93.0326,91.1153,6.9674,0,heldout,
real_buchwald_hartwig,target_acquisition_portfolio,29139,92.8977,90.9893,7.1023,0,heldout,
real_buchwald_hartwig,care_strategy_router,29140,97.2929,91.9841,2.7071,0,heldout,llm_direct_prior_counter_source_acid_halide_reversal_noprior
real_buchwald_hartwig,gp_ucb,29140,92.9142,70.4992,7.0858,0,heldout,
real_buchwald_hartwig,llambo_warmstart_counter_source_acid_halide_reversal_noprior,29140,70.5651,70.5651,29.4349,0,heldout,
real_buchwald_hartwig,llambo_warmstart_selector,29140,70.5651,70.5651,29.4349,0,heldout,llambo_warmstart_counter_source_acid_halide_reversal_noprior
real_buchwald_hartwig,llm_calibrated_selector,29140,93.0995,78.0526,6.9005,0,heldout,llm_semantic_counter_source_acid_halide_reversal_noprior
real_buchwald_hartwig,llm_direct_prior_counter_source_acid_halide_reversal_noprior,29140,97.2929,91.9841,2.7071,0,heldout,
real_buchwald_hartwig,llm_direct_prior_selector,29140,97.2929,91.9841,2.7071,0,heldout,llm_direct_prior_counter_source_acid_halide_reversal_noprior
real_buchwald_hartwig,llm_semantic_counter_source_acid_halide_reversal_noprior,29140,93.0995,78.0526,6.9005,0,heldout,
real_buchwald_hartwig,mixed_kernel_gp_ei,29140,95.5552,69.1093,4.4448,0,heldout,
real_buchwald_hartwig,target_acquisition_portfolio,29140,95.5552,69.1093,4.4448,0,heldout,
real_buchwald_hartwig,care_strategy_router,29141,100.0,92.4136,0.0,1,heldout,llm_direct_prior_counter_source_acid_halide_reversal_noprior
real_buchwald_hartwig,gp_ucb,29141,95.7526,89.3452,4.2474,0,heldout,
real_buchwald_hartwig,llambo_warmstart_counter_source_acid_halide_reversal_noprior,29141,80.5278,75.5432,19.4722,0,heldout,
real_buchwald_hartwig,llambo_warmstart_selector,29141,80.5278,75.5432,19.4722,0,heldout,llambo_warmstart_counter_source_acid_halide_reversal_noprior
real_buchwald_hartwig,llm_calibrated_selector,29141,76.3373,75.619,23.6627,0,heldout,llm_semantic_counter_source_acid_halide_reversal_noprior
real_buchwald_hartwig,llm_direct_prior_counter_source_acid_halide_reversal_noprior,29141,100.0,92.4136,0.0,1,heldout,
real_buchwald_hartwig,llm_direct_prior_selector,29141,100.0,92.4136,0.0,1,heldout,llm_direct_prior_counter_source_acid_halide_reversal_noprior
real_buchwald_hartwig,llm_semantic_counter_source_acid_halide_reversal_noprior,29141,76.3373,75.619,23.6627,0,heldout,
real_buchwald_hartwig,mixed_kernel_gp_ei,29141,95.7526,89.3452,4.2474,0,heldout,
real_buchwald_hartwig,target_acquisition_portfolio,29141,95.7526,89.3452,4.2474,0,heldout,
real_buchwald_hartwig,care_strategy_router,29142,97.5685,89.7638,2.4315,1,heldout,llm_direct_prior_counter_source_acid_halide_reversal_noprior
real_buchwald_hartwig,gp_ucb,29142,100.0,88.3017,0.0,1,heldout,
real_buchwald_hartwig,llambo_warmstart_counter_source_acid_halide_reversal_noprior,29142,95.3865,95.3865,4.6135,0,heldout,
real_buchwald_hartwig,llambo_warmstart_selector,29142,95.3865,95.3865,4.6135,0,heldout,llambo_warmstart_counter_source_acid_halide_reversal_noprior
real_buchwald_hartwig,llm_calibrated_selector,29142,86.1944,83.7088,13.8056,0,heldout,llm_semantic_counter_source_acid_halide_reversal_noprior
real_buchwald_hartwig,llm_direct_prior_counter_source_acid_halide_reversal_noprior,29142,97.5685,89.7638,2.4315,1,heldout,
real_buchwald_hartwig,llm_direct_prior_selector,29142,97.5685,89.7638,2.4315,1,heldout,llm_direct_prior_counter_source_acid_halide_reversal_noprior
real_buchwald_hartwig,llm_semantic_counter_source_acid_halide_reversal_noprior,29142,86.1944,83.7088,13.8056,0,heldout,
real_buchwald_hartwig,mixed_kernel_gp_ei,29142,86.6896,84.592,13.3104,0,heldout,
real_buchwald_hartwig,target_acquisition_portfolio,29142,100.0,87.8654,0.0,1,heldout,
real_buchwald_hartwig,care_strategy_router,29143,97.5685,93.9438,2.4315,1,heldout,llm_direct_prior_counter_source_acid_halide_reversal_noprior
real_buchwald_hartwig,gp_ucb,29143,81.2283,74.7494,18.7717,0,heldout,
real_buchwald_hartwig,llambo_warmstart_counter_source_acid_halide_reversal_noprior,29143,100.0,100.0,0.0,1,heldout,
real_buchwald_hartwig,llambo_warmstart_selector,29143,100.0,100.0,0.0,1,heldout,llambo_warmstart_counter_source_acid_halide_reversal_noprior
real_buchwald_hartwig,llm_calibrated_selector,29143,100.0,90.1366,0.0,1,heldout,llm_semantic_counter_source_acid_halide_reversal_noprior
real_buchwald_hartwig,llm_direct_prior_counter_source_acid_halide_reversal_noprior,29143,97.5685,93.9438,2.4315,1,heldout,
real_buchwald_hartwig,llm_direct_prior_selector,29143,97.5685,93.9438,2.4315,1,heldout,llm_direct_prior_counter_source_acid_halide_reversal_noprior
real_buchwald_hartwig,llm_semantic_counter_source_acid_halide_reversal_noprior,29143,100.0,90.1366,0.0,1,heldout,
real_buchwald_hartwig,mixed_kernel_gp_ei,29143,74.1058,68.5149,25.8942,0,heldout,
real_buchwald_hartwig,target_acquisition_portfolio,29143,80.6849,69.1728,19.3151,0,heldout,
real_buchwald_hartwig,care_strategy_router,29144,85.4018,81.8036,14.5982,0,heldout,llm_direct_prior_counter_source_acid_halide_reversal_noprior
real_buchwald_hartwig,gp_ucb,29144,85.8123,84.2985,14.1877,0,heldout,
real_buchwald_hartwig,llambo_warmstart_counter_source_acid_halide_reversal_noprior,29144,79.1971,76.9842,20.8029,0,heldout,
real_buchwald_hartwig,llambo_warmstart_selector,29144,79.1971,76.9842,20.8029,0,heldout,llambo_warmstart_counter_source_acid_halide_reversal_noprior
real_buchwald_hartwig,llm_calibrated_selector,29144,83.385,81.8248,16.615,0,heldout,llm_semantic_counter_source_acid_halide_reversal_noprior
real_buchwald_hartwig,llm_direct_prior_counter_source_acid_halide_reversal_noprior,29144,85.4018,81.8036,14.5982,0,heldout,
real_buchwald_hartwig,llm_direct_prior_selector,29144,85.4018,81.8036,14.5982,0,heldout,llm_direct_prior_counter_source_acid_halide_reversal_noprior
real_buchwald_hartwig,llm_semantic_counter_source_acid_halide_reversal_noprior,29144,83.385,81.8248,16.615,0,heldout,
real_buchwald_hartwig,mixed_kernel_gp_ei,29144,85.8123,84.6769,14.1877,0,heldout,
real_buchwald_hartwig,target_acquisition_portfolio,29144,85.8123,84.2985,14.1877,0,heldout,
real_buchwald_hartwig,care_strategy_router,29145,83.385,70.2896,16.615,0,heldout,llm_direct_prior_counter_source_acid_halide_reversal_noprior
real_buchwald_hartwig,gp_ucb,29145,94.8799,80.7501,5.1201,0,heldout,
real_buchwald_hartwig,llambo_warmstart_counter_source_acid_halide_reversal_noprior,29145,93.3108,89.4955,6.6892,0,heldout,
real_buchwald_hartwig,llambo_warmstart_selector,29145,93.3108,89.4955,6.6892,0,heldout,llambo_warmstart_counter_source_acid_halide_reversal_noprior
real_buchwald_hartwig,llm_calibrated_selector,29145,81.6307,72.2397,18.3693,0,heldout,llm_semantic_counter_source_acid_halide_reversal_noprior
real_buchwald_hartwig,llm_direct_prior_counter_source_acid_halide_reversal_noprior,29145,83.385,70.2896,16.615,0,heldout,
real_buchwald_hartwig,llm_direct_prior_selector,29145,83.385,70.2896,16.615,0,heldout,llm_direct_prior_counter_source_acid_halide_reversal_noprior
real_buchwald_hartwig,llm_semantic_counter_source_acid_halide_reversal_noprior,29145,81.6307,72.2397,18.3693,0,heldout,
real_buchwald_hartwig,mixed_kernel_gp_ei,29145,76.7373,66.6844,23.2627,0,heldout,
real_buchwald_hartwig,target_acquisition_portfolio,29145,94.8799,80.7501,5.1201,0,heldout,
real_buchwald_hartwig,care_strategy_router,29146,97.5685,90.2793,2.4315,1,heldout,llm_direct_prior_counter_source_acid_halide_reversal_noprior
real_buchwald_hartwig,gp_ucb,29146,83.0547,81.0764,16.9453,0,heldout,
real_buchwald_hartwig,llambo_warmstart_counter_source_acid_halide_reversal_noprior,29146,100.0,91.2287,0.0,1,heldout,
real_buchwald_hartwig,llambo_warmstart_selector,29146,100.0,91.2287,0.0,1,heldout,llambo_warmstart_counter_source_acid_halide_reversal_noprior
real_buchwald_hartwig,llm_calibrated_selector,29146,80.5818,77.2326,19.4182,0,heldout,llm_semantic_counter_source_acid_halide_reversal_noprior
real_buchwald_hartwig,llm_direct_prior_counter_source_acid_halide_reversal_noprior,29146,97.5685,90.2793,2.4315,1,heldout,
real_buchwald_hartwig,llm_direct_prior_selector,29146,97.5685,90.2793,2.4315,1,heldout,llm_direct_prior_counter_source_acid_halide_reversal_noprior
real_buchwald_hartwig,llm_semantic_counter_source_acid_halide_reversal_noprior,29146,80.5818,77.2326,19.4182,0,heldout,
real_buchwald_hartwig,mixed_kernel_gp_ei,29146,80.5818,80.0953,19.4182,0,heldout,
real_buchwald_hartwig,target_acquisition_portfolio,29146,86.5976,82.4775,13.4024,0,heldout,
real_buchwald_hartwig,care_strategy_router,29147,100.0,91.3173,0.0,1,heldout,llm_direct_prior_counter_source_acid_halide_reversal_noprior
real_buchwald_hartwig,gp_ucb,29147,98.8492,93.3488,1.1508,1,heldout,
real_buchwald_hartwig,llambo_warmstart_counter_source_acid_halide_reversal_noprior,29147,95.3865,88.6232,4.6135,0,heldout,
real_buchwald_hartwig,llambo_warmstart_selector,29147,95.3865,88.6232,4.6135,0,heldout,llambo_warmstart_counter_source_acid_halide_reversal_noprior
real_buchwald_hartwig,llm_calibrated_selector,29147,76.3373,68.3448,23.6627,0,heldout,llm_semantic_counter_source_acid_halide_reversal_noprior
real_buchwald_hartwig,llm_direct_prior_counter_source_acid_halide_reversal_noprior,29147,100.0,91.3173,0.0,1,heldout,
real_buchwald_hartwig,llm_direct_prior_selector,29147,100.0,91.3173,0.0,1,heldout,llm_direct_prior_counter_source_acid_halide_reversal_noprior
real_buchwald_hartwig,llm_semantic_counter_source_acid_halide_reversal_noprior,29147,76.3373,68.3448,23.6627,0,heldout,
real_buchwald_hartwig,mixed_kernel_gp_ei,29147,100.0,90.7754,0.0,1,heldout,
real_buchwald_hartwig,target_acquisition_portfolio,29147,98.8492,93.2587,1.1508,1,heldout,
real_buchwald_hartwig,care_strategy_router,29148,93.0289,88.9279,6.9711,0,heldout,llm_direct_prior_counter_source_acid_halide_reversal_noprior
real_buchwald_hartwig,gp_ucb,29148,94.5498,82.2331,5.4502,0,heldout,
real_buchwald_hartwig,llambo_warmstart_counter_source_acid_halide_reversal_noprior,29148,98.7313,96.8837,1.2687,1,heldout,
real_buchwald_hartwig,llambo_warmstart_selector,29148,98.7313,96.8837,1.2687,1,heldout,llambo_warmstart_counter_source_acid_halide_reversal_noprior
real_buchwald_hartwig,llm_calibrated_selector,29148,86.7926,59.1991,13.2074,0,heldout,llm_semantic_counter_source_acid_halide_reversal_noprior
real_buchwald_hartwig,llm_direct_prior_counter_source_acid_halide_reversal_noprior,29148,93.0289,88.9279,6.9711,0,heldout,
real_buchwald_hartwig,llm_direct_prior_selector,29148,93.0289,88.9279,6.9711,0,heldout,llm_direct_prior_counter_source_acid_halide_reversal_noprior
real_buchwald_hartwig,llm_semantic_counter_source_acid_halide_reversal_noprior,29148,86.7926,59.1991,13.2074,0,heldout,
real_buchwald_hartwig,mixed_kernel_gp_ei,29148,92.659,82.1069,7.341,0,heldout,
real_buchwald_hartwig,target_acquisition_portfolio,29148,94.5498,83.1724,5.4502,0,heldout,
real_buchwald_hartwig,care_strategy_router,29149,93.0995,82.5366,6.9005,0,heldout,llm_direct_prior_counter_source_acid_halide_reversal_noprior
real_buchwald_hartwig,gp_ucb,29149,93.0995,88.4503,6.9005,0,heldout,
real_buchwald_hartwig,llambo_warmstart_counter_source_acid_halide_reversal_noprior,29149,97.2929,91.9841,2.7071,0,heldout,
real_buchwald_hartwig,llambo_warmstart_selector,29149,97.2929,91.9841,2.7071,0,heldout,llambo_warmstart_counter_source_acid_halide_reversal_noprior
real_buchwald_hartwig,llm_calibrated_selector,29149,89.5592,77.48,10.4408,0,heldout,llm_semantic_counter_source_acid_halide_reversal_noprior
real_buchwald_hartwig,llm_direct_prior_counter_source_acid_halide_reversal_noprior,29149,93.0995,82.5366,6.9005,0,heldout,
real_buchwald_hartwig,llm_direct_prior_selector,29149,93.0995,82.5366,6.9005,0,heldout,llm_direct_prior_counter_source_acid_halide_reversal_noprior
real_buchwald_hartwig,llm_semantic_counter_source_acid_halide_reversal_noprior,29149,89.5592,77.48,10.4408,0,heldout,
real_buchwald_hartwig,mixed_kernel_gp_ei,29149,94.8799,70.3431,5.1201,0,heldout,
real_buchwald_hartwig,target_acquisition_portfolio,29149,93.0995,88.3541,6.9005,0,heldout,
real_buchwald_hartwig,care_strategy_router,29150,88.5139,76.9646,11.4861,0,heldout,llm_direct_prior_counter_source_acid_halide_reversal_noprior
real_buchwald_hartwig,gp_ucb,29150,89.6142,86.429,10.3858,0,heldout,
real_buchwald_hartwig,llambo_warmstart_counter_source_acid_halide_reversal_noprior,29150,93.1012,87.1446,6.8988,0,heldout,
real_buchwald_hartwig,llambo_warmstart_selector,29150,93.1012,87.1446,6.8988,0,heldout,llambo_warmstart_counter_source_acid_halide_reversal_noprior
real_buchwald_hartwig,llm_calibrated_selector,29150,100.0,95.8399,0.0,1,heldout,llm_semantic_counter_source_acid_halide_reversal_noprior
real_buchwald_hartwig,llm_direct_prior_counter_source_acid_halide_reversal_noprior,29150,88.5139,76.9646,11.4861,0,heldout,
real_buchwald_hartwig,llm_direct_prior_selector,29150,88.5139,76.9646,11.4861,0,heldout,llm_direct_prior_counter_source_acid_halide_reversal_noprior
real_buchwald_hartwig,llm_semantic_counter_source_acid_halide_reversal_noprior,29150,100.0,95.8399,0.0,1,heldout,
real_buchwald_hartwig,mixed_kernel_gp_ei,29150,89.6142,86.429,10.3858,0,heldout,
real_buchwald_hartwig,target_acquisition_portfolio,29150,89.6142,86.429,10.3858,0,heldout,
real_buchwald_hartwig,care_strategy_router,29151,93.4211,73.6391,6.5789,0,heldout,llm_direct_prior_counter_source_acid_halide_reversal_noprior
real_buchwald_hartwig,gp_ucb,29151,86.9711,60.9946,13.0289,0,heldout,
real_buchwald_hartwig,llambo_warmstart_counter_source_acid_halide_reversal_noprior,29151,89.4195,89.0588,10.5805,0,heldout,
real_buchwald_hartwig,llambo_warmstart_selector,29151,89.4195,89.0588,10.5805,0,heldout,llambo_warmstart_counter_source_acid_halide_reversal_noprior
real_buchwald_hartwig,llm_calibrated_selector,29151,86.9711,54.4908,13.0289,0,heldout,llm_semantic_counter_source_acid_halide_reversal_noprior
real_buchwald_hartwig,llm_direct_prior_counter_source_acid_halide_reversal_noprior,29151,93.4211,73.6391,6.5789,0,heldout,
real_buchwald_hartwig,llm_direct_prior_selector,29151,93.4211,73.6391,6.5789,0,heldout,llm_direct_prior_counter_source_acid_halide_reversal_noprior
real_buchwald_hartwig,llm_semantic_counter_source_acid_halide_reversal_noprior,29151,86.9711,54.4908,13.0289,0,heldout,
real_buchwald_hartwig,mixed_kernel_gp_ei,29151,88.1675,53.5141,11.8325,0,heldout,
real_buchwald_hartwig,target_acquisition_portfolio,29151,88.1675,53.5141,11.8325,0,heldout,
real_buchwald_hartwig,care_strategy_router,29152,98.2872,88.1444,1.7128,1,heldout,llm_direct_prior_counter_source_acid_halide_reversal_noprior
real_buchwald_hartwig,gp_ucb,29152,88.1675,78.4393,11.8325,0,heldout,
real_buchwald_hartwig,llambo_warmstart_counter_source_acid_halide_reversal_noprior,29152,97.2929,96.2503,2.7071,0,heldout,
real_buchwald_hartwig,llambo_warmstart_selector,29152,97.2929,96.2503,2.7071,0,heldout,llambo_warmstart_counter_source_acid_halide_reversal_noprior
real_buchwald_hartwig,llm_calibrated_selector,29152,98.2872,85.486,1.7128,1,heldout,llm_semantic_counter_source_acid_halide_reversal_noprior
real_buchwald_hartwig,llm_direct_prior_counter_source_acid_halide_reversal_noprior,29152,98.2872,88.1444,1.7128,1,heldout,
real_buchwald_hartwig,llm_direct_prior_selector,29152,98.2872,88.1444,1.7128,1,heldout,llm_direct_prior_counter_source_acid_halide_reversal_noprior
real_buchwald_hartwig,llm_semantic_counter_source_acid_halide_reversal_noprior,29152,98.2872,85.486,1.7128,1,heldout,
real_buchwald_hartwig,mixed_kernel_gp_ei,29152,90.7313,78.8805,9.2687,0,heldout,
real_buchwald_hartwig,target_acquisition_portfolio,29152,90.7313,78.8805,9.2687,0,heldout,
real_buchwald_hartwig,care_strategy_router,29153,97.2929,92.8689,2.7071,0,heldout,llm_direct_prior_counter_source_acid_halide_reversal_noprior
real_buchwald_hartwig,gp_ucb,29153,95.7526,89.499,4.2474,0,heldout,
real_buchwald_hartwig,llambo_warmstart_counter_source_acid_halide_reversal_noprior,29153,92.659,84.2181,7.341,0,heldout,
real_buchwald_hartwig,llambo_warmstart_selector,29153,92.659,84.2181,7.341,0,heldout,llambo_warmstart_counter_source_acid_halide_reversal_noprior
real_buchwald_hartwig,llm_calibrated_selector,29153,93.0995,79.4922,6.9005,0,heldout,llm_semantic_counter_source_acid_halide_reversal_noprior
real_buchwald_hartwig,llm_direct_prior_counter_source_acid_halide_reversal_noprior,29153,97.2929,92.8689,2.7071,0,heldout,
real_buchwald_hartwig,llm_direct_prior_selector,29153,97.2929,92.8689,2.7071,0,heldout,llm_direct_prior_counter_source_acid_halide_reversal_noprior
real_buchwald_hartwig,llm_semantic_counter_source_acid_halide_reversal_noprior,29153,93.0995,79.4922,6.9005,0,heldout,
real_buchwald_hartwig,mixed_kernel_gp_ei,29153,83.1495,76.7046,16.8505,0,heldout,
real_buchwald_hartwig,target_acquisition_portfolio,29153,95.7526,89.6037,4.2474,0,heldout,
real_buchwald_hartwig,care_strategy_router,29154,94.6911,94.3101,5.3089,0,heldout,llm_direct_prior_counter_source_acid_halide_reversal_noprior
real_buchwald_hartwig,gp_ucb,29154,94.6911,92.2538,5.3089,0,heldout,
real_buchwald_hartwig,llambo_warmstart_counter_source_acid_halide_reversal_noprior,29154,100.0,100.0,0.0,1,heldout,
real_buchwald_hartwig,llambo_warmstart_selector,29154,100.0,100.0,0.0,1,heldout,llambo_warmstart_counter_source_acid_halide_reversal_noprior
real_buchwald_hartwig,llm_calibrated_selector,29154,89.2167,89.2167,10.7833,0,heldout,llm_semantic_counter_source_acid_halide_reversal_noprior
real_buchwald_hartwig,llm_direct_prior_counter_source_acid_halide_reversal_noprior,29154,94.6911,94.3101,5.3089,0,heldout,
real_buchwald_hartwig,llm_direct_prior_selector,29154,94.6911,94.3101,5.3089,0,heldout,llm_direct_prior_counter_source_acid_halide_reversal_noprior
real_buchwald_hartwig,llm_semantic_counter_source_acid_halide_reversal_noprior,29154,89.2167,89.2167,10.7833,0,heldout,
real_buchwald_hartwig,mixed_kernel_gp_ei,29154,98.2872,94.7871,1.7128,1,heldout,
real_buchwald_hartwig,target_acquisition_portfolio,29154,98.2872,95.407,1.7128,1,heldout,
real_buchwald_hartwig,care_strategy_router,29155,79.5117,79.5117,20.4883,0,heldout,llm_direct_prior_counter_source_acid_halide_reversal_noprior
real_buchwald_hartwig,gp_ucb,29155,82.7701,75.6964,17.2299,0,heldout,
real_buchwald_hartwig,llambo_warmstart_counter_source_acid_halide_reversal_noprior,29155,90.7313,89.4745,9.2687,0,heldout,
real_buchwald_hartwig,llambo_warmstart_selector,29155,90.7313,89.4745,9.2687,0,heldout,llambo_warmstart_counter_source_acid_halide_reversal_noprior
real_buchwald_hartwig,llm_calibrated_selector,29155,72.8785,72.8785,27.1215,0,heldout,llm_semantic_counter_source_acid_halide_reversal_noprior
real_buchwald_hartwig,llm_direct_prior_counter_source_acid_halide_reversal_noprior,29155,79.5117,79.5117,20.4883,0,heldout,
real_buchwald_hartwig,llm_direct_prior_selector,29155,79.5117,79.5117,20.4883,0,heldout,llm_direct_prior_counter_source_acid_halide_reversal_noprior
real_buchwald_hartwig,llm_semantic_counter_source_acid_halide_reversal_noprior,29155,72.8785,72.8785,27.1215,0,heldout,
real_buchwald_hartwig,mixed_kernel_gp_ei,29155,82.7701,77.6748,17.2299,0,heldout,
real_buchwald_hartwig,target_acquisition_portfolio,29155,81.2746,76.2369,18.7254,0,heldout,
real_buchwald_hartwig,care_strategy_router,29156,97.5685,95.7378,2.4315,1,heldout,llm_direct_prior_counter_source_acid_halide_reversal_noprior
real_buchwald_hartwig,gp_ucb,29156,84.8146,84.4483,15.1854,0,heldout,
real_buchwald_hartwig,llambo_warmstart_counter_source_acid_halide_reversal_noprior,29156,93.3108,93.3108,6.6892,0,heldout,
real_buchwald_hartwig,llambo_warmstart_selector,29156,93.3108,93.3108,6.6892,0,heldout,llambo_warmstart_counter_source_acid_halide_reversal_noprior
real_buchwald_hartwig,llm_calibrated_selector,29156,83.3036,82.2132,16.6964,0,heldout,llm_semantic_counter_source_acid_halide_reversal_noprior
real_buchwald_hartwig,llm_direct_prior_counter_source_acid_halide_reversal_noprior,29156,97.5685,95.7378,2.4315,1,heldout,
real_buchwald_hartwig,llm_direct_prior_selector,29156,97.5685,95.7378,2.4315,1,heldout,llm_direct_prior_counter_source_acid_halide_reversal_noprior
real_buchwald_hartwig,llm_semantic_counter_source_acid_halide_reversal_noprior,29156,83.3036,82.2132,16.6964,0,heldout,
real_buchwald_hartwig,mixed_kernel_gp_ei,29156,88.4464,85.3577,11.5536,0,heldout,
real_buchwald_hartwig,target_acquisition_portfolio,29156,88.4464,85.1746,11.5536,0,heldout,
real_buchwald_hartwig,care_strategy_router,29157,100.0,98.0548,0.0,1,heldout,llm_direct_prior_counter_source_acid_halide_reversal_noprior
real_buchwald_hartwig,gp_ucb,29157,100.0,99.8849,0.0,1,heldout,
real_buchwald_hartwig,llambo_warmstart_counter_source_acid_halide_reversal_noprior,29157,88.4449,82.3066,11.5551,0,heldout,
real_buchwald_hartwig,llambo_warmstart_selector,29157,88.4449,82.3066,11.5551,0,heldout,llambo_warmstart_counter_source_acid_halide_reversal_noprior
real_buchwald_hartwig,llm_calibrated_selector,29157,100.0,95.4123,0.0,1,heldout,llm_semantic_counter_source_acid_halide_reversal_noprior
real_buchwald_hartwig,llm_direct_prior_counter_source_acid_halide_reversal_noprior,29157,100.0,98.0548,0.0,1,heldout,
real_buchwald_hartwig,llm_direct_prior_selector,29157,100.0,98.0548,0.0,1,heldout,llm_direct_prior_counter_source_acid_halide_reversal_noprior
real_buchwald_hartwig,llm_semantic_counter_source_acid_halide_reversal_noprior,29157,100.0,95.4123,0.0,1,heldout,
real_buchwald_hartwig,mixed_kernel_gp_ei,29157,100.0,99.7698,0.0,1,heldout,
real_buchwald_hartwig,target_acquisition_portfolio,29157,100.0,99.7698,0.0,1,heldout,
real_buchwald_hartwig,care_strategy_router,29158,71.0972,71.0972,28.9028,0,heldout,llm_direct_prior_counter_source_acid_halide_reversal_noprior
real_buchwald_hartwig,gp_ucb,29158,71.0972,71.0972,28.9028,0,heldout,
real_buchwald_hartwig,llambo_warmstart_counter_source_acid_halide_reversal_noprior,29158,85.6592,85.6592,14.3408,0,heldout,
real_buchwald_hartwig,llambo_warmstart_selector,29158,85.6592,85.6592,14.3408,0,heldout,llambo_warmstart_counter_source_acid_halide_reversal_noprior
real_buchwald_hartwig,llm_calibrated_selector,29158,75.2856,74.755,24.7144,0,heldout,llm_semantic_counter_source_acid_halide_reversal_noprior
real_buchwald_hartwig,llm_direct_prior_counter_source_acid_halide_reversal_noprior,29158,71.0972,71.0972,28.9028,0,heldout,
real_buchwald_hartwig,llm_direct_prior_selector,29158,71.0972,71.0972,28.9028,0,heldout,llm_direct_prior_counter_source_acid_halide_reversal_noprior
real_buchwald_hartwig,llm_semantic_counter_source_acid_halide_reversal_noprior,29158,75.2856,74.755,24.7144,0,heldout,
real_buchwald_hartwig,mixed_kernel_gp_ei,29158,78.2963,73.2569,21.7037,0,heldout,
real_buchwald_hartwig,target_acquisition_portfolio,29158,71.0972,71.0972,28.9028,0,heldout,
real_buchwald_hartwig,care_strategy_router,29159,100.0,91.949,0.0,1,heldout,llm_direct_prior_counter_source_acid_halide_reversal_noprior
real_buchwald_hartwig,gp_ucb,29159,98.1771,83.8091,1.8229,1,heldout,
real_buchwald_hartwig,llambo_warmstart_counter_source_acid_halide_reversal_noprior,29159,85.8123,75.6008,14.1877,0,heldout,
real_buchwald_hartwig,llambo_warmstart_selector,29159,85.8123,75.6008,14.1877,0,heldout,llambo_warmstart_counter_source_acid_halide_reversal_noprior
real_buchwald_hartwig,llm_calibrated_selector,29159,88.4043,79.8993,11.5957,0,heldout,llm_semantic_counter_source_acid_halide_reversal_noprior
real_buchwald_hartwig,llm_direct_prior_counter_source_acid_halide_reversal_noprior,29159,100.0,91.949,0.0,1,heldout,
real_buchwald_hartwig,llm_direct_prior_selector,29159,100.0,91.949,0.0,1,heldout,llm_direct_prior_counter_source_acid_halide_reversal_noprior
real_buchwald_hartwig,llm_semantic_counter_source_acid_halide_reversal_noprior,29159,88.4043,79.8993,11.5957,0,heldout,
real_buchwald_hartwig,mixed_kernel_gp_ei,29159,98.1771,83.8091,1.8229,1,heldout,
real_buchwald_hartwig,target_acquisition_portfolio,29159,98.1771,83.8091,1.8229,1,heldout,
real_buchwald_hartwig,care_strategy_router,29160,93.4211,91.9043,6.5789,0,heldout,llm_direct_prior_counter_source_acid_halide_reversal_noprior
real_buchwald_hartwig,gp_ucb,29160,52.3137,47.0638,47.6863,0,heldout,
real_buchwald_hartwig,llambo_warmstart_counter_source_acid_halide_reversal_noprior,29160,88.4449,86.2501,11.5551,0,heldout,
real_buchwald_hartwig,llambo_warmstart_selector,29160,88.4449,86.2501,11.5551,0,heldout,llambo_warmstart_counter_source_acid_halide_reversal_noprior
real_buchwald_hartwig,llm_calibrated_selector,29160,81.6307,47.3816,18.3693,0,heldout,llm_semantic_counter_source_acid_halide_reversal_noprior
real_buchwald_hartwig,llm_direct_prior_counter_source_acid_halide_reversal_noprior,29160,93.4211,91.9043,6.5789,0,heldout,
real_buchwald_hartwig,llm_direct_prior_selector,29160,93.4211,91.9043,6.5789,0,heldout,llm_direct_prior_counter_source_acid_halide_reversal_noprior
real_buchwald_hartwig,llm_semantic_counter_source_acid_halide_reversal_noprior,29160,81.6307,47.3816,18.3693,0,heldout,
real_buchwald_hartwig,mixed_kernel_gp_ei,29160,50.2713,47.4161,49.7287,0,heldout,
real_buchwald_hartwig,target_acquisition_portfolio,29160,92.3912,55.6374,7.6088,0,heldout,
real_buchwald_hartwig,care_strategy_router,29161,88.5139,88.0279,11.4861,0,heldout,llm_direct_prior_counter_source_acid_halide_reversal_noprior
real_buchwald_hartwig,gp_ucb,29161,99.0345,87.683,0.9655,1,heldout,
real_buchwald_hartwig,llambo_warmstart_counter_source_acid_halide_reversal_noprior,29161,97.2929,97.2929,2.7071,0,heldout,
real_buchwald_hartwig,llambo_warmstart_selector,29161,97.2929,97.2929,2.7071,0,heldout,llambo_warmstart_counter_source_acid_halide_reversal_noprior
real_buchwald_hartwig,llm_calibrated_selector,29161,100.0,84.9121,0.0,1,heldout,llm_semantic_counter_source_acid_halide_reversal_noprior
real_buchwald_hartwig,llm_direct_prior_counter_source_acid_halide_reversal_noprior,29161,88.5139,88.0279,11.4861,0,heldout,
real_buchwald_hartwig,llm_direct_prior_selector,29161,88.5139,88.0279,11.4861,0,heldout,llm_direct_prior_counter_source_acid_halide_reversal_noprior
real_buchwald_hartwig,llm_semantic_counter_source_acid_halide_reversal_noprior,29161,100.0,84.9121,0.0,1,heldout,
real_buchwald_hartwig,mixed_kernel_gp_ei,29161,79.0795,71.863,20.9205,0,heldout,
real_buchwald_hartwig,target_acquisition_portfolio,29161,99.0345,87.683,0.9655,1,heldout,
real_buchwald_hartwig,care_strategy_router,29162,97.5685,95.1504,2.4315,1,heldout,llm_direct_prior_counter_source_acid_halide_reversal_noprior
real_buchwald_hartwig,gp_ucb,29162,83.2944,76.5513,16.7056,0,heldout,
real_buchwald_hartwig,llambo_warmstart_counter_source_acid_halide_reversal_noprior,29162,92.127,89.8102,7.873,0,heldout,
real_buchwald_hartwig,llambo_warmstart_selector,29162,92.127,89.8102,7.873,0,heldout,llambo_warmstart_counter_source_acid_halide_reversal_noprior
real_buchwald_hartwig,llm_calibrated_selector,29162,100.0,91.254,0.0,1,heldout,llm_semantic_counter_source_acid_halide_reversal_noprior
real_buchwald_hartwig,llm_direct_prior_counter_source_acid_halide_reversal_noprior,29162,97.5685,95.1504,2.4315,1,heldout,
real_buchwald_hartwig,llm_direct_prior_selector,29162,97.5685,95.1504,2.4315,1,heldout,llm_direct_prior_counter_source_acid_halide_reversal_noprior
real_buchwald_hartwig,llm_semantic_counter_source_acid_halide_reversal_noprior,29162,100.0,91.254,0.0,1,heldout,
real_buchwald_hartwig,mixed_kernel_gp_ei,29162,83.2944,74.8486,16.7056,0,heldout,
real_buchwald_hartwig,target_acquisition_portfolio,29162,83.2944,76.5513,16.7056,0,heldout,
real_buchwald_hartwig,care_strategy_router,29163,98.7313,89.7999,1.2687,1,heldout,llm_direct_prior_counter_source_acid_halide_reversal_noprior
real_buchwald_hartwig,gp_ucb,29163,93.5641,92.2023,6.4359,0,heldout,
real_buchwald_hartwig,llambo_warmstart_counter_source_acid_halide_reversal_noprior,29163,91.9334,82.4954,8.0666,0,heldout,
real_buchwald_hartwig,llambo_warmstart_selector,29163,91.9334,82.4954,8.0666,0,heldout,llambo_warmstart_counter_source_acid_halide_reversal_noprior
real_buchwald_hartwig,llm_calibrated_selector,29163,83.6818,82.241,16.3182,0,heldout,llm_semantic_counter_source_acid_halide_reversal_noprior
real_buchwald_hartwig,llm_direct_prior_counter_source_acid_halide_reversal_noprior,29163,98.7313,89.7999,1.2687,1,heldout,
real_buchwald_hartwig,llm_direct_prior_selector,29163,98.7313,89.7999,1.2687,1,heldout,llm_direct_prior_counter_source_acid_halide_reversal_noprior
real_buchwald_hartwig,llm_semantic_counter_source_acid_halide_reversal_noprior,29163,83.6818,82.241,16.3182,0,heldout,
real_buchwald_hartwig,mixed_kernel_gp_ei,29163,93.5641,92.2023,6.4359,0,heldout,
real_buchwald_hartwig,target_acquisition_portfolio,29163,93.5641,92.2023,6.4359,0,heldout,
real_buchwald_hartwig,care_strategy_router,29164,100.0,93.6005,0.0,1,heldout,llm_direct_prior_counter_source_acid_halide_reversal_noprior
real_buchwald_hartwig,gp_ucb,29164,97.5685,84.1814,2.4315,1,heldout,
real_buchwald_hartwig,llambo_warmstart_counter_source_acid_halide_reversal_noprior,29164,83.9394,83.9394,16.0606,0,heldout,
real_buchwald_hartwig,llambo_warmstart_selector,29164,83.9394,83.9394,16.0606,0,heldout,llambo_warmstart_counter_source_acid_halide_reversal_noprior
real_buchwald_hartwig,llm_calibrated_selector,29164,85.8123,74.9346,14.1877,0,heldout,llm_semantic_counter_source_acid_halide_reversal_noprior
real_buchwald_hartwig,llm_direct_prior_counter_source_acid_halide_reversal_noprior,29164,100.0,93.6005,0.0,1,heldout,
real_buchwald_hartwig,llm_direct_prior_selector,29164,100.0,93.6005,0.0,1,heldout,llm_direct_prior_counter_source_acid_halide_reversal_noprior
real_buchwald_hartwig,llm_semantic_counter_source_acid_halide_reversal_noprior,29164,85.8123,74.9346,14.1877,0,heldout,
real_buchwald_hartwig,mixed_kernel_gp_ei,29164,100.0,86.3441,0.0,1,heldout,
real_buchwald_hartwig,target_acquisition_portfolio,29164,100.0,83.87,0.0,1,heldout,
real_buchwald_hartwig,care_strategy_router,29165,97.2929,94.0359,2.7071,0,heldout,llm_direct_prior_counter_source_acid_halide_reversal_noprior
real_buchwald_hartwig,gp_ucb,29165,91.2669,88.7271,8.7331,0,heldout,
real_buchwald_hartwig,llambo_warmstart_counter_source_acid_halide_reversal_noprior,29165,90.2279,73.4803,9.7721,0,heldout,
real_buchwald_hartwig,llambo_warmstart_selector,29165,90.2279,73.4803,9.7721,0,heldout,llambo_warmstart_counter_source_acid_halide_reversal_noprior
real_buchwald_hartwig,llm_calibrated_selector,29165,76.3373,68.3507,23.6627,0,heldout,llm_semantic_counter_source_acid_halide_reversal_noprior
real_buchwald_hartwig,llm_direct_prior_counter_source_acid_halide_reversal_noprior,29165,97.2929,94.0359,2.7071,0,heldout,
real_buchwald_hartwig,llm_direct_prior_selector,29165,97.2929,94.0359,2.7071,0,heldout,llm_direct_prior_counter_source_acid_halide_reversal_noprior
real_buchwald_hartwig,llm_semantic_counter_source_acid_halide_reversal_noprior,29165,76.3373,68.3507,23.6627,0,heldout,
real_buchwald_hartwig,mixed_kernel_gp_ei,29165,93.3108,88.488,6.6892,0,heldout,
real_buchwald_hartwig,target_acquisition_portfolio,29165,91.2669,88.7271,8.7331,0,heldout,
real_buchwald_hartwig,care_strategy_router,29166,93.4211,88.8837,6.5789,0,heldout,llm_direct_prior_counter_source_acid_halide_reversal_noprior
real_buchwald_hartwig,gp_ucb,29166,94.6911,85.465,5.3089,0,heldout,
real_buchwald_hartwig,llambo_warmstart_counter_source_acid_halide_reversal_noprior,29166,88.8276,85.0511,11.1724,0,heldout,
real_buchwald_hartwig,llambo_warmstart_selector,29166,88.8276,85.0511,11.1724,0,heldout,llambo_warmstart_counter_source_acid_halide_reversal_noprior
real_buchwald_hartwig,llm_calibrated_selector,29166,86.7926,82.8505,13.2074,0,heldout,llm_semantic_counter_source_acid_halide_reversal_noprior
real_buchwald_hartwig,llm_direct_prior_counter_source_acid_halide_reversal_noprior,29166,93.4211,88.8837,6.5789,0,heldout,
real_buchwald_hartwig,llm_direct_prior_selector,29166,93.4211,88.8837,6.5789,0,heldout,llm_direct_prior_counter_source_acid_halide_reversal_noprior
real_buchwald_hartwig,llm_semantic_counter_source_acid_halide_reversal_noprior,29166,86.7926,82.8505,13.2074,0,heldout,
real_buchwald_hartwig,mixed_kernel_gp_ei,29166,94.6911,85.465,5.3089,0,heldout,
real_buchwald_hartwig,target_acquisition_portfolio,29166,94.6911,85.465,5.3089,0,heldout,
real_buchwald_hartwig,care_strategy_router,29167,92.127,88.6738,7.873,0,heldout,llm_direct_prior_counter_source_acid_halide_reversal_noprior
real_buchwald_hartwig,gp_ucb,29167,91.6984,91.6984,8.3016,0,heldout,
real_buchwald_hartwig,llambo_warmstart_counter_source_acid_halide_reversal_noprior,29167,89.5592,86.6214,10.4408,0,heldout,
real_buchwald_hartwig,llambo_warmstart_selector,29167,89.5592,86.6214,10.4408,0,heldout,llambo_warmstart_counter_source_acid_halide_reversal_noprior
real_buchwald_hartwig,llm_calibrated_selector,29167,93.4211,88.1432,6.5789,0,heldout,llm_semantic_counter_source_acid_halide_reversal_noprior
real_buchwald_hartwig,llm_direct_prior_counter_source_acid_halide_reversal_noprior,29167,92.127,88.6738,7.873,0,heldout,
real_buchwald_hartwig,llm_direct_prior_selector,29167,92.127,88.6738,7.873,0,heldout,llm_direct_prior_counter_source_acid_halide_reversal_noprior
real_buchwald_hartwig,llm_semantic_counter_source_acid_halide_reversal_noprior,29167,93.4211,88.1432,6.5789,0,heldout,
real_buchwald_hartwig,mixed_kernel_gp_ei,29167,91.6984,91.6984,8.3016,0,heldout,
real_buchwald_hartwig,target_acquisition_portfolio,29167,91.6984,91.6984,8.3016,0,heldout,
real_buchwald_hartwig,care_strategy_router,29168,88.5139,87.1631,11.4861,0,heldout,llm_direct_prior_counter_source_acid_halide_reversal_noprior
real_buchwald_hartwig,gp_ucb,29168,86.8997,86.2473,13.1003,0,heldout,
real_buchwald_hartwig,llambo_warmstart_counter_source_acid_halide_reversal_noprior,29168,82.7105,72.2289,17.2895,0,heldout,
real_buchwald_hartwig,llambo_warmstart_selector,29168,82.7105,72.2289,17.2895,0,heldout,llambo_warmstart_counter_source_acid_halide_reversal_noprior
real_buchwald_hartwig,llm_calibrated_selector,29168,85.8123,85.8123,14.1877,0,heldout,llm_semantic_counter_source_acid_halide_reversal_noprior
real_buchwald_hartwig,llm_direct_prior_counter_source_acid_halide_reversal_noprior,29168,88.5139,87.1631,11.4861,0,heldout,
real_buchwald_hartwig,llm_direct_prior_selector,29168,88.5139,87.1631,11.4861,0,heldout,llm_direct_prior_counter_source_acid_halide_reversal_noprior
real_buchwald_hartwig,llm_semantic_counter_source_acid_halide_reversal_noprior,29168,85.8123,85.8123,14.1877,0,heldout,
real_buchwald_hartwig,mixed_kernel_gp_ei,29168,86.8997,86.1385,13.1003,0,heldout,
real_buchwald_hartwig,target_acquisition_portfolio,29168,86.0741,85.8385,13.9259,0,heldout,
real_buchwald_hartwig,care_strategy_router,29169,93.4211,70.2857,6.5789,0,heldout,llm_direct_prior_counter_source_acid_halide_reversal_noprior
real_buchwald_hartwig,gp_ucb,29169,89.4195,69.8122,10.5805,0,heldout,
real_buchwald_hartwig,llambo_warmstart_counter_source_acid_halide_reversal_noprior,29169,83.3036,79.9948,16.6964,0,heldout,
real_buchwald_hartwig,llambo_warmstart_selector,29169,83.3036,79.9948,16.6964,0,heldout,llambo_warmstart_counter_source_acid_halide_reversal_noprior
real_buchwald_hartwig,llm_calibrated_selector,29169,75.2856,66.0494,24.7144,0,heldout,llm_semantic_counter_source_acid_halide_reversal_noprior
real_buchwald_hartwig,llm_direct_prior_counter_source_acid_halide_reversal_noprior,29169,93.4211,70.2857,6.5789,0,heldout,
real_buchwald_hartwig,llm_direct_prior_selector,29169,93.4211,70.2857,6.5789,0,heldout,llm_direct_prior_counter_source_acid_halide_reversal_noprior
real_buchwald_hartwig,llm_semantic_counter_source_acid_halide_reversal_noprior,29169,75.2856,66.0494,24.7144,0,heldout,
real_buchwald_hartwig,mixed_kernel_gp_ei,29169,87.5291,71.016,12.4709,0,heldout,
real_buchwald_hartwig,target_acquisition_portfolio,29169,89.4195,69.8122,10.5805,0,heldout,
real_buchwald_hartwig,care_strategy_router,29170,100.0,89.3823,0.0,1,heldout,llm_direct_prior_counter_source_acid_halide_reversal_noprior
real_buchwald_hartwig,gp_ucb,29170,88.4464,85.107,11.5536,0,heldout,
real_buchwald_hartwig,llambo_warmstart_counter_source_acid_halide_reversal_noprior,29170,84.4243,84.4243,15.5757,0,heldout,
real_buchwald_hartwig,llambo_warmstart_selector,29170,84.4243,84.4243,15.5757,0,heldout,llambo_warmstart_counter_source_acid_halide_reversal_noprior
real_buchwald_hartwig,llm_calibrated_selector,29170,100.0,87.4687,0.0,1,heldout,llm_semantic_counter_source_acid_halide_reversal_noprior
real_buchwald_hartwig,llm_direct_prior_counter_source_acid_halide_reversal_noprior,29170,100.0,89.3823,0.0,1,heldout,
real_buchwald_hartwig,llm_direct_prior_selector,29170,100.0,89.3823,0.0,1,heldout,llm_direct_prior_counter_source_acid_halide_reversal_noprior
real_buchwald_hartwig,llm_semantic_counter_source_acid_halide_reversal_noprior,29170,100.0,87.4687,0.0,1,heldout,
real_buchwald_hartwig,mixed_kernel_gp_ei,29170,99.6191,83.9733,0.3809,1,heldout,
real_buchwald_hartwig,target_acquisition_portfolio,29170,88.4464,85.107,11.5536,0,heldout,
real_buchwald_hartwig,care_strategy_router,29171,97.5685,90.1903,2.4315,1,heldout,llm_direct_prior_counter_source_acid_halide_reversal_noprior
real_buchwald_hartwig,gp_ucb,29171,98.1771,92.036,1.8229,1,heldout,
real_buchwald_hartwig,llambo_warmstart_counter_source_acid_halide_reversal_noprior,29171,79.5273,64.6698,20.4727,0,heldout,
real_buchwald_hartwig,llambo_warmstart_selector,29171,79.5273,64.6698,20.4727,0,heldout,llambo_warmstart_counter_source_acid_halide_reversal_noprior
real_buchwald_hartwig,llm_calibrated_selector,29171,97.5685,84.9806,2.4315,1,heldout,llm_semantic_counter_source_acid_halide_reversal_noprior
real_buchwald_hartwig,llm_direct_prior_counter_source_acid_halide_reversal_noprior,29171,97.5685,90.1903,2.4315,1,heldout,
real_buchwald_hartwig,llm_direct_prior_selector,29171,97.5685,90.1903,2.4315,1,heldout,llm_direct_prior_counter_source_acid_halide_reversal_noprior
real_buchwald_hartwig,llm_semantic_counter_source_acid_halide_reversal_noprior,29171,97.5685,84.9806,2.4315,1,heldout,
real_buchwald_hartwig,mixed_kernel_gp_ei,29171,98.1771,90.8402,1.8229,1,heldout,
real_buchwald_hartwig,target_acquisition_portfolio,29171,98.1771,90.8402,1.8229,1,heldout,
real_buchwald_hartwig,care_strategy_router,29172,93.0995,87.6361,6.9005,0,heldout,llm_direct_prior_counter_source_acid_halide_reversal_noprior
real_buchwald_hartwig,gp_ucb,29172,93.5641,87.1706,6.4359,0,heldout,
real_buchwald_hartwig,llambo_warmstart_counter_source_acid_halide_reversal_noprior,29172,98.7313,98.7313,1.2687,1,heldout,
real_buchwald_hartwig,llambo_warmstart_selector,29172,98.7313,98.7313,1.2687,1,heldout,llambo_warmstart_counter_source_acid_halide_reversal_noprior
real_buchwald_hartwig,llm_calibrated_selector,29172,84.4027,82.9746,15.5973,0,heldout,llm_semantic_counter_source_acid_halide_reversal_noprior
real_buchwald_hartwig,llm_direct_prior_counter_source_acid_halide_reversal_noprior,29172,93.0995,87.6361,6.9005,0,heldout,
real_buchwald_hartwig,llm_direct_prior_selector,29172,93.0995,87.6361,6.9005,0,heldout,llm_direct_prior_counter_source_acid_halide_reversal_noprior
real_buchwald_hartwig,llm_semantic_counter_source_acid_halide_reversal_noprior,29172,84.4027,82.9746,15.5973,0,heldout,
real_buchwald_hartwig,mixed_kernel_gp_ei,29172,93.5641,87.235,6.4359,0,heldout,
real_buchwald_hartwig,target_acquisition_portfolio,29172,93.5641,87.235,6.4359,0,heldout,
real_buchwald_hartwig,care_strategy_router,29173,88.5139,87.6001,11.4861,0,heldout,llm_direct_prior_counter_source_acid_halide_reversal_noprior
real_buchwald_hartwig,gp_ucb,29173,99.6191,93.3493,0.3809,1,heldout,
real_buchwald_hartwig,llambo_warmstart_counter_source_acid_halide_reversal_noprior,29173,86.1051,84.3507,13.8949,0,heldout,
real_buchwald_hartwig,llambo_warmstart_selector,29173,86.1051,84.3507,13.8949,0,heldout,llambo_warmstart_counter_source_acid_halide_reversal_noprior
real_buchwald_hartwig,llm_calibrated_selector,29173,100.0,88.745,0.0,1,heldout,llm_semantic_counter_source_acid_halide_reversal_noprior
real_buchwald_hartwig,llm_direct_prior_counter_source_acid_halide_reversal_noprior,29173,88.5139,87.6001,11.4861,0,heldout,
real_buchwald_hartwig,llm_direct_prior_selector,29173,88.5139,87.6001,11.4861,0,heldout,llm_direct_prior_counter_source_acid_halide_reversal_noprior
real_buchwald_hartwig,llm_semantic_counter_source_acid_halide_reversal_noprior,29173,100.0,88.745,0.0,1,heldout,
real_buchwald_hartwig,mixed_kernel_gp_ei,29173,97.948,90.304,2.052,1,heldout,
real_buchwald_hartwig,target_acquisition_portfolio,29173,92.1197,88.5284,7.8803,0,heldout,
real_buchwald_hartwig,care_strategy_router,29174,100.0,89.7224,0.0,1,heldout,llm_direct_prior_counter_source_acid_halide_reversal_noprior
real_buchwald_hartwig,gp_ucb,29174,95.3865,87.2695,4.6135,0,heldout,
real_buchwald_hartwig,llambo_warmstart_counter_source_acid_halide_reversal_noprior,29174,99.6191,97.9261,0.3809,1,heldout,
real_buchwald_hartwig,llambo_warmstart_selector,29174,99.6191,97.9261,0.3809,1,heldout,llambo_warmstart_counter_source_acid_halide_reversal_noprior
real_buchwald_hartwig,llm_calibrated_selector,29174,100.0,89.5015,0.0,1,heldout,llm_semantic_counter_source_acid_halide_reversal_noprior
real_buchwald_hartwig,llm_direct_prior_counter_source_acid_halide_reversal_noprior,29174,100.0,89.7224,0.0,1,heldout,
real_buchwald_hartwig,llm_direct_prior_selector,29174,100.0,89.7224,0.0,1,heldout,llm_direct_prior_counter_source_acid_halide_reversal_noprior
real_buchwald_hartwig,llm_semantic_counter_source_acid_halide_reversal_noprior,29174,100.0,89.5015,0.0,1,heldout,
real_buchwald_hartwig,mixed_kernel_gp_ei,29174,89.8895,84.1182,10.1105,0,heldout,
real_buchwald_hartwig,target_acquisition_portfolio,29174,89.8895,84.4877,10.1105,0,heldout,
real_buchwald_hartwig,care_strategy_router,29175,100.0,88.8037,0.0,1,heldout,llm_direct_prior_counter_source_acid_halide_reversal_noprior
real_buchwald_hartwig,gp_ucb,29175,83.2944,83.2944,16.7056,0,heldout,
real_buchwald_hartwig,llambo_warmstart_counter_source_acid_halide_reversal_noprior,29175,99.6191,93.1105,0.3809,1,heldout,
real_buchwald_hartwig,llambo_warmstart_selector,29175,99.6191,93.1105,0.3809,1,heldout,llambo_warmstart_counter_source_acid_halide_reversal_noprior
real_buchwald_hartwig,llm_calibrated_selector,29175,93.3108,87.4991,6.6892,0,heldout,llm_semantic_counter_source_acid_halide_reversal_noprior
real_buchwald_hartwig,llm_direct_prior_counter_source_acid_halide_reversal_noprior,29175,100.0,88.8037,0.0,1,heldout,
real_buchwald_hartwig,llm_direct_prior_selector,29175,100.0,88.8037,0.0,1,heldout,llm_direct_prior_counter_source_acid_halide_reversal_noprior
real_buchwald_hartwig,llm_semantic_counter_source_acid_halide_reversal_noprior,29175,93.3108,87.4991,6.6892,0,heldout,
real_buchwald_hartwig,mixed_kernel_gp_ei,29175,83.2944,83.2944,16.7056,0,heldout,
real_buchwald_hartwig,target_acquisition_portfolio,29175,83.2944,83.2944,16.7056,0,heldout,
real_buchwald_hartwig,care_strategy_router,29176,97.5685,94.7022,2.4315,1,heldout,llm_direct_prior_counter_source_acid_halide_reversal_noprior
real_buchwald_hartwig,gp_ucb,29176,99.6191,90.5582,0.3809,1,heldout,
real_buchwald_hartwig,llambo_warmstart_counter_source_acid_halide_reversal_noprior,29176,93.0326,84.3068,6.9674,0,heldout,
real_buchwald_hartwig,llambo_warmstart_selector,29176,93.0326,84.3068,6.9674,0,heldout,llambo_warmstart_counter_source_acid_halide_reversal_noprior
real_buchwald_hartwig,llm_calibrated_selector,29176,93.0289,89.4265,6.9711,0,heldout,llm_semantic_counter_source_acid_halide_reversal_noprior
real_buchwald_hartwig,llm_direct_prior_counter_source_acid_halide_reversal_noprior,29176,97.5685,94.7022,2.4315,1,heldout,
real_buchwald_hartwig,llm_direct_prior_selector,29176,97.5685,94.7022,2.4315,1,heldout,llm_direct_prior_counter_source_acid_halide_reversal_noprior
real_buchwald_hartwig,llm_semantic_counter_source_acid_halide_reversal_noprior,29176,93.0289,89.4265,6.9711,0,heldout,
real_buchwald_hartwig,mixed_kernel_gp_ei,29176,99.6191,90.5582,0.3809,1,heldout,
real_buchwald_hartwig,target_acquisition_portfolio,29176,99.6191,90.5582,0.3809,1,heldout,
real_buchwald_hartwig,care_strategy_router,29177,97.2929,92.8689,2.7071,0,heldout,llm_direct_prior_counter_source_acid_halide_reversal_noprior
real_buchwald_hartwig,gp_ucb,29177,93.3108,80.9711,6.6892,0,heldout,
real_buchwald_hartwig,llambo_warmstart_counter_source_acid_halide_reversal_noprior,29177,100.0,96.5431,0.0,1,heldout,
real_buchwald_hartwig,llambo_warmstart_selector,29177,100.0,96.5431,0.0,1,heldout,llambo_warmstart_counter_source_acid_halide_reversal_noprior
real_buchwald_hartwig,llm_calibrated_selector,29177,91.4851,69.868,8.5149,0,heldout,llm_semantic_counter_source_acid_halide_reversal_noprior
real_buchwald_hartwig,llm_direct_prior_counter_source_acid_halide_reversal_noprior,29177,97.2929,92.8689,2.7071,0,heldout,
real_buchwald_hartwig,llm_direct_prior_selector,29177,97.2929,92.8689,2.7071,0,heldout,llm_direct_prior_counter_source_acid_halide_reversal_noprior
real_buchwald_hartwig,llm_semantic_counter_source_acid_halide_reversal_noprior,29177,91.4851,69.868,8.5149,0,heldout,
real_buchwald_hartwig,mixed_kernel_gp_ei,29177,93.3108,74.6926,6.6892,0,heldout,
real_buchwald_hartwig,target_acquisition_portfolio,29177,93.0995,76.1283,6.9005,0,heldout,
real_buchwald_hartwig,care_strategy_router,29178,93.0995,89.2355,6.9005,0,heldout,llm_direct_prior_counter_source_acid_halide_reversal_noprior
real_buchwald_hartwig,gp_ucb,29178,97.2929,77.3207,2.7071,0,heldout,
real_buchwald_hartwig,llambo_warmstart_counter_source_acid_halide_reversal_noprior,29178,86.1982,86.1982,13.8018,0,heldout,
real_buchwald_hartwig,llambo_warmstart_selector,29178,86.1982,86.1982,13.8018,0,heldout,llambo_warmstart_counter_source_acid_halide_reversal_noprior
real_buchwald_hartwig,llm_calibrated_selector,29178,93.0289,78.6548,6.9711,0,heldout,llm_semantic_counter_source_acid_halide_reversal_noprior
real_buchwald_hartwig,llm_direct_prior_counter_source_acid_halide_reversal_noprior,29178,93.0995,89.2355,6.9005,0,heldout,
real_buchwald_hartwig,llm_direct_prior_selector,29178,93.0995,89.2355,6.9005,0,heldout,llm_direct_prior_counter_source_acid_halide_reversal_noprior
real_buchwald_hartwig,llm_semantic_counter_source_acid_halide_reversal_noprior,29178,93.0289,78.6548,6.9711,0,heldout,
real_buchwald_hartwig,mixed_kernel_gp_ei,29178,97.2929,77.3207,2.7071,0,heldout,
real_buchwald_hartwig,target_acquisition_portfolio,29178,97.2929,77.3207,2.7071,0,heldout,
real_buchwald_hartwig,care_strategy_router,29179,97.2929,92.1455,2.7071,0,heldout,llm_direct_prior_counter_source_acid_halide_reversal_noprior
real_buchwald_hartwig,gp_ucb,29179,97.2929,94.7192,2.7071,0,heldout,
real_buchwald_hartwig,llambo_warmstart_counter_source_acid_halide_reversal_noprior,29179,79.8903,78.1162,20.1097,0,heldout,
real_buchwald_hartwig,llambo_warmstart_selector,29179,79.8903,78.1162,20.1097,0,heldout,llambo_warmstart_counter_source_acid_halide_reversal_noprior
real_buchwald_hartwig,llm_calibrated_selector,29179,98.2872,89.2524,1.7128,1,heldout,llm_semantic_counter_source_acid_halide_reversal_noprior
real_buchwald_hartwig,llm_direct_prior_counter_source_acid_halide_reversal_noprior,29179,97.2929,92.1455,2.7071,0,heldout,
real_buchwald_hartwig,llm_direct_prior_selector,29179,97.2929,92.1455,2.7071,0,heldout,llm_direct_prior_counter_source_acid_halide_reversal_noprior
real_buchwald_hartwig,llm_semantic_counter_source_acid_halide_reversal_noprior,29179,98.2872,89.2524,1.7128,1,heldout,
real_buchwald_hartwig,mixed_kernel_gp_ei,29179,92.9142,86.7288,7.0858,0,heldout,
real_buchwald_hartwig,target_acquisition_portfolio,29179,92.9142,88.5045,7.0858,0,heldout,
real_buchwald_hartwig,care_strategy_router,29180,94.6911,94.1831,5.3089,0,heldout,llm_direct_prior_counter_source_acid_halide_reversal_noprior
real_buchwald_hartwig,gp_ucb,29180,98.2872,97.314,1.7128,1,heldout,
real_buchwald_hartwig,llambo_warmstart_counter_source_acid_halide_reversal_noprior,29180,100.0,91.1504,0.0,1,heldout,
real_buchwald_hartwig,llambo_warmstart_selector,29180,100.0,91.1504,0.0,1,heldout,llambo_warmstart_counter_source_acid_halide_reversal_noprior
real_buchwald_hartwig,llm_calibrated_selector,29180,98.2872,94.8809,1.7128,1,heldout,llm_semantic_counter_source_acid_halide_reversal_noprior
real_buchwald_hartwig,llm_direct_prior_counter_source_acid_halide_reversal_noprior,29180,94.6911,94.1831,5.3089,0,heldout,
real_buchwald_hartwig,llm_direct_prior_selector,29180,94.6911,94.1831,5.3089,0,heldout,llm_direct_prior_counter_source_acid_halide_reversal_noprior
real_buchwald_hartwig,llm_semantic_counter_source_acid_halide_reversal_noprior,29180,98.2872,94.8809,1.7128,1,heldout,
real_buchwald_hartwig,mixed_kernel_gp_ei,29180,98.2872,97.314,1.7128,1,heldout,
real_buchwald_hartwig,target_acquisition_portfolio,29180,98.2872,97.314,1.7128,1,heldout,
real_buchwald_hartwig,care_strategy_router,29181,83.385,73.4473,16.615,0,heldout,llm_direct_prior_counter_source_acid_halide_reversal_noprior
real_buchwald_hartwig,gp_ucb,29181,92.2093,83.0834,7.7907,0,heldout,
real_buchwald_hartwig,llambo_warmstart_counter_source_acid_halide_reversal_noprior,29181,90.7313,90.7313,9.2687,0,heldout,
real_buchwald_hartwig,llambo_warmstart_selector,29181,90.7313,90.7313,9.2687,0,heldout,llambo_warmstart_counter_source_acid_halide_reversal_noprior
real_buchwald_hartwig,llm_calibrated_selector,29181,79.3465,75.6917,20.6535,0,heldout,llm_semantic_counter_source_acid_halide_reversal_noprior
real_buchwald_hartwig,llm_direct_prior_counter_source_acid_halide_reversal_noprior,29181,83.385,73.4473,16.615,0,heldout,
real_buchwald_hartwig,llm_direct_prior_selector,29181,83.385,73.4473,16.615,0,heldout,llm_direct_prior_counter_source_acid_halide_reversal_noprior
real_buchwald_hartwig,llm_semantic_counter_source_acid_halide_reversal_noprior,29181,79.3465,75.6917,20.6535,0,heldout,
real_buchwald_hartwig,mixed_kernel_gp_ei,29181,93.5878,83.2213,6.4122,0,heldout,
real_buchwald_hartwig,target_acquisition_portfolio,29181,92.2093,83.0834,7.7907,0,heldout,
real_buchwald_hartwig,care_strategy_router,29182,93.4211,91.6628,6.5789,0,heldout,llm_direct_prior_counter_source_acid_halide_reversal_noprior
real_buchwald_hartwig,gp_ucb,29182,93.3108,89.0335,6.6892,0,heldout,
real_buchwald_hartwig,llambo_warmstart_counter_source_acid_halide_reversal_noprior,29182,92.7237,74.8056,7.2763,0,heldout,
real_buchwald_hartwig,llambo_warmstart_selector,29182,92.7237,74.8056,7.2763,0,heldout,llambo_warmstart_counter_source_acid_halide_reversal_noprior
real_buchwald_hartwig,llm_calibrated_selector,29182,88.1675,78.3447,11.8325,0,heldout,llm_semantic_counter_source_acid_halide_reversal_noprior
real_buchwald_hartwig,llm_direct_prior_counter_source_acid_halide_reversal_noprior,29182,93.4211,91.6628,6.5789,0,heldout,
real_buchwald_hartwig,llm_direct_prior_selector,29182,93.4211,91.6628,6.5789,0,heldout,llm_direct_prior_counter_source_acid_halide_reversal_noprior
real_buchwald_hartwig,llm_semantic_counter_source_acid_halide_reversal_noprior,29182,88.1675,78.3447,11.8325,0,heldout,
real_buchwald_hartwig,mixed_kernel_gp_ei,29182,93.3108,89.0335,6.6892,0,heldout,
real_buchwald_hartwig,target_acquisition_portfolio,29182,93.3108,89.0335,6.6892,0,heldout,
real_buchwald_hartwig,care_strategy_router,29183,100.0,94.6732,0.0,1,heldout,llm_direct_prior_counter_source_acid_halide_reversal_noprior
real_buchwald_hartwig,gp_ucb,29183,80.7866,75.3653,19.2134,0,heldout,
real_buchwald_hartwig,llambo_warmstart_counter_source_acid_halide_reversal_noprior,29183,89.9742,84.8998,10.0258,0,heldout,
real_buchwald_hartwig,llambo_warmstart_selector,29183,89.9742,84.8998,10.0258,0,heldout,llambo_warmstart_counter_source_acid_halide_reversal_noprior
real_buchwald_hartwig,llm_calibrated_selector,29183,93.8745,76.7591,6.1255,0,heldout,llm_semantic_counter_source_acid_halide_reversal_noprior
real_buchwald_hartwig,llm_direct_prior_counter_source_acid_halide_reversal_noprior,29183,100.0,94.6732,0.0,1,heldout,
real_buchwald_hartwig,llm_direct_prior_selector,29183,100.0,94.6732,0.0,1,heldout,llm_direct_prior_counter_source_acid_halide_reversal_noprior
real_buchwald_hartwig,llm_semantic_counter_source_acid_halide_reversal_noprior,29183,93.8745,76.7591,6.1255,0,heldout,
real_buchwald_hartwig,mixed_kernel_gp_ei,29183,98.1771,82.5276,1.8229,1,heldout,
real_buchwald_hartwig,target_acquisition_portfolio,29183,80.7866,75.3653,19.2134,0,heldout,
real_buchwald_hartwig,care_strategy_router,29184,98.8492,98.8492,1.1508,1,heldout,llm_direct_prior_counter_source_acid_halide_reversal_noprior
real_buchwald_hartwig,gp_ucb,29184,100.0,99.8849,0.0,1,heldout,
real_buchwald_hartwig,llambo_warmstart_counter_source_acid_halide_reversal_noprior,29184,98.2872,91.6487,1.7128,1,heldout,
real_buchwald_hartwig,llambo_warmstart_selector,29184,98.2872,91.6487,1.7128,1,heldout,llambo_warmstart_counter_source_acid_halide_reversal_noprior
real_buchwald_hartwig,llm_calibrated_selector,29184,99.6191,98.9262,0.3809,1,heldout,llm_semantic_counter_source_acid_halide_reversal_noprior
real_buchwald_hartwig,llm_direct_prior_counter_source_acid_halide_reversal_noprior,29184,98.8492,98.8492,1.1508,1,heldout,
real_buchwald_hartwig,llm_direct_prior_selector,29184,98.8492,98.8492,1.1508,1,heldout,llm_direct_prior_counter_source_acid_halide_reversal_noprior
real_buchwald_hartwig,llm_semantic_counter_source_acid_halide_reversal_noprior,29184,99.6191,98.9262,0.3809,1,heldout,
real_buchwald_hartwig,mixed_kernel_gp_ei,29184,100.0,99.8849,0.0,1,heldout,
real_buchwald_hartwig,target_acquisition_portfolio,29184,100.0,99.8849,0.0,1,heldout,
real_buchwald_hartwig,care_strategy_router,29185,100.0,94.6323,0.0,1,heldout,llm_direct_prior_counter_source_acid_halide_reversal_noprior
real_buchwald_hartwig,gp_ucb,29185,90.9905,90.9905,9.0095,0,heldout,
real_buchwald_hartwig,llambo_warmstart_counter_source_acid_halide_reversal_noprior,29185,83.0419,82.0244,16.9581,0,heldout,
real_buchwald_hartwig,llambo_warmstart_selector,29185,83.0419,82.0244,16.9581,0,heldout,llambo_warmstart_counter_source_acid_halide_reversal_noprior
real_buchwald_hartwig,llm_calibrated_selector,29185,89.5988,83.5006,10.4012,0,heldout,llm_semantic_counter_source_acid_halide_reversal_noprior
real_buchwald_hartwig,llm_direct_prior_counter_source_acid_halide_reversal_noprior,29185,100.0,94.6323,0.0,1,heldout,
real_buchwald_hartwig,llm_direct_prior_selector,29185,100.0,94.6323,0.0,1,heldout,llm_direct_prior_counter_source_acid_halide_reversal_noprior
real_buchwald_hartwig,llm_semantic_counter_source_acid_halide_reversal_noprior,29185,89.5988,83.5006,10.4012,0,heldout,
real_buchwald_hartwig,mixed_kernel_gp_ei,29185,90.9905,90.9905,9.0095,0,heldout,
real_buchwald_hartwig,target_acquisition_portfolio,29185,90.9905,90.9905,9.0095,0,heldout,
real_buchwald_hartwig,care_strategy_router,29186,88.5139,87.1671,11.4861,0,heldout,llm_direct_prior_counter_source_acid_halide_reversal_noprior
real_buchwald_hartwig,gp_ucb,29186,89.5592,85.8558,10.4408,0,heldout,
real_buchwald_hartwig,llambo_warmstart_counter_source_acid_halide_reversal_noprior,29186,100.0,96.3092,0.0,1,heldout,
real_buchwald_hartwig,llambo_warmstart_selector,29186,100.0,96.3092,0.0,1,heldout,llambo_warmstart_counter_source_acid_halide_reversal_noprior
real_buchwald_hartwig,llm_calibrated_selector,29186,83.385,81.2322,16.615,0,heldout,llm_semantic_counter_source_acid_halide_reversal_noprior
real_buchwald_hartwig,llm_direct_prior_counter_source_acid_halide_reversal_noprior,29186,88.5139,87.1671,11.4861,0,heldout,
real_buchwald_hartwig,llm_direct_prior_selector,29186,88.5139,87.1671,11.4861,0,heldout,llm_direct_prior_counter_source_acid_halide_reversal_noprior
real_buchwald_hartwig,llm_semantic_counter_source_acid_halide_reversal_noprior,29186,83.385,81.2322,16.615,0,heldout,
real_buchwald_hartwig,mixed_kernel_gp_ei,29186,89.5592,88.1704,10.4408,0,heldout,
real_buchwald_hartwig,target_acquisition_portfolio,29186,89.5592,88.1704,10.4408,0,heldout,
real_buchwald_hartwig,care_strategy_router,29187,93.5878,93.5878,6.4122,0,heldout,llm_direct_prior_counter_source_acid_halide_reversal_noprior
real_buchwald_hartwig,gp_ucb,29187,93.5878,93.5878,6.4122,0,heldout,
real_buchwald_hartwig,llambo_warmstart_counter_source_acid_halide_reversal_noprior,29187,93.0995,86.5612,6.9005,0,heldout,
real_buchwald_hartwig,llambo_warmstart_selector,29187,93.0995,86.5612,6.9005,0,heldout,llambo_warmstart_counter_source_acid_halide_reversal_noprior
real_buchwald_hartwig,llm_calibrated_selector,29187,93.5878,93.5878,6.4122,0,heldout,llm_semantic_counter_source_acid_halide_reversal_noprior
real_buchwald_hartwig,llm_direct_prior_counter_source_acid_halide_reversal_noprior,29187,93.5878,93.5878,6.4122,0,heldout,
real_buchwald_hartwig,llm_direct_prior_selector,29187,93.5878,93.5878,6.4122,0,heldout,llm_direct_prior_counter_source_acid_halide_reversal_noprior
real_buchwald_hartwig,llm_semantic_counter_source_acid_halide_reversal_noprior,29187,93.5878,93.5878,6.4122,0,heldout,
real_buchwald_hartwig,mixed_kernel_gp_ei,29187,93.5878,93.5878,6.4122,0,heldout,
real_buchwald_hartwig,target_acquisition_portfolio,29187,93.5878,93.5878,6.4122,0,heldout,
real_buchwald_hartwig,care_strategy_router,29188,91.2097,85.2408,8.7903,0,heldout,llm_direct_prior_counter_source_acid_halide_reversal_noprior
real_buchwald_hartwig,gp_ucb,29188,98.8492,97.0901,1.1508,1,heldout,
real_buchwald_hartwig,llambo_warmstart_counter_source_acid_halide_reversal_noprior,29188,98.2872,78.7214,1.7128,1,heldout,
real_buchwald_hartwig,llambo_warmstart_selector,29188,98.2872,78.7214,1.7128,1,heldout,llambo_warmstart_counter_source_acid_halide_reversal_noprior
real_buchwald_hartwig,llm_calibrated_selector,29188,89.6142,87.7178,10.3858,0,heldout,llm_semantic_counter_source_acid_halide_reversal_noprior
real_buchwald_hartwig,llm_direct_prior_counter_source_acid_halide_reversal_noprior,29188,91.2097,85.2408,8.7903,0,heldout,
real_buchwald_hartwig,llm_direct_prior_selector,29188,91.2097,85.2408,8.7903,0,heldout,llm_direct_prior_counter_source_acid_halide_reversal_noprior
real_buchwald_hartwig,llm_semantic_counter_source_acid_halide_reversal_noprior,29188,89.6142,87.7178,10.3858,0,heldout,
real_buchwald_hartwig,mixed_kernel_gp_ei,29188,100.0,98.7189,0.0,1,heldout,
real_buchwald_hartwig,target_acquisition_portfolio,29188,100.0,98.949,0.0,1,heldout,
real_buchwald_hartwig,care_strategy_router,29189,88.5139,86.4885,11.4861,0,heldout,llm_direct_prior_counter_source_acid_halide_reversal_noprior
real_buchwald_hartwig,gp_ucb,29189,89.6142,84.2967,10.3858,0,heldout,
real_buchwald_hartwig,llambo_warmstart_counter_source_acid_halide_reversal_noprior,29189,100.0,100.0,0.0,1,heldout,
real_buchwald_hartwig,llambo_warmstart_selector,29189,100.0,100.0,0.0,1,heldout,llambo_warmstart_counter_source_acid_halide_reversal_noprior
real_buchwald_hartwig,llm_calibrated_selector,29189,91.4851,75.916,8.5149,0,heldout,llm_semantic_counter_source_acid_halide_reversal_noprior
real_buchwald_hartwig,llm_direct_prior_counter_source_acid_halide_reversal_noprior,29189,88.5139,86.4885,11.4861,0,heldout,
real_buchwald_hartwig,llm_direct_prior_selector,29189,88.5139,86.4885,11.4861,0,heldout,llm_direct_prior_counter_source_acid_halide_reversal_noprior
real_buchwald_hartwig,llm_semantic_counter_source_acid_halide_reversal_noprior,29189,91.4851,75.916,8.5149,0,heldout,
real_buchwald_hartwig,mixed_kernel_gp_ei,29189,89.6142,84.2967,10.3858,0,heldout,
real_buchwald_hartwig,target_acquisition_portfolio,29189,89.6142,84.2967,10.3858,0,heldout,
real_buchwald_hartwig,care_strategy_router,29190,88.5139,86.135,11.4861,0,heldout,llm_direct_prior_counter_source_acid_halide_reversal_noprior
real_buchwald_hartwig,gp_ucb,29190,91.1391,83.3232,8.8609,0,heldout,
real_buchwald_hartwig,llambo_warmstart_counter_source_acid_halide_reversal_noprior,29190,94.6911,93.8021,5.3089,0,heldout,
real_buchwald_hartwig,llambo_warmstart_selector,29190,94.6911,93.8021,5.3089,0,heldout,llambo_warmstart_counter_source_acid_halide_reversal_noprior
real_buchwald_hartwig,llm_calibrated_selector,29190,89.6142,82.021,10.3858,0,heldout,llm_semantic_counter_source_acid_halide_reversal_noprior
real_buchwald_hartwig,llm_direct_prior_counter_source_acid_halide_reversal_noprior,29190,88.5139,86.135,11.4861,0,heldout,
real_buchwald_hartwig,llm_direct_prior_selector,29190,88.5139,86.135,11.4861,0,heldout,llm_direct_prior_counter_source_acid_halide_reversal_noprior
real_buchwald_hartwig,llm_semantic_counter_source_acid_halide_reversal_noprior,29190,89.6142,82.021,10.3858,0,heldout,
real_buchwald_hartwig,mixed_kernel_gp_ei,29190,88.2464,82.7447,11.7536,0,heldout,
real_buchwald_hartwig,target_acquisition_portfolio,29190,91.1391,83.3232,8.8609,0,heldout,
real_buchwald_hartwig,care_strategy_router,29191,100.0,96.1979,0.0,1,heldout,llm_direct_prior_counter_source_acid_halide_reversal_noprior
real_buchwald_hartwig,gp_ucb,29191,89.6142,87.4757,10.3858,0,heldout,
real_buchwald_hartwig,llambo_warmstart_counter_source_acid_halide_reversal_noprior,29191,86.1982,86.1982,13.8018,0,heldout,
real_buchwald_hartwig,llambo_warmstart_selector,29191,86.1982,86.1982,13.8018,0,heldout,llambo_warmstart_counter_source_acid_halide_reversal_noprior
real_buchwald_hartwig,llm_calibrated_selector,29191,100.0,94.341,0.0,1,heldout,llm_semantic_counter_source_acid_halide_reversal_noprior
real_buchwald_hartwig,llm_direct_prior_counter_source_acid_halide_reversal_noprior,29191,100.0,96.1979,0.0,1,heldout,
real_buchwald_hartwig,llm_direct_prior_selector,29191,100.0,96.1979,0.0,1,heldout,llm_direct_prior_counter_source_acid_halide_reversal_noprior
real_buchwald_hartwig,llm_semantic_counter_source_acid_halide_reversal_noprior,29191,100.0,94.341,0.0,1,heldout,
real_buchwald_hartwig,mixed_kernel_gp_ei,29191,89.6142,85.7283,10.3858,0,heldout,
real_buchwald_hartwig,target_acquisition_portfolio,29191,89.6142,83.6374,10.3858,0,heldout,
real_buchwald_hartwig,care_strategy_router,29192,100.0,95.57,0.0,1,heldout,llm_direct_prior_counter_source_acid_halide_reversal_noprior
real_buchwald_hartwig,gp_ucb,29192,99.6191,95.8672,0.3809,1,heldout,
real_buchwald_hartwig,llambo_warmstart_counter_source_acid_halide_reversal_noprior,29192,93.5641,91.9316,6.4359,0,heldout,
real_buchwald_hartwig,llambo_warmstart_selector,29192,93.5641,91.9316,6.4359,0,heldout,llambo_warmstart_counter_source_acid_halide_reversal_noprior
real_buchwald_hartwig,llm_calibrated_selector,29192,97.5685,89.9501,2.4315,1,heldout,llm_semantic_counter_source_acid_halide_reversal_noprior
real_buchwald_hartwig,llm_direct_prior_counter_source_acid_halide_reversal_noprior,29192,100.0,95.57,0.0,1,heldout,
real_buchwald_hartwig,llm_direct_prior_selector,29192,100.0,95.57,0.0,1,heldout,llm_direct_prior_counter_source_acid_halide_reversal_noprior
real_buchwald_hartwig,llm_semantic_counter_source_acid_halide_reversal_noprior,29192,97.5685,89.9501,2.4315,1,heldout,
real_buchwald_hartwig,mixed_kernel_gp_ei,29192,99.6191,95.8672,0.3809,1,heldout,
real_buchwald_hartwig,target_acquisition_portfolio,29192,99.6191,95.8672,0.3809,1,heldout,
real_buchwald_hartwig,care_strategy_router,29193,93.4211,91.6236,6.5789,0,heldout,llm_direct_prior_counter_source_acid_halide_reversal_noprior
real_buchwald_hartwig,gp_ucb,29193,98.7313,91.1559,1.2687,1,heldout,
real_buchwald_hartwig,llambo_warmstart_counter_source_acid_halide_reversal_noprior,29193,93.0995,89.7627,6.9005,0,heldout,
real_buchwald_hartwig,llambo_warmstart_selector,29193,93.0995,89.7627,6.9005,0,heldout,llambo_warmstart_counter_source_acid_halide_reversal_noprior
real_buchwald_hartwig,llm_calibrated_selector,29193,98.2872,80.1844,1.7128,1,heldout,llm_semantic_counter_source_acid_halide_reversal_noprior
real_buchwald_hartwig,llm_direct_prior_counter_source_acid_halide_reversal_noprior,29193,93.4211,91.6236,6.5789,0,heldout,
real_buchwald_hartwig,llm_direct_prior_selector,29193,93.4211,91.6236,6.5789,0,heldout,llm_direct_prior_counter_source_acid_halide_reversal_noprior
real_buchwald_hartwig,llm_semantic_counter_source_acid_halide_reversal_noprior,29193,98.2872,80.1844,1.7128,1,heldout,
real_buchwald_hartwig,mixed_kernel_gp_ei,29193,98.7313,91.1559,1.2687,1,heldout,
real_buchwald_hartwig,target_acquisition_portfolio,29193,98.7313,91.1559,1.2687,1,heldout,
real_buchwald_hartwig,care_strategy_router,29194,94.6911,89.3601,5.3089,0,heldout,llm_direct_prior_counter_source_acid_halide_reversal_noprior
real_buchwald_hartwig,gp_ucb,29194,85.1332,76.5756,14.8668,0,heldout,
real_buchwald_hartwig,llambo_warmstart_counter_source_acid_halide_reversal_noprior,29194,99.6191,99.1597,0.3809,1,heldout,
real_buchwald_hartwig,llambo_warmstart_selector,29194,99.6191,99.1597,0.3809,1,heldout,llambo_warmstart_counter_source_acid_halide_reversal_noprior
real_buchwald_hartwig,llm_calibrated_selector,29194,86.0034,70.0892,13.9966,0,heldout,llm_semantic_counter_source_acid_halide_reversal_noprior
real_buchwald_hartwig,llm_direct_prior_counter_source_acid_halide_reversal_noprior,29194,94.6911,89.3601,5.3089,0,heldout,
real_buchwald_hartwig,llm_direct_prior_selector,29194,94.6911,89.3601,5.3089,0,heldout,llm_direct_prior_counter_source_acid_halide_reversal_noprior
real_buchwald_hartwig,llm_semantic_counter_source_acid_halide_reversal_noprior,29194,86.0034,70.0892,13.9966,0,heldout,
real_buchwald_hartwig,mixed_kernel_gp_ei,29194,85.1332,80.9991,14.8668,0,heldout,
real_buchwald_hartwig,target_acquisition_portfolio,29194,85.1332,76.5756,14.8668,0,heldout,
real_buchwald_hartwig,care_strategy_router,29195,93.4211,73.2293,6.5789,0,heldout,llm_direct_prior_counter_source_acid_halide_reversal_noprior
real_buchwald_hartwig,gp_ucb,29195,83.3036,83.3036,16.6964,0,heldout,
real_buchwald_hartwig,llambo_warmstart_counter_source_acid_halide_reversal_noprior,29195,80.5818,80.5818,19.4182,0,heldout,
real_buchwald_hartwig,llambo_warmstart_selector,29195,80.5818,80.5818,19.4182,0,heldout,llambo_warmstart_counter_source_acid_halide_reversal_noprior
real_buchwald_hartwig,llm_calibrated_selector,29195,91.2669,76.7496,8.7331,0,heldout,llm_semantic_counter_source_acid_halide_reversal_noprior
real_buchwald_hartwig,llm_direct_prior_counter_source_acid_halide_reversal_noprior,29195,93.4211,73.2293,6.5789,0,heldout,
real_buchwald_hartwig,llm_direct_prior_selector,29195,93.4211,73.2293,6.5789,0,heldout,llm_direct_prior_counter_source_acid_halide_reversal_noprior
real_buchwald_hartwig,llm_semantic_counter_source_acid_halide_reversal_noprior,29195,91.2669,76.7496,8.7331,0,heldout,
real_buchwald_hartwig,mixed_kernel_gp_ei,29195,92.1197,82.9438,7.8803,0,heldout,
real_buchwald_hartwig,target_acquisition_portfolio,29195,90.6444,85.5334,9.3556,0,heldout,
real_buchwald_hartwig,care_strategy_router,29196,92.127,69.0161,7.873,0,heldout,llm_direct_prior_counter_source_acid_halide_reversal_noprior
real_buchwald_hartwig,gp_ucb,29196,52.4942,51.8353,47.5058,0,heldout,
real_buchwald_hartwig,llambo_warmstart_counter_source_acid_halide_reversal_noprior,29196,91.3906,87.0273,8.6094,0,heldout,
real_buchwald_hartwig,llambo_warmstart_selector,29196,91.3906,87.0273,8.6094,0,heldout,llambo_warmstart_counter_source_acid_halide_reversal_noprior
real_buchwald_hartwig,llm_calibrated_selector,29196,94.6911,75.5478,5.3089,0,heldout,llm_semantic_counter_source_acid_halide_reversal_noprior
real_buchwald_hartwig,llm_direct_prior_counter_source_acid_halide_reversal_noprior,29196,92.127,69.0161,7.873,0,heldout,
real_buchwald_hartwig,llm_direct_prior_selector,29196,92.127,69.0161,7.873,0,heldout,llm_direct_prior_counter_source_acid_halide_reversal_noprior
real_buchwald_hartwig,llm_semantic_counter_source_acid_halide_reversal_noprior,29196,94.6911,75.5478,5.3089,0,heldout,
real_buchwald_hartwig,mixed_kernel_gp_ei,29196,52.4942,50.5175,47.5058,0,heldout,
real_buchwald_hartwig,target_acquisition_portfolio,29196,87.2375,54.6507,12.7625,0,heldout,
real_buchwald_hartwig,care_strategy_router,29197,93.4211,83.7523,6.5789,0,heldout,llm_direct_prior_counter_source_acid_halide_reversal_noprior
real_buchwald_hartwig,gp_ucb,29197,88.1675,67.6933,11.8325,0,heldout,
real_buchwald_hartwig,llambo_warmstart_counter_source_acid_halide_reversal_noprior,29197,91.0563,90.8981,8.9437,0,heldout,
real_buchwald_hartwig,llambo_warmstart_selector,29197,91.0563,90.8981,8.9437,0,heldout,llambo_warmstart_counter_source_acid_halide_reversal_noprior
real_buchwald_hartwig,llm_calibrated_selector,29197,93.0289,88.0048,6.9711,0,heldout,llm_semantic_counter_source_acid_halide_reversal_noprior
real_buchwald_hartwig,llm_direct_prior_counter_source_acid_halide_reversal_noprior,29197,93.4211,83.7523,6.5789,0,heldout,
real_buchwald_hartwig,llm_direct_prior_selector,29197,93.4211,83.7523,6.5789,0,heldout,llm_direct_prior_counter_source_acid_halide_reversal_noprior
real_buchwald_hartwig,llm_semantic_counter_source_acid_halide_reversal_noprior,29197,93.0289,88.0048,6.9711,0,heldout,
real_buchwald_hartwig,mixed_kernel_gp_ei,29197,89.2167,78.4088,10.7833,0,heldout,
real_buchwald_hartwig,target_acquisition_portfolio,29197,89.2167,78.4088,10.7833,0,heldout,
real_buchwald_hartwig,care_strategy_router,29198,97.2929,96.8947,2.7071,0,heldout,llm_direct_prior_counter_source_acid_halide_reversal_noprior
real_buchwald_hartwig,gp_ucb,29198,93.3108,93.3108,6.6892,0,heldout,
real_buchwald_hartwig,llambo_warmstart_counter_source_acid_halide_reversal_noprior,29198,98.7313,94.7847,1.2687,1,heldout,
real_buchwald_hartwig,llambo_warmstart_selector,29198,98.7313,94.7847,1.2687,1,heldout,llambo_warmstart_counter_source_acid_halide_reversal_noprior
real_buchwald_hartwig,llm_calibrated_selector,29198,100.0,95.4126,0.0,1,heldout,llm_semantic_counter_source_acid_halide_reversal_noprior
real_buchwald_hartwig,llm_direct_prior_counter_source_acid_halide_reversal_noprior,29198,97.2929,96.8947,2.7071,0,heldout,
real_buchwald_hartwig,llm_direct_prior_selector,29198,97.2929,96.8947,2.7071,0,heldout,llm_direct_prior_counter_source_acid_halide_reversal_noprior
real_buchwald_hartwig,llm_semantic_counter_source_acid_halide_reversal_noprior,29198,100.0,95.4126,0.0,1,heldout,
real_buchwald_hartwig,mixed_kernel_gp_ei,29198,93.3108,93.3108,6.6892,0,heldout,
real_buchwald_hartwig,target_acquisition_portfolio,29198,97.2929,96.4965,2.7071,0,heldout,
real_buchwald_hartwig,care_strategy_router,29199,98.7313,98.7313,1.2687,1,heldout,llm_direct_prior_counter_source_acid_halide_reversal_noprior
real_buchwald_hartwig,gp_ucb,29199,98.7313,89.0126,1.2687,1,heldout,
real_buchwald_hartwig,llambo_warmstart_counter_source_acid_halide_reversal_noprior,29199,98.7313,94.9448,1.2687,1,heldout,
real_buchwald_hartwig,llambo_warmstart_selector,29199,98.7313,94.9448,1.2687,1,heldout,llambo_warmstart_counter_source_acid_halide_reversal_noprior
real_buchwald_hartwig,llm_calibrated_selector,29199,93.0995,86.9735,6.9005,0,heldout,llm_semantic_counter_source_acid_halide_reversal_noprior
real_buchwald_hartwig,llm_direct_prior_counter_source_acid_halide_reversal_noprior,29199,98.7313,98.7313,1.2687,1,heldout,
real_buchwald_hartwig,llm_direct_prior_selector,29199,98.7313,98.7313,1.2687,1,heldout,llm_direct_prior_counter_source_acid_halide_reversal_noprior
real_buchwald_hartwig,llm_semantic_counter_source_acid_halide_reversal_noprior,29199,93.0995,86.9735,6.9005,0,heldout,
real_buchwald_hartwig,mixed_kernel_gp_ei,29199,93.3108,87.6743,6.6892,0,heldout,
real_buchwald_hartwig,target_acquisition_portfolio,29199,91.5286,87.1603,8.4714,0,heldout,
real_buchwald_hartwig,care_strategy_router,29200,83.385,71.4906,16.615,0,heldout,llm_direct_prior_counter_source_acid_halide_reversal_noprior
real_buchwald_hartwig,gp_ucb,29200,96.5912,81.1534,3.4088,0,heldout,
real_buchwald_hartwig,llambo_warmstart_counter_source_acid_halide_reversal_noprior,29200,91.5286,91.5112,8.4714,0,heldout,
real_buchwald_hartwig,llambo_warmstart_selector,29200,91.5286,91.5112,8.4714,0,heldout,llambo_warmstart_counter_source_acid_halide_reversal_noprior
real_buchwald_hartwig,llm_calibrated_selector,29200,77.5468,74.286,22.4532,0,heldout,llm_semantic_counter_source_acid_halide_reversal_noprior
real_buchwald_hartwig,llm_direct_prior_counter_source_acid_halide_reversal_noprior,29200,83.385,71.4906,16.615,0,heldout,
real_buchwald_hartwig,llm_direct_prior_selector,29200,83.385,71.4906,16.615,0,heldout,llm_direct_prior_counter_source_acid_halide_reversal_noprior
real_buchwald_hartwig,llm_semantic_counter_source_acid_halide_reversal_noprior,29200,77.5468,74.286,22.4532,0,heldout,
real_buchwald_hartwig,mixed_kernel_gp_ei,29200,98.8492,86.1181,1.1508,1,heldout,
real_buchwald_hartwig,target_acquisition_portfolio,29200,96.5912,81.1534,3.4088,0,heldout,
real_buchwald_hartwig,care_strategy_router,29201,93.4211,87.0641,6.5789,0,heldout,llm_direct_prior_counter_source_acid_halide_reversal_noprior
real_buchwald_hartwig,gp_ucb,29201,96.5912,92.3832,3.4088,0,heldout,
real_buchwald_hartwig,llambo_warmstart_counter_source_acid_halide_reversal_noprior,29201,94.1517,87.5723,5.8483,0,heldout,
real_buchwald_hartwig,llambo_warmstart_selector,29201,94.1517,87.5723,5.8483,0,heldout,llambo_warmstart_counter_source_acid_halide_reversal_noprior
real_buchwald_hartwig,llm_calibrated_selector,29201,89.4195,86.2572,10.5805,0,heldout,llm_semantic_counter_source_acid_halide_reversal_noprior
real_buchwald_hartwig,llm_direct_prior_counter_source_acid_halide_reversal_noprior,29201,93.4211,87.0641,6.5789,0,heldout,
real_buchwald_hartwig,llm_direct_prior_selector,29201,93.4211,87.0641,6.5789,0,heldout,llm_direct_prior_counter_source_acid_halide_reversal_noprior
real_buchwald_hartwig,llm_semantic_counter_source_acid_halide_reversal_noprior,29201,89.4195,86.2572,10.5805,0,heldout,
real_buchwald_hartwig,mixed_kernel_gp_ei,29201,91.0563,88.1332,8.9437,0,heldout,
real_buchwald_hartwig,target_acquisition_portfolio,29201,96.5912,92.3832,3.4088,0,heldout,
real_buchwald_hartwig,care_strategy_router,29202,100.0,86.4753,0.0,1,heldout,llm_direct_prior_counter_source_acid_halide_reversal_noprior
real_buchwald_hartwig,gp_ucb,29202,100.0,88.448,0.0,1,heldout,
real_buchwald_hartwig,llambo_warmstart_counter_source_acid_halide_reversal_noprior,29202,94.8799,94.4529,5.1201,0,heldout,
real_buchwald_hartwig,llambo_warmstart_selector,29202,94.8799,94.4529,5.1201,0,heldout,llambo_warmstart_counter_source_acid_halide_reversal_noprior
real_buchwald_hartwig,llm_calibrated_selector,29202,73.2205,62.3485,26.7795,0,heldout,llm_semantic_counter_source_acid_halide_reversal_noprior
real_buchwald_hartwig,llm_direct_prior_counter_source_acid_halide_reversal_noprior,29202,100.0,86.4753,0.0,1,heldout,
real_buchwald_hartwig,llm_direct_prior_selector,29202,100.0,86.4753,0.0,1,heldout,llm_direct_prior_counter_source_acid_halide_reversal_noprior
real_buchwald_hartwig,llm_semantic_counter_source_acid_halide_reversal_noprior,29202,73.2205,62.3485,26.7795,0,heldout,
real_buchwald_hartwig,mixed_kernel_gp_ei,29202,100.0,88.448,0.0,1,heldout,
real_buchwald_hartwig,target_acquisition_portfolio,29202,100.0,88.448,0.0,1,heldout,
real_buchwald_hartwig,care_strategy_router,29203,97.5685,88.0948,2.4315,1,heldout,llm_direct_prior_counter_source_acid_halide_reversal_noprior
real_buchwald_hartwig,gp_ucb,29203,83.9394,79.3783,16.0606,0,heldout,
real_buchwald_hartwig,llambo_warmstart_counter_source_acid_halide_reversal_noprior,29203,94.5498,93.4705,5.4502,0,heldout,
real_buchwald_hartwig,llambo_warmstart_selector,29203,94.5498,93.4705,5.4502,0,heldout,llambo_warmstart_counter_source_acid_halide_reversal_noprior
real_buchwald_hartwig,llm_calibrated_selector,29203,100.0,77.0427,0.0,1,heldout,llm_semantic_counter_source_acid_halide_reversal_noprior
real_buchwald_hartwig,llm_direct_prior_counter_source_acid_halide_reversal_noprior,29203,97.5685,88.0948,2.4315,1,heldout,
real_buchwald_hartwig,llm_direct_prior_selector,29203,97.5685,88.0948,2.4315,1,heldout,llm_direct_prior_counter_source_acid_halide_reversal_noprior
real_buchwald_hartwig,llm_semantic_counter_source_acid_halide_reversal_noprior,29203,100.0,77.0427,0.0,1,heldout,
real_buchwald_hartwig,mixed_kernel_gp_ei,29203,95.7526,88.5728,4.2474,0,heldout,
real_buchwald_hartwig,target_acquisition_portfolio,29203,95.7526,88.2105,4.2474,0,heldout,
real_buchwald_hartwig,care_strategy_router,29204,88.5139,86.6345,11.4861,0,heldout,llm_direct_prior_counter_source_acid_halide_reversal_noprior
real_buchwald_hartwig,gp_ucb,29204,89.6142,83.4279,10.3858,0,heldout,
real_buchwald_hartwig,llambo_warmstart_counter_source_acid_halide_reversal_noprior,29204,59.795,49.0269,40.205,0,heldout,
real_buchwald_hartwig,llambo_warmstart_selector,29204,59.795,49.0269,40.205,0,heldout,llambo_warmstart_counter_source_acid_halide_reversal_noprior
real_buchwald_hartwig,llm_calibrated_selector,29204,88.5139,84.5534,11.4861,0,heldout,llm_semantic_counter_source_acid_halide_reversal_noprior
real_buchwald_hartwig,llm_direct_prior_counter_source_acid_halide_reversal_noprior,29204,88.5139,86.6345,11.4861,0,heldout,
real_buchwald_hartwig,llm_direct_prior_selector,29204,88.5139,86.6345,11.4861,0,heldout,llm_direct_prior_counter_source_acid_halide_reversal_noprior
real_buchwald_hartwig,llm_semantic_counter_source_acid_halide_reversal_noprior,29204,88.5139,84.5534,11.4861,0,heldout,
real_buchwald_hartwig,mixed_kernel_gp_ei,29204,80.5818,78.271,19.4182,0,heldout,
real_buchwald_hartwig,target_acquisition_portfolio,29204,80.5818,77.0079,19.4182,0,heldout,
real_buchwald_hartwig,care_strategy_router,29205,100.0,91.4799,0.0,1,heldout,llm_direct_prior_counter_source_acid_halide_reversal_noprior
real_buchwald_hartwig,gp_ucb,29205,100.0,94.0537,0.0,1,heldout,
real_buchwald_hartwig,llambo_warmstart_counter_source_acid_halide_reversal_noprior,29205,93.3108,90.0655,6.6892,0,heldout,
real_buchwald_hartwig,llambo_warmstart_selector,29205,93.3108,90.0655,6.6892,0,heldout,llambo_warmstart_counter_source_acid_halide_reversal_noprior
real_buchwald_hartwig,llm_calibrated_selector,29205,94.1517,82.207,5.8483,0,heldout,llm_semantic_counter_source_acid_halide_reversal_noprior
real_buchwald_hartwig,llm_direct_prior_counter_source_acid_halide_reversal_noprior,29205,100.0,91.4799,0.0,1,heldout,
real_buchwald_hartwig,llm_direct_prior_selector,29205,100.0,91.4799,0.0,1,heldout,llm_direct_prior_counter_source_acid_halide_reversal_noprior
real_buchwald_hartwig,llm_semantic_counter_source_acid_halide_reversal_noprior,29205,94.1517,82.207,5.8483,0,heldout,
real_buchwald_hartwig,mixed_kernel_gp_ei,29205,100.0,94.0537,0.0,1,heldout,
real_buchwald_hartwig,target_acquisition_portfolio,29205,100.0,94.0537,0.0,1,heldout,
real_buchwald_hartwig,care_strategy_router,29206,92.127,92.127,7.873,0,heldout,llm_direct_prior_counter_source_acid_halide_reversal_noprior
real_buchwald_hartwig,gp_ucb,29206,93.5878,92.7195,6.4122,0,heldout,
real_buchwald_hartwig,llambo_warmstart_counter_source_acid_halide_reversal_noprior,29206,92.659,91.3768,7.341,0,heldout,
real_buchwald_hartwig,llambo_warmstart_selector,29206,92.659,91.3768,7.341,0,heldout,llambo_warmstart_counter_source_acid_halide_reversal_noprior
real_buchwald_hartwig,llm_calibrated_selector,29206,92.127,92.127,7.873,0,heldout,llm_semantic_counter_source_acid_halide_reversal_noprior
real_buchwald_hartwig,llm_direct_prior_counter_source_acid_halide_reversal_noprior,29206,92.127,92.127,7.873,0,heldout,
real_buchwald_hartwig,llm_direct_prior_selector,29206,92.127,92.127,7.873,0,heldout,llm_direct_prior_counter_source_acid_halide_reversal_noprior
real_buchwald_hartwig,llm_semantic_counter_source_acid_halide_reversal_noprior,29206,92.127,92.127,7.873,0,heldout,
real_buchwald_hartwig,mixed_kernel_gp_ei,29206,93.5878,92.4356,6.4122,0,heldout,
real_buchwald_hartwig,target_acquisition_portfolio,29206,93.5878,92.7113,6.4122,0,heldout,
real_buchwald_hartwig,care_strategy_router,29207,100.0,91.5305,0.0,1,heldout,llm_direct_prior_counter_source_acid_halide_reversal_noprior
real_buchwald_hartwig,gp_ucb,29207,86.8997,85.5991,13.1003,0,heldout,
real_buchwald_hartwig,llambo_warmstart_counter_source_acid_halide_reversal_noprior,29207,94.6911,89.6696,5.3089,0,heldout,
real_buchwald_hartwig,llambo_warmstart_selector,29207,94.6911,89.6696,5.3089,0,heldout,llambo_warmstart_counter_source_acid_halide_reversal_noprior
real_buchwald_hartwig,llm_calibrated_selector,29207,80.6499,80.6499,19.3501,0,heldout,llm_semantic_counter_source_acid_halide_reversal_noprior
real_buchwald_hartwig,llm_direct_prior_counter_source_acid_halide_reversal_noprior,29207,100.0,91.5305,0.0,1,heldout,
real_buchwald_hartwig,llm_direct_prior_selector,29207,100.0,91.5305,0.0,1,heldout,llm_direct_prior_counter_source_acid_halide_reversal_noprior
real_buchwald_hartwig,llm_semantic_counter_source_acid_halide_reversal_noprior,29207,80.6499,80.6499,19.3501,0,heldout,
real_buchwald_hartwig,mixed_kernel_gp_ei,29207,86.8997,85.1119,13.1003,0,heldout,
real_buchwald_hartwig,target_acquisition_portfolio,29207,86.8997,85.1119,13.1003,0,heldout,
real_buchwald_hartwig,care_strategy_router,29208,94.3462,93.6875,5.6538,0,heldout,llm_direct_prior_counter_source_acid_halide_reversal_noprior
real_buchwald_hartwig,gp_ucb,29208,98.2872,94.0372,1.7128,1,heldout,
real_buchwald_hartwig,llambo_warmstart_counter_source_acid_halide_reversal_noprior,29208,75.9543,70.9516,24.0457,0,heldout,
real_buchwald_hartwig,llambo_warmstart_selector,29208,75.9543,70.9516,24.0457,0,heldout,llambo_warmstart_counter_source_acid_halide_reversal_noprior
real_buchwald_hartwig,llm_calibrated_selector,29208,93.0289,92.9928,6.9711,0,heldout,llm_semantic_counter_source_acid_halide_reversal_noprior
real_buchwald_hartwig,llm_direct_prior_counter_source_acid_halide_reversal_noprior,29208,94.3462,93.6875,5.6538,0,heldout,
real_buchwald_hartwig,llm_direct_prior_selector,29208,94.3462,93.6875,5.6538,0,heldout,llm_direct_prior_counter_source_acid_halide_reversal_noprior
real_buchwald_hartwig,llm_semantic_counter_source_acid_halide_reversal_noprior,29208,93.0289,92.9928,6.9711,0,heldout,
real_buchwald_hartwig,mixed_kernel_gp_ei,29208,94.5498,93.4635,5.4502,0,heldout,
real_buchwald_hartwig,target_acquisition_portfolio,29208,98.2872,94.5631,1.7128,1,heldout,
real_buchwald_hartwig,care_strategy_router,29209,94.8799,94.8799,5.1201,0,heldout,llm_direct_prior_counter_source_acid_halide_reversal_noprior
real_buchwald_hartwig,gp_ucb,29209,98.7313,96.8056,1.2687,1,heldout,
real_buchwald_hartwig,llambo_warmstart_counter_source_acid_halide_reversal_noprior,29209,95.3865,92.9948,4.6135,0,heldout,
real_buchwald_hartwig,llambo_warmstart_selector,29209,95.3865,92.9948,4.6135,0,heldout,llambo_warmstart_counter_source_acid_halide_reversal_noprior
real_buchwald_hartwig,llm_calibrated_selector,29209,94.8799,94.8799,5.1201,0,heldout,llm_semantic_counter_source_acid_halide_reversal_noprior
real_buchwald_hartwig,llm_direct_prior_counter_source_acid_halide_reversal_noprior,29209,94.8799,94.8799,5.1201,0,heldout,
real_buchwald_hartwig,llm_direct_prior_selector,29209,94.8799,94.8799,5.1201,0,heldout,llm_direct_prior_counter_source_acid_halide_reversal_noprior
real_buchwald_hartwig,llm_semantic_counter_source_acid_halide_reversal_noprior,29209,94.8799,94.8799,5.1201,0,heldout,
real_buchwald_hartwig,mixed_kernel_gp_ei,29209,98.7313,96.4205,1.2687,1,heldout,
real_buchwald_hartwig,target_acquisition_portfolio,29209,98.7313,96.8056,1.2687,1,heldout,
real_buchwald_hartwig,care_strategy_router,29210,93.4211,89.9437,6.5789,0,heldout,llm_direct_prior_counter_source_acid_halide_reversal_noprior
real_buchwald_hartwig,gp_ucb,29210,94.3462,94.1839,5.6538,0,heldout,
real_buchwald_hartwig,llambo_warmstart_counter_source_acid_halide_reversal_noprior,29210,100.0,95.3615,0.0,1,heldout,
real_buchwald_hartwig,llambo_warmstart_selector,29210,100.0,95.3615,0.0,1,heldout,llambo_warmstart_counter_source_acid_halide_reversal_noprior
real_buchwald_hartwig,llm_calibrated_selector,29210,93.0995,84.7225,6.9005,0,heldout,llm_semantic_counter_source_acid_halide_reversal_noprior
real_buchwald_hartwig,llm_direct_prior_counter_source_acid_halide_reversal_noprior,29210,93.4211,89.9437,6.5789,0,heldout,
real_buchwald_hartwig,llm_direct_prior_selector,29210,93.4211,89.9437,6.5789,0,heldout,llm_direct_prior_counter_source_acid_halide_reversal_noprior
real_buchwald_hartwig,llm_semantic_counter_source_acid_halide_reversal_noprior,29210,93.0995,84.7225,6.9005,0,heldout,
real_buchwald_hartwig,mixed_kernel_gp_ei,29210,98.7313,92.1904,1.2687,1,heldout,
real_buchwald_hartwig,target_acquisition_portfolio,29210,94.3462,94.1839,5.6538,0,heldout,
real_buchwald_hartwig,care_strategy_router,29211,98.7313,90.7142,1.2687,1,heldout,llm_direct_prior_counter_source_acid_halide_reversal_noprior
real_buchwald_hartwig,gp_ucb,29211,84.5566,82.4929,15.4434,0,heldout,
real_buchwald_hartwig,llambo_warmstart_counter_source_acid_halide_reversal_noprior,29211,94.3462,94.3462,5.6538,0,heldout,
real_buchwald_hartwig,llambo_warmstart_selector,29211,94.3462,94.3462,5.6538,0,heldout,llambo_warmstart_counter_source_acid_halide_reversal_noprior
real_buchwald_hartwig,llm_calibrated_selector,29211,80.6006,78.7921,19.3994,0,heldout,llm_semantic_counter_source_acid_halide_reversal_noprior
real_buchwald_hartwig,llm_direct_prior_counter_source_acid_halide_reversal_noprior,29211,98.7313,90.7142,1.2687,1,heldout,
real_buchwald_hartwig,llm_direct_prior_selector,29211,98.7313,90.7142,1.2687,1,heldout,llm_direct_prior_counter_source_acid_halide_reversal_noprior
real_buchwald_hartwig,llm_semantic_counter_source_acid_halide_reversal_noprior,29211,80.6006,78.7921,19.3994,0,heldout,
real_buchwald_hartwig,mixed_kernel_gp_ei,29211,90.7313,83.1104,9.2687,0,heldout,
real_buchwald_hartwig,target_acquisition_portfolio,29211,84.5566,82.1981,15.4434,0,heldout,
real_buchwald_hartwig,care_strategy_router,29212,100.0,83.3509,0.0,1,heldout,llm_direct_prior_counter_source_acid_halide_reversal_noprior
real_buchwald_hartwig,gp_ucb,29212,83.3036,60.9791,16.6964,0,heldout,
real_buchwald_hartwig,llambo_warmstart_counter_source_acid_halide_reversal_noprior,29212,93.0995,89.3137,6.9005,0,heldout,
real_buchwald_hartwig,llambo_warmstart_selector,29212,93.0995,89.3137,6.9005,0,heldout,llambo_warmstart_counter_source_acid_halide_reversal_noprior
real_buchwald_hartwig,llm_calibrated_selector,29212,93.4211,89.2025,6.5789,0,heldout,llm_semantic_counter_source_acid_halide_reversal_noprior
real_buchwald_hartwig,llm_direct_prior_counter_source_acid_halide_reversal_noprior,29212,100.0,83.3509,0.0,1,heldout,
real_buchwald_hartwig,llm_direct_prior_selector,29212,100.0,83.3509,0.0,1,heldout,llm_direct_prior_counter_source_acid_halide_reversal_noprior
real_buchwald_hartwig,llm_semantic_counter_source_acid_halide_reversal_noprior,29212,93.4211,89.2025,6.5789,0,heldout,
real_buchwald_hartwig,mixed_kernel_gp_ei,29212,100.0,65.8328,0.0,1,heldout,
real_buchwald_hartwig,target_acquisition_portfolio,29212,100.0,65.8328,0.0,1,heldout,
real_buchwald_hartwig,care_strategy_router,29213,78.1098,76.0123,21.8902,0,heldout,llm_direct_prior_counter_source_acid_halide_reversal_noprior
real_buchwald_hartwig,gp_ucb,29213,97.948,92.0867,2.052,1,heldout,
real_buchwald_hartwig,llambo_warmstart_counter_source_acid_halide_reversal_noprior,29213,95.5552,85.9079,4.4448,0,heldout,
real_buchwald_hartwig,llambo_warmstart_selector,29213,95.5552,85.9079,4.4448,0,heldout,llambo_warmstart_counter_source_acid_halide_reversal_noprior
real_buchwald_hartwig,llm_calibrated_selector,29213,98.1771,84.3627,1.8229,1,heldout,llm_semantic_counter_source_acid_halide_reversal_noprior
real_buchwald_hartwig,llm_direct_prior_counter_source_acid_halide_reversal_noprior,29213,78.1098,76.0123,21.8902,0,heldout,
real_buchwald_hartwig,llm_direct_prior_selector,29213,78.1098,76.0123,21.8902,0,heldout,llm_direct_prior_counter_source_acid_halide_reversal_noprior
real_buchwald_hartwig,llm_semantic_counter_source_acid_halide_reversal_noprior,29213,98.1771,84.3627,1.8229,1,heldout,
real_buchwald_hartwig,mixed_kernel_gp_ei,29213,98.8492,87.6604,1.1508,1,heldout,
real_buchwald_hartwig,target_acquisition_portfolio,29213,79.7398,78.1339,20.2602,0,heldout,
real_buchwald_hartwig,care_strategy_router,29214,93.4211,64.9882,6.5789,0,heldout,llm_direct_prior_counter_source_acid_halide_reversal_noprior
real_buchwald_hartwig,gp_ucb,29214,93.5878,71.2149,6.4122,0,heldout,
real_buchwald_hartwig,llambo_warmstart_counter_source_acid_halide_reversal_noprior,29214,89.4195,87.3199,10.5805,0,heldout,
real_buchwald_hartwig,llambo_warmstart_selector,29214,89.4195,87.3199,10.5805,0,heldout,llambo_warmstart_counter_source_acid_halide_reversal_noprior
real_buchwald_hartwig,llm_calibrated_selector,29214,86.7621,81.5627,13.2379,0,heldout,llm_semantic_counter_source_acid_halide_reversal_noprior
real_buchwald_hartwig,llm_direct_prior_counter_source_acid_halide_reversal_noprior,29214,93.4211,64.9882,6.5789,0,heldout,
real_buchwald_hartwig,llm_direct_prior_selector,29214,93.4211,64.9882,6.5789,0,heldout,llm_direct_prior_counter_source_acid_halide_reversal_noprior
real_buchwald_hartwig,llm_semantic_counter_source_acid_halide_reversal_noprior,29214,86.7621,81.5627,13.2379,0,heldout,
real_buchwald_hartwig,mixed_kernel_gp_ei,29214,93.5878,71.2149,6.4122,0,heldout,
real_buchwald_hartwig,target_acquisition_portfolio,29214,93.5878,71.2149,6.4122,0,heldout,
real_buchwald_hartwig,care_strategy_router,29215,85.1402,73.0891,14.8598,0,heldout,llm_direct_prior_counter_source_acid_halide_reversal_noprior
real_buchwald_hartwig,gp_ucb,29215,92.2093,85.0661,7.7907,0,heldout,
real_buchwald_hartwig,llambo_warmstart_counter_source_acid_halide_reversal_noprior,29215,98.2872,96.6753,1.7128,1,heldout,
real_buchwald_hartwig,llambo_warmstart_selector,29215,98.2872,96.6753,1.7128,1,heldout,llambo_warmstart_counter_source_acid_halide_reversal_noprior
real_buchwald_hartwig,llm_calibrated_selector,29215,83.385,71.8831,16.615,0,heldout,llm_semantic_counter_source_acid_halide_reversal_noprior
real_buchwald_hartwig,llm_direct_prior_counter_source_acid_halide_reversal_noprior,29215,85.1402,73.0891,14.8598,0,heldout,
real_buchwald_hartwig,llm_direct_prior_selector,29215,85.1402,73.0891,14.8598,0,heldout,llm_direct_prior_counter_source_acid_halide_reversal_noprior
real_buchwald_hartwig,llm_semantic_counter_source_acid_halide_reversal_noprior,29215,83.385,71.8831,16.615,0,heldout,
real_buchwald_hartwig,mixed_kernel_gp_ei,29215,93.5878,84.0266,6.4122,0,heldout,
real_buchwald_hartwig,target_acquisition_portfolio,29215,93.5878,84.0266,6.4122,0,heldout,
real_buchwald_hartwig,care_strategy_router,29216,93.4211,93.4211,6.5789,0,heldout,llm_direct_prior_counter_source_acid_halide_reversal_noprior
real_buchwald_hartwig,gp_ucb,29216,98.2872,94.6848,1.7128,1,heldout,
real_buchwald_hartwig,llambo_warmstart_counter_source_acid_halide_reversal_noprior,29216,93.0995,88.3389,6.9005,0,heldout,
real_buchwald_hartwig,llambo_warmstart_selector,29216,93.0995,88.3389,6.9005,0,heldout,llambo_warmstart_counter_source_acid_halide_reversal_noprior
real_buchwald_hartwig,llm_calibrated_selector,29216,98.2872,93.5547,1.7128,1,heldout,llm_semantic_counter_source_acid_halide_reversal_noprior
real_buchwald_hartwig,llm_direct_prior_counter_source_acid_halide_reversal_noprior,29216,93.4211,93.4211,6.5789,0,heldout,
real_buchwald_hartwig,llm_direct_prior_selector,29216,93.4211,93.4211,6.5789,0,heldout,llm_direct_prior_counter_source_acid_halide_reversal_noprior
real_buchwald_hartwig,llm_semantic_counter_source_acid_halide_reversal_noprior,29216,98.2872,93.5547,1.7128,1,heldout,
real_buchwald_hartwig,mixed_kernel_gp_ei,29216,98.2872,94.6848,1.7128,1,heldout,
real_buchwald_hartwig,target_acquisition_portfolio,29216,98.2872,94.6848,1.7128,1,heldout,
real_buchwald_hartwig,care_strategy_router,29217,94.6911,92.5992,5.3089,0,heldout,llm_direct_prior_counter_source_acid_halide_reversal_noprior
real_buchwald_hartwig,gp_ucb,29217,90.7313,90.7313,9.2687,0,heldout,
real_buchwald_hartwig,llambo_warmstart_counter_source_acid_halide_reversal_noprior,29217,81.5694,81.5694,18.4306,0,heldout,
real_buchwald_hartwig,llambo_warmstart_selector,29217,81.5694,81.5694,18.4306,0,heldout,llambo_warmstart_counter_source_acid_halide_reversal_noprior
real_buchwald_hartwig,llm_calibrated_selector,29217,90.7313,90.7313,9.2687,0,heldout,llm_semantic_counter_source_acid_halide_reversal_noprior
real_buchwald_hartwig,llm_direct_prior_counter_source_acid_halide_reversal_noprior,29217,94.6911,92.5992,5.3089,0,heldout,
real_buchwald_hartwig,llm_direct_prior_selector,29217,94.6911,92.5992,5.3089,0,heldout,llm_direct_prior_counter_source_acid_halide_reversal_noprior
real_buchwald_hartwig,llm_semantic_counter_source_acid_halide_reversal_noprior,29217,90.7313,90.7313,9.2687,0,heldout,
real_buchwald_hartwig,mixed_kernel_gp_ei,29217,90.7313,90.7313,9.2687,0,heldout,
real_buchwald_hartwig,target_acquisition_portfolio,29217,90.7313,90.7313,9.2687,0,heldout,
real_buchwald_hartwig,care_strategy_router,29218,94.6911,93.06,5.3089,0,heldout,llm_direct_prior_counter_source_acid_halide_reversal_noprior
real_buchwald_hartwig,gp_ucb,29218,95.129,89.9728,4.871,0,heldout,
real_buchwald_hartwig,llambo_warmstart_counter_source_acid_halide_reversal_noprior,29218,75.2915,73.0315,24.7085,0,heldout,
real_buchwald_hartwig,llambo_warmstart_selector,29218,75.2915,73.0315,24.7085,0,heldout,llambo_warmstart_counter_source_acid_halide_reversal_noprior
real_buchwald_hartwig,llm_calibrated_selector,29218,94.6911,93.8755,5.3089,0,heldout,llm_semantic_counter_source_acid_halide_reversal_noprior
real_buchwald_hartwig,llm_direct_prior_counter_source_acid_halide_reversal_noprior,29218,94.6911,93.06,5.3089,0,heldout,
real_buchwald_hartwig,llm_direct_prior_selector,29218,94.6911,93.06,5.3089,0,heldout,llm_direct_prior_counter_source_acid_halide_reversal_noprior
real_buchwald_hartwig,llm_semantic_counter_source_acid_halide_reversal_noprior,29218,94.6911,93.8755,5.3089,0,heldout,
real_buchwald_hartwig,mixed_kernel_gp_ei,29218,94.8799,92.4742,5.1201,0,heldout,
real_buchwald_hartwig,target_acquisition_portfolio,29218,95.129,91.3893,4.871,0,heldout,
real_buchwald_hartwig,care_strategy_router,29219,98.2872,91.318,1.7128,1,heldout,llm_direct_prior_counter_source_acid_halide_reversal_noprior
real_buchwald_hartwig,gp_ucb,29219,93.1012,84.106,6.8988,0,heldout,
real_buchwald_hartwig,llambo_warmstart_counter_source_acid_halide_reversal_noprior,29219,95.129,94.0205,4.871,0,heldout,
real_buchwald_hartwig,llambo_warmstart_selector,29219,95.129,94.0205,4.871,0,heldout,llambo_warmstart_counter_source_acid_halide_reversal_noprior
real_buchwald_hartwig,llm_calibrated_selector,29219,86.7621,72.5566,13.2379,0,heldout,llm_semantic_counter_source_acid_halide_reversal_noprior
real_buchwald_hartwig,llm_direct_prior_counter_source_acid_halide_reversal_noprior,29219,98.2872,91.318,1.7128,1,heldout,
real_buchwald_hartwig,llm_direct_prior_selector,29219,98.2872,91.318,1.7128,1,heldout,llm_direct_prior_counter_source_acid_halide_reversal_noprior
real_buchwald_hartwig,llm_semantic_counter_source_acid_halide_reversal_noprior,29219,86.7621,72.5566,13.2379,0,heldout,
real_buchwald_hartwig,mixed_kernel_gp_ei,29219,93.4211,86.2922,6.5789,0,heldout,
real_buchwald_hartwig,target_acquisition_portfolio,29219,93.4211,87.0498,6.5789,0,heldout,
real_buchwald_hartwig,care_strategy_router,29220,100.0,90.0617,0.0,1,heldout,llm_direct_prior_counter_source_acid_halide_reversal_noprior
real_buchwald_hartwig,gp_ucb,29220,100.0,91.117,0.0,1,heldout,
real_buchwald_hartwig,llambo_warmstart_counter_source_acid_halide_reversal_noprior,29220,92.659,88.202,7.341,0,heldout,
real_buchwald_hartwig,llambo_warmstart_selector,29220,92.659,88.202,7.341,0,heldout,llambo_warmstart_counter_source_acid_halide_reversal_noprior
real_buchwald_hartwig,llm_calibrated_selector,29220,89.6142,80.3201,10.3858,0,heldout,llm_semantic_counter_source_acid_halide_reversal_noprior
real_buchwald_hartwig,llm_direct_prior_counter_source_acid_halide_reversal_noprior,29220,100.0,90.0617,0.0,1,heldout,
real_buchwald_hartwig,llm_direct_prior_selector,29220,100.0,90.0617,0.0,1,heldout,llm_direct_prior_counter_source_acid_halide_reversal_noprior
real_buchwald_hartwig,llm_semantic_counter_source_acid_halide_reversal_noprior,29220,89.6142,80.3201,10.3858,0,heldout,
real_buchwald_hartwig,mixed_kernel_gp_ei,29220,100.0,90.1831,0.0,1,heldout,
real_buchwald_hartwig,target_acquisition_portfolio,29220,100.0,90.1831,0.0,1,heldout,
real_buchwald_hartwig,care_strategy_router,29221,97.5685,92.3026,2.4315,1,heldout,llm_direct_prior_counter_source_acid_halide_reversal_noprior
real_buchwald_hartwig,gp_ucb,29221,79.4583,72.0146,20.5417,0,heldout,
real_buchwald_hartwig,llambo_warmstart_counter_source_acid_halide_reversal_noprior,29221,86.1051,86.1051,13.8949,0,heldout,
real_buchwald_hartwig,llambo_warmstart_selector,29221,86.1051,86.1051,13.8949,0,heldout,llambo_warmstart_counter_source_acid_halide_reversal_noprior
real_buchwald_hartwig,llm_calibrated_selector,29221,95.3865,82.3192,4.6135,0,heldout,llm_semantic_counter_source_acid_halide_reversal_noprior
real_buchwald_hartwig,llm_direct_prior_counter_source_acid_halide_reversal_noprior,29221,97.5685,92.3026,2.4315,1,heldout,
real_buchwald_hartwig,llm_direct_prior_selector,29221,97.5685,92.3026,2.4315,1,heldout,llm_direct_prior_counter_source_acid_halide_reversal_noprior
real_buchwald_hartwig,llm_semantic_counter_source_acid_halide_reversal_noprior,29221,95.3865,82.3192,4.6135,0,heldout,
real_buchwald_hartwig,mixed_kernel_gp_ei,29221,98.8492,75.8928,1.1508,1,heldout,
real_buchwald_hartwig,target_acquisition_portfolio,29221,98.8492,75.8928,1.1508,1,heldout,
real_buchwald_hartwig,care_strategy_router,29222,100.0,98.298,0.0,1,heldout,llm_direct_prior_counter_source_acid_halide_reversal_noprior
real_buchwald_hartwig,gp_ucb,29222,100.0,100.0,0.0,1,heldout,
real_buchwald_hartwig,llambo_warmstart_counter_source_acid_halide_reversal_noprior,29222,83.4092,78.4893,16.5908,0,heldout,
real_buchwald_hartwig,llambo_warmstart_selector,29222,83.4092,78.4893,16.5908,0,heldout,llambo_warmstart_counter_source_acid_halide_reversal_noprior
real_buchwald_hartwig,llm_calibrated_selector,29222,100.0,94.0561,0.0,1,heldout,llm_semantic_counter_source_acid_halide_reversal_noprior
real_buchwald_hartwig,llm_direct_prior_counter_source_acid_halide_reversal_noprior,29222,100.0,98.298,0.0,1,heldout,
real_buchwald_hartwig,llm_direct_prior_selector,29222,100.0,98.298,0.0,1,heldout,llm_direct_prior_counter_source_acid_halide_reversal_noprior
real_buchwald_hartwig,llm_semantic_counter_source_acid_halide_reversal_noprior,29222,100.0,94.0561,0.0,1,heldout,
real_buchwald_hartwig,mixed_kernel_gp_ei,29222,100.0,98.514,0.0,1,heldout,
real_buchwald_hartwig,target_acquisition_portfolio,29222,100.0,98.514,0.0,1,heldout,
real_buchwald_hartwig,care_strategy_router,29223,95.3865,75.7639,4.6135,0,heldout,llm_direct_prior_counter_source_acid_halide_reversal_noprior
real_buchwald_hartwig,gp_ucb,29223,97.948,85.5691,2.052,1,heldout,
real_buchwald_hartwig,llambo_warmstart_counter_source_acid_halide_reversal_noprior,29223,79.8724,79.0404,20.1276,0,heldout,
real_buchwald_hartwig,llambo_warmstart_selector,29223,79.8724,79.0404,20.1276,0,heldout,llambo_warmstart_counter_source_acid_halide_reversal_noprior
real_buchwald_hartwig,llm_calibrated_selector,29223,94.8799,83.809,5.1201,0,heldout,llm_semantic_counter_source_acid_halide_reversal_noprior
real_buchwald_hartwig,llm_direct_prior_counter_source_acid_halide_reversal_noprior,29223,95.3865,75.7639,4.6135,0,heldout,
real_buchwald_hartwig,llm_direct_prior_selector,29223,95.3865,75.7639,4.6135,0,heldout,llm_direct_prior_counter_source_acid_halide_reversal_noprior
real_buchwald_hartwig,llm_semantic_counter_source_acid_halide_reversal_noprior,29223,94.8799,83.809,5.1201,0,heldout,
real_buchwald_hartwig,mixed_kernel_gp_ei,29223,97.948,91.8423,2.052,1,heldout,
real_buchwald_hartwig,target_acquisition_portfolio,29223,97.948,92.4017,2.052,1,heldout,
real_buchwald_hartwig,care_strategy_router,29224,97.2929,87.6965,2.7071,0,heldout,llm_direct_prior_counter_source_acid_halide_reversal_noprior
real_buchwald_hartwig,gp_ucb,29224,93.5641,86.6196,6.4359,0,heldout,
real_buchwald_hartwig,llambo_warmstart_counter_source_acid_halide_reversal_noprior,29224,93.1012,92.9636,6.8988,0,heldout,
real_buchwald_hartwig,llambo_warmstart_selector,29224,93.1012,92.9636,6.8988,0,heldout,llambo_warmstart_counter_source_acid_halide_reversal_noprior
real_buchwald_hartwig,llm_calibrated_selector,29224,100.0,88.7793,0.0,1,heldout,llm_semantic_counter_source_acid_halide_reversal_noprior
real_buchwald_hartwig,llm_direct_prior_counter_source_acid_halide_reversal_noprior,29224,97.2929,87.6965,2.7071,0,heldout,
real_buchwald_hartwig,llm_direct_prior_selector,29224,97.2929,87.6965,2.7071,0,heldout,llm_direct_prior_counter_source_acid_halide_reversal_noprior
real_buchwald_hartwig,llm_semantic_counter_source_acid_halide_reversal_noprior,29224,100.0,88.7793,0.0,1,heldout,
real_buchwald_hartwig,mixed_kernel_gp_ei,29224,97.2929,92.4947,2.7071,0,heldout,
real_buchwald_hartwig,target_acquisition_portfolio,29224,97.2929,92.4947,2.7071,0,heldout,
real_buchwald_hartwig,care_strategy_router,29225,100.0,92.2734,0.0,1,heldout,llm_direct_prior_counter_source_acid_halide_reversal_noprior
real_buchwald_hartwig,gp_ucb,29225,90.9905,87.616,9.0095,0,heldout,
real_buchwald_hartwig,llambo_warmstart_counter_source_acid_halide_reversal_noprior,29225,93.4211,81.9179,6.5789,0,heldout,
real_buchwald_hartwig,llambo_warmstart_selector,29225,93.4211,81.9179,6.5789,0,heldout,llambo_warmstart_counter_source_acid_halide_reversal_noprior
real_buchwald_hartwig,llm_calibrated_selector,29225,94.1517,88.2506,5.8483,0,heldout,llm_semantic_counter_source_acid_halide_reversal_noprior
real_buchwald_hartwig,llm_direct_prior_counter_source_acid_halide_reversal_noprior,29225,100.0,92.2734,0.0,1,heldout,
real_buchwald_hartwig,llm_direct_prior_selector,29225,100.0,92.2734,0.0,1,heldout,llm_direct_prior_counter_source_acid_halide_reversal_noprior
real_buchwald_hartwig,llm_semantic_counter_source_acid_halide_reversal_noprior,29225,94.1517,88.2506,5.8483,0,heldout,
real_buchwald_hartwig,mixed_kernel_gp_ei,29225,90.9905,79.4695,9.0095,0,heldout,
real_buchwald_hartwig,target_acquisition_portfolio,29225,94.1517,81.8061,5.8483,0,heldout,
real_buchwald_hartwig,care_strategy_router,29226,93.4211,93.3164,6.5789,0,heldout,llm_direct_prior_counter_source_acid_halide_reversal_noprior
real_buchwald_hartwig,gp_ucb,29226,92.8977,92.8977,7.1023,0,heldout,
real_buchwald_hartwig,llambo_warmstart_counter_source_acid_halide_reversal_noprior,29226,64.602,64.602,35.398,0,heldout,
real_buchwald_hartwig,llambo_warmstart_selector,29226,64.602,64.602,35.398,0,heldout,llambo_warmstart_counter_source_acid_halide_reversal_noprior
real_buchwald_hartwig,llm_calibrated_selector,29226,93.3108,92.9592,6.6892,0,heldout,llm_semantic_counter_source_acid_halide_reversal_noprior
real_buchwald_hartwig,llm_direct_prior_counter_source_acid_halide_reversal_noprior,29226,93.4211,93.3164,6.5789,0,heldout,
real_buchwald_hartwig,llm_direct_prior_selector,29226,93.4211,93.3164,6.5789,0,heldout,llm_direct_prior_counter_source_acid_halide_reversal_noprior
real_buchwald_hartwig,llm_semantic_counter_source_acid_halide_reversal_noprior,29226,93.3108,92.9592,6.6892,0,heldout,
real_buchwald_hartwig,mixed_kernel_gp_ei,29226,95.5552,93.9607,4.4448,0,heldout,
real_buchwald_hartwig,target_acquisition_portfolio,29226,95.5552,93.695,4.4448,0,heldout,
real_buchwald_hartwig,care_strategy_router,29227,97.5685,91.5233,2.4315,1,heldout,llm_direct_prior_counter_source_acid_halide_reversal_noprior
real_buchwald_hartwig,gp_ucb,29227,88.4464,87.568,11.5536,0,heldout,
real_buchwald_hartwig,llambo_warmstart_counter_source_acid_halide_reversal_noprior,29227,86.0034,83.2196,13.9966,0,heldout,
real_buchwald_hartwig,llambo_warmstart_selector,29227,86.0034,83.2196,13.9966,0,heldout,llambo_warmstart_counter_source_acid_halide_reversal_noprior
real_buchwald_hartwig,llm_calibrated_selector,29227,100.0,92.0138,0.0,1,heldout,llm_semantic_counter_source_acid_halide_reversal_noprior
real_buchwald_hartwig,llm_direct_prior_counter_source_acid_halide_reversal_noprior,29227,97.5685,91.5233,2.4315,1,heldout,
real_buchwald_hartwig,llm_direct_prior_selector,29227,97.5685,91.5233,2.4315,1,heldout,llm_direct_prior_counter_source_acid_halide_reversal_noprior
real_buchwald_hartwig,llm_semantic_counter_source_acid_halide_reversal_noprior,29227,100.0,92.0138,0.0,1,heldout,
real_buchwald_hartwig,mixed_kernel_gp_ei,29227,100.0,94.6758,0.0,1,heldout,
real_buchwald_hartwig,target_acquisition_portfolio,29227,88.4464,87.568,11.5536,0,heldout,
real_buchwald_hartwig,care_strategy_router,29228,97.5685,84.0653,2.4315,1,heldout,llm_direct_prior_counter_source_acid_halide_reversal_noprior
real_buchwald_hartwig,gp_ucb,29228,87.2375,64.8385,12.7625,0,heldout,
real_buchwald_hartwig,llambo_warmstart_counter_source_acid_halide_reversal_noprior,29228,92.659,92.3068,7.341,0,heldout,
real_buchwald_hartwig,llambo_warmstart_selector,29228,92.659,92.3068,7.341,0,heldout,llambo_warmstart_counter_source_acid_halide_reversal_noprior
real_buchwald_hartwig,llm_calibrated_selector,29228,79.8724,71.9144,20.1276,0,heldout,llm_semantic_counter_source_acid_halide_reversal_noprior
real_buchwald_hartwig,llm_direct_prior_counter_source_acid_halide_reversal_noprior,29228,97.5685,84.0653,2.4315,1,heldout,
real_buchwald_hartwig,llm_direct_prior_selector,29228,97.5685,84.0653,2.4315,1,heldout,llm_direct_prior_counter_source_acid_halide_reversal_noprior
real_buchwald_hartwig,llm_semantic_counter_source_acid_halide_reversal_noprior,29228,79.8724,71.9144,20.1276,0,heldout,
real_buchwald_hartwig,mixed_kernel_gp_ei,29228,92.2093,61.4815,7.7907,0,heldout,
real_buchwald_hartwig,target_acquisition_portfolio,29228,87.2375,64.8385,12.7625,0,heldout,
real_buchwald_hartwig,care_strategy_router,29229,88.5139,86.7131,11.4861,0,heldout,llm_direct_prior_counter_source_acid_halide_reversal_noprior
real_buchwald_hartwig,gp_ucb,29229,89.5592,85.7582,10.4408,0,heldout,
real_buchwald_hartwig,llambo_warmstart_counter_source_acid_halide_reversal_noprior,29229,96.1323,91.4274,3.8677,0,heldout,
real_buchwald_hartwig,llambo_warmstart_selector,29229,96.1323,91.4274,3.8677,0,heldout,llambo_warmstart_counter_source_acid_halide_reversal_noprior
real_buchwald_hartwig,llm_calibrated_selector,29229,86.4971,85.6999,13.5029,0,heldout,llm_semantic_counter_source_acid_halide_reversal_noprior
real_buchwald_hartwig,llm_direct_prior_counter_source_acid_halide_reversal_noprior,29229,88.5139,86.7131,11.4861,0,heldout,
real_buchwald_hartwig,llm_direct_prior_selector,29229,88.5139,86.7131,11.4861,0,heldout,llm_direct_prior_counter_source_acid_halide_reversal_noprior
real_buchwald_hartwig,llm_semantic_counter_source_acid_halide_reversal_noprior,29229,86.4971,85.6999,13.5029,0,heldout,
real_buchwald_hartwig,mixed_kernel_gp_ei,29229,82.5113,82.5113,17.4887,0,heldout,
real_buchwald_hartwig,target_acquisition_portfolio,29229,88.5139,86.1397,11.4861,0,heldout,
real_buchwald_hartwig,care_strategy_router,29230,97.5685,93.2356,2.4315,1,heldout,llm_direct_prior_counter_source_acid_halide_reversal_noprior
real_buchwald_hartwig,gp_ucb,29230,86.2198,85.6567,13.7802,0,heldout,
real_buchwald_hartwig,llambo_warmstart_counter_source_acid_halide_reversal_noprior,29230,81.0209,79.9153,18.9791,0,heldout,
real_buchwald_hartwig,llambo_warmstart_selector,29230,81.0209,79.9153,18.9791,0,heldout,llambo_warmstart_counter_source_acid_halide_reversal_noprior
real_buchwald_hartwig,llm_calibrated_selector,29230,100.0,84.3234,0.0,1,heldout,llm_semantic_counter_source_acid_halide_reversal_noprior
real_buchwald_hartwig,llm_direct_prior_counter_source_acid_halide_reversal_noprior,29230,97.5685,93.2356,2.4315,1,heldout,
real_buchwald_hartwig,llm_direct_prior_selector,29230,97.5685,93.2356,2.4315,1,heldout,llm_direct_prior_counter_source_acid_halide_reversal_noprior
real_buchwald_hartwig,llm_semantic_counter_source_acid_halide_reversal_noprior,29230,100.0,84.3234,0.0,1,heldout,
real_buchwald_hartwig,mixed_kernel_gp_ei,29230,91.511,89.4497,8.489,0,heldout,
real_buchwald_hartwig,target_acquisition_portfolio,29230,86.2198,85.6567,13.7802,0,heldout,
real_buchwald_hartwig,care_strategy_router,29231,93.3108,93.1558,6.6892,0,heldout,llm_direct_prior_counter_source_acid_halide_reversal_noprior
real_buchwald_hartwig,gp_ucb,29231,92.9567,88.1143,7.0433,0,heldout,
real_buchwald_hartwig,llambo_warmstart_counter_source_acid_halide_reversal_noprior,29231,89.6142,82.6399,10.3858,0,heldout,
real_buchwald_hartwig,llambo_warmstart_selector,29231,89.6142,82.6399,10.3858,0,heldout,llambo_warmstart_counter_source_acid_halide_reversal_noprior
real_buchwald_hartwig,llm_calibrated_selector,29231,84.4027,84.4027,15.5973,0,heldout,llm_semantic_counter_source_acid_halide_reversal_noprior
real_buchwald_hartwig,llm_direct_prior_counter_source_acid_halide_reversal_noprior,29231,93.3108,93.1558,6.6892,0,heldout,
real_buchwald_hartwig,llm_direct_prior_selector,29231,93.3108,93.1558,6.6892,0,heldout,llm_direct_prior_counter_source_acid_halide_reversal_noprior
real_buchwald_hartwig,llm_semantic_counter_source_acid_halide_reversal_noprior,29231,84.4027,84.4027,15.5973,0,heldout,
real_buchwald_hartwig,mixed_kernel_gp_ei,29231,93.1012,87.4669,6.8988,0,heldout,
real_buchwald_hartwig,target_acquisition_portfolio,29231,93.1012,88.5984,6.8988,0,heldout,
real_buchwald_hartwig,care_strategy_router,29232,97.2929,90.2145,2.7071,0,heldout,llm_direct_prior_counter_source_acid_halide_reversal_noprior
real_buchwald_hartwig,gp_ucb,29232,98.7313,91.3711,1.2687,1,heldout,
real_buchwald_hartwig,llambo_warmstart_counter_source_acid_halide_reversal_noprior,29232,93.5878,88.1598,6.4122,0,heldout,
real_buchwald_hartwig,llambo_warmstart_selector,29232,93.5878,88.1598,6.4122,0,heldout,llambo_warmstart_counter_source_acid_halide_reversal_noprior
real_buchwald_hartwig,llm_calibrated_selector,29232,88.1675,88.1675,11.8325,0,heldout,llm_semantic_counter_source_acid_halide_reversal_noprior
real_buchwald_hartwig,llm_direct_prior_counter_source_acid_halide_reversal_noprior,29232,97.2929,90.2145,2.7071,0,heldout,
real_buchwald_hartwig,llm_direct_prior_selector,29232,97.2929,90.2145,2.7071,0,heldout,llm_direct_prior_counter_source_acid_halide_reversal_noprior
real_buchwald_hartwig,llm_semantic_counter_source_acid_halide_reversal_noprior,29232,88.1675,88.1675,11.8325,0,heldout,
real_buchwald_hartwig,mixed_kernel_gp_ei,29232,98.7313,90.986,1.2687,1,heldout,
real_buchwald_hartwig,target_acquisition_portfolio,29232,98.7313,91.3711,1.2687,1,heldout,
real_buchwald_hartwig,care_strategy_router,29233,97.2929,90.3364,2.7071,0,heldout,llm_direct_prior_counter_source_acid_halide_reversal_noprior
real_buchwald_hartwig,gp_ucb,29233,93.4211,67.6544,6.5789,0,heldout,
real_buchwald_hartwig,llambo_warmstart_counter_source_acid_halide_reversal_noprior,29233,90.7313,89.9793,9.2687,0,heldout,
real_buchwald_hartwig,llambo_warmstart_selector,29233,90.7313,89.9793,9.2687,0,heldout,llambo_warmstart_counter_source_acid_halide_reversal_noprior
real_buchwald_hartwig,llm_calibrated_selector,29233,88.4043,71.5726,11.5957,0,heldout,llm_semantic_counter_source_acid_halide_reversal_noprior
real_buchwald_hartwig,llm_direct_prior_counter_source_acid_halide_reversal_noprior,29233,97.2929,90.3364,2.7071,0,heldout,
real_buchwald_hartwig,llm_direct_prior_selector,29233,97.2929,90.3364,2.7071,0,heldout,llm_direct_prior_counter_source_acid_halide_reversal_noprior
real_buchwald_hartwig,llm_semantic_counter_source_acid_halide_reversal_noprior,29233,88.4043,71.5726,11.5957,0,heldout,
real_buchwald_hartwig,mixed_kernel_gp_ei,29233,98.2872,75.9417,1.7128,1,heldout,
real_buchwald_hartwig,target_acquisition_portfolio,29233,98.2872,73.0339,1.7128,1,heldout,
real_buchwald_hartwig,care_strategy_router,29234,97.5685,73.3247,2.4315,1,heldout,llm_direct_prior_counter_source_acid_halide_reversal_noprior
real_buchwald_hartwig,gp_ucb,29234,97.948,75.507,2.052,1,heldout,
real_buchwald_hartwig,llambo_warmstart_counter_source_acid_halide_reversal_noprior,29234,97.5685,96.1213,2.4315,1,heldout,
real_buchwald_hartwig,llambo_warmstart_selector,29234,97.5685,96.1213,2.4315,1,heldout,llambo_warmstart_counter_source_acid_halide_reversal_noprior
real_buchwald_hartwig,llm_calibrated_selector,29234,89.6142,82.4433,10.3858,0,heldout,llm_semantic_counter_source_acid_halide_reversal_noprior
real_buchwald_hartwig,llm_direct_prior_counter_source_acid_halide_reversal_noprior,29234,97.5685,73.3247,2.4315,1,heldout,
real_buchwald_hartwig,llm_direct_prior_selector,29234,97.5685,73.3247,2.4315,1,heldout,llm_direct_prior_counter_source_acid_halide_reversal_noprior
real_buchwald_hartwig,llm_semantic_counter_source_acid_halide_reversal_noprior,29234,89.6142,82.4433,10.3858,0,heldout,
real_buchwald_hartwig,mixed_kernel_gp_ei,29234,86.3247,76.1675,13.6753,0,heldout,
real_buchwald_hartwig,target_acquisition_portfolio,29234,100.0,78.8983,0.0,1,heldout,
real_buchwald_hartwig,care_strategy_router,29235,97.5685,96.357,2.4315,1,heldout,llm_direct_prior_counter_source_acid_halide_reversal_noprior
real_buchwald_hartwig,gp_ucb,29235,100.0,93.5582,0.0,1,heldout,
real_buchwald_hartwig,llambo_warmstart_counter_source_acid_halide_reversal_noprior,29235,100.0,98.4539,0.0,1,heldout,
real_buchwald_hartwig,llambo_warmstart_selector,29235,100.0,98.4539,0.0,1,heldout,llambo_warmstart_counter_source_acid_halide_reversal_noprior
real_buchwald_hartwig,llm_calibrated_selector,29235,100.0,91.1023,0.0,1,heldout,llm_semantic_counter_source_acid_halide_reversal_noprior
real_buchwald_hartwig,llm_direct_prior_counter_source_acid_halide_reversal_noprior,29235,97.5685,96.357,2.4315,1,heldout,
real_buchwald_hartwig,llm_direct_prior_selector,29235,97.5685,96.357,2.4315,1,heldout,llm_direct_prior_counter_source_acid_halide_reversal_noprior
real_buchwald_hartwig,llm_semantic_counter_source_acid_halide_reversal_noprior,29235,100.0,91.1023,0.0,1,heldout,
real_buchwald_hartwig,mixed_kernel_gp_ei,29235,95.7526,87.8819,4.2474,0,heldout,
real_buchwald_hartwig,target_acquisition_portfolio,29235,97.5685,89.7715,2.4315,1,heldout,
real_buchwald_hartwig,care_strategy_router,29236,94.6911,92.827,5.3089,0,heldout,llm_direct_prior_counter_source_acid_halide_reversal_noprior
real_buchwald_hartwig,gp_ucb,29236,87.2375,39.8283,12.7625,0,heldout,
real_buchwald_hartwig,llambo_warmstart_counter_source_acid_halide_reversal_noprior,29236,98.7313,98.7313,1.2687,1,heldout,
real_buchwald_hartwig,llambo_warmstart_selector,29236,98.7313,98.7313,1.2687,1,heldout,llambo_warmstart_counter_source_acid_halide_reversal_noprior
real_buchwald_hartwig,llm_calibrated_selector,29236,93.0289,81.3686,6.9711,0,heldout,llm_semantic_counter_source_acid_halide_reversal_noprior
real_buchwald_hartwig,llm_direct_prior_counter_source_acid_halide_reversal_noprior,29236,94.6911,92.827,5.3089,0,heldout,
real_buchwald_hartwig,llm_direct_prior_selector,29236,94.6911,92.827,5.3089,0,heldout,llm_direct_prior_counter_source_acid_halide_reversal_noprior
real_buchwald_hartwig,llm_semantic_counter_source_acid_halide_reversal_noprior,29236,93.0289,81.3686,6.9711,0,heldout,
real_buchwald_hartwig,mixed_kernel_gp_ei,29236,87.2375,39.8283,12.7625,0,heldout,
real_buchwald_hartwig,target_acquisition_portfolio,29236,87.2375,39.8283,12.7625,0,heldout,
real_buchwald_hartwig,care_strategy_router,29237,94.6911,89.5045,5.3089,0,heldout,llm_direct_prior_counter_source_acid_halide_reversal_noprior
real_buchwald_hartwig,gp_ucb,29237,95.129,94.2696,4.871,0,heldout,
real_buchwald_hartwig,llambo_warmstart_counter_source_acid_halide_reversal_noprior,29237,100.0,93.4767,0.0,1,heldout,
real_buchwald_hartwig,llambo_warmstart_selector,29237,100.0,93.4767,0.0,1,heldout,llambo_warmstart_counter_source_acid_halide_reversal_noprior
real_buchwald_hartwig,llm_calibrated_selector,29237,91.3733,87.0192,8.6267,0,heldout,llm_semantic_counter_source_acid_halide_reversal_noprior
real_buchwald_hartwig,llm_direct_prior_counter_source_acid_halide_reversal_noprior,29237,94.6911,89.5045,5.3089,0,heldout,
real_buchwald_hartwig,llm_direct_prior_selector,29237,94.6911,89.5045,5.3089,0,heldout,llm_direct_prior_counter_source_acid_halide_reversal_noprior
real_buchwald_hartwig,llm_semantic_counter_source_acid_halide_reversal_noprior,29237,91.3733,87.0192,8.6267,0,heldout,
real_buchwald_hartwig,mixed_kernel_gp_ei,29237,95.129,94.2696,4.871,0,heldout,
real_buchwald_hartwig,target_acquisition_portfolio,29237,95.129,94.2696,4.871,0,heldout,
real_buchwald_hartwig,care_strategy_router,29238,97.2929,90.2145,2.7071,0,heldout,llm_direct_prior_counter_source_acid_halide_reversal_noprior
real_buchwald_hartwig,gp_ucb,29238,97.2929,81.1474,2.7071,0,heldout,
real_buchwald_hartwig,llambo_warmstart_counter_source_acid_halide_reversal_noprior,29238,96.5912,96.5912,3.4088,0,heldout,
real_buchwald_hartwig,llambo_warmstart_selector,29238,96.5912,96.5912,3.4088,0,heldout,llambo_warmstart_counter_source_acid_halide_reversal_noprior
real_buchwald_hartwig,llm_calibrated_selector,29238,99.6191,88.9722,0.3809,1,heldout,llm_semantic_counter_source_acid_halide_reversal_noprior
real_buchwald_hartwig,llm_direct_prior_counter_source_acid_halide_reversal_noprior,29238,97.2929,90.2145,2.7071,0,heldout,
real_buchwald_hartwig,llm_direct_prior_selector,29238,97.2929,90.2145,2.7071,0,heldout,llm_direct_prior_counter_source_acid_halide_reversal_noprior
real_buchwald_hartwig,llm_semantic_counter_source_acid_halide_reversal_noprior,29238,99.6191,88.9722,0.3809,1,heldout,
real_buchwald_hartwig,mixed_kernel_gp_ei,29238,92.1372,77.9669,7.8628,0,heldout,
real_buchwald_hartwig,target_acquisition_portfolio,29238,92.1372,77.9669,7.8628,0,heldout,
real_buchwald_hartwig,care_strategy_router,29239,93.4211,91.781,6.5789,0,heldout,llm_direct_prior_counter_source_acid_halide_reversal_noprior
real_buchwald_hartwig,gp_ucb,29239,94.6911,92.778,5.3089,0,heldout,
real_buchwald_hartwig,llambo_warmstart_counter_source_acid_halide_reversal_noprior,29239,93.0289,76.187,6.9711,0,heldout,
real_buchwald_hartwig,llambo_warmstart_selector,29239,93.0289,76.187,6.9711,0,heldout,llambo_warmstart_counter_source_acid_halide_reversal_noprior
real_buchwald_hartwig,llm_calibrated_selector,29239,85.2207,85.2207,14.7793,0,heldout,llm_semantic_counter_source_acid_halide_reversal_noprior
real_buchwald_hartwig,llm_direct_prior_counter_source_acid_halide_reversal_noprior,29239,93.4211,91.781,6.5789,0,heldout,
real_buchwald_hartwig,llm_direct_prior_selector,29239,93.4211,91.781,6.5789,0,heldout,llm_direct_prior_counter_source_acid_halide_reversal_noprior
real_buchwald_hartwig,llm_semantic_counter_source_acid_halide_reversal_noprior,29239,85.2207,85.2207,14.7793,0,heldout,
real_buchwald_hartwig,mixed_kernel_gp_ei,29239,94.6911,92.778,5.3089,0,heldout,
real_buchwald_hartwig,target_acquisition_portfolio,29239,94.6911,92.778,5.3089,0,heldout,
real_buchwald_hartwig,care_strategy_router,29240,88.8276,88.8276,11.1724,0,heldout,llm_direct_prior_counter_source_acid_halide_reversal_noprior
real_buchwald_hartwig,gp_ucb,29240,88.8276,88.8276,11.1724,0,heldout,
real_buchwald_hartwig,llambo_warmstart_counter_source_acid_halide_reversal_noprior,29240,94.6911,93.8962,5.3089,0,heldout,
real_buchwald_hartwig,llambo_warmstart_selector,29240,94.6911,93.8962,5.3089,0,heldout,llambo_warmstart_counter_source_acid_halide_reversal_noprior
real_buchwald_hartwig,llm_calibrated_selector,29240,88.8276,88.8276,11.1724,0,heldout,llm_semantic_counter_source_acid_halide_reversal_noprior
real_buchwald_hartwig,llm_direct_prior_counter_source_acid_halide_reversal_noprior,29240,88.8276,88.8276,11.1724,0,heldout,
real_buchwald_hartwig,llm_direct_prior_selector,29240,88.8276,88.8276,11.1724,0,heldout,llm_direct_prior_counter_source_acid_halide_reversal_noprior
real_buchwald_hartwig,llm_semantic_counter_source_acid_halide_reversal_noprior,29240,88.8276,88.8276,11.1724,0,heldout,
real_buchwald_hartwig,mixed_kernel_gp_ei,29240,89.4195,89.3011,10.5805,0,heldout,
real_buchwald_hartwig,target_acquisition_portfolio,29240,88.8276,88.8276,11.1724,0,heldout,
real_buchwald_hartwig,care_strategy_router,29241,100.0,96.0272,0.0,1,heldout,llm_direct_prior_counter_source_acid_halide_reversal_noprior
real_buchwald_hartwig,gp_ucb,29241,95.3865,94.4693,4.6135,0,heldout,
real_buchwald_hartwig,llambo_warmstart_counter_source_acid_halide_reversal_noprior,29241,98.7313,91.3132,1.2687,1,heldout,
real_buchwald_hartwig,llambo_warmstart_selector,29241,98.7313,91.3132,1.2687,1,heldout,llambo_warmstart_counter_source_acid_halide_reversal_noprior
real_buchwald_hartwig,llm_calibrated_selector,29241,86.4971,86.3561,13.5029,0,heldout,llm_semantic_counter_source_acid_halide_reversal_noprior
real_buchwald_hartwig,llm_direct_prior_counter_source_acid_halide_reversal_noprior,29241,100.0,96.0272,0.0,1,heldout,
real_buchwald_hartwig,llm_direct_prior_selector,29241,100.0,96.0272,0.0,1,heldout,llm_direct_prior_counter_source_acid_halide_reversal_noprior
real_buchwald_hartwig,llm_semantic_counter_source_acid_halide_reversal_noprior,29241,86.4971,86.3561,13.5029,0,heldout,
real_buchwald_hartwig,mixed_kernel_gp_ei,29241,95.6759,94.4983,4.3241,0,heldout,
real_buchwald_hartwig,target_acquisition_portfolio,29241,99.0345,94.8341,0.9655,1,heldout,
real_buchwald_hartwig,care_strategy_router,29242,88.5139,84.6116,11.4861,0,heldout,llm_direct_prior_counter_source_acid_halide_reversal_noprior
real_buchwald_hartwig,gp_ucb,29242,91.5286,87.1182,8.4714,0,heldout,
real_buchwald_hartwig,llambo_warmstart_counter_source_acid_halide_reversal_noprior,29242,94.2969,92.6428,5.7031,0,heldout,
real_buchwald_hartwig,llambo_warmstart_selector,29242,94.2969,92.6428,5.7031,0,heldout,llambo_warmstart_counter_source_acid_halide_reversal_noprior
real_buchwald_hartwig,llm_calibrated_selector,29242,93.5641,93.5641,6.4359,0,heldout,llm_semantic_counter_source_acid_halide_reversal_noprior
real_buchwald_hartwig,llm_direct_prior_counter_source_acid_halide_reversal_noprior,29242,88.5139,84.6116,11.4861,0,heldout,
real_buchwald_hartwig,llm_direct_prior_selector,29242,88.5139,84.6116,11.4861,0,heldout,llm_direct_prior_counter_source_acid_halide_reversal_noprior
real_buchwald_hartwig,llm_semantic_counter_source_acid_halide_reversal_noprior,29242,93.5641,93.5641,6.4359,0,heldout,
real_buchwald_hartwig,mixed_kernel_gp_ei,29242,91.5286,87.1182,8.4714,0,heldout,
real_buchwald_hartwig,target_acquisition_portfolio,29242,91.0563,88.305,8.9437,0,heldout,
real_buchwald_hartwig,care_strategy_router,29243,93.4211,91.7333,6.5789,0,heldout,llm_direct_prior_counter_source_acid_halide_reversal_noprior
real_buchwald_hartwig,gp_ucb,29243,86.1982,84.3815,13.8018,0,heldout,
real_buchwald_hartwig,llambo_warmstart_counter_source_acid_halide_reversal_noprior,29243,95.5552,94.2264,4.4448,0,heldout,
real_buchwald_hartwig,llambo_warmstart_selector,29243,95.5552,94.2264,4.4448,0,heldout,llambo_warmstart_counter_source_acid_halide_reversal_noprior
real_buchwald_hartwig,llm_calibrated_selector,29243,83.8254,83.2259,16.1746,0,heldout,llm_semantic_counter_source_acid_halide_reversal_noprior
real_buchwald_hartwig,llm_direct_prior_counter_source_acid_halide_reversal_noprior,29243,93.4211,91.7333,6.5789,0,heldout,
real_buchwald_hartwig,llm_direct_prior_selector,29243,93.4211,91.7333,6.5789,0,heldout,llm_direct_prior_counter_source_acid_halide_reversal_noprior
real_buchwald_hartwig,llm_semantic_counter_source_acid_halide_reversal_noprior,29243,83.8254,83.2259,16.1746,0,heldout,
real_buchwald_hartwig,mixed_kernel_gp_ei,29243,88.4043,84.4756,11.5957,0,heldout,
real_buchwald_hartwig,target_acquisition_portfolio,29243,88.4043,84.4756,11.5957,0,heldout,
real_buchwald_hartwig,care_strategy_router,29244,97.5685,96.2799,2.4315,1,heldout,llm_direct_prior_counter_source_acid_halide_reversal_noprior
real_buchwald_hartwig,gp_ucb,29244,100.0,95.3109,0.0,1,heldout,
real_buchwald_hartwig,llambo_warmstart_counter_source_acid_halide_reversal_noprior,29244,95.129,91.4295,4.871,0,heldout,
real_buchwald_hartwig,llambo_warmstart_selector,29244,95.129,91.4295,4.871,0,heldout,llambo_warmstart_counter_source_acid_halide_reversal_noprior
real_buchwald_hartwig,llm_calibrated_selector,29244,83.7372,79.9203,16.2628,0,heldout,llm_semantic_counter_source_acid_halide_reversal_noprior
real_buchwald_hartwig,llm_direct_prior_counter_source_acid_halide_reversal_noprior,29244,97.5685,96.2799,2.4315,1,heldout,
real_buchwald_hartwig,llm_direct_prior_selector,29244,97.5685,96.2799,2.4315,1,heldout,llm_direct_prior_counter_source_acid_halide_reversal_noprior
real_buchwald_hartwig,llm_semantic_counter_source_acid_halide_reversal_noprior,29244,83.7372,79.9203,16.2628,0,heldout,
real_buchwald_hartwig,mixed_kernel_gp_ei,29244,95.3865,93.8993,4.6135,0,heldout,
real_buchwald_hartwig,target_acquisition_portfolio,29244,100.0,95.3109,0.0,1,heldout,
real_buchwald_hartwig,care_strategy_router,29245,83.0547,83.0547,16.9453,0,heldout,llm_direct_prior_counter_source_acid_halide_reversal_noprior
real_buchwald_hartwig,gp_ucb,29245,95.7526,86.1251,4.2474,0,heldout,
real_buchwald_hartwig,llambo_warmstart_counter_source_acid_halide_reversal_noprior,29245,75.2915,56.6731,24.7085,0,heldout,
real_buchwald_hartwig,llambo_warmstart_selector,29245,75.2915,56.6731,24.7085,0,heldout,llambo_warmstart_counter_source_acid_halide_reversal_noprior
real_buchwald_hartwig,llm_calibrated_selector,29245,87.9408,86.475,12.0592,0,heldout,llm_semantic_counter_source_acid_halide_reversal_noprior
real_buchwald_hartwig,llm_direct_prior_counter_source_acid_halide_reversal_noprior,29245,83.0547,83.0547,16.9453,0,heldout,
real_buchwald_hartwig,llm_direct_prior_selector,29245,83.0547,83.0547,16.9453,0,heldout,llm_direct_prior_counter_source_acid_halide_reversal_noprior
real_buchwald_hartwig,llm_semantic_counter_source_acid_halide_reversal_noprior,29245,87.9408,86.475,12.0592,0,heldout,
real_buchwald_hartwig,mixed_kernel_gp_ei,29245,85.8947,85.3267,14.1053,0,heldout,
real_buchwald_hartwig,target_acquisition_portfolio,29245,95.7526,86.1251,4.2474,0,heldout,
real_buchwald_hartwig,care_strategy_router,29246,88.5139,74.0443,11.4861,0,heldout,llm_direct_prior_counter_source_acid_halide_reversal_noprior
real_buchwald_hartwig,gp_ucb,29246,93.5878,78.2319,6.4122,0,heldout,
real_buchwald_hartwig,llambo_warmstart_counter_source_acid_halide_reversal_noprior,29246,91.6984,71.5453,8.3016,0,heldout,
real_buchwald_hartwig,llambo_warmstart_selector,29246,91.6984,71.5453,8.3016,0,heldout,llambo_warmstart_counter_source_acid_halide_reversal_noprior
real_buchwald_hartwig,llm_calibrated_selector,29246,93.0289,75.0711,6.9711,0,heldout,llm_semantic_counter_source_acid_halide_reversal_noprior
real_buchwald_hartwig,llm_direct_prior_counter_source_acid_halide_reversal_noprior,29246,88.5139,74.0443,11.4861,0,heldout,
real_buchwald_hartwig,llm_direct_prior_selector,29246,88.5139,74.0443,11.4861,0,heldout,llm_direct_prior_counter_source_acid_halide_reversal_noprior
real_buchwald_hartwig,llm_semantic_counter_source_acid_halide_reversal_noprior,29246,93.0289,75.0711,6.9711,0,heldout,
real_buchwald_hartwig,mixed_kernel_gp_ei,29246,93.5878,78.2319,6.4122,0,heldout,
real_buchwald_hartwig,target_acquisition_portfolio,29246,93.5878,78.2319,6.4122,0,heldout,
real_buchwald_hartwig,care_strategy_router,29247,100.0,90.0545,0.0,1,heldout,llm_direct_prior_counter_source_acid_halide_reversal_noprior
real_buchwald_hartwig,gp_ucb,29247,81.4779,80.8043,18.5221,0,heldout,
real_buchwald_hartwig,llambo_warmstart_counter_source_acid_halide_reversal_noprior,29247,85.1402,84.4049,14.8598,0,heldout,
real_buchwald_hartwig,llambo_warmstart_selector,29247,85.1402,84.4049,14.8598,0,heldout,llambo_warmstart_counter_source_acid_halide_reversal_noprior
real_buchwald_hartwig,llm_calibrated_selector,29247,85.6592,82.2629,14.3408,0,heldout,llm_semantic_counter_source_acid_halide_reversal_noprior
real_buchwald_hartwig,llm_direct_prior_counter_source_acid_halide_reversal_noprior,29247,100.0,90.0545,0.0,1,heldout,
real_buchwald_hartwig,llm_direct_prior_selector,29247,100.0,90.0545,0.0,1,heldout,llm_direct_prior_counter_source_acid_halide_reversal_noprior
real_buchwald_hartwig,llm_semantic_counter_source_acid_halide_reversal_noprior,29247,85.6592,82.2629,14.3408,0,heldout,
real_buchwald_hartwig,mixed_kernel_gp_ei,29247,81.4779,79.3821,18.5221,0,heldout,
real_buchwald_hartwig,target_acquisition_portfolio,29247,79.0611,78.966,20.9389,0,heldout,
real_buchwald_hartwig,care_strategy_router,29248,93.4211,90.22,6.5789,0,heldout,llm_direct_prior_counter_source_acid_halide_reversal_noprior
real_buchwald_hartwig,gp_ucb,29248,89.4671,69.9486,10.5329,0,heldout,
real_buchwald_hartwig,llambo_warmstart_counter_source_acid_halide_reversal_noprior,29248,95.7526,85.9354,4.2474,0,heldout,
real_buchwald_hartwig,llambo_warmstart_selector,29248,95.7526,85.9354,4.2474,0,heldout,llambo_warmstart_counter_source_acid_halide_reversal_noprior
real_buchwald_hartwig,llm_calibrated_selector,29248,68.4421,64.6993,31.5579,0,heldout,llm_semantic_counter_source_acid_halide_reversal_noprior
real_buchwald_hartwig,llm_direct_prior_counter_source_acid_halide_reversal_noprior,29248,93.4211,90.22,6.5789,0,heldout,
real_buchwald_hartwig,llm_direct_prior_selector,29248,93.4211,90.22,6.5789,0,heldout,llm_direct_prior_counter_source_acid_halide_reversal_noprior
real_buchwald_hartwig,llm_semantic_counter_source_acid_halide_reversal_noprior,29248,68.4421,64.6993,31.5579,0,heldout,
real_buchwald_hartwig,mixed_kernel_gp_ei,29248,92.3538,70.7002,7.6462,0,heldout,
real_buchwald_hartwig,target_acquisition_portfolio,29248,77.8299,58.4006,22.1701,0,heldout,
real_buchwald_hartwig,care_strategy_router,29249,100.0,87.0957,0.0,1,heldout,llm_direct_prior_counter_source_acid_halide_reversal_noprior
real_buchwald_hartwig,gp_ucb,29249,82.3289,81.2161,17.6711,0,heldout,
real_buchwald_hartwig,llambo_warmstart_counter_source_acid_halide_reversal_noprior,29249,77.7868,77.7868,22.2132,0,heldout,
real_buchwald_hartwig,llambo_warmstart_selector,29249,77.7868,77.7868,22.2132,0,heldout,llambo_warmstart_counter_source_acid_halide_reversal_noprior
real_buchwald_hartwig,llm_calibrated_selector,29249,100.0,84.687,0.0,1,heldout,llm_semantic_counter_source_acid_halide_reversal_noprior
real_buchwald_hartwig,llm_direct_prior_counter_source_acid_halide_reversal_noprior,29249,100.0,87.0957,0.0,1,heldout,
real_buchwald_hartwig,llm_direct_prior_selector,29249,100.0,87.0957,0.0,1,heldout,llm_direct_prior_counter_source_acid_halide_reversal_noprior
real_buchwald_hartwig,llm_semantic_counter_source_acid_halide_reversal_noprior,29249,100.0,84.687,0.0,1,heldout,
real_buchwald_hartwig,mixed_kernel_gp_ei,29249,97.5685,89.4832,2.4315,1,heldout,
real_buchwald_hartwig,target_acquisition_portfolio,29249,80.711,79.7566,19.289,0,heldout,
real_buchwald_hartwig,care_strategy_router,29250,100.0,84.968,0.0,1,heldout,llm_direct_prior_counter_source_acid_halide_reversal_noprior
real_buchwald_hartwig,gp_ucb,29250,94.1485,81.0474,5.8515,0,heldout,
real_buchwald_hartwig,llambo_warmstart_counter_source_acid_halide_reversal_noprior,29250,98.7313,96.6666,1.2687,1,heldout,
real_buchwald_hartwig,llambo_warmstart_selector,29250,98.7313,96.6666,1.2687,1,heldout,llambo_warmstart_counter_source_acid_halide_reversal_noprior
real_buchwald_hartwig,llm_calibrated_selector,29250,97.5685,76.1089,2.4315,1,heldout,llm_semantic_counter_source_acid_halide_reversal_noprior
real_buchwald_hartwig,llm_direct_prior_counter_source_acid_halide_reversal_noprior,29250,100.0,84.968,0.0,1,heldout,
real_buchwald_hartwig,llm_direct_prior_selector,29250,100.0,84.968,0.0,1,heldout,llm_direct_prior_counter_source_acid_halide_reversal_noprior
real_buchwald_hartwig,llm_semantic_counter_source_acid_halide_reversal_noprior,29250,97.5685,76.1089,2.4315,1,heldout,
real_buchwald_hartwig,mixed_kernel_gp_ei,29250,94.1485,81.0474,5.8515,0,heldout,
real_buchwald_hartwig,target_acquisition_portfolio,29250,94.1485,81.0474,5.8515,0,heldout,
real_buchwald_hartwig,care_strategy_router,29251,93.0995,92.4591,6.9005,0,heldout,llm_direct_prior_counter_source_acid_halide_reversal_noprior
real_buchwald_hartwig,gp_ucb,29251,97.2929,91.757,2.7071,0,heldout,
real_buchwald_hartwig,llambo_warmstart_counter_source_acid_halide_reversal_noprior,29251,93.7486,93.5436,6.2514,0,heldout,
real_buchwald_hartwig,llambo_warmstart_selector,29251,93.7486,93.5436,6.2514,0,heldout,llambo_warmstart_counter_source_acid_halide_reversal_noprior
real_buchwald_hartwig,llm_calibrated_selector,29251,94.2969,90.7775,5.7031,0,heldout,llm_semantic_counter_source_acid_halide_reversal_noprior
real_buchwald_hartwig,llm_direct_prior_counter_source_acid_halide_reversal_noprior,29251,93.0995,92.4591,6.9005,0,heldout,
real_buchwald_hartwig,llm_direct_prior_selector,29251,93.0995,92.4591,6.9005,0,heldout,llm_direct_prior_counter_source_acid_halide_reversal_noprior
real_buchwald_hartwig,llm_semantic_counter_source_acid_halide_reversal_noprior,29251,94.2969,90.7775,5.7031,0,heldout,
real_buchwald_hartwig,mixed_kernel_gp_ei,29251,97.2929,92.3345,2.7071,0,heldout,
real_buchwald_hartwig,target_acquisition_portfolio,29251,95.5552,92.1607,4.4448,0,heldout,
real_buchwald_hartwig,care_strategy_router,29252,98.7313,94.3044,1.2687,1,heldout,llm_direct_prior_counter_source_acid_halide_reversal_noprior
real_buchwald_hartwig,gp_ucb,29252,98.7313,96.9773,1.2687,1,heldout,
real_buchwald_hartwig,llambo_warmstart_counter_source_acid_halide_reversal_noprior,29252,100.0,84.3866,0.0,1,heldout,
real_buchwald_hartwig,llambo_warmstart_selector,29252,100.0,84.3866,0.0,1,heldout,llambo_warmstart_counter_source_acid_halide_reversal_noprior
real_buchwald_hartwig,llm_calibrated_selector,29252,93.3108,92.9938,6.6892,0,heldout,llm_semantic_counter_source_acid_halide_reversal_noprior
real_buchwald_hartwig,llm_direct_prior_counter_source_acid_halide_reversal_noprior,29252,98.7313,94.3044,1.2687,1,heldout,
real_buchwald_hartwig,llm_direct_prior_selector,29252,98.7313,94.3044,1.2687,1,heldout,llm_direct_prior_counter_source_acid_halide_reversal_noprior
real_buchwald_hartwig,llm_semantic_counter_source_acid_halide_reversal_noprior,29252,93.3108,92.9938,6.6892,0,heldout,
real_buchwald_hartwig,mixed_kernel_gp_ei,29252,98.7313,95.061,1.2687,1,heldout,
real_buchwald_hartwig,target_acquisition_portfolio,29252,98.7313,96.9773,1.2687,1,heldout,
real_buchwald_hartwig,care_strategy_router,29253,98.2872,91.5647,1.7128,1,heldout,llm_direct_prior_counter_source_acid_halide_reversal_noprior
real_buchwald_hartwig,gp_ucb,29253,86.0034,86.0034,13.9966,0,heldout,
real_buchwald_hartwig,llambo_warmstart_counter_source_acid_halide_reversal_noprior,29253,85.4018,84.1917,14.5982,0,heldout,
real_buchwald_hartwig,llambo_warmstart_selector,29253,85.4018,84.1917,14.5982,0,heldout,llambo_warmstart_counter_source_acid_halide_reversal_noprior
real_buchwald_hartwig,llm_calibrated_selector,29253,86.0034,86.0034,13.9966,0,heldout,llm_semantic_counter_source_acid_halide_reversal_noprior
real_buchwald_hartwig,llm_direct_prior_counter_source_acid_halide_reversal_noprior,29253,98.2872,91.5647,1.7128,1,heldout,
real_buchwald_hartwig,llm_direct_prior_selector,29253,98.2872,91.5647,1.7128,1,heldout,llm_direct_prior_counter_source_acid_halide_reversal_noprior
real_buchwald_hartwig,llm_semantic_counter_source_acid_halide_reversal_noprior,29253,86.0034,86.0034,13.9966,0,heldout,
real_buchwald_hartwig,mixed_kernel_gp_ei,29253,98.2872,89.6885,1.7128,1,heldout,
real_buchwald_hartwig,target_acquisition_portfolio,29253,86.0034,86.0034,13.9966,0,heldout,
real_buchwald_hartwig,care_strategy_router,29254,86.4129,86.4129,13.5871,0,heldout,llm_direct_prior_counter_source_acid_halide_reversal_noprior
real_buchwald_hartwig,gp_ucb,29254,86.4129,86.4129,13.5871,0,heldout,
real_buchwald_hartwig,llambo_warmstart_counter_source_acid_halide_reversal_noprior,29254,97.5685,93.4418,2.4315,1,heldout,
real_buchwald_hartwig,llambo_warmstart_selector,29254,97.5685,93.4418,2.4315,1,heldout,llambo_warmstart_counter_source_acid_halide_reversal_noprior
real_buchwald_hartwig,llm_calibrated_selector,29254,93.8745,87.1591,6.1255,0,heldout,llm_semantic_counter_source_acid_halide_reversal_noprior
real_buchwald_hartwig,llm_direct_prior_counter_source_acid_halide_reversal_noprior,29254,86.4129,86.4129,13.5871,0,heldout,
real_buchwald_hartwig,llm_direct_prior_selector,29254,86.4129,86.4129,13.5871,0,heldout,llm_direct_prior_counter_source_acid_halide_reversal_noprior
real_buchwald_hartwig,llm_semantic_counter_source_acid_halide_reversal_noprior,29254,93.8745,87.1591,6.1255,0,heldout,
real_buchwald_hartwig,mixed_kernel_gp_ei,29254,87.5542,86.527,12.4458,0,heldout,
real_buchwald_hartwig,target_acquisition_portfolio,29254,86.4129,86.4129,13.5871,0,heldout,
real_buchwald_hartwig,care_strategy_router,29255,88.5139,85.4031,11.4861,0,heldout,llm_direct_prior_counter_source_acid_halide_reversal_noprior
real_buchwald_hartwig,gp_ucb,29255,91.1391,86.9806,8.8609,0,heldout,
real_buchwald_hartwig,llambo_warmstart_counter_source_acid_halide_reversal_noprior,29255,94.501,94.501,5.499,0,heldout,
real_buchwald_hartwig,llambo_warmstart_selector,29255,94.501,94.501,5.499,0,heldout,llambo_warmstart_counter_source_acid_halide_reversal_noprior
real_buchwald_hartwig,llm_calibrated_selector,29255,94.1517,82.498,5.8483,0,heldout,llm_semantic_counter_source_acid_halide_reversal_noprior
real_buchwald_hartwig,llm_direct_prior_counter_source_acid_halide_reversal_noprior,29255,88.5139,85.4031,11.4861,0,heldout,
real_buchwald_hartwig,llm_direct_prior_selector,29255,88.5139,85.4031,11.4861,0,heldout,llm_direct_prior_counter_source_acid_halide_reversal_noprior
real_buchwald_hartwig,llm_semantic_counter_source_acid_halide_reversal_noprior,29255,94.1517,82.498,5.8483,0,heldout,
real_buchwald_hartwig,mixed_kernel_gp_ei,29255,98.8492,91.7737,1.1508,1,heldout,
real_buchwald_hartwig,target_acquisition_portfolio,29255,98.8492,91.7737,1.1508,1,heldout,
real_buchwald_hartwig,care_strategy_router,29256,93.0995,88.6922,6.9005,0,heldout,llm_direct_prior_counter_source_acid_halide_reversal_noprior
real_buchwald_hartwig,gp_ucb,29256,86.1051,82.9575,13.8949,0,heldout,
real_buchwald_hartwig,llambo_warmstart_counter_source_acid_halide_reversal_noprior,29256,86.0034,79.9526,13.9966,0,heldout,
real_buchwald_hartwig,llambo_warmstart_selector,29256,86.0034,79.9526,13.9966,0,heldout,llambo_warmstart_counter_source_acid_halide_reversal_noprior
real_buchwald_hartwig,llm_calibrated_selector,29256,81.6085,81.6085,18.3915,0,heldout,llm_semantic_counter_source_acid_halide_reversal_noprior
real_buchwald_hartwig,llm_direct_prior_counter_source_acid_halide_reversal_noprior,29256,93.0995,88.6922,6.9005,0,heldout,
real_buchwald_hartwig,llm_direct_prior_selector,29256,93.0995,88.6922,6.9005,0,heldout,llm_direct_prior_counter_source_acid_halide_reversal_noprior
real_buchwald_hartwig,llm_semantic_counter_source_acid_halide_reversal_noprior,29256,81.6085,81.6085,18.3915,0,heldout,
real_buchwald_hartwig,mixed_kernel_gp_ei,29256,86.1051,82.9575,13.8949,0,heldout,
real_buchwald_hartwig,target_acquisition_portfolio,29256,86.1051,82.5078,13.8949,0,heldout,
real_buchwald_hartwig,care_strategy_router,29257,97.5685,89.9854,2.4315,1,heldout,llm_direct_prior_counter_source_acid_halide_reversal_noprior
real_buchwald_hartwig,gp_ucb,29257,86.4971,86.059,13.5029,0,heldout,
real_buchwald_hartwig,llambo_warmstart_counter_source_acid_halide_reversal_noprior,29257,96.1323,92.6218,3.8677,0,heldout,
real_buchwald_hartwig,llambo_warmstart_selector,29257,96.1323,92.6218,3.8677,0,heldout,llambo_warmstart_counter_source_acid_halide_reversal_noprior
real_buchwald_hartwig,llm_calibrated_selector,29257,93.0289,88.4526,6.9711,0,heldout,llm_semantic_counter_source_acid_halide_reversal_noprior
real_buchwald_hartwig,llm_direct_prior_counter_source_acid_halide_reversal_noprior,29257,97.5685,89.9854,2.4315,1,heldout,
real_buchwald_hartwig,llm_direct_prior_selector,29257,97.5685,89.9854,2.4315,1,heldout,llm_direct_prior_counter_source_acid_halide_reversal_noprior
real_buchwald_hartwig,llm_semantic_counter_source_acid_halide_reversal_noprior,29257,93.0289,88.4526,6.9711,0,heldout,
real_buchwald_hartwig,mixed_kernel_gp_ei,29257,86.4971,86.059,13.5029,0,heldout,
real_buchwald_hartwig,target_acquisition_portfolio,29257,86.4971,86.059,13.5029,0,heldout,
real_buchwald_hartwig,care_strategy_router,29258,88.5139,87.5419,11.4861,0,heldout,llm_direct_prior_counter_source_acid_halide_reversal_noprior
real_buchwald_hartwig,gp_ucb,29258,89.6142,89.5796,10.3858,0,heldout,
real_buchwald_hartwig,llambo_warmstart_counter_source_acid_halide_reversal_noprior,29258,92.2093,88.1915,7.7907,0,heldout,
real_buchwald_hartwig,llambo_warmstart_selector,29258,92.2093,88.1915,7.7907,0,heldout,llambo_warmstart_counter_source_acid_halide_reversal_noprior
real_buchwald_hartwig,llm_calibrated_selector,29258,89.6142,85.6751,10.3858,0,heldout,llm_semantic_counter_source_acid_halide_reversal_noprior
real_buchwald_hartwig,llm_direct_prior_counter_source_acid_halide_reversal_noprior,29258,88.5139,87.5419,11.4861,0,heldout,
real_buchwald_hartwig,llm_direct_prior_selector,29258,88.5139,87.5419,11.4861,0,heldout,llm_direct_prior_counter_source_acid_halide_reversal_noprior
real_buchwald_hartwig,llm_semantic_counter_source_acid_halide_reversal_noprior,29258,89.6142,85.6751,10.3858,0,heldout,
real_buchwald_hartwig,mixed_kernel_gp_ei,29258,96.1323,90.8832,3.8677,0,heldout,
real_buchwald_hartwig,target_acquisition_portfolio,29258,96.1323,91.535,3.8677,0,heldout,
real_buchwald_hartwig,care_strategy_router,29259,100.0,93.6567,0.0,1,heldout,llm_direct_prior_counter_source_acid_halide_reversal_noprior
real_buchwald_hartwig,gp_ucb,29259,91.3733,89.5685,8.6267,0,heldout,
real_buchwald_hartwig,llambo_warmstart_counter_source_acid_halide_reversal_noprior,29259,92.2093,92.056,7.7907,0,heldout,
real_buchwald_hartwig,llambo_warmstart_selector,29259,92.2093,92.056,7.7907,0,heldout,llambo_warmstart_counter_source_acid_halide_reversal_noprior
real_buchwald_hartwig,llm_calibrated_selector,29259,82.3494,82.3494,17.6506,0,heldout,llm_semantic_counter_source_acid_halide_reversal_noprior
real_buchwald_hartwig,llm_direct_prior_counter_source_acid_halide_reversal_noprior,29259,100.0,93.6567,0.0,1,heldout,
real_buchwald_hartwig,llm_direct_prior_selector,29259,100.0,93.6567,0.0,1,heldout,llm_direct_prior_counter_source_acid_halide_reversal_noprior
real_buchwald_hartwig,llm_semantic_counter_source_acid_halide_reversal_noprior,29259,82.3494,82.3494,17.6506,0,heldout,
real_buchwald_hartwig,mixed_kernel_gp_ei,29259,91.3733,89.5685,8.6267,0,heldout,
real_buchwald_hartwig,target_acquisition_portfolio,29259,91.3733,89.5685,8.6267,0,heldout,
real_buchwald_hartwig,care_strategy_router,29260,97.5685,84.0637,2.4315,1,heldout,llm_direct_prior_counter_source_acid_halide_reversal_noprior
real_buchwald_hartwig,gp_ucb,29260,89.8977,85.2038,10.1023,0,heldout,
real_buchwald_hartwig,llambo_warmstart_counter_source_acid_halide_reversal_noprior,29260,98.8492,96.404,1.1508,1,heldout,
real_buchwald_hartwig,llambo_warmstart_selector,29260,98.8492,96.404,1.1508,1,heldout,llambo_warmstart_counter_source_acid_halide_reversal_noprior
real_buchwald_hartwig,llm_calibrated_selector,29260,66.4828,66.4445,33.5172,0,heldout,llm_semantic_counter_source_acid_halide_reversal_noprior
real_buchwald_hartwig,llm_direct_prior_counter_source_acid_halide_reversal_noprior,29260,97.5685,84.0637,2.4315,1,heldout,
real_buchwald_hartwig,llm_direct_prior_selector,29260,97.5685,84.0637,2.4315,1,heldout,llm_direct_prior_counter_source_acid_halide_reversal_noprior
real_buchwald_hartwig,llm_semantic_counter_source_acid_halide_reversal_noprior,29260,66.4828,66.4445,33.5172,0,heldout,
real_buchwald_hartwig,mixed_kernel_gp_ei,29260,88.3083,80.6981,11.6917,0,heldout,
real_buchwald_hartwig,target_acquisition_portfolio,29260,89.8977,85.2038,10.1023,0,heldout,
real_buchwald_hartwig,care_strategy_router,29261,98.7313,90.6599,1.2687,1,heldout,llm_direct_prior_counter_source_acid_halide_reversal_noprior
real_buchwald_hartwig,gp_ucb,29261,88.1675,82.8141,11.8325,0,heldout,
real_buchwald_hartwig,llambo_warmstart_counter_source_acid_halide_reversal_noprior,29261,98.1771,88.1174,1.8229,1,heldout,
real_buchwald_hartwig,llambo_warmstart_selector,29261,98.1771,88.1174,1.8229,1,heldout,llambo_warmstart_counter_source_acid_halide_reversal_noprior
real_buchwald_hartwig,llm_calibrated_selector,29261,93.0289,64.9008,6.9711,0,heldout,llm_semantic_counter_source_acid_halide_reversal_noprior
real_buchwald_hartwig,llm_direct_prior_counter_source_acid_halide_reversal_noprior,29261,98.7313,90.6599,1.2687,1,heldout,
real_buchwald_hartwig,llm_direct_prior_selector,29261,98.7313,90.6599,1.2687,1,heldout,llm_direct_prior_counter_source_acid_halide_reversal_noprior
real_buchwald_hartwig,llm_semantic_counter_source_acid_halide_reversal_noprior,29261,93.0289,64.9008,6.9711,0,heldout,
real_buchwald_hartwig,mixed_kernel_gp_ei,29261,90.7313,81.7358,9.2687,0,heldout,
real_buchwald_hartwig,target_acquisition_portfolio,29261,88.1675,79.719,11.8325,0,heldout,
real_buchwald_hartwig,care_strategy_router,29262,94.6911,90.9434,5.3089,0,heldout,llm_direct_prior_counter_source_acid_halide_reversal_noprior
real_buchwald_hartwig,gp_ucb,29262,93.3108,92.229,6.6892,0,heldout,
real_buchwald_hartwig,llambo_warmstart_counter_source_acid_halide_reversal_noprior,29262,91.1391,86.136,8.8609,0,heldout,
real_buchwald_hartwig,llambo_warmstart_selector,29262,91.1391,86.136,8.8609,0,heldout,llambo_warmstart_counter_source_acid_halide_reversal_noprior
real_buchwald_hartwig,llm_calibrated_selector,29262,98.2872,76.4089,1.7128,1,heldout,llm_semantic_counter_source_acid_halide_reversal_noprior
real_buchwald_hartwig,llm_direct_prior_counter_source_acid_halide_reversal_noprior,29262,94.6911,90.9434,5.3089,0,heldout,
real_buchwald_hartwig,llm_direct_prior_selector,29262,94.6911,90.9434,5.3089,0,heldout,llm_direct_prior_counter_source_acid_halide_reversal_noprior
real_buchwald_hartwig,llm_semantic_counter_source_acid_halide_reversal_noprior,29262,98.2872,76.4089,1.7128,1,heldout,
real_buchwald_hartwig,mixed_kernel_gp_ei,29262,93.3108,92.229,6.6892,0,heldout,
real_buchwald_hartwig,target_acquisition_portfolio,29262,93.3108,92.229,6.6892,0,heldout,
real_buchwald_hartwig,care_strategy_router,29263,93.4211,93.4211,6.5789,0,heldout,llm_direct_prior_counter_source_acid_halide_reversal_noprior
real_buchwald_hartwig,gp_ucb,29263,98.2872,92.7714,1.7128,1,heldout,
real_buchwald_hartwig,llambo_warmstart_counter_source_acid_halide_reversal_noprior,29263,98.1771,98.1542,1.8229,1,heldout,
real_buchwald_hartwig,llambo_warmstart_selector,29263,98.1771,98.1542,1.8229,1,heldout,llambo_warmstart_counter_source_acid_halide_reversal_noprior
real_buchwald_hartwig,llm_calibrated_selector,29263,98.2872,87.9358,1.7128,1,heldout,llm_semantic_counter_source_acid_halide_reversal_noprior
real_buchwald_hartwig,llm_direct_prior_counter_source_acid_halide_reversal_noprior,29263,93.4211,93.4211,6.5789,0,heldout,
real_buchwald_hartwig,llm_direct_prior_selector,29263,93.4211,93.4211,6.5789,0,heldout,llm_direct_prior_counter_source_acid_halide_reversal_noprior
real_buchwald_hartwig,llm_semantic_counter_source_acid_halide_reversal_noprior,29263,98.2872,87.9358,1.7128,1,heldout,
real_buchwald_hartwig,mixed_kernel_gp_ei,29263,98.2872,92.7714,1.7128,1,heldout,
real_buchwald_hartwig,target_acquisition_portfolio,29263,94.5498,91.8552,5.4502,0,heldout,
real_buchwald_hartwig,care_strategy_router,29264,100.0,93.6136,0.0,1,heldout,llm_direct_prior_counter_source_acid_halide_reversal_noprior
real_buchwald_hartwig,gp_ucb,29264,100.0,97.8903,0.0,1,heldout,
real_buchwald_hartwig,llambo_warmstart_counter_source_acid_halide_reversal_noprior,29264,89.6142,81.7862,10.3858,0,heldout,
real_buchwald_hartwig,llambo_warmstart_selector,29264,89.6142,81.7862,10.3858,0,heldout,llambo_warmstart_counter_source_acid_halide_reversal_noprior
real_buchwald_hartwig,llm_calibrated_selector,29264,92.904,92.904,7.096,0,heldout,llm_semantic_counter_source_acid_halide_reversal_noprior
real_buchwald_hartwig,llm_direct_prior_counter_source_acid_halide_reversal_noprior,29264,100.0,93.6136,0.0,1,heldout,
real_buchwald_hartwig,llm_direct_prior_selector,29264,100.0,93.6136,0.0,1,heldout,llm_direct_prior_counter_source_acid_halide_reversal_noprior
real_buchwald_hartwig,llm_semantic_counter_source_acid_halide_reversal_noprior,29264,92.904,92.904,7.096,0,heldout,
real_buchwald_hartwig,mixed_kernel_gp_ei,29264,98.8492,97.6602,1.1508,1,heldout,
real_buchwald_hartwig,target_acquisition_portfolio,29264,98.8492,97.6602,1.1508,1,heldout,
real_buchwald_hartwig,care_strategy_router,29265,95.129,93.2084,4.871,0,heldout,llm_direct_prior_counter_source_acid_halide_reversal_noprior
real_buchwald_hartwig,gp_ucb,29265,95.129,95.129,4.871,0,heldout,
real_buchwald_hartwig,llambo_warmstart_counter_source_acid_halide_reversal_noprior,29265,93.5878,90.2438,6.4122,0,heldout,
real_buchwald_hartwig,llambo_warmstart_selector,29265,93.5878,90.2438,6.4122,0,heldout,llambo_warmstart_counter_source_acid_halide_reversal_noprior
real_buchwald_hartwig,llm_calibrated_selector,29265,93.4211,93.4211,6.5789,0,heldout,llm_semantic_counter_source_acid_halide_reversal_noprior
real_buchwald_hartwig,llm_direct_prior_counter_source_acid_halide_reversal_noprior,29265,95.129,93.2084,4.871,0,heldout,
real_buchwald_hartwig,llm_direct_prior_selector,29265,95.129,93.2084,4.871,0,heldout,llm_direct_prior_counter_source_acid_halide_reversal_noprior
real_buchwald_hartwig,llm_semantic_counter_source_acid_halide_reversal_noprior,29265,93.4211,93.4211,6.5789,0,heldout,
real_buchwald_hartwig,mixed_kernel_gp_ei,29265,95.129,95.129,4.871,0,heldout,
real_buchwald_hartwig,target_acquisition_portfolio,29265,95.129,95.129,4.871,0,heldout,
real_buchwald_hartwig,care_strategy_router,29266,88.5139,88.0279,11.4861,0,heldout,llm_direct_prior_counter_source_acid_halide_reversal_noprior
real_buchwald_hartwig,gp_ucb,29266,96.1323,85.0246,3.8677,0,heldout,
real_buchwald_hartwig,llambo_warmstart_counter_source_acid_halide_reversal_noprior,29266,84.6902,79.4907,15.3098,0,heldout,
real_buchwald_hartwig,llambo_warmstart_selector,29266,84.6902,79.4907,15.3098,0,heldout,llambo_warmstart_counter_source_acid_halide_reversal_noprior
real_buchwald_hartwig,llm_calibrated_selector,29266,89.6142,76.8229,10.3858,0,heldout,llm_semantic_counter_source_acid_halide_reversal_noprior
real_buchwald_hartwig,llm_direct_prior_counter_source_acid_halide_reversal_noprior,29266,88.5139,88.0279,11.4861,0,heldout,
real_buchwald_hartwig,llm_direct_prior_selector,29266,88.5139,88.0279,11.4861,0,heldout,llm_direct_prior_counter_source_acid_halide_reversal_noprior
real_buchwald_hartwig,llm_semantic_counter_source_acid_halide_reversal_noprior,29266,89.6142,76.8229,10.3858,0,heldout,
real_buchwald_hartwig,mixed_kernel_gp_ei,29266,96.1323,83.1508,3.8677,0,heldout,
real_buchwald_hartwig,target_acquisition_portfolio,29266,89.6142,80.6403,10.3858,0,heldout,
real_buchwald_hartwig,care_strategy_router,29267,86.7621,74.9097,13.2379,0,heldout,llm_direct_prior_counter_source_acid_halide_reversal_noprior
real_buchwald_hartwig,gp_ucb,29267,56.5167,29.3284,43.4833,0,heldout,
real_buchwald_hartwig,llambo_warmstart_counter_source_acid_halide_reversal_noprior,29267,92.2093,91.5153,7.7907,0,heldout,
real_buchwald_hartwig,llambo_warmstart_selector,29267,92.2093,91.5153,7.7907,0,heldout,llambo_warmstart_counter_source_acid_halide_reversal_noprior
real_buchwald_hartwig,llm_calibrated_selector,29267,100.0,68.5652,0.0,1,heldout,llm_semantic_counter_source_acid_halide_reversal_noprior
real_buchwald_hartwig,llm_direct_prior_counter_source_acid_halide_reversal_noprior,29267,86.7621,74.9097,13.2379,0,heldout,
real_buchwald_hartwig,llm_direct_prior_selector,29267,86.7621,74.9097,13.2379,0,heldout,llm_direct_prior_counter_source_acid_halide_reversal_noprior
real_buchwald_hartwig,llm_semantic_counter_source_acid_halide_reversal_noprior,29267,100.0,68.5652,0.0,1,heldout,
real_buchwald_hartwig,mixed_kernel_gp_ei,29267,51.1784,31.4246,48.8216,0,heldout,
real_buchwald_hartwig,target_acquisition_portfolio,29267,60.4922,40.3615,39.5078,0,heldout,
real_buchwald_hartwig,care_strategy_router,29268,98.7313,84.3695,1.2687,1,heldout,llm_direct_prior_counter_source_acid_halide_reversal_noprior
real_buchwald_hartwig,gp_ucb,29268,98.2872,74.6415,1.7128,1,heldout,
real_buchwald_hartwig,llambo_warmstart_counter_source_acid_halide_reversal_noprior,29268,100.0,88.4389,0.0,1,heldout,
real_buchwald_hartwig,llambo_warmstart_selector,29268,100.0,88.4389,0.0,1,heldout,llambo_warmstart_counter_source_acid_halide_reversal_noprior
real_buchwald_hartwig,llm_calibrated_selector,29268,98.2872,75.1469,1.7128,1,heldout,llm_semantic_counter_source_acid_halide_reversal_noprior
real_buchwald_hartwig,llm_direct_prior_counter_source_acid_halide_reversal_noprior,29268,98.7313,84.3695,1.2687,1,heldout,
real_buchwald_hartwig,llm_direct_prior_selector,29268,98.7313,84.3695,1.2687,1,heldout,llm_direct_prior_counter_source_acid_halide_reversal_noprior
real_buchwald_hartwig,llm_semantic_counter_source_acid_halide_reversal_noprior,29268,98.2872,75.1469,1.7128,1,heldout,
real_buchwald_hartwig,mixed_kernel_gp_ei,29268,94.6911,74.0493,5.3089,0,heldout,
real_buchwald_hartwig,target_acquisition_portfolio,29268,98.2872,74.6415,1.7128,1,heldout,
real_buchwald_hartwig,care_strategy_router,29269,88.5139,82.8509,11.4861,0,heldout,llm_direct_prior_counter_source_acid_halide_reversal_noprior
real_buchwald_hartwig,gp_ucb,29269,77.8299,76.6012,22.1701,0,heldout,
real_buchwald_hartwig,llambo_warmstart_counter_source_acid_halide_reversal_noprior,29269,90.9905,90.2249,9.0095,0,heldout,
real_buchwald_hartwig,llambo_warmstart_selector,29269,90.9905,90.2249,9.0095,0,heldout,llambo_warmstart_counter_source_acid_halide_reversal_noprior
real_buchwald_hartwig,llm_calibrated_selector,29269,85.4018,79.3458,14.5982,0,heldout,llm_semantic_counter_source_acid_halide_reversal_noprior
real_buchwald_hartwig,llm_direct_prior_counter_source_acid_halide_reversal_noprior,29269,88.5139,82.8509,11.4861,0,heldout,
real_buchwald_hartwig,llm_direct_prior_selector,29269,88.5139,82.8509,11.4861,0,heldout,llm_direct_prior_counter_source_acid_halide_reversal_noprior
real_buchwald_hartwig,llm_semantic_counter_source_acid_halide_reversal_noprior,29269,85.4018,79.3458,14.5982,0,heldout,
real_buchwald_hartwig,mixed_kernel_gp_ei,29269,77.8299,76.6012,22.1701,0,heldout,
real_buchwald_hartwig,target_acquisition_portfolio,29269,77.8299,76.6012,22.1701,0,heldout,
real_buchwald_hartwig,care_strategy_router,29270,93.4211,88.6521,6.5789,0,heldout,llm_direct_prior_counter_source_acid_halide_reversal_noprior
real_buchwald_hartwig,gp_ucb,29270,100.0,89.0101,0.0,1,heldout,
real_buchwald_hartwig,llambo_warmstart_counter_source_acid_halide_reversal_noprior,29270,95.129,88.7532,4.871,0,heldout,
real_buchwald_hartwig,llambo_warmstart_selector,29270,95.129,88.7532,4.871,0,heldout,llambo_warmstart_counter_source_acid_halide_reversal_noprior
real_buchwald_hartwig,llm_calibrated_selector,29270,89.6142,83.6931,10.3858,0,heldout,llm_semantic_counter_source_acid_halide_reversal_noprior
real_buchwald_hartwig,llm_direct_prior_counter_source_acid_halide_reversal_noprior,29270,93.4211,88.6521,6.5789,0,heldout,
real_buchwald_hartwig,llm_direct_prior_selector,29270,93.4211,88.6521,6.5789,0,heldout,llm_direct_prior_counter_source_acid_halide_reversal_noprior
real_buchwald_hartwig,llm_semantic_counter_source_acid_halide_reversal_noprior,29270,89.6142,83.6931,10.3858,0,heldout,
real_buchwald_hartwig,mixed_kernel_gp_ei,29270,99.6191,96.3848,0.3809,1,heldout,
real_buchwald_hartwig,target_acquisition_portfolio,29270,99.6191,96.785,0.3809,1,heldout,
real_buchwald_hartwig,care_strategy_router,29271,88.5139,79.9983,11.4861,0,heldout,llm_direct_prior_counter_source_acid_halide_reversal_noprior
real_buchwald_hartwig,gp_ucb,29271,99.6191,92.4982,0.3809,1,heldout,
real_buchwald_hartwig,llambo_warmstart_counter_source_acid_halide_reversal_noprior,29271,97.948,97.6823,2.052,1,heldout,
real_buchwald_hartwig,llambo_warmstart_selector,29271,97.948,97.6823,2.052,1,heldout,llambo_warmstart_counter_source_acid_halide_reversal_noprior
real_buchwald_hartwig,llm_calibrated_selector,29271,100.0,90.6104,0.0,1,heldout,llm_semantic_counter_source_acid_halide_reversal_noprior
real_buchwald_hartwig,llm_direct_prior_counter_source_acid_halide_reversal_noprior,29271,88.5139,79.9983,11.4861,0,heldout,
real_buchwald_hartwig,llm_direct_prior_selector,29271,88.5139,79.9983,11.4861,0,heldout,llm_direct_prior_counter_source_acid_halide_reversal_noprior
real_buchwald_hartwig,llm_semantic_counter_source_acid_halide_reversal_noprior,29271,100.0,90.6104,0.0,1,heldout,
real_buchwald_hartwig,mixed_kernel_gp_ei,29271,99.6191,92.9548,0.3809,1,heldout,
real_buchwald_hartwig,target_acquisition_portfolio,29271,99.6191,90.8884,0.3809,1,heldout,
real_buchwald_hartwig,care_strategy_router,29272,88.5139,79.1199,11.4861,0,heldout,llm_direct_prior_counter_source_acid_halide_reversal_noprior
real_buchwald_hartwig,gp_ucb,29272,89.6142,57.0876,10.3858,0,heldout,
real_buchwald_hartwig,llambo_warmstart_counter_source_acid_halide_reversal_noprior,29272,98.2872,92.8455,1.7128,1,heldout,
real_buchwald_hartwig,llambo_warmstart_selector,29272,98.2872,92.8455,1.7128,1,heldout,llambo_warmstart_counter_source_acid_halide_reversal_noprior
real_buchwald_hartwig,llm_calibrated_selector,29272,77.5468,71.6858,22.4532,0,heldout,llm_semantic_counter_source_acid_halide_reversal_noprior
real_buchwald_hartwig,llm_direct_prior_counter_source_acid_halide_reversal_noprior,29272,88.5139,79.1199,11.4861,0,heldout,
real_buchwald_hartwig,llm_direct_prior_selector,29272,88.5139,79.1199,11.4861,0,heldout,llm_direct_prior_counter_source_acid_halide_reversal_noprior
real_buchwald_hartwig,llm_semantic_counter_source_acid_halide_reversal_noprior,29272,77.5468,71.6858,22.4532,0,heldout,
real_buchwald_hartwig,mixed_kernel_gp_ei,29272,89.6142,57.1167,10.3858,0,heldout,
real_buchwald_hartwig,target_acquisition_portfolio,29272,89.6142,57.1167,10.3858,0,heldout,
real_buchwald_hartwig,care_strategy_router,29273,79.8724,79.3625,20.1276,0,heldout,llm_direct_prior_counter_source_acid_halide_reversal_noprior
real_buchwald_hartwig,gp_ucb,29273,95.3865,87.7067,4.6135,0,heldout,
real_buchwald_hartwig,llambo_warmstart_counter_source_acid_halide_reversal_noprior,29273,89.8895,89.8895,10.1105,0,heldout,
real_buchwald_hartwig,llambo_warmstart_selector,29273,89.8895,89.8895,10.1105,0,heldout,llambo_warmstart_counter_source_acid_halide_reversal_noprior
real_buchwald_hartwig,llm_calibrated_selector,29273,78.1728,78.1728,21.8272,0,heldout,llm_semantic_counter_source_acid_halide_reversal_noprior
real_buchwald_hartwig,llm_direct_prior_counter_source_acid_halide_reversal_noprior,29273,79.8724,79.3625,20.1276,0,heldout,
real_buchwald_hartwig,llm_direct_prior_selector,29273,79.8724,79.3625,20.1276,0,heldout,llm_direct_prior_counter_source_acid_halide_reversal_noprior
real_buchwald_hartwig,llm_semantic_counter_source_acid_halide_reversal_noprior,29273,78.1728,78.1728,21.8272,0,heldout,
real_buchwald_hartwig,mixed_kernel_gp_ei,29273,92.3538,88.8944,7.6462,0,heldout,
real_buchwald_hartwig,target_acquisition_portfolio,29273,95.3865,87.7067,4.6135,0,heldout,
real_buchwald_hartwig,care_strategy_router,29274,100.0,85.7968,0.0,1,heldout,llm_direct_prior_counter_source_acid_halide_reversal_noprior
real_buchwald_hartwig,gp_ucb,29274,95.0702,89.196,4.9298,0,heldout,
real_buchwald_hartwig,llambo_warmstart_counter_source_acid_halide_reversal_noprior,29274,89.4807,87.7468,10.5193,0,heldout,
real_buchwald_hartwig,llambo_warmstart_selector,29274,89.4807,87.7468,10.5193,0,heldout,llambo_warmstart_counter_source_acid_halide_reversal_noprior
real_buchwald_hartwig,llm_calibrated_selector,29274,79.8724,75.6602,20.1276,0,heldout,llm_semantic_counter_source_acid_halide_reversal_noprior
real_buchwald_hartwig,llm_direct_prior_counter_source_acid_halide_reversal_noprior,29274,100.0,85.7968,0.0,1,heldout,
real_buchwald_hartwig,llm_direct_prior_selector,29274,100.0,85.7968,0.0,1,heldout,llm_direct_prior_counter_source_acid_halide_reversal_noprior
real_buchwald_hartwig,llm_semantic_counter_source_acid_halide_reversal_noprior,29274,79.8724,75.6602,20.1276,0,heldout,
real_buchwald_hartwig,mixed_kernel_gp_ei,29274,95.0702,89.1038,4.9298,0,heldout,
real_buchwald_hartwig,target_acquisition_portfolio,29274,95.0702,89.196,4.9298,0,heldout,
real_buchwald_hartwig,care_strategy_router,29275,93.4211,78.9403,6.5789,0,heldout,llm_direct_prior_counter_source_acid_halide_reversal_noprior
real_buchwald_hartwig,gp_ucb,29275,82.5709,75.9386,17.4291,0,heldout,
real_buchwald_hartwig,llambo_warmstart_counter_source_acid_halide_reversal_noprior,29275,93.3108,77.7613,6.6892,0,heldout,
real_buchwald_hartwig,llambo_warmstart_selector,29275,93.3108,77.7613,6.6892,0,heldout,llambo_warmstart_counter_source_acid_halide_reversal_noprior
real_buchwald_hartwig,llm_calibrated_selector,29275,83.4092,67.2178,16.5908,0,heldout,llm_semantic_counter_source_acid_halide_reversal_noprior
real_buchwald_hartwig,llm_direct_prior_counter_source_acid_halide_reversal_noprior,29275,93.4211,78.9403,6.5789,0,heldout,
real_buchwald_hartwig,llm_direct_prior_selector,29275,93.4211,78.9403,6.5789,0,heldout,llm_direct_prior_counter_source_acid_halide_reversal_noprior
real_buchwald_hartwig,llm_semantic_counter_source_acid_halide_reversal_noprior,29275,83.4092,67.2178,16.5908,0,heldout,
real_buchwald_hartwig,mixed_kernel_gp_ei,29275,88.8276,77.19,11.1724,0,heldout,
real_buchwald_hartwig,target_acquisition_portfolio,29275,88.8276,77.19,11.1724,0,heldout,
real_buchwald_hartwig,care_strategy_router,29276,97.5685,96.9627,2.4315,1,heldout,llm_direct_prior_counter_source_acid_halide_reversal_noprior
real_buchwald_hartwig,gp_ucb,29276,100.0,99.1149,0.0,1,heldout,
real_buchwald_hartwig,llambo_warmstart_counter_source_acid_halide_reversal_noprior,29276,84.602,69.5364,15.398,0,heldout,
real_buchwald_hartwig,llambo_warmstart_selector,29276,84.602,69.5364,15.398,0,heldout,llambo_warmstart_counter_source_acid_halide_reversal_noprior
real_buchwald_hartwig,llm_calibrated_selector,29276,89.6142,85.7265,10.3858,0,heldout,llm_semantic_counter_source_acid_halide_reversal_noprior
real_buchwald_hartwig,llm_direct_prior_counter_source_acid_halide_reversal_noprior,29276,97.5685,96.9627,2.4315,1,heldout,
real_buchwald_hartwig,llm_direct_prior_selector,29276,97.5685,96.9627,2.4315,1,heldout,llm_direct_prior_counter_source_acid_halide_reversal_noprior
real_buchwald_hartwig,llm_semantic_counter_source_acid_halide_reversal_noprior,29276,89.6142,85.7265,10.3858,0,heldout,
real_buchwald_hartwig,mixed_kernel_gp_ei,29276,100.0,99.1149,0.0,1,heldout,
real_buchwald_hartwig,target_acquisition_portfolio,29276,100.0,98.8053,0.0,1,heldout,
real_buchwald_hartwig,care_strategy_router,29277,93.0289,92.4878,6.9711,0,heldout,llm_direct_prior_counter_source_acid_halide_reversal_noprior
real_buchwald_hartwig,gp_ucb,29277,77.6347,77.6347,22.3653,0,heldout,
real_buchwald_hartwig,llambo_warmstart_counter_source_acid_halide_reversal_noprior,29277,96.1323,83.8264,3.8677,0,heldout,
real_buchwald_hartwig,llambo_warmstart_selector,29277,96.1323,83.8264,3.8677,0,heldout,llambo_warmstart_counter_source_acid_halide_reversal_noprior
real_buchwald_hartwig,llm_calibrated_selector,29277,93.5641,88.7853,6.4359,0,heldout,llm_semantic_counter_source_acid_halide_reversal_noprior
real_buchwald_hartwig,llm_direct_prior_counter_source_acid_halide_reversal_noprior,29277,93.0289,92.4878,6.9711,0,heldout,
real_buchwald_hartwig,llm_direct_prior_selector,29277,93.0289,92.4878,6.9711,0,heldout,llm_direct_prior_counter_source_acid_halide_reversal_noprior
real_buchwald_hartwig,llm_semantic_counter_source_acid_halide_reversal_noprior,29277,93.5641,88.7853,6.4359,0,heldout,
real_buchwald_hartwig,mixed_kernel_gp_ei,29277,79.6552,78.2408,20.3448,0,heldout,
real_buchwald_hartwig,target_acquisition_portfolio,29277,79.6552,79.049,20.3448,0,heldout,
real_buchwald_hartwig,care_strategy_router,29278,96.1323,96.1323,3.8677,0,heldout,llm_direct_prior_counter_source_acid_halide_reversal_noprior
real_buchwald_hartwig,gp_ucb,29278,96.1323,96.1323,3.8677,0,heldout,
real_buchwald_hartwig,llambo_warmstart_counter_source_acid_halide_reversal_noprior,29278,89.5866,81.6462,10.4134,0,heldout,
real_buchwald_hartwig,llambo_warmstart_selector,29278,89.5866,81.6462,10.4134,0,heldout,llambo_warmstart_counter_source_acid_halide_reversal_noprior
real_buchwald_hartwig,llm_calibrated_selector,29278,96.1323,96.1323,3.8677,0,heldout,llm_semantic_counter_source_acid_halide_reversal_noprior
real_buchwald_hartwig,llm_direct_prior_counter_source_acid_halide_reversal_noprior,29278,96.1323,96.1323,3.8677,0,heldout,
real_buchwald_hartwig,llm_direct_prior_selector,29278,96.1323,96.1323,3.8677,0,heldout,llm_direct_prior_counter_source_acid_halide_reversal_noprior
real_buchwald_hartwig,llm_semantic_counter_source_acid_halide_reversal_noprior,29278,96.1323,96.1323,3.8677,0,heldout,
real_buchwald_hartwig,mixed_kernel_gp_ei,29278,96.1323,96.1323,3.8677,0,heldout,
real_buchwald_hartwig,target_acquisition_portfolio,29278,96.1323,96.1323,3.8677,0,heldout,
real_buchwald_hartwig,care_strategy_router,29279,100.0,92.2844,0.0,1,heldout,llm_direct_prior_counter_source_acid_halide_reversal_noprior
real_buchwald_hartwig,gp_ucb,29279,98.1771,84.2571,1.8229,1,heldout,
real_buchwald_hartwig,llambo_warmstart_counter_source_acid_halide_reversal_noprior,29279,92.9142,88.7721,7.0858,0,heldout,
real_buchwald_hartwig,llambo_warmstart_selector,29279,92.9142,88.7721,7.0858,0,heldout,llambo_warmstart_counter_source_acid_halide_reversal_noprior
real_buchwald_hartwig,llm_calibrated_selector,29279,97.5685,85.5309,2.4315,1,heldout,llm_semantic_counter_source_acid_halide_reversal_noprior
real_buchwald_hartwig,llm_direct_prior_counter_source_acid_halide_reversal_noprior,29279,100.0,92.2844,0.0,1,heldout,
real_buchwald_hartwig,llm_direct_prior_selector,29279,100.0,92.2844,0.0,1,heldout,llm_direct_prior_counter_source_acid_halide_reversal_noprior
real_buchwald_hartwig,llm_semantic_counter_source_acid_halide_reversal_noprior,29279,97.5685,85.5309,2.4315,1,heldout,
real_buchwald_hartwig,mixed_kernel_gp_ei,29279,83.0547,82.8203,16.9453,0,heldout,
real_buchwald_hartwig,target_acquisition_portfolio,29279,80.7866,80.7488,19.2134,0,heldout,
real_buchwald_hartwig,care_strategy_router,29280,80.8096,79.6598,19.1904,0,heldout,llm_direct_prior_counter_source_acid_halide_reversal_noprior
real_buchwald_hartwig,gp_ucb,29280,100.0,94.8588,0.0,1,heldout,
real_buchwald_hartwig,llambo_warmstart_counter_source_acid_halide_reversal_noprior,29280,93.0995,81.5018,6.9005,0,heldout,
real_buchwald_hartwig,llambo_warmstart_selector,29280,93.0995,81.5018,6.9005,0,heldout,llambo_warmstart_counter_source_acid_halide_reversal_noprior
real_buchwald_hartwig,llm_calibrated_selector,29280,85.6057,85.6057,14.3943,0,heldout,llm_semantic_counter_source_acid_halide_reversal_noprior
real_buchwald_hartwig,llm_direct_prior_counter_source_acid_halide_reversal_noprior,29280,80.8096,79.6598,19.1904,0,heldout,
real_buchwald_hartwig,llm_direct_prior_selector,29280,80.8096,79.6598,19.1904,0,heldout,llm_direct_prior_counter_source_acid_halide_reversal_noprior
real_buchwald_hartwig,llm_semantic_counter_source_acid_halide_reversal_noprior,29280,85.6057,85.6057,14.3943,0,heldout,
real_buchwald_hartwig,mixed_kernel_gp_ei,29280,100.0,94.9739,0.0,1,heldout,
real_buchwald_hartwig,target_acquisition_portfolio,29280,100.0,94.8588,0.0,1,heldout,
real_buchwald_hartwig,care_strategy_router,29281,91.9334,87.8943,8.0666,0,heldout,llm_direct_prior_counter_source_acid_halide_reversal_noprior
real_buchwald_hartwig,gp_ucb,29281,91.9334,85.9393,8.0666,0,heldout,
real_buchwald_hartwig,llambo_warmstart_counter_source_acid_halide_reversal_noprior,29281,85.1332,84.9881,14.8668,0,heldout,
real_buchwald_hartwig,llambo_warmstart_selector,29281,85.1332,84.9881,14.8668,0,heldout,llambo_warmstart_counter_source_acid_halide_reversal_noprior
real_buchwald_hartwig,llm_calibrated_selector,29281,89.4671,79.5694,10.5329,0,heldout,llm_semantic_counter_source_acid_halide_reversal_noprior
real_buchwald_hartwig,llm_direct_prior_counter_source_acid_halide_reversal_noprior,29281,91.9334,87.8943,8.0666,0,heldout,
real_buchwald_hartwig,llm_direct_prior_selector,29281,91.9334,87.8943,8.0666,0,heldout,llm_direct_prior_counter_source_acid_halide_reversal_noprior
real_buchwald_hartwig,llm_semantic_counter_source_acid_halide_reversal_noprior,29281,89.4671,79.5694,10.5329,0,heldout,
real_buchwald_hartwig,mixed_kernel_gp_ei,29281,91.9334,85.7221,8.0666,0,heldout,
real_buchwald_hartwig,target_acquisition_portfolio,29281,91.9334,85.9393,8.0666,0,heldout,
real_buchwald_hartwig,care_strategy_router,29282,94.6911,79.005,5.3089,0,heldout,llm_direct_prior_counter_source_acid_halide_reversal_noprior
real_buchwald_hartwig,gp_ucb,29282,94.5498,81.5589,5.4502,0,heldout,
real_buchwald_hartwig,llambo_warmstart_counter_source_acid_halide_reversal_noprior,29282,94.6911,94.6151,5.3089,0,heldout,
real_buchwald_hartwig,llambo_warmstart_selector,29282,94.6911,94.6151,5.3089,0,heldout,llambo_warmstart_counter_source_acid_halide_reversal_noprior
real_buchwald_hartwig,llm_calibrated_selector,29282,93.0289,77.5911,6.9711,0,heldout,llm_semantic_counter_source_acid_halide_reversal_noprior
real_buchwald_hartwig,llm_direct_prior_counter_source_acid_halide_reversal_noprior,29282,94.6911,79.005,5.3089,0,heldout,
real_buchwald_hartwig,llm_direct_prior_selector,29282,94.6911,79.005,5.3089,0,heldout,llm_direct_prior_counter_source_acid_halide_reversal_noprior
real_buchwald_hartwig,llm_semantic_counter_source_acid_halide_reversal_noprior,29282,93.0289,77.5911,6.9711,0,heldout,
real_buchwald_hartwig,mixed_kernel_gp_ei,29282,94.5498,77.3284,5.4502,0,heldout,
real_buchwald_hartwig,target_acquisition_portfolio,29282,94.5498,81.5589,5.4502,0,heldout,
real_buchwald_hartwig,care_strategy_router,29283,92.7237,88.9861,7.2763,0,heldout,llm_direct_prior_counter_source_acid_halide_reversal_noprior
real_buchwald_hartwig,gp_ucb,29283,90.3714,82.1844,9.6286,0,heldout,
real_buchwald_hartwig,llambo_warmstart_counter_source_acid_halide_reversal_noprior,29283,96.5912,84.374,3.4088,0,heldout,
real_buchwald_hartwig,llambo_warmstart_selector,29283,96.5912,84.374,3.4088,0,heldout,llambo_warmstart_counter_source_acid_halide_reversal_noprior
real_buchwald_hartwig,llm_calibrated_selector,29283,81.0209,81.0209,18.9791,0,heldout,llm_semantic_counter_source_acid_halide_reversal_noprior
real_buchwald_hartwig,llm_direct_prior_counter_source_acid_halide_reversal_noprior,29283,92.7237,88.9861,7.2763,0,heldout,
real_buchwald_hartwig,llm_direct_prior_selector,29283,92.7237,88.9861,7.2763,0,heldout,llm_direct_prior_counter_source_acid_halide_reversal_noprior
real_buchwald_hartwig,llm_semantic_counter_source_acid_halide_reversal_noprior,29283,81.0209,81.0209,18.9791,0,heldout,
real_buchwald_hartwig,mixed_kernel_gp_ei,29283,90.3714,82.1844,9.6286,0,heldout,
real_buchwald_hartwig,target_acquisition_portfolio,29283,90.3714,82.1844,9.6286,0,heldout,
real_buchwald_hartwig,care_strategy_router,29284,97.5685,64.7459,2.4315,1,heldout,llm_direct_prior_counter_source_acid_halide_reversal_noprior
real_buchwald_hartwig,gp_ucb,29284,52.7885,44.7765,47.2115,0,heldout,
real_buchwald_hartwig,llambo_warmstart_counter_source_acid_halide_reversal_noprior,29284,89.4195,87.5404,10.5805,0,heldout,
real_buchwald_hartwig,llambo_warmstart_selector,29284,89.4195,87.5404,10.5805,0,heldout,llambo_warmstart_counter_source_acid_halide_reversal_noprior
real_buchwald_hartwig,llm_calibrated_selector,29284,100.0,72.5337,0.0,1,heldout,llm_semantic_counter_source_acid_halide_reversal_noprior
real_buchwald_hartwig,llm_direct_prior_counter_source_acid_halide_reversal_noprior,29284,97.5685,64.7459,2.4315,1,heldout,
real_buchwald_hartwig,llm_direct_prior_selector,29284,97.5685,64.7459,2.4315,1,heldout,llm_direct_prior_counter_source_acid_halide_reversal_noprior
real_buchwald_hartwig,llm_semantic_counter_source_acid_halide_reversal_noprior,29284,100.0,72.5337,0.0,1,heldout,
real_buchwald_hartwig,mixed_kernel_gp_ei,29284,77.6347,59.2842,22.3653,0,heldout,
real_buchwald_hartwig,target_acquisition_portfolio,29284,77.6347,59.2842,22.3653,0,heldout,
real_buchwald_hartwig,care_strategy_router,29285,95.3865,84.7314,4.6135,0,heldout,llm_direct_prior_counter_source_acid_halide_reversal_noprior
real_buchwald_hartwig,gp_ucb,29285,86.1944,80.7864,13.8056,0,heldout,
real_buchwald_hartwig,llambo_warmstart_counter_source_acid_halide_reversal_noprior,29285,91.2669,83.6198,8.7331,0,heldout,
real_buchwald_hartwig,llambo_warmstart_selector,29285,91.2669,83.6198,8.7331,0,heldout,llambo_warmstart_counter_source_acid_halide_reversal_noprior
real_buchwald_hartwig,llm_calibrated_selector,29285,83.3036,83.3036,16.6964,0,heldout,llm_semantic_counter_source_acid_halide_reversal_noprior
real_buchwald_hartwig,llm_direct_prior_counter_source_acid_halide_reversal_noprior,29285,95.3865,84.7314,4.6135,0,heldout,
real_buchwald_hartwig,llm_direct_prior_selector,29285,95.3865,84.7314,4.6135,0,heldout,llm_direct_prior_counter_source_acid_halide_reversal_noprior
real_buchwald_hartwig,llm_semantic_counter_source_acid_halide_reversal_noprior,29285,83.3036,83.3036,16.6964,0,heldout,
real_buchwald_hartwig,mixed_kernel_gp_ei,29285,83.3036,79.5905,16.6964,0,heldout,
real_buchwald_hartwig,target_acquisition_portfolio,29285,86.1944,80.7864,13.8056,0,heldout,
real_buchwald_hartwig,care_strategy_router,29286,98.7313,94.2185,1.2687,1,heldout,llm_direct_prior_counter_source_acid_halide_reversal_noprior
real_buchwald_hartwig,gp_ucb,29286,53.603,53.603,46.397,0,heldout,
real_buchwald_hartwig,llambo_warmstart_counter_source_acid_halide_reversal_noprior,29286,93.4211,92.95,6.5789,0,heldout,
real_buchwald_hartwig,llambo_warmstart_selector,29286,93.4211,92.95,6.5789,0,heldout,llambo_warmstart_counter_source_acid_halide_reversal_noprior
real_buchwald_hartwig,llm_calibrated_selector,29286,98.7313,98.7313,1.2687,1,heldout,llm_semantic_counter_source_acid_halide_reversal_noprior
real_buchwald_hartwig,llm_direct_prior_counter_source_acid_halide_reversal_noprior,29286,98.7313,94.2185,1.2687,1,heldout,
real_buchwald_hartwig,llm_direct_prior_selector,29286,98.7313,94.2185,1.2687,1,heldout,llm_direct_prior_counter_source_acid_halide_reversal_noprior
real_buchwald_hartwig,llm_semantic_counter_source_acid_halide_reversal_noprior,29286,98.7313,98.7313,1.2687,1,heldout,
real_buchwald_hartwig,mixed_kernel_gp_ei,29286,53.603,53.603,46.397,0,heldout,
real_buchwald_hartwig,target_acquisition_portfolio,29286,53.603,53.603,46.397,0,heldout,
real_buchwald_hartwig,care_strategy_router,29287,93.4211,93.4211,6.5789,0,heldout,llm_direct_prior_counter_source_acid_halide_reversal_noprior
real_buchwald_hartwig,gp_ucb,29287,93.3108,93.0034,6.6892,0,heldout,
real_buchwald_hartwig,llambo_warmstart_counter_source_acid_halide_reversal_noprior,29287,93.5641,91.1154,6.4359,0,heldout,
real_buchwald_hartwig,llambo_warmstart_selector,29287,93.5641,91.1154,6.4359,0,heldout,llambo_warmstart_counter_source_acid_halide_reversal_noprior
real_buchwald_hartwig,llm_calibrated_selector,29287,93.0289,78.8442,6.9711,0,heldout,llm_semantic_counter_source_acid_halide_reversal_noprior
real_buchwald_hartwig,llm_direct_prior_counter_source_acid_halide_reversal_noprior,29287,93.4211,93.4211,6.5789,0,heldout,
real_buchwald_hartwig,llm_direct_prior_selector,29287,93.4211,93.4211,6.5789,0,heldout,llm_direct_prior_counter_source_acid_halide_reversal_noprior
real_buchwald_hartwig,llm_semantic_counter_source_acid_halide_reversal_noprior,29287,93.0289,78.8442,6.9711,0,heldout,
real_buchwald_hartwig,mixed_kernel_gp_ei,29287,93.3108,93.0271,6.6892,0,heldout,
real_buchwald_hartwig,target_acquisition_portfolio,29287,93.3108,92.9874,6.6892,0,heldout,
real_buchwald_hartwig,care_strategy_router,29288,94.6911,92.8407,5.3089,0,heldout,llm_direct_prior_counter_source_acid_halide_reversal_noprior
real_buchwald_hartwig,gp_ucb,29288,89.4195,87.1517,10.5805,0,heldout,
real_buchwald_hartwig,llambo_warmstart_counter_source_acid_halide_reversal_noprior,29288,91.2097,89.5123,8.7903,0,heldout,
real_buchwald_hartwig,llambo_warmstart_selector,29288,91.2097,89.5123,8.7903,0,heldout,llambo_warmstart_counter_source_acid_halide_reversal_noprior
real_buchwald_hartwig,llm_calibrated_selector,29288,86.0741,86.0741,13.9259,0,heldout,llm_semantic_counter_source_acid_halide_reversal_noprior
real_buchwald_hartwig,llm_direct_prior_counter_source_acid_halide_reversal_noprior,29288,94.6911,92.8407,5.3089,0,heldout,
real_buchwald_hartwig,llm_direct_prior_selector,29288,94.6911,92.8407,5.3089,0,heldout,llm_direct_prior_counter_source_acid_halide_reversal_noprior
real_buchwald_hartwig,llm_semantic_counter_source_acid_halide_reversal_noprior,29288,86.0741,86.0741,13.9259,0,heldout,
real_buchwald_hartwig,mixed_kernel_gp_ei,29288,89.4195,87.1517,10.5805,0,heldout,
real_buchwald_hartwig,target_acquisition_portfolio,29288,89.4195,87.1517,10.5805,0,heldout,
real_buchwald_hartwig,care_strategy_router,29289,98.7313,89.5092,1.2687,1,heldout,llm_direct_prior_counter_source_acid_halide_reversal_noprior
real_buchwald_hartwig,gp_ucb,29289,94.1517,79.3651,5.8483,0,heldout,
real_buchwald_hartwig,llambo_warmstart_counter_source_acid_halide_reversal_noprior,29289,92.659,91.2166,7.341,0,heldout,
real_buchwald_hartwig,llambo_warmstart_selector,29289,92.659,91.2166,7.341,0,heldout,llambo_warmstart_counter_source_acid_halide_reversal_noprior
real_buchwald_hartwig,llm_calibrated_selector,29289,64.8056,62.1963,35.1944,0,heldout,llm_semantic_counter_source_acid_halide_reversal_noprior
real_buchwald_hartwig,llm_direct_prior_counter_source_acid_halide_reversal_noprior,29289,98.7313,89.5092,1.2687,1,heldout,
real_buchwald_hartwig,llm_direct_prior_selector,29289,98.7313,89.5092,1.2687,1,heldout,llm_direct_prior_counter_source_acid_halide_reversal_noprior
real_buchwald_hartwig,llm_semantic_counter_source_acid_halide_reversal_noprior,29289,64.8056,62.1963,35.1944,0,heldout,
real_buchwald_hartwig,mixed_kernel_gp_ei,29289,94.1517,77.8426,5.8483,0,heldout,
real_buchwald_hartwig,target_acquisition_portfolio,29289,94.1517,68.8418,5.8483,0,heldout,
real_buchwald_hartwig,care_strategy_router,29290,100.0,94.0582,0.0,1,heldout,llm_direct_prior_counter_source_acid_halide_reversal_noprior
real_buchwald_hartwig,gp_ucb,29290,89.5592,79.4135,10.4408,0,heldout,
real_buchwald_hartwig,llambo_warmstart_counter_source_acid_halide_reversal_noprior,29290,100.0,95.7555,0.0,1,heldout,
real_buchwald_hartwig,llambo_warmstart_selector,29290,100.0,95.7555,0.0,1,heldout,llambo_warmstart_counter_source_acid_halide_reversal_noprior
real_buchwald_hartwig,llm_calibrated_selector,29290,86.5976,77.6851,13.4024,0,heldout,llm_semantic_counter_source_acid_halide_reversal_noprior
real_buchwald_hartwig,llm_direct_prior_counter_source_acid_halide_reversal_noprior,29290,100.0,94.0582,0.0,1,heldout,
real_buchwald_hartwig,llm_direct_prior_selector,29290,100.0,94.0582,0.0,1,heldout,llm_direct_prior_counter_source_acid_halide_reversal_noprior
real_buchwald_hartwig,llm_semantic_counter_source_acid_halide_reversal_noprior,29290,86.5976,77.6851,13.4024,0,heldout,
real_buchwald_hartwig,mixed_kernel_gp_ei,29290,89.5592,76.365,10.4408,0,heldout,
real_buchwald_hartwig,target_acquisition_portfolio,29290,88.5139,78.6818,11.4861,0,heldout,
real_buchwald_hartwig,care_strategy_router,29291,100.0,96.4373,0.0,1,heldout,llm_direct_prior_counter_source_acid_halide_reversal_noprior
real_buchwald_hartwig,gp_ucb,29291,99.6191,99.6191,0.3809,1,heldout,
real_buchwald_hartwig,llambo_warmstart_counter_source_acid_halide_reversal_noprior,29291,100.0,84.3925,0.0,1,heldout,
real_buchwald_hartwig,llambo_warmstart_selector,29291,100.0,84.3925,0.0,1,heldout,llambo_warmstart_counter_source_acid_halide_reversal_noprior
real_buchwald_hartwig,llm_calibrated_selector,29291,100.0,99.7569,0.0,1,heldout,llm_semantic_counter_source_acid_halide_reversal_noprior
real_buchwald_hartwig,llm_direct_prior_counter_source_acid_halide_reversal_noprior,29291,100.0,96.4373,0.0,1,heldout,
real_buchwald_hartwig,llm_direct_prior_selector,29291,100.0,96.4373,0.0,1,heldout,llm_direct_prior_counter_source_acid_halide_reversal_noprior
real_buchwald_hartwig,llm_semantic_counter_source_acid_halide_reversal_noprior,29291,100.0,99.7569,0.0,1,heldout,
real_buchwald_hartwig,mixed_kernel_gp_ei,29291,99.6191,99.6191,0.3809,1,heldout,
real_buchwald_hartwig,target_acquisition_portfolio,29291,99.6191,99.6191,0.3809,1,heldout,
real_buchwald_hartwig,care_strategy_router,29292,100.0,91.0912,0.0,1,heldout,llm_direct_prior_counter_source_acid_halide_reversal_noprior
real_buchwald_hartwig,gp_ucb,29292,91.2097,81.4792,8.7903,0,heldout,
real_buchwald_hartwig,llambo_warmstart_counter_source_acid_halide_reversal_noprior,29292,88.4043,88.4043,11.5957,0,heldout,
real_buchwald_hartwig,llambo_warmstart_selector,29292,88.4043,88.4043,11.5957,0,heldout,llambo_warmstart_counter_source_acid_halide_reversal_noprior
real_buchwald_hartwig,llm_calibrated_selector,29292,93.0289,85.4933,6.9711,0,heldout,llm_semantic_counter_source_acid_halide_reversal_noprior
real_buchwald_hartwig,llm_direct_prior_counter_source_acid_halide_reversal_noprior,29292,100.0,91.0912,0.0,1,heldout,
real_buchwald_hartwig,llm_direct_prior_selector,29292,100.0,91.0912,0.0,1,heldout,llm_direct_prior_counter_source_acid_halide_reversal_noprior
real_buchwald_hartwig,llm_semantic_counter_source_acid_halide_reversal_noprior,29292,93.0289,85.4933,6.9711,0,heldout,
real_buchwald_hartwig,mixed_kernel_gp_ei,29292,81.4779,79.6167,18.5221,0,heldout,
real_buchwald_hartwig,target_acquisition_portfolio,29292,91.2097,81.4792,8.7903,0,heldout,
real_buchwald_hartwig,care_strategy_router,29293,94.6911,67.9943,5.3089,0,heldout,llm_direct_prior_counter_source_acid_halide_reversal_noprior
real_buchwald_hartwig,gp_ucb,29293,45.9069,41.3578,54.0931,0,heldout,
real_buchwald_hartwig,llambo_warmstart_counter_source_acid_halide_reversal_noprior,29293,91.5286,78.7298,8.4714,0,heldout,
real_buchwald_hartwig,llambo_warmstart_selector,29293,91.5286,78.7298,8.4714,0,heldout,llambo_warmstart_counter_source_acid_halide_reversal_noprior
real_buchwald_hartwig,llm_calibrated_selector,29293,83.0165,56.2366,16.9835,0,heldout,llm_semantic_counter_source_acid_halide_reversal_noprior
real_buchwald_hartwig,llm_direct_prior_counter_source_acid_halide_reversal_noprior,29293,94.6911,67.9943,5.3089,0,heldout,
real_buchwald_hartwig,llm_direct_prior_selector,29293,94.6911,67.9943,5.3089,0,heldout,llm_direct_prior_counter_source_acid_halide_reversal_noprior
real_buchwald_hartwig,llm_semantic_counter_source_acid_halide_reversal_noprior,29293,83.0165,56.2366,16.9835,0,heldout,
real_buchwald_hartwig,mixed_kernel_gp_ei,29293,93.5878,61.285,6.4122,0,heldout,
real_buchwald_hartwig,target_acquisition_portfolio,29293,84.4042,53.5091,15.5958,0,heldout,
real_buchwald_hartwig,care_strategy_router,29294,88.5139,86.4885,11.4861,0,heldout,llm_direct_prior_counter_source_acid_halide_reversal_noprior
real_buchwald_hartwig,gp_ucb,29294,90.3173,87.9569,9.6827,0,heldout,
real_buchwald_hartwig,llambo_warmstart_counter_source_acid_halide_reversal_noprior,29294,93.0326,91.7298,6.9674,0,heldout,
real_buchwald_hartwig,llambo_warmstart_selector,29294,93.0326,91.7298,6.9674,0,heldout,llambo_warmstart_counter_source_acid_halide_reversal_noprior
real_buchwald_hartwig,llm_calibrated_selector,29294,96.1323,80.7424,3.8677,0,heldout,llm_semantic_counter_source_acid_halide_reversal_noprior
real_buchwald_hartwig,llm_direct_prior_counter_source_acid_halide_reversal_noprior,29294,88.5139,86.4885,11.4861,0,heldout,
real_buchwald_hartwig,llm_direct_prior_selector,29294,88.5139,86.4885,11.4861,0,heldout,llm_direct_prior_counter_source_acid_halide_reversal_noprior
real_buchwald_hartwig,llm_semantic_counter_source_acid_halide_reversal_noprior,29294,96.1323,80.7424,3.8677,0,heldout,
real_buchwald_hartwig,mixed_kernel_gp_ei,29294,96.1323,91.9641,3.8677,0,heldout,
real_buchwald_hartwig,target_acquisition_portfolio,29294,96.1323,91.9641,3.8677,0,heldout,
real_buchwald_hartwig,care_strategy_router,29295,93.0289,77.2424,6.9711,0,heldout,llm_direct_prior_counter_source_acid_halide_reversal_noprior
real_buchwald_hartwig,gp_ucb,29295,82.7105,79.6615,17.2895,0,heldout,
real_buchwald_hartwig,llambo_warmstart_counter_source_acid_halide_reversal_noprior,29295,94.5498,94.1152,5.4502,0,heldout,
real_buchwald_hartwig,llambo_warmstart_selector,29295,94.5498,94.1152,5.4502,0,heldout,llambo_warmstart_counter_source_acid_halide_reversal_noprior
real_buchwald_hartwig,llm_calibrated_selector,29295,83.3133,76.3153,16.6867,0,heldout,llm_semantic_counter_source_acid_halide_reversal_noprior
real_buchwald_hartwig,llm_direct_prior_counter_source_acid_halide_reversal_noprior,29295,93.0289,77.2424,6.9711,0,heldout,
real_buchwald_hartwig,llm_direct_prior_selector,29295,93.0289,77.2424,6.9711,0,heldout,llm_direct_prior_counter_source_acid_halide_reversal_noprior
real_buchwald_hartwig,llm_semantic_counter_source_acid_halide_reversal_noprior,29295,83.3133,76.3153,16.6867,0,heldout,
real_buchwald_hartwig,mixed_kernel_gp_ei,29295,82.7105,77.0581,17.2895,0,heldout,
real_buchwald_hartwig,target_acquisition_portfolio,29295,99.6191,88.9525,0.3809,1,heldout,
real_buchwald_hartwig,care_strategy_router,29296,98.7313,88.2931,1.2687,1,heldout,llm_direct_prior_counter_source_acid_halide_reversal_noprior
real_buchwald_hartwig,gp_ucb,29296,86.2541,73.5486,13.7459,0,heldout,
real_buchwald_hartwig,llambo_warmstart_counter_source_acid_halide_reversal_noprior,29296,92.127,90.4838,7.873,0,heldout,
real_buchwald_hartwig,llambo_warmstart_selector,29296,92.127,90.4838,7.873,0,heldout,llambo_warmstart_counter_source_acid_halide_reversal_noprior
real_buchwald_hartwig,llm_calibrated_selector,29296,98.2872,81.4069,1.7128,1,heldout,llm_semantic_counter_source_acid_halide_reversal_noprior
real_buchwald_hartwig,llm_direct_prior_counter_source_acid_halide_reversal_noprior,29296,98.7313,88.2931,1.2687,1,heldout,
real_buchwald_hartwig,llm_direct_prior_selector,29296,98.7313,88.2931,1.2687,1,heldout,llm_direct_prior_counter_source_acid_halide_reversal_noprior
real_buchwald_hartwig,llm_semantic_counter_source_acid_halide_reversal_noprior,29296,98.2872,81.4069,1.7128,1,heldout,
real_buchwald_hartwig,mixed_kernel_gp_ei,29296,97.2929,86.0136,2.7071,0,heldout,
real_buchwald_hartwig,target_acquisition_portfolio,29296,87.902,73.222,12.098,0,heldout,
real_buchwald_hartwig,care_strategy_router,29297,100.0,95.8155,0.0,1,heldout,llm_direct_prior_counter_source_acid_halide_reversal_noprior
real_buchwald_hartwig,gp_ucb,29297,98.8492,93.0319,1.1508,1,heldout,
real_buchwald_hartwig,llambo_warmstart_counter_source_acid_halide_reversal_noprior,29297,82.0277,81.3388,17.9723,0,heldout,
real_buchwald_hartwig,llambo_warmstart_selector,29297,82.0277,81.3388,17.9723,0,heldout,llambo_warmstart_counter_source_acid_halide_reversal_noprior
real_buchwald_hartwig,llm_calibrated_selector,29297,80.5828,77.8301,19.4172,0,heldout,llm_semantic_counter_source_acid_halide_reversal_noprior
real_buchwald_hartwig,llm_direct_prior_counter_source_acid_halide_reversal_noprior,29297,100.0,95.8155,0.0,1,heldout,
real_buchwald_hartwig,llm_direct_prior_selector,29297,100.0,95.8155,0.0,1,heldout,llm_direct_prior_counter_source_acid_halide_reversal_noprior
real_buchwald_hartwig,llm_semantic_counter_source_acid_halide_reversal_noprior,29297,80.5828,77.8301,19.4172,0,heldout,
real_buchwald_hartwig,mixed_kernel_gp_ei,29297,98.1771,92.6178,1.8229,1,heldout,
real_buchwald_hartwig,target_acquisition_portfolio,29297,98.1771,92.6178,1.8229,1,heldout,
real_buchwald_hartwig,care_strategy_router,29298,93.4211,88.9356,6.5789,0,heldout,llm_direct_prior_counter_source_acid_halide_reversal_noprior
real_buchwald_hartwig,gp_ucb,29298,99.6191,96.3848,0.3809,1,heldout,
real_buchwald_hartwig,llambo_warmstart_counter_source_acid_halide_reversal_noprior,29298,100.0,95.0996,0.0,1,heldout,
real_buchwald_hartwig,llambo_warmstart_selector,29298,100.0,95.0996,0.0,1,heldout,llambo_warmstart_counter_source_acid_halide_reversal_noprior
real_buchwald_hartwig,llm_calibrated_selector,29298,88.5139,86.3973,11.4861,0,heldout,llm_semantic_counter_source_acid_halide_reversal_noprior
real_buchwald_hartwig,llm_direct_prior_counter_source_acid_halide_reversal_noprior,29298,93.4211,88.9356,6.5789,0,heldout,
real_buchwald_hartwig,llm_direct_prior_selector,29298,93.4211,88.9356,6.5789,0,heldout,llm_direct_prior_counter_source_acid_halide_reversal_noprior
real_buchwald_hartwig,llm_semantic_counter_source_acid_halide_reversal_noprior,29298,88.5139,86.3973,11.4861,0,heldout,
real_buchwald_hartwig,mixed_kernel_gp_ei,29298,99.6191,93.1636,0.3809,1,heldout,
real_buchwald_hartwig,target_acquisition_portfolio,29298,99.6191,94.8912,0.3809,1,heldout,
real_buchwald_hartwig,care_strategy_router,29299,92.127,87.9825,7.873,0,heldout,llm_direct_prior_counter_source_acid_halide_reversal_noprior
real_buchwald_hartwig,gp_ucb,29299,93.5878,87.9328,6.4122,0,heldout,
real_buchwald_hartwig,llambo_warmstart_counter_source_acid_halide_reversal_noprior,29299,75.7172,73.1852,24.2828,0,heldout,
real_buchwald_hartwig,llambo_warmstart_selector,29299,75.7172,73.1852,24.2828,0,heldout,llambo_warmstart_counter_source_acid_halide_reversal_noprior
real_buchwald_hartwig,llm_calibrated_selector,29299,86.7621,83.7061,13.2379,0,heldout,llm_semantic_counter_source_acid_halide_reversal_noprior
real_buchwald_hartwig,llm_direct_prior_counter_source_acid_halide_reversal_noprior,29299,92.127,87.9825,7.873,0,heldout,
real_buchwald_hartwig,llm_direct_prior_selector,29299,92.127,87.9825,7.873,0,heldout,llm_direct_prior_counter_source_acid_halide_reversal_noprior
real_buchwald_hartwig,llm_semantic_counter_source_acid_halide_reversal_noprior,29299,86.7621,83.7061,13.2379,0,heldout,
real_buchwald_hartwig,mixed_kernel_gp_ei,29299,92.2093,88.2921,7.7907,0,heldout,
real_buchwald_hartwig,target_acquisition_portfolio,29299,92.127,89.1184,7.873,0,heldout,
