dataset,mode,seed,final_best,best_so_far_auc,simple_regret,top10_hit,split,selected_source_mode
real_buchwald_hartwig,gp_ucb,27000,78.224,72.2506,21.776,0,calibration,
real_buchwald_hartwig,llambo_warmstart_base_strength_solvent_polarity_domain,27000,92.659,84.319,7.341,0,calibration,
real_buchwald_hartwig,llambo_warmstart_base_strength_solvent_polarity_domain_conservative,27000,92.659,84.319,7.341,0,calibration,
real_buchwald_hartwig,llambo_warmstart_base_strength_solvent_polarity_domain_noprior,27000,92.659,84.319,7.341,0,calibration,
real_buchwald_hartwig,llambo_warmstart_counter_source_acid_halide_reversal,27000,99.6191,99.6191,0.3809,1,calibration,
real_buchwald_hartwig,llambo_warmstart_counter_source_acid_halide_reversal_conservative,27000,99.6191,99.6191,0.3809,1,calibration,
real_buchwald_hartwig,llambo_warmstart_counter_source_acid_halide_reversal_noprior,27000,99.6191,99.6191,0.3809,1,calibration,
real_buchwald_hartwig,llambo_warmstart_cross_skill_rule_bank,27000,97.2929,97.2929,2.7071,0,calibration,
real_buchwald_hartwig,llambo_warmstart_halide_reactivity_additive_suppression,27000,97.5685,82.635,2.4315,1,calibration,
real_buchwald_hartwig,llambo_warmstart_halide_reactivity_additive_suppression_conservative,27000,97.5685,82.635,2.4315,1,calibration,
real_buchwald_hartwig,llambo_warmstart_halide_reactivity_additive_suppression_noprior,27000,97.5685,82.635,2.4315,1,calibration,
real_buchwald_hartwig,llambo_warmstart_low_semantic_mass_anchor_heavy,27000,98.2872,65.4821,1.7128,1,calibration,
real_buchwald_hartwig,llambo_warmstart_low_semantic_mass_anchor_heavy_conservative,27000,98.2872,65.4821,1.7128,1,calibration,
real_buchwald_hartwig,llambo_warmstart_low_semantic_mass_anchor_heavy_noprior,27000,98.2872,65.4821,1.7128,1,calibration,
real_buchwald_hartwig,llambo_warmstart_mechanistic_heteroaromatic_halide_synergy,27000,92.1372,90.7935,7.8628,0,calibration,
real_buchwald_hartwig,llambo_warmstart_mechanistic_heteroaromatic_halide_synergy_conservative,27000,92.1372,90.7935,7.8628,0,calibration,
real_buchwald_hartwig,llambo_warmstart_mechanistic_heteroaromatic_halide_synergy_noprior,27000,92.1372,90.7935,7.8628,0,calibration,
real_buchwald_hartwig,llambo_warmstart_source_alignment_conservative_ligand_mass,27000,98.2872,83.8711,1.7128,1,calibration,
real_buchwald_hartwig,llambo_warmstart_source_alignment_conservative_ligand_mass_conservative,27000,98.2872,83.8711,1.7128,1,calibration,
real_buchwald_hartwig,llambo_warmstart_source_alignment_conservative_ligand_mass_noprior,27000,98.2872,83.8711,1.7128,1,calibration,
real_buchwald_hartwig,llambo_warmstart_source_schema_only_field_mapping,27000,92.904,84.1146,7.096,0,calibration,
real_buchwald_hartwig,llambo_warmstart_source_schema_only_field_mapping_conservative,27000,92.904,84.1146,7.096,0,calibration,
real_buchwald_hartwig,llambo_warmstart_source_schema_only_field_mapping_noprior,27000,92.904,84.1146,7.096,0,calibration,
real_buchwald_hartwig,llambo_warmstart_steric_tpsa_balanced_optimization,27000,80.5886,52.149,19.4114,0,calibration,
real_buchwald_hartwig,llambo_warmstart_steric_tpsa_balanced_optimization_conservative,27000,80.5886,52.149,19.4114,0,calibration,
real_buchwald_hartwig,llambo_warmstart_steric_tpsa_balanced_optimization_noprior,27000,80.5886,52.149,19.4114,0,calibration,
real_buchwald_hartwig,llm_direct_prior_base_strength_solvent_polarity_domain,27000,77.7868,67.59,22.2132,0,calibration,
real_buchwald_hartwig,llm_direct_prior_base_strength_solvent_polarity_domain_conservative,27000,73.1627,70.4284,26.8373,0,calibration,
real_buchwald_hartwig,llm_direct_prior_base_strength_solvent_polarity_domain_noprior,27000,77.7868,67.59,22.2132,0,calibration,
real_buchwald_hartwig,llm_direct_prior_counter_source_acid_halide_reversal,27000,93.0995,85.8057,6.9005,0,calibration,
real_buchwald_hartwig,llm_direct_prior_counter_source_acid_halide_reversal_conservative,27000,98.7313,82.742,1.2687,1,calibration,
real_buchwald_hartwig,llm_direct_prior_counter_source_acid_halide_reversal_noprior,27000,93.0995,85.8057,6.9005,0,calibration,
real_buchwald_hartwig,llm_direct_prior_cross_skill_rule_bank,27000,78.224,71.7112,21.776,0,calibration,
real_buchwald_hartwig,llm_direct_prior_halide_reactivity_additive_suppression,27000,69.1369,68.3243,30.8631,0,calibration,
real_buchwald_hartwig,llm_direct_prior_halide_reactivity_additive_suppression_conservative,27000,74.2352,70.0927,25.7648,0,calibration,
real_buchwald_hartwig,llm_direct_prior_halide_reactivity_additive_suppression_noprior,27000,69.1369,68.3243,30.8631,0,calibration,
real_buchwald_hartwig,llm_direct_prior_low_semantic_mass_anchor_heavy,27000,95.129,86.5926,4.871,0,calibration,
real_buchwald_hartwig,llm_direct_prior_low_semantic_mass_anchor_heavy_conservative,27000,95.129,86.5926,4.871,0,calibration,
real_buchwald_hartwig,llm_direct_prior_low_semantic_mass_anchor_heavy_noprior,27000,95.129,86.5926,4.871,0,calibration,
real_buchwald_hartwig,llm_direct_prior_mechanistic_heteroaromatic_halide_synergy,27000,89.8977,82.8568,10.1023,0,calibration,
real_buchwald_hartwig,llm_direct_prior_mechanistic_heteroaromatic_halide_synergy_conservative,27000,89.8977,82.8568,10.1023,0,calibration,
real_buchwald_hartwig,llm_direct_prior_mechanistic_heteroaromatic_halide_synergy_noprior,27000,89.8977,82.8568,10.1023,0,calibration,
real_buchwald_hartwig,llm_direct_prior_source_alignment_conservative_ligand_mass,27000,90.7313,79.0091,9.2687,0,calibration,
real_buchwald_hartwig,llm_direct_prior_source_alignment_conservative_ligand_mass_conservative,27000,90.7313,79.0091,9.2687,0,calibration,
real_buchwald_hartwig,llm_direct_prior_source_alignment_conservative_ligand_mass_noprior,27000,90.7313,79.0091,9.2687,0,calibration,
real_buchwald_hartwig,llm_direct_prior_source_schema_only_field_mapping,27000,72.6099,68.3751,27.3901,0,calibration,
real_buchwald_hartwig,llm_direct_prior_source_schema_only_field_mapping_conservative,27000,72.6099,68.3751,27.3901,0,calibration,
real_buchwald_hartwig,llm_direct_prior_source_schema_only_field_mapping_noprior,27000,72.6099,68.3751,27.3901,0,calibration,
real_buchwald_hartwig,llm_direct_prior_steric_tpsa_balanced_optimization,27000,68.7174,67.3438,31.2826,0,calibration,
real_buchwald_hartwig,llm_direct_prior_steric_tpsa_balanced_optimization_conservative,27000,68.7174,67.3438,31.2826,0,calibration,
real_buchwald_hartwig,llm_direct_prior_steric_tpsa_balanced_optimization_noprior,27000,68.7174,67.3438,31.2826,0,calibration,
real_buchwald_hartwig,llm_semantic_base_strength_solvent_polarity_domain,27000,75.7358,67.3837,24.2642,0,calibration,
real_buchwald_hartwig,llm_semantic_base_strength_solvent_polarity_domain_conservative,27000,73.6009,69.2972,26.3991,0,calibration,
real_buchwald_hartwig,llm_semantic_base_strength_solvent_polarity_domain_noprior,27000,92.3912,79.4096,7.6088,0,calibration,
real_buchwald_hartwig,llm_semantic_counter_source_acid_halide_reversal,27000,94.3462,85.0384,5.6538,0,calibration,
real_buchwald_hartwig,llm_semantic_counter_source_acid_halide_reversal_conservative,27000,89.8977,75.8159,10.1023,0,calibration,
real_buchwald_hartwig,llm_semantic_counter_source_acid_halide_reversal_noprior,27000,94.3462,80.2625,5.6538,0,calibration,
real_buchwald_hartwig,llm_semantic_cross_skill_rule_bank,27000,92.2093,88.1193,7.7907,0,calibration,
real_buchwald_hartwig,llm_semantic_halide_reactivity_additive_suppression,27000,81.2746,72.8896,18.7254,0,calibration,
real_buchwald_hartwig,llm_semantic_halide_reactivity_additive_suppression_conservative,27000,94.5498,84.6482,5.4502,0,calibration,
real_buchwald_hartwig,llm_semantic_halide_reactivity_additive_suppression_noprior,27000,87.2375,86.6799,12.7625,0,calibration,
real_buchwald_hartwig,llm_semantic_low_semantic_mass_anchor_heavy,27000,87.5291,72.7584,12.4709,0,calibration,
real_buchwald_hartwig,llm_semantic_low_semantic_mass_anchor_heavy_conservative,27000,75.7358,70.1512,24.2642,0,calibration,
real_buchwald_hartwig,llm_semantic_low_semantic_mass_anchor_heavy_noprior,27000,75.7358,70.1512,24.2642,0,calibration,
real_buchwald_hartwig,llm_semantic_mechanistic_heteroaromatic_halide_synergy,27000,89.4195,77.8849,10.5805,0,calibration,
real_buchwald_hartwig,llm_semantic_mechanistic_heteroaromatic_halide_synergy_conservative,27000,73.6009,69.5675,26.3991,0,calibration,
real_buchwald_hartwig,llm_semantic_mechanistic_heteroaromatic_halide_synergy_noprior,27000,89.4195,77.8849,10.5805,0,calibration,
real_buchwald_hartwig,llm_semantic_source_alignment_conservative_ligand_mass,27000,85.4018,79.2994,14.5982,0,calibration,
real_buchwald_hartwig,llm_semantic_source_alignment_conservative_ligand_mass_conservative,27000,85.4018,79.2994,14.5982,0,calibration,
real_buchwald_hartwig,llm_semantic_source_alignment_conservative_ligand_mass_noprior,27000,85.4018,79.2994,14.5982,0,calibration,
real_buchwald_hartwig,llm_semantic_source_schema_only_field_mapping,27000,75.9961,70.9726,24.0039,0,calibration,
real_buchwald_hartwig,llm_semantic_source_schema_only_field_mapping_conservative,27000,75.9961,72.1689,24.0039,0,calibration,
real_buchwald_hartwig,llm_semantic_source_schema_only_field_mapping_noprior,27000,75.9961,72.1689,24.0039,0,calibration,
real_buchwald_hartwig,llm_semantic_steric_tpsa_balanced_optimization,27000,93.0289,89.2166,6.9711,0,calibration,
real_buchwald_hartwig,llm_semantic_steric_tpsa_balanced_optimization_conservative,27000,77.5102,69.396,22.4898,0,calibration,
real_buchwald_hartwig,llm_semantic_steric_tpsa_balanced_optimization_noprior,27000,94.5498,81.4006,5.4502,0,calibration,
real_buchwald_hartwig,mixed_kernel_gp_ei,27000,93.0326,84.5037,6.9674,0,calibration,
real_buchwald_hartwig,target_acquisition_portfolio,27000,92.8977,83.8621,7.1023,0,calibration,
real_buchwald_hartwig,gp_ucb,27001,82.4636,78.3579,17.5364,0,calibration,
real_buchwald_hartwig,llambo_warmstart_base_strength_solvent_polarity_domain,27001,98.8492,92.2657,1.1508,1,calibration,
real_buchwald_hartwig,llambo_warmstart_base_strength_solvent_polarity_domain_conservative,27001,98.8492,92.2657,1.1508,1,calibration,
real_buchwald_hartwig,llambo_warmstart_base_strength_solvent_polarity_domain_noprior,27001,98.8492,92.2657,1.1508,1,calibration,
real_buchwald_hartwig,llambo_warmstart_counter_source_acid_halide_reversal,27001,94.8799,93.0656,5.1201,0,calibration,
real_buchwald_hartwig,llambo_warmstart_counter_source_acid_halide_reversal_conservative,27001,94.8799,93.0656,5.1201,0,calibration,
real_buchwald_hartwig,llambo_warmstart_counter_source_acid_halide_reversal_noprior,27001,94.8799,93.0656,5.1201,0,calibration,
real_buchwald_hartwig,llambo_warmstart_cross_skill_rule_bank,27001,97.2929,95.8725,2.7071,0,calibration,
real_buchwald_hartwig,llambo_warmstart_halide_reactivity_additive_suppression,27001,89.6142,82.3927,10.3858,0,calibration,
real_buchwald_hartwig,llambo_warmstart_halide_reactivity_additive_suppression_conservative,27001,89.6142,82.3927,10.3858,0,calibration,
real_buchwald_hartwig,llambo_warmstart_halide_reactivity_additive_suppression_noprior,27001,89.6142,82.3927,10.3858,0,calibration,
real_buchwald_hartwig,llambo_warmstart_low_semantic_mass_anchor_heavy,27001,89.5988,83.7648,10.4012,0,calibration,
real_buchwald_hartwig,llambo_warmstart_low_semantic_mass_anchor_heavy_conservative,27001,89.5988,83.7648,10.4012,0,calibration,
real_buchwald_hartwig,llambo_warmstart_low_semantic_mass_anchor_heavy_noprior,27001,89.5988,83.7648,10.4012,0,calibration,
real_buchwald_hartwig,llambo_warmstart_mechanistic_heteroaromatic_halide_synergy,27001,94.5498,92.3547,5.4502,0,calibration,
real_buchwald_hartwig,llambo_warmstart_mechanistic_heteroaromatic_halide_synergy_conservative,27001,94.5498,92.3547,5.4502,0,calibration,
real_buchwald_hartwig,llambo_warmstart_mechanistic_heteroaromatic_halide_synergy_noprior,27001,94.5498,92.3547,5.4502,0,calibration,
real_buchwald_hartwig,llambo_warmstart_source_alignment_conservative_ligand_mass,27001,98.8492,94.6343,1.1508,1,calibration,
real_buchwald_hartwig,llambo_warmstart_source_alignment_conservative_ligand_mass_conservative,27001,98.8492,94.6343,1.1508,1,calibration,
real_buchwald_hartwig,llambo_warmstart_source_alignment_conservative_ligand_mass_noprior,27001,98.8492,94.6343,1.1508,1,calibration,
real_buchwald_hartwig,llambo_warmstart_source_schema_only_field_mapping,27001,86.215,72.5813,13.785,0,calibration,
real_buchwald_hartwig,llambo_warmstart_source_schema_only_field_mapping_conservative,27001,86.215,72.5813,13.785,0,calibration,
real_buchwald_hartwig,llambo_warmstart_source_schema_only_field_mapping_noprior,27001,86.215,72.5813,13.785,0,calibration,
real_buchwald_hartwig,llambo_warmstart_steric_tpsa_balanced_optimization,27001,72.6088,67.1907,27.3912,0,calibration,
real_buchwald_hartwig,llambo_warmstart_steric_tpsa_balanced_optimization_conservative,27001,72.6088,67.1907,27.3912,0,calibration,
real_buchwald_hartwig,llambo_warmstart_steric_tpsa_balanced_optimization_noprior,27001,72.6088,67.1907,27.3912,0,calibration,
real_buchwald_hartwig,llm_direct_prior_base_strength_solvent_polarity_domain,27001,91.9334,79.0499,8.0666,0,calibration,
real_buchwald_hartwig,llm_direct_prior_base_strength_solvent_polarity_domain_conservative,27001,91.9334,82.1896,8.0666,0,calibration,
real_buchwald_hartwig,llm_direct_prior_base_strength_solvent_polarity_domain_noprior,27001,91.9334,79.0499,8.0666,0,calibration,
real_buchwald_hartwig,llm_direct_prior_counter_source_acid_halide_reversal,27001,97.5685,97.3503,2.4315,1,calibration,
real_buchwald_hartwig,llm_direct_prior_counter_source_acid_halide_reversal_conservative,27001,97.5685,88.3304,2.4315,1,calibration,
real_buchwald_hartwig,llm_direct_prior_counter_source_acid_halide_reversal_noprior,27001,97.5685,97.3503,2.4315,1,calibration,
real_buchwald_hartwig,llm_direct_prior_cross_skill_rule_bank,27001,91.9334,83.184,8.0666,0,calibration,
real_buchwald_hartwig,llm_direct_prior_halide_reactivity_additive_suppression,27001,91.3733,81.3163,8.6267,0,calibration,
real_buchwald_hartwig,llm_direct_prior_halide_reactivity_additive_suppression_conservative,27001,90.2279,78.9741,9.7721,0,calibration,
real_buchwald_hartwig,llm_direct_prior_halide_reactivity_additive_suppression_noprior,27001,91.3733,81.3163,8.6267,0,calibration,
real_buchwald_hartwig,llm_direct_prior_low_semantic_mass_anchor_heavy,27001,94.1485,85.0052,5.8515,0,calibration,
real_buchwald_hartwig,llm_direct_prior_low_semantic_mass_anchor_heavy_conservative,27001,94.1485,85.0052,5.8515,0,calibration,
real_buchwald_hartwig,llm_direct_prior_low_semantic_mass_anchor_heavy_noprior,27001,94.1485,85.0052,5.8515,0,calibration,
real_buchwald_hartwig,llm_direct_prior_mechanistic_heteroaromatic_halide_synergy,27001,97.5685,84.3992,2.4315,1,calibration,
real_buchwald_hartwig,llm_direct_prior_mechanistic_heteroaromatic_halide_synergy_conservative,27001,100.0,88.4431,0.0,1,calibration,
real_buchwald_hartwig,llm_direct_prior_mechanistic_heteroaromatic_halide_synergy_noprior,27001,97.5685,84.3992,2.4315,1,calibration,
real_buchwald_hartwig,llm_direct_prior_source_alignment_conservative_ligand_mass,27001,100.0,86.9883,0.0,1,calibration,
real_buchwald_hartwig,llm_direct_prior_source_alignment_conservative_ligand_mass_conservative,27001,100.0,86.9883,0.0,1,calibration,
real_buchwald_hartwig,llm_direct_prior_source_alignment_conservative_ligand_mass_noprior,27001,100.0,86.9883,0.0,1,calibration,
real_buchwald_hartwig,llm_direct_prior_source_schema_only_field_mapping,27001,86.1219,77.982,13.8781,0,calibration,
real_buchwald_hartwig,llm_direct_prior_source_schema_only_field_mapping_conservative,27001,79.0762,76.4825,20.9238,0,calibration,
real_buchwald_hartwig,llm_direct_prior_source_schema_only_field_mapping_noprior,27001,86.1219,77.982,13.8781,0,calibration,
real_buchwald_hartwig,llm_direct_prior_steric_tpsa_balanced_optimization,27001,80.5828,77.877,19.4172,0,calibration,
real_buchwald_hartwig,llm_direct_prior_steric_tpsa_balanced_optimization_conservative,27001,79.0762,75.5045,20.9238,0,calibration,
real_buchwald_hartwig,llm_direct_prior_steric_tpsa_balanced_optimization_noprior,27001,80.5828,77.877,19.4172,0,calibration,
real_buchwald_hartwig,llm_semantic_base_strength_solvent_polarity_domain,27001,84.6825,76.6258,15.3175,0,calibration,
real_buchwald_hartwig,llm_semantic_base_strength_solvent_polarity_domain_conservative,27001,86.1944,79.8795,13.8056,0,calibration,
real_buchwald_hartwig,llm_semantic_base_strength_solvent_polarity_domain_noprior,27001,88.5139,78.3991,11.4861,0,calibration,
real_buchwald_hartwig,llm_semantic_counter_source_acid_halide_reversal,27001,95.3865,84.238,4.6135,0,calibration,
real_buchwald_hartwig,llm_semantic_counter_source_acid_halide_reversal_conservative,27001,83.3036,81.5652,16.6964,0,calibration,
real_buchwald_hartwig,llm_semantic_counter_source_acid_halide_reversal_noprior,27001,83.0965,79.7025,16.9035,0,calibration,
real_buchwald_hartwig,llm_semantic_cross_skill_rule_bank,27001,89.8895,83.7783,10.1105,0,calibration,
real_buchwald_hartwig,llm_semantic_halide_reactivity_additive_suppression,27001,96.1323,93.579,3.8677,0,calibration,
real_buchwald_hartwig,llm_semantic_halide_reactivity_additive_suppression_conservative,27001,99.6191,93.8028,0.3809,1,calibration,
real_buchwald_hartwig,llm_semantic_halide_reactivity_additive_suppression_noprior,27001,100.0,80.8276,0.0,1,calibration,
real_buchwald_hartwig,llm_semantic_low_semantic_mass_anchor_heavy,27001,95.3865,91.8292,4.6135,0,calibration,
real_buchwald_hartwig,llm_semantic_low_semantic_mass_anchor_heavy_conservative,27001,95.3865,91.8292,4.6135,0,calibration,
real_buchwald_hartwig,llm_semantic_low_semantic_mass_anchor_heavy_noprior,27001,95.3865,91.8292,4.6135,0,calibration,
real_buchwald_hartwig,llm_semantic_mechanistic_heteroaromatic_halide_synergy,27001,93.0289,76.6327,6.9711,0,calibration,
real_buchwald_hartwig,llm_semantic_mechanistic_heteroaromatic_halide_synergy_conservative,27001,90.9905,81.8949,9.0095,0,calibration,
real_buchwald_hartwig,llm_semantic_mechanistic_heteroaromatic_halide_synergy_noprior,27001,93.0289,78.4744,6.9711,0,calibration,
real_buchwald_hartwig,llm_semantic_source_alignment_conservative_ligand_mass,27001,95.3865,85.8094,4.6135,0,calibration,
real_buchwald_hartwig,llm_semantic_source_alignment_conservative_ligand_mass_conservative,27001,95.3865,86.0602,4.6135,0,calibration,
real_buchwald_hartwig,llm_semantic_source_alignment_conservative_ligand_mass_noprior,27001,95.3865,86.0602,4.6135,0,calibration,
real_buchwald_hartwig,llm_semantic_source_schema_only_field_mapping,27001,84.6825,76.6258,15.3175,0,calibration,
real_buchwald_hartwig,llm_semantic_source_schema_only_field_mapping_conservative,27001,74.6116,74.6116,25.3884,0,calibration,
real_buchwald_hartwig,llm_semantic_source_schema_only_field_mapping_noprior,27001,84.6825,76.6258,15.3175,0,calibration,
real_buchwald_hartwig,llm_semantic_steric_tpsa_balanced_optimization,27001,95.3865,88.4758,4.6135,0,calibration,
real_buchwald_hartwig,llm_semantic_steric_tpsa_balanced_optimization_conservative,27001,95.7526,92.5102,4.2474,0,calibration,
real_buchwald_hartwig,llm_semantic_steric_tpsa_balanced_optimization_noprior,27001,88.5139,83.4229,11.4861,0,calibration,
real_buchwald_hartwig,mixed_kernel_gp_ei,27001,83.3036,82.2664,16.6964,0,calibration,
real_buchwald_hartwig,target_acquisition_portfolio,27001,95.3865,87.2134,4.6135,0,calibration,
real_buchwald_hartwig,gp_ucb,27002,90.9905,86.0133,9.0095,0,calibration,
real_buchwald_hartwig,llambo_warmstart_base_strength_solvent_polarity_domain,27002,100.0,88.1403,0.0,1,calibration,
real_buchwald_hartwig,llambo_warmstart_base_strength_solvent_polarity_domain_conservative,27002,100.0,88.1403,0.0,1,calibration,
real_buchwald_hartwig,llambo_warmstart_base_strength_solvent_polarity_domain_noprior,27002,100.0,88.1403,0.0,1,calibration,
real_buchwald_hartwig,llambo_warmstart_counter_source_acid_halide_reversal,27002,89.3231,80.9433,10.6769,0,calibration,
real_buchwald_hartwig,llambo_warmstart_counter_source_acid_halide_reversal_conservative,27002,89.3231,80.9433,10.6769,0,calibration,
real_buchwald_hartwig,llambo_warmstart_counter_source_acid_halide_reversal_noprior,27002,89.3231,80.9433,10.6769,0,calibration,
real_buchwald_hartwig,llambo_warmstart_cross_skill_rule_bank,27002,98.7313,92.1209,1.2687,1,calibration,
real_buchwald_hartwig,llambo_warmstart_halide_reactivity_additive_suppression,27002,99.6191,86.4935,0.3809,1,calibration,
real_buchwald_hartwig,llambo_warmstart_halide_reactivity_additive_suppression_conservative,27002,99.6191,86.4935,0.3809,1,calibration,
real_buchwald_hartwig,llambo_warmstart_halide_reactivity_additive_suppression_noprior,27002,99.6191,86.4935,0.3809,1,calibration,
real_buchwald_hartwig,llambo_warmstart_low_semantic_mass_anchor_heavy,27002,95.6759,76.2513,4.3241,0,calibration,
real_buchwald_hartwig,llambo_warmstart_low_semantic_mass_anchor_heavy_conservative,27002,95.6759,76.2513,4.3241,0,calibration,
real_buchwald_hartwig,llambo_warmstart_low_semantic_mass_anchor_heavy_noprior,27002,95.6759,76.2513,4.3241,0,calibration,
real_buchwald_hartwig,llambo_warmstart_mechanistic_heteroaromatic_halide_synergy,27002,94.5498,92.6672,5.4502,0,calibration,
real_buchwald_hartwig,llambo_warmstart_mechanistic_heteroaromatic_halide_synergy_conservative,27002,94.5498,92.6672,5.4502,0,calibration,
real_buchwald_hartwig,llambo_warmstart_mechanistic_heteroaromatic_halide_synergy_noprior,27002,94.5498,92.6672,5.4502,0,calibration,
real_buchwald_hartwig,llambo_warmstart_source_alignment_conservative_ligand_mass,27002,93.5878,89.3577,6.4122,0,calibration,
real_buchwald_hartwig,llambo_warmstart_source_alignment_conservative_ligand_mass_conservative,27002,93.5878,89.3577,6.4122,0,calibration,
real_buchwald_hartwig,llambo_warmstart_source_alignment_conservative_ligand_mass_noprior,27002,93.5878,89.3577,6.4122,0,calibration,
real_buchwald_hartwig,llambo_warmstart_source_schema_only_field_mapping,27002,92.3538,81.5526,7.6462,0,calibration,
real_buchwald_hartwig,llambo_warmstart_source_schema_only_field_mapping_conservative,27002,92.3538,81.5526,7.6462,0,calibration,
real_buchwald_hartwig,llambo_warmstart_source_schema_only_field_mapping_noprior,27002,92.3538,81.5526,7.6462,0,calibration,
real_buchwald_hartwig,llambo_warmstart_steric_tpsa_balanced_optimization,27002,92.127,69.4622,7.873,0,calibration,
real_buchwald_hartwig,llambo_warmstart_steric_tpsa_balanced_optimization_conservative,27002,92.127,69.4622,7.873,0,calibration,
real_buchwald_hartwig,llambo_warmstart_steric_tpsa_balanced_optimization_noprior,27002,92.127,69.4622,7.873,0,calibration,
real_buchwald_hartwig,llm_direct_prior_base_strength_solvent_polarity_domain,27002,90.7313,79.6379,9.2687,0,calibration,
real_buchwald_hartwig,llm_direct_prior_base_strength_solvent_polarity_domain_conservative,27002,91.2097,82.4266,8.7903,0,calibration,
real_buchwald_hartwig,llm_direct_prior_base_strength_solvent_polarity_domain_noprior,27002,90.7313,79.6379,9.2687,0,calibration,
real_buchwald_hartwig,llm_direct_prior_counter_source_acid_halide_reversal,27002,82.6307,78.8111,17.3693,0,calibration,
real_buchwald_hartwig,llm_direct_prior_counter_source_acid_halide_reversal_conservative,27002,99.0345,84.4159,0.9655,1,calibration,
real_buchwald_hartwig,llm_direct_prior_counter_source_acid_halide_reversal_noprior,27002,82.6307,78.8111,17.3693,0,calibration,
real_buchwald_hartwig,llm_direct_prior_cross_skill_rule_bank,27002,91.3733,86.2176,8.6267,0,calibration,
real_buchwald_hartwig,llm_direct_prior_halide_reactivity_additive_suppression,27002,84.2019,79.7374,15.7981,0,calibration,
real_buchwald_hartwig,llm_direct_prior_halide_reactivity_additive_suppression_conservative,27002,91.3733,87.0467,8.6267,0,calibration,
real_buchwald_hartwig,llm_direct_prior_halide_reactivity_additive_suppression_noprior,27002,84.2019,79.7374,15.7981,0,calibration,
real_buchwald_hartwig,llm_direct_prior_low_semantic_mass_anchor_heavy,27002,99.0345,90.696,0.9655,1,calibration,
real_buchwald_hartwig,llm_direct_prior_low_semantic_mass_anchor_heavy_conservative,27002,99.0345,90.696,0.9655,1,calibration,
real_buchwald_hartwig,llm_direct_prior_low_semantic_mass_anchor_heavy_noprior,27002,99.0345,90.696,0.9655,1,calibration,
real_buchwald_hartwig,llm_direct_prior_mechanistic_heteroaromatic_halide_synergy,27002,95.129,92.9141,4.871,0,calibration,
real_buchwald_hartwig,llm_direct_prior_mechanistic_heteroaromatic_halide_synergy_conservative,27002,95.129,90.866,4.871,0,calibration,
real_buchwald_hartwig,llm_direct_prior_mechanistic_heteroaromatic_halide_synergy_noprior,27002,95.129,92.9141,4.871,0,calibration,
real_buchwald_hartwig,llm_direct_prior_source_alignment_conservative_ligand_mass,27002,91.3733,89.7151,8.6267,0,calibration,
real_buchwald_hartwig,llm_direct_prior_source_alignment_conservative_ligand_mass_conservative,27002,91.3733,89.7151,8.6267,0,calibration,
real_buchwald_hartwig,llm_direct_prior_source_alignment_conservative_ligand_mass_noprior,27002,91.3733,89.7151,8.6267,0,calibration,
real_buchwald_hartwig,llm_direct_prior_source_schema_only_field_mapping,27002,89.0766,86.1022,10.9234,0,calibration,
real_buchwald_hartwig,llm_direct_prior_source_schema_only_field_mapping_conservative,27002,90.9905,86.2936,9.0095,0,calibration,
real_buchwald_hartwig,llm_direct_prior_source_schema_only_field_mapping_noprior,27002,89.0766,86.1022,10.9234,0,calibration,
real_buchwald_hartwig,llm_direct_prior_steric_tpsa_balanced_optimization,27002,72.9803,72.9803,27.0197,0,calibration,
real_buchwald_hartwig,llm_direct_prior_steric_tpsa_balanced_optimization_conservative,27002,80.2853,73.7108,19.7147,0,calibration,
real_buchwald_hartwig,llm_direct_prior_steric_tpsa_balanced_optimization_noprior,27002,72.9803,72.9803,27.0197,0,calibration,
real_buchwald_hartwig,llm_semantic_base_strength_solvent_polarity_domain,27002,80.2853,77.2718,19.7147,0,calibration,
real_buchwald_hartwig,llm_semantic_base_strength_solvent_polarity_domain_conservative,27002,80.2853,77.4882,19.7147,0,calibration,
real_buchwald_hartwig,llm_semantic_base_strength_solvent_polarity_domain_noprior,27002,78.7679,74.9328,21.2321,0,calibration,
real_buchwald_hartwig,llm_semantic_counter_source_acid_halide_reversal,27002,97.5685,90.9425,2.4315,1,calibration,
real_buchwald_hartwig,llm_semantic_counter_source_acid_halide_reversal_conservative,27002,96.1323,88.2831,3.8677,0,calibration,
real_buchwald_hartwig,llm_semantic_counter_source_acid_halide_reversal_noprior,27002,72.9803,72.9803,27.0197,0,calibration,
real_buchwald_hartwig,llm_semantic_cross_skill_rule_bank,27002,85.6592,79.1228,14.3408,0,calibration,
real_buchwald_hartwig,llm_semantic_halide_reactivity_additive_suppression,27002,94.5498,93.3402,5.4502,0,calibration,
real_buchwald_hartwig,llm_semantic_halide_reactivity_additive_suppression_conservative,27002,81.2283,77.2169,18.7717,0,calibration,
real_buchwald_hartwig,llm_semantic_halide_reactivity_additive_suppression_noprior,27002,92.1197,88.2918,7.8803,0,calibration,
real_buchwald_hartwig,llm_semantic_low_semantic_mass_anchor_heavy,27002,94.5498,89.9774,5.4502,0,calibration,
real_buchwald_hartwig,llm_semantic_low_semantic_mass_anchor_heavy_conservative,27002,94.5498,89.9774,5.4502,0,calibration,
real_buchwald_hartwig,llm_semantic_low_semantic_mass_anchor_heavy_noprior,27002,94.5498,89.9774,5.4502,0,calibration,
real_buchwald_hartwig,llm_semantic_mechanistic_heteroaromatic_halide_synergy,27002,86.1982,84.9716,13.8018,0,calibration,
real_buchwald_hartwig,llm_semantic_mechanistic_heteroaromatic_halide_synergy_conservative,27002,92.3912,85.7997,7.6088,0,calibration,
real_buchwald_hartwig,llm_semantic_mechanistic_heteroaromatic_halide_synergy_noprior,27002,86.1982,84.2631,13.8018,0,calibration,
real_buchwald_hartwig,llm_semantic_source_alignment_conservative_ligand_mass,27002,95.0702,85.4243,4.9298,0,calibration,
real_buchwald_hartwig,llm_semantic_source_alignment_conservative_ligand_mass_conservative,27002,95.0702,92.8612,4.9298,0,calibration,
real_buchwald_hartwig,llm_semantic_source_alignment_conservative_ligand_mass_noprior,27002,95.0702,92.8612,4.9298,0,calibration,
real_buchwald_hartwig,llm_semantic_source_schema_only_field_mapping,27002,90.9905,79.5726,9.0095,0,calibration,
real_buchwald_hartwig,llm_semantic_source_schema_only_field_mapping_conservative,27002,90.9905,79.5726,9.0095,0,calibration,
real_buchwald_hartwig,llm_semantic_source_schema_only_field_mapping_noprior,27002,90.9905,79.5726,9.0095,0,calibration,
real_buchwald_hartwig,llm_semantic_steric_tpsa_balanced_optimization,27002,84.8561,75.1402,15.1439,0,calibration,
real_buchwald_hartwig,llm_semantic_steric_tpsa_balanced_optimization_conservative,27002,77.5102,77.1653,22.4898,0,calibration,
real_buchwald_hartwig,llm_semantic_steric_tpsa_balanced_optimization_noprior,27002,74.0607,74.0607,25.9393,0,calibration,
real_buchwald_hartwig,mixed_kernel_gp_ei,27002,90.9905,87.3812,9.0095,0,calibration,
real_buchwald_hartwig,target_acquisition_portfolio,27002,90.9905,86.0133,9.0095,0,calibration,
real_buchwald_hartwig,gp_ucb,27003,89.6142,85.2961,10.3858,0,calibration,
real_buchwald_hartwig,llambo_warmstart_base_strength_solvent_polarity_domain,27003,100.0,89.8247,0.0,1,calibration,
real_buchwald_hartwig,llambo_warmstart_base_strength_solvent_polarity_domain_conservative,27003,100.0,89.8247,0.0,1,calibration,
real_buchwald_hartwig,llambo_warmstart_base_strength_solvent_polarity_domain_noprior,27003,100.0,89.8247,0.0,1,calibration,
real_buchwald_hartwig,llambo_warmstart_counter_source_acid_halide_reversal,27003,92.659,92.659,7.341,0,calibration,
real_buchwald_hartwig,llambo_warmstart_counter_source_acid_halide_reversal_conservative,27003,92.659,92.659,7.341,0,calibration,
real_buchwald_hartwig,llambo_warmstart_counter_source_acid_halide_reversal_noprior,27003,92.659,92.659,7.341,0,calibration,
real_buchwald_hartwig,llambo_warmstart_cross_skill_rule_bank,27003,85.4018,78.7323,14.5982,0,calibration,
real_buchwald_hartwig,llambo_warmstart_halide_reactivity_additive_suppression,27003,94.1485,91.4728,5.8515,0,calibration,
real_buchwald_hartwig,llambo_warmstart_halide_reactivity_additive_suppression_conservative,27003,94.1485,91.4728,5.8515,0,calibration,
real_buchwald_hartwig,llambo_warmstart_halide_reactivity_additive_suppression_noprior,27003,94.1485,91.4728,5.8515,0,calibration,
real_buchwald_hartwig,llambo_warmstart_low_semantic_mass_anchor_heavy,27003,89.0766,86.0932,10.9234,0,calibration,
real_buchwald_hartwig,llambo_warmstart_low_semantic_mass_anchor_heavy_conservative,27003,89.0766,86.0932,10.9234,0,calibration,
real_buchwald_hartwig,llambo_warmstart_low_semantic_mass_anchor_heavy_noprior,27003,89.0766,86.0932,10.9234,0,calibration,
real_buchwald_hartwig,llambo_warmstart_mechanistic_heteroaromatic_halide_synergy,27003,93.3108,93.147,6.6892,0,calibration,
real_buchwald_hartwig,llambo_warmstart_mechanistic_heteroaromatic_halide_synergy_conservative,27003,93.3108,93.147,6.6892,0,calibration,
real_buchwald_hartwig,llambo_warmstart_mechanistic_heteroaromatic_halide_synergy_noprior,27003,93.3108,93.147,6.6892,0,calibration,
real_buchwald_hartwig,llambo_warmstart_source_alignment_conservative_ligand_mass,27003,69.3899,66.9761,30.6101,0,calibration,
real_buchwald_hartwig,llambo_warmstart_source_alignment_conservative_ligand_mass_conservative,27003,69.3899,66.9761,30.6101,0,calibration,
real_buchwald_hartwig,llambo_warmstart_source_alignment_conservative_ligand_mass_noprior,27003,69.3899,66.9761,30.6101,0,calibration,
real_buchwald_hartwig,llambo_warmstart_source_schema_only_field_mapping,27003,78.005,78.005,21.995,0,calibration,
real_buchwald_hartwig,llambo_warmstart_source_schema_only_field_mapping_conservative,27003,78.005,78.005,21.995,0,calibration,
real_buchwald_hartwig,llambo_warmstart_source_schema_only_field_mapping_noprior,27003,78.005,78.005,21.995,0,calibration,
real_buchwald_hartwig,llambo_warmstart_steric_tpsa_balanced_optimization,27003,94.1485,85.7394,5.8515,0,calibration,
real_buchwald_hartwig,llambo_warmstart_steric_tpsa_balanced_optimization_conservative,27003,94.1485,85.7394,5.8515,0,calibration,
real_buchwald_hartwig,llambo_warmstart_steric_tpsa_balanced_optimization_noprior,27003,94.1485,85.7394,5.8515,0,calibration,
real_buchwald_hartwig,llm_direct_prior_base_strength_solvent_polarity_domain,27003,80.978,80.978,19.022,0,calibration,
real_buchwald_hartwig,llm_direct_prior_base_strength_solvent_polarity_domain_conservative,27003,83.2944,81.9046,16.7056,0,calibration,
real_buchwald_hartwig,llm_direct_prior_base_strength_solvent_polarity_domain_noprior,27003,80.978,80.978,19.022,0,calibration,
real_buchwald_hartwig,llm_direct_prior_counter_source_acid_halide_reversal,27003,100.0,96.1526,0.0,1,calibration,
real_buchwald_hartwig,llm_direct_prior_counter_source_acid_halide_reversal_conservative,27003,97.5685,95.9094,2.4315,1,calibration,
real_buchwald_hartwig,llm_direct_prior_counter_source_acid_halide_reversal_noprior,27003,100.0,96.1526,0.0,1,calibration,
real_buchwald_hartwig,llm_direct_prior_cross_skill_rule_bank,27003,98.7313,95.1806,1.2687,1,calibration,
real_buchwald_hartwig,llm_direct_prior_halide_reactivity_additive_suppression,27003,80.978,80.978,19.022,0,calibration,
real_buchwald_hartwig,llm_direct_prior_halide_reactivity_additive_suppression_conservative,27003,83.2944,81.9046,16.7056,0,calibration,
real_buchwald_hartwig,llm_direct_prior_halide_reactivity_additive_suppression_noprior,27003,80.978,80.978,19.022,0,calibration,
real_buchwald_hartwig,llm_direct_prior_low_semantic_mass_anchor_heavy,27003,83.2944,83.2944,16.7056,0,calibration,
real_buchwald_hartwig,llm_direct_prior_low_semantic_mass_anchor_heavy_conservative,27003,83.2944,83.2944,16.7056,0,calibration,
real_buchwald_hartwig,llm_direct_prior_low_semantic_mass_anchor_heavy_noprior,27003,83.2944,83.2944,16.7056,0,calibration,
real_buchwald_hartwig,llm_direct_prior_mechanistic_heteroaromatic_halide_synergy,27003,93.3108,87.6967,6.6892,0,calibration,
real_buchwald_hartwig,llm_direct_prior_mechanistic_heteroaromatic_halide_synergy_conservative,27003,100.0,98.7843,0.0,1,calibration,
real_buchwald_hartwig,llm_direct_prior_mechanistic_heteroaromatic_halide_synergy_noprior,27003,93.3108,87.6967,6.6892,0,calibration,
real_buchwald_hartwig,llm_direct_prior_source_alignment_conservative_ligand_mass,27003,100.0,94.9798,0.0,1,calibration,
real_buchwald_hartwig,llm_direct_prior_source_alignment_conservative_ligand_mass_conservative,27003,100.0,94.9798,0.0,1,calibration,
real_buchwald_hartwig,llm_direct_prior_source_alignment_conservative_ligand_mass_noprior,27003,100.0,94.9798,0.0,1,calibration,
real_buchwald_hartwig,llm_direct_prior_source_schema_only_field_mapping,27003,84.93,84.1396,15.07,0,calibration,
real_buchwald_hartwig,llm_direct_prior_source_schema_only_field_mapping_conservative,27003,84.93,84.1396,15.07,0,calibration,
real_buchwald_hartwig,llm_direct_prior_source_schema_only_field_mapping_noprior,27003,84.93,84.1396,15.07,0,calibration,
real_buchwald_hartwig,llm_direct_prior_steric_tpsa_balanced_optimization,27003,80.978,80.978,19.022,0,calibration,
real_buchwald_hartwig,llm_direct_prior_steric_tpsa_balanced_optimization_conservative,27003,81.5694,81.3328,18.4306,0,calibration,
real_buchwald_hartwig,llm_direct_prior_steric_tpsa_balanced_optimization_noprior,27003,80.978,80.978,19.022,0,calibration,
real_buchwald_hartwig,llm_semantic_base_strength_solvent_polarity_domain,27003,96.1323,84.2097,3.8677,0,calibration,
real_buchwald_hartwig,llm_semantic_base_strength_solvent_polarity_domain_conservative,27003,100.0,86.9162,0.0,1,calibration,
real_buchwald_hartwig,llm_semantic_base_strength_solvent_polarity_domain_noprior,27003,87.2375,84.074,12.7625,0,calibration,
real_buchwald_hartwig,llm_semantic_counter_source_acid_halide_reversal,27003,83.0165,81.3857,16.9835,0,calibration,
real_buchwald_hartwig,llm_semantic_counter_source_acid_halide_reversal_conservative,27003,83.0165,81.7934,16.9835,0,calibration,
real_buchwald_hartwig,llm_semantic_counter_source_acid_halide_reversal_noprior,27003,89.6142,87.887,10.3858,0,calibration,
real_buchwald_hartwig,llm_semantic_cross_skill_rule_bank,27003,97.5685,90.9323,2.4315,1,calibration,
real_buchwald_hartwig,llm_semantic_halide_reactivity_additive_suppression,27003,96.1323,92.6614,3.8677,0,calibration,
real_buchwald_hartwig,llm_semantic_halide_reactivity_additive_suppression_conservative,27003,96.1323,88.756,3.8677,0,calibration,
real_buchwald_hartwig,llm_semantic_halide_reactivity_additive_suppression_noprior,27003,96.1323,88.767,3.8677,0,calibration,
real_buchwald_hartwig,llm_semantic_low_semantic_mass_anchor_heavy,27003,96.1323,85.5708,3.8677,0,calibration,
real_buchwald_hartwig,llm_semantic_low_semantic_mass_anchor_heavy_conservative,27003,96.1323,84.3671,3.8677,0,calibration,
real_buchwald_hartwig,llm_semantic_low_semantic_mass_anchor_heavy_noprior,27003,96.1323,84.3671,3.8677,0,calibration,
real_buchwald_hartwig,llm_semantic_mechanistic_heteroaromatic_halide_synergy,27003,89.6142,89.6142,10.3858,0,calibration,
real_buchwald_hartwig,llm_semantic_mechanistic_heteroaromatic_halide_synergy_conservative,27003,88.5139,87.3772,11.4861,0,calibration,
real_buchwald_hartwig,llm_semantic_mechanistic_heteroaromatic_halide_synergy_noprior,27003,88.5139,87.3772,11.4861,0,calibration,
real_buchwald_hartwig,llm_semantic_source_alignment_conservative_ligand_mass,27003,89.6142,88.7506,10.3858,0,calibration,
real_buchwald_hartwig,llm_semantic_source_alignment_conservative_ligand_mass_conservative,27003,89.6142,88.7506,10.3858,0,calibration,
real_buchwald_hartwig,llm_semantic_source_alignment_conservative_ligand_mass_noprior,27003,89.6142,88.7506,10.3858,0,calibration,
real_buchwald_hartwig,llm_semantic_source_schema_only_field_mapping,27003,96.1323,87.1515,3.8677,0,calibration,
real_buchwald_hartwig,llm_semantic_source_schema_only_field_mapping_conservative,27003,96.1323,87.1515,3.8677,0,calibration,
real_buchwald_hartwig,llm_semantic_source_schema_only_field_mapping_noprior,27003,96.1323,87.1515,3.8677,0,calibration,
real_buchwald_hartwig,llm_semantic_steric_tpsa_balanced_optimization,27003,84.6498,81.457,15.3502,0,calibration,
real_buchwald_hartwig,llm_semantic_steric_tpsa_balanced_optimization_conservative,27003,97.5685,91.9323,2.4315,1,calibration,
real_buchwald_hartwig,llm_semantic_steric_tpsa_balanced_optimization_noprior,27003,89.6142,87.5037,10.3858,0,calibration,
real_buchwald_hartwig,mixed_kernel_gp_ei,27003,89.6142,84.427,10.3858,0,calibration,
real_buchwald_hartwig,target_acquisition_portfolio,27003,81.1512,80.9953,18.8488,0,calibration,
real_buchwald_hartwig,gp_ucb,27004,92.904,82.1652,7.096,0,calibration,
real_buchwald_hartwig,llambo_warmstart_base_strength_solvent_polarity_domain,27004,98.8492,86.5515,1.1508,1,calibration,
real_buchwald_hartwig,llambo_warmstart_base_strength_solvent_polarity_domain_conservative,27004,98.8492,86.5515,1.1508,1,calibration,
real_buchwald_hartwig,llambo_warmstart_base_strength_solvent_polarity_domain_noprior,27004,98.8492,86.5515,1.1508,1,calibration,
real_buchwald_hartwig,llambo_warmstart_counter_source_acid_halide_reversal,27004,98.8492,90.0665,1.1508,1,calibration,
real_buchwald_hartwig,llambo_warmstart_counter_source_acid_halide_reversal_conservative,27004,98.8492,90.0665,1.1508,1,calibration,
real_buchwald_hartwig,llambo_warmstart_counter_source_acid_halide_reversal_noprior,27004,98.8492,90.0665,1.1508,1,calibration,
real_buchwald_hartwig,llambo_warmstart_cross_skill_rule_bank,27004,98.7313,95.6617,1.2687,1,calibration,
real_buchwald_hartwig,llambo_warmstart_halide_reactivity_additive_suppression,27004,98.8492,88.4674,1.1508,1,calibration,
real_buchwald_hartwig,llambo_warmstart_halide_reactivity_additive_suppression_conservative,27004,98.8492,88.4674,1.1508,1,calibration,
real_buchwald_hartwig,llambo_warmstart_halide_reactivity_additive_suppression_noprior,27004,98.8492,88.4674,1.1508,1,calibration,
real_buchwald_hartwig,llambo_warmstart_low_semantic_mass_anchor_heavy,27004,90.3714,85.879,9.6286,0,calibration,
real_buchwald_hartwig,llambo_warmstart_low_semantic_mass_anchor_heavy_conservative,27004,90.3714,85.879,9.6286,0,calibration,
real_buchwald_hartwig,llambo_warmstart_low_semantic_mass_anchor_heavy_noprior,27004,90.3714,85.879,9.6286,0,calibration,
real_buchwald_hartwig,llambo_warmstart_mechanistic_heteroaromatic_halide_synergy,27004,94.3462,85.9904,5.6538,0,calibration,
real_buchwald_hartwig,llambo_warmstart_mechanistic_heteroaromatic_halide_synergy_conservative,27004,94.3462,85.9904,5.6538,0,calibration,
real_buchwald_hartwig,llambo_warmstart_mechanistic_heteroaromatic_halide_synergy_noprior,27004,94.3462,85.9904,5.6538,0,calibration,
real_buchwald_hartwig,llambo_warmstart_source_alignment_conservative_ligand_mass,27004,88.1675,79.988,11.8325,0,calibration,
real_buchwald_hartwig,llambo_warmstart_source_alignment_conservative_ligand_mass_conservative,27004,88.1675,79.988,11.8325,0,calibration,
real_buchwald_hartwig,llambo_warmstart_source_alignment_conservative_ligand_mass_noprior,27004,88.1675,79.988,11.8325,0,calibration,
real_buchwald_hartwig,llambo_warmstart_source_schema_only_field_mapping,27004,69.3899,69.3899,30.6101,0,calibration,
real_buchwald_hartwig,llambo_warmstart_source_schema_only_field_mapping_conservative,27004,69.3899,69.3899,30.6101,0,calibration,
real_buchwald_hartwig,llambo_warmstart_source_schema_only_field_mapping_noprior,27004,69.3899,69.3899,30.6101,0,calibration,
real_buchwald_hartwig,llambo_warmstart_steric_tpsa_balanced_optimization,27004,95.129,81.2464,4.871,0,calibration,
real_buchwald_hartwig,llambo_warmstart_steric_tpsa_balanced_optimization_conservative,27004,95.129,81.2464,4.871,0,calibration,
real_buchwald_hartwig,llambo_warmstart_steric_tpsa_balanced_optimization_noprior,27004,95.129,81.2464,4.871,0,calibration,
real_buchwald_hartwig,llm_direct_prior_base_strength_solvent_polarity_domain,27004,85.1402,76.1459,14.8598,0,calibration,
real_buchwald_hartwig,llm_direct_prior_base_strength_solvent_polarity_domain_conservative,27004,84.8955,71.4967,15.1045,0,calibration,
real_buchwald_hartwig,llm_direct_prior_base_strength_solvent_polarity_domain_noprior,27004,85.1402,76.1459,14.8598,0,calibration,
real_buchwald_hartwig,llm_direct_prior_counter_source_acid_halide_reversal,27004,97.5685,85.8602,2.4315,1,calibration,
real_buchwald_hartwig,llm_direct_prior_counter_source_acid_halide_reversal_conservative,27004,91.9334,84.7332,8.0666,0,calibration,
real_buchwald_hartwig,llm_direct_prior_counter_source_acid_halide_reversal_noprior,27004,97.5685,85.8602,2.4315,1,calibration,
real_buchwald_hartwig,llm_direct_prior_cross_skill_rule_bank,27004,91.9334,87.5483,8.0666,0,calibration,
real_buchwald_hartwig,llm_direct_prior_halide_reactivity_additive_suppression,27004,79.0762,74.5421,20.9238,0,calibration,
real_buchwald_hartwig,llm_direct_prior_halide_reactivity_additive_suppression_conservative,27004,91.2097,83.0228,8.7903,0,calibration,
real_buchwald_hartwig,llm_direct_prior_halide_reactivity_additive_suppression_noprior,27004,79.0762,74.5421,20.9238,0,calibration,
real_buchwald_hartwig,llm_direct_prior_low_semantic_mass_anchor_heavy,27004,70.0079,70.0079,29.9921,0,calibration,
real_buchwald_hartwig,llm_direct_prior_low_semantic_mass_anchor_heavy_conservative,27004,70.0079,70.0079,29.9921,0,calibration,
real_buchwald_hartwig,llm_direct_prior_low_semantic_mass_anchor_heavy_noprior,27004,70.0079,70.0079,29.9921,0,calibration,
real_buchwald_hartwig,llm_direct_prior_mechanistic_heteroaromatic_halide_synergy,27004,70.7416,70.5949,29.2584,0,calibration,
real_buchwald_hartwig,llm_direct_prior_mechanistic_heteroaromatic_halide_synergy_conservative,27004,79.3064,75.587,20.6936,0,calibration,
real_buchwald_hartwig,llm_direct_prior_mechanistic_heteroaromatic_halide_synergy_noprior,27004,70.7416,70.5949,29.2584,0,calibration,
real_buchwald_hartwig,llm_direct_prior_source_alignment_conservative_ligand_mass,27004,70.0079,70.0079,29.9921,0,calibration,
real_buchwald_hartwig,llm_direct_prior_source_alignment_conservative_ligand_mass_conservative,27004,70.0079,70.0079,29.9921,0,calibration,
real_buchwald_hartwig,llm_direct_prior_source_alignment_conservative_ligand_mass_noprior,27004,70.0079,70.0079,29.9921,0,calibration,
real_buchwald_hartwig,llm_direct_prior_source_schema_only_field_mapping,27004,75.3112,72.3001,24.6888,0,calibration,
real_buchwald_hartwig,llm_direct_prior_source_schema_only_field_mapping_conservative,27004,75.3112,72.3001,24.6888,0,calibration,
real_buchwald_hartwig,llm_direct_prior_source_schema_only_field_mapping_noprior,27004,75.3112,72.3001,24.6888,0,calibration,
real_buchwald_hartwig,llm_direct_prior_steric_tpsa_balanced_optimization,27004,79.2616,70.9333,20.7384,0,calibration,
real_buchwald_hartwig,llm_direct_prior_steric_tpsa_balanced_optimization_conservative,27004,80.1359,76.8352,19.8641,0,calibration,
real_buchwald_hartwig,llm_direct_prior_steric_tpsa_balanced_optimization_noprior,27004,79.2616,70.9333,20.7384,0,calibration,
real_buchwald_hartwig,llm_semantic_base_strength_solvent_polarity_domain,27004,80.5886,73.8536,19.4114,0,calibration,
real_buchwald_hartwig,llm_semantic_base_strength_solvent_polarity_domain_conservative,27004,80.9063,72.1876,19.0937,0,calibration,
real_buchwald_hartwig,llm_semantic_base_strength_solvent_polarity_domain_noprior,27004,80.9063,74.7401,19.0937,0,calibration,
real_buchwald_hartwig,llm_semantic_counter_source_acid_halide_reversal,27004,83.3036,76.3516,16.6964,0,calibration,
real_buchwald_hartwig,llm_semantic_counter_source_acid_halide_reversal_conservative,27004,70.0079,70.0079,29.9921,0,calibration,
real_buchwald_hartwig,llm_semantic_counter_source_acid_halide_reversal_noprior,27004,82.3289,73.7042,17.6711,0,calibration,
real_buchwald_hartwig,llm_semantic_cross_skill_rule_bank,27004,70.8622,70.5205,29.1378,0,calibration,
real_buchwald_hartwig,llm_semantic_halide_reactivity_additive_suppression,27004,80.9063,77.1662,19.0937,0,calibration,
real_buchwald_hartwig,llm_semantic_halide_reactivity_additive_suppression_conservative,27004,91.2097,77.1506,8.7903,0,calibration,
real_buchwald_hartwig,llm_semantic_halide_reactivity_additive_suppression_noprior,27004,79.3064,71.8676,20.6936,0,calibration,
real_buchwald_hartwig,llm_semantic_low_semantic_mass_anchor_heavy,27004,85.1447,80.6037,14.8553,0,calibration,
real_buchwald_hartwig,llm_semantic_low_semantic_mass_anchor_heavy_conservative,27004,85.1447,80.6037,14.8553,0,calibration,
real_buchwald_hartwig,llm_semantic_low_semantic_mass_anchor_heavy_noprior,27004,85.1447,80.6037,14.8553,0,calibration,
real_buchwald_hartwig,llm_semantic_mechanistic_heteroaromatic_halide_synergy,27004,75.7358,75.5573,24.2642,0,calibration,
real_buchwald_hartwig,llm_semantic_mechanistic_heteroaromatic_halide_synergy_conservative,27004,79.3064,74.4861,20.6936,0,calibration,
real_buchwald_hartwig,llm_semantic_mechanistic_heteroaromatic_halide_synergy_noprior,27004,78.2845,76.5768,21.7155,0,calibration,
real_buchwald_hartwig,llm_semantic_source_alignment_conservative_ligand_mass,27004,92.904,76.9527,7.096,0,calibration,
real_buchwald_hartwig,llm_semantic_source_alignment_conservative_ligand_mass_conservative,27004,89.4671,78.028,10.5329,0,calibration,
real_buchwald_hartwig,llm_semantic_source_alignment_conservative_ligand_mass_noprior,27004,89.4671,78.028,10.5329,0,calibration,
real_buchwald_hartwig,llm_semantic_source_schema_only_field_mapping,27004,70.0079,70.0079,29.9921,0,calibration,
real_buchwald_hartwig,llm_semantic_source_schema_only_field_mapping_conservative,27004,70.0079,70.0079,29.9921,0,calibration,
real_buchwald_hartwig,llm_semantic_source_schema_only_field_mapping_noprior,27004,70.0079,70.0079,29.9921,0,calibration,
real_buchwald_hartwig,llm_semantic_steric_tpsa_balanced_optimization,27004,70.0079,70.0079,29.9921,0,calibration,
real_buchwald_hartwig,llm_semantic_steric_tpsa_balanced_optimization_conservative,27004,70.0079,70.0079,29.9921,0,calibration,
real_buchwald_hartwig,llm_semantic_steric_tpsa_balanced_optimization_noprior,27004,76.3373,74.511,23.6627,0,calibration,
real_buchwald_hartwig,mixed_kernel_gp_ei,27004,91.2097,77.4617,8.7903,0,calibration,
real_buchwald_hartwig,target_acquisition_portfolio,27004,92.904,82.1652,7.096,0,calibration,
real_buchwald_hartwig,gp_ucb,27005,92.9567,79.9778,7.0433,0,calibration,
real_buchwald_hartwig,llambo_warmstart_base_strength_solvent_polarity_domain,27005,88.2464,67.8748,11.7536,0,calibration,
real_buchwald_hartwig,llambo_warmstart_base_strength_solvent_polarity_domain_conservative,27005,88.2464,67.8748,11.7536,0,calibration,
real_buchwald_hartwig,llambo_warmstart_base_strength_solvent_polarity_domain_noprior,27005,88.2464,67.8748,11.7536,0,calibration,
real_buchwald_hartwig,llambo_warmstart_counter_source_acid_halide_reversal,27005,80.7866,71.9405,19.2134,0,calibration,
real_buchwald_hartwig,llambo_warmstart_counter_source_acid_halide_reversal_conservative,27005,80.7866,71.9405,19.2134,0,calibration,
real_buchwald_hartwig,llambo_warmstart_counter_source_acid_halide_reversal_noprior,27005,80.7866,71.9405,19.2134,0,calibration,
real_buchwald_hartwig,llambo_warmstart_cross_skill_rule_bank,27005,97.2929,86.7244,2.7071,0,calibration,
real_buchwald_hartwig,llambo_warmstart_halide_reactivity_additive_suppression,27005,86.2002,84.1663,13.7998,0,calibration,
real_buchwald_hartwig,llambo_warmstart_halide_reactivity_additive_suppression_conservative,27005,86.2002,84.1663,13.7998,0,calibration,
real_buchwald_hartwig,llambo_warmstart_halide_reactivity_additive_suppression_noprior,27005,86.2002,84.1663,13.7998,0,calibration,
real_buchwald_hartwig,llambo_warmstart_low_semantic_mass_anchor_heavy,27005,79.6552,71.1329,20.3448,0,calibration,
real_buchwald_hartwig,llambo_warmstart_low_semantic_mass_anchor_heavy_conservative,27005,79.6552,71.1329,20.3448,0,calibration,
real_buchwald_hartwig,llambo_warmstart_low_semantic_mass_anchor_heavy_noprior,27005,79.6552,71.1329,20.3448,0,calibration,
real_buchwald_hartwig,llambo_warmstart_mechanistic_heteroaromatic_halide_synergy,27005,87.9592,87.9423,12.0408,0,calibration,
real_buchwald_hartwig,llambo_warmstart_mechanistic_heteroaromatic_halide_synergy_conservative,27005,87.9592,87.9423,12.0408,0,calibration,
real_buchwald_hartwig,llambo_warmstart_mechanistic_heteroaromatic_halide_synergy_noprior,27005,87.9592,87.9423,12.0408,0,calibration,
real_buchwald_hartwig,llambo_warmstart_source_alignment_conservative_ligand_mass,27005,96.1323,90.1308,3.8677,0,calibration,
real_buchwald_hartwig,llambo_warmstart_source_alignment_conservative_ligand_mass_conservative,27005,96.1323,90.1308,3.8677,0,calibration,
real_buchwald_hartwig,llambo_warmstart_source_alignment_conservative_ligand_mass_noprior,27005,96.1323,90.1308,3.8677,0,calibration,
real_buchwald_hartwig,llambo_warmstart_source_schema_only_field_mapping,27005,94.1517,84.5114,5.8483,0,calibration,
real_buchwald_hartwig,llambo_warmstart_source_schema_only_field_mapping_conservative,27005,94.1517,84.5114,5.8483,0,calibration,
real_buchwald_hartwig,llambo_warmstart_source_schema_only_field_mapping_noprior,27005,94.1517,84.5114,5.8483,0,calibration,
real_buchwald_hartwig,llambo_warmstart_steric_tpsa_balanced_optimization,27005,94.1485,85.3935,5.8515,0,calibration,
real_buchwald_hartwig,llambo_warmstart_steric_tpsa_balanced_optimization_conservative,27005,94.1485,85.3935,5.8515,0,calibration,
real_buchwald_hartwig,llambo_warmstart_steric_tpsa_balanced_optimization_noprior,27005,94.1485,85.3935,5.8515,0,calibration,
real_buchwald_hartwig,llm_direct_prior_base_strength_solvent_polarity_domain,27005,86.0034,81.4073,13.9966,0,calibration,
real_buchwald_hartwig,llm_direct_prior_base_strength_solvent_polarity_domain_conservative,27005,90.7313,78.4218,9.2687,0,calibration,
real_buchwald_hartwig,llm_direct_prior_base_strength_solvent_polarity_domain_noprior,27005,86.0034,81.4073,13.9966,0,calibration,
real_buchwald_hartwig,llm_direct_prior_counter_source_acid_halide_reversal,27005,93.4211,93.3819,6.5789,0,calibration,
real_buchwald_hartwig,llm_direct_prior_counter_source_acid_halide_reversal_conservative,27005,93.4211,93.3819,6.5789,0,calibration,
real_buchwald_hartwig,llm_direct_prior_counter_source_acid_halide_reversal_noprior,27005,93.4211,93.3819,6.5789,0,calibration,
real_buchwald_hartwig,llm_direct_prior_cross_skill_rule_bank,27005,80.5278,70.9163,19.4722,0,calibration,
real_buchwald_hartwig,llm_direct_prior_halide_reactivity_additive_suppression,27005,86.0034,77.4076,13.9966,0,calibration,
real_buchwald_hartwig,llm_direct_prior_halide_reactivity_additive_suppression_conservative,27005,76.7953,75.1466,23.2047,0,calibration,
real_buchwald_hartwig,llm_direct_prior_halide_reactivity_additive_suppression_noprior,27005,86.0034,77.4076,13.9966,0,calibration,
real_buchwald_hartwig,llm_direct_prior_low_semantic_mass_anchor_heavy,27005,93.1012,82.6494,6.8988,0,calibration,
real_buchwald_hartwig,llm_direct_prior_low_semantic_mass_anchor_heavy_conservative,27005,93.1012,82.6494,6.8988,0,calibration,
real_buchwald_hartwig,llm_direct_prior_low_semantic_mass_anchor_heavy_noprior,27005,93.1012,82.6494,6.8988,0,calibration,
real_buchwald_hartwig,llm_direct_prior_mechanistic_heteroaromatic_halide_synergy,27005,85.6592,78.8658,14.3408,0,calibration,
real_buchwald_hartwig,llm_direct_prior_mechanistic_heteroaromatic_halide_synergy_conservative,27005,84.341,75.1761,15.659,0,calibration,
real_buchwald_hartwig,llm_direct_prior_mechanistic_heteroaromatic_halide_synergy_noprior,27005,85.6592,78.8658,14.3408,0,calibration,
real_buchwald_hartwig,llm_direct_prior_source_alignment_conservative_ligand_mass,27005,94.6911,76.0297,5.3089,0,calibration,
real_buchwald_hartwig,llm_direct_prior_source_alignment_conservative_ligand_mass_conservative,27005,94.6911,76.0297,5.3089,0,calibration,
real_buchwald_hartwig,llm_direct_prior_source_alignment_conservative_ligand_mass_noprior,27005,94.6911,76.0297,5.3089,0,calibration,
real_buchwald_hartwig,llm_direct_prior_source_schema_only_field_mapping,27005,76.7953,70.7195,23.2047,0,calibration,
real_buchwald_hartwig,llm_direct_prior_source_schema_only_field_mapping_conservative,27005,74.0474,70.4447,25.9526,0,calibration,
real_buchwald_hartwig,llm_direct_prior_source_schema_only_field_mapping_noprior,27005,76.7953,70.7195,23.2047,0,calibration,
real_buchwald_hartwig,llm_direct_prior_steric_tpsa_balanced_optimization,27005,76.7953,73.4762,23.2047,0,calibration,
real_buchwald_hartwig,llm_direct_prior_steric_tpsa_balanced_optimization_conservative,27005,76.7953,71.8856,23.2047,0,calibration,
real_buchwald_hartwig,llm_direct_prior_steric_tpsa_balanced_optimization_noprior,27005,76.7953,73.4762,23.2047,0,calibration,
real_buchwald_hartwig,llm_semantic_base_strength_solvent_polarity_domain,27005,83.4092,78.0023,16.5908,0,calibration,
real_buchwald_hartwig,llm_semantic_base_strength_solvent_polarity_domain_conservative,27005,93.1012,79.3709,6.8988,0,calibration,
real_buchwald_hartwig,llm_semantic_base_strength_solvent_polarity_domain_noprior,27005,93.0289,73.6689,6.9711,0,calibration,
real_buchwald_hartwig,llm_semantic_counter_source_acid_halide_reversal,27005,98.2872,81.5473,1.7128,1,calibration,
real_buchwald_hartwig,llm_semantic_counter_source_acid_halide_reversal_conservative,27005,98.2872,90.7525,1.7128,1,calibration,
real_buchwald_hartwig,llm_semantic_counter_source_acid_halide_reversal_noprior,27005,98.2872,90.7525,1.7128,1,calibration,
real_buchwald_hartwig,llm_semantic_cross_skill_rule_bank,27005,98.2872,82.6512,1.7128,1,calibration,
real_buchwald_hartwig,llm_semantic_halide_reactivity_additive_suppression,27005,84.4042,77.6186,15.5958,0,calibration,
real_buchwald_hartwig,llm_semantic_halide_reactivity_additive_suppression_conservative,27005,92.9567,82.1941,7.0433,0,calibration,
real_buchwald_hartwig,llm_semantic_halide_reactivity_additive_suppression_noprior,27005,87.2375,81.5055,12.7625,0,calibration,
real_buchwald_hartwig,llm_semantic_low_semantic_mass_anchor_heavy,27005,98.2872,83.8958,1.7128,1,calibration,
real_buchwald_hartwig,llm_semantic_low_semantic_mass_anchor_heavy_conservative,27005,98.2872,83.8958,1.7128,1,calibration,
real_buchwald_hartwig,llm_semantic_low_semantic_mass_anchor_heavy_noprior,27005,98.2872,83.8958,1.7128,1,calibration,
real_buchwald_hartwig,llm_semantic_mechanistic_heteroaromatic_halide_synergy,27005,92.2093,84.0676,7.7907,0,calibration,
real_buchwald_hartwig,llm_semantic_mechanistic_heteroaromatic_halide_synergy_conservative,27005,93.5878,83.4398,6.4122,0,calibration,
real_buchwald_hartwig,llm_semantic_mechanistic_heteroaromatic_halide_synergy_noprior,27005,92.2093,81.4276,7.7907,0,calibration,
real_buchwald_hartwig,llm_semantic_source_alignment_conservative_ligand_mass,27005,93.4211,85.8705,6.5789,0,calibration,
real_buchwald_hartwig,llm_semantic_source_alignment_conservative_ligand_mass_conservative,27005,98.2872,84.5752,1.7128,1,calibration,
real_buchwald_hartwig,llm_semantic_source_alignment_conservative_ligand_mass_noprior,27005,98.2872,84.5752,1.7128,1,calibration,
real_buchwald_hartwig,llm_semantic_source_schema_only_field_mapping,27005,88.4043,74.4161,11.5957,0,calibration,
real_buchwald_hartwig,llm_semantic_source_schema_only_field_mapping_conservative,27005,86.7926,72.3085,13.2074,0,calibration,
real_buchwald_hartwig,llm_semantic_source_schema_only_field_mapping_noprior,27005,86.7926,72.6229,13.2074,0,calibration,
real_buchwald_hartwig,llm_semantic_steric_tpsa_balanced_optimization,27005,98.2872,88.6485,1.7128,1,calibration,
real_buchwald_hartwig,llm_semantic_steric_tpsa_balanced_optimization_conservative,27005,92.9567,84.8276,7.0433,0,calibration,
real_buchwald_hartwig,llm_semantic_steric_tpsa_balanced_optimization_noprior,27005,93.0289,83.7654,6.9711,0,calibration,
real_buchwald_hartwig,mixed_kernel_gp_ei,27005,92.9567,79.9778,7.0433,0,calibration,
real_buchwald_hartwig,target_acquisition_portfolio,27005,92.9567,79.9778,7.0433,0,calibration,
real_buchwald_hartwig,gp_ucb,27006,94.6911,60.7869,5.3089,0,calibration,
real_buchwald_hartwig,llambo_warmstart_base_strength_solvent_polarity_domain,27006,80.5818,77.3099,19.4182,0,calibration,
real_buchwald_hartwig,llambo_warmstart_base_strength_solvent_polarity_domain_conservative,27006,80.5818,77.3099,19.4182,0,calibration,
real_buchwald_hartwig,llambo_warmstart_base_strength_solvent_polarity_domain_noprior,27006,80.5818,77.3099,19.4182,0,calibration,
real_buchwald_hartwig,llambo_warmstart_counter_source_acid_halide_reversal,27006,93.3108,93.1629,6.6892,0,calibration,
real_buchwald_hartwig,llambo_warmstart_counter_source_acid_halide_reversal_conservative,27006,93.3108,93.1629,6.6892,0,calibration,
real_buchwald_hartwig,llambo_warmstart_counter_source_acid_halide_reversal_noprior,27006,93.3108,93.1629,6.6892,0,calibration,
real_buchwald_hartwig,llambo_warmstart_cross_skill_rule_bank,27006,98.7313,90.5202,1.2687,1,calibration,
real_buchwald_hartwig,llambo_warmstart_halide_reactivity_additive_suppression,27006,100.0,97.6594,0.0,1,calibration,
real_buchwald_hartwig,llambo_warmstart_halide_reactivity_additive_suppression_conservative,27006,100.0,97.6594,0.0,1,calibration,
real_buchwald_hartwig,llambo_warmstart_halide_reactivity_additive_suppression_noprior,27006,100.0,97.6594,0.0,1,calibration,
real_buchwald_hartwig,llambo_warmstart_low_semantic_mass_anchor_heavy,27006,91.2669,91.2669,8.7331,0,calibration,
real_buchwald_hartwig,llambo_warmstart_low_semantic_mass_anchor_heavy_conservative,27006,91.2669,91.2669,8.7331,0,calibration,
real_buchwald_hartwig,llambo_warmstart_low_semantic_mass_anchor_heavy_noprior,27006,91.2669,91.2669,8.7331,0,calibration,
real_buchwald_hartwig,llambo_warmstart_mechanistic_heteroaromatic_halide_synergy,27006,93.3108,92.6976,6.6892,0,calibration,
real_buchwald_hartwig,llambo_warmstart_mechanistic_heteroaromatic_halide_synergy_conservative,27006,93.3108,92.6976,6.6892,0,calibration,
real_buchwald_hartwig,llambo_warmstart_mechanistic_heteroaromatic_halide_synergy_noprior,27006,93.3108,92.6976,6.6892,0,calibration,
real_buchwald_hartwig,llambo_warmstart_source_alignment_conservative_ligand_mass,27006,80.7866,77.8403,19.2134,0,calibration,
real_buchwald_hartwig,llambo_warmstart_source_alignment_conservative_ligand_mass_conservative,27006,80.7866,77.8403,19.2134,0,calibration,
real_buchwald_hartwig,llambo_warmstart_source_alignment_conservative_ligand_mass_noprior,27006,80.7866,77.8403,19.2134,0,calibration,
real_buchwald_hartwig,llambo_warmstart_source_schema_only_field_mapping,27006,94.1485,84.1616,5.8515,0,calibration,
real_buchwald_hartwig,llambo_warmstart_source_schema_only_field_mapping_conservative,27006,94.1485,84.1616,5.8515,0,calibration,
real_buchwald_hartwig,llambo_warmstart_source_schema_only_field_mapping_noprior,27006,94.1485,84.1616,5.8515,0,calibration,
real_buchwald_hartwig,llambo_warmstart_steric_tpsa_balanced_optimization,27006,89.6142,82.7077,10.3858,0,calibration,
real_buchwald_hartwig,llambo_warmstart_steric_tpsa_balanced_optimization_conservative,27006,89.6142,82.7077,10.3858,0,calibration,
real_buchwald_hartwig,llambo_warmstart_steric_tpsa_balanced_optimization_noprior,27006,89.6142,82.7077,10.3858,0,calibration,
real_buchwald_hartwig,llm_direct_prior_base_strength_solvent_polarity_domain,27006,83.3382,62.017,16.6618,0,calibration,
real_buchwald_hartwig,llm_direct_prior_base_strength_solvent_polarity_domain_conservative,27006,86.0034,51.4898,13.9966,0,calibration,
real_buchwald_hartwig,llm_direct_prior_base_strength_solvent_polarity_domain_noprior,27006,83.3382,62.017,16.6618,0,calibration,
real_buchwald_hartwig,llm_direct_prior_counter_source_acid_halide_reversal,27006,94.6911,89.9159,5.3089,0,calibration,
real_buchwald_hartwig,llm_direct_prior_counter_source_acid_halide_reversal_conservative,27006,98.2872,90.1485,1.7128,1,calibration,
real_buchwald_hartwig,llm_direct_prior_counter_source_acid_halide_reversal_noprior,27006,94.6911,89.9159,5.3089,0,calibration,
real_buchwald_hartwig,llm_direct_prior_cross_skill_rule_bank,27006,88.1675,79.4002,11.8325,0,calibration,
real_buchwald_hartwig,llm_direct_prior_halide_reactivity_additive_suppression,27006,86.0034,62.7114,13.9966,0,calibration,
real_buchwald_hartwig,llm_direct_prior_halide_reactivity_additive_suppression_conservative,27006,86.0034,58.8709,13.9966,0,calibration,
real_buchwald_hartwig,llm_direct_prior_halide_reactivity_additive_suppression_noprior,27006,86.0034,62.7114,13.9966,0,calibration,
real_buchwald_hartwig,llm_direct_prior_low_semantic_mass_anchor_heavy,27006,93.1012,77.1075,6.8988,0,calibration,
real_buchwald_hartwig,llm_direct_prior_low_semantic_mass_anchor_heavy_conservative,27006,93.1012,77.1075,6.8988,0,calibration,
real_buchwald_hartwig,llm_direct_prior_low_semantic_mass_anchor_heavy_noprior,27006,93.1012,77.1075,6.8988,0,calibration,
real_buchwald_hartwig,llm_direct_prior_mechanistic_heteroaromatic_halide_synergy,27006,85.6592,71.9722,14.3408,0,calibration,
real_buchwald_hartwig,llm_direct_prior_mechanistic_heteroaromatic_halide_synergy_conservative,27006,85.6592,75.0508,14.3408,0,calibration,
real_buchwald_hartwig,llm_direct_prior_mechanistic_heteroaromatic_halide_synergy_noprior,27006,85.6592,71.9722,14.3408,0,calibration,
real_buchwald_hartwig,llm_direct_prior_source_alignment_conservative_ligand_mass,27006,94.6911,88.8482,5.3089,0,calibration,
real_buchwald_hartwig,llm_direct_prior_source_alignment_conservative_ligand_mass_conservative,27006,94.6911,88.8482,5.3089,0,calibration,
real_buchwald_hartwig,llm_direct_prior_source_alignment_conservative_ligand_mass_noprior,27006,94.6911,88.8482,5.3089,0,calibration,
real_buchwald_hartwig,llm_direct_prior_source_schema_only_field_mapping,27006,76.7953,58.9676,23.2047,0,calibration,
real_buchwald_hartwig,llm_direct_prior_source_schema_only_field_mapping_conservative,27006,76.7953,58.9676,23.2047,0,calibration,
real_buchwald_hartwig,llm_direct_prior_source_schema_only_field_mapping_noprior,27006,76.7953,58.9676,23.2047,0,calibration,
real_buchwald_hartwig,llm_direct_prior_steric_tpsa_balanced_optimization,27006,51.0713,51.0713,48.9287,0,calibration,
real_buchwald_hartwig,llm_direct_prior_steric_tpsa_balanced_optimization_conservative,27006,78.3625,64.7169,21.6375,0,calibration,
real_buchwald_hartwig,llm_direct_prior_steric_tpsa_balanced_optimization_noprior,27006,51.0713,51.0713,48.9287,0,calibration,
real_buchwald_hartwig,llm_semantic_base_strength_solvent_polarity_domain,27006,52.4942,46.0056,47.5058,0,calibration,
real_buchwald_hartwig,llm_semantic_base_strength_solvent_polarity_domain_conservative,27006,54.2458,49.0166,45.7542,0,calibration,
real_buchwald_hartwig,llm_semantic_base_strength_solvent_polarity_domain_noprior,27006,79.6425,56.6717,20.3575,0,calibration,
real_buchwald_hartwig,llm_semantic_counter_source_acid_halide_reversal,27006,98.2872,72.7328,1.7128,1,calibration,
real_buchwald_hartwig,llm_semantic_counter_source_acid_halide_reversal_conservative,27006,98.2872,68.6992,1.7128,1,calibration,
real_buchwald_hartwig,llm_semantic_counter_source_acid_halide_reversal_noprior,27006,98.2872,71.6533,1.7128,1,calibration,
real_buchwald_hartwig,llm_semantic_cross_skill_rule_bank,27006,98.2872,80.779,1.7128,1,calibration,
real_buchwald_hartwig,llm_semantic_halide_reactivity_additive_suppression,27006,83.4092,50.7049,16.5908,0,calibration,
real_buchwald_hartwig,llm_semantic_halide_reactivity_additive_suppression_conservative,27006,55.5659,49.4225,44.4341,0,calibration,
real_buchwald_hartwig,llm_semantic_halide_reactivity_additive_suppression_noprior,27006,45.7793,42.3963,54.2207,0,calibration,
real_buchwald_hartwig,llm_semantic_low_semantic_mass_anchor_heavy,27006,98.2872,81.8426,1.7128,1,calibration,
real_buchwald_hartwig,llm_semantic_low_semantic_mass_anchor_heavy_conservative,27006,98.2872,81.8426,1.7128,1,calibration,
real_buchwald_hartwig,llm_semantic_low_semantic_mass_anchor_heavy_noprior,27006,98.2872,81.8426,1.7128,1,calibration,
real_buchwald_hartwig,llm_semantic_mechanistic_heteroaromatic_halide_synergy,27006,42.6836,41.3778,57.3164,0,calibration,
real_buchwald_hartwig,llm_semantic_mechanistic_heteroaromatic_halide_synergy_conservative,27006,79.6425,64.4192,20.3575,0,calibration,
real_buchwald_hartwig,llm_semantic_mechanistic_heteroaromatic_halide_synergy_noprior,27006,54.2458,48.2009,45.7542,0,calibration,
real_buchwald_hartwig,llm_semantic_source_alignment_conservative_ligand_mass,27006,98.2872,87.8389,1.7128,1,calibration,
real_buchwald_hartwig,llm_semantic_source_alignment_conservative_ligand_mass_conservative,27006,98.2872,81.2656,1.7128,1,calibration,
real_buchwald_hartwig,llm_semantic_source_alignment_conservative_ligand_mass_noprior,27006,98.2872,81.2656,1.7128,1,calibration,
real_buchwald_hartwig,llm_semantic_source_schema_only_field_mapping,27006,54.2458,46.0554,45.7542,0,calibration,
real_buchwald_hartwig,llm_semantic_source_schema_only_field_mapping_conservative,27006,50.1363,45.1042,49.8637,0,calibration,
real_buchwald_hartwig,llm_semantic_source_schema_only_field_mapping_noprior,27006,75.2094,46.4613,24.7906,0,calibration,
real_buchwald_hartwig,llm_semantic_steric_tpsa_balanced_optimization,27006,53.8392,52.732,46.1608,0,calibration,
real_buchwald_hartwig,llm_semantic_steric_tpsa_balanced_optimization_conservative,27006,93.0289,66.2077,6.9711,0,calibration,
real_buchwald_hartwig,llm_semantic_steric_tpsa_balanced_optimization_noprior,27006,98.2872,75.2891,1.7128,1,calibration,
real_buchwald_hartwig,mixed_kernel_gp_ei,27006,98.2872,72.0835,1.7128,1,calibration,
real_buchwald_hartwig,target_acquisition_portfolio,27006,93.4211,60.2577,6.5789,0,calibration,
real_buchwald_hartwig,gp_ucb,27007,92.8977,76.249,7.1023,0,calibration,
real_buchwald_hartwig,llambo_warmstart_base_strength_solvent_polarity_domain,27007,86.4129,77.1218,13.5871,0,calibration,
real_buchwald_hartwig,llambo_warmstart_base_strength_solvent_polarity_domain_conservative,27007,86.4129,77.1218,13.5871,0,calibration,
real_buchwald_hartwig,llambo_warmstart_base_strength_solvent_polarity_domain_noprior,27007,86.4129,77.1218,13.5871,0,calibration,
real_buchwald_hartwig,llambo_warmstart_counter_source_acid_halide_reversal,27007,89.6142,84.592,10.3858,0,calibration,
real_buchwald_hartwig,llambo_warmstart_counter_source_acid_halide_reversal_conservative,27007,89.6142,84.592,10.3858,0,calibration,
real_buchwald_hartwig,llambo_warmstart_counter_source_acid_halide_reversal_noprior,27007,89.6142,84.592,10.3858,0,calibration,
real_buchwald_hartwig,llambo_warmstart_cross_skill_rule_bank,27007,93.5641,83.8936,6.4359,0,calibration,
real_buchwald_hartwig,llambo_warmstart_halide_reactivity_additive_suppression,27007,93.0289,93.0289,6.9711,0,calibration,
real_buchwald_hartwig,llambo_warmstart_halide_reactivity_additive_suppression_conservative,27007,93.0289,93.0289,6.9711,0,calibration,
real_buchwald_hartwig,llambo_warmstart_halide_reactivity_additive_suppression_noprior,27007,93.0289,93.0289,6.9711,0,calibration,
real_buchwald_hartwig,llambo_warmstart_low_semantic_mass_anchor_heavy,27007,94.2969,90.9878,5.7031,0,calibration,
real_buchwald_hartwig,llambo_warmstart_low_semantic_mass_anchor_heavy_conservative,27007,94.2969,90.9878,5.7031,0,calibration,
real_buchwald_hartwig,llambo_warmstart_low_semantic_mass_anchor_heavy_noprior,27007,94.2969,90.9878,5.7031,0,calibration,
real_buchwald_hartwig,llambo_warmstart_mechanistic_heteroaromatic_halide_synergy,27007,76.2304,72.6428,23.7696,0,calibration,
real_buchwald_hartwig,llambo_warmstart_mechanistic_heteroaromatic_halide_synergy_conservative,27007,76.2304,72.6428,23.7696,0,calibration,
real_buchwald_hartwig,llambo_warmstart_mechanistic_heteroaromatic_halide_synergy_noprior,27007,76.2304,72.6428,23.7696,0,calibration,
real_buchwald_hartwig,llambo_warmstart_source_alignment_conservative_ligand_mass,27007,85.8947,81.0542,14.1053,0,calibration,
real_buchwald_hartwig,llambo_warmstart_source_alignment_conservative_ligand_mass_conservative,27007,85.8947,81.0542,14.1053,0,calibration,
real_buchwald_hartwig,llambo_warmstart_source_alignment_conservative_ligand_mass_noprior,27007,85.8947,81.0542,14.1053,0,calibration,
real_buchwald_hartwig,llambo_warmstart_source_schema_only_field_mapping,27007,91.9334,86.9069,8.0666,0,calibration,
real_buchwald_hartwig,llambo_warmstart_source_schema_only_field_mapping_conservative,27007,91.9334,86.9069,8.0666,0,calibration,
real_buchwald_hartwig,llambo_warmstart_source_schema_only_field_mapping_noprior,27007,91.9334,86.9069,8.0666,0,calibration,
real_buchwald_hartwig,llambo_warmstart_steric_tpsa_balanced_optimization,27007,97.948,66.367,2.052,1,calibration,
real_buchwald_hartwig,llambo_warmstart_steric_tpsa_balanced_optimization_conservative,27007,97.948,66.367,2.052,1,calibration,
real_buchwald_hartwig,llambo_warmstart_steric_tpsa_balanced_optimization_noprior,27007,97.948,66.367,2.052,1,calibration,
real_buchwald_hartwig,llm_direct_prior_base_strength_solvent_polarity_domain,27007,84.2019,65.4918,15.7981,0,calibration,
real_buchwald_hartwig,llm_direct_prior_base_strength_solvent_polarity_domain_conservative,27007,87.902,53.3172,12.098,0,calibration,
real_buchwald_hartwig,llm_direct_prior_base_strength_solvent_polarity_domain_noprior,27007,84.2019,65.4918,15.7981,0,calibration,
real_buchwald_hartwig,llm_direct_prior_counter_source_acid_halide_reversal,27007,93.4211,93.2925,6.5789,0,calibration,
real_buchwald_hartwig,llm_direct_prior_counter_source_acid_halide_reversal_conservative,27007,93.4211,93.2925,6.5789,0,calibration,
real_buchwald_hartwig,llm_direct_prior_counter_source_acid_halide_reversal_noprior,27007,93.4211,93.2925,6.5789,0,calibration,
real_buchwald_hartwig,llm_direct_prior_cross_skill_rule_bank,27007,88.4449,79.2685,11.5551,0,calibration,
real_buchwald_hartwig,llm_direct_prior_halide_reactivity_additive_suppression,27007,76.1607,64.4392,23.8393,0,calibration,
real_buchwald_hartwig,llm_direct_prior_halide_reactivity_additive_suppression_conservative,27007,66.5149,59.9762,33.4851,0,calibration,
real_buchwald_hartwig,llm_direct_prior_halide_reactivity_additive_suppression_noprior,27007,76.1607,64.4392,23.8393,0,calibration,
real_buchwald_hartwig,llm_direct_prior_low_semantic_mass_anchor_heavy,27007,92.9567,72.3585,7.0433,0,calibration,
real_buchwald_hartwig,llm_direct_prior_low_semantic_mass_anchor_heavy_conservative,27007,92.9567,72.3585,7.0433,0,calibration,
real_buchwald_hartwig,llm_direct_prior_low_semantic_mass_anchor_heavy_noprior,27007,92.9567,72.3585,7.0433,0,calibration,
real_buchwald_hartwig,llm_direct_prior_mechanistic_heteroaromatic_halide_synergy,27007,93.7486,77.1333,6.2514,0,calibration,
real_buchwald_hartwig,llm_direct_prior_mechanistic_heteroaromatic_halide_synergy_conservative,27007,86.2541,69.8003,13.7459,0,calibration,
real_buchwald_hartwig,llm_direct_prior_mechanistic_heteroaromatic_halide_synergy_noprior,27007,93.7486,77.1333,6.2514,0,calibration,
real_buchwald_hartwig,llm_direct_prior_source_alignment_conservative_ligand_mass,27007,79.3064,68.8755,20.6936,0,calibration,
real_buchwald_hartwig,llm_direct_prior_source_alignment_conservative_ligand_mass_conservative,27007,79.3064,68.8755,20.6936,0,calibration,
real_buchwald_hartwig,llm_direct_prior_source_alignment_conservative_ligand_mass_noprior,27007,79.3064,68.8755,20.6936,0,calibration,
real_buchwald_hartwig,llm_direct_prior_source_schema_only_field_mapping,27007,68.765,65.9346,31.235,0,calibration,
real_buchwald_hartwig,llm_direct_prior_source_schema_only_field_mapping_conservative,27007,68.765,65.9346,31.235,0,calibration,
real_buchwald_hartwig,llm_direct_prior_source_schema_only_field_mapping_noprior,27007,68.765,65.9346,31.235,0,calibration,
real_buchwald_hartwig,llm_direct_prior_steric_tpsa_balanced_optimization,27007,68.7407,60.6374,31.2593,0,calibration,
real_buchwald_hartwig,llm_direct_prior_steric_tpsa_balanced_optimization_conservative,27007,72.7059,67.826,27.2941,0,calibration,
real_buchwald_hartwig,llm_direct_prior_steric_tpsa_balanced_optimization_noprior,27007,68.7407,60.6374,31.2593,0,calibration,
real_buchwald_hartwig,llm_semantic_base_strength_solvent_polarity_domain,27007,83.0165,64.0262,16.9835,0,calibration,
real_buchwald_hartwig,llm_semantic_base_strength_solvent_polarity_domain_conservative,27007,85.1332,78.8401,14.8668,0,calibration,
real_buchwald_hartwig,llm_semantic_base_strength_solvent_polarity_domain_noprior,27007,54.2458,47.5279,45.7542,0,calibration,
real_buchwald_hartwig,llm_semantic_counter_source_acid_halide_reversal,27007,94.6911,80.8238,5.3089,0,calibration,
real_buchwald_hartwig,llm_semantic_counter_source_acid_halide_reversal_conservative,27007,85.6057,78.8873,14.3943,0,calibration,
real_buchwald_hartwig,llm_semantic_counter_source_acid_halide_reversal_noprior,27007,98.2872,79.1146,1.7128,1,calibration,
real_buchwald_hartwig,llm_semantic_cross_skill_rule_bank,27007,93.3108,74.2741,6.6892,0,calibration,
real_buchwald_hartwig,llm_semantic_halide_reactivity_additive_suppression,27007,40.4071,33.9339,59.5929,0,calibration,
real_buchwald_hartwig,llm_semantic_halide_reactivity_additive_suppression_conservative,27007,54.2458,39.9584,45.7542,0,calibration,
real_buchwald_hartwig,llm_semantic_halide_reactivity_additive_suppression_noprior,27007,91.6984,79.3515,8.3016,0,calibration,
real_buchwald_hartwig,llm_semantic_low_semantic_mass_anchor_heavy,27007,93.1012,68.9246,6.8988,0,calibration,
real_buchwald_hartwig,llm_semantic_low_semantic_mass_anchor_heavy_conservative,27007,93.1012,68.9246,6.8988,0,calibration,
real_buchwald_hartwig,llm_semantic_low_semantic_mass_anchor_heavy_noprior,27007,93.1012,68.9246,6.8988,0,calibration,
real_buchwald_hartwig,llm_semantic_mechanistic_heteroaromatic_halide_synergy,27007,91.6984,79.7319,8.3016,0,calibration,
real_buchwald_hartwig,llm_semantic_mechanistic_heteroaromatic_halide_synergy_conservative,27007,88.4043,65.4087,11.5957,0,calibration,
real_buchwald_hartwig,llm_semantic_mechanistic_heteroaromatic_halide_synergy_noprior,27007,89.4195,76.7351,10.5805,0,calibration,
real_buchwald_hartwig,llm_semantic_source_alignment_conservative_ligand_mass,27007,93.0289,72.8074,6.9711,0,calibration,
real_buchwald_hartwig,llm_semantic_source_alignment_conservative_ligand_mass_conservative,27007,93.0289,57.6806,6.9711,0,calibration,
real_buchwald_hartwig,llm_semantic_source_alignment_conservative_ligand_mass_noprior,27007,93.0289,57.6806,6.9711,0,calibration,
real_buchwald_hartwig,llm_semantic_source_schema_only_field_mapping,27007,92.2093,77.4606,7.7907,0,calibration,
real_buchwald_hartwig,llm_semantic_source_schema_only_field_mapping_conservative,27007,87.2375,79.2784,12.7625,0,calibration,
real_buchwald_hartwig,llm_semantic_source_schema_only_field_mapping_noprior,27007,87.2375,79.2784,12.7625,0,calibration,
real_buchwald_hartwig,llm_semantic_steric_tpsa_balanced_optimization,27007,93.0289,81.252,6.9711,0,calibration,
real_buchwald_hartwig,llm_semantic_steric_tpsa_balanced_optimization_conservative,27007,93.4211,81.71,6.5789,0,calibration,
real_buchwald_hartwig,llm_semantic_steric_tpsa_balanced_optimization_noprior,27007,86.7621,77.0457,13.2379,0,calibration,
real_buchwald_hartwig,mixed_kernel_gp_ei,27007,92.8977,76.0616,7.1023,0,calibration,
real_buchwald_hartwig,target_acquisition_portfolio,27007,92.8977,76.0616,7.1023,0,calibration,
real_buchwald_hartwig,gp_ucb,27008,96.1323,92.0243,3.8677,0,calibration,
real_buchwald_hartwig,llambo_warmstart_base_strength_solvent_polarity_domain,27008,86.9711,86.9711,13.0289,0,calibration,
real_buchwald_hartwig,llambo_warmstart_base_strength_solvent_polarity_domain_conservative,27008,86.9711,86.9711,13.0289,0,calibration,
real_buchwald_hartwig,llambo_warmstart_base_strength_solvent_polarity_domain_noprior,27008,86.9711,86.9711,13.0289,0,calibration,
real_buchwald_hartwig,llambo_warmstart_counter_source_acid_halide_reversal,27008,98.1771,81.2443,1.8229,1,calibration,
real_buchwald_hartwig,llambo_warmstart_counter_source_acid_halide_reversal_conservative,27008,98.1771,81.2443,1.8229,1,calibration,
real_buchwald_hartwig,llambo_warmstart_counter_source_acid_halide_reversal_noprior,27008,98.1771,81.2443,1.8229,1,calibration,
real_buchwald_hartwig,llambo_warmstart_cross_skill_rule_bank,27008,98.7313,89.9337,1.2687,1,calibration,
real_buchwald_hartwig,llambo_warmstart_halide_reactivity_additive_suppression,27008,98.1771,94.3632,1.8229,1,calibration,
real_buchwald_hartwig,llambo_warmstart_halide_reactivity_additive_suppression_conservative,27008,98.1771,94.3632,1.8229,1,calibration,
real_buchwald_hartwig,llambo_warmstart_halide_reactivity_additive_suppression_noprior,27008,98.1771,94.3632,1.8229,1,calibration,
real_buchwald_hartwig,llambo_warmstart_low_semantic_mass_anchor_heavy,27008,98.8492,91.3903,1.1508,1,calibration,
real_buchwald_hartwig,llambo_warmstart_low_semantic_mass_anchor_heavy_conservative,27008,98.8492,91.3903,1.1508,1,calibration,
real_buchwald_hartwig,llambo_warmstart_low_semantic_mass_anchor_heavy_noprior,27008,98.8492,91.3903,1.1508,1,calibration,
real_buchwald_hartwig,llambo_warmstart_mechanistic_heteroaromatic_halide_synergy,27008,93.0326,87.2331,6.9674,0,calibration,
real_buchwald_hartwig,llambo_warmstart_mechanistic_heteroaromatic_halide_synergy_conservative,27008,93.0326,87.2331,6.9674,0,calibration,
real_buchwald_hartwig,llambo_warmstart_mechanistic_heteroaromatic_halide_synergy_noprior,27008,93.0326,87.2331,6.9674,0,calibration,
real_buchwald_hartwig,llambo_warmstart_source_alignment_conservative_ligand_mass,27008,98.1771,82.2852,1.8229,1,calibration,
real_buchwald_hartwig,llambo_warmstart_source_alignment_conservative_ligand_mass_conservative,27008,98.1771,82.2852,1.8229,1,calibration,
real_buchwald_hartwig,llambo_warmstart_source_alignment_conservative_ligand_mass_noprior,27008,98.1771,82.2852,1.8229,1,calibration,
real_buchwald_hartwig,llambo_warmstart_source_schema_only_field_mapping,27008,88.5139,80.8563,11.4861,0,calibration,
real_buchwald_hartwig,llambo_warmstart_source_schema_only_field_mapping_conservative,27008,88.5139,80.8563,11.4861,0,calibration,
real_buchwald_hartwig,llambo_warmstart_source_schema_only_field_mapping_noprior,27008,88.5139,80.8563,11.4861,0,calibration,
real_buchwald_hartwig,llambo_warmstart_steric_tpsa_balanced_optimization,27008,98.1771,88.627,1.8229,1,calibration,
real_buchwald_hartwig,llambo_warmstart_steric_tpsa_balanced_optimization_conservative,27008,98.1771,88.627,1.8229,1,calibration,
real_buchwald_hartwig,llambo_warmstart_steric_tpsa_balanced_optimization_noprior,27008,98.1771,88.627,1.8229,1,calibration,
real_buchwald_hartwig,llm_direct_prior_base_strength_solvent_polarity_domain,27008,90.7313,81.0759,9.2687,0,calibration,
real_buchwald_hartwig,llm_direct_prior_base_strength_solvent_polarity_domain_conservative,27008,86.0034,80.8702,13.9966,0,calibration,
real_buchwald_hartwig,llm_direct_prior_base_strength_solvent_polarity_domain_noprior,27008,90.7313,81.0759,9.2687,0,calibration,
real_buchwald_hartwig,llm_direct_prior_counter_source_acid_halide_reversal,27008,88.5139,88.5139,11.4861,0,calibration,
real_buchwald_hartwig,llm_direct_prior_counter_source_acid_halide_reversal_conservative,27008,88.5139,88.5139,11.4861,0,calibration,
real_buchwald_hartwig,llm_direct_prior_counter_source_acid_halide_reversal_noprior,27008,88.5139,88.5139,11.4861,0,calibration,
real_buchwald_hartwig,llm_direct_prior_cross_skill_rule_bank,27008,75.7358,75.7358,24.2642,0,calibration,
real_buchwald_hartwig,llm_direct_prior_halide_reactivity_additive_suppression,27008,83.7372,76.5359,16.2628,0,calibration,
real_buchwald_hartwig,llm_direct_prior_halide_reactivity_additive_suppression_conservative,27008,86.0034,80.643,13.9966,0,calibration,
real_buchwald_hartwig,llm_direct_prior_halide_reactivity_additive_suppression_noprior,27008,83.7372,76.5359,16.2628,0,calibration,
real_buchwald_hartwig,llm_direct_prior_low_semantic_mass_anchor_heavy,27008,96.1323,90.9124,3.8677,0,calibration,
real_buchwald_hartwig,llm_direct_prior_low_semantic_mass_anchor_heavy_conservative,27008,96.1323,90.9124,3.8677,0,calibration,
real_buchwald_hartwig,llm_direct_prior_low_semantic_mass_anchor_heavy_noprior,27008,96.1323,90.9124,3.8677,0,calibration,
real_buchwald_hartwig,llm_direct_prior_mechanistic_heteroaromatic_halide_synergy,27008,90.3173,87.0403,9.6827,0,calibration,
real_buchwald_hartwig,llm_direct_prior_mechanistic_heteroaromatic_halide_synergy_conservative,27008,96.1323,87.8056,3.8677,0,calibration,
real_buchwald_hartwig,llm_direct_prior_mechanistic_heteroaromatic_halide_synergy_noprior,27008,90.3173,87.0403,9.6827,0,calibration,
real_buchwald_hartwig,llm_direct_prior_source_alignment_conservative_ligand_mass,27008,87.9408,80.1847,12.0592,0,calibration,
real_buchwald_hartwig,llm_direct_prior_source_alignment_conservative_ligand_mass_conservative,27008,87.9408,80.1847,12.0592,0,calibration,
real_buchwald_hartwig,llm_direct_prior_source_alignment_conservative_ligand_mass_noprior,27008,87.9408,80.1847,12.0592,0,calibration,
real_buchwald_hartwig,llm_direct_prior_source_schema_only_field_mapping,27008,75.7358,75.7358,24.2642,0,calibration,
real_buchwald_hartwig,llm_direct_prior_source_schema_only_field_mapping_conservative,27008,75.7358,75.7358,24.2642,0,calibration,
real_buchwald_hartwig,llm_direct_prior_source_schema_only_field_mapping_noprior,27008,75.7358,75.7358,24.2642,0,calibration,
real_buchwald_hartwig,llm_direct_prior_steric_tpsa_balanced_optimization,27008,75.7358,75.7358,24.2642,0,calibration,
real_buchwald_hartwig,llm_direct_prior_steric_tpsa_balanced_optimization_conservative,27008,75.7358,75.7358,24.2642,0,calibration,
real_buchwald_hartwig,llm_direct_prior_steric_tpsa_balanced_optimization_noprior,27008,75.7358,75.7358,24.2642,0,calibration,
real_buchwald_hartwig,llm_semantic_base_strength_solvent_polarity_domain,27008,89.6142,87.1239,10.3858,0,calibration,
real_buchwald_hartwig,llm_semantic_base_strength_solvent_polarity_domain_conservative,27008,96.1323,89.2183,3.8677,0,calibration,
real_buchwald_hartwig,llm_semantic_base_strength_solvent_polarity_domain_noprior,27008,89.6142,87.2683,10.3858,0,calibration,
real_buchwald_hartwig,llm_semantic_counter_source_acid_halide_reversal,27008,77.5468,76.8224,22.4532,0,calibration,
real_buchwald_hartwig,llm_semantic_counter_source_acid_halide_reversal_conservative,27008,96.1323,87.833,3.8677,0,calibration,
real_buchwald_hartwig,llm_semantic_counter_source_acid_halide_reversal_noprior,27008,96.1323,86.7569,3.8677,0,calibration,
real_buchwald_hartwig,llm_semantic_cross_skill_rule_bank,27008,89.6142,88.3674,10.3858,0,calibration,
real_buchwald_hartwig,llm_semantic_halide_reactivity_additive_suppression,27008,96.1323,93.7551,3.8677,0,calibration,
real_buchwald_hartwig,llm_semantic_halide_reactivity_additive_suppression_conservative,27008,96.1323,92.7861,3.8677,0,calibration,
real_buchwald_hartwig,llm_semantic_halide_reactivity_additive_suppression_noprior,27008,96.1323,93.4434,3.8677,0,calibration,
real_buchwald_hartwig,llm_semantic_low_semantic_mass_anchor_heavy,27008,77.5468,77.0035,22.4532,0,calibration,
real_buchwald_hartwig,llm_semantic_low_semantic_mass_anchor_heavy_conservative,27008,77.5468,77.0035,22.4532,0,calibration,
real_buchwald_hartwig,llm_semantic_low_semantic_mass_anchor_heavy_noprior,27008,77.5468,77.0035,22.4532,0,calibration,
real_buchwald_hartwig,llm_semantic_mechanistic_heteroaromatic_halide_synergy,27008,89.6142,83.2701,10.3858,0,calibration,
real_buchwald_hartwig,llm_semantic_mechanistic_heteroaromatic_halide_synergy_conservative,27008,89.6142,83.9348,10.3858,0,calibration,
real_buchwald_hartwig,llm_semantic_mechanistic_heteroaromatic_halide_synergy_noprior,27008,89.6142,83.9348,10.3858,0,calibration,
real_buchwald_hartwig,llm_semantic_source_alignment_conservative_ligand_mass,27008,96.1323,86.7543,3.8677,0,calibration,
real_buchwald_hartwig,llm_semantic_source_alignment_conservative_ligand_mass_conservative,27008,87.9408,78.3166,12.0592,0,calibration,
real_buchwald_hartwig,llm_semantic_source_alignment_conservative_ligand_mass_noprior,27008,87.9408,78.3166,12.0592,0,calibration,
real_buchwald_hartwig,llm_semantic_source_schema_only_field_mapping,27008,89.6142,87.9146,10.3858,0,calibration,
real_buchwald_hartwig,llm_semantic_source_schema_only_field_mapping_conservative,27008,96.1323,88.5665,3.8677,0,calibration,
real_buchwald_hartwig,llm_semantic_source_schema_only_field_mapping_noprior,27008,96.1323,88.5665,3.8677,0,calibration,
real_buchwald_hartwig,llm_semantic_steric_tpsa_balanced_optimization,27008,89.6142,86.5084,10.3858,0,calibration,
real_buchwald_hartwig,llm_semantic_steric_tpsa_balanced_optimization_conservative,27008,96.1323,87.1786,3.8677,0,calibration,
real_buchwald_hartwig,llm_semantic_steric_tpsa_balanced_optimization_noprior,27008,96.1323,88.1421,3.8677,0,calibration,
real_buchwald_hartwig,mixed_kernel_gp_ei,27008,96.1323,92.0243,3.8677,0,calibration,
real_buchwald_hartwig,target_acquisition_portfolio,27008,96.1323,92.0243,3.8677,0,calibration,
real_buchwald_hartwig,gp_ucb,27009,84.93,83.7599,15.07,0,calibration,
real_buchwald_hartwig,llambo_warmstart_base_strength_solvent_polarity_domain,27009,91.9334,85.0155,8.0666,0,calibration,
real_buchwald_hartwig,llambo_warmstart_base_strength_solvent_polarity_domain_conservative,27009,91.9334,85.0155,8.0666,0,calibration,
real_buchwald_hartwig,llambo_warmstart_base_strength_solvent_polarity_domain_noprior,27009,91.9334,85.0155,8.0666,0,calibration,
real_buchwald_hartwig,llambo_warmstart_counter_source_acid_halide_reversal,27009,85.1402,83.9535,14.8598,0,calibration,
real_buchwald_hartwig,llambo_warmstart_counter_source_acid_halide_reversal_conservative,27009,85.1402,83.9535,14.8598,0,calibration,
real_buchwald_hartwig,llambo_warmstart_counter_source_acid_halide_reversal_noprior,27009,85.1402,83.9535,14.8598,0,calibration,
real_buchwald_hartwig,llambo_warmstart_cross_skill_rule_bank,27009,93.3108,86.0031,6.6892,0,calibration,
real_buchwald_hartwig,llambo_warmstart_halide_reactivity_additive_suppression,27009,92.2093,89.8159,7.7907,0,calibration,
real_buchwald_hartwig,llambo_warmstart_halide_reactivity_additive_suppression_conservative,27009,92.2093,89.8159,7.7907,0,calibration,
real_buchwald_hartwig,llambo_warmstart_halide_reactivity_additive_suppression_noprior,27009,92.2093,89.8159,7.7907,0,calibration,
real_buchwald_hartwig,llambo_warmstart_low_semantic_mass_anchor_heavy,27009,92.659,74.2719,7.341,0,calibration,
real_buchwald_hartwig,llambo_warmstart_low_semantic_mass_anchor_heavy_conservative,27009,92.659,74.2719,7.341,0,calibration,
real_buchwald_hartwig,llambo_warmstart_low_semantic_mass_anchor_heavy_noprior,27009,92.659,74.2719,7.341,0,calibration,
real_buchwald_hartwig,llambo_warmstart_mechanistic_heteroaromatic_halide_synergy,27009,81.2989,80.0127,18.7011,0,calibration,
real_buchwald_hartwig,llambo_warmstart_mechanistic_heteroaromatic_halide_synergy_conservative,27009,81.2989,80.0127,18.7011,0,calibration,
real_buchwald_hartwig,llambo_warmstart_mechanistic_heteroaromatic_halide_synergy_noprior,27009,81.2989,80.0127,18.7011,0,calibration,
real_buchwald_hartwig,llambo_warmstart_source_alignment_conservative_ligand_mass,27009,100.0,95.8395,0.0,1,calibration,
real_buchwald_hartwig,llambo_warmstart_source_alignment_conservative_ligand_mass_conservative,27009,100.0,95.8395,0.0,1,calibration,
real_buchwald_hartwig,llambo_warmstart_source_alignment_conservative_ligand_mass_noprior,27009,100.0,95.8395,0.0,1,calibration,
real_buchwald_hartwig,llambo_warmstart_source_schema_only_field_mapping,27009,99.6191,86.2418,0.3809,1,calibration,
real_buchwald_hartwig,llambo_warmstart_source_schema_only_field_mapping_conservative,27009,99.6191,86.2418,0.3809,1,calibration,
real_buchwald_hartwig,llambo_warmstart_source_schema_only_field_mapping_noprior,27009,99.6191,86.2418,0.3809,1,calibration,
real_buchwald_hartwig,llambo_warmstart_steric_tpsa_balanced_optimization,27009,83.3036,83.3036,16.6964,0,calibration,
real_buchwald_hartwig,llambo_warmstart_steric_tpsa_balanced_optimization_conservative,27009,83.3036,83.3036,16.6964,0,calibration,
real_buchwald_hartwig,llambo_warmstart_steric_tpsa_balanced_optimization_noprior,27009,83.3036,83.3036,16.6964,0,calibration,
real_buchwald_hartwig,llm_direct_prior_base_strength_solvent_polarity_domain,27009,79.0795,79.0795,20.9205,0,calibration,
real_buchwald_hartwig,llm_direct_prior_base_strength_solvent_polarity_domain_conservative,27009,89.3231,81.5047,10.6769,0,calibration,
real_buchwald_hartwig,llm_direct_prior_base_strength_solvent_polarity_domain_noprior,27009,79.0795,79.0795,20.9205,0,calibration,
real_buchwald_hartwig,llm_direct_prior_counter_source_acid_halide_reversal,27009,93.0995,87.4633,6.9005,0,calibration,
real_buchwald_hartwig,llm_direct_prior_counter_source_acid_halide_reversal_conservative,27009,79.8903,79.7281,20.1097,0,calibration,
real_buchwald_hartwig,llm_direct_prior_counter_source_acid_halide_reversal_noprior,27009,93.0995,87.4633,6.9005,0,calibration,
real_buchwald_hartwig,llm_direct_prior_cross_skill_rule_bank,27009,98.7313,87.4915,1.2687,1,calibration,
real_buchwald_hartwig,llm_direct_prior_halide_reactivity_additive_suppression,27009,79.0795,79.0795,20.9205,0,calibration,
real_buchwald_hartwig,llm_direct_prior_halide_reactivity_additive_suppression_conservative,27009,79.0795,79.0795,20.9205,0,calibration,
real_buchwald_hartwig,llm_direct_prior_halide_reactivity_additive_suppression_noprior,27009,79.0795,79.0795,20.9205,0,calibration,
real_buchwald_hartwig,llm_direct_prior_low_semantic_mass_anchor_heavy,27009,83.033,81.928,16.967,0,calibration,
real_buchwald_hartwig,llm_direct_prior_low_semantic_mass_anchor_heavy_conservative,27009,83.033,81.928,16.967,0,calibration,
real_buchwald_hartwig,llm_direct_prior_low_semantic_mass_anchor_heavy_noprior,27009,83.033,81.928,16.967,0,calibration,
real_buchwald_hartwig,llm_direct_prior_mechanistic_heteroaromatic_halide_synergy,27009,86.8997,86.4043,13.1003,0,calibration,
real_buchwald_hartwig,llm_direct_prior_mechanistic_heteroaromatic_halide_synergy_conservative,27009,86.7862,86.5726,13.2138,0,calibration,
real_buchwald_hartwig,llm_direct_prior_mechanistic_heteroaromatic_halide_synergy_noprior,27009,86.8997,86.4043,13.1003,0,calibration,
real_buchwald_hartwig,llm_direct_prior_source_alignment_conservative_ligand_mass,27009,84.5889,81.8342,15.4111,0,calibration,
real_buchwald_hartwig,llm_direct_prior_source_alignment_conservative_ligand_mass_conservative,27009,84.5889,81.8342,15.4111,0,calibration,
real_buchwald_hartwig,llm_direct_prior_source_alignment_conservative_ligand_mass_noprior,27009,84.5889,81.8342,15.4111,0,calibration,
real_buchwald_hartwig,llm_direct_prior_source_schema_only_field_mapping,27009,86.1944,85.4249,13.8056,0,calibration,
real_buchwald_hartwig,llm_direct_prior_source_schema_only_field_mapping_conservative,27009,86.1944,85.4249,13.8056,0,calibration,
real_buchwald_hartwig,llm_direct_prior_source_schema_only_field_mapping_noprior,27009,86.1944,85.4249,13.8056,0,calibration,
real_buchwald_hartwig,llm_direct_prior_steric_tpsa_balanced_optimization,27009,79.0795,79.0795,20.9205,0,calibration,
real_buchwald_hartwig,llm_direct_prior_steric_tpsa_balanced_optimization_conservative,27009,79.0795,79.0795,20.9205,0,calibration,
real_buchwald_hartwig,llm_direct_prior_steric_tpsa_balanced_optimization_noprior,27009,79.0795,79.0795,20.9205,0,calibration,
real_buchwald_hartwig,llm_semantic_base_strength_solvent_polarity_domain,27009,84.93,82.5898,15.07,0,calibration,
real_buchwald_hartwig,llm_semantic_base_strength_solvent_polarity_domain_conservative,27009,79.0795,79.0795,20.9205,0,calibration,
real_buchwald_hartwig,llm_semantic_base_strength_solvent_polarity_domain_noprior,27009,84.93,80.8346,15.07,0,calibration,
real_buchwald_hartwig,llm_semantic_counter_source_acid_halide_reversal,27009,88.5139,85.6384,11.4861,0,calibration,
real_buchwald_hartwig,llm_semantic_counter_source_acid_halide_reversal_conservative,27009,84.6498,84.0928,15.3502,0,calibration,
real_buchwald_hartwig,llm_semantic_counter_source_acid_halide_reversal_noprior,27009,88.5139,85.6384,11.4861,0,calibration,
real_buchwald_hartwig,llm_semantic_cross_skill_rule_bank,27009,84.6498,83.5357,15.3502,0,calibration,
real_buchwald_hartwig,llm_semantic_halide_reactivity_additive_suppression,27009,89.6142,89.6142,10.3858,0,calibration,
real_buchwald_hartwig,llm_semantic_halide_reactivity_additive_suppression_conservative,27009,89.5592,85.3673,10.4408,0,calibration,
real_buchwald_hartwig,llm_semantic_halide_reactivity_additive_suppression_noprior,27009,89.6142,88.5607,10.3858,0,calibration,
real_buchwald_hartwig,llm_semantic_low_semantic_mass_anchor_heavy,27009,86.4971,85.0193,13.5029,0,calibration,
real_buchwald_hartwig,llm_semantic_low_semantic_mass_anchor_heavy_conservative,27009,87.9408,85.6371,12.0592,0,calibration,
real_buchwald_hartwig,llm_semantic_low_semantic_mass_anchor_heavy_noprior,27009,87.9408,85.6371,12.0592,0,calibration,
real_buchwald_hartwig,llm_semantic_mechanistic_heteroaromatic_halide_synergy,27009,93.0995,86.7355,6.9005,0,calibration,
real_buchwald_hartwig,llm_semantic_mechanistic_heteroaromatic_halide_synergy_conservative,27009,92.9567,90.2362,7.0433,0,calibration,
real_buchwald_hartwig,llm_semantic_mechanistic_heteroaromatic_halide_synergy_noprior,27009,94.3462,88.9735,5.6538,0,calibration,
real_buchwald_hartwig,llm_semantic_source_alignment_conservative_ligand_mass,27009,89.4671,88.9793,10.5329,0,calibration,
real_buchwald_hartwig,llm_semantic_source_alignment_conservative_ligand_mass_conservative,27009,91.3733,89.1699,8.6267,0,calibration,
real_buchwald_hartwig,llm_semantic_source_alignment_conservative_ligand_mass_noprior,27009,91.3733,89.1699,8.6267,0,calibration,
real_buchwald_hartwig,llm_semantic_source_schema_only_field_mapping,27009,79.0795,79.0795,20.9205,0,calibration,
real_buchwald_hartwig,llm_semantic_source_schema_only_field_mapping_conservative,27009,79.0795,79.0795,20.9205,0,calibration,
real_buchwald_hartwig,llm_semantic_source_schema_only_field_mapping_noprior,27009,79.0795,79.0795,20.9205,0,calibration,
real_buchwald_hartwig,llm_semantic_steric_tpsa_balanced_optimization,27009,83.7372,82.8057,16.2628,0,calibration,
real_buchwald_hartwig,llm_semantic_steric_tpsa_balanced_optimization_conservative,27009,89.6142,85.1462,10.3858,0,calibration,
real_buchwald_hartwig,llm_semantic_steric_tpsa_balanced_optimization_noprior,27009,84.6498,82.9882,15.3502,0,calibration,
real_buchwald_hartwig,mixed_kernel_gp_ei,27009,84.93,83.7599,15.07,0,calibration,
real_buchwald_hartwig,target_acquisition_portfolio,27009,84.93,83.7599,15.07,0,calibration,
real_buchwald_hartwig,gp_ucb,27010,90.9905,84.4576,9.0095,0,calibration,
real_buchwald_hartwig,llambo_warmstart_base_strength_solvent_polarity_domain,27010,81.2746,74.1758,18.7254,0,calibration,
real_buchwald_hartwig,llambo_warmstart_base_strength_solvent_polarity_domain_conservative,27010,81.2746,74.1758,18.7254,0,calibration,
real_buchwald_hartwig,llambo_warmstart_base_strength_solvent_polarity_domain_noprior,27010,81.2746,74.1758,18.7254,0,calibration,
real_buchwald_hartwig,llambo_warmstart_counter_source_acid_halide_reversal,27010,95.7526,92.7391,4.2474,0,calibration,
real_buchwald_hartwig,llambo_warmstart_counter_source_acid_halide_reversal_conservative,27010,95.7526,92.7391,4.2474,0,calibration,
real_buchwald_hartwig,llambo_warmstart_counter_source_acid_halide_reversal_noprior,27010,95.7526,92.7391,4.2474,0,calibration,
real_buchwald_hartwig,llambo_warmstart_cross_skill_rule_bank,27010,89.4195,84.9655,10.5805,0,calibration,
real_buchwald_hartwig,llambo_warmstart_halide_reactivity_additive_suppression,27010,83.6537,78.986,16.3463,0,calibration,
real_buchwald_hartwig,llambo_warmstart_halide_reactivity_additive_suppression_conservative,27010,83.6537,78.986,16.3463,0,calibration,
real_buchwald_hartwig,llambo_warmstart_halide_reactivity_additive_suppression_noprior,27010,83.6537,78.986,16.3463,0,calibration,
real_buchwald_hartwig,llambo_warmstart_low_semantic_mass_anchor_heavy,27010,97.5685,89.6543,2.4315,1,calibration,
real_buchwald_hartwig,llambo_warmstart_low_semantic_mass_anchor_heavy_conservative,27010,97.5685,89.6543,2.4315,1,calibration,
real_buchwald_hartwig,llambo_warmstart_low_semantic_mass_anchor_heavy_noprior,27010,97.5685,89.6543,2.4315,1,calibration,
real_buchwald_hartwig,llambo_warmstart_mechanistic_heteroaromatic_halide_synergy,27010,92.256,91.1211,7.744,0,calibration,
real_buchwald_hartwig,llambo_warmstart_mechanistic_heteroaromatic_halide_synergy_conservative,27010,92.256,91.1211,7.744,0,calibration,
real_buchwald_hartwig,llambo_warmstart_mechanistic_heteroaromatic_halide_synergy_noprior,27010,92.256,91.1211,7.744,0,calibration,
real_buchwald_hartwig,llambo_warmstart_source_alignment_conservative_ligand_mass,27010,86.6896,83.6793,13.3104,0,calibration,
real_buchwald_hartwig,llambo_warmstart_source_alignment_conservative_ligand_mass_conservative,27010,86.6896,83.6793,13.3104,0,calibration,
real_buchwald_hartwig,llambo_warmstart_source_alignment_conservative_ligand_mass_noprior,27010,86.6896,83.6793,13.3104,0,calibration,
real_buchwald_hartwig,llambo_warmstart_source_schema_only_field_mapping,27010,68.765,68.765,31.235,0,calibration,
real_buchwald_hartwig,llambo_warmstart_source_schema_only_field_mapping_conservative,27010,68.765,68.765,31.235,0,calibration,
real_buchwald_hartwig,llambo_warmstart_source_schema_only_field_mapping_noprior,27010,68.765,68.765,31.235,0,calibration,
real_buchwald_hartwig,llambo_warmstart_steric_tpsa_balanced_optimization,27010,97.5685,90.0544,2.4315,1,calibration,
real_buchwald_hartwig,llambo_warmstart_steric_tpsa_balanced_optimization_conservative,27010,97.5685,90.0544,2.4315,1,calibration,
real_buchwald_hartwig,llambo_warmstart_steric_tpsa_balanced_optimization_noprior,27010,97.5685,90.0544,2.4315,1,calibration,
real_buchwald_hartwig,llm_direct_prior_base_strength_solvent_polarity_domain,27010,83.3382,74.5906,16.6618,0,calibration,
real_buchwald_hartwig,llm_direct_prior_base_strength_solvent_polarity_domain_conservative,27010,83.3382,74.0939,16.6618,0,calibration,
real_buchwald_hartwig,llm_direct_prior_base_strength_solvent_polarity_domain_noprior,27010,83.3382,74.5906,16.6618,0,calibration,
real_buchwald_hartwig,llm_direct_prior_counter_source_acid_halide_reversal,27010,94.6911,90.3247,5.3089,0,calibration,
real_buchwald_hartwig,llm_direct_prior_counter_source_acid_halide_reversal_conservative,27010,93.4211,89.9437,6.5789,0,calibration,
real_buchwald_hartwig,llm_direct_prior_counter_source_acid_halide_reversal_noprior,27010,94.6911,90.3247,5.3089,0,calibration,
real_buchwald_hartwig,llm_direct_prior_cross_skill_rule_bank,27010,83.7372,70.2454,16.2628,0,calibration,
real_buchwald_hartwig,llm_direct_prior_halide_reactivity_additive_suppression,27010,90.7313,77.5038,9.2687,0,calibration,
real_buchwald_hartwig,llm_direct_prior_halide_reactivity_additive_suppression_conservative,27010,83.3382,72.8204,16.6618,0,calibration,
real_buchwald_hartwig,llm_direct_prior_halide_reactivity_additive_suppression_noprior,27010,90.7313,77.5038,9.2687,0,calibration,
real_buchwald_hartwig,llm_direct_prior_low_semantic_mass_anchor_heavy,27010,92.9567,79.8135,7.0433,0,calibration,
real_buchwald_hartwig,llm_direct_prior_low_semantic_mass_anchor_heavy_conservative,27010,92.9567,79.8135,7.0433,0,calibration,
real_buchwald_hartwig,llm_direct_prior_low_semantic_mass_anchor_heavy_noprior,27010,92.9567,79.8135,7.0433,0,calibration,
real_buchwald_hartwig,llm_direct_prior_mechanistic_heteroaromatic_halide_synergy,27010,97.2929,86.1644,2.7071,0,calibration,
real_buchwald_hartwig,llm_direct_prior_mechanistic_heteroaromatic_halide_synergy_conservative,27010,93.3108,84.1308,6.6892,0,calibration,
real_buchwald_hartwig,llm_direct_prior_mechanistic_heteroaromatic_halide_synergy_noprior,27010,97.2929,86.1644,2.7071,0,calibration,
real_buchwald_hartwig,llm_direct_prior_source_alignment_conservative_ligand_mass,27010,82.3494,67.6975,17.6506,0,calibration,
real_buchwald_hartwig,llm_direct_prior_source_alignment_conservative_ligand_mass_conservative,27010,82.3494,67.6975,17.6506,0,calibration,
real_buchwald_hartwig,llm_direct_prior_source_alignment_conservative_ligand_mass_noprior,27010,82.3494,67.6975,17.6506,0,calibration,
real_buchwald_hartwig,llm_direct_prior_source_schema_only_field_mapping,27010,90.9905,78.0931,9.0095,0,calibration,
real_buchwald_hartwig,llm_direct_prior_source_schema_only_field_mapping_conservative,27010,90.9905,78.0931,9.0095,0,calibration,
real_buchwald_hartwig,llm_direct_prior_source_schema_only_field_mapping_noprior,27010,90.9905,78.0931,9.0095,0,calibration,
real_buchwald_hartwig,llm_direct_prior_steric_tpsa_balanced_optimization,27010,77.6669,69.2638,22.3331,0,calibration,
real_buchwald_hartwig,llm_direct_prior_steric_tpsa_balanced_optimization_conservative,27010,56.4971,56.4971,43.5029,0,calibration,
real_buchwald_hartwig,llm_direct_prior_steric_tpsa_balanced_optimization_noprior,27010,77.6669,69.2638,22.3331,0,calibration,
real_buchwald_hartwig,llm_semantic_base_strength_solvent_polarity_domain,27010,89.5988,79.6411,10.4012,0,calibration,
real_buchwald_hartwig,llm_semantic_base_strength_solvent_polarity_domain_conservative,27010,89.5988,79.6411,10.4012,0,calibration,
real_buchwald_hartwig,llm_semantic_base_strength_solvent_polarity_domain_noprior,27010,84.6498,78.6513,15.3502,0,calibration,
real_buchwald_hartwig,llm_semantic_counter_source_acid_halide_reversal,27010,100.0,83.0894,0.0,1,calibration,
real_buchwald_hartwig,llm_semantic_counter_source_acid_halide_reversal_conservative,27010,100.0,87.1389,0.0,1,calibration,
real_buchwald_hartwig,llm_semantic_counter_source_acid_halide_reversal_noprior,27010,100.0,86.0988,0.0,1,calibration,
real_buchwald_hartwig,llm_semantic_cross_skill_rule_bank,27010,96.1323,93.3697,3.8677,0,calibration,
real_buchwald_hartwig,llm_semantic_halide_reactivity_additive_suppression,27010,89.5988,87.7419,10.4012,0,calibration,
real_buchwald_hartwig,llm_semantic_halide_reactivity_additive_suppression_conservative,27010,96.1323,90.5152,3.8677,0,calibration,
real_buchwald_hartwig,llm_semantic_halide_reactivity_additive_suppression_noprior,27010,92.1197,80.5982,7.8803,0,calibration,
real_buchwald_hartwig,llm_semantic_low_semantic_mass_anchor_heavy,27010,100.0,81.5211,0.0,1,calibration,
real_buchwald_hartwig,llm_semantic_low_semantic_mass_anchor_heavy_conservative,27010,100.0,81.5211,0.0,1,calibration,
real_buchwald_hartwig,llm_semantic_low_semantic_mass_anchor_heavy_noprior,27010,100.0,81.5211,0.0,1,calibration,
real_buchwald_hartwig,llm_semantic_mechanistic_heteroaromatic_halide_synergy,27010,92.9567,86.0388,7.0433,0,calibration,
real_buchwald_hartwig,llm_semantic_mechanistic_heteroaromatic_halide_synergy_conservative,27010,87.5542,83.0196,12.4458,0,calibration,
real_buchwald_hartwig,llm_semantic_mechanistic_heteroaromatic_halide_synergy_noprior,27010,85.1332,82.4882,14.8668,0,calibration,
real_buchwald_hartwig,llm_semantic_source_alignment_conservative_ligand_mass,27010,98.1771,87.1465,1.8229,1,calibration,
real_buchwald_hartwig,llm_semantic_source_alignment_conservative_ligand_mass_conservative,27010,100.0,91.4892,0.0,1,calibration,
real_buchwald_hartwig,llm_semantic_source_alignment_conservative_ligand_mass_noprior,27010,100.0,91.4892,0.0,1,calibration,
real_buchwald_hartwig,llm_semantic_source_schema_only_field_mapping,27010,83.4092,69.2379,16.5908,0,calibration,
real_buchwald_hartwig,llm_semantic_source_schema_only_field_mapping_conservative,27010,60.5287,60.1255,39.4713,0,calibration,
real_buchwald_hartwig,llm_semantic_source_schema_only_field_mapping_noprior,27010,96.1323,66.6385,3.8677,0,calibration,
real_buchwald_hartwig,llm_semantic_steric_tpsa_balanced_optimization,27010,85.6057,78.9051,14.3943,0,calibration,
real_buchwald_hartwig,llm_semantic_steric_tpsa_balanced_optimization_conservative,27010,85.2207,79.1886,14.7793,0,calibration,
real_buchwald_hartwig,llm_semantic_steric_tpsa_balanced_optimization_noprior,27010,98.2872,87.9166,1.7128,1,calibration,
real_buchwald_hartwig,mixed_kernel_gp_ei,27010,91.5286,77.5978,8.4714,0,calibration,
real_buchwald_hartwig,target_acquisition_portfolio,27010,100.0,82.7532,0.0,1,calibration,
real_buchwald_hartwig,gp_ucb,27011,92.127,82.9655,7.873,0,calibration,
real_buchwald_hartwig,llambo_warmstart_base_strength_solvent_polarity_domain,27011,89.9742,82.4993,10.0258,0,calibration,
real_buchwald_hartwig,llambo_warmstart_base_strength_solvent_polarity_domain_conservative,27011,89.9742,82.4993,10.0258,0,calibration,
real_buchwald_hartwig,llambo_warmstart_base_strength_solvent_polarity_domain_noprior,27011,89.9742,82.4993,10.0258,0,calibration,
real_buchwald_hartwig,llambo_warmstart_counter_source_acid_halide_reversal,27011,83.385,73.0448,16.615,0,calibration,
real_buchwald_hartwig,llambo_warmstart_counter_source_acid_halide_reversal_conservative,27011,83.385,73.0448,16.615,0,calibration,
real_buchwald_hartwig,llambo_warmstart_counter_source_acid_halide_reversal_noprior,27011,83.385,73.0448,16.615,0,calibration,
real_buchwald_hartwig,llambo_warmstart_cross_skill_rule_bank,27011,93.3108,92.7699,6.6892,0,calibration,
real_buchwald_hartwig,llambo_warmstart_halide_reactivity_additive_suppression,27011,99.6191,81.4706,0.3809,1,calibration,
real_buchwald_hartwig,llambo_warmstart_halide_reactivity_additive_suppression_conservative,27011,99.6191,81.4706,0.3809,1,calibration,
real_buchwald_hartwig,llambo_warmstart_halide_reactivity_additive_suppression_noprior,27011,99.6191,81.4706,0.3809,1,calibration,
real_buchwald_hartwig,llambo_warmstart_low_semantic_mass_anchor_heavy,27011,97.2929,93.7767,2.7071,0,calibration,
real_buchwald_hartwig,llambo_warmstart_low_semantic_mass_anchor_heavy_conservative,27011,97.2929,93.7767,2.7071,0,calibration,
real_buchwald_hartwig,llambo_warmstart_low_semantic_mass_anchor_heavy_noprior,27011,97.2929,93.7767,2.7071,0,calibration,
real_buchwald_hartwig,llambo_warmstart_mechanistic_heteroaromatic_halide_synergy,27011,94.5498,93.8194,5.4502,0,calibration,
real_buchwald_hartwig,llambo_warmstart_mechanistic_heteroaromatic_halide_synergy_conservative,27011,94.5498,93.8194,5.4502,0,calibration,
real_buchwald_hartwig,llambo_warmstart_mechanistic_heteroaromatic_halide_synergy_noprior,27011,94.5498,93.8194,5.4502,0,calibration,
real_buchwald_hartwig,llambo_warmstart_source_alignment_conservative_ligand_mass,27011,94.1485,91.6561,5.8515,0,calibration,
real_buchwald_hartwig,llambo_warmstart_source_alignment_conservative_ligand_mass_conservative,27011,94.1485,91.6561,5.8515,0,calibration,
real_buchwald_hartwig,llambo_warmstart_source_alignment_conservative_ligand_mass_noprior,27011,94.1485,91.6561,5.8515,0,calibration,
real_buchwald_hartwig,llambo_warmstart_source_schema_only_field_mapping,27011,90.9905,84.9852,9.0095,0,calibration,
real_buchwald_hartwig,llambo_warmstart_source_schema_only_field_mapping_conservative,27011,90.9905,84.9852,9.0095,0,calibration,
real_buchwald_hartwig,llambo_warmstart_source_schema_only_field_mapping_noprior,27011,90.9905,84.9852,9.0095,0,calibration,
real_buchwald_hartwig,llambo_warmstart_steric_tpsa_balanced_optimization,27011,94.5498,81.4235,5.4502,0,calibration,
real_buchwald_hartwig,llambo_warmstart_steric_tpsa_balanced_optimization_conservative,27011,94.5498,81.4235,5.4502,0,calibration,
real_buchwald_hartwig,llambo_warmstart_steric_tpsa_balanced_optimization_noprior,27011,94.5498,81.4235,5.4502,0,calibration,
real_buchwald_hartwig,llm_direct_prior_base_strength_solvent_polarity_domain,27011,83.3382,65.6351,16.6618,0,calibration,
real_buchwald_hartwig,llm_direct_prior_base_strength_solvent_polarity_domain_conservative,27011,64.6404,62.5762,35.3596,0,calibration,
real_buchwald_hartwig,llm_direct_prior_base_strength_solvent_polarity_domain_noprior,27011,83.3382,65.6351,16.6618,0,calibration,
real_buchwald_hartwig,llm_direct_prior_counter_source_acid_halide_reversal,27011,100.0,92.1537,0.0,1,calibration,
real_buchwald_hartwig,llm_direct_prior_counter_source_acid_halide_reversal_conservative,27011,97.5685,86.737,2.4315,1,calibration,
real_buchwald_hartwig,llm_direct_prior_counter_source_acid_halide_reversal_noprior,27011,100.0,92.1537,0.0,1,calibration,
real_buchwald_hartwig,llm_direct_prior_cross_skill_rule_bank,27011,64.6404,64.6404,35.3596,0,calibration,
real_buchwald_hartwig,llm_direct_prior_halide_reactivity_additive_suppression,27011,83.3382,70.204,16.6618,0,calibration,
real_buchwald_hartwig,llm_direct_prior_halide_reactivity_additive_suppression_conservative,27011,65.0778,62.6199,34.9222,0,calibration,
real_buchwald_hartwig,llm_direct_prior_halide_reactivity_additive_suppression_noprior,27011,83.3382,70.204,16.6618,0,calibration,
real_buchwald_hartwig,llm_direct_prior_low_semantic_mass_anchor_heavy,27011,83.0547,77.0537,16.9453,0,calibration,
real_buchwald_hartwig,llm_direct_prior_low_semantic_mass_anchor_heavy_conservative,27011,83.0547,77.0537,16.9453,0,calibration,
real_buchwald_hartwig,llm_direct_prior_low_semantic_mass_anchor_heavy_noprior,27011,83.0547,77.0537,16.9453,0,calibration,
real_buchwald_hartwig,llm_direct_prior_mechanistic_heteroaromatic_halide_synergy,27011,93.7486,86.6057,6.2514,0,calibration,
real_buchwald_hartwig,llm_direct_prior_mechanistic_heteroaromatic_halide_synergy_conservative,27011,93.7486,86.6057,6.2514,0,calibration,
real_buchwald_hartwig,llm_direct_prior_mechanistic_heteroaromatic_halide_synergy_noprior,27011,93.7486,86.6057,6.2514,0,calibration,
real_buchwald_hartwig,llm_direct_prior_source_alignment_conservative_ligand_mass,27011,86.7621,76.996,13.2379,0,calibration,
real_buchwald_hartwig,llm_direct_prior_source_alignment_conservative_ligand_mass_conservative,27011,86.7621,76.996,13.2379,0,calibration,
real_buchwald_hartwig,llm_direct_prior_source_alignment_conservative_ligand_mass_noprior,27011,86.7621,76.996,13.2379,0,calibration,
real_buchwald_hartwig,llm_direct_prior_source_schema_only_field_mapping,27011,84.6902,74.8353,15.3098,0,calibration,
real_buchwald_hartwig,llm_direct_prior_source_schema_only_field_mapping_conservative,27011,84.6902,74.8353,15.3098,0,calibration,
real_buchwald_hartwig,llm_direct_prior_source_schema_only_field_mapping_noprior,27011,84.6902,74.8353,15.3098,0,calibration,
real_buchwald_hartwig,llm_direct_prior_steric_tpsa_balanced_optimization,27011,71.265,63.2386,28.735,0,calibration,
real_buchwald_hartwig,llm_direct_prior_steric_tpsa_balanced_optimization_conservative,27011,69.0794,63.0802,30.9206,0,calibration,
real_buchwald_hartwig,llm_direct_prior_steric_tpsa_balanced_optimization_noprior,27011,71.265,63.2386,28.735,0,calibration,
real_buchwald_hartwig,llm_semantic_base_strength_solvent_polarity_domain,27011,83.0165,80.9495,16.9835,0,calibration,
real_buchwald_hartwig,llm_semantic_base_strength_solvent_polarity_domain_conservative,27011,85.2207,78.3215,14.7793,0,calibration,
real_buchwald_hartwig,llm_semantic_base_strength_solvent_polarity_domain_noprior,27011,83.0165,83.0165,16.9835,0,calibration,
real_buchwald_hartwig,llm_semantic_counter_source_acid_halide_reversal,27011,100.0,88.7759,0.0,1,calibration,
real_buchwald_hartwig,llm_semantic_counter_source_acid_halide_reversal_conservative,27011,80.6006,70.6391,19.3994,0,calibration,
real_buchwald_hartwig,llm_semantic_counter_source_acid_halide_reversal_noprior,27011,92.256,75.3257,7.744,0,calibration,
real_buchwald_hartwig,llm_semantic_cross_skill_rule_bank,27011,98.1771,91.3145,1.8229,1,calibration,
real_buchwald_hartwig,llm_semantic_halide_reactivity_additive_suppression,27011,100.0,96.3016,0.0,1,calibration,
real_buchwald_hartwig,llm_semantic_halide_reactivity_additive_suppression_conservative,27011,83.9556,83.3921,16.0444,0,calibration,
real_buchwald_hartwig,llm_semantic_halide_reactivity_additive_suppression_noprior,27011,83.4092,83.3307,16.5908,0,calibration,
real_buchwald_hartwig,llm_semantic_low_semantic_mass_anchor_heavy,27011,88.7252,82.9064,11.2748,0,calibration,
real_buchwald_hartwig,llm_semantic_low_semantic_mass_anchor_heavy_conservative,27011,88.7252,82.9064,11.2748,0,calibration,
real_buchwald_hartwig,llm_semantic_low_semantic_mass_anchor_heavy_noprior,27011,88.7252,82.9064,11.2748,0,calibration,
real_buchwald_hartwig,llm_semantic_mechanistic_heteroaromatic_halide_synergy,27011,89.5988,89.5988,10.4012,0,calibration,
real_buchwald_hartwig,llm_semantic_mechanistic_heteroaromatic_halide_synergy_conservative,27011,100.0,91.679,0.0,1,calibration,
real_buchwald_hartwig,llm_semantic_mechanistic_heteroaromatic_halide_synergy_noprior,27011,89.5988,89.5988,10.4012,0,calibration,
real_buchwald_hartwig,llm_semantic_source_alignment_conservative_ligand_mass,27011,100.0,90.1395,0.0,1,calibration,
real_buchwald_hartwig,llm_semantic_source_alignment_conservative_ligand_mass_conservative,27011,93.8745,84.0221,6.1255,0,calibration,
real_buchwald_hartwig,llm_semantic_source_alignment_conservative_ligand_mass_noprior,27011,93.8745,84.0221,6.1255,0,calibration,
real_buchwald_hartwig,llm_semantic_source_schema_only_field_mapping,27011,93.0289,73.1658,6.9711,0,calibration,
real_buchwald_hartwig,llm_semantic_source_schema_only_field_mapping_conservative,27011,65.0666,64.7946,34.9334,0,calibration,
real_buchwald_hartwig,llm_semantic_source_schema_only_field_mapping_noprior,27011,65.0666,64.7946,34.9334,0,calibration,
real_buchwald_hartwig,llm_semantic_steric_tpsa_balanced_optimization,27011,79.3465,67.8574,20.6535,0,calibration,
real_buchwald_hartwig,llm_semantic_steric_tpsa_balanced_optimization_conservative,27011,98.1771,80.8836,1.8229,1,calibration,
real_buchwald_hartwig,llm_semantic_steric_tpsa_balanced_optimization_noprior,27011,92.1197,79.651,7.8803,0,calibration,
real_buchwald_hartwig,mixed_kernel_gp_ei,27011,91.6984,81.0351,8.3016,0,calibration,
real_buchwald_hartwig,target_acquisition_portfolio,27011,92.127,82.9655,7.873,0,calibration,
real_buchwald_hartwig,gp_ucb,27012,80.5818,76.7503,19.4182,0,calibration,
real_buchwald_hartwig,llambo_warmstart_base_strength_solvent_polarity_domain,27012,94.8799,90.9051,5.1201,0,calibration,
real_buchwald_hartwig,llambo_warmstart_base_strength_solvent_polarity_domain_conservative,27012,94.8799,90.9051,5.1201,0,calibration,
real_buchwald_hartwig,llambo_warmstart_base_strength_solvent_polarity_domain_noprior,27012,94.8799,90.9051,5.1201,0,calibration,
real_buchwald_hartwig,llambo_warmstart_counter_source_acid_halide_reversal,27012,93.4211,93.4211,6.5789,0,calibration,
real_buchwald_hartwig,llambo_warmstart_counter_source_acid_halide_reversal_conservative,27012,93.4211,93.4211,6.5789,0,calibration,
real_buchwald_hartwig,llambo_warmstart_counter_source_acid_halide_reversal_noprior,27012,93.4211,93.4211,6.5789,0,calibration,
real_buchwald_hartwig,llambo_warmstart_cross_skill_rule_bank,27012,94.5498,92.2419,5.4502,0,calibration,
real_buchwald_hartwig,llambo_warmstart_halide_reactivity_additive_suppression,27012,86.7607,84.6634,13.2393,0,calibration,
real_buchwald_hartwig,llambo_warmstart_halide_reactivity_additive_suppression_conservative,27012,86.7607,84.6634,13.2393,0,calibration,
real_buchwald_hartwig,llambo_warmstart_halide_reactivity_additive_suppression_noprior,27012,86.7607,84.6634,13.2393,0,calibration,
real_buchwald_hartwig,llambo_warmstart_low_semantic_mass_anchor_heavy,27012,79.7398,79.7398,20.2602,0,calibration,
real_buchwald_hartwig,llambo_warmstart_low_semantic_mass_anchor_heavy_conservative,27012,79.7398,79.7398,20.2602,0,calibration,
real_buchwald_hartwig,llambo_warmstart_low_semantic_mass_anchor_heavy_noprior,27012,79.7398,79.7398,20.2602,0,calibration,
real_buchwald_hartwig,llambo_warmstart_mechanistic_heteroaromatic_halide_synergy,27012,97.2929,94.5652,2.7071,0,calibration,
real_buchwald_hartwig,llambo_warmstart_mechanistic_heteroaromatic_halide_synergy_conservative,27012,97.2929,94.5652,2.7071,0,calibration,
real_buchwald_hartwig,llambo_warmstart_mechanistic_heteroaromatic_halide_synergy_noprior,27012,97.2929,94.5652,2.7071,0,calibration,
real_buchwald_hartwig,llambo_warmstart_source_alignment_conservative_ligand_mass,27012,89.6142,88.5093,10.3858,0,calibration,
real_buchwald_hartwig,llambo_warmstart_source_alignment_conservative_ligand_mass_conservative,27012,89.6142,88.5093,10.3858,0,calibration,
real_buchwald_hartwig,llambo_warmstart_source_alignment_conservative_ligand_mass_noprior,27012,89.6142,88.5093,10.3858,0,calibration,
real_buchwald_hartwig,llambo_warmstart_source_schema_only_field_mapping,27012,94.3462,80.5101,5.6538,0,calibration,
real_buchwald_hartwig,llambo_warmstart_source_schema_only_field_mapping_conservative,27012,94.3462,80.5101,5.6538,0,calibration,
real_buchwald_hartwig,llambo_warmstart_source_schema_only_field_mapping_noprior,27012,94.3462,80.5101,5.6538,0,calibration,
real_buchwald_hartwig,llambo_warmstart_steric_tpsa_balanced_optimization,27012,93.0289,83.6627,6.9711,0,calibration,
real_buchwald_hartwig,llambo_warmstart_steric_tpsa_balanced_optimization_conservative,27012,93.0289,83.6627,6.9711,0,calibration,
real_buchwald_hartwig,llambo_warmstart_steric_tpsa_balanced_optimization_noprior,27012,93.0289,83.6627,6.9711,0,calibration,
real_buchwald_hartwig,llm_direct_prior_base_strength_solvent_polarity_domain,27012,67.4807,65.227,32.5193,0,calibration,
real_buchwald_hartwig,llm_direct_prior_base_strength_solvent_polarity_domain_conservative,27012,85.1402,67.2723,14.8598,0,calibration,
real_buchwald_hartwig,llm_direct_prior_base_strength_solvent_polarity_domain_noprior,27012,67.4807,65.227,32.5193,0,calibration,
real_buchwald_hartwig,llm_direct_prior_counter_source_acid_halide_reversal,27012,88.5139,80.5953,11.4861,0,calibration,
real_buchwald_hartwig,llm_direct_prior_counter_source_acid_halide_reversal_conservative,27012,88.5139,80.5953,11.4861,0,calibration,
real_buchwald_hartwig,llm_direct_prior_counter_source_acid_halide_reversal_noprior,27012,88.5139,80.5953,11.4861,0,calibration,
real_buchwald_hartwig,llm_direct_prior_cross_skill_rule_bank,27012,84.602,69.7202,15.398,0,calibration,
real_buchwald_hartwig,llm_direct_prior_halide_reactivity_additive_suppression,27012,79.0762,72.1702,20.9238,0,calibration,
real_buchwald_hartwig,llm_direct_prior_halide_reactivity_additive_suppression_conservative,27012,79.3064,71.6527,20.6936,0,calibration,
real_buchwald_hartwig,llm_direct_prior_halide_reactivity_additive_suppression_noprior,27012,79.0762,72.1702,20.9238,0,calibration,
real_buchwald_hartwig,llm_direct_prior_low_semantic_mass_anchor_heavy,27012,79.8903,75.5996,20.1097,0,calibration,
real_buchwald_hartwig,llm_direct_prior_low_semantic_mass_anchor_heavy_conservative,27012,79.8903,75.5996,20.1097,0,calibration,
real_buchwald_hartwig,llm_direct_prior_low_semantic_mass_anchor_heavy_noprior,27012,79.8903,75.5996,20.1097,0,calibration,
real_buchwald_hartwig,llm_direct_prior_mechanistic_heteroaromatic_halide_synergy,27012,85.6592,80.93,14.3408,0,calibration,
real_buchwald_hartwig,llm_direct_prior_mechanistic_heteroaromatic_halide_synergy_conservative,27012,88.5139,80.9652,11.4861,0,calibration,
real_buchwald_hartwig,llm_direct_prior_mechanistic_heteroaromatic_halide_synergy_noprior,27012,85.6592,80.93,14.3408,0,calibration,
real_buchwald_hartwig,llm_direct_prior_source_alignment_conservative_ligand_mass,27012,79.2616,69.5177,20.7384,0,calibration,
real_buchwald_hartwig,llm_direct_prior_source_alignment_conservative_ligand_mass_conservative,27012,79.2616,69.5177,20.7384,0,calibration,
real_buchwald_hartwig,llm_direct_prior_source_alignment_conservative_ligand_mass_noprior,27012,79.2616,69.5177,20.7384,0,calibration,
real_buchwald_hartwig,llm_direct_prior_source_schema_only_field_mapping,27012,70.0079,69.5724,29.9921,0,calibration,
real_buchwald_hartwig,llm_direct_prior_source_schema_only_field_mapping_conservative,27012,75.3112,70.1027,24.6888,0,calibration,
real_buchwald_hartwig,llm_direct_prior_source_schema_only_field_mapping_noprior,27012,70.0079,69.5724,29.9921,0,calibration,
real_buchwald_hartwig,llm_direct_prior_steric_tpsa_balanced_optimization,27012,69.1369,66.9719,30.8631,0,calibration,
real_buchwald_hartwig,llm_direct_prior_steric_tpsa_balanced_optimization_conservative,27012,75.3112,72.0984,24.6888,0,calibration,
real_buchwald_hartwig,llm_direct_prior_steric_tpsa_balanced_optimization_noprior,27012,69.1369,66.9719,30.8631,0,calibration,
real_buchwald_hartwig,llm_semantic_base_strength_solvent_polarity_domain,27012,83.9556,74.9992,16.0444,0,calibration,
real_buchwald_hartwig,llm_semantic_base_strength_solvent_polarity_domain_conservative,27012,75.0247,69.6368,24.9753,0,calibration,
real_buchwald_hartwig,llm_semantic_base_strength_solvent_polarity_domain_noprior,27012,73.5742,70.7766,26.4258,0,calibration,
real_buchwald_hartwig,llm_semantic_counter_source_acid_halide_reversal,27012,86.7621,83.0551,13.2379,0,calibration,
real_buchwald_hartwig,llm_semantic_counter_source_acid_halide_reversal_conservative,27012,86.7621,82.7744,13.2379,0,calibration,
real_buchwald_hartwig,llm_semantic_counter_source_acid_halide_reversal_noprior,27012,86.7621,83.0551,13.2379,0,calibration,
real_buchwald_hartwig,llm_semantic_cross_skill_rule_bank,27012,89.6142,82.9141,10.3858,0,calibration,
real_buchwald_hartwig,llm_semantic_halide_reactivity_additive_suppression,27012,96.1323,93.6748,3.8677,0,calibration,
real_buchwald_hartwig,llm_semantic_halide_reactivity_additive_suppression_conservative,27012,80.5818,75.1509,19.4182,0,calibration,
real_buchwald_hartwig,llm_semantic_halide_reactivity_additive_suppression_noprior,27012,96.1323,86.4356,3.8677,0,calibration,
real_buchwald_hartwig,llm_semantic_low_semantic_mass_anchor_heavy,27012,64.2489,64.1965,35.7511,0,calibration,
real_buchwald_hartwig,llm_semantic_low_semantic_mass_anchor_heavy_conservative,27012,64.2489,64.1965,35.7511,0,calibration,
real_buchwald_hartwig,llm_semantic_low_semantic_mass_anchor_heavy_noprior,27012,64.2489,64.1965,35.7511,0,calibration,
real_buchwald_hartwig,llm_semantic_mechanistic_heteroaromatic_halide_synergy,27012,89.5592,84.2877,10.4408,0,calibration,
real_buchwald_hartwig,llm_semantic_mechanistic_heteroaromatic_halide_synergy_conservative,27012,73.5742,70.2912,26.4258,0,calibration,
real_buchwald_hartwig,llm_semantic_mechanistic_heteroaromatic_halide_synergy_noprior,27012,89.5592,77.9983,10.4408,0,calibration,
real_buchwald_hartwig,llm_semantic_source_alignment_conservative_ligand_mass,27012,86.4971,80.3434,13.5029,0,calibration,
real_buchwald_hartwig,llm_semantic_source_alignment_conservative_ligand_mass_conservative,27012,99.6191,82.9678,0.3809,1,calibration,
real_buchwald_hartwig,llm_semantic_source_alignment_conservative_ligand_mass_noprior,27012,99.6191,82.9678,0.3809,1,calibration,
real_buchwald_hartwig,llm_semantic_source_schema_only_field_mapping,27012,89.6142,76.0819,10.3858,0,calibration,
real_buchwald_hartwig,llm_semantic_source_schema_only_field_mapping_conservative,27012,68.4317,65.594,31.5683,0,calibration,
real_buchwald_hartwig,llm_semantic_source_schema_only_field_mapping_noprior,27012,68.4317,65.594,31.5683,0,calibration,
real_buchwald_hartwig,llm_semantic_steric_tpsa_balanced_optimization,27012,73.5742,69.4353,26.4258,0,calibration,
real_buchwald_hartwig,llm_semantic_steric_tpsa_balanced_optimization_conservative,27012,88.5139,81.3068,11.4861,0,calibration,
real_buchwald_hartwig,llm_semantic_steric_tpsa_balanced_optimization_noprior,27012,77.5468,76.4597,22.4532,0,calibration,
real_buchwald_hartwig,mixed_kernel_gp_ei,27012,80.5818,77.5003,19.4182,0,calibration,
real_buchwald_hartwig,target_acquisition_portfolio,27012,80.5818,76.7503,19.4182,0,calibration,
real_buchwald_hartwig,gp_ucb,27013,93.3108,92.2178,6.6892,0,calibration,
real_buchwald_hartwig,llambo_warmstart_base_strength_solvent_polarity_domain,27013,100.0,93.4008,0.0,1,calibration,
real_buchwald_hartwig,llambo_warmstart_base_strength_solvent_polarity_domain_conservative,27013,100.0,93.4008,0.0,1,calibration,
real_buchwald_hartwig,llambo_warmstart_base_strength_solvent_polarity_domain_noprior,27013,100.0,93.4008,0.0,1,calibration,
real_buchwald_hartwig,llambo_warmstart_counter_source_acid_halide_reversal,27013,95.3865,84.8562,4.6135,0,calibration,
real_buchwald_hartwig,llambo_warmstart_counter_source_acid_halide_reversal_conservative,27013,95.3865,84.8562,4.6135,0,calibration,
real_buchwald_hartwig,llambo_warmstart_counter_source_acid_halide_reversal_noprior,27013,95.3865,84.8562,4.6135,0,calibration,
real_buchwald_hartwig,llambo_warmstart_cross_skill_rule_bank,27013,93.3108,82.2798,6.6892,0,calibration,
real_buchwald_hartwig,llambo_warmstart_halide_reactivity_additive_suppression,27013,79.8903,66.2352,20.1097,0,calibration,
real_buchwald_hartwig,llambo_warmstart_halide_reactivity_additive_suppression_conservative,27013,79.8903,66.2352,20.1097,0,calibration,
real_buchwald_hartwig,llambo_warmstart_halide_reactivity_additive_suppression_noprior,27013,79.8903,66.2352,20.1097,0,calibration,
real_buchwald_hartwig,llambo_warmstart_low_semantic_mass_anchor_heavy,27013,86.1219,86.0864,13.8781,0,calibration,
real_buchwald_hartwig,llambo_warmstart_low_semantic_mass_anchor_heavy_conservative,27013,86.1219,86.0864,13.8781,0,calibration,
real_buchwald_hartwig,llambo_warmstart_low_semantic_mass_anchor_heavy_noprior,27013,86.1219,86.0864,13.8781,0,calibration,
real_buchwald_hartwig,llambo_warmstart_mechanistic_heteroaromatic_halide_synergy,27013,92.9142,90.4791,7.0858,0,calibration,
real_buchwald_hartwig,llambo_warmstart_mechanistic_heteroaromatic_halide_synergy_conservative,27013,92.9142,90.4791,7.0858,0,calibration,
real_buchwald_hartwig,llambo_warmstart_mechanistic_heteroaromatic_halide_synergy_noprior,27013,92.9142,90.4791,7.0858,0,calibration,
real_buchwald_hartwig,llambo_warmstart_source_alignment_conservative_ligand_mass,27013,89.6142,84.56,10.3858,0,calibration,
real_buchwald_hartwig,llambo_warmstart_source_alignment_conservative_ligand_mass_conservative,27013,89.6142,84.56,10.3858,0,calibration,
real_buchwald_hartwig,llambo_warmstart_source_alignment_conservative_ligand_mass_noprior,27013,89.6142,84.56,10.3858,0,calibration,
real_buchwald_hartwig,llambo_warmstart_source_schema_only_field_mapping,27013,89.6142,84.994,10.3858,0,calibration,
real_buchwald_hartwig,llambo_warmstart_source_schema_only_field_mapping_conservative,27013,89.6142,84.994,10.3858,0,calibration,
real_buchwald_hartwig,llambo_warmstart_source_schema_only_field_mapping_noprior,27013,89.6142,84.994,10.3858,0,calibration,
real_buchwald_hartwig,llambo_warmstart_steric_tpsa_balanced_optimization,27013,98.8492,74.1807,1.1508,1,calibration,
real_buchwald_hartwig,llambo_warmstart_steric_tpsa_balanced_optimization_conservative,27013,98.8492,74.1807,1.1508,1,calibration,
real_buchwald_hartwig,llambo_warmstart_steric_tpsa_balanced_optimization_noprior,27013,98.8492,74.1807,1.1508,1,calibration,
real_buchwald_hartwig,llm_direct_prior_base_strength_solvent_polarity_domain,27013,88.4449,87.6408,11.5551,0,calibration,
real_buchwald_hartwig,llm_direct_prior_base_strength_solvent_polarity_domain_conservative,27013,92.127,85.1946,7.873,0,calibration,
real_buchwald_hartwig,llm_direct_prior_base_strength_solvent_polarity_domain_noprior,27013,88.4449,87.6408,11.5551,0,calibration,
real_buchwald_hartwig,llm_direct_prior_counter_source_acid_halide_reversal,27013,97.2929,89.0083,2.7071,0,calibration,
real_buchwald_hartwig,llm_direct_prior_counter_source_acid_halide_reversal_conservative,27013,93.3108,90.6026,6.6892,0,calibration,
real_buchwald_hartwig,llm_direct_prior_counter_source_acid_halide_reversal_noprior,27013,97.2929,89.0083,2.7071,0,calibration,
real_buchwald_hartwig,llm_direct_prior_cross_skill_rule_bank,27013,98.7313,97.0418,1.2687,1,calibration,
real_buchwald_hartwig,llm_direct_prior_halide_reactivity_additive_suppression,27013,84.4243,84.4243,15.5757,0,calibration,
real_buchwald_hartwig,llm_direct_prior_halide_reactivity_additive_suppression_conservative,27013,85.1402,84.8538,14.8598,0,calibration,
real_buchwald_hartwig,llm_direct_prior_halide_reactivity_additive_suppression_noprior,27013,84.4243,84.4243,15.5757,0,calibration,
real_buchwald_hartwig,llm_direct_prior_low_semantic_mass_anchor_heavy,27013,93.0289,87.0057,6.9711,0,calibration,
real_buchwald_hartwig,llm_direct_prior_low_semantic_mass_anchor_heavy_conservative,27013,93.0289,87.0057,6.9711,0,calibration,
real_buchwald_hartwig,llm_direct_prior_low_semantic_mass_anchor_heavy_noprior,27013,93.0289,87.0057,6.9711,0,calibration,
real_buchwald_hartwig,llm_direct_prior_mechanistic_heteroaromatic_halide_synergy,27013,94.8799,93.2469,5.1201,0,calibration,
real_buchwald_hartwig,llm_direct_prior_mechanistic_heteroaromatic_halide_synergy_conservative,27013,98.7313,98.7313,1.2687,1,calibration,
real_buchwald_hartwig,llm_direct_prior_mechanistic_heteroaromatic_halide_synergy_noprior,27013,94.8799,93.2469,5.1201,0,calibration,
real_buchwald_hartwig,llm_direct_prior_source_alignment_conservative_ligand_mass,27013,86.7621,85.827,13.2379,0,calibration,
real_buchwald_hartwig,llm_direct_prior_source_alignment_conservative_ligand_mass_conservative,27013,86.7621,85.827,13.2379,0,calibration,
real_buchwald_hartwig,llm_direct_prior_source_alignment_conservative_ligand_mass_noprior,27013,86.7621,85.827,13.2379,0,calibration,
real_buchwald_hartwig,llm_direct_prior_source_schema_only_field_mapping,27013,84.93,84.576,15.07,0,calibration,
real_buchwald_hartwig,llm_direct_prior_source_schema_only_field_mapping_conservative,27013,84.93,84.576,15.07,0,calibration,
real_buchwald_hartwig,llm_direct_prior_source_schema_only_field_mapping_noprior,27013,84.93,84.576,15.07,0,calibration,
real_buchwald_hartwig,llm_direct_prior_steric_tpsa_balanced_optimization,27013,84.4243,84.4243,15.5757,0,calibration,
real_buchwald_hartwig,llm_direct_prior_steric_tpsa_balanced_optimization_conservative,27013,97.2929,89.6534,2.7071,0,calibration,
real_buchwald_hartwig,llm_direct_prior_steric_tpsa_balanced_optimization_noprior,27013,84.4243,84.4243,15.5757,0,calibration,
real_buchwald_hartwig,llm_semantic_base_strength_solvent_polarity_domain,27013,86.4971,85.1138,13.5029,0,calibration,
real_buchwald_hartwig,llm_semantic_base_strength_solvent_polarity_domain_conservative,27013,88.4464,86.9239,11.5536,0,calibration,
real_buchwald_hartwig,llm_semantic_base_strength_solvent_polarity_domain_noprior,27013,86.0035,84.9436,13.9965,0,calibration,
real_buchwald_hartwig,llm_semantic_counter_source_acid_halide_reversal,27013,91.9334,88.1789,8.0666,0,calibration,
real_buchwald_hartwig,llm_semantic_counter_source_acid_halide_reversal_conservative,27013,99.6191,89.8119,0.3809,1,calibration,
real_buchwald_hartwig,llm_semantic_counter_source_acid_halide_reversal_noprior,27013,99.6191,91.0275,0.3809,1,calibration,
real_buchwald_hartwig,llm_semantic_cross_skill_rule_bank,27013,89.6142,86.6364,10.3858,0,calibration,
real_buchwald_hartwig,llm_semantic_halide_reactivity_additive_suppression,27013,96.1323,87.5838,3.8677,0,calibration,
real_buchwald_hartwig,llm_semantic_halide_reactivity_additive_suppression_conservative,27013,94.3462,90.2528,5.6538,0,calibration,
real_buchwald_hartwig,llm_semantic_halide_reactivity_additive_suppression_noprior,27013,85.2207,84.5836,14.7793,0,calibration,
real_buchwald_hartwig,llm_semantic_low_semantic_mass_anchor_heavy,27013,84.4243,84.4243,15.5757,0,calibration,
real_buchwald_hartwig,llm_semantic_low_semantic_mass_anchor_heavy_conservative,27013,92.9142,86.0446,7.0858,0,calibration,
real_buchwald_hartwig,llm_semantic_low_semantic_mass_anchor_heavy_noprior,27013,92.9142,86.0446,7.0858,0,calibration,
real_buchwald_hartwig,llm_semantic_mechanistic_heteroaromatic_halide_synergy,27013,100.0,96.8849,0.0,1,calibration,
real_buchwald_hartwig,llm_semantic_mechanistic_heteroaromatic_halide_synergy_conservative,27013,96.1323,88.4502,3.8677,0,calibration,
real_buchwald_hartwig,llm_semantic_mechanistic_heteroaromatic_halide_synergy_noprior,27013,92.2093,86.7777,7.7907,0,calibration,
real_buchwald_hartwig,llm_semantic_source_alignment_conservative_ligand_mass,27013,86.6896,85.9621,13.3104,0,calibration,
real_buchwald_hartwig,llm_semantic_source_alignment_conservative_ligand_mass_conservative,27013,85.1332,84.637,14.8668,0,calibration,
real_buchwald_hartwig,llm_semantic_source_alignment_conservative_ligand_mass_noprior,27013,85.1332,84.637,14.8668,0,calibration,
real_buchwald_hartwig,llm_semantic_source_schema_only_field_mapping,27013,91.1391,87.5685,8.8609,0,calibration,
real_buchwald_hartwig,llm_semantic_source_schema_only_field_mapping_conservative,27013,91.1391,87.5685,8.8609,0,calibration,
real_buchwald_hartwig,llm_semantic_source_schema_only_field_mapping_noprior,27013,91.1391,87.5685,8.8609,0,calibration,
real_buchwald_hartwig,llm_semantic_steric_tpsa_balanced_optimization,27013,89.6142,87.4229,10.3858,0,calibration,
real_buchwald_hartwig,llm_semantic_steric_tpsa_balanced_optimization_conservative,27013,92.1197,88.9951,7.8803,0,calibration,
real_buchwald_hartwig,llm_semantic_steric_tpsa_balanced_optimization_noprior,27013,89.6142,87.1479,10.3858,0,calibration,
real_buchwald_hartwig,mixed_kernel_gp_ei,27013,93.3108,92.1781,6.6892,0,calibration,
real_buchwald_hartwig,target_acquisition_portfolio,27013,93.3108,92.0936,6.6892,0,calibration,
real_buchwald_hartwig,gp_ucb,27014,86.7621,86.7621,13.2379,0,calibration,
real_buchwald_hartwig,llambo_warmstart_base_strength_solvent_polarity_domain,27014,95.7526,84.4266,4.2474,0,calibration,
real_buchwald_hartwig,llambo_warmstart_base_strength_solvent_polarity_domain_conservative,27014,95.7526,84.4266,4.2474,0,calibration,
real_buchwald_hartwig,llambo_warmstart_base_strength_solvent_polarity_domain_noprior,27014,95.7526,84.4266,4.2474,0,calibration,
real_buchwald_hartwig,llambo_warmstart_counter_source_acid_halide_reversal,27014,93.0326,90.5068,6.9674,0,calibration,
real_buchwald_hartwig,llambo_warmstart_counter_source_acid_halide_reversal_conservative,27014,93.0326,90.5068,6.9674,0,calibration,
real_buchwald_hartwig,llambo_warmstart_counter_source_acid_halide_reversal_noprior,27014,93.0326,90.5068,6.9674,0,calibration,
real_buchwald_hartwig,llambo_warmstart_cross_skill_rule_bank,27014,94.8799,94.5597,5.1201,0,calibration,
real_buchwald_hartwig,llambo_warmstart_halide_reactivity_additive_suppression,27014,92.3912,77.4212,7.6088,0,calibration,
real_buchwald_hartwig,llambo_warmstart_halide_reactivity_additive_suppression_conservative,27014,92.3912,77.4212,7.6088,0,calibration,
real_buchwald_hartwig,llambo_warmstart_halide_reactivity_additive_suppression_noprior,27014,92.3912,77.4212,7.6088,0,calibration,
real_buchwald_hartwig,llambo_warmstart_low_semantic_mass_anchor_heavy,27014,74.2103,74.2103,25.7897,0,calibration,
real_buchwald_hartwig,llambo_warmstart_low_semantic_mass_anchor_heavy_conservative,27014,74.2103,74.2103,25.7897,0,calibration,
real_buchwald_hartwig,llambo_warmstart_low_semantic_mass_anchor_heavy_noprior,27014,74.2103,74.2103,25.7897,0,calibration,
real_buchwald_hartwig,llambo_warmstart_mechanistic_heteroaromatic_halide_synergy,27014,89.4195,84.7854,10.5805,0,calibration,
real_buchwald_hartwig,llambo_warmstart_mechanistic_heteroaromatic_halide_synergy_conservative,27014,89.4195,84.7854,10.5805,0,calibration,
real_buchwald_hartwig,llambo_warmstart_mechanistic_heteroaromatic_halide_synergy_noprior,27014,89.4195,84.7854,10.5805,0,calibration,
real_buchwald_hartwig,llambo_warmstart_source_alignment_conservative_ligand_mass,27014,81.2283,71.1948,18.7717,0,calibration,
real_buchwald_hartwig,llambo_warmstart_source_alignment_conservative_ligand_mass_conservative,27014,81.2283,71.1948,18.7717,0,calibration,
real_buchwald_hartwig,llambo_warmstart_source_alignment_conservative_ligand_mass_noprior,27014,81.2283,71.1948,18.7717,0,calibration,
real_buchwald_hartwig,llambo_warmstart_source_schema_only_field_mapping,27014,91.9334,80.2146,8.0666,0,calibration,
real_buchwald_hartwig,llambo_warmstart_source_schema_only_field_mapping_conservative,27014,91.9334,80.2146,8.0666,0,calibration,
real_buchwald_hartwig,llambo_warmstart_source_schema_only_field_mapping_noprior,27014,91.9334,80.2146,8.0666,0,calibration,
real_buchwald_hartwig,llambo_warmstart_steric_tpsa_balanced_optimization,27014,100.0,85.4631,0.0,1,calibration,
real_buchwald_hartwig,llambo_warmstart_steric_tpsa_balanced_optimization_conservative,27014,100.0,85.4631,0.0,1,calibration,
real_buchwald_hartwig,llambo_warmstart_steric_tpsa_balanced_optimization_noprior,27014,100.0,85.4631,0.0,1,calibration,
real_buchwald_hartwig,llm_direct_prior_base_strength_solvent_polarity_domain,27014,90.7313,79.7631,9.2687,0,calibration,
real_buchwald_hartwig,llm_direct_prior_base_strength_solvent_polarity_domain_conservative,27014,88.4449,77.7219,11.5551,0,calibration,
real_buchwald_hartwig,llm_direct_prior_base_strength_solvent_polarity_domain_noprior,27014,90.7313,79.7631,9.2687,0,calibration,
real_buchwald_hartwig,llm_direct_prior_counter_source_acid_halide_reversal,27014,93.4211,84.151,6.5789,0,calibration,
real_buchwald_hartwig,llm_direct_prior_counter_source_acid_halide_reversal_conservative,27014,93.4211,84.151,6.5789,0,calibration,
real_buchwald_hartwig,llm_direct_prior_counter_source_acid_halide_reversal_noprior,27014,93.4211,84.151,6.5789,0,calibration,
real_buchwald_hartwig,llm_direct_prior_cross_skill_rule_bank,27014,81.1562,69.8164,18.8438,0,calibration,
real_buchwald_hartwig,llm_direct_prior_halide_reactivity_additive_suppression,27014,86.0034,73.464,13.9966,0,calibration,
real_buchwald_hartwig,llm_direct_prior_halide_reactivity_additive_suppression_conservative,27014,63.1891,59.8725,36.8109,0,calibration,
real_buchwald_hartwig,llm_direct_prior_halide_reactivity_additive_suppression_noprior,27014,86.0034,73.464,13.9966,0,calibration,
real_buchwald_hartwig,llm_direct_prior_low_semantic_mass_anchor_heavy,27014,83.385,73.4287,16.615,0,calibration,
real_buchwald_hartwig,llm_direct_prior_low_semantic_mass_anchor_heavy_conservative,27014,83.385,73.4287,16.615,0,calibration,
real_buchwald_hartwig,llm_direct_prior_low_semantic_mass_anchor_heavy_noprior,27014,83.385,73.4287,16.615,0,calibration,
real_buchwald_hartwig,llm_direct_prior_mechanistic_heteroaromatic_halide_synergy,27014,97.2929,87.3198,2.7071,0,calibration,
real_buchwald_hartwig,llm_direct_prior_mechanistic_heteroaromatic_halide_synergy_conservative,27014,89.9742,83.806,10.0258,0,calibration,
real_buchwald_hartwig,llm_direct_prior_mechanistic_heteroaromatic_halide_synergy_noprior,27014,97.2929,87.3198,2.7071,0,calibration,
real_buchwald_hartwig,llm_direct_prior_source_alignment_conservative_ligand_mass,27014,79.3465,76.5039,20.6535,0,calibration,
real_buchwald_hartwig,llm_direct_prior_source_alignment_conservative_ligand_mass_conservative,27014,79.3465,76.5039,20.6535,0,calibration,
real_buchwald_hartwig,llm_direct_prior_source_alignment_conservative_ligand_mass_noprior,27014,79.3465,76.5039,20.6535,0,calibration,
real_buchwald_hartwig,llm_direct_prior_source_schema_only_field_mapping,27014,84.93,74.5597,15.07,0,calibration,
real_buchwald_hartwig,llm_direct_prior_source_schema_only_field_mapping_conservative,27014,84.93,74.5597,15.07,0,calibration,
real_buchwald_hartwig,llm_direct_prior_source_schema_only_field_mapping_noprior,27014,84.93,74.5597,15.07,0,calibration,
real_buchwald_hartwig,llm_direct_prior_steric_tpsa_balanced_optimization,27014,78.8011,57.8688,21.1989,0,calibration,
real_buchwald_hartwig,llm_direct_prior_steric_tpsa_balanced_optimization_conservative,27014,54.6549,54.6549,45.3451,0,calibration,
real_buchwald_hartwig,llm_direct_prior_steric_tpsa_balanced_optimization_noprior,27014,78.8011,57.8688,21.1989,0,calibration,
real_buchwald_hartwig,llm_semantic_base_strength_solvent_polarity_domain,27014,84.6498,73.6969,15.3502,0,calibration,
real_buchwald_hartwig,llm_semantic_base_strength_solvent_polarity_domain_conservative,27014,92.659,82.8336,7.341,0,calibration,
real_buchwald_hartwig,llm_semantic_base_strength_solvent_polarity_domain_noprior,27014,54.6549,54.6549,45.3451,0,calibration,
real_buchwald_hartwig,llm_semantic_counter_source_acid_halide_reversal,27014,86.7621,75.7504,13.2379,0,calibration,
real_buchwald_hartwig,llm_semantic_counter_source_acid_halide_reversal_conservative,27014,98.7313,88.8825,1.2687,1,calibration,
real_buchwald_hartwig,llm_semantic_counter_source_acid_halide_reversal_noprior,27014,93.0289,73.8419,6.9711,0,calibration,
real_buchwald_hartwig,llm_semantic_cross_skill_rule_bank,27014,98.7313,87.772,1.2687,1,calibration,
real_buchwald_hartwig,llm_semantic_halide_reactivity_additive_suppression,27014,100.0,82.4487,0.0,1,calibration,
real_buchwald_hartwig,llm_semantic_halide_reactivity_additive_suppression_conservative,27014,93.0289,62.3297,6.9711,0,calibration,
real_buchwald_hartwig,llm_semantic_halide_reactivity_additive_suppression_noprior,27014,100.0,82.0454,0.0,1,calibration,
real_buchwald_hartwig,llm_semantic_low_semantic_mass_anchor_heavy,27014,84.8955,79.6256,15.1045,0,calibration,
real_buchwald_hartwig,llm_semantic_low_semantic_mass_anchor_heavy_conservative,27014,98.7313,83.0849,1.2687,1,calibration,
real_buchwald_hartwig,llm_semantic_low_semantic_mass_anchor_heavy_noprior,27014,98.7313,83.0849,1.2687,1,calibration,
real_buchwald_hartwig,llm_semantic_mechanistic_heteroaromatic_halide_synergy,27014,89.6142,83.2513,10.3858,0,calibration,
real_buchwald_hartwig,llm_semantic_mechanistic_heteroaromatic_halide_synergy_conservative,27014,85.4018,77.8428,14.5982,0,calibration,
real_buchwald_hartwig,llm_semantic_mechanistic_heteroaromatic_halide_synergy_noprior,27014,94.3462,87.1302,5.6538,0,calibration,
real_buchwald_hartwig,llm_semantic_source_alignment_conservative_ligand_mass,27014,86.0034,70.3291,13.9966,0,calibration,
real_buchwald_hartwig,llm_semantic_source_alignment_conservative_ligand_mass_conservative,27014,86.0034,65.2377,13.9966,0,calibration,
real_buchwald_hartwig,llm_semantic_source_alignment_conservative_ligand_mass_noprior,27014,86.0034,65.2377,13.9966,0,calibration,
real_buchwald_hartwig,llm_semantic_source_schema_only_field_mapping,27014,84.4027,69.5435,15.5973,0,calibration,
real_buchwald_hartwig,llm_semantic_source_schema_only_field_mapping_conservative,27014,84.6825,74.814,15.3175,0,calibration,
real_buchwald_hartwig,llm_semantic_source_schema_only_field_mapping_noprior,27014,97.5685,76.4091,2.4315,1,calibration,
real_buchwald_hartwig,llm_semantic_steric_tpsa_balanced_optimization,27014,54.6549,54.6549,45.3451,0,calibration,
real_buchwald_hartwig,llm_semantic_steric_tpsa_balanced_optimization_conservative,27014,98.2872,70.5303,1.7128,1,calibration,
real_buchwald_hartwig,llm_semantic_steric_tpsa_balanced_optimization_noprior,27014,100.0,71.2892,0.0,1,calibration,
real_buchwald_hartwig,mixed_kernel_gp_ei,27014,86.7621,86.7621,13.2379,0,calibration,
real_buchwald_hartwig,target_acquisition_portfolio,27014,92.127,88.3318,7.873,0,calibration,
real_buchwald_hartwig,gp_ucb,27015,93.1012,92.9856,6.8988,0,calibration,
real_buchwald_hartwig,llambo_warmstart_base_strength_solvent_polarity_domain,27015,94.6911,92.472,5.3089,0,calibration,
real_buchwald_hartwig,llambo_warmstart_base_strength_solvent_polarity_domain_conservative,27015,94.6911,92.472,5.3089,0,calibration,
real_buchwald_hartwig,llambo_warmstart_base_strength_solvent_polarity_domain_noprior,27015,94.6911,92.472,5.3089,0,calibration,
real_buchwald_hartwig,llambo_warmstart_counter_source_acid_halide_reversal,27015,93.3108,92.1721,6.6892,0,calibration,
real_buchwald_hartwig,llambo_warmstart_counter_source_acid_halide_reversal_conservative,27015,93.3108,92.1721,6.6892,0,calibration,
real_buchwald_hartwig,llambo_warmstart_counter_source_acid_halide_reversal_noprior,27015,93.3108,92.1721,6.6892,0,calibration,
real_buchwald_hartwig,llambo_warmstart_cross_skill_rule_bank,27015,97.2929,89.9824,2.7071,0,calibration,
real_buchwald_hartwig,llambo_warmstart_halide_reactivity_additive_suppression,27015,100.0,87.754,0.0,1,calibration,
real_buchwald_hartwig,llambo_warmstart_halide_reactivity_additive_suppression_conservative,27015,100.0,87.754,0.0,1,calibration,
real_buchwald_hartwig,llambo_warmstart_halide_reactivity_additive_suppression_noprior,27015,100.0,87.754,0.0,1,calibration,
real_buchwald_hartwig,llambo_warmstart_low_semantic_mass_anchor_heavy,27015,95.129,93.7918,4.871,0,calibration,
real_buchwald_hartwig,llambo_warmstart_low_semantic_mass_anchor_heavy_conservative,27015,95.129,93.7918,4.871,0,calibration,
real_buchwald_hartwig,llambo_warmstart_low_semantic_mass_anchor_heavy_noprior,27015,95.129,93.7918,4.871,0,calibration,
real_buchwald_hartwig,llambo_warmstart_mechanistic_heteroaromatic_halide_synergy,27015,91.5286,90.1792,8.4714,0,calibration,
real_buchwald_hartwig,llambo_warmstart_mechanistic_heteroaromatic_halide_synergy_conservative,27015,91.5286,90.1792,8.4714,0,calibration,
real_buchwald_hartwig,llambo_warmstart_mechanistic_heteroaromatic_halide_synergy_noprior,27015,91.5286,90.1792,8.4714,0,calibration,
real_buchwald_hartwig,llambo_warmstart_source_alignment_conservative_ligand_mass,27015,79.0554,71.4923,20.9446,0,calibration,
real_buchwald_hartwig,llambo_warmstart_source_alignment_conservative_ligand_mass_conservative,27015,79.0554,71.4923,20.9446,0,calibration,
real_buchwald_hartwig,llambo_warmstart_source_alignment_conservative_ligand_mass_noprior,27015,79.0554,71.4923,20.9446,0,calibration,
real_buchwald_hartwig,llambo_warmstart_source_schema_only_field_mapping,27015,89.6142,84.1093,10.3858,0,calibration,
real_buchwald_hartwig,llambo_warmstart_source_schema_only_field_mapping_conservative,27015,89.6142,84.1093,10.3858,0,calibration,
real_buchwald_hartwig,llambo_warmstart_source_schema_only_field_mapping_noprior,27015,89.6142,84.1093,10.3858,0,calibration,
real_buchwald_hartwig,llambo_warmstart_steric_tpsa_balanced_optimization,27015,47.4287,40.8258,52.5713,0,calibration,
real_buchwald_hartwig,llambo_warmstart_steric_tpsa_balanced_optimization_conservative,27015,47.4287,40.8258,52.5713,0,calibration,
real_buchwald_hartwig,llambo_warmstart_steric_tpsa_balanced_optimization_noprior,27015,47.4287,40.8258,52.5713,0,calibration,
real_buchwald_hartwig,llm_direct_prior_base_strength_solvent_polarity_domain,27015,92.9567,92.9567,7.0433,0,calibration,
real_buchwald_hartwig,llm_direct_prior_base_strength_solvent_polarity_domain_conservative,27015,93.0289,92.9639,6.9711,0,calibration,
real_buchwald_hartwig,llm_direct_prior_base_strength_solvent_polarity_domain_noprior,27015,92.9567,92.9567,7.0433,0,calibration,
real_buchwald_hartwig,llm_direct_prior_counter_source_acid_halide_reversal,27015,93.4211,93.3819,6.5789,0,calibration,
real_buchwald_hartwig,llm_direct_prior_counter_source_acid_halide_reversal_conservative,27015,93.0289,93.0289,6.9711,0,calibration,
real_buchwald_hartwig,llm_direct_prior_counter_source_acid_halide_reversal_noprior,27015,93.4211,93.3819,6.5789,0,calibration,
real_buchwald_hartwig,llm_direct_prior_cross_skill_rule_bank,27015,93.7486,93.4318,6.2514,0,calibration,
real_buchwald_hartwig,llm_direct_prior_halide_reactivity_additive_suppression,27015,92.9567,92.9567,7.0433,0,calibration,
real_buchwald_hartwig,llm_direct_prior_halide_reactivity_additive_suppression_conservative,27015,92.9567,92.9567,7.0433,0,calibration,
real_buchwald_hartwig,llm_direct_prior_halide_reactivity_additive_suppression_noprior,27015,92.9567,92.9567,7.0433,0,calibration,
real_buchwald_hartwig,llm_direct_prior_low_semantic_mass_anchor_heavy,27015,92.9567,92.9567,7.0433,0,calibration,
real_buchwald_hartwig,llm_direct_prior_low_semantic_mass_anchor_heavy_conservative,27015,92.9567,92.9567,7.0433,0,calibration,
real_buchwald_hartwig,llm_direct_prior_low_semantic_mass_anchor_heavy_noprior,27015,92.9567,92.9567,7.0433,0,calibration,
real_buchwald_hartwig,llm_direct_prior_mechanistic_heteroaromatic_halide_synergy,27015,93.7486,93.5902,6.2514,0,calibration,
real_buchwald_hartwig,llm_direct_prior_mechanistic_heteroaromatic_halide_synergy_conservative,27015,93.0326,92.9643,6.9674,0,calibration,
real_buchwald_hartwig,llm_direct_prior_mechanistic_heteroaromatic_halide_synergy_noprior,27015,93.7486,93.5902,6.2514,0,calibration,
real_buchwald_hartwig,llm_direct_prior_source_alignment_conservative_ligand_mass,27015,98.2872,97.7541,1.7128,1,calibration,
real_buchwald_hartwig,llm_direct_prior_source_alignment_conservative_ligand_mass_conservative,27015,98.2872,97.7541,1.7128,1,calibration,
real_buchwald_hartwig,llm_direct_prior_source_alignment_conservative_ligand_mass_noprior,27015,98.2872,97.7541,1.7128,1,calibration,
real_buchwald_hartwig,llm_direct_prior_source_schema_only_field_mapping,27015,92.9567,92.9567,7.0433,0,calibration,
real_buchwald_hartwig,llm_direct_prior_source_schema_only_field_mapping_conservative,27015,92.9567,92.9567,7.0433,0,calibration,
real_buchwald_hartwig,llm_direct_prior_source_schema_only_field_mapping_noprior,27015,92.9567,92.9567,7.0433,0,calibration,
real_buchwald_hartwig,llm_direct_prior_steric_tpsa_balanced_optimization,27015,93.0289,92.9711,6.9711,0,calibration,
real_buchwald_hartwig,llm_direct_prior_steric_tpsa_balanced_optimization_conservative,27015,92.9567,92.9567,7.0433,0,calibration,
real_buchwald_hartwig,llm_direct_prior_steric_tpsa_balanced_optimization_noprior,27015,93.0289,92.9711,6.9711,0,calibration,
real_buchwald_hartwig,llm_semantic_base_strength_solvent_polarity_domain,27015,98.2872,93.4898,1.7128,1,calibration,
real_buchwald_hartwig,llm_semantic_base_strength_solvent_polarity_domain_conservative,27015,92.9567,92.9567,7.0433,0,calibration,
real_buchwald_hartwig,llm_semantic_base_strength_solvent_polarity_domain_noprior,27015,92.9567,92.9567,7.0433,0,calibration,
real_buchwald_hartwig,llm_semantic_counter_source_acid_halide_reversal,27015,93.0289,93.0217,6.9711,0,calibration,
real_buchwald_hartwig,llm_semantic_counter_source_acid_halide_reversal_conservative,27015,98.2872,97.2211,1.7128,1,calibration,
real_buchwald_hartwig,llm_semantic_counter_source_acid_halide_reversal_noprior,27015,92.9567,92.9567,7.0433,0,calibration,
real_buchwald_hartwig,llm_semantic_cross_skill_rule_bank,27015,98.2872,97.2211,1.7128,1,calibration,
real_buchwald_hartwig,llm_semantic_halide_reactivity_additive_suppression,27015,100.0,97.887,0.0,1,calibration,
real_buchwald_hartwig,llm_semantic_halide_reactivity_additive_suppression_conservative,27015,93.1012,92.9856,6.8988,0,calibration,
real_buchwald_hartwig,llm_semantic_halide_reactivity_additive_suppression_noprior,27015,92.9567,92.9567,7.0433,0,calibration,
real_buchwald_hartwig,llm_semantic_low_semantic_mass_anchor_heavy,27015,98.2872,97.7541,1.7128,1,calibration,
real_buchwald_hartwig,llm_semantic_low_semantic_mass_anchor_heavy_conservative,27015,98.2872,97.7541,1.7128,1,calibration,
real_buchwald_hartwig,llm_semantic_low_semantic_mass_anchor_heavy_noprior,27015,98.2872,97.7541,1.7128,1,calibration,
real_buchwald_hartwig,llm_semantic_mechanistic_heteroaromatic_halide_synergy,27015,93.0289,92.9784,6.9711,0,calibration,
real_buchwald_hartwig,llm_semantic_mechanistic_heteroaromatic_halide_synergy_conservative,27015,92.9567,92.9567,7.0433,0,calibration,
real_buchwald_hartwig,llm_semantic_mechanistic_heteroaromatic_halide_synergy_noprior,27015,92.9567,92.9567,7.0433,0,calibration,
real_buchwald_hartwig,llm_semantic_source_alignment_conservative_ligand_mass,27015,92.9567,92.9567,7.0433,0,calibration,
real_buchwald_hartwig,llm_semantic_source_alignment_conservative_ligand_mass_conservative,27015,92.9567,92.9567,7.0433,0,calibration,
real_buchwald_hartwig,llm_semantic_source_alignment_conservative_ligand_mass_noprior,27015,92.9567,92.9567,7.0433,0,calibration,
real_buchwald_hartwig,llm_semantic_source_schema_only_field_mapping,27015,92.9567,92.9567,7.0433,0,calibration,
real_buchwald_hartwig,llm_semantic_source_schema_only_field_mapping_conservative,27015,92.9567,92.9567,7.0433,0,calibration,
real_buchwald_hartwig,llm_semantic_source_schema_only_field_mapping_noprior,27015,92.9567,92.9567,7.0433,0,calibration,
real_buchwald_hartwig,llm_semantic_steric_tpsa_balanced_optimization,27015,93.5878,93.0829,6.4122,0,calibration,
real_buchwald_hartwig,llm_semantic_steric_tpsa_balanced_optimization_conservative,27015,93.1012,92.9711,6.8988,0,calibration,
real_buchwald_hartwig,llm_semantic_steric_tpsa_balanced_optimization_noprior,27015,92.9567,92.9567,7.0433,0,calibration,
real_buchwald_hartwig,mixed_kernel_gp_ei,27015,93.1012,93.0434,6.8988,0,calibration,
real_buchwald_hartwig,target_acquisition_portfolio,27015,93.1012,93.0001,6.8988,0,calibration,
real_buchwald_hartwig,gp_ucb,27016,97.2929,94.3323,2.7071,0,calibration,
real_buchwald_hartwig,llambo_warmstart_base_strength_solvent_polarity_domain,27016,94.3462,92.1583,5.6538,0,calibration,
real_buchwald_hartwig,llambo_warmstart_base_strength_solvent_polarity_domain_conservative,27016,94.3462,92.1583,5.6538,0,calibration,
real_buchwald_hartwig,llambo_warmstart_base_strength_solvent_polarity_domain_noprior,27016,94.3462,92.1583,5.6538,0,calibration,
real_buchwald_hartwig,llambo_warmstart_counter_source_acid_halide_reversal,27016,92.659,90.8927,7.341,0,calibration,
real_buchwald_hartwig,llambo_warmstart_counter_source_acid_halide_reversal_conservative,27016,92.659,90.8927,7.341,0,calibration,
real_buchwald_hartwig,llambo_warmstart_counter_source_acid_halide_reversal_noprior,27016,92.659,90.8927,7.341,0,calibration,
real_buchwald_hartwig,llambo_warmstart_cross_skill_rule_bank,27016,98.2872,92.553,1.7128,1,calibration,
real_buchwald_hartwig,llambo_warmstart_halide_reactivity_additive_suppression,27016,99.0345,87.7091,0.9655,1,calibration,
real_buchwald_hartwig,llambo_warmstart_halide_reactivity_additive_suppression_conservative,27016,99.0345,87.7091,0.9655,1,calibration,
real_buchwald_hartwig,llambo_warmstart_halide_reactivity_additive_suppression_noprior,27016,99.0345,87.7091,0.9655,1,calibration,
real_buchwald_hartwig,llambo_warmstart_low_semantic_mass_anchor_heavy,27016,100.0,96.8796,0.0,1,calibration,
real_buchwald_hartwig,llambo_warmstart_low_semantic_mass_anchor_heavy_conservative,27016,100.0,96.8796,0.0,1,calibration,
real_buchwald_hartwig,llambo_warmstart_low_semantic_mass_anchor_heavy_noprior,27016,100.0,96.8796,0.0,1,calibration,
real_buchwald_hartwig,llambo_warmstart_mechanistic_heteroaromatic_halide_synergy,27016,91.0563,86.8449,8.9437,0,calibration,
real_buchwald_hartwig,llambo_warmstart_mechanistic_heteroaromatic_halide_synergy_conservative,27016,91.0563,86.8449,8.9437,0,calibration,
real_buchwald_hartwig,llambo_warmstart_mechanistic_heteroaromatic_halide_synergy_noprior,27016,91.0563,86.8449,8.9437,0,calibration,
real_buchwald_hartwig,llambo_warmstart_source_alignment_conservative_ligand_mass,27016,91.1391,86.5874,8.8609,0,calibration,
real_buchwald_hartwig,llambo_warmstart_source_alignment_conservative_ligand_mass_conservative,27016,91.1391,86.5874,8.8609,0,calibration,
real_buchwald_hartwig,llambo_warmstart_source_alignment_conservative_ligand_mass_noprior,27016,91.1391,86.5874,8.8609,0,calibration,
real_buchwald_hartwig,llambo_warmstart_source_schema_only_field_mapping,27016,89.6142,63.0379,10.3858,0,calibration,
real_buchwald_hartwig,llambo_warmstart_source_schema_only_field_mapping_conservative,27016,89.6142,63.0379,10.3858,0,calibration,
real_buchwald_hartwig,llambo_warmstart_source_schema_only_field_mapping_noprior,27016,89.6142,63.0379,10.3858,0,calibration,
real_buchwald_hartwig,llambo_warmstart_steric_tpsa_balanced_optimization,27016,99.6191,93.725,0.3809,1,calibration,
real_buchwald_hartwig,llambo_warmstart_steric_tpsa_balanced_optimization_conservative,27016,99.6191,93.725,0.3809,1,calibration,
real_buchwald_hartwig,llambo_warmstart_steric_tpsa_balanced_optimization_noprior,27016,99.6191,93.725,0.3809,1,calibration,
real_buchwald_hartwig,llm_direct_prior_base_strength_solvent_polarity_domain,27016,91.6524,91.6524,8.3476,0,calibration,
real_buchwald_hartwig,llm_direct_prior_base_strength_solvent_polarity_domain_conservative,27016,91.6524,91.6524,8.3476,0,calibration,
real_buchwald_hartwig,llm_direct_prior_base_strength_solvent_polarity_domain_noprior,27016,91.6524,91.6524,8.3476,0,calibration,
real_buchwald_hartwig,llm_direct_prior_counter_source_acid_halide_reversal,27016,97.2929,97.2929,2.7071,0,calibration,
real_buchwald_hartwig,llm_direct_prior_counter_source_acid_halide_reversal_conservative,27016,97.2929,97.2929,2.7071,0,calibration,
real_buchwald_hartwig,llm_direct_prior_counter_source_acid_halide_reversal_noprior,27016,97.2929,97.2929,2.7071,0,calibration,
real_buchwald_hartwig,llm_direct_prior_cross_skill_rule_bank,27016,91.6524,91.6524,8.3476,0,calibration,
real_buchwald_hartwig,llm_direct_prior_halide_reactivity_additive_suppression,27016,91.6524,91.6524,8.3476,0,calibration,
real_buchwald_hartwig,llm_direct_prior_halide_reactivity_additive_suppression_conservative,27016,91.6524,91.6524,8.3476,0,calibration,
real_buchwald_hartwig,llm_direct_prior_halide_reactivity_additive_suppression_noprior,27016,91.6524,91.6524,8.3476,0,calibration,
real_buchwald_hartwig,llm_direct_prior_low_semantic_mass_anchor_heavy,27016,91.6524,91.6524,8.3476,0,calibration,
real_buchwald_hartwig,llm_direct_prior_low_semantic_mass_anchor_heavy_conservative,27016,91.6524,91.6524,8.3476,0,calibration,
real_buchwald_hartwig,llm_direct_prior_low_semantic_mass_anchor_heavy_noprior,27016,91.6524,91.6524,8.3476,0,calibration,
real_buchwald_hartwig,llm_direct_prior_mechanistic_heteroaromatic_halide_synergy,27016,97.2929,93.9086,2.7071,0,calibration,
real_buchwald_hartwig,llm_direct_prior_mechanistic_heteroaromatic_halide_synergy_conservative,27016,97.2929,95.6008,2.7071,0,calibration,
real_buchwald_hartwig,llm_direct_prior_mechanistic_heteroaromatic_halide_synergy_noprior,27016,97.2929,93.9086,2.7071,0,calibration,
real_buchwald_hartwig,llm_direct_prior_source_alignment_conservative_ligand_mass,27016,91.6524,91.6524,8.3476,0,calibration,
real_buchwald_hartwig,llm_direct_prior_source_alignment_conservative_ligand_mass_conservative,27016,91.6524,91.6524,8.3476,0,calibration,
real_buchwald_hartwig,llm_direct_prior_source_alignment_conservative_ligand_mass_noprior,27016,91.6524,91.6524,8.3476,0,calibration,
real_buchwald_hartwig,llm_direct_prior_source_schema_only_field_mapping,27016,91.6524,91.6524,8.3476,0,calibration,
real_buchwald_hartwig,llm_direct_prior_source_schema_only_field_mapping_conservative,27016,91.6524,91.6524,8.3476,0,calibration,
real_buchwald_hartwig,llm_direct_prior_source_schema_only_field_mapping_noprior,27016,91.6524,91.6524,8.3476,0,calibration,
real_buchwald_hartwig,llm_direct_prior_steric_tpsa_balanced_optimization,27016,91.6524,91.6524,8.3476,0,calibration,
real_buchwald_hartwig,llm_direct_prior_steric_tpsa_balanced_optimization_conservative,27016,91.6524,91.6524,8.3476,0,calibration,
real_buchwald_hartwig,llm_direct_prior_steric_tpsa_balanced_optimization_noprior,27016,91.6524,91.6524,8.3476,0,calibration,
real_buchwald_hartwig,llm_semantic_base_strength_solvent_polarity_domain,27016,91.6524,91.6524,8.3476,0,calibration,
real_buchwald_hartwig,llm_semantic_base_strength_solvent_polarity_domain_conservative,27016,91.6524,91.6524,8.3476,0,calibration,
real_buchwald_hartwig,llm_semantic_base_strength_solvent_polarity_domain_noprior,27016,91.6524,91.6524,8.3476,0,calibration,
real_buchwald_hartwig,llm_semantic_counter_source_acid_halide_reversal,27016,91.6524,91.6524,8.3476,0,calibration,
real_buchwald_hartwig,llm_semantic_counter_source_acid_halide_reversal_conservative,27016,93.3108,91.8182,6.6892,0,calibration,
real_buchwald_hartwig,llm_semantic_counter_source_acid_halide_reversal_noprior,27016,91.6524,91.6524,8.3476,0,calibration,
real_buchwald_hartwig,llm_semantic_cross_skill_rule_bank,27016,92.904,92.153,7.096,0,calibration,
real_buchwald_hartwig,llm_semantic_halide_reactivity_additive_suppression,27016,91.6524,91.6524,8.3476,0,calibration,
real_buchwald_hartwig,llm_semantic_halide_reactivity_additive_suppression_conservative,27016,93.0326,91.9284,6.9674,0,calibration,
real_buchwald_hartwig,llm_semantic_halide_reactivity_additive_suppression_noprior,27016,91.6524,91.6524,8.3476,0,calibration,
real_buchwald_hartwig,llm_semantic_low_semantic_mass_anchor_heavy,27016,93.0995,92.376,6.9005,0,calibration,
real_buchwald_hartwig,llm_semantic_low_semantic_mass_anchor_heavy_conservative,27016,93.0995,92.376,6.9005,0,calibration,
real_buchwald_hartwig,llm_semantic_low_semantic_mass_anchor_heavy_noprior,27016,93.0995,92.376,6.9005,0,calibration,
real_buchwald_hartwig,llm_semantic_mechanistic_heteroaromatic_halide_synergy,27016,93.0995,92.376,6.9005,0,calibration,
real_buchwald_hartwig,llm_semantic_mechanistic_heteroaromatic_halide_synergy_conservative,27016,93.3108,92.2735,6.6892,0,calibration,
real_buchwald_hartwig,llm_semantic_mechanistic_heteroaromatic_halide_synergy_noprior,27016,91.6524,91.6524,8.3476,0,calibration,
real_buchwald_hartwig,llm_semantic_source_alignment_conservative_ligand_mass,27016,91.6524,91.6524,8.3476,0,calibration,
real_buchwald_hartwig,llm_semantic_source_alignment_conservative_ligand_mass_conservative,27016,91.6524,91.6524,8.3476,0,calibration,
real_buchwald_hartwig,llm_semantic_source_alignment_conservative_ligand_mass_noprior,27016,91.6524,91.6524,8.3476,0,calibration,
real_buchwald_hartwig,llm_semantic_source_schema_only_field_mapping,27016,91.6524,91.6524,8.3476,0,calibration,
real_buchwald_hartwig,llm_semantic_source_schema_only_field_mapping_conservative,27016,91.6524,91.6524,8.3476,0,calibration,
real_buchwald_hartwig,llm_semantic_source_schema_only_field_mapping_noprior,27016,91.6524,91.6524,8.3476,0,calibration,
real_buchwald_hartwig,llm_semantic_steric_tpsa_balanced_optimization,27016,91.6524,91.6524,8.3476,0,calibration,
real_buchwald_hartwig,llm_semantic_steric_tpsa_balanced_optimization_conservative,27016,91.6524,91.6524,8.3476,0,calibration,
real_buchwald_hartwig,llm_semantic_steric_tpsa_balanced_optimization_noprior,27016,91.6524,91.6524,8.3476,0,calibration,
real_buchwald_hartwig,mixed_kernel_gp_ei,27016,96.5912,93.2721,3.4088,0,calibration,
real_buchwald_hartwig,target_acquisition_portfolio,27016,97.2929,94.2621,2.7071,0,calibration,
real_buchwald_hartwig,gp_ucb,27017,83.2944,77.393,16.7056,0,calibration,
real_buchwald_hartwig,llambo_warmstart_base_strength_solvent_polarity_domain,27017,93.0326,87.9055,6.9674,0,calibration,
real_buchwald_hartwig,llambo_warmstart_base_strength_solvent_polarity_domain_conservative,27017,93.0326,87.9055,6.9674,0,calibration,
real_buchwald_hartwig,llambo_warmstart_base_strength_solvent_polarity_domain_noprior,27017,93.0326,87.9055,6.9674,0,calibration,
real_buchwald_hartwig,llambo_warmstart_counter_source_acid_halide_reversal,27017,91.6524,80.6439,8.3476,0,calibration,
real_buchwald_hartwig,llambo_warmstart_counter_source_acid_halide_reversal_conservative,27017,91.6524,80.6439,8.3476,0,calibration,
real_buchwald_hartwig,llambo_warmstart_counter_source_acid_halide_reversal_noprior,27017,91.6524,80.6439,8.3476,0,calibration,
real_buchwald_hartwig,llambo_warmstart_cross_skill_rule_bank,27017,89.4741,63.3776,10.5259,0,calibration,
real_buchwald_hartwig,llambo_warmstart_halide_reactivity_additive_suppression,27017,94.6911,79.351,5.3089,0,calibration,
real_buchwald_hartwig,llambo_warmstart_halide_reactivity_additive_suppression_conservative,27017,94.6911,79.351,5.3089,0,calibration,
real_buchwald_hartwig,llambo_warmstart_halide_reactivity_additive_suppression_noprior,27017,94.6911,79.351,5.3089,0,calibration,
real_buchwald_hartwig,llambo_warmstart_low_semantic_mass_anchor_heavy,27017,94.5498,93.6709,5.4502,0,calibration,
real_buchwald_hartwig,llambo_warmstart_low_semantic_mass_anchor_heavy_conservative,27017,94.5498,93.6709,5.4502,0,calibration,
real_buchwald_hartwig,llambo_warmstart_low_semantic_mass_anchor_heavy_noprior,27017,94.5498,93.6709,5.4502,0,calibration,
real_buchwald_hartwig,llambo_warmstart_mechanistic_heteroaromatic_halide_synergy,27017,93.3108,88.3773,6.6892,0,calibration,
real_buchwald_hartwig,llambo_warmstart_mechanistic_heteroaromatic_halide_synergy_conservative,27017,93.3108,88.3773,6.6892,0,calibration,
real_buchwald_hartwig,llambo_warmstart_mechanistic_heteroaromatic_halide_synergy_noprior,27017,93.3108,88.3773,6.6892,0,calibration,
real_buchwald_hartwig,llambo_warmstart_source_alignment_conservative_ligand_mass,27017,98.2872,91.8295,1.7128,1,calibration,
real_buchwald_hartwig,llambo_warmstart_source_alignment_conservative_ligand_mass_conservative,27017,98.2872,91.8295,1.7128,1,calibration,
real_buchwald_hartwig,llambo_warmstart_source_alignment_conservative_ligand_mass_noprior,27017,98.2872,91.8295,1.7128,1,calibration,
real_buchwald_hartwig,llambo_warmstart_source_schema_only_field_mapping,27017,99.6191,89.2405,0.3809,1,calibration,
real_buchwald_hartwig,llambo_warmstart_source_schema_only_field_mapping_conservative,27017,99.6191,89.2405,0.3809,1,calibration,
real_buchwald_hartwig,llambo_warmstart_source_schema_only_field_mapping_noprior,27017,99.6191,89.2405,0.3809,1,calibration,
real_buchwald_hartwig,llambo_warmstart_steric_tpsa_balanced_optimization,27017,98.2872,87.3079,1.7128,1,calibration,
real_buchwald_hartwig,llambo_warmstart_steric_tpsa_balanced_optimization_conservative,27017,98.2872,87.3079,1.7128,1,calibration,
real_buchwald_hartwig,llambo_warmstart_steric_tpsa_balanced_optimization_noprior,27017,98.2872,87.3079,1.7128,1,calibration,
real_buchwald_hartwig,llm_direct_prior_base_strength_solvent_polarity_domain,27017,67.4807,67.4807,32.5193,0,calibration,
real_buchwald_hartwig,llm_direct_prior_base_strength_solvent_polarity_domain_conservative,27017,74.6244,69.6238,25.3756,0,calibration,
real_buchwald_hartwig,llm_direct_prior_base_strength_solvent_polarity_domain_noprior,27017,67.4807,67.4807,32.5193,0,calibration,
real_buchwald_hartwig,llm_direct_prior_counter_source_acid_halide_reversal,27017,100.0,87.0892,0.0,1,calibration,
real_buchwald_hartwig,llm_direct_prior_counter_source_acid_halide_reversal_conservative,27017,100.0,87.0892,0.0,1,calibration,
real_buchwald_hartwig,llm_direct_prior_counter_source_acid_halide_reversal_noprior,27017,100.0,87.0892,0.0,1,calibration,
real_buchwald_hartwig,llm_direct_prior_cross_skill_rule_bank,27017,67.4807,67.4807,32.5193,0,calibration,
real_buchwald_hartwig,llm_direct_prior_halide_reactivity_additive_suppression,27017,77.7868,69.5419,22.2132,0,calibration,
real_buchwald_hartwig,llm_direct_prior_halide_reactivity_additive_suppression_conservative,27017,77.7868,75.7256,22.2132,0,calibration,
real_buchwald_hartwig,llm_direct_prior_halide_reactivity_additive_suppression_noprior,27017,77.7868,69.5419,22.2132,0,calibration,
real_buchwald_hartwig,llm_direct_prior_low_semantic_mass_anchor_heavy,27017,76.9865,69.3819,23.0135,0,calibration,
real_buchwald_hartwig,llm_direct_prior_low_semantic_mass_anchor_heavy_conservative,27017,76.9865,69.3819,23.0135,0,calibration,
real_buchwald_hartwig,llm_direct_prior_low_semantic_mass_anchor_heavy_noprior,27017,76.9865,69.3819,23.0135,0,calibration,
real_buchwald_hartwig,llm_direct_prior_mechanistic_heteroaromatic_halide_synergy,27017,89.9742,81.0997,10.0258,0,calibration,
real_buchwald_hartwig,llm_direct_prior_mechanistic_heteroaromatic_halide_synergy_conservative,27017,85.8123,72.9802,14.1877,0,calibration,
real_buchwald_hartwig,llm_direct_prior_mechanistic_heteroaromatic_halide_synergy_noprior,27017,89.9742,81.0997,10.0258,0,calibration,
real_buchwald_hartwig,llm_direct_prior_source_alignment_conservative_ligand_mass,27017,77.7868,76.7562,22.2132,0,calibration,
real_buchwald_hartwig,llm_direct_prior_source_alignment_conservative_ligand_mass_conservative,27017,77.7868,76.7562,22.2132,0,calibration,
real_buchwald_hartwig,llm_direct_prior_source_alignment_conservative_ligand_mass_noprior,27017,77.7868,76.7562,22.2132,0,calibration,
real_buchwald_hartwig,llm_direct_prior_source_schema_only_field_mapping,27017,68.765,68.648,31.235,0,calibration,
real_buchwald_hartwig,llm_direct_prior_source_schema_only_field_mapping_conservative,27017,68.765,68.648,31.235,0,calibration,
real_buchwald_hartwig,llm_direct_prior_source_schema_only_field_mapping_noprior,27017,68.765,68.648,31.235,0,calibration,
real_buchwald_hartwig,llm_direct_prior_steric_tpsa_balanced_optimization,27017,79.8724,78.621,20.1276,0,calibration,
real_buchwald_hartwig,llm_direct_prior_steric_tpsa_balanced_optimization_conservative,27017,81.1512,78.1232,18.8488,0,calibration,
real_buchwald_hartwig,llm_direct_prior_steric_tpsa_balanced_optimization_noprior,27017,79.8724,78.621,20.1276,0,calibration,
real_buchwald_hartwig,llm_semantic_base_strength_solvent_polarity_domain,27017,87.2375,77.3591,12.7625,0,calibration,
real_buchwald_hartwig,llm_semantic_base_strength_solvent_polarity_domain_conservative,27017,87.2375,83.2861,12.7625,0,calibration,
real_buchwald_hartwig,llm_semantic_base_strength_solvent_polarity_domain_noprior,27017,85.2207,77.8024,14.7793,0,calibration,
real_buchwald_hartwig,llm_semantic_counter_source_acid_halide_reversal,27017,77.7868,74.883,22.2132,0,calibration,
real_buchwald_hartwig,llm_semantic_counter_source_acid_halide_reversal_conservative,27017,86.7621,77.6537,13.2379,0,calibration,
real_buchwald_hartwig,llm_semantic_counter_source_acid_halide_reversal_noprior,27017,93.0289,80.0725,6.9711,0,calibration,
real_buchwald_hartwig,llm_semantic_cross_skill_rule_bank,27017,81.1512,80.4783,18.8488,0,calibration,
real_buchwald_hartwig,llm_semantic_halide_reactivity_additive_suppression,27017,87.2375,86.3933,12.7625,0,calibration,
real_buchwald_hartwig,llm_semantic_halide_reactivity_additive_suppression_conservative,27017,67.4807,67.4807,32.5193,0,calibration,
real_buchwald_hartwig,llm_semantic_halide_reactivity_additive_suppression_noprior,27017,74.0474,70.1074,25.9526,0,calibration,
real_buchwald_hartwig,llm_semantic_low_semantic_mass_anchor_heavy,27017,84.602,80.8453,15.398,0,calibration,
real_buchwald_hartwig,llm_semantic_low_semantic_mass_anchor_heavy_conservative,27017,84.602,80.8453,15.398,0,calibration,
real_buchwald_hartwig,llm_semantic_low_semantic_mass_anchor_heavy_noprior,27017,84.602,80.8453,15.398,0,calibration,
real_buchwald_hartwig,llm_semantic_mechanistic_heteroaromatic_halide_synergy,27017,84.4027,70.5326,15.5973,0,calibration,
real_buchwald_hartwig,llm_semantic_mechanistic_heteroaromatic_halide_synergy_conservative,27017,67.4807,67.4807,32.5193,0,calibration,
real_buchwald_hartwig,llm_semantic_mechanistic_heteroaromatic_halide_synergy_noprior,27017,93.0289,72.0282,6.9711,0,calibration,
real_buchwald_hartwig,llm_semantic_source_alignment_conservative_ligand_mass,27017,84.2019,80.2394,15.7981,0,calibration,
real_buchwald_hartwig,llm_semantic_source_alignment_conservative_ligand_mass_conservative,27017,84.2019,80.2394,15.7981,0,calibration,
real_buchwald_hartwig,llm_semantic_source_alignment_conservative_ligand_mass_noprior,27017,84.2019,80.2394,15.7981,0,calibration,
real_buchwald_hartwig,llm_semantic_source_schema_only_field_mapping,27017,68.4317,67.8611,31.5683,0,calibration,
real_buchwald_hartwig,llm_semantic_source_schema_only_field_mapping_conservative,27017,67.4807,67.4807,32.5193,0,calibration,
real_buchwald_hartwig,llm_semantic_source_schema_only_field_mapping_noprior,27017,67.4807,67.4807,32.5193,0,calibration,
real_buchwald_hartwig,llm_semantic_steric_tpsa_balanced_optimization,27017,77.7868,76.7562,22.2132,0,calibration,
real_buchwald_hartwig,llm_semantic_steric_tpsa_balanced_optimization_conservative,27017,81.1512,77.0926,18.8488,0,calibration,
real_buchwald_hartwig,llm_semantic_steric_tpsa_balanced_optimization_noprior,27017,83.7372,80.9215,16.2628,0,calibration,
real_buchwald_hartwig,mixed_kernel_gp_ei,27017,83.2944,77.393,16.7056,0,calibration,
real_buchwald_hartwig,target_acquisition_portfolio,27017,83.2944,77.393,16.7056,0,calibration,
real_buchwald_hartwig,gp_ucb,27018,98.8492,90.0638,1.1508,1,calibration,
real_buchwald_hartwig,llambo_warmstart_base_strength_solvent_polarity_domain,27018,81.1512,48.7418,18.8488,0,calibration,
real_buchwald_hartwig,llambo_warmstart_base_strength_solvent_polarity_domain_conservative,27018,81.1512,48.7418,18.8488,0,calibration,
real_buchwald_hartwig,llambo_warmstart_base_strength_solvent_polarity_domain_noprior,27018,81.1512,48.7418,18.8488,0,calibration,
real_buchwald_hartwig,llambo_warmstart_counter_source_acid_halide_reversal,27018,93.3108,90.3587,6.6892,0,calibration,
real_buchwald_hartwig,llambo_warmstart_counter_source_acid_halide_reversal_conservative,27018,93.3108,90.3587,6.6892,0,calibration,
real_buchwald_hartwig,llambo_warmstart_counter_source_acid_halide_reversal_noprior,27018,93.3108,90.3587,6.6892,0,calibration,
real_buchwald_hartwig,llambo_warmstart_cross_skill_rule_bank,27018,71.0972,71.0972,28.9028,0,calibration,
real_buchwald_hartwig,llambo_warmstart_halide_reactivity_additive_suppression,27018,93.5878,75.4421,6.4122,0,calibration,
real_buchwald_hartwig,llambo_warmstart_halide_reactivity_additive_suppression_conservative,27018,93.5878,75.4421,6.4122,0,calibration,
real_buchwald_hartwig,llambo_warmstart_halide_reactivity_additive_suppression_noprior,27018,93.5878,75.4421,6.4122,0,calibration,
real_buchwald_hartwig,llambo_warmstart_low_semantic_mass_anchor_heavy,27018,85.1332,84.8429,14.8668,0,calibration,
real_buchwald_hartwig,llambo_warmstart_low_semantic_mass_anchor_heavy_conservative,27018,85.1332,84.8429,14.8668,0,calibration,
real_buchwald_hartwig,llambo_warmstart_low_semantic_mass_anchor_heavy_noprior,27018,85.1332,84.8429,14.8668,0,calibration,
real_buchwald_hartwig,llambo_warmstart_mechanistic_heteroaromatic_halide_synergy,27018,93.3108,92.3252,6.6892,0,calibration,
real_buchwald_hartwig,llambo_warmstart_mechanistic_heteroaromatic_halide_synergy_conservative,27018,93.3108,92.3252,6.6892,0,calibration,
real_buchwald_hartwig,llambo_warmstart_mechanistic_heteroaromatic_halide_synergy_noprior,27018,93.3108,92.3252,6.6892,0,calibration,
real_buchwald_hartwig,llambo_warmstart_source_alignment_conservative_ligand_mass,27018,89.0766,60.2619,10.9234,0,calibration,
real_buchwald_hartwig,llambo_warmstart_source_alignment_conservative_ligand_mass_conservative,27018,89.0766,60.2619,10.9234,0,calibration,
real_buchwald_hartwig,llambo_warmstart_source_alignment_conservative_ligand_mass_noprior,27018,89.0766,60.2619,10.9234,0,calibration,
real_buchwald_hartwig,llambo_warmstart_source_schema_only_field_mapping,27018,79.0795,77.2295,20.9205,0,calibration,
real_buchwald_hartwig,llambo_warmstart_source_schema_only_field_mapping_conservative,27018,79.0795,77.2295,20.9205,0,calibration,
real_buchwald_hartwig,llambo_warmstart_source_schema_only_field_mapping_noprior,27018,79.0795,77.2295,20.9205,0,calibration,
real_buchwald_hartwig,llambo_warmstart_steric_tpsa_balanced_optimization,27018,91.1391,63.1595,8.8609,0,calibration,
real_buchwald_hartwig,llambo_warmstart_steric_tpsa_balanced_optimization_conservative,27018,91.1391,63.1595,8.8609,0,calibration,
real_buchwald_hartwig,llambo_warmstart_steric_tpsa_balanced_optimization_noprior,27018,91.1391,63.1595,8.8609,0,calibration,
real_buchwald_hartwig,llm_direct_prior_base_strength_solvent_polarity_domain,27018,85.1447,80.2163,14.8553,0,calibration,
real_buchwald_hartwig,llm_direct_prior_base_strength_solvent_polarity_domain_conservative,27018,90.2279,83.7295,9.7721,0,calibration,
real_buchwald_hartwig,llm_direct_prior_base_strength_solvent_polarity_domain_noprior,27018,85.1447,80.2163,14.8553,0,calibration,
real_buchwald_hartwig,llm_direct_prior_counter_source_acid_halide_reversal,27018,100.0,91.5318,0.0,1,calibration,
real_buchwald_hartwig,llm_direct_prior_counter_source_acid_halide_reversal_conservative,27018,100.0,91.5318,0.0,1,calibration,
real_buchwald_hartwig,llm_direct_prior_counter_source_acid_halide_reversal_noprior,27018,100.0,91.5318,0.0,1,calibration,
real_buchwald_hartwig,llm_direct_prior_cross_skill_rule_bank,27018,74.0097,71.7926,25.9903,0,calibration,
real_buchwald_hartwig,llm_direct_prior_halide_reactivity_additive_suppression,27018,76.1607,72.0076,23.8393,0,calibration,
real_buchwald_hartwig,llm_direct_prior_halide_reactivity_additive_suppression_conservative,27018,83.3382,75.1794,16.6618,0,calibration,
real_buchwald_hartwig,llm_direct_prior_halide_reactivity_additive_suppression_noprior,27018,76.1607,72.0076,23.8393,0,calibration,
real_buchwald_hartwig,llm_direct_prior_low_semantic_mass_anchor_heavy,27018,78.1098,73.5153,21.8902,0,calibration,
real_buchwald_hartwig,llm_direct_prior_low_semantic_mass_anchor_heavy_conservative,27018,78.1098,73.5153,21.8902,0,calibration,
real_buchwald_hartwig,llm_direct_prior_low_semantic_mass_anchor_heavy_noprior,27018,78.1098,73.5153,21.8902,0,calibration,
real_buchwald_hartwig,llm_direct_prior_mechanistic_heteroaromatic_halide_synergy,27018,84.341,73.454,15.659,0,calibration,
real_buchwald_hartwig,llm_direct_prior_mechanistic_heteroaromatic_halide_synergy_conservative,27018,94.3462,75.7638,5.6538,0,calibration,
real_buchwald_hartwig,llm_direct_prior_mechanistic_heteroaromatic_halide_synergy_noprior,27018,84.341,73.454,15.659,0,calibration,
real_buchwald_hartwig,llm_direct_prior_source_alignment_conservative_ligand_mass,27018,94.2969,80.6866,5.7031,0,calibration,
real_buchwald_hartwig,llm_direct_prior_source_alignment_conservative_ligand_mass_conservative,27018,94.2969,80.6866,5.7031,0,calibration,
real_buchwald_hartwig,llm_direct_prior_source_alignment_conservative_ligand_mass_noprior,27018,94.2969,80.6866,5.7031,0,calibration,
real_buchwald_hartwig,llm_direct_prior_source_schema_only_field_mapping,27018,75.3112,73.8052,24.6888,0,calibration,
real_buchwald_hartwig,llm_direct_prior_source_schema_only_field_mapping_conservative,27018,75.3112,73.8052,24.6888,0,calibration,
real_buchwald_hartwig,llm_direct_prior_source_schema_only_field_mapping_noprior,27018,75.3112,73.8052,24.6888,0,calibration,
real_buchwald_hartwig,llm_direct_prior_steric_tpsa_balanced_optimization,27018,80.5828,76.1397,19.4172,0,calibration,
real_buchwald_hartwig,llm_direct_prior_steric_tpsa_balanced_optimization_conservative,27018,75.3112,73.0522,24.6888,0,calibration,
real_buchwald_hartwig,llm_direct_prior_steric_tpsa_balanced_optimization_noprior,27018,80.5828,76.1397,19.4172,0,calibration,
real_buchwald_hartwig,llm_semantic_base_strength_solvent_polarity_domain,27018,76.7953,72.0711,23.2047,0,calibration,
real_buchwald_hartwig,llm_semantic_base_strength_solvent_polarity_domain_conservative,27018,78.7679,72.9905,21.2321,0,calibration,
real_buchwald_hartwig,llm_semantic_base_strength_solvent_polarity_domain_noprior,27018,78.3625,72.2278,21.6375,0,calibration,
real_buchwald_hartwig,llm_semantic_counter_source_acid_halide_reversal,27018,100.0,91.4639,0.0,1,calibration,
real_buchwald_hartwig,llm_semantic_counter_source_acid_halide_reversal_conservative,27018,100.0,85.4886,0.0,1,calibration,
real_buchwald_hartwig,llm_semantic_counter_source_acid_halide_reversal_noprior,27018,94.3462,76.6561,5.6538,0,calibration,
real_buchwald_hartwig,llm_semantic_cross_skill_rule_bank,27018,92.904,86.4967,7.096,0,calibration,
real_buchwald_hartwig,llm_semantic_halide_reactivity_additive_suppression,27018,100.0,94.3092,0.0,1,calibration,
real_buchwald_hartwig,llm_semantic_halide_reactivity_additive_suppression_conservative,27018,100.0,85.7731,0.0,1,calibration,
real_buchwald_hartwig,llm_semantic_halide_reactivity_additive_suppression_noprior,27018,98.1771,83.9165,1.8229,1,calibration,
real_buchwald_hartwig,llm_semantic_low_semantic_mass_anchor_heavy,27018,71.5462,71.5462,28.4538,0,calibration,
real_buchwald_hartwig,llm_semantic_low_semantic_mass_anchor_heavy_conservative,27018,71.5462,71.5462,28.4538,0,calibration,
real_buchwald_hartwig,llm_semantic_low_semantic_mass_anchor_heavy_noprior,27018,71.5462,71.5462,28.4538,0,calibration,
real_buchwald_hartwig,llm_semantic_mechanistic_heteroaromatic_halide_synergy,27018,71.5462,71.5462,28.4538,0,calibration,
real_buchwald_hartwig,llm_semantic_mechanistic_heteroaromatic_halide_synergy_conservative,27018,85.1332,75.109,14.8668,0,calibration,
real_buchwald_hartwig,llm_semantic_mechanistic_heteroaromatic_halide_synergy_noprior,27018,71.5462,71.5462,28.4538,0,calibration,
real_buchwald_hartwig,llm_semantic_source_alignment_conservative_ligand_mass,27018,83.2944,74.5918,16.7056,0,calibration,
real_buchwald_hartwig,llm_semantic_source_alignment_conservative_ligand_mass_conservative,27018,100.0,85.2774,0.0,1,calibration,
real_buchwald_hartwig,llm_semantic_source_alignment_conservative_ligand_mass_noprior,27018,100.0,85.2774,0.0,1,calibration,
real_buchwald_hartwig,llm_semantic_source_schema_only_field_mapping,27018,92.904,75.8178,7.096,0,calibration,
real_buchwald_hartwig,llm_semantic_source_schema_only_field_mapping_conservative,27018,92.904,75.8178,7.096,0,calibration,
real_buchwald_hartwig,llm_semantic_source_schema_only_field_mapping_noprior,27018,92.904,75.8178,7.096,0,calibration,
real_buchwald_hartwig,llm_semantic_steric_tpsa_balanced_optimization,27018,71.5462,71.5462,28.4538,0,calibration,
real_buchwald_hartwig,llm_semantic_steric_tpsa_balanced_optimization_conservative,27018,79.3064,76.2023,20.6936,0,calibration,
real_buchwald_hartwig,llm_semantic_steric_tpsa_balanced_optimization_noprior,27018,74.0097,72.5316,25.9903,0,calibration,
real_buchwald_hartwig,mixed_kernel_gp_ei,27018,98.8492,90.0638,1.1508,1,calibration,
real_buchwald_hartwig,target_acquisition_portfolio,27018,98.8492,90.0638,1.1508,1,calibration,
real_buchwald_hartwig,gp_ucb,27019,73.6009,70.3365,26.3991,0,calibration,
real_buchwald_hartwig,llambo_warmstart_base_strength_solvent_polarity_domain,27019,93.0326,90.3987,6.9674,0,calibration,
real_buchwald_hartwig,llambo_warmstart_base_strength_solvent_polarity_domain_conservative,27019,93.0326,90.3987,6.9674,0,calibration,
real_buchwald_hartwig,llambo_warmstart_base_strength_solvent_polarity_domain_noprior,27019,93.0326,90.3987,6.9674,0,calibration,
real_buchwald_hartwig,llambo_warmstart_counter_source_acid_halide_reversal,27019,85.6836,65.3896,14.3164,0,calibration,
real_buchwald_hartwig,llambo_warmstart_counter_source_acid_halide_reversal_conservative,27019,85.6836,65.3896,14.3164,0,calibration,
real_buchwald_hartwig,llambo_warmstart_counter_source_acid_halide_reversal_noprior,27019,85.6836,65.3896,14.3164,0,calibration,
real_buchwald_hartwig,llambo_warmstart_cross_skill_rule_bank,27019,91.0563,90.0034,8.9437,0,calibration,
real_buchwald_hartwig,llambo_warmstart_halide_reactivity_additive_suppression,27019,92.659,77.6465,7.341,0,calibration,
real_buchwald_hartwig,llambo_warmstart_halide_reactivity_additive_suppression_conservative,27019,92.659,77.6465,7.341,0,calibration,
real_buchwald_hartwig,llambo_warmstart_halide_reactivity_additive_suppression_noprior,27019,92.659,77.6465,7.341,0,calibration,
real_buchwald_hartwig,llambo_warmstart_low_semantic_mass_anchor_heavy,27019,91.4851,81.6672,8.5149,0,calibration,
real_buchwald_hartwig,llambo_warmstart_low_semantic_mass_anchor_heavy_conservative,27019,91.4851,81.6672,8.5149,0,calibration,
real_buchwald_hartwig,llambo_warmstart_low_semantic_mass_anchor_heavy_noprior,27019,91.4851,81.6672,8.5149,0,calibration,
real_buchwald_hartwig,llambo_warmstart_mechanistic_heteroaromatic_halide_synergy,27019,98.2872,93.0529,1.7128,1,calibration,
real_buchwald_hartwig,llambo_warmstart_mechanistic_heteroaromatic_halide_synergy_conservative,27019,98.2872,93.0529,1.7128,1,calibration,
real_buchwald_hartwig,llambo_warmstart_mechanistic_heteroaromatic_halide_synergy_noprior,27019,98.2872,93.0529,1.7128,1,calibration,
real_buchwald_hartwig,llambo_warmstart_source_alignment_conservative_ligand_mass,27019,94.5498,89.613,5.4502,0,calibration,
real_buchwald_hartwig,llambo_warmstart_source_alignment_conservative_ligand_mass_conservative,27019,94.5498,89.613,5.4502,0,calibration,
real_buchwald_hartwig,llambo_warmstart_source_alignment_conservative_ligand_mass_noprior,27019,94.5498,89.613,5.4502,0,calibration,
real_buchwald_hartwig,llambo_warmstart_source_schema_only_field_mapping,27019,98.1771,72.3165,1.8229,1,calibration,
real_buchwald_hartwig,llambo_warmstart_source_schema_only_field_mapping_conservative,27019,98.1771,72.3165,1.8229,1,calibration,
real_buchwald_hartwig,llambo_warmstart_source_schema_only_field_mapping_noprior,27019,98.1771,72.3165,1.8229,1,calibration,
real_buchwald_hartwig,llambo_warmstart_steric_tpsa_balanced_optimization,27019,100.0,89.1341,0.0,1,calibration,
real_buchwald_hartwig,llambo_warmstart_steric_tpsa_balanced_optimization_conservative,27019,100.0,89.1341,0.0,1,calibration,
real_buchwald_hartwig,llambo_warmstart_steric_tpsa_balanced_optimization_noprior,27019,100.0,89.1341,0.0,1,calibration,
real_buchwald_hartwig,llm_direct_prior_base_strength_solvent_polarity_domain,27019,90.7313,72.7206,9.2687,0,calibration,
real_buchwald_hartwig,llm_direct_prior_base_strength_solvent_polarity_domain_conservative,27019,83.3382,70.1854,16.6618,0,calibration,
real_buchwald_hartwig,llm_direct_prior_base_strength_solvent_polarity_domain_noprior,27019,90.7313,72.7206,9.2687,0,calibration,
real_buchwald_hartwig,llm_direct_prior_counter_source_acid_halide_reversal,27019,94.6911,83.9168,5.3089,0,calibration,
real_buchwald_hartwig,llm_direct_prior_counter_source_acid_halide_reversal_conservative,27019,84.4042,78.4624,15.5958,0,calibration,
real_buchwald_hartwig,llm_direct_prior_counter_source_acid_halide_reversal_noprior,27019,94.6911,83.9168,5.3089,0,calibration,
real_buchwald_hartwig,llm_direct_prior_cross_skill_rule_bank,27019,79.6552,74.8884,20.3448,0,calibration,
real_buchwald_hartwig,llm_direct_prior_halide_reactivity_additive_suppression,27019,83.3382,69.514,16.6618,0,calibration,
real_buchwald_hartwig,llm_direct_prior_halide_reactivity_additive_suppression_conservative,27019,90.7313,80.5482,9.2687,0,calibration,
real_buchwald_hartwig,llm_direct_prior_halide_reactivity_additive_suppression_noprior,27019,83.3382,69.514,16.6618,0,calibration,
real_buchwald_hartwig,llm_direct_prior_low_semantic_mass_anchor_heavy,27019,87.2375,76.6477,12.7625,0,calibration,
real_buchwald_hartwig,llm_direct_prior_low_semantic_mass_anchor_heavy_conservative,27019,87.2375,76.6477,12.7625,0,calibration,
real_buchwald_hartwig,llm_direct_prior_low_semantic_mass_anchor_heavy_noprior,27019,87.2375,76.6477,12.7625,0,calibration,
real_buchwald_hartwig,llm_direct_prior_mechanistic_heteroaromatic_halide_synergy,27019,86.7862,82.4269,13.2138,0,calibration,
real_buchwald_hartwig,llm_direct_prior_mechanistic_heteroaromatic_halide_synergy_conservative,27019,86.7862,84.4285,13.2138,0,calibration,
real_buchwald_hartwig,llm_direct_prior_mechanistic_heteroaromatic_halide_synergy_noprior,27019,86.7862,82.4269,13.2138,0,calibration,
real_buchwald_hartwig,llm_direct_prior_source_alignment_conservative_ligand_mass,27019,84.4042,81.3503,15.5958,0,calibration,
real_buchwald_hartwig,llm_direct_prior_source_alignment_conservative_ligand_mass_conservative,27019,84.4042,81.3503,15.5958,0,calibration,
real_buchwald_hartwig,llm_direct_prior_source_alignment_conservative_ligand_mass_noprior,27019,84.4042,81.3503,15.5958,0,calibration,
real_buchwald_hartwig,llm_direct_prior_source_schema_only_field_mapping,27019,75.9961,70.4523,24.0039,0,calibration,
real_buchwald_hartwig,llm_direct_prior_source_schema_only_field_mapping_conservative,27019,75.9961,70.4523,24.0039,0,calibration,
real_buchwald_hartwig,llm_direct_prior_source_schema_only_field_mapping_noprior,27019,75.9961,70.4523,24.0039,0,calibration,
real_buchwald_hartwig,llm_direct_prior_steric_tpsa_balanced_optimization,27019,72.6306,66.7152,27.3694,0,calibration,
real_buchwald_hartwig,llm_direct_prior_steric_tpsa_balanced_optimization_conservative,27019,78.6185,68.57,21.3815,0,calibration,
real_buchwald_hartwig,llm_direct_prior_steric_tpsa_balanced_optimization_noprior,27019,72.6306,66.7152,27.3694,0,calibration,
real_buchwald_hartwig,llm_semantic_base_strength_solvent_polarity_domain,27019,72.7719,68.7435,27.2281,0,calibration,
real_buchwald_hartwig,llm_semantic_base_strength_solvent_polarity_domain_conservative,27019,86.7926,76.6241,13.2074,0,calibration,
real_buchwald_hartwig,llm_semantic_base_strength_solvent_polarity_domain_noprior,27019,74.0779,72.4739,25.9221,0,calibration,
real_buchwald_hartwig,llm_semantic_counter_source_acid_halide_reversal,27019,86.7926,77.7523,13.2074,0,calibration,
real_buchwald_hartwig,llm_semantic_counter_source_acid_halide_reversal_conservative,27019,83.9556,76.3821,16.0444,0,calibration,
real_buchwald_hartwig,llm_semantic_counter_source_acid_halide_reversal_noprior,27019,83.9556,76.3821,16.0444,0,calibration,
real_buchwald_hartwig,llm_semantic_cross_skill_rule_bank,27019,79.3465,73.7394,20.6535,0,calibration,
real_buchwald_hartwig,llm_semantic_halide_reactivity_additive_suppression,27019,92.9567,80.6177,7.0433,0,calibration,
real_buchwald_hartwig,llm_semantic_halide_reactivity_additive_suppression_conservative,27019,79.3465,70.4621,20.6535,0,calibration,
real_buchwald_hartwig,llm_semantic_halide_reactivity_additive_suppression_noprior,27019,66.0579,66.0579,33.9421,0,calibration,
real_buchwald_hartwig,llm_semantic_low_semantic_mass_anchor_heavy,27019,78.6185,74.515,21.3815,0,calibration,
real_buchwald_hartwig,llm_semantic_low_semantic_mass_anchor_heavy_conservative,27019,78.6185,74.515,21.3815,0,calibration,
real_buchwald_hartwig,llm_semantic_low_semantic_mass_anchor_heavy_noprior,27019,78.6185,74.515,21.3815,0,calibration,
real_buchwald_hartwig,llm_semantic_mechanistic_heteroaromatic_halide_synergy,27019,93.5878,80.806,6.4122,0,calibration,
real_buchwald_hartwig,llm_semantic_mechanistic_heteroaromatic_halide_synergy_conservative,27019,81.9976,70.8919,18.0024,0,calibration,
real_buchwald_hartwig,llm_semantic_mechanistic_heteroaromatic_halide_synergy_noprior,27019,88.1675,73.2138,11.8325,0,calibration,
real_buchwald_hartwig,llm_semantic_source_alignment_conservative_ligand_mass,27019,83.9556,75.9212,16.0444,0,calibration,
real_buchwald_hartwig,llm_semantic_source_alignment_conservative_ligand_mass_conservative,27019,83.9556,75.5152,16.0444,0,calibration,
real_buchwald_hartwig,llm_semantic_source_alignment_conservative_ligand_mass_noprior,27019,83.9556,75.5152,16.0444,0,calibration,
real_buchwald_hartwig,llm_semantic_source_schema_only_field_mapping,27019,79.3465,76.3831,20.6535,0,calibration,
real_buchwald_hartwig,llm_semantic_source_schema_only_field_mapping_conservative,27019,79.3465,76.3831,20.6535,0,calibration,
real_buchwald_hartwig,llm_semantic_source_schema_only_field_mapping_noprior,27019,79.3465,76.3831,20.6535,0,calibration,
real_buchwald_hartwig,llm_semantic_steric_tpsa_balanced_optimization,27019,86.4971,76.8933,13.5029,0,calibration,
real_buchwald_hartwig,llm_semantic_steric_tpsa_balanced_optimization_conservative,27019,84.6498,76.5848,15.3502,0,calibration,
real_buchwald_hartwig,llm_semantic_steric_tpsa_balanced_optimization_noprior,27019,77.5468,76.0409,22.4532,0,calibration,
real_buchwald_hartwig,mixed_kernel_gp_ei,27019,85.4018,73.1712,14.5982,0,calibration,
real_buchwald_hartwig,target_acquisition_portfolio,27019,83.385,70.3103,16.615,0,calibration,
real_buchwald_hartwig,gp_ucb,27020,94.6911,79.9859,5.3089,0,calibration,
real_buchwald_hartwig,llambo_warmstart_base_strength_solvent_polarity_domain,27020,98.8492,82.5192,1.1508,1,calibration,
real_buchwald_hartwig,llambo_warmstart_base_strength_solvent_polarity_domain_conservative,27020,98.8492,82.5192,1.1508,1,calibration,
real_buchwald_hartwig,llambo_warmstart_base_strength_solvent_polarity_domain_noprior,27020,98.8492,82.5192,1.1508,1,calibration,
real_buchwald_hartwig,llambo_warmstart_counter_source_acid_halide_reversal,27020,94.5498,94.5498,5.4502,0,calibration,
real_buchwald_hartwig,llambo_warmstart_counter_source_acid_halide_reversal_conservative,27020,94.5498,94.5498,5.4502,0,calibration,
real_buchwald_hartwig,llambo_warmstart_counter_source_acid_halide_reversal_noprior,27020,94.5498,94.5498,5.4502,0,calibration,
real_buchwald_hartwig,llambo_warmstart_cross_skill_rule_bank,27020,86.1051,86.1051,13.8949,0,calibration,
real_buchwald_hartwig,llambo_warmstart_halide_reactivity_additive_suppression,27020,98.8492,89.7735,1.1508,1,calibration,
real_buchwald_hartwig,llambo_warmstart_halide_reactivity_additive_suppression_conservative,27020,98.8492,89.7735,1.1508,1,calibration,
real_buchwald_hartwig,llambo_warmstart_halide_reactivity_additive_suppression_noprior,27020,98.8492,89.7735,1.1508,1,calibration,
real_buchwald_hartwig,llambo_warmstart_low_semantic_mass_anchor_heavy,27020,93.0289,88.4417,6.9711,0,calibration,
real_buchwald_hartwig,llambo_warmstart_low_semantic_mass_anchor_heavy_conservative,27020,93.0289,88.4417,6.9711,0,calibration,
real_buchwald_hartwig,llambo_warmstart_low_semantic_mass_anchor_heavy_noprior,27020,93.0289,88.4417,6.9711,0,calibration,
real_buchwald_hartwig,llambo_warmstart_mechanistic_heteroaromatic_halide_synergy,27020,85.4018,83.7606,14.5982,0,calibration,
real_buchwald_hartwig,llambo_warmstart_mechanistic_heteroaromatic_halide_synergy_conservative,27020,85.4018,83.7606,14.5982,0,calibration,
real_buchwald_hartwig,llambo_warmstart_mechanistic_heteroaromatic_halide_synergy_noprior,27020,85.4018,83.7606,14.5982,0,calibration,
real_buchwald_hartwig,llambo_warmstart_source_alignment_conservative_ligand_mass,27020,82.4005,79.1501,17.5995,0,calibration,
real_buchwald_hartwig,llambo_warmstart_source_alignment_conservative_ligand_mass_conservative,27020,82.4005,79.1501,17.5995,0,calibration,
real_buchwald_hartwig,llambo_warmstart_source_alignment_conservative_ligand_mass_noprior,27020,82.4005,79.1501,17.5995,0,calibration,
real_buchwald_hartwig,llambo_warmstart_source_schema_only_field_mapping,27020,86.6997,81.0328,13.3003,0,calibration,
real_buchwald_hartwig,llambo_warmstart_source_schema_only_field_mapping_conservative,27020,86.6997,81.0328,13.3003,0,calibration,
real_buchwald_hartwig,llambo_warmstart_source_schema_only_field_mapping_noprior,27020,86.6997,81.0328,13.3003,0,calibration,
real_buchwald_hartwig,llambo_warmstart_steric_tpsa_balanced_optimization,27020,94.1517,92.3675,5.8483,0,calibration,
real_buchwald_hartwig,llambo_warmstart_steric_tpsa_balanced_optimization_conservative,27020,94.1517,92.3675,5.8483,0,calibration,
real_buchwald_hartwig,llambo_warmstart_steric_tpsa_balanced_optimization_noprior,27020,94.1517,92.3675,5.8483,0,calibration,
real_buchwald_hartwig,llm_direct_prior_base_strength_solvent_polarity_domain,27020,85.1447,77.4554,14.8553,0,calibration,
real_buchwald_hartwig,llm_direct_prior_base_strength_solvent_polarity_domain_conservative,27020,82.1374,63.4778,17.8626,0,calibration,
real_buchwald_hartwig,llm_direct_prior_base_strength_solvent_polarity_domain_noprior,27020,85.1447,77.4554,14.8553,0,calibration,
real_buchwald_hartwig,llm_direct_prior_counter_source_acid_halide_reversal,27020,94.6911,88.719,5.3089,0,calibration,
real_buchwald_hartwig,llm_direct_prior_counter_source_acid_halide_reversal_conservative,27020,93.4211,88.465,6.5789,0,calibration,
real_buchwald_hartwig,llm_direct_prior_counter_source_acid_halide_reversal_noprior,27020,94.6911,88.719,5.3089,0,calibration,
real_buchwald_hartwig,llm_direct_prior_cross_skill_rule_bank,27020,88.4449,85.0955,11.5551,0,calibration,
real_buchwald_hartwig,llm_direct_prior_halide_reactivity_additive_suppression,27020,79.0762,78.0447,20.9238,0,calibration,
real_buchwald_hartwig,llm_direct_prior_halide_reactivity_additive_suppression_conservative,27020,86.0034,67.8911,13.9966,0,calibration,
real_buchwald_hartwig,llm_direct_prior_halide_reactivity_additive_suppression_noprior,27020,79.0762,78.0447,20.9238,0,calibration,
real_buchwald_hartwig,llm_direct_prior_low_semantic_mass_anchor_heavy,27020,93.4211,83.7451,6.5789,0,calibration,
real_buchwald_hartwig,llm_direct_prior_low_semantic_mass_anchor_heavy_conservative,27020,93.4211,83.7451,6.5789,0,calibration,
real_buchwald_hartwig,llm_direct_prior_low_semantic_mass_anchor_heavy_noprior,27020,93.4211,83.7451,6.5789,0,calibration,
real_buchwald_hartwig,llm_direct_prior_mechanistic_heteroaromatic_halide_synergy,27020,93.7486,86.4974,6.2514,0,calibration,
real_buchwald_hartwig,llm_direct_prior_mechanistic_heteroaromatic_halide_synergy_conservative,27020,91.0563,82.2687,8.9437,0,calibration,
real_buchwald_hartwig,llm_direct_prior_mechanistic_heteroaromatic_halide_synergy_noprior,27020,93.7486,86.4974,6.2514,0,calibration,
real_buchwald_hartwig,llm_direct_prior_source_alignment_conservative_ligand_mass,27020,94.6911,93.9291,5.3089,0,calibration,
real_buchwald_hartwig,llm_direct_prior_source_alignment_conservative_ligand_mass_conservative,27020,94.6911,93.9291,5.3089,0,calibration,
real_buchwald_hartwig,llm_direct_prior_source_alignment_conservative_ligand_mass_noprior,27020,94.6911,93.9291,5.3089,0,calibration,
real_buchwald_hartwig,llm_direct_prior_source_schema_only_field_mapping,27020,88.4464,84.2299,11.5536,0,calibration,
real_buchwald_hartwig,llm_direct_prior_source_schema_only_field_mapping_conservative,27020,88.4464,84.2299,11.5536,0,calibration,
real_buchwald_hartwig,llm_direct_prior_source_schema_only_field_mapping_noprior,27020,88.4464,84.2299,11.5536,0,calibration,
real_buchwald_hartwig,llm_direct_prior_steric_tpsa_balanced_optimization,27020,54.2238,51.5417,45.7762,0,calibration,
real_buchwald_hartwig,llm_direct_prior_steric_tpsa_balanced_optimization_conservative,27020,53.8392,51.8673,46.1608,0,calibration,
real_buchwald_hartwig,llm_direct_prior_steric_tpsa_balanced_optimization_noprior,27020,54.2238,51.5417,45.7762,0,calibration,
real_buchwald_hartwig,llm_semantic_base_strength_solvent_polarity_domain,27020,89.5988,79.4451,10.4012,0,calibration,
real_buchwald_hartwig,llm_semantic_base_strength_solvent_polarity_domain_conservative,27020,84.5385,81.3359,15.4615,0,calibration,
real_buchwald_hartwig,llm_semantic_base_strength_solvent_polarity_domain_noprior,27020,84.8146,75.0716,15.1854,0,calibration,
real_buchwald_hartwig,llm_semantic_counter_source_acid_halide_reversal,27020,100.0,92.1934,0.0,1,calibration,
real_buchwald_hartwig,llm_semantic_counter_source_acid_halide_reversal_conservative,27020,100.0,91.038,0.0,1,calibration,
real_buchwald_hartwig,llm_semantic_counter_source_acid_halide_reversal_noprior,27020,98.2872,81.6658,1.7128,1,calibration,
real_buchwald_hartwig,llm_semantic_cross_skill_rule_bank,27020,98.2872,81.2047,1.7128,1,calibration,
real_buchwald_hartwig,llm_semantic_halide_reactivity_additive_suppression,27020,85.1332,79.2782,14.8668,0,calibration,
real_buchwald_hartwig,llm_semantic_halide_reactivity_additive_suppression_conservative,27020,86.4129,79.1124,13.5871,0,calibration,
real_buchwald_hartwig,llm_semantic_halide_reactivity_additive_suppression_noprior,27020,85.1332,79.2782,14.8668,0,calibration,
real_buchwald_hartwig,llm_semantic_low_semantic_mass_anchor_heavy,27020,100.0,95.4796,0.0,1,calibration,
real_buchwald_hartwig,llm_semantic_low_semantic_mass_anchor_heavy_conservative,27020,100.0,95.4796,0.0,1,calibration,
real_buchwald_hartwig,llm_semantic_low_semantic_mass_anchor_heavy_noprior,27020,100.0,95.4796,0.0,1,calibration,
real_buchwald_hartwig,llm_semantic_mechanistic_heteroaromatic_halide_synergy,27020,86.7926,83.3868,13.2074,0,calibration,
real_buchwald_hartwig,llm_semantic_mechanistic_heteroaromatic_halide_synergy_conservative,27020,93.1012,84.9768,6.8988,0,calibration,
real_buchwald_hartwig,llm_semantic_mechanistic_heteroaromatic_halide_synergy_noprior,27020,91.6984,83.8774,8.3016,0,calibration,
real_buchwald_hartwig,llm_semantic_source_alignment_conservative_ligand_mass,27020,93.4211,59.8216,6.5789,0,calibration,
real_buchwald_hartwig,llm_semantic_source_alignment_conservative_ligand_mass_conservative,27020,98.2872,79.6699,1.7128,1,calibration,
real_buchwald_hartwig,llm_semantic_source_alignment_conservative_ligand_mass_noprior,27020,98.2872,79.6699,1.7128,1,calibration,
real_buchwald_hartwig,llm_semantic_source_schema_only_field_mapping,27020,84.5385,80.4487,15.4615,0,calibration,
real_buchwald_hartwig,llm_semantic_source_schema_only_field_mapping_conservative,27020,84.5385,80.8923,15.4615,0,calibration,
real_buchwald_hartwig,llm_semantic_source_schema_only_field_mapping_noprior,27020,84.5385,80.8923,15.4615,0,calibration,
real_buchwald_hartwig,llm_semantic_steric_tpsa_balanced_optimization,27020,94.6911,89.0612,5.3089,0,calibration,
real_buchwald_hartwig,llm_semantic_steric_tpsa_balanced_optimization_conservative,27020,93.4211,88.5831,6.5789,0,calibration,
real_buchwald_hartwig,llm_semantic_steric_tpsa_balanced_optimization_noprior,27020,87.2375,84.5075,12.7625,0,calibration,
real_buchwald_hartwig,mixed_kernel_gp_ei,27020,94.6911,80.1129,5.3089,0,calibration,
real_buchwald_hartwig,target_acquisition_portfolio,27020,94.6911,79.9859,5.3089,0,calibration,
real_buchwald_hartwig,gp_ucb,27021,94.1517,72.2209,5.8483,0,calibration,
real_buchwald_hartwig,llambo_warmstart_base_strength_solvent_polarity_domain,27021,100.0,89.2151,0.0,1,calibration,
real_buchwald_hartwig,llambo_warmstart_base_strength_solvent_polarity_domain_conservative,27021,100.0,89.2151,0.0,1,calibration,
real_buchwald_hartwig,llambo_warmstart_base_strength_solvent_polarity_domain_noprior,27021,100.0,89.2151,0.0,1,calibration,
real_buchwald_hartwig,llambo_warmstart_counter_source_acid_halide_reversal,27021,82.3289,82.3289,17.6711,0,calibration,
real_buchwald_hartwig,llambo_warmstart_counter_source_acid_halide_reversal_conservative,27021,82.3289,82.3289,17.6711,0,calibration,
real_buchwald_hartwig,llambo_warmstart_counter_source_acid_halide_reversal_noprior,27021,82.3289,82.3289,17.6711,0,calibration,
real_buchwald_hartwig,llambo_warmstart_cross_skill_rule_bank,27021,91.5286,82.6884,8.4714,0,calibration,
real_buchwald_hartwig,llambo_warmstart_halide_reactivity_additive_suppression,27021,83.4423,83.4423,16.5577,0,calibration,
real_buchwald_hartwig,llambo_warmstart_halide_reactivity_additive_suppression_conservative,27021,83.4423,83.4423,16.5577,0,calibration,
real_buchwald_hartwig,llambo_warmstart_halide_reactivity_additive_suppression_noprior,27021,83.4423,83.4423,16.5577,0,calibration,
real_buchwald_hartwig,llambo_warmstart_low_semantic_mass_anchor_heavy,27021,76.9516,74.3414,23.0484,0,calibration,
real_buchwald_hartwig,llambo_warmstart_low_semantic_mass_anchor_heavy_conservative,27021,76.9516,74.3414,23.0484,0,calibration,
real_buchwald_hartwig,llambo_warmstart_low_semantic_mass_anchor_heavy_noprior,27021,76.9516,74.3414,23.0484,0,calibration,
real_buchwald_hartwig,llambo_warmstart_mechanistic_heteroaromatic_halide_synergy,27021,91.0563,87.3573,8.9437,0,calibration,
real_buchwald_hartwig,llambo_warmstart_mechanistic_heteroaromatic_halide_synergy_conservative,27021,91.0563,87.3573,8.9437,0,calibration,
real_buchwald_hartwig,llambo_warmstart_mechanistic_heteroaromatic_halide_synergy_noprior,27021,91.0563,87.3573,8.9437,0,calibration,
real_buchwald_hartwig,llambo_warmstart_source_alignment_conservative_ligand_mass,27021,95.7526,91.4192,4.2474,0,calibration,
real_buchwald_hartwig,llambo_warmstart_source_alignment_conservative_ligand_mass_conservative,27021,95.7526,91.4192,4.2474,0,calibration,
real_buchwald_hartwig,llambo_warmstart_source_alignment_conservative_ligand_mass_noprior,27021,95.7526,91.4192,4.2474,0,calibration,
real_buchwald_hartwig,llambo_warmstart_source_schema_only_field_mapping,27021,74.0097,65.1345,25.9903,0,calibration,
real_buchwald_hartwig,llambo_warmstart_source_schema_only_field_mapping_conservative,27021,74.0097,65.1345,25.9903,0,calibration,
real_buchwald_hartwig,llambo_warmstart_source_schema_only_field_mapping_noprior,27021,74.0097,65.1345,25.9903,0,calibration,
real_buchwald_hartwig,llambo_warmstart_steric_tpsa_balanced_optimization,27021,89.6142,83.1924,10.3858,0,calibration,
real_buchwald_hartwig,llambo_warmstart_steric_tpsa_balanced_optimization_conservative,27021,89.6142,83.1924,10.3858,0,calibration,
real_buchwald_hartwig,llambo_warmstart_steric_tpsa_balanced_optimization_noprior,27021,89.6142,83.1924,10.3858,0,calibration,
real_buchwald_hartwig,llm_direct_prior_base_strength_solvent_polarity_domain,27021,86.0034,65.4438,13.9966,0,calibration,
real_buchwald_hartwig,llm_direct_prior_base_strength_solvent_polarity_domain_conservative,27021,78.3713,63.651,21.6287,0,calibration,
real_buchwald_hartwig,llm_direct_prior_base_strength_solvent_polarity_domain_noprior,27021,86.0034,65.4438,13.9966,0,calibration,
real_buchwald_hartwig,llm_direct_prior_counter_source_acid_halide_reversal,27021,93.4211,84.6733,6.5789,0,calibration,
real_buchwald_hartwig,llm_direct_prior_counter_source_acid_halide_reversal_conservative,27021,98.7313,72.4572,1.2687,1,calibration,
real_buchwald_hartwig,llm_direct_prior_counter_source_acid_halide_reversal_noprior,27021,93.4211,84.6733,6.5789,0,calibration,
real_buchwald_hartwig,llm_direct_prior_cross_skill_rule_bank,27021,72.7059,65.5636,27.2941,0,calibration,
real_buchwald_hartwig,llm_direct_prior_halide_reactivity_additive_suppression,27021,90.7313,68.7976,9.2687,0,calibration,
real_buchwald_hartwig,llm_direct_prior_halide_reactivity_additive_suppression_conservative,27021,82.3494,67.7408,17.6506,0,calibration,
real_buchwald_hartwig,llm_direct_prior_halide_reactivity_additive_suppression_noprior,27021,90.7313,68.7976,9.2687,0,calibration,
real_buchwald_hartwig,llm_direct_prior_low_semantic_mass_anchor_heavy,27021,60.4922,53.8775,39.5078,0,calibration,
real_buchwald_hartwig,llm_direct_prior_low_semantic_mass_anchor_heavy_conservative,27021,60.4922,53.8775,39.5078,0,calibration,
real_buchwald_hartwig,llm_direct_prior_low_semantic_mass_anchor_heavy_noprior,27021,60.4922,53.8775,39.5078,0,calibration,
real_buchwald_hartwig,llm_direct_prior_mechanistic_heteroaromatic_halide_synergy,27021,89.8977,74.2949,10.1023,0,calibration,
real_buchwald_hartwig,llm_direct_prior_mechanistic_heteroaromatic_halide_synergy_conservative,27021,98.7313,76.0069,1.2687,1,calibration,
real_buchwald_hartwig,llm_direct_prior_mechanistic_heteroaromatic_halide_synergy_noprior,27021,89.8977,74.2949,10.1023,0,calibration,
real_buchwald_hartwig,llm_direct_prior_source_alignment_conservative_ligand_mass,27021,79.3064,71.4196,20.6936,0,calibration,
real_buchwald_hartwig,llm_direct_prior_source_alignment_conservative_ligand_mass_conservative,27021,79.3064,71.4196,20.6936,0,calibration,
real_buchwald_hartwig,llm_direct_prior_source_alignment_conservative_ligand_mass_noprior,27021,79.3064,71.4196,20.6936,0,calibration,
real_buchwald_hartwig,llm_direct_prior_source_schema_only_field_mapping,27021,89.0766,69.2306,10.9234,0,calibration,
real_buchwald_hartwig,llm_direct_prior_source_schema_only_field_mapping_conservative,27021,89.0766,69.2306,10.9234,0,calibration,
real_buchwald_hartwig,llm_direct_prior_source_schema_only_field_mapping_noprior,27021,89.0766,69.2306,10.9234,0,calibration,
real_buchwald_hartwig,llm_direct_prior_steric_tpsa_balanced_optimization,27021,66.2654,66.0288,33.7346,0,calibration,
real_buchwald_hartwig,llm_direct_prior_steric_tpsa_balanced_optimization_conservative,27021,69.0794,66.6673,30.9206,0,calibration,
real_buchwald_hartwig,llm_direct_prior_steric_tpsa_balanced_optimization_noprior,27021,66.2654,66.0288,33.7346,0,calibration,
real_buchwald_hartwig,llm_semantic_base_strength_solvent_polarity_domain,27021,83.0165,74.4529,16.9835,0,calibration,
real_buchwald_hartwig,llm_semantic_base_strength_solvent_polarity_domain_conservative,27021,79.6425,64.8608,20.3575,0,calibration,
real_buchwald_hartwig,llm_semantic_base_strength_solvent_polarity_domain_noprior,27021,80.6006,65.6162,19.3994,0,calibration,
real_buchwald_hartwig,llm_semantic_counter_source_acid_halide_reversal,27021,100.0,86.2588,0.0,1,calibration,
real_buchwald_hartwig,llm_semantic_counter_source_acid_halide_reversal_conservative,27021,100.0,83.5424,0.0,1,calibration,
real_buchwald_hartwig,llm_semantic_counter_source_acid_halide_reversal_noprior,27021,77.8299,69.791,22.1701,0,calibration,
real_buchwald_hartwig,llm_semantic_cross_skill_rule_bank,27021,88.4464,74.7936,11.5536,0,calibration,
real_buchwald_hartwig,llm_semantic_halide_reactivity_additive_suppression,27021,70.6783,54.8648,29.3217,0,calibration,
real_buchwald_hartwig,llm_semantic_halide_reactivity_additive_suppression_conservative,27021,94.5498,64.8218,5.4502,0,calibration,
real_buchwald_hartwig,llm_semantic_halide_reactivity_additive_suppression_noprior,27021,83.7372,59.7486,16.2628,0,calibration,
real_buchwald_hartwig,llm_semantic_low_semantic_mass_anchor_heavy,27021,77.8299,72.4102,22.1701,0,calibration,
real_buchwald_hartwig,llm_semantic_low_semantic_mass_anchor_heavy_conservative,27021,77.8299,72.4102,22.1701,0,calibration,
real_buchwald_hartwig,llm_semantic_low_semantic_mass_anchor_heavy_noprior,27021,77.8299,72.4102,22.1701,0,calibration,
real_buchwald_hartwig,llm_semantic_mechanistic_heteroaromatic_halide_synergy,27021,85.2207,81.6454,14.7793,0,calibration,
real_buchwald_hartwig,llm_semantic_mechanistic_heteroaromatic_halide_synergy_conservative,27021,98.2872,84.7944,1.7128,1,calibration,
real_buchwald_hartwig,llm_semantic_mechanistic_heteroaromatic_halide_synergy_noprior,27021,93.0289,80.4996,6.9711,0,calibration,
real_buchwald_hartwig,llm_semantic_source_alignment_conservative_ligand_mass,27021,75.0606,67.6497,24.9394,0,calibration,
real_buchwald_hartwig,llm_semantic_source_alignment_conservative_ligand_mass_conservative,27021,94.1517,78.7606,5.8483,0,calibration,
real_buchwald_hartwig,llm_semantic_source_alignment_conservative_ligand_mass_noprior,27021,94.1517,78.7606,5.8483,0,calibration,
real_buchwald_hartwig,llm_semantic_source_schema_only_field_mapping,27021,49.4677,49.4677,50.5323,0,calibration,
real_buchwald_hartwig,llm_semantic_source_schema_only_field_mapping_conservative,27021,81.9976,64.7906,18.0024,0,calibration,
real_buchwald_hartwig,llm_semantic_source_schema_only_field_mapping_noprior,27021,49.4677,49.4677,50.5323,0,calibration,
real_buchwald_hartwig,llm_semantic_steric_tpsa_balanced_optimization,27021,84.602,76.0152,15.398,0,calibration,
real_buchwald_hartwig,llm_semantic_steric_tpsa_balanced_optimization_conservative,27021,94.6911,69.1101,5.3089,0,calibration,
real_buchwald_hartwig,llm_semantic_steric_tpsa_balanced_optimization_noprior,27021,98.2872,84.415,1.7128,1,calibration,
real_buchwald_hartwig,mixed_kernel_gp_ei,27021,94.1517,72.2209,5.8483,0,calibration,
real_buchwald_hartwig,target_acquisition_portfolio,27021,94.1517,72.2209,5.8483,0,calibration,
real_buchwald_hartwig,gp_ucb,27022,83.8384,73.8083,16.1616,0,calibration,
real_buchwald_hartwig,llambo_warmstart_base_strength_solvent_polarity_domain,27022,92.9567,66.224,7.0433,0,calibration,
real_buchwald_hartwig,llambo_warmstart_base_strength_solvent_polarity_domain_conservative,27022,92.9567,66.224,7.0433,0,calibration,
real_buchwald_hartwig,llambo_warmstart_base_strength_solvent_polarity_domain_noprior,27022,92.9567,66.224,7.0433,0,calibration,
real_buchwald_hartwig,llambo_warmstart_counter_source_acid_halide_reversal,27022,93.7486,93.7486,6.2514,0,calibration,
real_buchwald_hartwig,llambo_warmstart_counter_source_acid_halide_reversal_conservative,27022,93.7486,93.7486,6.2514,0,calibration,
real_buchwald_hartwig,llambo_warmstart_counter_source_acid_halide_reversal_noprior,27022,93.7486,93.7486,6.2514,0,calibration,
real_buchwald_hartwig,llambo_warmstart_cross_skill_rule_bank,27022,86.8997,84.049,13.1003,0,calibration,
real_buchwald_hartwig,llambo_warmstart_halide_reactivity_additive_suppression,27022,98.8492,86.5823,1.1508,1,calibration,
real_buchwald_hartwig,llambo_warmstart_halide_reactivity_additive_suppression_conservative,27022,98.8492,86.5823,1.1508,1,calibration,
real_buchwald_hartwig,llambo_warmstart_halide_reactivity_additive_suppression_noprior,27022,98.8492,86.5823,1.1508,1,calibration,
real_buchwald_hartwig,llambo_warmstart_low_semantic_mass_anchor_heavy,27022,93.7486,93.7486,6.2514,0,calibration,
real_buchwald_hartwig,llambo_warmstart_low_semantic_mass_anchor_heavy_conservative,27022,93.7486,93.7486,6.2514,0,calibration,
real_buchwald_hartwig,llambo_warmstart_low_semantic_mass_anchor_heavy_noprior,27022,93.7486,93.7486,6.2514,0,calibration,
real_buchwald_hartwig,llambo_warmstart_mechanistic_heteroaromatic_halide_synergy,27022,93.7486,93.7486,6.2514,0,calibration,
real_buchwald_hartwig,llambo_warmstart_mechanistic_heteroaromatic_halide_synergy_conservative,27022,93.7486,93.7486,6.2514,0,calibration,
real_buchwald_hartwig,llambo_warmstart_mechanistic_heteroaromatic_halide_synergy_noprior,27022,93.7486,93.7486,6.2514,0,calibration,
real_buchwald_hartwig,llambo_warmstart_source_alignment_conservative_ligand_mass,27022,100.0,91.5501,0.0,1,calibration,
real_buchwald_hartwig,llambo_warmstart_source_alignment_conservative_ligand_mass_conservative,27022,100.0,91.5501,0.0,1,calibration,
real_buchwald_hartwig,llambo_warmstart_source_alignment_conservative_ligand_mass_noprior,27022,100.0,91.5501,0.0,1,calibration,
real_buchwald_hartwig,llambo_warmstart_source_schema_only_field_mapping,27022,91.0563,84.9185,8.9437,0,calibration,
real_buchwald_hartwig,llambo_warmstart_source_schema_only_field_mapping_conservative,27022,91.0563,84.9185,8.9437,0,calibration,
real_buchwald_hartwig,llambo_warmstart_source_schema_only_field_mapping_noprior,27022,91.0563,84.9185,8.9437,0,calibration,
real_buchwald_hartwig,llambo_warmstart_steric_tpsa_balanced_optimization,27022,100.0,64.2374,0.0,1,calibration,
real_buchwald_hartwig,llambo_warmstart_steric_tpsa_balanced_optimization_conservative,27022,100.0,64.2374,0.0,1,calibration,
real_buchwald_hartwig,llambo_warmstart_steric_tpsa_balanced_optimization_noprior,27022,100.0,64.2374,0.0,1,calibration,
real_buchwald_hartwig,llm_direct_prior_base_strength_solvent_polarity_domain,27022,90.7313,84.4807,9.2687,0,calibration,
real_buchwald_hartwig,llm_direct_prior_base_strength_solvent_polarity_domain_conservative,27022,83.0885,78.8808,16.9115,0,calibration,
real_buchwald_hartwig,llm_direct_prior_base_strength_solvent_polarity_domain_noprior,27022,90.7313,84.4807,9.2687,0,calibration,
real_buchwald_hartwig,llm_direct_prior_counter_source_acid_halide_reversal,27022,94.6911,82.6208,5.3089,0,calibration,
real_buchwald_hartwig,llm_direct_prior_counter_source_acid_halide_reversal_conservative,27022,93.4211,81.6119,6.5789,0,calibration,
real_buchwald_hartwig,llm_direct_prior_counter_source_acid_halide_reversal_noprior,27022,94.6911,82.6208,5.3089,0,calibration,
real_buchwald_hartwig,llm_direct_prior_cross_skill_rule_bank,27022,64.6849,61.9993,35.3151,0,calibration,
real_buchwald_hartwig,llm_direct_prior_halide_reactivity_additive_suppression,27022,90.7313,79.7088,9.2687,0,calibration,
real_buchwald_hartwig,llm_direct_prior_halide_reactivity_additive_suppression_conservative,27022,90.7313,83.4241,9.2687,0,calibration,
real_buchwald_hartwig,llm_direct_prior_halide_reactivity_additive_suppression_noprior,27022,90.7313,79.7088,9.2687,0,calibration,
real_buchwald_hartwig,llm_direct_prior_low_semantic_mass_anchor_heavy,27022,92.3912,82.4247,7.6088,0,calibration,
real_buchwald_hartwig,llm_direct_prior_low_semantic_mass_anchor_heavy_conservative,27022,92.3912,82.4247,7.6088,0,calibration,
real_buchwald_hartwig,llm_direct_prior_low_semantic_mass_anchor_heavy_noprior,27022,92.3912,82.4247,7.6088,0,calibration,
real_buchwald_hartwig,llm_direct_prior_mechanistic_heteroaromatic_halide_synergy,27022,89.9742,81.5039,10.0258,0,calibration,
real_buchwald_hartwig,llm_direct_prior_mechanistic_heteroaromatic_halide_synergy_conservative,27022,86.7862,78.2576,13.2138,0,calibration,
real_buchwald_hartwig,llm_direct_prior_mechanistic_heteroaromatic_halide_synergy_noprior,27022,89.9742,81.5039,10.0258,0,calibration,
real_buchwald_hartwig,llm_direct_prior_source_alignment_conservative_ligand_mass,27022,84.4042,74.7961,15.5958,0,calibration,
real_buchwald_hartwig,llm_direct_prior_source_alignment_conservative_ligand_mass_conservative,27022,84.4042,74.7961,15.5958,0,calibration,
real_buchwald_hartwig,llm_direct_prior_source_alignment_conservative_ligand_mass_noprior,27022,84.4042,74.7961,15.5958,0,calibration,
real_buchwald_hartwig,llm_direct_prior_source_schema_only_field_mapping,27022,78.3625,66.9067,21.6375,0,calibration,
real_buchwald_hartwig,llm_direct_prior_source_schema_only_field_mapping_conservative,27022,78.2963,64.1109,21.7037,0,calibration,
real_buchwald_hartwig,llm_direct_prior_source_schema_only_field_mapping_noprior,27022,78.3625,66.9067,21.6375,0,calibration,
real_buchwald_hartwig,llm_direct_prior_steric_tpsa_balanced_optimization,27022,50.4048,50.4048,49.5952,0,calibration,
real_buchwald_hartwig,llm_direct_prior_steric_tpsa_balanced_optimization_conservative,27022,50.4048,50.4048,49.5952,0,calibration,
real_buchwald_hartwig,llm_direct_prior_steric_tpsa_balanced_optimization_noprior,27022,50.4048,50.4048,49.5952,0,calibration,
real_buchwald_hartwig,llm_semantic_base_strength_solvent_polarity_domain,27022,86.7926,74.8257,13.2074,0,calibration,
real_buchwald_hartwig,llm_semantic_base_strength_solvent_polarity_domain_conservative,27022,64.6404,61.7933,35.3596,0,calibration,
real_buchwald_hartwig,llm_semantic_base_strength_solvent_polarity_domain_noprior,27022,79.3465,65.7929,20.6535,0,calibration,
real_buchwald_hartwig,llm_semantic_counter_source_acid_halide_reversal,27022,83.9556,77.9041,16.0444,0,calibration,
real_buchwald_hartwig,llm_semantic_counter_source_acid_halide_reversal_conservative,27022,64.6404,64.6404,35.3596,0,calibration,
real_buchwald_hartwig,llm_semantic_counter_source_acid_halide_reversal_noprior,27022,87.2375,78.1987,12.7625,0,calibration,
real_buchwald_hartwig,llm_semantic_cross_skill_rule_bank,27022,79.3465,69.0065,20.6535,0,calibration,
real_buchwald_hartwig,llm_semantic_halide_reactivity_additive_suppression,27022,85.2207,68.3566,14.7793,0,calibration,
real_buchwald_hartwig,llm_semantic_halide_reactivity_additive_suppression_conservative,27022,75.2856,67.9154,24.7144,0,calibration,
real_buchwald_hartwig,llm_semantic_halide_reactivity_additive_suppression_noprior,27022,86.7621,70.9905,13.2379,0,calibration,
real_buchwald_hartwig,llm_semantic_low_semantic_mass_anchor_heavy,27022,86.7926,75.8483,13.2074,0,calibration,
real_buchwald_hartwig,llm_semantic_low_semantic_mass_anchor_heavy_conservative,27022,78.2963,72.8635,21.7037,0,calibration,
real_buchwald_hartwig,llm_semantic_low_semantic_mass_anchor_heavy_noprior,27022,78.2963,72.8635,21.7037,0,calibration,
real_buchwald_hartwig,llm_semantic_mechanistic_heteroaromatic_halide_synergy,27022,66.4828,66.4828,33.5172,0,calibration,
real_buchwald_hartwig,llm_semantic_mechanistic_heteroaromatic_halide_synergy_conservative,27022,66.4828,66.3852,33.5172,0,calibration,
real_buchwald_hartwig,llm_semantic_mechanistic_heteroaromatic_halide_synergy_noprior,27022,66.4828,66.4828,33.5172,0,calibration,
real_buchwald_hartwig,llm_semantic_source_alignment_conservative_ligand_mass,27022,67.3102,65.3248,32.6898,0,calibration,
real_buchwald_hartwig,llm_semantic_source_alignment_conservative_ligand_mass_conservative,27022,64.6404,63.0349,35.3596,0,calibration,
real_buchwald_hartwig,llm_semantic_source_alignment_conservative_ligand_mass_noprior,27022,64.6404,63.0349,35.3596,0,calibration,
real_buchwald_hartwig,llm_semantic_source_schema_only_field_mapping,27022,68.6732,66.7434,31.3268,0,calibration,
real_buchwald_hartwig,llm_semantic_source_schema_only_field_mapping_conservative,27022,86.7926,80.8475,13.2074,0,calibration,
real_buchwald_hartwig,llm_semantic_source_schema_only_field_mapping_noprior,27022,86.7926,80.8475,13.2074,0,calibration,
real_buchwald_hartwig,llm_semantic_steric_tpsa_balanced_optimization,27022,83.3133,70.5896,16.6867,0,calibration,
real_buchwald_hartwig,llm_semantic_steric_tpsa_balanced_optimization_conservative,27022,93.5878,79.473,6.4122,0,calibration,
real_buchwald_hartwig,llm_semantic_steric_tpsa_balanced_optimization_noprior,27022,87.2375,73.6841,12.7625,0,calibration,
real_buchwald_hartwig,mixed_kernel_gp_ei,27022,83.8384,73.8083,16.1616,0,calibration,
real_buchwald_hartwig,target_acquisition_portfolio,27022,83.8384,73.8083,16.1616,0,calibration,
real_buchwald_hartwig,gp_ucb,27023,94.5498,82.5653,5.4502,0,calibration,
real_buchwald_hartwig,llambo_warmstart_base_strength_solvent_polarity_domain,27023,91.9334,88.5006,8.0666,0,calibration,
real_buchwald_hartwig,llambo_warmstart_base_strength_solvent_polarity_domain_conservative,27023,91.9334,88.5006,8.0666,0,calibration,
real_buchwald_hartwig,llambo_warmstart_base_strength_solvent_polarity_domain_noprior,27023,91.9334,88.5006,8.0666,0,calibration,
real_buchwald_hartwig,llambo_warmstart_counter_source_acid_halide_reversal,27023,89.6142,75.3978,10.3858,0,calibration,
real_buchwald_hartwig,llambo_warmstart_counter_source_acid_halide_reversal_conservative,27023,89.6142,75.3978,10.3858,0,calibration,
real_buchwald_hartwig,llambo_warmstart_counter_source_acid_halide_reversal_noprior,27023,89.6142,75.3978,10.3858,0,calibration,
real_buchwald_hartwig,llambo_warmstart_cross_skill_rule_bank,27023,98.7313,85.5454,1.2687,1,calibration,
real_buchwald_hartwig,llambo_warmstart_halide_reactivity_additive_suppression,27023,85.8947,83.1988,14.1053,0,calibration,
real_buchwald_hartwig,llambo_warmstart_halide_reactivity_additive_suppression_conservative,27023,85.8947,83.1988,14.1053,0,calibration,
real_buchwald_hartwig,llambo_warmstart_halide_reactivity_additive_suppression_noprior,27023,85.8947,83.1988,14.1053,0,calibration,
real_buchwald_hartwig,llambo_warmstart_low_semantic_mass_anchor_heavy,27023,88.5139,75.7781,11.4861,0,calibration,
real_buchwald_hartwig,llambo_warmstart_low_semantic_mass_anchor_heavy_conservative,27023,88.5139,75.7781,11.4861,0,calibration,
real_buchwald_hartwig,llambo_warmstart_low_semantic_mass_anchor_heavy_noprior,27023,88.5139,75.7781,11.4861,0,calibration,
real_buchwald_hartwig,llambo_warmstart_mechanistic_heteroaromatic_halide_synergy,27023,93.3108,92.2966,6.6892,0,calibration,
real_buchwald_hartwig,llambo_warmstart_mechanistic_heteroaromatic_halide_synergy_conservative,27023,93.3108,92.2966,6.6892,0,calibration,
real_buchwald_hartwig,llambo_warmstart_mechanistic_heteroaromatic_halide_synergy_noprior,27023,93.3108,92.2966,6.6892,0,calibration,
real_buchwald_hartwig,llambo_warmstart_source_alignment_conservative_ligand_mass,27023,98.8492,91.9809,1.1508,1,calibration,
real_buchwald_hartwig,llambo_warmstart_source_alignment_conservative_ligand_mass_conservative,27023,98.8492,91.9809,1.1508,1,calibration,
real_buchwald_hartwig,llambo_warmstart_source_alignment_conservative_ligand_mass_noprior,27023,98.8492,91.9809,1.1508,1,calibration,
real_buchwald_hartwig,llambo_warmstart_source_schema_only_field_mapping,27023,100.0,82.5156,0.0,1,calibration,
real_buchwald_hartwig,llambo_warmstart_source_schema_only_field_mapping_conservative,27023,100.0,82.5156,0.0,1,calibration,
real_buchwald_hartwig,llambo_warmstart_source_schema_only_field_mapping_noprior,27023,100.0,82.5156,0.0,1,calibration,
real_buchwald_hartwig,llambo_warmstart_steric_tpsa_balanced_optimization,27023,95.6759,89.6456,4.3241,0,calibration,
real_buchwald_hartwig,llambo_warmstart_steric_tpsa_balanced_optimization_conservative,27023,95.6759,89.6456,4.3241,0,calibration,
real_buchwald_hartwig,llambo_warmstart_steric_tpsa_balanced_optimization_noprior,27023,95.6759,89.6456,4.3241,0,calibration,
real_buchwald_hartwig,llm_direct_prior_base_strength_solvent_polarity_domain,27023,90.7313,80.9017,9.2687,0,calibration,
real_buchwald_hartwig,llm_direct_prior_base_strength_solvent_polarity_domain_conservative,27023,90.7313,78.1139,9.2687,0,calibration,
real_buchwald_hartwig,llm_direct_prior_base_strength_solvent_polarity_domain_noprior,27023,90.7313,80.9017,9.2687,0,calibration,
real_buchwald_hartwig,llm_direct_prior_counter_source_acid_halide_reversal,27023,94.6911,94.6911,5.3089,0,calibration,
real_buchwald_hartwig,llm_direct_prior_counter_source_acid_halide_reversal_conservative,27023,94.6911,94.6911,5.3089,0,calibration,
real_buchwald_hartwig,llm_direct_prior_counter_source_acid_halide_reversal_noprior,27023,94.6911,94.6911,5.3089,0,calibration,
real_buchwald_hartwig,llm_direct_prior_cross_skill_rule_bank,27023,90.7313,86.759,9.2687,0,calibration,
real_buchwald_hartwig,llm_direct_prior_halide_reactivity_additive_suppression,27023,90.7313,66.4177,9.2687,0,calibration,
real_buchwald_hartwig,llm_direct_prior_halide_reactivity_additive_suppression_conservative,27023,86.0034,68.565,13.9966,0,calibration,
real_buchwald_hartwig,llm_direct_prior_halide_reactivity_additive_suppression_noprior,27023,90.7313,66.4177,9.2687,0,calibration,
real_buchwald_hartwig,llm_direct_prior_low_semantic_mass_anchor_heavy,27023,92.127,73.5318,7.873,0,calibration,
real_buchwald_hartwig,llm_direct_prior_low_semantic_mass_anchor_heavy_conservative,27023,92.127,73.5318,7.873,0,calibration,
real_buchwald_hartwig,llm_direct_prior_low_semantic_mass_anchor_heavy_noprior,27023,92.127,73.5318,7.873,0,calibration,
real_buchwald_hartwig,llm_direct_prior_mechanistic_heteroaromatic_halide_synergy,27023,85.6592,82.7259,14.3408,0,calibration,
real_buchwald_hartwig,llm_direct_prior_mechanistic_heteroaromatic_halide_synergy_conservative,27023,95.129,89.9052,4.871,0,calibration,
real_buchwald_hartwig,llm_direct_prior_mechanistic_heteroaromatic_halide_synergy_noprior,27023,85.6592,82.7259,14.3408,0,calibration,
real_buchwald_hartwig,llm_direct_prior_source_alignment_conservative_ligand_mass,27023,94.6911,86.2875,5.3089,0,calibration,
real_buchwald_hartwig,llm_direct_prior_source_alignment_conservative_ligand_mass_conservative,27023,94.6911,86.2875,5.3089,0,calibration,
real_buchwald_hartwig,llm_direct_prior_source_alignment_conservative_ligand_mass_noprior,27023,94.6911,86.2875,5.3089,0,calibration,
real_buchwald_hartwig,llm_direct_prior_source_schema_only_field_mapping,27023,74.0474,67.6351,25.9526,0,calibration,
real_buchwald_hartwig,llm_direct_prior_source_schema_only_field_mapping_conservative,27023,74.0474,67.6351,25.9526,0,calibration,
real_buchwald_hartwig,llm_direct_prior_source_schema_only_field_mapping_noprior,27023,74.0474,67.6351,25.9526,0,calibration,
real_buchwald_hartwig,llm_direct_prior_steric_tpsa_balanced_optimization,27023,53.5999,52.8584,46.4001,0,calibration,
real_buchwald_hartwig,llm_direct_prior_steric_tpsa_balanced_optimization_conservative,27023,53.5999,53.0438,46.4001,0,calibration,
real_buchwald_hartwig,llm_direct_prior_steric_tpsa_balanced_optimization_noprior,27023,53.5999,52.8584,46.4001,0,calibration,
real_buchwald_hartwig,llm_semantic_base_strength_solvent_polarity_domain,27023,88.4043,85.203,11.5957,0,calibration,
real_buchwald_hartwig,llm_semantic_base_strength_solvent_polarity_domain_conservative,27023,94.5498,86.1744,5.4502,0,calibration,
real_buchwald_hartwig,llm_semantic_base_strength_solvent_polarity_domain_noprior,27023,93.0289,86.4551,6.9711,0,calibration,
real_buchwald_hartwig,llm_semantic_counter_source_acid_halide_reversal,27023,93.0289,76.5778,6.9711,0,calibration,
real_buchwald_hartwig,llm_semantic_counter_source_acid_halide_reversal_conservative,27023,92.659,72.666,7.341,0,calibration,
real_buchwald_hartwig,llm_semantic_counter_source_acid_halide_reversal_noprior,27023,93.0289,78.6425,6.9711,0,calibration,
real_buchwald_hartwig,llm_semantic_cross_skill_rule_bank,27023,98.2872,79.4384,1.7128,1,calibration,
real_buchwald_hartwig,llm_semantic_halide_reactivity_additive_suppression,27023,76.7399,55.0797,23.2601,0,calibration,
real_buchwald_hartwig,llm_semantic_halide_reactivity_additive_suppression_conservative,27023,98.2872,73.2288,1.7128,1,calibration,
real_buchwald_hartwig,llm_semantic_halide_reactivity_additive_suppression_noprior,27023,85.2207,68.9468,14.7793,0,calibration,
real_buchwald_hartwig,llm_semantic_low_semantic_mass_anchor_heavy,27023,83.3133,70.6427,16.6867,0,calibration,
real_buchwald_hartwig,llm_semantic_low_semantic_mass_anchor_heavy_conservative,27023,83.3133,70.6427,16.6867,0,calibration,
real_buchwald_hartwig,llm_semantic_low_semantic_mass_anchor_heavy_noprior,27023,83.3133,70.6427,16.6867,0,calibration,
real_buchwald_hartwig,llm_semantic_mechanistic_heteroaromatic_halide_synergy,27023,93.0289,83.2325,6.9711,0,calibration,
real_buchwald_hartwig,llm_semantic_mechanistic_heteroaromatic_halide_synergy_conservative,27023,92.659,84.6618,7.341,0,calibration,
real_buchwald_hartwig,llm_semantic_mechanistic_heteroaromatic_halide_synergy_noprior,27023,94.3462,84.622,5.6538,0,calibration,
real_buchwald_hartwig,llm_semantic_source_alignment_conservative_ligand_mass,27023,98.2872,66.9864,1.7128,1,calibration,
real_buchwald_hartwig,llm_semantic_source_alignment_conservative_ligand_mass_conservative,27023,98.2872,66.9864,1.7128,1,calibration,
real_buchwald_hartwig,llm_semantic_source_alignment_conservative_ligand_mass_noprior,27023,98.2872,66.9864,1.7128,1,calibration,
real_buchwald_hartwig,llm_semantic_source_schema_only_field_mapping,27023,85.2207,75.4564,14.7793,0,calibration,
real_buchwald_hartwig,llm_semantic_source_schema_only_field_mapping_conservative,27023,85.2207,78.7112,14.7793,0,calibration,
real_buchwald_hartwig,llm_semantic_source_schema_only_field_mapping_noprior,27023,85.2207,78.7112,14.7793,0,calibration,
real_buchwald_hartwig,llm_semantic_steric_tpsa_balanced_optimization,27023,93.0995,76.8936,6.9005,0,calibration,
real_buchwald_hartwig,llm_semantic_steric_tpsa_balanced_optimization_conservative,27023,93.0289,75.1046,6.9711,0,calibration,
real_buchwald_hartwig,llm_semantic_steric_tpsa_balanced_optimization_noprior,27023,98.2872,72.0665,1.7128,1,calibration,
real_buchwald_hartwig,mixed_kernel_gp_ei,27023,94.5498,81.9721,5.4502,0,calibration,
real_buchwald_hartwig,target_acquisition_portfolio,27023,98.2872,78.6363,1.7128,1,calibration,
real_buchwald_hartwig,gp_ucb,27024,98.1771,95.7419,1.8229,1,calibration,
real_buchwald_hartwig,llambo_warmstart_base_strength_solvent_polarity_domain,27024,93.4211,84.0542,6.5789,0,calibration,
real_buchwald_hartwig,llambo_warmstart_base_strength_solvent_polarity_domain_conservative,27024,93.4211,84.0542,6.5789,0,calibration,
real_buchwald_hartwig,llambo_warmstart_base_strength_solvent_polarity_domain_noprior,27024,93.4211,84.0542,6.5789,0,calibration,
real_buchwald_hartwig,llambo_warmstart_counter_source_acid_halide_reversal,27024,100.0,99.6572,0.0,1,calibration,
real_buchwald_hartwig,llambo_warmstart_counter_source_acid_halide_reversal_conservative,27024,100.0,99.6572,0.0,1,calibration,
real_buchwald_hartwig,llambo_warmstart_counter_source_acid_halide_reversal_noprior,27024,100.0,99.6572,0.0,1,calibration,
real_buchwald_hartwig,llambo_warmstart_cross_skill_rule_bank,27024,93.3108,88.1745,6.6892,0,calibration,
real_buchwald_hartwig,llambo_warmstart_halide_reactivity_additive_suppression,27024,100.0,87.9932,0.0,1,calibration,
real_buchwald_hartwig,llambo_warmstart_halide_reactivity_additive_suppression_conservative,27024,100.0,87.9932,0.0,1,calibration,
real_buchwald_hartwig,llambo_warmstart_halide_reactivity_additive_suppression_noprior,27024,100.0,87.9932,0.0,1,calibration,
real_buchwald_hartwig,llambo_warmstart_low_semantic_mass_anchor_heavy,27024,84.93,83.8769,15.07,0,calibration,
real_buchwald_hartwig,llambo_warmstart_low_semantic_mass_anchor_heavy_conservative,27024,84.93,83.8769,15.07,0,calibration,
real_buchwald_hartwig,llambo_warmstart_low_semantic_mass_anchor_heavy_noprior,27024,84.93,83.8769,15.07,0,calibration,
real_buchwald_hartwig,llambo_warmstart_mechanistic_heteroaromatic_halide_synergy,27024,93.3108,91.3561,6.6892,0,calibration,
real_buchwald_hartwig,llambo_warmstart_mechanistic_heteroaromatic_halide_synergy_conservative,27024,93.3108,91.3561,6.6892,0,calibration,
real_buchwald_hartwig,llambo_warmstart_mechanistic_heteroaromatic_halide_synergy_noprior,27024,93.3108,91.3561,6.6892,0,calibration,
real_buchwald_hartwig,llambo_warmstart_source_alignment_conservative_ligand_mass,27024,89.6142,79.7405,10.3858,0,calibration,
real_buchwald_hartwig,llambo_warmstart_source_alignment_conservative_ligand_mass_conservative,27024,89.6142,79.7405,10.3858,0,calibration,
real_buchwald_hartwig,llambo_warmstart_source_alignment_conservative_ligand_mass_noprior,27024,89.6142,79.7405,10.3858,0,calibration,
real_buchwald_hartwig,llambo_warmstart_source_schema_only_field_mapping,27024,78.0249,74.7759,21.9751,0,calibration,
real_buchwald_hartwig,llambo_warmstart_source_schema_only_field_mapping_conservative,27024,78.0249,74.7759,21.9751,0,calibration,
real_buchwald_hartwig,llambo_warmstart_source_schema_only_field_mapping_noprior,27024,78.0249,74.7759,21.9751,0,calibration,
real_buchwald_hartwig,llambo_warmstart_steric_tpsa_balanced_optimization,27024,88.8276,56.2754,11.1724,0,calibration,
real_buchwald_hartwig,llambo_warmstart_steric_tpsa_balanced_optimization_conservative,27024,88.8276,56.2754,11.1724,0,calibration,
real_buchwald_hartwig,llambo_warmstart_steric_tpsa_balanced_optimization_noprior,27024,88.8276,56.2754,11.1724,0,calibration,
real_buchwald_hartwig,llm_direct_prior_base_strength_solvent_polarity_domain,27024,94.1517,94.1517,5.8483,0,calibration,
real_buchwald_hartwig,llm_direct_prior_base_strength_solvent_polarity_domain_conservative,27024,94.1517,94.1517,5.8483,0,calibration,
real_buchwald_hartwig,llm_direct_prior_base_strength_solvent_polarity_domain_noprior,27024,94.1517,94.1517,5.8483,0,calibration,
real_buchwald_hartwig,llm_direct_prior_counter_source_acid_halide_reversal,27024,100.0,98.1009,0.0,1,calibration,
real_buchwald_hartwig,llm_direct_prior_counter_source_acid_halide_reversal_conservative,27024,100.0,98.1009,0.0,1,calibration,
real_buchwald_hartwig,llm_direct_prior_counter_source_acid_halide_reversal_noprior,27024,100.0,98.1009,0.0,1,calibration,
real_buchwald_hartwig,llm_direct_prior_cross_skill_rule_bank,27024,94.1517,94.1517,5.8483,0,calibration,
real_buchwald_hartwig,llm_direct_prior_halide_reactivity_additive_suppression,27024,94.1517,94.1517,5.8483,0,calibration,
real_buchwald_hartwig,llm_direct_prior_halide_reactivity_additive_suppression_conservative,27024,94.2969,94.2098,5.7031,0,calibration,
real_buchwald_hartwig,llm_direct_prior_halide_reactivity_additive_suppression_noprior,27024,94.1517,94.1517,5.8483,0,calibration,
real_buchwald_hartwig,llm_direct_prior_low_semantic_mass_anchor_heavy,27024,100.0,96.1264,0.0,1,calibration,
real_buchwald_hartwig,llm_direct_prior_low_semantic_mass_anchor_heavy_conservative,27024,100.0,96.1264,0.0,1,calibration,
real_buchwald_hartwig,llm_direct_prior_low_semantic_mass_anchor_heavy_noprior,27024,100.0,96.1264,0.0,1,calibration,
real_buchwald_hartwig,llm_direct_prior_mechanistic_heteroaromatic_halide_synergy,27024,94.1517,94.1517,5.8483,0,calibration,
real_buchwald_hartwig,llm_direct_prior_mechanistic_heteroaromatic_halide_synergy_conservative,27024,94.1517,94.1517,5.8483,0,calibration,
real_buchwald_hartwig,llm_direct_prior_mechanistic_heteroaromatic_halide_synergy_noprior,27024,94.1517,94.1517,5.8483,0,calibration,
real_buchwald_hartwig,llm_direct_prior_source_alignment_conservative_ligand_mass,27024,100.0,96.0047,0.0,1,calibration,
real_buchwald_hartwig,llm_direct_prior_source_alignment_conservative_ligand_mass_conservative,27024,100.0,96.0047,0.0,1,calibration,
real_buchwald_hartwig,llm_direct_prior_source_alignment_conservative_ligand_mass_noprior,27024,100.0,96.0047,0.0,1,calibration,
real_buchwald_hartwig,llm_direct_prior_source_schema_only_field_mapping,27024,94.1517,94.1517,5.8483,0,calibration,
real_buchwald_hartwig,llm_direct_prior_source_schema_only_field_mapping_conservative,27024,94.1517,94.1517,5.8483,0,calibration,
real_buchwald_hartwig,llm_direct_prior_source_schema_only_field_mapping_noprior,27024,94.1517,94.1517,5.8483,0,calibration,
real_buchwald_hartwig,llm_direct_prior_steric_tpsa_balanced_optimization,27024,94.1517,94.1517,5.8483,0,calibration,
real_buchwald_hartwig,llm_direct_prior_steric_tpsa_balanced_optimization_conservative,27024,94.1517,94.1517,5.8483,0,calibration,
real_buchwald_hartwig,llm_direct_prior_steric_tpsa_balanced_optimization_noprior,27024,94.1517,94.1517,5.8483,0,calibration,
real_buchwald_hartwig,llm_semantic_base_strength_solvent_polarity_domain,27024,100.0,94.7365,0.0,1,calibration,
real_buchwald_hartwig,llm_semantic_base_strength_solvent_polarity_domain_conservative,27024,94.1517,94.1517,5.8483,0,calibration,
real_buchwald_hartwig,llm_semantic_base_strength_solvent_polarity_domain_noprior,27024,94.1517,94.1517,5.8483,0,calibration,
real_buchwald_hartwig,llm_semantic_counter_source_acid_halide_reversal,27024,100.0,96.491,0.0,1,calibration,
real_buchwald_hartwig,llm_semantic_counter_source_acid_halide_reversal_conservative,27024,100.0,97.0759,0.0,1,calibration,
real_buchwald_hartwig,llm_semantic_counter_source_acid_halide_reversal_noprior,27024,100.0,96.491,0.0,1,calibration,
real_buchwald_hartwig,llm_semantic_cross_skill_rule_bank,27024,94.1517,94.1517,5.8483,0,calibration,
real_buchwald_hartwig,llm_semantic_halide_reactivity_additive_suppression,27024,96.1323,95.5381,3.8677,0,calibration,
real_buchwald_hartwig,llm_semantic_halide_reactivity_additive_suppression_conservative,27024,98.1771,95.3593,1.8229,1,calibration,
real_buchwald_hartwig,llm_semantic_halide_reactivity_additive_suppression_noprior,27024,96.1323,95.3401,3.8677,0,calibration,
real_buchwald_hartwig,llm_semantic_low_semantic_mass_anchor_heavy,27024,100.0,95.9442,0.0,1,calibration,
real_buchwald_hartwig,llm_semantic_low_semantic_mass_anchor_heavy_conservative,27024,100.0,95.9442,0.0,1,calibration,
real_buchwald_hartwig,llm_semantic_low_semantic_mass_anchor_heavy_noprior,27024,100.0,95.9442,0.0,1,calibration,
real_buchwald_hartwig,llm_semantic_mechanistic_heteroaromatic_halide_synergy,27024,94.1517,94.1517,5.8483,0,calibration,
real_buchwald_hartwig,llm_semantic_mechanistic_heteroaromatic_halide_synergy_conservative,27024,94.1517,94.1517,5.8483,0,calibration,
real_buchwald_hartwig,llm_semantic_mechanistic_heteroaromatic_halide_synergy_noprior,27024,94.1517,94.1517,5.8483,0,calibration,
real_buchwald_hartwig,llm_semantic_source_alignment_conservative_ligand_mass,27024,100.0,97.0759,0.0,1,calibration,
real_buchwald_hartwig,llm_semantic_source_alignment_conservative_ligand_mass_conservative,27024,100.0,95.9062,0.0,1,calibration,
real_buchwald_hartwig,llm_semantic_source_alignment_conservative_ligand_mass_noprior,27024,100.0,95.9062,0.0,1,calibration,
real_buchwald_hartwig,llm_semantic_source_schema_only_field_mapping,27024,94.1517,94.1517,5.8483,0,calibration,
real_buchwald_hartwig,llm_semantic_source_schema_only_field_mapping_conservative,27024,94.1517,94.1517,5.8483,0,calibration,
real_buchwald_hartwig,llm_semantic_source_schema_only_field_mapping_noprior,27024,94.1517,94.1517,5.8483,0,calibration,
real_buchwald_hartwig,llm_semantic_steric_tpsa_balanced_optimization,27024,100.0,95.9062,0.0,1,calibration,
real_buchwald_hartwig,llm_semantic_steric_tpsa_balanced_optimization_conservative,27024,100.0,96.491,0.0,1,calibration,
real_buchwald_hartwig,llm_semantic_steric_tpsa_balanced_optimization_noprior,27024,100.0,97.0759,0.0,1,calibration,
real_buchwald_hartwig,mixed_kernel_gp_ei,27024,95.7526,95.257,4.2474,0,calibration,
real_buchwald_hartwig,target_acquisition_portfolio,27024,95.7526,95.257,4.2474,0,calibration,
real_buchwald_hartwig,gp_ucb,27025,83.6537,69.5928,16.3463,0,calibration,
real_buchwald_hartwig,llambo_warmstart_base_strength_solvent_polarity_domain,27025,89.5866,84.9418,10.4134,0,calibration,
real_buchwald_hartwig,llambo_warmstart_base_strength_solvent_polarity_domain_conservative,27025,89.5866,84.9418,10.4134,0,calibration,
real_buchwald_hartwig,llambo_warmstart_base_strength_solvent_polarity_domain_noprior,27025,89.5866,84.9418,10.4134,0,calibration,
real_buchwald_hartwig,llambo_warmstart_counter_source_acid_halide_reversal,27025,86.2541,81.6393,13.7459,0,calibration,
real_buchwald_hartwig,llambo_warmstart_counter_source_acid_halide_reversal_conservative,27025,86.2541,81.6393,13.7459,0,calibration,
real_buchwald_hartwig,llambo_warmstart_counter_source_acid_halide_reversal_noprior,27025,86.2541,81.6393,13.7459,0,calibration,
real_buchwald_hartwig,llambo_warmstart_cross_skill_rule_bank,27025,97.2929,95.5574,2.7071,0,calibration,
real_buchwald_hartwig,llambo_warmstart_halide_reactivity_additive_suppression,27025,93.4211,92.3704,6.5789,0,calibration,
real_buchwald_hartwig,llambo_warmstart_halide_reactivity_additive_suppression_conservative,27025,93.4211,92.3704,6.5789,0,calibration,
real_buchwald_hartwig,llambo_warmstart_halide_reactivity_additive_suppression_noprior,27025,93.4211,92.3704,6.5789,0,calibration,
real_buchwald_hartwig,llambo_warmstart_low_semantic_mass_anchor_heavy,27025,93.0995,87.722,6.9005,0,calibration,
real_buchwald_hartwig,llambo_warmstart_low_semantic_mass_anchor_heavy_conservative,27025,93.0995,87.722,6.9005,0,calibration,
real_buchwald_hartwig,llambo_warmstart_low_semantic_mass_anchor_heavy_noprior,27025,93.0995,87.722,6.9005,0,calibration,
real_buchwald_hartwig,llambo_warmstart_mechanistic_heteroaromatic_halide_synergy,27025,86.2541,81.7602,13.7459,0,calibration,
real_buchwald_hartwig,llambo_warmstart_mechanistic_heteroaromatic_halide_synergy_conservative,27025,86.2541,81.7602,13.7459,0,calibration,
real_buchwald_hartwig,llambo_warmstart_mechanistic_heteroaromatic_halide_synergy_noprior,27025,86.2541,81.7602,13.7459,0,calibration,
real_buchwald_hartwig,llambo_warmstart_source_alignment_conservative_ligand_mass,27025,93.4211,88.2255,6.5789,0,calibration,
real_buchwald_hartwig,llambo_warmstart_source_alignment_conservative_ligand_mass_conservative,27025,93.4211,88.2255,6.5789,0,calibration,
real_buchwald_hartwig,llambo_warmstart_source_alignment_conservative_ligand_mass_noprior,27025,93.4211,88.2255,6.5789,0,calibration,
real_buchwald_hartwig,llambo_warmstart_source_schema_only_field_mapping,27025,95.7526,92.7004,4.2474,0,calibration,
real_buchwald_hartwig,llambo_warmstart_source_schema_only_field_mapping_conservative,27025,95.7526,92.7004,4.2474,0,calibration,
real_buchwald_hartwig,llambo_warmstart_source_schema_only_field_mapping_noprior,27025,95.7526,92.7004,4.2474,0,calibration,
real_buchwald_hartwig,llambo_warmstart_steric_tpsa_balanced_optimization,27025,86.2002,64.6678,13.7998,0,calibration,
real_buchwald_hartwig,llambo_warmstart_steric_tpsa_balanced_optimization_conservative,27025,86.2002,64.6678,13.7998,0,calibration,
real_buchwald_hartwig,llambo_warmstart_steric_tpsa_balanced_optimization_noprior,27025,86.2002,64.6678,13.7998,0,calibration,
real_buchwald_hartwig,llm_direct_prior_base_strength_solvent_polarity_domain,27025,77.7868,68.1762,22.2132,0,calibration,
real_buchwald_hartwig,llm_direct_prior_base_strength_solvent_polarity_domain_conservative,27025,77.7868,68.2728,22.2132,0,calibration,
real_buchwald_hartwig,llm_direct_prior_base_strength_solvent_polarity_domain_noprior,27025,77.7868,68.1762,22.2132,0,calibration,
real_buchwald_hartwig,llm_direct_prior_counter_source_acid_halide_reversal,27025,97.5685,87.5484,2.4315,1,calibration,
real_buchwald_hartwig,llm_direct_prior_counter_source_acid_halide_reversal_conservative,27025,97.5685,87.2253,2.4315,1,calibration,
real_buchwald_hartwig,llm_direct_prior_counter_source_acid_halide_reversal_noprior,27025,97.5685,87.5484,2.4315,1,calibration,
real_buchwald_hartwig,llm_direct_prior_cross_skill_rule_bank,27025,90.2279,87.6863,9.7721,0,calibration,
real_buchwald_hartwig,llm_direct_prior_halide_reactivity_additive_suppression,27025,85.1447,77.1941,14.8553,0,calibration,
real_buchwald_hartwig,llm_direct_prior_halide_reactivity_additive_suppression_conservative,27025,85.1447,82.5789,14.8553,0,calibration,
real_buchwald_hartwig,llm_direct_prior_halide_reactivity_additive_suppression_noprior,27025,85.1447,77.1941,14.8553,0,calibration,
real_buchwald_hartwig,llm_direct_prior_low_semantic_mass_anchor_heavy,27025,82.6307,72.1299,17.3693,0,calibration,
real_buchwald_hartwig,llm_direct_prior_low_semantic_mass_anchor_heavy_conservative,27025,82.6307,72.1299,17.3693,0,calibration,
real_buchwald_hartwig,llm_direct_prior_low_semantic_mass_anchor_heavy_noprior,27025,82.6307,72.1299,17.3693,0,calibration,
real_buchwald_hartwig,llm_direct_prior_mechanistic_heteroaromatic_halide_synergy,27025,93.0995,88.9104,6.9005,0,calibration,
real_buchwald_hartwig,llm_direct_prior_mechanistic_heteroaromatic_halide_synergy_conservative,27025,88.4449,86.4648,11.5551,0,calibration,
real_buchwald_hartwig,llm_direct_prior_mechanistic_heteroaromatic_halide_synergy_noprior,27025,93.0995,88.9104,6.9005,0,calibration,
real_buchwald_hartwig,llm_direct_prior_source_alignment_conservative_ligand_mass,27025,91.3733,79.722,8.6267,0,calibration,
real_buchwald_hartwig,llm_direct_prior_source_alignment_conservative_ligand_mass_conservative,27025,91.3733,79.722,8.6267,0,calibration,
real_buchwald_hartwig,llm_direct_prior_source_alignment_conservative_ligand_mass_noprior,27025,91.3733,79.722,8.6267,0,calibration,
real_buchwald_hartwig,llm_direct_prior_source_schema_only_field_mapping,27025,80.5886,80.5886,19.4114,0,calibration,
real_buchwald_hartwig,llm_direct_prior_source_schema_only_field_mapping_conservative,27025,80.5886,80.5886,19.4114,0,calibration,
real_buchwald_hartwig,llm_direct_prior_source_schema_only_field_mapping_noprior,27025,80.5886,80.5886,19.4114,0,calibration,
real_buchwald_hartwig,llm_direct_prior_steric_tpsa_balanced_optimization,27025,84.8955,75.7393,15.1045,0,calibration,
real_buchwald_hartwig,llm_direct_prior_steric_tpsa_balanced_optimization_conservative,27025,84.8955,78.6146,15.1045,0,calibration,
real_buchwald_hartwig,llm_direct_prior_steric_tpsa_balanced_optimization_noprior,27025,84.8955,75.7393,15.1045,0,calibration,
real_buchwald_hartwig,llm_semantic_base_strength_solvent_polarity_domain,27025,77.7868,63.8123,22.2132,0,calibration,
real_buchwald_hartwig,llm_semantic_base_strength_solvent_polarity_domain_conservative,27025,90.3714,79.3974,9.6286,0,calibration,
real_buchwald_hartwig,llm_semantic_base_strength_solvent_polarity_domain_noprior,27025,63.4288,62.0993,36.5712,0,calibration,
real_buchwald_hartwig,llm_semantic_counter_source_acid_halide_reversal,27025,82.3289,82.3289,17.6711,0,calibration,
real_buchwald_hartwig,llm_semantic_counter_source_acid_halide_reversal_conservative,27025,82.3289,82.3289,17.6711,0,calibration,
real_buchwald_hartwig,llm_semantic_counter_source_acid_halide_reversal_noprior,27025,82.3289,82.3289,17.6711,0,calibration,
real_buchwald_hartwig,llm_semantic_cross_skill_rule_bank,27025,80.9041,68.8174,19.0959,0,calibration,
real_buchwald_hartwig,llm_semantic_halide_reactivity_additive_suppression,27025,81.2283,75.1393,18.7717,0,calibration,
real_buchwald_hartwig,llm_semantic_halide_reactivity_additive_suppression_conservative,27025,83.0965,75.4157,16.9035,0,calibration,
real_buchwald_hartwig,llm_semantic_halide_reactivity_additive_suppression_noprior,27025,83.0965,74.8085,16.9035,0,calibration,
real_buchwald_hartwig,llm_semantic_low_semantic_mass_anchor_heavy,27025,84.602,83.4655,15.398,0,calibration,
real_buchwald_hartwig,llm_semantic_low_semantic_mass_anchor_heavy_conservative,27025,84.602,83.4655,15.398,0,calibration,
real_buchwald_hartwig,llm_semantic_low_semantic_mass_anchor_heavy_noprior,27025,84.602,83.4655,15.398,0,calibration,
real_buchwald_hartwig,llm_semantic_mechanistic_heteroaromatic_halide_synergy,27025,94.3462,78.4312,5.6538,0,calibration,
real_buchwald_hartwig,llm_semantic_mechanistic_heteroaromatic_halide_synergy_conservative,27025,70.1993,64.4067,29.8007,0,calibration,
real_buchwald_hartwig,llm_semantic_mechanistic_heteroaromatic_halide_synergy_noprior,27025,87.9408,73.6071,12.0592,0,calibration,
real_buchwald_hartwig,llm_semantic_source_alignment_conservative_ligand_mass,27025,82.3289,82.3289,17.6711,0,calibration,
real_buchwald_hartwig,llm_semantic_source_alignment_conservative_ligand_mass_conservative,27025,99.6191,91.0524,0.3809,1,calibration,
real_buchwald_hartwig,llm_semantic_source_alignment_conservative_ligand_mass_noprior,27025,99.6191,91.0524,0.3809,1,calibration,
real_buchwald_hartwig,llm_semantic_source_schema_only_field_mapping,27025,86.6896,80.5883,13.3104,0,calibration,
real_buchwald_hartwig,llm_semantic_source_schema_only_field_mapping_conservative,27025,86.6896,81.5252,13.3104,0,calibration,
real_buchwald_hartwig,llm_semantic_source_schema_only_field_mapping_noprior,27025,86.6896,81.5252,13.3104,0,calibration,
real_buchwald_hartwig,llm_semantic_steric_tpsa_balanced_optimization,27025,88.5139,69.6984,11.4861,0,calibration,
real_buchwald_hartwig,llm_semantic_steric_tpsa_balanced_optimization_conservative,27025,83.0965,76.8516,16.9035,0,calibration,
real_buchwald_hartwig,llm_semantic_steric_tpsa_balanced_optimization_noprior,27025,88.5139,75.6473,11.4861,0,calibration,
real_buchwald_hartwig,mixed_kernel_gp_ei,27025,91.9334,80.5902,8.0666,0,calibration,
real_buchwald_hartwig,target_acquisition_portfolio,27025,86.7607,74.3287,13.2393,0,calibration,
real_buchwald_hartwig,gp_ucb,27026,82.6307,81.424,17.3693,0,calibration,
real_buchwald_hartwig,llambo_warmstart_base_strength_solvent_polarity_domain,27026,94.8799,89.0347,5.1201,0,calibration,
real_buchwald_hartwig,llambo_warmstart_base_strength_solvent_polarity_domain_conservative,27026,94.8799,89.0347,5.1201,0,calibration,
real_buchwald_hartwig,llambo_warmstart_base_strength_solvent_polarity_domain_noprior,27026,94.8799,89.0347,5.1201,0,calibration,
real_buchwald_hartwig,llambo_warmstart_counter_source_acid_halide_reversal,27026,93.7486,92.9136,6.2514,0,calibration,
real_buchwald_hartwig,llambo_warmstart_counter_source_acid_halide_reversal_conservative,27026,93.7486,92.9136,6.2514,0,calibration,
real_buchwald_hartwig,llambo_warmstart_counter_source_acid_halide_reversal_noprior,27026,93.7486,92.9136,6.2514,0,calibration,
real_buchwald_hartwig,llambo_warmstart_cross_skill_rule_bank,27026,94.8799,94.4184,5.1201,0,calibration,
real_buchwald_hartwig,llambo_warmstart_halide_reactivity_additive_suppression,27026,95.3865,88.7395,4.6135,0,calibration,
real_buchwald_hartwig,llambo_warmstart_halide_reactivity_additive_suppression_conservative,27026,95.3865,88.7395,4.6135,0,calibration,
real_buchwald_hartwig,llambo_warmstart_halide_reactivity_additive_suppression_noprior,27026,95.3865,88.7395,4.6135,0,calibration,
real_buchwald_hartwig,llambo_warmstart_low_semantic_mass_anchor_heavy,27026,87.5291,80.8877,12.4709,0,calibration,
real_buchwald_hartwig,llambo_warmstart_low_semantic_mass_anchor_heavy_conservative,27026,87.5291,80.8877,12.4709,0,calibration,
real_buchwald_hartwig,llambo_warmstart_low_semantic_mass_anchor_heavy_noprior,27026,87.5291,80.8877,12.4709,0,calibration,
real_buchwald_hartwig,llambo_warmstart_mechanistic_heteroaromatic_halide_synergy,27026,88.1675,85.2933,11.8325,0,calibration,
real_buchwald_hartwig,llambo_warmstart_mechanistic_heteroaromatic_halide_synergy_conservative,27026,88.1675,85.2933,11.8325,0,calibration,
real_buchwald_hartwig,llambo_warmstart_mechanistic_heteroaromatic_halide_synergy_noprior,27026,88.1675,85.2933,11.8325,0,calibration,
real_buchwald_hartwig,llambo_warmstart_source_alignment_conservative_ligand_mass,27026,99.6191,88.2018,0.3809,1,calibration,
real_buchwald_hartwig,llambo_warmstart_source_alignment_conservative_ligand_mass_conservative,27026,99.6191,88.2018,0.3809,1,calibration,
real_buchwald_hartwig,llambo_warmstart_source_alignment_conservative_ligand_mass_noprior,27026,99.6191,88.2018,0.3809,1,calibration,
real_buchwald_hartwig,llambo_warmstart_source_schema_only_field_mapping,27026,83.496,51.5155,16.504,0,calibration,
real_buchwald_hartwig,llambo_warmstart_source_schema_only_field_mapping_conservative,27026,83.496,51.5155,16.504,0,calibration,
real_buchwald_hartwig,llambo_warmstart_source_schema_only_field_mapping_noprior,27026,83.496,51.5155,16.504,0,calibration,
real_buchwald_hartwig,llambo_warmstart_steric_tpsa_balanced_optimization,27026,98.2872,84.0674,1.7128,1,calibration,
real_buchwald_hartwig,llambo_warmstart_steric_tpsa_balanced_optimization_conservative,27026,98.2872,84.0674,1.7128,1,calibration,
real_buchwald_hartwig,llambo_warmstart_steric_tpsa_balanced_optimization_noprior,27026,98.2872,84.0674,1.7128,1,calibration,
real_buchwald_hartwig,llm_direct_prior_base_strength_solvent_polarity_domain,27026,85.1402,80.8954,14.8598,0,calibration,
real_buchwald_hartwig,llm_direct_prior_base_strength_solvent_polarity_domain_conservative,27026,82.6307,80.8535,17.3693,0,calibration,
real_buchwald_hartwig,llm_direct_prior_base_strength_solvent_polarity_domain_noprior,27026,85.1402,80.8954,14.8598,0,calibration,
real_buchwald_hartwig,llm_direct_prior_counter_source_acid_halide_reversal,27026,100.0,87.1085,0.0,1,calibration,
real_buchwald_hartwig,llm_direct_prior_counter_source_acid_halide_reversal_conservative,27026,97.5685,86.2001,2.4315,1,calibration,
real_buchwald_hartwig,llm_direct_prior_counter_source_acid_halide_reversal_noprior,27026,100.0,87.1085,0.0,1,calibration,
real_buchwald_hartwig,llm_direct_prior_cross_skill_rule_bank,27026,87.9592,85.6569,12.0408,0,calibration,
real_buchwald_hartwig,llm_direct_prior_halide_reactivity_additive_suppression,27026,91.3733,81.5356,8.6267,0,calibration,
real_buchwald_hartwig,llm_direct_prior_halide_reactivity_additive_suppression_conservative,27026,82.6307,79.4317,17.3693,0,calibration,
real_buchwald_hartwig,llm_direct_prior_halide_reactivity_additive_suppression_noprior,27026,91.3733,81.5356,8.6267,0,calibration,
real_buchwald_hartwig,llm_direct_prior_low_semantic_mass_anchor_heavy,27026,95.6759,85.4106,4.3241,0,calibration,
real_buchwald_hartwig,llm_direct_prior_low_semantic_mass_anchor_heavy_conservative,27026,95.6759,85.4106,4.3241,0,calibration,
real_buchwald_hartwig,llm_direct_prior_low_semantic_mass_anchor_heavy_noprior,27026,95.6759,85.4106,4.3241,0,calibration,
real_buchwald_hartwig,llm_direct_prior_mechanistic_heteroaromatic_halide_synergy,27026,80.0002,79.1686,19.9998,0,calibration,
real_buchwald_hartwig,llm_direct_prior_mechanistic_heteroaromatic_halide_synergy_conservative,27026,94.1517,85.5588,5.8483,0,calibration,
real_buchwald_hartwig,llm_direct_prior_mechanistic_heteroaromatic_halide_synergy_noprior,27026,80.0002,79.1686,19.9998,0,calibration,
real_buchwald_hartwig,llm_direct_prior_source_alignment_conservative_ligand_mass,27026,97.5685,89.7258,2.4315,1,calibration,
real_buchwald_hartwig,llm_direct_prior_source_alignment_conservative_ligand_mass_conservative,27026,97.5685,89.7258,2.4315,1,calibration,
real_buchwald_hartwig,llm_direct_prior_source_alignment_conservative_ligand_mass_noprior,27026,97.5685,89.7258,2.4315,1,calibration,
real_buchwald_hartwig,llm_direct_prior_source_schema_only_field_mapping,27026,86.6896,82.7343,13.3104,0,calibration,
real_buchwald_hartwig,llm_direct_prior_source_schema_only_field_mapping_conservative,27026,86.6896,82.7343,13.3104,0,calibration,
real_buchwald_hartwig,llm_direct_prior_source_schema_only_field_mapping_noprior,27026,86.6896,82.7343,13.3104,0,calibration,
real_buchwald_hartwig,llm_direct_prior_steric_tpsa_balanced_optimization,27026,79.0762,79.0762,20.9238,0,calibration,
real_buchwald_hartwig,llm_direct_prior_steric_tpsa_balanced_optimization_conservative,27026,79.2616,79.0947,20.7384,0,calibration,
real_buchwald_hartwig,llm_direct_prior_steric_tpsa_balanced_optimization_noprior,27026,79.0762,79.0762,20.9238,0,calibration,
real_buchwald_hartwig,llm_semantic_base_strength_solvent_polarity_domain,27026,85.1332,80.2084,14.8668,0,calibration,
real_buchwald_hartwig,llm_semantic_base_strength_solvent_polarity_domain_conservative,27026,100.0,89.7815,0.0,1,calibration,
real_buchwald_hartwig,llm_semantic_base_strength_solvent_polarity_domain_noprior,27026,98.1771,81.1573,1.8229,1,calibration,
real_buchwald_hartwig,llm_semantic_counter_source_acid_halide_reversal,27026,94.8799,90.1388,5.1201,0,calibration,
real_buchwald_hartwig,llm_semantic_counter_source_acid_halide_reversal_conservative,27026,82.4636,80.7699,17.5364,0,calibration,
real_buchwald_hartwig,llm_semantic_counter_source_acid_halide_reversal_noprior,27026,79.0762,79.0762,20.9238,0,calibration,
real_buchwald_hartwig,llm_semantic_cross_skill_rule_bank,27026,91.3733,88.1748,8.6267,0,calibration,
real_buchwald_hartwig,llm_semantic_halide_reactivity_additive_suppression,27026,94.1517,87.5507,5.8483,0,calibration,
real_buchwald_hartwig,llm_semantic_halide_reactivity_additive_suppression_conservative,27026,98.1771,91.9466,1.8229,1,calibration,
real_buchwald_hartwig,llm_semantic_halide_reactivity_additive_suppression_noprior,27026,95.6759,87.376,4.3241,0,calibration,
real_buchwald_hartwig,llm_semantic_low_semantic_mass_anchor_heavy,27026,97.948,84.5771,2.052,1,calibration,
real_buchwald_hartwig,llm_semantic_low_semantic_mass_anchor_heavy_conservative,27026,97.948,84.5771,2.052,1,calibration,
real_buchwald_hartwig,llm_semantic_low_semantic_mass_anchor_heavy_noprior,27026,97.948,84.5771,2.052,1,calibration,
real_buchwald_hartwig,llm_semantic_mechanistic_heteroaromatic_halide_synergy,27026,100.0,88.8689,0.0,1,calibration,
real_buchwald_hartwig,llm_semantic_mechanistic_heteroaromatic_halide_synergy_conservative,27026,81.2283,79.7057,18.7717,0,calibration,
real_buchwald_hartwig,llm_semantic_mechanistic_heteroaromatic_halide_synergy_noprior,27026,100.0,89.9091,0.0,1,calibration,
real_buchwald_hartwig,llm_semantic_source_alignment_conservative_ligand_mass,27026,100.0,93.7599,0.0,1,calibration,
real_buchwald_hartwig,llm_semantic_source_alignment_conservative_ligand_mass_conservative,27026,100.0,93.7599,0.0,1,calibration,
real_buchwald_hartwig,llm_semantic_source_alignment_conservative_ligand_mass_noprior,27026,100.0,93.7599,0.0,1,calibration,
real_buchwald_hartwig,llm_semantic_source_schema_only_field_mapping,27026,80.7866,79.7452,19.2134,0,calibration,
real_buchwald_hartwig,llm_semantic_source_schema_only_field_mapping_conservative,27026,93.8745,82.8286,6.1255,0,calibration,
real_buchwald_hartwig,llm_semantic_source_schema_only_field_mapping_noprior,27026,93.8745,82.8286,6.1255,0,calibration,
real_buchwald_hartwig,llm_semantic_steric_tpsa_balanced_optimization,27026,94.3462,89.7652,5.6538,0,calibration,
real_buchwald_hartwig,llm_semantic_steric_tpsa_balanced_optimization_conservative,27026,100.0,92.8002,0.0,1,calibration,
real_buchwald_hartwig,llm_semantic_steric_tpsa_balanced_optimization_noprior,27026,94.3462,86.7112,5.6538,0,calibration,
real_buchwald_hartwig,mixed_kernel_gp_ei,27026,100.0,90.7097,0.0,1,calibration,
real_buchwald_hartwig,target_acquisition_portfolio,27026,83.0547,81.5936,16.9453,0,calibration,
real_buchwald_hartwig,gp_ucb,27027,85.6592,80.0664,14.3408,0,calibration,
real_buchwald_hartwig,llambo_warmstart_base_strength_solvent_polarity_domain,27027,93.5878,93.3121,6.4122,0,calibration,
real_buchwald_hartwig,llambo_warmstart_base_strength_solvent_polarity_domain_conservative,27027,93.5878,93.3121,6.4122,0,calibration,
real_buchwald_hartwig,llambo_warmstart_base_strength_solvent_polarity_domain_noprior,27027,93.5878,93.3121,6.4122,0,calibration,
real_buchwald_hartwig,llambo_warmstart_counter_source_acid_halide_reversal,27027,91.2669,91.2669,8.7331,0,calibration,
real_buchwald_hartwig,llambo_warmstart_counter_source_acid_halide_reversal_conservative,27027,91.2669,91.2669,8.7331,0,calibration,
real_buchwald_hartwig,llambo_warmstart_counter_source_acid_halide_reversal_noprior,27027,91.2669,91.2669,8.7331,0,calibration,
real_buchwald_hartwig,llambo_warmstart_cross_skill_rule_bank,27027,97.2929,90.811,2.7071,0,calibration,
real_buchwald_hartwig,llambo_warmstart_halide_reactivity_additive_suppression,27027,78.2963,75.4821,21.7037,0,calibration,
real_buchwald_hartwig,llambo_warmstart_halide_reactivity_additive_suppression_conservative,27027,78.2963,75.4821,21.7037,0,calibration,
real_buchwald_hartwig,llambo_warmstart_halide_reactivity_additive_suppression_noprior,27027,78.2963,75.4821,21.7037,0,calibration,
real_buchwald_hartwig,llambo_warmstart_low_semantic_mass_anchor_heavy,27027,78.3625,69.5847,21.6375,0,calibration,
real_buchwald_hartwig,llambo_warmstart_low_semantic_mass_anchor_heavy_conservative,27027,78.3625,69.5847,21.6375,0,calibration,
real_buchwald_hartwig,llambo_warmstart_low_semantic_mass_anchor_heavy_noprior,27027,78.3625,69.5847,21.6375,0,calibration,
real_buchwald_hartwig,llambo_warmstart_mechanistic_heteroaromatic_halide_synergy,27027,94.8799,93.4347,5.1201,0,calibration,
real_buchwald_hartwig,llambo_warmstart_mechanistic_heteroaromatic_halide_synergy_conservative,27027,94.8799,93.4347,5.1201,0,calibration,
real_buchwald_hartwig,llambo_warmstart_mechanistic_heteroaromatic_halide_synergy_noprior,27027,94.8799,93.4347,5.1201,0,calibration,
real_buchwald_hartwig,llambo_warmstart_source_alignment_conservative_ligand_mass,27027,89.6142,81.5325,10.3858,0,calibration,
real_buchwald_hartwig,llambo_warmstart_source_alignment_conservative_ligand_mass_conservative,27027,89.6142,81.5325,10.3858,0,calibration,
real_buchwald_hartwig,llambo_warmstart_source_alignment_conservative_ligand_mass_noprior,27027,89.6142,81.5325,10.3858,0,calibration,
real_buchwald_hartwig,llambo_warmstart_source_schema_only_field_mapping,27027,91.2097,82.5587,8.7903,0,calibration,
real_buchwald_hartwig,llambo_warmstart_source_schema_only_field_mapping_conservative,27027,91.2097,82.5587,8.7903,0,calibration,
real_buchwald_hartwig,llambo_warmstart_source_schema_only_field_mapping_noprior,27027,91.2097,82.5587,8.7903,0,calibration,
real_buchwald_hartwig,llambo_warmstart_steric_tpsa_balanced_optimization,27027,95.6759,89.2148,4.3241,0,calibration,
real_buchwald_hartwig,llambo_warmstart_steric_tpsa_balanced_optimization_conservative,27027,95.6759,89.2148,4.3241,0,calibration,
real_buchwald_hartwig,llambo_warmstart_steric_tpsa_balanced_optimization_noprior,27027,95.6759,89.2148,4.3241,0,calibration,
real_buchwald_hartwig,llm_direct_prior_base_strength_solvent_polarity_domain,27027,90.7313,70.2632,9.2687,0,calibration,
real_buchwald_hartwig,llm_direct_prior_base_strength_solvent_polarity_domain_conservative,27027,83.7372,54.2708,16.2628,0,calibration,
real_buchwald_hartwig,llm_direct_prior_base_strength_solvent_polarity_domain_noprior,27027,90.7313,70.2632,9.2687,0,calibration,
real_buchwald_hartwig,llm_direct_prior_counter_source_acid_halide_reversal,27027,98.2872,90.0964,1.7128,1,calibration,
real_buchwald_hartwig,llm_direct_prior_counter_source_acid_halide_reversal_conservative,27027,98.2872,90.202,1.7128,1,calibration,
real_buchwald_hartwig,llm_direct_prior_counter_source_acid_halide_reversal_noprior,27027,98.2872,90.0964,1.7128,1,calibration,
real_buchwald_hartwig,llm_direct_prior_cross_skill_rule_bank,27027,79.3705,60.5428,20.6295,0,calibration,
real_buchwald_hartwig,llm_direct_prior_halide_reactivity_additive_suppression,27027,90.7313,71.4177,9.2687,0,calibration,
real_buchwald_hartwig,llm_direct_prior_halide_reactivity_additive_suppression_conservative,27027,86.0034,76.7846,13.9966,0,calibration,
real_buchwald_hartwig,llm_direct_prior_halide_reactivity_additive_suppression_noprior,27027,90.7313,71.4177,9.2687,0,calibration,
real_buchwald_hartwig,llm_direct_prior_low_semantic_mass_anchor_heavy,27027,83.3382,58.9611,16.6618,0,calibration,
real_buchwald_hartwig,llm_direct_prior_low_semantic_mass_anchor_heavy_conservative,27027,83.3382,58.9611,16.6618,0,calibration,
real_buchwald_hartwig,llm_direct_prior_low_semantic_mass_anchor_heavy_noprior,27027,83.3382,58.9611,16.6618,0,calibration,
real_buchwald_hartwig,llm_direct_prior_mechanistic_heteroaromatic_halide_synergy,27027,95.129,74.8455,4.871,0,calibration,
real_buchwald_hartwig,llm_direct_prior_mechanistic_heteroaromatic_halide_synergy_conservative,27027,95.129,74.2376,4.871,0,calibration,
real_buchwald_hartwig,llm_direct_prior_mechanistic_heteroaromatic_halide_synergy_noprior,27027,95.129,74.8455,4.871,0,calibration,
real_buchwald_hartwig,llm_direct_prior_source_alignment_conservative_ligand_mass,27027,76.7953,76.7953,23.2047,0,calibration,
real_buchwald_hartwig,llm_direct_prior_source_alignment_conservative_ligand_mass_conservative,27027,76.7953,76.7953,23.2047,0,calibration,
real_buchwald_hartwig,llm_direct_prior_source_alignment_conservative_ligand_mass_noprior,27027,76.7953,76.7953,23.2047,0,calibration,
real_buchwald_hartwig,llm_direct_prior_source_schema_only_field_mapping,27027,68.7407,57.6738,31.2593,0,calibration,
real_buchwald_hartwig,llm_direct_prior_source_schema_only_field_mapping_conservative,27027,68.7407,57.6738,31.2593,0,calibration,
real_buchwald_hartwig,llm_direct_prior_source_schema_only_field_mapping_noprior,27027,68.7407,57.6738,31.2593,0,calibration,
real_buchwald_hartwig,llm_direct_prior_steric_tpsa_balanced_optimization,27027,54.2238,49.0338,45.7762,0,calibration,
real_buchwald_hartwig,llm_direct_prior_steric_tpsa_balanced_optimization_conservative,27027,66.0159,51.8217,33.9841,0,calibration,
real_buchwald_hartwig,llm_direct_prior_steric_tpsa_balanced_optimization_noprior,27027,54.2238,49.0338,45.7762,0,calibration,
real_buchwald_hartwig,llm_semantic_base_strength_solvent_polarity_domain,27027,77.0326,55.5719,22.9674,0,calibration,
real_buchwald_hartwig,llm_semantic_base_strength_solvent_polarity_domain_conservative,27027,47.599,42.6934,52.401,0,calibration,
real_buchwald_hartwig,llm_semantic_base_strength_solvent_polarity_domain_noprior,27027,85.2207,74.6388,14.7793,0,calibration,
real_buchwald_hartwig,llm_semantic_counter_source_acid_halide_reversal,27027,98.2872,79.8309,1.7128,1,calibration,
real_buchwald_hartwig,llm_semantic_counter_source_acid_halide_reversal_conservative,27027,98.2872,80.9674,1.7128,1,calibration,
real_buchwald_hartwig,llm_semantic_counter_source_acid_halide_reversal_noprior,27027,98.2872,80.4416,1.7128,1,calibration,
real_buchwald_hartwig,llm_semantic_cross_skill_rule_bank,27027,94.5498,75.5324,5.4502,0,calibration,
real_buchwald_hartwig,llm_semantic_halide_reactivity_additive_suppression,27027,93.0289,66.8924,6.9711,0,calibration,
real_buchwald_hartwig,llm_semantic_halide_reactivity_additive_suppression_conservative,27027,98.1771,78.8544,1.8229,1,calibration,
real_buchwald_hartwig,llm_semantic_halide_reactivity_additive_suppression_noprior,27027,93.0289,63.1054,6.9711,0,calibration,
real_buchwald_hartwig,llm_semantic_low_semantic_mass_anchor_heavy,27027,98.2872,82.8969,1.7128,1,calibration,
real_buchwald_hartwig,llm_semantic_low_semantic_mass_anchor_heavy_conservative,27027,98.2872,82.8969,1.7128,1,calibration,
real_buchwald_hartwig,llm_semantic_low_semantic_mass_anchor_heavy_noprior,27027,98.2872,82.8969,1.7128,1,calibration,
real_buchwald_hartwig,llm_semantic_mechanistic_heteroaromatic_halide_synergy,27027,85.1332,68.7247,14.8668,0,calibration,
real_buchwald_hartwig,llm_semantic_mechanistic_heteroaromatic_halide_synergy_conservative,27027,93.3108,76.1192,6.6892,0,calibration,
real_buchwald_hartwig,llm_semantic_mechanistic_heteroaromatic_halide_synergy_noprior,27027,85.1332,68.7247,14.8668,0,calibration,
real_buchwald_hartwig,llm_semantic_source_alignment_conservative_ligand_mass,27027,93.4211,74.4694,6.5789,0,calibration,
real_buchwald_hartwig,llm_semantic_source_alignment_conservative_ligand_mass_conservative,27027,98.2872,75.4818,1.7128,1,calibration,
real_buchwald_hartwig,llm_semantic_source_alignment_conservative_ligand_mass_noprior,27027,98.2872,75.4818,1.7128,1,calibration,
real_buchwald_hartwig,llm_semantic_source_schema_only_field_mapping,27027,70.5804,61.5438,29.4196,0,calibration,
real_buchwald_hartwig,llm_semantic_source_schema_only_field_mapping_conservative,27027,79.6425,69.7029,20.3575,0,calibration,
real_buchwald_hartwig,llm_semantic_source_schema_only_field_mapping_noprior,27027,79.6425,69.7029,20.3575,0,calibration,
real_buchwald_hartwig,llm_semantic_steric_tpsa_balanced_optimization,27027,92.659,69.0944,7.341,0,calibration,
real_buchwald_hartwig,llm_semantic_steric_tpsa_balanced_optimization_conservative,27027,92.659,81.0444,7.341,0,calibration,
real_buchwald_hartwig,llm_semantic_steric_tpsa_balanced_optimization_noprior,27027,92.659,79.0037,7.341,0,calibration,
real_buchwald_hartwig,mixed_kernel_gp_ei,27027,68.2481,67.3834,31.7519,0,calibration,
real_buchwald_hartwig,target_acquisition_portfolio,27027,88.1675,73.2306,11.8325,0,calibration,
real_buchwald_hartwig,gp_ucb,27028,86.2198,79.6594,13.7802,0,calibration,
real_buchwald_hartwig,llambo_warmstart_base_strength_solvent_polarity_domain,27028,81.0209,80.9771,18.9791,0,calibration,
real_buchwald_hartwig,llambo_warmstart_base_strength_solvent_polarity_domain_conservative,27028,81.0209,80.9771,18.9791,0,calibration,
real_buchwald_hartwig,llambo_warmstart_base_strength_solvent_polarity_domain_noprior,27028,81.0209,80.9771,18.9791,0,calibration,
real_buchwald_hartwig,llambo_warmstart_counter_source_acid_halide_reversal,27028,98.8492,85.1508,1.1508,1,calibration,
real_buchwald_hartwig,llambo_warmstart_counter_source_acid_halide_reversal_conservative,27028,98.8492,85.1508,1.1508,1,calibration,
real_buchwald_hartwig,llambo_warmstart_counter_source_acid_halide_reversal_noprior,27028,98.8492,85.1508,1.1508,1,calibration,
real_buchwald_hartwig,llambo_warmstart_cross_skill_rule_bank,27028,86.1051,85.9786,13.8949,0,calibration,
real_buchwald_hartwig,llambo_warmstart_halide_reactivity_additive_suppression,27028,90.6444,86.8633,9.3556,0,calibration,
real_buchwald_hartwig,llambo_warmstart_halide_reactivity_additive_suppression_conservative,27028,90.6444,86.8633,9.3556,0,calibration,
real_buchwald_hartwig,llambo_warmstart_halide_reactivity_additive_suppression_noprior,27028,90.6444,86.8633,9.3556,0,calibration,
real_buchwald_hartwig,llambo_warmstart_low_semantic_mass_anchor_heavy,27028,99.0345,95.3524,0.9655,1,calibration,
real_buchwald_hartwig,llambo_warmstart_low_semantic_mass_anchor_heavy_conservative,27028,99.0345,95.3524,0.9655,1,calibration,
real_buchwald_hartwig,llambo_warmstart_low_semantic_mass_anchor_heavy_noprior,27028,99.0345,95.3524,0.9655,1,calibration,
real_buchwald_hartwig,llambo_warmstart_mechanistic_heteroaromatic_halide_synergy,27028,85.6836,85.6836,14.3164,0,calibration,
real_buchwald_hartwig,llambo_warmstart_mechanistic_heteroaromatic_halide_synergy_conservative,27028,85.6836,85.6836,14.3164,0,calibration,
real_buchwald_hartwig,llambo_warmstart_mechanistic_heteroaromatic_halide_synergy_noprior,27028,85.6836,85.6836,14.3164,0,calibration,
real_buchwald_hartwig,llambo_warmstart_source_alignment_conservative_ligand_mass,27028,94.6911,86.7714,5.3089,0,calibration,
real_buchwald_hartwig,llambo_warmstart_source_alignment_conservative_ligand_mass_conservative,27028,94.6911,86.7714,5.3089,0,calibration,
real_buchwald_hartwig,llambo_warmstart_source_alignment_conservative_ligand_mass_noprior,27028,94.6911,86.7714,5.3089,0,calibration,
real_buchwald_hartwig,llambo_warmstart_source_schema_only_field_mapping,27028,80.2853,79.0736,19.7147,0,calibration,
real_buchwald_hartwig,llambo_warmstart_source_schema_only_field_mapping_conservative,27028,80.2853,79.0736,19.7147,0,calibration,
real_buchwald_hartwig,llambo_warmstart_source_schema_only_field_mapping_noprior,27028,80.2853,79.0736,19.7147,0,calibration,
real_buchwald_hartwig,llambo_warmstart_steric_tpsa_balanced_optimization,27028,66.815,62.5388,33.185,0,calibration,
real_buchwald_hartwig,llambo_warmstart_steric_tpsa_balanced_optimization_conservative,27028,66.815,62.5388,33.185,0,calibration,
real_buchwald_hartwig,llambo_warmstart_steric_tpsa_balanced_optimization_noprior,27028,66.815,62.5388,33.185,0,calibration,
real_buchwald_hartwig,llm_direct_prior_base_strength_solvent_polarity_domain,27028,84.2019,79.6449,15.7981,0,calibration,
real_buchwald_hartwig,llm_direct_prior_base_strength_solvent_polarity_domain_conservative,27028,90.2279,80.3413,9.7721,0,calibration,
real_buchwald_hartwig,llm_direct_prior_base_strength_solvent_polarity_domain_noprior,27028,84.2019,79.6449,15.7981,0,calibration,
real_buchwald_hartwig,llm_direct_prior_counter_source_acid_halide_reversal,27028,100.0,89.5262,0.0,1,calibration,
real_buchwald_hartwig,llm_direct_prior_counter_source_acid_halide_reversal_conservative,27028,100.0,91.5389,0.0,1,calibration,
real_buchwald_hartwig,llm_direct_prior_counter_source_acid_halide_reversal_noprior,27028,100.0,89.5262,0.0,1,calibration,
real_buchwald_hartwig,llm_direct_prior_cross_skill_rule_bank,27028,85.1402,83.8133,14.8598,0,calibration,
real_buchwald_hartwig,llm_direct_prior_halide_reactivity_additive_suppression,27028,78.5056,78.5056,21.4944,0,calibration,
real_buchwald_hartwig,llm_direct_prior_halide_reactivity_additive_suppression_conservative,27028,78.5056,78.5056,21.4944,0,calibration,
real_buchwald_hartwig,llm_direct_prior_halide_reactivity_additive_suppression_noprior,27028,78.5056,78.5056,21.4944,0,calibration,
real_buchwald_hartwig,llm_direct_prior_low_semantic_mass_anchor_heavy,27028,83.2944,82.3366,16.7056,0,calibration,
real_buchwald_hartwig,llm_direct_prior_low_semantic_mass_anchor_heavy_conservative,27028,83.2944,82.3366,16.7056,0,calibration,
real_buchwald_hartwig,llm_direct_prior_low_semantic_mass_anchor_heavy_noprior,27028,83.2944,82.3366,16.7056,0,calibration,
real_buchwald_hartwig,llm_direct_prior_mechanistic_heteroaromatic_halide_synergy,27028,98.7313,87.0536,1.2687,1,calibration,
real_buchwald_hartwig,llm_direct_prior_mechanistic_heteroaromatic_halide_synergy_conservative,27028,88.4449,84.8371,11.5551,0,calibration,
real_buchwald_hartwig,llm_direct_prior_mechanistic_heteroaromatic_halide_synergy_noprior,27028,98.7313,87.0536,1.2687,1,calibration,
real_buchwald_hartwig,llm_direct_prior_source_alignment_conservative_ligand_mass,27028,82.8406,79.3726,17.1594,0,calibration,
real_buchwald_hartwig,llm_direct_prior_source_alignment_conservative_ligand_mass_conservative,27028,82.8406,79.3726,17.1594,0,calibration,
real_buchwald_hartwig,llm_direct_prior_source_alignment_conservative_ligand_mass_noprior,27028,82.8406,79.3726,17.1594,0,calibration,
real_buchwald_hartwig,llm_direct_prior_source_schema_only_field_mapping,27028,86.6896,79.9549,13.3104,0,calibration,
real_buchwald_hartwig,llm_direct_prior_source_schema_only_field_mapping_conservative,27028,78.5056,78.5056,21.4944,0,calibration,
real_buchwald_hartwig,llm_direct_prior_source_schema_only_field_mapping_noprior,27028,86.6896,79.9549,13.3104,0,calibration,
real_buchwald_hartwig,llm_direct_prior_steric_tpsa_balanced_optimization,27028,81.0209,79.0087,18.9791,0,calibration,
real_buchwald_hartwig,llm_direct_prior_steric_tpsa_balanced_optimization_conservative,27028,80.9041,78.7455,19.0959,0,calibration,
real_buchwald_hartwig,llm_direct_prior_steric_tpsa_balanced_optimization_noprior,27028,81.0209,79.0087,18.9791,0,calibration,
real_buchwald_hartwig,llm_semantic_base_strength_solvent_polarity_domain,27028,78.5056,78.5056,21.4944,0,calibration,
real_buchwald_hartwig,llm_semantic_base_strength_solvent_polarity_domain_conservative,27028,78.5056,78.5056,21.4944,0,calibration,
real_buchwald_hartwig,llm_semantic_base_strength_solvent_polarity_domain_noprior,27028,78.5056,78.5056,21.4944,0,calibration,
real_buchwald_hartwig,llm_semantic_counter_source_acid_halide_reversal,27028,93.0289,86.8136,6.9711,0,calibration,
real_buchwald_hartwig,llm_semantic_counter_source_acid_halide_reversal_conservative,27028,93.0995,84.2325,6.9005,0,calibration,
real_buchwald_hartwig,llm_semantic_counter_source_acid_halide_reversal_noprior,27028,93.0289,84.0261,6.9711,0,calibration,
real_buchwald_hartwig,llm_semantic_cross_skill_rule_bank,27028,81.1512,80.093,18.8488,0,calibration,
real_buchwald_hartwig,llm_semantic_halide_reactivity_additive_suppression,27028,100.0,91.4022,0.0,1,calibration,
real_buchwald_hartwig,llm_semantic_halide_reactivity_additive_suppression_conservative,27028,100.0,84.72,0.0,1,calibration,
real_buchwald_hartwig,llm_semantic_halide_reactivity_additive_suppression_noprior,27028,100.0,91.4022,0.0,1,calibration,
real_buchwald_hartwig,llm_semantic_low_semantic_mass_anchor_heavy,27028,81.1512,79.2993,18.8488,0,calibration,
real_buchwald_hartwig,llm_semantic_low_semantic_mass_anchor_heavy_conservative,27028,81.1512,79.2993,18.8488,0,calibration,
real_buchwald_hartwig,llm_semantic_low_semantic_mass_anchor_heavy_noprior,27028,81.1512,79.2993,18.8488,0,calibration,
real_buchwald_hartwig,llm_semantic_mechanistic_heteroaromatic_halide_synergy,27028,100.0,86.5938,0.0,1,calibration,
real_buchwald_hartwig,llm_semantic_mechanistic_heteroaromatic_halide_synergy_conservative,27028,100.0,86.5938,0.0,1,calibration,
real_buchwald_hartwig,llm_semantic_mechanistic_heteroaromatic_halide_synergy_noprior,27028,94.3462,87.5205,5.6538,0,calibration,
real_buchwald_hartwig,llm_semantic_source_alignment_conservative_ligand_mass,27028,81.1512,80.6221,18.8488,0,calibration,
real_buchwald_hartwig,llm_semantic_source_alignment_conservative_ligand_mass_conservative,27028,94.1517,82.1375,5.8483,0,calibration,
real_buchwald_hartwig,llm_semantic_source_alignment_conservative_ligand_mass_noprior,27028,94.1517,82.1375,5.8483,0,calibration,
real_buchwald_hartwig,llm_semantic_source_schema_only_field_mapping,27028,88.4043,80.4853,11.5957,0,calibration,
real_buchwald_hartwig,llm_semantic_source_schema_only_field_mapping_conservative,27028,78.5056,78.5056,21.4944,0,calibration,
real_buchwald_hartwig,llm_semantic_source_schema_only_field_mapping_noprior,27028,78.5056,78.5056,21.4944,0,calibration,
real_buchwald_hartwig,llm_semantic_steric_tpsa_balanced_optimization,27028,78.5056,78.5056,21.4944,0,calibration,
real_buchwald_hartwig,llm_semantic_steric_tpsa_balanced_optimization_conservative,27028,78.5056,78.5056,21.4944,0,calibration,
real_buchwald_hartwig,llm_semantic_steric_tpsa_balanced_optimization_noprior,27028,78.5056,78.5056,21.4944,0,calibration,
real_buchwald_hartwig,mixed_kernel_gp_ei,27028,86.2198,79.9405,13.7802,0,calibration,
real_buchwald_hartwig,target_acquisition_portfolio,27028,86.2198,79.9405,13.7802,0,calibration,
real_buchwald_hartwig,gp_ucb,27029,86.5976,78.8535,13.4024,0,calibration,
real_buchwald_hartwig,llambo_warmstart_base_strength_solvent_polarity_domain,27029,100.0,83.4679,0.0,1,calibration,
real_buchwald_hartwig,llambo_warmstart_base_strength_solvent_polarity_domain_conservative,27029,100.0,83.4679,0.0,1,calibration,
real_buchwald_hartwig,llambo_warmstart_base_strength_solvent_polarity_domain_noprior,27029,100.0,83.4679,0.0,1,calibration,
real_buchwald_hartwig,llambo_warmstart_counter_source_acid_halide_reversal,27029,94.2969,84.9995,5.7031,0,calibration,
real_buchwald_hartwig,llambo_warmstart_counter_source_acid_halide_reversal_conservative,27029,94.2969,84.9995,5.7031,0,calibration,
real_buchwald_hartwig,llambo_warmstart_counter_source_acid_halide_reversal_noprior,27029,94.2969,84.9995,5.7031,0,calibration,
real_buchwald_hartwig,llambo_warmstart_cross_skill_rule_bank,27029,98.7313,94.8914,1.2687,1,calibration,
real_buchwald_hartwig,llambo_warmstart_halide_reactivity_additive_suppression,27029,83.2944,82.8155,16.7056,0,calibration,
real_buchwald_hartwig,llambo_warmstart_halide_reactivity_additive_suppression_conservative,27029,83.2944,82.8155,16.7056,0,calibration,
real_buchwald_hartwig,llambo_warmstart_halide_reactivity_additive_suppression_noprior,27029,83.2944,82.8155,16.7056,0,calibration,
real_buchwald_hartwig,llambo_warmstart_low_semantic_mass_anchor_heavy,27029,79.4448,78.6934,20.5552,0,calibration,
real_buchwald_hartwig,llambo_warmstart_low_semantic_mass_anchor_heavy_conservative,27029,79.4448,78.6934,20.5552,0,calibration,
real_buchwald_hartwig,llambo_warmstart_low_semantic_mass_anchor_heavy_noprior,27029,79.4448,78.6934,20.5552,0,calibration,
real_buchwald_hartwig,llambo_warmstart_mechanistic_heteroaromatic_halide_synergy,27029,94.5498,93.2445,5.4502,0,calibration,
real_buchwald_hartwig,llambo_warmstart_mechanistic_heteroaromatic_halide_synergy_conservative,27029,94.5498,93.2445,5.4502,0,calibration,
real_buchwald_hartwig,llambo_warmstart_mechanistic_heteroaromatic_halide_synergy_noprior,27029,94.5498,93.2445,5.4502,0,calibration,
real_buchwald_hartwig,llambo_warmstart_source_alignment_conservative_ligand_mass,27029,86.9711,80.0358,13.0289,0,calibration,
real_buchwald_hartwig,llambo_warmstart_source_alignment_conservative_ligand_mass_conservative,27029,86.9711,80.0358,13.0289,0,calibration,
real_buchwald_hartwig,llambo_warmstart_source_alignment_conservative_ligand_mass_noprior,27029,86.9711,80.0358,13.0289,0,calibration,
real_buchwald_hartwig,llambo_warmstart_source_schema_only_field_mapping,27029,98.8492,87.3313,1.1508,1,calibration,
real_buchwald_hartwig,llambo_warmstart_source_schema_only_field_mapping_conservative,27029,98.8492,87.3313,1.1508,1,calibration,
real_buchwald_hartwig,llambo_warmstart_source_schema_only_field_mapping_noprior,27029,98.8492,87.3313,1.1508,1,calibration,
real_buchwald_hartwig,llambo_warmstart_steric_tpsa_balanced_optimization,27029,97.948,84.0467,2.052,1,calibration,
real_buchwald_hartwig,llambo_warmstart_steric_tpsa_balanced_optimization_conservative,27029,97.948,84.0467,2.052,1,calibration,
real_buchwald_hartwig,llambo_warmstart_steric_tpsa_balanced_optimization_noprior,27029,97.948,84.0467,2.052,1,calibration,
real_buchwald_hartwig,llm_direct_prior_base_strength_solvent_polarity_domain,27029,85.1447,81.0209,14.8553,0,calibration,
real_buchwald_hartwig,llm_direct_prior_base_strength_solvent_polarity_domain_conservative,27029,91.2097,87.8109,8.7903,0,calibration,
real_buchwald_hartwig,llm_direct_prior_base_strength_solvent_polarity_domain_noprior,27029,85.1447,81.0209,14.8553,0,calibration,
real_buchwald_hartwig,llm_direct_prior_counter_source_acid_halide_reversal,27029,100.0,98.5411,0.0,1,calibration,
real_buchwald_hartwig,llm_direct_prior_counter_source_acid_halide_reversal_conservative,27029,100.0,98.5411,0.0,1,calibration,
real_buchwald_hartwig,llm_direct_prior_counter_source_acid_halide_reversal_noprior,27029,100.0,98.5411,0.0,1,calibration,
real_buchwald_hartwig,llm_direct_prior_cross_skill_rule_bank,27029,85.1447,72.7342,14.8553,0,calibration,
real_buchwald_hartwig,llm_direct_prior_halide_reactivity_additive_suppression,27029,85.1447,77.4628,14.8553,0,calibration,
real_buchwald_hartwig,llm_direct_prior_halide_reactivity_additive_suppression_conservative,27029,79.0762,72.9709,20.9238,0,calibration,
real_buchwald_hartwig,llm_direct_prior_halide_reactivity_additive_suppression_noprior,27029,85.1447,77.4628,14.8553,0,calibration,
real_buchwald_hartwig,llm_direct_prior_low_semantic_mass_anchor_heavy,27029,100.0,91.4859,0.0,1,calibration,
real_buchwald_hartwig,llm_direct_prior_low_semantic_mass_anchor_heavy_conservative,27029,100.0,91.4859,0.0,1,calibration,
real_buchwald_hartwig,llm_direct_prior_low_semantic_mass_anchor_heavy_noprior,27029,100.0,91.4859,0.0,1,calibration,
real_buchwald_hartwig,llm_direct_prior_mechanistic_heteroaromatic_halide_synergy,27029,87.7532,75.8348,12.2468,0,calibration,
real_buchwald_hartwig,llm_direct_prior_mechanistic_heteroaromatic_halide_synergy_conservative,27029,91.2097,80.3134,8.7903,0,calibration,
real_buchwald_hartwig,llm_direct_prior_mechanistic_heteroaromatic_halide_synergy_noprior,27029,87.7532,75.8348,12.2468,0,calibration,
real_buchwald_hartwig,llm_direct_prior_source_alignment_conservative_ligand_mass,27029,99.6191,74.5612,0.3809,1,calibration,
real_buchwald_hartwig,llm_direct_prior_source_alignment_conservative_ligand_mass_conservative,27029,99.6191,74.5612,0.3809,1,calibration,
real_buchwald_hartwig,llm_direct_prior_source_alignment_conservative_ligand_mass_noprior,27029,99.6191,74.5612,0.3809,1,calibration,
real_buchwald_hartwig,llm_direct_prior_source_schema_only_field_mapping,27029,83.033,72.7285,16.967,0,calibration,
real_buchwald_hartwig,llm_direct_prior_source_schema_only_field_mapping_conservative,27029,83.033,72.7285,16.967,0,calibration,
real_buchwald_hartwig,llm_direct_prior_source_schema_only_field_mapping_noprior,27029,83.033,72.7285,16.967,0,calibration,
real_buchwald_hartwig,llm_direct_prior_steric_tpsa_balanced_optimization,27029,66.2079,66.1543,33.7921,0,calibration,
real_buchwald_hartwig,llm_direct_prior_steric_tpsa_balanced_optimization_conservative,27029,84.8955,80.2146,15.1045,0,calibration,
real_buchwald_hartwig,llm_direct_prior_steric_tpsa_balanced_optimization_noprior,27029,66.2079,66.1543,33.7921,0,calibration,
real_buchwald_hartwig,llm_semantic_base_strength_solvent_polarity_domain,27029,89.5988,80.6495,10.4012,0,calibration,
real_buchwald_hartwig,llm_semantic_base_strength_solvent_polarity_domain_conservative,27029,88.4464,83.4181,11.5536,0,calibration,
real_buchwald_hartwig,llm_semantic_base_strength_solvent_polarity_domain_noprior,27029,84.5385,81.2506,15.4615,0,calibration,
real_buchwald_hartwig,llm_semantic_counter_source_acid_halide_reversal,27029,67.0208,66.3723,32.9792,0,calibration,
real_buchwald_hartwig,llm_semantic_counter_source_acid_halide_reversal_conservative,27029,67.0208,66.5147,32.9792,0,calibration,
real_buchwald_hartwig,llm_semantic_counter_source_acid_halide_reversal_noprior,27029,84.5889,78.4536,15.4111,0,calibration,
real_buchwald_hartwig,llm_semantic_cross_skill_rule_bank,27029,92.1197,80.6946,7.8803,0,calibration,
real_buchwald_hartwig,llm_semantic_halide_reactivity_additive_suppression,27029,96.1323,83.3131,3.8677,0,calibration,
real_buchwald_hartwig,llm_semantic_halide_reactivity_additive_suppression_conservative,27029,91.2097,80.1747,8.7903,0,calibration,
real_buchwald_hartwig,llm_semantic_halide_reactivity_additive_suppression_noprior,27029,100.0,85.3731,0.0,1,calibration,
real_buchwald_hartwig,llm_semantic_low_semantic_mass_anchor_heavy,27029,81.5694,78.4844,18.4306,0,calibration,
real_buchwald_hartwig,llm_semantic_low_semantic_mass_anchor_heavy_conservative,27029,97.5685,80.0844,2.4315,1,calibration,
real_buchwald_hartwig,llm_semantic_low_semantic_mass_anchor_heavy_noprior,27029,97.5685,80.0844,2.4315,1,calibration,
real_buchwald_hartwig,llm_semantic_mechanistic_heteroaromatic_halide_synergy,27029,100.0,93.2084,0.0,1,calibration,
real_buchwald_hartwig,llm_semantic_mechanistic_heteroaromatic_halide_synergy_conservative,27029,100.0,91.7874,0.0,1,calibration,
real_buchwald_hartwig,llm_semantic_mechanistic_heteroaromatic_halide_synergy_noprior,27029,85.1332,75.0871,14.8668,0,calibration,
real_buchwald_hartwig,llm_semantic_source_alignment_conservative_ligand_mass,27029,99.0345,80.3906,0.9655,1,calibration,
real_buchwald_hartwig,llm_semantic_source_alignment_conservative_ligand_mass_conservative,27029,97.5685,88.0799,2.4315,1,calibration,
real_buchwald_hartwig,llm_semantic_source_alignment_conservative_ligand_mass_noprior,27029,97.5685,88.0799,2.4315,1,calibration,
real_buchwald_hartwig,llm_semantic_source_schema_only_field_mapping,27029,89.0766,81.4195,10.9234,0,calibration,
real_buchwald_hartwig,llm_semantic_source_schema_only_field_mapping_conservative,27029,86.6896,80.4647,13.3104,0,calibration,
real_buchwald_hartwig,llm_semantic_source_schema_only_field_mapping_noprior,27029,86.6896,80.4647,13.3104,0,calibration,
real_buchwald_hartwig,llm_semantic_steric_tpsa_balanced_optimization,27029,97.5685,81.8078,2.4315,1,calibration,
real_buchwald_hartwig,llm_semantic_steric_tpsa_balanced_optimization_conservative,27029,70.8622,66.4857,29.1378,0,calibration,
real_buchwald_hartwig,llm_semantic_steric_tpsa_balanced_optimization_noprior,27029,94.1517,79.9003,5.8483,0,calibration,
real_buchwald_hartwig,mixed_kernel_gp_ei,27029,86.5976,78.8535,13.4024,0,calibration,
real_buchwald_hartwig,target_acquisition_portfolio,27029,86.5976,78.8535,13.4024,0,calibration,
real_buchwald_hartwig,care_strategy_router,27100,93.4211,82.336,6.5789,0,heldout,llm_direct_prior_counter_source_acid_halide_reversal_noprior
real_buchwald_hartwig,gp_ucb,27100,81.6307,57.1406,18.3693,0,heldout,
real_buchwald_hartwig,llambo_warmstart_base_strength_solvent_polarity_domain,27100,95.3865,71.1592,4.6135,0,heldout,
real_buchwald_hartwig,llambo_warmstart_base_strength_solvent_polarity_domain_conservative,27100,95.3865,71.1592,4.6135,0,heldout,
real_buchwald_hartwig,llambo_warmstart_base_strength_solvent_polarity_domain_noprior,27100,95.3865,71.1592,4.6135,0,heldout,
real_buchwald_hartwig,llambo_warmstart_counter_source_acid_halide_reversal,27100,98.1771,82.4535,1.8229,1,heldout,
real_buchwald_hartwig,llambo_warmstart_counter_source_acid_halide_reversal_conservative,27100,98.1771,82.4535,1.8229,1,heldout,
real_buchwald_hartwig,llambo_warmstart_counter_source_acid_halide_reversal_noprior,27100,98.1771,82.4535,1.8229,1,heldout,
real_buchwald_hartwig,llambo_warmstart_cross_skill_rule_bank,27100,93.3108,86.7715,6.6892,0,heldout,
real_buchwald_hartwig,llambo_warmstart_halide_reactivity_additive_suppression,27100,95.0702,89.9715,4.9298,0,heldout,
real_buchwald_hartwig,llambo_warmstart_halide_reactivity_additive_suppression_conservative,27100,95.0702,89.9715,4.9298,0,heldout,
real_buchwald_hartwig,llambo_warmstart_halide_reactivity_additive_suppression_noprior,27100,95.0702,89.9715,4.9298,0,heldout,
real_buchwald_hartwig,llambo_warmstart_low_semantic_mass_anchor_heavy,27100,100.0,88.0616,0.0,1,heldout,
real_buchwald_hartwig,llambo_warmstart_low_semantic_mass_anchor_heavy_conservative,27100,100.0,88.0616,0.0,1,heldout,
real_buchwald_hartwig,llambo_warmstart_low_semantic_mass_anchor_heavy_noprior,27100,100.0,88.0616,0.0,1,heldout,
real_buchwald_hartwig,llambo_warmstart_mechanistic_heteroaromatic_halide_synergy,27100,95.129,86.4551,4.871,0,heldout,
real_buchwald_hartwig,llambo_warmstart_mechanistic_heteroaromatic_halide_synergy_conservative,27100,95.129,86.4551,4.871,0,heldout,
real_buchwald_hartwig,llambo_warmstart_mechanistic_heteroaromatic_halide_synergy_noprior,27100,95.129,86.4551,4.871,0,heldout,
real_buchwald_hartwig,llambo_warmstart_selector,27100,93.3108,86.7715,6.6892,0,heldout,llambo_warmstart_cross_skill_rule_bank
real_buchwald_hartwig,llambo_warmstart_source_alignment_conservative_ligand_mass,27100,98.8492,93.4967,1.1508,1,heldout,
real_buchwald_hartwig,llambo_warmstart_source_alignment_conservative_ligand_mass_conservative,27100,98.8492,93.4967,1.1508,1,heldout,
real_buchwald_hartwig,llambo_warmstart_source_alignment_conservative_ligand_mass_noprior,27100,98.8492,93.4967,1.1508,1,heldout,
real_buchwald_hartwig,llambo_warmstart_source_schema_only_field_mapping,27100,83.1495,80.466,16.8505,0,heldout,
real_buchwald_hartwig,llambo_warmstart_source_schema_only_field_mapping_conservative,27100,83.1495,80.466,16.8505,0,heldout,
real_buchwald_hartwig,llambo_warmstart_source_schema_only_field_mapping_noprior,27100,83.1495,80.466,16.8505,0,heldout,
real_buchwald_hartwig,llambo_warmstart_steric_tpsa_balanced_optimization,27100,100.0,82.4521,0.0,1,heldout,
real_buchwald_hartwig,llambo_warmstart_steric_tpsa_balanced_optimization_conservative,27100,100.0,82.4521,0.0,1,heldout,
real_buchwald_hartwig,llambo_warmstart_steric_tpsa_balanced_optimization_noprior,27100,100.0,82.4521,0.0,1,heldout,
real_buchwald_hartwig,llm_calibrated_selector,27100,98.2872,73.6865,1.7128,1,heldout,llm_semantic_source_alignment_conservative_ligand_mass_noprior
real_buchwald_hartwig,llm_direct_prior_base_strength_solvent_polarity_domain,27100,90.7313,87.7741,9.2687,0,heldout,
real_buchwald_hartwig,llm_direct_prior_base_strength_solvent_polarity_domain_conservative,27100,90.7313,89.2527,9.2687,0,heldout,
real_buchwald_hartwig,llm_direct_prior_base_strength_solvent_polarity_domain_noprior,27100,90.7313,87.7741,9.2687,0,heldout,
real_buchwald_hartwig,llm_direct_prior_counter_source_acid_halide_reversal,27100,93.4211,82.336,6.5789,0,heldout,
real_buchwald_hartwig,llm_direct_prior_counter_source_acid_halide_reversal_conservative,27100,93.4211,81.5158,6.5789,0,heldout,
real_buchwald_hartwig,llm_direct_prior_counter_source_acid_halide_reversal_noprior,27100,93.4211,82.336,6.5789,0,heldout,
real_buchwald_hartwig,llm_direct_prior_cross_skill_rule_bank,27100,85.6836,77.6526,14.3164,0,heldout,
real_buchwald_hartwig,llm_direct_prior_halide_reactivity_additive_suppression,27100,86.0034,63.1798,13.9966,0,heldout,
real_buchwald_hartwig,llm_direct_prior_halide_reactivity_additive_suppression_conservative,27100,86.0034,67.849,13.9966,0,heldout,
real_buchwald_hartwig,llm_direct_prior_halide_reactivity_additive_suppression_noprior,27100,86.0034,63.1798,13.9966,0,heldout,
real_buchwald_hartwig,llm_direct_prior_low_semantic_mass_anchor_heavy,27100,90.7313,56.9002,9.2687,0,heldout,
real_buchwald_hartwig,llm_direct_prior_low_semantic_mass_anchor_heavy_conservative,27100,90.7313,56.9002,9.2687,0,heldout,
real_buchwald_hartwig,llm_direct_prior_low_semantic_mass_anchor_heavy_noprior,27100,90.7313,56.9002,9.2687,0,heldout,
real_buchwald_hartwig,llm_direct_prior_mechanistic_heteroaromatic_halide_synergy,27100,98.7313,81.8486,1.2687,1,heldout,
real_buchwald_hartwig,llm_direct_prior_mechanistic_heteroaromatic_halide_synergy_conservative,27100,93.0289,87.2085,6.9711,0,heldout,
real_buchwald_hartwig,llm_direct_prior_mechanistic_heteroaromatic_halide_synergy_noprior,27100,98.7313,81.8486,1.2687,1,heldout,
real_buchwald_hartwig,llm_direct_prior_selector,27100,93.4211,82.336,6.5789,0,heldout,llm_direct_prior_counter_source_acid_halide_reversal_noprior
real_buchwald_hartwig,llm_direct_prior_source_alignment_conservative_ligand_mass,27100,52.3781,44.854,47.6219,0,heldout,
real_buchwald_hartwig,llm_direct_prior_source_alignment_conservative_ligand_mass_conservative,27100,52.3781,44.854,47.6219,0,heldout,
real_buchwald_hartwig,llm_direct_prior_source_alignment_conservative_ligand_mass_noprior,27100,52.3781,44.854,47.6219,0,heldout,
real_buchwald_hartwig,llm_direct_prior_source_schema_only_field_mapping,27100,78.3625,65.0497,21.6375,0,heldout,
real_buchwald_hartwig,llm_direct_prior_source_schema_only_field_mapping_conservative,27100,78.3625,65.0497,21.6375,0,heldout,
real_buchwald_hartwig,llm_direct_prior_source_schema_only_field_mapping_noprior,27100,78.3625,65.0497,21.6375,0,heldout,
real_buchwald_hartwig,llm_direct_prior_steric_tpsa_balanced_optimization,27100,72.6306,48.6719,27.3694,0,heldout,
real_buchwald_hartwig,llm_direct_prior_steric_tpsa_balanced_optimization_conservative,27100,52.3781,46.6578,47.6219,0,heldout,
real_buchwald_hartwig,llm_direct_prior_steric_tpsa_balanced_optimization_noprior,27100,72.6306,48.6719,27.3694,0,heldout,
real_buchwald_hartwig,llm_semantic_base_strength_solvent_polarity_domain,27100,54.2458,50.5873,45.7542,0,heldout,
real_buchwald_hartwig,llm_semantic_base_strength_solvent_polarity_domain_conservative,27100,50.2713,47.0673,49.7287,0,heldout,
real_buchwald_hartwig,llm_semantic_base_strength_solvent_polarity_domain_noprior,27100,54.2458,48.9703,45.7542,0,heldout,
real_buchwald_hartwig,llm_semantic_counter_source_acid_halide_reversal,27100,93.0289,71.6638,6.9711,0,heldout,
real_buchwald_hartwig,llm_semantic_counter_source_acid_halide_reversal_conservative,27100,93.0289,69.0731,6.9711,0,heldout,
real_buchwald_hartwig,llm_semantic_counter_source_acid_halide_reversal_noprior,27100,93.0289,71.6638,6.9711,0,heldout,
real_buchwald_hartwig,llm_semantic_cross_skill_rule_bank,27100,98.2872,81.5429,1.7128,1,heldout,
real_buchwald_hartwig,llm_semantic_halide_reactivity_additive_suppression,27100,93.0289,62.6353,6.9711,0,heldout,
real_buchwald_hartwig,llm_semantic_halide_reactivity_additive_suppression_conservative,27100,88.4043,62.9508,11.5957,0,heldout,
real_buchwald_hartwig,llm_semantic_halide_reactivity_additive_suppression_noprior,27100,88.4043,57.5177,11.5957,0,heldout,
real_buchwald_hartwig,llm_semantic_low_semantic_mass_anchor_heavy,27100,98.2872,68.6366,1.7128,1,heldout,
real_buchwald_hartwig,llm_semantic_low_semantic_mass_anchor_heavy_conservative,27100,98.2872,71.8248,1.7128,1,heldout,
real_buchwald_hartwig,llm_semantic_low_semantic_mass_anchor_heavy_noprior,27100,98.2872,71.8248,1.7128,1,heldout,
real_buchwald_hartwig,llm_semantic_mechanistic_heteroaromatic_halide_synergy,27100,85.1332,78.3958,14.8668,0,heldout,
real_buchwald_hartwig,llm_semantic_mechanistic_heteroaromatic_halide_synergy_conservative,27100,86.4129,78.179,13.5871,0,heldout,
real_buchwald_hartwig,llm_semantic_mechanistic_heteroaromatic_halide_synergy_noprior,27100,83.4092,80.3604,16.5908,0,heldout,
real_buchwald_hartwig,llm_semantic_source_alignment_conservative_ligand_mass,27100,98.2872,73.6865,1.7128,1,heldout,
real_buchwald_hartwig,llm_semantic_source_alignment_conservative_ligand_mass_conservative,27100,98.2872,73.6865,1.7128,1,heldout,
real_buchwald_hartwig,llm_semantic_source_alignment_conservative_ligand_mass_noprior,27100,98.2872,73.6865,1.7128,1,heldout,
real_buchwald_hartwig,llm_semantic_source_schema_only_field_mapping,27100,74.5113,64.8759,25.4887,0,heldout,
real_buchwald_hartwig,llm_semantic_source_schema_only_field_mapping_conservative,27100,92.659,68.8485,7.341,0,heldout,
real_buchwald_hartwig,llm_semantic_source_schema_only_field_mapping_noprior,27100,86.1982,68.0229,13.8018,0,heldout,
real_buchwald_hartwig,llm_semantic_steric_tpsa_balanced_optimization,27100,79.6425,72.4775,20.3575,0,heldout,
real_buchwald_hartwig,llm_semantic_steric_tpsa_balanced_optimization_conservative,27100,79.6425,78.1368,20.3575,0,heldout,
real_buchwald_hartwig,llm_semantic_steric_tpsa_balanced_optimization_noprior,27100,93.0289,79.5071,6.9711,0,heldout,
real_buchwald_hartwig,mixed_kernel_gp_ei,27100,52.3781,47.778,47.6219,0,heldout,
real_buchwald_hartwig,target_acquisition_portfolio,27100,52.3781,48.8716,47.6219,0,heldout,
real_buchwald_hartwig,care_strategy_router,27101,90.3173,88.2082,9.6827,0,heldout,llm_direct_prior_counter_source_acid_halide_reversal_noprior
real_buchwald_hartwig,gp_ucb,27101,96.1323,94.5801,3.8677,0,heldout,
real_buchwald_hartwig,llambo_warmstart_base_strength_solvent_polarity_domain,27101,79.8724,74.0633,20.1276,0,heldout,
real_buchwald_hartwig,llambo_warmstart_base_strength_solvent_polarity_domain_conservative,27101,79.8724,74.0633,20.1276,0,heldout,
real_buchwald_hartwig,llambo_warmstart_base_strength_solvent_polarity_domain_noprior,27101,79.8724,74.0633,20.1276,0,heldout,
real_buchwald_hartwig,llambo_warmstart_counter_source_acid_halide_reversal,27101,100.0,90.2256,0.0,1,heldout,
real_buchwald_hartwig,llambo_warmstart_counter_source_acid_halide_reversal_conservative,27101,100.0,90.2256,0.0,1,heldout,
real_buchwald_hartwig,llambo_warmstart_counter_source_acid_halide_reversal_noprior,27101,100.0,90.2256,0.0,1,heldout,
real_buchwald_hartwig,llambo_warmstart_cross_skill_rule_bank,27101,93.3108,90.6064,6.6892,0,heldout,
real_buchwald_hartwig,llambo_warmstart_halide_reactivity_additive_suppression,27101,78.1098,74.1063,21.8902,0,heldout,
real_buchwald_hartwig,llambo_warmstart_halide_reactivity_additive_suppression_conservative,27101,78.1098,74.1063,21.8902,0,heldout,
real_buchwald_hartwig,llambo_warmstart_halide_reactivity_additive_suppression_noprior,27101,78.1098,74.1063,21.8902,0,heldout,
real_buchwald_hartwig,llambo_warmstart_low_semantic_mass_anchor_heavy,27101,96.1323,87.4331,3.8677,0,heldout,
real_buchwald_hartwig,llambo_warmstart_low_semantic_mass_anchor_heavy_conservative,27101,96.1323,87.4331,3.8677,0,heldout,
real_buchwald_hartwig,llambo_warmstart_low_semantic_mass_anchor_heavy_noprior,27101,96.1323,87.4331,3.8677,0,heldout,
real_buchwald_hartwig,llambo_warmstart_mechanistic_heteroaromatic_halide_synergy,27101,89.4195,82.3992,10.5805,0,heldout,
real_buchwald_hartwig,llambo_warmstart_mechanistic_heteroaromatic_halide_synergy_conservative,27101,89.4195,82.3992,10.5805,0,heldout,
real_buchwald_hartwig,llambo_warmstart_mechanistic_heteroaromatic_halide_synergy_noprior,27101,89.4195,82.3992,10.5805,0,heldout,
real_buchwald_hartwig,llambo_warmstart_selector,27101,93.3108,90.6064,6.6892,0,heldout,llambo_warmstart_cross_skill_rule_bank
real_buchwald_hartwig,llambo_warmstart_source_alignment_conservative_ligand_mass,27101,72.6088,71.0306,27.3912,0,heldout,
real_buchwald_hartwig,llambo_warmstart_source_alignment_conservative_ligand_mass_conservative,27101,72.6088,71.0306,27.3912,0,heldout,
real_buchwald_hartwig,llambo_warmstart_source_alignment_conservative_ligand_mass_noprior,27101,72.6088,71.0306,27.3912,0,heldout,
real_buchwald_hartwig,llambo_warmstart_source_schema_only_field_mapping,27101,68.765,67.8084,31.235,0,heldout,
real_buchwald_hartwig,llambo_warmstart_source_schema_only_field_mapping_conservative,27101,68.765,67.8084,31.235,0,heldout,
real_buchwald_hartwig,llambo_warmstart_source_schema_only_field_mapping_noprior,27101,68.765,67.8084,31.235,0,heldout,
real_buchwald_hartwig,llambo_warmstart_steric_tpsa_balanced_optimization,27101,95.6759,85.5125,4.3241,0,heldout,
real_buchwald_hartwig,llambo_warmstart_steric_tpsa_balanced_optimization_conservative,27101,95.6759,85.5125,4.3241,0,heldout,
real_buchwald_hartwig,llambo_warmstart_steric_tpsa_balanced_optimization_noprior,27101,95.6759,85.5125,4.3241,0,heldout,
real_buchwald_hartwig,llm_calibrated_selector,27101,86.4971,85.0011,13.5029,0,heldout,llm_semantic_source_alignment_conservative_ligand_mass_noprior
real_buchwald_hartwig,llm_direct_prior_base_strength_solvent_polarity_domain,27101,85.1447,84.4377,14.8553,0,heldout,
real_buchwald_hartwig,llm_direct_prior_base_strength_solvent_polarity_domain_conservative,27101,95.3865,91.2435,4.6135,0,heldout,
real_buchwald_hartwig,llm_direct_prior_base_strength_solvent_polarity_domain_noprior,27101,85.1447,84.4377,14.8553,0,heldout,
real_buchwald_hartwig,llm_direct_prior_counter_source_acid_halide_reversal,27101,90.3173,88.2082,9.6827,0,heldout,
real_buchwald_hartwig,llm_direct_prior_counter_source_acid_halide_reversal_conservative,27101,90.3173,88.5689,9.6827,0,heldout,
real_buchwald_hartwig,llm_direct_prior_counter_source_acid_halide_reversal_noprior,27101,90.3173,88.2082,9.6827,0,heldout,
real_buchwald_hartwig,llm_direct_prior_cross_skill_rule_bank,27101,91.9334,88.9883,8.0666,0,heldout,
real_buchwald_hartwig,llm_direct_prior_halide_reactivity_additive_suppression,27101,85.1447,81.9867,14.8553,0,heldout,
real_buchwald_hartwig,llm_direct_prior_halide_reactivity_additive_suppression_conservative,27101,99.0345,88.161,0.9655,1,heldout,
real_buchwald_hartwig,llm_direct_prior_halide_reactivity_additive_suppression_noprior,27101,85.1447,81.9867,14.8553,0,heldout,
real_buchwald_hartwig,llm_direct_prior_low_semantic_mass_anchor_heavy,27101,89.6142,88.0014,10.3858,0,heldout,
real_buchwald_hartwig,llm_direct_prior_low_semantic_mass_anchor_heavy_conservative,27101,89.6142,88.0014,10.3858,0,heldout,
real_buchwald_hartwig,llm_direct_prior_low_semantic_mass_anchor_heavy_noprior,27101,89.6142,88.0014,10.3858,0,heldout,
real_buchwald_hartwig,llm_direct_prior_mechanistic_heteroaromatic_halide_synergy,27101,89.9742,86.9025,10.0258,0,heldout,
real_buchwald_hartwig,llm_direct_prior_mechanistic_heteroaromatic_halide_synergy_conservative,27101,90.3173,90.3173,9.6827,0,heldout,
real_buchwald_hartwig,llm_direct_prior_mechanistic_heteroaromatic_halide_synergy_noprior,27101,89.9742,86.9025,10.0258,0,heldout,
real_buchwald_hartwig,llm_direct_prior_selector,27101,90.3173,88.2082,9.6827,0,heldout,llm_direct_prior_counter_source_acid_halide_reversal_noprior
real_buchwald_hartwig,llm_direct_prior_source_alignment_conservative_ligand_mass,27101,100.0,94.2027,0.0,1,heldout,
real_buchwald_hartwig,llm_direct_prior_source_alignment_conservative_ligand_mass_conservative,27101,100.0,94.2027,0.0,1,heldout,
real_buchwald_hartwig,llm_direct_prior_source_alignment_conservative_ligand_mass_noprior,27101,100.0,94.2027,0.0,1,heldout,
real_buchwald_hartwig,llm_direct_prior_source_schema_only_field_mapping,27101,91.3733,80.6593,8.6267,0,heldout,
real_buchwald_hartwig,llm_direct_prior_source_schema_only_field_mapping_conservative,27101,83.6537,81.7991,16.3463,0,heldout,
real_buchwald_hartwig,llm_direct_prior_source_schema_only_field_mapping_noprior,27101,91.3733,80.6593,8.6267,0,heldout,
real_buchwald_hartwig,llm_direct_prior_steric_tpsa_balanced_optimization,27101,79.4448,79.1455,20.5552,0,heldout,
real_buchwald_hartwig,llm_direct_prior_steric_tpsa_balanced_optimization_conservative,27101,79.0172,79.0172,20.9828,0,heldout,
real_buchwald_hartwig,llm_direct_prior_steric_tpsa_balanced_optimization_noprior,27101,79.4448,79.1455,20.5552,0,heldout,
real_buchwald_hartwig,llm_semantic_base_strength_solvent_polarity_domain,27101,92.1197,90.4481,7.8803,0,heldout,
real_buchwald_hartwig,llm_semantic_base_strength_solvent_polarity_domain_conservative,27101,92.1197,89.6133,7.8803,0,heldout,
real_buchwald_hartwig,llm_semantic_base_strength_solvent_polarity_domain_noprior,27101,92.1197,90.4481,7.8803,0,heldout,
real_buchwald_hartwig,llm_semantic_counter_source_acid_halide_reversal,27101,97.5685,91.9964,2.4315,1,heldout,
real_buchwald_hartwig,llm_semantic_counter_source_acid_halide_reversal_conservative,27101,97.5685,91.9964,2.4315,1,heldout,
real_buchwald_hartwig,llm_semantic_counter_source_acid_halide_reversal_noprior,27101,89.6142,89.0641,10.3858,0,heldout,
real_buchwald_hartwig,llm_semantic_cross_skill_rule_bank,27101,96.1323,89.0465,3.8677,0,heldout,
real_buchwald_hartwig,llm_semantic_halide_reactivity_additive_suppression,27101,89.5592,88.505,10.4408,0,heldout,
real_buchwald_hartwig,llm_semantic_halide_reactivity_additive_suppression_conservative,27101,96.1323,93.6748,3.8677,0,heldout,
real_buchwald_hartwig,llm_semantic_halide_reactivity_additive_suppression_noprior,27101,100.0,93.1735,0.0,1,heldout,
real_buchwald_hartwig,llm_semantic_low_semantic_mass_anchor_heavy,27101,89.6142,88.7867,10.3858,0,heldout,
real_buchwald_hartwig,llm_semantic_low_semantic_mass_anchor_heavy_conservative,27101,89.6142,88.7867,10.3858,0,heldout,
real_buchwald_hartwig,llm_semantic_low_semantic_mass_anchor_heavy_noprior,27101,89.6142,88.7867,10.3858,0,heldout,
real_buchwald_hartwig,llm_semantic_mechanistic_heteroaromatic_halide_synergy,27101,96.1323,92.5386,3.8677,0,heldout,
real_buchwald_hartwig,llm_semantic_mechanistic_heteroaromatic_halide_synergy_conservative,27101,96.1323,91.4023,3.8677,0,heldout,
real_buchwald_hartwig,llm_semantic_mechanistic_heteroaromatic_halide_synergy_noprior,27101,89.6142,89.4469,10.3858,0,heldout,
real_buchwald_hartwig,llm_semantic_source_alignment_conservative_ligand_mass,27101,89.6142,86.8859,10.3858,0,heldout,
real_buchwald_hartwig,llm_semantic_source_alignment_conservative_ligand_mass_conservative,27101,86.4971,85.0011,13.5029,0,heldout,
real_buchwald_hartwig,llm_semantic_source_alignment_conservative_ligand_mass_noprior,27101,86.4971,85.0011,13.5029,0,heldout,
real_buchwald_hartwig,llm_semantic_source_schema_only_field_mapping,27101,92.1197,88.9575,7.8803,0,heldout,
real_buchwald_hartwig,llm_semantic_source_schema_only_field_mapping_conservative,27101,92.1197,88.9575,7.8803,0,heldout,
real_buchwald_hartwig,llm_semantic_source_schema_only_field_mapping_noprior,27101,92.1197,88.9575,7.8803,0,heldout,
real_buchwald_hartwig,llm_semantic_steric_tpsa_balanced_optimization,27101,89.6142,87.2847,10.3858,0,heldout,
real_buchwald_hartwig,llm_semantic_steric_tpsa_balanced_optimization_conservative,27101,92.1197,88.8459,7.8803,0,heldout,
real_buchwald_hartwig,llm_semantic_steric_tpsa_balanced_optimization_noprior,27101,91.1391,88.2606,8.8609,0,heldout,
real_buchwald_hartwig,mixed_kernel_gp_ei,27101,96.1323,94.5801,3.8677,0,heldout,
real_buchwald_hartwig,target_acquisition_portfolio,27101,96.1323,94.5801,3.8677,0,heldout,
real_buchwald_hartwig,care_strategy_router,27102,98.7313,94.4097,1.2687,1,heldout,llm_direct_prior_counter_source_acid_halide_reversal_noprior
real_buchwald_hartwig,gp_ucb,27102,93.3108,92.0633,6.6892,0,heldout,
real_buchwald_hartwig,llambo_warmstart_base_strength_solvent_polarity_domain,27102,90.7313,75.4115,9.2687,0,heldout,
real_buchwald_hartwig,llambo_warmstart_base_strength_solvent_polarity_domain_conservative,27102,90.7313,75.4115,9.2687,0,heldout,
real_buchwald_hartwig,llambo_warmstart_base_strength_solvent_polarity_domain_noprior,27102,90.7313,75.4115,9.2687,0,heldout,
real_buchwald_hartwig,llambo_warmstart_counter_source_acid_halide_reversal,27102,78.2963,70.2243,21.7037,0,heldout,
real_buchwald_hartwig,llambo_warmstart_counter_source_acid_halide_reversal_conservative,27102,78.2963,70.2243,21.7037,0,heldout,
real_buchwald_hartwig,llambo_warmstart_counter_source_acid_halide_reversal_noprior,27102,78.2963,70.2243,21.7037,0,heldout,
real_buchwald_hartwig,llambo_warmstart_cross_skill_rule_bank,27102,84.4243,77.2656,15.5757,0,heldout,
real_buchwald_hartwig,llambo_warmstart_halide_reactivity_additive_suppression,27102,100.0,88.3724,0.0,1,heldout,
real_buchwald_hartwig,llambo_warmstart_halide_reactivity_additive_suppression_conservative,27102,100.0,88.3724,0.0,1,heldout,
real_buchwald_hartwig,llambo_warmstart_halide_reactivity_additive_suppression_noprior,27102,100.0,88.3724,0.0,1,heldout,
real_buchwald_hartwig,llambo_warmstart_low_semantic_mass_anchor_heavy,27102,66.4828,65.9388,33.5172,0,heldout,
real_buchwald_hartwig,llambo_warmstart_low_semantic_mass_anchor_heavy_conservative,27102,66.4828,65.9388,33.5172,0,heldout,
real_buchwald_hartwig,llambo_warmstart_low_semantic_mass_anchor_heavy_noprior,27102,66.4828,65.9388,33.5172,0,heldout,
real_buchwald_hartwig,llambo_warmstart_mechanistic_heteroaromatic_halide_synergy,27102,84.4243,82.3515,15.5757,0,heldout,
real_buchwald_hartwig,llambo_warmstart_mechanistic_heteroaromatic_halide_synergy_conservative,27102,84.4243,82.3515,15.5757,0,heldout,
real_buchwald_hartwig,llambo_warmstart_mechanistic_heteroaromatic_halide_synergy_noprior,27102,84.4243,82.3515,15.5757,0,heldout,
real_buchwald_hartwig,llambo_warmstart_selector,27102,84.4243,77.2656,15.5757,0,heldout,llambo_warmstart_cross_skill_rule_bank
real_buchwald_hartwig,llambo_warmstart_source_alignment_conservative_ligand_mass,27102,91.1391,83.2167,8.8609,0,heldout,
real_buchwald_hartwig,llambo_warmstart_source_alignment_conservative_ligand_mass_conservative,27102,91.1391,83.2167,8.8609,0,heldout,
real_buchwald_hartwig,llambo_warmstart_source_alignment_conservative_ligand_mass_noprior,27102,91.1391,83.2167,8.8609,0,heldout,
real_buchwald_hartwig,llambo_warmstart_source_schema_only_field_mapping,27102,95.6759,73.8619,4.3241,0,heldout,
real_buchwald_hartwig,llambo_warmstart_source_schema_only_field_mapping_conservative,27102,95.6759,73.8619,4.3241,0,heldout,
real_buchwald_hartwig,llambo_warmstart_source_schema_only_field_mapping_noprior,27102,95.6759,73.8619,4.3241,0,heldout,
real_buchwald_hartwig,llambo_warmstart_steric_tpsa_balanced_optimization,27102,95.7526,81.6465,4.2474,0,heldout,
real_buchwald_hartwig,llambo_warmstart_steric_tpsa_balanced_optimization_conservative,27102,95.7526,81.6465,4.2474,0,heldout,
real_buchwald_hartwig,llambo_warmstart_steric_tpsa_balanced_optimization_noprior,27102,95.7526,81.6465,4.2474,0,heldout,
real_buchwald_hartwig,llm_calibrated_selector,27102,94.6911,93.4718,5.3089,0,heldout,llm_semantic_source_alignment_conservative_ligand_mass_noprior
real_buchwald_hartwig,llm_direct_prior_base_strength_solvent_polarity_domain,27102,91.5286,91.5286,8.4714,0,heldout,
real_buchwald_hartwig,llm_direct_prior_base_strength_solvent_polarity_domain_conservative,27102,91.5286,91.5286,8.4714,0,heldout,
real_buchwald_hartwig,llm_direct_prior_base_strength_solvent_polarity_domain_noprior,27102,91.5286,91.5286,8.4714,0,heldout,
real_buchwald_hartwig,llm_direct_prior_counter_source_acid_halide_reversal,27102,98.7313,94.4097,1.2687,1,heldout,
real_buchwald_hartwig,llm_direct_prior_counter_source_acid_halide_reversal_conservative,27102,95.129,92.9688,4.871,0,heldout,
real_buchwald_hartwig,llm_direct_prior_counter_source_acid_halide_reversal_noprior,27102,98.7313,94.4097,1.2687,1,heldout,
real_buchwald_hartwig,llm_direct_prior_cross_skill_rule_bank,27102,91.5286,91.5286,8.4714,0,heldout,
real_buchwald_hartwig,llm_direct_prior_halide_reactivity_additive_suppression,27102,91.5286,91.5286,8.4714,0,heldout,
real_buchwald_hartwig,llm_direct_prior_halide_reactivity_additive_suppression_conservative,27102,93.4211,91.9506,6.5789,0,heldout,
real_buchwald_hartwig,llm_direct_prior_halide_reactivity_additive_suppression_noprior,27102,91.5286,91.5286,8.4714,0,heldout,
real_buchwald_hartwig,llm_direct_prior_low_semantic_mass_anchor_heavy,27102,91.5286,91.5286,8.4714,0,heldout,
real_buchwald_hartwig,llm_direct_prior_low_semantic_mass_anchor_heavy_conservative,27102,91.5286,91.5286,8.4714,0,heldout,
real_buchwald_hartwig,llm_direct_prior_low_semantic_mass_anchor_heavy_noprior,27102,91.5286,91.5286,8.4714,0,heldout,
real_buchwald_hartwig,llm_direct_prior_mechanistic_heteroaromatic_halide_synergy,27102,95.129,94.4089,4.871,0,heldout,
real_buchwald_hartwig,llm_direct_prior_mechanistic_heteroaromatic_halide_synergy_conservative,27102,95.129,94.4089,4.871,0,heldout,
real_buchwald_hartwig,llm_direct_prior_mechanistic_heteroaromatic_halide_synergy_noprior,27102,95.129,94.4089,4.871,0,heldout,
real_buchwald_hartwig,llm_direct_prior_selector,27102,98.7313,94.4097,1.2687,1,heldout,llm_direct_prior_counter_source_acid_halide_reversal_noprior
real_buchwald_hartwig,llm_direct_prior_source_alignment_conservative_ligand_mass,27102,93.4211,92.0796,6.5789,0,heldout,
real_buchwald_hartwig,llm_direct_prior_source_alignment_conservative_ligand_mass_conservative,27102,93.4211,92.0796,6.5789,0,heldout,
real_buchwald_hartwig,llm_direct_prior_source_alignment_conservative_ligand_mass_noprior,27102,93.4211,92.0796,6.5789,0,heldout,
real_buchwald_hartwig,llm_direct_prior_source_schema_only_field_mapping,27102,91.5286,91.5286,8.4714,0,heldout,
real_buchwald_hartwig,llm_direct_prior_source_schema_only_field_mapping_conservative,27102,91.5286,91.5286,8.4714,0,heldout,
real_buchwald_hartwig,llm_direct_prior_source_schema_only_field_mapping_noprior,27102,91.5286,91.5286,8.4714,0,heldout,
real_buchwald_hartwig,llm_direct_prior_steric_tpsa_balanced_optimization,27102,91.5286,91.5286,8.4714,0,heldout,
real_buchwald_hartwig,llm_direct_prior_steric_tpsa_balanced_optimization_conservative,27102,92.5725,91.633,7.4275,0,heldout,
real_buchwald_hartwig,llm_direct_prior_steric_tpsa_balanced_optimization_noprior,27102,91.5286,91.5286,8.4714,0,heldout,
real_buchwald_hartwig,llm_semantic_base_strength_solvent_polarity_domain,27102,92.659,91.7547,7.341,0,heldout,
real_buchwald_hartwig,llm_semantic_base_strength_solvent_polarity_domain_conservative,27102,91.5286,91.5286,8.4714,0,heldout,
real_buchwald_hartwig,llm_semantic_base_strength_solvent_polarity_domain_noprior,27102,91.5286,91.5286,8.4714,0,heldout,
real_buchwald_hartwig,llm_semantic_counter_source_acid_halide_reversal,27102,93.3108,92.7761,6.6892,0,heldout,
real_buchwald_hartwig,llm_semantic_counter_source_acid_halide_reversal_conservative,27102,93.4211,91.9071,6.5789,0,heldout,
real_buchwald_hartwig,llm_semantic_counter_source_acid_halide_reversal_noprior,27102,93.0995,92.4711,6.9005,0,heldout,
real_buchwald_hartwig,llm_semantic_cross_skill_rule_bank,27102,93.3108,92.2415,6.6892,0,heldout,
real_buchwald_hartwig,llm_semantic_halide_reactivity_additive_suppression,27102,91.5286,91.5286,8.4714,0,heldout,
real_buchwald_hartwig,llm_semantic_halide_reactivity_additive_suppression_conservative,27102,98.2872,93.8956,1.7128,1,heldout,
real_buchwald_hartwig,llm_semantic_halide_reactivity_additive_suppression_noprior,27102,94.3462,92.3739,5.6538,0,heldout,
real_buchwald_hartwig,llm_semantic_low_semantic_mass_anchor_heavy,27102,91.5286,91.5286,8.4714,0,heldout,
real_buchwald_hartwig,llm_semantic_low_semantic_mass_anchor_heavy_conservative,27102,91.5286,91.5286,8.4714,0,heldout,
real_buchwald_hartwig,llm_semantic_low_semantic_mass_anchor_heavy_noprior,27102,91.5286,91.5286,8.4714,0,heldout,
real_buchwald_hartwig,llm_semantic_mechanistic_heteroaromatic_halide_synergy,27102,92.659,92.659,7.341,0,heldout,
real_buchwald_hartwig,llm_semantic_mechanistic_heteroaromatic_halide_synergy_conservative,27102,93.0995,92.7912,6.9005,0,heldout,
real_buchwald_hartwig,llm_semantic_mechanistic_heteroaromatic_halide_synergy_noprior,27102,93.0289,92.807,6.9711,0,heldout,
real_buchwald_hartwig,llm_semantic_source_alignment_conservative_ligand_mass,27102,94.6911,93.4718,5.3089,0,heldout,
real_buchwald_hartwig,llm_semantic_source_alignment_conservative_ligand_mass_conservative,27102,94.6911,93.4718,5.3089,0,heldout,
real_buchwald_hartwig,llm_semantic_source_alignment_conservative_ligand_mass_noprior,27102,94.6911,93.4718,5.3089,0,heldout,
real_buchwald_hartwig,llm_semantic_source_schema_only_field_mapping,27102,93.0289,91.6786,6.9711,0,heldout,
real_buchwald_hartwig,llm_semantic_source_schema_only_field_mapping_conservative,27102,91.5286,91.5286,8.4714,0,heldout,
real_buchwald_hartwig,llm_semantic_source_schema_only_field_mapping_noprior,27102,91.5286,91.5286,8.4714,0,heldout,
real_buchwald_hartwig,llm_semantic_steric_tpsa_balanced_optimization,27102,98.2872,93.6289,1.7128,1,heldout,
real_buchwald_hartwig,llm_semantic_steric_tpsa_balanced_optimization_conservative,27102,94.6911,93.8783,5.3089,0,heldout,
real_buchwald_hartwig,llm_semantic_steric_tpsa_balanced_optimization_noprior,27102,98.2872,93.6305,1.7128,1,heldout,
real_buchwald_hartwig,mixed_kernel_gp_ei,27102,93.3108,92.2415,6.6892,0,heldout,
real_buchwald_hartwig,target_acquisition_portfolio,27102,93.3108,92.0633,6.6892,0,heldout,
real_buchwald_hartwig,care_strategy_router,27103,95.3865,92.4246,4.6135,0,heldout,llm_direct_prior_counter_source_acid_halide_reversal_noprior
real_buchwald_hartwig,gp_ucb,27103,99.6191,89.1435,0.3809,1,heldout,
real_buchwald_hartwig,llambo_warmstart_base_strength_solvent_polarity_domain,27103,83.2944,78.5923,16.7056,0,heldout,
real_buchwald_hartwig,llambo_warmstart_base_strength_solvent_polarity_domain_conservative,27103,83.2944,78.5923,16.7056,0,heldout,
real_buchwald_hartwig,llambo_warmstart_base_strength_solvent_polarity_domain_noprior,27103,83.2944,78.5923,16.7056,0,heldout,
real_buchwald_hartwig,llambo_warmstart_counter_source_acid_halide_reversal,27103,97.5685,97.5685,2.4315,1,heldout,
real_buchwald_hartwig,llambo_warmstart_counter_source_acid_halide_reversal_conservative,27103,97.5685,97.5685,2.4315,1,heldout,
real_buchwald_hartwig,llambo_warmstart_counter_source_acid_halide_reversal_noprior,27103,97.5685,97.5685,2.4315,1,heldout,
real_buchwald_hartwig,llambo_warmstart_cross_skill_rule_bank,27103,98.7313,92.2096,1.2687,1,heldout,
real_buchwald_hartwig,llambo_warmstart_halide_reactivity_additive_suppression,27103,84.8955,79.3727,15.1045,0,heldout,
real_buchwald_hartwig,llambo_warmstart_halide_reactivity_additive_suppression_conservative,27103,84.8955,79.3727,15.1045,0,heldout,
real_buchwald_hartwig,llambo_warmstart_halide_reactivity_additive_suppression_noprior,27103,84.8955,79.3727,15.1045,0,heldout,
real_buchwald_hartwig,llambo_warmstart_low_semantic_mass_anchor_heavy,27103,87.5291,87.3097,12.4709,0,heldout,
real_buchwald_hartwig,llambo_warmstart_low_semantic_mass_anchor_heavy_conservative,27103,87.5291,87.3097,12.4709,0,heldout,
real_buchwald_hartwig,llambo_warmstart_low_semantic_mass_anchor_heavy_noprior,27103,87.5291,87.3097,12.4709,0,heldout,
real_buchwald_hartwig,llambo_warmstart_mechanistic_heteroaromatic_halide_synergy,27103,87.5291,87.0532,12.4709,0,heldout,
real_buchwald_hartwig,llambo_warmstart_mechanistic_heteroaromatic_halide_synergy_conservative,27103,87.5291,87.0532,12.4709,0,heldout,
real_buchwald_hartwig,llambo_warmstart_mechanistic_heteroaromatic_halide_synergy_noprior,27103,87.5291,87.0532,12.4709,0,heldout,
real_buchwald_hartwig,llambo_warmstart_selector,27103,98.7313,92.2096,1.2687,1,heldout,llambo_warmstart_cross_skill_rule_bank
real_buchwald_hartwig,llambo_warmstart_source_alignment_conservative_ligand_mass,27103,73.2728,68.0118,26.7272,0,heldout,
real_buchwald_hartwig,llambo_warmstart_source_alignment_conservative_ligand_mass_conservative,27103,73.2728,68.0118,26.7272,0,heldout,
real_buchwald_hartwig,llambo_warmstart_source_alignment_conservative_ligand_mass_noprior,27103,73.2728,68.0118,26.7272,0,heldout,
real_buchwald_hartwig,llambo_warmstart_source_schema_only_field_mapping,27103,88.5139,84.1193,11.4861,0,heldout,
real_buchwald_hartwig,llambo_warmstart_source_schema_only_field_mapping_conservative,27103,88.5139,84.1193,11.4861,0,heldout,
real_buchwald_hartwig,llambo_warmstart_source_schema_only_field_mapping_noprior,27103,88.5139,84.1193,11.4861,0,heldout,
real_buchwald_hartwig,llambo_warmstart_steric_tpsa_balanced_optimization,27103,98.2872,77.182,1.7128,1,heldout,
real_buchwald_hartwig,llambo_warmstart_steric_tpsa_balanced_optimization_conservative,27103,98.2872,77.182,1.7128,1,heldout,
real_buchwald_hartwig,llambo_warmstart_steric_tpsa_balanced_optimization_noprior,27103,98.2872,77.182,1.7128,1,heldout,
real_buchwald_hartwig,llm_calibrated_selector,27103,89.6142,84.0394,10.3858,0,heldout,llm_semantic_source_alignment_conservative_ligand_mass_noprior
real_buchwald_hartwig,llm_direct_prior_base_strength_solvent_polarity_domain,27103,85.1447,81.3206,14.8553,0,heldout,
real_buchwald_hartwig,llm_direct_prior_base_strength_solvent_polarity_domain_conservative,27103,90.2279,78.9991,9.7721,0,heldout,
real_buchwald_hartwig,llm_direct_prior_base_strength_solvent_polarity_domain_noprior,27103,85.1447,81.3206,14.8553,0,heldout,
real_buchwald_hartwig,llm_direct_prior_counter_source_acid_halide_reversal,27103,95.3865,92.4246,4.6135,0,heldout,
real_buchwald_hartwig,llm_direct_prior_counter_source_acid_halide_reversal_conservative,27103,100.0,89.6013,0.0,1,heldout,
real_buchwald_hartwig,llm_direct_prior_counter_source_acid_halide_reversal_noprior,27103,95.3865,92.4246,4.6135,0,heldout,
real_buchwald_hartwig,llm_direct_prior_cross_skill_rule_bank,27103,91.9334,88.2496,8.0666,0,heldout,
real_buchwald_hartwig,llm_direct_prior_halide_reactivity_additive_suppression,27103,85.1447,81.3206,14.8553,0,heldout,
real_buchwald_hartwig,llm_direct_prior_halide_reactivity_additive_suppression_conservative,27103,85.1447,85.1447,14.8553,0,heldout,
real_buchwald_hartwig,llm_direct_prior_halide_reactivity_additive_suppression_noprior,27103,85.1447,81.3206,14.8553,0,heldout,
real_buchwald_hartwig,llm_direct_prior_low_semantic_mass_anchor_heavy,27103,99.0345,93.1015,0.9655,1,heldout,
real_buchwald_hartwig,llm_direct_prior_low_semantic_mass_anchor_heavy_conservative,27103,99.0345,93.1015,0.9655,1,heldout,
real_buchwald_hartwig,llm_direct_prior_low_semantic_mass_anchor_heavy_noprior,27103,99.0345,93.1015,0.9655,1,heldout,
real_buchwald_hartwig,llm_direct_prior_mechanistic_heteroaromatic_halide_synergy,27103,93.3108,89.981,6.6892,0,heldout,
real_buchwald_hartwig,llm_direct_prior_mechanistic_heteroaromatic_halide_synergy_conservative,27103,100.0,91.2251,0.0,1,heldout,
real_buchwald_hartwig,llm_direct_prior_mechanistic_heteroaromatic_halide_synergy_noprior,27103,93.3108,89.981,6.6892,0,heldout,
real_buchwald_hartwig,llm_direct_prior_selector,27103,95.3865,92.4246,4.6135,0,heldout,llm_direct_prior_counter_source_acid_halide_reversal_noprior
real_buchwald_hartwig,llm_direct_prior_source_alignment_conservative_ligand_mass,27103,86.4971,78.098,13.5029,0,heldout,
real_buchwald_hartwig,llm_direct_prior_source_alignment_conservative_ligand_mass_conservative,27103,86.4971,78.098,13.5029,0,heldout,
real_buchwald_hartwig,llm_direct_prior_source_alignment_conservative_ligand_mass_noprior,27103,86.4971,78.098,13.5029,0,heldout,
real_buchwald_hartwig,llm_direct_prior_source_schema_only_field_mapping,27103,88.4464,77.272,11.5536,0,heldout,
real_buchwald_hartwig,llm_direct_prior_source_schema_only_field_mapping_conservative,27103,88.4464,77.272,11.5536,0,heldout,
real_buchwald_hartwig,llm_direct_prior_source_schema_only_field_mapping_noprior,27103,88.4464,77.272,11.5536,0,heldout,
real_buchwald_hartwig,llm_direct_prior_steric_tpsa_balanced_optimization,27103,83.3036,77.6184,16.6964,0,heldout,
real_buchwald_hartwig,llm_direct_prior_steric_tpsa_balanced_optimization_conservative,27103,79.4448,73.4464,20.5552,0,heldout,
real_buchwald_hartwig,llm_direct_prior_steric_tpsa_balanced_optimization_noprior,27103,83.3036,77.6184,16.6964,0,heldout,
real_buchwald_hartwig,llm_semantic_base_strength_solvent_polarity_domain,27103,84.6498,76.172,15.3502,0,heldout,
real_buchwald_hartwig,llm_semantic_base_strength_solvent_polarity_domain_conservative,27103,92.1197,84.327,7.8803,0,heldout,
real_buchwald_hartwig,llm_semantic_base_strength_solvent_polarity_domain_noprior,27103,89.6142,83.0259,10.3858,0,heldout,
real_buchwald_hartwig,llm_semantic_counter_source_acid_halide_reversal,27103,97.5685,79.6165,2.4315,1,heldout,
real_buchwald_hartwig,llm_semantic_counter_source_acid_halide_reversal_conservative,27103,75.7358,74.7646,24.2642,0,heldout,
real_buchwald_hartwig,llm_semantic_counter_source_acid_halide_reversal_noprior,27103,77.5468,75.1268,22.4532,0,heldout,
real_buchwald_hartwig,llm_semantic_cross_skill_rule_bank,27103,100.0,93.5628,0.0,1,heldout,
real_buchwald_hartwig,llm_semantic_halide_reactivity_additive_suppression,27103,92.1197,88.7803,7.8803,0,heldout,
real_buchwald_hartwig,llm_semantic_halide_reactivity_additive_suppression_conservative,27103,92.1197,88.8024,7.8803,0,heldout,
real_buchwald_hartwig,llm_semantic_halide_reactivity_additive_suppression_noprior,27103,92.1197,88.4822,7.8803,0,heldout,
real_buchwald_hartwig,llm_semantic_low_semantic_mass_anchor_heavy,27103,89.6142,86.4644,10.3858,0,heldout,
real_buchwald_hartwig,llm_semantic_low_semantic_mass_anchor_heavy_conservative,27103,89.6142,86.4644,10.3858,0,heldout,
real_buchwald_hartwig,llm_semantic_low_semantic_mass_anchor_heavy_noprior,27103,89.6142,86.4644,10.3858,0,heldout,
real_buchwald_hartwig,llm_semantic_mechanistic_heteroaromatic_halide_synergy,27103,89.6142,86.7761,10.3858,0,heldout,
real_buchwald_hartwig,llm_semantic_mechanistic_heteroaromatic_halide_synergy_conservative,27103,96.1323,91.5075,3.8677,0,heldout,
real_buchwald_hartwig,llm_semantic_mechanistic_heteroaromatic_halide_synergy_noprior,27103,92.1197,87.1871,7.8803,0,heldout,
real_buchwald_hartwig,llm_semantic_source_alignment_conservative_ligand_mass,27103,89.6142,84.0394,10.3858,0,heldout,
real_buchwald_hartwig,llm_semantic_source_alignment_conservative_ligand_mass_conservative,27103,89.6142,84.0394,10.3858,0,heldout,
real_buchwald_hartwig,llm_semantic_source_alignment_conservative_ligand_mass_noprior,27103,89.6142,84.0394,10.3858,0,heldout,
real_buchwald_hartwig,llm_semantic_source_schema_only_field_mapping,27103,77.5468,75.5671,22.4532,0,heldout,
real_buchwald_hartwig,llm_semantic_source_schema_only_field_mapping_conservative,27103,89.6142,83.0917,10.3858,0,heldout,
real_buchwald_hartwig,llm_semantic_source_schema_only_field_mapping_noprior,27103,89.6142,83.0917,10.3858,0,heldout,
real_buchwald_hartwig,llm_semantic_steric_tpsa_balanced_optimization,27103,91.1391,83.7329,8.8609,0,heldout,
real_buchwald_hartwig,llm_semantic_steric_tpsa_balanced_optimization_conservative,27103,89.6142,86.4644,10.3858,0,heldout,
real_buchwald_hartwig,llm_semantic_steric_tpsa_balanced_optimization_noprior,27103,89.6142,87.557,10.3858,0,heldout,
real_buchwald_hartwig,mixed_kernel_gp_ei,27103,100.0,91.2613,0.0,1,heldout,
real_buchwald_hartwig,target_acquisition_portfolio,27103,100.0,91.2613,0.0,1,heldout,
real_buchwald_hartwig,care_strategy_router,27104,98.7313,87.9296,1.2687,1,heldout,llm_direct_prior_counter_source_acid_halide_reversal_noprior
real_buchwald_hartwig,gp_ucb,27104,72.6377,72.6377,27.3623,0,heldout,
real_buchwald_hartwig,llambo_warmstart_base_strength_solvent_polarity_domain,27104,98.2872,98.2872,1.7128,1,heldout,
real_buchwald_hartwig,llambo_warmstart_base_strength_solvent_polarity_domain_conservative,27104,98.2872,98.2872,1.7128,1,heldout,
real_buchwald_hartwig,llambo_warmstart_base_strength_solvent_polarity_domain_noprior,27104,98.2872,98.2872,1.7128,1,heldout,
real_buchwald_hartwig,llambo_warmstart_counter_source_acid_halide_reversal,27104,91.6984,91.6984,8.3016,0,heldout,
real_buchwald_hartwig,llambo_warmstart_counter_source_acid_halide_reversal_conservative,27104,91.6984,91.6984,8.3016,0,heldout,
real_buchwald_hartwig,llambo_warmstart_counter_source_acid_halide_reversal_noprior,27104,91.6984,91.6984,8.3016,0,heldout,
real_buchwald_hartwig,llambo_warmstart_cross_skill_rule_bank,27104,98.7313,92.0622,1.2687,1,heldout,
real_buchwald_hartwig,llambo_warmstart_halide_reactivity_additive_suppression,27104,98.2872,93.3737,1.7128,1,heldout,
real_buchwald_hartwig,llambo_warmstart_halide_reactivity_additive_suppression_conservative,27104,98.2872,93.3737,1.7128,1,heldout,
real_buchwald_hartwig,llambo_warmstart_halide_reactivity_additive_suppression_noprior,27104,98.2872,93.3737,1.7128,1,heldout,
real_buchwald_hartwig,llambo_warmstart_low_semantic_mass_anchor_heavy,27104,94.501,92.5183,5.499,0,heldout,
real_buchwald_hartwig,llambo_warmstart_low_semantic_mass_anchor_heavy_conservative,27104,94.501,92.5183,5.499,0,heldout,
real_buchwald_hartwig,llambo_warmstart_low_semantic_mass_anchor_heavy_noprior,27104,94.501,92.5183,5.499,0,heldout,
real_buchwald_hartwig,llambo_warmstart_mechanistic_heteroaromatic_halide_synergy,27104,93.3108,88.5174,6.6892,0,heldout,
real_buchwald_hartwig,llambo_warmstart_mechanistic_heteroaromatic_halide_synergy_conservative,27104,93.3108,88.5174,6.6892,0,heldout,
real_buchwald_hartwig,llambo_warmstart_mechanistic_heteroaromatic_halide_synergy_noprior,27104,93.3108,88.5174,6.6892,0,heldout,
real_buchwald_hartwig,llambo_warmstart_selector,27104,98.7313,92.0622,1.2687,1,heldout,llambo_warmstart_cross_skill_rule_bank
real_buchwald_hartwig,llambo_warmstart_source_alignment_conservative_ligand_mass,27104,100.0,95.3782,0.0,1,heldout,
real_buchwald_hartwig,llambo_warmstart_source_alignment_conservative_ligand_mass_conservative,27104,100.0,95.3782,0.0,1,heldout,
real_buchwald_hartwig,llambo_warmstart_source_alignment_conservative_ligand_mass_noprior,27104,100.0,95.3782,0.0,1,heldout,
real_buchwald_hartwig,llambo_warmstart_source_schema_only_field_mapping,27104,100.0,92.9535,0.0,1,heldout,
real_buchwald_hartwig,llambo_warmstart_source_schema_only_field_mapping_conservative,27104,100.0,92.9535,0.0,1,heldout,
real_buchwald_hartwig,llambo_warmstart_source_schema_only_field_mapping_noprior,27104,100.0,92.9535,0.0,1,heldout,
real_buchwald_hartwig,llambo_warmstart_steric_tpsa_balanced_optimization,27104,52.0133,47.839,47.9867,0,heldout,
real_buchwald_hartwig,llambo_warmstart_steric_tpsa_balanced_optimization_conservative,27104,52.0133,47.839,47.9867,0,heldout,
real_buchwald_hartwig,llambo_warmstart_steric_tpsa_balanced_optimization_noprior,27104,52.0133,47.839,47.9867,0,heldout,
real_buchwald_hartwig,llm_calibrated_selector,27104,94.3462,83.7359,5.6538,0,heldout,llm_semantic_source_alignment_conservative_ligand_mass_noprior
real_buchwald_hartwig,llm_direct_prior_base_strength_solvent_polarity_domain,27104,85.1447,78.345,14.8553,0,heldout,
real_buchwald_hartwig,llm_direct_prior_base_strength_solvent_polarity_domain_conservative,27104,72.6377,72.6377,27.3623,0,heldout,
real_buchwald_hartwig,llm_direct_prior_base_strength_solvent_polarity_domain_noprior,27104,85.1447,78.345,14.8553,0,heldout,
real_buchwald_hartwig,llm_direct_prior_counter_source_acid_halide_reversal,27104,98.7313,87.9296,1.2687,1,heldout,
real_buchwald_hartwig,llm_direct_prior_counter_source_acid_halide_reversal_conservative,27104,93.4211,88.2006,6.5789,0,heldout,
real_buchwald_hartwig,llm_direct_prior_counter_source_acid_halide_reversal_noprior,27104,98.7313,87.9296,1.2687,1,heldout,
real_buchwald_hartwig,llm_direct_prior_cross_skill_rule_bank,27104,86.1051,82.7306,13.8949,0,heldout,
real_buchwald_hartwig,llm_direct_prior_halide_reactivity_additive_suppression,27104,77.7868,74.6543,22.2132,0,heldout,
real_buchwald_hartwig,llm_direct_prior_halide_reactivity_additive_suppression_conservative,27104,85.1402,82.6397,14.8598,0,heldout,
real_buchwald_hartwig,llm_direct_prior_halide_reactivity_additive_suppression_noprior,27104,77.7868,74.6543,22.2132,0,heldout,
real_buchwald_hartwig,llm_direct_prior_low_semantic_mass_anchor_heavy,27104,93.7486,76.1263,6.2514,0,heldout,
real_buchwald_hartwig,llm_direct_prior_low_semantic_mass_anchor_heavy_conservative,27104,93.7486,76.1263,6.2514,0,heldout,
real_buchwald_hartwig,llm_direct_prior_low_semantic_mass_anchor_heavy_noprior,27104,93.7486,76.1263,6.2514,0,heldout,
real_buchwald_hartwig,llm_direct_prior_mechanistic_heteroaromatic_halide_synergy,27104,85.1332,78.9544,14.8668,0,heldout,
real_buchwald_hartwig,llm_direct_prior_mechanistic_heteroaromatic_halide_synergy_conservative,27104,98.7313,88.5885,1.2687,1,heldout,
real_buchwald_hartwig,llm_direct_prior_mechanistic_heteroaromatic_halide_synergy_noprior,27104,85.1332,78.9544,14.8668,0,heldout,
real_buchwald_hartwig,llm_direct_prior_selector,27104,98.7313,87.9296,1.2687,1,heldout,llm_direct_prior_counter_source_acid_halide_reversal_noprior
real_buchwald_hartwig,llm_direct_prior_source_alignment_conservative_ligand_mass,27104,91.9334,84.8453,8.0666,0,heldout,
real_buchwald_hartwig,llm_direct_prior_source_alignment_conservative_ligand_mass_conservative,27104,91.9334,84.8453,8.0666,0,heldout,
real_buchwald_hartwig,llm_direct_prior_source_alignment_conservative_ligand_mass_noprior,27104,91.9334,84.8453,8.0666,0,heldout,
real_buchwald_hartwig,llm_direct_prior_source_schema_only_field_mapping,27104,86.2002,80.9253,13.7998,0,heldout,
real_buchwald_hartwig,llm_direct_prior_source_schema_only_field_mapping_conservative,27104,86.2002,80.9253,13.7998,0,heldout,
real_buchwald_hartwig,llm_direct_prior_source_schema_only_field_mapping_noprior,27104,86.2002,80.9253,13.7998,0,heldout,
real_buchwald_hartwig,llm_direct_prior_steric_tpsa_balanced_optimization,27104,79.8724,76.7519,20.1276,0,heldout,
real_buchwald_hartwig,llm_direct_prior_steric_tpsa_balanced_optimization_conservative,27104,81.1512,76.7943,18.8488,0,heldout,
real_buchwald_hartwig,llm_direct_prior_steric_tpsa_balanced_optimization_noprior,27104,79.8724,76.7519,20.1276,0,heldout,
real_buchwald_hartwig,llm_semantic_base_strength_solvent_polarity_domain,27104,72.6377,72.6377,27.3623,0,heldout,
real_buchwald_hartwig,llm_semantic_base_strength_solvent_polarity_domain_conservative,27104,73.2728,72.8282,26.7272,0,heldout,
real_buchwald_hartwig,llm_semantic_base_strength_solvent_polarity_domain_noprior,27104,73.2728,72.8917,26.7272,0,heldout,
real_buchwald_hartwig,llm_semantic_counter_source_acid_halide_reversal,27104,100.0,80.6364,0.0,1,heldout,
real_buchwald_hartwig,llm_semantic_counter_source_acid_halide_reversal_conservative,27104,78.5056,74.023,21.4944,0,heldout,
real_buchwald_hartwig,llm_semantic_counter_source_acid_halide_reversal_noprior,27104,76.1607,73.3423,23.8393,0,heldout,
real_buchwald_hartwig,llm_semantic_cross_skill_rule_bank,27104,98.7313,92.6976,1.2687,1,heldout,
real_buchwald_hartwig,llm_semantic_halide_reactivity_additive_suppression,27104,72.6377,72.6377,27.3623,0,heldout,
real_buchwald_hartwig,llm_semantic_halide_reactivity_additive_suppression_conservative,27104,78.005,73.7112,21.995,0,heldout,
real_buchwald_hartwig,llm_semantic_halide_reactivity_additive_suppression_noprior,27104,79.8724,73.9775,20.1276,0,heldout,
real_buchwald_hartwig,llm_semantic_low_semantic_mass_anchor_heavy,27104,94.3462,80.266,5.6538,0,heldout,
real_buchwald_hartwig,llm_semantic_low_semantic_mass_anchor_heavy_conservative,27104,94.3462,82.0346,5.6538,0,heldout,
real_buchwald_hartwig,llm_semantic_low_semantic_mass_anchor_heavy_noprior,27104,94.3462,82.0346,5.6538,0,heldout,
real_buchwald_hartwig,llm_semantic_mechanistic_heteroaromatic_halide_synergy,27104,89.6142,76.5239,10.3858,0,heldout,
real_buchwald_hartwig,llm_semantic_mechanistic_heteroaromatic_halide_synergy_conservative,27104,83.8745,74.7676,16.1255,0,heldout,
real_buchwald_hartwig,llm_semantic_mechanistic_heteroaromatic_halide_synergy_noprior,27104,72.6377,72.6377,27.3623,0,heldout,
real_buchwald_hartwig,llm_semantic_source_alignment_conservative_ligand_mass,27104,94.3462,83.7359,5.6538,0,heldout,
real_buchwald_hartwig,llm_semantic_source_alignment_conservative_ligand_mass_conservative,27104,94.3462,83.7359,5.6538,0,heldout,
real_buchwald_hartwig,llm_semantic_source_alignment_conservative_ligand_mass_noprior,27104,94.3462,83.7359,5.6538,0,heldout,
real_buchwald_hartwig,llm_semantic_source_schema_only_field_mapping,27104,74.0474,73.7655,25.9526,0,heldout,
real_buchwald_hartwig,llm_semantic_source_schema_only_field_mapping_conservative,27104,74.0474,73.7655,25.9526,0,heldout,
real_buchwald_hartwig,llm_semantic_source_schema_only_field_mapping_noprior,27104,74.0474,73.7655,25.9526,0,heldout,
real_buchwald_hartwig,llm_semantic_steric_tpsa_balanced_optimization,27104,83.7372,83.7372,16.2628,0,heldout,
real_buchwald_hartwig,llm_semantic_steric_tpsa_balanced_optimization_conservative,27104,94.3462,86.6517,5.6538,0,heldout,
real_buchwald_hartwig,llm_semantic_steric_tpsa_balanced_optimization_noprior,27104,72.6377,72.6377,27.3623,0,heldout,
real_buchwald_hartwig,mixed_kernel_gp_ei,27104,77.3329,74.0463,22.6671,0,heldout,
real_buchwald_hartwig,target_acquisition_portfolio,27104,77.3329,74.5158,22.6671,0,heldout,
real_buchwald_hartwig,care_strategy_router,27105,89.5988,89.5988,10.4012,0,heldout,llm_direct_prior_counter_source_acid_halide_reversal_noprior
real_buchwald_hartwig,gp_ucb,27105,100.0,96.6974,0.0,1,heldout,
real_buchwald_hartwig,llambo_warmstart_base_strength_solvent_polarity_domain,27105,97.2929,91.6111,2.7071,0,heldout,
real_buchwald_hartwig,llambo_warmstart_base_strength_solvent_polarity_domain_conservative,27105,97.2929,91.6111,2.7071,0,heldout,
real_buchwald_hartwig,llambo_warmstart_base_strength_solvent_polarity_domain_noprior,27105,97.2929,91.6111,2.7071,0,heldout,
real_buchwald_hartwig,llambo_warmstart_counter_source_acid_halide_reversal,27105,99.6191,94.2234,0.3809,1,heldout,
real_buchwald_hartwig,llambo_warmstart_counter_source_acid_halide_reversal_conservative,27105,99.6191,94.2234,0.3809,1,heldout,
real_buchwald_hartwig,llambo_warmstart_counter_source_acid_halide_reversal_noprior,27105,99.6191,94.2234,0.3809,1,heldout,
real_buchwald_hartwig,llambo_warmstart_cross_skill_rule_bank,27105,97.2929,90.4589,2.7071,0,heldout,
real_buchwald_hartwig,llambo_warmstart_halide_reactivity_additive_suppression,27105,84.4042,76.6912,15.5958,0,heldout,
real_buchwald_hartwig,llambo_warmstart_halide_reactivity_additive_suppression_conservative,27105,84.4042,76.6912,15.5958,0,heldout,
real_buchwald_hartwig,llambo_warmstart_halide_reactivity_additive_suppression_noprior,27105,84.4042,76.6912,15.5958,0,heldout,
real_buchwald_hartwig,llambo_warmstart_low_semantic_mass_anchor_heavy,27105,100.0,92.957,0.0,1,heldout,
real_buchwald_hartwig,llambo_warmstart_low_semantic_mass_anchor_heavy_conservative,27105,100.0,92.957,0.0,1,heldout,
real_buchwald_hartwig,llambo_warmstart_low_semantic_mass_anchor_heavy_noprior,27105,100.0,92.957,0.0,1,heldout,
real_buchwald_hartwig,llambo_warmstart_mechanistic_heteroaromatic_halide_synergy,27105,93.1012,92.5466,6.8988,0,heldout,
real_buchwald_hartwig,llambo_warmstart_mechanistic_heteroaromatic_halide_synergy_conservative,27105,93.1012,92.5466,6.8988,0,heldout,
real_buchwald_hartwig,llambo_warmstart_mechanistic_heteroaromatic_halide_synergy_noprior,27105,93.1012,92.5466,6.8988,0,heldout,
real_buchwald_hartwig,llambo_warmstart_selector,27105,97.2929,90.4589,2.7071,0,heldout,llambo_warmstart_cross_skill_rule_bank
real_buchwald_hartwig,llambo_warmstart_source_alignment_conservative_ligand_mass,27105,81.3576,69.0831,18.6424,0,heldout,
real_buchwald_hartwig,llambo_warmstart_source_alignment_conservative_ligand_mass_conservative,27105,81.3576,69.0831,18.6424,0,heldout,
real_buchwald_hartwig,llambo_warmstart_source_alignment_conservative_ligand_mass_noprior,27105,81.3576,69.0831,18.6424,0,heldout,
real_buchwald_hartwig,llambo_warmstart_source_schema_only_field_mapping,27105,70.5651,67.5945,29.4349,0,heldout,
real_buchwald_hartwig,llambo_warmstart_source_schema_only_field_mapping_conservative,27105,70.5651,67.5945,29.4349,0,heldout,
real_buchwald_hartwig,llambo_warmstart_source_schema_only_field_mapping_noprior,27105,70.5651,67.5945,29.4349,0,heldout,
real_buchwald_hartwig,llambo_warmstart_steric_tpsa_balanced_optimization,27105,94.501,70.3884,5.499,0,heldout,
real_buchwald_hartwig,llambo_warmstart_steric_tpsa_balanced_optimization_conservative,27105,94.501,70.3884,5.499,0,heldout,
real_buchwald_hartwig,llambo_warmstart_steric_tpsa_balanced_optimization_noprior,27105,94.501,70.3884,5.499,0,heldout,
real_buchwald_hartwig,llm_calibrated_selector,27105,100.0,92.7192,0.0,1,heldout,llm_semantic_source_alignment_conservative_ligand_mass_noprior
real_buchwald_hartwig,llm_direct_prior_base_strength_solvent_polarity_domain,27105,89.5988,89.5988,10.4012,0,heldout,
real_buchwald_hartwig,llm_direct_prior_base_strength_solvent_polarity_domain_conservative,27105,89.5988,89.5988,10.4012,0,heldout,
real_buchwald_hartwig,llm_direct_prior_base_strength_solvent_polarity_domain_noprior,27105,89.5988,89.5988,10.4012,0,heldout,
real_buchwald_hartwig,llm_direct_prior_counter_source_acid_halide_reversal,27105,89.5988,89.5988,10.4012,0,heldout,
real_buchwald_hartwig,llm_direct_prior_counter_source_acid_halide_reversal_conservative,27105,89.5988,89.5988,10.4012,0,heldout,
real_buchwald_hartwig,llm_direct_prior_counter_source_acid_halide_reversal_noprior,27105,89.5988,89.5988,10.4012,0,heldout,
real_buchwald_hartwig,llm_direct_prior_cross_skill_rule_bank,27105,89.5988,89.5988,10.4012,0,heldout,
real_buchwald_hartwig,llm_direct_prior_halide_reactivity_additive_suppression,27105,89.5988,89.5988,10.4012,0,heldout,
real_buchwald_hartwig,llm_direct_prior_halide_reactivity_additive_suppression_conservative,27105,100.0,91.679,0.0,1,heldout,
real_buchwald_hartwig,llm_direct_prior_halide_reactivity_additive_suppression_noprior,27105,89.5988,89.5988,10.4012,0,heldout,
real_buchwald_hartwig,llm_direct_prior_low_semantic_mass_anchor_heavy,27105,100.0,96.8796,0.0,1,heldout,
real_buchwald_hartwig,llm_direct_prior_low_semantic_mass_anchor_heavy_conservative,27105,100.0,96.8796,0.0,1,heldout,
real_buchwald_hartwig,llm_direct_prior_low_semantic_mass_anchor_heavy_noprior,27105,100.0,96.8796,0.0,1,heldout,
real_buchwald_hartwig,llm_direct_prior_mechanistic_heteroaromatic_halide_synergy,27105,89.5988,89.5988,10.4012,0,heldout,
real_buchwald_hartwig,llm_direct_prior_mechanistic_heteroaromatic_halide_synergy_conservative,27105,93.7486,91.2587,6.2514,0,heldout,
real_buchwald_hartwig,llm_direct_prior_mechanistic_heteroaromatic_halide_synergy_noprior,27105,89.5988,89.5988,10.4012,0,heldout,
real_buchwald_hartwig,llm_direct_prior_selector,27105,89.5988,89.5988,10.4012,0,heldout,llm_direct_prior_counter_source_acid_halide_reversal_noprior
real_buchwald_hartwig,llm_direct_prior_source_alignment_conservative_ligand_mass,27105,100.0,90.6389,0.0,1,heldout,
real_buchwald_hartwig,llm_direct_prior_source_alignment_conservative_ligand_mass_conservative,27105,100.0,90.6389,0.0,1,heldout,
real_buchwald_hartwig,llm_direct_prior_source_alignment_conservative_ligand_mass_noprior,27105,100.0,90.6389,0.0,1,heldout,
real_buchwald_hartwig,llm_direct_prior_source_schema_only_field_mapping,27105,90.9905,90.1555,9.0095,0,heldout,
real_buchwald_hartwig,llm_direct_prior_source_schema_only_field_mapping_conservative,27105,90.9905,90.1555,9.0095,0,heldout,
real_buchwald_hartwig,llm_direct_prior_source_schema_only_field_mapping_noprior,27105,90.9905,90.1555,9.0095,0,heldout,
real_buchwald_hartwig,llm_direct_prior_steric_tpsa_balanced_optimization,27105,89.5988,89.5988,10.4012,0,heldout,
real_buchwald_hartwig,llm_direct_prior_steric_tpsa_balanced_optimization_conservative,27105,100.0,92.7192,0.0,1,heldout,
real_buchwald_hartwig,llm_direct_prior_steric_tpsa_balanced_optimization_noprior,27105,89.5988,89.5988,10.4012,0,heldout,
real_buchwald_hartwig,llm_semantic_base_strength_solvent_polarity_domain,27105,89.5988,89.5988,10.4012,0,heldout,
real_buchwald_hartwig,llm_semantic_base_strength_solvent_polarity_domain_conservative,27105,89.5988,89.5988,10.4012,0,heldout,
real_buchwald_hartwig,llm_semantic_base_strength_solvent_polarity_domain_noprior,27105,89.5988,89.5988,10.4012,0,heldout,
real_buchwald_hartwig,llm_semantic_counter_source_acid_halide_reversal,27105,89.5988,89.5988,10.4012,0,heldout,
real_buchwald_hartwig,llm_semantic_counter_source_acid_halide_reversal_conservative,27105,89.5988,89.5988,10.4012,0,heldout,
real_buchwald_hartwig,llm_semantic_counter_source_acid_halide_reversal_noprior,27105,89.5988,89.5988,10.4012,0,heldout,
real_buchwald_hartwig,llm_semantic_cross_skill_rule_bank,27105,91.0563,90.1818,8.9437,0,heldout,
real_buchwald_hartwig,llm_semantic_halide_reactivity_additive_suppression,27105,100.0,90.6389,0.0,1,heldout,
real_buchwald_hartwig,llm_semantic_halide_reactivity_additive_suppression_conservative,27105,89.5988,89.5988,10.4012,0,heldout,
real_buchwald_hartwig,llm_semantic_halide_reactivity_additive_suppression_noprior,27105,92.1197,91.2792,7.8803,0,heldout,
real_buchwald_hartwig,llm_semantic_low_semantic_mass_anchor_heavy,27105,89.5988,89.5988,10.4012,0,heldout,
real_buchwald_hartwig,llm_semantic_low_semantic_mass_anchor_heavy_conservative,27105,89.5988,89.5988,10.4012,0,heldout,
real_buchwald_hartwig,llm_semantic_low_semantic_mass_anchor_heavy_noprior,27105,89.5988,89.5988,10.4012,0,heldout,
real_buchwald_hartwig,llm_semantic_mechanistic_heteroaromatic_halide_synergy,27105,89.5988,89.5988,10.4012,0,heldout,
real_buchwald_hartwig,llm_semantic_mechanistic_heteroaromatic_halide_synergy_conservative,27105,89.5988,89.5988,10.4012,0,heldout,
real_buchwald_hartwig,llm_semantic_mechanistic_heteroaromatic_halide_synergy_noprior,27105,89.5988,89.5988,10.4012,0,heldout,
real_buchwald_hartwig,llm_semantic_source_alignment_conservative_ligand_mass,27105,100.0,92.7192,0.0,1,heldout,
real_buchwald_hartwig,llm_semantic_source_alignment_conservative_ligand_mass_conservative,27105,100.0,92.7192,0.0,1,heldout,
real_buchwald_hartwig,llm_semantic_source_alignment_conservative_ligand_mass_noprior,27105,100.0,92.7192,0.0,1,heldout,
real_buchwald_hartwig,llm_semantic_source_schema_only_field_mapping,27105,89.5988,89.5988,10.4012,0,heldout,
real_buchwald_hartwig,llm_semantic_source_schema_only_field_mapping_conservative,27105,89.5988,89.5988,10.4012,0,heldout,
real_buchwald_hartwig,llm_semantic_source_schema_only_field_mapping_noprior,27105,89.5988,89.5988,10.4012,0,heldout,
real_buchwald_hartwig,llm_semantic_steric_tpsa_balanced_optimization,27105,89.5988,89.5988,10.4012,0,heldout,
real_buchwald_hartwig,llm_semantic_steric_tpsa_balanced_optimization_conservative,27105,89.5988,89.5988,10.4012,0,heldout,
real_buchwald_hartwig,llm_semantic_steric_tpsa_balanced_optimization_noprior,27105,89.5988,89.5988,10.4012,0,heldout,
real_buchwald_hartwig,mixed_kernel_gp_ei,27105,100.0,96.6974,0.0,1,heldout,
real_buchwald_hartwig,target_acquisition_portfolio,27105,100.0,96.6974,0.0,1,heldout,
real_buchwald_hartwig,care_strategy_router,27106,88.5139,84.0343,11.4861,0,heldout,llm_direct_prior_counter_source_acid_halide_reversal_noprior
real_buchwald_hartwig,gp_ucb,27106,81.2283,71.6881,18.7717,0,heldout,
real_buchwald_hartwig,llambo_warmstart_base_strength_solvent_polarity_domain,27106,81.4779,71.1379,18.5221,0,heldout,
real_buchwald_hartwig,llambo_warmstart_base_strength_solvent_polarity_domain_conservative,27106,81.4779,71.1379,18.5221,0,heldout,
real_buchwald_hartwig,llambo_warmstart_base_strength_solvent_polarity_domain_noprior,27106,81.4779,71.1379,18.5221,0,heldout,
real_buchwald_hartwig,llambo_warmstart_counter_source_acid_halide_reversal,27106,92.127,85.4471,7.873,0,heldout,
real_buchwald_hartwig,llambo_warmstart_counter_source_acid_halide_reversal_conservative,27106,92.127,85.4471,7.873,0,heldout,
real_buchwald_hartwig,llambo_warmstart_counter_source_acid_halide_reversal_noprior,27106,92.127,85.4471,7.873,0,heldout,
real_buchwald_hartwig,llambo_warmstart_cross_skill_rule_bank,27106,86.8997,79.6038,13.1003,0,heldout,
real_buchwald_hartwig,llambo_warmstart_halide_reactivity_additive_suppression,27106,100.0,91.8514,0.0,1,heldout,
real_buchwald_hartwig,llambo_warmstart_halide_reactivity_additive_suppression_conservative,27106,100.0,91.8514,0.0,1,heldout,
real_buchwald_hartwig,llambo_warmstart_halide_reactivity_additive_suppression_noprior,27106,100.0,91.8514,0.0,1,heldout,
real_buchwald_hartwig,llambo_warmstart_low_semantic_mass_anchor_heavy,27106,86.7926,86.0374,13.2074,0,heldout,
real_buchwald_hartwig,llambo_warmstart_low_semantic_mass_anchor_heavy_conservative,27106,86.7926,86.0374,13.2074,0,heldout,
real_buchwald_hartwig,llambo_warmstart_low_semantic_mass_anchor_heavy_noprior,27106,86.7926,86.0374,13.2074,0,heldout,
real_buchwald_hartwig,llambo_warmstart_mechanistic_heteroaromatic_halide_synergy,27106,93.1012,88.1381,6.8988,0,heldout,
real_buchwald_hartwig,llambo_warmstart_mechanistic_heteroaromatic_halide_synergy_conservative,27106,93.1012,88.1381,6.8988,0,heldout,
real_buchwald_hartwig,llambo_warmstart_mechanistic_heteroaromatic_halide_synergy_noprior,27106,93.1012,88.1381,6.8988,0,heldout,
real_buchwald_hartwig,llambo_warmstart_selector,27106,86.8997,79.6038,13.1003,0,heldout,llambo_warmstart_cross_skill_rule_bank
real_buchwald_hartwig,llambo_warmstart_source_alignment_conservative_ligand_mass,27106,86.2198,70.6977,13.7802,0,heldout,
real_buchwald_hartwig,llambo_warmstart_source_alignment_conservative_ligand_mass_conservative,27106,86.2198,70.6977,13.7802,0,heldout,
real_buchwald_hartwig,llambo_warmstart_source_alignment_conservative_ligand_mass_noprior,27106,86.2198,70.6977,13.7802,0,heldout,
real_buchwald_hartwig,llambo_warmstart_source_schema_only_field_mapping,27106,88.4464,88.4464,11.5536,0,heldout,
real_buchwald_hartwig,llambo_warmstart_source_schema_only_field_mapping_conservative,27106,88.4464,88.4464,11.5536,0,heldout,
real_buchwald_hartwig,llambo_warmstart_source_schema_only_field_mapping_noprior,27106,88.4464,88.4464,11.5536,0,heldout,
real_buchwald_hartwig,llambo_warmstart_steric_tpsa_balanced_optimization,27106,99.6191,79.9301,0.3809,1,heldout,
real_buchwald_hartwig,llambo_warmstart_steric_tpsa_balanced_optimization_conservative,27106,99.6191,79.9301,0.3809,1,heldout,
real_buchwald_hartwig,llambo_warmstart_steric_tpsa_balanced_optimization_noprior,27106,99.6191,79.9301,0.3809,1,heldout,
real_buchwald_hartwig,llm_calibrated_selector,27106,72.6088,72.6088,27.3912,0,heldout,llm_semantic_source_alignment_conservative_ligand_mass_noprior
real_buchwald_hartwig,llm_direct_prior_base_strength_solvent_polarity_domain,27106,85.1447,74.6443,14.8553,0,heldout,
real_buchwald_hartwig,llm_direct_prior_base_strength_solvent_polarity_domain_conservative,27106,65.9419,64.9713,34.0581,0,heldout,
real_buchwald_hartwig,llm_direct_prior_base_strength_solvent_polarity_domain_noprior,27106,85.1447,74.6443,14.8553,0,heldout,
real_buchwald_hartwig,llm_direct_prior_counter_source_acid_halide_reversal,27106,88.5139,84.0343,11.4861,0,heldout,
real_buchwald_hartwig,llm_direct_prior_counter_source_acid_halide_reversal_conservative,27106,88.5139,84.0343,11.4861,0,heldout,
real_buchwald_hartwig,llm_direct_prior_counter_source_acid_halide_reversal_noprior,27106,88.5139,84.0343,11.4861,0,heldout,
real_buchwald_hartwig,llm_direct_prior_cross_skill_rule_bank,27106,65.1515,64.2047,34.8485,0,heldout,
real_buchwald_hartwig,llm_direct_prior_halide_reactivity_additive_suppression,27106,70.2933,67.0614,29.7067,0,heldout,
real_buchwald_hartwig,llm_direct_prior_halide_reactivity_additive_suppression_conservative,27106,91.2097,77.8744,8.7903,0,heldout,
real_buchwald_hartwig,llm_direct_prior_halide_reactivity_additive_suppression_noprior,27106,70.2933,67.0614,29.7067,0,heldout,
real_buchwald_hartwig,llm_direct_prior_low_semantic_mass_anchor_heavy,27106,89.5592,76.7129,10.4408,0,heldout,
real_buchwald_hartwig,llm_direct_prior_low_semantic_mass_anchor_heavy_conservative,27106,89.5592,76.7129,10.4408,0,heldout,
real_buchwald_hartwig,llm_direct_prior_low_semantic_mass_anchor_heavy_noprior,27106,89.5592,76.7129,10.4408,0,heldout,
real_buchwald_hartwig,llm_direct_prior_mechanistic_heteroaromatic_halide_synergy,27106,60.2521,59.8984,39.7479,0,heldout,
real_buchwald_hartwig,llm_direct_prior_mechanistic_heteroaromatic_halide_synergy_conservative,27106,91.2097,79.1326,8.7903,0,heldout,
real_buchwald_hartwig,llm_direct_prior_mechanistic_heteroaromatic_halide_synergy_noprior,27106,60.2521,59.8984,39.7479,0,heldout,
real_buchwald_hartwig,llm_direct_prior_selector,27106,88.5139,84.0343,11.4861,0,heldout,llm_direct_prior_counter_source_acid_halide_reversal_noprior
real_buchwald_hartwig,llm_direct_prior_source_alignment_conservative_ligand_mass,27106,83.3036,72.3343,16.6964,0,heldout,
real_buchwald_hartwig,llm_direct_prior_source_alignment_conservative_ligand_mass_conservative,27106,83.3036,72.3343,16.6964,0,heldout,
real_buchwald_hartwig,llm_direct_prior_source_alignment_conservative_ligand_mass_noprior,27106,83.3036,72.3343,16.6964,0,heldout,
real_buchwald_hartwig,llm_direct_prior_source_schema_only_field_mapping,27106,76.8342,74.3821,23.1658,0,heldout,
real_buchwald_hartwig,llm_direct_prior_source_schema_only_field_mapping_conservative,27106,76.8342,74.3821,23.1658,0,heldout,
real_buchwald_hartwig,llm_direct_prior_source_schema_only_field_mapping_noprior,27106,76.8342,74.3821,23.1658,0,heldout,
real_buchwald_hartwig,llm_direct_prior_steric_tpsa_balanced_optimization,27106,78.8011,70.5093,21.1989,0,heldout,
real_buchwald_hartwig,llm_direct_prior_steric_tpsa_balanced_optimization_conservative,27106,73.0629,72.8813,26.9371,0,heldout,
real_buchwald_hartwig,llm_direct_prior_steric_tpsa_balanced_optimization_noprior,27106,78.8011,70.5093,21.1989,0,heldout,
real_buchwald_hartwig,llm_semantic_base_strength_solvent_polarity_domain,27106,85.1402,70.0768,14.8598,0,heldout,
real_buchwald_hartwig,llm_semantic_base_strength_solvent_polarity_domain_conservative,27106,85.1402,70.6794,14.8598,0,heldout,
real_buchwald_hartwig,llm_semantic_base_strength_solvent_polarity_domain_noprior,27106,85.1402,70.6794,14.8598,0,heldout,
real_buchwald_hartwig,llm_semantic_counter_source_acid_halide_reversal,27106,93.8745,74.4802,6.1255,0,heldout,
real_buchwald_hartwig,llm_semantic_counter_source_acid_halide_reversal_conservative,27106,100.0,80.1096,0.0,1,heldout,
real_buchwald_hartwig,llm_semantic_counter_source_acid_halide_reversal_noprior,27106,95.6759,74.9031,4.3241,0,heldout,
real_buchwald_hartwig,llm_semantic_cross_skill_rule_bank,27106,80.5828,74.7069,19.4172,0,heldout,
real_buchwald_hartwig,llm_semantic_halide_reactivity_additive_suppression,27106,96.1323,86.7556,3.8677,0,heldout,
real_buchwald_hartwig,llm_semantic_halide_reactivity_additive_suppression_conservative,27106,89.5592,84.064,10.4408,0,heldout,
real_buchwald_hartwig,llm_semantic_halide_reactivity_additive_suppression_noprior,27106,89.6142,85.5588,10.3858,0,heldout,
real_buchwald_hartwig,llm_semantic_low_semantic_mass_anchor_heavy,27106,78.8011,71.1766,21.1989,0,heldout,
real_buchwald_hartwig,llm_semantic_low_semantic_mass_anchor_heavy_conservative,27106,95.3865,80.7436,4.6135,0,heldout,
real_buchwald_hartwig,llm_semantic_low_semantic_mass_anchor_heavy_noprior,27106,95.3865,80.7436,4.6135,0,heldout,
real_buchwald_hartwig,llm_semantic_mechanistic_heteroaromatic_halide_synergy,27106,93.5641,86.0549,6.4359,0,heldout,
real_buchwald_hartwig,llm_semantic_mechanistic_heteroaromatic_halide_synergy_conservative,27106,79.7398,69.1457,20.2602,0,heldout,
real_buchwald_hartwig,llm_semantic_mechanistic_heteroaromatic_halide_synergy_noprior,27106,89.4195,85.4415,10.5805,0,heldout,
real_buchwald_hartwig,llm_semantic_source_alignment_conservative_ligand_mass,27106,72.6088,72.6088,27.3912,0,heldout,
real_buchwald_hartwig,llm_semantic_source_alignment_conservative_ligand_mass_conservative,27106,72.6088,72.6088,27.3912,0,heldout,
real_buchwald_hartwig,llm_semantic_source_alignment_conservative_ligand_mass_noprior,27106,72.6088,72.6088,27.3912,0,heldout,
real_buchwald_hartwig,llm_semantic_source_schema_only_field_mapping,27106,79.7398,69.4056,20.2602,0,heldout,
real_buchwald_hartwig,llm_semantic_source_schema_only_field_mapping_conservative,27106,79.7398,69.4056,20.2602,0,heldout,
real_buchwald_hartwig,llm_semantic_source_schema_only_field_mapping_noprior,27106,79.7398,69.4056,20.2602,0,heldout,
real_buchwald_hartwig,llm_semantic_steric_tpsa_balanced_optimization,27106,72.6088,72.6088,27.3912,0,heldout,
real_buchwald_hartwig,llm_semantic_steric_tpsa_balanced_optimization_conservative,27106,77.5468,69.1348,22.4532,0,heldout,
real_buchwald_hartwig,llm_semantic_steric_tpsa_balanced_optimization_noprior,27106,89.6142,71.353,10.3858,0,heldout,
real_buchwald_hartwig,mixed_kernel_gp_ei,27106,83.6537,72.4938,16.3463,0,heldout,
real_buchwald_hartwig,target_acquisition_portfolio,27106,79.7697,70.7911,20.2303,0,heldout,
real_buchwald_hartwig,care_strategy_router,27107,94.6911,78.9054,5.3089,0,heldout,llm_direct_prior_counter_source_acid_halide_reversal_noprior
real_buchwald_hartwig,gp_ucb,27107,52.3137,47.0743,47.6863,0,heldout,
real_buchwald_hartwig,llambo_warmstart_base_strength_solvent_polarity_domain,27107,88.4043,84.6756,11.5957,0,heldout,
real_buchwald_hartwig,llambo_warmstart_base_strength_solvent_polarity_domain_conservative,27107,88.4043,84.6756,11.5957,0,heldout,
real_buchwald_hartwig,llambo_warmstart_base_strength_solvent_polarity_domain_noprior,27107,88.4043,84.6756,11.5957,0,heldout,
real_buchwald_hartwig,llambo_warmstart_counter_source_acid_halide_reversal,27107,70.1993,65.96,29.8007,0,heldout,
real_buchwald_hartwig,llambo_warmstart_counter_source_acid_halide_reversal_conservative,27107,70.1993,65.96,29.8007,0,heldout,
real_buchwald_hartwig,llambo_warmstart_counter_source_acid_halide_reversal_noprior,27107,70.1993,65.96,29.8007,0,heldout,
real_buchwald_hartwig,llambo_warmstart_cross_skill_rule_bank,27107,82.0277,77.4441,17.9723,0,heldout,
real_buchwald_hartwig,llambo_warmstart_halide_reactivity_additive_suppression,27107,100.0,96.3369,0.0,1,heldout,
real_buchwald_hartwig,llambo_warmstart_halide_reactivity_additive_suppression_conservative,27107,100.0,96.3369,0.0,1,heldout,
real_buchwald_hartwig,llambo_warmstart_halide_reactivity_additive_suppression_noprior,27107,100.0,96.3369,0.0,1,heldout,
real_buchwald_hartwig,llambo_warmstart_low_semantic_mass_anchor_heavy,27107,93.4211,69.0091,6.5789,0,heldout,
real_buchwald_hartwig,llambo_warmstart_low_semantic_mass_anchor_heavy_conservative,27107,93.4211,69.0091,6.5789,0,heldout,
real_buchwald_hartwig,llambo_warmstart_low_semantic_mass_anchor_heavy_noprior,27107,93.4211,69.0091,6.5789,0,heldout,
real_buchwald_hartwig,llambo_warmstart_mechanistic_heteroaromatic_halide_synergy,27107,88.8276,84.2015,11.1724,0,heldout,
real_buchwald_hartwig,llambo_warmstart_mechanistic_heteroaromatic_halide_synergy_conservative,27107,88.8276,84.2015,11.1724,0,heldout,
real_buchwald_hartwig,llambo_warmstart_mechanistic_heteroaromatic_halide_synergy_noprior,27107,88.8276,84.2015,11.1724,0,heldout,
real_buchwald_hartwig,llambo_warmstart_selector,27107,82.0277,77.4441,17.9723,0,heldout,llambo_warmstart_cross_skill_rule_bank
real_buchwald_hartwig,llambo_warmstart_source_alignment_conservative_ligand_mass,27107,98.8492,96.4711,1.1508,1,heldout,
real_buchwald_hartwig,llambo_warmstart_source_alignment_conservative_ligand_mass_conservative,27107,98.8492,96.4711,1.1508,1,heldout,
real_buchwald_hartwig,llambo_warmstart_source_alignment_conservative_ligand_mass_noprior,27107,98.8492,96.4711,1.1508,1,heldout,
real_buchwald_hartwig,llambo_warmstart_source_schema_only_field_mapping,27107,74.0097,72.2145,25.9903,0,heldout,
real_buchwald_hartwig,llambo_warmstart_source_schema_only_field_mapping_conservative,27107,74.0097,72.2145,25.9903,0,heldout,
real_buchwald_hartwig,llambo_warmstart_source_schema_only_field_mapping_noprior,27107,74.0097,72.2145,25.9903,0,heldout,
real_buchwald_hartwig,llambo_warmstart_steric_tpsa_balanced_optimization,27107,98.8492,93.0319,1.1508,1,heldout,
real_buchwald_hartwig,llambo_warmstart_steric_tpsa_balanced_optimization_conservative,27107,98.8492,93.0319,1.1508,1,heldout,
real_buchwald_hartwig,llambo_warmstart_steric_tpsa_balanced_optimization_noprior,27107,98.8492,93.0319,1.1508,1,heldout,
real_buchwald_hartwig,llm_calibrated_selector,27107,98.2872,85.8971,1.7128,1,heldout,llm_semantic_source_alignment_conservative_ligand_mass_noprior
real_buchwald_hartwig,llm_direct_prior_base_strength_solvent_polarity_domain,27107,63.4613,55.4311,36.5387,0,heldout,
real_buchwald_hartwig,llm_direct_prior_base_strength_solvent_polarity_domain_conservative,27107,51.2165,49.3087,48.7835,0,heldout,
real_buchwald_hartwig,llm_direct_prior_base_strength_solvent_polarity_domain_noprior,27107,63.4613,55.4311,36.5387,0,heldout,
real_buchwald_hartwig,llm_direct_prior_counter_source_acid_halide_reversal,27107,94.6911,78.9054,5.3089,0,heldout,
real_buchwald_hartwig,llm_direct_prior_counter_source_acid_halide_reversal_conservative,27107,93.4211,83.1544,6.5789,0,heldout,
real_buchwald_hartwig,llm_direct_prior_counter_source_acid_halide_reversal_noprior,27107,94.6911,78.9054,5.3089,0,heldout,
real_buchwald_hartwig,llm_direct_prior_cross_skill_rule_bank,27107,88.4449,80.8364,11.5551,0,heldout,
real_buchwald_hartwig,llm_direct_prior_halide_reactivity_additive_suppression,27107,90.7313,64.6431,9.2687,0,heldout,
real_buchwald_hartwig,llm_direct_prior_halide_reactivity_additive_suppression_conservative,27107,86.0034,70.667,13.9966,0,heldout,
real_buchwald_hartwig,llm_direct_prior_halide_reactivity_additive_suppression_noprior,27107,90.7313,64.6431,9.2687,0,heldout,
real_buchwald_hartwig,llm_direct_prior_low_semantic_mass_anchor_heavy,27107,64.8842,45.6529,35.1158,0,heldout,
real_buchwald_hartwig,llm_direct_prior_low_semantic_mass_anchor_heavy_conservative,27107,64.8842,45.6529,35.1158,0,heldout,
real_buchwald_hartwig,llm_direct_prior_low_semantic_mass_anchor_heavy_noprior,27107,64.8842,45.6529,35.1158,0,heldout,
real_buchwald_hartwig,llm_direct_prior_mechanistic_heteroaromatic_halide_synergy,27107,98.7313,79.2468,1.2687,1,heldout,
real_buchwald_hartwig,llm_direct_prior_mechanistic_heteroaromatic_halide_synergy_conservative,27107,98.7313,71.539,1.2687,1,heldout,
real_buchwald_hartwig,llm_direct_prior_mechanistic_heteroaromatic_halide_synergy_noprior,27107,98.7313,79.2468,1.2687,1,heldout,
real_buchwald_hartwig,llm_direct_prior_selector,27107,94.6911,78.9054,5.3089,0,heldout,llm_direct_prior_counter_source_acid_halide_reversal_noprior
real_buchwald_hartwig,llm_direct_prior_source_alignment_conservative_ligand_mass,27107,84.5385,59.4288,15.4615,0,heldout,
real_buchwald_hartwig,llm_direct_prior_source_alignment_conservative_ligand_mass_conservative,27107,84.5385,59.4288,15.4615,0,heldout,
real_buchwald_hartwig,llm_direct_prior_source_alignment_conservative_ligand_mass_noprior,27107,84.5385,59.4288,15.4615,0,heldout,
real_buchwald_hartwig,llm_direct_prior_source_schema_only_field_mapping,27107,87.7641,61.7007,12.2359,0,heldout,
real_buchwald_hartwig,llm_direct_prior_source_schema_only_field_mapping_conservative,27107,87.7641,61.7007,12.2359,0,heldout,
real_buchwald_hartwig,llm_direct_prior_source_schema_only_field_mapping_noprior,27107,87.7641,61.7007,12.2359,0,heldout,
real_buchwald_hartwig,llm_direct_prior_steric_tpsa_balanced_optimization,27107,52.3781,45.3824,47.6219,0,heldout,
real_buchwald_hartwig,llm_direct_prior_steric_tpsa_balanced_optimization_conservative,27107,79.4448,62.5227,20.5552,0,heldout,
real_buchwald_hartwig,llm_direct_prior_steric_tpsa_balanced_optimization_noprior,27107,52.3781,45.3824,47.6219,0,heldout,
real_buchwald_hartwig,llm_semantic_base_strength_solvent_polarity_domain,27107,88.4464,58.0615,11.5536,0,heldout,
real_buchwald_hartwig,llm_semantic_base_strength_solvent_polarity_domain_conservative,27107,89.5988,65.831,10.4012,0,heldout,
real_buchwald_hartwig,llm_semantic_base_strength_solvent_polarity_domain_noprior,27107,88.4464,58.0615,11.5536,0,heldout,
real_buchwald_hartwig,llm_semantic_counter_source_acid_halide_reversal,27107,94.6911,77.0573,5.3089,0,heldout,
real_buchwald_hartwig,llm_semantic_counter_source_acid_halide_reversal_conservative,27107,100.0,69.6819,0.0,1,heldout,
real_buchwald_hartwig,llm_semantic_counter_source_acid_halide_reversal_noprior,27107,100.0,69.6819,0.0,1,heldout,
real_buchwald_hartwig,llm_semantic_cross_skill_rule_bank,27107,98.7313,84.3493,1.2687,1,heldout,
real_buchwald_hartwig,llm_semantic_halide_reactivity_additive_suppression,27107,100.0,76.8905,0.0,1,heldout,
real_buchwald_hartwig,llm_semantic_halide_reactivity_additive_suppression_conservative,27107,100.0,65.9394,0.0,1,heldout,
real_buchwald_hartwig,llm_semantic_halide_reactivity_additive_suppression_noprior,27107,88.4043,59.842,11.5957,0,heldout,
real_buchwald_hartwig,llm_semantic_low_semantic_mass_anchor_heavy,27107,83.3382,69.5003,16.6618,0,heldout,
real_buchwald_hartwig,llm_semantic_low_semantic_mass_anchor_heavy_conservative,27107,83.3382,69.5003,16.6618,0,heldout,
real_buchwald_hartwig,llm_semantic_low_semantic_mass_anchor_heavy_noprior,27107,83.3382,69.5003,16.6618,0,heldout,
real_buchwald_hartwig,llm_semantic_mechanistic_heteroaromatic_halide_synergy,27107,93.0289,78.1701,6.9711,0,heldout,
real_buchwald_hartwig,llm_semantic_mechanistic_heteroaromatic_halide_synergy_conservative,27107,93.3108,74.1396,6.6892,0,heldout,
real_buchwald_hartwig,llm_semantic_mechanistic_heteroaromatic_halide_synergy_noprior,27107,93.0289,78.1701,6.9711,0,heldout,
real_buchwald_hartwig,llm_semantic_source_alignment_conservative_ligand_mass,27107,93.4211,85.4105,6.5789,0,heldout,
real_buchwald_hartwig,llm_semantic_source_alignment_conservative_ligand_mass_conservative,27107,98.2872,85.8971,1.7128,1,heldout,
real_buchwald_hartwig,llm_semantic_source_alignment_conservative_ligand_mass_noprior,27107,98.2872,85.8971,1.7128,1,heldout,
real_buchwald_hartwig,llm_semantic_source_schema_only_field_mapping,27107,83.4092,62.3225,16.5908,0,heldout,
real_buchwald_hartwig,llm_semantic_source_schema_only_field_mapping_conservative,27107,54.2458,47.4496,45.7542,0,heldout,
real_buchwald_hartwig,llm_semantic_source_schema_only_field_mapping_noprior,27107,54.2458,47.4496,45.7542,0,heldout,
real_buchwald_hartwig,llm_semantic_steric_tpsa_balanced_optimization,27107,93.0289,87.7488,6.9711,0,heldout,
real_buchwald_hartwig,llm_semantic_steric_tpsa_balanced_optimization_conservative,27107,100.0,72.5751,0.0,1,heldout,
real_buchwald_hartwig,llm_semantic_steric_tpsa_balanced_optimization_noprior,27107,100.0,73.6152,0.0,1,heldout,
real_buchwald_hartwig,mixed_kernel_gp_ei,27107,98.2872,68.7692,1.7128,1,heldout,
real_buchwald_hartwig,target_acquisition_portfolio,27107,98.2872,68.9941,1.7128,1,heldout,
real_buchwald_hartwig,care_strategy_router,27108,97.5685,78.9043,2.4315,1,heldout,llm_direct_prior_counter_source_acid_halide_reversal_noprior
real_buchwald_hartwig,gp_ucb,27108,72.8478,59.2781,27.1522,0,heldout,
real_buchwald_hartwig,llambo_warmstart_base_strength_solvent_polarity_domain,27108,79.3465,69.1963,20.6535,0,heldout,
real_buchwald_hartwig,llambo_warmstart_base_strength_solvent_polarity_domain_conservative,27108,79.3465,69.1963,20.6535,0,heldout,
real_buchwald_hartwig,llambo_warmstart_base_strength_solvent_polarity_domain_noprior,27108,79.3465,69.1963,20.6535,0,heldout,
real_buchwald_hartwig,llambo_warmstart_counter_source_acid_halide_reversal,27108,96.5912,96.5912,3.4088,0,heldout,
real_buchwald_hartwig,llambo_warmstart_counter_source_acid_halide_reversal_conservative,27108,96.5912,96.5912,3.4088,0,heldout,
real_buchwald_hartwig,llambo_warmstart_counter_source_acid_halide_reversal_noprior,27108,96.5912,96.5912,3.4088,0,heldout,
real_buchwald_hartwig,llambo_warmstart_cross_skill_rule_bank,27108,98.7313,86.3597,1.2687,1,heldout,
real_buchwald_hartwig,llambo_warmstart_halide_reactivity_additive_suppression,27108,86.5976,78.4417,13.4024,0,heldout,
real_buchwald_hartwig,llambo_warmstart_halide_reactivity_additive_suppression_conservative,27108,86.5976,78.4417,13.4024,0,heldout,
real_buchwald_hartwig,llambo_warmstart_halide_reactivity_additive_suppression_noprior,27108,86.5976,78.4417,13.4024,0,heldout,
real_buchwald_hartwig,llambo_warmstart_low_semantic_mass_anchor_heavy,27108,97.5685,97.2503,2.4315,1,heldout,
real_buchwald_hartwig,llambo_warmstart_low_semantic_mass_anchor_heavy_conservative,27108,97.5685,97.2503,2.4315,1,heldout,
real_buchwald_hartwig,llambo_warmstart_low_semantic_mass_anchor_heavy_noprior,27108,97.5685,97.2503,2.4315,1,heldout,
real_buchwald_hartwig,llambo_warmstart_mechanistic_heteroaromatic_halide_synergy,27108,96.5912,96.5912,3.4088,0,heldout,
real_buchwald_hartwig,llambo_warmstart_mechanistic_heteroaromatic_halide_synergy_conservative,27108,96.5912,96.5912,3.4088,0,heldout,
real_buchwald_hartwig,llambo_warmstart_mechanistic_heteroaromatic_halide_synergy_noprior,27108,96.5912,96.5912,3.4088,0,heldout,
real_buchwald_hartwig,llambo_warmstart_selector,27108,98.7313,86.3597,1.2687,1,heldout,llambo_warmstart_cross_skill_rule_bank
real_buchwald_hartwig,llambo_warmstart_source_alignment_conservative_ligand_mass,27108,91.3906,86.2799,8.6094,0,heldout,
real_buchwald_hartwig,llambo_warmstart_source_alignment_conservative_ligand_mass_conservative,27108,91.3906,86.2799,8.6094,0,heldout,
real_buchwald_hartwig,llambo_warmstart_source_alignment_conservative_ligand_mass_noprior,27108,91.3906,86.2799,8.6094,0,heldout,
real_buchwald_hartwig,llambo_warmstart_source_schema_only_field_mapping,27108,89.6142,78.7558,10.3858,0,heldout,
real_buchwald_hartwig,llambo_warmstart_source_schema_only_field_mapping_conservative,27108,89.6142,78.7558,10.3858,0,heldout,
real_buchwald_hartwig,llambo_warmstart_source_schema_only_field_mapping_noprior,27108,89.6142,78.7558,10.3858,0,heldout,
real_buchwald_hartwig,llambo_warmstart_steric_tpsa_balanced_optimization,27108,93.3108,88.4846,6.6892,0,heldout,
real_buchwald_hartwig,llambo_warmstart_steric_tpsa_balanced_optimization_conservative,27108,93.3108,88.4846,6.6892,0,heldout,
real_buchwald_hartwig,llambo_warmstart_steric_tpsa_balanced_optimization_noprior,27108,93.3108,88.4846,6.6892,0,heldout,
real_buchwald_hartwig,llm_calibrated_selector,27108,85.1447,83.3212,14.8553,0,heldout,llm_semantic_source_alignment_conservative_ligand_mass_noprior
real_buchwald_hartwig,llm_direct_prior_base_strength_solvent_polarity_domain,27108,85.1447,76.1427,14.8553,0,heldout,
real_buchwald_hartwig,llm_direct_prior_base_strength_solvent_polarity_domain_conservative,27108,85.1402,74.6844,14.8598,0,heldout,
real_buchwald_hartwig,llm_direct_prior_base_strength_solvent_polarity_domain_noprior,27108,85.1447,76.1427,14.8553,0,heldout,
real_buchwald_hartwig,llm_direct_prior_counter_source_acid_halide_reversal,27108,97.5685,78.9043,2.4315,1,heldout,
real_buchwald_hartwig,llm_direct_prior_counter_source_acid_halide_reversal_conservative,27108,100.0,80.6989,0.0,1,heldout,
real_buchwald_hartwig,llm_direct_prior_counter_source_acid_halide_reversal_noprior,27108,97.5685,78.9043,2.4315,1,heldout,
real_buchwald_hartwig,llm_direct_prior_cross_skill_rule_bank,27108,91.9334,91.9334,8.0666,0,heldout,
real_buchwald_hartwig,llm_direct_prior_halide_reactivity_additive_suppression,27108,85.1447,69.7571,14.8553,0,heldout,
real_buchwald_hartwig,llm_direct_prior_halide_reactivity_additive_suppression_conservative,27108,91.3733,72.0701,8.6267,0,heldout,
real_buchwald_hartwig,llm_direct_prior_halide_reactivity_additive_suppression_noprior,27108,85.1447,69.7571,14.8553,0,heldout,
real_buchwald_hartwig,llm_direct_prior_low_semantic_mass_anchor_heavy,27108,85.6592,68.5427,14.3408,0,heldout,
real_buchwald_hartwig,llm_direct_prior_low_semantic_mass_anchor_heavy_conservative,27108,85.6592,68.5427,14.3408,0,heldout,
real_buchwald_hartwig,llm_direct_prior_low_semantic_mass_anchor_heavy_noprior,27108,85.6592,68.5427,14.3408,0,heldout,
real_buchwald_hartwig,llm_direct_prior_mechanistic_heteroaromatic_halide_synergy,27108,85.1447,80.5957,14.8553,0,heldout,
real_buchwald_hartwig,llm_direct_prior_mechanistic_heteroaromatic_halide_synergy_conservative,27108,90.2279,84.9012,9.7721,0,heldout,
real_buchwald_hartwig,llm_direct_prior_mechanistic_heteroaromatic_halide_synergy_noprior,27108,85.1447,80.5957,14.8553,0,heldout,
real_buchwald_hartwig,llm_direct_prior_selector,27108,97.5685,78.9043,2.4315,1,heldout,llm_direct_prior_counter_source_acid_halide_reversal_noprior
real_buchwald_hartwig,llm_direct_prior_source_alignment_conservative_ligand_mass,27108,91.3733,84.2418,8.6267,0,heldout,
real_buchwald_hartwig,llm_direct_prior_source_alignment_conservative_ligand_mass_conservative,27108,91.3733,84.2418,8.6267,0,heldout,
real_buchwald_hartwig,llm_direct_prior_source_alignment_conservative_ligand_mass_noprior,27108,91.3733,84.2418,8.6267,0,heldout,
real_buchwald_hartwig,llm_direct_prior_source_schema_only_field_mapping,27108,76.6352,70.1622,23.3648,0,heldout,
real_buchwald_hartwig,llm_direct_prior_source_schema_only_field_mapping_conservative,27108,76.6352,70.1622,23.3648,0,heldout,
real_buchwald_hartwig,llm_direct_prior_source_schema_only_field_mapping_noprior,27108,76.6352,70.1622,23.3648,0,heldout,
real_buchwald_hartwig,llm_direct_prior_steric_tpsa_balanced_optimization,27108,83.3036,77.9778,16.6964,0,heldout,
real_buchwald_hartwig,llm_direct_prior_steric_tpsa_balanced_optimization_conservative,27108,70.0079,70.0079,29.9921,0,heldout,
real_buchwald_hartwig,llm_direct_prior_steric_tpsa_balanced_optimization_noprior,27108,83.3036,77.9778,16.6964,0,heldout,
real_buchwald_hartwig,llm_semantic_base_strength_solvent_polarity_domain,27108,84.6825,72.0101,15.3175,0,heldout,
real_buchwald_hartwig,llm_semantic_base_strength_solvent_polarity_domain_conservative,27108,96.1323,81.7458,3.8677,0,heldout,
real_buchwald_hartwig,llm_semantic_base_strength_solvent_polarity_domain_noprior,27108,84.6825,70.6721,15.3175,0,heldout,
real_buchwald_hartwig,llm_semantic_counter_source_acid_halide_reversal,27108,86.2198,73.5393,13.7802,0,heldout,
real_buchwald_hartwig,llm_semantic_counter_source_acid_halide_reversal_conservative,27108,100.0,81.526,0.0,1,heldout,
real_buchwald_hartwig,llm_semantic_counter_source_acid_halide_reversal_noprior,27108,86.2198,71.5197,13.7802,0,heldout,
real_buchwald_hartwig,llm_semantic_cross_skill_rule_bank,27108,86.5976,80.2943,13.4024,0,heldout,
real_buchwald_hartwig,llm_semantic_halide_reactivity_additive_suppression,27108,100.0,95.1573,0.0,1,heldout,
real_buchwald_hartwig,llm_semantic_halide_reactivity_additive_suppression_conservative,27108,100.0,98.514,0.0,1,heldout,
real_buchwald_hartwig,llm_semantic_halide_reactivity_additive_suppression_noprior,27108,96.1323,83.3338,3.8677,0,heldout,
real_buchwald_hartwig,llm_semantic_low_semantic_mass_anchor_heavy,27108,86.5976,77.4549,13.4024,0,heldout,
real_buchwald_hartwig,llm_semantic_low_semantic_mass_anchor_heavy_conservative,27108,86.5976,77.4549,13.4024,0,heldout,
real_buchwald_hartwig,llm_semantic_low_semantic_mass_anchor_heavy_noprior,27108,86.5976,77.4549,13.4024,0,heldout,
real_buchwald_hartwig,llm_semantic_mechanistic_heteroaromatic_halide_synergy,27108,81.5694,69.5242,18.4306,0,heldout,
real_buchwald_hartwig,llm_semantic_mechanistic_heteroaromatic_halide_synergy_conservative,27108,86.4971,70.2939,13.5029,0,heldout,
real_buchwald_hartwig,llm_semantic_mechanistic_heteroaromatic_halide_synergy_noprior,27108,81.5694,69.5242,18.4306,0,heldout,
real_buchwald_hartwig,llm_semantic_source_alignment_conservative_ligand_mass,27108,85.1447,83.3212,14.8553,0,heldout,
real_buchwald_hartwig,llm_semantic_source_alignment_conservative_ligand_mass_conservative,27108,85.1447,83.3212,14.8553,0,heldout,
real_buchwald_hartwig,llm_semantic_source_alignment_conservative_ligand_mass_noprior,27108,85.1447,83.3212,14.8553,0,heldout,
real_buchwald_hartwig,llm_semantic_source_schema_only_field_mapping,27108,80.9063,73.7435,19.0937,0,heldout,
real_buchwald_hartwig,llm_semantic_source_schema_only_field_mapping_conservative,27108,100.0,82.6109,0.0,1,heldout,
real_buchwald_hartwig,llm_semantic_source_schema_only_field_mapping_noprior,27108,100.0,82.6109,0.0,1,heldout,
real_buchwald_hartwig,llm_semantic_steric_tpsa_balanced_optimization,27108,83.3036,80.1306,16.6964,0,heldout,
real_buchwald_hartwig,llm_semantic_steric_tpsa_balanced_optimization_conservative,27108,83.3036,77.2588,16.6964,0,heldout,
real_buchwald_hartwig,llm_semantic_steric_tpsa_balanced_optimization_noprior,27108,62.7857,60.9463,37.2143,0,heldout,
real_buchwald_hartwig,mixed_kernel_gp_ei,27108,68.2481,57.2079,31.7519,0,heldout,
real_buchwald_hartwig,target_acquisition_portfolio,27108,72.8478,59.2781,27.1522,0,heldout,
real_buchwald_hartwig,care_strategy_router,27109,81.1562,75.1208,18.8438,0,heldout,llm_direct_prior_counter_source_acid_halide_reversal_noprior
real_buchwald_hartwig,gp_ucb,27109,88.5139,72.0826,11.4861,0,heldout,
real_buchwald_hartwig,llambo_warmstart_base_strength_solvent_polarity_domain,27109,85.9947,83.1481,14.0053,0,heldout,
real_buchwald_hartwig,llambo_warmstart_base_strength_solvent_polarity_domain_conservative,27109,85.9947,83.1481,14.0053,0,heldout,
real_buchwald_hartwig,llambo_warmstart_base_strength_solvent_polarity_domain_noprior,27109,85.9947,83.1481,14.0053,0,heldout,
real_buchwald_hartwig,llambo_warmstart_counter_source_acid_halide_reversal,27109,90.2279,76.7802,9.7721,0,heldout,
real_buchwald_hartwig,llambo_warmstart_counter_source_acid_halide_reversal_conservative,27109,90.2279,76.7802,9.7721,0,heldout,
real_buchwald_hartwig,llambo_warmstart_counter_source_acid_halide_reversal_noprior,27109,90.2279,76.7802,9.7721,0,heldout,
real_buchwald_hartwig,llambo_warmstart_cross_skill_rule_bank,27109,98.2872,79.3306,1.7128,1,heldout,
real_buchwald_hartwig,llambo_warmstart_halide_reactivity_additive_suppression,27109,93.0289,61.7948,6.9711,0,heldout,
real_buchwald_hartwig,llambo_warmstart_halide_reactivity_additive_suppression_conservative,27109,93.0289,61.7948,6.9711,0,heldout,
real_buchwald_hartwig,llambo_warmstart_halide_reactivity_additive_suppression_noprior,27109,93.0289,61.7948,6.9711,0,heldout,
real_buchwald_hartwig,llambo_warmstart_low_semantic_mass_anchor_heavy,27109,99.6191,85.0055,0.3809,1,heldout,
real_buchwald_hartwig,llambo_warmstart_low_semantic_mass_anchor_heavy_conservative,27109,99.6191,85.0055,0.3809,1,heldout,
real_buchwald_hartwig,llambo_warmstart_low_semantic_mass_anchor_heavy_noprior,27109,99.6191,85.0055,0.3809,1,heldout,
real_buchwald_hartwig,llambo_warmstart_mechanistic_heteroaromatic_halide_synergy,27109,91.5286,91.5286,8.4714,0,heldout,
real_buchwald_hartwig,llambo_warmstart_mechanistic_heteroaromatic_halide_synergy_conservative,27109,91.5286,91.5286,8.4714,0,heldout,
real_buchwald_hartwig,llambo_warmstart_mechanistic_heteroaromatic_halide_synergy_noprior,27109,91.5286,91.5286,8.4714,0,heldout,
real_buchwald_hartwig,llambo_warmstart_selector,27109,98.2872,79.3306,1.7128,1,heldout,llambo_warmstart_cross_skill_rule_bank
real_buchwald_hartwig,llambo_warmstart_source_alignment_conservative_ligand_mass,27109,94.5498,79.8306,5.4502,0,heldout,
real_buchwald_hartwig,llambo_warmstart_source_alignment_conservative_ligand_mass_conservative,27109,94.5498,79.8306,5.4502,0,heldout,
real_buchwald_hartwig,llambo_warmstart_source_alignment_conservative_ligand_mass_noprior,27109,94.5498,79.8306,5.4502,0,heldout,
real_buchwald_hartwig,llambo_warmstart_source_schema_only_field_mapping,27109,84.93,84.93,15.07,0,heldout,
real_buchwald_hartwig,llambo_warmstart_source_schema_only_field_mapping_conservative,27109,84.93,84.93,15.07,0,heldout,
real_buchwald_hartwig,llambo_warmstart_source_schema_only_field_mapping_noprior,27109,84.93,84.93,15.07,0,heldout,
real_buchwald_hartwig,llambo_warmstart_steric_tpsa_balanced_optimization,27109,86.1982,63.0142,13.8018,0,heldout,
real_buchwald_hartwig,llambo_warmstart_steric_tpsa_balanced_optimization_conservative,27109,86.1982,63.0142,13.8018,0,heldout,
real_buchwald_hartwig,llambo_warmstart_steric_tpsa_balanced_optimization_noprior,27109,86.1982,63.0142,13.8018,0,heldout,
real_buchwald_hartwig,llm_calibrated_selector,27109,88.5139,79.4565,11.4861,0,heldout,llm_semantic_source_alignment_conservative_ligand_mass_noprior
real_buchwald_hartwig,llm_direct_prior_base_strength_solvent_polarity_domain,27109,90.7313,68.3366,9.2687,0,heldout,
real_buchwald_hartwig,llm_direct_prior_base_strength_solvent_polarity_domain_conservative,27109,65.9419,63.0498,34.0581,0,heldout,
real_buchwald_hartwig,llm_direct_prior_base_strength_solvent_polarity_domain_noprior,27109,90.7313,68.3366,9.2687,0,heldout,
real_buchwald_hartwig,llm_direct_prior_counter_source_acid_halide_reversal,27109,81.1562,75.1208,18.8438,0,heldout,
real_buchwald_hartwig,llm_direct_prior_counter_source_acid_halide_reversal_conservative,27109,71.0972,69.9806,28.9028,0,heldout,
real_buchwald_hartwig,llm_direct_prior_counter_source_acid_halide_reversal_noprior,27109,81.1562,75.1208,18.8438,0,heldout,
real_buchwald_hartwig,llm_direct_prior_cross_skill_rule_bank,27109,64.6404,62.1614,35.3596,0,heldout,
real_buchwald_hartwig,llm_direct_prior_halide_reactivity_additive_suppression,27109,65.5909,57.8701,34.4091,0,heldout,
real_buchwald_hartwig,llm_direct_prior_halide_reactivity_additive_suppression_conservative,27109,65.9419,64.62,34.0581,0,heldout,
real_buchwald_hartwig,llm_direct_prior_halide_reactivity_additive_suppression_noprior,27109,65.5909,57.8701,34.4091,0,heldout,
real_buchwald_hartwig,llm_direct_prior_low_semantic_mass_anchor_heavy,27109,79.8903,76.5419,20.1097,0,heldout,
real_buchwald_hartwig,llm_direct_prior_low_semantic_mass_anchor_heavy_conservative,27109,79.8903,76.5419,20.1097,0,heldout,
real_buchwald_hartwig,llm_direct_prior_low_semantic_mass_anchor_heavy_noprior,27109,79.8903,76.5419,20.1097,0,heldout,
real_buchwald_hartwig,llm_direct_prior_mechanistic_heteroaromatic_halide_synergy,27109,85.6592,65.7634,14.3408,0,heldout,
real_buchwald_hartwig,llm_direct_prior_mechanistic_heteroaromatic_halide_synergy_conservative,27109,83.385,66.228,16.615,0,heldout,
real_buchwald_hartwig,llm_direct_prior_mechanistic_heteroaromatic_halide_synergy_noprior,27109,85.6592,65.7634,14.3408,0,heldout,
real_buchwald_hartwig,llm_direct_prior_selector,27109,81.1562,75.1208,18.8438,0,heldout,llm_direct_prior_counter_source_acid_halide_reversal_noprior
real_buchwald_hartwig,llm_direct_prior_source_alignment_conservative_ligand_mass,27109,86.4971,72.885,13.5029,0,heldout,
real_buchwald_hartwig,llm_direct_prior_source_alignment_conservative_ligand_mass_conservative,27109,86.4971,72.885,13.5029,0,heldout,
real_buchwald_hartwig,llm_direct_prior_source_alignment_conservative_ligand_mass_noprior,27109,86.4971,72.885,13.5029,0,heldout,
real_buchwald_hartwig,llm_direct_prior_source_schema_only_field_mapping,27109,81.5369,73.6354,18.4631,0,heldout,
real_buchwald_hartwig,llm_direct_prior_source_schema_only_field_mapping_conservative,27109,81.5369,73.6354,18.4631,0,heldout,
real_buchwald_hartwig,llm_direct_prior_source_schema_only_field_mapping_noprior,27109,81.5369,73.6354,18.4631,0,heldout,
real_buchwald_hartwig,llm_direct_prior_steric_tpsa_balanced_optimization,27109,54.2238,53.1732,45.7762,0,heldout,
real_buchwald_hartwig,llm_direct_prior_steric_tpsa_balanced_optimization_conservative,27109,83.0965,69.5985,16.9035,0,heldout,
real_buchwald_hartwig,llm_direct_prior_steric_tpsa_balanced_optimization_noprior,27109,54.2238,53.1732,45.7762,0,heldout,
real_buchwald_hartwig,llm_semantic_base_strength_solvent_polarity_domain,27109,63.4288,60.806,36.5712,0,heldout,
real_buchwald_hartwig,llm_semantic_base_strength_solvent_polarity_domain_conservative,27109,63.4288,62.0402,36.5712,0,heldout,
real_buchwald_hartwig,llm_semantic_base_strength_solvent_polarity_domain_noprior,27109,63.1891,59.9752,36.8109,0,heldout,
real_buchwald_hartwig,llm_semantic_counter_source_acid_halide_reversal,27109,71.0972,67.3585,28.9028,0,heldout,
real_buchwald_hartwig,llm_semantic_counter_source_acid_halide_reversal_conservative,27109,86.7926,76.8422,13.2074,0,heldout,
real_buchwald_hartwig,llm_semantic_counter_source_acid_halide_reversal_noprior,27109,83.9556,76.0737,16.0444,0,heldout,
real_buchwald_hartwig,llm_semantic_cross_skill_rule_bank,27109,86.7621,77.2816,13.2379,0,heldout,
real_buchwald_hartwig,llm_semantic_halide_reactivity_additive_suppression,27109,63.1891,62.1425,36.8109,0,heldout,
real_buchwald_hartwig,llm_semantic_halide_reactivity_additive_suppression_conservative,27109,66.4828,66.042,33.5172,0,heldout,
real_buchwald_hartwig,llm_semantic_halide_reactivity_additive_suppression_noprior,27109,70.1993,62.8435,29.8007,0,heldout,
real_buchwald_hartwig,llm_semantic_low_semantic_mass_anchor_heavy,27109,88.5139,77.0404,11.4861,0,heldout,
real_buchwald_hartwig,llm_semantic_low_semantic_mass_anchor_heavy_conservative,27109,70.1993,67.1676,29.8007,0,heldout,
real_buchwald_hartwig,llm_semantic_low_semantic_mass_anchor_heavy_noprior,27109,70.1993,67.1676,29.8007,0,heldout,
real_buchwald_hartwig,llm_semantic_mechanistic_heteroaromatic_halide_synergy,27109,88.4043,78.827,11.5957,0,heldout,
real_buchwald_hartwig,llm_semantic_mechanistic_heteroaromatic_halide_synergy_conservative,27109,87.2375,81.4175,12.7625,0,heldout,
real_buchwald_hartwig,llm_semantic_mechanistic_heteroaromatic_halide_synergy_noprior,27109,79.6425,67.412,20.3575,0,heldout,
real_buchwald_hartwig,llm_semantic_source_alignment_conservative_ligand_mass,27109,88.5139,79.4565,11.4861,0,heldout,
real_buchwald_hartwig,llm_semantic_source_alignment_conservative_ligand_mass_conservative,27109,88.5139,79.4565,11.4861,0,heldout,
real_buchwald_hartwig,llm_semantic_source_alignment_conservative_ligand_mass_noprior,27109,88.5139,79.4565,11.4861,0,heldout,
real_buchwald_hartwig,llm_semantic_source_schema_only_field_mapping,27109,63.4288,60.9696,36.5712,0,heldout,
real_buchwald_hartwig,llm_semantic_source_schema_only_field_mapping_conservative,27109,63.4288,61.8766,36.5712,0,heldout,
real_buchwald_hartwig,llm_semantic_source_schema_only_field_mapping_noprior,27109,63.4288,61.8766,36.5712,0,heldout,
real_buchwald_hartwig,llm_semantic_steric_tpsa_balanced_optimization,27109,84.4042,76.7649,15.5958,0,heldout,
real_buchwald_hartwig,llm_semantic_steric_tpsa_balanced_optimization_conservative,27109,71.0972,71.0972,28.9028,0,heldout,
real_buchwald_hartwig,llm_semantic_steric_tpsa_balanced_optimization_noprior,27109,84.4042,72.2192,15.5958,0,heldout,
real_buchwald_hartwig,mixed_kernel_gp_ei,27109,86.4971,71.0712,13.5029,0,heldout,
real_buchwald_hartwig,target_acquisition_portfolio,27109,86.4971,71.0712,13.5029,0,heldout,
real_buchwald_hartwig,care_strategy_router,27110,93.4211,90.2671,6.5789,0,heldout,llm_direct_prior_counter_source_acid_halide_reversal_noprior
real_buchwald_hartwig,gp_ucb,27110,89.6142,89.6142,10.3858,0,heldout,
real_buchwald_hartwig,llambo_warmstart_base_strength_solvent_polarity_domain,27110,97.5685,87.7845,2.4315,1,heldout,
real_buchwald_hartwig,llambo_warmstart_base_strength_solvent_polarity_domain_conservative,27110,97.5685,87.7845,2.4315,1,heldout,
real_buchwald_hartwig,llambo_warmstart_base_strength_solvent_polarity_domain_noprior,27110,97.5685,87.7845,2.4315,1,heldout,
real_buchwald_hartwig,llambo_warmstart_counter_source_acid_halide_reversal,27110,96.5912,94.4337,3.4088,0,heldout,
real_buchwald_hartwig,llambo_warmstart_counter_source_acid_halide_reversal_conservative,27110,96.5912,94.4337,3.4088,0,heldout,
real_buchwald_hartwig,llambo_warmstart_counter_source_acid_halide_reversal_noprior,27110,96.5912,94.4337,3.4088,0,heldout,
real_buchwald_hartwig,llambo_warmstart_cross_skill_rule_bank,27110,98.7313,93.1539,1.2687,1,heldout,
real_buchwald_hartwig,llambo_warmstart_halide_reactivity_additive_suppression,27110,49.0148,41.976,50.9852,0,heldout,
real_buchwald_hartwig,llambo_warmstart_halide_reactivity_additive_suppression_conservative,27110,49.0148,41.976,50.9852,0,heldout,
real_buchwald_hartwig,llambo_warmstart_halide_reactivity_additive_suppression_noprior,27110,49.0148,41.976,50.9852,0,heldout,
real_buchwald_hartwig,llambo_warmstart_low_semantic_mass_anchor_heavy,27110,65.7347,64.0174,34.2653,0,heldout,
real_buchwald_hartwig,llambo_warmstart_low_semantic_mass_anchor_heavy_conservative,27110,65.7347,64.0174,34.2653,0,heldout,
real_buchwald_hartwig,llambo_warmstart_low_semantic_mass_anchor_heavy_noprior,27110,65.7347,64.0174,34.2653,0,heldout,
real_buchwald_hartwig,llambo_warmstart_mechanistic_heteroaromatic_halide_synergy,27110,93.3108,84.8809,6.6892,0,heldout,
real_buchwald_hartwig,llambo_warmstart_mechanistic_heteroaromatic_halide_synergy_conservative,27110,93.3108,84.8809,6.6892,0,heldout,
real_buchwald_hartwig,llambo_warmstart_mechanistic_heteroaromatic_halide_synergy_noprior,27110,93.3108,84.8809,6.6892,0,heldout,
real_buchwald_hartwig,llambo_warmstart_selector,27110,98.7313,93.1539,1.2687,1,heldout,llambo_warmstart_cross_skill_rule_bank
real_buchwald_hartwig,llambo_warmstart_source_alignment_conservative_ligand_mass,27110,88.8276,76.893,11.1724,0,heldout,
real_buchwald_hartwig,llambo_warmstart_source_alignment_conservative_ligand_mass_conservative,27110,88.8276,76.893,11.1724,0,heldout,
real_buchwald_hartwig,llambo_warmstart_source_alignment_conservative_ligand_mass_noprior,27110,88.8276,76.893,11.1724,0,heldout,
real_buchwald_hartwig,llambo_warmstart_source_schema_only_field_mapping,27110,98.7313,90.227,1.2687,1,heldout,
real_buchwald_hartwig,llambo_warmstart_source_schema_only_field_mapping_conservative,27110,98.7313,90.227,1.2687,1,heldout,
real_buchwald_hartwig,llambo_warmstart_source_schema_only_field_mapping_noprior,27110,98.7313,90.227,1.2687,1,heldout,
real_buchwald_hartwig,llambo_warmstart_steric_tpsa_balanced_optimization,27110,97.948,79.5031,2.052,1,heldout,
real_buchwald_hartwig,llambo_warmstart_steric_tpsa_balanced_optimization_conservative,27110,97.948,79.5031,2.052,1,heldout,
real_buchwald_hartwig,llambo_warmstart_steric_tpsa_balanced_optimization_noprior,27110,97.948,79.5031,2.052,1,heldout,
real_buchwald_hartwig,llm_calibrated_selector,27110,100.0,87.9305,0.0,1,heldout,llm_semantic_source_alignment_conservative_ligand_mass_noprior
real_buchwald_hartwig,llm_direct_prior_base_strength_solvent_polarity_domain,27110,84.3107,84.3107,15.6893,0,heldout,
real_buchwald_hartwig,llm_direct_prior_base_strength_solvent_polarity_domain_conservative,27110,90.3173,87.314,9.6827,0,heldout,
real_buchwald_hartwig,llm_direct_prior_base_strength_solvent_polarity_domain_noprior,27110,84.3107,84.3107,15.6893,0,heldout,
real_buchwald_hartwig,llm_direct_prior_counter_source_acid_halide_reversal,27110,93.4211,90.2671,6.5789,0,heldout,
real_buchwald_hartwig,llm_direct_prior_counter_source_acid_halide_reversal_conservative,27110,90.3173,87.7726,9.6827,0,heldout,
real_buchwald_hartwig,llm_direct_prior_counter_source_acid_halide_reversal_noprior,27110,93.4211,90.2671,6.5789,0,heldout,
real_buchwald_hartwig,llm_direct_prior_cross_skill_rule_bank,27110,84.3107,84.3107,15.6893,0,heldout,
real_buchwald_hartwig,llm_direct_prior_halide_reactivity_additive_suppression,27110,90.7313,87.521,9.2687,0,heldout,
real_buchwald_hartwig,llm_direct_prior_halide_reactivity_additive_suppression_conservative,27110,90.3173,88.5153,9.6827,0,heldout,
real_buchwald_hartwig,llm_direct_prior_halide_reactivity_additive_suppression_noprior,27110,90.7313,87.521,9.2687,0,heldout,
real_buchwald_hartwig,llm_direct_prior_low_semantic_mass_anchor_heavy,27110,85.6057,85.4762,14.3943,0,heldout,
real_buchwald_hartwig,llm_direct_prior_low_semantic_mass_anchor_heavy_conservative,27110,85.6057,85.4762,14.3943,0,heldout,
real_buchwald_hartwig,llm_direct_prior_low_semantic_mass_anchor_heavy_noprior,27110,85.6057,85.4762,14.3943,0,heldout,
real_buchwald_hartwig,llm_direct_prior_mechanistic_heteroaromatic_halide_synergy,27110,85.1332,84.4752,14.8668,0,heldout,
real_buchwald_hartwig,llm_direct_prior_mechanistic_heteroaromatic_halide_synergy_conservative,27110,96.1323,87.8763,3.8677,0,heldout,
real_buchwald_hartwig,llm_direct_prior_mechanistic_heteroaromatic_halide_synergy_noprior,27110,85.1332,84.4752,14.8668,0,heldout,
real_buchwald_hartwig,llm_direct_prior_selector,27110,93.4211,90.2671,6.5789,0,heldout,llm_direct_prior_counter_source_acid_halide_reversal_noprior
real_buchwald_hartwig,llm_direct_prior_source_alignment_conservative_ligand_mass,27110,87.9408,85.111,12.0592,0,heldout,
real_buchwald_hartwig,llm_direct_prior_source_alignment_conservative_ligand_mass_conservative,27110,87.9408,85.111,12.0592,0,heldout,
real_buchwald_hartwig,llm_direct_prior_source_alignment_conservative_ligand_mass_noprior,27110,87.9408,85.111,12.0592,0,heldout,
real_buchwald_hartwig,llm_direct_prior_source_schema_only_field_mapping,27110,84.93,84.93,15.07,0,heldout,
real_buchwald_hartwig,llm_direct_prior_source_schema_only_field_mapping_conservative,27110,84.93,84.93,15.07,0,heldout,
real_buchwald_hartwig,llm_direct_prior_source_schema_only_field_mapping_noprior,27110,84.93,84.93,15.07,0,heldout,
real_buchwald_hartwig,llm_direct_prior_steric_tpsa_balanced_optimization,27110,84.3107,84.3107,15.6893,0,heldout,
real_buchwald_hartwig,llm_direct_prior_steric_tpsa_balanced_optimization_conservative,27110,88.5139,87.2529,11.4861,0,heldout,
real_buchwald_hartwig,llm_direct_prior_steric_tpsa_balanced_optimization_noprior,27110,84.3107,84.3107,15.6893,0,heldout,
real_buchwald_hartwig,llm_semantic_base_strength_solvent_polarity_domain,27110,89.6142,86.7404,10.3858,0,heldout,
real_buchwald_hartwig,llm_semantic_base_strength_solvent_polarity_domain_conservative,27110,87.9408,85.6475,12.0592,0,heldout,
real_buchwald_hartwig,llm_semantic_base_strength_solvent_polarity_domain_noprior,27110,89.9742,85.4434,10.0258,0,heldout,
real_buchwald_hartwig,llm_semantic_counter_source_acid_halide_reversal,27110,100.0,93.7243,0.0,1,heldout,
real_buchwald_hartwig,llm_semantic_counter_source_acid_halide_reversal_conservative,27110,100.0,95.2932,0.0,1,heldout,
real_buchwald_hartwig,llm_semantic_counter_source_acid_halide_reversal_noprior,27110,100.0,95.2932,0.0,1,heldout,
real_buchwald_hartwig,llm_semantic_cross_skill_rule_bank,27110,96.1323,90.4288,3.8677,0,heldout,
real_buchwald_hartwig,llm_semantic_halide_reactivity_additive_suppression,27110,89.6142,86.9514,10.3858,0,heldout,
real_buchwald_hartwig,llm_semantic_halide_reactivity_additive_suppression_conservative,27110,96.1323,91.6911,3.8677,0,heldout,
real_buchwald_hartwig,llm_semantic_halide_reactivity_additive_suppression_noprior,27110,89.5592,87.4598,10.4408,0,heldout,
real_buchwald_hartwig,llm_semantic_low_semantic_mass_anchor_heavy,27110,96.1323,92.5858,3.8677,0,heldout,
real_buchwald_hartwig,llm_semantic_low_semantic_mass_anchor_heavy_conservative,27110,96.1323,92.5858,3.8677,0,heldout,
real_buchwald_hartwig,llm_semantic_low_semantic_mass_anchor_heavy_noprior,27110,96.1323,92.5858,3.8677,0,heldout,
real_buchwald_hartwig,llm_semantic_mechanistic_heteroaromatic_halide_synergy,27110,89.4195,87.6416,10.5805,0,heldout,
real_buchwald_hartwig,llm_semantic_mechanistic_heteroaromatic_halide_synergy_conservative,27110,89.4195,88.2995,10.5805,0,heldout,
real_buchwald_hartwig,llm_semantic_mechanistic_heteroaromatic_halide_synergy_noprior,27110,89.4195,87.6416,10.5805,0,heldout,
real_buchwald_hartwig,llm_semantic_source_alignment_conservative_ligand_mass,27110,91.1391,87.1716,8.8609,0,heldout,
real_buchwald_hartwig,llm_semantic_source_alignment_conservative_ligand_mass_conservative,27110,100.0,87.9305,0.0,1,heldout,
real_buchwald_hartwig,llm_semantic_source_alignment_conservative_ligand_mass_noprior,27110,100.0,87.9305,0.0,1,heldout,
real_buchwald_hartwig,llm_semantic_source_schema_only_field_mapping,27110,89.6142,86.8234,10.3858,0,heldout,
real_buchwald_hartwig,llm_semantic_source_schema_only_field_mapping_conservative,27110,89.6142,86.8234,10.3858,0,heldout,
real_buchwald_hartwig,llm_semantic_source_schema_only_field_mapping_noprior,27110,89.6142,86.8234,10.3858,0,heldout,
real_buchwald_hartwig,llm_semantic_steric_tpsa_balanced_optimization,27110,84.3107,84.3107,15.6893,0,heldout,
real_buchwald_hartwig,llm_semantic_steric_tpsa_balanced_optimization_conservative,27110,91.6984,88.3244,8.3016,0,heldout,
real_buchwald_hartwig,llm_semantic_steric_tpsa_balanced_optimization_noprior,27110,87.2375,86.0668,12.7625,0,heldout,
real_buchwald_hartwig,mixed_kernel_gp_ei,27110,89.6142,89.6087,10.3858,0,heldout,
real_buchwald_hartwig,target_acquisition_portfolio,27110,89.6142,89.6142,10.3858,0,heldout,
real_buchwald_hartwig,care_strategy_router,27111,97.2929,95.0556,2.7071,0,heldout,llm_direct_prior_counter_source_acid_halide_reversal_noprior
real_buchwald_hartwig,gp_ucb,27111,93.5641,93.5641,6.4359,0,heldout,
real_buchwald_hartwig,llambo_warmstart_base_strength_solvent_polarity_domain,27111,100.0,93.5902,0.0,1,heldout,
real_buchwald_hartwig,llambo_warmstart_base_strength_solvent_polarity_domain_conservative,27111,100.0,93.5902,0.0,1,heldout,
real_buchwald_hartwig,llambo_warmstart_base_strength_solvent_polarity_domain_noprior,27111,100.0,93.5902,0.0,1,heldout,
real_buchwald_hartwig,llambo_warmstart_counter_source_acid_halide_reversal,27111,86.2198,85.6494,13.7802,0,heldout,
real_buchwald_hartwig,llambo_warmstart_counter_source_acid_halide_reversal_conservative,27111,86.2198,85.6494,13.7802,0,heldout,
real_buchwald_hartwig,llambo_warmstart_counter_source_acid_halide_reversal_noprior,27111,86.2198,85.6494,13.7802,0,heldout,
real_buchwald_hartwig,llambo_warmstart_cross_skill_rule_bank,27111,89.4195,88.4921,10.5805,0,heldout,
real_buchwald_hartwig,llambo_warmstart_halide_reactivity_additive_suppression,27111,100.0,94.6693,0.0,1,heldout,
real_buchwald_hartwig,llambo_warmstart_halide_reactivity_additive_suppression_conservative,27111,100.0,94.6693,0.0,1,heldout,
real_buchwald_hartwig,llambo_warmstart_halide_reactivity_additive_suppression_noprior,27111,100.0,94.6693,0.0,1,heldout,
real_buchwald_hartwig,llambo_warmstart_low_semantic_mass_anchor_heavy,27111,98.1771,91.7231,1.8229,1,heldout,
real_buchwald_hartwig,llambo_warmstart_low_semantic_mass_anchor_heavy_conservative,27111,98.1771,91.7231,1.8229,1,heldout,
real_buchwald_hartwig,llambo_warmstart_low_semantic_mass_anchor_heavy_noprior,27111,98.1771,91.7231,1.8229,1,heldout,
real_buchwald_hartwig,llambo_warmstart_mechanistic_heteroaromatic_halide_synergy,27111,84.178,74.3285,15.822,0,heldout,
real_buchwald_hartwig,llambo_warmstart_mechanistic_heteroaromatic_halide_synergy_conservative,27111,84.178,74.3285,15.822,0,heldout,
real_buchwald_hartwig,llambo_warmstart_mechanistic_heteroaromatic_halide_synergy_noprior,27111,84.178,74.3285,15.822,0,heldout,
real_buchwald_hartwig,llambo_warmstart_selector,27111,89.4195,88.4921,10.5805,0,heldout,llambo_warmstart_cross_skill_rule_bank
real_buchwald_hartwig,llambo_warmstart_source_alignment_conservative_ligand_mass,27111,80.5818,78.6716,19.4182,0,heldout,
real_buchwald_hartwig,llambo_warmstart_source_alignment_conservative_ligand_mass_conservative,27111,80.5818,78.6716,19.4182,0,heldout,
real_buchwald_hartwig,llambo_warmstart_source_alignment_conservative_ligand_mass_noprior,27111,80.5818,78.6716,19.4182,0,heldout,
real_buchwald_hartwig,llambo_warmstart_source_schema_only_field_mapping,27111,93.3108,84.0331,6.6892,0,heldout,
real_buchwald_hartwig,llambo_warmstart_source_schema_only_field_mapping_conservative,27111,93.3108,84.0331,6.6892,0,heldout,
real_buchwald_hartwig,llambo_warmstart_source_schema_only_field_mapping_noprior,27111,93.3108,84.0331,6.6892,0,heldout,
real_buchwald_hartwig,llambo_warmstart_steric_tpsa_balanced_optimization,27111,97.948,89.8106,2.052,1,heldout,
real_buchwald_hartwig,llambo_warmstart_steric_tpsa_balanced_optimization_conservative,27111,97.948,89.8106,2.052,1,heldout,
real_buchwald_hartwig,llambo_warmstart_steric_tpsa_balanced_optimization_noprior,27111,97.948,89.8106,2.052,1,heldout,
real_buchwald_hartwig,llm_calibrated_selector,27111,96.1323,95.8755,3.8677,0,heldout,llm_semantic_source_alignment_conservative_ligand_mass_noprior
real_buchwald_hartwig,llm_direct_prior_base_strength_solvent_polarity_domain,27111,93.5641,93.5641,6.4359,0,heldout,
real_buchwald_hartwig,llm_direct_prior_base_strength_solvent_polarity_domain_conservative,27111,93.5641,93.5641,6.4359,0,heldout,
real_buchwald_hartwig,llm_direct_prior_base_strength_solvent_polarity_domain_noprior,27111,93.5641,93.5641,6.4359,0,heldout,
real_buchwald_hartwig,llm_direct_prior_counter_source_acid_halide_reversal,27111,97.2929,95.0556,2.7071,0,heldout,
real_buchwald_hartwig,llm_direct_prior_counter_source_acid_halide_reversal_conservative,27111,97.2929,94.3099,2.7071,0,heldout,
real_buchwald_hartwig,llm_direct_prior_counter_source_acid_halide_reversal_noprior,27111,97.2929,95.0556,2.7071,0,heldout,
real_buchwald_hartwig,llm_direct_prior_cross_skill_rule_bank,27111,93.5641,93.5641,6.4359,0,heldout,
real_buchwald_hartwig,llm_direct_prior_halide_reactivity_additive_suppression,27111,93.5641,93.5641,6.4359,0,heldout,
real_buchwald_hartwig,llm_direct_prior_halide_reactivity_additive_suppression_conservative,27111,93.5641,93.5641,6.4359,0,heldout,
real_buchwald_hartwig,llm_direct_prior_halide_reactivity_additive_suppression_noprior,27111,93.5641,93.5641,6.4359,0,heldout,
real_buchwald_hartwig,llm_direct_prior_low_semantic_mass_anchor_heavy,27111,93.5641,93.5641,6.4359,0,heldout,
real_buchwald_hartwig,llm_direct_prior_low_semantic_mass_anchor_heavy_conservative,27111,93.5641,93.5641,6.4359,0,heldout,
real_buchwald_hartwig,llm_direct_prior_low_semantic_mass_anchor_heavy_noprior,27111,93.5641,93.5641,6.4359,0,heldout,
real_buchwald_hartwig,llm_direct_prior_mechanistic_heteroaromatic_halide_synergy,27111,97.2929,93.937,2.7071,0,heldout,
real_buchwald_hartwig,llm_direct_prior_mechanistic_heteroaromatic_halide_synergy_conservative,27111,93.5641,93.5641,6.4359,0,heldout,
real_buchwald_hartwig,llm_direct_prior_mechanistic_heteroaromatic_halide_synergy_noprior,27111,97.2929,93.937,2.7071,0,heldout,
real_buchwald_hartwig,llm_direct_prior_selector,27111,97.2929,95.0556,2.7071,0,heldout,llm_direct_prior_counter_source_acid_halide_reversal_noprior
real_buchwald_hartwig,llm_direct_prior_source_alignment_conservative_ligand_mass,27111,93.5641,93.5641,6.4359,0,heldout,
real_buchwald_hartwig,llm_direct_prior_source_alignment_conservative_ligand_mass_conservative,27111,93.5641,93.5641,6.4359,0,heldout,
real_buchwald_hartwig,llm_direct_prior_source_alignment_conservative_ligand_mass_noprior,27111,93.5641,93.5641,6.4359,0,heldout,
real_buchwald_hartwig,llm_direct_prior_source_schema_only_field_mapping,27111,93.5641,93.5641,6.4359,0,heldout,
real_buchwald_hartwig,llm_direct_prior_source_schema_only_field_mapping_conservative,27111,93.5641,93.5641,6.4359,0,heldout,
real_buchwald_hartwig,llm_direct_prior_source_schema_only_field_mapping_noprior,27111,93.5641,93.5641,6.4359,0,heldout,
real_buchwald_hartwig,llm_direct_prior_steric_tpsa_balanced_optimization,27111,93.5641,93.5641,6.4359,0,heldout,
real_buchwald_hartwig,llm_direct_prior_steric_tpsa_balanced_optimization_conservative,27111,93.5641,93.5641,6.4359,0,heldout,
real_buchwald_hartwig,llm_direct_prior_steric_tpsa_balanced_optimization_noprior,27111,93.5641,93.5641,6.4359,0,heldout,
real_buchwald_hartwig,llm_semantic_base_strength_solvent_polarity_domain,27111,93.5641,93.5641,6.4359,0,heldout,
real_buchwald_hartwig,llm_semantic_base_strength_solvent_polarity_domain_conservative,27111,93.5641,93.5641,6.4359,0,heldout,
real_buchwald_hartwig,llm_semantic_base_strength_solvent_polarity_domain_noprior,27111,93.5641,93.5641,6.4359,0,heldout,
real_buchwald_hartwig,llm_semantic_counter_source_acid_halide_reversal,27111,96.1323,94.5914,3.8677,0,heldout,
real_buchwald_hartwig,llm_semantic_counter_source_acid_halide_reversal_conservative,27111,93.5641,93.5641,6.4359,0,heldout,
real_buchwald_hartwig,llm_semantic_counter_source_acid_halide_reversal_noprior,27111,93.5641,93.5641,6.4359,0,heldout,
real_buchwald_hartwig,llm_semantic_cross_skill_rule_bank,27111,96.1323,94.0777,3.8677,0,heldout,
real_buchwald_hartwig,llm_semantic_halide_reactivity_additive_suppression,27111,96.1323,95.8755,3.8677,0,heldout,
real_buchwald_hartwig,llm_semantic_halide_reactivity_additive_suppression_conservative,27111,96.1323,95.3618,3.8677,0,heldout,
real_buchwald_hartwig,llm_semantic_halide_reactivity_additive_suppression_noprior,27111,96.1323,95.6187,3.8677,0,heldout,
real_buchwald_hartwig,llm_semantic_low_semantic_mass_anchor_heavy,27111,96.1323,94.8482,3.8677,0,heldout,
real_buchwald_hartwig,llm_semantic_low_semantic_mass_anchor_heavy_conservative,27111,96.1323,94.8482,3.8677,0,heldout,
real_buchwald_hartwig,llm_semantic_low_semantic_mass_anchor_heavy_noprior,27111,96.1323,94.8482,3.8677,0,heldout,
real_buchwald_hartwig,llm_semantic_mechanistic_heteroaromatic_halide_synergy,27111,93.5641,93.5641,6.4359,0,heldout,
real_buchwald_hartwig,llm_semantic_mechanistic_heteroaromatic_halide_synergy_conservative,27111,93.5641,93.5641,6.4359,0,heldout,
real_buchwald_hartwig,llm_semantic_mechanistic_heteroaromatic_halide_synergy_noprior,27111,93.5641,93.5641,6.4359,0,heldout,
real_buchwald_hartwig,llm_semantic_source_alignment_conservative_ligand_mass,27111,96.1323,95.8755,3.8677,0,heldout,
real_buchwald_hartwig,llm_semantic_source_alignment_conservative_ligand_mass_conservative,27111,96.1323,95.8755,3.8677,0,heldout,
real_buchwald_hartwig,llm_semantic_source_alignment_conservative_ligand_mass_noprior,27111,96.1323,95.8755,3.8677,0,heldout,
real_buchwald_hartwig,llm_semantic_source_schema_only_field_mapping,27111,93.5641,93.5641,6.4359,0,heldout,
real_buchwald_hartwig,llm_semantic_source_schema_only_field_mapping_conservative,27111,93.5641,93.5641,6.4359,0,heldout,
real_buchwald_hartwig,llm_semantic_source_schema_only_field_mapping_noprior,27111,93.5641,93.5641,6.4359,0,heldout,
real_buchwald_hartwig,llm_semantic_steric_tpsa_balanced_optimization,27111,93.5641,93.5641,6.4359,0,heldout,
real_buchwald_hartwig,llm_semantic_steric_tpsa_balanced_optimization_conservative,27111,93.5641,93.5641,6.4359,0,heldout,
real_buchwald_hartwig,llm_semantic_steric_tpsa_balanced_optimization_noprior,27111,93.5641,93.5641,6.4359,0,heldout,
real_buchwald_hartwig,mixed_kernel_gp_ei,27111,93.5641,93.5641,6.4359,0,heldout,
real_buchwald_hartwig,target_acquisition_portfolio,27111,93.5641,93.5641,6.4359,0,heldout,
real_buchwald_hartwig,care_strategy_router,27112,100.0,85.17,0.0,1,heldout,llm_direct_prior_counter_source_acid_halide_reversal_noprior
real_buchwald_hartwig,gp_ucb,27112,100.0,85.5965,0.0,1,heldout,
real_buchwald_hartwig,llambo_warmstart_base_strength_solvent_polarity_domain,27112,100.0,80.6915,0.0,1,heldout,
real_buchwald_hartwig,llambo_warmstart_base_strength_solvent_polarity_domain_conservative,27112,100.0,80.6915,0.0,1,heldout,
real_buchwald_hartwig,llambo_warmstart_base_strength_solvent_polarity_domain_noprior,27112,100.0,80.6915,0.0,1,heldout,
real_buchwald_hartwig,llambo_warmstart_counter_source_acid_halide_reversal,27112,89.5866,71.3758,10.4134,0,heldout,
real_buchwald_hartwig,llambo_warmstart_counter_source_acid_halide_reversal_conservative,27112,89.5866,71.3758,10.4134,0,heldout,
real_buchwald_hartwig,llambo_warmstart_counter_source_acid_halide_reversal_noprior,27112,89.5866,71.3758,10.4134,0,heldout,
real_buchwald_hartwig,llambo_warmstart_cross_skill_rule_bank,27112,94.8799,94.8799,5.1201,0,heldout,
real_buchwald_hartwig,llambo_warmstart_halide_reactivity_additive_suppression,27112,100.0,99.5387,0.0,1,heldout,
real_buchwald_hartwig,llambo_warmstart_halide_reactivity_additive_suppression_conservative,27112,100.0,99.5387,0.0,1,heldout,
real_buchwald_hartwig,llambo_warmstart_halide_reactivity_additive_suppression_noprior,27112,100.0,99.5387,0.0,1,heldout,
real_buchwald_hartwig,llambo_warmstart_low_semantic_mass_anchor_heavy,27112,95.7526,75.877,4.2474,0,heldout,
real_buchwald_hartwig,llambo_warmstart_low_semantic_mass_anchor_heavy_conservative,27112,95.7526,75.877,4.2474,0,heldout,
real_buchwald_hartwig,llambo_warmstart_low_semantic_mass_anchor_heavy_noprior,27112,95.7526,75.877,4.2474,0,heldout,
real_buchwald_hartwig,llambo_warmstart_mechanistic_heteroaromatic_halide_synergy,27112,89.4195,84.9293,10.5805,0,heldout,
real_buchwald_hartwig,llambo_warmstart_mechanistic_heteroaromatic_halide_synergy_conservative,27112,89.4195,84.9293,10.5805,0,heldout,
real_buchwald_hartwig,llambo_warmstart_mechanistic_heteroaromatic_halide_synergy_noprior,27112,89.4195,84.9293,10.5805,0,heldout,
real_buchwald_hartwig,llambo_warmstart_selector,27112,94.8799,94.8799,5.1201,0,heldout,llambo_warmstart_cross_skill_rule_bank
real_buchwald_hartwig,llambo_warmstart_source_alignment_conservative_ligand_mass,27112,82.6307,80.1589,17.3693,0,heldout,
real_buchwald_hartwig,llambo_warmstart_source_alignment_conservative_ligand_mass_conservative,27112,82.6307,80.1589,17.3693,0,heldout,
real_buchwald_hartwig,llambo_warmstart_source_alignment_conservative_ligand_mass_noprior,27112,82.6307,80.1589,17.3693,0,heldout,
real_buchwald_hartwig,llambo_warmstart_source_schema_only_field_mapping,27112,64.8056,47.8184,35.1944,0,heldout,
real_buchwald_hartwig,llambo_warmstart_source_schema_only_field_mapping_conservative,27112,64.8056,47.8184,35.1944,0,heldout,
real_buchwald_hartwig,llambo_warmstart_source_schema_only_field_mapping_noprior,27112,64.8056,47.8184,35.1944,0,heldout,
real_buchwald_hartwig,llambo_warmstart_steric_tpsa_balanced_optimization,27112,82.3289,78.1571,17.6711,0,heldout,
real_buchwald_hartwig,llambo_warmstart_steric_tpsa_balanced_optimization_conservative,27112,82.3289,78.1571,17.6711,0,heldout,
real_buchwald_hartwig,llambo_warmstart_steric_tpsa_balanced_optimization_noprior,27112,82.3289,78.1571,17.6711,0,heldout,
real_buchwald_hartwig,llm_calibrated_selector,27112,96.1323,85.3735,3.8677,0,heldout,llm_semantic_source_alignment_conservative_ligand_mass_noprior
real_buchwald_hartwig,llm_direct_prior_base_strength_solvent_polarity_domain,27112,85.1447,70.2365,14.8553,0,heldout,
real_buchwald_hartwig,llm_direct_prior_base_strength_solvent_polarity_domain_conservative,27112,90.2279,73.9839,9.7721,0,heldout,
real_buchwald_hartwig,llm_direct_prior_base_strength_solvent_polarity_domain_noprior,27112,85.1447,70.2365,14.8553,0,heldout,
real_buchwald_hartwig,llm_direct_prior_counter_source_acid_halide_reversal,27112,100.0,85.17,0.0,1,heldout,
real_buchwald_hartwig,llm_direct_prior_counter_source_acid_halide_reversal_conservative,27112,100.0,85.17,0.0,1,heldout,
real_buchwald_hartwig,llm_direct_prior_counter_source_acid_halide_reversal_noprior,27112,100.0,85.17,0.0,1,heldout,
real_buchwald_hartwig,llm_direct_prior_cross_skill_rule_bank,27112,83.3644,68.7941,16.6356,0,heldout,
real_buchwald_hartwig,llm_direct_prior_halide_reactivity_additive_suppression,27112,85.1447,75.4457,14.8553,0,heldout,
real_buchwald_hartwig,llm_direct_prior_halide_reactivity_additive_suppression_conservative,27112,85.1402,75.0304,14.8598,0,heldout,
real_buchwald_hartwig,llm_direct_prior_halide_reactivity_additive_suppression_noprior,27112,85.1447,75.4457,14.8553,0,heldout,
real_buchwald_hartwig,llm_direct_prior_low_semantic_mass_anchor_heavy,27112,89.6142,67.4401,10.3858,0,heldout,
real_buchwald_hartwig,llm_direct_prior_low_semantic_mass_anchor_heavy_conservative,27112,89.6142,67.4401,10.3858,0,heldout,
real_buchwald_hartwig,llm_direct_prior_low_semantic_mass_anchor_heavy_noprior,27112,89.6142,67.4401,10.3858,0,heldout,
real_buchwald_hartwig,llm_direct_prior_mechanistic_heteroaromatic_halide_synergy,27112,97.5685,86.9157,2.4315,1,heldout,
real_buchwald_hartwig,llm_direct_prior_mechanistic_heteroaromatic_halide_synergy_conservative,27112,89.0766,82.6697,10.9234,0,heldout,
real_buchwald_hartwig,llm_direct_prior_mechanistic_heteroaromatic_halide_synergy_noprior,27112,97.5685,86.9157,2.4315,1,heldout,
real_buchwald_hartwig,llm_direct_prior_selector,27112,100.0,85.17,0.0,1,heldout,llm_direct_prior_counter_source_acid_halide_reversal_noprior
real_buchwald_hartwig,llm_direct_prior_source_alignment_conservative_ligand_mass,27112,86.2198,78.8763,13.7802,0,heldout,
real_buchwald_hartwig,llm_direct_prior_source_alignment_conservative_ligand_mass_conservative,27112,86.2198,78.8763,13.7802,0,heldout,
real_buchwald_hartwig,llm_direct_prior_source_alignment_conservative_ligand_mass_noprior,27112,86.2198,78.8763,13.7802,0,heldout,
real_buchwald_hartwig,llm_direct_prior_source_schema_only_field_mapping,27112,84.8146,77.2844,15.1854,0,heldout,
real_buchwald_hartwig,llm_direct_prior_source_schema_only_field_mapping_conservative,27112,86.0035,77.759,13.9965,0,heldout,
real_buchwald_hartwig,llm_direct_prior_source_schema_only_field_mapping_noprior,27112,84.8146,77.2844,15.1854,0,heldout,
real_buchwald_hartwig,llm_direct_prior_steric_tpsa_balanced_optimization,27112,69.5848,63.4057,30.4152,0,heldout,
real_buchwald_hartwig,llm_direct_prior_steric_tpsa_balanced_optimization_conservative,27112,79.8724,75.1778,20.1276,0,heldout,
real_buchwald_hartwig,llm_direct_prior_steric_tpsa_balanced_optimization_noprior,27112,69.5848,63.4057,30.4152,0,heldout,
real_buchwald_hartwig,llm_semantic_base_strength_solvent_polarity_domain,27112,86.2002,78.4703,13.7998,0,heldout,
real_buchwald_hartwig,llm_semantic_base_strength_solvent_polarity_domain_conservative,27112,91.1391,79.7066,8.8609,0,heldout,
real_buchwald_hartwig,llm_semantic_base_strength_solvent_polarity_domain_noprior,27112,92.1197,79.8449,7.8803,0,heldout,
real_buchwald_hartwig,llm_semantic_counter_source_acid_halide_reversal,27112,85.1402,62.6153,14.8598,0,heldout,
real_buchwald_hartwig,llm_semantic_counter_source_acid_halide_reversal_conservative,27112,100.0,76.8763,0.0,1,heldout,
real_buchwald_hartwig,llm_semantic_counter_source_acid_halide_reversal_noprior,27112,100.0,68.4168,0.0,1,heldout,
real_buchwald_hartwig,llm_semantic_cross_skill_rule_bank,27112,97.5685,88.0364,2.4315,1,heldout,
real_buchwald_hartwig,llm_semantic_halide_reactivity_additive_suppression,27112,96.1323,89.4401,3.8677,0,heldout,
real_buchwald_hartwig,llm_semantic_halide_reactivity_additive_suppression_conservative,27112,96.1323,89.4401,3.8677,0,heldout,
real_buchwald_hartwig,llm_semantic_halide_reactivity_additive_suppression_noprior,27112,100.0,90.1011,0.0,1,heldout,
real_buchwald_hartwig,llm_semantic_low_semantic_mass_anchor_heavy,27112,100.0,81.0834,0.0,1,heldout,
real_buchwald_hartwig,llm_semantic_low_semantic_mass_anchor_heavy_conservative,27112,100.0,81.0834,0.0,1,heldout,
real_buchwald_hartwig,llm_semantic_low_semantic_mass_anchor_heavy_noprior,27112,100.0,81.0834,0.0,1,heldout,
real_buchwald_hartwig,llm_semantic_mechanistic_heteroaromatic_halide_synergy,27112,83.385,78.2819,16.615,0,heldout,
real_buchwald_hartwig,llm_semantic_mechanistic_heteroaromatic_halide_synergy_conservative,27112,95.6759,80.992,4.3241,0,heldout,
real_buchwald_hartwig,llm_semantic_mechanistic_heteroaromatic_halide_synergy_noprior,27112,89.6142,86.8328,10.3858,0,heldout,
real_buchwald_hartwig,llm_semantic_source_alignment_conservative_ligand_mass,27112,96.1323,85.3735,3.8677,0,heldout,
real_buchwald_hartwig,llm_semantic_source_alignment_conservative_ligand_mass_conservative,27112,96.1323,85.3735,3.8677,0,heldout,
real_buchwald_hartwig,llm_semantic_source_alignment_conservative_ligand_mass_noprior,27112,96.1323,85.3735,3.8677,0,heldout,
real_buchwald_hartwig,llm_semantic_source_schema_only_field_mapping,27112,89.5988,65.3523,10.4012,0,heldout,
real_buchwald_hartwig,llm_semantic_source_schema_only_field_mapping_conservative,27112,77.3981,65.3654,22.6019,0,heldout,
real_buchwald_hartwig,llm_semantic_source_schema_only_field_mapping_noprior,27112,77.3981,65.3654,22.6019,0,heldout,
real_buchwald_hartwig,llm_semantic_steric_tpsa_balanced_optimization,27112,89.6142,81.0936,10.3858,0,heldout,
real_buchwald_hartwig,llm_semantic_steric_tpsa_balanced_optimization_conservative,27112,89.6142,82.5372,10.3858,0,heldout,
real_buchwald_hartwig,llm_semantic_steric_tpsa_balanced_optimization_noprior,27112,89.6142,84.7139,10.3858,0,heldout,
real_buchwald_hartwig,mixed_kernel_gp_ei,27112,98.8492,80.7718,1.1508,1,heldout,
real_buchwald_hartwig,target_acquisition_portfolio,27112,98.8492,85.968,1.1508,1,heldout,
real_buchwald_hartwig,care_strategy_router,27113,94.6911,79.3138,5.3089,0,heldout,llm_direct_prior_counter_source_acid_halide_reversal_noprior
real_buchwald_hartwig,gp_ucb,27113,94.5498,90.6514,5.4502,0,heldout,
real_buchwald_hartwig,llambo_warmstart_base_strength_solvent_polarity_domain,27113,97.2929,88.7703,2.7071,0,heldout,
real_buchwald_hartwig,llambo_warmstart_base_strength_solvent_polarity_domain_conservative,27113,97.2929,88.7703,2.7071,0,heldout,
real_buchwald_hartwig,llambo_warmstart_base_strength_solvent_polarity_domain_noprior,27113,97.2929,88.7703,2.7071,0,heldout,
real_buchwald_hartwig,llambo_warmstart_counter_source_acid_halide_reversal,27113,99.6191,99.6191,0.3809,1,heldout,
real_buchwald_hartwig,llambo_warmstart_counter_source_acid_halide_reversal_conservative,27113,99.6191,99.6191,0.3809,1,heldout,
real_buchwald_hartwig,llambo_warmstart_counter_source_acid_halide_reversal_noprior,27113,99.6191,99.6191,0.3809,1,heldout,
real_buchwald_hartwig,llambo_warmstart_cross_skill_rule_bank,27113,93.3108,90.6064,6.6892,0,heldout,
real_buchwald_hartwig,llambo_warmstart_halide_reactivity_additive_suppression,27113,76.2169,68.6786,23.7831,0,heldout,
real_buchwald_hartwig,llambo_warmstart_halide_reactivity_additive_suppression_conservative,27113,76.2169,68.6786,23.7831,0,heldout,
real_buchwald_hartwig,llambo_warmstart_halide_reactivity_additive_suppression_noprior,27113,76.2169,68.6786,23.7831,0,heldout,
real_buchwald_hartwig,llambo_warmstart_low_semantic_mass_anchor_heavy,27113,97.2929,88.4203,2.7071,0,heldout,
real_buchwald_hartwig,llambo_warmstart_low_semantic_mass_anchor_heavy_conservative,27113,97.2929,88.4203,2.7071,0,heldout,
real_buchwald_hartwig,llambo_warmstart_low_semantic_mass_anchor_heavy_noprior,27113,97.2929,88.4203,2.7071,0,heldout,
real_buchwald_hartwig,llambo_warmstart_mechanistic_heteroaromatic_halide_synergy,27113,91.6524,89.4586,8.3476,0,heldout,
real_buchwald_hartwig,llambo_warmstart_mechanistic_heteroaromatic_halide_synergy_conservative,27113,91.6524,89.4586,8.3476,0,heldout,
real_buchwald_hartwig,llambo_warmstart_mechanistic_heteroaromatic_halide_synergy_noprior,27113,91.6524,89.4586,8.3476,0,heldout,
real_buchwald_hartwig,llambo_warmstart_selector,27113,93.3108,90.6064,6.6892,0,heldout,llambo_warmstart_cross_skill_rule_bank
real_buchwald_hartwig,llambo_warmstart_source_alignment_conservative_ligand_mass,27113,52.4942,51.9542,47.5058,0,heldout,
real_buchwald_hartwig,llambo_warmstart_source_alignment_conservative_ligand_mass_conservative,27113,52.4942,51.9542,47.5058,0,heldout,
real_buchwald_hartwig,llambo_warmstart_source_alignment_conservative_ligand_mass_noprior,27113,52.4942,51.9542,47.5058,0,heldout,
real_buchwald_hartwig,llambo_warmstart_source_schema_only_field_mapping,27113,96.1323,88.4158,3.8677,0,heldout,
real_buchwald_hartwig,llambo_warmstart_source_schema_only_field_mapping_conservative,27113,96.1323,88.4158,3.8677,0,heldout,
real_buchwald_hartwig,llambo_warmstart_source_schema_only_field_mapping_noprior,27113,96.1323,88.4158,3.8677,0,heldout,
real_buchwald_hartwig,llambo_warmstart_steric_tpsa_balanced_optimization,27113,91.511,88.0512,8.489,0,heldout,
real_buchwald_hartwig,llambo_warmstart_steric_tpsa_balanced_optimization_conservative,27113,91.511,88.0512,8.489,0,heldout,
real_buchwald_hartwig,llambo_warmstart_steric_tpsa_balanced_optimization_noprior,27113,91.511,88.0512,8.489,0,heldout,
real_buchwald_hartwig,llm_calibrated_selector,27113,92.256,92.256,7.744,0,heldout,llm_semantic_source_alignment_conservative_ligand_mass_noprior
real_buchwald_hartwig,llm_direct_prior_base_strength_solvent_polarity_domain,27113,82.1374,62.4823,17.8626,0,heldout,
real_buchwald_hartwig,llm_direct_prior_base_strength_solvent_polarity_domain_conservative,27113,90.7313,81.771,9.2687,0,heldout,
real_buchwald_hartwig,llm_direct_prior_base_strength_solvent_polarity_domain_noprior,27113,82.1374,62.4823,17.8626,0,heldout,
real_buchwald_hartwig,llm_direct_prior_counter_source_acid_halide_reversal,27113,94.6911,79.3138,5.3089,0,heldout,
real_buchwald_hartwig,llm_direct_prior_counter_source_acid_halide_reversal_conservative,27113,94.6911,79.3138,5.3089,0,heldout,
real_buchwald_hartwig,llm_direct_prior_counter_source_acid_halide_reversal_noprior,27113,94.6911,79.3138,5.3089,0,heldout,
real_buchwald_hartwig,llm_direct_prior_cross_skill_rule_bank,27113,90.7313,90.7313,9.2687,0,heldout,
real_buchwald_hartwig,llm_direct_prior_halide_reactivity_additive_suppression,27113,90.7313,80.443,9.2687,0,heldout,
real_buchwald_hartwig,llm_direct_prior_halide_reactivity_additive_suppression_conservative,27113,83.7372,76.9543,16.2628,0,heldout,
real_buchwald_hartwig,llm_direct_prior_halide_reactivity_additive_suppression_noprior,27113,90.7313,80.443,9.2687,0,heldout,
real_buchwald_hartwig,llm_direct_prior_low_semantic_mass_anchor_heavy,27113,92.659,80.196,7.341,0,heldout,
real_buchwald_hartwig,llm_direct_prior_low_semantic_mass_anchor_heavy_conservative,27113,92.659,80.196,7.341,0,heldout,
real_buchwald_hartwig,llm_direct_prior_low_semantic_mass_anchor_heavy_noprior,27113,92.659,80.196,7.341,0,heldout,
real_buchwald_hartwig,llm_direct_prior_mechanistic_heteroaromatic_halide_synergy,27113,98.7313,89.9337,1.2687,1,heldout,
real_buchwald_hartwig,llm_direct_prior_mechanistic_heteroaromatic_halide_synergy_conservative,27113,85.6592,78.4352,14.3408,0,heldout,
real_buchwald_hartwig,llm_direct_prior_mechanistic_heteroaromatic_halide_synergy_noprior,27113,98.7313,89.9337,1.2687,1,heldout,
real_buchwald_hartwig,llm_direct_prior_selector,27113,94.6911,79.3138,5.3089,0,heldout,llm_direct_prior_counter_source_acid_halide_reversal_noprior
real_buchwald_hartwig,llm_direct_prior_source_alignment_conservative_ligand_mass,27113,63.5328,47.9557,36.4672,0,heldout,
real_buchwald_hartwig,llm_direct_prior_source_alignment_conservative_ligand_mass_conservative,27113,63.5328,47.9557,36.4672,0,heldout,
real_buchwald_hartwig,llm_direct_prior_source_alignment_conservative_ligand_mass_noprior,27113,63.5328,47.9557,36.4672,0,heldout,
real_buchwald_hartwig,llm_direct_prior_source_schema_only_field_mapping,27113,64.5781,56.7939,35.4219,0,heldout,
real_buchwald_hartwig,llm_direct_prior_source_schema_only_field_mapping_conservative,27113,64.5781,56.7939,35.4219,0,heldout,
real_buchwald_hartwig,llm_direct_prior_source_schema_only_field_mapping_noprior,27113,64.5781,56.7939,35.4219,0,heldout,
real_buchwald_hartwig,llm_direct_prior_steric_tpsa_balanced_optimization,27113,47.9424,47.9424,52.0576,0,heldout,
real_buchwald_hartwig,llm_direct_prior_steric_tpsa_balanced_optimization_conservative,27113,52.5506,49.2904,47.4494,0,heldout,
real_buchwald_hartwig,llm_direct_prior_steric_tpsa_balanced_optimization_noprior,27113,47.9424,47.9424,52.0576,0,heldout,
real_buchwald_hartwig,llm_semantic_base_strength_solvent_polarity_domain,27113,86.1982,80.5789,13.8018,0,heldout,
real_buchwald_hartwig,llm_semantic_base_strength_solvent_polarity_domain_conservative,27113,75.9961,72.7036,24.0039,0,heldout,
real_buchwald_hartwig,llm_semantic_base_strength_solvent_polarity_domain_noprior,27113,91.6984,84.27,8.3016,0,heldout,
real_buchwald_hartwig,llm_semantic_counter_source_acid_halide_reversal,27113,98.2872,95.2716,1.7128,1,heldout,
real_buchwald_hartwig,llm_semantic_counter_source_acid_halide_reversal_conservative,27113,98.2872,70.8242,1.7128,1,heldout,
real_buchwald_hartwig,llm_semantic_counter_source_acid_halide_reversal_noprior,27113,98.2872,70.8242,1.7128,1,heldout,
real_buchwald_hartwig,llm_semantic_cross_skill_rule_bank,27113,52.4942,48.3571,47.5058,0,heldout,
real_buchwald_hartwig,llm_semantic_halide_reactivity_additive_suppression,27113,92.127,55.5204,7.873,0,heldout,
real_buchwald_hartwig,llm_semantic_halide_reactivity_additive_suppression_conservative,27113,98.2872,76.2213,1.7128,1,heldout,
real_buchwald_hartwig,llm_semantic_halide_reactivity_additive_suppression_noprior,27113,83.0165,67.6038,16.9835,0,heldout,
real_buchwald_hartwig,llm_semantic_low_semantic_mass_anchor_heavy,27113,92.256,92.256,7.744,0,heldout,
real_buchwald_hartwig,llm_semantic_low_semantic_mass_anchor_heavy_conservative,27113,92.256,92.256,7.744,0,heldout,
real_buchwald_hartwig,llm_semantic_low_semantic_mass_anchor_heavy_noprior,27113,92.256,92.256,7.744,0,heldout,
real_buchwald_hartwig,llm_semantic_mechanistic_heteroaromatic_halide_synergy,27113,85.8123,82.2082,14.1877,0,heldout,
real_buchwald_hartwig,llm_semantic_mechanistic_heteroaromatic_halide_synergy_conservative,27113,52.4942,48.4988,47.5058,0,heldout,
real_buchwald_hartwig,llm_semantic_mechanistic_heteroaromatic_halide_synergy_noprior,27113,51.1168,49.3228,48.8832,0,heldout,
real_buchwald_hartwig,llm_semantic_source_alignment_conservative_ligand_mass,27113,94.6911,92.4995,5.3089,0,heldout,
real_buchwald_hartwig,llm_semantic_source_alignment_conservative_ligand_mass_conservative,27113,92.256,92.256,7.744,0,heldout,
real_buchwald_hartwig,llm_semantic_source_alignment_conservative_ligand_mass_noprior,27113,92.256,92.256,7.744,0,heldout,
real_buchwald_hartwig,llm_semantic_source_schema_only_field_mapping,27113,83.9556,70.3025,16.0444,0,heldout,
real_buchwald_hartwig,llm_semantic_source_schema_only_field_mapping_conservative,27113,46.3691,45.9602,53.6309,0,heldout,
real_buchwald_hartwig,llm_semantic_source_schema_only_field_mapping_noprior,27113,46.3691,45.9138,53.6309,0,heldout,
real_buchwald_hartwig,llm_semantic_steric_tpsa_balanced_optimization,27113,70.1993,55.725,29.8007,0,heldout,
real_buchwald_hartwig,llm_semantic_steric_tpsa_balanced_optimization_conservative,27113,70.1993,61.0226,29.8007,0,heldout,
real_buchwald_hartwig,llm_semantic_steric_tpsa_balanced_optimization_noprior,27113,98.2872,84.8243,1.7128,1,heldout,
real_buchwald_hartwig,mixed_kernel_gp_ei,27113,94.5498,90.6514,5.4502,0,heldout,
real_buchwald_hartwig,target_acquisition_portfolio,27113,94.5498,90.6514,5.4502,0,heldout,
real_buchwald_hartwig,care_strategy_router,27114,93.4211,90.8092,6.5789,0,heldout,llm_direct_prior_counter_source_acid_halide_reversal_noprior
real_buchwald_hartwig,gp_ucb,27114,88.1675,85.8434,11.8325,0,heldout,
real_buchwald_hartwig,llambo_warmstart_base_strength_solvent_polarity_domain,27114,98.1771,79.8783,1.8229,1,heldout,
real_buchwald_hartwig,llambo_warmstart_base_strength_solvent_polarity_domain_conservative,27114,98.1771,79.8783,1.8229,1,heldout,
real_buchwald_hartwig,llambo_warmstart_base_strength_solvent_polarity_domain_noprior,27114,98.1771,79.8783,1.8229,1,heldout,
real_buchwald_hartwig,llambo_warmstart_counter_source_acid_halide_reversal,27114,99.6191,87.8997,0.3809,1,heldout,
real_buchwald_hartwig,llambo_warmstart_counter_source_acid_halide_reversal_conservative,27114,99.6191,87.8997,0.3809,1,heldout,
real_buchwald_hartwig,llambo_warmstart_counter_source_acid_halide_reversal_noprior,27114,99.6191,87.8997,0.3809,1,heldout,
real_buchwald_hartwig,llambo_warmstart_cross_skill_rule_bank,27114,93.3108,91.4062,6.6892,0,heldout,
real_buchwald_hartwig,llambo_warmstart_halide_reactivity_additive_suppression,27114,81.5694,80.2519,18.4306,0,heldout,
real_buchwald_hartwig,llambo_warmstart_halide_reactivity_additive_suppression_conservative,27114,81.5694,80.2519,18.4306,0,heldout,
real_buchwald_hartwig,llambo_warmstart_halide_reactivity_additive_suppression_noprior,27114,81.5694,80.2519,18.4306,0,heldout,
real_buchwald_hartwig,llambo_warmstart_low_semantic_mass_anchor_heavy,27114,71.0972,68.842,28.9028,0,heldout,
real_buchwald_hartwig,llambo_warmstart_low_semantic_mass_anchor_heavy_conservative,27114,71.0972,68.842,28.9028,0,heldout,
real_buchwald_hartwig,llambo_warmstart_low_semantic_mass_anchor_heavy_noprior,27114,71.0972,68.842,28.9028,0,heldout,
real_buchwald_hartwig,llambo_warmstart_mechanistic_heteroaromatic_halide_synergy,27114,94.3462,93.2687,5.6538,0,heldout,
real_buchwald_hartwig,llambo_warmstart_mechanistic_heteroaromatic_halide_synergy_conservative,27114,94.3462,93.2687,5.6538,0,heldout,
real_buchwald_hartwig,llambo_warmstart_mechanistic_heteroaromatic_halide_synergy_noprior,27114,94.3462,93.2687,5.6538,0,heldout,
real_buchwald_hartwig,llambo_warmstart_selector,27114,93.3108,91.4062,6.6892,0,heldout,llambo_warmstart_cross_skill_rule_bank
real_buchwald_hartwig,llambo_warmstart_source_alignment_conservative_ligand_mass,27114,97.5685,90.3043,2.4315,1,heldout,
real_buchwald_hartwig,llambo_warmstart_source_alignment_conservative_ligand_mass_conservative,27114,97.5685,90.3043,2.4315,1,heldout,
real_buchwald_hartwig,llambo_warmstart_source_alignment_conservative_ligand_mass_noprior,27114,97.5685,90.3043,2.4315,1,heldout,
real_buchwald_hartwig,llambo_warmstart_source_schema_only_field_mapping,27114,79.0795,76.2689,20.9205,0,heldout,
real_buchwald_hartwig,llambo_warmstart_source_schema_only_field_mapping_conservative,27114,79.0795,76.2689,20.9205,0,heldout,
real_buchwald_hartwig,llambo_warmstart_source_schema_only_field_mapping_noprior,27114,79.0795,76.2689,20.9205,0,heldout,
real_buchwald_hartwig,llambo_warmstart_steric_tpsa_balanced_optimization,27114,55.5659,53.6532,44.4341,0,heldout,
real_buchwald_hartwig,llambo_warmstart_steric_tpsa_balanced_optimization_conservative,27114,55.5659,53.6532,44.4341,0,heldout,
real_buchwald_hartwig,llambo_warmstart_steric_tpsa_balanced_optimization_noprior,27114,55.5659,53.6532,44.4341,0,heldout,
real_buchwald_hartwig,llm_calibrated_selector,27114,94.6911,86.8822,5.3089,0,heldout,llm_semantic_source_alignment_conservative_ligand_mass_noprior
real_buchwald_hartwig,llm_direct_prior_base_strength_solvent_polarity_domain,27114,90.7313,87.3231,9.2687,0,heldout,
real_buchwald_hartwig,llm_direct_prior_base_strength_solvent_polarity_domain_conservative,27114,90.7313,89.5952,9.2687,0,heldout,
real_buchwald_hartwig,llm_direct_prior_base_strength_solvent_polarity_domain_noprior,27114,90.7313,87.3231,9.2687,0,heldout,
real_buchwald_hartwig,llm_direct_prior_counter_source_acid_halide_reversal,27114,93.4211,90.8092,6.5789,0,heldout,
real_buchwald_hartwig,llm_direct_prior_counter_source_acid_halide_reversal_conservative,27114,93.4211,90.8092,6.5789,0,heldout,
real_buchwald_hartwig,llm_direct_prior_counter_source_acid_halide_reversal_noprior,27114,93.4211,90.8092,6.5789,0,heldout,
real_buchwald_hartwig,llm_direct_prior_cross_skill_rule_bank,27114,90.7313,89.5952,9.2687,0,heldout,
real_buchwald_hartwig,llm_direct_prior_halide_reactivity_additive_suppression,27114,90.7313,86.5838,9.2687,0,heldout,
real_buchwald_hartwig,llm_direct_prior_halide_reactivity_additive_suppression_conservative,27114,90.7313,90.7313,9.2687,0,heldout,
real_buchwald_hartwig,llm_direct_prior_halide_reactivity_additive_suppression_noprior,27114,90.7313,86.5838,9.2687,0,heldout,
real_buchwald_hartwig,llm_direct_prior_low_semantic_mass_anchor_heavy,27114,92.9567,85.9984,7.0433,0,heldout,
real_buchwald_hartwig,llm_direct_prior_low_semantic_mass_anchor_heavy_conservative,27114,92.9567,85.9984,7.0433,0,heldout,
real_buchwald_hartwig,llm_direct_prior_low_semantic_mass_anchor_heavy_noprior,27114,92.9567,85.9984,7.0433,0,heldout,
real_buchwald_hartwig,llm_direct_prior_mechanistic_heteroaromatic_halide_synergy,27114,90.7313,88.4591,9.2687,0,heldout,
real_buchwald_hartwig,llm_direct_prior_mechanistic_heteroaromatic_halide_synergy_conservative,27114,92.1307,90.015,7.8693,0,heldout,
real_buchwald_hartwig,llm_direct_prior_mechanistic_heteroaromatic_halide_synergy_noprior,27114,90.7313,88.4591,9.2687,0,heldout,
real_buchwald_hartwig,llm_direct_prior_selector,27114,93.4211,90.8092,6.5789,0,heldout,llm_direct_prior_counter_source_acid_halide_reversal_noprior
real_buchwald_hartwig,llm_direct_prior_source_alignment_conservative_ligand_mass,27114,93.0289,86.4479,6.9711,0,heldout,
real_buchwald_hartwig,llm_direct_prior_source_alignment_conservative_ligand_mass_conservative,27114,93.0289,86.4479,6.9711,0,heldout,
real_buchwald_hartwig,llm_direct_prior_source_alignment_conservative_ligand_mass_noprior,27114,93.0289,86.4479,6.9711,0,heldout,
real_buchwald_hartwig,llm_direct_prior_source_schema_only_field_mapping,27114,82.1374,80.2006,17.8626,0,heldout,
real_buchwald_hartwig,llm_direct_prior_source_schema_only_field_mapping_conservative,27114,82.1374,80.4773,17.8626,0,heldout,
real_buchwald_hartwig,llm_direct_prior_source_schema_only_field_mapping_noprior,27114,82.1374,80.2006,17.8626,0,heldout,
real_buchwald_hartwig,llm_direct_prior_steric_tpsa_balanced_optimization,27114,79.3705,79.3705,20.6295,0,heldout,
real_buchwald_hartwig,llm_direct_prior_steric_tpsa_balanced_optimization_conservative,27114,84.4042,79.8739,15.5958,0,heldout,
real_buchwald_hartwig,llm_direct_prior_steric_tpsa_balanced_optimization_noprior,27114,79.3705,79.3705,20.6295,0,heldout,
real_buchwald_hartwig,llm_semantic_base_strength_solvent_polarity_domain,27114,87.2375,85.1273,12.7625,0,heldout,
real_buchwald_hartwig,llm_semantic_base_strength_solvent_polarity_domain_conservative,27114,86.7621,81.6918,13.2379,0,heldout,
real_buchwald_hartwig,llm_semantic_base_strength_solvent_polarity_domain_noprior,27114,91.6984,85.5345,8.3016,0,heldout,
real_buchwald_hartwig,llm_semantic_counter_source_acid_halide_reversal,27114,86.9711,86.211,13.0289,0,heldout,
real_buchwald_hartwig,llm_semantic_counter_source_acid_halide_reversal_conservative,27114,94.6911,85.9179,5.3089,0,heldout,
real_buchwald_hartwig,llm_semantic_counter_source_acid_halide_reversal_noprior,27114,98.2872,87.1111,1.7128,1,heldout,
real_buchwald_hartwig,llm_semantic_cross_skill_rule_bank,27114,94.6911,87.0069,5.3089,0,heldout,
real_buchwald_hartwig,llm_semantic_halide_reactivity_additive_suppression,27114,91.6984,89.8178,8.3016,0,heldout,
real_buchwald_hartwig,llm_semantic_halide_reactivity_additive_suppression_conservative,27114,98.2872,91.9353,1.7128,1,heldout,
real_buchwald_hartwig,llm_semantic_halide_reactivity_additive_suppression_noprior,27114,87.2375,85.914,12.7625,0,heldout,
real_buchwald_hartwig,llm_semantic_low_semantic_mass_anchor_heavy,27114,82.1374,81.8607,17.8626,0,heldout,
real_buchwald_hartwig,llm_semantic_low_semantic_mass_anchor_heavy_conservative,27114,82.1374,81.8607,17.8626,0,heldout,
real_buchwald_hartwig,llm_semantic_low_semantic_mass_anchor_heavy_noprior,27114,82.1374,81.8607,17.8626,0,heldout,
real_buchwald_hartwig,llm_semantic_mechanistic_heteroaromatic_halide_synergy,27114,92.127,88.3,7.873,0,heldout,
real_buchwald_hartwig,llm_semantic_mechanistic_heteroaromatic_halide_synergy_conservative,27114,98.2872,91.491,1.7128,1,heldout,
real_buchwald_hartwig,llm_semantic_mechanistic_heteroaromatic_halide_synergy_noprior,27114,79.3705,79.3705,20.6295,0,heldout,
real_buchwald_hartwig,llm_semantic_source_alignment_conservative_ligand_mass,27114,94.6911,86.8822,5.3089,0,heldout,
real_buchwald_hartwig,llm_semantic_source_alignment_conservative_ligand_mass_conservative,27114,94.6911,86.8822,5.3089,0,heldout,
real_buchwald_hartwig,llm_semantic_source_alignment_conservative_ligand_mass_noprior,27114,94.6911,86.8822,5.3089,0,heldout,
real_buchwald_hartwig,llm_semantic_source_schema_only_field_mapping,27114,88.1675,80.2502,11.8325,0,heldout,
real_buchwald_hartwig,llm_semantic_source_schema_only_field_mapping_conservative,27114,88.1675,80.2502,11.8325,0,heldout,
real_buchwald_hartwig,llm_semantic_source_schema_only_field_mapping_noprior,27114,88.1675,80.2502,11.8325,0,heldout,
real_buchwald_hartwig,llm_semantic_steric_tpsa_balanced_optimization,27114,98.2872,82.5507,1.7128,1,heldout,
real_buchwald_hartwig,llm_semantic_steric_tpsa_balanced_optimization_conservative,27114,87.2375,81.7306,12.7625,0,heldout,
real_buchwald_hartwig,llm_semantic_steric_tpsa_balanced_optimization_noprior,27114,93.0289,87.5655,6.9711,0,heldout,
real_buchwald_hartwig,mixed_kernel_gp_ei,27114,94.5498,89.3596,5.4502,0,heldout,
real_buchwald_hartwig,target_acquisition_portfolio,27114,93.4211,86.3688,6.5789,0,heldout,
real_buchwald_hartwig,care_strategy_router,27115,100.0,80.6078,0.0,1,heldout,llm_direct_prior_counter_source_acid_halide_reversal_noprior
real_buchwald_hartwig,gp_ucb,27115,95.7526,89.1959,4.2474,0,heldout,
real_buchwald_hartwig,llambo_warmstart_base_strength_solvent_polarity_domain,27115,98.1771,88.6914,1.8229,1,heldout,
real_buchwald_hartwig,llambo_warmstart_base_strength_solvent_polarity_domain_conservative,27115,98.1771,88.6914,1.8229,1,heldout,
real_buchwald_hartwig,llambo_warmstart_base_strength_solvent_polarity_domain_noprior,27115,98.1771,88.6914,1.8229,1,heldout,
real_buchwald_hartwig,llambo_warmstart_counter_source_acid_halide_reversal,27115,86.7621,84.9464,13.2379,0,heldout,
real_buchwald_hartwig,llambo_warmstart_counter_source_acid_halide_reversal_conservative,27115,86.7621,84.9464,13.2379,0,heldout,
real_buchwald_hartwig,llambo_warmstart_counter_source_acid_halide_reversal_noprior,27115,86.7621,84.9464,13.2379,0,heldout,
real_buchwald_hartwig,llambo_warmstart_cross_skill_rule_bank,27115,98.7313,83.3208,1.2687,1,heldout,
real_buchwald_hartwig,llambo_warmstart_halide_reactivity_additive_suppression,27115,94.1517,83.6332,5.8483,0,heldout,
real_buchwald_hartwig,llambo_warmstart_halide_reactivity_additive_suppression_conservative,27115,94.1517,83.6332,5.8483,0,heldout,
real_buchwald_hartwig,llambo_warmstart_halide_reactivity_additive_suppression_noprior,27115,94.1517,83.6332,5.8483,0,heldout,
real_buchwald_hartwig,llambo_warmstart_low_semantic_mass_anchor_heavy,27115,88.7252,70.5298,11.2748,0,heldout,
real_buchwald_hartwig,llambo_warmstart_low_semantic_mass_anchor_heavy_conservative,27115,88.7252,70.5298,11.2748,0,heldout,
real_buchwald_hartwig,llambo_warmstart_low_semantic_mass_anchor_heavy_noprior,27115,88.7252,70.5298,11.2748,0,heldout,
real_buchwald_hartwig,llambo_warmstart_mechanistic_heteroaromatic_halide_synergy,27115,93.7486,93.7486,6.2514,0,heldout,
real_buchwald_hartwig,llambo_warmstart_mechanistic_heteroaromatic_halide_synergy_conservative,27115,93.7486,93.7486,6.2514,0,heldout,
real_buchwald_hartwig,llambo_warmstart_mechanistic_heteroaromatic_halide_synergy_noprior,27115,93.7486,93.7486,6.2514,0,heldout,
real_buchwald_hartwig,llambo_warmstart_selector,27115,98.7313,83.3208,1.2687,1,heldout,llambo_warmstart_cross_skill_rule_bank
real_buchwald_hartwig,llambo_warmstart_source_alignment_conservative_ligand_mass,27115,86.9711,78.4733,13.0289,0,heldout,
real_buchwald_hartwig,llambo_warmstart_source_alignment_conservative_ligand_mass_conservative,27115,86.9711,78.4733,13.0289,0,heldout,
real_buchwald_hartwig,llambo_warmstart_source_alignment_conservative_ligand_mass_noprior,27115,86.9711,78.4733,13.0289,0,heldout,
real_buchwald_hartwig,llambo_warmstart_source_schema_only_field_mapping,27115,79.3064,77.7544,20.6936,0,heldout,
real_buchwald_hartwig,llambo_warmstart_source_schema_only_field_mapping_conservative,27115,79.3064,77.7544,20.6936,0,heldout,
real_buchwald_hartwig,llambo_warmstart_source_schema_only_field_mapping_noprior,27115,79.3064,77.7544,20.6936,0,heldout,
real_buchwald_hartwig,llambo_warmstart_steric_tpsa_balanced_optimization,27115,74.1058,67.1787,25.8942,0,heldout,
real_buchwald_hartwig,llambo_warmstart_steric_tpsa_balanced_optimization_conservative,27115,74.1058,67.1787,25.8942,0,heldout,
real_buchwald_hartwig,llambo_warmstart_steric_tpsa_balanced_optimization_noprior,27115,74.1058,67.1787,25.8942,0,heldout,
real_buchwald_hartwig,llm_calibrated_selector,27115,88.5139,67.8542,11.4861,0,heldout,llm_semantic_source_alignment_conservative_ligand_mass_noprior
real_buchwald_hartwig,llm_direct_prior_base_strength_solvent_polarity_domain,27115,85.1447,76.1129,14.8553,0,heldout,
real_buchwald_hartwig,llm_direct_prior_base_strength_solvent_polarity_domain_conservative,27115,90.2279,70.3041,9.7721,0,heldout,
real_buchwald_hartwig,llm_direct_prior_base_strength_solvent_polarity_domain_noprior,27115,85.1447,76.1129,14.8553,0,heldout,
real_buchwald_hartwig,llm_direct_prior_counter_source_acid_halide_reversal,27115,100.0,80.6078,0.0,1,heldout,
real_buchwald_hartwig,llm_direct_prior_counter_source_acid_halide_reversal_conservative,27115,100.0,87.9082,0.0,1,heldout,
real_buchwald_hartwig,llm_direct_prior_counter_source_acid_halide_reversal_noprior,27115,100.0,80.6078,0.0,1,heldout,
real_buchwald_hartwig,llm_direct_prior_cross_skill_rule_bank,27115,90.2279,85.7848,9.7721,0,heldout,
real_buchwald_hartwig,llm_direct_prior_halide_reactivity_additive_suppression,27115,79.0762,75.4391,20.9238,0,heldout,
real_buchwald_hartwig,llm_direct_prior_halide_reactivity_additive_suppression_conservative,27115,79.0762,74.8839,20.9238,0,heldout,
real_buchwald_hartwig,llm_direct_prior_halide_reactivity_additive_suppression_noprior,27115,79.0762,75.4391,20.9238,0,heldout,
real_buchwald_hartwig,llm_direct_prior_low_semantic_mass_anchor_heavy,27115,80.711,68.6422,19.289,0,heldout,
real_buchwald_hartwig,llm_direct_prior_low_semantic_mass_anchor_heavy_conservative,27115,80.711,68.6422,19.289,0,heldout,
real_buchwald_hartwig,llm_direct_prior_low_semantic_mass_anchor_heavy_noprior,27115,80.711,68.6422,19.289,0,heldout,
real_buchwald_hartwig,llm_direct_prior_mechanistic_heteroaromatic_halide_synergy,27115,95.129,79.4618,4.871,0,heldout,
real_buchwald_hartwig,llm_direct_prior_mechanistic_heteroaromatic_halide_synergy_conservative,27115,95.6759,77.2862,4.3241,0,heldout,
real_buchwald_hartwig,llm_direct_prior_mechanistic_heteroaromatic_halide_synergy_noprior,27115,95.129,79.4618,4.871,0,heldout,
real_buchwald_hartwig,llm_direct_prior_selector,27115,100.0,80.6078,0.0,1,heldout,llm_direct_prior_counter_source_acid_halide_reversal_noprior
real_buchwald_hartwig,llm_direct_prior_source_alignment_conservative_ligand_mass,27115,94.2969,81.0168,5.7031,0,heldout,
real_buchwald_hartwig,llm_direct_prior_source_alignment_conservative_ligand_mass_conservative,27115,94.2969,81.0168,5.7031,0,heldout,
real_buchwald_hartwig,llm_direct_prior_source_alignment_conservative_ligand_mass_noprior,27115,94.2969,81.0168,5.7031,0,heldout,
real_buchwald_hartwig,llm_direct_prior_source_schema_only_field_mapping,27115,80.5886,68.2033,19.4114,0,heldout,
real_buchwald_hartwig,llm_direct_prior_source_schema_only_field_mapping_conservative,27115,76.1607,67.9114,23.8393,0,heldout,
real_buchwald_hartwig,llm_direct_prior_source_schema_only_field_mapping_noprior,27115,80.5886,68.2033,19.4114,0,heldout,
real_buchwald_hartwig,llm_direct_prior_steric_tpsa_balanced_optimization,27115,83.3036,77.7089,16.6964,0,heldout,
real_buchwald_hartwig,llm_direct_prior_steric_tpsa_balanced_optimization_conservative,27115,77.858,67.3302,22.142,0,heldout,
real_buchwald_hartwig,llm_direct_prior_steric_tpsa_balanced_optimization_noprior,27115,83.3036,77.7089,16.6964,0,heldout,
real_buchwald_hartwig,llm_semantic_base_strength_solvent_polarity_domain,27115,63.4288,61.3511,36.5712,0,heldout,
real_buchwald_hartwig,llm_semantic_base_strength_solvent_polarity_domain_conservative,27115,84.6498,71.0493,15.3502,0,heldout,
real_buchwald_hartwig,llm_semantic_base_strength_solvent_polarity_domain_noprior,27115,63.4288,60.7642,36.5712,0,heldout,
real_buchwald_hartwig,llm_semantic_counter_source_acid_halide_reversal,27115,100.0,87.2964,0.0,1,heldout,
real_buchwald_hartwig,llm_semantic_counter_source_acid_halide_reversal_conservative,27115,79.0554,67.7194,20.9446,0,heldout,
real_buchwald_hartwig,llm_semantic_counter_source_acid_halide_reversal_noprior,27115,100.0,71.7039,0.0,1,heldout,
real_buchwald_hartwig,llm_semantic_cross_skill_rule_bank,27115,84.6825,67.7589,15.3175,0,heldout,
real_buchwald_hartwig,llm_semantic_halide_reactivity_additive_suppression,27115,59.9314,57.8723,40.0686,0,heldout,
real_buchwald_hartwig,llm_semantic_halide_reactivity_additive_suppression_conservative,27115,83.3036,71.7158,16.6964,0,heldout,
real_buchwald_hartwig,llm_semantic_halide_reactivity_additive_suppression_noprior,27115,70.1993,62.5166,29.8007,0,heldout,
real_buchwald_hartwig,llm_semantic_low_semantic_mass_anchor_heavy,27115,88.5139,70.3627,11.4861,0,heldout,
real_buchwald_hartwig,llm_semantic_low_semantic_mass_anchor_heavy_conservative,27115,88.5139,70.3627,11.4861,0,heldout,
real_buchwald_hartwig,llm_semantic_low_semantic_mass_anchor_heavy_noprior,27115,88.5139,70.3627,11.4861,0,heldout,
real_buchwald_hartwig,llm_semantic_mechanistic_heteroaromatic_halide_synergy,27115,88.5139,76.719,11.4861,0,heldout,
real_buchwald_hartwig,llm_semantic_mechanistic_heteroaromatic_halide_synergy_conservative,27115,59.2624,57.8998,40.7376,0,heldout,
real_buchwald_hartwig,llm_semantic_mechanistic_heteroaromatic_halide_synergy_noprior,27115,86.4971,62.3162,13.5029,0,heldout,
real_buchwald_hartwig,llm_semantic_source_alignment_conservative_ligand_mass,27115,88.5139,67.8542,11.4861,0,heldout,
real_buchwald_hartwig,llm_semantic_source_alignment_conservative_ligand_mass_conservative,27115,88.5139,67.8542,11.4861,0,heldout,
real_buchwald_hartwig,llm_semantic_source_alignment_conservative_ligand_mass_noprior,27115,88.5139,67.8542,11.4861,0,heldout,
real_buchwald_hartwig,llm_semantic_source_schema_only_field_mapping,27115,80.9063,66.4098,19.0937,0,heldout,
real_buchwald_hartwig,llm_semantic_source_schema_only_field_mapping_conservative,27115,80.9063,70.0339,19.0937,0,heldout,
real_buchwald_hartwig,llm_semantic_source_schema_only_field_mapping_noprior,27115,87.9408,70.7374,12.0592,0,heldout,
real_buchwald_hartwig,llm_semantic_steric_tpsa_balanced_optimization,27115,86.4971,69.8911,13.5029,0,heldout,
real_buchwald_hartwig,llm_semantic_steric_tpsa_balanced_optimization_conservative,27115,86.4971,71.5542,13.5029,0,heldout,
real_buchwald_hartwig,llm_semantic_steric_tpsa_balanced_optimization_noprior,27115,86.4971,77.4963,13.5029,0,heldout,
real_buchwald_hartwig,mixed_kernel_gp_ei,27115,95.7526,89.1959,4.2474,0,heldout,
real_buchwald_hartwig,target_acquisition_portfolio,27115,95.7526,89.1959,4.2474,0,heldout,
real_buchwald_hartwig,care_strategy_router,27116,98.7313,91.2431,1.2687,1,heldout,llm_direct_prior_counter_source_acid_halide_reversal_noprior
real_buchwald_hartwig,gp_ucb,27116,91.4851,86.324,8.5149,0,heldout,
real_buchwald_hartwig,llambo_warmstart_base_strength_solvent_polarity_domain,27116,92.659,84.2127,7.341,0,heldout,
real_buchwald_hartwig,llambo_warmstart_base_strength_solvent_polarity_domain_conservative,27116,92.659,84.2127,7.341,0,heldout,
real_buchwald_hartwig,llambo_warmstart_base_strength_solvent_polarity_domain_noprior,27116,92.659,84.2127,7.341,0,heldout,
real_buchwald_hartwig,llambo_warmstart_counter_source_acid_halide_reversal,27116,97.948,86.6604,2.052,1,heldout,
real_buchwald_hartwig,llambo_warmstart_counter_source_acid_halide_reversal_conservative,27116,97.948,86.6604,2.052,1,heldout,
real_buchwald_hartwig,llambo_warmstart_counter_source_acid_halide_reversal_noprior,27116,97.948,86.6604,2.052,1,heldout,
real_buchwald_hartwig,llambo_warmstart_cross_skill_rule_bank,27116,93.5641,88.0405,6.4359,0,heldout,
real_buchwald_hartwig,llambo_warmstart_halide_reactivity_additive_suppression,27116,74.6234,73.6688,25.3766,0,heldout,
real_buchwald_hartwig,llambo_warmstart_halide_reactivity_additive_suppression_conservative,27116,74.6234,73.6688,25.3766,0,heldout,
real_buchwald_hartwig,llambo_warmstart_halide_reactivity_additive_suppression_noprior,27116,74.6234,73.6688,25.3766,0,heldout,
real_buchwald_hartwig,llambo_warmstart_low_semantic_mass_anchor_heavy,27116,72.3722,69.2479,27.6278,0,heldout,
real_buchwald_hartwig,llambo_warmstart_low_semantic_mass_anchor_heavy_conservative,27116,72.3722,69.2479,27.6278,0,heldout,
real_buchwald_hartwig,llambo_warmstart_low_semantic_mass_anchor_heavy_noprior,27116,72.3722,69.2479,27.6278,0,heldout,
real_buchwald_hartwig,llambo_warmstart_mechanistic_heteroaromatic_halide_synergy,27116,86.5354,69.4007,13.4646,0,heldout,
real_buchwald_hartwig,llambo_warmstart_mechanistic_heteroaromatic_halide_synergy_conservative,27116,86.5354,69.4007,13.4646,0,heldout,
real_buchwald_hartwig,llambo_warmstart_mechanistic_heteroaromatic_halide_synergy_noprior,27116,86.5354,69.4007,13.4646,0,heldout,
real_buchwald_hartwig,llambo_warmstart_selector,27116,93.5641,88.0405,6.4359,0,heldout,llambo_warmstart_cross_skill_rule_bank
real_buchwald_hartwig,llambo_warmstart_source_alignment_conservative_ligand_mass,27116,92.1197,85.4643,7.8803,0,heldout,
real_buchwald_hartwig,llambo_warmstart_source_alignment_conservative_ligand_mass_conservative,27116,92.1197,85.4643,7.8803,0,heldout,
real_buchwald_hartwig,llambo_warmstart_source_alignment_conservative_ligand_mass_noprior,27116,92.1197,85.4643,7.8803,0,heldout,
real_buchwald_hartwig,llambo_warmstart_source_schema_only_field_mapping,27116,100.0,82.0411,0.0,1,heldout,
real_buchwald_hartwig,llambo_warmstart_source_schema_only_field_mapping_conservative,27116,100.0,82.0411,0.0,1,heldout,
real_buchwald_hartwig,llambo_warmstart_source_schema_only_field_mapping_noprior,27116,100.0,82.0411,0.0,1,heldout,
real_buchwald_hartwig,llambo_warmstart_steric_tpsa_balanced_optimization,27116,54.2458,40.0494,45.7542,0,heldout,
real_buchwald_hartwig,llambo_warmstart_steric_tpsa_balanced_optimization_conservative,27116,54.2458,40.0494,45.7542,0,heldout,
real_buchwald_hartwig,llambo_warmstart_steric_tpsa_balanced_optimization_noprior,27116,54.2458,40.0494,45.7542,0,heldout,
real_buchwald_hartwig,llm_calibrated_selector,27116,93.3108,84.8273,6.6892,0,heldout,llm_semantic_source_alignment_conservative_ligand_mass_noprior
real_buchwald_hartwig,llm_direct_prior_base_strength_solvent_polarity_domain,27116,88.4449,88.4449,11.5551,0,heldout,
real_buchwald_hartwig,llm_direct_prior_base_strength_solvent_polarity_domain_conservative,27116,88.4449,88.4449,11.5551,0,heldout,
real_buchwald_hartwig,llm_direct_prior_base_strength_solvent_polarity_domain_noprior,27116,88.4449,88.4449,11.5551,0,heldout,
real_buchwald_hartwig,llm_direct_prior_counter_source_acid_halide_reversal,27116,98.7313,91.2431,1.2687,1,heldout,
real_buchwald_hartwig,llm_direct_prior_counter_source_acid_halide_reversal_conservative,27116,97.2929,91.0993,2.7071,0,heldout,
real_buchwald_hartwig,llm_direct_prior_counter_source_acid_halide_reversal_noprior,27116,98.7313,91.2431,1.2687,1,heldout,
real_buchwald_hartwig,llm_direct_prior_cross_skill_rule_bank,27116,88.4449,88.2258,11.5551,0,heldout,
real_buchwald_hartwig,llm_direct_prior_halide_reactivity_additive_suppression,27116,72.1548,72.1548,27.8452,0,heldout,
real_buchwald_hartwig,llm_direct_prior_halide_reactivity_additive_suppression_conservative,27116,77.7868,76.0972,22.2132,0,heldout,
real_buchwald_hartwig,llm_direct_prior_halide_reactivity_additive_suppression_noprior,27116,72.1548,72.1548,27.8452,0,heldout,
real_buchwald_hartwig,llm_direct_prior_low_semantic_mass_anchor_heavy,27116,88.4449,88.4449,11.5551,0,heldout,
real_buchwald_hartwig,llm_direct_prior_low_semantic_mass_anchor_heavy_conservative,27116,88.4449,88.4449,11.5551,0,heldout,
real_buchwald_hartwig,llm_direct_prior_low_semantic_mass_anchor_heavy_noprior,27116,88.4449,88.4449,11.5551,0,heldout,
real_buchwald_hartwig,llm_direct_prior_mechanistic_heteroaromatic_halide_synergy,27116,88.4449,86.8159,11.5551,0,heldout,
real_buchwald_hartwig,llm_direct_prior_mechanistic_heteroaromatic_halide_synergy_conservative,27116,93.0995,88.2123,6.9005,0,heldout,
real_buchwald_hartwig,llm_direct_prior_mechanistic_heteroaromatic_halide_synergy_noprior,27116,88.4449,86.8159,11.5551,0,heldout,
real_buchwald_hartwig,llm_direct_prior_selector,27116,98.7313,91.2431,1.2687,1,heldout,llm_direct_prior_counter_source_acid_halide_reversal_noprior
real_buchwald_hartwig,llm_direct_prior_source_alignment_conservative_ligand_mass,27116,89.4671,74.144,10.5329,0,heldout,
real_buchwald_hartwig,llm_direct_prior_source_alignment_conservative_ligand_mass_conservative,27116,89.4671,74.144,10.5329,0,heldout,
real_buchwald_hartwig,llm_direct_prior_source_alignment_conservative_ligand_mass_noprior,27116,89.4671,74.144,10.5329,0,heldout,
real_buchwald_hartwig,llm_direct_prior_source_schema_only_field_mapping,27116,86.1219,75.3569,13.8781,0,heldout,
real_buchwald_hartwig,llm_direct_prior_source_schema_only_field_mapping_conservative,27116,86.6997,76.8114,13.3003,0,heldout,
real_buchwald_hartwig,llm_direct_prior_source_schema_only_field_mapping_noprior,27116,86.1219,75.3569,13.8781,0,heldout,
real_buchwald_hartwig,llm_direct_prior_steric_tpsa_balanced_optimization,27116,72.1548,72.1548,27.8452,0,heldout,
real_buchwald_hartwig,llm_direct_prior_steric_tpsa_balanced_optimization_conservative,27116,72.1548,72.1548,27.8452,0,heldout,
real_buchwald_hartwig,llm_direct_prior_steric_tpsa_balanced_optimization_noprior,27116,72.1548,72.1548,27.8452,0,heldout,
real_buchwald_hartwig,llm_semantic_base_strength_solvent_polarity_domain,27116,85.1402,77.1875,14.8598,0,heldout,
real_buchwald_hartwig,llm_semantic_base_strength_solvent_polarity_domain_conservative,27116,89.8977,76.2402,10.1023,0,heldout,
real_buchwald_hartwig,llm_semantic_base_strength_solvent_polarity_domain_noprior,27116,72.8785,72.2272,27.1215,0,heldout,
real_buchwald_hartwig,llm_semantic_counter_source_acid_halide_reversal,27116,93.3108,80.7647,6.6892,0,heldout,
real_buchwald_hartwig,llm_semantic_counter_source_acid_halide_reversal_conservative,27116,88.4043,75.1235,11.5957,0,heldout,
real_buchwald_hartwig,llm_semantic_counter_source_acid_halide_reversal_noprior,27116,85.1332,78.3537,14.8668,0,heldout,
real_buchwald_hartwig,llm_semantic_cross_skill_rule_bank,27116,91.9334,86.548,8.0666,0,heldout,
real_buchwald_hartwig,llm_semantic_halide_reactivity_additive_suppression,27116,77.8299,73.2898,22.1701,0,heldout,
real_buchwald_hartwig,llm_semantic_halide_reactivity_additive_suppression_conservative,27116,80.6006,74.6885,19.3994,0,heldout,
real_buchwald_hartwig,llm_semantic_halide_reactivity_additive_suppression_noprior,27116,72.161,72.156,27.839,0,heldout,
real_buchwald_hartwig,llm_semantic_low_semantic_mass_anchor_heavy,27116,87.9311,75.6974,12.0689,0,heldout,
real_buchwald_hartwig,llm_semantic_low_semantic_mass_anchor_heavy_conservative,27116,87.9311,75.6974,12.0689,0,heldout,
real_buchwald_hartwig,llm_semantic_low_semantic_mass_anchor_heavy_noprior,27116,87.9311,75.6974,12.0689,0,heldout,
real_buchwald_hartwig,llm_semantic_mechanistic_heteroaromatic_halide_synergy,27116,94.3462,86.6397,5.6538,0,heldout,
real_buchwald_hartwig,llm_semantic_mechanistic_heteroaromatic_halide_synergy_conservative,27116,93.3108,83.5982,6.6892,0,heldout,
real_buchwald_hartwig,llm_semantic_mechanistic_heteroaromatic_halide_synergy_noprior,27116,94.3462,82.1399,5.6538,0,heldout,
real_buchwald_hartwig,llm_semantic_source_alignment_conservative_ligand_mass,27116,93.3108,84.8273,6.6892,0,heldout,
real_buchwald_hartwig,llm_semantic_source_alignment_conservative_ligand_mass_conservative,27116,93.3108,84.8273,6.6892,0,heldout,
real_buchwald_hartwig,llm_semantic_source_alignment_conservative_ligand_mass_noprior,27116,93.3108,84.8273,6.6892,0,heldout,
real_buchwald_hartwig,llm_semantic_source_schema_only_field_mapping,27116,72.1548,72.1548,27.8452,0,heldout,
real_buchwald_hartwig,llm_semantic_source_schema_only_field_mapping_conservative,27116,72.1548,72.1548,27.8452,0,heldout,
real_buchwald_hartwig,llm_semantic_source_schema_only_field_mapping_noprior,27116,72.1548,72.1548,27.8452,0,heldout,
real_buchwald_hartwig,llm_semantic_steric_tpsa_balanced_optimization,27116,77.5102,73.2265,22.4898,0,heldout,
real_buchwald_hartwig,llm_semantic_steric_tpsa_balanced_optimization_conservative,27116,93.0995,85.5116,6.9005,0,heldout,
real_buchwald_hartwig,llm_semantic_steric_tpsa_balanced_optimization_noprior,27116,93.0289,82.5532,6.9711,0,heldout,
real_buchwald_hartwig,mixed_kernel_gp_ei,27116,86.2541,82.0243,13.7459,0,heldout,
real_buchwald_hartwig,target_acquisition_portfolio,27116,98.2872,88.3502,1.7128,1,heldout,
real_buchwald_hartwig,care_strategy_router,27117,93.4211,93.4211,6.5789,0,heldout,llm_direct_prior_counter_source_acid_halide_reversal_noprior
real_buchwald_hartwig,gp_ucb,27117,98.2872,73.5536,1.7128,1,heldout,
real_buchwald_hartwig,llambo_warmstart_base_strength_solvent_polarity_domain,27117,98.2872,97.0588,1.7128,1,heldout,
real_buchwald_hartwig,llambo_warmstart_base_strength_solvent_polarity_domain_conservative,27117,98.2872,97.0588,1.7128,1,heldout,
real_buchwald_hartwig,llambo_warmstart_base_strength_solvent_polarity_domain_noprior,27117,98.2872,97.0588,1.7128,1,heldout,
real_buchwald_hartwig,llambo_warmstart_counter_source_acid_halide_reversal,27117,86.0034,86.0034,13.9966,0,heldout,
real_buchwald_hartwig,llambo_warmstart_counter_source_acid_halide_reversal_conservative,27117,86.0034,86.0034,13.9966,0,heldout,
real_buchwald_hartwig,llambo_warmstart_counter_source_acid_halide_reversal_noprior,27117,86.0034,86.0034,13.9966,0,heldout,
real_buchwald_hartwig,llambo_warmstart_cross_skill_rule_bank,27117,96.5912,90.0585,3.4088,0,heldout,
real_buchwald_hartwig,llambo_warmstart_halide_reactivity_additive_suppression,27117,98.7313,89.8218,1.2687,1,heldout,
real_buchwald_hartwig,llambo_warmstart_halide_reactivity_additive_suppression_conservative,27117,98.7313,89.8218,1.2687,1,heldout,
real_buchwald_hartwig,llambo_warmstart_halide_reactivity_additive_suppression_noprior,27117,98.7313,89.8218,1.2687,1,heldout,
real_buchwald_hartwig,llambo_warmstart_low_semantic_mass_anchor_heavy,27117,100.0,91.6276,0.0,1,heldout,
real_buchwald_hartwig,llambo_warmstart_low_semantic_mass_anchor_heavy_conservative,27117,100.0,91.6276,0.0,1,heldout,
real_buchwald_hartwig,llambo_warmstart_low_semantic_mass_anchor_heavy_noprior,27117,100.0,91.6276,0.0,1,heldout,
real_buchwald_hartwig,llambo_warmstart_mechanistic_heteroaromatic_halide_synergy,27117,93.3108,89.4924,6.6892,0,heldout,
real_buchwald_hartwig,llambo_warmstart_mechanistic_heteroaromatic_halide_synergy_conservative,27117,93.3108,89.4924,6.6892,0,heldout,
real_buchwald_hartwig,llambo_warmstart_mechanistic_heteroaromatic_halide_synergy_noprior,27117,93.3108,89.4924,6.6892,0,heldout,
real_buchwald_hartwig,llambo_warmstart_selector,27117,96.5912,90.0585,3.4088,0,heldout,llambo_warmstart_cross_skill_rule_bank
real_buchwald_hartwig,llambo_warmstart_source_alignment_conservative_ligand_mass,27117,100.0,94.3391,0.0,1,heldout,
real_buchwald_hartwig,llambo_warmstart_source_alignment_conservative_ligand_mass_conservative,27117,100.0,94.3391,0.0,1,heldout,
real_buchwald_hartwig,llambo_warmstart_source_alignment_conservative_ligand_mass_noprior,27117,100.0,94.3391,0.0,1,heldout,
real_buchwald_hartwig,llambo_warmstart_source_schema_only_field_mapping,27117,100.0,81.7717,0.0,1,heldout,
real_buchwald_hartwig,llambo_warmstart_source_schema_only_field_mapping_conservative,27117,100.0,81.7717,0.0,1,heldout,
real_buchwald_hartwig,llambo_warmstart_source_schema_only_field_mapping_noprior,27117,100.0,81.7717,0.0,1,heldout,
real_buchwald_hartwig,llambo_warmstart_steric_tpsa_balanced_optimization,27117,99.0345,85.9787,0.9655,1,heldout,
real_buchwald_hartwig,llambo_warmstart_steric_tpsa_balanced_optimization_conservative,27117,99.0345,85.9787,0.9655,1,heldout,
real_buchwald_hartwig,llambo_warmstart_steric_tpsa_balanced_optimization_noprior,27117,99.0345,85.9787,0.9655,1,heldout,
real_buchwald_hartwig,llm_calibrated_selector,27117,93.0289,71.9529,6.9711,0,heldout,llm_semantic_source_alignment_conservative_ligand_mass_noprior
real_buchwald_hartwig,llm_direct_prior_base_strength_solvent_polarity_domain,27117,90.7313,84.8168,9.2687,0,heldout,
real_buchwald_hartwig,llm_direct_prior_base_strength_solvent_polarity_domain_conservative,27117,90.7313,89.2527,9.2687,0,heldout,
real_buchwald_hartwig,llm_direct_prior_base_strength_solvent_polarity_domain_noprior,27117,90.7313,84.8168,9.2687,0,heldout,
real_buchwald_hartwig,llm_direct_prior_counter_source_acid_halide_reversal,27117,93.4211,93.4211,6.5789,0,heldout,
real_buchwald_hartwig,llm_direct_prior_counter_source_acid_halide_reversal_conservative,27117,94.6911,89.356,5.3089,0,heldout,
real_buchwald_hartwig,llm_direct_prior_counter_source_acid_halide_reversal_noprior,27117,93.4211,93.4211,6.5789,0,heldout,
real_buchwald_hartwig,llm_direct_prior_cross_skill_rule_bank,27117,90.7313,83.0056,9.2687,0,heldout,
real_buchwald_hartwig,llm_direct_prior_halide_reactivity_additive_suppression,27117,90.7313,69.8596,9.2687,0,heldout,
real_buchwald_hartwig,llm_direct_prior_halide_reactivity_additive_suppression_conservative,27117,86.0034,70.0022,13.9966,0,heldout,
real_buchwald_hartwig,llm_direct_prior_halide_reactivity_additive_suppression_noprior,27117,90.7313,69.8596,9.2687,0,heldout,
real_buchwald_hartwig,llm_direct_prior_low_semantic_mass_anchor_heavy,27117,93.1012,90.0597,6.8988,0,heldout,
real_buchwald_hartwig,llm_direct_prior_low_semantic_mass_anchor_heavy_conservative,27117,93.1012,90.0597,6.8988,0,heldout,
real_buchwald_hartwig,llm_direct_prior_low_semantic_mass_anchor_heavy_noprior,27117,93.1012,90.0597,6.8988,0,heldout,
real_buchwald_hartwig,llm_direct_prior_mechanistic_heteroaromatic_halide_synergy,27117,88.4449,78.716,11.5551,0,heldout,
real_buchwald_hartwig,llm_direct_prior_mechanistic_heteroaromatic_halide_synergy_conservative,27117,93.7486,88.9262,6.2514,0,heldout,
real_buchwald_hartwig,llm_direct_prior_mechanistic_heteroaromatic_halide_synergy_noprior,27117,88.4449,78.716,11.5551,0,heldout,
real_buchwald_hartwig,llm_direct_prior_selector,27117,93.4211,93.4211,6.5789,0,heldout,llm_direct_prior_counter_source_acid_halide_reversal_noprior
real_buchwald_hartwig,llm_direct_prior_source_alignment_conservative_ligand_mass,27117,93.4211,84.7911,6.5789,0,heldout,
real_buchwald_hartwig,llm_direct_prior_source_alignment_conservative_ligand_mass_conservative,27117,93.4211,84.7911,6.5789,0,heldout,
real_buchwald_hartwig,llm_direct_prior_source_alignment_conservative_ligand_mass_noprior,27117,93.4211,84.7911,6.5789,0,heldout,
real_buchwald_hartwig,llm_direct_prior_source_schema_only_field_mapping,27117,76.7953,62.747,23.2047,0,heldout,
real_buchwald_hartwig,llm_direct_prior_source_schema_only_field_mapping_conservative,27117,76.7953,62.747,23.2047,0,heldout,
real_buchwald_hartwig,llm_direct_prior_source_schema_only_field_mapping_noprior,27117,76.7953,62.747,23.2047,0,heldout,
real_buchwald_hartwig,llm_direct_prior_steric_tpsa_balanced_optimization,27117,75.3112,51.8773,24.6888,0,heldout,
real_buchwald_hartwig,llm_direct_prior_steric_tpsa_balanced_optimization_conservative,27117,52.5506,51.4986,47.4494,0,heldout,
real_buchwald_hartwig,llm_direct_prior_steric_tpsa_balanced_optimization_noprior,27117,75.3112,51.8773,24.6888,0,heldout,
real_buchwald_hartwig,llm_semantic_base_strength_solvent_polarity_domain,27117,83.7372,70.7338,16.2628,0,heldout,
real_buchwald_hartwig,llm_semantic_base_strength_solvent_polarity_domain_conservative,27117,54.2458,51.4373,45.7542,0,heldout,
real_buchwald_hartwig,llm_semantic_base_strength_solvent_polarity_domain_noprior,27117,54.2458,50.4818,45.7542,0,heldout,
real_buchwald_hartwig,llm_semantic_counter_source_acid_halide_reversal,27117,98.2872,79.2303,1.7128,1,heldout,
real_buchwald_hartwig,llm_semantic_counter_source_acid_halide_reversal_conservative,27117,98.2872,72.3434,1.7128,1,heldout,
real_buchwald_hartwig,llm_semantic_counter_source_acid_halide_reversal_noprior,27117,98.2872,78.7045,1.7128,1,heldout,
real_buchwald_hartwig,llm_semantic_cross_skill_rule_bank,27117,92.256,83.6681,7.744,0,heldout,
real_buchwald_hartwig,llm_semantic_halide_reactivity_additive_suppression,27117,96.1323,84.0283,3.8677,0,heldout,
real_buchwald_hartwig,llm_semantic_halide_reactivity_additive_suppression_conservative,27117,86.7926,84.411,13.2074,0,heldout,
real_buchwald_hartwig,llm_semantic_halide_reactivity_additive_suppression_noprior,27117,96.1323,83.3765,3.8677,0,heldout,
real_buchwald_hartwig,llm_semantic_low_semantic_mass_anchor_heavy,27117,93.3108,78.8505,6.6892,0,heldout,
real_buchwald_hartwig,llm_semantic_low_semantic_mass_anchor_heavy_conservative,27117,93.3108,78.8505,6.6892,0,heldout,
real_buchwald_hartwig,llm_semantic_low_semantic_mass_anchor_heavy_noprior,27117,93.3108,78.8505,6.6892,0,heldout,
real_buchwald_hartwig,llm_semantic_mechanistic_heteroaromatic_halide_synergy,27117,89.6142,85.4184,10.3858,0,heldout,
real_buchwald_hartwig,llm_semantic_mechanistic_heteroaromatic_halide_synergy_conservative,27117,85.4018,78.7784,14.5982,0,heldout,
real_buchwald_hartwig,llm_semantic_mechanistic_heteroaromatic_halide_synergy_noprior,27117,87.5291,83.9589,12.4709,0,heldout,
real_buchwald_hartwig,llm_semantic_source_alignment_conservative_ligand_mass,27117,93.0289,71.9529,6.9711,0,heldout,
real_buchwald_hartwig,llm_semantic_source_alignment_conservative_ligand_mass_conservative,27117,93.0289,71.9529,6.9711,0,heldout,
real_buchwald_hartwig,llm_semantic_source_alignment_conservative_ligand_mass_noprior,27117,93.0289,71.9529,6.9711,0,heldout,
real_buchwald_hartwig,llm_semantic_source_schema_only_field_mapping,27117,75.2094,62.3221,24.7906,0,heldout,
real_buchwald_hartwig,llm_semantic_source_schema_only_field_mapping_conservative,27117,83.4092,61.3548,16.5908,0,heldout,
real_buchwald_hartwig,llm_semantic_source_schema_only_field_mapping_noprior,27117,83.4092,61.3548,16.5908,0,heldout,
real_buchwald_hartwig,llm_semantic_steric_tpsa_balanced_optimization,27117,93.0289,87.3298,6.9711,0,heldout,
real_buchwald_hartwig,llm_semantic_steric_tpsa_balanced_optimization_conservative,27117,98.2872,86.8209,1.7128,1,heldout,
real_buchwald_hartwig,llm_semantic_steric_tpsa_balanced_optimization_noprior,27117,91.4851,91.4851,8.5149,0,heldout,
real_buchwald_hartwig,mixed_kernel_gp_ei,27117,88.4043,59.1268,11.5957,0,heldout,
real_buchwald_hartwig,target_acquisition_portfolio,27117,86.9711,62.3478,13.0289,0,heldout,
real_buchwald_hartwig,care_strategy_router,27118,100.0,82.6034,0.0,1,heldout,llm_direct_prior_counter_source_acid_halide_reversal_noprior
real_buchwald_hartwig,gp_ucb,27118,94.1517,81.7857,5.8483,0,heldout,
real_buchwald_hartwig,llambo_warmstart_base_strength_solvent_polarity_domain,27118,92.127,81.653,7.873,0,heldout,
real_buchwald_hartwig,llambo_warmstart_base_strength_solvent_polarity_domain_conservative,27118,92.127,81.653,7.873,0,heldout,
real_buchwald_hartwig,llambo_warmstart_base_strength_solvent_polarity_domain_noprior,27118,92.127,81.653,7.873,0,heldout,
real_buchwald_hartwig,llambo_warmstart_counter_source_acid_halide_reversal,27118,93.3108,93.1064,6.6892,0,heldout,
real_buchwald_hartwig,llambo_warmstart_counter_source_acid_halide_reversal_conservative,27118,93.3108,93.1064,6.6892,0,heldout,
real_buchwald_hartwig,llambo_warmstart_counter_source_acid_halide_reversal_noprior,27118,93.3108,93.1064,6.6892,0,heldout,
real_buchwald_hartwig,llambo_warmstart_cross_skill_rule_bank,27118,93.3108,91.4634,6.6892,0,heldout,
real_buchwald_hartwig,llambo_warmstart_halide_reactivity_additive_suppression,27118,80.6786,69.1651,19.3214,0,heldout,
real_buchwald_hartwig,llambo_warmstart_halide_reactivity_additive_suppression_conservative,27118,80.6786,69.1651,19.3214,0,heldout,
real_buchwald_hartwig,llambo_warmstart_halide_reactivity_additive_suppression_noprior,27118,80.6786,69.1651,19.3214,0,heldout,
real_buchwald_hartwig,llambo_warmstart_low_semantic_mass_anchor_heavy,27118,89.5592,86.0181,10.4408,0,heldout,
real_buchwald_hartwig,llambo_warmstart_low_semantic_mass_anchor_heavy_conservative,27118,89.5592,86.0181,10.4408,0,heldout,
real_buchwald_hartwig,llambo_warmstart_low_semantic_mass_anchor_heavy_noprior,27118,89.5592,86.0181,10.4408,0,heldout,
real_buchwald_hartwig,llambo_warmstart_mechanistic_heteroaromatic_halide_synergy,27118,92.2093,85.8435,7.7907,0,heldout,
real_buchwald_hartwig,llambo_warmstart_mechanistic_heteroaromatic_halide_synergy_conservative,27118,92.2093,85.8435,7.7907,0,heldout,
real_buchwald_hartwig,llambo_warmstart_mechanistic_heteroaromatic_halide_synergy_noprior,27118,92.2093,85.8435,7.7907,0,heldout,
real_buchwald_hartwig,llambo_warmstart_selector,27118,93.3108,91.4634,6.6892,0,heldout,llambo_warmstart_cross_skill_rule_bank
real_buchwald_hartwig,llambo_warmstart_source_alignment_conservative_ligand_mass,27118,89.6142,71.8806,10.3858,0,heldout,
real_buchwald_hartwig,llambo_warmstart_source_alignment_conservative_ligand_mass_conservative,27118,89.6142,71.8806,10.3858,0,heldout,
real_buchwald_hartwig,llambo_warmstart_source_alignment_conservative_ligand_mass_noprior,27118,89.6142,71.8806,10.3858,0,heldout,
real_buchwald_hartwig,llambo_warmstart_source_schema_only_field_mapping,27118,64.997,41.3772,35.003,0,heldout,
real_buchwald_hartwig,llambo_warmstart_source_schema_only_field_mapping_conservative,27118,64.997,41.3772,35.003,0,heldout,
real_buchwald_hartwig,llambo_warmstart_source_schema_only_field_mapping_noprior,27118,64.997,41.3772,35.003,0,heldout,
real_buchwald_hartwig,llambo_warmstart_steric_tpsa_balanced_optimization,27118,88.4449,80.6645,11.5551,0,heldout,
real_buchwald_hartwig,llambo_warmstart_steric_tpsa_balanced_optimization_conservative,27118,88.4449,80.6645,11.5551,0,heldout,
real_buchwald_hartwig,llambo_warmstart_steric_tpsa_balanced_optimization_noprior,27118,88.4449,80.6645,11.5551,0,heldout,
real_buchwald_hartwig,llm_calibrated_selector,27118,100.0,89.2982,0.0,1,heldout,llm_semantic_source_alignment_conservative_ligand_mass_noprior
real_buchwald_hartwig,llm_direct_prior_base_strength_solvent_polarity_domain,27118,52.1455,50.1694,47.8545,0,heldout,
real_buchwald_hartwig,llm_direct_prior_base_strength_solvent_polarity_domain_conservative,27118,75.9722,67.716,24.0278,0,heldout,
real_buchwald_hartwig,llm_direct_prior_base_strength_solvent_polarity_domain_noprior,27118,52.1455,50.1694,47.8545,0,heldout,
real_buchwald_hartwig,llm_direct_prior_counter_source_acid_halide_reversal,27118,100.0,82.6034,0.0,1,heldout,
real_buchwald_hartwig,llm_direct_prior_counter_source_acid_halide_reversal_conservative,27118,100.0,84.6162,0.0,1,heldout,
real_buchwald_hartwig,llm_direct_prior_counter_source_acid_halide_reversal_noprior,27118,100.0,82.6034,0.0,1,heldout,
real_buchwald_hartwig,llm_direct_prior_cross_skill_rule_bank,27118,80.7704,80.7704,19.2296,0,heldout,
real_buchwald_hartwig,llm_direct_prior_halide_reactivity_additive_suppression,27118,79.3064,60.8601,20.6936,0,heldout,
real_buchwald_hartwig,llm_direct_prior_halide_reactivity_additive_suppression_conservative,27118,79.3064,74.8872,20.6936,0,heldout,
real_buchwald_hartwig,llm_direct_prior_halide_reactivity_additive_suppression_noprior,27118,79.3064,60.8601,20.6936,0,heldout,
real_buchwald_hartwig,llm_direct_prior_low_semantic_mass_anchor_heavy,27118,80.6849,75.9512,19.3151,0,heldout,
real_buchwald_hartwig,llm_direct_prior_low_semantic_mass_anchor_heavy_conservative,27118,80.6849,75.9512,19.3151,0,heldout,
real_buchwald_hartwig,llm_direct_prior_low_semantic_mass_anchor_heavy_noprior,27118,80.6849,75.9512,19.3151,0,heldout,
real_buchwald_hartwig,llm_direct_prior_mechanistic_heteroaromatic_halide_synergy,27118,95.129,92.2573,4.871,0,heldout,
real_buchwald_hartwig,llm_direct_prior_mechanistic_heteroaromatic_halide_synergy_conservative,27118,95.129,88.9582,4.871,0,heldout,
real_buchwald_hartwig,llm_direct_prior_mechanistic_heteroaromatic_halide_synergy_noprior,27118,95.129,92.2573,4.871,0,heldout,
real_buchwald_hartwig,llm_direct_prior_selector,27118,100.0,82.6034,0.0,1,heldout,llm_direct_prior_counter_source_acid_halide_reversal_noprior
real_buchwald_hartwig,llm_direct_prior_source_alignment_conservative_ligand_mass,27118,100.0,91.8015,0.0,1,heldout,
real_buchwald_hartwig,llm_direct_prior_source_alignment_conservative_ligand_mass_conservative,27118,100.0,91.8015,0.0,1,heldout,
real_buchwald_hartwig,llm_direct_prior_source_alignment_conservative_ligand_mass_noprior,27118,100.0,91.8015,0.0,1,heldout,
real_buchwald_hartwig,llm_direct_prior_source_schema_only_field_mapping,27118,89.0766,85.0141,10.9234,0,heldout,
real_buchwald_hartwig,llm_direct_prior_source_schema_only_field_mapping_conservative,27118,89.0766,85.0141,10.9234,0,heldout,
real_buchwald_hartwig,llm_direct_prior_source_schema_only_field_mapping_noprior,27118,89.0766,85.0141,10.9234,0,heldout,
real_buchwald_hartwig,llm_direct_prior_steric_tpsa_balanced_optimization,27118,79.8724,69.3115,20.1276,0,heldout,
real_buchwald_hartwig,llm_direct_prior_steric_tpsa_balanced_optimization_conservative,27118,79.4448,76.3941,20.5552,0,heldout,
real_buchwald_hartwig,llm_direct_prior_steric_tpsa_balanced_optimization_noprior,27118,79.8724,69.3115,20.1276,0,heldout,
real_buchwald_hartwig,llm_semantic_base_strength_solvent_polarity_domain,27118,88.4043,66.3885,11.5957,0,heldout,
real_buchwald_hartwig,llm_semantic_base_strength_solvent_polarity_domain_conservative,27118,88.4464,76.6837,11.5536,0,heldout,
real_buchwald_hartwig,llm_semantic_base_strength_solvent_polarity_domain_noprior,27118,66.4828,59.2704,33.5172,0,heldout,
real_buchwald_hartwig,llm_semantic_counter_source_acid_halide_reversal,27118,85.1332,67.0797,14.8668,0,heldout,
real_buchwald_hartwig,llm_semantic_counter_source_acid_halide_reversal_conservative,27118,100.0,84.9276,0.0,1,heldout,
real_buchwald_hartwig,llm_semantic_counter_source_acid_halide_reversal_noprior,27118,89.5988,87.0686,10.4012,0,heldout,
real_buchwald_hartwig,llm_semantic_cross_skill_rule_bank,27118,97.2929,85.9687,2.7071,0,heldout,
real_buchwald_hartwig,llm_semantic_halide_reactivity_additive_suppression,27118,85.1332,80.0697,14.8668,0,heldout,
real_buchwald_hartwig,llm_semantic_halide_reactivity_additive_suppression_conservative,27118,100.0,89.064,0.0,1,heldout,
real_buchwald_hartwig,llm_semantic_halide_reactivity_additive_suppression_noprior,27118,100.0,86.9236,0.0,1,heldout,
real_buchwald_hartwig,llm_semantic_low_semantic_mass_anchor_heavy,27118,83.7644,73.1706,16.2356,0,heldout,
real_buchwald_hartwig,llm_semantic_low_semantic_mass_anchor_heavy_conservative,27118,83.7644,73.1706,16.2356,0,heldout,
real_buchwald_hartwig,llm_semantic_low_semantic_mass_anchor_heavy_noprior,27118,83.7644,73.1706,16.2356,0,heldout,
real_buchwald_hartwig,llm_semantic_mechanistic_heteroaromatic_halide_synergy,27118,100.0,86.4305,0.0,1,heldout,
real_buchwald_hartwig,llm_semantic_mechanistic_heteroaromatic_halide_synergy_conservative,27118,100.0,84.2456,0.0,1,heldout,
real_buchwald_hartwig,llm_semantic_mechanistic_heteroaromatic_halide_synergy_noprior,27118,100.0,83.2055,0.0,1,heldout,
real_buchwald_hartwig,llm_semantic_source_alignment_conservative_ligand_mass,27118,100.0,91.1472,0.0,1,heldout,
real_buchwald_hartwig,llm_semantic_source_alignment_conservative_ligand_mass_conservative,27118,100.0,89.2982,0.0,1,heldout,
real_buchwald_hartwig,llm_semantic_source_alignment_conservative_ligand_mass_noprior,27118,100.0,89.2982,0.0,1,heldout,
real_buchwald_hartwig,llm_semantic_source_schema_only_field_mapping,27118,84.5385,79.4758,15.4615,0,heldout,
real_buchwald_hartwig,llm_semantic_source_schema_only_field_mapping_conservative,27118,89.5988,79.9818,10.4012,0,heldout,
real_buchwald_hartwig,llm_semantic_source_schema_only_field_mapping_noprior,27118,89.5988,79.9818,10.4012,0,heldout,
real_buchwald_hartwig,llm_semantic_steric_tpsa_balanced_optimization,27118,88.4464,80.7126,11.5536,0,heldout,
real_buchwald_hartwig,llm_semantic_steric_tpsa_balanced_optimization_conservative,27118,100.0,89.593,0.0,1,heldout,
real_buchwald_hartwig,llm_semantic_steric_tpsa_balanced_optimization_noprior,27118,100.0,93.2813,0.0,1,heldout,
real_buchwald_hartwig,mixed_kernel_gp_ei,27118,94.1517,81.7857,5.8483,0,heldout,
real_buchwald_hartwig,target_acquisition_portfolio,27118,94.1517,81.7857,5.8483,0,heldout,
real_buchwald_hartwig,care_strategy_router,27119,97.2929,97.2929,2.7071,0,heldout,llm_direct_prior_counter_source_acid_halide_reversal_noprior
real_buchwald_hartwig,gp_ucb,27119,96.5912,91.5292,3.4088,0,heldout,
real_buchwald_hartwig,llambo_warmstart_base_strength_solvent_polarity_domain,27119,82.4005,58.0388,17.5995,0,heldout,
real_buchwald_hartwig,llambo_warmstart_base_strength_solvent_polarity_domain_conservative,27119,82.4005,58.0388,17.5995,0,heldout,
real_buchwald_hartwig,llambo_warmstart_base_strength_solvent_polarity_domain_noprior,27119,82.4005,58.0388,17.5995,0,heldout,
real_buchwald_hartwig,llambo_warmstart_counter_source_acid_halide_reversal,27119,93.1012,93.1012,6.8988,0,heldout,
real_buchwald_hartwig,llambo_warmstart_counter_source_acid_halide_reversal_conservative,27119,93.1012,93.1012,6.8988,0,heldout,
real_buchwald_hartwig,llambo_warmstart_counter_source_acid_halide_reversal_noprior,27119,93.1012,93.1012,6.8988,0,heldout,
real_buchwald_hartwig,llambo_warmstart_cross_skill_rule_bank,27119,92.5725,92.5725,7.4275,0,heldout,
real_buchwald_hartwig,llambo_warmstart_halide_reactivity_additive_suppression,27119,98.8492,97.3194,1.1508,1,heldout,
real_buchwald_hartwig,llambo_warmstart_halide_reactivity_additive_suppression_conservative,27119,98.8492,97.3194,1.1508,1,heldout,
real_buchwald_hartwig,llambo_warmstart_halide_reactivity_additive_suppression_noprior,27119,98.8492,97.3194,1.1508,1,heldout,
real_buchwald_hartwig,llambo_warmstart_low_semantic_mass_anchor_heavy,27119,86.1051,78.5244,13.8949,0,heldout,
real_buchwald_hartwig,llambo_warmstart_low_semantic_mass_anchor_heavy_conservative,27119,86.1051,78.5244,13.8949,0,heldout,
real_buchwald_hartwig,llambo_warmstart_low_semantic_mass_anchor_heavy_noprior,27119,86.1051,78.5244,13.8949,0,heldout,
real_buchwald_hartwig,llambo_warmstart_mechanistic_heteroaromatic_halide_synergy,27119,89.4195,87.7261,10.5805,0,heldout,
real_buchwald_hartwig,llambo_warmstart_mechanistic_heteroaromatic_halide_synergy_conservative,27119,89.4195,87.7261,10.5805,0,heldout,
real_buchwald_hartwig,llambo_warmstart_mechanistic_heteroaromatic_halide_synergy_noprior,27119,89.4195,87.7261,10.5805,0,heldout,
real_buchwald_hartwig,llambo_warmstart_selector,27119,92.5725,92.5725,7.4275,0,heldout,llambo_warmstart_cross_skill_rule_bank
real_buchwald_hartwig,llambo_warmstart_source_alignment_conservative_ligand_mass,27119,86.7607,85.1456,13.2393,0,heldout,
real_buchwald_hartwig,llambo_warmstart_source_alignment_conservative_ligand_mass_conservative,27119,86.7607,85.1456,13.2393,0,heldout,
real_buchwald_hartwig,llambo_warmstart_source_alignment_conservative_ligand_mass_noprior,27119,86.7607,85.1456,13.2393,0,heldout,
real_buchwald_hartwig,llambo_warmstart_source_schema_only_field_mapping,27119,100.0,89.2734,0.0,1,heldout,
real_buchwald_hartwig,llambo_warmstart_source_schema_only_field_mapping_conservative,27119,100.0,89.2734,0.0,1,heldout,
real_buchwald_hartwig,llambo_warmstart_source_schema_only_field_mapping_noprior,27119,100.0,89.2734,0.0,1,heldout,
real_buchwald_hartwig,llambo_warmstart_steric_tpsa_balanced_optimization,27119,84.6825,80.3235,15.3175,0,heldout,
real_buchwald_hartwig,llambo_warmstart_steric_tpsa_balanced_optimization_conservative,27119,84.6825,80.3235,15.3175,0,heldout,
real_buchwald_hartwig,llambo_warmstart_steric_tpsa_balanced_optimization_noprior,27119,84.6825,80.3235,15.3175,0,heldout,
real_buchwald_hartwig,llm_calibrated_selector,27119,86.7621,76.8669,13.2379,0,heldout,llm_semantic_source_alignment_conservative_ligand_mass_noprior
real_buchwald_hartwig,llm_direct_prior_base_strength_solvent_polarity_domain,27119,85.1447,75.8997,14.8553,0,heldout,
real_buchwald_hartwig,llm_direct_prior_base_strength_solvent_polarity_domain_conservative,27119,90.2279,86.5754,9.7721,0,heldout,
real_buchwald_hartwig,llm_direct_prior_base_strength_solvent_polarity_domain_noprior,27119,85.1447,75.8997,14.8553,0,heldout,
real_buchwald_hartwig,llm_direct_prior_counter_source_acid_halide_reversal,27119,97.2929,97.2929,2.7071,0,heldout,
real_buchwald_hartwig,llm_direct_prior_counter_source_acid_halide_reversal_conservative,27119,97.2929,92.2286,2.7071,0,heldout,
real_buchwald_hartwig,llm_direct_prior_counter_source_acid_halide_reversal_noprior,27119,97.2929,97.2929,2.7071,0,heldout,
real_buchwald_hartwig,llm_direct_prior_cross_skill_rule_bank,27119,65.0778,64.1163,34.9222,0,heldout,
real_buchwald_hartwig,llm_direct_prior_halide_reactivity_additive_suppression,27119,85.1447,64.028,14.8553,0,heldout,
real_buchwald_hartwig,llm_direct_prior_halide_reactivity_additive_suppression_conservative,27119,90.2279,85.5587,9.7721,0,heldout,
real_buchwald_hartwig,llm_direct_prior_halide_reactivity_additive_suppression_noprior,27119,85.1447,64.028,14.8553,0,heldout,
real_buchwald_hartwig,llm_direct_prior_low_semantic_mass_anchor_heavy,27119,92.2093,77.8614,7.7907,0,heldout,
real_buchwald_hartwig,llm_direct_prior_low_semantic_mass_anchor_heavy_conservative,27119,92.2093,77.8614,7.7907,0,heldout,
real_buchwald_hartwig,llm_direct_prior_low_semantic_mass_anchor_heavy_noprior,27119,92.2093,77.8614,7.7907,0,heldout,
real_buchwald_hartwig,llm_direct_prior_mechanistic_heteroaromatic_halide_synergy,27119,91.2669,85.7318,8.7331,0,heldout,
real_buchwald_hartwig,llm_direct_prior_mechanistic_heteroaromatic_halide_synergy_conservative,27119,93.7486,89.2661,6.2514,0,heldout,
real_buchwald_hartwig,llm_direct_prior_mechanistic_heteroaromatic_halide_synergy_noprior,27119,91.2669,85.7318,8.7331,0,heldout,
real_buchwald_hartwig,llm_direct_prior_selector,27119,97.2929,97.2929,2.7071,0,heldout,llm_direct_prior_counter_source_acid_halide_reversal_noprior
real_buchwald_hartwig,llm_direct_prior_source_alignment_conservative_ligand_mass,27119,82.3324,61.5223,17.6676,0,heldout,
real_buchwald_hartwig,llm_direct_prior_source_alignment_conservative_ligand_mass_conservative,27119,82.3324,61.5223,17.6676,0,heldout,
real_buchwald_hartwig,llm_direct_prior_source_alignment_conservative_ligand_mass_noprior,27119,82.3324,61.5223,17.6676,0,heldout,
real_buchwald_hartwig,llm_direct_prior_source_schema_only_field_mapping,27119,89.0766,75.7778,10.9234,0,heldout,
real_buchwald_hartwig,llm_direct_prior_source_schema_only_field_mapping_conservative,27119,89.0766,75.7778,10.9234,0,heldout,
real_buchwald_hartwig,llm_direct_prior_source_schema_only_field_mapping_noprior,27119,89.0766,75.7778,10.9234,0,heldout,
real_buchwald_hartwig,llm_direct_prior_steric_tpsa_balanced_optimization,27119,83.3036,70.4256,16.6964,0,heldout,
real_buchwald_hartwig,llm_direct_prior_steric_tpsa_balanced_optimization_conservative,27119,66.0708,66.0708,33.9292,0,heldout,
real_buchwald_hartwig,llm_direct_prior_steric_tpsa_balanced_optimization_noprior,27119,83.3036,70.4256,16.6964,0,heldout,
real_buchwald_hartwig,llm_semantic_base_strength_solvent_polarity_domain,27119,85.2207,78.5585,14.7793,0,heldout,
real_buchwald_hartwig,llm_semantic_base_strength_solvent_polarity_domain_conservative,27119,87.5291,78.7996,12.4709,0,heldout,
real_buchwald_hartwig,llm_semantic_base_strength_solvent_polarity_domain_noprior,27119,93.1012,87.6315,6.8988,0,heldout,
real_buchwald_hartwig,llm_semantic_counter_source_acid_halide_reversal,27119,83.9556,80.1785,16.0444,0,heldout,
real_buchwald_hartwig,llm_semantic_counter_source_acid_halide_reversal_conservative,27119,83.9556,58.9717,16.0444,0,heldout,
real_buchwald_hartwig,llm_semantic_counter_source_acid_halide_reversal_noprior,27119,83.9556,80.1785,16.0444,0,heldout,
real_buchwald_hartwig,llm_semantic_cross_skill_rule_bank,27119,93.3108,85.7463,6.6892,0,heldout,
real_buchwald_hartwig,llm_semantic_halide_reactivity_additive_suppression,27119,87.2375,52.2391,12.7625,0,heldout,
real_buchwald_hartwig,llm_semantic_halide_reactivity_additive_suppression_conservative,27119,92.127,77.3349,7.873,0,heldout,
real_buchwald_hartwig,llm_semantic_halide_reactivity_additive_suppression_noprior,27119,83.9556,83.3842,16.0444,0,heldout,
real_buchwald_hartwig,llm_semantic_low_semantic_mass_anchor_heavy,27119,97.2929,91.3624,2.7071,0,heldout,
real_buchwald_hartwig,llm_semantic_low_semantic_mass_anchor_heavy_conservative,27119,97.2929,91.3624,2.7071,0,heldout,
real_buchwald_hartwig,llm_semantic_low_semantic_mass_anchor_heavy_noprior,27119,97.2929,91.3624,2.7071,0,heldout,
real_buchwald_hartwig,llm_semantic_mechanistic_heteroaromatic_halide_synergy,27119,87.5291,69.7186,12.4709,0,heldout,
real_buchwald_hartwig,llm_semantic_mechanistic_heteroaromatic_halide_synergy_conservative,27119,87.5291,83.7807,12.4709,0,heldout,
real_buchwald_hartwig,llm_semantic_mechanistic_heteroaromatic_halide_synergy_noprior,27119,85.1332,79.8287,14.8668,0,heldout,
real_buchwald_hartwig,llm_semantic_source_alignment_conservative_ligand_mass,27119,86.7621,68.5445,13.2379,0,heldout,
real_buchwald_hartwig,llm_semantic_source_alignment_conservative_ligand_mass_conservative,27119,86.7621,76.8669,13.2379,0,heldout,
real_buchwald_hartwig,llm_semantic_source_alignment_conservative_ligand_mass_noprior,27119,86.7621,76.8669,13.2379,0,heldout,
real_buchwald_hartwig,llm_semantic_source_schema_only_field_mapping,27119,48.695,42.1887,51.305,0,heldout,
real_buchwald_hartwig,llm_semantic_source_schema_only_field_mapping_conservative,27119,42.6836,41.1765,57.3164,0,heldout,
real_buchwald_hartwig,llm_semantic_source_schema_only_field_mapping_noprior,27119,48.695,41.7777,51.305,0,heldout,
real_buchwald_hartwig,llm_semantic_steric_tpsa_balanced_optimization,27119,75.2094,55.4688,24.7906,0,heldout,
real_buchwald_hartwig,llm_semantic_steric_tpsa_balanced_optimization_conservative,27119,93.4211,65.2088,6.5789,0,heldout,
real_buchwald_hartwig,llm_semantic_steric_tpsa_balanced_optimization_noprior,27119,48.695,45.9039,51.305,0,heldout,
real_buchwald_hartwig,mixed_kernel_gp_ei,27119,96.5912,86.0974,3.4088,0,heldout,
real_buchwald_hartwig,target_acquisition_portfolio,27119,96.5912,91.5292,3.4088,0,heldout,
real_buchwald_hartwig,care_strategy_router,27120,93.4211,83.4013,6.5789,0,heldout,llm_direct_prior_counter_source_acid_halide_reversal_noprior
real_buchwald_hartwig,gp_ucb,27120,96.5912,72.5246,3.4088,0,heldout,
real_buchwald_hartwig,llambo_warmstart_base_strength_solvent_polarity_domain,27120,79.6552,71.8383,20.3448,0,heldout,
real_buchwald_hartwig,llambo_warmstart_base_strength_solvent_polarity_domain_conservative,27120,79.6552,71.8383,20.3448,0,heldout,
real_buchwald_hartwig,llambo_warmstart_base_strength_solvent_polarity_domain_noprior,27120,79.6552,71.8383,20.3448,0,heldout,
real_buchwald_hartwig,llambo_warmstart_counter_source_acid_halide_reversal,27120,89.4195,89.4195,10.5805,0,heldout,
real_buchwald_hartwig,llambo_warmstart_counter_source_acid_halide_reversal_conservative,27120,89.4195,89.4195,10.5805,0,heldout,
real_buchwald_hartwig,llambo_warmstart_counter_source_acid_halide_reversal_noprior,27120,89.4195,89.4195,10.5805,0,heldout,
real_buchwald_hartwig,llambo_warmstart_cross_skill_rule_bank,27120,98.7313,98.7313,1.2687,1,heldout,
real_buchwald_hartwig,llambo_warmstart_halide_reactivity_additive_suppression,27120,94.5498,93.0224,5.4502,0,heldout,
real_buchwald_hartwig,llambo_warmstart_halide_reactivity_additive_suppression_conservative,27120,94.5498,93.0224,5.4502,0,heldout,
real_buchwald_hartwig,llambo_warmstart_halide_reactivity_additive_suppression_noprior,27120,94.5498,93.0224,5.4502,0,heldout,
real_buchwald_hartwig,llambo_warmstart_low_semantic_mass_anchor_heavy,27120,89.4195,89.4195,10.5805,0,heldout,
real_buchwald_hartwig,llambo_warmstart_low_semantic_mass_anchor_heavy_conservative,27120,89.4195,89.4195,10.5805,0,heldout,
real_buchwald_hartwig,llambo_warmstart_low_semantic_mass_anchor_heavy_noprior,27120,89.4195,89.4195,10.5805,0,heldout,
real_buchwald_hartwig,llambo_warmstart_mechanistic_heteroaromatic_halide_synergy,27120,89.4195,89.4195,10.5805,0,heldout,
real_buchwald_hartwig,llambo_warmstart_mechanistic_heteroaromatic_halide_synergy_conservative,27120,89.4195,89.4195,10.5805,0,heldout,
real_buchwald_hartwig,llambo_warmstart_mechanistic_heteroaromatic_halide_synergy_noprior,27120,89.4195,89.4195,10.5805,0,heldout,
real_buchwald_hartwig,llambo_warmstart_selector,27120,98.7313,98.7313,1.2687,1,heldout,llambo_warmstart_cross_skill_rule_bank
real_buchwald_hartwig,llambo_warmstart_source_alignment_conservative_ligand_mass,27120,97.5685,91.6878,2.4315,1,heldout,
real_buchwald_hartwig,llambo_warmstart_source_alignment_conservative_ligand_mass_conservative,27120,97.5685,91.6878,2.4315,1,heldout,
real_buchwald_hartwig,llambo_warmstart_source_alignment_conservative_ligand_mass_noprior,27120,97.5685,91.6878,2.4315,1,heldout,
real_buchwald_hartwig,llambo_warmstart_source_schema_only_field_mapping,27120,82.3494,81.2347,17.6506,0,heldout,
real_buchwald_hartwig,llambo_warmstart_source_schema_only_field_mapping_conservative,27120,82.3494,81.2347,17.6506,0,heldout,
real_buchwald_hartwig,llambo_warmstart_source_schema_only_field_mapping_noprior,27120,82.3494,81.2347,17.6506,0,heldout,
real_buchwald_hartwig,llambo_warmstart_steric_tpsa_balanced_optimization,27120,98.2872,75.9215,1.7128,1,heldout,
real_buchwald_hartwig,llambo_warmstart_steric_tpsa_balanced_optimization_conservative,27120,98.2872,75.9215,1.7128,1,heldout,
real_buchwald_hartwig,llambo_warmstart_steric_tpsa_balanced_optimization_noprior,27120,98.2872,75.9215,1.7128,1,heldout,
real_buchwald_hartwig,llm_calibrated_selector,27120,86.9711,82.0024,13.0289,0,heldout,llm_semantic_source_alignment_conservative_ligand_mass_noprior
real_buchwald_hartwig,llm_direct_prior_base_strength_solvent_polarity_domain,27120,90.7313,72.4017,9.2687,0,heldout,
real_buchwald_hartwig,llm_direct_prior_base_strength_solvent_polarity_domain_conservative,27120,86.0034,78.3988,13.9966,0,heldout,
real_buchwald_hartwig,llm_direct_prior_base_strength_solvent_polarity_domain_noprior,27120,90.7313,72.4017,9.2687,0,heldout,
real_buchwald_hartwig,llm_direct_prior_counter_source_acid_halide_reversal,27120,93.4211,83.4013,6.5789,0,heldout,
real_buchwald_hartwig,llm_direct_prior_counter_source_acid_halide_reversal_conservative,27120,93.4211,83.4013,6.5789,0,heldout,
real_buchwald_hartwig,llm_direct_prior_counter_source_acid_halide_reversal_noprior,27120,93.4211,83.4013,6.5789,0,heldout,
real_buchwald_hartwig,llm_direct_prior_cross_skill_rule_bank,27120,86.2541,78.9943,13.7459,0,heldout,
real_buchwald_hartwig,llm_direct_prior_halide_reactivity_additive_suppression,27120,90.7313,71.6778,9.2687,0,heldout,
real_buchwald_hartwig,llm_direct_prior_halide_reactivity_additive_suppression_conservative,27120,90.7313,83.7014,9.2687,0,heldout,
real_buchwald_hartwig,llm_direct_prior_halide_reactivity_additive_suppression_noprior,27120,90.7313,71.6778,9.2687,0,heldout,
real_buchwald_hartwig,llm_direct_prior_low_semantic_mass_anchor_heavy,27120,87.9592,77.8319,12.0408,0,heldout,
real_buchwald_hartwig,llm_direct_prior_low_semantic_mass_anchor_heavy_conservative,27120,87.9592,77.8319,12.0408,0,heldout,
real_buchwald_hartwig,llm_direct_prior_low_semantic_mass_anchor_heavy_noprior,27120,87.9592,77.8319,12.0408,0,heldout,
real_buchwald_hartwig,llm_direct_prior_mechanistic_heteroaromatic_halide_synergy,27120,93.7486,83.4732,6.2514,0,heldout,
real_buchwald_hartwig,llm_direct_prior_mechanistic_heteroaromatic_halide_synergy_conservative,27120,93.7486,82.4462,6.2514,0,heldout,
real_buchwald_hartwig,llm_direct_prior_mechanistic_heteroaromatic_halide_synergy_noprior,27120,93.7486,83.4732,6.2514,0,heldout,
real_buchwald_hartwig,llm_direct_prior_selector,27120,93.4211,83.4013,6.5789,0,heldout,llm_direct_prior_counter_source_acid_halide_reversal_noprior
real_buchwald_hartwig,llm_direct_prior_source_alignment_conservative_ligand_mass,27120,90.7313,83.7014,9.2687,0,heldout,
real_buchwald_hartwig,llm_direct_prior_source_alignment_conservative_ligand_mass_conservative,27120,90.7313,83.7014,9.2687,0,heldout,
real_buchwald_hartwig,llm_direct_prior_source_alignment_conservative_ligand_mass_noprior,27120,90.7313,83.7014,9.2687,0,heldout,
real_buchwald_hartwig,llm_direct_prior_source_schema_only_field_mapping,27120,87.7641,73.855,12.2359,0,heldout,
real_buchwald_hartwig,llm_direct_prior_source_schema_only_field_mapping_conservative,27120,87.7641,73.855,12.2359,0,heldout,
real_buchwald_hartwig,llm_direct_prior_source_schema_only_field_mapping_noprior,27120,87.7641,73.855,12.2359,0,heldout,
real_buchwald_hartwig,llm_direct_prior_steric_tpsa_balanced_optimization,27120,75.8998,75.8998,24.1002,0,heldout,
real_buchwald_hartwig,llm_direct_prior_steric_tpsa_balanced_optimization_conservative,27120,78.3625,77.2759,21.6375,0,heldout,
real_buchwald_hartwig,llm_direct_prior_steric_tpsa_balanced_optimization_noprior,27120,75.8998,75.8998,24.1002,0,heldout,
real_buchwald_hartwig,llm_semantic_base_strength_solvent_polarity_domain,27120,88.4043,65.5557,11.5957,0,heldout,
real_buchwald_hartwig,llm_semantic_base_strength_solvent_polarity_domain_conservative,27120,88.3519,79.2664,11.6481,0,heldout,
real_buchwald_hartwig,llm_semantic_base_strength_solvent_polarity_domain_noprior,27120,85.2207,81.8773,14.7793,0,heldout,
real_buchwald_hartwig,llm_semantic_counter_source_acid_halide_reversal,27120,94.6911,88.087,5.3089,0,heldout,
real_buchwald_hartwig,llm_semantic_counter_source_acid_halide_reversal_conservative,27120,93.1012,85.1518,6.8988,0,heldout,
real_buchwald_hartwig,llm_semantic_counter_source_acid_halide_reversal_noprior,27120,91.4851,76.9203,8.5149,0,heldout,
real_buchwald_hartwig,llm_semantic_cross_skill_rule_bank,27120,98.2872,84.0643,1.7128,1,heldout,
real_buchwald_hartwig,llm_semantic_halide_reactivity_additive_suppression,27120,93.0289,87.1007,6.9711,0,heldout,
real_buchwald_hartwig,llm_semantic_halide_reactivity_additive_suppression_conservative,27120,89.2167,79.413,10.7833,0,heldout,
real_buchwald_hartwig,llm_semantic_halide_reactivity_additive_suppression_noprior,27120,85.2207,85.2207,14.7793,0,heldout,
real_buchwald_hartwig,llm_semantic_low_semantic_mass_anchor_heavy,27120,83.3133,74.0429,16.6867,0,heldout,
real_buchwald_hartwig,llm_semantic_low_semantic_mass_anchor_heavy_conservative,27120,83.3133,74.0429,16.6867,0,heldout,
real_buchwald_hartwig,llm_semantic_low_semantic_mass_anchor_heavy_noprior,27120,83.3133,74.0429,16.6867,0,heldout,
real_buchwald_hartwig,llm_semantic_mechanistic_heteroaromatic_halide_synergy,27120,85.6057,81.7269,14.3943,0,heldout,
real_buchwald_hartwig,llm_semantic_mechanistic_heteroaromatic_halide_synergy_conservative,27120,92.9567,76.0009,7.0433,0,heldout,
real_buchwald_hartwig,llm_semantic_mechanistic_heteroaromatic_halide_synergy_noprior,27120,92.9567,84.7187,7.0433,0,heldout,
real_buchwald_hartwig,llm_semantic_source_alignment_conservative_ligand_mass,27120,86.9711,82.0024,13.0289,0,heldout,
real_buchwald_hartwig,llm_semantic_source_alignment_conservative_ligand_mass_conservative,27120,86.9711,82.0024,13.0289,0,heldout,
real_buchwald_hartwig,llm_semantic_source_alignment_conservative_ligand_mass_noprior,27120,86.9711,82.0024,13.0289,0,heldout,
real_buchwald_hartwig,llm_semantic_source_schema_only_field_mapping,27120,83.3382,73.8204,16.6618,0,heldout,
real_buchwald_hartwig,llm_semantic_source_schema_only_field_mapping_conservative,27120,79.3465,65.02,20.6535,0,heldout,
real_buchwald_hartwig,llm_semantic_source_schema_only_field_mapping_noprior,27120,79.3465,65.02,20.6535,0,heldout,
real_buchwald_hartwig,llm_semantic_steric_tpsa_balanced_optimization,27120,83.7372,79.3535,16.2628,0,heldout,
real_buchwald_hartwig,llm_semantic_steric_tpsa_balanced_optimization_conservative,27120,80.2899,71.7128,19.7101,0,heldout,
real_buchwald_hartwig,llm_semantic_steric_tpsa_balanced_optimization_noprior,27120,83.9556,75.5505,16.0444,0,heldout,
real_buchwald_hartwig,mixed_kernel_gp_ei,27120,83.3382,72.2592,16.6618,0,heldout,
real_buchwald_hartwig,target_acquisition_portfolio,27120,93.1012,76.7006,6.8988,0,heldout,
real_buchwald_hartwig,care_strategy_router,27121,87.5291,87.5291,12.4709,0,heldout,llm_direct_prior_counter_source_acid_halide_reversal_noprior
real_buchwald_hartwig,gp_ucb,27121,89.4195,88.4266,10.5805,0,heldout,
real_buchwald_hartwig,llambo_warmstart_base_strength_solvent_polarity_domain,27121,86.7621,85.1351,13.2379,0,heldout,
real_buchwald_hartwig,llambo_warmstart_base_strength_solvent_polarity_domain_conservative,27121,86.7621,85.1351,13.2379,0,heldout,
real_buchwald_hartwig,llambo_warmstart_base_strength_solvent_polarity_domain_noprior,27121,86.7621,85.1351,13.2379,0,heldout,
real_buchwald_hartwig,llambo_warmstart_counter_source_acid_halide_reversal,27121,98.8492,94.6997,1.1508,1,heldout,
real_buchwald_hartwig,llambo_warmstart_counter_source_acid_halide_reversal_conservative,27121,98.8492,94.6997,1.1508,1,heldout,
real_buchwald_hartwig,llambo_warmstart_counter_source_acid_halide_reversal_noprior,27121,98.8492,94.6997,1.1508,1,heldout,
real_buchwald_hartwig,llambo_warmstart_cross_skill_rule_bank,27121,98.7313,98.7313,1.2687,1,heldout,
real_buchwald_hartwig,llambo_warmstart_halide_reactivity_additive_suppression,27121,77.6669,74.1352,22.3331,0,heldout,
real_buchwald_hartwig,llambo_warmstart_halide_reactivity_additive_suppression_conservative,27121,77.6669,74.1352,22.3331,0,heldout,
real_buchwald_hartwig,llambo_warmstart_halide_reactivity_additive_suppression_noprior,27121,77.6669,74.1352,22.3331,0,heldout,
real_buchwald_hartwig,llambo_warmstart_low_semantic_mass_anchor_heavy,27121,100.0,87.6194,0.0,1,heldout,
real_buchwald_hartwig,llambo_warmstart_low_semantic_mass_anchor_heavy_conservative,27121,100.0,87.6194,0.0,1,heldout,
real_buchwald_hartwig,llambo_warmstart_low_semantic_mass_anchor_heavy_noprior,27121,100.0,87.6194,0.0,1,heldout,
real_buchwald_hartwig,llambo_warmstart_mechanistic_heteroaromatic_halide_synergy,27121,92.8977,92.8977,7.1023,0,heldout,
real_buchwald_hartwig,llambo_warmstart_mechanistic_heteroaromatic_halide_synergy_conservative,27121,92.8977,92.8977,7.1023,0,heldout,
real_buchwald_hartwig,llambo_warmstart_mechanistic_heteroaromatic_halide_synergy_noprior,27121,92.8977,92.8977,7.1023,0,heldout,
real_buchwald_hartwig,llambo_warmstart_selector,27121,98.7313,98.7313,1.2687,1,heldout,llambo_warmstart_cross_skill_rule_bank
real_buchwald_hartwig,llambo_warmstart_source_alignment_conservative_ligand_mass,27121,89.6142,82.5085,10.3858,0,heldout,
real_buchwald_hartwig,llambo_warmstart_source_alignment_conservative_ligand_mass_conservative,27121,89.6142,82.5085,10.3858,0,heldout,
real_buchwald_hartwig,llambo_warmstart_source_alignment_conservative_ligand_mass_noprior,27121,89.6142,82.5085,10.3858,0,heldout,
real_buchwald_hartwig,llambo_warmstart_source_schema_only_field_mapping,27121,99.6191,80.8318,0.3809,1,heldout,
real_buchwald_hartwig,llambo_warmstart_source_schema_only_field_mapping_conservative,27121,99.6191,80.8318,0.3809,1,heldout,
real_buchwald_hartwig,llambo_warmstart_source_schema_only_field_mapping_noprior,27121,99.6191,80.8318,0.3809,1,heldout,
real_buchwald_hartwig,llambo_warmstart_steric_tpsa_balanced_optimization,27121,80.5828,63.4282,19.4172,0,heldout,
real_buchwald_hartwig,llambo_warmstart_steric_tpsa_balanced_optimization_conservative,27121,80.5828,63.4282,19.4172,0,heldout,
real_buchwald_hartwig,llambo_warmstart_steric_tpsa_balanced_optimization_noprior,27121,80.5828,63.4282,19.4172,0,heldout,
real_buchwald_hartwig,llm_calibrated_selector,27121,87.5291,87.5291,12.4709,0,heldout,llm_semantic_source_alignment_conservative_ligand_mass_noprior
real_buchwald_hartwig,llm_direct_prior_base_strength_solvent_polarity_domain,27121,87.5291,87.5291,12.4709,0,heldout,
real_buchwald_hartwig,llm_direct_prior_base_strength_solvent_polarity_domain_conservative,27121,87.5291,87.5291,12.4709,0,heldout,
real_buchwald_hartwig,llm_direct_prior_base_strength_solvent_polarity_domain_noprior,27121,87.5291,87.5291,12.4709,0,heldout,
real_buchwald_hartwig,llm_direct_prior_counter_source_acid_halide_reversal,27121,87.5291,87.5291,12.4709,0,heldout,
real_buchwald_hartwig,llm_direct_prior_counter_source_acid_halide_reversal_conservative,27121,87.5291,87.5291,12.4709,0,heldout,
real_buchwald_hartwig,llm_direct_prior_counter_source_acid_halide_reversal_noprior,27121,87.5291,87.5291,12.4709,0,heldout,
real_buchwald_hartwig,llm_direct_prior_cross_skill_rule_bank,27121,87.5291,87.5291,12.4709,0,heldout,
real_buchwald_hartwig,llm_direct_prior_halide_reactivity_additive_suppression,27121,87.5291,87.5291,12.4709,0,heldout,
real_buchwald_hartwig,llm_direct_prior_halide_reactivity_additive_suppression_conservative,27121,87.5291,87.5291,12.4709,0,heldout,
real_buchwald_hartwig,llm_direct_prior_halide_reactivity_additive_suppression_noprior,27121,87.5291,87.5291,12.4709,0,heldout,
real_buchwald_hartwig,llm_direct_prior_low_semantic_mass_anchor_heavy,27121,89.4195,87.7181,10.5805,0,heldout,
real_buchwald_hartwig,llm_direct_prior_low_semantic_mass_anchor_heavy_conservative,27121,89.4195,87.7181,10.5805,0,heldout,
real_buchwald_hartwig,llm_direct_prior_low_semantic_mass_anchor_heavy_noprior,27121,89.4195,87.7181,10.5805,0,heldout,
real_buchwald_hartwig,llm_direct_prior_mechanistic_heteroaromatic_halide_synergy,27121,92.127,87.9889,7.873,0,heldout,
real_buchwald_hartwig,llm_direct_prior_mechanistic_heteroaromatic_halide_synergy_conservative,27121,93.5878,88.135,6.4122,0,heldout,
real_buchwald_hartwig,llm_direct_prior_mechanistic_heteroaromatic_halide_synergy_noprior,27121,92.127,87.9889,7.873,0,heldout,
real_buchwald_hartwig,llm_direct_prior_selector,27121,87.5291,87.5291,12.4709,0,heldout,llm_direct_prior_counter_source_acid_halide_reversal_noprior
real_buchwald_hartwig,llm_direct_prior_source_alignment_conservative_ligand_mass,27121,87.5291,87.5291,12.4709,0,heldout,
real_buchwald_hartwig,llm_direct_prior_source_alignment_conservative_ligand_mass_conservative,27121,87.5291,87.5291,12.4709,0,heldout,
real_buchwald_hartwig,llm_direct_prior_source_alignment_conservative_ligand_mass_noprior,27121,87.5291,87.5291,12.4709,0,heldout,
real_buchwald_hartwig,llm_direct_prior_source_schema_only_field_mapping,27121,87.5291,87.5291,12.4709,0,heldout,
real_buchwald_hartwig,llm_direct_prior_source_schema_only_field_mapping_conservative,27121,87.5291,87.5291,12.4709,0,heldout,
real_buchwald_hartwig,llm_direct_prior_source_schema_only_field_mapping_noprior,27121,87.5291,87.5291,12.4709,0,heldout,
real_buchwald_hartwig,llm_direct_prior_steric_tpsa_balanced_optimization,27121,87.5291,87.5291,12.4709,0,heldout,
real_buchwald_hartwig,llm_direct_prior_steric_tpsa_balanced_optimization_conservative,27121,87.5291,87.5291,12.4709,0,heldout,
real_buchwald_hartwig,llm_direct_prior_steric_tpsa_balanced_optimization_noprior,27121,87.5291,87.5291,12.4709,0,heldout,
real_buchwald_hartwig,llm_semantic_base_strength_solvent_polarity_domain,27121,87.5291,87.5291,12.4709,0,heldout,
real_buchwald_hartwig,llm_semantic_base_strength_solvent_polarity_domain_conservative,27121,87.5291,87.5291,12.4709,0,heldout,
real_buchwald_hartwig,llm_semantic_base_strength_solvent_polarity_domain_noprior,27121,87.5291,87.5291,12.4709,0,heldout,
real_buchwald_hartwig,llm_semantic_counter_source_acid_halide_reversal,27121,87.5291,87.5291,12.4709,0,heldout,
real_buchwald_hartwig,llm_semantic_counter_source_acid_halide_reversal_conservative,27121,87.5291,87.5291,12.4709,0,heldout,
real_buchwald_hartwig,llm_semantic_counter_source_acid_halide_reversal_noprior,27121,87.5291,87.5291,12.4709,0,heldout,
real_buchwald_hartwig,llm_semantic_cross_skill_rule_bank,27121,87.5291,87.5291,12.4709,0,heldout,
real_buchwald_hartwig,llm_semantic_halide_reactivity_additive_suppression,27121,87.5291,87.5291,12.4709,0,heldout,
real_buchwald_hartwig,llm_semantic_halide_reactivity_additive_suppression_conservative,27121,87.5291,87.5291,12.4709,0,heldout,
real_buchwald_hartwig,llm_semantic_halide_reactivity_additive_suppression_noprior,27121,87.5291,87.5291,12.4709,0,heldout,
real_buchwald_hartwig,llm_semantic_low_semantic_mass_anchor_heavy,27121,87.5291,87.5291,12.4709,0,heldout,
real_buchwald_hartwig,llm_semantic_low_semantic_mass_anchor_heavy_conservative,27121,87.5291,87.5291,12.4709,0,heldout,
real_buchwald_hartwig,llm_semantic_low_semantic_mass_anchor_heavy_noprior,27121,87.5291,87.5291,12.4709,0,heldout,
real_buchwald_hartwig,llm_semantic_mechanistic_heteroaromatic_halide_synergy,27121,89.4195,88.0962,10.5805,0,heldout,
real_buchwald_hartwig,llm_semantic_mechanistic_heteroaromatic_halide_synergy_conservative,27121,87.5291,87.5291,12.4709,0,heldout,
real_buchwald_hartwig,llm_semantic_mechanistic_heteroaromatic_halide_synergy_noprior,27121,87.5291,87.5291,12.4709,0,heldout,
real_buchwald_hartwig,llm_semantic_source_alignment_conservative_ligand_mass,27121,87.5291,87.5291,12.4709,0,heldout,
real_buchwald_hartwig,llm_semantic_source_alignment_conservative_ligand_mass_conservative,27121,87.5291,87.5291,12.4709,0,heldout,
real_buchwald_hartwig,llm_semantic_source_alignment_conservative_ligand_mass_noprior,27121,87.5291,87.5291,12.4709,0,heldout,
real_buchwald_hartwig,llm_semantic_source_schema_only_field_mapping,27121,87.5291,87.5291,12.4709,0,heldout,
real_buchwald_hartwig,llm_semantic_source_schema_only_field_mapping_conservative,27121,87.5291,87.5291,12.4709,0,heldout,
real_buchwald_hartwig,llm_semantic_source_schema_only_field_mapping_noprior,27121,87.5291,87.5291,12.4709,0,heldout,
real_buchwald_hartwig,llm_semantic_steric_tpsa_balanced_optimization,27121,87.5291,87.5291,12.4709,0,heldout,
real_buchwald_hartwig,llm_semantic_steric_tpsa_balanced_optimization_conservative,27121,87.5291,87.5291,12.4709,0,heldout,
real_buchwald_hartwig,llm_semantic_steric_tpsa_balanced_optimization_noprior,27121,87.5291,87.5291,12.4709,0,heldout,
real_buchwald_hartwig,mixed_kernel_gp_ei,27121,89.4195,88.5564,10.5805,0,heldout,
real_buchwald_hartwig,target_acquisition_portfolio,27121,89.4195,88.5564,10.5805,0,heldout,
real_buchwald_hartwig,care_strategy_router,27122,79.8724,78.5868,20.1276,0,heldout,llm_direct_prior_counter_source_acid_halide_reversal_noprior
real_buchwald_hartwig,gp_ucb,27122,92.1197,75.1869,7.8803,0,heldout,
real_buchwald_hartwig,llambo_warmstart_base_strength_solvent_polarity_domain,27122,92.8977,75.3753,7.1023,0,heldout,
real_buchwald_hartwig,llambo_warmstart_base_strength_solvent_polarity_domain_conservative,27122,92.8977,75.3753,7.1023,0,heldout,
real_buchwald_hartwig,llambo_warmstart_base_strength_solvent_polarity_domain_noprior,27122,92.8977,75.3753,7.1023,0,heldout,
real_buchwald_hartwig,llambo_warmstart_counter_source_acid_halide_reversal,27122,86.2541,77.2039,13.7459,0,heldout,
real_buchwald_hartwig,llambo_warmstart_counter_source_acid_halide_reversal_conservative,27122,86.2541,77.2039,13.7459,0,heldout,
real_buchwald_hartwig,llambo_warmstart_counter_source_acid_halide_reversal_noprior,27122,86.2541,77.2039,13.7459,0,heldout,
real_buchwald_hartwig,llambo_warmstart_cross_skill_rule_bank,27122,86.8997,73.1441,13.1003,0,heldout,
real_buchwald_hartwig,llambo_warmstart_halide_reactivity_additive_suppression,27122,94.1517,80.4153,5.8483,0,heldout,
real_buchwald_hartwig,llambo_warmstart_halide_reactivity_additive_suppression_conservative,27122,94.1517,80.4153,5.8483,0,heldout,
real_buchwald_hartwig,llambo_warmstart_halide_reactivity_additive_suppression_noprior,27122,94.1517,80.4153,5.8483,0,heldout,
real_buchwald_hartwig,llambo_warmstart_low_semantic_mass_anchor_heavy,27122,65.9274,61.7667,34.0726,0,heldout,
real_buchwald_hartwig,llambo_warmstart_low_semantic_mass_anchor_heavy_conservative,27122,65.9274,61.7667,34.0726,0,heldout,
real_buchwald_hartwig,llambo_warmstart_low_semantic_mass_anchor_heavy_noprior,27122,65.9274,61.7667,34.0726,0,heldout,
real_buchwald_hartwig,llambo_warmstart_mechanistic_heteroaromatic_halide_synergy,27122,90.9905,83.6206,9.0095,0,heldout,
real_buchwald_hartwig,llambo_warmstart_mechanistic_heteroaromatic_halide_synergy_conservative,27122,90.9905,83.6206,9.0095,0,heldout,
real_buchwald_hartwig,llambo_warmstart_mechanistic_heteroaromatic_halide_synergy_noprior,27122,90.9905,83.6206,9.0095,0,heldout,
real_buchwald_hartwig,llambo_warmstart_selector,27122,86.8997,73.1441,13.1003,0,heldout,llambo_warmstart_cross_skill_rule_bank
real_buchwald_hartwig,llambo_warmstart_source_alignment_conservative_ligand_mass,27122,95.3865,84.7258,4.6135,0,heldout,
real_buchwald_hartwig,llambo_warmstart_source_alignment_conservative_ligand_mass_conservative,27122,95.3865,84.7258,4.6135,0,heldout,
real_buchwald_hartwig,llambo_warmstart_source_alignment_conservative_ligand_mass_noprior,27122,95.3865,84.7258,4.6135,0,heldout,
real_buchwald_hartwig,llambo_warmstart_source_schema_only_field_mapping,27122,86.2002,83.8844,13.7998,0,heldout,
real_buchwald_hartwig,llambo_warmstart_source_schema_only_field_mapping_conservative,27122,86.2002,83.8844,13.7998,0,heldout,
real_buchwald_hartwig,llambo_warmstart_source_schema_only_field_mapping_noprior,27122,86.2002,83.8844,13.7998,0,heldout,
real_buchwald_hartwig,llambo_warmstart_steric_tpsa_balanced_optimization,27122,76.31,74.156,23.69,0,heldout,
real_buchwald_hartwig,llambo_warmstart_steric_tpsa_balanced_optimization_conservative,27122,76.31,74.156,23.69,0,heldout,
real_buchwald_hartwig,llambo_warmstart_steric_tpsa_balanced_optimization_noprior,27122,76.31,74.156,23.69,0,heldout,
real_buchwald_hartwig,llm_calibrated_selector,27122,96.1323,87.1348,3.8677,0,heldout,llm_semantic_source_alignment_conservative_ligand_mass_noprior
real_buchwald_hartwig,llm_direct_prior_base_strength_solvent_polarity_domain,27122,85.1447,73.4043,14.8553,0,heldout,
real_buchwald_hartwig,llm_direct_prior_base_strength_solvent_polarity_domain_conservative,27122,85.1447,73.1214,14.8553,0,heldout,
real_buchwald_hartwig,llm_direct_prior_base_strength_solvent_polarity_domain_noprior,27122,85.1447,73.4043,14.8553,0,heldout,
real_buchwald_hartwig,llm_direct_prior_counter_source_acid_halide_reversal,27122,79.8724,78.5868,20.1276,0,heldout,
real_buchwald_hartwig,llm_direct_prior_counter_source_acid_halide_reversal_conservative,27122,81.1512,78.8425,18.8488,0,heldout,
real_buchwald_hartwig,llm_direct_prior_counter_source_acid_halide_reversal_noprior,27122,79.8724,78.5868,20.1276,0,heldout,
real_buchwald_hartwig,llm_direct_prior_cross_skill_rule_bank,27122,84.5889,58.7886,15.4111,0,heldout,
real_buchwald_hartwig,llm_direct_prior_halide_reactivity_additive_suppression,27122,84.2019,70.5272,15.7981,0,heldout,
real_buchwald_hartwig,llm_direct_prior_halide_reactivity_additive_suppression_conservative,27122,94.2969,76.5319,5.7031,0,heldout,
real_buchwald_hartwig,llm_direct_prior_halide_reactivity_additive_suppression_noprior,27122,84.2019,70.5272,15.7981,0,heldout,
real_buchwald_hartwig,llm_direct_prior_low_semantic_mass_anchor_heavy,27122,73.8549,68.4718,26.1451,0,heldout,
real_buchwald_hartwig,llm_direct_prior_low_semantic_mass_anchor_heavy_conservative,27122,73.8549,68.4718,26.1451,0,heldout,
real_buchwald_hartwig,llm_direct_prior_low_semantic_mass_anchor_heavy_noprior,27122,73.8549,68.4718,26.1451,0,heldout,
real_buchwald_hartwig,llm_direct_prior_mechanistic_heteroaromatic_halide_synergy,27122,89.5988,72.7119,10.4012,0,heldout,
real_buchwald_hartwig,llm_direct_prior_mechanistic_heteroaromatic_halide_synergy_conservative,27122,94.2969,76.8243,5.7031,0,heldout,
real_buchwald_hartwig,llm_direct_prior_mechanistic_heteroaromatic_halide_synergy_noprior,27122,89.5988,72.7119,10.4012,0,heldout,
real_buchwald_hartwig,llm_direct_prior_selector,27122,79.8724,78.5868,20.1276,0,heldout,llm_direct_prior_counter_source_acid_halide_reversal_noprior
real_buchwald_hartwig,llm_direct_prior_source_alignment_conservative_ligand_mass,27122,95.6759,77.1245,4.3241,0,heldout,
real_buchwald_hartwig,llm_direct_prior_source_alignment_conservative_ligand_mass_conservative,27122,95.6759,77.1245,4.3241,0,heldout,
real_buchwald_hartwig,llm_direct_prior_source_alignment_conservative_ligand_mass_noprior,27122,95.6759,77.1245,4.3241,0,heldout,
real_buchwald_hartwig,llm_direct_prior_source_schema_only_field_mapping,27122,78.7707,71.7003,21.2293,0,heldout,
real_buchwald_hartwig,llm_direct_prior_source_schema_only_field_mapping_conservative,27122,78.7707,71.7003,21.2293,0,heldout,
real_buchwald_hartwig,llm_direct_prior_source_schema_only_field_mapping_noprior,27122,78.7707,71.7003,21.2293,0,heldout,
real_buchwald_hartwig,llm_direct_prior_steric_tpsa_balanced_optimization,27122,79.8724,75.2934,20.1276,0,heldout,
real_buchwald_hartwig,llm_direct_prior_steric_tpsa_balanced_optimization_conservative,27122,81.1512,72.2559,18.8488,0,heldout,
real_buchwald_hartwig,llm_direct_prior_steric_tpsa_balanced_optimization_noprior,27122,79.8724,75.2934,20.1276,0,heldout,
real_buchwald_hartwig,llm_semantic_base_strength_solvent_polarity_domain,27122,62.4486,50.9683,37.5514,0,heldout,
real_buchwald_hartwig,llm_semantic_base_strength_solvent_polarity_domain_conservative,27122,100.0,83.7393,0.0,1,heldout,
real_buchwald_hartwig,llm_semantic_base_strength_solvent_polarity_domain_noprior,27122,92.1197,82.1632,7.8803,0,heldout,
real_buchwald_hartwig,llm_semantic_counter_source_acid_halide_reversal,27122,100.0,86.3367,0.0,1,heldout,
real_buchwald_hartwig,llm_semantic_counter_source_acid_halide_reversal_conservative,27122,95.3865,72.7353,4.6135,0,heldout,
real_buchwald_hartwig,llm_semantic_counter_source_acid_halide_reversal_noprior,27122,93.8745,72.5841,6.1255,0,heldout,
real_buchwald_hartwig,llm_semantic_cross_skill_rule_bank,27122,91.1391,75.1362,8.8609,0,heldout,
real_buchwald_hartwig,llm_semantic_halide_reactivity_additive_suppression,27122,96.1323,94.494,3.8677,0,heldout,
real_buchwald_hartwig,llm_semantic_halide_reactivity_additive_suppression_conservative,27122,96.1323,80.5552,3.8677,0,heldout,
real_buchwald_hartwig,llm_semantic_halide_reactivity_additive_suppression_noprior,27122,96.1323,72.8638,3.8677,0,heldout,
real_buchwald_hartwig,llm_semantic_low_semantic_mass_anchor_heavy,27122,100.0,89.1844,0.0,1,heldout,
real_buchwald_hartwig,llm_semantic_low_semantic_mass_anchor_heavy_conservative,27122,100.0,89.1844,0.0,1,heldout,
real_buchwald_hartwig,llm_semantic_low_semantic_mass_anchor_heavy_noprior,27122,100.0,89.1844,0.0,1,heldout,
real_buchwald_hartwig,llm_semantic_mechanistic_heteroaromatic_halide_synergy,27122,96.1323,83.0695,3.8677,0,heldout,
real_buchwald_hartwig,llm_semantic_mechanistic_heteroaromatic_halide_synergy_conservative,27122,89.6142,76.4779,10.3858,0,heldout,
real_buchwald_hartwig,llm_semantic_mechanistic_heteroaromatic_halide_synergy_noprior,27122,89.6142,81.7659,10.3858,0,heldout,
real_buchwald_hartwig,llm_semantic_source_alignment_conservative_ligand_mass,27122,98.8492,78.4615,1.1508,1,heldout,
real_buchwald_hartwig,llm_semantic_source_alignment_conservative_ligand_mass_conservative,27122,96.1323,87.1348,3.8677,0,heldout,
real_buchwald_hartwig,llm_semantic_source_alignment_conservative_ligand_mass_noprior,27122,96.1323,87.1348,3.8677,0,heldout,
real_buchwald_hartwig,llm_semantic_source_schema_only_field_mapping,27122,90.9905,64.5656,9.0095,0,heldout,
real_buchwald_hartwig,llm_semantic_source_schema_only_field_mapping_conservative,27122,100.0,82.0419,0.0,1,heldout,
real_buchwald_hartwig,llm_semantic_source_schema_only_field_mapping_noprior,27122,100.0,82.0419,0.0,1,heldout,
real_buchwald_hartwig,llm_semantic_steric_tpsa_balanced_optimization,27122,68.4421,59.6734,31.5579,0,heldout,
real_buchwald_hartwig,llm_semantic_steric_tpsa_balanced_optimization_conservative,27122,93.8745,66.957,6.1255,0,heldout,
real_buchwald_hartwig,llm_semantic_steric_tpsa_balanced_optimization_noprior,27122,79.3064,57.9216,20.6936,0,heldout,
real_buchwald_hartwig,mixed_kernel_gp_ei,27122,92.1197,74.651,7.8803,0,heldout,
real_buchwald_hartwig,target_acquisition_portfolio,27122,86.7607,74.1151,13.2393,0,heldout,
real_buchwald_hartwig,care_strategy_router,27123,100.0,95.8911,0.0,1,heldout,llm_direct_prior_counter_source_acid_halide_reversal_noprior
real_buchwald_hartwig,gp_ucb,27123,100.0,95.6714,0.0,1,heldout,
real_buchwald_hartwig,llambo_warmstart_base_strength_solvent_polarity_domain,27123,93.1012,74.0721,6.8988,0,heldout,
real_buchwald_hartwig,llambo_warmstart_base_strength_solvent_polarity_domain_conservative,27123,93.1012,74.0721,6.8988,0,heldout,
real_buchwald_hartwig,llambo_warmstart_base_strength_solvent_polarity_domain_noprior,27123,93.1012,74.0721,6.8988,0,heldout,
real_buchwald_hartwig,llambo_warmstart_counter_source_acid_halide_reversal,27123,84.4243,84.2464,15.5757,0,heldout,
real_buchwald_hartwig,llambo_warmstart_counter_source_acid_halide_reversal_conservative,27123,84.4243,84.2464,15.5757,0,heldout,
real_buchwald_hartwig,llambo_warmstart_counter_source_acid_halide_reversal_noprior,27123,84.4243,84.2464,15.5757,0,heldout,
real_buchwald_hartwig,llambo_warmstart_cross_skill_rule_bank,27123,98.7313,97.3451,1.2687,1,heldout,
real_buchwald_hartwig,llambo_warmstart_halide_reactivity_additive_suppression,27123,87.5291,75.2009,12.4709,0,heldout,
real_buchwald_hartwig,llambo_warmstart_halide_reactivity_additive_suppression_conservative,27123,87.5291,75.2009,12.4709,0,heldout,
real_buchwald_hartwig,llambo_warmstart_halide_reactivity_additive_suppression_noprior,27123,87.5291,75.2009,12.4709,0,heldout,
real_buchwald_hartwig,llambo_warmstart_low_semantic_mass_anchor_heavy,27123,93.0326,92.4954,6.9674,0,heldout,
real_buchwald_hartwig,llambo_warmstart_low_semantic_mass_anchor_heavy_conservative,27123,93.0326,92.4954,6.9674,0,heldout,
real_buchwald_hartwig,llambo_warmstart_low_semantic_mass_anchor_heavy_noprior,27123,93.0326,92.4954,6.9674,0,heldout,
real_buchwald_hartwig,llambo_warmstart_mechanistic_heteroaromatic_halide_synergy,27123,86.7621,83.7604,13.2379,0,heldout,
real_buchwald_hartwig,llambo_warmstart_mechanistic_heteroaromatic_halide_synergy_conservative,27123,86.7621,83.7604,13.2379,0,heldout,
real_buchwald_hartwig,llambo_warmstart_mechanistic_heteroaromatic_halide_synergy_noprior,27123,86.7621,83.7604,13.2379,0,heldout,
real_buchwald_hartwig,llambo_warmstart_selector,27123,98.7313,97.3451,1.2687,1,heldout,llambo_warmstart_cross_skill_rule_bank
real_buchwald_hartwig,llambo_warmstart_source_alignment_conservative_ligand_mass,27123,70.8592,66.8452,29.1408,0,heldout,
real_buchwald_hartwig,llambo_warmstart_source_alignment_conservative_ligand_mass_conservative,27123,70.8592,66.8452,29.1408,0,heldout,
real_buchwald_hartwig,llambo_warmstart_source_alignment_conservative_ligand_mass_noprior,27123,70.8592,66.8452,29.1408,0,heldout,
real_buchwald_hartwig,llambo_warmstart_source_schema_only_field_mapping,27123,45.9052,23.9846,54.0948,0,heldout,
real_buchwald_hartwig,llambo_warmstart_source_schema_only_field_mapping_conservative,27123,45.9052,23.9846,54.0948,0,heldout,
real_buchwald_hartwig,llambo_warmstart_source_schema_only_field_mapping_noprior,27123,45.9052,23.9846,54.0948,0,heldout,
real_buchwald_hartwig,llambo_warmstart_steric_tpsa_balanced_optimization,27123,99.6191,80.0016,0.3809,1,heldout,
real_buchwald_hartwig,llambo_warmstart_steric_tpsa_balanced_optimization_conservative,27123,99.6191,80.0016,0.3809,1,heldout,
real_buchwald_hartwig,llambo_warmstart_steric_tpsa_balanced_optimization_noprior,27123,99.6191,80.0016,0.3809,1,heldout,
real_buchwald_hartwig,llm_calibrated_selector,27123,100.0,96.8796,0.0,1,heldout,llm_semantic_source_alignment_conservative_ligand_mass_noprior
real_buchwald_hartwig,llm_direct_prior_base_strength_solvent_polarity_domain,27123,85.5341,85.5341,14.4659,0,heldout,
real_buchwald_hartwig,llm_direct_prior_base_strength_solvent_polarity_domain_conservative,27123,85.5341,85.5341,14.4659,0,heldout,
real_buchwald_hartwig,llm_direct_prior_base_strength_solvent_polarity_domain_noprior,27123,85.5341,85.5341,14.4659,0,heldout,
real_buchwald_hartwig,llm_direct_prior_counter_source_acid_halide_reversal,27123,100.0,95.8911,0.0,1,heldout,
real_buchwald_hartwig,llm_direct_prior_counter_source_acid_halide_reversal_conservative,27123,97.5685,92.7547,2.4315,1,heldout,
real_buchwald_hartwig,llm_direct_prior_counter_source_acid_halide_reversal_noprior,27123,100.0,95.8911,0.0,1,heldout,
real_buchwald_hartwig,llm_direct_prior_cross_skill_rule_bank,27123,91.0563,86.0863,8.9437,0,heldout,
real_buchwald_hartwig,llm_direct_prior_halide_reactivity_additive_suppression,27123,85.5341,85.5341,14.4659,0,heldout,
real_buchwald_hartwig,llm_direct_prior_halide_reactivity_additive_suppression_conservative,27123,90.3714,88.4365,9.6286,0,heldout,
real_buchwald_hartwig,llm_direct_prior_halide_reactivity_additive_suppression_noprior,27123,85.5341,85.5341,14.4659,0,heldout,
real_buchwald_hartwig,llm_direct_prior_low_semantic_mass_anchor_heavy,27123,85.5341,85.5341,14.4659,0,heldout,
real_buchwald_hartwig,llm_direct_prior_low_semantic_mass_anchor_heavy_conservative,27123,85.5341,85.5341,14.4659,0,heldout,
real_buchwald_hartwig,llm_direct_prior_low_semantic_mass_anchor_heavy_noprior,27123,85.5341,85.5341,14.4659,0,heldout,
real_buchwald_hartwig,llm_direct_prior_mechanistic_heteroaromatic_halide_synergy,27123,93.3108,87.8671,6.6892,0,heldout,
real_buchwald_hartwig,llm_direct_prior_mechanistic_heteroaromatic_halide_synergy_conservative,27123,93.7486,89.1726,6.2514,0,heldout,
real_buchwald_hartwig,llm_direct_prior_mechanistic_heteroaromatic_halide_synergy_noprior,27123,93.3108,87.8671,6.6892,0,heldout,
real_buchwald_hartwig,llm_direct_prior_selector,27123,100.0,95.8911,0.0,1,heldout,llm_direct_prior_counter_source_acid_halide_reversal_noprior
real_buchwald_hartwig,llm_direct_prior_source_alignment_conservative_ligand_mass,27123,97.5685,89.1444,2.4315,1,heldout,
real_buchwald_hartwig,llm_direct_prior_source_alignment_conservative_ligand_mass_conservative,27123,97.5685,89.1444,2.4315,1,heldout,
real_buchwald_hartwig,llm_direct_prior_source_alignment_conservative_ligand_mass_noprior,27123,97.5685,89.1444,2.4315,1,heldout,
real_buchwald_hartwig,llm_direct_prior_source_schema_only_field_mapping,27123,86.6896,85.8807,13.3104,0,heldout,
real_buchwald_hartwig,llm_direct_prior_source_schema_only_field_mapping_conservative,27123,86.6896,85.8807,13.3104,0,heldout,
real_buchwald_hartwig,llm_direct_prior_source_schema_only_field_mapping_noprior,27123,86.6896,85.8807,13.3104,0,heldout,
real_buchwald_hartwig,llm_direct_prior_steric_tpsa_balanced_optimization,27123,85.5341,85.5341,14.4659,0,heldout,
real_buchwald_hartwig,llm_direct_prior_steric_tpsa_balanced_optimization_conservative,27123,85.5341,85.5341,14.4659,0,heldout,
real_buchwald_hartwig,llm_direct_prior_steric_tpsa_balanced_optimization_noprior,27123,85.5341,85.5341,14.4659,0,heldout,
real_buchwald_hartwig,llm_semantic_base_strength_solvent_polarity_domain,27123,90.9905,86.6254,9.0095,0,heldout,
real_buchwald_hartwig,llm_semantic_base_strength_solvent_polarity_domain_conservative,27123,90.9905,88.2623,9.0095,0,heldout,
real_buchwald_hartwig,llm_semantic_base_strength_solvent_polarity_domain_noprior,27123,91.1391,87.7761,8.8609,0,heldout,
real_buchwald_hartwig,llm_semantic_counter_source_acid_halide_reversal,27123,100.0,97.1068,0.0,1,heldout,
real_buchwald_hartwig,llm_semantic_counter_source_acid_halide_reversal_conservative,27123,100.0,97.1068,0.0,1,heldout,
real_buchwald_hartwig,llm_semantic_counter_source_acid_halide_reversal_noprior,27123,100.0,97.1068,0.0,1,heldout,
real_buchwald_hartwig,llm_semantic_cross_skill_rule_bank,27123,100.0,94.3626,0.0,1,heldout,
real_buchwald_hartwig,llm_semantic_halide_reactivity_additive_suppression,27123,100.0,98.5534,0.0,1,heldout,
real_buchwald_hartwig,llm_semantic_halide_reactivity_additive_suppression_conservative,27123,98.1771,94.3842,1.8229,1,heldout,
real_buchwald_hartwig,llm_semantic_halide_reactivity_additive_suppression_noprior,27123,100.0,98.5534,0.0,1,heldout,
real_buchwald_hartwig,llm_semantic_low_semantic_mass_anchor_heavy,27123,93.0995,90.947,6.9005,0,heldout,
real_buchwald_hartwig,llm_semantic_low_semantic_mass_anchor_heavy_conservative,27123,93.0995,90.947,6.9005,0,heldout,
real_buchwald_hartwig,llm_semantic_low_semantic_mass_anchor_heavy_noprior,27123,93.0995,90.947,6.9005,0,heldout,
real_buchwald_hartwig,llm_semantic_mechanistic_heteroaromatic_halide_synergy,27123,100.0,94.7994,0.0,1,heldout,
real_buchwald_hartwig,llm_semantic_mechanistic_heteroaromatic_halide_synergy_conservative,27123,100.0,98.5534,0.0,1,heldout,
real_buchwald_hartwig,llm_semantic_mechanistic_heteroaromatic_halide_synergy_noprior,27123,100.0,94.7994,0.0,1,heldout,
real_buchwald_hartwig,llm_semantic_source_alignment_conservative_ligand_mass,27123,100.0,96.8796,0.0,1,heldout,
real_buchwald_hartwig,llm_semantic_source_alignment_conservative_ligand_mass_conservative,27123,100.0,96.8796,0.0,1,heldout,
real_buchwald_hartwig,llm_semantic_source_alignment_conservative_ligand_mass_noprior,27123,100.0,96.8796,0.0,1,heldout,
real_buchwald_hartwig,llm_semantic_source_schema_only_field_mapping,27123,98.1771,88.8756,1.8229,1,heldout,
real_buchwald_hartwig,llm_semantic_source_schema_only_field_mapping_conservative,27123,98.1771,88.8756,1.8229,1,heldout,
real_buchwald_hartwig,llm_semantic_source_schema_only_field_mapping_noprior,27123,98.1771,88.8756,1.8229,1,heldout,
real_buchwald_hartwig,llm_semantic_steric_tpsa_balanced_optimization,27123,100.0,91.4586,0.0,1,heldout,
real_buchwald_hartwig,llm_semantic_steric_tpsa_balanced_optimization_conservative,27123,100.0,96.2427,0.0,1,heldout,
real_buchwald_hartwig,llm_semantic_steric_tpsa_balanced_optimization_noprior,27123,100.0,96.8796,0.0,1,heldout,
real_buchwald_hartwig,mixed_kernel_gp_ei,27123,98.8492,91.917,1.1508,1,heldout,
real_buchwald_hartwig,target_acquisition_portfolio,27123,100.0,94.5439,0.0,1,heldout,
real_buchwald_hartwig,care_strategy_router,27124,90.2279,81.6304,9.7721,0,heldout,llm_direct_prior_counter_source_acid_halide_reversal_noprior
real_buchwald_hartwig,gp_ucb,27124,96.1323,92.9222,3.8677,0,heldout,
real_buchwald_hartwig,llambo_warmstart_base_strength_solvent_polarity_domain,27124,65.9419,63.5655,34.0581,0,heldout,
real_buchwald_hartwig,llambo_warmstart_base_strength_solvent_polarity_domain_conservative,27124,65.9419,63.5655,34.0581,0,heldout,
real_buchwald_hartwig,llambo_warmstart_base_strength_solvent_polarity_domain_noprior,27124,65.9419,63.5655,34.0581,0,heldout,
real_buchwald_hartwig,llambo_warmstart_counter_source_acid_halide_reversal,27124,95.7526,91.6521,4.2474,0,heldout,
real_buchwald_hartwig,llambo_warmstart_counter_source_acid_halide_reversal_conservative,27124,95.7526,91.6521,4.2474,0,heldout,
real_buchwald_hartwig,llambo_warmstart_counter_source_acid_halide_reversal_noprior,27124,95.7526,91.6521,4.2474,0,heldout,
real_buchwald_hartwig,llambo_warmstart_cross_skill_rule_bank,27124,78.005,78.005,21.995,0,heldout,
real_buchwald_hartwig,llambo_warmstart_halide_reactivity_additive_suppression,27124,100.0,96.9494,0.0,1,heldout,
real_buchwald_hartwig,llambo_warmstart_halide_reactivity_additive_suppression_conservative,27124,100.0,96.9494,0.0,1,heldout,
real_buchwald_hartwig,llambo_warmstart_halide_reactivity_additive_suppression_noprior,27124,100.0,96.9494,0.0,1,heldout,
real_buchwald_hartwig,llambo_warmstart_low_semantic_mass_anchor_heavy,27124,98.8492,76.3656,1.1508,1,heldout,
real_buchwald_hartwig,llambo_warmstart_low_semantic_mass_anchor_heavy_conservative,27124,98.8492,76.3656,1.1508,1,heldout,
real_buchwald_hartwig,llambo_warmstart_low_semantic_mass_anchor_heavy_noprior,27124,98.8492,76.3656,1.1508,1,heldout,
real_buchwald_hartwig,llambo_warmstart_mechanistic_heteroaromatic_halide_synergy,27124,94.5498,93.3897,5.4502,0,heldout,
real_buchwald_hartwig,llambo_warmstart_mechanistic_heteroaromatic_halide_synergy_conservative,27124,94.5498,93.3897,5.4502,0,heldout,
real_buchwald_hartwig,llambo_warmstart_mechanistic_heteroaromatic_halide_synergy_noprior,27124,94.5498,93.3897,5.4502,0,heldout,
real_buchwald_hartwig,llambo_warmstart_selector,27124,78.005,78.005,21.995,0,heldout,llambo_warmstart_cross_skill_rule_bank
real_buchwald_hartwig,llambo_warmstart_source_alignment_conservative_ligand_mass,27124,100.0,97.9198,0.0,1,heldout,
real_buchwald_hartwig,llambo_warmstart_source_alignment_conservative_ligand_mass_conservative,27124,100.0,97.9198,0.0,1,heldout,
real_buchwald_hartwig,llambo_warmstart_source_alignment_conservative_ligand_mass_noprior,27124,100.0,97.9198,0.0,1,heldout,
real_buchwald_hartwig,llambo_warmstart_source_schema_only_field_mapping,27124,98.1771,93.2093,1.8229,1,heldout,
real_buchwald_hartwig,llambo_warmstart_source_schema_only_field_mapping_conservative,27124,98.1771,93.2093,1.8229,1,heldout,
real_buchwald_hartwig,llambo_warmstart_source_schema_only_field_mapping_noprior,27124,98.1771,93.2093,1.8229,1,heldout,
real_buchwald_hartwig,llambo_warmstart_steric_tpsa_balanced_optimization,27124,93.4211,87.5726,6.5789,0,heldout,
real_buchwald_hartwig,llambo_warmstart_steric_tpsa_balanced_optimization_conservative,27124,93.4211,87.5726,6.5789,0,heldout,
real_buchwald_hartwig,llambo_warmstart_steric_tpsa_balanced_optimization_noprior,27124,93.4211,87.5726,6.5789,0,heldout,
real_buchwald_hartwig,llm_calibrated_selector,27124,100.0,79.8594,0.0,1,heldout,llm_semantic_source_alignment_conservative_ligand_mass_noprior
real_buchwald_hartwig,llm_direct_prior_base_strength_solvent_polarity_domain,27124,90.7313,71.2904,9.2687,0,heldout,
real_buchwald_hartwig,llm_direct_prior_base_strength_solvent_polarity_domain_conservative,27124,78.3713,57.3574,21.6287,0,heldout,
real_buchwald_hartwig,llm_direct_prior_base_strength_solvent_polarity_domain_noprior,27124,90.7313,71.2904,9.2687,0,heldout,
real_buchwald_hartwig,llm_direct_prior_counter_source_acid_halide_reversal,27124,90.2279,81.6304,9.7721,0,heldout,
real_buchwald_hartwig,llm_direct_prior_counter_source_acid_halide_reversal_conservative,27124,91.511,80.611,8.489,0,heldout,
real_buchwald_hartwig,llm_direct_prior_counter_source_acid_halide_reversal_noprior,27124,90.2279,81.6304,9.7721,0,heldout,
real_buchwald_hartwig,llm_direct_prior_cross_skill_rule_bank,27124,83.9353,66.6453,16.0647,0,heldout,
real_buchwald_hartwig,llm_direct_prior_halide_reactivity_additive_suppression,27124,90.7313,64.6688,9.2687,0,heldout,
real_buchwald_hartwig,llm_direct_prior_halide_reactivity_additive_suppression_conservative,27124,90.7313,78.4393,9.2687,0,heldout,
real_buchwald_hartwig,llm_direct_prior_halide_reactivity_additive_suppression_noprior,27124,90.7313,64.6688,9.2687,0,heldout,
real_buchwald_hartwig,llm_direct_prior_low_semantic_mass_anchor_heavy,27124,100.0,88.3972,0.0,1,heldout,
real_buchwald_hartwig,llm_direct_prior_low_semantic_mass_anchor_heavy_conservative,27124,100.0,88.3972,0.0,1,heldout,
real_buchwald_hartwig,llm_direct_prior_low_semantic_mass_anchor_heavy_noprior,27124,100.0,88.3972,0.0,1,heldout,
real_buchwald_hartwig,llm_direct_prior_mechanistic_heteroaromatic_halide_synergy,27124,95.129,90.8214,4.871,0,heldout,
real_buchwald_hartwig,llm_direct_prior_mechanistic_heteroaromatic_halide_synergy_conservative,27124,95.129,88.9582,4.871,0,heldout,
real_buchwald_hartwig,llm_direct_prior_mechanistic_heteroaromatic_halide_synergy_noprior,27124,95.129,90.8214,4.871,0,heldout,
real_buchwald_hartwig,llm_direct_prior_selector,27124,90.2279,81.6304,9.7721,0,heldout,llm_direct_prior_counter_source_acid_halide_reversal_noprior
real_buchwald_hartwig,llm_direct_prior_source_alignment_conservative_ligand_mass,27124,91.3733,90.3266,8.6267,0,heldout,
real_buchwald_hartwig,llm_direct_prior_source_alignment_conservative_ligand_mass_conservative,27124,91.3733,90.3266,8.6267,0,heldout,
real_buchwald_hartwig,llm_direct_prior_source_alignment_conservative_ligand_mass_noprior,27124,91.3733,90.3266,8.6267,0,heldout,
real_buchwald_hartwig,llm_direct_prior_source_schema_only_field_mapping,27124,78.7707,74.0142,21.2293,0,heldout,
real_buchwald_hartwig,llm_direct_prior_source_schema_only_field_mapping_conservative,27124,78.7707,74.0142,21.2293,0,heldout,
real_buchwald_hartwig,llm_direct_prior_source_schema_only_field_mapping_noprior,27124,78.7707,74.0142,21.2293,0,heldout,
real_buchwald_hartwig,llm_direct_prior_steric_tpsa_balanced_optimization,27124,76.7953,71.1745,23.2047,0,heldout,
real_buchwald_hartwig,llm_direct_prior_steric_tpsa_balanced_optimization_conservative,27124,86.9711,54.7894,13.0289,0,heldout,
real_buchwald_hartwig,llm_direct_prior_steric_tpsa_balanced_optimization_noprior,27124,76.7953,71.1745,23.2047,0,heldout,
real_buchwald_hartwig,llm_semantic_base_strength_solvent_polarity_domain,27124,54.2458,50.6556,45.7542,0,heldout,
real_buchwald_hartwig,llm_semantic_base_strength_solvent_polarity_domain_conservative,27124,83.9556,65.7865,16.0444,0,heldout,
real_buchwald_hartwig,llm_semantic_base_strength_solvent_polarity_domain_noprior,27124,83.4092,59.8534,16.5908,0,heldout,
real_buchwald_hartwig,llm_semantic_counter_source_acid_halide_reversal,27124,100.0,78.128,0.0,1,heldout,
real_buchwald_hartwig,llm_semantic_counter_source_acid_halide_reversal_conservative,27124,91.4851,65.7757,8.5149,0,heldout,
real_buchwald_hartwig,llm_semantic_counter_source_acid_halide_reversal_noprior,27124,93.0289,59.9456,6.9711,0,heldout,
real_buchwald_hartwig,llm_semantic_cross_skill_rule_bank,27124,89.8977,79.0518,10.1023,0,heldout,
real_buchwald_hartwig,llm_semantic_halide_reactivity_additive_suppression,27124,79.7398,63.2362,20.2602,0,heldout,
real_buchwald_hartwig,llm_semantic_halide_reactivity_additive_suppression_conservative,27124,74.2103,69.4034,25.7897,0,heldout,
real_buchwald_hartwig,llm_semantic_halide_reactivity_additive_suppression_noprior,27124,65.0666,61.493,34.9334,0,heldout,
real_buchwald_hartwig,llm_semantic_low_semantic_mass_anchor_heavy,27124,80.5828,71.8977,19.4172,0,heldout,
real_buchwald_hartwig,llm_semantic_low_semantic_mass_anchor_heavy_conservative,27124,83.1495,74.2778,16.8505,0,heldout,
real_buchwald_hartwig,llm_semantic_low_semantic_mass_anchor_heavy_noprior,27124,83.1495,74.2778,16.8505,0,heldout,
real_buchwald_hartwig,llm_semantic_mechanistic_heteroaromatic_halide_synergy,27124,85.2207,81.0138,14.7793,0,heldout,
real_buchwald_hartwig,llm_semantic_mechanistic_heteroaromatic_halide_synergy_conservative,27124,94.5498,84.0501,5.4502,0,heldout,
real_buchwald_hartwig,llm_semantic_mechanistic_heteroaromatic_halide_synergy_noprior,27124,88.4043,83.754,11.5957,0,heldout,
real_buchwald_hartwig,llm_semantic_source_alignment_conservative_ligand_mass,27124,98.2872,72.4253,1.7128,1,heldout,
real_buchwald_hartwig,llm_semantic_source_alignment_conservative_ligand_mass_conservative,27124,100.0,79.8594,0.0,1,heldout,
real_buchwald_hartwig,llm_semantic_source_alignment_conservative_ligand_mass_noprior,27124,100.0,79.8594,0.0,1,heldout,
real_buchwald_hartwig,llm_semantic_source_schema_only_field_mapping,27124,66.4828,59.2412,33.5172,0,heldout,
real_buchwald_hartwig,llm_semantic_source_schema_only_field_mapping_conservative,27124,89.6142,69.3515,10.3858,0,heldout,
real_buchwald_hartwig,llm_semantic_source_schema_only_field_mapping_noprior,27124,89.6142,69.3515,10.3858,0,heldout,
real_buchwald_hartwig,llm_semantic_steric_tpsa_balanced_optimization,27124,86.1982,85.8072,13.8018,0,heldout,
real_buchwald_hartwig,llm_semantic_steric_tpsa_balanced_optimization_conservative,27124,80.9063,80.9063,19.0937,0,heldout,
real_buchwald_hartwig,llm_semantic_steric_tpsa_balanced_optimization_noprior,27124,85.2207,85.2207,14.7793,0,heldout,
real_buchwald_hartwig,mixed_kernel_gp_ei,27124,83.0547,80.4761,16.9453,0,heldout,
real_buchwald_hartwig,target_acquisition_portfolio,27124,95.0702,81.8473,4.9298,0,heldout,
real_buchwald_hartwig,care_strategy_router,27125,93.4211,83.0655,6.5789,0,heldout,llm_direct_prior_counter_source_acid_halide_reversal_noprior
real_buchwald_hartwig,gp_ucb,27125,85.8123,76.3747,14.1877,0,heldout,
real_buchwald_hartwig,llambo_warmstart_base_strength_solvent_polarity_domain,27125,94.3462,84.4664,5.6538,0,heldout,
real_buchwald_hartwig,llambo_warmstart_base_strength_solvent_polarity_domain_conservative,27125,94.3462,84.4664,5.6538,0,heldout,
real_buchwald_hartwig,llambo_warmstart_base_strength_solvent_polarity_domain_noprior,27125,94.3462,84.4664,5.6538,0,heldout,
real_buchwald_hartwig,llambo_warmstart_counter_source_acid_halide_reversal,27125,86.6896,73.7252,13.3104,0,heldout,
real_buchwald_hartwig,llambo_warmstart_counter_source_acid_halide_reversal_conservative,27125,86.6896,73.7252,13.3104,0,heldout,
real_buchwald_hartwig,llambo_warmstart_counter_source_acid_halide_reversal_noprior,27125,86.6896,73.7252,13.3104,0,heldout,
real_buchwald_hartwig,llambo_warmstart_cross_skill_rule_bank,27125,98.7313,95.6617,1.2687,1,heldout,
real_buchwald_hartwig,llambo_warmstart_halide_reactivity_additive_suppression,27125,100.0,95.3615,0.0,1,heldout,
real_buchwald_hartwig,llambo_warmstart_halide_reactivity_additive_suppression_conservative,27125,100.0,95.3615,0.0,1,heldout,
real_buchwald_hartwig,llambo_warmstart_halide_reactivity_additive_suppression_noprior,27125,100.0,95.3615,0.0,1,heldout,
real_buchwald_hartwig,llambo_warmstart_low_semantic_mass_anchor_heavy,27125,94.3462,85.6901,5.6538,0,heldout,
real_buchwald_hartwig,llambo_warmstart_low_semantic_mass_anchor_heavy_conservative,27125,94.3462,85.6901,5.6538,0,heldout,
real_buchwald_hartwig,llambo_warmstart_low_semantic_mass_anchor_heavy_noprior,27125,94.3462,85.6901,5.6538,0,heldout,
real_buchwald_hartwig,llambo_warmstart_mechanistic_heteroaromatic_halide_synergy,27125,96.5912,93.6279,3.4088,0,heldout,
real_buchwald_hartwig,llambo_warmstart_mechanistic_heteroaromatic_halide_synergy_conservative,27125,96.5912,93.6279,3.4088,0,heldout,
real_buchwald_hartwig,llambo_warmstart_mechanistic_heteroaromatic_halide_synergy_noprior,27125,96.5912,93.6279,3.4088,0,heldout,
real_buchwald_hartwig,llambo_warmstart_selector,27125,98.7313,95.6617,1.2687,1,heldout,llambo_warmstart_cross_skill_rule_bank
real_buchwald_hartwig,llambo_warmstart_source_alignment_conservative_ligand_mass,27125,93.5878,81.998,6.4122,0,heldout,
real_buchwald_hartwig,llambo_warmstart_source_alignment_conservative_ligand_mass_conservative,27125,93.5878,81.998,6.4122,0,heldout,
real_buchwald_hartwig,llambo_warmstart_source_alignment_conservative_ligand_mass_noprior,27125,93.5878,81.998,6.4122,0,heldout,
real_buchwald_hartwig,llambo_warmstart_source_schema_only_field_mapping,27125,86.6997,81.5682,13.3003,0,heldout,
real_buchwald_hartwig,llambo_warmstart_source_schema_only_field_mapping_conservative,27125,86.6997,81.5682,13.3003,0,heldout,
real_buchwald_hartwig,llambo_warmstart_source_schema_only_field_mapping_noprior,27125,86.6997,81.5682,13.3003,0,heldout,
real_buchwald_hartwig,llambo_warmstart_steric_tpsa_balanced_optimization,27125,99.6191,95.4413,0.3809,1,heldout,
real_buchwald_hartwig,llambo_warmstart_steric_tpsa_balanced_optimization_conservative,27125,99.6191,95.4413,0.3809,1,heldout,
real_buchwald_hartwig,llambo_warmstart_steric_tpsa_balanced_optimization_noprior,27125,99.6191,95.4413,0.3809,1,heldout,
real_buchwald_hartwig,llm_calibrated_selector,27125,93.0289,84.1518,6.9711,0,heldout,llm_semantic_source_alignment_conservative_ligand_mass_noprior
real_buchwald_hartwig,llm_direct_prior_base_strength_solvent_polarity_domain,27125,88.4449,88.4449,11.5551,0,heldout,
real_buchwald_hartwig,llm_direct_prior_base_strength_solvent_polarity_domain_conservative,27125,88.4449,86.7328,11.5551,0,heldout,
real_buchwald_hartwig,llm_direct_prior_base_strength_solvent_polarity_domain_noprior,27125,88.4449,88.4449,11.5551,0,heldout,
real_buchwald_hartwig,llm_direct_prior_counter_source_acid_halide_reversal,27125,93.4211,83.0655,6.5789,0,heldout,
real_buchwald_hartwig,llm_direct_prior_counter_source_acid_halide_reversal_conservative,27125,94.3462,83.158,5.6538,0,heldout,
real_buchwald_hartwig,llm_direct_prior_counter_source_acid_halide_reversal_noprior,27125,93.4211,83.0655,6.5789,0,heldout,
real_buchwald_hartwig,llm_direct_prior_cross_skill_rule_bank,27125,86.9711,83.11,13.0289,0,heldout,
real_buchwald_hartwig,llm_direct_prior_halide_reactivity_additive_suppression,27125,86.0034,78.4371,13.9966,0,heldout,
real_buchwald_hartwig,llm_direct_prior_halide_reactivity_additive_suppression_conservative,27125,78.3625,78.3625,21.6375,0,heldout,
real_buchwald_hartwig,llm_direct_prior_halide_reactivity_additive_suppression_noprior,27125,86.0034,78.4371,13.9966,0,heldout,
real_buchwald_hartwig,llm_direct_prior_low_semantic_mass_anchor_heavy,27125,93.4211,81.1527,6.5789,0,heldout,
real_buchwald_hartwig,llm_direct_prior_low_semantic_mass_anchor_heavy_conservative,27125,93.4211,81.1527,6.5789,0,heldout,
real_buchwald_hartwig,llm_direct_prior_low_semantic_mass_anchor_heavy_noprior,27125,93.4211,81.1527,6.5789,0,heldout,
real_buchwald_hartwig,llm_direct_prior_mechanistic_heteroaromatic_halide_synergy,27125,94.3462,80.2988,5.6538,0,heldout,
real_buchwald_hartwig,llm_direct_prior_mechanistic_heteroaromatic_halide_synergy_conservative,27125,88.4449,82.3946,11.5551,0,heldout,
real_buchwald_hartwig,llm_direct_prior_mechanistic_heteroaromatic_halide_synergy_noprior,27125,94.3462,80.2988,5.6538,0,heldout,
real_buchwald_hartwig,llm_direct_prior_selector,27125,93.4211,83.0655,6.5789,0,heldout,llm_direct_prior_counter_source_acid_halide_reversal_noprior
real_buchwald_hartwig,llm_direct_prior_source_alignment_conservative_ligand_mass,27125,78.3625,78.3625,21.6375,0,heldout,
real_buchwald_hartwig,llm_direct_prior_source_alignment_conservative_ligand_mass_conservative,27125,78.3625,78.3625,21.6375,0,heldout,
real_buchwald_hartwig,llm_direct_prior_source_alignment_conservative_ligand_mass_noprior,27125,78.3625,78.3625,21.6375,0,heldout,
real_buchwald_hartwig,llm_direct_prior_source_schema_only_field_mapping,27125,78.3625,74.1395,21.6375,0,heldout,
real_buchwald_hartwig,llm_direct_prior_source_schema_only_field_mapping_conservative,27125,78.3625,74.1395,21.6375,0,heldout,
real_buchwald_hartwig,llm_direct_prior_source_schema_only_field_mapping_noprior,27125,78.3625,74.1395,21.6375,0,heldout,
real_buchwald_hartwig,llm_direct_prior_steric_tpsa_balanced_optimization,27125,71.3241,71.3241,28.6759,0,heldout,
real_buchwald_hartwig,llm_direct_prior_steric_tpsa_balanced_optimization_conservative,27125,76.3373,72.8281,23.6627,0,heldout,
real_buchwald_hartwig,llm_direct_prior_steric_tpsa_balanced_optimization_noprior,27125,71.3241,71.3241,28.6759,0,heldout,
real_buchwald_hartwig,llm_semantic_base_strength_solvent_polarity_domain,27125,83.7372,80.0133,16.2628,0,heldout,
real_buchwald_hartwig,llm_semantic_base_strength_solvent_polarity_domain_conservative,27125,74.0097,72.8647,25.9903,0,heldout,
real_buchwald_hartwig,llm_semantic_base_strength_solvent_polarity_domain_noprior,27125,74.0474,72.9581,25.9526,0,heldout,
real_buchwald_hartwig,llm_semantic_counter_source_acid_halide_reversal,27125,74.0474,72.6056,25.9526,0,heldout,
real_buchwald_hartwig,llm_semantic_counter_source_acid_halide_reversal_conservative,27125,78.005,72.6675,21.995,0,heldout,
real_buchwald_hartwig,llm_semantic_counter_source_acid_halide_reversal_noprior,27125,74.0474,72.878,25.9526,0,heldout,
real_buchwald_hartwig,llm_semantic_cross_skill_rule_bank,27125,74.0097,73.1755,25.9903,0,heldout,
real_buchwald_hartwig,llm_semantic_halide_reactivity_additive_suppression,27125,71.3241,71.3241,28.6759,0,heldout,
real_buchwald_hartwig,llm_semantic_halide_reactivity_additive_suppression_conservative,27125,78.005,74.6712,21.995,0,heldout,
real_buchwald_hartwig,llm_semantic_halide_reactivity_additive_suppression_noprior,27125,71.3241,71.3241,28.6759,0,heldout,
real_buchwald_hartwig,llm_semantic_low_semantic_mass_anchor_heavy,27125,84.602,73.4576,15.398,0,heldout,
real_buchwald_hartwig,llm_semantic_low_semantic_mass_anchor_heavy_conservative,27125,78.005,74.5402,21.995,0,heldout,
real_buchwald_hartwig,llm_semantic_low_semantic_mass_anchor_heavy_noprior,27125,78.005,74.5402,21.995,0,heldout,
real_buchwald_hartwig,llm_semantic_mechanistic_heteroaromatic_halide_synergy,27125,93.0289,78.556,6.9711,0,heldout,
real_buchwald_hartwig,llm_semantic_mechanistic_heteroaromatic_halide_synergy_conservative,27125,87.902,77.6219,12.098,0,heldout,
real_buchwald_hartwig,llm_semantic_mechanistic_heteroaromatic_halide_synergy_noprior,27125,84.602,77.955,15.398,0,heldout,
real_buchwald_hartwig,llm_semantic_source_alignment_conservative_ligand_mass,27125,80.6006,78.5863,19.3994,0,heldout,
real_buchwald_hartwig,llm_semantic_source_alignment_conservative_ligand_mass_conservative,27125,93.0289,84.1518,6.9711,0,heldout,
real_buchwald_hartwig,llm_semantic_source_alignment_conservative_ligand_mass_noprior,27125,93.0289,84.1518,6.9711,0,heldout,
real_buchwald_hartwig,llm_semantic_source_schema_only_field_mapping,27125,79.3465,74.7786,20.6535,0,heldout,
real_buchwald_hartwig,llm_semantic_source_schema_only_field_mapping_conservative,27125,83.7372,79.0676,16.2628,0,heldout,
real_buchwald_hartwig,llm_semantic_source_schema_only_field_mapping_noprior,27125,83.7372,79.0676,16.2628,0,heldout,
real_buchwald_hartwig,llm_semantic_steric_tpsa_balanced_optimization,27125,76.7953,72.9655,23.2047,0,heldout,
real_buchwald_hartwig,llm_semantic_steric_tpsa_balanced_optimization_conservative,27125,74.0097,73.4726,25.9903,0,heldout,
real_buchwald_hartwig,llm_semantic_steric_tpsa_balanced_optimization_noprior,27125,74.0474,72.9581,25.9526,0,heldout,
real_buchwald_hartwig,mixed_kernel_gp_ei,27125,76.7373,73.4894,23.2627,0,heldout,
real_buchwald_hartwig,target_acquisition_portfolio,27125,85.8123,77.2822,14.1877,0,heldout,
real_buchwald_hartwig,care_strategy_router,27126,93.0289,86.6578,6.9711,0,heldout,llm_direct_prior_counter_source_acid_halide_reversal_noprior
real_buchwald_hartwig,gp_ucb,27126,94.5498,89.1922,5.4502,0,heldout,
real_buchwald_hartwig,llambo_warmstart_base_strength_solvent_polarity_domain,27126,98.2872,78.4162,1.7128,1,heldout,
real_buchwald_hartwig,llambo_warmstart_base_strength_solvent_polarity_domain_conservative,27126,98.2872,78.4162,1.7128,1,heldout,
real_buchwald_hartwig,llambo_warmstart_base_strength_solvent_polarity_domain_noprior,27126,98.2872,78.4162,1.7128,1,heldout,
real_buchwald_hartwig,llambo_warmstart_counter_source_acid_halide_reversal,27126,98.7313,93.4119,1.2687,1,heldout,
real_buchwald_hartwig,llambo_warmstart_counter_source_acid_halide_reversal_conservative,27126,98.7313,93.4119,1.2687,1,heldout,
real_buchwald_hartwig,llambo_warmstart_counter_source_acid_halide_reversal_noprior,27126,98.7313,93.4119,1.2687,1,heldout,
real_buchwald_hartwig,llambo_warmstart_cross_skill_rule_bank,27126,94.8799,88.242,5.1201,0,heldout,
real_buchwald_hartwig,llambo_warmstart_halide_reactivity_additive_suppression,27126,79.7664,68.2704,20.2336,0,heldout,
real_buchwald_hartwig,llambo_warmstart_halide_reactivity_additive_suppression_conservative,27126,79.7664,68.2704,20.2336,0,heldout,
real_buchwald_hartwig,llambo_warmstart_halide_reactivity_additive_suppression_noprior,27126,79.7664,68.2704,20.2336,0,heldout,
real_buchwald_hartwig,llambo_warmstart_low_semantic_mass_anchor_heavy,27126,93.4211,89.4734,6.5789,0,heldout,
real_buchwald_hartwig,llambo_warmstart_low_semantic_mass_anchor_heavy_conservative,27126,93.4211,89.4734,6.5789,0,heldout,
real_buchwald_hartwig,llambo_warmstart_low_semantic_mass_anchor_heavy_noprior,27126,93.4211,89.4734,6.5789,0,heldout,
real_buchwald_hartwig,llambo_warmstart_mechanistic_heteroaromatic_halide_synergy,27126,94.3462,85.6209,5.6538,0,heldout,
real_buchwald_hartwig,llambo_warmstart_mechanistic_heteroaromatic_halide_synergy_conservative,27126,94.3462,85.6209,5.6538,0,heldout,
real_buchwald_hartwig,llambo_warmstart_mechanistic_heteroaromatic_halide_synergy_noprior,27126,94.3462,85.6209,5.6538,0,heldout,
real_buchwald_hartwig,llambo_warmstart_selector,27126,94.8799,88.242,5.1201,0,heldout,llambo_warmstart_cross_skill_rule_bank
real_buchwald_hartwig,llambo_warmstart_source_alignment_conservative_ligand_mass,27126,79.7664,66.3013,20.2336,0,heldout,
real_buchwald_hartwig,llambo_warmstart_source_alignment_conservative_ligand_mass_conservative,27126,79.7664,66.3013,20.2336,0,heldout,
real_buchwald_hartwig,llambo_warmstart_source_alignment_conservative_ligand_mass_noprior,27126,79.7664,66.3013,20.2336,0,heldout,
real_buchwald_hartwig,llambo_warmstart_source_schema_only_field_mapping,27126,88.5139,75.1925,11.4861,0,heldout,
real_buchwald_hartwig,llambo_warmstart_source_schema_only_field_mapping_conservative,27126,88.5139,75.1925,11.4861,0,heldout,
real_buchwald_hartwig,llambo_warmstart_source_schema_only_field_mapping_noprior,27126,88.5139,75.1925,11.4861,0,heldout,
real_buchwald_hartwig,llambo_warmstart_steric_tpsa_balanced_optimization,27126,100.0,90.7826,0.0,1,heldout,
real_buchwald_hartwig,llambo_warmstart_steric_tpsa_balanced_optimization_conservative,27126,100.0,90.7826,0.0,1,heldout,
real_buchwald_hartwig,llambo_warmstart_steric_tpsa_balanced_optimization_noprior,27126,100.0,90.7826,0.0,1,heldout,
real_buchwald_hartwig,llm_calibrated_selector,27126,98.2872,93.9574,1.7128,1,heldout,llm_semantic_source_alignment_conservative_ligand_mass_noprior
real_buchwald_hartwig,llm_direct_prior_base_strength_solvent_polarity_domain,27126,83.7372,78.1394,16.2628,0,heldout,
real_buchwald_hartwig,llm_direct_prior_base_strength_solvent_polarity_domain_conservative,27126,90.7313,86.5339,9.2687,0,heldout,
real_buchwald_hartwig,llm_direct_prior_base_strength_solvent_polarity_domain_noprior,27126,83.7372,78.1394,16.2628,0,heldout,
real_buchwald_hartwig,llm_direct_prior_counter_source_acid_halide_reversal,27126,93.0289,86.6578,6.9711,0,heldout,
real_buchwald_hartwig,llm_direct_prior_counter_source_acid_halide_reversal_conservative,27126,93.0289,86.3905,6.9711,0,heldout,
real_buchwald_hartwig,llm_direct_prior_counter_source_acid_halide_reversal_noprior,27126,93.0289,86.6578,6.9711,0,heldout,
real_buchwald_hartwig,llm_direct_prior_cross_skill_rule_bank,27126,90.7313,87.933,9.2687,0,heldout,
real_buchwald_hartwig,llm_direct_prior_halide_reactivity_additive_suppression,27126,86.0034,79.2923,13.9966,0,heldout,
real_buchwald_hartwig,llm_direct_prior_halide_reactivity_additive_suppression_conservative,27126,90.7313,89.3322,9.2687,0,heldout,
real_buchwald_hartwig,llm_direct_prior_halide_reactivity_additive_suppression_noprior,27126,86.0034,79.2923,13.9966,0,heldout,
real_buchwald_hartwig,llm_direct_prior_low_semantic_mass_anchor_heavy,27126,91.6984,87.827,8.3016,0,heldout,
real_buchwald_hartwig,llm_direct_prior_low_semantic_mass_anchor_heavy_conservative,27126,91.6984,87.827,8.3016,0,heldout,
real_buchwald_hartwig,llm_direct_prior_low_semantic_mass_anchor_heavy_noprior,27126,91.6984,87.827,8.3016,0,heldout,
real_buchwald_hartwig,llm_direct_prior_mechanistic_heteroaromatic_halide_synergy,27126,92.127,83.0405,7.873,0,heldout,
real_buchwald_hartwig,llm_direct_prior_mechanistic_heteroaromatic_halide_synergy_conservative,27126,93.4211,88.568,6.5789,0,heldout,
real_buchwald_hartwig,llm_direct_prior_mechanistic_heteroaromatic_halide_synergy_noprior,27126,92.127,83.0405,7.873,0,heldout,
real_buchwald_hartwig,llm_direct_prior_selector,27126,93.0289,86.6578,6.9711,0,heldout,llm_direct_prior_counter_source_acid_halide_reversal_noprior
real_buchwald_hartwig,llm_direct_prior_source_alignment_conservative_ligand_mass,27126,93.4211,90.3277,6.5789,0,heldout,
real_buchwald_hartwig,llm_direct_prior_source_alignment_conservative_ligand_mass_conservative,27126,93.4211,90.3277,6.5789,0,heldout,
real_buchwald_hartwig,llm_direct_prior_source_alignment_conservative_ligand_mass_noprior,27126,93.4211,90.3277,6.5789,0,heldout,
real_buchwald_hartwig,llm_direct_prior_source_schema_only_field_mapping,27126,76.7399,76.7399,23.2601,0,heldout,
real_buchwald_hartwig,llm_direct_prior_source_schema_only_field_mapping_conservative,27126,76.7399,76.7399,23.2601,0,heldout,
real_buchwald_hartwig,llm_direct_prior_source_schema_only_field_mapping_noprior,27126,76.7399,76.7399,23.2601,0,heldout,
real_buchwald_hartwig,llm_direct_prior_steric_tpsa_balanced_optimization,27126,76.7399,76.7399,23.2601,0,heldout,
real_buchwald_hartwig,llm_direct_prior_steric_tpsa_balanced_optimization_conservative,27126,77.7868,77.054,22.2132,0,heldout,
real_buchwald_hartwig,llm_direct_prior_steric_tpsa_balanced_optimization_noprior,27126,76.7399,76.7399,23.2601,0,heldout,
real_buchwald_hartwig,llm_semantic_base_strength_solvent_polarity_domain,27126,92.659,83.6958,7.341,0,heldout,
real_buchwald_hartwig,llm_semantic_base_strength_solvent_polarity_domain_conservative,27126,91.6984,84.3447,8.3016,0,heldout,
real_buchwald_hartwig,llm_semantic_base_strength_solvent_polarity_domain_noprior,27126,83.9556,78.9046,16.0444,0,heldout,
real_buchwald_hartwig,llm_semantic_counter_source_acid_halide_reversal,27126,92.659,83.8753,7.341,0,heldout,
real_buchwald_hartwig,llm_semantic_counter_source_acid_halide_reversal_conservative,27126,86.7621,83.3781,13.2379,0,heldout,
real_buchwald_hartwig,llm_semantic_counter_source_acid_halide_reversal_noprior,27126,84.4027,82.8701,15.5973,0,heldout,
real_buchwald_hartwig,llm_semantic_cross_skill_rule_bank,27126,98.2872,81.2438,1.7128,1,heldout,
real_buchwald_hartwig,llm_semantic_halide_reactivity_additive_suppression,27126,92.127,82.8947,7.873,0,heldout,
real_buchwald_hartwig,llm_semantic_halide_reactivity_additive_suppression_conservative,27126,94.5498,91.3174,5.4502,0,heldout,
real_buchwald_hartwig,llm_semantic_halide_reactivity_additive_suppression_noprior,27126,92.127,87.2537,7.873,0,heldout,
real_buchwald_hartwig,llm_semantic_low_semantic_mass_anchor_heavy,27126,83.9556,83.9556,16.0444,0,heldout,
real_buchwald_hartwig,llm_semantic_low_semantic_mass_anchor_heavy_conservative,27126,93.0289,89.6748,6.9711,0,heldout,
real_buchwald_hartwig,llm_semantic_low_semantic_mass_anchor_heavy_noprior,27126,93.0289,89.6748,6.9711,0,heldout,
real_buchwald_hartwig,llm_semantic_mechanistic_heteroaromatic_halide_synergy,27126,93.5641,90.6922,6.4359,0,heldout,
real_buchwald_hartwig,llm_semantic_mechanistic_heteroaromatic_halide_synergy_conservative,27126,92.3912,88.0692,7.6088,0,heldout,
real_buchwald_hartwig,llm_semantic_mechanistic_heteroaromatic_halide_synergy_noprior,27126,86.7926,82.7715,13.2074,0,heldout,
real_buchwald_hartwig,llm_semantic_source_alignment_conservative_ligand_mass,27126,98.2872,92.8295,1.7128,1,heldout,
real_buchwald_hartwig,llm_semantic_source_alignment_conservative_ligand_mass_conservative,27126,98.2872,93.9574,1.7128,1,heldout,
real_buchwald_hartwig,llm_semantic_source_alignment_conservative_ligand_mass_noprior,27126,98.2872,93.9574,1.7128,1,heldout,
real_buchwald_hartwig,llm_semantic_source_schema_only_field_mapping,27126,86.7926,80.761,13.2074,0,heldout,
real_buchwald_hartwig,llm_semantic_source_schema_only_field_mapping_conservative,27126,85.2207,83.8,14.7793,0,heldout,
real_buchwald_hartwig,llm_semantic_source_schema_only_field_mapping_noprior,27126,84.4027,83.6364,15.5973,0,heldout,
real_buchwald_hartwig,llm_semantic_steric_tpsa_balanced_optimization,27126,98.2872,89.1939,1.7128,1,heldout,
real_buchwald_hartwig,llm_semantic_steric_tpsa_balanced_optimization_conservative,27126,98.2872,90.7264,1.7128,1,heldout,
real_buchwald_hartwig,llm_semantic_steric_tpsa_balanced_optimization_noprior,27126,98.2872,87.8018,1.7128,1,heldout,
real_buchwald_hartwig,mixed_kernel_gp_ei,27126,94.501,87.3966,5.499,0,heldout,
real_buchwald_hartwig,target_acquisition_portfolio,27126,94.5498,89.1922,5.4502,0,heldout,
real_buchwald_hartwig,care_strategy_router,27127,85.4018,80.3927,14.5982,0,heldout,llm_direct_prior_counter_source_acid_halide_reversal_noprior
real_buchwald_hartwig,gp_ucb,27127,75.3836,75.3836,24.6164,0,heldout,
real_buchwald_hartwig,llambo_warmstart_base_strength_solvent_polarity_domain,27127,94.5498,86.4051,5.4502,0,heldout,
real_buchwald_hartwig,llambo_warmstart_base_strength_solvent_polarity_domain_conservative,27127,94.5498,86.4051,5.4502,0,heldout,
real_buchwald_hartwig,llambo_warmstart_base_strength_solvent_polarity_domain_noprior,27127,94.5498,86.4051,5.4502,0,heldout,
real_buchwald_hartwig,llambo_warmstart_counter_source_acid_halide_reversal,27127,98.1771,94.5151,1.8229,1,heldout,
real_buchwald_hartwig,llambo_warmstart_counter_source_acid_halide_reversal_conservative,27127,98.1771,94.5151,1.8229,1,heldout,
real_buchwald_hartwig,llambo_warmstart_counter_source_acid_halide_reversal_noprior,27127,98.1771,94.5151,1.8229,1,heldout,
real_buchwald_hartwig,llambo_warmstart_cross_skill_rule_bank,27127,85.4018,83.7003,14.5982,0,heldout,
real_buchwald_hartwig,llambo_warmstart_halide_reactivity_additive_suppression,27127,93.1012,90.4522,6.8988,0,heldout,
real_buchwald_hartwig,llambo_warmstart_halide_reactivity_additive_suppression_conservative,27127,93.1012,90.4522,6.8988,0,heldout,
real_buchwald_hartwig,llambo_warmstart_halide_reactivity_additive_suppression_noprior,27127,93.1012,90.4522,6.8988,0,heldout,
real_buchwald_hartwig,llambo_warmstart_low_semantic_mass_anchor_heavy,27127,92.3912,68.2271,7.6088,0,heldout,
real_buchwald_hartwig,llambo_warmstart_low_semantic_mass_anchor_heavy_conservative,27127,92.3912,68.2271,7.6088,0,heldout,
real_buchwald_hartwig,llambo_warmstart_low_semantic_mass_anchor_heavy_noprior,27127,92.3912,68.2271,7.6088,0,heldout,
real_buchwald_hartwig,llambo_warmstart_mechanistic_heteroaromatic_halide_synergy,27127,93.0326,83.46,6.9674,0,heldout,
real_buchwald_hartwig,llambo_warmstart_mechanistic_heteroaromatic_halide_synergy_conservative,27127,93.0326,83.46,6.9674,0,heldout,
real_buchwald_hartwig,llambo_warmstart_mechanistic_heteroaromatic_halide_synergy_noprior,27127,93.0326,83.46,6.9674,0,heldout,
real_buchwald_hartwig,llambo_warmstart_selector,27127,85.4018,83.7003,14.5982,0,heldout,llambo_warmstart_cross_skill_rule_bank
real_buchwald_hartwig,llambo_warmstart_source_alignment_conservative_ligand_mass,27127,94.2969,74.6523,5.7031,0,heldout,
real_buchwald_hartwig,llambo_warmstart_source_alignment_conservative_ligand_mass_conservative,27127,94.2969,74.6523,5.7031,0,heldout,
real_buchwald_hartwig,llambo_warmstart_source_alignment_conservative_ligand_mass_noprior,27127,94.2969,74.6523,5.7031,0,heldout,
real_buchwald_hartwig,llambo_warmstart_source_schema_only_field_mapping,27127,78.7679,77.5389,21.2321,0,heldout,
real_buchwald_hartwig,llambo_warmstart_source_schema_only_field_mapping_conservative,27127,78.7679,77.5389,21.2321,0,heldout,
real_buchwald_hartwig,llambo_warmstart_source_schema_only_field_mapping_noprior,27127,78.7679,77.5389,21.2321,0,heldout,
real_buchwald_hartwig,llambo_warmstart_steric_tpsa_balanced_optimization,27127,86.4971,80.5152,13.5029,0,heldout,
real_buchwald_hartwig,llambo_warmstart_steric_tpsa_balanced_optimization_conservative,27127,86.4971,80.5152,13.5029,0,heldout,
real_buchwald_hartwig,llambo_warmstart_steric_tpsa_balanced_optimization_noprior,27127,86.4971,80.5152,13.5029,0,heldout,
real_buchwald_hartwig,llm_calibrated_selector,27127,75.3836,75.3836,24.6164,0,heldout,llm_semantic_source_alignment_conservative_ligand_mass_noprior
real_buchwald_hartwig,llm_direct_prior_base_strength_solvent_polarity_domain,27127,90.7313,80.0441,9.2687,0,heldout,
real_buchwald_hartwig,llm_direct_prior_base_strength_solvent_polarity_domain_conservative,27127,92.2093,78.2516,7.7907,0,heldout,
real_buchwald_hartwig,llm_direct_prior_base_strength_solvent_polarity_domain_noprior,27127,90.7313,80.0441,9.2687,0,heldout,
real_buchwald_hartwig,llm_direct_prior_counter_source_acid_halide_reversal,27127,85.4018,80.3927,14.5982,0,heldout,
real_buchwald_hartwig,llm_direct_prior_counter_source_acid_halide_reversal_conservative,27127,85.4018,80.3927,14.5982,0,heldout,
real_buchwald_hartwig,llm_direct_prior_counter_source_acid_halide_reversal_noprior,27127,85.4018,80.3927,14.5982,0,heldout,
real_buchwald_hartwig,llm_direct_prior_cross_skill_rule_bank,27127,78.3625,76.5619,21.6375,0,heldout,
real_buchwald_hartwig,llm_direct_prior_halide_reactivity_additive_suppression,27127,75.3836,75.3836,24.6164,0,heldout,
real_buchwald_hartwig,llm_direct_prior_halide_reactivity_additive_suppression_conservative,27127,75.3836,75.3836,24.6164,0,heldout,
real_buchwald_hartwig,llm_direct_prior_halide_reactivity_additive_suppression_noprior,27127,75.3836,75.3836,24.6164,0,heldout,
real_buchwald_hartwig,llm_direct_prior_low_semantic_mass_anchor_heavy,27127,89.5592,82.5661,10.4408,0,heldout,
real_buchwald_hartwig,llm_direct_prior_low_semantic_mass_anchor_heavy_conservative,27127,89.5592,82.5661,10.4408,0,heldout,
real_buchwald_hartwig,llm_direct_prior_low_semantic_mass_anchor_heavy_noprior,27127,89.5592,82.5661,10.4408,0,heldout,
real_buchwald_hartwig,llm_direct_prior_mechanistic_heteroaromatic_halide_synergy,27127,86.7862,83.5789,13.2138,0,heldout,
real_buchwald_hartwig,llm_direct_prior_mechanistic_heteroaromatic_halide_synergy_conservative,27127,91.6524,80.0006,8.3476,0,heldout,
real_buchwald_hartwig,llm_direct_prior_mechanistic_heteroaromatic_halide_synergy_noprior,27127,86.7862,83.5789,13.2138,0,heldout,
real_buchwald_hartwig,llm_direct_prior_selector,27127,85.4018,80.3927,14.5982,0,heldout,llm_direct_prior_counter_source_acid_halide_reversal_noprior
real_buchwald_hartwig,llm_direct_prior_source_alignment_conservative_ligand_mass,27127,75.3836,75.3836,24.6164,0,heldout,
real_buchwald_hartwig,llm_direct_prior_source_alignment_conservative_ligand_mass_conservative,27127,75.3836,75.3836,24.6164,0,heldout,
real_buchwald_hartwig,llm_direct_prior_source_alignment_conservative_ligand_mass_noprior,27127,75.3836,75.3836,24.6164,0,heldout,
real_buchwald_hartwig,llm_direct_prior_source_schema_only_field_mapping,27127,75.3836,75.3836,24.6164,0,heldout,
real_buchwald_hartwig,llm_direct_prior_source_schema_only_field_mapping_conservative,27127,75.3836,75.3836,24.6164,0,heldout,
real_buchwald_hartwig,llm_direct_prior_source_schema_only_field_mapping_noprior,27127,75.3836,75.3836,24.6164,0,heldout,
real_buchwald_hartwig,llm_direct_prior_steric_tpsa_balanced_optimization,27127,76.2169,75.7169,23.7831,0,heldout,
real_buchwald_hartwig,llm_direct_prior_steric_tpsa_balanced_optimization_conservative,27127,75.3836,75.3836,24.6164,0,heldout,
real_buchwald_hartwig,llm_direct_prior_steric_tpsa_balanced_optimization_noprior,27127,76.2169,75.7169,23.7831,0,heldout,
real_buchwald_hartwig,llm_semantic_base_strength_solvent_polarity_domain,27127,83.0165,77.3065,16.9835,0,heldout,
real_buchwald_hartwig,llm_semantic_base_strength_solvent_polarity_domain_conservative,27127,78.2963,78.005,21.7037,0,heldout,
real_buchwald_hartwig,llm_semantic_base_strength_solvent_polarity_domain_noprior,27127,75.3836,75.3836,24.6164,0,heldout,
real_buchwald_hartwig,llm_semantic_counter_source_acid_halide_reversal,27127,79.3465,77.365,20.6535,0,heldout,
real_buchwald_hartwig,llm_semantic_counter_source_acid_halide_reversal_conservative,27127,75.3836,75.3836,24.6164,0,heldout,
real_buchwald_hartwig,llm_semantic_counter_source_acid_halide_reversal_noprior,27127,77.5468,76.8978,22.4532,0,heldout,
real_buchwald_hartwig,llm_semantic_cross_skill_rule_bank,27127,88.5139,77.8784,11.4861,0,heldout,
real_buchwald_hartwig,llm_semantic_halide_reactivity_additive_suppression,27127,89.6142,83.4892,10.3858,0,heldout,
real_buchwald_hartwig,llm_semantic_halide_reactivity_additive_suppression_conservative,27127,75.3836,75.3836,24.6164,0,heldout,
real_buchwald_hartwig,llm_semantic_halide_reactivity_additive_suppression_noprior,27127,91.1391,82.1168,8.8609,0,heldout,
real_buchwald_hartwig,llm_semantic_low_semantic_mass_anchor_heavy,27127,75.3836,75.3836,24.6164,0,heldout,
real_buchwald_hartwig,llm_semantic_low_semantic_mass_anchor_heavy_conservative,27127,75.3836,75.3836,24.6164,0,heldout,
real_buchwald_hartwig,llm_semantic_low_semantic_mass_anchor_heavy_noprior,27127,75.3836,75.3836,24.6164,0,heldout,
real_buchwald_hartwig,llm_semantic_mechanistic_heteroaromatic_halide_synergy,27127,89.6142,77.7072,10.3858,0,heldout,
real_buchwald_hartwig,llm_semantic_mechanistic_heteroaromatic_halide_synergy_conservative,27127,75.3836,75.3836,24.6164,0,heldout,
real_buchwald_hartwig,llm_semantic_mechanistic_heteroaromatic_halide_synergy_noprior,27127,89.6142,80.7994,10.3858,0,heldout,
real_buchwald_hartwig,llm_semantic_source_alignment_conservative_ligand_mass,27127,75.3836,75.3836,24.6164,0,heldout,
real_buchwald_hartwig,llm_semantic_source_alignment_conservative_ligand_mass_conservative,27127,75.3836,75.3836,24.6164,0,heldout,
real_buchwald_hartwig,llm_semantic_source_alignment_conservative_ligand_mass_noprior,27127,75.3836,75.3836,24.6164,0,heldout,
real_buchwald_hartwig,llm_semantic_source_schema_only_field_mapping,27127,75.3836,75.3836,24.6164,0,heldout,
real_buchwald_hartwig,llm_semantic_source_schema_only_field_mapping_conservative,27127,75.3836,75.3836,24.6164,0,heldout,
real_buchwald_hartwig,llm_semantic_source_schema_only_field_mapping_noprior,27127,75.3836,75.3836,24.6164,0,heldout,
real_buchwald_hartwig,llm_semantic_steric_tpsa_balanced_optimization,27127,75.7358,75.7006,24.2642,0,heldout,
real_buchwald_hartwig,llm_semantic_steric_tpsa_balanced_optimization_conservative,27127,77.5468,76.8978,22.4532,0,heldout,
real_buchwald_hartwig,llm_semantic_steric_tpsa_balanced_optimization_noprior,27127,75.7358,75.6654,24.2642,0,heldout,
real_buchwald_hartwig,mixed_kernel_gp_ei,27127,75.3836,75.3836,24.6164,0,heldout,
real_buchwald_hartwig,target_acquisition_portfolio,27127,75.3836,75.3836,24.6164,0,heldout,
real_buchwald_hartwig,care_strategy_router,27128,92.127,68.8247,7.873,0,heldout,llm_direct_prior_counter_source_acid_halide_reversal_noprior
real_buchwald_hartwig,gp_ucb,27128,86.7926,58.8029,13.2074,0,heldout,
real_buchwald_hartwig,llambo_warmstart_base_strength_solvent_polarity_domain,27128,74.9705,66.6767,25.0295,0,heldout,
real_buchwald_hartwig,llambo_warmstart_base_strength_solvent_polarity_domain_conservative,27128,74.9705,66.6767,25.0295,0,heldout,
real_buchwald_hartwig,llambo_warmstart_base_strength_solvent_polarity_domain_noprior,27128,74.9705,66.6767,25.0295,0,heldout,
real_buchwald_hartwig,llambo_warmstart_counter_source_acid_halide_reversal,27128,93.5878,91.1265,6.4122,0,heldout,
real_buchwald_hartwig,llambo_warmstart_counter_source_acid_halide_reversal_conservative,27128,93.5878,91.1265,6.4122,0,heldout,
real_buchwald_hartwig,llambo_warmstart_counter_source_acid_halide_reversal_noprior,27128,93.5878,91.1265,6.4122,0,heldout,
real_buchwald_hartwig,llambo_warmstart_cross_skill_rule_bank,27128,93.3108,90.6064,6.6892,0,heldout,
real_buchwald_hartwig,llambo_warmstart_halide_reactivity_additive_suppression,27128,99.0345,96.4742,0.9655,1,heldout,
real_buchwald_hartwig,llambo_warmstart_halide_reactivity_additive_suppression_conservative,27128,99.0345,96.4742,0.9655,1,heldout,
real_buchwald_hartwig,llambo_warmstart_halide_reactivity_additive_suppression_noprior,27128,99.0345,96.4742,0.9655,1,heldout,
real_buchwald_hartwig,llambo_warmstart_low_semantic_mass_anchor_heavy,27128,91.511,76.9186,8.489,0,heldout,
real_buchwald_hartwig,llambo_warmstart_low_semantic_mass_anchor_heavy_conservative,27128,91.511,76.9186,8.489,0,heldout,
real_buchwald_hartwig,llambo_warmstart_low_semantic_mass_anchor_heavy_noprior,27128,91.511,76.9186,8.489,0,heldout,
real_buchwald_hartwig,llambo_warmstart_mechanistic_heteroaromatic_halide_synergy,27128,89.8977,78.7938,10.1023,0,heldout,
real_buchwald_hartwig,llambo_warmstart_mechanistic_heteroaromatic_halide_synergy_conservative,27128,89.8977,78.7938,10.1023,0,heldout,
real_buchwald_hartwig,llambo_warmstart_mechanistic_heteroaromatic_halide_synergy_noprior,27128,89.8977,78.7938,10.1023,0,heldout,
real_buchwald_hartwig,llambo_warmstart_selector,27128,93.3108,90.6064,6.6892,0,heldout,llambo_warmstart_cross_skill_rule_bank
real_buchwald_hartwig,llambo_warmstart_source_alignment_conservative_ligand_mass,27128,83.9394,82.1322,16.0606,0,heldout,
real_buchwald_hartwig,llambo_warmstart_source_alignment_conservative_ligand_mass_conservative,27128,83.9394,82.1322,16.0606,0,heldout,
real_buchwald_hartwig,llambo_warmstart_source_alignment_conservative_ligand_mass_noprior,27128,83.9394,82.1322,16.0606,0,heldout,
real_buchwald_hartwig,llambo_warmstart_source_schema_only_field_mapping,27128,89.3231,79.5206,10.6769,0,heldout,
real_buchwald_hartwig,llambo_warmstart_source_schema_only_field_mapping_conservative,27128,89.3231,79.5206,10.6769,0,heldout,
real_buchwald_hartwig,llambo_warmstart_source_schema_only_field_mapping_noprior,27128,89.3231,79.5206,10.6769,0,heldout,
real_buchwald_hartwig,llambo_warmstart_steric_tpsa_balanced_optimization,27128,98.7313,79.2161,1.2687,1,heldout,
real_buchwald_hartwig,llambo_warmstart_steric_tpsa_balanced_optimization_conservative,27128,98.7313,79.2161,1.2687,1,heldout,
real_buchwald_hartwig,llambo_warmstart_steric_tpsa_balanced_optimization_noprior,27128,98.7313,79.2161,1.2687,1,heldout,
real_buchwald_hartwig,llm_calibrated_selector,27128,86.9711,56.9092,13.0289,0,heldout,llm_semantic_source_alignment_conservative_ligand_mass_noprior
real_buchwald_hartwig,llm_direct_prior_base_strength_solvent_polarity_domain,27128,90.7313,77.6121,9.2687,0,heldout,
real_buchwald_hartwig,llm_direct_prior_base_strength_solvent_polarity_domain_conservative,27128,90.7313,76.7772,9.2687,0,heldout,
real_buchwald_hartwig,llm_direct_prior_base_strength_solvent_polarity_domain_noprior,27128,90.7313,77.6121,9.2687,0,heldout,
real_buchwald_hartwig,llm_direct_prior_counter_source_acid_halide_reversal,27128,92.127,68.8247,7.873,0,heldout,
real_buchwald_hartwig,llm_direct_prior_counter_source_acid_halide_reversal_conservative,27128,92.127,69.7765,7.873,0,heldout,
real_buchwald_hartwig,llm_direct_prior_counter_source_acid_halide_reversal_noprior,27128,92.127,68.8247,7.873,0,heldout,
real_buchwald_hartwig,llm_direct_prior_cross_skill_rule_bank,27128,90.7313,79.3812,9.2687,0,heldout,
real_buchwald_hartwig,llm_direct_prior_halide_reactivity_additive_suppression,27128,90.7313,63.9675,9.2687,0,heldout,
real_buchwald_hartwig,llm_direct_prior_halide_reactivity_additive_suppression_conservative,27128,90.7313,73.6997,9.2687,0,heldout,
real_buchwald_hartwig,llm_direct_prior_halide_reactivity_additive_suppression_noprior,27128,90.7313,63.9675,9.2687,0,heldout,
real_buchwald_hartwig,llm_direct_prior_low_semantic_mass_anchor_heavy,27128,92.2093,90.7178,7.7907,0,heldout,
real_buchwald_hartwig,llm_direct_prior_low_semantic_mass_anchor_heavy_conservative,27128,92.2093,90.7178,7.7907,0,heldout,
real_buchwald_hartwig,llm_direct_prior_low_semantic_mass_anchor_heavy_noprior,27128,92.2093,90.7178,7.7907,0,heldout,
real_buchwald_hartwig,llm_direct_prior_mechanistic_heteroaromatic_halide_synergy,27128,86.7862,86.2165,13.2138,0,heldout,
real_buchwald_hartwig,llm_direct_prior_mechanistic_heteroaromatic_halide_synergy_conservative,27128,89.9742,86.6065,10.0258,0,heldout,
real_buchwald_hartwig,llm_direct_prior_mechanistic_heteroaromatic_halide_synergy_noprior,27128,86.7862,86.2165,13.2138,0,heldout,
real_buchwald_hartwig,llm_direct_prior_selector,27128,92.127,68.8247,7.873,0,heldout,llm_direct_prior_counter_source_acid_halide_reversal_noprior
real_buchwald_hartwig,llm_direct_prior_source_alignment_conservative_ligand_mass,27128,78.2963,68.5187,21.7037,0,heldout,
real_buchwald_hartwig,llm_direct_prior_source_alignment_conservative_ligand_mass_conservative,27128,78.2963,68.5187,21.7037,0,heldout,
real_buchwald_hartwig,llm_direct_prior_source_alignment_conservative_ligand_mass_noprior,27128,78.2963,68.5187,21.7037,0,heldout,
real_buchwald_hartwig,llm_direct_prior_source_schema_only_field_mapping,27128,78.7679,59.1636,21.2321,0,heldout,
real_buchwald_hartwig,llm_direct_prior_source_schema_only_field_mapping_conservative,27128,78.7679,59.1636,21.2321,0,heldout,
real_buchwald_hartwig,llm_direct_prior_source_schema_only_field_mapping_noprior,27128,78.7679,59.1636,21.2321,0,heldout,
real_buchwald_hartwig,llm_direct_prior_steric_tpsa_balanced_optimization,27128,78.2963,65.1867,21.7037,0,heldout,
real_buchwald_hartwig,llm_direct_prior_steric_tpsa_balanced_optimization_conservative,27128,48.695,48.0605,51.305,0,heldout,
real_buchwald_hartwig,llm_direct_prior_steric_tpsa_balanced_optimization_noprior,27128,78.2963,65.1867,21.7037,0,heldout,
real_buchwald_hartwig,llm_semantic_base_strength_solvent_polarity_domain,27128,91.6984,70.9976,8.3016,0,heldout,
real_buchwald_hartwig,llm_semantic_base_strength_solvent_polarity_domain_conservative,27128,83.4092,62.6375,16.5908,0,heldout,
real_buchwald_hartwig,llm_semantic_base_strength_solvent_polarity_domain_noprior,27128,87.2375,68.9795,12.7625,0,heldout,
real_buchwald_hartwig,llm_semantic_counter_source_acid_halide_reversal,27128,83.4092,72.3582,16.5908,0,heldout,
real_buchwald_hartwig,llm_semantic_counter_source_acid_halide_reversal_conservative,27128,80.6006,57.8369,19.3994,0,heldout,
real_buchwald_hartwig,llm_semantic_counter_source_acid_halide_reversal_noprior,27128,81.6307,58.3718,18.3693,0,heldout,
real_buchwald_hartwig,llm_semantic_cross_skill_rule_bank,27128,78.2963,75.8511,21.7037,0,heldout,
real_buchwald_hartwig,llm_semantic_halide_reactivity_additive_suppression,27128,92.2093,79.8377,7.7907,0,heldout,
real_buchwald_hartwig,llm_semantic_halide_reactivity_additive_suppression_conservative,27128,85.6057,65.7111,14.3943,0,heldout,
real_buchwald_hartwig,llm_semantic_halide_reactivity_additive_suppression_noprior,27128,83.4092,59.2061,16.5908,0,heldout,
real_buchwald_hartwig,llm_semantic_low_semantic_mass_anchor_heavy,27128,92.659,74.7211,7.341,0,heldout,
real_buchwald_hartwig,llm_semantic_low_semantic_mass_anchor_heavy_conservative,27128,92.659,74.7211,7.341,0,heldout,
real_buchwald_hartwig,llm_semantic_low_semantic_mass_anchor_heavy_noprior,27128,92.659,74.7211,7.341,0,heldout,
real_buchwald_hartwig,llm_semantic_mechanistic_heteroaromatic_halide_synergy,27128,86.7926,84.1167,13.2074,0,heldout,
real_buchwald_hartwig,llm_semantic_mechanistic_heteroaromatic_halide_synergy_conservative,27128,87.5291,86.1753,12.4709,0,heldout,
real_buchwald_hartwig,llm_semantic_mechanistic_heteroaromatic_halide_synergy_noprior,27128,85.2207,83.8656,14.7793,0,heldout,
real_buchwald_hartwig,llm_semantic_source_alignment_conservative_ligand_mass,27128,92.1307,53.1373,7.8693,0,heldout,
real_buchwald_hartwig,llm_semantic_source_alignment_conservative_ligand_mass_conservative,27128,86.9711,56.9092,13.0289,0,heldout,
real_buchwald_hartwig,llm_semantic_source_alignment_conservative_ligand_mass_noprior,27128,86.9711,56.9092,13.0289,0,heldout,
real_buchwald_hartwig,llm_semantic_source_schema_only_field_mapping,27128,86.7926,76.4587,13.2074,0,heldout,
real_buchwald_hartwig,llm_semantic_source_schema_only_field_mapping_conservative,27128,87.2375,55.5437,12.7625,0,heldout,
real_buchwald_hartwig,llm_semantic_source_schema_only_field_mapping_noprior,27128,87.2375,55.5437,12.7625,0,heldout,
real_buchwald_hartwig,llm_semantic_steric_tpsa_balanced_optimization,27128,83.9556,70.8993,16.0444,0,heldout,
real_buchwald_hartwig,llm_semantic_steric_tpsa_balanced_optimization_conservative,27128,98.2872,89.2496,1.7128,1,heldout,
real_buchwald_hartwig,llm_semantic_steric_tpsa_balanced_optimization_noprior,27128,86.7926,76.9261,13.2074,0,heldout,
real_buchwald_hartwig,mixed_kernel_gp_ei,27128,86.7926,62.2328,13.2074,0,heldout,
real_buchwald_hartwig,target_acquisition_portfolio,27128,86.7926,58.8029,13.2074,0,heldout,
real_buchwald_hartwig,care_strategy_router,27129,97.5685,83.9985,2.4315,1,heldout,llm_direct_prior_counter_source_acid_halide_reversal_noprior
real_buchwald_hartwig,gp_ucb,27129,79.7664,68.1544,20.2336,0,heldout,
real_buchwald_hartwig,llambo_warmstart_base_strength_solvent_polarity_domain,27129,97.948,82.7987,2.052,1,heldout,
real_buchwald_hartwig,llambo_warmstart_base_strength_solvent_polarity_domain_conservative,27129,97.948,82.7987,2.052,1,heldout,
real_buchwald_hartwig,llambo_warmstart_base_strength_solvent_polarity_domain_noprior,27129,97.948,82.7987,2.052,1,heldout,
real_buchwald_hartwig,llambo_warmstart_counter_source_acid_halide_reversal,27129,93.3108,93.3108,6.6892,0,heldout,
real_buchwald_hartwig,llambo_warmstart_counter_source_acid_halide_reversal_conservative,27129,93.3108,93.3108,6.6892,0,heldout,
real_buchwald_hartwig,llambo_warmstart_counter_source_acid_halide_reversal_noprior,27129,93.3108,93.3108,6.6892,0,heldout,
real_buchwald_hartwig,llambo_warmstart_cross_skill_rule_bank,27129,94.8799,88.3354,5.1201,0,heldout,
real_buchwald_hartwig,llambo_warmstart_halide_reactivity_additive_suppression,27129,100.0,88.8967,0.0,1,heldout,
real_buchwald_hartwig,llambo_warmstart_halide_reactivity_additive_suppression_conservative,27129,100.0,88.8967,0.0,1,heldout,
real_buchwald_hartwig,llambo_warmstart_halide_reactivity_additive_suppression_noprior,27129,100.0,88.8967,0.0,1,heldout,
real_buchwald_hartwig,llambo_warmstart_low_semantic_mass_anchor_heavy,27129,92.5725,92.5725,7.4275,0,heldout,
real_buchwald_hartwig,llambo_warmstart_low_semantic_mass_anchor_heavy_conservative,27129,92.5725,92.5725,7.4275,0,heldout,
real_buchwald_hartwig,llambo_warmstart_low_semantic_mass_anchor_heavy_noprior,27129,92.5725,92.5725,7.4275,0,heldout,
real_buchwald_hartwig,llambo_warmstart_mechanistic_heteroaromatic_halide_synergy,27129,93.3108,93.3108,6.6892,0,heldout,
real_buchwald_hartwig,llambo_warmstart_mechanistic_heteroaromatic_halide_synergy_conservative,27129,93.3108,93.3108,6.6892,0,heldout,
real_buchwald_hartwig,llambo_warmstart_mechanistic_heteroaromatic_halide_synergy_noprior,27129,93.3108,93.3108,6.6892,0,heldout,
real_buchwald_hartwig,llambo_warmstart_selector,27129,94.8799,88.3354,5.1201,0,heldout,llambo_warmstart_cross_skill_rule_bank
real_buchwald_hartwig,llambo_warmstart_source_alignment_conservative_ligand_mass,27129,88.4464,82.7424,11.5536,0,heldout,
real_buchwald_hartwig,llambo_warmstart_source_alignment_conservative_ligand_mass_conservative,27129,88.4464,82.7424,11.5536,0,heldout,
real_buchwald_hartwig,llambo_warmstart_source_alignment_conservative_ligand_mass_noprior,27129,88.4464,82.7424,11.5536,0,heldout,
real_buchwald_hartwig,llambo_warmstart_source_schema_only_field_mapping,27129,92.3538,87.9943,7.6462,0,heldout,
real_buchwald_hartwig,llambo_warmstart_source_schema_only_field_mapping_conservative,27129,92.3538,87.9943,7.6462,0,heldout,
real_buchwald_hartwig,llambo_warmstart_source_schema_only_field_mapping_noprior,27129,92.3538,87.9943,7.6462,0,heldout,
real_buchwald_hartwig,llambo_warmstart_steric_tpsa_balanced_optimization,27129,98.1771,79.2266,1.8229,1,heldout,
real_buchwald_hartwig,llambo_warmstart_steric_tpsa_balanced_optimization_conservative,27129,98.1771,79.2266,1.8229,1,heldout,
real_buchwald_hartwig,llambo_warmstart_steric_tpsa_balanced_optimization_noprior,27129,98.1771,79.2266,1.8229,1,heldout,
real_buchwald_hartwig,llm_calibrated_selector,27129,83.2944,71.6152,16.7056,0,heldout,llm_semantic_source_alignment_conservative_ligand_mass_noprior
real_buchwald_hartwig,llm_direct_prior_base_strength_solvent_polarity_domain,27129,85.1447,73.8725,14.8553,0,heldout,
real_buchwald_hartwig,llm_direct_prior_base_strength_solvent_polarity_domain_conservative,27129,66.5149,66.5149,33.4851,0,heldout,
real_buchwald_hartwig,llm_direct_prior_base_strength_solvent_polarity_domain_noprior,27129,85.1447,73.8725,14.8553,0,heldout,
real_buchwald_hartwig,llm_direct_prior_counter_source_acid_halide_reversal,27129,97.5685,83.9985,2.4315,1,heldout,
real_buchwald_hartwig,llm_direct_prior_counter_source_acid_halide_reversal_conservative,27129,97.5685,82.7561,2.4315,1,heldout,
real_buchwald_hartwig,llm_direct_prior_counter_source_acid_halide_reversal_noprior,27129,97.5685,83.9985,2.4315,1,heldout,
real_buchwald_hartwig,llm_direct_prior_cross_skill_rule_bank,27129,90.3714,88.623,9.6286,0,heldout,
real_buchwald_hartwig,llm_direct_prior_halide_reactivity_additive_suppression,27129,85.1447,72.6873,14.8553,0,heldout,
real_buchwald_hartwig,llm_direct_prior_halide_reactivity_additive_suppression_conservative,27129,74.2352,72.1959,25.7648,0,heldout,
real_buchwald_hartwig,llm_direct_prior_halide_reactivity_additive_suppression_noprior,27129,85.1447,72.6873,14.8553,0,heldout,
real_buchwald_hartwig,llm_direct_prior_low_semantic_mass_anchor_heavy,27129,83.2944,79.9385,16.7056,0,heldout,
real_buchwald_hartwig,llm_direct_prior_low_semantic_mass_anchor_heavy_conservative,27129,83.2944,79.9385,16.7056,0,heldout,
real_buchwald_hartwig,llm_direct_prior_low_semantic_mass_anchor_heavy_noprior,27129,83.2944,79.9385,16.7056,0,heldout,
real_buchwald_hartwig,llm_direct_prior_mechanistic_heteroaromatic_halide_synergy,27129,97.5685,90.0199,2.4315,1,heldout,
real_buchwald_hartwig,llm_direct_prior_mechanistic_heteroaromatic_halide_synergy_conservative,27129,85.1447,85.0504,14.8553,0,heldout,
real_buchwald_hartwig,llm_direct_prior_mechanistic_heteroaromatic_halide_synergy_noprior,27129,97.5685,90.0199,2.4315,1,heldout,
real_buchwald_hartwig,llm_direct_prior_selector,27129,97.5685,83.9985,2.4315,1,heldout,llm_direct_prior_counter_source_acid_halide_reversal_noprior
real_buchwald_hartwig,llm_direct_prior_source_alignment_conservative_ligand_mass,27129,85.1402,76.2543,14.8598,0,heldout,
real_buchwald_hartwig,llm_direct_prior_source_alignment_conservative_ligand_mass_conservative,27129,85.1402,76.2543,14.8598,0,heldout,
real_buchwald_hartwig,llm_direct_prior_source_alignment_conservative_ligand_mass_noprior,27129,85.1402,76.2543,14.8598,0,heldout,
real_buchwald_hartwig,llm_direct_prior_source_schema_only_field_mapping,27129,80.5886,72.8012,19.4114,0,heldout,
real_buchwald_hartwig,llm_direct_prior_source_schema_only_field_mapping_conservative,27129,80.5886,72.8012,19.4114,0,heldout,
real_buchwald_hartwig,llm_direct_prior_source_schema_only_field_mapping_noprior,27129,80.5886,72.8012,19.4114,0,heldout,
real_buchwald_hartwig,llm_direct_prior_steric_tpsa_balanced_optimization,27129,78.8011,74.0485,21.1989,0,heldout,
real_buchwald_hartwig,llm_direct_prior_steric_tpsa_balanced_optimization_conservative,27129,75.3112,73.3505,24.6888,0,heldout,
real_buchwald_hartwig,llm_direct_prior_steric_tpsa_balanced_optimization_noprior,27129,78.8011,74.0485,21.1989,0,heldout,
real_buchwald_hartwig,llm_semantic_base_strength_solvent_polarity_domain,27129,77.858,68.1294,22.142,0,heldout,
real_buchwald_hartwig,llm_semantic_base_strength_solvent_polarity_domain_conservative,27129,78.5056,78.5056,21.4944,0,heldout,
real_buchwald_hartwig,llm_semantic_base_strength_solvent_polarity_domain_noprior,27129,65.9419,65.4095,34.0581,0,heldout,
real_buchwald_hartwig,llm_semantic_counter_source_acid_halide_reversal,27129,75.7358,69.3759,24.2642,0,heldout,
real_buchwald_hartwig,llm_semantic_counter_source_acid_halide_reversal_conservative,27129,100.0,77.109,0.0,1,heldout,
real_buchwald_hartwig,llm_semantic_counter_source_acid_halide_reversal_noprior,27129,100.0,78.4755,0.0,1,heldout,
real_buchwald_hartwig,llm_semantic_cross_skill_rule_bank,27129,99.6191,77.1669,0.3809,1,heldout,
real_buchwald_hartwig,llm_semantic_halide_reactivity_additive_suppression,27129,96.1323,91.7986,3.8677,0,heldout,
real_buchwald_hartwig,llm_semantic_halide_reactivity_additive_suppression_conservative,27129,69.5278,66.3573,30.4722,0,heldout,
real_buchwald_hartwig,llm_semantic_halide_reactivity_additive_suppression_noprior,27129,100.0,98.3294,0.0,1,heldout,
real_buchwald_hartwig,llm_semantic_low_semantic_mass_anchor_heavy,27129,73.5742,69.758,26.4258,0,heldout,
real_buchwald_hartwig,llm_semantic_low_semantic_mass_anchor_heavy_conservative,27129,73.5742,69.758,26.4258,0,heldout,
real_buchwald_hartwig,llm_semantic_low_semantic_mass_anchor_heavy_noprior,27129,73.5742,69.758,26.4258,0,heldout,
real_buchwald_hartwig,llm_semantic_mechanistic_heteroaromatic_halide_synergy,27129,65.9419,65.4095,34.0581,0,heldout,
real_buchwald_hartwig,llm_semantic_mechanistic_heteroaromatic_halide_synergy_conservative,27129,80.9041,71.2004,19.0959,0,heldout,
real_buchwald_hartwig,llm_semantic_mechanistic_heteroaromatic_halide_synergy_noprior,27129,65.9419,65.4095,34.0581,0,heldout,
real_buchwald_hartwig,llm_semantic_source_alignment_conservative_ligand_mass,27129,100.0,77.1699,0.0,1,heldout,
real_buchwald_hartwig,llm_semantic_source_alignment_conservative_ligand_mass_conservative,27129,83.2944,71.6152,16.7056,0,heldout,
real_buchwald_hartwig,llm_semantic_source_alignment_conservative_ligand_mass_noprior,27129,83.2944,71.6152,16.7056,0,heldout,
real_buchwald_hartwig,llm_semantic_source_schema_only_field_mapping,27129,82.3494,74.2236,17.6506,0,heldout,
real_buchwald_hartwig,llm_semantic_source_schema_only_field_mapping_conservative,27129,89.6142,68.3091,10.3858,0,heldout,
real_buchwald_hartwig,llm_semantic_source_schema_only_field_mapping_noprior,27129,89.6142,68.3091,10.3858,0,heldout,
real_buchwald_hartwig,llm_semantic_steric_tpsa_balanced_optimization,27129,79.8724,75.3584,20.1276,0,heldout,
real_buchwald_hartwig,llm_semantic_steric_tpsa_balanced_optimization_conservative,27129,100.0,80.1312,0.0,1,heldout,
real_buchwald_hartwig,llm_semantic_steric_tpsa_balanced_optimization_noprior,27129,100.0,84.7704,0.0,1,heldout,
real_buchwald_hartwig,mixed_kernel_gp_ei,27129,91.9334,80.1231,8.0666,0,heldout,
real_buchwald_hartwig,target_acquisition_portfolio,27129,79.1819,72.4541,20.8181,0,heldout,
real_buchwald_hartwig,care_strategy_router,27130,93.0289,87.1995,6.9711,0,heldout,llm_direct_prior_counter_source_acid_halide_reversal_noprior
real_buchwald_hartwig,gp_ucb,27130,93.5878,88.7778,6.4122,0,heldout,
real_buchwald_hartwig,llambo_warmstart_base_strength_solvent_polarity_domain,27130,98.8492,82.0401,1.1508,1,heldout,
real_buchwald_hartwig,llambo_warmstart_base_strength_solvent_polarity_domain_conservative,27130,98.8492,82.0401,1.1508,1,heldout,
real_buchwald_hartwig,llambo_warmstart_base_strength_solvent_polarity_domain_noprior,27130,98.8492,82.0401,1.1508,1,heldout,
real_buchwald_hartwig,llambo_warmstart_counter_source_acid_halide_reversal,27130,94.3462,94.0827,5.6538,0,heldout,
real_buchwald_hartwig,llambo_warmstart_counter_source_acid_halide_reversal_conservative,27130,94.3462,94.0827,5.6538,0,heldout,
real_buchwald_hartwig,llambo_warmstart_counter_source_acid_halide_reversal_noprior,27130,94.3462,94.0827,5.6538,0,heldout,
real_buchwald_hartwig,llambo_warmstart_cross_skill_rule_bank,27130,93.0326,87.7784,6.9674,0,heldout,
real_buchwald_hartwig,llambo_warmstart_halide_reactivity_additive_suppression,27130,70.8622,70.2005,29.1378,0,heldout,
real_buchwald_hartwig,llambo_warmstart_halide_reactivity_additive_suppression_conservative,27130,70.8622,70.2005,29.1378,0,heldout,
real_buchwald_hartwig,llambo_warmstart_halide_reactivity_additive_suppression_noprior,27130,70.8622,70.2005,29.1378,0,heldout,
real_buchwald_hartwig,llambo_warmstart_low_semantic_mass_anchor_heavy,27130,94.3462,94.2145,5.6538,0,heldout,
real_buchwald_hartwig,llambo_warmstart_low_semantic_mass_anchor_heavy_conservative,27130,94.3462,94.2145,5.6538,0,heldout,
real_buchwald_hartwig,llambo_warmstart_low_semantic_mass_anchor_heavy_noprior,27130,94.3462,94.2145,5.6538,0,heldout,
real_buchwald_hartwig,llambo_warmstart_mechanistic_heteroaromatic_halide_synergy,27130,94.8799,90.5028,5.1201,0,heldout,
real_buchwald_hartwig,llambo_warmstart_mechanistic_heteroaromatic_halide_synergy_conservative,27130,94.8799,90.5028,5.1201,0,heldout,
real_buchwald_hartwig,llambo_warmstart_mechanistic_heteroaromatic_halide_synergy_noprior,27130,94.8799,90.5028,5.1201,0,heldout,
real_buchwald_hartwig,llambo_warmstart_selector,27130,93.0326,87.7784,6.9674,0,heldout,llambo_warmstart_cross_skill_rule_bank
real_buchwald_hartwig,llambo_warmstart_source_alignment_conservative_ligand_mass,27130,99.6191,90.8167,0.3809,1,heldout,
real_buchwald_hartwig,llambo_warmstart_source_alignment_conservative_ligand_mass_conservative,27130,99.6191,90.8167,0.3809,1,heldout,
real_buchwald_hartwig,llambo_warmstart_source_alignment_conservative_ligand_mass_noprior,27130,99.6191,90.8167,0.3809,1,heldout,
real_buchwald_hartwig,llambo_warmstart_source_schema_only_field_mapping,27130,88.5139,87.5558,11.4861,0,heldout,
real_buchwald_hartwig,llambo_warmstart_source_schema_only_field_mapping_conservative,27130,88.5139,87.5558,11.4861,0,heldout,
real_buchwald_hartwig,llambo_warmstart_source_schema_only_field_mapping_noprior,27130,88.5139,87.5558,11.4861,0,heldout,
real_buchwald_hartwig,llambo_warmstart_steric_tpsa_balanced_optimization,27130,94.5498,84.5324,5.4502,0,heldout,
real_buchwald_hartwig,llambo_warmstart_steric_tpsa_balanced_optimization_conservative,27130,94.5498,84.5324,5.4502,0,heldout,
real_buchwald_hartwig,llambo_warmstart_steric_tpsa_balanced_optimization_noprior,27130,94.5498,84.5324,5.4502,0,heldout,
real_buchwald_hartwig,llm_calibrated_selector,27130,88.4043,85.9012,11.5957,0,heldout,llm_semantic_source_alignment_conservative_ligand_mass_noprior
real_buchwald_hartwig,llm_direct_prior_base_strength_solvent_polarity_domain,27130,90.7313,85.5462,9.2687,0,heldout,
real_buchwald_hartwig,llm_direct_prior_base_strength_solvent_polarity_domain_conservative,27130,83.3133,83.3133,16.6867,0,heldout,
real_buchwald_hartwig,llm_direct_prior_base_strength_solvent_polarity_domain_noprior,27130,90.7313,85.5462,9.2687,0,heldout,
real_buchwald_hartwig,llm_direct_prior_counter_source_acid_halide_reversal,27130,93.0289,87.1995,6.9711,0,heldout,
real_buchwald_hartwig,llm_direct_prior_counter_source_acid_halide_reversal_conservative,27130,92.127,86.6472,7.873,0,heldout,
real_buchwald_hartwig,llm_direct_prior_counter_source_acid_halide_reversal_noprior,27130,93.0289,87.1995,6.9711,0,heldout,
real_buchwald_hartwig,llm_direct_prior_cross_skill_rule_bank,27130,83.3133,83.3133,16.6867,0,heldout,
real_buchwald_hartwig,llm_direct_prior_halide_reactivity_additive_suppression,27130,86.0034,83.9361,13.9966,0,heldout,
real_buchwald_hartwig,llm_direct_prior_halide_reactivity_additive_suppression_conservative,27130,92.127,84.1947,7.873,0,heldout,
real_buchwald_hartwig,llm_direct_prior_halide_reactivity_additive_suppression_noprior,27130,86.0034,83.9361,13.9966,0,heldout,
real_buchwald_hartwig,llm_direct_prior_low_semantic_mass_anchor_heavy,27130,93.5878,91.2445,6.4122,0,heldout,
real_buchwald_hartwig,llm_direct_prior_low_semantic_mass_anchor_heavy_conservative,27130,93.5878,91.2445,6.4122,0,heldout,
real_buchwald_hartwig,llm_direct_prior_low_semantic_mass_anchor_heavy_noprior,27130,93.5878,91.2445,6.4122,0,heldout,
real_buchwald_hartwig,llm_direct_prior_mechanistic_heteroaromatic_halide_synergy,27130,92.127,91.2456,7.873,0,heldout,
real_buchwald_hartwig,llm_direct_prior_mechanistic_heteroaromatic_halide_synergy_conservative,27130,92.2093,91.2703,7.7907,0,heldout,
real_buchwald_hartwig,llm_direct_prior_mechanistic_heteroaromatic_halide_synergy_noprior,27130,92.127,91.2456,7.873,0,heldout,
real_buchwald_hartwig,llm_direct_prior_selector,27130,93.0289,87.1995,6.9711,0,heldout,llm_direct_prior_counter_source_acid_halide_reversal_noprior
real_buchwald_hartwig,llm_direct_prior_source_alignment_conservative_ligand_mass,27130,92.256,84.8621,7.744,0,heldout,
real_buchwald_hartwig,llm_direct_prior_source_alignment_conservative_ligand_mass_conservative,27130,92.256,84.8621,7.744,0,heldout,
real_buchwald_hartwig,llm_direct_prior_source_alignment_conservative_ligand_mass_noprior,27130,92.256,84.8621,7.744,0,heldout,
real_buchwald_hartwig,llm_direct_prior_source_schema_only_field_mapping,27130,83.3133,83.3133,16.6867,0,heldout,
real_buchwald_hartwig,llm_direct_prior_source_schema_only_field_mapping_conservative,27130,83.3133,83.3133,16.6867,0,heldout,
real_buchwald_hartwig,llm_direct_prior_source_schema_only_field_mapping_noprior,27130,83.3133,83.3133,16.6867,0,heldout,
real_buchwald_hartwig,llm_direct_prior_steric_tpsa_balanced_optimization,27130,83.3133,83.3133,16.6867,0,heldout,
real_buchwald_hartwig,llm_direct_prior_steric_tpsa_balanced_optimization_conservative,27130,84.4042,83.9678,15.5958,0,heldout,
real_buchwald_hartwig,llm_direct_prior_steric_tpsa_balanced_optimization_noprior,27130,83.3133,83.3133,16.6867,0,heldout,
real_buchwald_hartwig,llm_semantic_base_strength_solvent_polarity_domain,27130,85.2207,84.267,14.7793,0,heldout,
real_buchwald_hartwig,llm_semantic_base_strength_solvent_polarity_domain_conservative,27130,93.4211,89.378,6.5789,0,heldout,
real_buchwald_hartwig,llm_semantic_base_strength_solvent_polarity_domain_noprior,27130,93.0289,89.1427,6.9711,0,heldout,
real_buchwald_hartwig,llm_semantic_counter_source_acid_halide_reversal,27130,93.4211,92.4103,6.5789,0,heldout,
real_buchwald_hartwig,llm_semantic_counter_source_acid_halide_reversal_conservative,27130,92.256,91.3617,7.744,0,heldout,
real_buchwald_hartwig,llm_semantic_counter_source_acid_halide_reversal_noprior,27130,93.1012,91.6998,6.8988,0,heldout,
real_buchwald_hartwig,llm_semantic_cross_skill_rule_bank,27130,85.2207,83.6967,14.7793,0,heldout,
real_buchwald_hartwig,llm_semantic_halide_reactivity_additive_suppression,27130,93.4211,91.3995,6.5789,0,heldout,
real_buchwald_hartwig,llm_semantic_halide_reactivity_additive_suppression_conservative,27130,92.127,85.5217,7.873,0,heldout,
real_buchwald_hartwig,llm_semantic_halide_reactivity_additive_suppression_noprior,27130,83.9556,83.3775,16.0444,0,heldout,
real_buchwald_hartwig,llm_semantic_low_semantic_mass_anchor_heavy,27130,94.6911,89.1949,5.3089,0,heldout,
real_buchwald_hartwig,llm_semantic_low_semantic_mass_anchor_heavy_conservative,27130,94.6911,89.1949,5.3089,0,heldout,
real_buchwald_hartwig,llm_semantic_low_semantic_mass_anchor_heavy_noprior,27130,94.6911,89.1949,5.3089,0,heldout,
real_buchwald_hartwig,llm_semantic_mechanistic_heteroaromatic_halide_synergy,27130,93.4211,88.3672,6.5789,0,heldout,
real_buchwald_hartwig,llm_semantic_mechanistic_heteroaromatic_halide_synergy_conservative,27130,83.9556,83.3775,16.0444,0,heldout,
real_buchwald_hartwig,llm_semantic_mechanistic_heteroaromatic_halide_synergy_noprior,27130,92.256,88.6789,7.744,0,heldout,
real_buchwald_hartwig,llm_semantic_source_alignment_conservative_ligand_mass,27130,88.4043,85.9012,11.5957,0,heldout,
real_buchwald_hartwig,llm_semantic_source_alignment_conservative_ligand_mass_conservative,27130,88.4043,85.9012,11.5957,0,heldout,
real_buchwald_hartwig,llm_semantic_source_alignment_conservative_ligand_mass_noprior,27130,88.4043,85.9012,11.5957,0,heldout,
real_buchwald_hartwig,llm_semantic_source_schema_only_field_mapping,27130,83.3133,83.3133,16.6867,0,heldout,
real_buchwald_hartwig,llm_semantic_source_schema_only_field_mapping_conservative,27130,83.3133,83.3133,16.6867,0,heldout,
real_buchwald_hartwig,llm_semantic_source_schema_only_field_mapping_noprior,27130,83.3133,83.3133,16.6867,0,heldout,
real_buchwald_hartwig,llm_semantic_steric_tpsa_balanced_optimization,27130,98.2872,89.8852,1.7128,1,heldout,
real_buchwald_hartwig,llm_semantic_steric_tpsa_balanced_optimization_conservative,27130,85.2207,83.8252,14.7793,0,heldout,
real_buchwald_hartwig,llm_semantic_steric_tpsa_balanced_optimization_noprior,27130,85.2207,83.8894,14.7793,0,heldout,
real_buchwald_hartwig,mixed_kernel_gp_ei,27130,93.5878,87.8595,6.4122,0,heldout,
real_buchwald_hartwig,target_acquisition_portfolio,27130,93.5878,88.7778,6.4122,0,heldout,
real_buchwald_hartwig,care_strategy_router,27131,93.0289,86.1645,6.9711,0,heldout,llm_direct_prior_counter_source_acid_halide_reversal_noprior
real_buchwald_hartwig,gp_ucb,27131,85.4018,85.4018,14.5982,0,heldout,
real_buchwald_hartwig,llambo_warmstart_base_strength_solvent_polarity_domain,27131,90.7313,90.7313,9.2687,0,heldout,
real_buchwald_hartwig,llambo_warmstart_base_strength_solvent_polarity_domain_conservative,27131,90.7313,90.7313,9.2687,0,heldout,
real_buchwald_hartwig,llambo_warmstart_base_strength_solvent_polarity_domain_noprior,27131,90.7313,90.7313,9.2687,0,heldout,
real_buchwald_hartwig,llambo_warmstart_counter_source_acid_halide_reversal,27131,93.1012,91.8781,6.8988,0,heldout,
real_buchwald_hartwig,llambo_warmstart_counter_source_acid_halide_reversal_conservative,27131,93.1012,91.8781,6.8988,0,heldout,
real_buchwald_hartwig,llambo_warmstart_counter_source_acid_halide_reversal_noprior,27131,93.1012,91.8781,6.8988,0,heldout,
real_buchwald_hartwig,llambo_warmstart_cross_skill_rule_bank,27131,98.7313,94.0276,1.2687,1,heldout,
real_buchwald_hartwig,llambo_warmstart_halide_reactivity_additive_suppression,27131,91.4851,87.2357,8.5149,0,heldout,
real_buchwald_hartwig,llambo_warmstart_halide_reactivity_additive_suppression_conservative,27131,91.4851,87.2357,8.5149,0,heldout,
real_buchwald_hartwig,llambo_warmstart_halide_reactivity_additive_suppression_noprior,27131,91.4851,87.2357,8.5149,0,heldout,
real_buchwald_hartwig,llambo_warmstart_low_semantic_mass_anchor_heavy,27131,93.1012,91.8997,6.8988,0,heldout,
real_buchwald_hartwig,llambo_warmstart_low_semantic_mass_anchor_heavy_conservative,27131,93.1012,91.8997,6.8988,0,heldout,
real_buchwald_hartwig,llambo_warmstart_low_semantic_mass_anchor_heavy_noprior,27131,93.1012,91.8997,6.8988,0,heldout,
real_buchwald_hartwig,llambo_warmstart_mechanistic_heteroaromatic_halide_synergy,27131,85.6836,58.8532,14.3164,0,heldout,
real_buchwald_hartwig,llambo_warmstart_mechanistic_heteroaromatic_halide_synergy_conservative,27131,85.6836,58.8532,14.3164,0,heldout,
real_buchwald_hartwig,llambo_warmstart_mechanistic_heteroaromatic_halide_synergy_noprior,27131,85.6836,58.8532,14.3164,0,heldout,
real_buchwald_hartwig,llambo_warmstart_selector,27131,98.7313,94.0276,1.2687,1,heldout,llambo_warmstart_cross_skill_rule_bank
real_buchwald_hartwig,llambo_warmstart_source_alignment_conservative_ligand_mass,27131,94.3462,91.3152,5.6538,0,heldout,
real_buchwald_hartwig,llambo_warmstart_source_alignment_conservative_ligand_mass_conservative,27131,94.3462,91.3152,5.6538,0,heldout,
real_buchwald_hartwig,llambo_warmstart_source_alignment_conservative_ligand_mass_noprior,27131,94.3462,91.3152,5.6538,0,heldout,
real_buchwald_hartwig,llambo_warmstart_source_schema_only_field_mapping,27131,100.0,97.974,0.0,1,heldout,
real_buchwald_hartwig,llambo_warmstart_source_schema_only_field_mapping_conservative,27131,100.0,97.974,0.0,1,heldout,
real_buchwald_hartwig,llambo_warmstart_source_schema_only_field_mapping_noprior,27131,100.0,97.974,0.0,1,heldout,
real_buchwald_hartwig,llambo_warmstart_steric_tpsa_balanced_optimization,27131,72.8483,72.8483,27.1517,0,heldout,
real_buchwald_hartwig,llambo_warmstart_steric_tpsa_balanced_optimization_conservative,27131,72.8483,72.8483,27.1517,0,heldout,
real_buchwald_hartwig,llambo_warmstart_steric_tpsa_balanced_optimization_noprior,27131,72.8483,72.8483,27.1517,0,heldout,
real_buchwald_hartwig,llm_calibrated_selector,27131,97.2929,93.7256,2.7071,0,heldout,llm_semantic_source_alignment_conservative_ligand_mass_noprior
real_buchwald_hartwig,llm_direct_prior_base_strength_solvent_polarity_domain,27131,90.7313,85.9347,9.2687,0,heldout,
real_buchwald_hartwig,llm_direct_prior_base_strength_solvent_polarity_domain_conservative,27131,85.4018,85.4018,14.5982,0,heldout,
real_buchwald_hartwig,llm_direct_prior_base_strength_solvent_polarity_domain_noprior,27131,90.7313,85.9347,9.2687,0,heldout,
real_buchwald_hartwig,llm_direct_prior_counter_source_acid_halide_reversal,27131,93.0289,86.1645,6.9711,0,heldout,
real_buchwald_hartwig,llm_direct_prior_counter_source_acid_halide_reversal_conservative,27131,85.4018,85.4018,14.5982,0,heldout,
real_buchwald_hartwig,llm_direct_prior_counter_source_acid_halide_reversal_noprior,27131,93.0289,86.1645,6.9711,0,heldout,
real_buchwald_hartwig,llm_direct_prior_cross_skill_rule_bank,27131,85.4018,85.4018,14.5982,0,heldout,
real_buchwald_hartwig,llm_direct_prior_halide_reactivity_additive_suppression,27131,90.7313,87.5336,9.2687,0,heldout,
real_buchwald_hartwig,llm_direct_prior_halide_reactivity_additive_suppression_conservative,27131,96.1323,87.4085,3.8677,0,heldout,
real_buchwald_hartwig,llm_direct_prior_halide_reactivity_additive_suppression_noprior,27131,90.7313,87.5336,9.2687,0,heldout,
real_buchwald_hartwig,llm_direct_prior_low_semantic_mass_anchor_heavy,27131,85.4018,85.4018,14.5982,0,heldout,
real_buchwald_hartwig,llm_direct_prior_low_semantic_mass_anchor_heavy_conservative,27131,85.4018,85.4018,14.5982,0,heldout,
real_buchwald_hartwig,llm_direct_prior_low_semantic_mass_anchor_heavy_noprior,27131,85.4018,85.4018,14.5982,0,heldout,
real_buchwald_hartwig,llm_direct_prior_mechanistic_heteroaromatic_halide_synergy,27131,97.2929,92.5365,2.7071,0,heldout,
real_buchwald_hartwig,llm_direct_prior_mechanistic_heteroaromatic_halide_synergy_conservative,27131,92.127,86.0743,7.873,0,heldout,
real_buchwald_hartwig,llm_direct_prior_mechanistic_heteroaromatic_halide_synergy_noprior,27131,97.2929,92.5365,2.7071,0,heldout,
real_buchwald_hartwig,llm_direct_prior_selector,27131,93.0289,86.1645,6.9711,0,heldout,llm_direct_prior_counter_source_acid_halide_reversal_noprior
real_buchwald_hartwig,llm_direct_prior_source_alignment_conservative_ligand_mass,27131,85.4018,85.4018,14.5982,0,heldout,
real_buchwald_hartwig,llm_direct_prior_source_alignment_conservative_ligand_mass_conservative,27131,85.4018,85.4018,14.5982,0,heldout,
real_buchwald_hartwig,llm_direct_prior_source_alignment_conservative_ligand_mass_noprior,27131,85.4018,85.4018,14.5982,0,heldout,
real_buchwald_hartwig,llm_direct_prior_source_schema_only_field_mapping,27131,88.4464,86.2214,11.5536,0,heldout,
real_buchwald_hartwig,llm_direct_prior_source_schema_only_field_mapping_conservative,27131,88.4464,86.3971,11.5536,0,heldout,
real_buchwald_hartwig,llm_direct_prior_source_schema_only_field_mapping_noprior,27131,88.4464,86.2214,11.5536,0,heldout,
real_buchwald_hartwig,llm_direct_prior_steric_tpsa_balanced_optimization,27131,85.4018,85.4018,14.5982,0,heldout,
real_buchwald_hartwig,llm_direct_prior_steric_tpsa_balanced_optimization_conservative,27131,85.4018,85.4018,14.5982,0,heldout,
real_buchwald_hartwig,llm_direct_prior_steric_tpsa_balanced_optimization_noprior,27131,85.4018,85.4018,14.5982,0,heldout,
real_buchwald_hartwig,llm_semantic_base_strength_solvent_polarity_domain,27131,88.5139,85.713,11.4861,0,heldout,
real_buchwald_hartwig,llm_semantic_base_strength_solvent_polarity_domain_conservative,27131,85.4018,85.4018,14.5982,0,heldout,
real_buchwald_hartwig,llm_semantic_base_strength_solvent_polarity_domain_noprior,27131,96.1323,86.4748,3.8677,0,heldout,
real_buchwald_hartwig,llm_semantic_counter_source_acid_halide_reversal,27131,100.0,89.7813,0.0,1,heldout,
real_buchwald_hartwig,llm_semantic_counter_source_acid_halide_reversal_conservative,27131,100.0,89.7813,0.0,1,heldout,
real_buchwald_hartwig,llm_semantic_counter_source_acid_halide_reversal_noprior,27131,88.5139,88.2027,11.4861,0,heldout,
real_buchwald_hartwig,llm_semantic_cross_skill_rule_bank,27131,85.4018,85.4018,14.5982,0,heldout,
real_buchwald_hartwig,llm_semantic_halide_reactivity_additive_suppression,27131,93.5641,87.0343,6.4359,0,heldout,
real_buchwald_hartwig,llm_semantic_halide_reactivity_additive_suppression_conservative,27131,94.1517,87.1518,5.8483,0,heldout,
real_buchwald_hartwig,llm_semantic_halide_reactivity_additive_suppression_noprior,27131,93.4211,86.2037,6.5789,0,heldout,
real_buchwald_hartwig,llm_semantic_low_semantic_mass_anchor_heavy,27131,85.4018,85.4018,14.5982,0,heldout,
real_buchwald_hartwig,llm_semantic_low_semantic_mass_anchor_heavy_conservative,27131,85.4018,85.4018,14.5982,0,heldout,
real_buchwald_hartwig,llm_semantic_low_semantic_mass_anchor_heavy_noprior,27131,85.4018,85.4018,14.5982,0,heldout,
real_buchwald_hartwig,llm_semantic_mechanistic_heteroaromatic_halide_synergy,27131,85.4018,85.4018,14.5982,0,heldout,
real_buchwald_hartwig,llm_semantic_mechanistic_heteroaromatic_halide_synergy_conservative,27131,85.4018,85.4018,14.5982,0,heldout,
real_buchwald_hartwig,llm_semantic_mechanistic_heteroaromatic_halide_synergy_noprior,27131,93.0289,87.6899,6.9711,0,heldout,
real_buchwald_hartwig,llm_semantic_source_alignment_conservative_ligand_mass,27131,97.2929,93.7256,2.7071,0,heldout,
real_buchwald_hartwig,llm_semantic_source_alignment_conservative_ligand_mass_conservative,27131,97.2929,93.7256,2.7071,0,heldout,
real_buchwald_hartwig,llm_semantic_source_alignment_conservative_ligand_mass_noprior,27131,97.2929,93.7256,2.7071,0,heldout,
real_buchwald_hartwig,llm_semantic_source_schema_only_field_mapping,27131,93.0289,86.1645,6.9711,0,heldout,
real_buchwald_hartwig,llm_semantic_source_schema_only_field_mapping_conservative,27131,85.4018,85.4018,14.5982,0,heldout,
real_buchwald_hartwig,llm_semantic_source_schema_only_field_mapping_noprior,27131,93.0289,86.1645,6.9711,0,heldout,
real_buchwald_hartwig,llm_semantic_steric_tpsa_balanced_optimization,27131,100.0,89.7813,0.0,1,heldout,
real_buchwald_hartwig,llm_semantic_steric_tpsa_balanced_optimization_conservative,27131,98.2872,91.8445,1.7128,1,heldout,
real_buchwald_hartwig,llm_semantic_steric_tpsa_balanced_optimization_noprior,27131,86.7926,85.68,13.2074,0,heldout,
real_buchwald_hartwig,mixed_kernel_gp_ei,27131,93.5641,87.0343,6.4359,0,heldout,
real_buchwald_hartwig,target_acquisition_portfolio,27131,85.4018,85.4018,14.5982,0,heldout,
real_buchwald_hartwig,care_strategy_router,27132,88.5139,87.9736,11.4861,0,heldout,llm_direct_prior_counter_source_acid_halide_reversal_noprior
real_buchwald_hartwig,gp_ucb,27132,93.5641,90.8241,6.4359,0,heldout,
real_buchwald_hartwig,llambo_warmstart_base_strength_solvent_polarity_domain,27132,94.501,92.4784,5.499,0,heldout,
real_buchwald_hartwig,llambo_warmstart_base_strength_solvent_polarity_domain_conservative,27132,94.501,92.4784,5.499,0,heldout,
real_buchwald_hartwig,llambo_warmstart_base_strength_solvent_polarity_domain_noprior,27132,94.501,92.4784,5.499,0,heldout,
real_buchwald_hartwig,llambo_warmstart_counter_source_acid_halide_reversal,27132,93.4211,91.845,6.5789,0,heldout,
real_buchwald_hartwig,llambo_warmstart_counter_source_acid_halide_reversal_conservative,27132,93.4211,91.845,6.5789,0,heldout,
real_buchwald_hartwig,llambo_warmstart_counter_source_acid_halide_reversal_noprior,27132,93.4211,91.845,6.5789,0,heldout,
real_buchwald_hartwig,llambo_warmstart_cross_skill_rule_bank,27132,97.2929,75.9315,2.7071,0,heldout,
real_buchwald_hartwig,llambo_warmstart_halide_reactivity_additive_suppression,27132,93.4211,92.3704,6.5789,0,heldout,
real_buchwald_hartwig,llambo_warmstart_halide_reactivity_additive_suppression_conservative,27132,93.4211,92.3704,6.5789,0,heldout,
real_buchwald_hartwig,llambo_warmstart_halide_reactivity_additive_suppression_noprior,27132,93.4211,92.3704,6.5789,0,heldout,
real_buchwald_hartwig,llambo_warmstart_low_semantic_mass_anchor_heavy,27132,90.7313,88.4239,9.2687,0,heldout,
real_buchwald_hartwig,llambo_warmstart_low_semantic_mass_anchor_heavy_conservative,27132,90.7313,88.4239,9.2687,0,heldout,
real_buchwald_hartwig,llambo_warmstart_low_semantic_mass_anchor_heavy_noprior,27132,90.7313,88.4239,9.2687,0,heldout,
real_buchwald_hartwig,llambo_warmstart_mechanistic_heteroaromatic_halide_synergy,27132,93.0995,88.3708,6.9005,0,heldout,
real_buchwald_hartwig,llambo_warmstart_mechanistic_heteroaromatic_halide_synergy_conservative,27132,93.0995,88.3708,6.9005,0,heldout,
real_buchwald_hartwig,llambo_warmstart_mechanistic_heteroaromatic_halide_synergy_noprior,27132,93.0995,88.3708,6.9005,0,heldout,
real_buchwald_hartwig,llambo_warmstart_selector,27132,97.2929,75.9315,2.7071,0,heldout,llambo_warmstart_cross_skill_rule_bank
real_buchwald_hartwig,llambo_warmstart_source_alignment_conservative_ligand_mass,27132,75.8998,75.8998,24.1002,0,heldout,
real_buchwald_hartwig,llambo_warmstart_source_alignment_conservative_ligand_mass_conservative,27132,75.8998,75.8998,24.1002,0,heldout,
real_buchwald_hartwig,llambo_warmstart_source_alignment_conservative_ligand_mass_noprior,27132,75.8998,75.8998,24.1002,0,heldout,
real_buchwald_hartwig,llambo_warmstart_source_schema_only_field_mapping,27132,98.2872,71.7885,1.7128,1,heldout,
real_buchwald_hartwig,llambo_warmstart_source_schema_only_field_mapping_conservative,27132,98.2872,71.7885,1.7128,1,heldout,
real_buchwald_hartwig,llambo_warmstart_source_schema_only_field_mapping_noprior,27132,98.2872,71.7885,1.7128,1,heldout,
real_buchwald_hartwig,llambo_warmstart_steric_tpsa_balanced_optimization,27132,98.2872,92.859,1.7128,1,heldout,
real_buchwald_hartwig,llambo_warmstart_steric_tpsa_balanced_optimization_conservative,27132,98.2872,92.859,1.7128,1,heldout,
real_buchwald_hartwig,llambo_warmstart_steric_tpsa_balanced_optimization_noprior,27132,98.2872,92.859,1.7128,1,heldout,
real_buchwald_hartwig,llm_calibrated_selector,27132,87.2375,86.8099,12.7625,0,heldout,llm_semantic_source_alignment_conservative_ligand_mass_noprior
real_buchwald_hartwig,llm_direct_prior_base_strength_solvent_polarity_domain,27132,85.8123,85.8123,14.1877,0,heldout,
real_buchwald_hartwig,llm_direct_prior_base_strength_solvent_polarity_domain_conservative,27132,90.7313,86.3042,9.2687,0,heldout,
real_buchwald_hartwig,llm_direct_prior_base_strength_solvent_polarity_domain_noprior,27132,85.8123,85.8123,14.1877,0,heldout,
real_buchwald_hartwig,llm_direct_prior_counter_source_acid_halide_reversal,27132,88.5139,87.9736,11.4861,0,heldout,
real_buchwald_hartwig,llm_direct_prior_counter_source_acid_halide_reversal_conservative,27132,88.5139,87.9736,11.4861,0,heldout,
real_buchwald_hartwig,llm_direct_prior_counter_source_acid_halide_reversal_noprior,27132,88.5139,87.9736,11.4861,0,heldout,
real_buchwald_hartwig,llm_direct_prior_cross_skill_rule_bank,27132,93.5641,90.1616,6.4359,0,heldout,
real_buchwald_hartwig,llm_direct_prior_halide_reactivity_additive_suppression,27132,85.8123,85.8123,14.1877,0,heldout,
real_buchwald_hartwig,llm_direct_prior_halide_reactivity_additive_suppression_conservative,27132,93.5878,88.5654,6.4122,0,heldout,
real_buchwald_hartwig,llm_direct_prior_halide_reactivity_additive_suppression_noprior,27132,85.8123,85.8123,14.1877,0,heldout,
real_buchwald_hartwig,llm_direct_prior_low_semantic_mass_anchor_heavy,27132,92.127,88.9124,7.873,0,heldout,
real_buchwald_hartwig,llm_direct_prior_low_semantic_mass_anchor_heavy_conservative,27132,92.127,88.9124,7.873,0,heldout,
real_buchwald_hartwig,llm_direct_prior_low_semantic_mass_anchor_heavy_noprior,27132,92.127,88.9124,7.873,0,heldout,
real_buchwald_hartwig,llm_direct_prior_mechanistic_heteroaromatic_halide_synergy,27132,85.8123,85.8123,14.1877,0,heldout,
real_buchwald_hartwig,llm_direct_prior_mechanistic_heteroaromatic_halide_synergy_conservative,27132,89.9742,88.7256,10.0258,0,heldout,
real_buchwald_hartwig,llm_direct_prior_mechanistic_heteroaromatic_halide_synergy_noprior,27132,85.8123,85.8123,14.1877,0,heldout,
real_buchwald_hartwig,llm_direct_prior_selector,27132,88.5139,87.9736,11.4861,0,heldout,llm_direct_prior_counter_source_acid_halide_reversal_noprior
real_buchwald_hartwig,llm_direct_prior_source_alignment_conservative_ligand_mass,27132,85.8123,85.8123,14.1877,0,heldout,
real_buchwald_hartwig,llm_direct_prior_source_alignment_conservative_ligand_mass_conservative,27132,85.8123,85.8123,14.1877,0,heldout,
real_buchwald_hartwig,llm_direct_prior_source_alignment_conservative_ligand_mass_noprior,27132,85.8123,85.8123,14.1877,0,heldout,
real_buchwald_hartwig,llm_direct_prior_source_schema_only_field_mapping,27132,85.8123,85.8123,14.1877,0,heldout,
real_buchwald_hartwig,llm_direct_prior_source_schema_only_field_mapping_conservative,27132,85.8123,85.8123,14.1877,0,heldout,
real_buchwald_hartwig,llm_direct_prior_source_schema_only_field_mapping_noprior,27132,85.8123,85.8123,14.1877,0,heldout,
real_buchwald_hartwig,llm_direct_prior_steric_tpsa_balanced_optimization,27132,85.8123,85.8123,14.1877,0,heldout,
real_buchwald_hartwig,llm_direct_prior_steric_tpsa_balanced_optimization_conservative,27132,85.8123,85.8123,14.1877,0,heldout,
real_buchwald_hartwig,llm_direct_prior_steric_tpsa_balanced_optimization_noprior,27132,85.8123,85.8123,14.1877,0,heldout,
real_buchwald_hartwig,llm_semantic_base_strength_solvent_polarity_domain,27132,96.1323,87.27,3.8677,0,heldout,
real_buchwald_hartwig,llm_semantic_base_strength_solvent_polarity_domain_conservative,27132,96.1323,88.9083,3.8677,0,heldout,
real_buchwald_hartwig,llm_semantic_base_strength_solvent_polarity_domain_noprior,27132,89.5592,86.9364,10.4408,0,heldout,
real_buchwald_hartwig,llm_semantic_counter_source_acid_halide_reversal,27132,100.0,90.541,0.0,1,heldout,
real_buchwald_hartwig,llm_semantic_counter_source_acid_halide_reversal_conservative,27132,85.8123,85.8123,14.1877,0,heldout,
real_buchwald_hartwig,llm_semantic_counter_source_acid_halide_reversal_noprior,27132,96.1323,90.0975,3.8677,0,heldout,
real_buchwald_hartwig,llm_semantic_cross_skill_rule_bank,27132,86.7621,86.0972,13.2379,0,heldout,
real_buchwald_hartwig,llm_semantic_halide_reactivity_additive_suppression,27132,96.1323,93.0363,3.8677,0,heldout,
real_buchwald_hartwig,llm_semantic_halide_reactivity_additive_suppression_conservative,27132,89.6142,87.3276,10.3858,0,heldout,
real_buchwald_hartwig,llm_semantic_halide_reactivity_additive_suppression_noprior,27132,96.1323,90.0975,3.8677,0,heldout,
real_buchwald_hartwig,llm_semantic_low_semantic_mass_anchor_heavy,27132,89.4195,86.8945,10.5805,0,heldout,
real_buchwald_hartwig,llm_semantic_low_semantic_mass_anchor_heavy_conservative,27132,93.5878,88.1496,6.4122,0,heldout,
real_buchwald_hartwig,llm_semantic_low_semantic_mass_anchor_heavy_noprior,27132,93.5878,88.1496,6.4122,0,heldout,
real_buchwald_hartwig,llm_semantic_mechanistic_heteroaromatic_halide_synergy,27132,93.5641,89.1241,6.4359,0,heldout,
real_buchwald_hartwig,llm_semantic_mechanistic_heteroaromatic_halide_synergy_conservative,27132,89.4195,87.5314,10.5805,0,heldout,
real_buchwald_hartwig,llm_semantic_mechanistic_heteroaromatic_halide_synergy_noprior,27132,89.4195,87.5314,10.5805,0,heldout,
real_buchwald_hartwig,llm_semantic_source_alignment_conservative_ligand_mass,27132,87.2375,86.8099,12.7625,0,heldout,
real_buchwald_hartwig,llm_semantic_source_alignment_conservative_ligand_mass_conservative,27132,87.2375,86.8099,12.7625,0,heldout,
real_buchwald_hartwig,llm_semantic_source_alignment_conservative_ligand_mass_noprior,27132,87.2375,86.8099,12.7625,0,heldout,
real_buchwald_hartwig,llm_semantic_source_schema_only_field_mapping,27132,86.4971,86.0177,13.5029,0,heldout,
real_buchwald_hartwig,llm_semantic_source_schema_only_field_mapping_conservative,27132,88.5139,86.3526,11.4861,0,heldout,
real_buchwald_hartwig,llm_semantic_source_schema_only_field_mapping_noprior,27132,96.1323,89.9403,3.8677,0,heldout,
real_buchwald_hartwig,llm_semantic_steric_tpsa_balanced_optimization,27132,97.5685,90.6541,2.4315,1,heldout,
real_buchwald_hartwig,llm_semantic_steric_tpsa_balanced_optimization_conservative,27132,92.127,87.9044,7.873,0,heldout,
real_buchwald_hartwig,llm_semantic_steric_tpsa_balanced_optimization_noprior,27132,86.7926,86.1953,13.2074,0,heldout,
real_buchwald_hartwig,mixed_kernel_gp_ei,27132,93.5641,90.4096,6.4359,0,heldout,
real_buchwald_hartwig,target_acquisition_portfolio,27132,93.5641,91.2386,6.4359,0,heldout,
real_buchwald_hartwig,care_strategy_router,27133,77.5468,77.5468,22.4532,0,heldout,llm_direct_prior_counter_source_acid_halide_reversal_noprior
real_buchwald_hartwig,gp_ucb,27133,89.6142,79.9603,10.3858,0,heldout,
real_buchwald_hartwig,llambo_warmstart_base_strength_solvent_polarity_domain,27133,82.1374,68.1934,17.8626,0,heldout,
real_buchwald_hartwig,llambo_warmstart_base_strength_solvent_polarity_domain_conservative,27133,82.1374,68.1934,17.8626,0,heldout,
real_buchwald_hartwig,llambo_warmstart_base_strength_solvent_polarity_domain_noprior,27133,82.1374,68.1934,17.8626,0,heldout,
real_buchwald_hartwig,llambo_warmstart_counter_source_acid_halide_reversal,27133,79.3465,66.27,20.6535,0,heldout,
real_buchwald_hartwig,llambo_warmstart_counter_source_acid_halide_reversal_conservative,27133,79.3465,66.27,20.6535,0,heldout,
real_buchwald_hartwig,llambo_warmstart_counter_source_acid_halide_reversal_noprior,27133,79.3465,66.27,20.6535,0,heldout,
real_buchwald_hartwig,llambo_warmstart_cross_skill_rule_bank,27133,93.3108,91.8048,6.6892,0,heldout,
real_buchwald_hartwig,llambo_warmstart_halide_reactivity_additive_suppression,27133,79.3705,68.4452,20.6295,0,heldout,
real_buchwald_hartwig,llambo_warmstart_halide_reactivity_additive_suppression_conservative,27133,79.3705,68.4452,20.6295,0,heldout,
real_buchwald_hartwig,llambo_warmstart_halide_reactivity_additive_suppression_noprior,27133,79.3705,68.4452,20.6295,0,heldout,
real_buchwald_hartwig,llambo_warmstart_low_semantic_mass_anchor_heavy,27133,88.4449,85.082,11.5551,0,heldout,
real_buchwald_hartwig,llambo_warmstart_low_semantic_mass_anchor_heavy_conservative,27133,88.4449,85.082,11.5551,0,heldout,
real_buchwald_hartwig,llambo_warmstart_low_semantic_mass_anchor_heavy_noprior,27133,88.4449,85.082,11.5551,0,heldout,
real_buchwald_hartwig,llambo_warmstart_mechanistic_heteroaromatic_halide_synergy,27133,93.0995,91.6069,6.9005,0,heldout,
real_buchwald_hartwig,llambo_warmstart_mechanistic_heteroaromatic_halide_synergy_conservative,27133,93.0995,91.6069,6.9005,0,heldout,
real_buchwald_hartwig,llambo_warmstart_mechanistic_heteroaromatic_halide_synergy_noprior,27133,93.0995,91.6069,6.9005,0,heldout,
real_buchwald_hartwig,llambo_warmstart_selector,27133,93.3108,91.8048,6.6892,0,heldout,llambo_warmstart_cross_skill_rule_bank
real_buchwald_hartwig,llambo_warmstart_source_alignment_conservative_ligand_mass,27133,100.0,97.1142,0.0,1,heldout,
real_buchwald_hartwig,llambo_warmstart_source_alignment_conservative_ligand_mass_conservative,27133,100.0,97.1142,0.0,1,heldout,
real_buchwald_hartwig,llambo_warmstart_source_alignment_conservative_ligand_mass_noprior,27133,100.0,97.1142,0.0,1,heldout,
real_buchwald_hartwig,llambo_warmstart_source_schema_only_field_mapping,27133,79.0795,75.6338,20.9205,0,heldout,
real_buchwald_hartwig,llambo_warmstart_source_schema_only_field_mapping_conservative,27133,79.0795,75.6338,20.9205,0,heldout,
real_buchwald_hartwig,llambo_warmstart_source_schema_only_field_mapping_noprior,27133,79.0795,75.6338,20.9205,0,heldout,
real_buchwald_hartwig,llambo_warmstart_steric_tpsa_balanced_optimization,27133,93.1012,75.6565,6.8988,0,heldout,
real_buchwald_hartwig,llambo_warmstart_steric_tpsa_balanced_optimization_conservative,27133,93.1012,75.6565,6.8988,0,heldout,
real_buchwald_hartwig,llambo_warmstart_steric_tpsa_balanced_optimization_noprior,27133,93.1012,75.6565,6.8988,0,heldout,
real_buchwald_hartwig,llm_calibrated_selector,27133,77.5468,77.5468,22.4532,0,heldout,llm_semantic_source_alignment_conservative_ligand_mass_noprior
real_buchwald_hartwig,llm_direct_prior_base_strength_solvent_polarity_domain,27133,77.5468,77.5468,22.4532,0,heldout,
real_buchwald_hartwig,llm_direct_prior_base_strength_solvent_polarity_domain_conservative,27133,77.5468,77.5468,22.4532,0,heldout,
real_buchwald_hartwig,llm_direct_prior_base_strength_solvent_polarity_domain_noprior,27133,77.5468,77.5468,22.4532,0,heldout,
real_buchwald_hartwig,llm_direct_prior_counter_source_acid_halide_reversal,27133,77.5468,77.5468,22.4532,0,heldout,
real_buchwald_hartwig,llm_direct_prior_counter_source_acid_halide_reversal_conservative,27133,77.5468,77.5468,22.4532,0,heldout,
real_buchwald_hartwig,llm_direct_prior_counter_source_acid_halide_reversal_noprior,27133,77.5468,77.5468,22.4532,0,heldout,
real_buchwald_hartwig,llm_direct_prior_cross_skill_rule_bank,27133,77.5468,77.5468,22.4532,0,heldout,
real_buchwald_hartwig,llm_direct_prior_halide_reactivity_additive_suppression,27133,86.0034,80.0838,13.9966,0,heldout,
real_buchwald_hartwig,llm_direct_prior_halide_reactivity_additive_suppression_conservative,27133,77.5468,77.5468,22.4532,0,heldout,
real_buchwald_hartwig,llm_direct_prior_halide_reactivity_additive_suppression_noprior,27133,86.0034,80.0838,13.9966,0,heldout,
real_buchwald_hartwig,llm_direct_prior_low_semantic_mass_anchor_heavy,27133,96.1323,89.5965,3.8677,0,heldout,
real_buchwald_hartwig,llm_direct_prior_low_semantic_mass_anchor_heavy_conservative,27133,96.1323,89.5965,3.8677,0,heldout,
real_buchwald_hartwig,llm_direct_prior_low_semantic_mass_anchor_heavy_noprior,27133,96.1323,89.5965,3.8677,0,heldout,
real_buchwald_hartwig,llm_direct_prior_mechanistic_heteroaromatic_halide_synergy,27133,95.129,84.9095,4.871,0,heldout,
real_buchwald_hartwig,llm_direct_prior_mechanistic_heteroaromatic_halide_synergy_conservative,27133,87.5291,80.5415,12.4709,0,heldout,
real_buchwald_hartwig,llm_direct_prior_mechanistic_heteroaromatic_halide_synergy_noprior,27133,95.129,84.9095,4.871,0,heldout,
real_buchwald_hartwig,llm_direct_prior_selector,27133,77.5468,77.5468,22.4532,0,heldout,llm_direct_prior_counter_source_acid_halide_reversal_noprior
real_buchwald_hartwig,llm_direct_prior_source_alignment_conservative_ligand_mass,27133,87.9408,81.7044,12.0592,0,heldout,
real_buchwald_hartwig,llm_direct_prior_source_alignment_conservative_ligand_mass_conservative,27133,87.9408,81.7044,12.0592,0,heldout,
real_buchwald_hartwig,llm_direct_prior_source_alignment_conservative_ligand_mass_noprior,27133,87.9408,81.7044,12.0592,0,heldout,
real_buchwald_hartwig,llm_direct_prior_source_schema_only_field_mapping,27133,77.5468,77.5468,22.4532,0,heldout,
real_buchwald_hartwig,llm_direct_prior_source_schema_only_field_mapping_conservative,27133,77.5468,77.5468,22.4532,0,heldout,
real_buchwald_hartwig,llm_direct_prior_source_schema_only_field_mapping_noprior,27133,77.5468,77.5468,22.4532,0,heldout,
real_buchwald_hartwig,llm_direct_prior_steric_tpsa_balanced_optimization,27133,78.3625,77.6284,21.6375,0,heldout,
real_buchwald_hartwig,llm_direct_prior_steric_tpsa_balanced_optimization_conservative,27133,77.5468,77.5468,22.4532,0,heldout,
real_buchwald_hartwig,llm_direct_prior_steric_tpsa_balanced_optimization_noprior,27133,78.3625,77.6284,21.6375,0,heldout,
real_buchwald_hartwig,llm_semantic_base_strength_solvent_polarity_domain,27133,77.5468,77.5468,22.4532,0,heldout,
real_buchwald_hartwig,llm_semantic_base_strength_solvent_polarity_domain_conservative,27133,77.5468,77.5468,22.4532,0,heldout,
real_buchwald_hartwig,llm_semantic_base_strength_solvent_polarity_domain_noprior,27133,77.5468,77.5468,22.4532,0,heldout,
real_buchwald_hartwig,llm_semantic_counter_source_acid_halide_reversal,27133,89.6142,79.9603,10.3858,0,heldout,
real_buchwald_hartwig,llm_semantic_counter_source_acid_halide_reversal_conservative,27133,96.1323,81.8188,3.8677,0,heldout,
real_buchwald_hartwig,llm_semantic_counter_source_acid_halide_reversal_noprior,27133,89.6142,79.9603,10.3858,0,heldout,
real_buchwald_hartwig,llm_semantic_cross_skill_rule_bank,27133,89.6142,85.994,10.3858,0,heldout,
real_buchwald_hartwig,llm_semantic_halide_reactivity_additive_suppression,27133,77.5468,77.5468,22.4532,0,heldout,
real_buchwald_hartwig,llm_semantic_halide_reactivity_additive_suppression_conservative,27133,77.5468,77.5468,22.4532,0,heldout,
real_buchwald_hartwig,llm_semantic_halide_reactivity_additive_suppression_noprior,27133,77.5468,77.5468,22.4532,0,heldout,
real_buchwald_hartwig,llm_semantic_low_semantic_mass_anchor_heavy,27133,89.6142,78.7535,10.3858,0,heldout,
real_buchwald_hartwig,llm_semantic_low_semantic_mass_anchor_heavy_conservative,27133,94.5498,85.685,5.4502,0,heldout,
real_buchwald_hartwig,llm_semantic_low_semantic_mass_anchor_heavy_noprior,27133,94.5498,85.685,5.4502,0,heldout,
real_buchwald_hartwig,llm_semantic_mechanistic_heteroaromatic_halide_synergy,27133,77.5468,77.5468,22.4532,0,heldout,
real_buchwald_hartwig,llm_semantic_mechanistic_heteroaromatic_halide_synergy_conservative,27133,77.5468,77.5468,22.4532,0,heldout,
real_buchwald_hartwig,llm_semantic_mechanistic_heteroaromatic_halide_synergy_noprior,27133,85.2207,81.6451,14.7793,0,heldout,
real_buchwald_hartwig,llm_semantic_source_alignment_conservative_ligand_mass,27133,90.7313,82.8206,9.2687,0,heldout,
real_buchwald_hartwig,llm_semantic_source_alignment_conservative_ligand_mass_conservative,27133,77.5468,77.5468,22.4532,0,heldout,
real_buchwald_hartwig,llm_semantic_source_alignment_conservative_ligand_mass_noprior,27133,77.5468,77.5468,22.4532,0,heldout,
real_buchwald_hartwig,llm_semantic_source_schema_only_field_mapping,27133,89.6142,78.7535,10.3858,0,heldout,
real_buchwald_hartwig,llm_semantic_source_schema_only_field_mapping_conservative,27133,77.5468,77.5468,22.4532,0,heldout,
real_buchwald_hartwig,llm_semantic_source_schema_only_field_mapping_noprior,27133,89.6142,78.7535,10.3858,0,heldout,
real_buchwald_hartwig,llm_semantic_steric_tpsa_balanced_optimization,27133,83.9556,80.0164,16.0444,0,heldout,
real_buchwald_hartwig,llm_semantic_steric_tpsa_balanced_optimization_conservative,27133,89.6142,81.167,10.3858,0,heldout,
real_buchwald_hartwig,llm_semantic_steric_tpsa_balanced_optimization_noprior,27133,87.2375,81.4231,12.7625,0,heldout,
real_buchwald_hartwig,mixed_kernel_gp_ei,27133,89.6142,79.9603,10.3858,0,heldout,
real_buchwald_hartwig,target_acquisition_portfolio,27133,89.6142,79.9603,10.3858,0,heldout,
real_buchwald_hartwig,care_strategy_router,27134,100.0,98.0548,0.0,1,heldout,llm_direct_prior_counter_source_acid_halide_reversal_noprior
real_buchwald_hartwig,gp_ucb,27134,100.0,96.0661,0.0,1,heldout,
real_buchwald_hartwig,llambo_warmstart_base_strength_solvent_polarity_domain,27134,87.902,86.0986,12.098,0,heldout,
real_buchwald_hartwig,llambo_warmstart_base_strength_solvent_polarity_domain_conservative,27134,87.902,86.0986,12.098,0,heldout,
real_buchwald_hartwig,llambo_warmstart_base_strength_solvent_polarity_domain_noprior,27134,87.902,86.0986,12.098,0,heldout,
real_buchwald_hartwig,llambo_warmstart_counter_source_acid_halide_reversal,27134,98.8492,95.675,1.1508,1,heldout,
real_buchwald_hartwig,llambo_warmstart_counter_source_acid_halide_reversal_conservative,27134,98.8492,95.675,1.1508,1,heldout,
real_buchwald_hartwig,llambo_warmstart_counter_source_acid_halide_reversal_noprior,27134,98.8492,95.675,1.1508,1,heldout,
real_buchwald_hartwig,llambo_warmstart_cross_skill_rule_bank,27134,93.3108,93.1418,6.6892,0,heldout,
real_buchwald_hartwig,llambo_warmstart_halide_reactivity_additive_suppression,27134,100.0,83.8938,0.0,1,heldout,
real_buchwald_hartwig,llambo_warmstart_halide_reactivity_additive_suppression_conservative,27134,100.0,83.8938,0.0,1,heldout,
real_buchwald_hartwig,llambo_warmstart_halide_reactivity_additive_suppression_noprior,27134,100.0,83.8938,0.0,1,heldout,
real_buchwald_hartwig,llambo_warmstart_low_semantic_mass_anchor_heavy,27134,91.1391,91.1391,8.8609,0,heldout,
real_buchwald_hartwig,llambo_warmstart_low_semantic_mass_anchor_heavy_conservative,27134,91.1391,91.1391,8.8609,0,heldout,
real_buchwald_hartwig,llambo_warmstart_low_semantic_mass_anchor_heavy_noprior,27134,91.1391,91.1391,8.8609,0,heldout,
real_buchwald_hartwig,llambo_warmstart_mechanistic_heteroaromatic_halide_synergy,27134,93.3108,90.5447,6.6892,0,heldout,
real_buchwald_hartwig,llambo_warmstart_mechanistic_heteroaromatic_halide_synergy_conservative,27134,93.3108,90.5447,6.6892,0,heldout,
real_buchwald_hartwig,llambo_warmstart_mechanistic_heteroaromatic_halide_synergy_noprior,27134,93.3108,90.5447,6.6892,0,heldout,
real_buchwald_hartwig,llambo_warmstart_selector,27134,93.3108,93.1418,6.6892,0,heldout,llambo_warmstart_cross_skill_rule_bank
real_buchwald_hartwig,llambo_warmstart_source_alignment_conservative_ligand_mass,27134,93.0326,78.8442,6.9674,0,heldout,
real_buchwald_hartwig,llambo_warmstart_source_alignment_conservative_ligand_mass_conservative,27134,93.0326,78.8442,6.9674,0,heldout,
real_buchwald_hartwig,llambo_warmstart_source_alignment_conservative_ligand_mass_noprior,27134,93.0326,78.8442,6.9674,0,heldout,
real_buchwald_hartwig,llambo_warmstart_source_schema_only_field_mapping,27134,79.3064,63.448,20.6936,0,heldout,
real_buchwald_hartwig,llambo_warmstart_source_schema_only_field_mapping_conservative,27134,79.3064,63.448,20.6936,0,heldout,
real_buchwald_hartwig,llambo_warmstart_source_schema_only_field_mapping_noprior,27134,79.3064,63.448,20.6936,0,heldout,
real_buchwald_hartwig,llambo_warmstart_steric_tpsa_balanced_optimization,27134,94.6911,70.839,5.3089,0,heldout,
real_buchwald_hartwig,llambo_warmstart_steric_tpsa_balanced_optimization_conservative,27134,94.6911,70.839,5.3089,0,heldout,
real_buchwald_hartwig,llambo_warmstart_steric_tpsa_balanced_optimization_noprior,27134,94.6911,70.839,5.3089,0,heldout,
real_buchwald_hartwig,llm_calibrated_selector,27134,90.3173,87.789,9.6827,0,heldout,llm_semantic_source_alignment_conservative_ligand_mass_noprior
real_buchwald_hartwig,llm_direct_prior_base_strength_solvent_polarity_domain,27134,90.2279,82.5573,9.7721,0,heldout,
real_buchwald_hartwig,llm_direct_prior_base_strength_solvent_polarity_domain_conservative,27134,100.0,95.6118,0.0,1,heldout,
real_buchwald_hartwig,llm_direct_prior_base_strength_solvent_polarity_domain_noprior,27134,90.2279,82.5573,9.7721,0,heldout,
real_buchwald_hartwig,llm_direct_prior_counter_source_acid_halide_reversal,27134,100.0,98.0548,0.0,1,heldout,
real_buchwald_hartwig,llm_direct_prior_counter_source_acid_halide_reversal_conservative,27134,100.0,98.0548,0.0,1,heldout,
real_buchwald_hartwig,llm_direct_prior_counter_source_acid_halide_reversal_noprior,27134,100.0,98.0548,0.0,1,heldout,
real_buchwald_hartwig,llm_direct_prior_cross_skill_rule_bank,27134,94.2969,87.0724,5.7031,0,heldout,
real_buchwald_hartwig,llm_direct_prior_halide_reactivity_additive_suppression,27134,79.0762,75.5137,20.9238,0,heldout,
real_buchwald_hartwig,llm_direct_prior_halide_reactivity_additive_suppression_conservative,27134,91.3733,77.9309,8.6267,0,heldout,
real_buchwald_hartwig,llm_direct_prior_halide_reactivity_additive_suppression_noprior,27134,79.0762,75.5137,20.9238,0,heldout,
real_buchwald_hartwig,llm_direct_prior_low_semantic_mass_anchor_heavy,27134,99.0345,86.7243,0.9655,1,heldout,
real_buchwald_hartwig,llm_direct_prior_low_semantic_mass_anchor_heavy_conservative,27134,99.0345,86.7243,0.9655,1,heldout,
real_buchwald_hartwig,llm_direct_prior_low_semantic_mass_anchor_heavy_noprior,27134,99.0345,86.7243,0.9655,1,heldout,
real_buchwald_hartwig,llm_direct_prior_mechanistic_heteroaromatic_halide_synergy,27134,98.7313,91.3627,1.2687,1,heldout,
real_buchwald_hartwig,llm_direct_prior_mechanistic_heteroaromatic_halide_synergy_conservative,27134,97.5685,87.7966,2.4315,1,heldout,
real_buchwald_hartwig,llm_direct_prior_mechanistic_heteroaromatic_halide_synergy_noprior,27134,98.7313,91.3627,1.2687,1,heldout,
real_buchwald_hartwig,llm_direct_prior_selector,27134,100.0,98.0548,0.0,1,heldout,llm_direct_prior_counter_source_acid_halide_reversal_noprior
real_buchwald_hartwig,llm_direct_prior_source_alignment_conservative_ligand_mass,27134,91.3733,82.8498,8.6267,0,heldout,
real_buchwald_hartwig,llm_direct_prior_source_alignment_conservative_ligand_mass_conservative,27134,91.3733,82.8498,8.6267,0,heldout,
real_buchwald_hartwig,llm_direct_prior_source_alignment_conservative_ligand_mass_noprior,27134,91.3733,82.8498,8.6267,0,heldout,
real_buchwald_hartwig,llm_direct_prior_source_schema_only_field_mapping,27134,89.8895,79.9863,10.1105,0,heldout,
real_buchwald_hartwig,llm_direct_prior_source_schema_only_field_mapping_conservative,27134,89.8895,79.9863,10.1105,0,heldout,
real_buchwald_hartwig,llm_direct_prior_source_schema_only_field_mapping_noprior,27134,89.8895,79.9863,10.1105,0,heldout,
real_buchwald_hartwig,llm_direct_prior_steric_tpsa_balanced_optimization,27134,84.8955,75.8351,15.1045,0,heldout,
real_buchwald_hartwig,llm_direct_prior_steric_tpsa_balanced_optimization_conservative,27134,83.3036,77.2744,16.6964,0,heldout,
real_buchwald_hartwig,llm_direct_prior_steric_tpsa_balanced_optimization_noprior,27134,84.8955,75.8351,15.1045,0,heldout,
real_buchwald_hartwig,llm_semantic_base_strength_solvent_polarity_domain,27134,84.6498,80.6065,15.3502,0,heldout,
real_buchwald_hartwig,llm_semantic_base_strength_solvent_polarity_domain_conservative,27134,83.1749,81.33,16.8251,0,heldout,
real_buchwald_hartwig,llm_semantic_base_strength_solvent_polarity_domain_noprior,27134,84.6498,80.6065,15.3502,0,heldout,
real_buchwald_hartwig,llm_semantic_counter_source_acid_halide_reversal,27134,89.6142,84.0298,10.3858,0,heldout,
real_buchwald_hartwig,llm_semantic_counter_source_acid_halide_reversal_conservative,27134,97.5685,80.9845,2.4315,1,heldout,
real_buchwald_hartwig,llm_semantic_counter_source_acid_halide_reversal_noprior,27134,86.4971,77.1328,13.5029,0,heldout,
real_buchwald_hartwig,llm_semantic_cross_skill_rule_bank,27134,86.4971,84.864,13.5029,0,heldout,
real_buchwald_hartwig,llm_semantic_halide_reactivity_additive_suppression,27134,89.6142,83.024,10.3858,0,heldout,
real_buchwald_hartwig,llm_semantic_halide_reactivity_additive_suppression_conservative,27134,99.0345,89.8363,0.9655,1,heldout,
real_buchwald_hartwig,llm_semantic_halide_reactivity_additive_suppression_noprior,27134,89.5592,88.7579,10.4408,0,heldout,
real_buchwald_hartwig,llm_semantic_low_semantic_mass_anchor_heavy,27134,100.0,94.6277,0.0,1,heldout,
real_buchwald_hartwig,llm_semantic_low_semantic_mass_anchor_heavy_conservative,27134,100.0,94.6277,0.0,1,heldout,
real_buchwald_hartwig,llm_semantic_low_semantic_mass_anchor_heavy_noprior,27134,100.0,94.6277,0.0,1,heldout,
real_buchwald_hartwig,llm_semantic_mechanistic_heteroaromatic_halide_synergy,27134,96.1323,89.2977,3.8677,0,heldout,
real_buchwald_hartwig,llm_semantic_mechanistic_heteroaromatic_halide_synergy_conservative,27134,89.6142,88.7909,10.3858,0,heldout,
real_buchwald_hartwig,llm_semantic_mechanistic_heteroaromatic_halide_synergy_noprior,27134,93.0995,80.1705,6.9005,0,heldout,
real_buchwald_hartwig,llm_semantic_source_alignment_conservative_ligand_mass,27134,90.3173,87.789,9.6827,0,heldout,
real_buchwald_hartwig,llm_semantic_source_alignment_conservative_ligand_mass_conservative,27134,90.3173,87.789,9.6827,0,heldout,
real_buchwald_hartwig,llm_semantic_source_alignment_conservative_ligand_mass_noprior,27134,90.3173,87.789,9.6827,0,heldout,
real_buchwald_hartwig,llm_semantic_source_schema_only_field_mapping,27134,73.1387,73.1387,26.8613,0,heldout,
real_buchwald_hartwig,llm_semantic_source_schema_only_field_mapping_conservative,27134,84.6825,77.7562,15.3175,0,heldout,
real_buchwald_hartwig,llm_semantic_source_schema_only_field_mapping_noprior,27134,84.6825,77.7562,15.3175,0,heldout,
real_buchwald_hartwig,llm_semantic_steric_tpsa_balanced_optimization,27134,93.0289,78.3294,6.9711,0,heldout,
real_buchwald_hartwig,llm_semantic_steric_tpsa_balanced_optimization_conservative,27134,89.5592,84.7931,10.4408,0,heldout,
real_buchwald_hartwig,llm_semantic_steric_tpsa_balanced_optimization_noprior,27134,92.1197,86.0808,7.8803,0,heldout,
real_buchwald_hartwig,mixed_kernel_gp_ei,27134,99.6191,99.1958,0.3809,1,heldout,
real_buchwald_hartwig,target_acquisition_portfolio,27134,99.6191,99.1958,0.3809,1,heldout,
real_buchwald_hartwig,care_strategy_router,27135,93.4211,91.9043,6.5789,0,heldout,llm_direct_prior_counter_source_acid_halide_reversal_noprior
real_buchwald_hartwig,gp_ucb,27135,92.8977,87.5794,7.1023,0,heldout,
real_buchwald_hartwig,llambo_warmstart_base_strength_solvent_polarity_domain,27135,83.8254,67.9039,16.1746,0,heldout,
real_buchwald_hartwig,llambo_warmstart_base_strength_solvent_polarity_domain_conservative,27135,83.8254,67.9039,16.1746,0,heldout,
real_buchwald_hartwig,llambo_warmstart_base_strength_solvent_polarity_domain_noprior,27135,83.8254,67.9039,16.1746,0,heldout,
real_buchwald_hartwig,llambo_warmstart_counter_source_acid_halide_reversal,27135,100.0,98.7028,0.0,1,heldout,
real_buchwald_hartwig,llambo_warmstart_counter_source_acid_halide_reversal_conservative,27135,100.0,98.7028,0.0,1,heldout,
real_buchwald_hartwig,llambo_warmstart_counter_source_acid_halide_reversal_noprior,27135,100.0,98.7028,0.0,1,heldout,
real_buchwald_hartwig,llambo_warmstart_cross_skill_rule_bank,27135,88.4449,88.4449,11.5551,0,heldout,
real_buchwald_hartwig,llambo_warmstart_halide_reactivity_additive_suppression,27135,83.8254,77.4381,16.1746,0,heldout,
real_buchwald_hartwig,llambo_warmstart_halide_reactivity_additive_suppression_conservative,27135,83.8254,77.4381,16.1746,0,heldout,
real_buchwald_hartwig,llambo_warmstart_halide_reactivity_additive_suppression_noprior,27135,83.8254,77.4381,16.1746,0,heldout,
real_buchwald_hartwig,llambo_warmstart_low_semantic_mass_anchor_heavy,27135,99.0345,95.157,0.9655,1,heldout,
real_buchwald_hartwig,llambo_warmstart_low_semantic_mass_anchor_heavy_conservative,27135,99.0345,95.157,0.9655,1,heldout,
real_buchwald_hartwig,llambo_warmstart_low_semantic_mass_anchor_heavy_noprior,27135,99.0345,95.157,0.9655,1,heldout,
real_buchwald_hartwig,llambo_warmstart_mechanistic_heteroaromatic_halide_synergy,27135,93.5641,93.5641,6.4359,0,heldout,
real_buchwald_hartwig,llambo_warmstart_mechanistic_heteroaromatic_halide_synergy_conservative,27135,93.5641,93.5641,6.4359,0,heldout,
real_buchwald_hartwig,llambo_warmstart_mechanistic_heteroaromatic_halide_synergy_noprior,27135,93.5641,93.5641,6.4359,0,heldout,
real_buchwald_hartwig,llambo_warmstart_selector,27135,88.4449,88.4449,11.5551,0,heldout,llambo_warmstart_cross_skill_rule_bank
real_buchwald_hartwig,llambo_warmstart_source_alignment_conservative_ligand_mass,27135,94.5498,82.5407,5.4502,0,heldout,
real_buchwald_hartwig,llambo_warmstart_source_alignment_conservative_ligand_mass_conservative,27135,94.5498,82.5407,5.4502,0,heldout,
real_buchwald_hartwig,llambo_warmstart_source_alignment_conservative_ligand_mass_noprior,27135,94.5498,82.5407,5.4502,0,heldout,
real_buchwald_hartwig,llambo_warmstart_source_schema_only_field_mapping,27135,100.0,84.6987,0.0,1,heldout,
real_buchwald_hartwig,llambo_warmstart_source_schema_only_field_mapping_conservative,27135,100.0,84.6987,0.0,1,heldout,
real_buchwald_hartwig,llambo_warmstart_source_schema_only_field_mapping_noprior,27135,100.0,84.6987,0.0,1,heldout,
real_buchwald_hartwig,llambo_warmstart_steric_tpsa_balanced_optimization,27135,87.5291,74.031,12.4709,0,heldout,
real_buchwald_hartwig,llambo_warmstart_steric_tpsa_balanced_optimization_conservative,27135,87.5291,74.031,12.4709,0,heldout,
real_buchwald_hartwig,llambo_warmstart_steric_tpsa_balanced_optimization_noprior,27135,87.5291,74.031,12.4709,0,heldout,
real_buchwald_hartwig,llm_calibrated_selector,27135,55.1638,55.1638,44.8362,0,heldout,llm_semantic_source_alignment_conservative_ligand_mass_noprior
real_buchwald_hartwig,llm_direct_prior_base_strength_solvent_polarity_domain,27135,88.4449,58.4278,11.5551,0,heldout,
real_buchwald_hartwig,llm_direct_prior_base_strength_solvent_polarity_domain_conservative,27135,59.4785,48.0811,40.5215,0,heldout,
real_buchwald_hartwig,llm_direct_prior_base_strength_solvent_polarity_domain_noprior,27135,88.4449,58.4278,11.5551,0,heldout,
real_buchwald_hartwig,llm_direct_prior_counter_source_acid_halide_reversal,27135,93.4211,91.9043,6.5789,0,heldout,
real_buchwald_hartwig,llm_direct_prior_counter_source_acid_halide_reversal_conservative,27135,94.6911,94.6911,5.3089,0,heldout,
real_buchwald_hartwig,llm_direct_prior_counter_source_acid_halide_reversal_noprior,27135,93.4211,91.9043,6.5789,0,heldout,
real_buchwald_hartwig,llm_direct_prior_cross_skill_rule_bank,27135,98.7313,85.3624,1.2687,1,heldout,
real_buchwald_hartwig,llm_direct_prior_halide_reactivity_additive_suppression,27135,90.7313,85.6296,9.2687,0,heldout,
real_buchwald_hartwig,llm_direct_prior_halide_reactivity_additive_suppression_conservative,27135,90.7313,78.4927,9.2687,0,heldout,
real_buchwald_hartwig,llm_direct_prior_halide_reactivity_additive_suppression_noprior,27135,90.7313,85.6296,9.2687,0,heldout,
real_buchwald_hartwig,llm_direct_prior_low_semantic_mass_anchor_heavy,27135,93.0289,87.4299,6.9711,0,heldout,
real_buchwald_hartwig,llm_direct_prior_low_semantic_mass_anchor_heavy_conservative,27135,93.0289,87.4299,6.9711,0,heldout,
real_buchwald_hartwig,llm_direct_prior_low_semantic_mass_anchor_heavy_noprior,27135,93.0289,87.4299,6.9711,0,heldout,
real_buchwald_hartwig,llm_direct_prior_mechanistic_heteroaromatic_halide_synergy,27135,85.6592,84.6814,14.3408,0,heldout,
real_buchwald_hartwig,llm_direct_prior_mechanistic_heteroaromatic_halide_synergy_conservative,27135,85.6592,85.1703,14.3408,0,heldout,
real_buchwald_hartwig,llm_direct_prior_mechanistic_heteroaromatic_halide_synergy_noprior,27135,85.6592,84.6814,14.3408,0,heldout,
real_buchwald_hartwig,llm_direct_prior_selector,27135,93.4211,91.9043,6.5789,0,heldout,llm_direct_prior_counter_source_acid_halide_reversal_noprior
real_buchwald_hartwig,llm_direct_prior_source_alignment_conservative_ligand_mass,27135,98.2872,90.085,1.7128,1,heldout,
real_buchwald_hartwig,llm_direct_prior_source_alignment_conservative_ligand_mass_conservative,27135,98.2872,90.085,1.7128,1,heldout,
real_buchwald_hartwig,llm_direct_prior_source_alignment_conservative_ligand_mass_noprior,27135,98.2872,90.085,1.7128,1,heldout,
real_buchwald_hartwig,llm_direct_prior_source_schema_only_field_mapping,27135,78.3625,47.9577,21.6375,0,heldout,
real_buchwald_hartwig,llm_direct_prior_source_schema_only_field_mapping_conservative,27135,78.3625,47.9577,21.6375,0,heldout,
real_buchwald_hartwig,llm_direct_prior_source_schema_only_field_mapping_noprior,27135,78.3625,47.9577,21.6375,0,heldout,
real_buchwald_hartwig,llm_direct_prior_steric_tpsa_balanced_optimization,27135,52.5506,48.117,47.4494,0,heldout,
real_buchwald_hartwig,llm_direct_prior_steric_tpsa_balanced_optimization_conservative,27135,76.7953,64.6727,23.2047,0,heldout,
real_buchwald_hartwig,llm_direct_prior_steric_tpsa_balanced_optimization_noprior,27135,52.5506,48.117,47.4494,0,heldout,
real_buchwald_hartwig,llm_semantic_base_strength_solvent_polarity_domain,27135,88.4043,73.8331,11.5957,0,heldout,
real_buchwald_hartwig,llm_semantic_base_strength_solvent_polarity_domain_conservative,27135,83.4092,68.3934,16.5908,0,heldout,
real_buchwald_hartwig,llm_semantic_base_strength_solvent_polarity_domain_noprior,27135,83.4092,70.8628,16.5908,0,heldout,
real_buchwald_hartwig,llm_semantic_counter_source_acid_halide_reversal,27135,93.0289,61.8885,6.9711,0,heldout,
real_buchwald_hartwig,llm_semantic_counter_source_acid_halide_reversal_conservative,27135,98.2872,73.634,1.7128,1,heldout,
real_buchwald_hartwig,llm_semantic_counter_source_acid_halide_reversal_noprior,27135,91.4851,62.7351,8.5149,0,heldout,
real_buchwald_hartwig,llm_semantic_cross_skill_rule_bank,27135,92.659,88.9131,7.341,0,heldout,
real_buchwald_hartwig,llm_semantic_halide_reactivity_additive_suppression,27135,88.4043,72.8934,11.5957,0,heldout,
real_buchwald_hartwig,llm_semantic_halide_reactivity_additive_suppression_conservative,27135,85.6057,72.5176,14.3943,0,heldout,
real_buchwald_hartwig,llm_semantic_halide_reactivity_additive_suppression_noprior,27135,83.4092,72.3939,16.5908,0,heldout,
real_buchwald_hartwig,llm_semantic_low_semantic_mass_anchor_heavy,27135,83.7372,75.9451,16.2628,0,heldout,
real_buchwald_hartwig,llm_semantic_low_semantic_mass_anchor_heavy_conservative,27135,76.7953,65.8163,23.2047,0,heldout,
real_buchwald_hartwig,llm_semantic_low_semantic_mass_anchor_heavy_noprior,27135,76.7953,65.8163,23.2047,0,heldout,
real_buchwald_hartwig,llm_semantic_mechanistic_heteroaromatic_halide_synergy,27135,100.0,82.1416,0.0,1,heldout,
real_buchwald_hartwig,llm_semantic_mechanistic_heteroaromatic_halide_synergy_conservative,27135,93.0289,88.6623,6.9711,0,heldout,
real_buchwald_hartwig,llm_semantic_mechanistic_heteroaromatic_halide_synergy_noprior,27135,85.1332,80.7533,14.8668,0,heldout,
real_buchwald_hartwig,llm_semantic_source_alignment_conservative_ligand_mass,27135,93.0289,74.319,6.9711,0,heldout,
real_buchwald_hartwig,llm_semantic_source_alignment_conservative_ligand_mass_conservative,27135,55.1638,55.1638,44.8362,0,heldout,
real_buchwald_hartwig,llm_semantic_source_alignment_conservative_ligand_mass_noprior,27135,55.1638,55.1638,44.8362,0,heldout,
real_buchwald_hartwig,llm_semantic_source_schema_only_field_mapping,27135,81.6307,56.7996,18.3693,0,heldout,
real_buchwald_hartwig,llm_semantic_source_schema_only_field_mapping_conservative,27135,93.0289,55.5467,6.9711,0,heldout,
real_buchwald_hartwig,llm_semantic_source_schema_only_field_mapping_noprior,27135,75.2094,53.7647,24.7906,0,heldout,
real_buchwald_hartwig,llm_semantic_steric_tpsa_balanced_optimization,27135,98.2872,87.6058,1.7128,1,heldout,
real_buchwald_hartwig,llm_semantic_steric_tpsa_balanced_optimization_conservative,27135,85.6057,71.0252,14.3943,0,heldout,
real_buchwald_hartwig,llm_semantic_steric_tpsa_balanced_optimization_noprior,27135,98.2872,77.4726,1.7128,1,heldout,
real_buchwald_hartwig,mixed_kernel_gp_ei,27135,96.5912,90.1783,3.4088,0,heldout,
real_buchwald_hartwig,target_acquisition_portfolio,27135,93.3108,87.6207,6.6892,0,heldout,
real_buchwald_hartwig,care_strategy_router,27136,93.0289,81.941,6.9711,0,heldout,llm_direct_prior_counter_source_acid_halide_reversal_noprior
real_buchwald_hartwig,gp_ucb,27136,93.8745,76.4208,6.1255,0,heldout,
real_buchwald_hartwig,llambo_warmstart_base_strength_solvent_polarity_domain,27136,95.3865,91.7671,4.6135,0,heldout,
real_buchwald_hartwig,llambo_warmstart_base_strength_solvent_polarity_domain_conservative,27136,95.3865,91.7671,4.6135,0,heldout,
real_buchwald_hartwig,llambo_warmstart_base_strength_solvent_polarity_domain_noprior,27136,95.3865,91.7671,4.6135,0,heldout,
real_buchwald_hartwig,llambo_warmstart_counter_source_acid_halide_reversal,27136,98.8492,91.1331,1.1508,1,heldout,
real_buchwald_hartwig,llambo_warmstart_counter_source_acid_halide_reversal_conservative,27136,98.8492,91.1331,1.1508,1,heldout,
real_buchwald_hartwig,llambo_warmstart_counter_source_acid_halide_reversal_noprior,27136,98.8492,91.1331,1.1508,1,heldout,
real_buchwald_hartwig,llambo_warmstart_cross_skill_rule_bank,27136,93.7486,91.9306,6.2514,0,heldout,
real_buchwald_hartwig,llambo_warmstart_halide_reactivity_additive_suppression,27136,100.0,97.0948,0.0,1,heldout,
real_buchwald_hartwig,llambo_warmstart_halide_reactivity_additive_suppression_conservative,27136,100.0,97.0948,0.0,1,heldout,
real_buchwald_hartwig,llambo_warmstart_halide_reactivity_additive_suppression_noprior,27136,100.0,97.0948,0.0,1,heldout,
real_buchwald_hartwig,llambo_warmstart_low_semantic_mass_anchor_heavy,27136,90.9905,90.9905,9.0095,0,heldout,
real_buchwald_hartwig,llambo_warmstart_low_semantic_mass_anchor_heavy_conservative,27136,90.9905,90.9905,9.0095,0,heldout,
real_buchwald_hartwig,llambo_warmstart_low_semantic_mass_anchor_heavy_noprior,27136,90.9905,90.9905,9.0095,0,heldout,
real_buchwald_hartwig,llambo_warmstart_mechanistic_heteroaromatic_halide_synergy,27136,93.0326,90.5096,6.9674,0,heldout,
real_buchwald_hartwig,llambo_warmstart_mechanistic_heteroaromatic_halide_synergy_conservative,27136,93.0326,90.5096,6.9674,0,heldout,
real_buchwald_hartwig,llambo_warmstart_mechanistic_heteroaromatic_halide_synergy_noprior,27136,93.0326,90.5096,6.9674,0,heldout,
real_buchwald_hartwig,llambo_warmstart_selector,27136,93.7486,91.9306,6.2514,0,heldout,llambo_warmstart_cross_skill_rule_bank
real_buchwald_hartwig,llambo_warmstart_source_alignment_conservative_ligand_mass,27136,80.3959,79.6412,19.6041,0,heldout,
real_buchwald_hartwig,llambo_warmstart_source_alignment_conservative_ligand_mass_conservative,27136,80.3959,79.6412,19.6041,0,heldout,
real_buchwald_hartwig,llambo_warmstart_source_alignment_conservative_ligand_mass_noprior,27136,80.3959,79.6412,19.6041,0,heldout,
real_buchwald_hartwig,llambo_warmstart_source_schema_only_field_mapping,27136,91.2097,83.222,8.7903,0,heldout,
real_buchwald_hartwig,llambo_warmstart_source_schema_only_field_mapping_conservative,27136,91.2097,83.222,8.7903,0,heldout,
real_buchwald_hartwig,llambo_warmstart_source_schema_only_field_mapping_noprior,27136,91.2097,83.222,8.7903,0,heldout,
real_buchwald_hartwig,llambo_warmstart_steric_tpsa_balanced_optimization,27136,94.3462,80.8103,5.6538,0,heldout,
real_buchwald_hartwig,llambo_warmstart_steric_tpsa_balanced_optimization_conservative,27136,94.3462,80.8103,5.6538,0,heldout,
real_buchwald_hartwig,llambo_warmstart_steric_tpsa_balanced_optimization_noprior,27136,94.3462,80.8103,5.6538,0,heldout,
real_buchwald_hartwig,llm_calibrated_selector,27136,75.2094,68.8412,24.7906,0,heldout,llm_semantic_source_alignment_conservative_ligand_mass_noprior
real_buchwald_hartwig,llm_direct_prior_base_strength_solvent_polarity_domain,27136,88.4449,85.2475,11.5551,0,heldout,
real_buchwald_hartwig,llm_direct_prior_base_strength_solvent_polarity_domain_conservative,27136,90.2279,80.5016,9.7721,0,heldout,
real_buchwald_hartwig,llm_direct_prior_base_strength_solvent_polarity_domain_noprior,27136,88.4449,85.2475,11.5551,0,heldout,
real_buchwald_hartwig,llm_direct_prior_counter_source_acid_halide_reversal,27136,93.0289,81.941,6.9711,0,heldout,
real_buchwald_hartwig,llm_direct_prior_counter_source_acid_halide_reversal_conservative,27136,81.1512,79.6304,18.8488,0,heldout,
real_buchwald_hartwig,llm_direct_prior_counter_source_acid_halide_reversal_noprior,27136,93.0289,81.941,6.9711,0,heldout,
real_buchwald_hartwig,llm_direct_prior_cross_skill_rule_bank,27136,86.1051,79.9819,13.8949,0,heldout,
real_buchwald_hartwig,llm_direct_prior_halide_reactivity_additive_suppression,27136,77.7868,77.7868,22.2132,0,heldout,
real_buchwald_hartwig,llm_direct_prior_halide_reactivity_additive_suppression_conservative,27136,83.7372,80.167,16.2628,0,heldout,
real_buchwald_hartwig,llm_direct_prior_halide_reactivity_additive_suppression_noprior,27136,77.7868,77.7868,22.2132,0,heldout,
real_buchwald_hartwig,llm_direct_prior_low_semantic_mass_anchor_heavy,27136,82.1374,64.1382,17.8626,0,heldout,
real_buchwald_hartwig,llm_direct_prior_low_semantic_mass_anchor_heavy_conservative,27136,82.1374,64.1382,17.8626,0,heldout,
real_buchwald_hartwig,llm_direct_prior_low_semantic_mass_anchor_heavy_noprior,27136,82.1374,64.1382,17.8626,0,heldout,
real_buchwald_hartwig,llm_direct_prior_mechanistic_heteroaromatic_halide_synergy,27136,89.8977,84.5771,10.1023,0,heldout,
real_buchwald_hartwig,llm_direct_prior_mechanistic_heteroaromatic_halide_synergy_conservative,27136,91.0563,74.4611,8.9437,0,heldout,
real_buchwald_hartwig,llm_direct_prior_mechanistic_heteroaromatic_halide_synergy_noprior,27136,89.8977,84.5771,10.1023,0,heldout,
real_buchwald_hartwig,llm_direct_prior_selector,27136,93.0289,81.941,6.9711,0,heldout,llm_direct_prior_counter_source_acid_halide_reversal_noprior
real_buchwald_hartwig,llm_direct_prior_source_alignment_conservative_ligand_mass,27136,70.0079,58.4729,29.9921,0,heldout,
real_buchwald_hartwig,llm_direct_prior_source_alignment_conservative_ligand_mass_conservative,27136,70.0079,58.4729,29.9921,0,heldout,
real_buchwald_hartwig,llm_direct_prior_source_alignment_conservative_ligand_mass_noprior,27136,70.0079,58.4729,29.9921,0,heldout,
real_buchwald_hartwig,llm_direct_prior_source_schema_only_field_mapping,27136,75.9543,71.6407,24.0457,0,heldout,
real_buchwald_hartwig,llm_direct_prior_source_schema_only_field_mapping_conservative,27136,75.9543,71.6407,24.0457,0,heldout,
real_buchwald_hartwig,llm_direct_prior_source_schema_only_field_mapping_noprior,27136,75.9543,71.6407,24.0457,0,heldout,
real_buchwald_hartwig,llm_direct_prior_steric_tpsa_balanced_optimization,27136,70.0079,53.9184,29.9921,0,heldout,
real_buchwald_hartwig,llm_direct_prior_steric_tpsa_balanced_optimization_conservative,27136,79.8724,73.1527,20.1276,0,heldout,
real_buchwald_hartwig,llm_direct_prior_steric_tpsa_balanced_optimization_noprior,27136,70.0079,53.9184,29.9921,0,heldout,
real_buchwald_hartwig,llm_semantic_base_strength_solvent_polarity_domain,27136,68.6732,62.0954,31.3268,0,heldout,
real_buchwald_hartwig,llm_semantic_base_strength_solvent_polarity_domain_conservative,27136,83.3382,61.5637,16.6618,0,heldout,
real_buchwald_hartwig,llm_semantic_base_strength_solvent_polarity_domain_noprior,27136,68.6732,60.0972,31.3268,0,heldout,
real_buchwald_hartwig,llm_semantic_counter_source_acid_halide_reversal,27136,92.256,71.6617,7.744,0,heldout,
real_buchwald_hartwig,llm_semantic_counter_source_acid_halide_reversal_conservative,27136,90.7313,77.0754,9.2687,0,heldout,
real_buchwald_hartwig,llm_semantic_counter_source_acid_halide_reversal_noprior,27136,94.6911,63.9327,5.3089,0,heldout,
real_buchwald_hartwig,llm_semantic_cross_skill_rule_bank,27136,84.5566,70.006,15.4434,0,heldout,
real_buchwald_hartwig,llm_semantic_halide_reactivity_additive_suppression,27136,94.1517,73.1256,5.8483,0,heldout,
real_buchwald_hartwig,llm_semantic_halide_reactivity_additive_suppression_conservative,27136,64.8056,48.4431,35.1944,0,heldout,
real_buchwald_hartwig,llm_semantic_halide_reactivity_additive_suppression_noprior,27136,49.583,48.1218,50.417,0,heldout,
real_buchwald_hartwig,llm_semantic_low_semantic_mass_anchor_heavy,27136,77.7868,55.9921,22.2132,0,heldout,
real_buchwald_hartwig,llm_semantic_low_semantic_mass_anchor_heavy_conservative,27136,78.8011,57.2911,21.1989,0,heldout,
real_buchwald_hartwig,llm_semantic_low_semantic_mass_anchor_heavy_noprior,27136,78.8011,57.2911,21.1989,0,heldout,
real_buchwald_hartwig,llm_semantic_mechanistic_heteroaromatic_halide_synergy,27136,84.602,80.3651,15.398,0,heldout,
real_buchwald_hartwig,llm_semantic_mechanistic_heteroaromatic_halide_synergy_conservative,27136,87.902,81.0946,12.098,0,heldout,
real_buchwald_hartwig,llm_semantic_mechanistic_heteroaromatic_halide_synergy_noprior,27136,93.0995,81.6315,6.9005,0,heldout,
real_buchwald_hartwig,llm_semantic_source_alignment_conservative_ligand_mass,27136,81.6307,69.4834,18.3693,0,heldout,
real_buchwald_hartwig,llm_semantic_source_alignment_conservative_ligand_mass_conservative,27136,75.2094,68.8412,24.7906,0,heldout,
real_buchwald_hartwig,llm_semantic_source_alignment_conservative_ligand_mass_noprior,27136,75.2094,68.8412,24.7906,0,heldout,
real_buchwald_hartwig,llm_semantic_source_schema_only_field_mapping,27136,62.4656,52.8772,37.5344,0,heldout,
real_buchwald_hartwig,llm_semantic_source_schema_only_field_mapping_conservative,27136,88.4464,58.0733,11.5536,0,heldout,
real_buchwald_hartwig,llm_semantic_source_schema_only_field_mapping_noprior,27136,88.4464,58.0733,11.5536,0,heldout,
real_buchwald_hartwig,llm_semantic_steric_tpsa_balanced_optimization,27136,98.2872,81.2222,1.7128,1,heldout,
real_buchwald_hartwig,llm_semantic_steric_tpsa_balanced_optimization_conservative,27136,98.2872,79.7672,1.7128,1,heldout,
real_buchwald_hartwig,llm_semantic_steric_tpsa_balanced_optimization_noprior,27136,93.8745,64.9246,6.1255,0,heldout,
real_buchwald_hartwig,mixed_kernel_gp_ei,27136,85.9947,73.6478,14.0053,0,heldout,
real_buchwald_hartwig,target_acquisition_portfolio,27136,93.8745,74.5814,6.1255,0,heldout,
real_buchwald_hartwig,care_strategy_router,27137,96.1323,96.1323,3.8677,0,heldout,llm_direct_prior_counter_source_acid_halide_reversal_noprior
real_buchwald_hartwig,gp_ucb,27137,96.1323,96.1323,3.8677,0,heldout,
real_buchwald_hartwig,llambo_warmstart_base_strength_solvent_polarity_domain,27137,89.9742,83.6467,10.0258,0,heldout,
real_buchwald_hartwig,llambo_warmstart_base_strength_solvent_polarity_domain_conservative,27137,89.9742,83.6467,10.0258,0,heldout,
real_buchwald_hartwig,llambo_warmstart_base_strength_solvent_polarity_domain_noprior,27137,89.9742,83.6467,10.0258,0,heldout,
real_buchwald_hartwig,llambo_warmstart_counter_source_acid_halide_reversal,27137,100.0,95.3615,0.0,1,heldout,
real_buchwald_hartwig,llambo_warmstart_counter_source_acid_halide_reversal_conservative,27137,100.0,95.3615,0.0,1,heldout,
real_buchwald_hartwig,llambo_warmstart_counter_source_acid_halide_reversal_noprior,27137,100.0,95.3615,0.0,1,heldout,
real_buchwald_hartwig,llambo_warmstart_cross_skill_rule_bank,27137,98.7313,98.7313,1.2687,1,heldout,
real_buchwald_hartwig,llambo_warmstart_halide_reactivity_additive_suppression,27137,94.1517,85.2445,5.8483,0,heldout,
real_buchwald_hartwig,llambo_warmstart_halide_reactivity_additive_suppression_conservative,27137,94.1517,85.2445,5.8483,0,heldout,
real_buchwald_hartwig,llambo_warmstart_halide_reactivity_additive_suppression_noprior,27137,94.1517,85.2445,5.8483,0,heldout,
real_buchwald_hartwig,llambo_warmstart_low_semantic_mass_anchor_heavy,27137,95.6759,76.5697,4.3241,0,heldout,
real_buchwald_hartwig,llambo_warmstart_low_semantic_mass_anchor_heavy_conservative,27137,95.6759,76.5697,4.3241,0,heldout,
real_buchwald_hartwig,llambo_warmstart_low_semantic_mass_anchor_heavy_noprior,27137,95.6759,76.5697,4.3241,0,heldout,
real_buchwald_hartwig,llambo_warmstart_mechanistic_heteroaromatic_halide_synergy,27137,94.3462,80.202,5.6538,0,heldout,
real_buchwald_hartwig,llambo_warmstart_mechanistic_heteroaromatic_halide_synergy_conservative,27137,94.3462,80.202,5.6538,0,heldout,
real_buchwald_hartwig,llambo_warmstart_mechanistic_heteroaromatic_halide_synergy_noprior,27137,94.3462,80.202,5.6538,0,heldout,
real_buchwald_hartwig,llambo_warmstart_selector,27137,98.7313,98.7313,1.2687,1,heldout,llambo_warmstart_cross_skill_rule_bank
real_buchwald_hartwig,llambo_warmstart_source_alignment_conservative_ligand_mass,27137,98.8492,90.6137,1.1508,1,heldout,
real_buchwald_hartwig,llambo_warmstart_source_alignment_conservative_ligand_mass_conservative,27137,98.8492,90.6137,1.1508,1,heldout,
real_buchwald_hartwig,llambo_warmstart_source_alignment_conservative_ligand_mass_noprior,27137,98.8492,90.6137,1.1508,1,heldout,
real_buchwald_hartwig,llambo_warmstart_source_schema_only_field_mapping,27137,94.8799,94.4529,5.1201,0,heldout,
real_buchwald_hartwig,llambo_warmstart_source_schema_only_field_mapping_conservative,27137,94.8799,94.4529,5.1201,0,heldout,
real_buchwald_hartwig,llambo_warmstart_source_schema_only_field_mapping_noprior,27137,94.8799,94.4529,5.1201,0,heldout,
real_buchwald_hartwig,llambo_warmstart_steric_tpsa_balanced_optimization,27137,82.1374,73.0232,17.8626,0,heldout,
real_buchwald_hartwig,llambo_warmstart_steric_tpsa_balanced_optimization_conservative,27137,82.1374,73.0232,17.8626,0,heldout,
real_buchwald_hartwig,llambo_warmstart_steric_tpsa_balanced_optimization_noprior,27137,82.1374,73.0232,17.8626,0,heldout,
real_buchwald_hartwig,llm_calibrated_selector,27137,96.1323,96.1323,3.8677,0,heldout,llm_semantic_source_alignment_conservative_ligand_mass_noprior
real_buchwald_hartwig,llm_direct_prior_base_strength_solvent_polarity_domain,27137,96.1323,96.1323,3.8677,0,heldout,
real_buchwald_hartwig,llm_direct_prior_base_strength_solvent_polarity_domain_conservative,27137,96.1323,96.1323,3.8677,0,heldout,
real_buchwald_hartwig,llm_direct_prior_base_strength_solvent_polarity_domain_noprior,27137,96.1323,96.1323,3.8677,0,heldout,
real_buchwald_hartwig,llm_direct_prior_counter_source_acid_halide_reversal,27137,96.1323,96.1323,3.8677,0,heldout,
real_buchwald_hartwig,llm_direct_prior_counter_source_acid_halide_reversal_conservative,27137,96.1323,96.1323,3.8677,0,heldout,
real_buchwald_hartwig,llm_direct_prior_counter_source_acid_halide_reversal_noprior,27137,96.1323,96.1323,3.8677,0,heldout,
real_buchwald_hartwig,llm_direct_prior_cross_skill_rule_bank,27137,96.1323,96.1323,3.8677,0,heldout,
real_buchwald_hartwig,llm_direct_prior_halide_reactivity_additive_suppression,27137,96.1323,96.1323,3.8677,0,heldout,
real_buchwald_hartwig,llm_direct_prior_halide_reactivity_additive_suppression_conservative,27137,96.1323,96.1323,3.8677,0,heldout,
real_buchwald_hartwig,llm_direct_prior_halide_reactivity_additive_suppression_noprior,27137,96.1323,96.1323,3.8677,0,heldout,
real_buchwald_hartwig,llm_direct_prior_low_semantic_mass_anchor_heavy,27137,96.1323,96.1323,3.8677,0,heldout,
real_buchwald_hartwig,llm_direct_prior_low_semantic_mass_anchor_heavy_conservative,27137,96.1323,96.1323,3.8677,0,heldout,
real_buchwald_hartwig,llm_direct_prior_low_semantic_mass_anchor_heavy_noprior,27137,96.1323,96.1323,3.8677,0,heldout,
real_buchwald_hartwig,llm_direct_prior_mechanistic_heteroaromatic_halide_synergy,27137,96.1323,96.1323,3.8677,0,heldout,
real_buchwald_hartwig,llm_direct_prior_mechanistic_heteroaromatic_halide_synergy_conservative,27137,96.1323,96.1323,3.8677,0,heldout,
real_buchwald_hartwig,llm_direct_prior_mechanistic_heteroaromatic_halide_synergy_noprior,27137,96.1323,96.1323,3.8677,0,heldout,
real_buchwald_hartwig,llm_direct_prior_selector,27137,96.1323,96.1323,3.8677,0,heldout,llm_direct_prior_counter_source_acid_halide_reversal_noprior
real_buchwald_hartwig,llm_direct_prior_source_alignment_conservative_ligand_mass,27137,96.1323,96.1323,3.8677,0,heldout,
real_buchwald_hartwig,llm_direct_prior_source_alignment_conservative_ligand_mass_conservative,27137,96.1323,96.1323,3.8677,0,heldout,
real_buchwald_hartwig,llm_direct_prior_source_alignment_conservative_ligand_mass_noprior,27137,96.1323,96.1323,3.8677,0,heldout,
real_buchwald_hartwig,llm_direct_prior_source_schema_only_field_mapping,27137,96.1323,96.1323,3.8677,0,heldout,
real_buchwald_hartwig,llm_direct_prior_source_schema_only_field_mapping_conservative,27137,96.1323,96.1323,3.8677,0,heldout,
real_buchwald_hartwig,llm_direct_prior_source_schema_only_field_mapping_noprior,27137,96.1323,96.1323,3.8677,0,heldout,
real_buchwald_hartwig,llm_direct_prior_steric_tpsa_balanced_optimization,27137,96.1323,96.1323,3.8677,0,heldout,
real_buchwald_hartwig,llm_direct_prior_steric_tpsa_balanced_optimization_conservative,27137,96.1323,96.1323,3.8677,0,heldout,
real_buchwald_hartwig,llm_direct_prior_steric_tpsa_balanced_optimization_noprior,27137,96.1323,96.1323,3.8677,0,heldout,
real_buchwald_hartwig,llm_semantic_base_strength_solvent_polarity_domain,27137,96.1323,96.1323,3.8677,0,heldout,
real_buchwald_hartwig,llm_semantic_base_strength_solvent_polarity_domain_conservative,27137,96.1323,96.1323,3.8677,0,heldout,
real_buchwald_hartwig,llm_semantic_base_strength_solvent_polarity_domain_noprior,27137,96.1323,96.1323,3.8677,0,heldout,
real_buchwald_hartwig,llm_semantic_counter_source_acid_halide_reversal,27137,98.2872,96.7788,1.7128,1,heldout,
real_buchwald_hartwig,llm_semantic_counter_source_acid_halide_reversal_conservative,27137,96.1323,96.1323,3.8677,0,heldout,
real_buchwald_hartwig,llm_semantic_counter_source_acid_halide_reversal_noprior,27137,96.1323,96.1323,3.8677,0,heldout,
real_buchwald_hartwig,llm_semantic_cross_skill_rule_bank,27137,96.1323,96.1323,3.8677,0,heldout,
real_buchwald_hartwig,llm_semantic_halide_reactivity_additive_suppression,27137,99.0345,97.003,0.9655,1,heldout,
real_buchwald_hartwig,llm_semantic_halide_reactivity_additive_suppression_conservative,27137,96.1323,96.1323,3.8677,0,heldout,
real_buchwald_hartwig,llm_semantic_halide_reactivity_additive_suppression_noprior,27137,96.1323,96.1323,3.8677,0,heldout,
real_buchwald_hartwig,llm_semantic_low_semantic_mass_anchor_heavy,27137,96.1323,96.1323,3.8677,0,heldout,
real_buchwald_hartwig,llm_semantic_low_semantic_mass_anchor_heavy_conservative,27137,96.1323,96.1323,3.8677,0,heldout,
real_buchwald_hartwig,llm_semantic_low_semantic_mass_anchor_heavy_noprior,27137,96.1323,96.1323,3.8677,0,heldout,
real_buchwald_hartwig,llm_semantic_mechanistic_heteroaromatic_halide_synergy,27137,96.1323,96.1323,3.8677,0,heldout,
real_buchwald_hartwig,llm_semantic_mechanistic_heteroaromatic_halide_synergy_conservative,27137,96.1323,96.1323,3.8677,0,heldout,
real_buchwald_hartwig,llm_semantic_mechanistic_heteroaromatic_halide_synergy_noprior,27137,96.1323,96.1323,3.8677,0,heldout,
real_buchwald_hartwig,llm_semantic_source_alignment_conservative_ligand_mass,27137,96.1323,96.1323,3.8677,0,heldout,
real_buchwald_hartwig,llm_semantic_source_alignment_conservative_ligand_mass_conservative,27137,96.1323,96.1323,3.8677,0,heldout,
real_buchwald_hartwig,llm_semantic_source_alignment_conservative_ligand_mass_noprior,27137,96.1323,96.1323,3.8677,0,heldout,
real_buchwald_hartwig,llm_semantic_source_schema_only_field_mapping,27137,96.1323,96.1323,3.8677,0,heldout,
real_buchwald_hartwig,llm_semantic_source_schema_only_field_mapping_conservative,27137,96.1323,96.1323,3.8677,0,heldout,
real_buchwald_hartwig,llm_semantic_source_schema_only_field_mapping_noprior,27137,96.1323,96.1323,3.8677,0,heldout,
real_buchwald_hartwig,llm_semantic_steric_tpsa_balanced_optimization,27137,96.1323,96.1323,3.8677,0,heldout,
real_buchwald_hartwig,llm_semantic_steric_tpsa_balanced_optimization_conservative,27137,96.1323,96.1323,3.8677,0,heldout,
real_buchwald_hartwig,llm_semantic_steric_tpsa_balanced_optimization_noprior,27137,96.1323,96.1323,3.8677,0,heldout,
real_buchwald_hartwig,mixed_kernel_gp_ei,27137,96.1323,96.1323,3.8677,0,heldout,
real_buchwald_hartwig,target_acquisition_portfolio,27137,96.1323,96.1323,3.8677,0,heldout,
real_buchwald_hartwig,care_strategy_router,27138,93.4211,87.7378,6.5789,0,heldout,llm_direct_prior_counter_source_acid_halide_reversal_noprior
real_buchwald_hartwig,gp_ucb,27138,98.2872,91.4765,1.7128,1,heldout,
real_buchwald_hartwig,llambo_warmstart_base_strength_solvent_polarity_domain,27138,97.5685,78.8381,2.4315,1,heldout,
real_buchwald_hartwig,llambo_warmstart_base_strength_solvent_polarity_domain_conservative,27138,97.5685,78.8381,2.4315,1,heldout,
real_buchwald_hartwig,llambo_warmstart_base_strength_solvent_polarity_domain_noprior,27138,97.5685,78.8381,2.4315,1,heldout,
real_buchwald_hartwig,llambo_warmstart_counter_source_acid_halide_reversal,27138,89.5592,71.6228,10.4408,0,heldout,
real_buchwald_hartwig,llambo_warmstart_counter_source_acid_halide_reversal_conservative,27138,89.5592,71.6228,10.4408,0,heldout,
real_buchwald_hartwig,llambo_warmstart_counter_source_acid_halide_reversal_noprior,27138,89.5592,71.6228,10.4408,0,heldout,
real_buchwald_hartwig,llambo_warmstart_cross_skill_rule_bank,27138,88.4449,84.4385,11.5551,0,heldout,
real_buchwald_hartwig,llambo_warmstart_halide_reactivity_additive_suppression,27138,100.0,90.588,0.0,1,heldout,
real_buchwald_hartwig,llambo_warmstart_halide_reactivity_additive_suppression_conservative,27138,100.0,90.588,0.0,1,heldout,
real_buchwald_hartwig,llambo_warmstart_halide_reactivity_additive_suppression_noprior,27138,100.0,90.588,0.0,1,heldout,
real_buchwald_hartwig,llambo_warmstart_low_semantic_mass_anchor_heavy,27138,81.4779,73.232,18.5221,0,heldout,
real_buchwald_hartwig,llambo_warmstart_low_semantic_mass_anchor_heavy_conservative,27138,81.4779,73.232,18.5221,0,heldout,
real_buchwald_hartwig,llambo_warmstart_low_semantic_mass_anchor_heavy_noprior,27138,81.4779,73.232,18.5221,0,heldout,
real_buchwald_hartwig,llambo_warmstart_mechanistic_heteroaromatic_halide_synergy,27138,91.5286,88.9707,8.4714,0,heldout,
real_buchwald_hartwig,llambo_warmstart_mechanistic_heteroaromatic_halide_synergy_conservative,27138,91.5286,88.9707,8.4714,0,heldout,
real_buchwald_hartwig,llambo_warmstart_mechanistic_heteroaromatic_halide_synergy_noprior,27138,91.5286,88.9707,8.4714,0,heldout,
real_buchwald_hartwig,llambo_warmstart_selector,27138,88.4449,84.4385,11.5551,0,heldout,llambo_warmstart_cross_skill_rule_bank
real_buchwald_hartwig,llambo_warmstart_source_alignment_conservative_ligand_mass,27138,93.1012,84.3979,6.8988,0,heldout,
real_buchwald_hartwig,llambo_warmstart_source_alignment_conservative_ligand_mass_conservative,27138,93.1012,84.3979,6.8988,0,heldout,
real_buchwald_hartwig,llambo_warmstart_source_alignment_conservative_ligand_mass_noprior,27138,93.1012,84.3979,6.8988,0,heldout,
real_buchwald_hartwig,llambo_warmstart_source_schema_only_field_mapping,27138,95.6759,86.5769,4.3241,0,heldout,
real_buchwald_hartwig,llambo_warmstart_source_schema_only_field_mapping_conservative,27138,95.6759,86.5769,4.3241,0,heldout,
real_buchwald_hartwig,llambo_warmstart_source_schema_only_field_mapping_noprior,27138,95.6759,86.5769,4.3241,0,heldout,
real_buchwald_hartwig,llambo_warmstart_steric_tpsa_balanced_optimization,27138,88.1675,67.8013,11.8325,0,heldout,
real_buchwald_hartwig,llambo_warmstart_steric_tpsa_balanced_optimization_conservative,27138,88.1675,67.8013,11.8325,0,heldout,
real_buchwald_hartwig,llambo_warmstart_steric_tpsa_balanced_optimization_noprior,27138,88.1675,67.8013,11.8325,0,heldout,
real_buchwald_hartwig,llm_calibrated_selector,27138,52.3781,52.3266,47.6219,0,heldout,llm_semantic_source_alignment_conservative_ligand_mass_noprior
real_buchwald_hartwig,llm_direct_prior_base_strength_solvent_polarity_domain,27138,90.7313,85.0758,9.2687,0,heldout,
real_buchwald_hartwig,llm_direct_prior_base_strength_solvent_polarity_domain_conservative,27138,90.7313,86.262,9.2687,0,heldout,
real_buchwald_hartwig,llm_direct_prior_base_strength_solvent_polarity_domain_noprior,27138,90.7313,85.0758,9.2687,0,heldout,
real_buchwald_hartwig,llm_direct_prior_counter_source_acid_halide_reversal,27138,93.4211,87.7378,6.5789,0,heldout,
real_buchwald_hartwig,llm_direct_prior_counter_source_acid_halide_reversal_conservative,27138,98.2872,88.7111,1.7128,1,heldout,
real_buchwald_hartwig,llm_direct_prior_counter_source_acid_halide_reversal_noprior,27138,93.4211,87.7378,6.5789,0,heldout,
real_buchwald_hartwig,llm_direct_prior_cross_skill_rule_bank,27138,86.0034,84.8436,13.9966,0,heldout,
real_buchwald_hartwig,llm_direct_prior_halide_reactivity_additive_suppression,27138,90.7313,69.9518,9.2687,0,heldout,
real_buchwald_hartwig,llm_direct_prior_halide_reactivity_additive_suppression_conservative,27138,86.0034,75.7915,13.9966,0,heldout,
real_buchwald_hartwig,llm_direct_prior_halide_reactivity_additive_suppression_noprior,27138,90.7313,69.9518,9.2687,0,heldout,
real_buchwald_hartwig,llm_direct_prior_low_semantic_mass_anchor_heavy,27138,93.4211,60.3381,6.5789,0,heldout,
real_buchwald_hartwig,llm_direct_prior_low_semantic_mass_anchor_heavy_conservative,27138,93.4211,60.3381,6.5789,0,heldout,
real_buchwald_hartwig,llm_direct_prior_low_semantic_mass_anchor_heavy_noprior,27138,93.4211,60.3381,6.5789,0,heldout,
real_buchwald_hartwig,llm_direct_prior_mechanistic_heteroaromatic_halide_synergy,27138,97.2929,97.2929,2.7071,0,heldout,
real_buchwald_hartwig,llm_direct_prior_mechanistic_heteroaromatic_halide_synergy_conservative,27138,98.7313,95.5043,1.2687,1,heldout,
real_buchwald_hartwig,llm_direct_prior_mechanistic_heteroaromatic_halide_synergy_noprior,27138,97.2929,97.2929,2.7071,0,heldout,
real_buchwald_hartwig,llm_direct_prior_selector,27138,93.4211,87.7378,6.5789,0,heldout,llm_direct_prior_counter_source_acid_halide_reversal_noprior
real_buchwald_hartwig,llm_direct_prior_source_alignment_conservative_ligand_mass,27138,93.4211,85.0882,6.5789,0,heldout,
real_buchwald_hartwig,llm_direct_prior_source_alignment_conservative_ligand_mass_conservative,27138,93.4211,85.0882,6.5789,0,heldout,
real_buchwald_hartwig,llm_direct_prior_source_alignment_conservative_ligand_mass_noprior,27138,93.4211,85.0882,6.5789,0,heldout,
real_buchwald_hartwig,llm_direct_prior_source_schema_only_field_mapping,27138,78.3625,68.6612,21.6375,0,heldout,
real_buchwald_hartwig,llm_direct_prior_source_schema_only_field_mapping_conservative,27138,78.3625,68.6612,21.6375,0,heldout,
real_buchwald_hartwig,llm_direct_prior_source_schema_only_field_mapping_noprior,27138,78.3625,68.6612,21.6375,0,heldout,
real_buchwald_hartwig,llm_direct_prior_steric_tpsa_balanced_optimization,27138,53.5999,52.3097,46.4001,0,heldout,
real_buchwald_hartwig,llm_direct_prior_steric_tpsa_balanced_optimization_conservative,27138,78.3625,61.8258,21.6375,0,heldout,
real_buchwald_hartwig,llm_direct_prior_steric_tpsa_balanced_optimization_noprior,27138,53.5999,52.3097,46.4001,0,heldout,
real_buchwald_hartwig,llm_semantic_base_strength_solvent_polarity_domain,27138,87.2375,67.9528,12.7625,0,heldout,
real_buchwald_hartwig,llm_semantic_base_strength_solvent_polarity_domain_conservative,27138,52.3781,52.2538,47.6219,0,heldout,
real_buchwald_hartwig,llm_semantic_base_strength_solvent_polarity_domain_noprior,27138,93.0289,76.52,6.9711,0,heldout,
real_buchwald_hartwig,llm_semantic_counter_source_acid_halide_reversal,27138,81.6307,67.5518,18.3693,0,heldout,
real_buchwald_hartwig,llm_semantic_counter_source_acid_halide_reversal_conservative,27138,92.9567,64.2807,7.0433,0,heldout,
real_buchwald_hartwig,llm_semantic_counter_source_acid_halide_reversal_noprior,27138,93.0289,77.0178,6.9711,0,heldout,
real_buchwald_hartwig,llm_semantic_cross_skill_rule_bank,27138,93.0289,79.8753,6.9711,0,heldout,
real_buchwald_hartwig,llm_semantic_halide_reactivity_additive_suppression,27138,54.2458,52.7523,45.7542,0,heldout,
real_buchwald_hartwig,llm_semantic_halide_reactivity_additive_suppression_conservative,27138,98.2872,64.9984,1.7128,1,heldout,
real_buchwald_hartwig,llm_semantic_halide_reactivity_additive_suppression_noprior,27138,93.0289,68.8903,6.9711,0,heldout,
real_buchwald_hartwig,llm_semantic_low_semantic_mass_anchor_heavy,27138,93.4211,69.866,6.5789,0,heldout,
real_buchwald_hartwig,llm_semantic_low_semantic_mass_anchor_heavy_conservative,27138,93.4211,69.866,6.5789,0,heldout,
real_buchwald_hartwig,llm_semantic_low_semantic_mass_anchor_heavy_noprior,27138,93.4211,69.866,6.5789,0,heldout,
real_buchwald_hartwig,llm_semantic_mechanistic_heteroaromatic_halide_synergy,27138,83.385,81.8593,16.615,0,heldout,
real_buchwald_hartwig,llm_semantic_mechanistic_heteroaromatic_halide_synergy_conservative,27138,98.2872,85.3003,1.7128,1,heldout,
real_buchwald_hartwig,llm_semantic_mechanistic_heteroaromatic_halide_synergy_noprior,27138,83.9556,81.9734,16.0444,0,heldout,
real_buchwald_hartwig,llm_semantic_source_alignment_conservative_ligand_mass,27138,52.3137,52.3137,47.6863,0,heldout,
real_buchwald_hartwig,llm_semantic_source_alignment_conservative_ligand_mass_conservative,27138,52.3781,52.3266,47.6219,0,heldout,
real_buchwald_hartwig,llm_semantic_source_alignment_conservative_ligand_mass_noprior,27138,52.3781,52.3266,47.6219,0,heldout,
real_buchwald_hartwig,llm_semantic_source_schema_only_field_mapping,27138,85.2207,75.2056,14.7793,0,heldout,
real_buchwald_hartwig,llm_semantic_source_schema_only_field_mapping_conservative,27138,79.6425,74.1767,20.3575,0,heldout,
real_buchwald_hartwig,llm_semantic_source_schema_only_field_mapping_noprior,27138,79.6425,74.1767,20.3575,0,heldout,
real_buchwald_hartwig,llm_semantic_steric_tpsa_balanced_optimization,27138,79.6425,72.8468,20.3575,0,heldout,
real_buchwald_hartwig,llm_semantic_steric_tpsa_balanced_optimization_conservative,27138,54.2458,53.8594,45.7542,0,heldout,
real_buchwald_hartwig,llm_semantic_steric_tpsa_balanced_optimization_noprior,27138,98.2872,81.422,1.7128,1,heldout,
real_buchwald_hartwig,mixed_kernel_gp_ei,27138,98.2872,91.8361,1.7128,1,heldout,
real_buchwald_hartwig,target_acquisition_portfolio,27138,94.6911,90.3977,5.3089,0,heldout,
real_buchwald_hartwig,care_strategy_router,27139,84.8955,76.8117,15.1045,0,heldout,llm_direct_prior_counter_source_acid_halide_reversal_noprior
real_buchwald_hartwig,gp_ucb,27139,95.6759,78.7574,4.3241,0,heldout,
real_buchwald_hartwig,llambo_warmstart_base_strength_solvent_polarity_domain,27139,80.7866,80.1834,19.2134,0,heldout,
real_buchwald_hartwig,llambo_warmstart_base_strength_solvent_polarity_domain_conservative,27139,80.7866,80.1834,19.2134,0,heldout,
real_buchwald_hartwig,llambo_warmstart_base_strength_solvent_polarity_domain_noprior,27139,80.7866,80.1834,19.2134,0,heldout,
real_buchwald_hartwig,llambo_warmstart_counter_source_acid_halide_reversal,27139,93.1012,87.5435,6.8988,0,heldout,
real_buchwald_hartwig,llambo_warmstart_counter_source_acid_halide_reversal_conservative,27139,93.1012,87.5435,6.8988,0,heldout,
real_buchwald_hartwig,llambo_warmstart_counter_source_acid_halide_reversal_noprior,27139,93.1012,87.5435,6.8988,0,heldout,
real_buchwald_hartwig,llambo_warmstart_cross_skill_rule_bank,27139,98.7313,82.4812,1.2687,1,heldout,
real_buchwald_hartwig,llambo_warmstart_halide_reactivity_additive_suppression,27139,83.4423,83.4423,16.5577,0,heldout,
real_buchwald_hartwig,llambo_warmstart_halide_reactivity_additive_suppression_conservative,27139,83.4423,83.4423,16.5577,0,heldout,
real_buchwald_hartwig,llambo_warmstart_halide_reactivity_additive_suppression_noprior,27139,83.4423,83.4423,16.5577,0,heldout,
real_buchwald_hartwig,llambo_warmstart_low_semantic_mass_anchor_heavy,27139,98.2872,84.8383,1.7128,1,heldout,
real_buchwald_hartwig,llambo_warmstart_low_semantic_mass_anchor_heavy_conservative,27139,98.2872,84.8383,1.7128,1,heldout,
real_buchwald_hartwig,llambo_warmstart_low_semantic_mass_anchor_heavy_noprior,27139,98.2872,84.8383,1.7128,1,heldout,
real_buchwald_hartwig,llambo_warmstart_mechanistic_heteroaromatic_halide_synergy,27139,93.5641,92.7352,6.4359,0,heldout,
real_buchwald_hartwig,llambo_warmstart_mechanistic_heteroaromatic_halide_synergy_conservative,27139,93.5641,92.7352,6.4359,0,heldout,
real_buchwald_hartwig,llambo_warmstart_mechanistic_heteroaromatic_halide_synergy_noprior,27139,93.5641,92.7352,6.4359,0,heldout,
real_buchwald_hartwig,llambo_warmstart_selector,27139,98.7313,82.4812,1.2687,1,heldout,llambo_warmstart_cross_skill_rule_bank
real_buchwald_hartwig,llambo_warmstart_source_alignment_conservative_ligand_mass,27139,100.0,91.2905,0.0,1,heldout,
real_buchwald_hartwig,llambo_warmstart_source_alignment_conservative_ligand_mass_conservative,27139,100.0,91.2905,0.0,1,heldout,
real_buchwald_hartwig,llambo_warmstart_source_alignment_conservative_ligand_mass_noprior,27139,100.0,91.2905,0.0,1,heldout,
real_buchwald_hartwig,llambo_warmstart_source_schema_only_field_mapping,27139,86.4971,72.909,13.5029,0,heldout,
real_buchwald_hartwig,llambo_warmstart_source_schema_only_field_mapping_conservative,27139,86.4971,72.909,13.5029,0,heldout,
real_buchwald_hartwig,llambo_warmstart_source_schema_only_field_mapping_noprior,27139,86.4971,72.909,13.5029,0,heldout,
real_buchwald_hartwig,llambo_warmstart_steric_tpsa_balanced_optimization,27139,92.256,64.0014,7.744,0,heldout,
real_buchwald_hartwig,llambo_warmstart_steric_tpsa_balanced_optimization_conservative,27139,92.256,64.0014,7.744,0,heldout,
real_buchwald_hartwig,llambo_warmstart_steric_tpsa_balanced_optimization_noprior,27139,92.256,64.0014,7.744,0,heldout,
real_buchwald_hartwig,llm_calibrated_selector,27139,100.0,91.6436,0.0,1,heldout,llm_semantic_source_alignment_conservative_ligand_mass_noprior
real_buchwald_hartwig,llm_direct_prior_base_strength_solvent_polarity_domain,27139,85.1447,74.9629,14.8553,0,heldout,
real_buchwald_hartwig,llm_direct_prior_base_strength_solvent_polarity_domain_conservative,27139,86.2198,68.8811,13.7802,0,heldout,
real_buchwald_hartwig,llm_direct_prior_base_strength_solvent_polarity_domain_noprior,27139,85.1447,74.9629,14.8553,0,heldout,
real_buchwald_hartwig,llm_direct_prior_counter_source_acid_halide_reversal,27139,84.8955,76.8117,15.1045,0,heldout,
real_buchwald_hartwig,llm_direct_prior_counter_source_acid_halide_reversal_conservative,27139,84.8955,76.8117,15.1045,0,heldout,
real_buchwald_hartwig,llm_direct_prior_counter_source_acid_halide_reversal_noprior,27139,84.8955,76.8117,15.1045,0,heldout,
real_buchwald_hartwig,llm_direct_prior_cross_skill_rule_bank,27139,77.8299,77.3818,22.1701,0,heldout,
real_buchwald_hartwig,llm_direct_prior_halide_reactivity_additive_suppression,27139,83.0823,70.1595,16.9177,0,heldout,
real_buchwald_hartwig,llm_direct_prior_halide_reactivity_additive_suppression_conservative,27139,82.3289,73.0847,17.6711,0,heldout,
real_buchwald_hartwig,llm_direct_prior_halide_reactivity_additive_suppression_noprior,27139,83.0823,70.1595,16.9177,0,heldout,
real_buchwald_hartwig,llm_direct_prior_low_semantic_mass_anchor_heavy,27139,100.0,88.2143,0.0,1,heldout,
real_buchwald_hartwig,llm_direct_prior_low_semantic_mass_anchor_heavy_conservative,27139,100.0,88.2143,0.0,1,heldout,
real_buchwald_hartwig,llm_direct_prior_low_semantic_mass_anchor_heavy_noprior,27139,100.0,88.2143,0.0,1,heldout,
real_buchwald_hartwig,llm_direct_prior_mechanistic_heteroaromatic_halide_synergy,27139,84.341,76.7678,15.659,0,heldout,
real_buchwald_hartwig,llm_direct_prior_mechanistic_heteroaromatic_halide_synergy_conservative,27139,89.8977,85.8701,10.1023,0,heldout,
real_buchwald_hartwig,llm_direct_prior_mechanistic_heteroaromatic_halide_synergy_noprior,27139,84.341,76.7678,15.659,0,heldout,
real_buchwald_hartwig,llm_direct_prior_selector,27139,84.8955,76.8117,15.1045,0,heldout,llm_direct_prior_counter_source_acid_halide_reversal_noprior
real_buchwald_hartwig,llm_direct_prior_source_alignment_conservative_ligand_mass,27139,92.904,83.4451,7.096,0,heldout,
real_buchwald_hartwig,llm_direct_prior_source_alignment_conservative_ligand_mass_conservative,27139,92.904,83.4451,7.096,0,heldout,
real_buchwald_hartwig,llm_direct_prior_source_alignment_conservative_ligand_mass_noprior,27139,92.904,83.4451,7.096,0,heldout,
real_buchwald_hartwig,llm_direct_prior_source_schema_only_field_mapping,27139,84.8146,66.7738,15.1854,0,heldout,
real_buchwald_hartwig,llm_direct_prior_source_schema_only_field_mapping_conservative,27139,84.8146,66.7738,15.1854,0,heldout,
real_buchwald_hartwig,llm_direct_prior_source_schema_only_field_mapping_noprior,27139,84.8146,66.7738,15.1854,0,heldout,
real_buchwald_hartwig,llm_direct_prior_steric_tpsa_balanced_optimization,27139,78.3625,53.1566,21.6375,0,heldout,
real_buchwald_hartwig,llm_direct_prior_steric_tpsa_balanced_optimization_conservative,27139,76.3373,73.2311,23.6627,0,heldout,
real_buchwald_hartwig,llm_direct_prior_steric_tpsa_balanced_optimization_noprior,27139,78.3625,53.1566,21.6375,0,heldout,
real_buchwald_hartwig,llm_semantic_base_strength_solvent_polarity_domain,27139,89.5988,67.839,10.4012,0,heldout,
real_buchwald_hartwig,llm_semantic_base_strength_solvent_polarity_domain_conservative,27139,90.9905,77.5255,9.0095,0,heldout,
real_buchwald_hartwig,llm_semantic_base_strength_solvent_polarity_domain_noprior,27139,74.6234,68.1903,25.3766,0,heldout,
real_buchwald_hartwig,llm_semantic_counter_source_acid_halide_reversal,27139,100.0,78.5975,0.0,1,heldout,
real_buchwald_hartwig,llm_semantic_counter_source_acid_halide_reversal_conservative,27139,68.5749,66.1652,31.4251,0,heldout,
real_buchwald_hartwig,llm_semantic_counter_source_acid_halide_reversal_noprior,27139,100.0,77.9327,0.0,1,heldout,
real_buchwald_hartwig,llm_semantic_cross_skill_rule_bank,27139,100.0,86.6698,0.0,1,heldout,
real_buchwald_hartwig,llm_semantic_halide_reactivity_additive_suppression,27139,100.0,94.7994,0.0,1,heldout,
real_buchwald_hartwig,llm_semantic_halide_reactivity_additive_suppression_conservative,27139,100.0,85.0601,0.0,1,heldout,
real_buchwald_hartwig,llm_semantic_halide_reactivity_additive_suppression_noprior,27139,96.1323,92.7164,3.8677,0,heldout,
real_buchwald_hartwig,llm_semantic_low_semantic_mass_anchor_heavy,27139,100.0,80.0251,0.0,1,heldout,
real_buchwald_hartwig,llm_semantic_low_semantic_mass_anchor_heavy_conservative,27139,100.0,80.0251,0.0,1,heldout,
real_buchwald_hartwig,llm_semantic_low_semantic_mass_anchor_heavy_noprior,27139,100.0,80.0251,0.0,1,heldout,
real_buchwald_hartwig,llm_semantic_mechanistic_heteroaromatic_halide_synergy,27139,96.1323,89.7982,3.8677,0,heldout,
real_buchwald_hartwig,llm_semantic_mechanistic_heteroaromatic_halide_synergy_conservative,27139,96.1323,89.5461,3.8677,0,heldout,
real_buchwald_hartwig,llm_semantic_mechanistic_heteroaromatic_halide_synergy_noprior,27139,92.1197,88.9957,7.8803,0,heldout,
real_buchwald_hartwig,llm_semantic_source_alignment_conservative_ligand_mass,27139,100.0,91.6436,0.0,1,heldout,
real_buchwald_hartwig,llm_semantic_source_alignment_conservative_ligand_mass_conservative,27139,100.0,91.6436,0.0,1,heldout,
real_buchwald_hartwig,llm_semantic_source_alignment_conservative_ligand_mass_noprior,27139,100.0,91.6436,0.0,1,heldout,
real_buchwald_hartwig,llm_semantic_source_schema_only_field_mapping,27139,62.0819,52.7594,37.9181,0,heldout,
real_buchwald_hartwig,llm_semantic_source_schema_only_field_mapping_conservative,27139,76.7953,59.1707,23.2047,0,heldout,
real_buchwald_hartwig,llm_semantic_source_schema_only_field_mapping_noprior,27139,79.6425,64.3382,20.3575,0,heldout,
real_buchwald_hartwig,llm_semantic_steric_tpsa_balanced_optimization,27139,75.2856,68.8628,24.7144,0,heldout,
real_buchwald_hartwig,llm_semantic_steric_tpsa_balanced_optimization_conservative,27139,74.0474,72.686,25.9526,0,heldout,
real_buchwald_hartwig,llm_semantic_steric_tpsa_balanced_optimization_noprior,27139,78.3625,67.7356,21.6375,0,heldout,
real_buchwald_hartwig,mixed_kernel_gp_ei,27139,83.0547,69.2579,16.9453,0,heldout,
real_buchwald_hartwig,target_acquisition_portfolio,27139,95.6759,78.7574,4.3241,0,heldout,
real_buchwald_hartwig,care_strategy_router,27140,97.5685,79.0386,2.4315,1,heldout,llm_direct_prior_counter_source_acid_halide_reversal_noprior
real_buchwald_hartwig,gp_ucb,27140,89.4195,89.1562,10.5805,0,heldout,
real_buchwald_hartwig,llambo_warmstart_base_strength_solvent_polarity_domain,27140,73.7399,73.7399,26.2601,0,heldout,
real_buchwald_hartwig,llambo_warmstart_base_strength_solvent_polarity_domain_conservative,27140,73.7399,73.7399,26.2601,0,heldout,
real_buchwald_hartwig,llambo_warmstart_base_strength_solvent_polarity_domain_noprior,27140,73.7399,73.7399,26.2601,0,heldout,
real_buchwald_hartwig,llambo_warmstart_counter_source_acid_halide_reversal,27140,87.7641,81.2168,12.2359,0,heldout,
real_buchwald_hartwig,llambo_warmstart_counter_source_acid_halide_reversal_conservative,27140,87.7641,81.2168,12.2359,0,heldout,
real_buchwald_hartwig,llambo_warmstart_counter_source_acid_halide_reversal_noprior,27140,87.7641,81.2168,12.2359,0,heldout,
real_buchwald_hartwig,llambo_warmstart_cross_skill_rule_bank,27140,78.3713,73.0545,21.6287,0,heldout,
real_buchwald_hartwig,llambo_warmstart_halide_reactivity_additive_suppression,27140,86.6896,80.6975,13.3104,0,heldout,
real_buchwald_hartwig,llambo_warmstart_halide_reactivity_additive_suppression_conservative,27140,86.6896,80.6975,13.3104,0,heldout,
real_buchwald_hartwig,llambo_warmstart_halide_reactivity_additive_suppression_noprior,27140,86.6896,80.6975,13.3104,0,heldout,
real_buchwald_hartwig,llambo_warmstart_low_semantic_mass_anchor_heavy,27140,90.9905,90.9905,9.0095,0,heldout,
real_buchwald_hartwig,llambo_warmstart_low_semantic_mass_anchor_heavy_conservative,27140,90.9905,90.9905,9.0095,0,heldout,
real_buchwald_hartwig,llambo_warmstart_low_semantic_mass_anchor_heavy_noprior,27140,90.9905,90.9905,9.0095,0,heldout,
real_buchwald_hartwig,llambo_warmstart_mechanistic_heteroaromatic_halide_synergy,27140,98.7313,98.7313,1.2687,1,heldout,
real_buchwald_hartwig,llambo_warmstart_mechanistic_heteroaromatic_halide_synergy_conservative,27140,98.7313,98.7313,1.2687,1,heldout,
real_buchwald_hartwig,llambo_warmstart_mechanistic_heteroaromatic_halide_synergy_noprior,27140,98.7313,98.7313,1.2687,1,heldout,
real_buchwald_hartwig,llambo_warmstart_selector,27140,78.3713,73.0545,21.6287,0,heldout,llambo_warmstart_cross_skill_rule_bank
real_buchwald_hartwig,llambo_warmstart_source_alignment_conservative_ligand_mass,27140,96.1323,91.5164,3.8677,0,heldout,
real_buchwald_hartwig,llambo_warmstart_source_alignment_conservative_ligand_mass_conservative,27140,96.1323,91.5164,3.8677,0,heldout,
real_buchwald_hartwig,llambo_warmstart_source_alignment_conservative_ligand_mass_noprior,27140,96.1323,91.5164,3.8677,0,heldout,
real_buchwald_hartwig,llambo_warmstart_source_schema_only_field_mapping,27140,80.0255,76.0189,19.9745,0,heldout,
real_buchwald_hartwig,llambo_warmstart_source_schema_only_field_mapping_conservative,27140,80.0255,76.0189,19.9745,0,heldout,
real_buchwald_hartwig,llambo_warmstart_source_schema_only_field_mapping_noprior,27140,80.0255,76.0189,19.9745,0,heldout,
real_buchwald_hartwig,llambo_warmstart_steric_tpsa_balanced_optimization,27140,83.1495,74.4261,16.8505,0,heldout,
real_buchwald_hartwig,llambo_warmstart_steric_tpsa_balanced_optimization_conservative,27140,83.1495,74.4261,16.8505,0,heldout,
real_buchwald_hartwig,llambo_warmstart_steric_tpsa_balanced_optimization_noprior,27140,83.1495,74.4261,16.8505,0,heldout,
real_buchwald_hartwig,llm_calibrated_selector,27140,83.0165,76.0548,16.9835,0,heldout,llm_semantic_source_alignment_conservative_ligand_mass_noprior
real_buchwald_hartwig,llm_direct_prior_base_strength_solvent_polarity_domain,27140,88.4449,72.9012,11.5551,0,heldout,
real_buchwald_hartwig,llm_direct_prior_base_strength_solvent_polarity_domain_conservative,27140,63.5643,63.2566,36.4357,0,heldout,
real_buchwald_hartwig,llm_direct_prior_base_strength_solvent_polarity_domain_noprior,27140,88.4449,72.9012,11.5551,0,heldout,
real_buchwald_hartwig,llm_direct_prior_counter_source_acid_halide_reversal,27140,97.5685,79.0386,2.4315,1,heldout,
real_buchwald_hartwig,llm_direct_prior_counter_source_acid_halide_reversal_conservative,27140,71.0972,71.0972,28.9028,0,heldout,
real_buchwald_hartwig,llm_direct_prior_counter_source_acid_halide_reversal_noprior,27140,97.5685,79.0386,2.4315,1,heldout,
real_buchwald_hartwig,llm_direct_prior_cross_skill_rule_bank,27140,65.5909,63.6084,34.4091,0,heldout,
real_buchwald_hartwig,llm_direct_prior_halide_reactivity_additive_suppression,27140,74.2352,69.7168,25.7648,0,heldout,
real_buchwald_hartwig,llm_direct_prior_halide_reactivity_additive_suppression_conservative,27140,78.3625,75.9253,21.6375,0,heldout,
real_buchwald_hartwig,llm_direct_prior_halide_reactivity_additive_suppression_noprior,27140,74.2352,69.7168,25.7648,0,heldout,
real_buchwald_hartwig,llm_direct_prior_low_semantic_mass_anchor_heavy,27140,87.2375,70.9995,12.7625,0,heldout,
real_buchwald_hartwig,llm_direct_prior_low_semantic_mass_anchor_heavy_conservative,27140,87.2375,70.9995,12.7625,0,heldout,
real_buchwald_hartwig,llm_direct_prior_low_semantic_mass_anchor_heavy_noprior,27140,87.2375,70.9995,12.7625,0,heldout,
real_buchwald_hartwig,llm_direct_prior_mechanistic_heteroaromatic_halide_synergy,27140,95.129,81.4932,4.871,0,heldout,
real_buchwald_hartwig,llm_direct_prior_mechanistic_heteroaromatic_halide_synergy_conservative,27140,93.3108,87.0719,6.6892,0,heldout,
real_buchwald_hartwig,llm_direct_prior_mechanistic_heteroaromatic_halide_synergy_noprior,27140,95.129,81.4932,4.871,0,heldout,
real_buchwald_hartwig,llm_direct_prior_selector,27140,97.5685,79.0386,2.4315,1,heldout,llm_direct_prior_counter_source_acid_halide_reversal_noprior
real_buchwald_hartwig,llm_direct_prior_source_alignment_conservative_ligand_mass,27140,84.6825,75.8294,15.3175,0,heldout,
real_buchwald_hartwig,llm_direct_prior_source_alignment_conservative_ligand_mass_conservative,27140,84.6825,75.8294,15.3175,0,heldout,
real_buchwald_hartwig,llm_direct_prior_source_alignment_conservative_ligand_mass_noprior,27140,84.6825,75.8294,15.3175,0,heldout,
real_buchwald_hartwig,llm_direct_prior_source_schema_only_field_mapping,27140,86.6896,82.0394,13.3104,0,heldout,
real_buchwald_hartwig,llm_direct_prior_source_schema_only_field_mapping_conservative,27140,91.3906,83.9297,8.6094,0,heldout,
real_buchwald_hartwig,llm_direct_prior_source_schema_only_field_mapping_noprior,27140,86.6896,82.0394,13.3104,0,heldout,
real_buchwald_hartwig,llm_direct_prior_steric_tpsa_balanced_optimization,27140,66.2654,65.1474,33.7346,0,heldout,
real_buchwald_hartwig,llm_direct_prior_steric_tpsa_balanced_optimization_conservative,27140,97.2929,76.4404,2.7071,0,heldout,
real_buchwald_hartwig,llm_direct_prior_steric_tpsa_balanced_optimization_noprior,27140,66.2654,65.1474,33.7346,0,heldout,
real_buchwald_hartwig,llm_semantic_base_strength_solvent_polarity_domain,27140,93.3108,82.9787,6.6892,0,heldout,
real_buchwald_hartwig,llm_semantic_base_strength_solvent_polarity_domain_conservative,27140,83.6818,79.6494,16.3182,0,heldout,
real_buchwald_hartwig,llm_semantic_base_strength_solvent_polarity_domain_noprior,27140,100.0,86.4336,0.0,1,heldout,
real_buchwald_hartwig,llm_semantic_counter_source_acid_halide_reversal,27140,83.6818,81.5675,16.3182,0,heldout,
real_buchwald_hartwig,llm_semantic_counter_source_acid_halide_reversal_conservative,27140,73.6009,72.2332,26.3991,0,heldout,
real_buchwald_hartwig,llm_semantic_counter_source_acid_halide_reversal_noprior,27140,75.9961,74.103,24.0039,0,heldout,
real_buchwald_hartwig,llm_semantic_cross_skill_rule_bank,27140,93.0995,79.1427,6.9005,0,heldout,
real_buchwald_hartwig,llm_semantic_halide_reactivity_additive_suppression,27140,87.2375,84.7676,12.7625,0,heldout,
real_buchwald_hartwig,llm_semantic_halide_reactivity_additive_suppression_conservative,27140,94.5498,82.6543,5.4502,0,heldout,
real_buchwald_hartwig,llm_semantic_halide_reactivity_additive_suppression_noprior,27140,87.2375,84.7676,12.7625,0,heldout,
real_buchwald_hartwig,llm_semantic_low_semantic_mass_anchor_heavy,27140,75.9961,72.5498,24.0039,0,heldout,
real_buchwald_hartwig,llm_semantic_low_semantic_mass_anchor_heavy_conservative,27140,75.9961,72.5498,24.0039,0,heldout,
real_buchwald_hartwig,llm_semantic_low_semantic_mass_anchor_heavy_noprior,27140,75.9961,72.5498,24.0039,0,heldout,
real_buchwald_hartwig,llm_semantic_mechanistic_heteroaromatic_halide_synergy,27140,96.1323,89.4848,3.8677,0,heldout,
real_buchwald_hartwig,llm_semantic_mechanistic_heteroaromatic_halide_synergy_conservative,27140,100.0,83.1993,0.0,1,heldout,
real_buchwald_hartwig,llm_semantic_mechanistic_heteroaromatic_halide_synergy_noprior,27140,96.1323,83.3983,3.8677,0,heldout,
real_buchwald_hartwig,llm_semantic_source_alignment_conservative_ligand_mass,27140,83.0165,76.0548,16.9835,0,heldout,
real_buchwald_hartwig,llm_semantic_source_alignment_conservative_ligand_mass_conservative,27140,83.0165,76.0548,16.9835,0,heldout,
real_buchwald_hartwig,llm_semantic_source_alignment_conservative_ligand_mass_noprior,27140,83.0165,76.0548,16.9835,0,heldout,
real_buchwald_hartwig,llm_semantic_source_schema_only_field_mapping,27140,86.6896,84.2745,13.3104,0,heldout,
real_buchwald_hartwig,llm_semantic_source_schema_only_field_mapping_conservative,27140,86.4971,82.8643,13.5029,0,heldout,
real_buchwald_hartwig,llm_semantic_source_schema_only_field_mapping_noprior,27140,86.4971,82.8643,13.5029,0,heldout,
real_buchwald_hartwig,llm_semantic_steric_tpsa_balanced_optimization,27140,87.9408,81.4745,12.0592,0,heldout,
real_buchwald_hartwig,llm_semantic_steric_tpsa_balanced_optimization_conservative,27140,87.5291,75.3631,12.4709,0,heldout,
real_buchwald_hartwig,llm_semantic_steric_tpsa_balanced_optimization_noprior,27140,83.385,74.1573,16.615,0,heldout,
real_buchwald_hartwig,mixed_kernel_gp_ei,27140,89.4195,89.1562,10.5805,0,heldout,
real_buchwald_hartwig,target_acquisition_portfolio,27140,89.4195,89.1562,10.5805,0,heldout,
real_buchwald_hartwig,care_strategy_router,27141,88.5139,88.5139,11.4861,0,heldout,llm_direct_prior_counter_source_acid_halide_reversal_noprior
real_buchwald_hartwig,gp_ucb,27141,89.6142,88.844,10.3858,0,heldout,
real_buchwald_hartwig,llambo_warmstart_base_strength_solvent_polarity_domain,27141,100.0,96.7677,0.0,1,heldout,
real_buchwald_hartwig,llambo_warmstart_base_strength_solvent_polarity_domain_conservative,27141,100.0,96.7677,0.0,1,heldout,
real_buchwald_hartwig,llambo_warmstart_base_strength_solvent_polarity_domain_noprior,27141,100.0,96.7677,0.0,1,heldout,
real_buchwald_hartwig,llambo_warmstart_counter_source_acid_halide_reversal,27141,100.0,100.0,0.0,1,heldout,
real_buchwald_hartwig,llambo_warmstart_counter_source_acid_halide_reversal_conservative,27141,100.0,100.0,0.0,1,heldout,
real_buchwald_hartwig,llambo_warmstart_counter_source_acid_halide_reversal_noprior,27141,100.0,100.0,0.0,1,heldout,
real_buchwald_hartwig,llambo_warmstart_cross_skill_rule_bank,27141,93.3108,93.3108,6.6892,0,heldout,
real_buchwald_hartwig,llambo_warmstart_halide_reactivity_additive_suppression,27141,79.2616,79.1899,20.7384,0,heldout,
real_buchwald_hartwig,llambo_warmstart_halide_reactivity_additive_suppression_conservative,27141,79.2616,79.1899,20.7384,0,heldout,
real_buchwald_hartwig,llambo_warmstart_halide_reactivity_additive_suppression_noprior,27141,79.2616,79.1899,20.7384,0,heldout,
real_buchwald_hartwig,llambo_warmstart_low_semantic_mass_anchor_heavy,27141,83.0547,81.9758,16.9453,0,heldout,
real_buchwald_hartwig,llambo_warmstart_low_semantic_mass_anchor_heavy_conservative,27141,83.0547,81.9758,16.9453,0,heldout,
real_buchwald_hartwig,llambo_warmstart_low_semantic_mass_anchor_heavy_noprior,27141,83.0547,81.9758,16.9453,0,heldout,
real_buchwald_hartwig,llambo_warmstart_mechanistic_heteroaromatic_halide_synergy,27141,89.4195,89.4195,10.5805,0,heldout,
real_buchwald_hartwig,llambo_warmstart_mechanistic_heteroaromatic_halide_synergy_conservative,27141,89.4195,89.4195,10.5805,0,heldout,
real_buchwald_hartwig,llambo_warmstart_mechanistic_heteroaromatic_halide_synergy_noprior,27141,89.4195,89.4195,10.5805,0,heldout,
real_buchwald_hartwig,llambo_warmstart_selector,27141,93.3108,93.3108,6.6892,0,heldout,llambo_warmstart_cross_skill_rule_bank
real_buchwald_hartwig,llambo_warmstart_source_alignment_conservative_ligand_mass,27141,99.6191,89.1983,0.3809,1,heldout,
real_buchwald_hartwig,llambo_warmstart_source_alignment_conservative_ligand_mass_conservative,27141,99.6191,89.1983,0.3809,1,heldout,
real_buchwald_hartwig,llambo_warmstart_source_alignment_conservative_ligand_mass_noprior,27141,99.6191,89.1983,0.3809,1,heldout,
real_buchwald_hartwig,llambo_warmstart_source_schema_only_field_mapping,27141,86.7607,84.1625,13.2393,0,heldout,
real_buchwald_hartwig,llambo_warmstart_source_schema_only_field_mapping_conservative,27141,86.7607,84.1625,13.2393,0,heldout,
real_buchwald_hartwig,llambo_warmstart_source_schema_only_field_mapping_noprior,27141,86.7607,84.1625,13.2393,0,heldout,
real_buchwald_hartwig,llambo_warmstart_steric_tpsa_balanced_optimization,27141,99.0345,86.9463,0.9655,1,heldout,
real_buchwald_hartwig,llambo_warmstart_steric_tpsa_balanced_optimization_conservative,27141,99.0345,86.9463,0.9655,1,heldout,
real_buchwald_hartwig,llambo_warmstart_steric_tpsa_balanced_optimization_noprior,27141,99.0345,86.9463,0.9655,1,heldout,
real_buchwald_hartwig,llm_calibrated_selector,27141,100.0,98.8133,0.0,1,heldout,llm_semantic_source_alignment_conservative_ligand_mass_noprior
real_buchwald_hartwig,llm_direct_prior_base_strength_solvent_polarity_domain,27141,88.5139,88.5139,11.4861,0,heldout,
real_buchwald_hartwig,llm_direct_prior_base_strength_solvent_polarity_domain_conservative,27141,90.2279,88.8567,9.7721,0,heldout,
real_buchwald_hartwig,llm_direct_prior_base_strength_solvent_polarity_domain_noprior,27141,88.5139,88.5139,11.4861,0,heldout,
real_buchwald_hartwig,llm_direct_prior_counter_source_acid_halide_reversal,27141,88.5139,88.5139,11.4861,0,heldout,
real_buchwald_hartwig,llm_direct_prior_counter_source_acid_halide_reversal_conservative,27141,88.5139,88.5139,11.4861,0,heldout,
real_buchwald_hartwig,llm_direct_prior_counter_source_acid_halide_reversal_noprior,27141,88.5139,88.5139,11.4861,0,heldout,
real_buchwald_hartwig,llm_direct_prior_cross_skill_rule_bank,27141,88.5139,88.5139,11.4861,0,heldout,
real_buchwald_hartwig,llm_direct_prior_halide_reactivity_additive_suppression,27141,88.5139,88.5139,11.4861,0,heldout,
real_buchwald_hartwig,llm_direct_prior_halide_reactivity_additive_suppression_conservative,27141,89.5592,88.6994,10.4408,0,heldout,
real_buchwald_hartwig,llm_direct_prior_halide_reactivity_additive_suppression_noprior,27141,88.5139,88.5139,11.4861,0,heldout,
real_buchwald_hartwig,llm_direct_prior_low_semantic_mass_anchor_heavy,27141,89.3231,89.0803,10.6769,0,heldout,
real_buchwald_hartwig,llm_direct_prior_low_semantic_mass_anchor_heavy_conservative,27141,89.3231,89.0803,10.6769,0,heldout,
real_buchwald_hartwig,llm_direct_prior_low_semantic_mass_anchor_heavy_noprior,27141,89.3231,89.0803,10.6769,0,heldout,
real_buchwald_hartwig,llm_direct_prior_mechanistic_heteroaromatic_halide_synergy,27141,88.5139,88.5139,11.4861,0,heldout,
real_buchwald_hartwig,llm_direct_prior_mechanistic_heteroaromatic_halide_synergy_conservative,27141,88.5139,88.5139,11.4861,0,heldout,
real_buchwald_hartwig,llm_direct_prior_mechanistic_heteroaromatic_halide_synergy_noprior,27141,88.5139,88.5139,11.4861,0,heldout,
real_buchwald_hartwig,llm_direct_prior_selector,27141,88.5139,88.5139,11.4861,0,heldout,llm_direct_prior_counter_source_acid_halide_reversal_noprior
real_buchwald_hartwig,llm_direct_prior_source_alignment_conservative_ligand_mass,27141,88.5139,88.5139,11.4861,0,heldout,
real_buchwald_hartwig,llm_direct_prior_source_alignment_conservative_ligand_mass_conservative,27141,88.5139,88.5139,11.4861,0,heldout,
real_buchwald_hartwig,llm_direct_prior_source_alignment_conservative_ligand_mass_noprior,27141,88.5139,88.5139,11.4861,0,heldout,
real_buchwald_hartwig,llm_direct_prior_source_schema_only_field_mapping,27141,88.5139,88.5139,11.4861,0,heldout,
real_buchwald_hartwig,llm_direct_prior_source_schema_only_field_mapping_conservative,27141,88.5139,88.5139,11.4861,0,heldout,
real_buchwald_hartwig,llm_direct_prior_source_schema_only_field_mapping_noprior,27141,88.5139,88.5139,11.4861,0,heldout,
real_buchwald_hartwig,llm_direct_prior_steric_tpsa_balanced_optimization,27141,88.5139,88.5139,11.4861,0,heldout,
real_buchwald_hartwig,llm_direct_prior_steric_tpsa_balanced_optimization_conservative,27141,88.5139,88.5139,11.4861,0,heldout,
real_buchwald_hartwig,llm_direct_prior_steric_tpsa_balanced_optimization_noprior,27141,88.5139,88.5139,11.4861,0,heldout,
real_buchwald_hartwig,llm_semantic_base_strength_solvent_polarity_domain,27141,88.5139,88.5139,11.4861,0,heldout,
real_buchwald_hartwig,llm_semantic_base_strength_solvent_polarity_domain_conservative,27141,95.7526,91.6708,4.2474,0,heldout,
real_buchwald_hartwig,llm_semantic_base_strength_solvent_polarity_domain_noprior,27141,100.0,89.6625,0.0,1,heldout,
real_buchwald_hartwig,llm_semantic_counter_source_acid_halide_reversal,27141,100.0,98.8133,0.0,1,heldout,
real_buchwald_hartwig,llm_semantic_counter_source_acid_halide_reversal_conservative,27141,100.0,97.6266,0.0,1,heldout,
real_buchwald_hartwig,llm_semantic_counter_source_acid_halide_reversal_noprior,27141,100.0,91.9597,0.0,1,heldout,
real_buchwald_hartwig,llm_semantic_cross_skill_rule_bank,27141,100.0,96.0679,0.0,1,heldout,
real_buchwald_hartwig,llm_semantic_halide_reactivity_additive_suppression,27141,100.0,95.4056,0.0,1,heldout,
real_buchwald_hartwig,llm_semantic_halide_reactivity_additive_suppression_conservative,27141,97.5685,94.8521,2.4315,1,heldout,
real_buchwald_hartwig,llm_semantic_halide_reactivity_additive_suppression_noprior,27141,100.0,96.5542,0.0,1,heldout,
real_buchwald_hartwig,llm_semantic_low_semantic_mass_anchor_heavy,27141,93.8745,89.3497,6.1255,0,heldout,
real_buchwald_hartwig,llm_semantic_low_semantic_mass_anchor_heavy_conservative,27141,93.8745,89.3497,6.1255,0,heldout,
real_buchwald_hartwig,llm_semantic_low_semantic_mass_anchor_heavy_noprior,27141,93.8745,89.3497,6.1255,0,heldout,
real_buchwald_hartwig,llm_semantic_mechanistic_heteroaromatic_halide_synergy,27141,89.6142,88.734,10.3858,0,heldout,
real_buchwald_hartwig,llm_semantic_mechanistic_heteroaromatic_halide_synergy_conservative,27141,92.1197,90.0782,7.8803,0,heldout,
real_buchwald_hartwig,llm_semantic_mechanistic_heteroaromatic_halide_synergy_noprior,27141,100.0,90.8663,0.0,1,heldout,
real_buchwald_hartwig,llm_semantic_source_alignment_conservative_ligand_mass,27141,100.0,98.8133,0.0,1,heldout,
real_buchwald_hartwig,llm_semantic_source_alignment_conservative_ligand_mass_conservative,27141,100.0,98.8133,0.0,1,heldout,
real_buchwald_hartwig,llm_semantic_source_alignment_conservative_ligand_mass_noprior,27141,100.0,98.8133,0.0,1,heldout,
real_buchwald_hartwig,llm_semantic_source_schema_only_field_mapping,27141,100.0,94.257,0.0,1,heldout,
real_buchwald_hartwig,llm_semantic_source_schema_only_field_mapping_conservative,27141,93.8745,92.8024,6.1255,0,heldout,
real_buchwald_hartwig,llm_semantic_source_schema_only_field_mapping_noprior,27141,100.0,97.7028,0.0,1,heldout,
real_buchwald_hartwig,llm_semantic_steric_tpsa_balanced_optimization,27141,100.0,93.1083,0.0,1,heldout,
real_buchwald_hartwig,llm_semantic_steric_tpsa_balanced_optimization_conservative,27141,97.5685,92.4691,2.4315,1,heldout,
real_buchwald_hartwig,llm_semantic_steric_tpsa_balanced_optimization_noprior,27141,100.0,91.9597,0.0,1,heldout,
real_buchwald_hartwig,mixed_kernel_gp_ei,27141,89.6142,88.844,10.3858,0,heldout,
real_buchwald_hartwig,target_acquisition_portfolio,27141,89.6142,88.844,10.3858,0,heldout,
real_buchwald_hartwig,care_strategy_router,27142,97.5685,93.8851,2.4315,1,heldout,llm_direct_prior_counter_source_acid_halide_reversal_noprior
real_buchwald_hartwig,gp_ucb,27142,100.0,93.882,0.0,1,heldout,
real_buchwald_hartwig,llambo_warmstart_base_strength_solvent_polarity_domain,27142,84.4243,82.6173,15.5757,0,heldout,
real_buchwald_hartwig,llambo_warmstart_base_strength_solvent_polarity_domain_conservative,27142,84.4243,82.6173,15.5757,0,heldout,
real_buchwald_hartwig,llambo_warmstart_base_strength_solvent_polarity_domain_noprior,27142,84.4243,82.6173,15.5757,0,heldout,
real_buchwald_hartwig,llambo_warmstart_counter_source_acid_halide_reversal,27142,91.6984,88.5495,8.3016,0,heldout,
real_buchwald_hartwig,llambo_warmstart_counter_source_acid_halide_reversal_conservative,27142,91.6984,88.5495,8.3016,0,heldout,
real_buchwald_hartwig,llambo_warmstart_counter_source_acid_halide_reversal_noprior,27142,91.6984,88.5495,8.3016,0,heldout,
real_buchwald_hartwig,llambo_warmstart_cross_skill_rule_bank,27142,98.7313,93.507,1.2687,1,heldout,
real_buchwald_hartwig,llambo_warmstart_halide_reactivity_additive_suppression,27142,95.7526,93.9529,4.2474,0,heldout,
real_buchwald_hartwig,llambo_warmstart_halide_reactivity_additive_suppression_conservative,27142,95.7526,93.9529,4.2474,0,heldout,
real_buchwald_hartwig,llambo_warmstart_halide_reactivity_additive_suppression_noprior,27142,95.7526,93.9529,4.2474,0,heldout,
real_buchwald_hartwig,llambo_warmstart_low_semantic_mass_anchor_heavy,27142,83.3036,79.812,16.6964,0,heldout,
real_buchwald_hartwig,llambo_warmstart_low_semantic_mass_anchor_heavy_conservative,27142,83.3036,79.812,16.6964,0,heldout,
real_buchwald_hartwig,llambo_warmstart_low_semantic_mass_anchor_heavy_noprior,27142,83.3036,79.812,16.6964,0,heldout,
real_buchwald_hartwig,llambo_warmstart_mechanistic_heteroaromatic_halide_synergy,27142,89.5592,88.3202,10.4408,0,heldout,
real_buchwald_hartwig,llambo_warmstart_mechanistic_heteroaromatic_halide_synergy_conservative,27142,89.5592,88.3202,10.4408,0,heldout,
real_buchwald_hartwig,llambo_warmstart_mechanistic_heteroaromatic_halide_synergy_noprior,27142,89.5592,88.3202,10.4408,0,heldout,
real_buchwald_hartwig,llambo_warmstart_selector,27142,98.7313,93.507,1.2687,1,heldout,llambo_warmstart_cross_skill_rule_bank
real_buchwald_hartwig,llambo_warmstart_source_alignment_conservative_ligand_mass,27142,86.5976,76.5659,13.4024,0,heldout,
real_buchwald_hartwig,llambo_warmstart_source_alignment_conservative_ligand_mass_conservative,27142,86.5976,76.5659,13.4024,0,heldout,
real_buchwald_hartwig,llambo_warmstart_source_alignment_conservative_ligand_mass_noprior,27142,86.5976,76.5659,13.4024,0,heldout,
real_buchwald_hartwig,llambo_warmstart_source_schema_only_field_mapping,27142,90.9905,85.9964,9.0095,0,heldout,
real_buchwald_hartwig,llambo_warmstart_source_schema_only_field_mapping_conservative,27142,90.9905,85.9964,9.0095,0,heldout,
real_buchwald_hartwig,llambo_warmstart_source_schema_only_field_mapping_noprior,27142,90.9905,85.9964,9.0095,0,heldout,
real_buchwald_hartwig,llambo_warmstart_steric_tpsa_balanced_optimization,27142,86.2198,80.3772,13.7802,0,heldout,
real_buchwald_hartwig,llambo_warmstart_steric_tpsa_balanced_optimization_conservative,27142,86.2198,80.3772,13.7802,0,heldout,
real_buchwald_hartwig,llambo_warmstart_steric_tpsa_balanced_optimization_noprior,27142,86.2198,80.3772,13.7802,0,heldout,
real_buchwald_hartwig,llm_calibrated_selector,27142,99.6191,93.7522,0.3809,1,heldout,llm_semantic_source_alignment_conservative_ligand_mass_noprior
real_buchwald_hartwig,llm_direct_prior_base_strength_solvent_polarity_domain,27142,87.7641,87.7641,12.2359,0,heldout,
real_buchwald_hartwig,llm_direct_prior_base_strength_solvent_polarity_domain_conservative,27142,87.7641,87.7641,12.2359,0,heldout,
real_buchwald_hartwig,llm_direct_prior_base_strength_solvent_polarity_domain_noprior,27142,87.7641,87.7641,12.2359,0,heldout,
real_buchwald_hartwig,llm_direct_prior_counter_source_acid_halide_reversal,27142,97.5685,93.8851,2.4315,1,heldout,
real_buchwald_hartwig,llm_direct_prior_counter_source_acid_halide_reversal_conservative,27142,100.0,93.7407,0.0,1,heldout,
real_buchwald_hartwig,llm_direct_prior_counter_source_acid_halide_reversal_noprior,27142,97.5685,93.8851,2.4315,1,heldout,
real_buchwald_hartwig,llm_direct_prior_cross_skill_rule_bank,27142,94.2969,93.6004,5.7031,0,heldout,
real_buchwald_hartwig,llm_direct_prior_halide_reactivity_additive_suppression,27142,87.7641,87.7641,12.2359,0,heldout,
real_buchwald_hartwig,llm_direct_prior_halide_reactivity_additive_suppression_conservative,27142,94.2969,92.9903,5.7031,0,heldout,
real_buchwald_hartwig,llm_direct_prior_halide_reactivity_additive_suppression_noprior,27142,87.7641,87.7641,12.2359,0,heldout,
real_buchwald_hartwig,llm_direct_prior_low_semantic_mass_anchor_heavy,27142,87.7641,87.7641,12.2359,0,heldout,
real_buchwald_hartwig,llm_direct_prior_low_semantic_mass_anchor_heavy_conservative,27142,87.7641,87.7641,12.2359,0,heldout,
real_buchwald_hartwig,llm_direct_prior_low_semantic_mass_anchor_heavy_noprior,27142,87.7641,87.7641,12.2359,0,heldout,
real_buchwald_hartwig,llm_direct_prior_mechanistic_heteroaromatic_halide_synergy,27142,97.2929,92.4031,2.7071,0,heldout,
real_buchwald_hartwig,llm_direct_prior_mechanistic_heteroaromatic_halide_synergy_conservative,27142,97.5685,93.7904,2.4315,1,heldout,
real_buchwald_hartwig,llm_direct_prior_mechanistic_heteroaromatic_halide_synergy_noprior,27142,97.2929,92.4031,2.7071,0,heldout,
real_buchwald_hartwig,llm_direct_prior_selector,27142,97.5685,93.8851,2.4315,1,heldout,llm_direct_prior_counter_source_acid_halide_reversal_noprior
real_buchwald_hartwig,llm_direct_prior_source_alignment_conservative_ligand_mass,27142,94.2969,92.2507,5.7031,0,heldout,
real_buchwald_hartwig,llm_direct_prior_source_alignment_conservative_ligand_mass_conservative,27142,94.2969,92.2507,5.7031,0,heldout,
real_buchwald_hartwig,llm_direct_prior_source_alignment_conservative_ligand_mass_noprior,27142,94.2969,92.2507,5.7031,0,heldout,
real_buchwald_hartwig,llm_direct_prior_source_schema_only_field_mapping,27142,89.0766,88.1578,10.9234,0,heldout,
real_buchwald_hartwig,llm_direct_prior_source_schema_only_field_mapping_conservative,27142,89.0766,88.1578,10.9234,0,heldout,
real_buchwald_hartwig,llm_direct_prior_source_schema_only_field_mapping_noprior,27142,89.0766,88.1578,10.9234,0,heldout,
real_buchwald_hartwig,llm_direct_prior_steric_tpsa_balanced_optimization,27142,87.7641,87.7641,12.2359,0,heldout,
real_buchwald_hartwig,llm_direct_prior_steric_tpsa_balanced_optimization_conservative,27142,87.7641,87.7641,12.2359,0,heldout,
real_buchwald_hartwig,llm_direct_prior_steric_tpsa_balanced_optimization_noprior,27142,87.7641,87.7641,12.2359,0,heldout,
real_buchwald_hartwig,llm_semantic_base_strength_solvent_polarity_domain,27142,87.7641,87.7641,12.2359,0,heldout,
real_buchwald_hartwig,llm_semantic_base_strength_solvent_polarity_domain_conservative,27142,91.511,88.1388,8.489,0,heldout,
real_buchwald_hartwig,llm_semantic_base_strength_solvent_polarity_domain_noprior,27142,89.6142,88.6845,10.3858,0,heldout,
real_buchwald_hartwig,llm_semantic_counter_source_acid_halide_reversal,27142,97.5685,93.4138,2.4315,1,heldout,
real_buchwald_hartwig,llm_semantic_counter_source_acid_halide_reversal_conservative,27142,97.5685,91.6859,2.4315,1,heldout,
real_buchwald_hartwig,llm_semantic_counter_source_acid_halide_reversal_noprior,27142,100.0,96.3292,0.0,1,heldout,
real_buchwald_hartwig,llm_semantic_cross_skill_rule_bank,27142,95.7526,92.5077,4.2474,0,heldout,
real_buchwald_hartwig,llm_semantic_halide_reactivity_additive_suppression,27142,100.0,100.0,0.0,1,heldout,
real_buchwald_hartwig,llm_semantic_halide_reactivity_additive_suppression_conservative,27142,98.8492,97.7407,1.1508,1,heldout,
real_buchwald_hartwig,llm_semantic_halide_reactivity_additive_suppression_noprior,27142,100.0,98.7764,0.0,1,heldout,
real_buchwald_hartwig,llm_semantic_low_semantic_mass_anchor_heavy,27142,95.7526,94.1054,4.2474,0,heldout,
real_buchwald_hartwig,llm_semantic_low_semantic_mass_anchor_heavy_conservative,27142,98.8492,94.7248,1.1508,1,heldout,
real_buchwald_hartwig,llm_semantic_low_semantic_mass_anchor_heavy_noprior,27142,98.8492,94.7248,1.1508,1,heldout,
real_buchwald_hartwig,llm_semantic_mechanistic_heteroaromatic_halide_synergy,27142,100.0,92.9955,0.0,1,heldout,
real_buchwald_hartwig,llm_semantic_mechanistic_heteroaromatic_halide_synergy_conservative,27142,98.8492,92.5132,1.1508,1,heldout,
real_buchwald_hartwig,llm_semantic_mechanistic_heteroaromatic_halide_synergy_noprior,27142,100.0,94.3754,0.0,1,heldout,
real_buchwald_hartwig,llm_semantic_source_alignment_conservative_ligand_mass,27142,100.0,94.6011,0.0,1,heldout,
real_buchwald_hartwig,llm_semantic_source_alignment_conservative_ligand_mass_conservative,27142,99.6191,93.7522,0.3809,1,heldout,
real_buchwald_hartwig,llm_semantic_source_alignment_conservative_ligand_mass_noprior,27142,99.6191,93.7522,0.3809,1,heldout,
real_buchwald_hartwig,llm_semantic_source_schema_only_field_mapping,27142,93.8745,88.9862,6.1255,0,heldout,
real_buchwald_hartwig,llm_semantic_source_schema_only_field_mapping_conservative,27142,97.5685,90.7054,2.4315,1,heldout,
real_buchwald_hartwig,llm_semantic_source_schema_only_field_mapping_noprior,27142,97.5685,90.7054,2.4315,1,heldout,
real_buchwald_hartwig,llm_semantic_steric_tpsa_balanced_optimization,27142,100.0,96.3292,0.0,1,heldout,
real_buchwald_hartwig,llm_semantic_steric_tpsa_balanced_optimization_conservative,27142,100.0,96.3292,0.0,1,heldout,
real_buchwald_hartwig,llm_semantic_steric_tpsa_balanced_optimization_noprior,27142,95.6759,92.5875,4.3241,0,heldout,
real_buchwald_hartwig,mixed_kernel_gp_ei,27142,98.8492,96.6322,1.1508,1,heldout,
real_buchwald_hartwig,target_acquisition_portfolio,27142,98.8492,90.7305,1.1508,1,heldout,
real_buchwald_hartwig,care_strategy_router,27143,93.5641,93.5641,6.4359,0,heldout,llm_direct_prior_counter_source_acid_halide_reversal_noprior
real_buchwald_hartwig,gp_ucb,27143,93.5641,93.5641,6.4359,0,heldout,
real_buchwald_hartwig,llambo_warmstart_base_strength_solvent_polarity_domain,27143,99.6191,89.7809,0.3809,1,heldout,
real_buchwald_hartwig,llambo_warmstart_base_strength_solvent_polarity_domain_conservative,27143,99.6191,89.7809,0.3809,1,heldout,
real_buchwald_hartwig,llambo_warmstart_base_strength_solvent_polarity_domain_noprior,27143,99.6191,89.7809,0.3809,1,heldout,
real_buchwald_hartwig,llambo_warmstart_counter_source_acid_halide_reversal,27143,94.1517,94.1517,5.8483,0,heldout,
real_buchwald_hartwig,llambo_warmstart_counter_source_acid_halide_reversal_conservative,27143,94.1517,94.1517,5.8483,0,heldout,
real_buchwald_hartwig,llambo_warmstart_counter_source_acid_halide_reversal_noprior,27143,94.1517,94.1517,5.8483,0,heldout,
real_buchwald_hartwig,llambo_warmstart_cross_skill_rule_bank,27143,93.3108,91.4845,6.6892,0,heldout,
real_buchwald_hartwig,llambo_warmstart_halide_reactivity_additive_suppression,27143,99.0345,88.3389,0.9655,1,heldout,
real_buchwald_hartwig,llambo_warmstart_halide_reactivity_additive_suppression_conservative,27143,99.0345,88.3389,0.9655,1,heldout,
real_buchwald_hartwig,llambo_warmstart_halide_reactivity_additive_suppression_noprior,27143,99.0345,88.3389,0.9655,1,heldout,
real_buchwald_hartwig,llambo_warmstart_low_semantic_mass_anchor_heavy,27143,100.0,97.6607,0.0,1,heldout,
real_buchwald_hartwig,llambo_warmstart_low_semantic_mass_anchor_heavy_conservative,27143,100.0,97.6607,0.0,1,heldout,
real_buchwald_hartwig,llambo_warmstart_low_semantic_mass_anchor_heavy_noprior,27143,100.0,97.6607,0.0,1,heldout,
real_buchwald_hartwig,llambo_warmstart_mechanistic_heteroaromatic_halide_synergy,27143,96.5912,95.6588,3.4088,0,heldout,
real_buchwald_hartwig,llambo_warmstart_mechanistic_heteroaromatic_halide_synergy_conservative,27143,96.5912,95.6588,3.4088,0,heldout,
real_buchwald_hartwig,llambo_warmstart_mechanistic_heteroaromatic_halide_synergy_noprior,27143,96.5912,95.6588,3.4088,0,heldout,
real_buchwald_hartwig,llambo_warmstart_selector,27143,93.3108,91.4845,6.6892,0,heldout,llambo_warmstart_cross_skill_rule_bank
real_buchwald_hartwig,llambo_warmstart_source_alignment_conservative_ligand_mass,27143,97.5685,84.6611,2.4315,1,heldout,
real_buchwald_hartwig,llambo_warmstart_source_alignment_conservative_ligand_mass_conservative,27143,97.5685,84.6611,2.4315,1,heldout,
real_buchwald_hartwig,llambo_warmstart_source_alignment_conservative_ligand_mass_noprior,27143,97.5685,84.6611,2.4315,1,heldout,
real_buchwald_hartwig,llambo_warmstart_source_schema_only_field_mapping,27143,89.0766,82.2652,10.9234,0,heldout,
real_buchwald_hartwig,llambo_warmstart_source_schema_only_field_mapping_conservative,27143,89.0766,82.2652,10.9234,0,heldout,
real_buchwald_hartwig,llambo_warmstart_source_schema_only_field_mapping_noprior,27143,89.0766,82.2652,10.9234,0,heldout,
real_buchwald_hartwig,llambo_warmstart_steric_tpsa_balanced_optimization,27143,86.7607,84.5548,13.2393,0,heldout,
real_buchwald_hartwig,llambo_warmstart_steric_tpsa_balanced_optimization_conservative,27143,86.7607,84.5548,13.2393,0,heldout,
real_buchwald_hartwig,llambo_warmstart_steric_tpsa_balanced_optimization_noprior,27143,86.7607,84.5548,13.2393,0,heldout,
real_buchwald_hartwig,llm_calibrated_selector,27143,99.6191,98.3977,0.3809,1,heldout,llm_semantic_source_alignment_conservative_ligand_mass_noprior
real_buchwald_hartwig,llm_direct_prior_base_strength_solvent_polarity_domain,27143,93.5641,93.5641,6.4359,0,heldout,
real_buchwald_hartwig,llm_direct_prior_base_strength_solvent_polarity_domain_conservative,27143,93.5641,93.5641,6.4359,0,heldout,
real_buchwald_hartwig,llm_direct_prior_base_strength_solvent_polarity_domain_noprior,27143,93.5641,93.5641,6.4359,0,heldout,
real_buchwald_hartwig,llm_direct_prior_counter_source_acid_halide_reversal,27143,93.5641,93.5641,6.4359,0,heldout,
real_buchwald_hartwig,llm_direct_prior_counter_source_acid_halide_reversal_conservative,27143,93.5641,93.5641,6.4359,0,heldout,
real_buchwald_hartwig,llm_direct_prior_counter_source_acid_halide_reversal_noprior,27143,93.5641,93.5641,6.4359,0,heldout,
real_buchwald_hartwig,llm_direct_prior_cross_skill_rule_bank,27143,93.5641,93.5641,6.4359,0,heldout,
real_buchwald_hartwig,llm_direct_prior_halide_reactivity_additive_suppression,27143,93.5641,93.5641,6.4359,0,heldout,
real_buchwald_hartwig,llm_direct_prior_halide_reactivity_additive_suppression_conservative,27143,93.5641,93.5641,6.4359,0,heldout,
real_buchwald_hartwig,llm_direct_prior_halide_reactivity_additive_suppression_noprior,27143,93.5641,93.5641,6.4359,0,heldout,
real_buchwald_hartwig,llm_direct_prior_low_semantic_mass_anchor_heavy,27143,93.5641,93.5641,6.4359,0,heldout,
real_buchwald_hartwig,llm_direct_prior_low_semantic_mass_anchor_heavy_conservative,27143,93.5641,93.5641,6.4359,0,heldout,
real_buchwald_hartwig,llm_direct_prior_low_semantic_mass_anchor_heavy_noprior,27143,93.5641,93.5641,6.4359,0,heldout,
real_buchwald_hartwig,llm_direct_prior_mechanistic_heteroaromatic_halide_synergy,27143,93.5641,93.5641,6.4359,0,heldout,
real_buchwald_hartwig,llm_direct_prior_mechanistic_heteroaromatic_halide_synergy_conservative,27143,93.5641,93.5641,6.4359,0,heldout,
real_buchwald_hartwig,llm_direct_prior_mechanistic_heteroaromatic_halide_synergy_noprior,27143,93.5641,93.5641,6.4359,0,heldout,
real_buchwald_hartwig,llm_direct_prior_selector,27143,93.5641,93.5641,6.4359,0,heldout,llm_direct_prior_counter_source_acid_halide_reversal_noprior
real_buchwald_hartwig,llm_direct_prior_source_alignment_conservative_ligand_mass,27143,93.5641,93.5641,6.4359,0,heldout,
real_buchwald_hartwig,llm_direct_prior_source_alignment_conservative_ligand_mass_conservative,27143,93.5641,93.5641,6.4359,0,heldout,
real_buchwald_hartwig,llm_direct_prior_source_alignment_conservative_ligand_mass_noprior,27143,93.5641,93.5641,6.4359,0,heldout,
real_buchwald_hartwig,llm_direct_prior_source_schema_only_field_mapping,27143,93.5641,93.5641,6.4359,0,heldout,
real_buchwald_hartwig,llm_direct_prior_source_schema_only_field_mapping_conservative,27143,93.5641,93.5641,6.4359,0,heldout,
real_buchwald_hartwig,llm_direct_prior_source_schema_only_field_mapping_noprior,27143,93.5641,93.5641,6.4359,0,heldout,
real_buchwald_hartwig,llm_direct_prior_steric_tpsa_balanced_optimization,27143,93.5641,93.5641,6.4359,0,heldout,
real_buchwald_hartwig,llm_direct_prior_steric_tpsa_balanced_optimization_conservative,27143,93.5641,93.5641,6.4359,0,heldout,
real_buchwald_hartwig,llm_direct_prior_steric_tpsa_balanced_optimization_noprior,27143,93.5641,93.5641,6.4359,0,heldout,
real_buchwald_hartwig,llm_semantic_base_strength_solvent_polarity_domain,27143,93.5641,93.5641,6.4359,0,heldout,
real_buchwald_hartwig,llm_semantic_base_strength_solvent_polarity_domain_conservative,27143,99.0345,95.0148,0.9655,1,heldout,
real_buchwald_hartwig,llm_semantic_base_strength_solvent_polarity_domain_noprior,27143,93.5641,93.5641,6.4359,0,heldout,
real_buchwald_hartwig,llm_semantic_counter_source_acid_halide_reversal,27143,93.5641,93.5641,6.4359,0,heldout,
real_buchwald_hartwig,llm_semantic_counter_source_acid_halide_reversal_conservative,27143,93.5641,93.5641,6.4359,0,heldout,
real_buchwald_hartwig,llm_semantic_counter_source_acid_halide_reversal_noprior,27143,93.5641,93.5641,6.4359,0,heldout,
real_buchwald_hartwig,llm_semantic_cross_skill_rule_bank,27143,93.5641,93.5641,6.4359,0,heldout,
real_buchwald_hartwig,llm_semantic_halide_reactivity_additive_suppression,27143,99.6191,96.5916,0.3809,1,heldout,
real_buchwald_hartwig,llm_semantic_halide_reactivity_additive_suppression_conservative,27143,93.5641,93.5641,6.4359,0,heldout,
real_buchwald_hartwig,llm_semantic_halide_reactivity_additive_suppression_noprior,27143,99.0345,95.7523,0.9655,1,heldout,
real_buchwald_hartwig,llm_semantic_low_semantic_mass_anchor_heavy,27143,93.5641,93.5641,6.4359,0,heldout,
real_buchwald_hartwig,llm_semantic_low_semantic_mass_anchor_heavy_conservative,27143,93.5641,93.5641,6.4359,0,heldout,
real_buchwald_hartwig,llm_semantic_low_semantic_mass_anchor_heavy_noprior,27143,93.5641,93.5641,6.4359,0,heldout,
real_buchwald_hartwig,llm_semantic_mechanistic_heteroaromatic_halide_synergy,27143,96.1323,94.3346,3.8677,0,heldout,
real_buchwald_hartwig,llm_semantic_mechanistic_heteroaromatic_halide_synergy_conservative,27143,99.0345,96.1991,0.9655,1,heldout,
real_buchwald_hartwig,llm_semantic_mechanistic_heteroaromatic_halide_synergy_noprior,27143,96.1323,95.6187,3.8677,0,heldout,
real_buchwald_hartwig,llm_semantic_source_alignment_conservative_ligand_mass,27143,99.6191,98.3977,0.3809,1,heldout,
real_buchwald_hartwig,llm_semantic_source_alignment_conservative_ligand_mass_conservative,27143,99.6191,98.3977,0.3809,1,heldout,
real_buchwald_hartwig,llm_semantic_source_alignment_conservative_ligand_mass_noprior,27143,99.6191,98.3977,0.3809,1,heldout,
real_buchwald_hartwig,llm_semantic_source_schema_only_field_mapping,27143,93.5641,93.5641,6.4359,0,heldout,
real_buchwald_hartwig,llm_semantic_source_schema_only_field_mapping_conservative,27143,93.5641,93.5641,6.4359,0,heldout,
real_buchwald_hartwig,llm_semantic_source_schema_only_field_mapping_noprior,27143,97.5685,93.9645,2.4315,1,heldout,
real_buchwald_hartwig,llm_semantic_steric_tpsa_balanced_optimization,27143,99.6191,95.3806,0.3809,1,heldout,
real_buchwald_hartwig,llm_semantic_steric_tpsa_balanced_optimization_conservative,27143,99.0345,94.6582,0.9655,1,heldout,
real_buchwald_hartwig,llm_semantic_steric_tpsa_balanced_optimization_noprior,27143,95.7526,93.9336,4.2474,0,heldout,
real_buchwald_hartwig,mixed_kernel_gp_ei,27143,97.2929,94.7081,2.7071,0,heldout,
real_buchwald_hartwig,target_acquisition_portfolio,27143,93.5641,93.5641,6.4359,0,heldout,
real_buchwald_hartwig,care_strategy_router,27144,93.4211,93.4211,6.5789,0,heldout,llm_direct_prior_counter_source_acid_halide_reversal_noprior
real_buchwald_hartwig,gp_ucb,27144,98.7313,97.961,1.2687,1,heldout,
real_buchwald_hartwig,llambo_warmstart_base_strength_solvent_polarity_domain,27144,99.6191,92.1103,0.3809,1,heldout,
real_buchwald_hartwig,llambo_warmstart_base_strength_solvent_polarity_domain_conservative,27144,99.6191,92.1103,0.3809,1,heldout,
real_buchwald_hartwig,llambo_warmstart_base_strength_solvent_polarity_domain_noprior,27144,99.6191,92.1103,0.3809,1,heldout,
real_buchwald_hartwig,llambo_warmstart_counter_source_acid_halide_reversal,27144,93.7486,91.7855,6.2514,0,heldout,
real_buchwald_hartwig,llambo_warmstart_counter_source_acid_halide_reversal_conservative,27144,93.7486,91.7855,6.2514,0,heldout,
real_buchwald_hartwig,llambo_warmstart_counter_source_acid_halide_reversal_noprior,27144,93.7486,91.7855,6.2514,0,heldout,
real_buchwald_hartwig,llambo_warmstart_cross_skill_rule_bank,27144,92.9142,91.8413,7.0858,0,heldout,
real_buchwald_hartwig,llambo_warmstart_halide_reactivity_additive_suppression,27144,89.5592,79.3671,10.4408,0,heldout,
real_buchwald_hartwig,llambo_warmstart_halide_reactivity_additive_suppression_conservative,27144,89.5592,79.3671,10.4408,0,heldout,
real_buchwald_hartwig,llambo_warmstart_halide_reactivity_additive_suppression_noprior,27144,89.5592,79.3671,10.4408,0,heldout,
real_buchwald_hartwig,llambo_warmstart_low_semantic_mass_anchor_heavy,27144,82.4636,71.8752,17.5364,0,heldout,
real_buchwald_hartwig,llambo_warmstart_low_semantic_mass_anchor_heavy_conservative,27144,82.4636,71.8752,17.5364,0,heldout,
real_buchwald_hartwig,llambo_warmstart_low_semantic_mass_anchor_heavy_noprior,27144,82.4636,71.8752,17.5364,0,heldout,
real_buchwald_hartwig,llambo_warmstart_mechanistic_heteroaromatic_halide_synergy,27144,95.5552,95.5552,4.4448,0,heldout,
real_buchwald_hartwig,llambo_warmstart_mechanistic_heteroaromatic_halide_synergy_conservative,27144,95.5552,95.5552,4.4448,0,heldout,
real_buchwald_hartwig,llambo_warmstart_mechanistic_heteroaromatic_halide_synergy_noprior,27144,95.5552,95.5552,4.4448,0,heldout,
real_buchwald_hartwig,llambo_warmstart_selector,27144,92.9142,91.8413,7.0858,0,heldout,llambo_warmstart_cross_skill_rule_bank
real_buchwald_hartwig,llambo_warmstart_source_alignment_conservative_ligand_mass,27144,77.858,75.1228,22.142,0,heldout,
real_buchwald_hartwig,llambo_warmstart_source_alignment_conservative_ligand_mass_conservative,27144,77.858,75.1228,22.142,0,heldout,
real_buchwald_hartwig,llambo_warmstart_source_alignment_conservative_ligand_mass_noprior,27144,77.858,75.1228,22.142,0,heldout,
real_buchwald_hartwig,llambo_warmstart_source_schema_only_field_mapping,27144,100.0,84.4591,0.0,1,heldout,
real_buchwald_hartwig,llambo_warmstart_source_schema_only_field_mapping_conservative,27144,100.0,84.4591,0.0,1,heldout,
real_buchwald_hartwig,llambo_warmstart_source_schema_only_field_mapping_noprior,27144,100.0,84.4591,0.0,1,heldout,
real_buchwald_hartwig,llambo_warmstart_steric_tpsa_balanced_optimization,27144,86.7607,80.8322,13.2393,0,heldout,
real_buchwald_hartwig,llambo_warmstart_steric_tpsa_balanced_optimization_conservative,27144,86.7607,80.8322,13.2393,0,heldout,
real_buchwald_hartwig,llambo_warmstart_steric_tpsa_balanced_optimization_noprior,27144,86.7607,80.8322,13.2393,0,heldout,
real_buchwald_hartwig,llm_calibrated_selector,27144,98.2872,72.8895,1.7128,1,heldout,llm_semantic_source_alignment_conservative_ligand_mass_noprior
real_buchwald_hartwig,llm_direct_prior_base_strength_solvent_polarity_domain,27144,88.4449,88.4449,11.5551,0,heldout,
real_buchwald_hartwig,llm_direct_prior_base_strength_solvent_polarity_domain_conservative,27144,83.7372,72.1283,16.2628,0,heldout,
real_buchwald_hartwig,llm_direct_prior_base_strength_solvent_polarity_domain_noprior,27144,88.4449,88.4449,11.5551,0,heldout,
real_buchwald_hartwig,llm_direct_prior_counter_source_acid_halide_reversal,27144,93.4211,93.4211,6.5789,0,heldout,
real_buchwald_hartwig,llm_direct_prior_counter_source_acid_halide_reversal_conservative,27144,98.2872,90.5054,1.7128,1,heldout,
real_buchwald_hartwig,llm_direct_prior_counter_source_acid_halide_reversal_noprior,27144,93.4211,93.4211,6.5789,0,heldout,
real_buchwald_hartwig,llm_direct_prior_cross_skill_rule_bank,27144,86.2541,86.1796,13.7459,0,heldout,
real_buchwald_hartwig,llm_direct_prior_halide_reactivity_additive_suppression,27144,86.0034,71.2466,13.9966,0,heldout,
real_buchwald_hartwig,llm_direct_prior_halide_reactivity_additive_suppression_conservative,27144,86.0034,82.6409,13.9966,0,heldout,
real_buchwald_hartwig,llm_direct_prior_halide_reactivity_additive_suppression_noprior,27144,86.0034,71.2466,13.9966,0,heldout,
real_buchwald_hartwig,llm_direct_prior_low_semantic_mass_anchor_heavy,27144,95.129,95.129,4.871,0,heldout,
real_buchwald_hartwig,llm_direct_prior_low_semantic_mass_anchor_heavy_conservative,27144,95.129,95.129,4.871,0,heldout,
real_buchwald_hartwig,llm_direct_prior_low_semantic_mass_anchor_heavy_noprior,27144,95.129,95.129,4.871,0,heldout,
real_buchwald_hartwig,llm_direct_prior_mechanistic_heteroaromatic_halide_synergy,27144,93.7486,87.8723,6.2514,0,heldout,
real_buchwald_hartwig,llm_direct_prior_mechanistic_heteroaromatic_halide_synergy_conservative,27144,93.7486,87.8723,6.2514,0,heldout,
real_buchwald_hartwig,llm_direct_prior_mechanistic_heteroaromatic_halide_synergy_noprior,27144,93.7486,87.8723,6.2514,0,heldout,
real_buchwald_hartwig,llm_direct_prior_selector,27144,93.4211,93.4211,6.5789,0,heldout,llm_direct_prior_counter_source_acid_halide_reversal_noprior
real_buchwald_hartwig,llm_direct_prior_source_alignment_conservative_ligand_mass,27144,98.2872,94.8809,1.7128,1,heldout,
real_buchwald_hartwig,llm_direct_prior_source_alignment_conservative_ligand_mass_conservative,27144,98.2872,94.8809,1.7128,1,heldout,
real_buchwald_hartwig,llm_direct_prior_source_alignment_conservative_ligand_mass_noprior,27144,98.2872,94.8809,1.7128,1,heldout,
real_buchwald_hartwig,llm_direct_prior_source_schema_only_field_mapping,27144,93.4211,74.0691,6.5789,0,heldout,
real_buchwald_hartwig,llm_direct_prior_source_schema_only_field_mapping_conservative,27144,93.4211,74.0691,6.5789,0,heldout,
real_buchwald_hartwig,llm_direct_prior_source_schema_only_field_mapping_noprior,27144,93.4211,74.0691,6.5789,0,heldout,
real_buchwald_hartwig,llm_direct_prior_steric_tpsa_balanced_optimization,27144,52.019,50.6578,47.981,0,heldout,
real_buchwald_hartwig,llm_direct_prior_steric_tpsa_balanced_optimization_conservative,27144,53.8392,51.9775,46.1608,0,heldout,
real_buchwald_hartwig,llm_direct_prior_steric_tpsa_balanced_optimization_noprior,27144,52.019,50.6578,47.981,0,heldout,
real_buchwald_hartwig,llm_semantic_base_strength_solvent_polarity_domain,27144,89.5592,65.7803,10.4408,0,heldout,
real_buchwald_hartwig,llm_semantic_base_strength_solvent_polarity_domain_conservative,27144,92.3912,55.8835,7.6088,0,heldout,
real_buchwald_hartwig,llm_semantic_base_strength_solvent_polarity_domain_noprior,27144,54.2458,51.3589,45.7542,0,heldout,
real_buchwald_hartwig,llm_semantic_counter_source_acid_halide_reversal,27144,98.2872,81.2533,1.7128,1,heldout,
real_buchwald_hartwig,llm_semantic_counter_source_acid_halide_reversal_conservative,27144,86.9711,72.5064,13.0289,0,heldout,
real_buchwald_hartwig,llm_semantic_counter_source_acid_halide_reversal_noprior,27144,98.2872,80.7274,1.7128,1,heldout,
real_buchwald_hartwig,llm_semantic_cross_skill_rule_bank,27144,53.8392,52.4714,46.1608,0,heldout,
real_buchwald_hartwig,llm_semantic_halide_reactivity_additive_suppression,27144,97.948,83.6808,2.052,1,heldout,
real_buchwald_hartwig,llm_semantic_halide_reactivity_additive_suppression_conservative,27144,94.5498,65.0808,5.4502,0,heldout,
real_buchwald_hartwig,llm_semantic_halide_reactivity_additive_suppression_noprior,27144,89.6142,83.241,10.3858,0,heldout,
real_buchwald_hartwig,llm_semantic_low_semantic_mass_anchor_heavy,27144,98.2872,80.895,1.7128,1,heldout,
real_buchwald_hartwig,llm_semantic_low_semantic_mass_anchor_heavy_conservative,27144,98.2872,83.9331,1.7128,1,heldout,
real_buchwald_hartwig,llm_semantic_low_semantic_mass_anchor_heavy_noprior,27144,98.2872,83.9331,1.7128,1,heldout,
real_buchwald_hartwig,llm_semantic_mechanistic_heteroaromatic_halide_synergy,27144,98.7313,92.9654,1.2687,1,heldout,
real_buchwald_hartwig,llm_semantic_mechanistic_heteroaromatic_halide_synergy_conservative,27144,85.1332,75.4866,14.8668,0,heldout,
real_buchwald_hartwig,llm_semantic_mechanistic_heteroaromatic_halide_synergy_noprior,27144,83.0965,75.4854,16.9035,0,heldout,
real_buchwald_hartwig,llm_semantic_source_alignment_conservative_ligand_mass,27144,93.0289,76.2826,6.9711,0,heldout,
real_buchwald_hartwig,llm_semantic_source_alignment_conservative_ligand_mass_conservative,27144,98.2872,72.8895,1.7128,1,heldout,
real_buchwald_hartwig,llm_semantic_source_alignment_conservative_ligand_mass_noprior,27144,98.2872,72.8895,1.7128,1,heldout,
real_buchwald_hartwig,llm_semantic_source_schema_only_field_mapping,27144,93.0289,66.6948,6.9711,0,heldout,
real_buchwald_hartwig,llm_semantic_source_schema_only_field_mapping_conservative,27144,93.0289,66.6948,6.9711,0,heldout,
real_buchwald_hartwig,llm_semantic_source_schema_only_field_mapping_noprior,27144,93.0289,66.6948,6.9711,0,heldout,
real_buchwald_hartwig,llm_semantic_steric_tpsa_balanced_optimization,27144,50.2713,47.6761,49.7287,0,heldout,
real_buchwald_hartwig,llm_semantic_steric_tpsa_balanced_optimization_conservative,27144,55.1638,49.2327,44.8362,0,heldout,
real_buchwald_hartwig,llm_semantic_steric_tpsa_balanced_optimization_noprior,27144,98.2872,75.0868,1.7128,1,heldout,
real_buchwald_hartwig,mixed_kernel_gp_ei,27144,98.7313,97.961,1.2687,1,heldout,
real_buchwald_hartwig,target_acquisition_portfolio,27144,98.7313,97.961,1.2687,1,heldout,
real_buchwald_hartwig,care_strategy_router,27145,100.0,93.9258,0.0,1,heldout,llm_direct_prior_counter_source_acid_halide_reversal_noprior
real_buchwald_hartwig,gp_ucb,27145,88.4464,86.9937,11.5536,0,heldout,
real_buchwald_hartwig,llambo_warmstart_base_strength_solvent_polarity_domain,27145,98.7313,89.0652,1.2687,1,heldout,
real_buchwald_hartwig,llambo_warmstart_base_strength_solvent_polarity_domain_conservative,27145,98.7313,89.0652,1.2687,1,heldout,
real_buchwald_hartwig,llambo_warmstart_base_strength_solvent_polarity_domain_noprior,27145,98.7313,89.0652,1.2687,1,heldout,
real_buchwald_hartwig,llambo_warmstart_counter_source_acid_halide_reversal,27145,93.3108,91.0333,6.6892,0,heldout,
real_buchwald_hartwig,llambo_warmstart_counter_source_acid_halide_reversal_conservative,27145,93.3108,91.0333,6.6892,0,heldout,
real_buchwald_hartwig,llambo_warmstart_counter_source_acid_halide_reversal_noprior,27145,93.3108,91.0333,6.6892,0,heldout,
real_buchwald_hartwig,llambo_warmstart_cross_skill_rule_bank,27145,98.7313,78.1662,1.2687,1,heldout,
real_buchwald_hartwig,llambo_warmstart_halide_reactivity_additive_suppression,27145,48.695,45.2421,51.305,0,heldout,
real_buchwald_hartwig,llambo_warmstart_halide_reactivity_additive_suppression_conservative,27145,48.695,45.2421,51.305,0,heldout,
real_buchwald_hartwig,llambo_warmstart_halide_reactivity_additive_suppression_noprior,27145,48.695,45.2421,51.305,0,heldout,
real_buchwald_hartwig,llambo_warmstart_low_semantic_mass_anchor_heavy,27145,75.3112,67.4968,24.6888,0,heldout,
real_buchwald_hartwig,llambo_warmstart_low_semantic_mass_anchor_heavy_conservative,27145,75.3112,67.4968,24.6888,0,heldout,
real_buchwald_hartwig,llambo_warmstart_low_semantic_mass_anchor_heavy_noprior,27145,75.3112,67.4968,24.6888,0,heldout,
real_buchwald_hartwig,llambo_warmstart_mechanistic_heteroaromatic_halide_synergy,27145,93.1012,89.3593,6.8988,0,heldout,
real_buchwald_hartwig,llambo_warmstart_mechanistic_heteroaromatic_halide_synergy_conservative,27145,93.1012,89.3593,6.8988,0,heldout,
real_buchwald_hartwig,llambo_warmstart_mechanistic_heteroaromatic_halide_synergy_noprior,27145,93.1012,89.3593,6.8988,0,heldout,
real_buchwald_hartwig,llambo_warmstart_selector,27145,98.7313,78.1662,1.2687,1,heldout,llambo_warmstart_cross_skill_rule_bank
real_buchwald_hartwig,llambo_warmstart_source_alignment_conservative_ligand_mass,27145,97.948,78.1357,2.052,1,heldout,
real_buchwald_hartwig,llambo_warmstart_source_alignment_conservative_ligand_mass_conservative,27145,97.948,78.1357,2.052,1,heldout,
real_buchwald_hartwig,llambo_warmstart_source_alignment_conservative_ligand_mass_noprior,27145,97.948,78.1357,2.052,1,heldout,
real_buchwald_hartwig,llambo_warmstart_source_schema_only_field_mapping,27145,85.9947,69.3605,14.0053,0,heldout,
real_buchwald_hartwig,llambo_warmstart_source_schema_only_field_mapping_conservative,27145,85.9947,69.3605,14.0053,0,heldout,
real_buchwald_hartwig,llambo_warmstart_source_schema_only_field_mapping_noprior,27145,85.9947,69.3605,14.0053,0,heldout,
real_buchwald_hartwig,llambo_warmstart_steric_tpsa_balanced_optimization,27145,95.7526,91.6805,4.2474,0,heldout,
real_buchwald_hartwig,llambo_warmstart_steric_tpsa_balanced_optimization_conservative,27145,95.7526,91.6805,4.2474,0,heldout,
real_buchwald_hartwig,llambo_warmstart_steric_tpsa_balanced_optimization_noprior,27145,95.7526,91.6805,4.2474,0,heldout,
real_buchwald_hartwig,llm_calibrated_selector,27145,85.6057,85.4475,14.3943,0,heldout,llm_semantic_source_alignment_conservative_ligand_mass_noprior
real_buchwald_hartwig,llm_direct_prior_base_strength_solvent_polarity_domain,27145,85.1402,84.8797,14.8598,0,heldout,
real_buchwald_hartwig,llm_direct_prior_base_strength_solvent_polarity_domain_conservative,27145,84.8146,84.8146,15.1854,0,heldout,
real_buchwald_hartwig,llm_direct_prior_base_strength_solvent_polarity_domain_noprior,27145,85.1402,84.8797,14.8598,0,heldout,
real_buchwald_hartwig,llm_direct_prior_counter_source_acid_halide_reversal,27145,100.0,93.9258,0.0,1,heldout,
real_buchwald_hartwig,llm_direct_prior_counter_source_acid_halide_reversal_conservative,27145,100.0,93.9258,0.0,1,heldout,
real_buchwald_hartwig,llm_direct_prior_counter_source_acid_halide_reversal_noprior,27145,100.0,93.9258,0.0,1,heldout,
real_buchwald_hartwig,llm_direct_prior_cross_skill_rule_bank,27145,85.1332,84.8783,14.8668,0,heldout,
real_buchwald_hartwig,llm_direct_prior_halide_reactivity_additive_suppression,27145,84.8146,84.8146,15.1854,0,heldout,
real_buchwald_hartwig,llm_direct_prior_halide_reactivity_additive_suppression_conservative,27145,86.0034,85.0524,13.9966,0,heldout,
real_buchwald_hartwig,llm_direct_prior_halide_reactivity_additive_suppression_noprior,27145,84.8146,84.8146,15.1854,0,heldout,
real_buchwald_hartwig,llm_direct_prior_low_semantic_mass_anchor_heavy,27145,85.6057,85.3684,14.3943,0,heldout,
real_buchwald_hartwig,llm_direct_prior_low_semantic_mass_anchor_heavy_conservative,27145,85.6057,85.3684,14.3943,0,heldout,
real_buchwald_hartwig,llm_direct_prior_low_semantic_mass_anchor_heavy_noprior,27145,85.6057,85.3684,14.3943,0,heldout,
real_buchwald_hartwig,llm_direct_prior_mechanistic_heteroaromatic_halide_synergy,27145,93.3108,88.192,6.6892,0,heldout,
real_buchwald_hartwig,llm_direct_prior_mechanistic_heteroaromatic_halide_synergy_conservative,27145,93.7486,88.3882,6.2514,0,heldout,
real_buchwald_hartwig,llm_direct_prior_mechanistic_heteroaromatic_halide_synergy_noprior,27145,93.3108,88.192,6.6892,0,heldout,
real_buchwald_hartwig,llm_direct_prior_selector,27145,100.0,93.9258,0.0,1,heldout,llm_direct_prior_counter_source_acid_halide_reversal_noprior
real_buchwald_hartwig,llm_direct_prior_source_alignment_conservative_ligand_mass,27145,100.0,95.4444,0.0,1,heldout,
real_buchwald_hartwig,llm_direct_prior_source_alignment_conservative_ligand_mass_conservative,27145,100.0,95.4444,0.0,1,heldout,
real_buchwald_hartwig,llm_direct_prior_source_alignment_conservative_ligand_mass_noprior,27145,100.0,95.4444,0.0,1,heldout,
real_buchwald_hartwig,llm_direct_prior_source_schema_only_field_mapping,27145,88.4464,86.2673,11.5536,0,heldout,
real_buchwald_hartwig,llm_direct_prior_source_schema_only_field_mapping_conservative,27145,88.4464,86.2673,11.5536,0,heldout,
real_buchwald_hartwig,llm_direct_prior_source_schema_only_field_mapping_noprior,27145,88.4464,86.2673,11.5536,0,heldout,
real_buchwald_hartwig,llm_direct_prior_steric_tpsa_balanced_optimization,27145,84.8146,84.8146,15.1854,0,heldout,
real_buchwald_hartwig,llm_direct_prior_steric_tpsa_balanced_optimization_conservative,27145,84.8146,84.8146,15.1854,0,heldout,
real_buchwald_hartwig,llm_direct_prior_steric_tpsa_balanced_optimization_noprior,27145,84.8146,84.8146,15.1854,0,heldout,
real_buchwald_hartwig,llm_semantic_base_strength_solvent_polarity_domain,27145,88.4464,86.6305,11.5536,0,heldout,
real_buchwald_hartwig,llm_semantic_base_strength_solvent_polarity_domain_conservative,27145,88.4464,87.3569,11.5536,0,heldout,
real_buchwald_hartwig,llm_semantic_base_strength_solvent_polarity_domain_noprior,27145,88.4464,86.9937,11.5536,0,heldout,
real_buchwald_hartwig,llm_semantic_counter_source_acid_halide_reversal,27145,100.0,94.0438,0.0,1,heldout,
real_buchwald_hartwig,llm_semantic_counter_source_acid_halide_reversal_conservative,27145,100.0,95.4444,0.0,1,heldout,
real_buchwald_hartwig,llm_semantic_counter_source_acid_halide_reversal_noprior,27145,100.0,95.4444,0.0,1,heldout,
real_buchwald_hartwig,llm_semantic_cross_skill_rule_bank,27145,98.2872,89.152,1.7128,1,heldout,
real_buchwald_hartwig,llm_semantic_halide_reactivity_additive_suppression,27145,100.0,89.7242,0.0,1,heldout,
real_buchwald_hartwig,llm_semantic_halide_reactivity_additive_suppression_conservative,27145,100.0,87.3513,0.0,1,heldout,
real_buchwald_hartwig,llm_semantic_halide_reactivity_additive_suppression_noprior,27145,100.0,89.3702,0.0,1,heldout,
real_buchwald_hartwig,llm_semantic_low_semantic_mass_anchor_heavy,27145,85.9947,85.2866,14.0053,0,heldout,
real_buchwald_hartwig,llm_semantic_low_semantic_mass_anchor_heavy_conservative,27145,84.8146,84.8146,15.1854,0,heldout,
real_buchwald_hartwig,llm_semantic_low_semantic_mass_anchor_heavy_noprior,27145,84.8146,84.8146,15.1854,0,heldout,
real_buchwald_hartwig,llm_semantic_mechanistic_heteroaromatic_halide_synergy,27145,88.4043,86.3779,11.5957,0,heldout,
real_buchwald_hartwig,llm_semantic_mechanistic_heteroaromatic_halide_synergy_conservative,27145,93.0995,91.4425,6.9005,0,heldout,
real_buchwald_hartwig,llm_semantic_mechanistic_heteroaromatic_halide_synergy_noprior,27145,88.4043,85.8182,11.5957,0,heldout,
real_buchwald_hartwig,llm_semantic_source_alignment_conservative_ligand_mass,27145,92.256,86.2258,7.744,0,heldout,
real_buchwald_hartwig,llm_semantic_source_alignment_conservative_ligand_mass_conservative,27145,85.6057,85.4475,14.3943,0,heldout,
real_buchwald_hartwig,llm_semantic_source_alignment_conservative_ligand_mass_noprior,27145,85.6057,85.4475,14.3943,0,heldout,
real_buchwald_hartwig,llm_semantic_source_schema_only_field_mapping,27145,84.8146,84.8146,15.1854,0,heldout,
real_buchwald_hartwig,llm_semantic_source_schema_only_field_mapping_conservative,27145,88.4464,86.6305,11.5536,0,heldout,
real_buchwald_hartwig,llm_semantic_source_schema_only_field_mapping_noprior,27145,88.4464,86.6305,11.5536,0,heldout,
real_buchwald_hartwig,llm_semantic_steric_tpsa_balanced_optimization,27145,100.0,89.4882,0.0,1,heldout,
real_buchwald_hartwig,llm_semantic_steric_tpsa_balanced_optimization_conservative,27145,87.5542,85.6423,12.4458,0,heldout,
real_buchwald_hartwig,llm_semantic_steric_tpsa_balanced_optimization_noprior,27145,84.8146,84.8146,15.1854,0,heldout,
real_buchwald_hartwig,mixed_kernel_gp_ei,27145,88.4464,88.0832,11.5536,0,heldout,
real_buchwald_hartwig,target_acquisition_portfolio,27145,100.0,93.4968,0.0,1,heldout,
real_buchwald_hartwig,care_strategy_router,27146,89.9742,89.9742,10.0258,0,heldout,llm_direct_prior_counter_source_acid_halide_reversal_noprior
real_buchwald_hartwig,gp_ucb,27146,92.127,90.1895,7.873,0,heldout,
real_buchwald_hartwig,llambo_warmstart_base_strength_solvent_polarity_domain,27146,97.2929,93.0316,2.7071,0,heldout,
real_buchwald_hartwig,llambo_warmstart_base_strength_solvent_polarity_domain_conservative,27146,97.2929,93.0316,2.7071,0,heldout,
real_buchwald_hartwig,llambo_warmstart_base_strength_solvent_polarity_domain_noprior,27146,97.2929,93.0316,2.7071,0,heldout,
real_buchwald_hartwig,llambo_warmstart_counter_source_acid_halide_reversal,27146,92.256,89.4218,7.744,0,heldout,
real_buchwald_hartwig,llambo_warmstart_counter_source_acid_halide_reversal_conservative,27146,92.256,89.4218,7.744,0,heldout,
real_buchwald_hartwig,llambo_warmstart_counter_source_acid_halide_reversal_noprior,27146,92.256,89.4218,7.744,0,heldout,
real_buchwald_hartwig,llambo_warmstart_cross_skill_rule_bank,27146,97.2929,93.1383,2.7071,0,heldout,
real_buchwald_hartwig,llambo_warmstart_halide_reactivity_additive_suppression,27146,70.0548,69.6876,29.9452,0,heldout,
real_buchwald_hartwig,llambo_warmstart_halide_reactivity_additive_suppression_conservative,27146,70.0548,69.6876,29.9452,0,heldout,
real_buchwald_hartwig,llambo_warmstart_halide_reactivity_additive_suppression_noprior,27146,70.0548,69.6876,29.9452,0,heldout,
real_buchwald_hartwig,llambo_warmstart_low_semantic_mass_anchor_heavy,27146,96.5912,96.5912,3.4088,0,heldout,
real_buchwald_hartwig,llambo_warmstart_low_semantic_mass_anchor_heavy_conservative,27146,96.5912,96.5912,3.4088,0,heldout,
real_buchwald_hartwig,llambo_warmstart_low_semantic_mass_anchor_heavy_noprior,27146,96.5912,96.5912,3.4088,0,heldout,
real_buchwald_hartwig,llambo_warmstart_mechanistic_heteroaromatic_halide_synergy,27146,97.2929,93.0316,2.7071,0,heldout,
real_buchwald_hartwig,llambo_warmstart_mechanistic_heteroaromatic_halide_synergy_conservative,27146,97.2929,93.0316,2.7071,0,heldout,
real_buchwald_hartwig,llambo_warmstart_mechanistic_heteroaromatic_halide_synergy_noprior,27146,97.2929,93.0316,2.7071,0,heldout,
real_buchwald_hartwig,llambo_warmstart_selector,27146,97.2929,93.1383,2.7071,0,heldout,llambo_warmstart_cross_skill_rule_bank
real_buchwald_hartwig,llambo_warmstart_source_alignment_conservative_ligand_mass,27146,77.9575,75.0873,22.0425,0,heldout,
real_buchwald_hartwig,llambo_warmstart_source_alignment_conservative_ligand_mass_conservative,27146,77.9575,75.0873,22.0425,0,heldout,
real_buchwald_hartwig,llambo_warmstart_source_alignment_conservative_ligand_mass_noprior,27146,77.9575,75.0873,22.0425,0,heldout,
real_buchwald_hartwig,llambo_warmstart_source_schema_only_field_mapping,27146,75.5548,75.2069,24.4452,0,heldout,
real_buchwald_hartwig,llambo_warmstart_source_schema_only_field_mapping_conservative,27146,75.5548,75.2069,24.4452,0,heldout,
real_buchwald_hartwig,llambo_warmstart_source_schema_only_field_mapping_noprior,27146,75.5548,75.2069,24.4452,0,heldout,
real_buchwald_hartwig,llambo_warmstart_steric_tpsa_balanced_optimization,27146,79.1971,59.6975,20.8029,0,heldout,
real_buchwald_hartwig,llambo_warmstart_steric_tpsa_balanced_optimization_conservative,27146,79.1971,59.6975,20.8029,0,heldout,
real_buchwald_hartwig,llambo_warmstart_steric_tpsa_balanced_optimization_noprior,27146,79.1971,59.6975,20.8029,0,heldout,
real_buchwald_hartwig,llm_calibrated_selector,27146,89.9742,89.9742,10.0258,0,heldout,llm_semantic_source_alignment_conservative_ligand_mass_noprior
real_buchwald_hartwig,llm_direct_prior_base_strength_solvent_polarity_domain,27146,89.9742,89.9742,10.0258,0,heldout,
real_buchwald_hartwig,llm_direct_prior_base_strength_solvent_polarity_domain_conservative,27146,89.9742,89.9742,10.0258,0,heldout,
real_buchwald_hartwig,llm_direct_prior_base_strength_solvent_polarity_domain_noprior,27146,89.9742,89.9742,10.0258,0,heldout,
real_buchwald_hartwig,llm_direct_prior_counter_source_acid_halide_reversal,27146,89.9742,89.9742,10.0258,0,heldout,
real_buchwald_hartwig,llm_direct_prior_counter_source_acid_halide_reversal_conservative,27146,89.9742,89.9742,10.0258,0,heldout,
real_buchwald_hartwig,llm_direct_prior_counter_source_acid_halide_reversal_noprior,27146,89.9742,89.9742,10.0258,0,heldout,
real_buchwald_hartwig,llm_direct_prior_cross_skill_rule_bank,27146,93.5641,91.4102,6.4359,0,heldout,
real_buchwald_hartwig,llm_direct_prior_halide_reactivity_additive_suppression,27146,90.7313,90.2013,9.2687,0,heldout,
real_buchwald_hartwig,llm_direct_prior_halide_reactivity_additive_suppression_conservative,27146,92.2093,91.2741,7.7907,0,heldout,
real_buchwald_hartwig,llm_direct_prior_halide_reactivity_additive_suppression_noprior,27146,90.7313,90.2013,9.2687,0,heldout,
real_buchwald_hartwig,llm_direct_prior_low_semantic_mass_anchor_heavy,27146,90.3173,90.0771,9.6827,0,heldout,
real_buchwald_hartwig,llm_direct_prior_low_semantic_mass_anchor_heavy_conservative,27146,90.3173,90.0771,9.6827,0,heldout,
real_buchwald_hartwig,llm_direct_prior_low_semantic_mass_anchor_heavy_noprior,27146,90.3173,90.0771,9.6827,0,heldout,
real_buchwald_hartwig,llm_direct_prior_mechanistic_heteroaromatic_halide_synergy,27146,93.5641,91.0512,6.4359,0,heldout,
real_buchwald_hartwig,llm_direct_prior_mechanistic_heteroaromatic_halide_synergy_conservative,27146,96.1323,92.026,3.8677,0,heldout,
real_buchwald_hartwig,llm_direct_prior_mechanistic_heteroaromatic_halide_synergy_noprior,27146,93.5641,91.0512,6.4359,0,heldout,
real_buchwald_hartwig,llm_direct_prior_selector,27146,89.9742,89.9742,10.0258,0,heldout,llm_direct_prior_counter_source_acid_halide_reversal_noprior
real_buchwald_hartwig,llm_direct_prior_source_alignment_conservative_ligand_mass,27146,89.9742,89.9742,10.0258,0,heldout,
real_buchwald_hartwig,llm_direct_prior_source_alignment_conservative_ligand_mass_conservative,27146,89.9742,89.9742,10.0258,0,heldout,
real_buchwald_hartwig,llm_direct_prior_source_alignment_conservative_ligand_mass_noprior,27146,89.9742,89.9742,10.0258,0,heldout,
real_buchwald_hartwig,llm_direct_prior_source_schema_only_field_mapping,27146,89.9742,89.9742,10.0258,0,heldout,
real_buchwald_hartwig,llm_direct_prior_source_schema_only_field_mapping_conservative,27146,89.9742,89.9742,10.0258,0,heldout,
real_buchwald_hartwig,llm_direct_prior_source_schema_only_field_mapping_noprior,27146,89.9742,89.9742,10.0258,0,heldout,
real_buchwald_hartwig,llm_direct_prior_steric_tpsa_balanced_optimization,27146,89.9742,89.9742,10.0258,0,heldout,
real_buchwald_hartwig,llm_direct_prior_steric_tpsa_balanced_optimization_conservative,27146,89.9742,89.9742,10.0258,0,heldout,
real_buchwald_hartwig,llm_direct_prior_steric_tpsa_balanced_optimization_noprior,27146,89.9742,89.9742,10.0258,0,heldout,
real_buchwald_hartwig,llm_semantic_base_strength_solvent_polarity_domain,27146,96.1323,93.6691,3.8677,0,heldout,
real_buchwald_hartwig,llm_semantic_base_strength_solvent_polarity_domain_conservative,27146,96.1323,93.6691,3.8677,0,heldout,
real_buchwald_hartwig,llm_semantic_base_strength_solvent_polarity_domain_noprior,27146,96.1323,91.8216,3.8677,0,heldout,
real_buchwald_hartwig,llm_semantic_counter_source_acid_halide_reversal,27146,96.1323,95.5165,3.8677,0,heldout,
real_buchwald_hartwig,llm_semantic_counter_source_acid_halide_reversal_conservative,27146,96.1323,94.2849,3.8677,0,heldout,
real_buchwald_hartwig,llm_semantic_counter_source_acid_halide_reversal_noprior,27146,96.1323,95.5165,3.8677,0,heldout,
real_buchwald_hartwig,llm_semantic_cross_skill_rule_bank,27146,92.127,90.7925,7.873,0,heldout,
real_buchwald_hartwig,llm_semantic_halide_reactivity_additive_suppression,27146,96.1323,94.9007,3.8677,0,heldout,
real_buchwald_hartwig,llm_semantic_halide_reactivity_additive_suppression_conservative,27146,96.1323,95.5165,3.8677,0,heldout,
real_buchwald_hartwig,llm_semantic_halide_reactivity_additive_suppression_noprior,27146,96.1323,94.9007,3.8677,0,heldout,
real_buchwald_hartwig,llm_semantic_low_semantic_mass_anchor_heavy,27146,91.6984,90.4915,8.3016,0,heldout,
real_buchwald_hartwig,llm_semantic_low_semantic_mass_anchor_heavy_conservative,27146,91.6984,90.4915,8.3016,0,heldout,
real_buchwald_hartwig,llm_semantic_low_semantic_mass_anchor_heavy_noprior,27146,91.6984,90.4915,8.3016,0,heldout,
real_buchwald_hartwig,llm_semantic_mechanistic_heteroaromatic_halide_synergy,27146,96.1323,94.9007,3.8677,0,heldout,
real_buchwald_hartwig,llm_semantic_mechanistic_heteroaromatic_halide_synergy_conservative,27146,96.1323,94.2849,3.8677,0,heldout,
real_buchwald_hartwig,llm_semantic_mechanistic_heteroaromatic_halide_synergy_noprior,27146,96.1323,95.5165,3.8677,0,heldout,
real_buchwald_hartwig,llm_semantic_source_alignment_conservative_ligand_mass,27146,89.9742,89.9742,10.0258,0,heldout,
real_buchwald_hartwig,llm_semantic_source_alignment_conservative_ligand_mass_conservative,27146,89.9742,89.9742,10.0258,0,heldout,
real_buchwald_hartwig,llm_semantic_source_alignment_conservative_ligand_mass_noprior,27146,89.9742,89.9742,10.0258,0,heldout,
real_buchwald_hartwig,llm_semantic_source_schema_only_field_mapping,27146,89.9742,89.9742,10.0258,0,heldout,
real_buchwald_hartwig,llm_semantic_source_schema_only_field_mapping_conservative,27146,89.9742,89.9742,10.0258,0,heldout,
real_buchwald_hartwig,llm_semantic_source_schema_only_field_mapping_noprior,27146,89.9742,89.9742,10.0258,0,heldout,
real_buchwald_hartwig,llm_semantic_steric_tpsa_balanced_optimization,27146,93.0289,90.8906,6.9711,0,heldout,
real_buchwald_hartwig,llm_semantic_steric_tpsa_balanced_optimization_conservative,27146,96.1323,95.5165,3.8677,0,heldout,
real_buchwald_hartwig,llm_semantic_steric_tpsa_balanced_optimization_noprior,27146,96.1323,95.5165,3.8677,0,heldout,
real_buchwald_hartwig,mixed_kernel_gp_ei,27146,92.127,90.4048,7.873,0,heldout,
real_buchwald_hartwig,target_acquisition_portfolio,27146,92.127,90.4048,7.873,0,heldout,
real_buchwald_hartwig,care_strategy_router,27147,97.5685,90.0187,2.4315,1,heldout,llm_direct_prior_counter_source_acid_halide_reversal_noprior
real_buchwald_hartwig,gp_ucb,27147,100.0,89.4767,0.0,1,heldout,
real_buchwald_hartwig,llambo_warmstart_base_strength_solvent_polarity_domain,27147,86.9711,85.3705,13.0289,0,heldout,
real_buchwald_hartwig,llambo_warmstart_base_strength_solvent_polarity_domain_conservative,27147,86.9711,85.3705,13.0289,0,heldout,
real_buchwald_hartwig,llambo_warmstart_base_strength_solvent_polarity_domain_noprior,27147,86.9711,85.3705,13.0289,0,heldout,
real_buchwald_hartwig,llambo_warmstart_counter_source_acid_halide_reversal,27147,100.0,97.2319,0.0,1,heldout,
real_buchwald_hartwig,llambo_warmstart_counter_source_acid_halide_reversal_conservative,27147,100.0,97.2319,0.0,1,heldout,
real_buchwald_hartwig,llambo_warmstart_counter_source_acid_halide_reversal_noprior,27147,100.0,97.2319,0.0,1,heldout,
real_buchwald_hartwig,llambo_warmstart_cross_skill_rule_bank,27147,96.5912,94.0929,3.4088,0,heldout,
real_buchwald_hartwig,llambo_warmstart_halide_reactivity_additive_suppression,27147,93.0995,87.3048,6.9005,0,heldout,
real_buchwald_hartwig,llambo_warmstart_halide_reactivity_additive_suppression_conservative,27147,93.0995,87.3048,6.9005,0,heldout,
real_buchwald_hartwig,llambo_warmstart_halide_reactivity_additive_suppression_noprior,27147,93.0995,87.3048,6.9005,0,heldout,
real_buchwald_hartwig,llambo_warmstart_low_semantic_mass_anchor_heavy,27147,83.0165,83.0165,16.9835,0,heldout,
real_buchwald_hartwig,llambo_warmstart_low_semantic_mass_anchor_heavy_conservative,27147,83.0165,83.0165,16.9835,0,heldout,
real_buchwald_hartwig,llambo_warmstart_low_semantic_mass_anchor_heavy_noprior,27147,83.0165,83.0165,16.9835,0,heldout,
real_buchwald_hartwig,llambo_warmstart_mechanistic_heteroaromatic_halide_synergy,27147,92.7237,82.7399,7.2763,0,heldout,
real_buchwald_hartwig,llambo_warmstart_mechanistic_heteroaromatic_halide_synergy_conservative,27147,92.7237,82.7399,7.2763,0,heldout,
real_buchwald_hartwig,llambo_warmstart_mechanistic_heteroaromatic_halide_synergy_noprior,27147,92.7237,82.7399,7.2763,0,heldout,
real_buchwald_hartwig,llambo_warmstart_selector,27147,96.5912,94.0929,3.4088,0,heldout,llambo_warmstart_cross_skill_rule_bank
real_buchwald_hartwig,llambo_warmstart_source_alignment_conservative_ligand_mass,27147,92.3538,86.7418,7.6462,0,heldout,
real_buchwald_hartwig,llambo_warmstart_source_alignment_conservative_ligand_mass_conservative,27147,92.3538,86.7418,7.6462,0,heldout,
real_buchwald_hartwig,llambo_warmstart_source_alignment_conservative_ligand_mass_noprior,27147,92.3538,86.7418,7.6462,0,heldout,
real_buchwald_hartwig,llambo_warmstart_source_schema_only_field_mapping,27147,100.0,93.4928,0.0,1,heldout,
real_buchwald_hartwig,llambo_warmstart_source_schema_only_field_mapping_conservative,27147,100.0,93.4928,0.0,1,heldout,
real_buchwald_hartwig,llambo_warmstart_source_schema_only_field_mapping_noprior,27147,100.0,93.4928,0.0,1,heldout,
real_buchwald_hartwig,llambo_warmstart_steric_tpsa_balanced_optimization,27147,86.7607,82.2631,13.2393,0,heldout,
real_buchwald_hartwig,llambo_warmstart_steric_tpsa_balanced_optimization_conservative,27147,86.7607,82.2631,13.2393,0,heldout,
real_buchwald_hartwig,llambo_warmstart_steric_tpsa_balanced_optimization_noprior,27147,86.7607,82.2631,13.2393,0,heldout,
real_buchwald_hartwig,llm_calibrated_selector,27147,81.0209,81.0209,18.9791,0,heldout,llm_semantic_source_alignment_conservative_ligand_mass_noprior
real_buchwald_hartwig,llm_direct_prior_base_strength_solvent_polarity_domain,27147,90.2279,84.4159,9.7721,0,heldout,
real_buchwald_hartwig,llm_direct_prior_base_strength_solvent_polarity_domain_conservative,27147,90.2279,87.4658,9.7721,0,heldout,
real_buchwald_hartwig,llm_direct_prior_base_strength_solvent_polarity_domain_noprior,27147,90.2279,84.4159,9.7721,0,heldout,
real_buchwald_hartwig,llm_direct_prior_counter_source_acid_halide_reversal,27147,97.5685,90.0187,2.4315,1,heldout,
real_buchwald_hartwig,llm_direct_prior_counter_source_acid_halide_reversal_conservative,27147,100.0,91.1108,0.0,1,heldout,
real_buchwald_hartwig,llm_direct_prior_counter_source_acid_halide_reversal_noprior,27147,97.5685,90.0187,2.4315,1,heldout,
real_buchwald_hartwig,llm_direct_prior_cross_skill_rule_bank,27147,85.1447,85.1424,14.8553,0,heldout,
real_buchwald_hartwig,llm_direct_prior_halide_reactivity_additive_suppression,27147,85.1447,82.4819,14.8553,0,heldout,
real_buchwald_hartwig,llm_direct_prior_halide_reactivity_additive_suppression_conservative,27147,83.9394,82.772,16.0606,0,heldout,
real_buchwald_hartwig,llm_direct_prior_halide_reactivity_additive_suppression_noprior,27147,85.1447,82.4819,14.8553,0,heldout,
real_buchwald_hartwig,llm_direct_prior_low_semantic_mass_anchor_heavy,27147,99.0345,89.8687,0.9655,1,heldout,
real_buchwald_hartwig,llm_direct_prior_low_semantic_mass_anchor_heavy_conservative,27147,99.0345,89.8687,0.9655,1,heldout,
real_buchwald_hartwig,llm_direct_prior_low_semantic_mass_anchor_heavy_noprior,27147,99.0345,89.8687,0.9655,1,heldout,
real_buchwald_hartwig,llm_direct_prior_mechanistic_heteroaromatic_halide_synergy,27147,98.7313,98.3825,1.2687,1,heldout,
real_buchwald_hartwig,llm_direct_prior_mechanistic_heteroaromatic_halide_synergy_conservative,27147,99.0345,93.2566,0.9655,1,heldout,
real_buchwald_hartwig,llm_direct_prior_mechanistic_heteroaromatic_halide_synergy_noprior,27147,98.7313,98.3825,1.2687,1,heldout,
real_buchwald_hartwig,llm_direct_prior_selector,27147,97.5685,90.0187,2.4315,1,heldout,llm_direct_prior_counter_source_acid_halide_reversal_noprior
real_buchwald_hartwig,llm_direct_prior_source_alignment_conservative_ligand_mass,27147,84.8955,83.7331,15.1045,0,heldout,
real_buchwald_hartwig,llm_direct_prior_source_alignment_conservative_ligand_mass_conservative,27147,84.8955,83.7331,15.1045,0,heldout,
real_buchwald_hartwig,llm_direct_prior_source_alignment_conservative_ligand_mass_noprior,27147,84.8955,83.7331,15.1045,0,heldout,
real_buchwald_hartwig,llm_direct_prior_source_schema_only_field_mapping,27147,86.0035,84.0105,13.9965,0,heldout,
real_buchwald_hartwig,llm_direct_prior_source_schema_only_field_mapping_conservative,27147,86.0035,84.0105,13.9965,0,heldout,
real_buchwald_hartwig,llm_direct_prior_source_schema_only_field_mapping_noprior,27147,86.0035,84.0105,13.9965,0,heldout,
real_buchwald_hartwig,llm_direct_prior_steric_tpsa_balanced_optimization,27147,81.0209,81.0209,18.9791,0,heldout,
real_buchwald_hartwig,llm_direct_prior_steric_tpsa_balanced_optimization_conservative,27147,81.0209,81.0209,18.9791,0,heldout,
real_buchwald_hartwig,llm_direct_prior_steric_tpsa_balanced_optimization_noprior,27147,81.0209,81.0209,18.9791,0,heldout,
real_buchwald_hartwig,llm_semantic_base_strength_solvent_polarity_domain,27147,88.4464,85.2031,11.5536,0,heldout,
real_buchwald_hartwig,llm_semantic_base_strength_solvent_polarity_domain_conservative,27147,86.6896,84.6459,13.3104,0,heldout,
real_buchwald_hartwig,llm_semantic_base_strength_solvent_polarity_domain_noprior,27147,86.6896,83.6494,13.3104,0,heldout,
real_buchwald_hartwig,llm_semantic_counter_source_acid_halide_reversal,27147,100.0,88.9947,0.0,1,heldout,
real_buchwald_hartwig,llm_semantic_counter_source_acid_halide_reversal_conservative,27147,99.6191,84.7405,0.3809,1,heldout,
real_buchwald_hartwig,llm_semantic_counter_source_acid_halide_reversal_noprior,27147,81.0209,81.0209,18.9791,0,heldout,
real_buchwald_hartwig,llm_semantic_cross_skill_rule_bank,27147,95.3865,90.0907,4.6135,0,heldout,
real_buchwald_hartwig,llm_semantic_halide_reactivity_additive_suppression,27147,91.511,89.413,8.489,0,heldout,
real_buchwald_hartwig,llm_semantic_halide_reactivity_additive_suppression_conservative,27147,95.3865,90.3017,4.6135,0,heldout,
real_buchwald_hartwig,llm_semantic_halide_reactivity_additive_suppression_noprior,27147,91.511,88.364,8.489,0,heldout,
real_buchwald_hartwig,llm_semantic_low_semantic_mass_anchor_heavy,27147,91.511,89.413,8.489,0,heldout,
real_buchwald_hartwig,llm_semantic_low_semantic_mass_anchor_heavy_conservative,27147,91.511,89.413,8.489,0,heldout,
real_buchwald_hartwig,llm_semantic_low_semantic_mass_anchor_heavy_noprior,27147,91.511,89.413,8.489,0,heldout,
real_buchwald_hartwig,llm_semantic_mechanistic_heteroaromatic_halide_synergy,27147,91.1391,87.8167,8.8609,0,heldout,
real_buchwald_hartwig,llm_semantic_mechanistic_heteroaromatic_halide_synergy_conservative,27147,91.511,87.315,8.489,0,heldout,
real_buchwald_hartwig,llm_semantic_mechanistic_heteroaromatic_halide_synergy_noprior,27147,88.5139,84.0181,11.4861,0,heldout,
real_buchwald_hartwig,llm_semantic_source_alignment_conservative_ligand_mass,27147,81.1512,81.0861,18.8488,0,heldout,
real_buchwald_hartwig,llm_semantic_source_alignment_conservative_ligand_mass_conservative,27147,81.0209,81.0209,18.9791,0,heldout,
real_buchwald_hartwig,llm_semantic_source_alignment_conservative_ligand_mass_noprior,27147,81.0209,81.0209,18.9791,0,heldout,
real_buchwald_hartwig,llm_semantic_source_schema_only_field_mapping,27147,81.0209,81.0209,18.9791,0,heldout,
real_buchwald_hartwig,llm_semantic_source_schema_only_field_mapping_conservative,27147,86.6896,83.6494,13.3104,0,heldout,
real_buchwald_hartwig,llm_semantic_source_schema_only_field_mapping_noprior,27147,86.6896,83.6494,13.3104,0,heldout,
real_buchwald_hartwig,llm_semantic_steric_tpsa_balanced_optimization,27147,100.0,90.316,0.0,1,heldout,
real_buchwald_hartwig,llm_semantic_steric_tpsa_balanced_optimization_conservative,27147,91.511,90.462,8.489,0,heldout,
real_buchwald_hartwig,llm_semantic_steric_tpsa_balanced_optimization_noprior,27147,97.5685,83.7247,2.4315,1,heldout,
real_buchwald_hartwig,mixed_kernel_gp_ei,27147,99.6191,89.3625,0.3809,1,heldout,
real_buchwald_hartwig,target_acquisition_portfolio,27147,91.511,85.7527,8.489,0,heldout,
real_buchwald_hartwig,care_strategy_router,27148,88.5139,77.7811,11.4861,0,heldout,llm_direct_prior_counter_source_acid_halide_reversal_noprior
real_buchwald_hartwig,gp_ucb,27148,89.3231,77.2135,10.6769,0,heldout,
real_buchwald_hartwig,llambo_warmstart_base_strength_solvent_polarity_domain,27148,86.6896,68.5341,13.3104,0,heldout,
real_buchwald_hartwig,llambo_warmstart_base_strength_solvent_polarity_domain_conservative,27148,86.6896,68.5341,13.3104,0,heldout,
real_buchwald_hartwig,llambo_warmstart_base_strength_solvent_polarity_domain_noprior,27148,86.6896,68.5341,13.3104,0,heldout,
real_buchwald_hartwig,llambo_warmstart_counter_source_acid_halide_reversal,27148,94.3462,85.7551,5.6538,0,heldout,
real_buchwald_hartwig,llambo_warmstart_counter_source_acid_halide_reversal_conservative,27148,94.3462,85.7551,5.6538,0,heldout,
real_buchwald_hartwig,llambo_warmstart_counter_source_acid_halide_reversal_noprior,27148,94.3462,85.7551,5.6538,0,heldout,
real_buchwald_hartwig,llambo_warmstart_cross_skill_rule_bank,27148,93.3108,87.0038,6.6892,0,heldout,
real_buchwald_hartwig,llambo_warmstart_halide_reactivity_additive_suppression,27148,75.2094,68.275,24.7906,0,heldout,
real_buchwald_hartwig,llambo_warmstart_halide_reactivity_additive_suppression_conservative,27148,75.2094,68.275,24.7906,0,heldout,
real_buchwald_hartwig,llambo_warmstart_halide_reactivity_additive_suppression_noprior,27148,75.2094,68.275,24.7906,0,heldout,
real_buchwald_hartwig,llambo_warmstart_low_semantic_mass_anchor_heavy,27148,80.0744,77.2639,19.9256,0,heldout,
real_buchwald_hartwig,llambo_warmstart_low_semantic_mass_anchor_heavy_conservative,27148,80.0744,77.2639,19.9256,0,heldout,
real_buchwald_hartwig,llambo_warmstart_low_semantic_mass_anchor_heavy_noprior,27148,80.0744,77.2639,19.9256,0,heldout,
real_buchwald_hartwig,llambo_warmstart_mechanistic_heteroaromatic_halide_synergy,27148,88.8276,88.0853,11.1724,0,heldout,
real_buchwald_hartwig,llambo_warmstart_mechanistic_heteroaromatic_halide_synergy_conservative,27148,88.8276,88.0853,11.1724,0,heldout,
real_buchwald_hartwig,llambo_warmstart_mechanistic_heteroaromatic_halide_synergy_noprior,27148,88.8276,88.0853,11.1724,0,heldout,
real_buchwald_hartwig,llambo_warmstart_selector,27148,93.3108,87.0038,6.6892,0,heldout,llambo_warmstart_cross_skill_rule_bank
real_buchwald_hartwig,llambo_warmstart_source_alignment_conservative_ligand_mass,27148,97.948,79.4847,2.052,1,heldout,
real_buchwald_hartwig,llambo_warmstart_source_alignment_conservative_ligand_mass_conservative,27148,97.948,79.4847,2.052,1,heldout,
real_buchwald_hartwig,llambo_warmstart_source_alignment_conservative_ligand_mass_noprior,27148,97.948,79.4847,2.052,1,heldout,
real_buchwald_hartwig,llambo_warmstart_source_schema_only_field_mapping,27148,93.0995,84.4461,6.9005,0,heldout,
real_buchwald_hartwig,llambo_warmstart_source_schema_only_field_mapping_conservative,27148,93.0995,84.4461,6.9005,0,heldout,
real_buchwald_hartwig,llambo_warmstart_source_schema_only_field_mapping_noprior,27148,93.0995,84.4461,6.9005,0,heldout,
real_buchwald_hartwig,llambo_warmstart_steric_tpsa_balanced_optimization,27148,94.5498,89.4339,5.4502,0,heldout,
real_buchwald_hartwig,llambo_warmstart_steric_tpsa_balanced_optimization_conservative,27148,94.5498,89.4339,5.4502,0,heldout,
real_buchwald_hartwig,llambo_warmstart_steric_tpsa_balanced_optimization_noprior,27148,94.5498,89.4339,5.4502,0,heldout,
real_buchwald_hartwig,llm_calibrated_selector,27148,69.3899,69.3899,30.6101,0,heldout,llm_semantic_source_alignment_conservative_ligand_mass_noprior
real_buchwald_hartwig,llm_direct_prior_base_strength_solvent_polarity_domain,27148,77.7868,66.4571,22.2132,0,heldout,
real_buchwald_hartwig,llm_direct_prior_base_strength_solvent_polarity_domain_conservative,27148,79.7664,68.1119,20.2336,0,heldout,
real_buchwald_hartwig,llm_direct_prior_base_strength_solvent_polarity_domain_noprior,27148,77.7868,66.4571,22.2132,0,heldout,
real_buchwald_hartwig,llm_direct_prior_counter_source_acid_halide_reversal,27148,88.5139,77.7811,11.4861,0,heldout,
real_buchwald_hartwig,llm_direct_prior_counter_source_acid_halide_reversal_conservative,27148,88.5139,71.8877,11.4861,0,heldout,
real_buchwald_hartwig,llm_direct_prior_counter_source_acid_halide_reversal_noprior,27148,88.5139,77.7811,11.4861,0,heldout,
real_buchwald_hartwig,llm_direct_prior_cross_skill_rule_bank,27148,76.2169,73.8719,23.7831,0,heldout,
real_buchwald_hartwig,llm_direct_prior_halide_reactivity_additive_suppression,27148,90.7313,77.1612,9.2687,0,heldout,
real_buchwald_hartwig,llm_direct_prior_halide_reactivity_additive_suppression_conservative,27148,74.2352,69.4312,25.7648,0,heldout,
real_buchwald_hartwig,llm_direct_prior_halide_reactivity_additive_suppression_noprior,27148,90.7313,77.1612,9.2687,0,heldout,
real_buchwald_hartwig,llm_direct_prior_low_semantic_mass_anchor_heavy,27148,78.1728,71.7622,21.8272,0,heldout,
real_buchwald_hartwig,llm_direct_prior_low_semantic_mass_anchor_heavy_conservative,27148,78.1728,71.7622,21.8272,0,heldout,
real_buchwald_hartwig,llm_direct_prior_low_semantic_mass_anchor_heavy_noprior,27148,78.1728,71.7622,21.8272,0,heldout,
real_buchwald_hartwig,llm_direct_prior_mechanistic_heteroaromatic_halide_synergy,27148,86.7862,79.6469,13.2138,0,heldout,
real_buchwald_hartwig,llm_direct_prior_mechanistic_heteroaromatic_halide_synergy_conservative,27148,79.6552,77.5076,20.3448,0,heldout,
real_buchwald_hartwig,llm_direct_prior_mechanistic_heteroaromatic_halide_synergy_noprior,27148,86.7862,79.6469,13.2138,0,heldout,
real_buchwald_hartwig,llm_direct_prior_selector,27148,88.5139,77.7811,11.4861,0,heldout,llm_direct_prior_counter_source_acid_halide_reversal_noprior
real_buchwald_hartwig,llm_direct_prior_source_alignment_conservative_ligand_mass,27148,83.6537,73.2366,16.3463,0,heldout,
real_buchwald_hartwig,llm_direct_prior_source_alignment_conservative_ligand_mass_conservative,27148,83.6537,73.2366,16.3463,0,heldout,
real_buchwald_hartwig,llm_direct_prior_source_alignment_conservative_ligand_mass_noprior,27148,83.6537,73.2366,16.3463,0,heldout,
real_buchwald_hartwig,llm_direct_prior_source_schema_only_field_mapping,27148,75.9961,74.4549,24.0039,0,heldout,
real_buchwald_hartwig,llm_direct_prior_source_schema_only_field_mapping_conservative,27148,75.9961,74.4549,24.0039,0,heldout,
real_buchwald_hartwig,llm_direct_prior_source_schema_only_field_mapping_noprior,27148,75.9961,74.4549,24.0039,0,heldout,
real_buchwald_hartwig,llm_direct_prior_steric_tpsa_balanced_optimization,27148,62.9196,62.9196,37.0804,0,heldout,
real_buchwald_hartwig,llm_direct_prior_steric_tpsa_balanced_optimization_conservative,27148,80.5828,75.0276,19.4172,0,heldout,
real_buchwald_hartwig,llm_direct_prior_steric_tpsa_balanced_optimization_noprior,27148,62.9196,62.9196,37.0804,0,heldout,
real_buchwald_hartwig,llm_semantic_base_strength_solvent_polarity_domain,27148,77.5102,76.4753,22.4898,0,heldout,
real_buchwald_hartwig,llm_semantic_base_strength_solvent_polarity_domain_conservative,27148,74.0607,72.5816,25.9393,0,heldout,
real_buchwald_hartwig,llm_semantic_base_strength_solvent_polarity_domain_noprior,27148,74.0607,74.0607,25.9393,0,heldout,
real_buchwald_hartwig,llm_semantic_counter_source_acid_halide_reversal,27148,83.6537,73.12,16.3463,0,heldout,
real_buchwald_hartwig,llm_semantic_counter_source_acid_halide_reversal_conservative,27148,72.6088,72.6088,27.3912,0,heldout,
real_buchwald_hartwig,llm_semantic_counter_source_acid_halide_reversal_noprior,27148,74.0779,70.2975,25.9221,0,heldout,
real_buchwald_hartwig,llm_semantic_cross_skill_rule_bank,27148,75.7358,72.8547,24.2642,0,heldout,
real_buchwald_hartwig,llm_semantic_halide_reactivity_additive_suppression,27148,94.2969,76.317,5.7031,0,heldout,
real_buchwald_hartwig,llm_semantic_halide_reactivity_additive_suppression_conservative,27148,83.1495,79.1035,16.8505,0,heldout,
real_buchwald_hartwig,llm_semantic_halide_reactivity_additive_suppression_noprior,27148,82.8406,74.8722,17.1594,0,heldout,
real_buchwald_hartwig,llm_semantic_low_semantic_mass_anchor_heavy,27148,90.2279,76.8067,9.7721,0,heldout,
real_buchwald_hartwig,llm_semantic_low_semantic_mass_anchor_heavy_conservative,27148,73.3193,72.7963,26.6807,0,heldout,
real_buchwald_hartwig,llm_semantic_low_semantic_mass_anchor_heavy_noprior,27148,73.3193,72.7963,26.6807,0,heldout,
real_buchwald_hartwig,llm_semantic_mechanistic_heteroaromatic_halide_synergy,27148,98.8492,88.4767,1.1508,1,heldout,
real_buchwald_hartwig,llm_semantic_mechanistic_heteroaromatic_halide_synergy_conservative,27148,98.8492,88.9319,1.1508,1,heldout,
real_buchwald_hartwig,llm_semantic_mechanistic_heteroaromatic_halide_synergy_noprior,27148,98.8492,88.4767,1.1508,1,heldout,
real_buchwald_hartwig,llm_semantic_source_alignment_conservative_ligand_mass,27148,69.3899,69.3899,30.6101,0,heldout,
real_buchwald_hartwig,llm_semantic_source_alignment_conservative_ligand_mass_conservative,27148,69.3899,69.3899,30.6101,0,heldout,
real_buchwald_hartwig,llm_semantic_source_alignment_conservative_ligand_mass_noprior,27148,69.3899,69.3899,30.6101,0,heldout,
real_buchwald_hartwig,llm_semantic_source_schema_only_field_mapping,27148,80.2853,75.0064,19.7147,0,heldout,
real_buchwald_hartwig,llm_semantic_source_schema_only_field_mapping_conservative,27148,80.2853,75.0064,19.7147,0,heldout,
real_buchwald_hartwig,llm_semantic_source_schema_only_field_mapping_noprior,27148,80.2853,75.0064,19.7147,0,heldout,
real_buchwald_hartwig,llm_semantic_steric_tpsa_balanced_optimization,27148,80.9063,75.8217,19.0937,0,heldout,
real_buchwald_hartwig,llm_semantic_steric_tpsa_balanced_optimization_conservative,27148,80.9063,76.4736,19.0937,0,heldout,
real_buchwald_hartwig,llm_semantic_steric_tpsa_balanced_optimization_noprior,27148,83.3036,73.0199,16.6964,0,heldout,
real_buchwald_hartwig,mixed_kernel_gp_ei,27148,89.3231,77.2135,10.6769,0,heldout,
real_buchwald_hartwig,target_acquisition_portfolio,27148,89.3231,77.698,10.6769,0,heldout,
real_buchwald_hartwig,care_strategy_router,27149,97.5685,95.7561,2.4315,1,heldout,llm_direct_prior_counter_source_acid_halide_reversal_noprior
real_buchwald_hartwig,gp_ucb,27149,80.5828,77.1736,19.4172,0,heldout,
real_buchwald_hartwig,llambo_warmstart_base_strength_solvent_polarity_domain,27149,94.8799,85.9911,5.1201,0,heldout,
real_buchwald_hartwig,llambo_warmstart_base_strength_solvent_polarity_domain_conservative,27149,94.8799,85.9911,5.1201,0,heldout,
real_buchwald_hartwig,llambo_warmstart_base_strength_solvent_polarity_domain_noprior,27149,94.8799,85.9911,5.1201,0,heldout,
real_buchwald_hartwig,llambo_warmstart_counter_source_acid_halide_reversal,27149,98.8492,86.2861,1.1508,1,heldout,
real_buchwald_hartwig,llambo_warmstart_counter_source_acid_halide_reversal_conservative,27149,98.8492,86.2861,1.1508,1,heldout,
real_buchwald_hartwig,llambo_warmstart_counter_source_acid_halide_reversal_noprior,27149,98.8492,86.2861,1.1508,1,heldout,
real_buchwald_hartwig,llambo_warmstart_cross_skill_rule_bank,27149,97.2929,86.7244,2.7071,0,heldout,
real_buchwald_hartwig,llambo_warmstart_halide_reactivity_additive_suppression,27149,100.0,81.0888,0.0,1,heldout,
real_buchwald_hartwig,llambo_warmstart_halide_reactivity_additive_suppression_conservative,27149,100.0,81.0888,0.0,1,heldout,
real_buchwald_hartwig,llambo_warmstart_halide_reactivity_additive_suppression_noprior,27149,100.0,81.0888,0.0,1,heldout,
real_buchwald_hartwig,llambo_warmstart_low_semantic_mass_anchor_heavy,27149,70.6783,64.5707,29.3217,0,heldout,
real_buchwald_hartwig,llambo_warmstart_low_semantic_mass_anchor_heavy_conservative,27149,70.6783,64.5707,29.3217,0,heldout,
real_buchwald_hartwig,llambo_warmstart_low_semantic_mass_anchor_heavy_noprior,27149,70.6783,64.5707,29.3217,0,heldout,
real_buchwald_hartwig,llambo_warmstart_mechanistic_heteroaromatic_halide_synergy,27149,85.8123,84.575,14.1877,0,heldout,
real_buchwald_hartwig,llambo_warmstart_mechanistic_heteroaromatic_halide_synergy_conservative,27149,85.8123,84.575,14.1877,0,heldout,
real_buchwald_hartwig,llambo_warmstart_mechanistic_heteroaromatic_halide_synergy_noprior,27149,85.8123,84.575,14.1877,0,heldout,
real_buchwald_hartwig,llambo_warmstart_selector,27149,97.2929,86.7244,2.7071,0,heldout,llambo_warmstart_cross_skill_rule_bank
real_buchwald_hartwig,llambo_warmstart_source_alignment_conservative_ligand_mass,27149,98.8492,79.0421,1.1508,1,heldout,
real_buchwald_hartwig,llambo_warmstart_source_alignment_conservative_ligand_mass_conservative,27149,98.8492,79.0421,1.1508,1,heldout,
real_buchwald_hartwig,llambo_warmstart_source_alignment_conservative_ligand_mass_noprior,27149,98.8492,79.0421,1.1508,1,heldout,
real_buchwald_hartwig,llambo_warmstart_source_schema_only_field_mapping,27149,98.8492,79.5822,1.1508,1,heldout,
real_buchwald_hartwig,llambo_warmstart_source_schema_only_field_mapping_conservative,27149,98.8492,79.5822,1.1508,1,heldout,
real_buchwald_hartwig,llambo_warmstart_source_schema_only_field_mapping_noprior,27149,98.8492,79.5822,1.1508,1,heldout,
real_buchwald_hartwig,llambo_warmstart_steric_tpsa_balanced_optimization,27149,69.2763,68.258,30.7237,0,heldout,
real_buchwald_hartwig,llambo_warmstart_steric_tpsa_balanced_optimization_conservative,27149,69.2763,68.258,30.7237,0,heldout,
real_buchwald_hartwig,llambo_warmstart_steric_tpsa_balanced_optimization_noprior,27149,69.2763,68.258,30.7237,0,heldout,
real_buchwald_hartwig,llm_calibrated_selector,27149,80.6006,73.6235,19.3994,0,heldout,llm_semantic_source_alignment_conservative_ligand_mass_noprior
real_buchwald_hartwig,llm_direct_prior_base_strength_solvent_polarity_domain,27149,85.1447,79.6593,14.8553,0,heldout,
real_buchwald_hartwig,llm_direct_prior_base_strength_solvent_polarity_domain_conservative,27149,90.2279,82.4283,9.7721,0,heldout,
real_buchwald_hartwig,llm_direct_prior_base_strength_solvent_polarity_domain_noprior,27149,85.1447,79.6593,14.8553,0,heldout,
real_buchwald_hartwig,llm_direct_prior_counter_source_acid_halide_reversal,27149,97.5685,95.7561,2.4315,1,heldout,
real_buchwald_hartwig,llm_direct_prior_counter_source_acid_halide_reversal_conservative,27149,97.5685,95.7561,2.4315,1,heldout,
real_buchwald_hartwig,llm_direct_prior_counter_source_acid_halide_reversal_noprior,27149,97.5685,95.7561,2.4315,1,heldout,
real_buchwald_hartwig,llm_direct_prior_cross_skill_rule_bank,27149,93.3108,87.4784,6.6892,0,heldout,
real_buchwald_hartwig,llm_direct_prior_halide_reactivity_additive_suppression,27149,79.0762,75.9622,20.9238,0,heldout,
real_buchwald_hartwig,llm_direct_prior_halide_reactivity_additive_suppression_conservative,27149,91.3733,80.2742,8.6267,0,heldout,
real_buchwald_hartwig,llm_direct_prior_halide_reactivity_additive_suppression_noprior,27149,79.0762,75.9622,20.9238,0,heldout,
real_buchwald_hartwig,llm_direct_prior_low_semantic_mass_anchor_heavy,27149,97.5685,87.6804,2.4315,1,heldout,
real_buchwald_hartwig,llm_direct_prior_low_semantic_mass_anchor_heavy_conservative,27149,97.5685,87.6804,2.4315,1,heldout,
real_buchwald_hartwig,llm_direct_prior_low_semantic_mass_anchor_heavy_noprior,27149,97.5685,87.6804,2.4315,1,heldout,
real_buchwald_hartwig,llm_direct_prior_mechanistic_heteroaromatic_halide_synergy,27149,98.7313,86.8441,1.2687,1,heldout,
real_buchwald_hartwig,llm_direct_prior_mechanistic_heteroaromatic_halide_synergy_conservative,27149,94.3462,90.1211,5.6538,0,heldout,
real_buchwald_hartwig,llm_direct_prior_mechanistic_heteroaromatic_halide_synergy_noprior,27149,98.7313,86.8441,1.2687,1,heldout,
real_buchwald_hartwig,llm_direct_prior_selector,27149,97.5685,95.7561,2.4315,1,heldout,llm_direct_prior_counter_source_acid_halide_reversal_noprior
real_buchwald_hartwig,llm_direct_prior_source_alignment_conservative_ligand_mass,27149,97.5685,81.5893,2.4315,1,heldout,
real_buchwald_hartwig,llm_direct_prior_source_alignment_conservative_ligand_mass_conservative,27149,97.5685,81.5893,2.4315,1,heldout,
real_buchwald_hartwig,llm_direct_prior_source_alignment_conservative_ligand_mass_noprior,27149,97.5685,81.5893,2.4315,1,heldout,
real_buchwald_hartwig,llm_direct_prior_source_schema_only_field_mapping,27149,83.7644,78.0557,16.2356,0,heldout,
real_buchwald_hartwig,llm_direct_prior_source_schema_only_field_mapping_conservative,27149,83.7644,78.0557,16.2356,0,heldout,
real_buchwald_hartwig,llm_direct_prior_source_schema_only_field_mapping_noprior,27149,83.7644,78.0557,16.2356,0,heldout,
real_buchwald_hartwig,llm_direct_prior_steric_tpsa_balanced_optimization,27149,78.3625,73.9511,21.6375,0,heldout,
real_buchwald_hartwig,llm_direct_prior_steric_tpsa_balanced_optimization_conservative,27149,78.8011,77.0153,21.1989,0,heldout,
real_buchwald_hartwig,llm_direct_prior_steric_tpsa_balanced_optimization_noprior,27149,78.3625,73.9511,21.6375,0,heldout,
real_buchwald_hartwig,llm_semantic_base_strength_solvent_polarity_domain,27149,77.3981,77.0226,22.6019,0,heldout,
real_buchwald_hartwig,llm_semantic_base_strength_solvent_polarity_domain_conservative,27149,88.4464,83.6516,11.5536,0,heldout,
real_buchwald_hartwig,llm_semantic_base_strength_solvent_polarity_domain_noprior,27149,91.3906,83.43,8.6094,0,heldout,
real_buchwald_hartwig,llm_semantic_counter_source_acid_halide_reversal,27149,100.0,94.8949,0.0,1,heldout,
real_buchwald_hartwig,llm_semantic_counter_source_acid_halide_reversal_conservative,27149,95.3865,87.3247,4.6135,0,heldout,
real_buchwald_hartwig,llm_semantic_counter_source_acid_halide_reversal_noprior,27149,95.3865,85.1567,4.6135,0,heldout,
real_buchwald_hartwig,llm_semantic_cross_skill_rule_bank,27149,97.5685,94.8487,2.4315,1,heldout,
real_buchwald_hartwig,llm_semantic_halide_reactivity_additive_suppression,27149,100.0,95.1939,0.0,1,heldout,
real_buchwald_hartwig,llm_semantic_halide_reactivity_additive_suppression_conservative,27149,97.5685,94.9827,2.4315,1,heldout,
real_buchwald_hartwig,llm_semantic_halide_reactivity_additive_suppression_noprior,27149,100.0,95.7121,0.0,1,heldout,
real_buchwald_hartwig,llm_semantic_low_semantic_mass_anchor_heavy,27149,72.8483,72.8483,27.1517,0,heldout,
real_buchwald_hartwig,llm_semantic_low_semantic_mass_anchor_heavy_conservative,27149,99.6191,80.4532,0.3809,1,heldout,
real_buchwald_hartwig,llm_semantic_low_semantic_mass_anchor_heavy_noprior,27149,99.6191,80.4532,0.3809,1,heldout,
real_buchwald_hartwig,llm_semantic_mechanistic_heteroaromatic_halide_synergy,27149,93.0995,81.2972,6.9005,0,heldout,
real_buchwald_hartwig,llm_semantic_mechanistic_heteroaromatic_halide_synergy_conservative,27149,93.3108,85.1258,6.6892,0,heldout,
real_buchwald_hartwig,llm_semantic_mechanistic_heteroaromatic_halide_synergy_noprior,27149,94.3462,81.3228,5.6538,0,heldout,
real_buchwald_hartwig,llm_semantic_source_alignment_conservative_ligand_mass,27149,80.6006,73.6235,19.3994,0,heldout,
real_buchwald_hartwig,llm_semantic_source_alignment_conservative_ligand_mass_conservative,27149,80.6006,73.6235,19.3994,0,heldout,
real_buchwald_hartwig,llm_semantic_source_alignment_conservative_ligand_mass_noprior,27149,80.6006,73.6235,19.3994,0,heldout,
real_buchwald_hartwig,llm_semantic_source_schema_only_field_mapping,27149,100.0,92.8439,0.0,1,heldout,
real_buchwald_hartwig,llm_semantic_source_schema_only_field_mapping_conservative,27149,91.3906,82.712,8.6094,0,heldout,
real_buchwald_hartwig,llm_semantic_source_schema_only_field_mapping_noprior,27149,91.3906,82.712,8.6094,0,heldout,
real_buchwald_hartwig,llm_semantic_steric_tpsa_balanced_optimization,27149,91.4851,78.6627,8.5149,0,heldout,
real_buchwald_hartwig,llm_semantic_steric_tpsa_balanced_optimization_conservative,27149,91.9334,87.3625,8.0666,0,heldout,
real_buchwald_hartwig,llm_semantic_steric_tpsa_balanced_optimization_noprior,27149,86.2198,86.2198,13.7802,0,heldout,
real_buchwald_hartwig,mixed_kernel_gp_ei,27149,95.6759,83.4011,4.3241,0,heldout,
real_buchwald_hartwig,target_acquisition_portfolio,27149,100.0,86.3896,0.0,1,heldout,
