dataset,mode,seed,final_best,best_so_far_auc,simple_regret,top10_hit,split,selected_source_mode
real_moleculenet_lipophilicity,fixed_data_only_transfer,70000,93.75,92.4231,0.0,1,calibration,
real_moleculenet_lipophilicity,fixed_scale_ensemble_0p5_1_1p5_2_3_4,70000,90.0,85.875,3.75,0,calibration,
real_moleculenet_lipophilicity,gp_ucb,70000,88.75,82.9808,5.0,0,calibration,
real_moleculenet_lipophilicity,llm_transfer_router,70000,93.75,92.4231,0.0,1,calibration,
real_moleculenet_lipophilicity,matched_target_only_llm,70000,93.75,92.4231,0.0,1,calibration,llm_semantic_domain_knowledge_polar_surface_control_noprior
real_moleculenet_lipophilicity,mixed_kernel_gp_ei,70000,93.75,82.7308,0.0,1,calibration,
real_moleculenet_lipophilicity,source_warmstart_only,70000,93.75,92.4231,0.0,1,calibration,
real_moleculenet_lipophilicity,target_acquisition_portfolio,70000,93.75,83.6538,0.0,1,calibration,
real_moleculenet_lipophilicity,fixed_data_only_transfer,70001,88.625,81.9327,5.125,0,calibration,
real_moleculenet_lipophilicity,fixed_scale_ensemble_0p5_1_1p5_2_3_4,70001,90.0,86.7692,3.75,0,calibration,
real_moleculenet_lipophilicity,gp_ucb,70001,84.0,84.0,9.75,0,calibration,
real_moleculenet_lipophilicity,llm_transfer_router,70001,88.625,81.9327,5.125,0,calibration,
real_moleculenet_lipophilicity,matched_target_only_llm,70001,88.625,81.9327,5.125,0,calibration,llm_semantic_domain_knowledge_polar_surface_control_noprior
real_moleculenet_lipophilicity,mixed_kernel_gp_ei,70001,82.5,81.0192,11.25,0,calibration,
real_moleculenet_lipophilicity,source_warmstart_only,70001,88.625,81.9327,5.125,0,calibration,
real_moleculenet_lipophilicity,target_acquisition_portfolio,70001,93.75,86.375,0.0,1,calibration,
real_moleculenet_lipophilicity,fixed_data_only_transfer,70002,93.75,89.3654,0.0,1,calibration,
real_moleculenet_lipophilicity,fixed_scale_ensemble_0p5_1_1p5_2_3_4,70002,93.75,86.5962,0.0,1,calibration,
real_moleculenet_lipophilicity,gp_ucb,70002,88.75,82.3654,5.0,0,calibration,
real_moleculenet_lipophilicity,llm_transfer_router,70002,93.75,89.3654,0.0,1,calibration,
real_moleculenet_lipophilicity,matched_target_only_llm,70002,93.75,89.3654,0.0,1,calibration,llm_semantic_domain_knowledge_polar_surface_control_noprior
real_moleculenet_lipophilicity,mixed_kernel_gp_ei,70002,77.5,76.9038,16.25,0,calibration,
real_moleculenet_lipophilicity,source_warmstart_only,70002,93.75,89.3654,0.0,1,calibration,
real_moleculenet_lipophilicity,target_acquisition_portfolio,70002,90.0,81.4712,3.75,0,calibration,
real_moleculenet_lipophilicity,fixed_data_only_transfer,70003,90.0,84.2308,3.75,0,calibration,
real_moleculenet_lipophilicity,fixed_scale_ensemble_0p5_1_1p5_2_3_4,70003,89.625,85.9904,4.125,0,calibration,
real_moleculenet_lipophilicity,gp_ucb,70003,93.75,86.7115,0.0,1,calibration,
real_moleculenet_lipophilicity,llm_transfer_router,70003,90.0,83.5962,3.75,0,calibration,
real_moleculenet_lipophilicity,matched_target_only_llm,70003,90.0,84.1827,3.75,0,calibration,llm_semantic_domain_knowledge_polar_surface_control_noprior
real_moleculenet_lipophilicity,mixed_kernel_gp_ei,70003,93.75,89.8654,0.0,1,calibration,
real_moleculenet_lipophilicity,source_warmstart_only,70003,90.0,84.1827,3.75,0,calibration,
real_moleculenet_lipophilicity,target_acquisition_portfolio,70003,93.75,89.8654,0.0,1,calibration,
real_moleculenet_lipophilicity,fixed_data_only_transfer,70004,93.75,90.6731,0.0,1,calibration,
real_moleculenet_lipophilicity,fixed_scale_ensemble_0p5_1_1p5_2_3_4,70004,93.5,84.4423,0.25,1,calibration,
real_moleculenet_lipophilicity,gp_ucb,70004,92.125,88.4231,1.625,0,calibration,
real_moleculenet_lipophilicity,llm_transfer_router,70004,93.75,90.6731,0.0,1,calibration,
real_moleculenet_lipophilicity,matched_target_only_llm,70004,93.75,90.6731,0.0,1,calibration,llm_semantic_domain_knowledge_polar_surface_control_noprior
real_moleculenet_lipophilicity,mixed_kernel_gp_ei,70004,92.125,88.4231,1.625,0,calibration,
real_moleculenet_lipophilicity,source_warmstart_only,70004,93.75,90.6731,0.0,1,calibration,
real_moleculenet_lipophilicity,target_acquisition_portfolio,70004,92.125,88.4231,1.625,0,calibration,
real_moleculenet_lipophilicity,fixed_data_only_transfer,70005,88.625,86.1923,5.125,0,calibration,
real_moleculenet_lipophilicity,fixed_scale_ensemble_0p5_1_1p5_2_3_4,70005,93.75,89.8846,0.0,1,calibration,
real_moleculenet_lipophilicity,gp_ucb,70005,93.75,89.8846,0.0,1,calibration,
real_moleculenet_lipophilicity,llm_transfer_router,70005,87.0,84.3462,6.75,0,calibration,
real_moleculenet_lipophilicity,matched_target_only_llm,70005,88.625,86.1923,5.125,0,calibration,llm_semantic_domain_knowledge_polar_surface_control_noprior
real_moleculenet_lipophilicity,mixed_kernel_gp_ei,70005,93.75,90.3654,0.0,1,calibration,
real_moleculenet_lipophilicity,source_warmstart_only,70005,88.625,86.1923,5.125,0,calibration,
real_moleculenet_lipophilicity,target_acquisition_portfolio,70005,93.75,89.8846,0.0,1,calibration,
real_moleculenet_lipophilicity,fixed_data_only_transfer,70006,93.75,90.3269,0.0,1,calibration,
real_moleculenet_lipophilicity,fixed_scale_ensemble_0p5_1_1p5_2_3_4,70006,83.75,81.3846,10.0,0,calibration,
real_moleculenet_lipophilicity,gp_ucb,70006,93.75,86.625,0.0,1,calibration,
real_moleculenet_lipophilicity,llm_transfer_router,70006,93.75,90.3269,0.0,1,calibration,
real_moleculenet_lipophilicity,matched_target_only_llm,70006,93.75,90.3269,0.0,1,calibration,llm_semantic_domain_knowledge_polar_surface_control_noprior
real_moleculenet_lipophilicity,mixed_kernel_gp_ei,70006,93.75,91.7981,0.0,1,calibration,
real_moleculenet_lipophilicity,source_warmstart_only,70006,93.75,90.3269,0.0,1,calibration,
real_moleculenet_lipophilicity,target_acquisition_portfolio,70006,87.5,83.1154,6.25,0,calibration,
real_moleculenet_lipophilicity,fixed_data_only_transfer,70007,93.75,92.5962,0.0,1,calibration,
real_moleculenet_lipophilicity,fixed_scale_ensemble_0p5_1_1p5_2_3_4,70007,91.25,91.25,2.5,0,calibration,
real_moleculenet_lipophilicity,gp_ucb,70007,91.25,91.25,2.5,0,calibration,
real_moleculenet_lipophilicity,llm_transfer_router,70007,91.25,91.25,2.5,0,calibration,
real_moleculenet_lipophilicity,matched_target_only_llm,70007,91.25,91.25,2.5,0,calibration,llm_semantic_domain_knowledge_polar_surface_control_noprior
real_moleculenet_lipophilicity,mixed_kernel_gp_ei,70007,91.25,91.25,2.5,0,calibration,
real_moleculenet_lipophilicity,source_warmstart_only,70007,91.25,91.25,2.5,0,calibration,
real_moleculenet_lipophilicity,target_acquisition_portfolio,70007,91.25,91.25,2.5,0,calibration,
real_moleculenet_lipophilicity,fixed_data_only_transfer,70008,91.875,89.5865,1.875,0,calibration,
real_moleculenet_lipophilicity,fixed_scale_ensemble_0p5_1_1p5_2_3_4,70008,85.0,82.3942,8.75,0,calibration,
real_moleculenet_lipophilicity,gp_ucb,70008,85.875,83.9135,7.875,0,calibration,
real_moleculenet_lipophilicity,llm_transfer_router,70008,93.5,87.0673,0.25,1,calibration,
real_moleculenet_lipophilicity,matched_target_only_llm,70008,91.875,89.5865,1.875,0,calibration,llm_semantic_domain_knowledge_polar_surface_control_noprior
real_moleculenet_lipophilicity,mixed_kernel_gp_ei,70008,91.375,88.9231,2.375,0,calibration,
real_moleculenet_lipophilicity,source_warmstart_only,70008,91.875,89.5865,1.875,0,calibration,
real_moleculenet_lipophilicity,target_acquisition_portfolio,70008,85.875,83.9135,7.875,0,calibration,
real_moleculenet_lipophilicity,fixed_data_only_transfer,70009,87.125,87.125,6.625,0,calibration,
real_moleculenet_lipophilicity,fixed_scale_ensemble_0p5_1_1p5_2_3_4,70009,84.25,78.3077,9.5,0,calibration,
real_moleculenet_lipophilicity,gp_ucb,70009,86.75,76.5192,7.0,0,calibration,
real_moleculenet_lipophilicity,llm_transfer_router,70009,87.125,87.125,6.625,0,calibration,
real_moleculenet_lipophilicity,matched_target_only_llm,70009,87.125,87.125,6.625,0,calibration,llm_semantic_domain_knowledge_polar_surface_control_noprior
real_moleculenet_lipophilicity,mixed_kernel_gp_ei,70009,87.5,84.0385,6.25,0,calibration,
real_moleculenet_lipophilicity,source_warmstart_only,70009,87.125,87.125,6.625,0,calibration,
real_moleculenet_lipophilicity,target_acquisition_portfolio,70009,82.5,79.5,11.25,0,calibration,
real_moleculenet_lipophilicity,fixed_data_only_transfer,70010,90.0,78.75,3.75,0,calibration,
real_moleculenet_lipophilicity,fixed_scale_ensemble_0p5_1_1p5_2_3_4,70010,82.5,80.3462,11.25,0,calibration,
real_moleculenet_lipophilicity,gp_ucb,70010,83.5,81.2404,10.25,0,calibration,
real_moleculenet_lipophilicity,llm_transfer_router,70010,90.0,78.75,3.75,0,calibration,
real_moleculenet_lipophilicity,matched_target_only_llm,70010,90.0,78.75,3.75,0,calibration,llm_semantic_domain_knowledge_polar_surface_control_noprior
real_moleculenet_lipophilicity,mixed_kernel_gp_ei,70010,86.125,81.6058,7.625,0,calibration,
real_moleculenet_lipophilicity,source_warmstart_only,70010,90.0,78.75,3.75,0,calibration,
real_moleculenet_lipophilicity,target_acquisition_portfolio,70010,82.5,80.4327,11.25,0,calibration,
real_moleculenet_lipophilicity,fixed_data_only_transfer,70011,93.75,90.6154,0.0,1,calibration,
real_moleculenet_lipophilicity,fixed_scale_ensemble_0p5_1_1p5_2_3_4,70011,86.625,84.5769,7.125,0,calibration,
real_moleculenet_lipophilicity,gp_ucb,70011,87.125,81.25,6.625,0,calibration,
real_moleculenet_lipophilicity,llm_transfer_router,70011,93.75,90.6154,0.0,1,calibration,
real_moleculenet_lipophilicity,matched_target_only_llm,70011,93.75,90.6154,0.0,1,calibration,llm_semantic_domain_knowledge_polar_surface_control_noprior
real_moleculenet_lipophilicity,mixed_kernel_gp_ei,70011,87.375,84.3558,6.375,0,calibration,
real_moleculenet_lipophilicity,source_warmstart_only,70011,93.75,90.6154,0.0,1,calibration,
real_moleculenet_lipophilicity,target_acquisition_portfolio,70011,82.5,80.3173,11.25,0,calibration,
real_moleculenet_lipophilicity,fixed_data_only_transfer,70012,88.25,80.7115,5.5,0,calibration,
real_moleculenet_lipophilicity,fixed_scale_ensemble_0p5_1_1p5_2_3_4,70012,93.75,90.2885,0.0,1,calibration,
real_moleculenet_lipophilicity,gp_ucb,70012,88.625,88.0192,5.125,0,calibration,
real_moleculenet_lipophilicity,llm_transfer_router,70012,88.25,80.7115,5.5,0,calibration,
real_moleculenet_lipophilicity,matched_target_only_llm,70012,88.25,80.7115,5.5,0,calibration,llm_semantic_domain_knowledge_polar_surface_control_noprior
real_moleculenet_lipophilicity,mixed_kernel_gp_ei,70012,90.0,90.0,3.75,0,calibration,
real_moleculenet_lipophilicity,source_warmstart_only,70012,88.25,80.7115,5.5,0,calibration,
real_moleculenet_lipophilicity,target_acquisition_portfolio,70012,91.25,90.0962,2.5,0,calibration,
real_moleculenet_lipophilicity,fixed_data_only_transfer,70013,81.25,76.6346,12.5,0,calibration,
real_moleculenet_lipophilicity,fixed_scale_ensemble_0p5_1_1p5_2_3_4,70013,88.625,83.5865,5.125,0,calibration,
real_moleculenet_lipophilicity,gp_ucb,70013,91.25,86.9808,2.5,0,calibration,
real_moleculenet_lipophilicity,llm_transfer_router,70013,81.25,76.6346,12.5,0,calibration,
real_moleculenet_lipophilicity,matched_target_only_llm,70013,89.625,82.4231,4.125,0,calibration,llm_semantic_domain_knowledge_polar_surface_control_noprior
real_moleculenet_lipophilicity,mixed_kernel_gp_ei,70013,83.75,82.9038,10.0,0,calibration,
real_moleculenet_lipophilicity,source_warmstart_only,70013,89.625,82.4231,4.125,0,calibration,
real_moleculenet_lipophilicity,target_acquisition_portfolio,70013,79.875,76.9808,13.875,0,calibration,
real_moleculenet_lipophilicity,fixed_data_only_transfer,70014,93.75,80.3942,0.0,1,calibration,
real_moleculenet_lipophilicity,fixed_scale_ensemble_0p5_1_1p5_2_3_4,70014,76.875,76.875,16.875,0,calibration,
real_moleculenet_lipophilicity,gp_ucb,70014,76.875,76.875,16.875,0,calibration,
real_moleculenet_lipophilicity,llm_transfer_router,70014,93.75,84.6635,0.0,1,calibration,
real_moleculenet_lipophilicity,matched_target_only_llm,70014,93.75,80.3942,0.0,1,calibration,llm_semantic_domain_knowledge_polar_surface_control_noprior
real_moleculenet_lipophilicity,mixed_kernel_gp_ei,70014,90.0,80.9135,3.75,0,calibration,
real_moleculenet_lipophilicity,source_warmstart_only,70014,93.75,80.3942,0.0,1,calibration,
real_moleculenet_lipophilicity,target_acquisition_portfolio,70014,80.625,77.7404,13.125,0,calibration,
real_moleculenet_lipophilicity,fixed_data_only_transfer,70015,93.75,84.0769,0.0,1,calibration,
real_moleculenet_lipophilicity,fixed_scale_ensemble_0p5_1_1p5_2_3_4,70015,89.875,80.4615,3.875,0,calibration,
real_moleculenet_lipophilicity,gp_ucb,70015,91.0,86.2885,2.75,0,calibration,
real_moleculenet_lipophilicity,llm_transfer_router,70015,93.75,84.0769,0.0,1,calibration,
real_moleculenet_lipophilicity,matched_target_only_llm,70015,93.75,84.0769,0.0,1,calibration,llm_semantic_domain_knowledge_polar_surface_control_noprior
real_moleculenet_lipophilicity,mixed_kernel_gp_ei,70015,78.75,78.75,15.0,0,calibration,
real_moleculenet_lipophilicity,source_warmstart_only,70015,93.75,84.0769,0.0,1,calibration,
real_moleculenet_lipophilicity,target_acquisition_portfolio,70015,88.75,87.9808,5.0,0,calibration,
real_moleculenet_lipophilicity,fixed_data_only_transfer,70016,90.75,90.75,3.0,0,calibration,
real_moleculenet_lipophilicity,fixed_scale_ensemble_0p5_1_1p5_2_3_4,70016,90.75,90.75,3.0,0,calibration,
real_moleculenet_lipophilicity,gp_ucb,70016,90.75,90.75,3.0,0,calibration,
real_moleculenet_lipophilicity,llm_transfer_router,70016,90.75,90.75,3.0,0,calibration,
real_moleculenet_lipophilicity,matched_target_only_llm,70016,90.75,90.75,3.0,0,calibration,llm_semantic_domain_knowledge_polar_surface_control_noprior
real_moleculenet_lipophilicity,mixed_kernel_gp_ei,70016,90.75,90.75,3.0,0,calibration,
real_moleculenet_lipophilicity,source_warmstart_only,70016,90.75,90.75,3.0,0,calibration,
real_moleculenet_lipophilicity,target_acquisition_portfolio,70016,90.75,90.75,3.0,0,calibration,
real_moleculenet_lipophilicity,fixed_data_only_transfer,70017,90.0,88.3077,3.75,0,calibration,
real_moleculenet_lipophilicity,fixed_scale_ensemble_0p5_1_1p5_2_3_4,70017,91.625,89.6058,2.125,0,calibration,
real_moleculenet_lipophilicity,gp_ucb,70017,93.75,90.4615,0.0,1,calibration,
real_moleculenet_lipophilicity,llm_transfer_router,70017,90.0,88.3077,3.75,0,calibration,
real_moleculenet_lipophilicity,matched_target_only_llm,70017,90.0,88.3077,3.75,0,calibration,llm_semantic_domain_knowledge_polar_surface_control_noprior
real_moleculenet_lipophilicity,mixed_kernel_gp_ei,70017,85.75,85.2115,8.0,0,calibration,
real_moleculenet_lipophilicity,source_warmstart_only,70017,90.0,88.3077,3.75,0,calibration,
real_moleculenet_lipophilicity,target_acquisition_portfolio,70017,86.25,85.4808,7.5,0,calibration,
real_moleculenet_lipophilicity,fixed_data_only_transfer,70018,93.75,92.0192,0.0,1,calibration,
real_moleculenet_lipophilicity,fixed_scale_ensemble_0p5_1_1p5_2_3_4,70018,87.5,84.1154,6.25,0,calibration,
real_moleculenet_lipophilicity,gp_ucb,70018,91.875,88.5096,1.875,0,calibration,
real_moleculenet_lipophilicity,llm_transfer_router,70018,93.75,92.0192,0.0,1,calibration,
real_moleculenet_lipophilicity,matched_target_only_llm,70018,93.75,92.0192,0.0,1,calibration,llm_semantic_domain_knowledge_polar_surface_control_noprior
real_moleculenet_lipophilicity,mixed_kernel_gp_ei,70018,88.75,88.75,5.0,0,calibration,
real_moleculenet_lipophilicity,source_warmstart_only,70018,93.75,92.0192,0.0,1,calibration,
real_moleculenet_lipophilicity,target_acquisition_portfolio,70018,88.75,88.75,5.0,0,calibration,
real_moleculenet_lipophilicity,fixed_data_only_transfer,70019,87.5,81.1635,6.25,0,calibration,
real_moleculenet_lipophilicity,fixed_scale_ensemble_0p5_1_1p5_2_3_4,70019,88.625,85.5096,5.125,0,calibration,
real_moleculenet_lipophilicity,gp_ucb,70019,88.625,82.7019,5.125,0,calibration,
real_moleculenet_lipophilicity,llm_transfer_router,70019,87.5,81.1635,6.25,0,calibration,
real_moleculenet_lipophilicity,matched_target_only_llm,70019,93.75,82.7981,0.0,1,calibration,llm_semantic_domain_knowledge_polar_surface_control_noprior
real_moleculenet_lipophilicity,mixed_kernel_gp_ei,70019,87.375,84.875,6.375,0,calibration,
real_moleculenet_lipophilicity,source_warmstart_only,70019,93.75,82.7981,0.0,1,calibration,
real_moleculenet_lipophilicity,target_acquisition_portfolio,70019,87.375,84.7788,6.375,0,calibration,
real_moleculenet_lipophilicity,fixed_data_only_transfer,70020,88.625,83.5577,5.125,0,calibration,
real_moleculenet_lipophilicity,fixed_scale_ensemble_0p5_1_1p5_2_3_4,70020,84.875,83.1442,8.875,0,calibration,
real_moleculenet_lipophilicity,gp_ucb,70020,84.875,83.1442,8.875,0,calibration,
real_moleculenet_lipophilicity,llm_transfer_router,70020,88.625,83.5577,5.125,0,calibration,
real_moleculenet_lipophilicity,matched_target_only_llm,70020,88.625,83.5577,5.125,0,calibration,llm_semantic_domain_knowledge_polar_surface_control_noprior
real_moleculenet_lipophilicity,mixed_kernel_gp_ei,70020,83.75,79.2308,10.0,0,calibration,
real_moleculenet_lipophilicity,source_warmstart_only,70020,88.625,83.5577,5.125,0,calibration,
real_moleculenet_lipophilicity,target_acquisition_portfolio,70020,83.75,82.8846,10.0,0,calibration,
real_moleculenet_lipophilicity,fixed_data_only_transfer,70021,93.75,91.4423,0.0,1,calibration,
real_moleculenet_lipophilicity,fixed_scale_ensemble_0p5_1_1p5_2_3_4,70021,87.5,84.8077,6.25,0,calibration,
real_moleculenet_lipophilicity,gp_ucb,70021,87.5,85.4808,6.25,0,calibration,
real_moleculenet_lipophilicity,llm_transfer_router,70021,93.75,91.4423,0.0,1,calibration,
real_moleculenet_lipophilicity,matched_target_only_llm,70021,93.75,91.4423,0.0,1,calibration,llm_semantic_domain_knowledge_polar_surface_control_noprior
real_moleculenet_lipophilicity,mixed_kernel_gp_ei,70021,87.5,84.9038,6.25,0,calibration,
real_moleculenet_lipophilicity,source_warmstart_only,70021,93.75,91.4423,0.0,1,calibration,
real_moleculenet_lipophilicity,target_acquisition_portfolio,70021,90.0,87.5,3.75,0,calibration,
real_moleculenet_lipophilicity,fixed_data_only_transfer,70022,88.125,86.375,5.625,0,calibration,
real_moleculenet_lipophilicity,fixed_scale_ensemble_0p5_1_1p5_2_3_4,70022,90.0,86.4231,3.75,0,calibration,
real_moleculenet_lipophilicity,gp_ucb,70022,85.0,83.7308,8.75,0,calibration,
real_moleculenet_lipophilicity,llm_transfer_router,70022,89.375,86.4135,4.375,0,calibration,
real_moleculenet_lipophilicity,matched_target_only_llm,70022,88.125,86.375,5.625,0,calibration,llm_semantic_domain_knowledge_polar_surface_control_noprior
real_moleculenet_lipophilicity,mixed_kernel_gp_ei,70022,85.625,81.9712,8.125,0,calibration,
real_moleculenet_lipophilicity,source_warmstart_only,70022,88.125,86.375,5.625,0,calibration,
real_moleculenet_lipophilicity,target_acquisition_portfolio,70022,84.875,82.7596,8.875,0,calibration,
real_moleculenet_lipophilicity,fixed_data_only_transfer,70023,93.75,92.5962,0.0,1,calibration,
real_moleculenet_lipophilicity,fixed_scale_ensemble_0p5_1_1p5_2_3_4,70023,87.5,86.9231,6.25,0,calibration,
real_moleculenet_lipophilicity,gp_ucb,70023,87.5,86.9231,6.25,0,calibration,
real_moleculenet_lipophilicity,llm_transfer_router,70023,93.75,92.5962,0.0,1,calibration,
real_moleculenet_lipophilicity,matched_target_only_llm,70023,93.75,92.5962,0.0,1,calibration,llm_semantic_domain_knowledge_polar_surface_control_noprior
real_moleculenet_lipophilicity,mixed_kernel_gp_ei,70023,88.75,88.75,5.0,0,calibration,
real_moleculenet_lipophilicity,source_warmstart_only,70023,93.75,92.5962,0.0,1,calibration,
real_moleculenet_lipophilicity,target_acquisition_portfolio,70023,87.5,87.0192,6.25,0,calibration,
real_moleculenet_lipophilicity,fixed_data_only_transfer,70024,93.5,92.7692,0.25,1,calibration,
real_moleculenet_lipophilicity,fixed_scale_ensemble_0p5_1_1p5_2_3_4,70024,88.75,88.75,5.0,0,calibration,
real_moleculenet_lipophilicity,gp_ucb,70024,88.75,88.75,5.0,0,calibration,
real_moleculenet_lipophilicity,llm_transfer_router,70024,93.5,92.7692,0.25,1,calibration,
real_moleculenet_lipophilicity,matched_target_only_llm,70024,93.5,92.7692,0.25,1,calibration,llm_semantic_domain_knowledge_polar_surface_control_noprior
real_moleculenet_lipophilicity,mixed_kernel_gp_ei,70024,88.75,88.75,5.0,0,calibration,
real_moleculenet_lipophilicity,source_warmstart_only,70024,93.5,92.7692,0.25,1,calibration,
real_moleculenet_lipophilicity,target_acquisition_portfolio,70024,88.75,88.75,5.0,0,calibration,
real_moleculenet_lipophilicity,fixed_data_only_transfer,70025,87.5,83.8462,6.25,0,calibration,
real_moleculenet_lipophilicity,fixed_scale_ensemble_0p5_1_1p5_2_3_4,70025,93.5,86.9038,0.25,1,calibration,
real_moleculenet_lipophilicity,gp_ucb,70025,93.75,87.6346,0.0,1,calibration,
real_moleculenet_lipophilicity,llm_transfer_router,70025,88.625,84.875,5.125,0,calibration,
real_moleculenet_lipophilicity,matched_target_only_llm,70025,87.5,83.8462,6.25,0,calibration,llm_semantic_domain_knowledge_polar_surface_control_noprior
real_moleculenet_lipophilicity,mixed_kernel_gp_ei,70025,87.0,85.6731,6.75,0,calibration,
real_moleculenet_lipophilicity,source_warmstart_only,70025,87.5,83.8462,6.25,0,calibration,
real_moleculenet_lipophilicity,target_acquisition_portfolio,70025,93.5,86.9038,0.25,1,calibration,
real_moleculenet_lipophilicity,fixed_data_only_transfer,70026,82.375,79.4615,11.375,0,calibration,
real_moleculenet_lipophilicity,fixed_scale_ensemble_0p5_1_1p5_2_3_4,70026,77.0,77.0,16.75,0,calibration,
real_moleculenet_lipophilicity,gp_ucb,70026,82.5,78.9615,11.25,0,calibration,
real_moleculenet_lipophilicity,llm_transfer_router,70026,82.375,79.4615,11.375,0,calibration,
real_moleculenet_lipophilicity,matched_target_only_llm,70026,82.375,79.4615,11.375,0,calibration,llm_semantic_domain_knowledge_polar_surface_control_noprior
real_moleculenet_lipophilicity,mixed_kernel_gp_ei,70026,77.5,77.5,16.25,0,calibration,
real_moleculenet_lipophilicity,source_warmstart_only,70026,82.375,79.4615,11.375,0,calibration,
real_moleculenet_lipophilicity,target_acquisition_portfolio,70026,88.75,83.6827,5.0,0,calibration,
real_moleculenet_lipophilicity,fixed_data_only_transfer,70027,88.625,87.125,5.125,0,calibration,
real_moleculenet_lipophilicity,fixed_scale_ensemble_0p5_1_1p5_2_3_4,70027,84.875,84.6154,8.875,0,calibration,
real_moleculenet_lipophilicity,gp_ucb,70027,84.875,84.6154,8.875,0,calibration,
real_moleculenet_lipophilicity,llm_transfer_router,70027,88.625,87.125,5.125,0,calibration,
real_moleculenet_lipophilicity,matched_target_only_llm,70027,88.625,87.125,5.125,0,calibration,llm_semantic_domain_knowledge_polar_surface_control_noprior
real_moleculenet_lipophilicity,mixed_kernel_gp_ei,70027,92.375,87.5385,1.375,0,calibration,
real_moleculenet_lipophilicity,source_warmstart_only,70027,88.625,87.125,5.125,0,calibration,
real_moleculenet_lipophilicity,target_acquisition_portfolio,70027,84.875,84.6154,8.875,0,calibration,
real_moleculenet_lipophilicity,fixed_data_only_transfer,70028,90.0,88.0769,3.75,0,calibration,
real_moleculenet_lipophilicity,fixed_scale_ensemble_0p5_1_1p5_2_3_4,70028,93.5,86.0,0.25,1,calibration,
real_moleculenet_lipophilicity,gp_ucb,70028,93.5,86.0,0.25,1,calibration,
real_moleculenet_lipophilicity,llm_transfer_router,70028,90.0,88.0769,3.75,0,calibration,
real_moleculenet_lipophilicity,matched_target_only_llm,70028,90.0,88.0769,3.75,0,calibration,llm_semantic_domain_knowledge_polar_surface_control_noprior
real_moleculenet_lipophilicity,mixed_kernel_gp_ei,70028,87.0,85.1538,6.75,0,calibration,
real_moleculenet_lipophilicity,source_warmstart_only,70028,90.0,88.0769,3.75,0,calibration,
real_moleculenet_lipophilicity,target_acquisition_portfolio,70028,88.625,85.8846,5.125,0,calibration,
real_moleculenet_lipophilicity,fixed_data_only_transfer,70029,93.75,87.8173,0.0,1,calibration,
real_moleculenet_lipophilicity,fixed_scale_ensemble_0p5_1_1p5_2_3_4,70029,87.375,86.5865,6.375,0,calibration,
real_moleculenet_lipophilicity,gp_ucb,70029,87.625,86.7981,6.125,0,calibration,
real_moleculenet_lipophilicity,llm_transfer_router,70029,93.75,87.8173,0.0,1,calibration,
real_moleculenet_lipophilicity,matched_target_only_llm,70029,93.75,87.8173,0.0,1,calibration,llm_semantic_domain_knowledge_polar_surface_control_noprior
real_moleculenet_lipophilicity,mixed_kernel_gp_ei,70029,87.125,86.1827,6.625,0,calibration,
real_moleculenet_lipophilicity,source_warmstart_only,70029,93.75,87.8173,0.0,1,calibration,
real_moleculenet_lipophilicity,target_acquisition_portfolio,70029,82.5,82.4808,11.25,0,calibration,
real_moleculenet_lipophilicity,care_source_outcome_router,71000,93.75,85.9327,0.0,1,heldout,matched_target_only_llm
real_moleculenet_lipophilicity,fixed_data_only_transfer,71000,93.75,85.9327,0.0,1,heldout,
real_moleculenet_lipophilicity,fixed_scale_ensemble_0p5_1_1p5_2_3_4,71000,93.5,85.375,0.25,1,heldout,
real_moleculenet_lipophilicity,gp_ucb,71000,93.5,85.375,0.25,1,heldout,
real_moleculenet_lipophilicity,llm_transfer_router,71000,93.75,87.0,0.0,1,heldout,
real_moleculenet_lipophilicity,matched_target_only_llm,71000,93.75,85.9327,0.0,1,heldout,llm_semantic_domain_knowledge_polar_surface_control_noprior
real_moleculenet_lipophilicity,mixed_kernel_gp_ei,71000,91.25,82.875,2.5,0,heldout,
real_moleculenet_lipophilicity,source_warmstart_only,71000,93.75,85.9327,0.0,1,heldout,
real_moleculenet_lipophilicity,target_acquisition_portfolio,71000,91.875,82.9712,1.875,0,heldout,
real_moleculenet_lipophilicity,care_source_outcome_router,71001,90.0,85.0192,3.75,0,heldout,matched_target_only_llm
real_moleculenet_lipophilicity,fixed_data_only_transfer,71001,90.0,85.0192,3.75,0,heldout,
real_moleculenet_lipophilicity,fixed_scale_ensemble_0p5_1_1p5_2_3_4,71001,93.75,86.7692,0.0,1,heldout,
real_moleculenet_lipophilicity,gp_ucb,71001,93.75,83.5385,0.0,1,heldout,
real_moleculenet_lipophilicity,llm_transfer_router,71001,90.0,85.0192,3.75,0,heldout,
real_moleculenet_lipophilicity,matched_target_only_llm,71001,90.0,85.0192,3.75,0,heldout,llm_semantic_domain_knowledge_polar_surface_control_noprior
real_moleculenet_lipophilicity,mixed_kernel_gp_ei,71001,93.75,86.2019,0.0,1,heldout,
real_moleculenet_lipophilicity,source_warmstart_only,71001,90.0,85.0192,3.75,0,heldout,
real_moleculenet_lipophilicity,target_acquisition_portfolio,71001,84.625,81.3558,9.125,0,heldout,
real_moleculenet_lipophilicity,care_source_outcome_router,71002,89.625,89.625,4.125,0,heldout,matched_target_only_llm
real_moleculenet_lipophilicity,fixed_data_only_transfer,71002,89.625,89.625,4.125,0,heldout,
real_moleculenet_lipophilicity,fixed_scale_ensemble_0p5_1_1p5_2_3_4,71002,91.25,90.7692,2.5,0,heldout,
real_moleculenet_lipophilicity,gp_ucb,71002,91.25,90.7692,2.5,0,heldout,
real_moleculenet_lipophilicity,llm_transfer_router,71002,89.625,89.625,4.125,0,heldout,
real_moleculenet_lipophilicity,matched_target_only_llm,71002,89.625,89.625,4.125,0,heldout,llm_semantic_domain_knowledge_polar_surface_control_noprior
real_moleculenet_lipophilicity,mixed_kernel_gp_ei,71002,90.0,88.6346,3.75,0,heldout,
real_moleculenet_lipophilicity,source_warmstart_only,71002,89.625,89.625,4.125,0,heldout,
real_moleculenet_lipophilicity,target_acquisition_portfolio,71002,91.25,89.3077,2.5,0,heldout,
real_moleculenet_lipophilicity,care_source_outcome_router,71003,91.875,86.0481,1.875,0,heldout,matched_target_only_llm
real_moleculenet_lipophilicity,fixed_data_only_transfer,71003,88.75,86.1538,5.0,0,heldout,
real_moleculenet_lipophilicity,fixed_scale_ensemble_0p5_1_1p5_2_3_4,71003,81.75,78.7692,12.0,0,heldout,
real_moleculenet_lipophilicity,gp_ucb,71003,82.0,81.0481,11.75,0,heldout,
real_moleculenet_lipophilicity,llm_transfer_router,71003,88.75,86.1538,5.0,0,heldout,
real_moleculenet_lipophilicity,matched_target_only_llm,71003,91.875,86.0481,1.875,0,heldout,llm_semantic_domain_knowledge_polar_surface_control_noprior
real_moleculenet_lipophilicity,mixed_kernel_gp_ei,71003,82.5,81.9712,11.25,0,heldout,
real_moleculenet_lipophilicity,source_warmstart_only,71003,91.875,86.0481,1.875,0,heldout,
real_moleculenet_lipophilicity,target_acquisition_portfolio,71003,91.875,86.875,1.875,0,heldout,
real_moleculenet_lipophilicity,care_source_outcome_router,71004,93.75,90.8654,0.0,1,heldout,matched_target_only_llm
real_moleculenet_lipophilicity,fixed_data_only_transfer,71004,93.75,90.8654,0.0,1,heldout,
real_moleculenet_lipophilicity,fixed_scale_ensemble_0p5_1_1p5_2_3_4,71004,88.625,88.25,5.125,0,heldout,
real_moleculenet_lipophilicity,gp_ucb,71004,88.625,88.1923,5.125,0,heldout,
real_moleculenet_lipophilicity,llm_transfer_router,71004,93.75,90.8654,0.0,1,heldout,
real_moleculenet_lipophilicity,matched_target_only_llm,71004,93.75,90.8654,0.0,1,heldout,llm_semantic_domain_knowledge_polar_surface_control_noprior
real_moleculenet_lipophilicity,mixed_kernel_gp_ei,71004,88.625,87.6731,5.125,0,heldout,
real_moleculenet_lipophilicity,source_warmstart_only,71004,93.75,90.8654,0.0,1,heldout,
real_moleculenet_lipophilicity,target_acquisition_portfolio,71004,88.25,88.1346,5.5,0,heldout,
real_moleculenet_lipophilicity,care_source_outcome_router,71005,93.75,93.75,0.0,1,heldout,matched_target_only_llm
real_moleculenet_lipophilicity,fixed_data_only_transfer,71005,93.75,93.75,0.0,1,heldout,
real_moleculenet_lipophilicity,fixed_scale_ensemble_0p5_1_1p5_2_3_4,71005,93.75,91.7788,0.0,1,heldout,
real_moleculenet_lipophilicity,gp_ucb,71005,93.75,91.2115,0.0,1,heldout,
real_moleculenet_lipophilicity,llm_transfer_router,71005,93.75,93.75,0.0,1,heldout,
real_moleculenet_lipophilicity,matched_target_only_llm,71005,93.75,93.75,0.0,1,heldout,llm_semantic_domain_knowledge_polar_surface_control_noprior
real_moleculenet_lipophilicity,mixed_kernel_gp_ei,71005,93.75,91.6827,0.0,1,heldout,
real_moleculenet_lipophilicity,source_warmstart_only,71005,93.75,93.75,0.0,1,heldout,
real_moleculenet_lipophilicity,target_acquisition_portfolio,71005,93.75,91.2115,0.0,1,heldout,
real_moleculenet_lipophilicity,care_source_outcome_router,71006,89.625,86.9615,4.125,0,heldout,matched_target_only_llm
real_moleculenet_lipophilicity,fixed_data_only_transfer,71006,89.625,86.9615,4.125,0,heldout,
real_moleculenet_lipophilicity,fixed_scale_ensemble_0p5_1_1p5_2_3_4,71006,90.0,89.9712,3.75,0,heldout,
real_moleculenet_lipophilicity,gp_ucb,71006,90.0,89.9712,3.75,0,heldout,
real_moleculenet_lipophilicity,llm_transfer_router,71006,89.625,86.9615,4.125,0,heldout,
real_moleculenet_lipophilicity,matched_target_only_llm,71006,89.625,86.9615,4.125,0,heldout,llm_semantic_domain_knowledge_polar_surface_control_noprior
real_moleculenet_lipophilicity,mixed_kernel_gp_ei,71006,90.0,89.9712,3.75,0,heldout,
real_moleculenet_lipophilicity,source_warmstart_only,71006,89.625,86.9615,4.125,0,heldout,
real_moleculenet_lipophilicity,target_acquisition_portfolio,71006,90.0,89.9712,3.75,0,heldout,
real_moleculenet_lipophilicity,care_source_outcome_router,71007,93.75,88.2115,0.0,1,heldout,matched_target_only_llm
real_moleculenet_lipophilicity,fixed_data_only_transfer,71007,93.75,88.2115,0.0,1,heldout,
real_moleculenet_lipophilicity,fixed_scale_ensemble_0p5_1_1p5_2_3_4,71007,87.5,87.5,6.25,0,heldout,
real_moleculenet_lipophilicity,gp_ucb,71007,87.5,87.5,6.25,0,heldout,
real_moleculenet_lipophilicity,llm_transfer_router,71007,93.75,88.2115,0.0,1,heldout,
real_moleculenet_lipophilicity,matched_target_only_llm,71007,93.75,88.2115,0.0,1,heldout,llm_semantic_domain_knowledge_polar_surface_control_noprior
real_moleculenet_lipophilicity,mixed_kernel_gp_ei,71007,87.5,87.5,6.25,0,heldout,
real_moleculenet_lipophilicity,source_warmstart_only,71007,93.75,88.2115,0.0,1,heldout,
real_moleculenet_lipophilicity,target_acquisition_portfolio,71007,87.5,87.5,6.25,0,heldout,
real_moleculenet_lipophilicity,care_source_outcome_router,71008,89.125,89.125,4.625,0,heldout,matched_target_only_llm
real_moleculenet_lipophilicity,fixed_data_only_transfer,71008,89.125,89.125,4.625,0,heldout,
real_moleculenet_lipophilicity,fixed_scale_ensemble_0p5_1_1p5_2_3_4,71008,92.25,91.0481,1.5,0,heldout,
real_moleculenet_lipophilicity,gp_ucb,71008,92.25,91.0481,1.5,0,heldout,
real_moleculenet_lipophilicity,llm_transfer_router,71008,89.125,89.125,4.625,0,heldout,
real_moleculenet_lipophilicity,matched_target_only_llm,71008,89.125,89.125,4.625,0,heldout,llm_semantic_domain_knowledge_polar_surface_control_noprior
real_moleculenet_lipophilicity,mixed_kernel_gp_ei,71008,89.125,89.125,4.625,0,heldout,
real_moleculenet_lipophilicity,source_warmstart_only,71008,89.125,89.125,4.625,0,heldout,
real_moleculenet_lipophilicity,target_acquisition_portfolio,71008,93.75,91.3942,0.0,1,heldout,
real_moleculenet_lipophilicity,care_source_outcome_router,71009,93.75,87.5577,0.0,1,heldout,matched_target_only_llm
real_moleculenet_lipophilicity,fixed_data_only_transfer,71009,93.75,87.5577,0.0,1,heldout,
real_moleculenet_lipophilicity,fixed_scale_ensemble_0p5_1_1p5_2_3_4,71009,88.625,82.9712,5.125,0,heldout,
real_moleculenet_lipophilicity,gp_ucb,71009,86.25,80.1635,7.5,0,heldout,
real_moleculenet_lipophilicity,llm_transfer_router,71009,93.75,87.5577,0.0,1,heldout,
real_moleculenet_lipophilicity,matched_target_only_llm,71009,93.75,87.5577,0.0,1,heldout,llm_semantic_domain_knowledge_polar_surface_control_noprior
real_moleculenet_lipophilicity,mixed_kernel_gp_ei,71009,86.25,86.25,7.5,0,heldout,
real_moleculenet_lipophilicity,source_warmstart_only,71009,93.75,87.5577,0.0,1,heldout,
real_moleculenet_lipophilicity,target_acquisition_portfolio,71009,82.75,81.9615,11.0,0,heldout,
real_moleculenet_lipophilicity,care_source_outcome_router,71010,93.75,93.75,0.0,1,heldout,matched_target_only_llm
real_moleculenet_lipophilicity,fixed_data_only_transfer,71010,93.75,93.75,0.0,1,heldout,
real_moleculenet_lipophilicity,fixed_scale_ensemble_0p5_1_1p5_2_3_4,71010,93.75,93.75,0.0,1,heldout,
real_moleculenet_lipophilicity,gp_ucb,71010,93.75,93.75,0.0,1,heldout,
real_moleculenet_lipophilicity,llm_transfer_router,71010,93.75,93.75,0.0,1,heldout,
real_moleculenet_lipophilicity,matched_target_only_llm,71010,93.75,93.75,0.0,1,heldout,llm_semantic_domain_knowledge_polar_surface_control_noprior
real_moleculenet_lipophilicity,mixed_kernel_gp_ei,71010,93.75,93.75,0.0,1,heldout,
real_moleculenet_lipophilicity,source_warmstart_only,71010,93.75,93.75,0.0,1,heldout,
real_moleculenet_lipophilicity,target_acquisition_portfolio,71010,93.75,93.75,0.0,1,heldout,
real_moleculenet_lipophilicity,care_source_outcome_router,71011,88.625,85.1827,5.125,0,heldout,matched_target_only_llm
real_moleculenet_lipophilicity,fixed_data_only_transfer,71011,88.625,85.1827,5.125,0,heldout,
real_moleculenet_lipophilicity,fixed_scale_ensemble_0p5_1_1p5_2_3_4,71011,92.375,91.5096,1.375,0,heldout,
real_moleculenet_lipophilicity,gp_ucb,71011,88.125,87.2019,5.625,0,heldout,
real_moleculenet_lipophilicity,llm_transfer_router,71011,88.625,85.1827,5.125,0,heldout,
real_moleculenet_lipophilicity,matched_target_only_llm,71011,88.625,85.1827,5.125,0,heldout,llm_semantic_domain_knowledge_polar_surface_control_noprior
real_moleculenet_lipophilicity,mixed_kernel_gp_ei,71011,91.0,87.6538,2.75,0,heldout,
real_moleculenet_lipophilicity,source_warmstart_only,71011,88.625,85.1827,5.125,0,heldout,
real_moleculenet_lipophilicity,target_acquisition_portfolio,71011,92.375,87.6346,1.375,0,heldout,
real_moleculenet_lipophilicity,care_source_outcome_router,71012,93.75,84.4615,0.0,1,heldout,matched_target_only_llm
real_moleculenet_lipophilicity,fixed_data_only_transfer,71012,93.75,84.4615,0.0,1,heldout,
real_moleculenet_lipophilicity,fixed_scale_ensemble_0p5_1_1p5_2_3_4,71012,83.5,82.2019,10.25,0,heldout,
real_moleculenet_lipophilicity,gp_ucb,71012,82.5,82.3173,11.25,0,heldout,
real_moleculenet_lipophilicity,llm_transfer_router,71012,88.625,83.6538,5.125,0,heldout,
real_moleculenet_lipophilicity,matched_target_only_llm,71012,93.75,84.4615,0.0,1,heldout,llm_semantic_domain_knowledge_polar_surface_control_noprior
real_moleculenet_lipophilicity,mixed_kernel_gp_ei,71012,92.25,83.375,1.5,0,heldout,
real_moleculenet_lipophilicity,source_warmstart_only,71012,93.75,84.4615,0.0,1,heldout,
real_moleculenet_lipophilicity,target_acquisition_portfolio,71012,87.125,84.0769,6.625,0,heldout,
real_moleculenet_lipophilicity,care_source_outcome_router,71013,93.75,90.8558,0.0,1,heldout,matched_target_only_llm
real_moleculenet_lipophilicity,fixed_data_only_transfer,71013,93.75,90.8558,0.0,1,heldout,
real_moleculenet_lipophilicity,fixed_scale_ensemble_0p5_1_1p5_2_3_4,71013,86.625,85.8173,7.125,0,heldout,
real_moleculenet_lipophilicity,gp_ucb,71013,86.75,84.5769,7.0,0,heldout,
real_moleculenet_lipophilicity,llm_transfer_router,71013,93.75,90.8365,0.0,1,heldout,
real_moleculenet_lipophilicity,matched_target_only_llm,71013,93.75,90.8558,0.0,1,heldout,llm_semantic_domain_knowledge_polar_surface_control_noprior
real_moleculenet_lipophilicity,mixed_kernel_gp_ei,71013,83.5,82.4135,10.25,0,heldout,
real_moleculenet_lipophilicity,source_warmstart_only,71013,93.75,90.8558,0.0,1,heldout,
real_moleculenet_lipophilicity,target_acquisition_portfolio,71013,86.625,85.8173,7.125,0,heldout,
real_moleculenet_lipophilicity,care_source_outcome_router,71014,93.75,91.6154,0.0,1,heldout,matched_target_only_llm
real_moleculenet_lipophilicity,fixed_data_only_transfer,71014,93.75,91.6154,0.0,1,heldout,
real_moleculenet_lipophilicity,fixed_scale_ensemble_0p5_1_1p5_2_3_4,71014,88.75,88.75,5.0,0,heldout,
real_moleculenet_lipophilicity,gp_ucb,71014,91.25,89.9038,2.5,0,heldout,
real_moleculenet_lipophilicity,llm_transfer_router,71014,93.75,91.6154,0.0,1,heldout,
real_moleculenet_lipophilicity,matched_target_only_llm,71014,93.75,91.6154,0.0,1,heldout,llm_semantic_domain_knowledge_polar_surface_control_noprior
real_moleculenet_lipophilicity,mixed_kernel_gp_ei,71014,93.75,91.3654,0.0,1,heldout,
real_moleculenet_lipophilicity,source_warmstart_only,71014,93.75,91.6154,0.0,1,heldout,
real_moleculenet_lipophilicity,target_acquisition_portfolio,71014,91.25,89.7115,2.5,0,heldout,
real_moleculenet_lipophilicity,care_source_outcome_router,71015,88.625,87.2404,5.125,0,heldout,matched_target_only_llm
real_moleculenet_lipophilicity,fixed_data_only_transfer,71015,88.625,87.2404,5.125,0,heldout,
real_moleculenet_lipophilicity,fixed_scale_ensemble_0p5_1_1p5_2_3_4,71015,88.75,88.75,5.0,0,heldout,
real_moleculenet_lipophilicity,gp_ucb,71015,91.875,90.5288,1.875,0,heldout,
real_moleculenet_lipophilicity,llm_transfer_router,71015,88.625,87.2404,5.125,0,heldout,
real_moleculenet_lipophilicity,matched_target_only_llm,71015,88.625,87.2404,5.125,0,heldout,llm_semantic_domain_knowledge_polar_surface_control_noprior
real_moleculenet_lipophilicity,mixed_kernel_gp_ei,71015,86.75,82.6058,7.0,0,heldout,
real_moleculenet_lipophilicity,source_warmstart_only,71015,88.625,87.2404,5.125,0,heldout,
real_moleculenet_lipophilicity,target_acquisition_portfolio,71015,91.25,89.7115,2.5,0,heldout,
real_moleculenet_lipophilicity,care_source_outcome_router,71016,93.75,90.3846,0.0,1,heldout,matched_target_only_llm
real_moleculenet_lipophilicity,fixed_data_only_transfer,71016,93.75,90.3846,0.0,1,heldout,
real_moleculenet_lipophilicity,fixed_scale_ensemble_0p5_1_1p5_2_3_4,71016,91.25,84.0,2.5,0,heldout,
real_moleculenet_lipophilicity,gp_ucb,71016,93.75,86.9615,0.0,1,heldout,
real_moleculenet_lipophilicity,llm_transfer_router,71016,93.75,90.3846,0.0,1,heldout,
real_moleculenet_lipophilicity,matched_target_only_llm,71016,93.75,90.3846,0.0,1,heldout,llm_semantic_domain_knowledge_polar_surface_control_noprior
real_moleculenet_lipophilicity,mixed_kernel_gp_ei,71016,91.25,85.4519,2.5,0,heldout,
real_moleculenet_lipophilicity,source_warmstart_only,71016,93.75,90.3846,0.0,1,heldout,
real_moleculenet_lipophilicity,target_acquisition_portfolio,71016,84.625,80.3269,9.125,0,heldout,
real_moleculenet_lipophilicity,care_source_outcome_router,71017,93.5,81.0962,0.25,1,heldout,matched_target_only_llm
real_moleculenet_lipophilicity,fixed_data_only_transfer,71017,93.5,81.0962,0.25,1,heldout,
real_moleculenet_lipophilicity,fixed_scale_ensemble_0p5_1_1p5_2_3_4,71017,90.0,86.6154,3.75,0,heldout,
real_moleculenet_lipophilicity,gp_ucb,71017,90.0,87.0096,3.75,0,heldout,
real_moleculenet_lipophilicity,llm_transfer_router,71017,93.5,81.0962,0.25,1,heldout,
real_moleculenet_lipophilicity,matched_target_only_llm,71017,93.5,81.0962,0.25,1,heldout,llm_semantic_domain_knowledge_polar_surface_control_noprior
real_moleculenet_lipophilicity,mixed_kernel_gp_ei,71017,93.75,87.4519,0.0,1,heldout,
real_moleculenet_lipophilicity,source_warmstart_only,71017,93.5,81.0962,0.25,1,heldout,
real_moleculenet_lipophilicity,target_acquisition_portfolio,71017,90.0,87.0096,3.75,0,heldout,
real_moleculenet_lipophilicity,care_source_outcome_router,71018,93.75,89.8654,0.0,1,heldout,matched_target_only_llm
real_moleculenet_lipophilicity,fixed_data_only_transfer,71018,93.75,90.2596,0.0,1,heldout,
real_moleculenet_lipophilicity,fixed_scale_ensemble_0p5_1_1p5_2_3_4,71018,83.75,79.0962,10.0,0,heldout,
real_moleculenet_lipophilicity,gp_ucb,71018,83.75,79.4038,10.0,0,heldout,
real_moleculenet_lipophilicity,llm_transfer_router,71018,93.75,90.2596,0.0,1,heldout,
real_moleculenet_lipophilicity,matched_target_only_llm,71018,93.75,89.8654,0.0,1,heldout,llm_semantic_domain_knowledge_polar_surface_control_noprior
real_moleculenet_lipophilicity,mixed_kernel_gp_ei,71018,89.875,86.4808,3.875,0,heldout,
real_moleculenet_lipophilicity,source_warmstart_only,71018,93.75,89.8654,0.0,1,heldout,
real_moleculenet_lipophilicity,target_acquisition_portfolio,71018,91.375,82.9038,2.375,0,heldout,
real_moleculenet_lipophilicity,care_source_outcome_router,71019,82.875,80.6827,10.875,0,heldout,matched_target_only_llm
real_moleculenet_lipophilicity,fixed_data_only_transfer,71019,80.5,80.5,13.25,0,heldout,
real_moleculenet_lipophilicity,fixed_scale_ensemble_0p5_1_1p5_2_3_4,71019,91.25,91.25,2.5,0,heldout,
real_moleculenet_lipophilicity,gp_ucb,71019,91.25,91.25,2.5,0,heldout,
real_moleculenet_lipophilicity,llm_transfer_router,71019,82.875,80.6827,10.875,0,heldout,
real_moleculenet_lipophilicity,matched_target_only_llm,71019,82.875,80.6827,10.875,0,heldout,llm_semantic_domain_knowledge_polar_surface_control_noprior
real_moleculenet_lipophilicity,mixed_kernel_gp_ei,71019,88.75,84.7885,5.0,0,heldout,
real_moleculenet_lipophilicity,source_warmstart_only,71019,82.875,80.6827,10.875,0,heldout,
real_moleculenet_lipophilicity,target_acquisition_portfolio,71019,93.5,84.8462,0.25,1,heldout,
real_moleculenet_lipophilicity,care_source_outcome_router,71020,93.75,86.4038,0.0,1,heldout,matched_target_only_llm
real_moleculenet_lipophilicity,fixed_data_only_transfer,71020,93.75,86.4038,0.0,1,heldout,
real_moleculenet_lipophilicity,fixed_scale_ensemble_0p5_1_1p5_2_3_4,71020,90.0,90.0,3.75,0,heldout,
real_moleculenet_lipophilicity,gp_ucb,71020,90.0,90.0,3.75,0,heldout,
real_moleculenet_lipophilicity,llm_transfer_router,71020,93.75,86.4038,0.0,1,heldout,
real_moleculenet_lipophilicity,matched_target_only_llm,71020,93.75,86.4038,0.0,1,heldout,llm_semantic_domain_knowledge_polar_surface_control_noprior
real_moleculenet_lipophilicity,mixed_kernel_gp_ei,71020,84.125,80.9423,9.625,0,heldout,
real_moleculenet_lipophilicity,source_warmstart_only,71020,93.75,86.4038,0.0,1,heldout,
real_moleculenet_lipophilicity,target_acquisition_portfolio,71020,90.0,90.0,3.75,0,heldout,
real_moleculenet_lipophilicity,care_source_outcome_router,71021,90.0,90.0,3.75,0,heldout,matched_target_only_llm
real_moleculenet_lipophilicity,fixed_data_only_transfer,71021,90.0,90.0,3.75,0,heldout,
real_moleculenet_lipophilicity,fixed_scale_ensemble_0p5_1_1p5_2_3_4,71021,90.0,90.0,3.75,0,heldout,
real_moleculenet_lipophilicity,gp_ucb,71021,83.75,80.1827,10.0,0,heldout,
real_moleculenet_lipophilicity,llm_transfer_router,71021,90.0,90.0,3.75,0,heldout,
real_moleculenet_lipophilicity,matched_target_only_llm,71021,90.0,90.0,3.75,0,heldout,llm_semantic_domain_knowledge_polar_surface_control_noprior
real_moleculenet_lipophilicity,mixed_kernel_gp_ei,71021,83.75,79.6154,10.0,0,heldout,
real_moleculenet_lipophilicity,source_warmstart_only,71021,90.0,90.0,3.75,0,heldout,
real_moleculenet_lipophilicity,target_acquisition_portfolio,71021,83.75,80.875,10.0,0,heldout,
real_moleculenet_lipophilicity,care_source_outcome_router,71022,88.125,85.1635,5.625,0,heldout,matched_target_only_llm
real_moleculenet_lipophilicity,fixed_data_only_transfer,71022,88.125,85.1635,5.625,0,heldout,
real_moleculenet_lipophilicity,fixed_scale_ensemble_0p5_1_1p5_2_3_4,71022,93.75,80.1827,0.0,1,heldout,
real_moleculenet_lipophilicity,gp_ucb,71022,92.125,84.1346,1.625,0,heldout,
real_moleculenet_lipophilicity,llm_transfer_router,71022,88.125,85.1635,5.625,0,heldout,
real_moleculenet_lipophilicity,matched_target_only_llm,71022,88.125,85.1635,5.625,0,heldout,llm_semantic_domain_knowledge_polar_surface_control_noprior
real_moleculenet_lipophilicity,mixed_kernel_gp_ei,71022,85.0,82.3462,8.75,0,heldout,
real_moleculenet_lipophilicity,source_warmstart_only,71022,88.125,85.1635,5.625,0,heldout,
real_moleculenet_lipophilicity,target_acquisition_portfolio,71022,92.125,84.1346,1.625,0,heldout,
real_moleculenet_lipophilicity,care_source_outcome_router,71023,90.0,86.8942,3.75,0,heldout,matched_target_only_llm
real_moleculenet_lipophilicity,fixed_data_only_transfer,71023,90.0,86.8942,3.75,0,heldout,
real_moleculenet_lipophilicity,fixed_scale_ensemble_0p5_1_1p5_2_3_4,71023,90.0,87.3365,3.75,0,heldout,
real_moleculenet_lipophilicity,gp_ucb,71023,91.875,91.5865,1.875,0,heldout,
real_moleculenet_lipophilicity,llm_transfer_router,71023,88.625,86.4712,5.125,0,heldout,
real_moleculenet_lipophilicity,matched_target_only_llm,71023,90.0,86.8942,3.75,0,heldout,llm_semantic_domain_knowledge_polar_surface_control_noprior
real_moleculenet_lipophilicity,mixed_kernel_gp_ei,71023,91.875,90.4808,1.875,0,heldout,
real_moleculenet_lipophilicity,source_warmstart_only,71023,90.0,86.8942,3.75,0,heldout,
real_moleculenet_lipophilicity,target_acquisition_portfolio,71023,90.0,87.3365,3.75,0,heldout,
real_moleculenet_lipophilicity,care_source_outcome_router,71024,93.75,90.5673,0.0,1,heldout,matched_target_only_llm
real_moleculenet_lipophilicity,fixed_data_only_transfer,71024,93.75,89.5673,0.0,1,heldout,
real_moleculenet_lipophilicity,fixed_scale_ensemble_0p5_1_1p5_2_3_4,71024,84.875,80.0096,8.875,0,heldout,
real_moleculenet_lipophilicity,gp_ucb,71024,84.875,80.0096,8.875,0,heldout,
real_moleculenet_lipophilicity,llm_transfer_router,71024,93.75,89.5673,0.0,1,heldout,
real_moleculenet_lipophilicity,matched_target_only_llm,71024,93.75,90.5673,0.0,1,heldout,llm_semantic_domain_knowledge_polar_surface_control_noprior
real_moleculenet_lipophilicity,mixed_kernel_gp_ei,71024,91.25,86.9423,2.5,0,heldout,
real_moleculenet_lipophilicity,source_warmstart_only,71024,93.75,90.5673,0.0,1,heldout,
real_moleculenet_lipophilicity,target_acquisition_portfolio,71024,84.875,80.0096,8.875,0,heldout,
real_moleculenet_lipophilicity,care_source_outcome_router,71025,87.5,85.7885,6.25,0,heldout,matched_target_only_llm
real_moleculenet_lipophilicity,fixed_data_only_transfer,71025,87.5,85.7885,6.25,0,heldout,
real_moleculenet_lipophilicity,fixed_scale_ensemble_0p5_1_1p5_2_3_4,71025,90.0,87.5962,3.75,0,heldout,
real_moleculenet_lipophilicity,gp_ucb,71025,90.0,88.0769,3.75,0,heldout,
real_moleculenet_lipophilicity,llm_transfer_router,71025,87.5,85.7885,6.25,0,heldout,
real_moleculenet_lipophilicity,matched_target_only_llm,71025,87.5,85.7885,6.25,0,heldout,llm_semantic_domain_knowledge_polar_surface_control_noprior
real_moleculenet_lipophilicity,mixed_kernel_gp_ei,71025,87.0,86.75,6.75,0,heldout,
real_moleculenet_lipophilicity,source_warmstart_only,71025,87.5,85.7885,6.25,0,heldout,
real_moleculenet_lipophilicity,target_acquisition_portfolio,71025,83.75,83.75,10.0,0,heldout,
real_moleculenet_lipophilicity,care_source_outcome_router,71026,90.0,86.1442,3.75,0,heldout,matched_target_only_llm
real_moleculenet_lipophilicity,fixed_data_only_transfer,71026,90.0,86.1442,3.75,0,heldout,
real_moleculenet_lipophilicity,fixed_scale_ensemble_0p5_1_1p5_2_3_4,71026,83.75,83.75,10.0,0,heldout,
real_moleculenet_lipophilicity,gp_ucb,71026,83.75,83.75,10.0,0,heldout,
real_moleculenet_lipophilicity,llm_transfer_router,71026,90.0,86.1442,3.75,0,heldout,
real_moleculenet_lipophilicity,matched_target_only_llm,71026,90.0,86.1442,3.75,0,heldout,llm_semantic_domain_knowledge_polar_surface_control_noprior
real_moleculenet_lipophilicity,mixed_kernel_gp_ei,71026,93.75,84.1442,0.0,1,heldout,
real_moleculenet_lipophilicity,source_warmstart_only,71026,90.0,86.1442,3.75,0,heldout,
real_moleculenet_lipophilicity,target_acquisition_portfolio,71026,93.75,88.5577,0.0,1,heldout,
real_moleculenet_lipophilicity,care_source_outcome_router,71027,91.625,91.625,2.125,0,heldout,matched_target_only_llm
real_moleculenet_lipophilicity,fixed_data_only_transfer,71027,91.625,91.625,2.125,0,heldout,
real_moleculenet_lipophilicity,fixed_scale_ensemble_0p5_1_1p5_2_3_4,71027,93.75,92.1154,0.0,1,heldout,
real_moleculenet_lipophilicity,gp_ucb,71027,93.75,92.1154,0.0,1,heldout,
real_moleculenet_lipophilicity,llm_transfer_router,71027,93.75,92.2788,0.0,1,heldout,
real_moleculenet_lipophilicity,matched_target_only_llm,71027,91.625,91.625,2.125,0,heldout,llm_semantic_domain_knowledge_polar_surface_control_noprior
real_moleculenet_lipophilicity,mixed_kernel_gp_ei,71027,93.5,91.7692,0.25,1,heldout,
real_moleculenet_lipophilicity,source_warmstart_only,71027,91.625,91.625,2.125,0,heldout,
real_moleculenet_lipophilicity,target_acquisition_portfolio,71027,93.75,91.9327,0.0,1,heldout,
real_moleculenet_lipophilicity,care_source_outcome_router,71028,87.5,80.7981,6.25,0,heldout,matched_target_only_llm
real_moleculenet_lipophilicity,fixed_data_only_transfer,71028,87.5,80.7981,6.25,0,heldout,
real_moleculenet_lipophilicity,fixed_scale_ensemble_0p5_1_1p5_2_3_4,71028,83.25,78.7596,10.5,0,heldout,
real_moleculenet_lipophilicity,gp_ucb,71028,87.5,75.7404,6.25,0,heldout,
real_moleculenet_lipophilicity,llm_transfer_router,71028,87.5,80.6923,6.25,0,heldout,
real_moleculenet_lipophilicity,matched_target_only_llm,71028,87.5,80.7981,6.25,0,heldout,llm_semantic_domain_knowledge_polar_surface_control_noprior
real_moleculenet_lipophilicity,mixed_kernel_gp_ei,71028,92.125,82.9327,1.625,0,heldout,
real_moleculenet_lipophilicity,source_warmstart_only,71028,87.5,80.7981,6.25,0,heldout,
real_moleculenet_lipophilicity,target_acquisition_portfolio,71028,78.75,73.9808,15.0,0,heldout,
real_moleculenet_lipophilicity,care_source_outcome_router,71029,93.75,93.75,0.0,1,heldout,matched_target_only_llm
real_moleculenet_lipophilicity,fixed_data_only_transfer,71029,93.75,93.75,0.0,1,heldout,
real_moleculenet_lipophilicity,fixed_scale_ensemble_0p5_1_1p5_2_3_4,71029,93.5,88.2692,0.25,1,heldout,
real_moleculenet_lipophilicity,gp_ucb,71029,93.5,87.9038,0.25,1,heldout,
real_moleculenet_lipophilicity,llm_transfer_router,71029,93.75,93.75,0.0,1,heldout,
real_moleculenet_lipophilicity,matched_target_only_llm,71029,93.75,93.75,0.0,1,heldout,llm_semantic_domain_knowledge_polar_surface_control_noprior
real_moleculenet_lipophilicity,mixed_kernel_gp_ei,71029,90.0,88.1923,3.75,0,heldout,
real_moleculenet_lipophilicity,source_warmstart_only,71029,93.75,93.75,0.0,1,heldout,
real_moleculenet_lipophilicity,target_acquisition_portfolio,71029,91.875,89.2212,1.875,0,heldout,
real_moleculenet_lipophilicity,care_source_outcome_router,71030,90.0,87.2404,3.75,0,heldout,matched_target_only_llm
real_moleculenet_lipophilicity,fixed_data_only_transfer,71030,90.0,87.2404,3.75,0,heldout,
real_moleculenet_lipophilicity,fixed_scale_ensemble_0p5_1_1p5_2_3_4,71030,86.25,78.1731,7.5,0,heldout,
real_moleculenet_lipophilicity,gp_ucb,71030,82.875,81.375,10.875,0,heldout,
real_moleculenet_lipophilicity,llm_transfer_router,71030,90.0,87.2404,3.75,0,heldout,
real_moleculenet_lipophilicity,matched_target_only_llm,71030,90.0,87.2404,3.75,0,heldout,llm_semantic_domain_knowledge_polar_surface_control_noprior
real_moleculenet_lipophilicity,mixed_kernel_gp_ei,71030,87.5,84.6346,6.25,0,heldout,
real_moleculenet_lipophilicity,source_warmstart_only,71030,90.0,87.2404,3.75,0,heldout,
real_moleculenet_lipophilicity,target_acquisition_portfolio,71030,86.25,83.0192,7.5,0,heldout,
real_moleculenet_lipophilicity,care_source_outcome_router,71031,93.75,89.7885,0.0,1,heldout,matched_target_only_llm
real_moleculenet_lipophilicity,fixed_data_only_transfer,71031,93.75,89.7885,0.0,1,heldout,
real_moleculenet_lipophilicity,fixed_scale_ensemble_0p5_1_1p5_2_3_4,71031,88.75,86.125,5.0,0,heldout,
real_moleculenet_lipophilicity,gp_ucb,71031,91.0,86.4615,2.75,0,heldout,
real_moleculenet_lipophilicity,llm_transfer_router,71031,93.75,89.7885,0.0,1,heldout,
real_moleculenet_lipophilicity,matched_target_only_llm,71031,93.75,89.7885,0.0,1,heldout,llm_semantic_domain_knowledge_polar_surface_control_noprior
real_moleculenet_lipophilicity,mixed_kernel_gp_ei,71031,88.75,85.7404,5.0,0,heldout,
real_moleculenet_lipophilicity,source_warmstart_only,71031,93.75,89.7885,0.0,1,heldout,
real_moleculenet_lipophilicity,target_acquisition_portfolio,71031,88.75,84.5962,5.0,0,heldout,
real_moleculenet_lipophilicity,care_source_outcome_router,71032,83.75,83.75,10.0,0,heldout,matched_target_only_llm
real_moleculenet_lipophilicity,fixed_data_only_transfer,71032,83.75,83.75,10.0,0,heldout,
real_moleculenet_lipophilicity,fixed_scale_ensemble_0p5_1_1p5_2_3_4,71032,91.25,88.9423,2.5,0,heldout,
real_moleculenet_lipophilicity,gp_ucb,71032,84.625,83.8173,9.125,0,heldout,
real_moleculenet_lipophilicity,llm_transfer_router,71032,83.75,83.75,10.0,0,heldout,
real_moleculenet_lipophilicity,matched_target_only_llm,71032,83.75,83.75,10.0,0,heldout,llm_semantic_domain_knowledge_polar_surface_control_noprior
real_moleculenet_lipophilicity,mixed_kernel_gp_ei,71032,92.5,90.4808,1.25,0,heldout,
real_moleculenet_lipophilicity,source_warmstart_only,71032,83.75,83.75,10.0,0,heldout,
real_moleculenet_lipophilicity,target_acquisition_portfolio,71032,93.5,89.2308,0.25,1,heldout,
real_moleculenet_lipophilicity,care_source_outcome_router,71033,93.75,86.7308,0.0,1,heldout,matched_target_only_llm
real_moleculenet_lipophilicity,fixed_data_only_transfer,71033,93.75,86.7308,0.0,1,heldout,
real_moleculenet_lipophilicity,fixed_scale_ensemble_0p5_1_1p5_2_3_4,71033,90.0,85.7692,3.75,0,heldout,
real_moleculenet_lipophilicity,gp_ucb,71033,90.125,79.6635,3.625,0,heldout,
real_moleculenet_lipophilicity,llm_transfer_router,71033,93.75,86.7308,0.0,1,heldout,
real_moleculenet_lipophilicity,matched_target_only_llm,71033,93.75,86.7308,0.0,1,heldout,llm_semantic_domain_knowledge_polar_surface_control_noprior
real_moleculenet_lipophilicity,mixed_kernel_gp_ei,71033,84.875,83.1538,8.875,0,heldout,
real_moleculenet_lipophilicity,source_warmstart_only,71033,93.75,86.7308,0.0,1,heldout,
real_moleculenet_lipophilicity,target_acquisition_portfolio,71033,84.625,79.0865,9.125,0,heldout,
real_moleculenet_lipophilicity,care_source_outcome_router,71034,89.625,85.3942,4.125,0,heldout,matched_target_only_llm
real_moleculenet_lipophilicity,fixed_data_only_transfer,71034,89.625,85.3942,4.125,0,heldout,
real_moleculenet_lipophilicity,fixed_scale_ensemble_0p5_1_1p5_2_3_4,71034,82.0,78.4519,11.75,0,heldout,
real_moleculenet_lipophilicity,gp_ucb,71034,86.25,79.375,7.5,0,heldout,
real_moleculenet_lipophilicity,llm_transfer_router,71034,89.625,85.3942,4.125,0,heldout,
real_moleculenet_lipophilicity,matched_target_only_llm,71034,89.625,85.3942,4.125,0,heldout,llm_semantic_domain_knowledge_polar_surface_control_noprior
real_moleculenet_lipophilicity,mixed_kernel_gp_ei,71034,90.0,78.9904,3.75,0,heldout,
real_moleculenet_lipophilicity,source_warmstart_only,71034,89.625,85.3942,4.125,0,heldout,
real_moleculenet_lipophilicity,target_acquisition_portfolio,71034,83.75,79.3365,10.0,0,heldout,
real_moleculenet_lipophilicity,care_source_outcome_router,71035,93.75,91.0962,0.0,1,heldout,matched_target_only_llm
real_moleculenet_lipophilicity,fixed_data_only_transfer,71035,93.75,91.0962,0.0,1,heldout,
real_moleculenet_lipophilicity,fixed_scale_ensemble_0p5_1_1p5_2_3_4,71035,88.625,80.6827,5.125,0,heldout,
real_moleculenet_lipophilicity,gp_ucb,71035,86.75,81.8462,7.0,0,heldout,
real_moleculenet_lipophilicity,llm_transfer_router,71035,93.75,91.0962,0.0,1,heldout,
real_moleculenet_lipophilicity,matched_target_only_llm,71035,93.75,91.0962,0.0,1,heldout,llm_semantic_domain_knowledge_polar_surface_control_noprior
real_moleculenet_lipophilicity,mixed_kernel_gp_ei,71035,83.75,79.7308,10.0,0,heldout,
real_moleculenet_lipophilicity,source_warmstart_only,71035,93.75,91.0962,0.0,1,heldout,
real_moleculenet_lipophilicity,target_acquisition_portfolio,71035,87.5,78.4038,6.25,0,heldout,
real_moleculenet_lipophilicity,care_source_outcome_router,71036,93.5,91.9423,0.25,1,heldout,matched_target_only_llm
real_moleculenet_lipophilicity,fixed_data_only_transfer,71036,93.75,92.0,0.0,1,heldout,
real_moleculenet_lipophilicity,fixed_scale_ensemble_0p5_1_1p5_2_3_4,71036,90.0,86.4327,3.75,0,heldout,
real_moleculenet_lipophilicity,gp_ucb,71036,90.0,86.4327,3.75,0,heldout,
real_moleculenet_lipophilicity,llm_transfer_router,71036,93.5,91.9423,0.25,1,heldout,
real_moleculenet_lipophilicity,matched_target_only_llm,71036,93.5,91.9423,0.25,1,heldout,llm_semantic_domain_knowledge_polar_surface_control_noprior
real_moleculenet_lipophilicity,mixed_kernel_gp_ei,71036,83.375,83.375,10.375,0,heldout,
real_moleculenet_lipophilicity,source_warmstart_only,71036,93.5,91.9423,0.25,1,heldout,
real_moleculenet_lipophilicity,target_acquisition_portfolio,71036,90.0,86.4327,3.75,0,heldout,
real_moleculenet_lipophilicity,care_source_outcome_router,71037,93.75,93.125,0.0,1,heldout,matched_target_only_llm
real_moleculenet_lipophilicity,fixed_data_only_transfer,71037,93.75,93.125,0.0,1,heldout,
real_moleculenet_lipophilicity,fixed_scale_ensemble_0p5_1_1p5_2_3_4,71037,93.75,91.7115,0.0,1,heldout,
real_moleculenet_lipophilicity,gp_ucb,71037,93.75,91.1346,0.0,1,heldout,
real_moleculenet_lipophilicity,llm_transfer_router,71037,93.75,93.125,0.0,1,heldout,
real_moleculenet_lipophilicity,matched_target_only_llm,71037,93.75,93.125,0.0,1,heldout,llm_semantic_domain_knowledge_polar_surface_control_noprior
real_moleculenet_lipophilicity,mixed_kernel_gp_ei,71037,93.75,91.1346,0.0,1,heldout,
real_moleculenet_lipophilicity,source_warmstart_only,71037,93.75,93.125,0.0,1,heldout,
real_moleculenet_lipophilicity,target_acquisition_portfolio,71037,93.75,91.1346,0.0,1,heldout,
real_moleculenet_lipophilicity,care_source_outcome_router,71038,87.375,87.375,6.375,0,heldout,matched_target_only_llm
real_moleculenet_lipophilicity,fixed_data_only_transfer,71038,87.375,87.375,6.375,0,heldout,
real_moleculenet_lipophilicity,fixed_scale_ensemble_0p5_1_1p5_2_3_4,71038,91.875,90.9712,1.875,0,heldout,
real_moleculenet_lipophilicity,gp_ucb,71038,90.625,88.875,3.125,0,heldout,
real_moleculenet_lipophilicity,llm_transfer_router,71038,87.375,87.375,6.375,0,heldout,
real_moleculenet_lipophilicity,matched_target_only_llm,71038,87.375,87.375,6.375,0,heldout,llm_semantic_domain_knowledge_polar_surface_control_noprior
real_moleculenet_lipophilicity,mixed_kernel_gp_ei,71038,87.375,87.375,6.375,0,heldout,
real_moleculenet_lipophilicity,source_warmstart_only,71038,87.375,87.375,6.375,0,heldout,
real_moleculenet_lipophilicity,target_acquisition_portfolio,71038,87.375,87.375,6.375,0,heldout,
real_moleculenet_lipophilicity,care_source_outcome_router,71039,93.75,90.9135,0.0,1,heldout,matched_target_only_llm
real_moleculenet_lipophilicity,fixed_data_only_transfer,71039,93.75,90.9135,0.0,1,heldout,
real_moleculenet_lipophilicity,fixed_scale_ensemble_0p5_1_1p5_2_3_4,71039,83.625,83.625,10.125,0,heldout,
real_moleculenet_lipophilicity,gp_ucb,71039,83.625,83.625,10.125,0,heldout,
real_moleculenet_lipophilicity,llm_transfer_router,71039,93.75,90.9135,0.0,1,heldout,
real_moleculenet_lipophilicity,matched_target_only_llm,71039,93.75,90.9135,0.0,1,heldout,llm_semantic_domain_knowledge_polar_surface_control_noprior
real_moleculenet_lipophilicity,mixed_kernel_gp_ei,71039,83.625,83.625,10.125,0,heldout,
real_moleculenet_lipophilicity,source_warmstart_only,71039,93.75,90.9135,0.0,1,heldout,
real_moleculenet_lipophilicity,target_acquisition_portfolio,71039,83.625,83.625,10.125,0,heldout,
real_moleculenet_lipophilicity,care_source_outcome_router,71040,86.25,84.4904,7.5,0,heldout,matched_target_only_llm
real_moleculenet_lipophilicity,fixed_data_only_transfer,71040,86.25,84.4904,7.5,0,heldout,
real_moleculenet_lipophilicity,fixed_scale_ensemble_0p5_1_1p5_2_3_4,71040,93.75,86.4423,0.0,1,heldout,
real_moleculenet_lipophilicity,gp_ucb,71040,93.75,85.3846,0.0,1,heldout,
real_moleculenet_lipophilicity,llm_transfer_router,71040,86.25,84.4904,7.5,0,heldout,
real_moleculenet_lipophilicity,matched_target_only_llm,71040,86.25,84.4904,7.5,0,heldout,llm_semantic_domain_knowledge_polar_surface_control_noprior
real_moleculenet_lipophilicity,mixed_kernel_gp_ei,71040,93.75,85.3654,0.0,1,heldout,
real_moleculenet_lipophilicity,source_warmstart_only,71040,86.25,84.4904,7.5,0,heldout,
real_moleculenet_lipophilicity,target_acquisition_portfolio,71040,91.25,84.8558,2.5,0,heldout,
real_moleculenet_lipophilicity,care_source_outcome_router,71041,93.75,93.25,0.0,1,heldout,matched_target_only_llm
real_moleculenet_lipophilicity,fixed_data_only_transfer,71041,93.75,93.25,0.0,1,heldout,
real_moleculenet_lipophilicity,fixed_scale_ensemble_0p5_1_1p5_2_3_4,71041,91.875,90.7019,1.875,0,heldout,
real_moleculenet_lipophilicity,gp_ucb,71041,91.875,90.7019,1.875,0,heldout,
real_moleculenet_lipophilicity,llm_transfer_router,71041,93.75,93.25,0.0,1,heldout,
real_moleculenet_lipophilicity,matched_target_only_llm,71041,93.75,93.25,0.0,1,heldout,llm_semantic_domain_knowledge_polar_surface_control_noprior
real_moleculenet_lipophilicity,mixed_kernel_gp_ei,71041,91.875,90.9327,1.875,0,heldout,
real_moleculenet_lipophilicity,source_warmstart_only,71041,93.75,93.25,0.0,1,heldout,
real_moleculenet_lipophilicity,target_acquisition_portfolio,71041,88.75,83.2019,5.0,0,heldout,
real_moleculenet_lipophilicity,care_source_outcome_router,71042,93.75,92.2788,0.0,1,heldout,matched_target_only_llm
real_moleculenet_lipophilicity,fixed_data_only_transfer,71042,93.75,92.2788,0.0,1,heldout,
real_moleculenet_lipophilicity,fixed_scale_ensemble_0p5_1_1p5_2_3_4,71042,84.875,82.3077,8.875,0,heldout,
real_moleculenet_lipophilicity,gp_ucb,71042,82.5,78.4615,11.25,0,heldout,
real_moleculenet_lipophilicity,llm_transfer_router,71042,93.75,92.2788,0.0,1,heldout,
real_moleculenet_lipophilicity,matched_target_only_llm,71042,93.75,92.2788,0.0,1,heldout,llm_semantic_domain_knowledge_polar_surface_control_noprior
real_moleculenet_lipophilicity,mixed_kernel_gp_ei,71042,82.5,78.4615,11.25,0,heldout,
real_moleculenet_lipophilicity,source_warmstart_only,71042,93.75,92.2788,0.0,1,heldout,
real_moleculenet_lipophilicity,target_acquisition_portfolio,71042,82.5,78.4615,11.25,0,heldout,
real_moleculenet_lipophilicity,care_source_outcome_router,71043,93.75,86.7788,0.0,1,heldout,matched_target_only_llm
real_moleculenet_lipophilicity,fixed_data_only_transfer,71043,93.75,86.7788,0.0,1,heldout,
real_moleculenet_lipophilicity,fixed_scale_ensemble_0p5_1_1p5_2_3_4,71043,93.75,88.0288,0.0,1,heldout,
real_moleculenet_lipophilicity,gp_ucb,71043,93.75,86.2596,0.0,1,heldout,
real_moleculenet_lipophilicity,llm_transfer_router,71043,93.75,85.3365,0.0,1,heldout,
real_moleculenet_lipophilicity,matched_target_only_llm,71043,93.75,86.7788,0.0,1,heldout,llm_semantic_domain_knowledge_polar_surface_control_noprior
real_moleculenet_lipophilicity,mixed_kernel_gp_ei,71043,90.0,85.4423,3.75,0,heldout,
real_moleculenet_lipophilicity,source_warmstart_only,71043,93.75,86.7788,0.0,1,heldout,
real_moleculenet_lipophilicity,target_acquisition_portfolio,71043,93.75,84.375,0.0,1,heldout,
real_moleculenet_lipophilicity,care_source_outcome_router,71044,93.5,86.2308,0.25,1,heldout,matched_target_only_llm
real_moleculenet_lipophilicity,fixed_data_only_transfer,71044,93.5,86.2308,0.25,1,heldout,
real_moleculenet_lipophilicity,fixed_scale_ensemble_0p5_1_1p5_2_3_4,71044,83.875,83.875,9.875,0,heldout,
real_moleculenet_lipophilicity,gp_ucb,71044,83.875,83.875,9.875,0,heldout,
real_moleculenet_lipophilicity,llm_transfer_router,71044,93.5,86.2308,0.25,1,heldout,
real_moleculenet_lipophilicity,matched_target_only_llm,71044,93.5,86.2308,0.25,1,heldout,llm_semantic_domain_knowledge_polar_surface_control_noprior
real_moleculenet_lipophilicity,mixed_kernel_gp_ei,71044,83.875,83.875,9.875,0,heldout,
real_moleculenet_lipophilicity,source_warmstart_only,71044,93.5,86.2308,0.25,1,heldout,
real_moleculenet_lipophilicity,target_acquisition_portfolio,71044,92.25,90.2212,1.5,0,heldout,
real_moleculenet_lipophilicity,care_source_outcome_router,71045,87.5,85.1923,6.25,0,heldout,matched_target_only_llm
real_moleculenet_lipophilicity,fixed_data_only_transfer,71045,87.5,85.1923,6.25,0,heldout,
real_moleculenet_lipophilicity,fixed_scale_ensemble_0p5_1_1p5_2_3_4,71045,83.75,83.75,10.0,0,heldout,
real_moleculenet_lipophilicity,gp_ucb,71045,84.75,84.0577,9.0,0,heldout,
real_moleculenet_lipophilicity,llm_transfer_router,71045,87.5,85.1923,6.25,0,heldout,
real_moleculenet_lipophilicity,matched_target_only_llm,71045,87.5,85.1923,6.25,0,heldout,llm_semantic_domain_knowledge_polar_surface_control_noprior
real_moleculenet_lipophilicity,mixed_kernel_gp_ei,71045,83.75,83.75,10.0,0,heldout,
real_moleculenet_lipophilicity,source_warmstart_only,71045,87.5,85.1923,6.25,0,heldout,
real_moleculenet_lipophilicity,target_acquisition_portfolio,71045,83.75,83.75,10.0,0,heldout,
real_moleculenet_lipophilicity,care_source_outcome_router,71046,93.5,93.5,0.25,1,heldout,matched_target_only_llm
real_moleculenet_lipophilicity,fixed_data_only_transfer,71046,93.5,93.5,0.25,1,heldout,
real_moleculenet_lipophilicity,fixed_scale_ensemble_0p5_1_1p5_2_3_4,71046,90.0,88.75,3.75,0,heldout,
real_moleculenet_lipophilicity,gp_ucb,71046,90.0,88.75,3.75,0,heldout,
real_moleculenet_lipophilicity,llm_transfer_router,71046,93.5,93.5,0.25,1,heldout,
real_moleculenet_lipophilicity,matched_target_only_llm,71046,93.5,93.5,0.25,1,heldout,llm_semantic_domain_knowledge_polar_surface_control_noprior
real_moleculenet_lipophilicity,mixed_kernel_gp_ei,71046,90.0,86.7308,3.75,0,heldout,
real_moleculenet_lipophilicity,source_warmstart_only,71046,93.5,93.5,0.25,1,heldout,
real_moleculenet_lipophilicity,target_acquisition_portfolio,71046,91.25,86.6635,2.5,0,heldout,
real_moleculenet_lipophilicity,care_source_outcome_router,71047,93.75,88.5192,0.0,1,heldout,matched_target_only_llm
real_moleculenet_lipophilicity,fixed_data_only_transfer,71047,93.75,88.5192,0.0,1,heldout,
real_moleculenet_lipophilicity,fixed_scale_ensemble_0p5_1_1p5_2_3_4,71047,84.0,84.0,9.75,0,heldout,
real_moleculenet_lipophilicity,gp_ucb,71047,84.0,84.0,9.75,0,heldout,
real_moleculenet_lipophilicity,llm_transfer_router,71047,93.75,88.5192,0.0,1,heldout,
real_moleculenet_lipophilicity,matched_target_only_llm,71047,93.75,88.5192,0.0,1,heldout,llm_semantic_domain_knowledge_polar_surface_control_noprior
real_moleculenet_lipophilicity,mixed_kernel_gp_ei,71047,86.75,78.9038,7.0,0,heldout,
real_moleculenet_lipophilicity,source_warmstart_only,71047,93.75,88.5192,0.0,1,heldout,
real_moleculenet_lipophilicity,target_acquisition_portfolio,71047,88.625,82.2404,5.125,0,heldout,
real_moleculenet_lipophilicity,care_source_outcome_router,71048,90.0,86.0865,3.75,0,heldout,matched_target_only_llm
real_moleculenet_lipophilicity,fixed_data_only_transfer,71048,90.0,86.0865,3.75,0,heldout,
real_moleculenet_lipophilicity,fixed_scale_ensemble_0p5_1_1p5_2_3_4,71048,90.0,89.2596,3.75,0,heldout,
real_moleculenet_lipophilicity,gp_ucb,71048,90.0,89.2596,3.75,0,heldout,
real_moleculenet_lipophilicity,llm_transfer_router,71048,90.0,86.0865,3.75,0,heldout,
real_moleculenet_lipophilicity,matched_target_only_llm,71048,90.0,86.0865,3.75,0,heldout,llm_semantic_domain_knowledge_polar_surface_control_noprior
real_moleculenet_lipophilicity,mixed_kernel_gp_ei,71048,93.5,93.5,0.25,1,heldout,
real_moleculenet_lipophilicity,source_warmstart_only,71048,90.0,86.0865,3.75,0,heldout,
real_moleculenet_lipophilicity,target_acquisition_portfolio,71048,93.5,93.5,0.25,1,heldout,
real_moleculenet_lipophilicity,care_source_outcome_router,71049,93.75,91.875,0.0,1,heldout,matched_target_only_llm
real_moleculenet_lipophilicity,fixed_data_only_transfer,71049,93.75,91.875,0.0,1,heldout,
real_moleculenet_lipophilicity,fixed_scale_ensemble_0p5_1_1p5_2_3_4,71049,86.75,86.75,7.0,0,heldout,
real_moleculenet_lipophilicity,gp_ucb,71049,86.75,84.6154,7.0,0,heldout,
real_moleculenet_lipophilicity,llm_transfer_router,71049,93.75,91.875,0.0,1,heldout,
real_moleculenet_lipophilicity,matched_target_only_llm,71049,93.75,91.875,0.0,1,heldout,llm_semantic_domain_knowledge_polar_surface_control_noprior
real_moleculenet_lipophilicity,mixed_kernel_gp_ei,71049,86.75,86.75,7.0,0,heldout,
real_moleculenet_lipophilicity,source_warmstart_only,71049,93.75,91.875,0.0,1,heldout,
real_moleculenet_lipophilicity,target_acquisition_portfolio,71049,86.75,84.6154,7.0,0,heldout,
real_moleculenet_lipophilicity,care_source_outcome_router,71050,93.5,93.5,0.25,1,heldout,matched_target_only_llm
real_moleculenet_lipophilicity,fixed_data_only_transfer,71050,93.5,93.5,0.25,1,heldout,
real_moleculenet_lipophilicity,fixed_scale_ensemble_0p5_1_1p5_2_3_4,71050,93.75,89.2115,0.0,1,heldout,
real_moleculenet_lipophilicity,gp_ucb,71050,93.75,89.2115,0.0,1,heldout,
real_moleculenet_lipophilicity,llm_transfer_router,71050,93.5,93.5,0.25,1,heldout,
real_moleculenet_lipophilicity,matched_target_only_llm,71050,93.5,93.5,0.25,1,heldout,llm_semantic_domain_knowledge_polar_surface_control_noprior
real_moleculenet_lipophilicity,mixed_kernel_gp_ei,71050,93.75,87.9423,0.0,1,heldout,
real_moleculenet_lipophilicity,source_warmstart_only,71050,93.5,93.5,0.25,1,heldout,
real_moleculenet_lipophilicity,target_acquisition_portfolio,71050,87.5,83.2692,6.25,0,heldout,
real_moleculenet_lipophilicity,care_source_outcome_router,71051,90.5,90.5,3.25,0,heldout,matched_target_only_llm
real_moleculenet_lipophilicity,fixed_data_only_transfer,71051,90.5,90.5,3.25,0,heldout,
real_moleculenet_lipophilicity,fixed_scale_ensemble_0p5_1_1p5_2_3_4,71051,90.5,90.5,3.25,0,heldout,
real_moleculenet_lipophilicity,gp_ucb,71051,90.5,90.5,3.25,0,heldout,
real_moleculenet_lipophilicity,llm_transfer_router,71051,90.5,90.5,3.25,0,heldout,
real_moleculenet_lipophilicity,matched_target_only_llm,71051,90.5,90.5,3.25,0,heldout,llm_semantic_domain_knowledge_polar_surface_control_noprior
real_moleculenet_lipophilicity,mixed_kernel_gp_ei,71051,90.5,90.5,3.25,0,heldout,
real_moleculenet_lipophilicity,source_warmstart_only,71051,90.5,90.5,3.25,0,heldout,
real_moleculenet_lipophilicity,target_acquisition_portfolio,71051,91.25,90.7308,2.5,0,heldout,
real_moleculenet_lipophilicity,care_source_outcome_router,71052,87.5,82.5769,6.25,0,heldout,matched_target_only_llm
real_moleculenet_lipophilicity,fixed_data_only_transfer,71052,87.5,82.5769,6.25,0,heldout,
real_moleculenet_lipophilicity,fixed_scale_ensemble_0p5_1_1p5_2_3_4,71052,90.0,88.5192,3.75,0,heldout,
real_moleculenet_lipophilicity,gp_ucb,71052,90.0,88.5192,3.75,0,heldout,
real_moleculenet_lipophilicity,llm_transfer_router,71052,93.75,83.5385,0.0,1,heldout,
real_moleculenet_lipophilicity,matched_target_only_llm,71052,87.5,82.5769,6.25,0,heldout,llm_semantic_domain_knowledge_polar_surface_control_noprior
real_moleculenet_lipophilicity,mixed_kernel_gp_ei,71052,88.25,78.7404,5.5,0,heldout,
real_moleculenet_lipophilicity,source_warmstart_only,71052,87.5,82.5769,6.25,0,heldout,
real_moleculenet_lipophilicity,target_acquisition_portfolio,71052,90.0,89.2596,3.75,0,heldout,
real_moleculenet_lipophilicity,care_source_outcome_router,71053,85.875,85.7115,7.875,0,heldout,matched_target_only_llm
real_moleculenet_lipophilicity,fixed_data_only_transfer,71053,85.875,85.7115,7.875,0,heldout,
real_moleculenet_lipophilicity,fixed_scale_ensemble_0p5_1_1p5_2_3_4,71053,88.25,84.6538,5.5,0,heldout,
real_moleculenet_lipophilicity,gp_ucb,71053,83.75,83.75,10.0,0,heldout,
real_moleculenet_lipophilicity,llm_transfer_router,71053,85.875,85.7115,7.875,0,heldout,
real_moleculenet_lipophilicity,matched_target_only_llm,71053,85.875,85.7115,7.875,0,heldout,llm_semantic_domain_knowledge_polar_surface_control_noprior
real_moleculenet_lipophilicity,mixed_kernel_gp_ei,71053,83.75,83.75,10.0,0,heldout,
real_moleculenet_lipophilicity,source_warmstart_only,71053,85.875,85.7115,7.875,0,heldout,
real_moleculenet_lipophilicity,target_acquisition_portfolio,71053,83.75,83.75,10.0,0,heldout,
real_moleculenet_lipophilicity,care_source_outcome_router,71054,91.0,78.5577,2.75,0,heldout,matched_target_only_llm
real_moleculenet_lipophilicity,fixed_data_only_transfer,71054,91.0,78.5577,2.75,0,heldout,
real_moleculenet_lipophilicity,fixed_scale_ensemble_0p5_1_1p5_2_3_4,71054,88.75,83.0769,5.0,0,heldout,
real_moleculenet_lipophilicity,gp_ucb,71054,93.75,83.8462,0.0,1,heldout,
real_moleculenet_lipophilicity,llm_transfer_router,71054,93.5,78.2115,0.25,1,heldout,
real_moleculenet_lipophilicity,matched_target_only_llm,71054,91.0,78.5577,2.75,0,heldout,llm_semantic_domain_knowledge_polar_surface_control_noprior
real_moleculenet_lipophilicity,mixed_kernel_gp_ei,71054,88.75,81.25,5.0,0,heldout,
real_moleculenet_lipophilicity,source_warmstart_only,71054,91.0,78.5577,2.75,0,heldout,
real_moleculenet_lipophilicity,target_acquisition_portfolio,71054,85.0,80.9615,8.75,0,heldout,
real_moleculenet_lipophilicity,care_source_outcome_router,71055,93.75,83.6731,0.0,1,heldout,matched_target_only_llm
real_moleculenet_lipophilicity,fixed_data_only_transfer,71055,93.75,83.6731,0.0,1,heldout,
real_moleculenet_lipophilicity,fixed_scale_ensemble_0p5_1_1p5_2_3_4,71055,93.75,81.1731,0.0,1,heldout,
real_moleculenet_lipophilicity,gp_ucb,71055,88.625,83.4519,5.125,0,heldout,
real_moleculenet_lipophilicity,llm_transfer_router,71055,93.75,83.6731,0.0,1,heldout,
real_moleculenet_lipophilicity,matched_target_only_llm,71055,93.75,83.6731,0.0,1,heldout,llm_semantic_domain_knowledge_polar_surface_control_noprior
real_moleculenet_lipophilicity,mixed_kernel_gp_ei,71055,82.5,74.5769,11.25,0,heldout,
real_moleculenet_lipophilicity,source_warmstart_only,71055,93.75,83.6731,0.0,1,heldout,
real_moleculenet_lipophilicity,target_acquisition_portfolio,71055,87.5,76.9808,6.25,0,heldout,
real_moleculenet_lipophilicity,care_source_outcome_router,71056,88.25,87.1058,5.5,0,heldout,matched_target_only_llm
real_moleculenet_lipophilicity,fixed_data_only_transfer,71056,88.25,87.1058,5.5,0,heldout,
real_moleculenet_lipophilicity,fixed_scale_ensemble_0p5_1_1p5_2_3_4,71056,93.75,88.5288,0.0,1,heldout,
real_moleculenet_lipophilicity,gp_ucb,71056,93.75,87.375,0.0,1,heldout,
real_moleculenet_lipophilicity,llm_transfer_router,71056,88.25,87.1058,5.5,0,heldout,
real_moleculenet_lipophilicity,matched_target_only_llm,71056,88.25,87.1058,5.5,0,heldout,llm_semantic_domain_knowledge_polar_surface_control_noprior
real_moleculenet_lipophilicity,mixed_kernel_gp_ei,71056,93.75,87.375,0.0,1,heldout,
real_moleculenet_lipophilicity,source_warmstart_only,71056,88.25,87.1058,5.5,0,heldout,
real_moleculenet_lipophilicity,target_acquisition_portfolio,71056,93.75,87.375,0.0,1,heldout,
real_moleculenet_lipophilicity,care_source_outcome_router,71057,87.25,82.1346,6.5,0,heldout,matched_target_only_llm
real_moleculenet_lipophilicity,fixed_data_only_transfer,71057,87.25,82.1346,6.5,0,heldout,
real_moleculenet_lipophilicity,fixed_scale_ensemble_0p5_1_1p5_2_3_4,71057,93.75,87.0,0.0,1,heldout,
real_moleculenet_lipophilicity,gp_ucb,71057,93.75,87.0,0.0,1,heldout,
real_moleculenet_lipophilicity,llm_transfer_router,71057,87.25,82.1346,6.5,0,heldout,
real_moleculenet_lipophilicity,matched_target_only_llm,71057,87.25,82.1346,6.5,0,heldout,llm_semantic_domain_knowledge_polar_surface_control_noprior
real_moleculenet_lipophilicity,mixed_kernel_gp_ei,71057,88.625,82.2404,5.125,0,heldout,
real_moleculenet_lipophilicity,source_warmstart_only,71057,87.25,82.1346,6.5,0,heldout,
real_moleculenet_lipophilicity,target_acquisition_portfolio,71057,88.625,82.2404,5.125,0,heldout,
real_moleculenet_lipophilicity,care_source_outcome_router,71058,87.5,87.5,6.25,0,heldout,matched_target_only_llm
real_moleculenet_lipophilicity,fixed_data_only_transfer,71058,87.5,87.5,6.25,0,heldout,
real_moleculenet_lipophilicity,fixed_scale_ensemble_0p5_1_1p5_2_3_4,71058,91.25,90.2885,2.5,0,heldout,
real_moleculenet_lipophilicity,gp_ucb,71058,87.5,87.5,6.25,0,heldout,
real_moleculenet_lipophilicity,llm_transfer_router,71058,87.5,87.5,6.25,0,heldout,
real_moleculenet_lipophilicity,matched_target_only_llm,71058,87.5,87.5,6.25,0,heldout,llm_semantic_domain_knowledge_polar_surface_control_noprior
real_moleculenet_lipophilicity,mixed_kernel_gp_ei,71058,90.0,88.4904,3.75,0,heldout,
real_moleculenet_lipophilicity,source_warmstart_only,71058,87.5,87.5,6.25,0,heldout,
real_moleculenet_lipophilicity,target_acquisition_portfolio,71058,88.25,88.25,5.5,0,heldout,
real_moleculenet_lipophilicity,care_source_outcome_router,71059,83.125,83.125,10.625,0,heldout,matched_target_only_llm
real_moleculenet_lipophilicity,fixed_data_only_transfer,71059,83.125,83.125,10.625,0,heldout,
real_moleculenet_lipophilicity,fixed_scale_ensemble_0p5_1_1p5_2_3_4,71059,93.75,84.9038,0.0,1,heldout,
real_moleculenet_lipophilicity,gp_ucb,71059,93.75,85.5769,0.0,1,heldout,
real_moleculenet_lipophilicity,llm_transfer_router,71059,83.125,83.125,10.625,0,heldout,
real_moleculenet_lipophilicity,matched_target_only_llm,71059,83.125,83.125,10.625,0,heldout,llm_semantic_domain_knowledge_polar_surface_control_noprior
real_moleculenet_lipophilicity,mixed_kernel_gp_ei,71059,93.75,87.4135,0.0,1,heldout,
real_moleculenet_lipophilicity,source_warmstart_only,71059,83.125,83.125,10.625,0,heldout,
real_moleculenet_lipophilicity,target_acquisition_portfolio,71059,85.0,84.1346,8.75,0,heldout,
real_moleculenet_lipophilicity,care_source_outcome_router,71060,93.75,86.2115,0.0,1,heldout,matched_target_only_llm
real_moleculenet_lipophilicity,fixed_data_only_transfer,71060,93.75,86.2115,0.0,1,heldout,
real_moleculenet_lipophilicity,fixed_scale_ensemble_0p5_1_1p5_2_3_4,71060,81.5,81.5,12.25,0,heldout,
real_moleculenet_lipophilicity,gp_ucb,71060,82.875,82.4519,10.875,0,heldout,
real_moleculenet_lipophilicity,llm_transfer_router,71060,93.75,86.2115,0.0,1,heldout,
real_moleculenet_lipophilicity,matched_target_only_llm,71060,93.75,86.2115,0.0,1,heldout,llm_semantic_domain_knowledge_polar_surface_control_noprior
real_moleculenet_lipophilicity,mixed_kernel_gp_ei,71060,81.5,81.5,12.25,0,heldout,
real_moleculenet_lipophilicity,source_warmstart_only,71060,93.75,86.2115,0.0,1,heldout,
real_moleculenet_lipophilicity,target_acquisition_portfolio,71060,89.0,84.9615,4.75,0,heldout,
real_moleculenet_lipophilicity,care_source_outcome_router,71061,87.25,78.6923,6.5,0,heldout,matched_target_only_llm
real_moleculenet_lipophilicity,fixed_data_only_transfer,71061,87.25,78.6923,6.5,0,heldout,
real_moleculenet_lipophilicity,fixed_scale_ensemble_0p5_1_1p5_2_3_4,71061,90.0,88.4423,3.75,0,heldout,
real_moleculenet_lipophilicity,gp_ucb,71061,90.0,88.3558,3.75,0,heldout,
real_moleculenet_lipophilicity,llm_transfer_router,71061,87.25,78.6923,6.5,0,heldout,
real_moleculenet_lipophilicity,matched_target_only_llm,71061,87.25,78.6923,6.5,0,heldout,llm_semantic_domain_knowledge_polar_surface_control_noprior
real_moleculenet_lipophilicity,mixed_kernel_gp_ei,71061,90.0,88.3558,3.75,0,heldout,
real_moleculenet_lipophilicity,source_warmstart_only,71061,87.25,78.6923,6.5,0,heldout,
real_moleculenet_lipophilicity,target_acquisition_portfolio,71061,90.0,88.3558,3.75,0,heldout,
real_moleculenet_lipophilicity,care_source_outcome_router,71062,90.0,80.4519,3.75,0,heldout,matched_target_only_llm
real_moleculenet_lipophilicity,fixed_data_only_transfer,71062,90.0,80.4519,3.75,0,heldout,
real_moleculenet_lipophilicity,fixed_scale_ensemble_0p5_1_1p5_2_3_4,71062,85.0,80.9808,8.75,0,heldout,
real_moleculenet_lipophilicity,gp_ucb,71062,85.0,78.1827,8.75,0,heldout,
real_moleculenet_lipophilicity,llm_transfer_router,71062,90.0,80.4519,3.75,0,heldout,
real_moleculenet_lipophilicity,matched_target_only_llm,71062,90.0,80.4519,3.75,0,heldout,llm_semantic_domain_knowledge_polar_surface_control_noprior
real_moleculenet_lipophilicity,mixed_kernel_gp_ei,71062,86.75,82.8173,7.0,0,heldout,
real_moleculenet_lipophilicity,source_warmstart_only,71062,90.0,80.4519,3.75,0,heldout,
real_moleculenet_lipophilicity,target_acquisition_portfolio,71062,86.125,83.2115,7.625,0,heldout,
real_moleculenet_lipophilicity,care_source_outcome_router,71063,93.75,85.7115,0.0,1,heldout,matched_target_only_llm
real_moleculenet_lipophilicity,fixed_data_only_transfer,71063,87.5,84.3269,6.25,0,heldout,
real_moleculenet_lipophilicity,fixed_scale_ensemble_0p5_1_1p5_2_3_4,71063,85.0,75.9135,8.75,0,heldout,
real_moleculenet_lipophilicity,gp_ucb,71063,88.625,79.6827,5.125,0,heldout,
real_moleculenet_lipophilicity,llm_transfer_router,71063,93.75,85.2308,0.0,1,heldout,
real_moleculenet_lipophilicity,matched_target_only_llm,71063,93.75,85.7115,0.0,1,heldout,llm_semantic_domain_knowledge_polar_surface_control_noprior
real_moleculenet_lipophilicity,mixed_kernel_gp_ei,71063,93.75,79.9231,0.0,1,heldout,
real_moleculenet_lipophilicity,source_warmstart_only,71063,93.75,85.7115,0.0,1,heldout,
real_moleculenet_lipophilicity,target_acquisition_portfolio,71063,78.75,77.4231,15.0,0,heldout,
real_moleculenet_lipophilicity,care_source_outcome_router,71064,87.5,87.5,6.25,0,heldout,matched_target_only_llm
real_moleculenet_lipophilicity,fixed_data_only_transfer,71064,87.5,87.5,6.25,0,heldout,
real_moleculenet_lipophilicity,fixed_scale_ensemble_0p5_1_1p5_2_3_4,71064,90.0,89.0385,3.75,0,heldout,
real_moleculenet_lipophilicity,gp_ucb,71064,87.5,87.5,6.25,0,heldout,
real_moleculenet_lipophilicity,llm_transfer_router,71064,87.5,87.5,6.25,0,heldout,
real_moleculenet_lipophilicity,matched_target_only_llm,71064,87.5,87.5,6.25,0,heldout,llm_semantic_domain_knowledge_polar_surface_control_noprior
real_moleculenet_lipophilicity,mixed_kernel_gp_ei,71064,87.5,87.5,6.25,0,heldout,
real_moleculenet_lipophilicity,source_warmstart_only,71064,87.5,87.5,6.25,0,heldout,
real_moleculenet_lipophilicity,target_acquisition_portfolio,71064,87.5,87.5,6.25,0,heldout,
real_moleculenet_lipophilicity,care_source_outcome_router,71065,91.875,85.3365,1.875,0,heldout,matched_target_only_llm
real_moleculenet_lipophilicity,fixed_data_only_transfer,71065,91.875,85.3365,1.875,0,heldout,
real_moleculenet_lipophilicity,fixed_scale_ensemble_0p5_1_1p5_2_3_4,71065,88.125,80.1442,5.625,0,heldout,
real_moleculenet_lipophilicity,gp_ucb,71065,90.0,82.8173,3.75,0,heldout,
real_moleculenet_lipophilicity,llm_transfer_router,71065,91.625,81.9904,2.125,0,heldout,
real_moleculenet_lipophilicity,matched_target_only_llm,71065,91.875,85.3365,1.875,0,heldout,llm_semantic_domain_knowledge_polar_surface_control_noprior
real_moleculenet_lipophilicity,mixed_kernel_gp_ei,71065,83.75,78.5385,10.0,0,heldout,
real_moleculenet_lipophilicity,source_warmstart_only,71065,91.875,85.3365,1.875,0,heldout,
real_moleculenet_lipophilicity,target_acquisition_portfolio,71065,87.5,78.6731,6.25,0,heldout,
real_moleculenet_lipophilicity,care_source_outcome_router,71066,90.0,87.9904,3.75,0,heldout,matched_target_only_llm
real_moleculenet_lipophilicity,fixed_data_only_transfer,71066,90.0,87.9904,3.75,0,heldout,
real_moleculenet_lipophilicity,fixed_scale_ensemble_0p5_1_1p5_2_3_4,71066,87.5,87.2308,6.25,0,heldout,
real_moleculenet_lipophilicity,gp_ucb,71066,93.75,90.875,0.0,1,heldout,
real_moleculenet_lipophilicity,llm_transfer_router,71066,90.0,87.9904,3.75,0,heldout,
real_moleculenet_lipophilicity,matched_target_only_llm,71066,90.0,87.9904,3.75,0,heldout,llm_semantic_domain_knowledge_polar_surface_control_noprior
real_moleculenet_lipophilicity,mixed_kernel_gp_ei,71066,91.25,86.7308,2.5,0,heldout,
real_moleculenet_lipophilicity,source_warmstart_only,71066,90.0,87.9904,3.75,0,heldout,
real_moleculenet_lipophilicity,target_acquisition_portfolio,71066,93.75,89.1154,0.0,1,heldout,
real_moleculenet_lipophilicity,care_source_outcome_router,71067,88.75,82.7788,5.0,0,heldout,matched_target_only_llm
real_moleculenet_lipophilicity,fixed_data_only_transfer,71067,88.75,82.7788,5.0,0,heldout,
real_moleculenet_lipophilicity,fixed_scale_ensemble_0p5_1_1p5_2_3_4,71067,75.75,68.8846,18.0,0,heldout,
real_moleculenet_lipophilicity,gp_ucb,71067,93.75,84.1731,0.0,1,heldout,
real_moleculenet_lipophilicity,llm_transfer_router,71067,88.75,82.7788,5.0,0,heldout,
real_moleculenet_lipophilicity,matched_target_only_llm,71067,88.75,82.7788,5.0,0,heldout,llm_semantic_domain_knowledge_polar_surface_control_noprior
real_moleculenet_lipophilicity,mixed_kernel_gp_ei,71067,75.25,68.7404,18.5,0,heldout,
real_moleculenet_lipophilicity,source_warmstart_only,71067,88.75,82.7788,5.0,0,heldout,
real_moleculenet_lipophilicity,target_acquisition_portfolio,71067,91.0,80.6923,2.75,0,heldout,
real_moleculenet_lipophilicity,care_source_outcome_router,71068,91.25,89.75,2.5,0,heldout,matched_target_only_llm
real_moleculenet_lipophilicity,fixed_data_only_transfer,71068,91.25,89.75,2.5,0,heldout,
real_moleculenet_lipophilicity,fixed_scale_ensemble_0p5_1_1p5_2_3_4,71068,88.75,82.5385,5.0,0,heldout,
real_moleculenet_lipophilicity,gp_ucb,71068,88.75,82.5385,5.0,0,heldout,
real_moleculenet_lipophilicity,llm_transfer_router,71068,91.25,89.75,2.5,0,heldout,
real_moleculenet_lipophilicity,matched_target_only_llm,71068,91.25,89.75,2.5,0,heldout,llm_semantic_domain_knowledge_polar_surface_control_noprior
real_moleculenet_lipophilicity,mixed_kernel_gp_ei,71068,91.25,79.6154,2.5,0,heldout,
real_moleculenet_lipophilicity,source_warmstart_only,71068,91.25,89.75,2.5,0,heldout,
real_moleculenet_lipophilicity,target_acquisition_portfolio,71068,88.75,82.5385,5.0,0,heldout,
real_moleculenet_lipophilicity,care_source_outcome_router,71069,93.75,88.5,0.0,1,heldout,matched_target_only_llm
real_moleculenet_lipophilicity,fixed_data_only_transfer,71069,93.75,88.5,0.0,1,heldout,
real_moleculenet_lipophilicity,fixed_scale_ensemble_0p5_1_1p5_2_3_4,71069,86.75,86.0385,7.0,0,heldout,
real_moleculenet_lipophilicity,gp_ucb,71069,86.75,86.0385,7.0,0,heldout,
real_moleculenet_lipophilicity,llm_transfer_router,71069,93.75,88.5,0.0,1,heldout,
real_moleculenet_lipophilicity,matched_target_only_llm,71069,93.75,88.5,0.0,1,heldout,llm_semantic_domain_knowledge_polar_surface_control_noprior
real_moleculenet_lipophilicity,mixed_kernel_gp_ei,71069,92.125,90.5192,1.625,0,heldout,
real_moleculenet_lipophilicity,source_warmstart_only,71069,93.75,88.5,0.0,1,heldout,
real_moleculenet_lipophilicity,target_acquisition_portfolio,71069,92.125,90.6058,1.625,0,heldout,
real_moleculenet_lipophilicity,care_source_outcome_router,71070,93.75,80.2596,0.0,1,heldout,matched_target_only_llm
real_moleculenet_lipophilicity,fixed_data_only_transfer,71070,93.75,80.2596,0.0,1,heldout,
real_moleculenet_lipophilicity,fixed_scale_ensemble_0p5_1_1p5_2_3_4,71070,91.875,88.9423,1.875,0,heldout,
real_moleculenet_lipophilicity,gp_ucb,71070,78.75,78.0192,15.0,0,heldout,
real_moleculenet_lipophilicity,llm_transfer_router,71070,93.75,86.0962,0.0,1,heldout,
real_moleculenet_lipophilicity,matched_target_only_llm,71070,93.75,80.2596,0.0,1,heldout,llm_semantic_domain_knowledge_polar_surface_control_noprior
real_moleculenet_lipophilicity,mixed_kernel_gp_ei,71070,77.5,77.4038,16.25,0,heldout,
real_moleculenet_lipophilicity,source_warmstart_only,71070,93.75,80.2596,0.0,1,heldout,
real_moleculenet_lipophilicity,target_acquisition_portfolio,71070,88.625,81.3365,5.125,0,heldout,
real_moleculenet_lipophilicity,care_source_outcome_router,71071,89.625,86.9423,4.125,0,heldout,matched_target_only_llm
real_moleculenet_lipophilicity,fixed_data_only_transfer,71071,93.75,88.3558,0.0,1,heldout,
real_moleculenet_lipophilicity,fixed_scale_ensemble_0p5_1_1p5_2_3_4,71071,88.25,80.7596,5.5,0,heldout,
real_moleculenet_lipophilicity,gp_ucb,71071,88.25,80.7596,5.5,0,heldout,
real_moleculenet_lipophilicity,llm_transfer_router,71071,93.75,88.6442,0.0,1,heldout,
real_moleculenet_lipophilicity,matched_target_only_llm,71071,89.625,86.9423,4.125,0,heldout,llm_semantic_domain_knowledge_polar_surface_control_noprior
real_moleculenet_lipophilicity,mixed_kernel_gp_ei,71071,83.75,83.75,10.0,0,heldout,
real_moleculenet_lipophilicity,source_warmstart_only,71071,89.625,86.9423,4.125,0,heldout,
real_moleculenet_lipophilicity,target_acquisition_portfolio,71071,90.0,86.8365,3.75,0,heldout,
real_moleculenet_lipophilicity,care_source_outcome_router,71072,93.75,89.9423,0.0,1,heldout,matched_target_only_llm
real_moleculenet_lipophilicity,fixed_data_only_transfer,71072,93.75,91.2115,0.0,1,heldout,
real_moleculenet_lipophilicity,fixed_scale_ensemble_0p5_1_1p5_2_3_4,71072,90.0,89.4327,3.75,0,heldout,
real_moleculenet_lipophilicity,gp_ucb,71072,90.0,89.4327,3.75,0,heldout,
real_moleculenet_lipophilicity,llm_transfer_router,71072,89.625,89.625,4.125,0,heldout,
real_moleculenet_lipophilicity,matched_target_only_llm,71072,93.75,89.9423,0.0,1,heldout,llm_semantic_domain_knowledge_polar_surface_control_noprior
real_moleculenet_lipophilicity,mixed_kernel_gp_ei,71072,90.0,89.4327,3.75,0,heldout,
real_moleculenet_lipophilicity,source_warmstart_only,71072,93.75,89.9423,0.0,1,heldout,
real_moleculenet_lipophilicity,target_acquisition_portfolio,71072,90.0,89.4327,3.75,0,heldout,
real_moleculenet_lipophilicity,care_source_outcome_router,71073,91.0,88.9231,2.75,0,heldout,matched_target_only_llm
real_moleculenet_lipophilicity,fixed_data_only_transfer,71073,93.5,89.3077,0.25,1,heldout,
real_moleculenet_lipophilicity,fixed_scale_ensemble_0p5_1_1p5_2_3_4,71073,84.625,84.2212,9.125,0,heldout,
real_moleculenet_lipophilicity,gp_ucb,71073,86.25,84.7212,7.5,0,heldout,
real_moleculenet_lipophilicity,llm_transfer_router,71073,91.0,88.9231,2.75,0,heldout,
real_moleculenet_lipophilicity,matched_target_only_llm,71073,91.0,88.9231,2.75,0,heldout,llm_semantic_domain_knowledge_polar_surface_control_noprior
real_moleculenet_lipophilicity,mixed_kernel_gp_ei,71073,86.25,84.7212,7.5,0,heldout,
real_moleculenet_lipophilicity,source_warmstart_only,71073,91.0,88.9231,2.75,0,heldout,
real_moleculenet_lipophilicity,target_acquisition_portfolio,71073,86.25,84.7212,7.5,0,heldout,
real_moleculenet_lipophilicity,care_source_outcome_router,71074,88.625,82.7404,5.125,0,heldout,matched_target_only_llm
real_moleculenet_lipophilicity,fixed_data_only_transfer,71074,93.75,84.4231,0.0,1,heldout,
real_moleculenet_lipophilicity,fixed_scale_ensemble_0p5_1_1p5_2_3_4,71074,93.75,90.0481,0.0,1,heldout,
real_moleculenet_lipophilicity,gp_ucb,71074,93.75,91.0577,0.0,1,heldout,
real_moleculenet_lipophilicity,llm_transfer_router,71074,88.625,82.7404,5.125,0,heldout,
real_moleculenet_lipophilicity,matched_target_only_llm,71074,88.625,82.7404,5.125,0,heldout,llm_semantic_domain_knowledge_polar_surface_control_noprior
real_moleculenet_lipophilicity,mixed_kernel_gp_ei,71074,93.75,89.5192,0.0,1,heldout,
real_moleculenet_lipophilicity,source_warmstart_only,71074,88.625,82.7404,5.125,0,heldout,
real_moleculenet_lipophilicity,target_acquisition_portfolio,71074,88.625,84.5385,5.125,0,heldout,
real_moleculenet_lipophilicity,care_source_outcome_router,71075,84.0,84.0,9.75,0,heldout,matched_target_only_llm
real_moleculenet_lipophilicity,fixed_data_only_transfer,71075,84.0,84.0,9.75,0,heldout,
real_moleculenet_lipophilicity,fixed_scale_ensemble_0p5_1_1p5_2_3_4,71075,89.875,87.6923,3.875,0,heldout,
real_moleculenet_lipophilicity,gp_ucb,71075,89.0,88.2308,4.75,0,heldout,
real_moleculenet_lipophilicity,llm_transfer_router,71075,84.0,84.0,9.75,0,heldout,
real_moleculenet_lipophilicity,matched_target_only_llm,71075,84.0,84.0,9.75,0,heldout,llm_semantic_domain_knowledge_polar_surface_control_noprior
real_moleculenet_lipophilicity,mixed_kernel_gp_ei,71075,91.375,87.4038,2.375,0,heldout,
real_moleculenet_lipophilicity,source_warmstart_only,71075,84.0,84.0,9.75,0,heldout,
real_moleculenet_lipophilicity,target_acquisition_portfolio,71075,89.0,88.2308,4.75,0,heldout,
real_moleculenet_lipophilicity,care_source_outcome_router,71076,90.0,87.9135,3.75,0,heldout,matched_target_only_llm
real_moleculenet_lipophilicity,fixed_data_only_transfer,71076,90.0,87.9135,3.75,0,heldout,
real_moleculenet_lipophilicity,fixed_scale_ensemble_0p5_1_1p5_2_3_4,71076,91.25,84.2115,2.5,0,heldout,
real_moleculenet_lipophilicity,gp_ucb,71076,83.75,80.8846,10.0,0,heldout,
real_moleculenet_lipophilicity,llm_transfer_router,71076,90.0,87.9135,3.75,0,heldout,
real_moleculenet_lipophilicity,matched_target_only_llm,71076,90.0,87.9135,3.75,0,heldout,llm_semantic_domain_knowledge_polar_surface_control_noprior
real_moleculenet_lipophilicity,mixed_kernel_gp_ei,71076,88.25,84.5096,5.5,0,heldout,
real_moleculenet_lipophilicity,source_warmstart_only,71076,90.0,87.9135,3.75,0,heldout,
real_moleculenet_lipophilicity,target_acquisition_portfolio,71076,83.75,80.8846,10.0,0,heldout,
real_moleculenet_lipophilicity,care_source_outcome_router,71077,87.5,85.2885,6.25,0,heldout,matched_target_only_llm
real_moleculenet_lipophilicity,fixed_data_only_transfer,71077,87.5,85.2885,6.25,0,heldout,
real_moleculenet_lipophilicity,fixed_scale_ensemble_0p5_1_1p5_2_3_4,71077,93.75,85.3558,0.0,1,heldout,
real_moleculenet_lipophilicity,gp_ucb,71077,87.375,80.4519,6.375,0,heldout,
real_moleculenet_lipophilicity,llm_transfer_router,71077,85.0,83.75,8.75,0,heldout,
real_moleculenet_lipophilicity,matched_target_only_llm,71077,87.5,85.2885,6.25,0,heldout,llm_semantic_domain_knowledge_polar_surface_control_noprior
real_moleculenet_lipophilicity,mixed_kernel_gp_ei,71077,90.0,87.1154,3.75,0,heldout,
real_moleculenet_lipophilicity,source_warmstart_only,71077,87.5,85.2885,6.25,0,heldout,
real_moleculenet_lipophilicity,target_acquisition_portfolio,71077,93.75,86.6827,0.0,1,heldout,
real_moleculenet_lipophilicity,care_source_outcome_router,71078,91.875,85.1731,1.875,0,heldout,matched_target_only_llm
real_moleculenet_lipophilicity,fixed_data_only_transfer,71078,90.0,84.2212,3.75,0,heldout,
real_moleculenet_lipophilicity,fixed_scale_ensemble_0p5_1_1p5_2_3_4,71078,82.5,71.7596,11.25,0,heldout,
real_moleculenet_lipophilicity,gp_ucb,71078,80.0,71.4231,13.75,0,heldout,
real_moleculenet_lipophilicity,llm_transfer_router,71078,88.75,83.8077,5.0,0,heldout,
real_moleculenet_lipophilicity,matched_target_only_llm,71078,91.875,85.1731,1.875,0,heldout,llm_semantic_domain_knowledge_polar_surface_control_noprior
real_moleculenet_lipophilicity,mixed_kernel_gp_ei,71078,82.5,71.0577,11.25,0,heldout,
real_moleculenet_lipophilicity,source_warmstart_only,71078,91.875,85.1731,1.875,0,heldout,
real_moleculenet_lipophilicity,target_acquisition_portfolio,71078,82.5,71.9038,11.25,0,heldout,
real_moleculenet_lipophilicity,care_source_outcome_router,71079,93.75,90.0192,0.0,1,heldout,matched_target_only_llm
real_moleculenet_lipophilicity,fixed_data_only_transfer,71079,93.75,90.3173,0.0,1,heldout,
real_moleculenet_lipophilicity,fixed_scale_ensemble_0p5_1_1p5_2_3_4,71079,90.0,88.7788,3.75,0,heldout,
real_moleculenet_lipophilicity,gp_ucb,71079,87.125,82.0865,6.625,0,heldout,
real_moleculenet_lipophilicity,llm_transfer_router,71079,93.75,90.3173,0.0,1,heldout,
real_moleculenet_lipophilicity,matched_target_only_llm,71079,93.75,90.0192,0.0,1,heldout,llm_semantic_domain_knowledge_polar_surface_control_noprior
real_moleculenet_lipophilicity,mixed_kernel_gp_ei,71079,88.25,78.0385,5.5,0,heldout,
real_moleculenet_lipophilicity,source_warmstart_only,71079,93.75,90.0192,0.0,1,heldout,
real_moleculenet_lipophilicity,target_acquisition_portfolio,71079,90.0,88.7788,3.75,0,heldout,
real_moleculenet_lipophilicity,care_source_outcome_router,71080,88.625,83.3365,5.125,0,heldout,matched_target_only_llm
real_moleculenet_lipophilicity,fixed_data_only_transfer,71080,88.625,83.3365,5.125,0,heldout,
real_moleculenet_lipophilicity,fixed_scale_ensemble_0p5_1_1p5_2_3_4,71080,93.75,84.2212,0.0,1,heldout,
real_moleculenet_lipophilicity,gp_ucb,71080,87.5,83.1442,6.25,0,heldout,
real_moleculenet_lipophilicity,llm_transfer_router,71080,88.625,83.3365,5.125,0,heldout,
real_moleculenet_lipophilicity,matched_target_only_llm,71080,88.625,83.3365,5.125,0,heldout,llm_semantic_domain_knowledge_polar_surface_control_noprior
real_moleculenet_lipophilicity,mixed_kernel_gp_ei,71080,93.75,88.9327,0.0,1,heldout,
real_moleculenet_lipophilicity,source_warmstart_only,71080,88.625,83.3365,5.125,0,heldout,
real_moleculenet_lipophilicity,target_acquisition_portfolio,71080,87.25,83.6442,6.5,0,heldout,
real_moleculenet_lipophilicity,care_source_outcome_router,71081,91.875,89.7115,1.875,0,heldout,matched_target_only_llm
real_moleculenet_lipophilicity,fixed_data_only_transfer,71081,91.875,89.7115,1.875,0,heldout,
real_moleculenet_lipophilicity,fixed_scale_ensemble_0p5_1_1p5_2_3_4,71081,88.625,87.0481,5.125,0,heldout,
real_moleculenet_lipophilicity,gp_ucb,71081,88.625,86.4519,5.125,0,heldout,
real_moleculenet_lipophilicity,llm_transfer_router,71081,91.875,89.7115,1.875,0,heldout,
real_moleculenet_lipophilicity,matched_target_only_llm,71081,91.875,89.7115,1.875,0,heldout,llm_semantic_domain_knowledge_polar_surface_control_noprior
real_moleculenet_lipophilicity,mixed_kernel_gp_ei,71081,83.5,81.5673,10.25,0,heldout,
real_moleculenet_lipophilicity,source_warmstart_only,71081,91.875,89.7115,1.875,0,heldout,
real_moleculenet_lipophilicity,target_acquisition_portfolio,71081,90.0,83.5673,3.75,0,heldout,
real_moleculenet_lipophilicity,care_source_outcome_router,71082,88.75,87.1923,5.0,0,heldout,matched_target_only_llm
real_moleculenet_lipophilicity,fixed_data_only_transfer,71082,88.75,87.1923,5.0,0,heldout,
real_moleculenet_lipophilicity,fixed_scale_ensemble_0p5_1_1p5_2_3_4,71082,80.875,77.9327,12.875,0,heldout,
real_moleculenet_lipophilicity,gp_ucb,71082,85.0,78.8846,8.75,0,heldout,
real_moleculenet_lipophilicity,llm_transfer_router,71082,88.75,87.1923,5.0,0,heldout,
real_moleculenet_lipophilicity,matched_target_only_llm,71082,88.75,87.1923,5.0,0,heldout,llm_semantic_domain_knowledge_polar_surface_control_noprior
real_moleculenet_lipophilicity,mixed_kernel_gp_ei,71082,85.0,81.9808,8.75,0,heldout,
real_moleculenet_lipophilicity,source_warmstart_only,71082,88.75,87.1923,5.0,0,heldout,
real_moleculenet_lipophilicity,target_acquisition_portfolio,71082,85.0,78.8846,8.75,0,heldout,
real_moleculenet_lipophilicity,care_source_outcome_router,71083,93.75,93.75,0.0,1,heldout,matched_target_only_llm
real_moleculenet_lipophilicity,fixed_data_only_transfer,71083,93.75,93.75,0.0,1,heldout,
real_moleculenet_lipophilicity,fixed_scale_ensemble_0p5_1_1p5_2_3_4,71083,93.75,87.7115,0.0,1,heldout,
real_moleculenet_lipophilicity,gp_ucb,71083,87.5,85.0481,6.25,0,heldout,
real_moleculenet_lipophilicity,llm_transfer_router,71083,93.75,93.75,0.0,1,heldout,
real_moleculenet_lipophilicity,matched_target_only_llm,71083,93.75,93.75,0.0,1,heldout,llm_semantic_domain_knowledge_polar_surface_control_noprior
real_moleculenet_lipophilicity,mixed_kernel_gp_ei,71083,91.25,88.1731,2.5,0,heldout,
real_moleculenet_lipophilicity,source_warmstart_only,71083,93.75,93.75,0.0,1,heldout,
real_moleculenet_lipophilicity,target_acquisition_portfolio,71083,91.875,90.0962,1.875,0,heldout,
real_moleculenet_lipophilicity,care_source_outcome_router,71084,93.75,86.4423,0.0,1,heldout,matched_target_only_llm
real_moleculenet_lipophilicity,fixed_data_only_transfer,71084,93.75,86.4423,0.0,1,heldout,
real_moleculenet_lipophilicity,fixed_scale_ensemble_0p5_1_1p5_2_3_4,71084,93.75,89.0288,0.0,1,heldout,
real_moleculenet_lipophilicity,gp_ucb,71084,93.75,89.0288,0.0,1,heldout,
real_moleculenet_lipophilicity,llm_transfer_router,71084,93.75,86.4423,0.0,1,heldout,
real_moleculenet_lipophilicity,matched_target_only_llm,71084,93.75,86.4423,0.0,1,heldout,llm_semantic_domain_knowledge_polar_surface_control_noprior
real_moleculenet_lipophilicity,mixed_kernel_gp_ei,71084,88.625,83.6538,5.125,0,heldout,
real_moleculenet_lipophilicity,source_warmstart_only,71084,93.75,86.4423,0.0,1,heldout,
real_moleculenet_lipophilicity,target_acquisition_portfolio,71084,93.75,89.0288,0.0,1,heldout,
real_moleculenet_lipophilicity,care_source_outcome_router,71085,89.625,86.4904,4.125,0,heldout,matched_target_only_llm
real_moleculenet_lipophilicity,fixed_data_only_transfer,71085,89.625,86.4904,4.125,0,heldout,
real_moleculenet_lipophilicity,fixed_scale_ensemble_0p5_1_1p5_2_3_4,71085,84.75,83.2019,9.0,0,heldout,
real_moleculenet_lipophilicity,gp_ucb,71085,93.75,89.6923,0.0,1,heldout,
real_moleculenet_lipophilicity,llm_transfer_router,71085,89.625,86.4904,4.125,0,heldout,
real_moleculenet_lipophilicity,matched_target_only_llm,71085,89.625,86.4904,4.125,0,heldout,llm_semantic_domain_knowledge_polar_surface_control_noprior
real_moleculenet_lipophilicity,mixed_kernel_gp_ei,71085,84.75,83.4423,9.0,0,heldout,
real_moleculenet_lipophilicity,source_warmstart_only,71085,89.625,86.4904,4.125,0,heldout,
real_moleculenet_lipophilicity,target_acquisition_portfolio,71085,89.625,83.8654,4.125,0,heldout,
real_moleculenet_lipophilicity,care_source_outcome_router,71086,88.25,82.3942,5.5,0,heldout,matched_target_only_llm
real_moleculenet_lipophilicity,fixed_data_only_transfer,71086,88.25,82.3942,5.5,0,heldout,
real_moleculenet_lipophilicity,fixed_scale_ensemble_0p5_1_1p5_2_3_4,71086,87.5,85.9038,6.25,0,heldout,
real_moleculenet_lipophilicity,gp_ucb,71086,90.0,86.4808,3.75,0,heldout,
real_moleculenet_lipophilicity,llm_transfer_router,71086,88.25,82.3942,5.5,0,heldout,
real_moleculenet_lipophilicity,matched_target_only_llm,71086,88.25,82.3942,5.5,0,heldout,llm_semantic_domain_knowledge_polar_surface_control_noprior
real_moleculenet_lipophilicity,mixed_kernel_gp_ei,71086,90.0,86.0288,3.75,0,heldout,
real_moleculenet_lipophilicity,source_warmstart_only,71086,88.25,82.3942,5.5,0,heldout,
real_moleculenet_lipophilicity,target_acquisition_portfolio,71086,87.5,85.8365,6.25,0,heldout,
real_moleculenet_lipophilicity,care_source_outcome_router,71087,93.75,89.9615,0.0,1,heldout,matched_target_only_llm
real_moleculenet_lipophilicity,fixed_data_only_transfer,71087,93.75,88.7115,0.0,1,heldout,
real_moleculenet_lipophilicity,fixed_scale_ensemble_0p5_1_1p5_2_3_4,71087,83.75,79.6538,10.0,0,heldout,
real_moleculenet_lipophilicity,gp_ucb,71087,92.25,82.8654,1.5,0,heldout,
real_moleculenet_lipophilicity,llm_transfer_router,71087,93.75,89.9615,0.0,1,heldout,
real_moleculenet_lipophilicity,matched_target_only_llm,71087,93.75,89.9615,0.0,1,heldout,llm_semantic_domain_knowledge_polar_surface_control_noprior
real_moleculenet_lipophilicity,mixed_kernel_gp_ei,71087,80.75,77.8654,13.0,0,heldout,
real_moleculenet_lipophilicity,source_warmstart_only,71087,93.75,89.9615,0.0,1,heldout,
real_moleculenet_lipophilicity,target_acquisition_portfolio,71087,80.875,77.875,12.875,0,heldout,
real_moleculenet_lipophilicity,care_source_outcome_router,71088,88.625,88.625,5.125,0,heldout,matched_target_only_llm
real_moleculenet_lipophilicity,fixed_data_only_transfer,71088,88.625,88.625,5.125,0,heldout,
real_moleculenet_lipophilicity,fixed_scale_ensemble_0p5_1_1p5_2_3_4,71088,88.625,88.625,5.125,0,heldout,
real_moleculenet_lipophilicity,gp_ucb,71088,88.625,88.625,5.125,0,heldout,
real_moleculenet_lipophilicity,llm_transfer_router,71088,88.625,88.625,5.125,0,heldout,
real_moleculenet_lipophilicity,matched_target_only_llm,71088,88.625,88.625,5.125,0,heldout,llm_semantic_domain_knowledge_polar_surface_control_noprior
real_moleculenet_lipophilicity,mixed_kernel_gp_ei,71088,88.625,88.625,5.125,0,heldout,
real_moleculenet_lipophilicity,source_warmstart_only,71088,88.625,88.625,5.125,0,heldout,
real_moleculenet_lipophilicity,target_acquisition_portfolio,71088,88.625,88.625,5.125,0,heldout,
real_moleculenet_lipophilicity,care_source_outcome_router,71089,88.625,87.875,5.125,0,heldout,matched_target_only_llm
real_moleculenet_lipophilicity,fixed_data_only_transfer,71089,88.625,87.875,5.125,0,heldout,
real_moleculenet_lipophilicity,fixed_scale_ensemble_0p5_1_1p5_2_3_4,71089,84.25,83.7885,9.5,0,heldout,
real_moleculenet_lipophilicity,gp_ucb,71089,87.125,84.7885,6.625,0,heldout,
real_moleculenet_lipophilicity,llm_transfer_router,71089,88.625,87.875,5.125,0,heldout,
real_moleculenet_lipophilicity,matched_target_only_llm,71089,88.625,87.875,5.125,0,heldout,llm_semantic_domain_knowledge_polar_surface_control_noprior
real_moleculenet_lipophilicity,mixed_kernel_gp_ei,71089,91.25,87.2115,2.5,0,heldout,
real_moleculenet_lipophilicity,source_warmstart_only,71089,88.625,87.875,5.125,0,heldout,
real_moleculenet_lipophilicity,target_acquisition_portfolio,71089,85.0,84.3269,8.75,0,heldout,
real_moleculenet_lipophilicity,care_source_outcome_router,71090,90.0,86.3365,3.75,0,heldout,matched_target_only_llm
real_moleculenet_lipophilicity,fixed_data_only_transfer,71090,90.0,86.3365,3.75,0,heldout,
real_moleculenet_lipophilicity,fixed_scale_ensemble_0p5_1_1p5_2_3_4,71090,93.75,90.8365,0.0,1,heldout,
real_moleculenet_lipophilicity,gp_ucb,71090,93.75,90.8365,0.0,1,heldout,
real_moleculenet_lipophilicity,llm_transfer_router,71090,90.0,86.3365,3.75,0,heldout,
real_moleculenet_lipophilicity,matched_target_only_llm,71090,90.0,86.3365,3.75,0,heldout,llm_semantic_domain_knowledge_polar_surface_control_noprior
real_moleculenet_lipophilicity,mixed_kernel_gp_ei,71090,93.75,89.2308,0.0,1,heldout,
real_moleculenet_lipophilicity,source_warmstart_only,71090,90.0,86.3365,3.75,0,heldout,
real_moleculenet_lipophilicity,target_acquisition_portfolio,71090,93.75,89.2308,0.0,1,heldout,
real_moleculenet_lipophilicity,care_source_outcome_router,71091,87.25,87.25,6.5,0,heldout,matched_target_only_llm
real_moleculenet_lipophilicity,fixed_data_only_transfer,71091,87.25,87.25,6.5,0,heldout,
real_moleculenet_lipophilicity,fixed_scale_ensemble_0p5_1_1p5_2_3_4,71091,87.25,87.25,6.5,0,heldout,
real_moleculenet_lipophilicity,gp_ucb,71091,87.25,87.25,6.5,0,heldout,
real_moleculenet_lipophilicity,llm_transfer_router,71091,87.25,87.25,6.5,0,heldout,
real_moleculenet_lipophilicity,matched_target_only_llm,71091,87.25,87.25,6.5,0,heldout,llm_semantic_domain_knowledge_polar_surface_control_noprior
real_moleculenet_lipophilicity,mixed_kernel_gp_ei,71091,88.75,87.4808,5.0,0,heldout,
real_moleculenet_lipophilicity,source_warmstart_only,71091,87.25,87.25,6.5,0,heldout,
real_moleculenet_lipophilicity,target_acquisition_portfolio,71091,87.25,87.25,6.5,0,heldout,
real_moleculenet_lipophilicity,care_source_outcome_router,71092,93.5,86.0,0.25,1,heldout,matched_target_only_llm
real_moleculenet_lipophilicity,fixed_data_only_transfer,71092,93.5,86.0,0.25,1,heldout,
real_moleculenet_lipophilicity,fixed_scale_ensemble_0p5_1_1p5_2_3_4,71092,93.75,85.4327,0.0,1,heldout,
real_moleculenet_lipophilicity,gp_ucb,71092,85.0,81.1346,8.75,0,heldout,
real_moleculenet_lipophilicity,llm_transfer_router,71092,93.5,86.0,0.25,1,heldout,
real_moleculenet_lipophilicity,matched_target_only_llm,71092,93.5,86.0,0.25,1,heldout,llm_semantic_domain_knowledge_polar_surface_control_noprior
real_moleculenet_lipophilicity,mixed_kernel_gp_ei,71092,93.75,85.0288,0.0,1,heldout,
real_moleculenet_lipophilicity,source_warmstart_only,71092,93.5,86.0,0.25,1,heldout,
real_moleculenet_lipophilicity,target_acquisition_portfolio,71092,83.5,81.0192,10.25,0,heldout,
real_moleculenet_lipophilicity,care_source_outcome_router,71093,87.375,86.5385,6.375,0,heldout,matched_target_only_llm
real_moleculenet_lipophilicity,fixed_data_only_transfer,71093,87.375,86.5385,6.375,0,heldout,
real_moleculenet_lipophilicity,fixed_scale_ensemble_0p5_1_1p5_2_3_4,71093,93.5,85.8077,0.25,1,heldout,
real_moleculenet_lipophilicity,gp_ucb,71093,93.5,84.9135,0.25,1,heldout,
real_moleculenet_lipophilicity,llm_transfer_router,71093,87.375,86.5385,6.375,0,heldout,
real_moleculenet_lipophilicity,matched_target_only_llm,71093,87.375,86.5385,6.375,0,heldout,llm_semantic_domain_knowledge_polar_surface_control_noprior
real_moleculenet_lipophilicity,mixed_kernel_gp_ei,71093,93.5,86.2788,0.25,1,heldout,
real_moleculenet_lipophilicity,source_warmstart_only,71093,87.375,86.5385,6.375,0,heldout,
real_moleculenet_lipophilicity,target_acquisition_portfolio,71093,83.75,83.75,10.0,0,heldout,
real_moleculenet_lipophilicity,care_source_outcome_router,71094,88.625,80.5769,5.125,0,heldout,matched_target_only_llm
real_moleculenet_lipophilicity,fixed_data_only_transfer,71094,88.625,80.5769,5.125,0,heldout,
real_moleculenet_lipophilicity,fixed_scale_ensemble_0p5_1_1p5_2_3_4,71094,92.125,90.0385,1.625,0,heldout,
real_moleculenet_lipophilicity,gp_ucb,71094,91.25,84.3173,2.5,0,heldout,
real_moleculenet_lipophilicity,llm_transfer_router,71094,88.625,80.5769,5.125,0,heldout,
real_moleculenet_lipophilicity,matched_target_only_llm,71094,88.625,80.5769,5.125,0,heldout,llm_semantic_domain_knowledge_polar_surface_control_noprior
real_moleculenet_lipophilicity,mixed_kernel_gp_ei,71094,87.5,82.1058,6.25,0,heldout,
real_moleculenet_lipophilicity,source_warmstart_only,71094,88.625,80.5769,5.125,0,heldout,
real_moleculenet_lipophilicity,target_acquisition_portfolio,71094,88.75,85.7212,5.0,0,heldout,
real_moleculenet_lipophilicity,care_source_outcome_router,71095,90.0,87.4712,3.75,0,heldout,matched_target_only_llm
real_moleculenet_lipophilicity,fixed_data_only_transfer,71095,90.0,87.4712,3.75,0,heldout,
real_moleculenet_lipophilicity,fixed_scale_ensemble_0p5_1_1p5_2_3_4,71095,90.0,85.0962,3.75,0,heldout,
real_moleculenet_lipophilicity,gp_ucb,71095,93.75,79.6058,0.0,1,heldout,
real_moleculenet_lipophilicity,llm_transfer_router,71095,90.0,87.4712,3.75,0,heldout,
real_moleculenet_lipophilicity,matched_target_only_llm,71095,90.0,87.4712,3.75,0,heldout,llm_semantic_domain_knowledge_polar_surface_control_noprior
real_moleculenet_lipophilicity,mixed_kernel_gp_ei,71095,93.75,79.6058,0.0,1,heldout,
real_moleculenet_lipophilicity,source_warmstart_only,71095,90.0,87.4712,3.75,0,heldout,
real_moleculenet_lipophilicity,target_acquisition_portfolio,71095,90.0,85.0962,3.75,0,heldout,
real_moleculenet_lipophilicity,care_source_outcome_router,71096,93.75,86.5865,0.0,1,heldout,matched_target_only_llm
real_moleculenet_lipophilicity,fixed_data_only_transfer,71096,93.75,87.2788,0.0,1,heldout,
real_moleculenet_lipophilicity,fixed_scale_ensemble_0p5_1_1p5_2_3_4,71096,91.0,88.3077,2.75,0,heldout,
real_moleculenet_lipophilicity,gp_ucb,71096,91.0,88.4615,2.75,0,heldout,
real_moleculenet_lipophilicity,llm_transfer_router,71096,93.75,88.1635,0.0,1,heldout,
real_moleculenet_lipophilicity,matched_target_only_llm,71096,93.75,86.5865,0.0,1,heldout,llm_semantic_domain_knowledge_polar_surface_control_noprior
real_moleculenet_lipophilicity,mixed_kernel_gp_ei,71096,91.0,88.4615,2.75,0,heldout,
real_moleculenet_lipophilicity,source_warmstart_only,71096,93.75,86.5865,0.0,1,heldout,
real_moleculenet_lipophilicity,target_acquisition_portfolio,71096,91.0,88.3077,2.75,0,heldout,
real_moleculenet_lipophilicity,care_source_outcome_router,71097,93.75,90.6731,0.0,1,heldout,matched_target_only_llm
real_moleculenet_lipophilicity,fixed_data_only_transfer,71097,90.0,87.9135,3.75,0,heldout,
real_moleculenet_lipophilicity,fixed_scale_ensemble_0p5_1_1p5_2_3_4,71097,93.75,91.3846,0.0,1,heldout,
real_moleculenet_lipophilicity,gp_ucb,71097,93.75,88.0962,0.0,1,heldout,
real_moleculenet_lipophilicity,llm_transfer_router,71097,93.75,90.6731,0.0,1,heldout,
real_moleculenet_lipophilicity,matched_target_only_llm,71097,93.75,90.6731,0.0,1,heldout,llm_semantic_domain_knowledge_polar_surface_control_noprior
real_moleculenet_lipophilicity,mixed_kernel_gp_ei,71097,91.25,89.9808,2.5,0,heldout,
real_moleculenet_lipophilicity,source_warmstart_only,71097,93.75,90.6731,0.0,1,heldout,
real_moleculenet_lipophilicity,target_acquisition_portfolio,71097,88.875,84.0385,4.875,0,heldout,
real_moleculenet_lipophilicity,care_source_outcome_router,71098,88.625,84.4712,5.125,0,heldout,matched_target_only_llm
real_moleculenet_lipophilicity,fixed_data_only_transfer,71098,88.625,84.4712,5.125,0,heldout,
real_moleculenet_lipophilicity,fixed_scale_ensemble_0p5_1_1p5_2_3_4,71098,91.875,88.4615,1.875,0,heldout,
real_moleculenet_lipophilicity,gp_ucb,71098,93.75,88.6538,0.0,1,heldout,
real_moleculenet_lipophilicity,llm_transfer_router,71098,88.625,84.4712,5.125,0,heldout,
real_moleculenet_lipophilicity,matched_target_only_llm,71098,88.625,84.4712,5.125,0,heldout,llm_semantic_domain_knowledge_polar_surface_control_noprior
real_moleculenet_lipophilicity,mixed_kernel_gp_ei,71098,87.5,86.0,6.25,0,heldout,
real_moleculenet_lipophilicity,source_warmstart_only,71098,88.625,84.4712,5.125,0,heldout,
real_moleculenet_lipophilicity,target_acquisition_portfolio,71098,91.875,90.8654,1.875,0,heldout,
real_moleculenet_lipophilicity,care_source_outcome_router,71099,93.75,87.7788,0.0,1,heldout,matched_target_only_llm
real_moleculenet_lipophilicity,fixed_data_only_transfer,71099,93.75,87.7788,0.0,1,heldout,
real_moleculenet_lipophilicity,fixed_scale_ensemble_0p5_1_1p5_2_3_4,71099,85.0,82.8654,8.75,0,heldout,
real_moleculenet_lipophilicity,gp_ucb,71099,85.0,82.7308,8.75,0,heldout,
real_moleculenet_lipophilicity,llm_transfer_router,71099,93.75,87.7788,0.0,1,heldout,
real_moleculenet_lipophilicity,matched_target_only_llm,71099,93.75,87.7788,0.0,1,heldout,llm_semantic_domain_knowledge_polar_surface_control_noprior
real_moleculenet_lipophilicity,mixed_kernel_gp_ei,71099,85.375,83.25,8.375,0,heldout,
real_moleculenet_lipophilicity,source_warmstart_only,71099,93.75,87.7788,0.0,1,heldout,
real_moleculenet_lipophilicity,target_acquisition_portfolio,71099,87.5,83.3269,6.25,0,heldout,
